bandara,tipe,tanggal,waktu_jadwal,waktu_aktual,nomor_flight,callsign,asal_tujuan_iata,asal_tujuan_nama,maskapai,maskapai_iata,kode_pesawat,nama_pesawat,registrasi,status,scraped_at
BPN,arrivals,2026-07-26,06:20,06:15,IW1394,WON1394,BDJ,Banjarmasin Syamsudin Noor Airport,Wings Air,IW,AT76,ATR 72-600,PK-WHP,Landed 07:15,2026-07-27 05:57:27
BPN,arrivals,2026-07-26,06:45,06:30,QG430,CTV430,SUB,Surabaya Juanda International Airport,Citilink,QG,A20N,Airbus A320-251N,PK-GTG,Unknown,2026-07-27 05:57:27
BPN,arrivals,2026-07-26,07:00,06:37,IU579,SJV579,BEJ,Kalimarau Airport,Super Air Jet,IU,A320,Airbus A320-232,PK-SJS,Landed 07:37,2026-07-27 05:57:27
BPN,arrivals,2026-07-26,07:10,07:19,IU604,SJV604,CGK,Jakarta Soekarno Hatta International Airport,Super Air Jet,IU,A320,Airbus A320-232,PK-STD,Landed 08:19,2026-07-27 05:57:27
BPN,arrivals,2026-07-26,07:30,15:13,RI200,OEY200,CGK,Jakarta Soekarno Hatta International Airport,Rimbun Cargo,RI,B733,Boeing 737-3J6(SF),PK-OTO,Landed 16:13,2026-07-27 05:57:27
BPN,arrivals,2026-07-26,07:30,07:14,QG436,CTV436,CGK,Jakarta Soekarno Hatta International Airport,Citilink,QG,A320,Airbus A320-214,PK-GLY,Landed 08:14,2026-07-27 05:57:27
BPN,arrivals,2026-07-26,09:10,,IU510,,CGK,Jakarta Soekarno Hatta International Airport,Super Air Jet,IU,320,,,Unknown,2026-07-27 05:57:27
BPN,arrivals,2026-07-26,09:30,09:25,JT624,LNI624,SRG,Semarang Achmad Yani International Airport,Lion Air,JT,B739,Boeing 737-9GP(ER),PK-LSR,Landed 10:25,2026-07-27 05:57:27
BPN,arrivals,2026-07-26,09:30,09:17,IU610,SJV610,SUB,Surabaya Juanda International Airport,Super Air Jet,IU,A320,Airbus A320-232,PK-STF,Landed 10:17,2026-07-27 05:57:27
BPN,arrivals,2026-07-26,10:00,10:09,IU535,SJV535,UPG,Makassar Sultan Hasanuddin International Airport,Super Air Jet,IU,A320,Airbus A320-232,PK-STR,Landed 11:09,2026-07-27 05:57:27
BPN,arrivals,2026-07-26,10:10,,IU512,,CGK,Jakarta Soekarno Hatta International Airport,Super Air Jet,IU,320,,,Unknown,2026-07-27 05:57:27
BPN,arrivals,2026-07-26,10:25,10:05,QG438,CTV438,CGK,Jakarta Soekarno Hatta International Airport,Citilink,QG,A320,Airbus A320-214,PK-GQS,Unknown,2026-07-27 05:57:27
BPN,arrivals,2026-07-26,10:25,10:18,IP647,PAS647,YIA,Yogyakarta International Airport,Pelita Air,IP,A320,Airbus A320-214,PK-PWG,Landed 11:18,2026-07-27 05:57:27
BPN,arrivals,2026-07-26,10:50,11:10,GA564,GIA564,CGK,Jakarta Soekarno Hatta International Airport,Garuda Indonesia,GA,B738,Boeing 737-8U3,PK-GNH,Landed 12:10,2026-07-27 05:57:27
BPN,arrivals,2026-07-26,11:00,10:41,JT669,LNI669,YIA,Yogyakarta International Airport,Lion Air,JT,B739,Boeing 737-9GP(ER),PK-LFY,Landed 11:41,2026-07-27 05:57:27
BPN,arrivals,2026-07-26,11:00,11:04,IU693,SJV693,TRK,Tarakan Juwata International Airport,Super Air Jet,IU,A320,Airbus A320-232,PK-SJS,Landed 12:04,2026-07-27 05:57:27
BPN,arrivals,2026-07-26,11:10,11:07,IW1368,WON1368,PKY,Palangkaraya Tjilik Riwut Airport,Wings Air,IW,AT76,ATR 72-600,PK-WHU,Unknown,2026-07-27 05:57:27
BPN,arrivals,2026-07-26,11:10,,IU614,,SUB,Surabaya Juanda International Airport,Super Air Jet,IU,320,,,Unknown,2026-07-27 05:57:27
BPN,arrivals,2026-07-26,11:10,11:49,IU602,SJV602,CGK,Jakarta Soekarno Hatta International Airport,Super Air Jet,IU,A320,Airbus A320-232,PK-STZ,Landed 12:49,2026-07-27 05:57:27
BPN,arrivals,2026-07-26,11:20,10:46,QG401,CTV401,TRK,Tarakan Juwata International Airport,Citilink,QG,A320,Airbus A320-214,PK-GLY,Landed 11:46,2026-07-27 05:57:27
BPN,arrivals,2026-07-26,11:25,11:27,3Y931,MYU931,SIN,Singapore Changi Airport,My Indo Airlines,3Y,B733,Boeing 737-37K(SF),PK-MYD,Landed 12:27,2026-07-27 05:57:27
BPN,arrivals,2026-07-26,12:00,,3Y7012,,CGK,Jakarta Soekarno Hatta International Airport,My Indo Airlines,3Y,73Y,,,Unknown,2026-07-27 05:57:27
BPN,arrivals,2026-07-26,12:00,11:45,IU531,SJV531,UPG,Makassar Sultan Hasanuddin International Airport,Super Air Jet,IU,A320,Airbus A320-232,PK-SJM,Landed 12:45,2026-07-27 05:57:27
BPN,arrivals,2026-07-26,12:00,11:53,ID6233,BTK6233,UPG,Makassar Sultan Hasanuddin International Airport,Batik Air,ID,A320,Airbus A320-214,PK-LUF,Landed 12:53,2026-07-27 05:57:27
BPN,arrivals,2026-07-26,12:00,,ID6317,,UPG,Makassar Sultan Hasanuddin International Airport,Batik Air,ID,32A,,,Unknown,2026-07-27 05:57:27
BPN,arrivals,2026-07-26,13:10,14:18,ID6250,BTK6250,CGK,Jakarta Soekarno Hatta International Airport,Batik Air,ID,A320,Airbus A320-214,PK-BKQ,Landed 15:18,2026-07-27 05:57:27
BPN,arrivals,2026-07-26,13:20,,SJ135,,BEJ,Kalimarau Airport,Sriwijaya Air,SJ,735,,,Unknown,2026-07-27 05:57:27
BPN,arrivals,2026-07-26,13:30,17:22,IW1475,WON1475,GHS,West Kutai Melalan Airport,Wings Air,IW,AT76,ATR 72-600,PK-WJR,Landed 18:22,2026-07-27 05:57:27
BPN,arrivals,2026-07-26,13:40,13:26,IU695,SJV695,TRK,Tarakan Juwata International Airport,Super Air Jet,IU,A320,Airbus A320-232,PK-STR,Landed 14:26,2026-07-27 05:57:27
BPN,arrivals,2026-07-26,14:15,13:53,QG1493,CTV1493,BDJ,Banjarmasin Syamsudin Noor Airport,Citilink,QG,AT76,ATR 72-600,PK-GJT,Landed 14:53,2026-07-27 05:57:27
BPN,arrivals,2026-07-26,14:20,14:25,JT660,LNI660,DPS,Denpasar Ngurah Rai International Airport,Lion Air,JT,B739,Boeing 737-9GP(ER),PK-LSR,Landed 15:25,2026-07-27 05:57:27
BPN,arrivals,2026-07-26,15:00,14:54,IW1396,WON1396,BDJ,Banjarmasin Syamsudin Noor Airport,Wings Air,IW,AT76,ATR 72-600,PK-WJR,Landed 15:54,2026-07-27 05:57:27
BPN,arrivals,2026-07-26,15:15,15:29,IU581,SJV581,BEJ,Kalimarau Airport,Super Air Jet,IU,A320,Airbus A320-232,PK-SJS,Landed 16:29,2026-07-27 05:57:27
BPN,arrivals,2026-07-26,15:15,15:04,IP602,PAS602,CGK,Jakarta Soekarno Hatta International Airport,Pelita Air,IP,A320,Airbus A320-214,PK-PWC,Landed 16:04,2026-07-27 05:57:27
BPN,arrivals,2026-07-26,15:25,15:18,IU618,SJV618,SUB,Surabaya Juanda International Airport,Super Air Jet (Our Super 50th Jet Livery),IU,A320,Airbus A320-232,PK-STQ,Landed 16:18,2026-07-27 05:57:27
BPN,arrivals,2026-07-26,15:40,15:21,IU534,SJV534,TRK,Tarakan Juwata International Airport,Super Air Jet,IU,A320,Airbus A320-232,PK-SJM,Landed 16:21,2026-07-27 05:57:27
BPN,arrivals,2026-07-26,15:45,,IU676,,YIA,Yogyakarta International Airport,Super Air Jet,IU,320,,,Unknown,2026-07-27 05:57:27
BPN,arrivals,2026-07-26,15:50,,SJ1341,,BEJ,Kalimarau Airport,Sriwijaya Air,SJ,735,,,Unknown,2026-07-27 05:57:27
BPN,arrivals,2026-07-26,16:00,15:52,IW1384,WON1384,BDJ,Banjarmasin Syamsudin Noor Airport,Wings Air,IW,AT76,ATR 72-600,PK-WHP,Landed 16:52,2026-07-27 05:57:27
BPN,arrivals,2026-07-26,16:00,16:47,IU608,SJV608,CGK,Jakarta Soekarno Hatta International Airport,Super Air Jet,IU,A320,Airbus A320-232,PK-SJZ,Landed 17:47,2026-07-27 05:57:27
BPN,arrivals,2026-07-26,16:05,15:47,JT661,LNI661,YIA,Yogyakarta International Airport,Lion Air,JT,B739,Boeing 737-9GP(ER),PK-LFY,Landed 16:47,2026-07-27 05:57:27
BPN,arrivals,2026-07-26,16:10,15:56,QG446,CTV446,CGK,Jakarta Soekarno Hatta International Airport,Citilink,QG,A320,Airbus A320-214,PK-GQS,Landed 16:56,2026-07-27 05:57:27
BPN,arrivals,2026-07-26,16:10,,JT364,,SUB,Surabaya Juanda International Airport,Lion Air,JT,739,,,Unknown,2026-07-27 05:57:27
BPN,arrivals,2026-07-26,16:30,,RI2000,,CGK,Jakarta Soekarno Hatta International Airport,Rimbun Air,RI,73Y,,,Unknown,2026-07-27 05:57:27
BPN,arrivals,2026-07-26,16:30,16:12,ID6316,BTK6316,PNK,Pontianak Supadio Airport,Batik Air,ID,A320,Airbus A320-214,PK-LUF,Landed 17:12,2026-07-27 05:57:27
BPN,arrivals,2026-07-26,16:35,16:07,TR222,TGW222,SIN,Singapore Changi Airport,Scoot,TR,E290,Embraer E190-E2,9V-THH,Landed 17:07,2026-07-27 05:57:27
BPN,arrivals,2026-07-26,16:45,16:30,QG434,CTV434,SUB,Surabaya Juanda International Airport,Citilink,QG,A320,Airbus A320-214,PK-GLQ,Landed 17:30,2026-07-27 05:57:27
BPN,arrivals,2026-07-26,16:50,18:45,IW1323,WON1323,PLW,Palu Mutiara Airport,Wings Air,IW,AT76,ATR 72-600,PK-WHP,Landed 19:45,2026-07-27 05:57:27
BPN,arrivals,2026-07-26,17:05,17:12,GA572,GIA572,CGK,Jakarta Soekarno Hatta International Airport,Garuda Indonesia,GA,B738,Boeing 737-81D,PK-GFR,Landed 18:12,2026-07-27 05:57:27
BPN,arrivals,2026-07-26,17:15,16:41,QG784,CTV784,YIA,Yogyakarta International Airport,Citilink,QG,A320,Airbus A320-214,PK-GLP,Landed 17:41,2026-07-27 05:57:27
BPN,arrivals,2026-07-26,17:50,17:45,AK483,AXM483,KUL,Kuala Lumpur International Airport,AirAsia,AK,A20N,Airbus A320-251N,9M-AGF,Landed 18:45,2026-07-27 05:57:27
BPN,arrivals,2026-07-26,18:00,,IU606,,CGK,Jakarta Soekarno Hatta International Airport,Super Air Jet,IU,320,,,Unknown,2026-07-27 05:57:27
BPN,arrivals,2026-07-26,18:10,,ID8662,,UPG,Makassar Sultan Hasanuddin International Airport,Batik Air,ID,32A,,,Canceled,2026-07-27 05:57:27
BPN,arrivals,2026-07-26,18:20,18:24,IP623,PAS623,SUB,Surabaya Juanda International Airport,Pelita Air,IP,A320,Airbus A320-214,PK-PWP,Landed 19:24,2026-07-27 05:57:27
BPN,arrivals,2026-07-26,19:30,19:52,IU616,SJV616,SUB,Surabaya Juanda International Airport,Super Air Jet,IU,A320,Airbus A320-232,PK-STR,Landed 20:52,2026-07-27 05:57:27
BPN,arrivals,2026-07-26,19:50,19:31,QG428,CTV428,UPG,Makassar Sultan Hasanuddin International Airport,Citilink,QG,A320,Airbus A320-214,PK-GQS,Landed 20:31,2026-07-27 05:57:27
BPN,arrivals,2026-07-26,20:15,20:50,JT260,LNI260,SUB,Surabaya Juanda International Airport,Lion Air,JT,B739,Boeing 737-9GP(ER),PK-LSJ,Landed 21:50,2026-07-27 05:57:27
BPN,arrivals,2026-07-26,20:15,20:09,GA576,GIA576,CGK,Jakarta Soekarno Hatta International Airport,Garuda Indonesia,GA,B738,Boeing 737-8U3,PK-GMP,Unknown,2026-07-27 05:57:27
BPN,arrivals,2026-07-26,20:25,21:07,IU600,SJV600,CGK,Jakarta Soekarno Hatta International Airport,Super Air Jet,IU,A320,Airbus A320-232,PK-SJV,Landed 22:07,2026-07-27 05:57:27
BPN,departures,2026-07-26,05:00,05:11,JT363,LNI363,SUB,Surabaya Juanda International Airport,Lion Air (50th 737-900ER Livery),JT,B739,Boeing 737-9GP(ER),PK-LHY,Departed 06:11,2026-07-27 05:57:48
BPN,departures,2026-07-26,05:00,05:08,IU601,SJV601,CGK,Jakarta Soekarno Hatta International Airport,Super Air Jet,IU,A320,Airbus A320-232,PK-STA,Departed 06:08,2026-07-27 05:57:48
BPN,departures,2026-07-26,05:10,05:15,QG439,CTV439,CGK,Jakarta Soekarno Hatta International Airport,Citilink,QG,A320,Airbus A320-214,PK-GQS,Departed 06:15,2026-07-27 05:57:48
BPN,departures,2026-07-26,05:20,,GA561,,CGK,Jakarta Soekarno Hatta International Airport,Garuda Indonesia,GA,738,,,Unknown,2026-07-27 05:57:48
BPN,departures,2026-07-26,05:25,,3Y930,,SIN,Singapore Changi Airport,My Indo Airlines,3Y,73Y,,,Unknown,2026-07-27 05:57:48
BPN,departures,2026-07-26,05:30,05:34,IU532,SJV532,UPG,Makassar Sultan Hasanuddin International Airport,Super Air Jet,IU,A320,Airbus A320-232,PK-SJM,Departed 06:34,2026-07-27 05:57:48
BPN,departures,2026-07-26,06:00,06:04,QG1492,CTV1492,BDJ,Banjarmasin Syamsudin Noor Airport,Citilink,QG,AT76,ATR 72-600,PK-GJT,Departed 07:04,2026-07-27 05:57:48
BPN,departures,2026-07-26,06:00,06:02,JT668,LNI668,YIA,Yogyakarta International Airport,Lion Air,JT,B739,Boeing 737-9GP(ER),PK-LFY,Departed 07:02,2026-07-27 05:57:48
BPN,departures,2026-07-26,06:00,05:56,IP646,PAS646,YIA,Yogyakarta International Airport,Pelita Air,IP,A320,Airbus A320-214,PK-PWG,Departed 06:56,2026-07-27 05:57:48
BPN,departures,2026-07-26,06:55,07:10,IW1395,WON1395,BDJ,Banjarmasin Syamsudin Noor Airport,Wings Air,IW,AT76,ATR 72-600,PK-WHP,Departed 08:10,2026-07-27 05:57:48
BPN,departures,2026-07-26,07:00,07:00,IU649,SJV649,SUB,Surabaya Juanda International Airport,Super Air Jet,IU,A320,Airbus A320-232,PK-STH,Departed 08:00,2026-07-27 05:57:48
BPN,departures,2026-07-26,07:15,07:20,QG435,CTV435,SUB,Surabaya Juanda International Airport,Citilink,QG,A20N,Airbus A320-251N,PK-GTG,Departed 08:20,2026-07-27 05:57:48
BPN,departures,2026-07-26,07:50,08:13,IU607,SJV607,CGK,Jakarta Soekarno Hatta International Airport,Super Air Jet,IU,A320,Airbus A320-232,PK-STD,Departed 09:13,2026-07-27 05:57:48
BPN,departures,2026-07-26,08:00,08:00,IU694,SJV694,TRK,Tarakan Juwata International Airport,Super Air Jet,IU,A320,Airbus A320-232,PK-SJS,Departed 09:00,2026-07-27 05:57:48
BPN,departures,2026-07-26,08:15,08:07,QG400,CTV400,TRK,Tarakan Juwata International Airport,Citilink,QG,A320,Airbus A320-214,PK-GLY,Departed 09:07,2026-07-27 05:57:48
BPN,departures,2026-07-26,08:20,08:32,IW1369,WON1369,PKY,Palangkaraya Tjilik Riwut Airport,Wings Air,IW,AT76,ATR 72-600,PK-WHU,Departed 09:32,2026-07-27 05:57:48
BPN,departures,2026-07-26,10:00,,IU511,,CGK,Jakarta Soekarno Hatta International Airport,Super Air Jet,IU,320,,,Unknown,2026-07-27 05:57:48
BPN,departures,2026-07-26,10:10,10:17,JT663,LNI663,DPS,Denpasar Ngurah Rai International Airport,Lion Air,JT,B739,Boeing 737-9GP(ER),PK-LSR,Departed 11:17,2026-07-27 05:57:48
BPN,departures,2026-07-26,10:10,10:15,IU611,SJV611,SUB,Surabaya Juanda International Airport,Super Air Jet,IU,A320,Airbus A320-232,PK-STF,Departed 11:15,2026-07-27 05:57:48
BPN,departures,2026-07-26,10:40,10:51,IU535,SJV535,TRK,Tarakan Juwata International Airport,Super Air Jet,IU,A320,Airbus A320-232,PK-STR,Departed 11:51,2026-07-27 05:57:48
BPN,departures,2026-07-26,10:50,,IU513,,CGK,Jakarta Soekarno Hatta International Airport,Super Air Jet,IU,320,,,Unknown,2026-07-27 05:57:48
BPN,departures,2026-07-26,10:55,10:59,QG447,CTV447,CGK,Jakarta Soekarno Hatta International Airport,Citilink,QG,A320,Airbus A320-214,PK-GQS,Departed 11:59,2026-07-27 05:57:48
BPN,departures,2026-07-26,11:10,11:20,IP603,PAS603,CGK,Jakarta Soekarno Hatta International Airport,Pelita Air,IP,A320,Airbus A320-214,PK-PWG,Departed 12:20,2026-07-27 05:57:48
BPN,departures,2026-07-26,11:35,15:53,IW1476,WON1476,GHS,West Kutai Melalan Airport,Wings Air,IW,AT76,ATR 72-600,PK-WJR,Departed 16:53,2026-07-27 05:57:48
BPN,departures,2026-07-26,11:35,12:04,GA567,GIA567,CGK,Jakarta Soekarno Hatta International Airport,Garuda Indonesia,GA,B738,Boeing 737-8U3,PK-GNH,Departed 13:04,2026-07-27 05:57:48
BPN,departures,2026-07-26,11:40,11:41,JT670,LNI670,YIA,Yogyakarta International Airport,Lion Air,JT,B739,Boeing 737-9GP(ER),PK-LFY,Departed 12:41,2026-07-27 05:57:48
BPN,departures,2026-07-26,11:50,,IU617,,SUB,Surabaya Juanda International Airport,Super Air Jet,IU,320,,,Unknown,2026-07-27 05:57:48
BPN,departures,2026-07-26,11:50,12:55,IU603,SJV603,CGK,Jakarta Soekarno Hatta International Airport,Super Air Jet,IU,A320,Airbus A320-232,PK-STZ,Departed 13:55,2026-07-27 05:57:48
BPN,departures,2026-07-26,12:05,11:58,QG437,CTV437,CGK,Jakarta Soekarno Hatta International Airport,Citilink,QG,A320,Airbus A320-214,PK-GLY,Departed 12:58,2026-07-27 05:57:48
BPN,departures,2026-07-26,12:30,13:03,IU578,SJV578,BEJ,Kalimarau Airport,Super Air Jet,IU,A320,Airbus A320-232,PK-SJS,Departed 14:03,2026-07-27 05:57:48
BPN,departures,2026-07-26,12:40,12:49,IU692,SJV692,TRK,Tarakan Juwata International Airport,Super Air Jet,IU,A320,Airbus A320-232,PK-SJM,Departed 13:49,2026-07-27 05:57:48
BPN,departures,2026-07-26,12:40,12:53,ID6317,BTK6317,PNK,Pontianak Supadio Airport,Batik Air,ID,A320,Airbus A320-214,PK-LUF,Departed 13:53,2026-07-27 05:57:48
BPN,departures,2026-07-26,13:55,16:31,IW1322,WON1322,PLW,Palu Mutiara Airport,Wings Air,IW,AT76,ATR 72-600,PK-WHP,Departed 17:31,2026-07-27 05:57:48
BPN,departures,2026-07-26,13:55,15:48,ID6253,BTK6253,CGK,Jakarta Soekarno Hatta International Airport,Batik Air,ID,A320,Airbus A320-214,PK-BKQ,Departed 16:48,2026-07-27 05:57:48
BPN,departures,2026-07-26,14:00,,SJ134,,BEJ,Kalimarau Airport,Sriwijaya Air,SJ,735,,,Unknown,2026-07-27 05:57:48
BPN,departures,2026-07-26,15:00,15:15,JT625,LNI625,SRG,Semarang Achmad Yani International Airport,Lion Air,JT,B739,Boeing 737-9GP(ER),PK-LSR,Departed 16:15,2026-07-27 05:57:48
BPN,departures,2026-07-26,15:30,18:00,IW1397,WON1397,BDJ,Banjarmasin Syamsudin Noor Airport,Wings Air,IW,AT76,ATR 72-600,PK-WJR,Departed 19:00,2026-07-27 05:57:48
BPN,departures,2026-07-26,15:45,16:09,IU615,SJV615,SUB,Surabaya Juanda International Airport,Super Air Jet,IU,A320,Airbus A320-232,PK-STR,Departed 17:09,2026-07-27 05:57:48
BPN,departures,2026-07-26,16:00,16:02,IP622,PAS622,SUB,Surabaya Juanda International Airport,Pelita Air,IP,A320,Airbus A320-214,PK-PWC,Departed 17:02,2026-07-27 05:57:48
BPN,departures,2026-07-26,16:25,19:14,IW1385,WON1385,BDJ,Banjarmasin Syamsudin Noor Airport,Wings Air,IW,AT76,ATR 72-600,PK-WHP,Departed 20:14,2026-07-27 05:57:48
BPN,departures,2026-07-26,16:25,,IU677,,YIA,Yogyakarta International Airport,Super Air Jet,IU,320,,,Unknown,2026-07-27 05:57:48
BPN,departures,2026-07-26,16:30,,SJ1340,,BEJ,Kalimarau Airport,Sriwijaya Air,SJ,735,,,Unknown,2026-07-27 05:57:48
BPN,departures,2026-07-26,16:40,16:47,QG429,CTV429,UPG,Makassar Sultan Hasanuddin International Airport,Citilink,QG,A320,Airbus A320-214,PK-GQS,Departed 17:47,2026-07-27 05:57:48
BPN,departures,2026-07-26,16:40,18:04,IU609,SJV609,CGK,Jakarta Soekarno Hatta International Airport,Super Air Jet,IU,A320,Airbus A320-232,PK-SJS,Departed 19:04,2026-07-27 05:57:48
BPN,departures,2026-07-26,16:40,16:41,IU534,SJV534,UPG,Makassar Sultan Hasanuddin International Airport,Super Air Jet (Our Super 50th Jet Livery),IU,A320,Airbus A320-232,PK-STQ,Departed 17:41,2026-07-27 05:57:48
BPN,departures,2026-07-26,16:50,19:27,JT361,,SUB,Surabaya Juanda International Airport,Lion Air,JT,739,,,Unknown,2026-07-27 05:57:48
BPN,departures,2026-07-26,17:10,17:08,TR223,TGW223,SIN,Singapore Changi Airport,Scoot,TR,E290,Embraer E190-E2,9V-THH,Departed 18:08,2026-07-27 05:57:48
BPN,departures,2026-07-26,17:10,,ID6316,,UPG,Makassar Sultan Hasanuddin International Airport,Batik Air,ID,32A,,,Unknown,2026-07-27 05:57:48
BPN,departures,2026-07-26,17:10,17:02,ID6232,BTK6232,UPG,Makassar Sultan Hasanuddin International Airport,Batik Air,ID,A320,Airbus A320-214,PK-LUF,Departed 18:02,2026-07-27 05:57:48
BPN,departures,2026-07-26,17:15,17:14,QG431,CTV431,SUB,Surabaya Juanda International Airport,Citilink,QG,A320,Airbus A320-214,PK-GLQ,Departed 18:14,2026-07-27 05:57:48
BPN,departures,2026-07-26,17:30,17:58,IU580,SJV580,BEJ,Kalimarau Airport,Super Air Jet,IU,A320,Airbus A320-232,PK-SJM,Departed 18:58,2026-07-27 05:57:48
BPN,departures,2026-07-26,17:45,,RI202,,BDJ,Banjarmasin Syamsudin Noor Airport,Rimbun Air,RI,73Y,,,Unknown,2026-07-27 05:57:48
BPN,departures,2026-07-26,17:45,17:49,QG785,CTV785,YIA,Yogyakarta International Airport,Citilink,QG,A320,Airbus A320-214,PK-GLP,Departed 18:49,2026-07-27 05:57:48
BPN,departures,2026-07-26,17:50,18:08,GA575,GIA575,CGK,Jakarta Soekarno Hatta International Airport,Garuda Indonesia,GA,B738,Boeing 737-81D,PK-GFR,Departed 19:08,2026-07-27 05:57:48
BPN,departures,2026-07-26,18:15,18:25,AK482,AXM482,KUL,Kuala Lumpur International Airport,AirAsia,AK,A20N,Airbus A320-251N,9M-AGF,Departed 19:25,2026-07-27 05:57:48
BPN,departures,2026-07-26,18:40,,IU605,,CGK,Jakarta Soekarno Hatta International Airport,Super Air Jet,IU,320,,,Unknown,2026-07-27 05:57:48
BPN,departures,2026-07-26,18:50,21:22,ID8675,,UPG,Makassar Sultan Hasanuddin International Airport,Batik Air,ID,32A,,,Unknown,2026-07-27 05:57:48
CGK,arrivals,2026-07-26,00:05,23:50,QG915,COV915,KNO,Medan Kuala Namu International Airport,Citilink,QG,A320,Airbus A320-214,PK-GLY,Landed 23:50,2026-07-27 05:55:21
CGK,arrivals,2026-07-26,00:10,23:52,8B156,TNU156,SIN,Singapore Changi Airport,TransNusa,8B,A321,Airbus A321-211,PK-TLK,Landed 23:52,2026-07-27 05:55:21
CGK,arrivals,2026-07-26,00:15,00:43,CA977,CCA977,PEK,Beijing Capital International Airport,Air China,CA,A333,Airbus A330-343,B-5901,Landed 00:43,2026-07-27 05:55:21
CGK,arrivals,2026-07-26,00:40,01:05,VN635,HVN635,HAN,Hanoi Noi Bai International Airport,Vietnam Airlines,VN,A321,Airbus A321-231,VN-A326,Landed 01:05,2026-07-27 05:55:21
CGK,arrivals,2026-07-26,00:45,00:34,KE437,KAL437,ICN,Seoul Incheon International Airport,Korean Air,KE,B77W,Boeing 777-3B5(ER),HL8275,Landed 00:34,2026-07-27 05:55:21
CGK,arrivals,2026-07-26,01:50,02:12,QG217,CTV217,UPG,Makassar Sultan Hasanuddin International Airport,Citilink,QG,A320,Airbus A320-214,PK-GLR,Landed 02:12,2026-07-27 05:55:21
CGK,arrivals,2026-07-26,02:00,,RI701,,LOP,Lombok International Airport,Rimbun Air,RI,73Y,,,Unknown,2026-07-27 05:55:21
CGK,arrivals,2026-07-26,02:00,01:51,CZ8055,CSN8055,SZX,Shenzhen Bao'an International Airport,China Southern Airlines,CZ,A20N,Airbus A320-251N,B-30AA,Landed 01:51,2026-07-27 05:55:21
CGK,arrivals,2026-07-26,02:20,,RI121,,KNO,Medan Kuala Namu International Airport,Rimbun Air,RI,73Y,,,Unknown,2026-07-27 05:55:21
CGK,arrivals,2026-07-26,04:00,03:52,ID6081,BTK6081,PER,Perth Airport,Batik Air,ID,A320,Airbus A320-214,PK-BKY,Landed 03:52,2026-07-27 05:55:21
CGK,arrivals,2026-07-26,05:00,,IN583,,UPG,Makassar Sultan Hasanuddin International Airport,Nam Air,IN,B735,Boeing 737-524,PK-NAT,Unknown,2026-07-27 05:55:21
CGK,arrivals,2026-07-26,05:05,04:32,NH871,ANA871,HND,Tokyo Haneda International Airport,All Nippon Airways,NH,B788,Boeing 787-8 Dreamliner,JA838A,Landed 04:32,2026-07-27 05:55:21
CGK,arrivals,2026-07-26,05:15,,8K804,,SIN,Singapore Changi Airport,Exploits Valley Air Services,8K,73P,,,Unknown,2026-07-27 05:55:21
CGK,arrivals,2026-07-26,05:20,,RI321,,UPG,Makassar Sultan Hasanuddin International Airport,Rimbun Air,RI,73Y,,,Unknown,2026-07-27 05:55:21
CGK,arrivals,2026-07-26,05:20,04:33,MF8673,CXA8673,CKG,Chongqing Jiangbei International Airport,Xiamen Air,MF,B38M,Boeing 737 MAX 8,B-208L,Landed 04:33,2026-07-27 05:55:21
CGK,arrivals,2026-07-26,06:35,06:23,ID6391,BTK6391,SUB,Surabaya Juanda International Airport,Batik Air,ID,B738,Boeing 737-8GP,PK-LZV,Landed 06:23,2026-07-27 05:55:21
CGK,arrivals,2026-07-26,06:40,,8B861,,CAN,Guangzhou Baiyun International Airport,TransNusa,8B,320,,,Unknown,2026-07-27 05:55:21
CGK,arrivals,2026-07-26,06:45,06:49,JT115,LNI115,JED,Jeddah King Abdulaziz International Airport,Lion Air,JT,A339,Airbus A330-941,PK-LEU,Landed 06:49,2026-07-27 05:55:21
CGK,arrivals,2026-07-26,06:45,06:41,IU639,SJV639,BDJ,Banjarmasin Syamsudin Noor Airport,Super Air Jet,IU,A320,Airbus A320-232,PK-SAQ,Landed 06:41,2026-07-27 05:55:21
CGK,arrivals,2026-07-26,06:50,06:36,JT873,LNI873,UPG,Makassar Sultan Hasanuddin International Airport,Lion Air,JT,B738,Boeing 737-8GP,PK-LKH,Landed 06:36,2026-07-27 05:55:21
CGK,arrivals,2026-07-26,06:55,06:42,QG483,CTV483,BDJ,Banjarmasin Syamsudin Noor Airport,Citilink (Retro Livery),QG,A320,Airbus A320-214,PK-GQI,Landed 06:42,2026-07-27 05:55:21
CGK,arrivals,2026-07-26,06:55,07:23,GA991,GIA991,JED,Jeddah King Abdulaziz International Airport,Garuda Indonesia,GA,B77W,Boeing 777-3U3(ER),PK-GIC,Landed 07:23,2026-07-27 05:55:21
CGK,arrivals,2026-07-26,07:00,07:10,SQ950,SIA950,SIN,Singapore Changi Airport,Singapore Airlines,SQ,B77W,Boeing 777-312(ER),9V-SWQ,Landed 07:10,2026-07-27 05:55:21
CGK,arrivals,2026-07-26,07:00,,IU769,,LOP,Lombok International Airport,Super Air Jet,IU,320,,,Canceled,2026-07-27 05:55:21
CGK,arrivals,2026-07-26,07:05,,QG725,,SUB,Surabaya Juanda International Airport,Citilink,QG,A320,Airbus A320-214,PK-GQD,Canceled,2026-07-27 05:55:21
CGK,arrivals,2026-07-26,07:05,06:53,IU601,SJV601,BPN,Balikpapan Sepinggan Airport,Super Air Jet,IU,A320,Airbus A320-232,PK-STA,Landed 06:53,2026-07-27 05:55:21
CGK,arrivals,2026-07-26,07:10,07:02,IU921,SJV921,PLM,Palembang International Airport,Super Air Jet,IU,A320,Airbus A320-232,PK-SJZ,Landed 07:02,2026-07-27 05:55:21
CGK,arrivals,2026-07-26,07:20,06:59,QG987,CTV987,PLM,Palembang International Airport,Citilink,QG,A320,Airbus A320-214,PK-GLX,Landed 06:59,2026-07-27 05:55:21
CGK,arrivals,2026-07-26,07:20,07:27,ID6819,BTK6819,BKS,Bengkulu Fatmawati Soekarno Airport,Batik Air,ID,A320,Airbus A320-214,PK-LUH,Landed 07:27,2026-07-27 05:55:21
CGK,arrivals,2026-07-26,07:20,07:20,ID6807,BTK6807,DJB,Jambi Sultan Thaha Airport,Batik Air,ID,A320,Airbus A320-214,PK-LAJ,Landed 07:20,2026-07-27 05:55:21
CGK,arrivals,2026-07-26,07:25,07:06,QG911,CTV911,KNO,Medan Kuala Namu International Airport,Citilink,QG,A320,Airbus A320-214,PK-GLV,Landed 07:06,2026-07-27 05:55:21
CGK,arrivals,2026-07-26,07:25,07:01,QG439,CTV439,BPN,Balikpapan Sepinggan Airport,Citilink,QG,A320,Airbus A320-214,PK-GQS,Landed 07:01,2026-07-27 05:55:21
CGK,arrivals,2026-07-26,07:30,07:14,QR958,QTR958,DOH,Doha Hamad International Airport,Qatar Airways,QR,A359,Airbus A350-941,A7-ALC,Landed 07:14,2026-07-27 05:55:21
CGK,arrivals,2026-07-26,07:35,07:20,QG345,CTV345,UPG,Makassar Sultan Hasanuddin International Airport,Citilink,QG,A320,Airbus A320-214,PK-GLG,Landed 07:20,2026-07-27 05:55:21
CGK,arrivals,2026-07-26,07:35,,GA561,,BPN,Balikpapan Sepinggan Airport,Garuda Indonesia,GA,738,,,Unknown,2026-07-27 05:55:21
CGK,arrivals,2026-07-26,07:35,08:03,SV816,SVA816,JED,Jeddah King Abdulaziz International Airport,Saudia,SV,B77W,Boeing 777-3FG(ER),HZ-AK34,Landed 08:03,2026-07-27 05:55:21
CGK,arrivals,2026-07-26,07:40,07:17,IP213,PAS213,SUB,Surabaya Juanda International Airport,Pelita Air,IP,A320,Airbus A320-232,PK-PWL,Landed 07:17,2026-07-27 05:55:21
CGK,arrivals,2026-07-26,07:40,07:22,ID6265,BTK6265,UPG,Makassar Sultan Hasanuddin International Airport,Batik Air,ID,A320,Airbus A320-214,PK-BLC,Landed 07:22,2026-07-27 05:55:21
CGK,arrivals,2026-07-26,07:45,07:38,IP329,PAS329,PKU,Pekanbaru Sultan Syarif Kasim II Airport,Pelita Air,IP,A320,Airbus A320-214,PK-PWP,Landed 07:38,2026-07-27 05:55:21
CGK,arrivals,2026-07-26,07:45,08:05,IU919,SJV919,PKU,Pekanbaru Sultan Syarif Kasim II Airport,Super Air Jet,IU,A320,Airbus A320-232,PK-SJP,Landed 08:05,2026-07-27 05:55:21
CGK,arrivals,2026-07-26,07:45,,ID6864,,UPG,Makassar Sultan Hasanuddin International Airport,Batik Air,ID,32A,,,Unknown,2026-07-27 05:55:21
CGK,arrivals,2026-07-26,07:50,07:51,JT241,LNI241,TKG,Bandar Lampung Radin Inten II Airport,Lion Air,JT,B738,Boeing 737-8GP,PK-LOJ,Landed 07:51,2026-07-27 05:55:18
CGK,arrivals,2026-07-26,07:50,07:35,IU691,SJV691,PNK,Pontianak Supadio Airport,Super Air Jet,IU,A320,Airbus A320-232,PK-SJL,Landed 07:35,2026-07-27 05:55:21
CGK,arrivals,2026-07-26,07:50,07:32,GA533,GIA533,BDJ,Banjarmasin Syamsudin Noor Airport,Garuda Indonesia,GA,B738,Boeing 737-8U3,PK-GMY,Landed 07:32,2026-07-27 05:55:21
CGK,arrivals,2026-07-26,07:55,07:45,JT353,LNI353,PDG,Padang Minangkabau International Airport,Lion Air,JT,B739,Boeing 737-9GP(ER),PK-LHQ,Landed 07:45,2026-07-27 05:55:18
CGK,arrivals,2026-07-26,07:55,08:06,IU625,SJV625,BDJ,Banjarmasin Syamsudin Noor Airport,Super Air Jet,IU,A320,Airbus A320-232,PK-STZ,Landed 08:06,2026-07-27 05:55:18
CGK,arrivals,2026-07-26,07:55,07:48,ID6885,BTK6885,KNO,Medan Kuala Namu International Airport,Batik Air,ID,A320,Airbus A320-214,PK-LAM,Landed 07:48,2026-07-27 05:55:18
CGK,arrivals,2026-07-26,08:00,07:55,QZ807,AWQ807,DPS,Denpasar Ngurah Rai International Airport,AirAsia (Colours of Indonesia Livery),AK,A320,Airbus A320-216,PK-AXD,Landed 07:55,2026-07-27 05:55:18
CGK,arrivals,2026-07-26,08:00,07:42,QG937,CTV937,PKU,Pekanbaru Sultan Syarif Kasim II Airport,Citilink,QG,A320,Airbus A320-214,PK-GLM,Landed 07:42,2026-07-27 05:55:18
CGK,arrivals,2026-07-26,08:00,,OD398,,KUL,Kuala Lumpur International Airport,Batik Air Malaysia,OD,738,,,Unknown,2026-07-27 05:55:18
CGK,arrivals,2026-07-26,08:00,07:51,GA401,GIA401,DPS,Denpasar Ngurah Rai International Airport,Garuda Indonesia,GA,B738,Boeing 737-81M,PK-GUA,Landed 07:51,2026-07-27 05:55:18
CGK,arrivals,2026-07-26,08:05,07:56,GA73,GIA073,TKG,Bandar Lampung Radin Inten II Airport,Garuda Indonesia,GA,B738,Boeing 737-8U3,PK-GMI,Landed 07:56,2026-07-27 05:55:18
CGK,arrivals,2026-07-26,08:05,07:37,AK380,AXM380,KUL,Kuala Lumpur International Airport,AirAsia,AK,A320,Airbus A320-216,9M-AGT,Landed 07:37,2026-07-27 05:55:18
CGK,arrivals,2026-07-26,08:10,08:14,ID7066,BTK7066,PKU,Pekanbaru Sultan Syarif Kasim II Airport,Batik Air,ID,A320,Airbus A320-214,PK-BKU,Landed 08:14,2026-07-27 05:55:18
CGK,arrivals,2026-07-26,08:15,08:03,QG301,CTV301,MDC,Manado Sam Ratulangi International Airport,Citilink (Tiket.com Livery),QG,A320,Airbus A320-214,PK-GLW,Landed 08:03,2026-07-27 05:55:18
CGK,arrivals,2026-07-26,08:15,07:53,GA207,GIA207,YIA,Yogyakarta International Airport,Garuda Indonesia,GA,B738,Boeing 737-86N,PK-GFU,Landed 07:53,2026-07-27 05:55:18
CGK,arrivals,2026-07-26,08:20,08:12,ID7369,BTK7369,SRG,Semarang Achmad Yani International Airport,Batik Air,ID,A320,Airbus A320-214,PK-LUU,Landed 08:12,2026-07-27 05:55:18
CGK,arrivals,2026-07-26,08:20,,ID6804,,SRG,Semarang Achmad Yani International Airport,Batik Air,ID,32A,,,Unknown,2026-07-27 05:55:18
CGK,arrivals,2026-07-26,08:20,08:09,GA231,GIA231,SRG,Semarang Achmad Yani International Airport,Garuda Indonesia,GA,B738,Boeing 737-8U3,PK-GFV,Landed 08:09,2026-07-27 05:55:18
CGK,arrivals,2026-07-26,08:25,08:54,SQ952,SIA952,SIN,Singapore Changi Airport,Singapore Airlines,SQ,A359,Airbus A350-941,9V-SMC,Landed 08:54,2026-07-27 05:55:18
CGK,arrivals,2026-07-26,08:25,08:37,QG905,CTV905,TKG,Bandar Lampung Radin Inten II Airport,Citilink,QG,A320,Airbus A320-214,PK-GLI,Landed 08:37,2026-07-27 05:55:18
CGK,arrivals,2026-07-26,08:25,08:27,JT209,LNI209,KNO,Medan Kuala Namu International Airport,Lion Air,JT,B739,Boeing 737-9GP(ER),PK-LQS,Landed 08:27,2026-07-27 05:55:18
CGK,arrivals,2026-07-26,08:25,,JT170,,KNO,Medan Kuala Namu International Airport,Lion Air,JT,738,,,Unknown,2026-07-27 05:55:18
CGK,arrivals,2026-07-26,08:25,08:15,ID6561,BTK6561,PLW,Palu Mutiara Airport,Batik Air,ID,A320,Airbus A320-214,PK-BLD,Landed 08:15,2026-07-27 05:55:18
CGK,arrivals,2026-07-26,08:25,07:59,ID6375,BTK6375,SOC,Surakarta Adisumarmo International Airport,Batik Air,ID,A320,Airbus A320-214,PK-BKV,Landed 07:59,2026-07-27 05:55:18
CGK,arrivals,2026-07-26,08:25,08:08,GA183,GIA183,KNO,Medan Kuala Namu International Airport,Garuda Indonesia,GA,B738,Boeing 737-8SH,PK-GUJ,Landed 08:08,2026-07-27 05:55:18
CGK,arrivals,2026-07-26,08:25,10:14,GA89,GIA089,AMS,Amsterdam Schiphol Airport,Garuda Indonesia (Ayo Pakai Masker Livery),GA,B77W,Boeing 777-3U3(ER),PK-GIJ,Landed 10:14,2026-07-27 05:55:18
CGK,arrivals,2026-07-26,08:30,08:11,QG413,CTV413,PNK,Pontianak Supadio Airport,Citilink,QG,A320,Airbus A320-214,PK-GLL,Landed 08:11,2026-07-27 05:55:18
CGK,arrivals,2026-07-26,08:30,08:30,QG603,CTV603,KOE,Kupang El Tari Airport,Citilink,QG,A320,Airbus A320-214,PK-GQP,Landed 08:30,2026-07-27 05:55:18
CGK,arrivals,2026-07-26,08:30,08:20,GA403,GIA403,DPS,Denpasar Ngurah Rai International Airport,Garuda Indonesia,GA,B738,Boeing 737-86N,PK-GFS,Landed 08:20,2026-07-27 05:55:18
CGK,arrivals,2026-07-26,08:40,08:24,ID6201,BTK6201,PKY,Palangkaraya Tjilik Riwut Airport,Batik Air,ID,A320,Airbus A320-214,PK-LAW,Landed 08:24,2026-07-27 05:55:18
CGK,arrivals,2026-07-26,08:40,08:43,GA623,GIA623,PLW,Palu Mutiara Airport,Garuda Indonesia,GA,B738,Boeing 737-8U3,PK-GMC,Landed 08:43,2026-07-27 05:55:18
CGK,arrivals,2026-07-26,08:40,08:17,GA305,GIA305,SUB,Surabaya Juanda International Airport,Garuda Indonesia,GA,B738,Boeing 737-81M,PK-GUC,Landed 08:17,2026-07-27 05:55:18
CGK,arrivals,2026-07-26,08:45,08:33,TR274,TGW274,SIN,Singapore Changi Airport,Scoot,TR,A20N,Airbus A320-271N,9V-TNL,Landed 08:33,2026-07-27 05:55:18
CGK,arrivals,2026-07-26,08:45,08:22,ID6863,BTK6863,BTH,Batam Hang Nadim Airport,Batik Air,ID,A320,Airbus A320-214,PK-LAT,Landed 08:22,2026-07-27 05:55:18
CGK,arrivals,2026-07-26,08:45,08:36,GA617,GIA617,UPG,Makassar Sultan Hasanuddin International Airport,Garuda Indonesia,GA,B738,Boeing 737-8U3,PK-GNG,Landed 08:36,2026-07-27 05:55:18
CGK,arrivals,2026-07-26,08:50,08:43,SJ55,SJY055,TJQ,Tanjung Pandan Buluh Tumbang Airport,Sriwijaya Air,SJ,B735,Boeing 737-524,PK-CLH,Landed 08:43,2026-07-27 05:55:18
CGK,arrivals,2026-07-26,08:50,08:46,QG981,CTV981,PLM,Palembang International Airport,Citilink,QG,A320,Airbus A320-214,PK-GLS,Landed 08:46,2026-07-27 05:55:18
CGK,arrivals,2026-07-26,08:50,08:40,ID8889,BTK8889,AMQ,Ambon Pattimura Airport,Batik Air,ID,A320,Airbus A320-214,PK-LAL,Landed 08:40,2026-07-27 05:55:18
CGK,arrivals,2026-07-26,08:50,08:40,GA7534,GIA7534,TKG,Bandar Lampung Radin Inten II Airport,Garuda Indonesia,GA,B738,Boeing 737-8U3,PK-GUF,Landed 08:40,2026-07-27 05:55:18
CGK,arrivals,2026-07-26,08:55,,JT335,,PLM,Palembang International Airport,Lion Air,JT,738,,,Unknown,2026-07-27 05:55:18
CGK,arrivals,2026-07-26,08:55,,IU801,,TKG,Bandar Lampung Radin Inten II Airport,Super Air Jet,IU,320,,,Unknown,2026-07-27 05:55:18
CGK,arrivals,2026-07-26,08:55,08:55,ID6541,BTK6541,KOE,Kupang El Tari Airport,Batik Air,ID,A320,Airbus A320-233,PK-BKG,Landed 08:55,2026-07-27 05:55:18
CGK,arrivals,2026-07-26,08:55,08:34,GA551,GIA551,PKY,Palangkaraya Tjilik Riwut Airport,Garuda Indonesia,GA,B738,Boeing 737-8U3,PK-GMA,Landed 08:34,2026-07-27 05:55:18
CGK,arrivals,2026-07-26,09:00,08:50,ID6271,BTK6271,MDC,Manado Sam Ratulangi International Airport,Batik Air,ID,B738,Boeing 737-8GP,PK-LZZ,Landed 08:50,2026-07-27 05:55:18
CGK,arrivals,2026-07-26,09:00,08:46,3Y923,MYU923,SIN,Singapore Changi Airport,My Indo Airlines,3Y,B733,Boeing 737-36Q(SF),PK-MYB,Landed 08:46,2026-07-27 05:55:18
CGK,arrivals,2026-07-26,09:00,08:49,QG775,CTV775,YIA,Yogyakarta International Airport,Citilink,QG,A320,Airbus A320-214,PK-GQC,Landed 08:49,2026-07-27 05:55:18
CGK,arrivals,2026-07-26,09:00,,JT21,,DPS,Denpasar Ngurah Rai International Airport,Lion Air,JT,739,,,Unknown,2026-07-27 05:55:18
CGK,arrivals,2026-07-26,09:05,,IU683,,PNK,Pontianak Supadio Airport,Super Air Jet,IU,320,,,Unknown,2026-07-27 05:55:18
CGK,arrivals,2026-07-26,09:05,09:02,ID6369,BTK6369,YIA,Yogyakarta International Airport,Batik Air,ID,A320,Airbus A320-232,PK-BKO,Landed 09:02,2026-07-27 05:55:18
CGK,arrivals,2026-07-26,09:10,08:52,QG175,CTV175,SUB,Surabaya Juanda International Airport,Citilink,QG,A20N,Airbus A320-251N,PK-GTF,Landed 08:52,2026-07-27 05:55:18
CGK,arrivals,2026-07-26,09:10,09:13,EY474,ETD474,AUH,Abu Dhabi Zayed International Airport,Etihad Airways,EY,B78X,Boeing 787-10 Dreamliner,A6-BMB,Landed 09:13,2026-07-27 05:55:18
CGK,arrivals,2026-07-26,09:15,08:58,QG211,CTV211,AMQ,Ambon Pattimura Airport,Citilink (Tiket.com Livery),QG,A320,Airbus A320-214,PK-GLZ,Landed 08:58,2026-07-27 05:55:18
CGK,arrivals,2026-07-26,09:20,09:13,QZ803,AWQ803,DPS,Denpasar Ngurah Rai International Airport,AirAsia,AK,A320,Airbus A320-216,PK-AZF,Landed 09:13,2026-07-27 05:55:18
CGK,arrivals,2026-07-26,09:25,,SJ7301,,PGK,Pangkal Pinang Depati Amir Airport,Sriwijaya Air,SJ,735,,,Unknown,2026-07-27 05:55:18
CGK,arrivals,2026-07-26,09:25,09:24,QG941,CTV941,BTH,Batam Hang Nadim Airport,Citilink,QG,A320,Airbus A320-214,PK-GQH,Landed 09:24,2026-07-27 05:55:18
CGK,arrivals,2026-07-26,09:25,09:20,JT393,LNI393,PKU,Pekanbaru Sultan Syarif Kasim II Airport,Lion Air,JT,B39M,Boeing 737 MAX 9,PK-LRH,Landed 09:20,2026-07-27 05:55:18
CGK,arrivals,2026-07-26,09:25,09:08,IU899,SJV899,KNO,Medan Kuala Namu International Airport,Super Air Jet,IU,A320,Airbus A320-232,PK-SJI,Landed 09:08,2026-07-27 05:55:18
CGK,arrivals,2026-07-26,09:25,09:56,GA993,GIA993,JED,Jeddah King Abdulaziz International Airport,Garuda Indonesia (SkyTeam Livery),GA,B77W,Boeing 777-3U3(ER),PK-GII,Landed 09:56,2026-07-27 05:55:18
CGK,arrivals,2026-07-26,09:30,09:28,8B5162,TNU5162,LOP,Lombok International Airport,TransNusa,8B,A320,Airbus A320-214,PK-TLD,Landed 09:28,2026-07-27 05:55:18
CGK,arrivals,2026-07-26,09:30,,IU817,,PDG,Padang Minangkabau International Airport,Super Air Jet,IU,320,,,Unknown,2026-07-27 05:55:18
CGK,arrivals,2026-07-26,09:30,09:10,AK1573,AXM1573,PEN,Penang International Airport,AirAsia,AK,A320,Airbus A320-216,9M-DAG,Landed 09:10,2026-07-27 05:55:18
CGK,arrivals,2026-07-26,09:35,,IU821,,PGK,Pangkal Pinang Depati Amir Airport,Super Air Jet,IU,320,,,Unknown,2026-07-27 05:55:18
CGK,arrivals,2026-07-26,09:35,09:16,ID6743,BTK6743,MDC,Manado Sam Ratulangi International Airport,Batik Air,ID,B738,Boeing 737-8U3,PK-BGF,Landed 09:16,2026-07-27 05:55:18
CGK,arrivals,2026-07-26,09:35,09:22,ID6203,BTK6203,PKN,Pangkalan Bun Iskandar Airport,Batik Air,ID,A320,Airbus A320-214,PK-BKY,Landed 09:22,2026-07-27 05:55:18
CGK,arrivals,2026-07-26,09:35,09:19,GA649,GIA649,TTE,Ternate Babullah Airport,Garuda Indonesia,GA,B738,Boeing 737-8U3,PK-GNA,Landed 09:19,2026-07-27 05:55:18
CGK,arrivals,2026-07-26,09:40,09:25,ID6723,BTK6723,KDI,Kendari Haluoleo Airport,Batik Air,ID,B738,Boeing 737-8GP,PK-LBK,Landed 09:25,2026-07-27 05:55:18
CGK,arrivals,2026-07-26,09:40,10:27,QZ201,AWQ201,KUL,Kuala Lumpur International Airport,AirAsia (Lombok Livery),AK,A320,Airbus A320-216,PK-AXU,Landed 10:27,2026-07-27 05:55:18
CGK,arrivals,2026-07-26,09:40,09:32,QG331,CTV331,KDI,Kendari Haluoleo Airport,Citilink,QG,A320,Airbus A320-214,PK-GQK,Landed 09:32,2026-07-27 05:55:18
CGK,arrivals,2026-07-26,09:40,09:38,GA607,GIA607,MDC,Manado Sam Ratulangi International Airport,Garuda Indonesia,GA,B738,Boeing 737-8U3,PK-GFD,Landed 09:38,2026-07-27 05:55:18
CGK,arrivals,2026-07-26,09:45,,IU851,,BTH,Batam Hang Nadim Airport,Super Air Jet,IU,320,,,Unknown,2026-07-27 05:55:18
CGK,arrivals,2026-07-26,09:50,09:43,QG939,CTV939,PKU,Pekanbaru Sultan Syarif Kasim II Airport,Citilink,QG,A320,Airbus A320-214,PK-GQO,Landed 09:43,2026-07-27 05:55:18
CGK,arrivals,2026-07-26,09:55,10:09,SQ956,SIA956,SIN,Singapore Changi Airport,Singapore Airlines,SQ,A359,Airbus A350-941,9V-SJH,Landed 10:09,2026-07-27 05:55:18
CGK,arrivals,2026-07-26,09:55,09:57,IU607,SJV607,BPN,Balikpapan Sepinggan Airport,Super Air Jet,IU,A320,Airbus A320-232,PK-STD,Landed 09:57,2026-07-27 05:55:18
CGK,arrivals,2026-07-26,09:55,09:38,IP311,PAS311,PLM,Palembang International Airport,Pelita Air,IP,A320,Airbus A320-216,PK-PWN,Landed 09:38,2026-07-27 05:55:18
CGK,arrivals,2026-07-26,09:55,09:48,ID6899,BTK6899,BTJ,Banda Aceh International Airport,Batik Air,ID,A320,Airbus A320-214,PK-LAQ,Landed 09:48,2026-07-27 05:55:18
CGK,arrivals,2026-07-26,10:00,09:40,8B5105,TNU5105,DPS,Denpasar Ngurah Rai International Airport,TransNusa,8B,A320,Airbus A320-214,PK-TLA,Landed 09:40,2026-07-27 05:55:18
CGK,arrivals,2026-07-26,10:00,09:59,8B676,TNU676,KUL,Kuala Lumpur International Airport,TransNusa,8B,A321,Airbus A321-211,PK-TLG,Landed 09:59,2026-07-27 05:55:18
CGK,arrivals,2026-07-26,10:00,,IU871,,PLM,Palembang International Airport,Super Air Jet,IU,320,,,Unknown,2026-07-27 05:55:18
CGK,arrivals,2026-07-26,10:00,09:55,IU697,SJV697,PNK,Pontianak Supadio Airport,Super Air Jet,IU,A320,Airbus A320-232,PK-SAV,Landed 09:55,2026-07-27 05:55:18
CGK,arrivals,2026-07-26,10:00,,ID6573,,SUB,Surabaya Juanda International Airport,Batik Air,ID,320,,,Canceled,2026-07-27 05:55:18
CGK,arrivals,2026-07-26,10:00,,ID6710,,SUB,Surabaya Juanda International Airport,Batik Air,ID,32A,,,Unknown,2026-07-27 05:55:18
CGK,arrivals,2026-07-26,10:00,09:35,GA323,GIA323,SUB,Surabaya Juanda International Airport,Garuda Indonesia,GA,B738,Boeing 737-8SH,PK-GUE,Landed 09:35,2026-07-27 05:55:18
CGK,arrivals,2026-07-26,10:00,10:08,GA981,GIA981,JED,Jeddah King Abdulaziz International Airport,Garuda Indonesia,GA,B77W,Boeing 777-3U3(ER),PK-GIA,Landed 10:08,2026-07-27 05:55:18
CGK,arrivals,2026-07-26,10:10,,JT647,,LOP,Lombok International Airport,Lion Air,JT,738,,,Canceled,2026-07-27 05:55:18
CGK,arrivals,2026-07-26,10:10,09:51,GA683,GIA683,SOQ,Sorong Dominique Edward Osok Airport,Garuda Indonesia,GA,B738,Boeing 737-8U3,PK-GMV,Landed 09:51,2026-07-27 05:55:18
CGK,arrivals,2026-07-26,10:15,10:00,MH711,MAS711,KUL,Kuala Lumpur International Airport,Malaysia Airlines,MH,B38M,Boeing 737 MAX 8,9M-MVR,Landed 10:00,2026-07-27 05:55:18
CGK,arrivals,2026-07-26,10:15,10:02,IU803,SJV803,TJQ,Tanjung Pandan Buluh Tumbang Airport,Super Air Jet,IU,A320,Airbus A320-232,PK-SJJ,Landed 10:02,2026-07-27 05:55:18
CGK,arrivals,2026-07-26,10:15,10:15,IU629,SJV629,BDJ,Banjarmasin Syamsudin Noor Airport,Super Air Jet,IU,A320,Airbus A320-232,PK-STS,Landed 10:15,2026-07-27 05:55:18
CGK,arrivals,2026-07-26,10:15,12:22,ID6141,BTK6141,TTE,Ternate Babullah Airport,Batik Air,ID,A320,Airbus A320-214,PK-LUJ,Landed 12:22,2026-07-27 05:55:18
CGK,arrivals,2026-07-26,10:20,10:14,QG961,CTV961,DJB,Jambi Sultan Thaha Airport,Citilink,QG,A320,Airbus A320-214,PK-GLT,Landed 10:14,2026-07-27 05:55:18
CGK,arrivals,2026-07-26,10:20,09:45,ID6431,BTK6431,BEJ,Kalimarau Airport,Batik Air,ID,A320,Airbus A320-232,PK-BLB,Landed 09:45,2026-07-27 05:55:18
CGK,arrivals,2026-07-26,10:25,,JT201,,KNO,Medan Kuala Namu International Airport,Lion Air,JT,738,,,Unknown,2026-07-27 05:55:18
CGK,arrivals,2026-07-26,10:30,10:05,QG953,CTV953,PDG,Padang Minangkabau International Airport,Citilink,QG,A320,Airbus A320-214,PK-GQF,Landed 10:05,2026-07-27 05:55:18
CGK,arrivals,2026-07-26,10:30,,JT3871,,UPG,Makassar Sultan Hasanuddin International Airport,Lion Air,JT,738,,,Unknown,2026-07-27 05:55:18
CGK,arrivals,2026-07-26,10:30,,JT2891,,UPG,Makassar Sultan Hasanuddin International Airport,Lion Air,JT,738,,,Unknown,2026-07-27 05:55:18
CGK,arrivals,2026-07-26,10:30,,JT991,,UPG,Makassar Sultan Hasanuddin International Airport,Lion Air,JT,739,,,Unknown,2026-07-27 05:55:18
CGK,arrivals,2026-07-26,10:30,09:52,JT871,LNI871,UPG,Makassar Sultan Hasanuddin International Airport,Lion Air,JT,B739,Boeing 737-9GP(ER),PK-LSU,Landed 09:52,2026-07-27 05:55:18
CGK,arrivals,2026-07-26,10:30,10:12,ID6243,BTK6243,GTO,Gorontalo Jalaluddin Airport,Batik Air,ID,B738,Boeing 737-8GP,PK-LDJ,Landed 10:12,2026-07-27 05:55:18
CGK,arrivals,2026-07-26,10:30,10:26,GA153,GIA153,BTH,Batam Hang Nadim Airport,Garuda Indonesia (Retro 1960 Livery),GA,B738,Boeing 737-8U3,PK-GFM,Landed 10:26,2026-07-27 05:55:18
CGK,arrivals,2026-07-26,10:35,10:09,QG739,CTV739,SUB,Surabaya Juanda International Airport,Citilink,QG,A320,Airbus A320-214,PK-GQE,Landed 10:09,2026-07-27 05:55:18
CGK,arrivals,2026-07-26,10:35,10:18,GA825,GIA825,SIN,Singapore Changi Airport,Garuda Indonesia,GA,B738,Boeing 737-8U3,PK-GMF,Landed 10:18,2026-07-27 05:55:18
CGK,arrivals,2026-07-26,10:40,10:21,QG973,CTV973,PGK,Pangkal Pinang Depati Amir Airport,Citilink (Retro Livery),QG,A320,Airbus A320-214,PK-GQI,Landed 10:21,2026-07-27 05:55:15
CGK,arrivals,2026-07-26,10:40,10:23,IP351,PAS351,PDG,Padang Minangkabau International Airport,Pelita Air,IP,A320,Airbus A320-214,PK-PWQ,Landed 10:23,2026-07-27 05:55:18
CGK,arrivals,2026-07-26,10:45,,RI331,,PLW,Palu Mutiara Airport,Rimbun Air,RI,73Y,,,Unknown,2026-07-27 05:55:15
CGK,arrivals,2026-07-26,10:45,10:34,QG883,CTV883,KNO,Medan Kuala Namu International Airport,Citilink Garuda Indonesia,QG,A320,Airbus A320-214,PK-GQT,Landed 10:34,2026-07-27 05:55:15
CGK,arrivals,2026-07-26,10:45,10:37,QG841,CTV841,BTH,Batam Hang Nadim Airport,Citilink,QG,A320,Airbus A320-214,PK-GQA,Landed 10:37,2026-07-27 05:55:15
CGK,arrivals,2026-07-26,10:45,,IU907,,PDG,Padang Minangkabau International Airport,Super Air Jet,IU,320,,,Unknown,2026-07-27 05:55:15
CGK,arrivals,2026-07-26,10:45,10:32,GA107,GIA107,PLM,Palembang International Airport,Garuda Indonesia,GA,B38M,Boeing 737 MAX 8,PK-GDC,Landed 10:32,2026-07-27 05:55:15
CGK,arrivals,2026-07-26,10:50,,ID8821,,LLJ,Lubuklinggau Silampari Airport,Batik Air,ID,32A,,,Canceled,2026-07-27 05:55:15
CGK,arrivals,2026-07-26,10:50,10:23,GA235,GIA235,SRG,Semarang Achmad Yani International Airport,Garuda Indonesia,GA,B738,Boeing 737-8SA,PK-GUI,Landed 10:23,2026-07-27 05:55:15
CGK,arrivals,2026-07-26,10:55,10:50,TR276,TGW276,SIN,Singapore Changi Airport,Scoot,TR,A320,Airbus A320-232,9V-TRU,Landed 10:50,2026-07-27 05:55:15
CGK,arrivals,2026-07-26,10:55,10:43,QZ243,AWQ243,JHB,Johor Bahru Senai International Airport,AirAsia,AK,A320,Airbus A320-214,PK-AZH,Landed 10:43,2026-07-27 05:55:15
CGK,arrivals,2026-07-26,10:55,10:40,IP321,PAS321,PKU,Pekanbaru Sultan Syarif Kasim II Airport,Pelita Air,IP,A320,Airbus A320-214,PK-PWO,Landed 10:40,2026-07-27 05:55:15
CGK,arrivals,2026-07-26,10:55,,IP141,,LOP,Lombok International Airport,Pelita Air,IP,320,,,Unknown,2026-07-27 05:55:15
CGK,arrivals,2026-07-26,11:00,10:36,8B632,TNU632,PEN,Penang International Airport,TransNusa,8B,A321,Airbus A321-211,PK-TLK,Landed 10:36,2026-07-27 05:55:15
CGK,arrivals,2026-07-26,11:00,10:51,ID7540,BTK7540,YIA,Yogyakarta International Airport,Batik Air,ID,A320,Airbus A320-214,PK-BKQ,Landed 10:51,2026-07-27 05:55:15
CGK,arrivals,2026-07-26,11:00,,ID6800,,YIA,Yogyakarta International Airport,Batik Air,ID,32A,,,Unknown,2026-07-27 05:55:15
CGK,arrivals,2026-07-26,11:05,,GA535,,BDJ,Banjarmasin Syamsudin Noor Airport,Garuda Indonesia,GA,B738,Boeing 737-8U3,PK-GUG,Unknown,2026-07-27 05:55:15
CGK,arrivals,2026-07-26,11:05,11:01,QG763,CTV763,SOC,Surakarta Adisumarmo International Airport,Citilink,QG,A320,Airbus A320-214,PK-GLV,Landed 11:01,2026-07-27 05:55:15
CGK,arrivals,2026-07-26,11:05,11:02,QG523,CTV523,SIN,Singapore Changi Airport,Citilink,QG,A320,Airbus A320-214,PK-GQU,Landed 11:02,2026-07-27 05:55:15
CGK,arrivals,2026-07-26,11:05,10:47,GA535,GIA535,BDJ,Banjarmasin Syamsudin Noor Airport,Garuda Indonesia,GA,B738,Boeing 737-8U3,PK-GUG,Landed 10:47,2026-07-27 05:55:15
CGK,arrivals,2026-07-26,11:10,11:00,ID6229,BTK6229,PNK,Pontianak Supadio Airport,Batik Air,ID,A320,Airbus A320-232,PK-BKM,Landed 11:00,2026-07-27 05:55:15
CGK,arrivals,2026-07-26,11:15,15:02,8B5101,TNU5101,DPS,Denpasar Ngurah Rai International Airport,TransNusa,8B,A320,Airbus A320-214,PK-TLA,Landed 15:02,2026-07-27 05:55:15
CGK,arrivals,2026-07-26,11:15,13:23,QZ179,AWQ179,TKG,Bandar Lampung Radin Inten II Airport,AirAsia (Lombok Livery),AK,A320,Airbus A320-216,PK-AXU,Landed 13:23,2026-07-27 05:55:15
CGK,arrivals,2026-07-26,11:15,11:05,JX761,SJX761,TPE,Taipei Taoyuan International Airport,STARLUX,JX,A21N,Airbus A321-252NX,B-58202,Landed 11:05,2026-07-27 05:55:15
CGK,arrivals,2026-07-26,11:15,,IU835,,BKS,Bengkulu Fatmawati Soekarno Airport,Super Air Jet,IU,320,,,Unknown,2026-07-27 05:55:15
CGK,arrivals,2026-07-26,11:20,11:14,MH717,MAS717,KUL,Kuala Lumpur International Airport,Malaysia Airlines,MH,B738,Boeing 737-8H6,9M-MSA,Landed 11:14,2026-07-27 05:55:15
CGK,arrivals,2026-07-26,11:20,11:20,ID6267,BTK6267,UPG,Makassar Sultan Hasanuddin International Airport,Batik Air,ID,A320,Airbus A320-214,PK-LUY,Landed 11:20,2026-07-27 05:55:15
CGK,arrivals,2026-07-26,11:20,10:58,GA205,GIA205,YIA,Yogyakarta International Airport,Garuda Indonesia (Ayo Pakai Masker Livery),GA,B738,Boeing 737-81D,PK-GFQ,Landed 10:58,2026-07-27 05:55:15
CGK,arrivals,2026-07-26,11:30,,IU923,,PLM,Palembang International Airport,Super Air Jet,IU,A320,Airbus A320-232,PK-SJP,Unknown,2026-07-27 05:55:15
CGK,arrivals,2026-07-26,11:30,11:46,IU923,SJV923,PLM,Palembang International Airport,Super Air Jet,IU,A320,Airbus A320-232,PK-SJP,Landed 11:46,2026-07-27 05:55:15
CGK,arrivals,2026-07-26,11:35,11:25,TG433,THA433,BKK,Bangkok Suvarnabhumi Airport,Thai Airways,TG,A333,Airbus A330-343,HS-TEW,Landed 11:25,2026-07-27 05:55:15
CGK,arrivals,2026-07-26,11:35,11:19,QZ531,AWQ531,KCH,Kuching International Airport,AirAsia (Sustainable ASEAN Tourism Livery),AK,A320,Airbus A320-216,PK-AZS,Landed 11:19,2026-07-27 05:55:15
CGK,arrivals,2026-07-26,11:35,11:17,IP807,PAS807,UPG,Makassar Sultan Hasanuddin International Airport,Pelita Air,IP,A320,Airbus A320-214,PK-PWJ,Landed 11:17,2026-07-27 05:55:15
CGK,arrivals,2026-07-26,11:40,11:29,IU957,SJV957,DTB,Siborong-Borong Silangit Airport,Super Air Jet,IU,A320,Airbus A320-232,PK-SJV,Landed 11:29,2026-07-27 05:55:15
CGK,arrivals,2026-07-26,11:40,11:42,IU763,SJV763,LOP,Lombok International Airport,Super Air Jet,IU,A320,Airbus A320-232,PK-SJA,Landed 11:42,2026-07-27 05:55:15
CGK,arrivals,2026-07-26,11:40,,ID6820,,SUB,Surabaya Juanda International Airport,Batik Air,ID,32A,,,Unknown,2026-07-27 05:55:15
CGK,arrivals,2026-07-26,11:40,11:36,ID6585,BTK6585,SUB,Surabaya Juanda International Airport,Batik Air,ID,B738,Boeing 737-8GP,PK-LDK,Landed 11:36,2026-07-27 05:55:15
CGK,arrivals,2026-07-26,11:40,11:30,GA645,GIA645,GTO,Gorontalo Jalaluddin Airport,Garuda Indonesia (From Nature to Future Livery),GA,B738,Boeing 737-8U3,PK-GFX,Landed 11:30,2026-07-27 05:55:15
CGK,arrivals,2026-07-26,11:40,11:06,AK2353,AXM2353,KBR,Kota Bharu Sultan Ismail Petra Airport,AirAsia,AK,A320,Airbus A320-216,9M-AJY,Landed 11:06,2026-07-27 05:55:15
CGK,arrivals,2026-07-26,11:45,11:56,QG885,CTV885,DTB,Siborong-Borong Silangit Airport,Citilink,QG,A320,Airbus A320-214,PK-GQN,Landed 11:56,2026-07-27 05:55:15
CGK,arrivals,2026-07-26,11:45,,IU857,,BTH,Batam Hang Nadim Airport,Super Air Jet,IU,320,,,Unknown,2026-07-27 05:55:15
CGK,arrivals,2026-07-26,11:45,11:25,IP617,PAS617,BDJ,Banjarmasin Syamsudin Noor Airport,Pelita Air,IP,A320,Airbus A320-214,PK-PWD,Landed 11:25,2026-07-27 05:55:15
CGK,arrivals,2026-07-26,11:45,,IP301,,KNO,Medan Kuala Namu International Airport,Pelita Air,IP,320,,,Unknown,2026-07-27 05:55:15
CGK,arrivals,2026-07-26,11:55,12:03,QZ725,AWQ725,DTB,Siborong-Borong Silangit Airport,AirAsia,AK,A320,Airbus A320-216,PK-AZL,Landed 12:03,2026-07-27 05:55:15
CGK,arrivals,2026-07-26,11:55,11:49,OD346,MXD346,SZB,Kuala Lumpur Subang Airport,Batik Air,ID,B738,Boeing 737-8GP,9M-LNQ,Landed 11:49,2026-07-27 05:55:15
CGK,arrivals,2026-07-26,11:55,,IU255,SJV255,PLW,Palu Mutiara Airport,Super Air Jet,IU,A320,Airbus A320-232,PK-SJQ,Diverted to SRG,2026-07-27 05:55:15
CGK,arrivals,2026-07-26,11:55,11:33,GA303,GIA303,SUB,Surabaya Juanda International Airport,Garuda Indonesia,GA,B738,Boeing 737-86N,PK-GFJ,Landed 11:33,2026-07-27 05:55:15
CGK,arrivals,2026-07-26,12:00,11:48,QG723,CTV723,SUB,Surabaya Juanda International Airport,Citilink,QG,A320,Airbus A320-214,PK-GLG,Landed 11:48,2026-07-27 05:55:15
CGK,arrivals,2026-07-26,12:00,11:39,IP989,PAS989,SIN,Singapore Changi Airport,Pelita Air,IP,A320,Airbus A320-214,PK-PWE,Landed 11:39,2026-07-27 05:55:15
CGK,arrivals,2026-07-26,12:05,11:52,JT715,LNI715,PNK,Pontianak Supadio Airport,Lion Air,JT,B738,Boeing 737-8GP,PK-LJR,Landed 11:52,2026-07-27 05:55:15
CGK,arrivals,2026-07-26,12:05,,IU511,,BPN,Balikpapan Sepinggan Airport,Super Air Jet,IU,320,,,Unknown,2026-07-27 05:55:15
CGK,arrivals,2026-07-26,12:05,12:47,ID6857,BTK6857,PKU,Pekanbaru Sultan Syarif Kasim II Airport,Batik Air,ID,A320,Airbus A320-214,PK-LAJ,Landed 12:47,2026-07-27 05:55:15
CGK,arrivals,2026-07-26,12:05,11:51,GA225,GIA225,SOC,Surakarta Adisumarmo International Airport,Garuda Indonesia,GA,B738,Boeing 737-81M,PK-GUA,Landed 11:51,2026-07-27 05:55:15
CGK,arrivals,2026-07-26,12:10,,IP811,,KDI,Kendari Haluoleo Airport,Pelita Air,IP,A320,Airbus A320-214,PK-PWC,Unknown,2026-07-27 05:55:15
CGK,arrivals,2026-07-26,12:10,11:57,IU813,SJV813,PDG,Padang Minangkabau International Airport,Super Air Jet,IU,A320,Airbus A320-232,PK-SAQ,Landed 11:57,2026-07-27 05:55:15
CGK,arrivals,2026-07-26,12:10,11:42,IP811,PAS811,KDI,Kendari Haluoleo Airport,Pelita Air,IP,A320,Airbus A320-214,PK-PWC,Landed 11:42,2026-07-27 05:55:15
CGK,arrivals,2026-07-26,12:15,11:54,ID6181,BTK6181,DJJ,Jayapura Sentani Airport,Batik Air,ID,B738,Boeing 737-86N,PK-BGZ,Landed 11:54,2026-07-27 05:55:15
CGK,arrivals,2026-07-26,12:15,12:21,CZ3037,CSN3037,CAN,Guangzhou Baiyun International Airport,China Southern Airlines,CZ,A21N,Airbus A321-253NX,B-30F6,Landed 12:21,2026-07-27 05:55:15
CGK,arrivals,2026-07-26,12:20,11:59,IP203,PAS203,SUB,Surabaya Juanda International Airport,Pelita Air,IP,A320,Airbus A320-232,PK-PWL,Landed 11:59,2026-07-27 05:55:15
CGK,arrivals,2026-07-26,12:20,12:07,ID7154,BTK7154,SIN,Singapore Changi Airport,Batik Air,ID,B738,Boeing 737-8GP,PK-LZV,Landed 12:07,2026-07-27 05:55:15
CGK,arrivals,2026-07-26,12:20,12:37,ID6805,BTK6805,DJB,Jambi Sultan Thaha Airport,Batik Air,ID,A320,Airbus A320-214,PK-BKV,Landed 12:37,2026-07-27 05:55:15
CGK,arrivals,2026-07-26,12:20,12:01,GA431,GIA431,LOP,Lombok International Airport,Garuda Indonesia,GA,B738,Boeing 737-8U3,PK-GMD,Landed 12:01,2026-07-27 05:55:15
CGK,arrivals,2026-07-26,12:20,12:28,BI735,RBA735,BWN,Brunei International Airport,Royal Brunei Airlines,BI,A20N,Airbus A320-251N,V8-RBB,Landed 12:28,2026-07-27 05:55:15
CGK,arrivals,2026-07-26,12:25,,SJ75,,PGK,Pangkal Pinang Depati Amir Airport,Sriwijaya Air,SJ,735,,,Unknown,2026-07-27 05:55:15
CGK,arrivals,2026-07-26,12:25,12:11,ID7010,BTK7010,KNO,Medan Kuala Namu International Airport,Batik Air,ID,A320,Airbus A320-232,PK-BKJ,Landed 12:11,2026-07-27 05:55:15
CGK,arrivals,2026-07-26,12:25,12:42,ID6861,BTK6861,BTH,Batam Hang Nadim Airport,Batik Air,ID,A320,Airbus A320-214,PK-BLC,Landed 12:42,2026-07-27 05:55:15
CGK,arrivals,2026-07-26,12:25,12:10,ID6567,BTK6567,MLG,Malang Abdul Rachman Saleh Airport,Batik Air,ID,A320,Airbus A320-214,PK-LUH,Landed 12:10,2026-07-27 05:55:15
CGK,arrivals,2026-07-26,12:25,12:07,GA665,GIA665,DJJ,Jayapura Sentani Airport,Garuda Indonesia,GA,B738,Boeing 737-8U3,PK-GNC,Landed 12:07,2026-07-27 05:55:15
CGK,arrivals,2026-07-26,12:30,12:31,8B152,TNU152,SIN,Singapore Changi Airport,TransNusa,8B,A321,Airbus A321-211,PK-TLM,Landed 12:31,2026-07-27 05:55:15
CGK,arrivals,2026-07-26,12:30,12:44,VJ855,VJC855,SGN,Ho Chi Minh City International Airport,VietJet Air,VJ,A21N,Airbus A321-271NX,VN-A525,Landed 12:44,2026-07-27 05:55:15
CGK,arrivals,2026-07-26,12:35,12:40,SJ73,SJY073,PGK,Pangkal Pinang Depati Amir Airport,Sriwijaya Air,SJ,B735,Boeing 737-524,PK-CLH,Landed 12:40,2026-07-27 05:55:15
CGK,arrivals,2026-07-26,12:35,12:35,QG985,CTV985,PLM,Palembang International Airport,Citilink,QG,A20N,Airbus A320-251N,PK-GTF,Landed 12:35,2026-07-27 05:55:15
CGK,arrivals,2026-07-26,12:35,12:00,MF867,CXA867,XMN,Xiamen Gaoqi International Airport,Xiamen Air,MF,B38M,Boeing 737 MAX 8,B-225F,Landed 12:00,2026-07-27 05:55:15
CGK,arrivals,2026-07-26,12:35,12:27,JT697,LNI697,SUB,Surabaya Juanda International Airport,Lion Air,JT,B738,Boeing 737-8GP,PK-LKQ,Landed 12:27,2026-07-27 05:55:15
CGK,arrivals,2026-07-26,12:35,,JT122,,SUB,Surabaya Juanda International Airport,Lion Air,JT,739,,,Unknown,2026-07-27 05:55:15
CGK,arrivals,2026-07-26,12:35,12:39,GA127,GIA127,DJB,Jambi Sultan Thaha Airport,Garuda Indonesia,GA,B738,Boeing 737-8U3,PK-GFV,Landed 12:39,2026-07-27 05:55:15
CGK,arrivals,2026-07-26,12:40,12:18,IU371,SJV371,BWX,Blimbingsari Airport,Super Air Jet,IU,A320,Airbus A320-232,PK-SJL,Landed 12:18,2026-07-27 05:55:15
CGK,arrivals,2026-07-26,12:40,12:44,GA175,GIA175,PKU,Pekanbaru Sultan Syarif Kasim II Airport,Garuda Indonesia,GA,B738,Boeing 737-8U3,PK-GMP,Landed 12:44,2026-07-27 05:55:15
CGK,arrivals,2026-07-26,12:40,12:50,AK351,AXM351,KUL,Kuala Lumpur International Airport,AirAsia,AK,A20N,Airbus A320-251N,9M-AGE,Landed 12:50,2026-07-27 05:55:15
CGK,arrivals,2026-07-26,12:45,12:31,GA611,GIA611,UPG,Makassar Sultan Hasanuddin International Airport,Garuda Indonesia,GA,B738,Boeing 737-8U3,PK-GMX,Landed 12:31,2026-07-27 05:55:15
CGK,arrivals,2026-07-26,12:50,12:33,GA327,GIA327,SUB,Surabaya Juanda International Airport,Garuda Indonesia,GA,B738,Boeing 737-8U3,PK-GMI,Landed 12:33,2026-07-27 05:55:15
CGK,arrivals,2026-07-26,12:50,12:25,GA185,GIA185,KNO,Medan Kuala Namu International Airport,Garuda Indonesia,GA,B738,Boeing 737-8SH,PK-GUD,Landed 12:25,2026-07-27 05:55:15
CGK,arrivals,2026-07-26,12:55,13:14,WY849,OMA849,MCT,Muscat International Airport,Oman Air,WY,B789,Boeing 787-9 Dreamliner,A4O-SJ,Landed 13:14,2026-07-27 05:55:15
CGK,arrivals,2026-07-26,12:55,,IU513,,BPN,Balikpapan Sepinggan Airport,Super Air Jet,IU,320,,,Unknown,2026-07-27 05:55:15
CGK,arrivals,2026-07-26,12:55,,ID6818,,YIA,Yogyakarta International Airport,Batik Air,ID,32A,,,Unknown,2026-07-27 05:55:15
CGK,arrivals,2026-07-26,12:55,13:19,ID6379,BTK6379,YIA,Yogyakarta International Airport,Batik Air,ID,A320,Airbus A320-232,PK-BKO,Landed 13:19,2026-07-27 05:55:15
CGK,arrivals,2026-07-26,12:55,12:51,GA407,GIA407,DPS,Denpasar Ngurah Rai International Airport,Garuda Indonesia,GA,B738,Boeing 737-8U3,PK-GFF,Landed 12:51,2026-07-27 05:55:15
CGK,arrivals,2026-07-26,13:00,13:07,VN631,HVN631,SGN,Ho Chi Minh City International Airport,Vietnam Airlines,VN,A321,Airbus A321-231,VN-A609,Landed 13:07,2026-07-27 05:55:15
CGK,arrivals,2026-07-26,13:00,13:39,VJ929,VJC929,HAN,Hanoi Noi Bai International Airport,VietJet Air,VJ,A321,Airbus A321-211,VN-A684,Landed 13:39,2026-07-27 05:55:15
CGK,arrivals,2026-07-26,13:00,12:36,QG977,CTV977,TJQ,Tanjung Pandan Buluh Tumbang Airport,Citilink,QG,A320,Airbus A320-214,PK-GQC,Landed 12:36,2026-07-27 05:55:15
CGK,arrivals,2026-07-26,13:00,12:46,QG719,CTV719,SUB,Surabaya Juanda International Airport,Citilink,QG,A320,Airbus A320-214,PK-GLL,Landed 12:46,2026-07-27 05:55:15
CGK,arrivals,2026-07-26,13:00,12:48,QG447,CTV447,BPN,Balikpapan Sepinggan Airport,Citilink,QG,A320,Airbus A320-214,PK-GQS,Landed 12:48,2026-07-27 05:55:15
CGK,arrivals,2026-07-26,13:00,13:02,OD388,MXD388,KUL,Kuala Lumpur International Airport,Batik Air,ID,B738,Boeing 737-8GP,9M-LNC,Landed 13:02,2026-07-27 05:55:15
CGK,arrivals,2026-07-26,13:00,13:02,JT31,LNI031,DPS,Denpasar Ngurah Rai International Airport,Lion Air,JT,B738,Boeing 737-8GP,PK-LKH,Landed 13:02,2026-07-27 05:55:15
CGK,arrivals,2026-07-26,13:05,,SJ61,,DJB,Jambi Sultan Thaha Airport,Sriwijaya Air,SJ,735,,,Unknown,2026-07-27 05:55:15
CGK,arrivals,2026-07-26,13:05,14:45,JT171,LNI171,TKG,Bandar Lampung Radin Inten II Airport,Lion Air,JT,B738,Boeing 737-8GP,PK-LJR,Landed 14:45,2026-07-27 05:55:15
CGK,arrivals,2026-07-26,13:10,13:30,QG933,CTV933,PKU,Pekanbaru Sultan Syarif Kasim II Airport,Citilink,QG,A320,Airbus A320-214,PK-GLI,Landed 13:30,2026-07-27 05:55:15
CGK,arrivals,2026-07-26,13:10,13:11,QG491,CTV491,BDJ,Banjarmasin Syamsudin Noor Airport,Citilink (Tiket.com Livery),QG,A320,Airbus A320-214,PK-GLW,Landed 13:11,2026-07-27 05:55:15
CGK,arrivals,2026-07-26,13:10,,CX777,,HKG,Hong Kong International Airport,Cathay Pacific,CX,333,,,Canceled,2026-07-27 05:55:15
CGK,arrivals,2026-07-26,13:15,13:00,QG913,CTV913,KNO,Medan Kuala Namu International Airport,Citilink,QG,A320,Airbus A320-214,PK-GLX,Landed 13:00,2026-07-27 05:55:12
CGK,arrivals,2026-07-26,13:15,12:57,QG753,CTV753,MLG,Malang Abdul Rachman Saleh Airport,Citilink,QG,A320,Airbus A320-214,PK-GLS,Landed 12:57,2026-07-27 05:55:12
CGK,arrivals,2026-07-26,13:15,,JT713,,PNK,Pontianak Supadio Airport,Lion Air,JT,738,,,Unknown,2026-07-27 05:55:15
CGK,arrivals,2026-07-26,13:15,12:54,ID7780,BTK7780,SOQ,Sorong Dominique Edward Osok Airport,Batik Air,ID,A320,Airbus A320-214,PK-LUZ,Landed 12:54,2026-07-27 05:55:15
CGK,arrivals,2026-07-26,13:20,13:21,QZ223,AWQ223,PEN,Penang International Airport,AirAsia (Dnars Indonesia Livery),AK,A320,Airbus A320-216,PK-AZN,Landed 13:21,2026-07-27 05:55:12
CGK,arrivals,2026-07-26,13:20,13:28,QG971,CTV971,PGK,Pangkal Pinang Depati Amir Airport,Citilink,QG,A320,Airbus A320-214,PK-GQK,Landed 13:28,2026-07-27 05:55:12
CGK,arrivals,2026-07-26,13:20,13:26,IU831,SJV831,BKS,Bengkulu Fatmawati Soekarno Airport,Super Air Jet,IU,A320,Airbus A320-232,PK-SJZ,Landed 13:26,2026-07-27 05:55:12
CGK,arrivals,2026-07-26,13:20,13:13,IU823,SJV823,PGK,Pangkal Pinang Depati Amir Airport,Super Air Jet,IU,A320,Airbus A320-232,PK-SJI,Landed 13:13,2026-07-27 05:55:12
CGK,arrivals,2026-07-26,13:20,12:56,BR237,EVA237,TPE,Taipei Taoyuan International Airport,EVA Air,BR,B789,Boeing 787-9 Dreamliner,B-17890,Landed 12:56,2026-07-27 05:55:12
CGK,arrivals,2026-07-26,13:20,13:35,GA961,GIA961,MED,Medina Prince Mohammad bin Abdulaziz Airport,Garuda Indonesia (Retro Livery),GA,B77W,Boeing 777-3U3(ER),PK-GIK,Landed 13:35,2026-07-27 05:55:12
CGK,arrivals,2026-07-26,13:25,13:10,ID6825,BTK6825,TNJ,Tanjung Pinang Raja Haji Fisabilillah Airport,Batik Air,ID,A320,Airbus A320-214,PK-LAW,Landed 13:10,2026-07-27 05:55:12
CGK,arrivals,2026-07-26,13:25,13:07,ID6339,BTK6339,SRG,Semarang Achmad Yani International Airport,Batik Air,ID,A320,Airbus A320-214,PK-LUK,Landed 13:07,2026-07-27 05:55:12
CGK,arrivals,2026-07-26,13:25,13:24,SQ958,SIA958,SIN,Singapore Changi Airport,Singapore Airlines,SQ,A359,Airbus A350-941,9V-SJI,Landed 13:24,2026-07-27 05:55:12
CGK,arrivals,2026-07-26,13:25,,SJ5891,,UPG,Makassar Sultan Hasanuddin International Airport,Sriwijaya Air,SJ,738,,,Unknown,2026-07-27 05:55:12
CGK,arrivals,2026-07-26,13:25,,SJ5981,,UPG,Makassar Sultan Hasanuddin International Airport,Sriwijaya Air,SJ,B735,Boeing 737-524,PK-CLF,Unknown,2026-07-27 05:55:12
CGK,arrivals,2026-07-26,13:25,13:53,SJ581,SJY581,UPG,Makassar Sultan Hasanuddin International Airport,Sriwijaya Air,SJ,B735,Boeing 737-524,PK-CLF,Landed 13:53,2026-07-27 05:55:12
CGK,arrivals,2026-07-26,13:25,,JT211,,KNO,Medan Kuala Namu International Airport,Lion Air,JT,739,,,Unknown,2026-07-27 05:55:12
CGK,arrivals,2026-07-26,13:25,15:58,IU843,SJV843,DJB,Jambi Sultan Thaha Airport,Super Air Jet,IU,A320,Airbus A320-232,PK-SJH,Landed 15:58,2026-07-27 05:55:12
CGK,arrivals,2026-07-26,13:25,13:04,IP603,PAS603,BPN,Balikpapan Sepinggan Airport,Pelita Air,IP,A320,Airbus A320-214,PK-PWG,Landed 13:04,2026-07-27 05:55:12
CGK,arrivals,2026-07-26,13:25,,ID6898,,SRG,Semarang Achmad Yani International Airport,Batik Air,ID,32A,,,Unknown,2026-07-27 05:55:12
CGK,arrivals,2026-07-26,13:25,13:39,ID6711,BTK6711,TKG,Bandar Lampung Radin Inten II Airport,Batik Air,ID,A320,Airbus A320-232,PK-BLB,Landed 13:39,2026-07-27 05:55:12
CGK,arrivals,2026-07-26,13:25,,ID6266,,TKG,Bandar Lampung Radin Inten II Airport,Batik Air,ID,32A,,,Unknown,2026-07-27 05:55:12
CGK,arrivals,2026-07-26,13:25,01:35,GA863,GIA863,HKG,Hong Kong International Airport,Garuda Indonesia,GA,B738,Boeing 737-8U3,PK-GMI,Landed 01:35,2026-07-27 05:55:12
CGK,arrivals,2026-07-26,13:25,13:04,GA829,GIA829,SIN,Singapore Changi Airport,Garuda Indonesia,GA,B738,Boeing 737-8U3,PK-GMY,Landed 13:04,2026-07-27 05:55:12
CGK,arrivals,2026-07-26,13:30,,GA581,,AAP,Samarinda AP Tumenggung Pranoto Airport,Garuda Indonesia,GA,B738,Boeing 737-81D,PK-GFR,Unknown,2026-07-27 05:55:12
CGK,arrivals,2026-07-26,13:30,13:46,UL364,ALK364,CMB,Colombo Bandaranaike International Airport,SriLankan Airlines,UL,A21N,Airbus A321-251N,4R-ANF,Landed 13:46,2026-07-27 05:55:12
CGK,arrivals,2026-07-26,13:30,13:30,TR308,TGW308,SIN,Singapore Changi Airport,Scoot,TR,A20N,Airbus A320-271N,9V-TNE,Landed 13:30,2026-07-27 05:55:12
CGK,arrivals,2026-07-26,13:30,13:14,QG641,CTV641,LOP,Lombok International Airport,Citilink,QG,A320,Airbus A320-214,PK-GLM,Landed 13:14,2026-07-27 05:55:12
CGK,arrivals,2026-07-26,13:30,13:41,IN171,LKN171,SMQ,Sampit Airport,Nam Air,IN,B735,Boeing 737-524,PK-NAQ,Landed 13:41,2026-07-27 05:55:12
CGK,arrivals,2026-07-26,13:30,,ID6750,,UPG,Makassar Sultan Hasanuddin International Airport,Batik Air,ID,32A,,,Unknown,2026-07-27 05:55:12
CGK,arrivals,2026-07-26,13:30,,ID6708,,UPG,Makassar Sultan Hasanuddin International Airport,Batik Air,ID,738,,,Unknown,2026-07-27 05:55:12
CGK,arrivals,2026-07-26,13:30,13:16,ID6183,BTK6183,UPG,Makassar Sultan Hasanuddin International Airport,Batik Air,ID,B738,Boeing 737-8GP,PK-LBS,Landed 13:16,2026-07-27 05:55:12
CGK,arrivals,2026-07-26,13:30,13:22,GA581,GIA581,AAP,Samarinda AP Tumenggung Pranoto Airport,Garuda Indonesia,GA,B738,Boeing 737-81D,PK-GFR,Landed 13:22,2026-07-27 05:55:12
CGK,arrivals,2026-07-26,13:30,19:56,CX3249,CPA3249,HKG,Hong Kong International Airport,Cathay Cargo,CX,B744,Boeing 747-467F(ER),B-LIC,Landed 19:56,2026-07-27 05:55:12
CGK,arrivals,2026-07-26,13:35,13:31,ID7158,BTK7158,SIN,Singapore Changi Airport,Batik Air,ID,B738,Boeing 737-8GP,PK-LBW,Landed 13:31,2026-07-27 05:55:12
CGK,arrivals,2026-07-26,13:35,13:09,CI761,CAL761,TPE,Taipei Taoyuan International Airport,China Airlines,CI,A359,Airbus A350-941,B-18902,Landed 13:09,2026-07-27 05:55:12
CGK,arrivals,2026-07-26,13:40,13:44,QG991,CTV991,BKS,Bengkulu Fatmawati Soekarno Airport,Citilink,QG,A320,Airbus A320-214,PK-GQO,Landed 13:44,2026-07-27 05:55:12
CGK,arrivals,2026-07-26,13:40,14:10,IU879,SJV879,PLM,Palembang International Airport,Super Air Jet,IU,A320,Airbus A320-232,PK-STS,Landed 14:10,2026-07-27 05:55:12
CGK,arrivals,2026-07-26,13:40,13:37,IP103,PAS103,DPS,Denpasar Ngurah Rai International Airport,Pelita Air,IP,A320,Airbus A320-214,PK-PWP,Landed 13:37,2026-07-27 05:55:12
CGK,arrivals,2026-07-26,13:40,13:44,ID6171,BTK6171,AMQ,Ambon Pattimura Airport,Batik Air,ID,A320,Airbus A320-214,PK-LAI,Landed 13:44,2026-07-27 05:55:12
CGK,arrivals,2026-07-26,13:40,13:27,GA137,GIA137,PGK,Pangkal Pinang Depati Amir Airport,Garuda Indonesia,GA,B738,Boeing 737-8U3,PK-GMA,Landed 13:27,2026-07-27 05:55:12
CGK,arrivals,2026-07-26,13:40,13:33,GA109,GIA109,PLM,Palembang International Airport,Garuda Indonesia,GA,B738,Boeing 737-8U3,PK-GNA,Landed 13:33,2026-07-27 05:55:12
CGK,arrivals,2026-07-26,13:50,13:55,GA567,GIA567,BPN,Balikpapan Sepinggan Airport,Garuda Indonesia,GA,B738,Boeing 737-8U3,PK-GNH,Landed 13:55,2026-07-27 05:55:12
CGK,arrivals,2026-07-26,13:50,13:41,GA413,GIA413,DPS,Denpasar Ngurah Rai International Airport,Garuda Indonesia (Pocari Sweat Livery),GA,B738,Boeing 737-86N,PK-GNN,Landed 13:41,2026-07-27 05:55:12
CGK,arrivals,2026-07-26,13:55,14:42,IU603,SJV603,BPN,Balikpapan Sepinggan Airport,Super Air Jet,IU,A320,Airbus A320-232,PK-STZ,Landed 14:42,2026-07-27 05:55:12
CGK,arrivals,2026-07-26,13:55,,GA155,,BTH,Batam Hang Nadim Airport,Garuda Indonesia,GA,738,,,Canceled,2026-07-27 05:55:12
CGK,arrivals,2026-07-26,13:55,13:52,GA149,GIA149,PDG,Padang Minangkabau International Airport,Garuda Indonesia,GA,B738,Boeing 737-8SH,PK-GUJ,Landed 13:52,2026-07-27 05:55:12
CGK,arrivals,2026-07-26,13:55,14:02,SV820,SVA820,MED,Medina Prince Mohammad bin Abdulaziz Airport,Saudia,SV,B77W,Boeing 777-31H(ER),9H-AZE,Landed 14:02,2026-07-27 05:55:12
CGK,arrivals,2026-07-26,14:00,13:48,GA821,GIA821,KUL,Kuala Lumpur International Airport,Garuda Indonesia,GA,B738,Boeing 737-8U3,PK-GMM,Landed 13:48,2026-07-27 05:55:12
CGK,arrivals,2026-07-26,14:05,14:40,IU627,SJV627,BDJ,Banjarmasin Syamsudin Noor Airport,Super Air Jet (Xpora Livery),IU,A320,Airbus A320-232,PK-SAE,Landed 14:40,2026-07-27 05:55:12
CGK,arrivals,2026-07-26,14:05,13:48,IU357,SJV357,DHX,Kediri Dhoho International Airport,Super Air Jet,IU,A320,Airbus A320-232,PK-STA,Landed 13:48,2026-07-27 05:55:12
CGK,arrivals,2026-07-26,14:05,13:56,GA141,GIA141,BTJ,Banda Aceh International Airport,Garuda Indonesia,GA,B738,Boeing 737-8SA,PK-GUH,Landed 13:56,2026-07-27 05:55:12
CGK,arrivals,2026-07-26,14:05,14:06,GA983,GIA983,JED,Jeddah King Abdulaziz International Airport,Garuda Indonesia,GA,B77W,Boeing 777-3U3(ER),PK-GIH,Landed 14:06,2026-07-27 05:55:12
CGK,arrivals,2026-07-26,14:10,,JT35,,DPS,Denpasar Ngurah Rai International Airport,Lion Air,JT,B738,Boeing 737-8GP,PK-LKH,Unknown,2026-07-27 05:55:12
CGK,arrivals,2026-07-26,14:10,14:01,ID6257,BTK6257,AAP,Samarinda AP Tumenggung Pranoto Airport,Batik Air,ID,A320,Airbus A320-214,PK-BLD,Landed 14:01,2026-07-27 05:55:12
CGK,arrivals,2026-07-26,14:14,14:15,IU255,SJV255,SRG,Semarang Achmad Yani International Airport,Super Air Jet,IU,A320,Airbus A320-232,PK-SJQ,Landed 14:15,2026-07-27 05:55:12
CGK,arrivals,2026-07-26,14:15,13:58,QG717,CTV717,SUB,Surabaya Juanda International Airport,Citilink,QG,A320,Airbus A320-214,PK-GQH,Landed 13:58,2026-07-27 05:55:12
CGK,arrivals,2026-07-26,14:20,14:19,ID6865,BTK6865,BTH,Batam Hang Nadim Airport,Batik Air,ID,A320,Airbus A320-214,PK-BKU,Landed 14:19,2026-07-27 05:55:12
CGK,arrivals,2026-07-26,14:20,13:46,QG437,CTV437,BPN,Balikpapan Sepinggan Airport,Citilink,QG,A320,Airbus A320-214,PK-GLY,Landed 13:46,2026-07-27 05:55:12
CGK,arrivals,2026-07-26,14:20,14:23,ID6659,BTK6659,LOP,Lombok International Airport,Batik Air,ID,A320,Airbus A320-214,PK-BKP,Landed 14:23,2026-07-27 05:55:12
CGK,arrivals,2026-07-26,14:25,14:32,GA409,GIA409,DPS,Denpasar Ngurah Rai International Airport,Garuda Indonesia,GA,B738,Boeing 737-81M,PK-GUC,Landed 14:32,2026-07-27 05:55:12
CGK,arrivals,2026-07-26,14:30,14:11,8B5531,TNU5531,YIA,Yogyakarta International Airport,TransNusa,8B,A320,Airbus A320-214,PK-TLD,Landed 14:11,2026-07-27 05:55:12
CGK,arrivals,2026-07-26,14:30,14:08,GA619,GIA619,UPG,Makassar Sultan Hasanuddin International Airport,Garuda Indonesia,GA,B738,Boeing 737-8BK,PK-GFG,Landed 14:08,2026-07-27 05:55:12
CGK,arrivals,2026-07-26,14:30,14:14,AK384,AXM384,KUL,Kuala Lumpur International Airport,AirAsia,AK,A320,Airbus A320-216,9M-RAD,Landed 14:14,2026-07-27 05:55:12
CGK,arrivals,2026-07-26,14:40,13:50,8B5107,TNU5107,DPS,Denpasar Ngurah Rai International Airport,TransNusa,8B,AJ27,Comac ARJ-21-700,PK-TJB,Landed 13:50,2026-07-27 05:55:12
CGK,arrivals,2026-07-26,14:40,,JT1943,,UPG,Makassar Sultan Hasanuddin International Airport,Lion Air,JT,739,,,Unknown,2026-07-27 05:55:12
CGK,arrivals,2026-07-26,14:40,14:29,JT985,LNI985,UPG,Makassar Sultan Hasanuddin International Airport,Lion Air,JT,B739,Boeing 737-9GP(ER),PK-LFW,Landed 14:29,2026-07-27 05:55:12
CGK,arrivals,2026-07-26,14:40,,IU815,,PDG,Padang Minangkabau International Airport,Super Air Jet,IU,320,,,Unknown,2026-07-27 05:55:12
CGK,arrivals,2026-07-26,14:40,14:19,ID7532,BTK7532,SOC,Surakarta Adisumarmo International Airport,Batik Air,ID,A320,Airbus A320-214,PK-LAL,Landed 14:19,2026-07-27 05:55:12
CGK,arrivals,2026-07-26,14:45,14:26,QG791,CTV791,SRG,Semarang Achmad Yani International Airport,Citilink,QG,A320,Airbus A320-214,PK-GQA,Landed 14:26,2026-07-27 05:55:12
CGK,arrivals,2026-07-26,14:45,,JT1949,,UPG,Makassar Sultan Hasanuddin International Airport,Lion Air,JT,739,,,Unknown,2026-07-27 05:55:12
CGK,arrivals,2026-07-26,14:45,,JT1897,,UPG,Makassar Sultan Hasanuddin International Airport,Lion Air,JT,738,,,Unknown,2026-07-27 05:55:12
CGK,arrivals,2026-07-26,14:45,,JT987,,UPG,Makassar Sultan Hasanuddin International Airport,Lion Air,JT,738,,,Unknown,2026-07-27 05:55:12
CGK,arrivals,2026-07-26,14:45,,JT372,,UPG,Makassar Sultan Hasanuddin International Airport,Lion Air,JT,739,,,Unknown,2026-07-27 05:55:12
CGK,arrivals,2026-07-26,14:45,16:12,ID6871,BTK6871,PLM,Palembang International Airport,Batik Air,ID,A320,Airbus A320-232,PK-BKM,Landed 16:12,2026-07-27 05:55:12
CGK,arrivals,2026-07-26,14:50,15:10,6E1601,IGO1601,BOM,Mumbai Chhatrapati Shivaji International Airport,IndiGo,6E,A20N,Airbus A320-251N,VT-IIW,Landed 15:10,2026-07-27 05:55:12
CGK,arrivals,2026-07-26,14:50,14:37,QG633,CTV633,LBJ,Labuan Bajo Komodo Airport,Citilink,QG,A320,Airbus A320-214,PK-GQP,Landed 14:37,2026-07-27 05:55:12
CGK,arrivals,2026-07-26,14:55,14:57,QG687,CTV687,DPS,Denpasar Ngurah Rai International Airport,Citilink (Tiket.com Livery),QG,A320,Airbus A320-214,PK-GLZ,Landed 14:57,2026-07-27 05:55:12
CGK,arrivals,2026-07-26,14:55,14:54,IU651,SJV651,PKY,Palangkaraya Tjilik Riwut Airport,Super Air Jet,IU,A320,Airbus A320-232,PK-SJJ,Landed 14:54,2026-07-27 05:55:12
CGK,arrivals,2026-07-26,14:55,14:46,GA657,GIA657,DJJ,Jayapura Sentani Airport,Garuda Indonesia (Livin' by Mandiri Livery),GA,B738,Boeing 737-86N,PK-GFI,Landed 14:46,2026-07-27 05:55:12
CGK,arrivals,2026-07-26,15:00,14:56,QG943,CTV943,BTH,Batam Hang Nadim Airport,Citilink,QG,A320,Airbus A320-214,PK-GLT,Landed 14:56,2026-07-27 05:55:12
CGK,arrivals,2026-07-26,15:00,,IU913,,PKU,Pekanbaru Sultan Syarif Kasim II Airport,Super Air Jet,IU,320,,,Unknown,2026-07-27 05:55:12
CGK,arrivals,2026-07-26,15:00,14:35,IP205,PAS205,SUB,Surabaya Juanda International Airport,Pelita Air,IP,A320,Airbus A320-216,PK-PWN,Landed 14:35,2026-07-27 05:55:12
CGK,arrivals,2026-07-26,15:00,14:43,GA209,GIA209,YIA,Yogyakarta International Airport,Garuda Indonesia,GA,B738,Boeing 737-8U3,PK-GFD,Landed 14:43,2026-07-27 05:55:12
CGK,arrivals,2026-07-26,15:05,15:06,QZ815,AWQ815,DPS,Denpasar Ngurah Rai International Airport,AirAsia (Colours of Indonesia Livery),AK,A320,Airbus A320-216,PK-AXD,Landed 15:06,2026-07-27 05:55:12
CGK,arrivals,2026-07-26,15:05,14:35,MH721,MAS721,KUL,Kuala Lumpur International Airport,Malaysia Airlines (Malaysia Negaraku Livery),MH,B738,Boeing 737-8H6,9M-MXU,Landed 14:35,2026-07-27 05:55:12
CGK,arrivals,2026-07-26,15:05,15:29,IP343,PAS343,BTJ,Banda Aceh International Airport,Pelita Air,IP,A320,Airbus A320-214,PK-PWA,Landed 15:29,2026-07-27 05:55:12
CGK,arrivals,2026-07-26,15:10,14:49,QG419,CTV419,PNK,Pontianak Supadio Airport,Citilink,QG,A320,Airbus A320-214,PK-GQE,Landed 14:49,2026-07-27 05:55:12
CGK,arrivals,2026-07-26,15:10,,ID8173,,TKG,Bandar Lampung Radin Inten II Airport,Batik Air,ID,32A,,,Canceled,2026-07-27 05:55:12
CGK,arrivals,2026-07-26,15:15,15:21,ID6527,BTK6527,LBJ,Labuan Bajo Komodo Airport,Batik Air,ID,A320,Airbus A320-214,PK-LAM,Landed 15:21,2026-07-27 05:55:12
CGK,arrivals,2026-07-26,15:15,15:34,GA187,GIA187,KNO,Medan Kuala Namu International Airport,Garuda Indonesia,GA,B738,Boeing 737-8U3,PK-GNG,Landed 15:34,2026-07-27 05:55:12
CGK,arrivals,2026-07-26,15:15,15:02,GA75,GIA075,TKG,Bandar Lampung Radin Inten II Airport,Garuda Indonesia (From Nature to Future Livery),GA,B738,Boeing 737-8U3,PK-GFX,Landed 15:02,2026-07-27 05:55:12
CGK,arrivals,2026-07-26,15:20,15:22,IP633,PAS633,PNK,Pontianak Supadio Airport,Pelita Air,IP,A320,Airbus A320-214,PK-PWQ,Landed 15:22,2026-07-27 05:55:12
CGK,arrivals,2026-07-26,15:20,15:27,IN191,LKN191,PKN,Pangkalan Bun Iskandar Airport,NAM Air,IN,B735,Boeing 737-524,PK-NAS,Unknown,2026-07-27 05:55:12
CGK,arrivals,2026-07-26,15:20,14:53,ID7283,BTK7283,KUL,Kuala Lumpur International Airport,Batik Air,ID,B738,Boeing 737-8GP,PK-LZZ,Landed 14:53,2026-07-27 05:55:12
CGK,arrivals,2026-07-26,15:25,,SJ53,,TJQ,Tanjung Pandan Buluh Tumbang Airport,Sriwijaya Air,SJ,735,,,Unknown,2026-07-27 05:55:12
CGK,arrivals,2026-07-26,15:25,15:45,JT385,LNI385,KNO,Medan Kuala Namu International Airport,Lion Air,JT,B39M,Boeing 737 MAX 9,PK-LRH,Landed 15:45,2026-07-27 05:55:12
CGK,arrivals,2026-07-26,15:25,16:39,GA895,GIA895,PVG,Shanghai Pudong International Airport,Garuda Indonesia (74th Anniversary Livery),GA,A333,Airbus A330-343,PK-GPZ,Landed 16:39,2026-07-27 05:55:12
CGK,arrivals,2026-07-26,15:25,15:09,GA605,GIA605,UPG,Makassar Sultan Hasanuddin International Airport,Garuda Indonesia,GA,B738,Boeing 737-8U3,PK-GFP,Landed 15:09,2026-07-27 05:55:12
CGK,arrivals,2026-07-26,15:30,15:31,GA653,GIA653,DPS,Denpasar Ngurah Rai International Airport,Garuda Indonesia,GA,B738,Boeing 737-8U3,PK-GNM,Landed 15:31,2026-07-27 05:55:12
CGK,arrivals,2026-07-26,15:35,16:47,8B5285,TNU5285,SKJ,Singkawang Airport,TransNusa,8B,A320,Airbus A320-214,PK-TLC,Landed 16:47,2026-07-27 05:55:09
CGK,arrivals,2026-07-26,15:35,16:00,QR956,QTR956,DOH,Doha Hamad International Airport,Qatar Airways,QR,A359,Airbus A350-941,A7-ALR,Landed 16:00,2026-07-27 05:55:09
CGK,arrivals,2026-07-26,15:35,15:35,QG737,CTV737,SUB,Surabaya Juanda International Airport,Citilink,QG,A320,Airbus A320-214,PK-GLV,Landed 15:35,2026-07-27 05:55:09
CGK,arrivals,2026-07-26,15:35,15:14,ID7156,BTK7156,SIN,Singapore Changi Airport,Batik Air,ID,B738,Boeing 737-8GP,PK-LBK,Landed 15:14,2026-07-27 05:55:12
CGK,arrivals,2026-07-26,15:35,17:53,ID6801,BTK6801,BUU,Muara Bungo Airport,Batik Air,ID,A320,Airbus A320-214,PK-LAJ,Landed 17:53,2026-07-27 05:55:12
CGK,arrivals,2026-07-26,15:40,,JT33,,DPS,Denpasar Ngurah Rai International Airport,Lion Air,JT,738,,,Unknown,2026-07-27 05:55:09
CGK,arrivals,2026-07-26,15:40,15:44,ID6657,BTK6657,LOP,Lombok International Airport,Batik Air,ID,B738,Boeing 737-8U3,PK-BGF,Landed 15:44,2026-07-27 05:55:09
CGK,arrivals,2026-07-26,15:40,15:18,GA879,GIA879,ICN,Seoul Incheon International Airport,Garuda Indonesia (Ayo Pakai Masker Livery),GA,A333,Airbus A330-343,PK-GHC,Landed 15:18,2026-07-27 05:55:09
CGK,arrivals,2026-07-26,15:40,16:51,EK356,UAE356,DXB,Dubai International Airport,Emirates,EK,B77W,Boeing 777-31H(ER),A6-ENC,Landed 16:51,2026-07-27 05:55:09
CGK,arrivals,2026-07-26,15:45,16:17,8B674,TNU674,KUL,Kuala Lumpur International Airport,TransNusa,8B,A321,Airbus A321-211,PK-TLG,Landed 16:17,2026-07-27 05:55:09
CGK,arrivals,2026-07-26,15:45,16:03,QG907,CTV907,BKS,Bengkulu Fatmawati Soekarno Airport,Citilink,QG,A320,Airbus A320-214,PK-GQN,Landed 16:03,2026-07-27 05:55:09
CGK,arrivals,2026-07-26,15:45,15:38,GA513,GIA513,PNK,Pontianak Supadio Airport,Garuda Indonesia,GA,B38M,Boeing 737 MAX 8,PK-GDC,Landed 15:38,2026-07-27 05:55:09
CGK,arrivals,2026-07-26,15:50,15:25,QG453,CTV453,PKY,Palangkaraya Tjilik Riwut Airport,Citilink Garuda Indonesia,QG,A320,Airbus A320-214,PK-GQT,Landed 15:25,2026-07-27 05:55:09
CGK,arrivals,2026-07-26,15:50,16:18,GA433,GIA433,LOP,Lombok International Airport,Garuda Indonesia,GA,B738,Boeing 737-8U3,PK-GMV,Landed 16:18,2026-07-27 05:55:09
CGK,arrivals,2026-07-26,15:55,16:06,QG997,CTV997,TKG,Bandar Lampung Radin Inten II Airport,Citilink,QG,A320,Airbus A320-214,PK-GLX,Landed 16:06,2026-07-27 05:55:09
CGK,arrivals,2026-07-26,16:00,17:50,SV818,SVA818,JED,Jeddah King Abdulaziz International Airport,Saudia,SV,B77W,Boeing 777-368(ER),HZ-AK14,Landed 17:50,2026-07-27 05:55:09
CGK,arrivals,2026-07-26,16:00,15:54,SJ599,SJY599,UPG,Makassar Sultan Hasanuddin International Airport,BBN Airlines Indonesia,0B,B738,Boeing 737-8BK,PK-BBF,Landed 15:54,2026-07-27 05:55:09
CGK,arrivals,2026-07-26,16:00,15:25,NH855,ANA855,HND,Tokyo Haneda International Airport,All Nippon Airways,NH,B789,Boeing 787-9 Dreamliner,JA885A,Landed 15:25,2026-07-27 05:55:09
CGK,arrivals,2026-07-26,16:00,17:29,ID6253,BTK6253,BPN,Balikpapan Sepinggan Airport,Batik Air,ID,A320,Airbus A320-214,PK-BKQ,Landed 17:29,2026-07-27 05:55:09
CGK,arrivals,2026-07-26,16:00,17:02,ID6343,BTK6343,SRG,Semarang Achmad Yani International Airport,Batik Air,ID,A320,Airbus A320-214,PK-BKV,Landed 17:02,2026-07-27 05:55:09
CGK,arrivals,2026-07-26,16:05,15:38,SQ960,SIA960,SIN,Singapore Changi Airport,Singapore Airlines,SQ,A359,Airbus A350-941,9V-SHG,Landed 15:38,2026-07-27 05:55:09
CGK,arrivals,2026-07-26,16:05,16:08,ID6675,BTK6675,TRK,Tarakan Juwata International Airport,Batik Air,ID,A320,Airbus A320-214,PK-BKY,Landed 16:08,2026-07-27 05:55:09
CGK,arrivals,2026-07-26,16:05,16:57,ID6345,BTK6345,YIA,Yogyakarta International Airport,Batik Air,ID,A320,Airbus A320-214,PK-BLC,Landed 16:57,2026-07-27 05:55:09
CGK,arrivals,2026-07-26,16:10,17:55,QG681,CTV681,DPS,Denpasar Ngurah Rai International Airport,Citilink,QG,A320,Airbus A320-214,PK-GQM,Landed 17:55,2026-07-27 05:55:09
CGK,arrivals,2026-07-26,16:10,15:51,QG423,CTV423,AAP,Samarinda AP Tumenggung Pranoto Airport,Citilink,QG,A320,Airbus A320-214,PK-GQF,Landed 15:51,2026-07-27 05:55:09
CGK,arrivals,2026-07-26,16:10,17:58,IU687,SJV687,SKJ,Singkawang Airport,Super Air Jet,IU,A320,Airbus A320-232,PK-SJV,Landed 17:58,2026-07-27 05:55:09
CGK,arrivals,2026-07-26,16:10,15:54,IP313,PAS313,PLM,Palembang International Airport,Pelita Air,IP,A320,Airbus A320-232,PK-PWL,Landed 15:54,2026-07-27 05:55:09
CGK,arrivals,2026-07-26,16:10,15:41,IP323,PAS323,PKU,Pekanbaru Sultan Syarif Kasim II Airport,Pelita Air,IP,A320,Airbus A320-214,PK-PWO,Landed 15:41,2026-07-27 05:55:09
CGK,arrivals,2026-07-26,16:10,16:06,GA317,GIA317,SUB,Surabaya Juanda International Airport,Garuda Indonesia (Ayo Pakai Masker Livery),GA,B738,Boeing 737-81D,PK-GFQ,Landed 16:06,2026-07-27 05:55:09
CGK,arrivals,2026-07-26,16:15,16:15,8B154,TNU154,SIN,Singapore Changi Airport,TransNusa,8B,A321,Airbus A321-211,PK-TLK,Landed 16:15,2026-07-27 05:55:09
CGK,arrivals,2026-07-26,16:15,,JT1853,,UPG,Makassar Sultan Hasanuddin International Airport,Lion Air,JT,739,,,Unknown,2026-07-27 05:55:09
CGK,arrivals,2026-07-26,16:15,16:55,JT797,LNI797,UPG,Makassar Sultan Hasanuddin International Airport,Lion Air,JT,B739,Boeing 737-9GP(ER),PK-LQT,Landed 16:55,2026-07-27 05:55:09
CGK,arrivals,2026-07-26,16:15,,JT175,,TKG,Bandar Lampung Radin Inten II Airport,Lion Air,JT,738,,,Unknown,2026-07-27 05:55:09
CGK,arrivals,2026-07-26,16:20,,JT1743,,UPG,Makassar Sultan Hasanuddin International Airport,Lion Air,JT,738,,,Unknown,2026-07-27 05:55:09
CGK,arrivals,2026-07-26,16:20,,JT939,,UPG,Makassar Sultan Hasanuddin International Airport,Lion Air,JT,738,,,Unknown,2026-07-27 05:55:09
CGK,arrivals,2026-07-26,16:20,16:21,ID7108,BTK7108,PDG,Padang Minangkabau International Airport,Batik Air,ID,A320,Airbus A320-214,PK-LUY,Landed 16:21,2026-07-27 05:55:09
CGK,arrivals,2026-07-26,16:20,16:12,ID6351,BTK6351,SRG,Semarang Achmad Yani International Airport,Batik Air,ID,A320,Airbus A320-233,PK-BKG,Landed 16:12,2026-07-27 05:55:09
CGK,arrivals,2026-07-26,16:25,18:43,IU959,SJV959,DTB,Siborong-Borong Silangit Airport,Super Air Jet,IU,A320,Airbus A320-232,PK-SJL,Landed 18:43,2026-07-27 05:55:09
CGK,arrivals,2026-07-26,16:25,16:42,IP109,PAS109,DPS,Denpasar Ngurah Rai International Airport,Pelita Air,IP,A320,Airbus A320-214,PK-PWK,Landed 16:42,2026-07-27 05:55:09
CGK,arrivals,2026-07-26,16:25,16:36,ID6517,BTK6517,DPS,Denpasar Ngurah Rai International Airport,Batik Air,ID,A320,Airbus A320-214,PK-LUI,Landed 16:36,2026-07-27 05:55:09
CGK,arrivals,2026-07-26,16:30,,SJ5401,,TJQ,Tanjung Pandan Buluh Tumbang Airport,Sriwijaya Air,SJ,B735,Boeing 737-524,PK-CLH,Unknown,2026-07-27 05:55:09
CGK,arrivals,2026-07-26,16:30,16:29,SJ5401,SJY5401,TJQ,Tanjung Pandan Buluh Tumbang Airport,Sriwijaya Air,SJ,B735,Boeing 737-524,PK-CLH,Landed 16:29,2026-07-27 05:55:09
CGK,arrivals,2026-07-26,16:30,16:25,IU855,SJV855,BTH,Batam Hang Nadim Airport,Super Air Jet,IU,A320,Airbus A320-232,PK-SJP,Landed 16:25,2026-07-27 05:55:09
CGK,arrivals,2026-07-26,16:30,16:54,IU351,SJV351,SMQ,Sampit Airport,Super Air Jet,IU,A320,Airbus A320-232,PK-SJA,Landed 16:54,2026-07-27 05:55:09
CGK,arrivals,2026-07-26,16:30,,IP355,,PDG,Padang Minangkabau International Airport,Pelita Air,IP,320,,,Unknown,2026-07-27 05:55:09
CGK,arrivals,2026-07-26,16:30,16:16,ID7367,BTK7367,SOC,Surakarta Adisumarmo International Airport,Batik Air,ID,B738,Boeing 737-8GP,PK-LZV,Landed 16:16,2026-07-27 05:55:09
CGK,arrivals,2026-07-26,16:30,,ID6862,,SOC,Surakarta Adisumarmo International Airport,Batik Air,ID,32A,,,Unknown,2026-07-27 05:55:09
CGK,arrivals,2026-07-26,16:30,17:00,GA713,GIA713,SYD,Sydney Kingsford Smith Airport,Garuda Indonesia (Pokémon Livery),GA,A333,Airbus A330-343,PK-GPY,Landed 17:00,2026-07-27 05:55:09
CGK,arrivals,2026-07-26,16:35,,SJ1851,,PNK,Pontianak Supadio Airport,Sriwijaya Air,SJ,735,,,Unknown,2026-07-27 05:55:09
CGK,arrivals,2026-07-26,16:35,16:42,QG919,CTV919,KNO,Medan Kuala Namu International Airport,Citilink (Retro Livery),QG,A320,Airbus A320-214,PK-GQI,Landed 16:42,2026-07-27 05:55:09
CGK,arrivals,2026-07-26,16:35,16:45,QG779,CTV779,YIA,Yogyakarta International Airport,Citilink,QG,A20N,Airbus A320-251N,PK-GTF,Landed 16:45,2026-07-27 05:55:09
CGK,arrivals,2026-07-26,16:40,16:33,QG213,CTV213,UPG,Makassar Sultan Hasanuddin International Airport,Citilink,QG,A20N,Airbus A320-251N,PK-GTC,Landed 16:33,2026-07-27 05:55:09
CGK,arrivals,2026-07-26,16:40,,IU867,,PKU,Pekanbaru Sultan Syarif Kasim II Airport,Super Air Jet,IU,320,,,Unknown,2026-07-27 05:55:09
CGK,arrivals,2026-07-26,16:45,,IU631,,BDJ,Banjarmasin Syamsudin Noor Airport,Super Air Jet,IU,320,,,Canceled,2026-07-27 05:55:09
CGK,arrivals,2026-07-26,16:45,16:35,GA833,GIA833,SIN,Singapore Changi Airport,Garuda Indonesia,GA,B738,Boeing 737-8U3,PK-GMF,Landed 16:35,2026-07-27 05:55:09
CGK,arrivals,2026-07-26,16:45,16:49,GA411,GIA411,DPS,Denpasar Ngurah Rai International Airport,Garuda Indonesia,GA,A333,Airbus A330-343,PK-GPW,Landed 16:49,2026-07-27 05:55:09
CGK,arrivals,2026-07-26,16:50,,IP243,,YIA,Yogyakarta International Airport,Pelita Air,IP,320,,,Unknown,2026-07-27 05:55:09
CGK,arrivals,2026-07-26,16:50,16:47,ID6565,BTK6565,MLG,Malang Abdul Rachman Saleh Airport,Batik Air,ID,A320,Airbus A320-214,PK-LUH,Landed 16:47,2026-07-27 05:55:09
CGK,arrivals,2026-07-26,16:50,16:53,GA245,GIA245,SRG,Semarang Achmad Yani International Airport,Garuda Indonesia,GA,B738,Boeing 737-8U3,PK-GMP,Landed 16:53,2026-07-27 05:55:09
CGK,arrivals,2026-07-26,17:00,,SJ777,,TTE,Ternate Babullah Airport,Sriwijaya Air,SJ,735,,,Unknown,2026-07-27 05:55:09
CGK,arrivals,2026-07-26,17:00,,SJ185,,PNK,Pontianak Supadio Airport,Nam Air,IN,B735,Boeing 737-524,PK-NAQ,Unknown,2026-07-27 05:55:09
CGK,arrivals,2026-07-26,17:00,17:45,OD390,MXD390,KUL,Kuala Lumpur International Airport,Batik Air,ID,B738,Boeing 737-8U3,9M-LDG,Landed 17:45,2026-07-27 05:55:09
CGK,arrivals,2026-07-26,17:00,18:30,IU927,SJV927,PLM,Palembang International Airport,Super Air Jet (Xpora Livery),IU,A320,Airbus A320-232,PK-SAE,Landed 18:30,2026-07-27 05:55:09
CGK,arrivals,2026-07-26,17:00,17:07,IU995,SJV995,BTJ,Banda Aceh International Airport,Super Air Jet,IU,A320,Airbus A320-232,PK-STD,Landed 17:07,2026-07-27 05:55:09
CGK,arrivals,2026-07-26,17:05,,GA113,,PLM,Palembang International Airport,Garuda Indonesia,GA,B738,Boeing 737-8SH,PK-GUD,Unknown,2026-07-27 05:55:09
CGK,arrivals,2026-07-26,17:05,17:32,QG967,CTV967,DJB,Jambi Sultan Thaha Airport,Citilink (Tiket.com Livery),QG,A320,Airbus A320-214,PK-GLW,Landed 17:32,2026-07-27 05:55:09
CGK,arrivals,2026-07-26,17:05,16:22,JL725,JAL725,NRT,Tokyo Narita International Airport,Japan Airlines,JL,B788,Boeing 787-8 Dreamliner,JA840J,Landed 16:22,2026-07-27 05:55:09
CGK,arrivals,2026-07-26,17:05,16:59,ID7150,BTK7150,SIN,Singapore Changi Airport,Batik Air,ID,B738,Boeing 737-8GP,PK-LDJ,Landed 16:59,2026-07-27 05:55:09
CGK,arrivals,2026-07-26,17:05,16:39,GA601,GIA601,MDC,Manado Sam Ratulangi International Airport,Garuda Indonesia,GA,B738,Boeing 737-86N,PK-GFU,Landed 16:39,2026-07-27 05:55:09
CGK,arrivals,2026-07-26,17:05,16:44,GA113,GIA113,PLM,Palembang International Airport,Garuda Indonesia,GA,B738,Boeing 737-8SH,PK-GUD,Landed 16:44,2026-07-27 05:55:09
CGK,arrivals,2026-07-26,17:10,16:49,SQ962,SIA962,SIN,Singapore Changi Airport,Singapore Airlines,SQ,A359,Airbus A350-941,9V-SMM,Landed 16:49,2026-07-27 05:55:09
CGK,arrivals,2026-07-26,17:10,17:09,IP143,PAS143,LOP,Lombok International Airport,Pelita Air,IP,A320,Airbus A320-214,PK-PWD,Landed 17:09,2026-07-27 05:55:09
CGK,arrivals,2026-07-26,17:10,17:20,ID6815,BTK6815,BKS,Bengkulu Fatmawati Soekarno Airport,Batik Air,ID,A320,Airbus A320-214,PK-LUZ,Landed 17:20,2026-07-27 05:55:09
CGK,arrivals,2026-07-26,17:15,17:04,QZ861,AWQ861,LBJ,Labuan Bajo Komodo Airport,AirAsia,AK,A320,Airbus A320-214,PK-AZH,Landed 17:04,2026-07-27 05:55:09
CGK,arrivals,2026-07-26,17:15,17:17,ID6821,BTK6821,LLJ,Lubuklinggau Silampari Airport,Batik Air,ID,A320,Airbus A320-214,PK-LAW,Landed 17:17,2026-07-27 05:55:09
CGK,arrivals,2026-07-26,17:15,17:06,GA221,GIA221,SOC,Surakarta Adisumarmo International Airport,Garuda Indonesia,GA,B738,Boeing 737-8U3,PK-GFW,Landed 17:06,2026-07-27 05:55:09
CGK,arrivals,2026-07-26,17:20,17:55,QZ177,AWQ177,TKG,Bandar Lampung Radin Inten II Airport,AirAsia,AK,A320,Airbus A320-216,PK-AZL,Landed 17:55,2026-07-27 05:55:09
CGK,arrivals,2026-07-26,17:20,,IU841,,DJB,Jambi Sultan Thaha Airport,Super Air Jet,IU,320,,,Unknown,2026-07-27 05:55:09
CGK,arrivals,2026-07-26,17:20,17:12,ID6709,BTK6709,TKG,Bandar Lampung Radin Inten II Airport,Batik Air,ID,A320,Airbus A320-214,PK-BLD,Landed 17:12,2026-07-27 05:55:09
CGK,arrivals,2026-07-26,17:20,17:02,GA159,GIA159,BTH,Batam Hang Nadim Airport,Garuda Indonesia,GA,B738,Boeing 737-86N,PK-GFJ,Landed 17:02,2026-07-27 05:55:09
CGK,arrivals,2026-07-26,17:30,17:23,ET628,ETH628,BKK,Bangkok Suvarnabhumi Airport,Ethiopian Airlines,ET,B77L,Boeing 777-260(LR),ET-ANO,Landed 17:23,2026-07-27 05:55:09
CGK,arrivals,2026-07-26,17:35,17:10,TK56,THY056,IST,Istanbul Airport,Turkish Airlines,TK,A359,Airbus A350-941,TC-LHG,Landed 17:10,2026-07-27 05:55:09
CGK,arrivals,2026-07-26,17:35,17:52,QG975,CTV975,TNJ,Tanjung Pinang Raja Haji Fisabilillah Airport,Citilink,QG,A320,Airbus A320-214,PK-GLL,Landed 17:52,2026-07-27 05:55:09
CGK,arrivals,2026-07-26,17:35,17:17,QG347,CTV347,UPG,Makassar Sultan Hasanuddin International Airport,Citilink,QG,A320,Airbus A320-214,PK-GLR,Landed 17:17,2026-07-27 05:55:09
CGK,arrivals,2026-07-26,17:35,17:04,MH723,MAS723,KUL,Kuala Lumpur International Airport,Malaysia Airlines,MH,B738,Boeing 737-8H6,9M-MXE,Landed 17:04,2026-07-27 05:55:09
CGK,arrivals,2026-07-26,17:35,20:14,IU811,SJV811,PDG,Padang Minangkabau International Airport,Super Air Jet,IU,A320,Airbus A320-232,PK-STZ,Landed 20:14,2026-07-27 05:55:09
CGK,arrivals,2026-07-26,17:35,16:56,GA875,GIA875,HND,Tokyo Haneda International Airport,Garuda Indonesia,GA,A333,Airbus A330-343,PK-GPT,Landed 16:56,2026-07-27 05:55:09
CGK,arrivals,2026-07-26,17:35,17:27,GA189,GIA189,KNO,Medan Kuala Namu International Airport,Garuda Indonesia,GA,B738,Boeing 737-8SA,PK-GUI,Landed 17:27,2026-07-27 05:55:09
CGK,arrivals,2026-07-26,17:40,17:12,ID7630,BTK7630,DMK,Bangkok Don Mueang International Airport,Batik Air,ID,A320,Airbus A320-214,PK-LAT,Landed 17:12,2026-07-27 05:55:09
CGK,arrivals,2026-07-26,17:40,17:21,ID6205,BTK6205,PKN,Pangkalan Bun Iskandar Airport,Batik Air,ID,A320,Airbus A320-214,PK-LUK,Landed 17:21,2026-07-27 05:55:09
CGK,arrivals,2026-07-26,17:45,,GA537,,BDJ,Banjarmasin Syamsudin Noor Airport,Garuda Indonesia,GA,B738,Boeing 737-8U3,PK-GUG,Unknown,2026-07-27 05:55:09
CGK,arrivals,2026-07-26,17:45,18:01,QG993,CTV993,TKG,Bandar Lampung Radin Inten II Airport,Citilink,QG,A320,Airbus A320-214,PK-GLT,Landed 18:01,2026-07-27 05:55:09
CGK,arrivals,2026-07-26,17:45,,IN291,,PKN,Pangkalan Bun Iskandar Airport,Nam Air,IN,735,,,Unknown,2026-07-27 05:55:09
CGK,arrivals,2026-07-26,17:45,17:37,GA537,GIA537,BDJ,Banjarmasin Syamsudin Noor Airport,Garuda Indonesia,GA,B738,Boeing 737-8U3,PK-GUG,Landed 17:37,2026-07-27 05:55:09
CGK,arrivals,2026-07-26,17:50,17:34,QG793,CTV793,SRG,Semarang Achmad Yani International Airport,Citilink,QG,A320,Airbus A320-214,PK-GQH,Landed 17:34,2026-07-27 05:55:09
CGK,arrivals,2026-07-26,17:50,17:58,JT373,LNI373,BTH,Batam Hang Nadim Airport,Lion Air,JT,B738,Boeing 737-8GP,PK-LPK,Landed 17:58,2026-07-27 05:55:09
CGK,arrivals,2026-07-26,17:50,19:28,GA647,GIA647,AMQ,Ambon Pattimura Airport,Garuda Indonesia,GA,B738,Boeing 737-8U3,PK-GUF,Landed 19:28,2026-07-27 05:55:09
CGK,arrivals,2026-07-26,17:55,17:41,TG435,THA435,BKK,Bangkok Suvarnabhumi Airport,Thai Airways,TG,B772,Boeing 777-2D7(ER),HS-TJV,Landed 17:41,2026-07-27 05:55:09
CGK,arrivals,2026-07-26,17:55,18:50,ID6855,BTK6855,PKU,Pekanbaru Sultan Syarif Kasim II Airport,Batik Air,ID,A320,Airbus A320-232,PK-BKO,Landed 18:50,2026-07-27 05:55:09
CGK,arrivals,2026-07-26,17:55,17:41,ID6401,BTK6401,SUB,Surabaya Juanda International Airport,Batik Air,ID,A320,Airbus A320-232,PK-BKJ,Landed 17:41,2026-07-27 05:55:09
CGK,arrivals,2026-07-26,17:55,17:39,GA7734,GIA7734,TKG,Bandar Lampung Radin Inten II Airport,Garuda Indonesia,GA,B738,Boeing 737-8BK,PK-GFG,Landed 17:39,2026-07-27 05:55:09
CGK,arrivals,2026-07-26,17:55,18:01,GA867,GIA867,BKK,Bangkok Suvarnabhumi Airport,Garuda Indonesia,GA,B738,Boeing 737-8U3,PK-GMC,Landed 18:01,2026-07-27 05:55:09
CGK,arrivals,2026-07-26,18:00,17:48,IP303,PAS303,KNO,Medan Kuala Namu International Airport,Pelita Air,IP,A320,Airbus A320-214,PK-PWJ,Landed 17:48,2026-07-27 05:55:05
CGK,arrivals,2026-07-26,18:00,,IN91,,BUU,Muara Bungo Airport,Nam Air,IN,735,,,Unknown,2026-07-27 05:55:05
CGK,arrivals,2026-07-26,18:05,18:05,QG969,CTV969,BTH,Batam Hang Nadim Airport,Citilink,QG,A320,Airbus A320-214,PK-GLS,Landed 18:05,2026-07-27 05:55:05
CGK,arrivals,2026-07-26,18:05,,ID6295,,UPG,Makassar Sultan Hasanuddin International Airport,Batik Air,ID,32A,,,Unknown,2026-07-27 05:55:05
CGK,arrivals,2026-07-26,18:05,,ID6771,,UPG,Makassar Sultan Hasanuddin International Airport,Batik Air,ID,32A,,,Unknown,2026-07-27 05:55:05
CGK,arrivals,2026-07-26,18:05,17:49,ID6143,BTK6143,UPG,Makassar Sultan Hasanuddin International Airport,Batik Air,ID,A320,Airbus A320-214,PK-LUR,Landed 17:49,2026-07-27 05:55:05
CGK,arrivals,2026-07-26,18:10,,SJ77,,PGK,Pangkal Pinang Depati Amir Airport,Sriwijaya Air,SJ,735,,,Unknown,2026-07-27 05:55:05
CGK,arrivals,2026-07-26,18:10,,JT941,,UPG,Makassar Sultan Hasanuddin International Airport,Lion Air,JT,738,,,Unknown,2026-07-27 05:55:05
CGK,arrivals,2026-07-26,18:10,,JT793,,UPG,Makassar Sultan Hasanuddin International Airport,Lion Air,JT,739,,,Unknown,2026-07-27 05:55:05
CGK,arrivals,2026-07-26,18:10,18:45,JT23,LNI023,DPS,Denpasar Ngurah Rai International Airport,Lion Air,JT,B738,Boeing 737-8GP,PK-LKH,Landed 18:45,2026-07-27 05:55:05
CGK,arrivals,2026-07-26,18:10,19:06,IU767,SJV767,LOP,Lombok International Airport,Super Air Jet,IU,A320,Airbus A320-232,PK-SAH,Landed 19:06,2026-07-27 05:55:05
CGK,arrivals,2026-07-26,18:10,17:36,HU701,CHH701,HAK,Haikou Meilan International Airport,Hainan Airlines,HU,B38M,Boeing 737 MAX 8,B-225W,Landed 17:36,2026-07-27 05:55:05
CGK,arrivals,2026-07-26,18:15,18:03,SQ964,SIA964,SIN,Singapore Changi Airport,Singapore Airlines,SQ,B77W,Boeing 777-312(ER),9V-SWZ,Landed 18:03,2026-07-27 05:55:05
CGK,arrivals,2026-07-26,18:15,,SJ593,,UPG,Makassar Sultan Hasanuddin International Airport,Sriwijaya Air,SJ,735,,,Unknown,2026-07-27 05:55:05
CGK,arrivals,2026-07-26,18:15,18:48,QG959,CTV959,PDG,Padang Minangkabau International Airport,Citilink,QG,A320,Airbus A320-214,PK-GQK,Landed 18:48,2026-07-27 05:55:05
CGK,arrivals,2026-07-26,18:15,18:54,QG415,CTV415,PNK,Pontianak Supadio Airport,Citilink,QG,A320,Airbus A320-214,PK-GQO,Landed 18:54,2026-07-27 05:55:05
CGK,arrivals,2026-07-26,18:15,18:06,KL809,KLM809,KUL,Kuala Lumpur International Airport,KLM,KL,B789,Boeing 787-9 Dreamliner,PH-BHA,Landed 18:06,2026-07-27 05:55:05
CGK,arrivals,2026-07-26,18:15,,JT881,,UPG,Makassar Sultan Hasanuddin International Airport,Lion Air,JT,738,,,Unknown,2026-07-27 05:55:05
CGK,arrivals,2026-07-26,18:15,,JT347,,PLM,Palembang International Airport,Lion Air,JT,739,,,Unknown,2026-07-27 05:55:05
CGK,arrivals,2026-07-26,18:15,17:44,GA213,GIA213,YIA,Yogyakarta International Airport,Garuda Indonesia,GA,B738,Boeing 737-8U3,PK-GNA,Landed 17:44,2026-07-27 05:55:05
CGK,arrivals,2026-07-26,18:20,18:46,IU819,SJV819,PGK,Pangkal Pinang Depati Amir Airport,Super Air Jet,IU,A320,Airbus A320-232,PK-SJQ,Landed 18:46,2026-07-27 05:55:05
CGK,arrivals,2026-07-26,18:20,18:10,AK386,AXM386,KUL,Kuala Lumpur International Airport,AirAsia,AK,A320,Airbus A320-216,9M-AJN,Landed 18:10,2026-07-27 05:55:05
CGK,arrivals,2026-07-26,18:25,,IU723,,LBJ,Labuan Bajo Komodo Airport,Super Air Jet,IU,A320,Airbus A320-232,PK-SAQ,Unknown,2026-07-27 05:55:05
CGK,arrivals,2026-07-26,18:25,18:40,QG647,CTV647,LOP,Lombok International Airport,Citilink,QG,A320,Airbus A320-214,PK-GLM,Landed 18:40,2026-07-27 05:55:05
CGK,arrivals,2026-07-26,18:25,18:22,IU723,SJV723,LBJ,Labuan Bajo Komodo Airport,Super Air Jet,IU,A320,Airbus A320-232,PK-SAQ,Landed 18:22,2026-07-27 05:55:05
CGK,arrivals,2026-07-26,18:25,18:34,GA419,GIA419,DPS,Denpasar Ngurah Rai International Airport,Garuda Indonesia,GA,B738,Boeing 737-8U3,PK-GFV,Landed 18:34,2026-07-27 05:55:05
CGK,arrivals,2026-07-26,18:30,,JT695,,SUB,Surabaya Juanda International Airport,Lion Air,JT,739,,,Unknown,2026-07-27 05:55:05
CGK,arrivals,2026-07-26,18:30,18:33,JT581,LNI581,SUB,Surabaya Juanda International Airport,Lion Air,JT,B738,Boeing 737-8GP,PK-LOJ,Landed 18:33,2026-07-27 05:55:05
CGK,arrivals,2026-07-26,18:30,18:26,IP107,PAS107,DPS,Denpasar Ngurah Rai International Airport,Pelita Air,IP,A320,Airbus A320-214,PK-PWE,Landed 18:26,2026-07-27 05:55:05
CGK,arrivals,2026-07-26,18:35,18:26,JT309,LNI309,KNO,Medan Kuala Namu International Airport,Lion Air,JT,B739,Boeing 737-9GP(ER),PK-LJI,Landed 18:26,2026-07-27 05:55:05
CGK,arrivals,2026-07-26,18:40,,RI101,,BTH,Batam Hang Nadim Airport,Rimbun Air,RI,73Y,,,Unknown,2026-07-27 05:55:05
CGK,arrivals,2026-07-26,18:40,18:18,GA315,GIA315,SUB,Surabaya Juanda International Airport,Garuda Indonesia,GA,B738,Boeing 737-8U3,PK-GMA,Landed 18:18,2026-07-27 05:55:05
CGK,arrivals,2026-07-26,18:40,18:24,GA147,GIA147,BTJ,Banda Aceh International Airport,Garuda Indonesia,GA,B738,Boeing 737-8SH,PK-GUE,Landed 18:24,2026-07-27 05:55:05
CGK,arrivals,2026-07-26,18:45,,IN583,,UPG,Makassar Sultan Hasanuddin International Airport,Nam Air,IN,B735,Boeing 737-524,PK-NAT,Unknown,2026-07-27 05:55:05
CGK,arrivals,2026-07-26,18:45,,8B5166,,LOP,Lombok International Airport,TransNusa,8B,320,,,Unknown,2026-07-27 05:55:05
CGK,arrivals,2026-07-26,18:45,19:51,IU609,SJV609,BPN,Balikpapan Sepinggan Airport,Super Air Jet,IU,A320,Airbus A320-232,PK-SJS,Landed 19:51,2026-07-27 05:55:05
CGK,arrivals,2026-07-26,18:45,18:37,IN583,LKN583,UPG,Makassar Sultan Hasanuddin International Airport,Nam Air,IN,B735,Boeing 737-524,PK-NAT,Landed 18:37,2026-07-27 05:55:05
CGK,arrivals,2026-07-26,18:45,19:32,IN79,LKN079,PGK,Pangkal Pinang Depati Amir Airport,NAM Air,IN,B735,Boeing 737-524,PK-NAS,Landed 19:32,2026-07-27 05:55:05
CGK,arrivals,2026-07-26,18:45,18:43,ID7040,BTK7040,SOC,Surakarta Adisumarmo International Airport,Batik Air,ID,A320,Airbus A320-232,PK-BLB,Landed 18:43,2026-07-27 05:55:05
CGK,arrivals,2026-07-26,18:45,18:50,ID6677,BTK6677,AAP,Samarinda AP Tumenggung Pranoto Airport,Batik Air,ID,B738,Boeing 737-86N,PK-BGZ,Landed 18:50,2026-07-27 05:55:05
CGK,arrivals,2026-07-26,18:50,18:40,8B634,TNU634,PEN,Penang International Airport,TransNusa,8B,A321,Airbus A321-211,PK-TLM,Landed 18:40,2026-07-27 05:55:05
CGK,arrivals,2026-07-26,18:50,,RI185,,PDG,Padang Minangkabau International Airport,Rimbun Air,RI,73Y,,,Unknown,2026-07-27 05:55:05
CGK,arrivals,2026-07-26,18:50,18:52,QZ821,AWQ821,DPS,Denpasar Ngurah Rai International Airport,AirAsia,AK,A320,Airbus A320-216,PK-AZF,Landed 18:52,2026-07-27 05:55:05
CGK,arrivals,2026-07-26,18:50,19:05,QG965,CTV965,DJB,Jambi Sultan Thaha Airport,Citilink (Tiket.com Livery),QG,A320,Airbus A320-214,PK-GLZ,Landed 19:05,2026-07-27 05:55:05
CGK,arrivals,2026-07-26,18:55,20:25,8B5533,TNU5533,YIA,Yogyakarta International Airport,TransNusa,8B,A320,Airbus A320-214,PK-TLC,Landed 20:25,2026-07-27 05:55:05
CGK,arrivals,2026-07-26,18:55,18:52,QG917,CTV917,KNO,Medan Kuala Namu International Airport,Citilink,QG,A320,Airbus A320-214,PK-GLG,Landed 18:52,2026-07-27 05:55:05
CGK,arrivals,2026-07-26,18:55,18:33,GA509,GIA509,PNK,Pontianak Supadio Airport,Garuda Indonesia,GA,B738,Boeing 737-8SA,PK-GUH,Landed 18:33,2026-07-27 05:55:05
CGK,arrivals,2026-07-26,19:00,18:48,QG341,CTV341,UPG,Makassar Sultan Hasanuddin International Airport,Citilink,QG,A320,Airbus A320-214,PK-GQC,Landed 18:48,2026-07-27 05:55:05
CGK,arrivals,2026-07-26,19:00,19:09,QF41,QFA041,SYD,Sydney Kingsford Smith Airport,Qantas,QF,A332,Airbus A330-202,VH-EBP,Landed 19:09,2026-07-27 05:55:05
CGK,arrivals,2026-07-26,19:00,20:17,IU259,SJV259,KDI,Kendari Haluoleo Airport,Super Air Jet,IU,A320,Airbus A320-232,PK-SJI,Landed 20:17,2026-07-27 05:55:05
CGK,arrivals,2026-07-26,19:00,20:09,ID7579,BTK7579,SUB,Surabaya Juanda International Airport,Batik Air,ID,A320,Airbus A320-214,PK-LAM,Landed 20:09,2026-07-27 05:55:05
CGK,arrivals,2026-07-26,19:00,18:35,GA823,GIA823,SIN,Singapore Changi Airport,Garuda Indonesia,GA,B738,Boeing 737-8U3,PK-GMW,Landed 18:35,2026-07-27 05:55:05
CGK,arrivals,2026-07-26,19:05,18:57,MH725,MAS725,KUL,Kuala Lumpur International Airport,Malaysia Airlines,MH,B738,Boeing 737-8H6,9M-MLR,Landed 18:57,2026-07-27 05:55:05
CGK,arrivals,2026-07-26,19:05,19:33,ID6509,BTK6509,DPS,Denpasar Ngurah Rai International Airport,Batik Air,ID,B738,Boeing 737-8GP,PK-LBW,Landed 19:33,2026-07-27 05:55:05
CGK,arrivals,2026-07-26,19:10,19:08,QG493,CTV493,BDJ,Banjarmasin Syamsudin Noor Airport,Citilink,QG,A320,Airbus A320-214,PK-GLY,Landed 19:08,2026-07-27 05:55:05
CGK,arrivals,2026-07-26,19:10,,JT123,,TKG,Bandar Lampung Radin Inten II Airport,Lion Air,JT,738,,,Unknown,2026-07-27 05:55:05
CGK,arrivals,2026-07-26,19:10,19:16,IN281,LKN281,DPS,Denpasar Ngurah Rai International Airport,Nam Air,IN,B735,Boeing 737-524,PK-NAU,Landed 19:16,2026-07-27 05:55:05
CGK,arrivals,2026-07-26,19:10,19:30,ID6281,BTK6281,MDC,Manado Sam Ratulangi International Airport,Batik Air,ID,B738,Boeing 737-8GP,PK-LDK,Landed 19:30,2026-07-27 05:55:05
CGK,arrivals,2026-07-26,19:10,19:34,GA165,GIA165,PDG,Padang Minangkabau International Airport,Garuda Indonesia,GA,B738,Boeing 737-8SH,PK-GUJ,Landed 19:34,2026-07-27 05:55:05
CGK,arrivals,2026-07-26,19:15,18:54,TR278,TGW278,SIN,Singapore Changi Airport,Scoot,TR,A320,Airbus A320-232,9V-TRV,Landed 18:54,2026-07-27 05:55:05
CGK,arrivals,2026-07-26,19:15,19:04,QF39,QFA039,MEL,Melbourne Airport,Qantas,QF,A332,Airbus A330-202,VH-EBA,Landed 19:04,2026-07-27 05:55:05
CGK,arrivals,2026-07-26,19:15,,IU901,,PDG,Padang Minangkabau International Airport,Super Air Jet,IU,320,,,Unknown,2026-07-27 05:55:05
CGK,arrivals,2026-07-26,19:15,18:57,ID6293,BTK6293,UPG,Makassar Sultan Hasanuddin International Airport,Batik Air,ID,A320,Airbus A320-214,PK-LUU,Landed 18:57,2026-07-27 05:55:05
CGK,arrivals,2026-07-26,19:15,,ID6261,,UPG,Makassar Sultan Hasanuddin International Airport,Batik Air,ID,32A,,,Unknown,2026-07-27 05:55:05
CGK,arrivals,2026-07-26,19:20,19:37,SQ966,SIA966,SIN,Singapore Changi Airport,Singapore Airlines,SQ,A359,Airbus A350-941,9V-SHM,Landed 19:37,2026-07-27 05:55:05
CGK,arrivals,2026-07-26,19:20,19:02,GA237,GIA237,SRG,Semarang Achmad Yani International Airport,Garuda Indonesia (Livin' by Mandiri Livery),GA,B738,Boeing 737-86N,PK-GFI,Landed 19:02,2026-07-27 05:55:05
CGK,arrivals,2026-07-26,19:25,19:28,JT213,LNI213,KNO,Medan Kuala Namu International Airport,Lion Air,JT,B738,Boeing 737-8GP,PK-LKQ,Landed 19:28,2026-07-27 05:55:05
CGK,arrivals,2026-07-26,19:25,19:39,ID6353,BTK6353,SRG,Semarang Achmad Yani International Airport,Batik Air,ID,B738,Boeing 737-8GP,PK-LBK,Landed 19:39,2026-07-27 05:55:05
CGK,arrivals,2026-07-26,19:25,19:18,GA453,GIA453,LBJ,Labuan Bajo Komodo Airport,Garuda Indonesia,GA,B738,Boeing 737-8U3,PK-GMX,Landed 19:18,2026-07-27 05:55:05
CGK,arrivals,2026-07-26,19:25,19:19,GA121,GIA121,KNO,Medan Kuala Namu International Airport,Garuda Indonesia,GA,B738,Boeing 737-8U3,PK-GNC,Landed 19:19,2026-07-27 05:55:05
CGK,arrivals,2026-07-26,19:30,19:24,QG765,CTV765,SOC,Surakarta Adisumarmo International Airport,Citilink,QG,A320,Airbus A320-214,PK-GQP,Landed 19:24,2026-07-27 05:55:05
CGK,arrivals,2026-07-26,19:30,19:03,IU859,SJV859,BTH,Batam Hang Nadim Airport,Super Air Jet,IU,A320,Airbus A320-232,PK-SJG,Landed 19:03,2026-07-27 05:55:05
CGK,arrivals,2026-07-26,19:30,19:20,GA417,GIA417,DPS,Denpasar Ngurah Rai International Airport,Garuda Indonesia,GA,B738,Boeing 737-8U3,PK-GFF,Landed 19:20,2026-07-27 05:55:05
CGK,arrivals,2026-07-26,19:30,19:15,GA157,GIA157,BTH,Batam Hang Nadim Airport,Garuda Indonesia,GA,B738,Boeing 737-8U3,PK-GNH,Landed 19:15,2026-07-27 05:55:05
CGK,arrivals,2026-07-26,19:35,,IU847,,DJB,Jambi Sultan Thaha Airport,Super Air Jet,IU,320,,,Unknown,2026-07-27 05:55:05
CGK,arrivals,2026-07-26,19:35,19:50,GA119,GIA119,PLM,Palembang International Airport,Garuda Indonesia,GA,B38M,Boeing 737 MAX 8,PK-GDC,Landed 19:50,2026-07-27 05:55:05
CGK,arrivals,2026-07-26,19:40,19:40,QZ255,AWQ255,DMK,Bangkok Don Mueang International Airport,AirAsia (Sustainable ASEAN Tourism Livery),AK,A320,Airbus A320-216,PK-AZS,Landed 19:40,2026-07-27 05:55:05
CGK,arrivals,2026-07-26,19:40,21:07,OD343,MXD343,PEN,Penang International Airport,Batik Air,ID,B738,Boeing 737-8GP,9M-LNR,Landed 21:07,2026-07-27 05:55:05
CGK,arrivals,2026-07-26,19:40,19:43,ID6227,BTK6227,PNK,Pontianak Supadio Airport,Batik Air,ID,B738,Boeing 737-8GP,PK-LZZ,Landed 19:43,2026-07-27 05:55:05
CGK,arrivals,2026-07-26,19:40,19:35,GA313,GIA313,SUB,Surabaya Juanda International Airport,Garuda Indonesia,GA,B738,Boeing 737-8U3,PK-GFH,Landed 19:35,2026-07-27 05:55:05
CGK,arrivals,2026-07-26,19:40,19:22,GA179,GIA179,PKU,Pekanbaru Sultan Syarif Kasim II Airport,Garuda Indonesia (Pocari Sweat Livery),GA,B738,Boeing 737-86N,PK-GNN,Landed 19:22,2026-07-27 05:55:05
CGK,arrivals,2026-07-26,19:40,,CX719,,HKG,Hong Kong International Airport,Cathay Pacific,CX,B773,Boeing 777-367,B-HNO,Canceled,2026-07-27 05:55:05
CGK,arrivals,2026-07-26,19:45,19:26,GA203,GIA203,YIA,Yogyakarta International Airport,Garuda Indonesia,GA,B738,Boeing 737-86N,PK-GFS,Landed 19:26,2026-07-27 05:55:05
CGK,arrivals,2026-07-26,19:50,,IU903,,PDG,Padang Minangkabau International Airport,Super Air Jet,IU,320,,,Unknown,2026-07-27 05:55:05
CGK,arrivals,2026-07-26,19:50,20:22,ID6235,BTK6235,UPG,Makassar Sultan Hasanuddin International Airport,Batik Air,ID,B738,Boeing 737-8GP,PK-LBS,Landed 20:22,2026-07-27 05:55:05
CGK,arrivals,2026-07-26,19:55,,ID6555,,UPG,Makassar Sultan Hasanuddin International Airport,Batik Air,ID,32A,,,Unknown,2026-07-27 05:55:05
CGK,arrivals,2026-07-26,20:00,19:43,SL116,TLM116,DMK,Bangkok Don Mueang International Airport,Thai Lion Air,SL,B738,Boeing 737-8GP,HS-LGP,Landed 19:43,2026-07-27 05:55:05
CGK,arrivals,2026-07-26,20:00,19:59,QG979,CTV979,KNO,Medan Kuala Namu International Airport,Citilink,QG,A320,Airbus A320-214,PK-GLI,Landed 19:59,2026-07-27 05:55:05
CGK,arrivals,2026-07-26,20:00,19:51,QG689,CTV689,DPS,Denpasar Ngurah Rai International Airport,Citilink,QG,A320,Airbus A320-214,PK-GQJ,Landed 19:51,2026-07-27 05:55:05
CGK,arrivals,2026-07-26,20:00,,IU911,,PKU,Pekanbaru Sultan Syarif Kasim II Airport,Super Air Jet,IU,320,,,Unknown,2026-07-27 05:55:05
CGK,arrivals,2026-07-26,20:00,19:53,IP207,PAS207,SUB,Surabaya Juanda International Airport,Pelita Air,IP,A320,Airbus A320-214,PK-PWC,Landed 19:53,2026-07-27 05:55:05
CGK,arrivals,2026-07-26,20:00,20:41,ID7058,BTK7058,PLM,Palembang International Airport,Batik Air,ID,A320,Airbus A320-214,PK-BLC,Landed 20:41,2026-07-27 05:55:05
CGK,arrivals,2026-07-26,20:05,19:56,ID6213,BTK6213,BDJ,Banjarmasin Syamsudin Noor Airport,Batik Air,ID,A320,Airbus A320-214,PK-LAL,Landed 19:56,2026-07-27 05:55:05
CGK,arrivals,2026-07-26,20:05,19:58,GA575,GIA575,BPN,Balikpapan Sepinggan Airport,Garuda Indonesia,GA,B738,Boeing 737-81D,PK-GFR,Landed 19:58,2026-07-27 05:55:05
CGK,arrivals,2026-07-26,20:10,20:31,9C7199,CQH7199,CAN,Guangzhou Baiyun International Airport,Spring Airlines,9C,A20N,Airbus A320-251N,B-328U,Landed 20:31,2026-07-27 05:55:05
CGK,arrivals,2026-07-26,20:10,19:45,TW155,TWB155,ICN,Seoul Incheon International Airport,T'Way Air,TW,A333,Airbus A330-343,HL8500,Landed 19:45,2026-07-27 05:55:05
CGK,arrivals,2026-07-26,20:10,20:22,OZ761,AAR761,ICN,Seoul Incheon International Airport,Asiana Airlines,OZ,A359,Airbus A350-941,HL8521,Landed 20:22,2026-07-27 05:55:05
CGK,arrivals,2026-07-26,20:10,20:02,IP325,PAS325,PKU,Pekanbaru Sultan Syarif Kasim II Airport,Pelita Air,IP,A320,Airbus A320-216,PK-PWN,Landed 20:02,2026-07-27 05:55:05
CGK,arrivals,2026-07-26,20:10,20:48,ID6803,BTK6803,DJB,Jambi Sultan Thaha Airport,Batik Air,ID,A320,Airbus A320-214,PK-BKV,Landed 20:48,2026-07-27 05:55:05
CGK,arrivals,2026-07-26,20:10,,GA899,,CAN,Guangzhou Baiyun International Airport,Garuda Indonesia,GA,738,,,Canceled,2026-07-27 05:55:05
CGK,arrivals,2026-07-26,20:15,,IU701,,PNK,Pontianak Supadio Airport,Super Air Jet,IU,320,,,Unknown,2026-07-27 05:55:02
CGK,arrivals,2026-07-26,20:20,20:10,QG9999,CTV9999,TKG,Bandar Lampung Radin Inten II Airport,Citilink,QG,A320,Airbus A320-214,PK-GLR,Landed 20:10,2026-07-27 05:55:02
CGK,arrivals,2026-07-26,20:20,,QG999,,TKG,Bandar Lampung Radin Inten II Airport,Citilink,QG,A320,Airbus A320-214,PK-GLR,Unknown,2026-07-27 05:55:02
CGK,arrivals,2026-07-26,20:20,20:06,QG727,CTV727,SUB,Surabaya Juanda International Airport,Citilink,QG,A320,Airbus A320-214,PK-GLX,Landed 20:06,2026-07-27 05:55:02
CGK,arrivals,2026-07-26,20:20,,IN221,,YIA,Yogyakarta International Airport,Nam Air,IN,B735,Boeing 737-524,PK-NAQ,Unknown,2026-07-27 05:55:02
CGK,arrivals,2026-07-26,20:20,19:48,AK353,AXM353,KUL,Kuala Lumpur International Airport,AirAsia,AK,A20N,Airbus A320-251N,9M-AGN,Landed 19:48,2026-07-27 05:55:02
CGK,arrivals,2026-07-26,20:25,20:19,QG481,CTV481,BDJ,Banjarmasin Syamsudin Noor Airport,Citilink,QG,A320,Airbus A320-214,PK-GLV,Landed 20:19,2026-07-27 05:55:02
CGK,arrivals,2026-07-26,20:25,20:36,ID6887,BTK6887,KNO,Medan Kuala Namu International Airport,Batik Air,ID,A320,Airbus A320-214,PK-LUJ,Landed 20:36,2026-07-27 05:55:02
CGK,arrivals,2026-07-26,20:30,22:09,JT351,LNI257,PDG,Padang Minangkabau International Airport,Lion Air,JT,B739,Boeing 737-9GP(ER),PK-LFZ,Landed 22:09,2026-07-27 05:55:02
CGK,arrivals,2026-07-26,20:35,,RI361,,KDI,Kendari Haluoleo Airport,Rimbun Air,RI,73Y,,,Unknown,2026-07-27 05:55:02
CGK,arrivals,2026-07-26,20:35,20:13,GA325,GIA325,SUB,Surabaya Juanda International Airport,Garuda Indonesia (From Nature to Future Livery),GA,B738,Boeing 737-8U3,PK-GFX,Landed 20:13,2026-07-27 05:55:02
CGK,arrivals,2026-07-26,20:40,,JT1703,,UPG,Makassar Sultan Hasanuddin International Airport,Lion Air,JT,738,,,Unknown,2026-07-27 05:55:02
CGK,arrivals,2026-07-26,20:40,20:29,JT703,LNI703,UPG,Makassar Sultan Hasanuddin International Airport,Lion Air (50th 737-900ER Livery),JT,B739,Boeing 737-9GP(ER),PK-LHY,Landed 20:29,2026-07-27 05:55:02
CGK,arrivals,2026-07-26,20:40,20:25,IP357,PAS357,PDG,Padang Minangkabau International Airport,Pelita Air,IP,A320,Airbus A320-214,PK-PWQ,Landed 20:25,2026-07-27 05:55:02
CGK,arrivals,2026-07-26,20:45,,IU605,,BPN,Balikpapan Sepinggan Airport,Super Air Jet,IU,320,,,Unknown,2026-07-27 05:55:02
CGK,arrivals,2026-07-26,20:45,20:27,IP307,PAS307,KNO,Medan Kuala Namu International Airport,Pelita Air,IP,A320,Airbus A320-214,PK-PWG,Landed 20:27,2026-07-27 05:55:02
CGK,arrivals,2026-07-26,20:45,22:30,ID6575,BTK6575,SUB,Surabaya Juanda International Airport,Batik Air,ID,A320,Airbus A320-233,PK-BKG,Landed 22:30,2026-07-27 05:55:02
CGK,arrivals,2026-07-26,20:45,20:33,GA837,GIA837,SIN,Singapore Changi Airport,Garuda Indonesia,GA,B738,Boeing 737-8U3,PK-GMY,Landed 20:33,2026-07-27 05:55:02
CGK,arrivals,2026-07-26,20:50,,SJ225,,YIA,Yogyakarta International Airport,Sriwijaya Air,SJ,735,,,Unknown,2026-07-27 05:55:02
CGK,arrivals,2026-07-26,20:50,20:44,GA421,GIA421,DPS,Denpasar Ngurah Rai International Airport,Garuda Indonesia,GA,B738,Boeing 737-8U3,PK-GFD,Landed 20:44,2026-07-27 05:55:02
CGK,arrivals,2026-07-26,20:55,20:17,QG513,CTV513,DMK,Bangkok Don Mueang International Airport,Citilink,QG,A320,Airbus A320-214,PK-GQU,Landed 20:17,2026-07-27 05:55:02
CGK,arrivals,2026-07-26,20:55,20:59,JT391,LNI391,PKU,Pekanbaru Sultan Syarif Kasim II Airport,Lion Air,JT,B739,Boeing 737-9GP(ER),PK-LJG,Landed 20:59,2026-07-27 05:55:02
CGK,arrivals,2026-07-26,21:00,,RI161,,BTJ,Banda Aceh International Airport,Rimbun Air,RI,73Y,,,Unknown,2026-07-27 05:55:02
CGK,arrivals,2026-07-26,21:00,20:46,IP315,PAS315,PLM,Palembang International Airport,Pelita Air,IP,A320,Airbus A320-214,PK-PWA,Landed 20:46,2026-07-27 05:55:02
CGK,arrivals,2026-07-26,21:00,,ID8685,,PNK,Pontianak Supadio Airport,Batik Air,ID,738,,,Canceled,2026-07-27 05:55:02
CGK,arrivals,2026-07-26,21:00,20:38,EY472,ETD472,AUH,Abu Dhabi Zayed International Airport,Etihad Airways,EY,B789,Boeing 787-9 Dreamliner,A6-BLG,Landed 20:38,2026-07-27 05:55:02
CGK,arrivals,2026-07-26,21:10,21:48,QG983,CTV983,PLM,Palembang International Airport,Citilink (Retro Livery),QG,A320,Airbus A320-214,PK-GQI,Landed 21:48,2026-07-27 05:55:02
CGK,arrivals,2026-07-26,21:10,21:01,QG667,CTV667,DPS,Denpasar Ngurah Rai International Airport,Citilink Garuda Indonesia,QG,A320,Airbus A320-214,PK-GQT,Landed 21:01,2026-07-27 05:55:02
CGK,arrivals,2026-07-26,21:10,21:19,ID6371,BTK6371,YIA,Yogyakarta International Airport,Batik Air,ID,A320,Airbus A320-214,PK-LAW,Landed 21:19,2026-07-27 05:55:02
CGK,arrivals,2026-07-26,21:15,21:45,8B698,TNU698,SZB,Kuala Lumpur Subang Airport,TransNusa,8B,A321,Airbus A321-211,PK-TLK,Landed 21:45,2026-07-27 05:55:02
CGK,arrivals,2026-07-26,21:15,21:10,QG955,CTV955,PDG,Padang Minangkabau International Airport,Citilink,QG,A320,Airbus A320-214,PK-GQN,Landed 21:10,2026-07-27 05:55:02
CGK,arrivals,2026-07-26,21:15,21:14,QG887,CTV887,KNO,Medan Kuala Namu International Airport,Citilink,QG,A320,Airbus A320-214,PK-GQE,Landed 21:14,2026-07-27 05:55:02
CGK,arrivals,2026-07-26,21:20,21:17,QG945,CTV945,BTH,Batam Hang Nadim Airport,Citilink,QG,A20N,Airbus A320-251N,PK-GTC,Landed 21:17,2026-07-27 05:55:02
CGK,arrivals,2026-07-26,21:25,21:23,TR272,TGW272,SIN,Singapore Changi Airport,Scoot,TR,A320,Airbus A320-232,9V-TRU,Landed 21:23,2026-07-27 05:55:02
CGK,arrivals,2026-07-26,21:25,,JT383,,KNO,Medan Kuala Namu International Airport,Lion Air,JT,7M9,,,Unknown,2026-07-27 05:55:02
CGK,arrivals,2026-07-26,21:25,21:08,GA615,GIA615,UPG,Makassar Sultan Hasanuddin International Airport,Garuda Indonesia,GA,B738,Boeing 737-81M,PK-GUC,Landed 21:08,2026-07-27 05:55:02
CGK,arrivals,2026-07-26,21:30,,IU905,,PDG,Padang Minangkabau International Airport,Super Air Jet,IU,320,,,Unknown,2026-07-27 05:55:02
CGK,arrivals,2026-07-26,21:30,,IP809,,UPG,Makassar Sultan Hasanuddin International Airport,Pelita Air,IP,320,,,Unknown,2026-07-27 05:55:02
CGK,arrivals,2026-07-26,21:30,21:03,CA475,CCA475,TFU,Chengdu Tianfu International Airport,Air China,CA,A320,Airbus A320-214,B-9926,Landed 21:03,2026-07-27 05:55:02
CGK,arrivals,2026-07-26,21:40,21:55,8B680,TNU680,KUL,Kuala Lumpur International Airport,TransNusa,8B,A321,Airbus A321-211,PK-TLG,Landed 21:55,2026-07-27 05:55:02
CGK,arrivals,2026-07-26,21:40,,RI131,,PKU,Pekanbaru Sultan Syarif Kasim II Airport,Rimbun Air,RI,73Y,,,Unknown,2026-07-27 05:55:02
CGK,arrivals,2026-07-26,21:40,22:31,QR954,QTR954,DOH,Doha Hamad International Airport,Qatar Airways,QR,A359,Airbus A350-941,A7-ALM,Landed 22:31,2026-07-27 05:55:02
CGK,arrivals,2026-07-26,21:40,20:55,QG503,CTV503,KUL,Kuala Lumpur International Airport,Citilink,QG,A320,Airbus A320-214,PK-GQA,Landed 20:55,2026-07-27 05:55:02
CGK,arrivals,2026-07-26,21:40,21:33,IP105,PAS105,DPS,Denpasar Ngurah Rai International Airport,Pelita Air,IP,A320,Airbus A320-214,PK-PWO,Landed 21:33,2026-07-27 05:55:02
CGK,arrivals,2026-07-26,21:40,,ID6269,,UPG,Makassar Sultan Hasanuddin International Airport,Batik Air,ID,32A,,,Canceled,2026-07-27 05:55:02
CGK,arrivals,2026-07-26,21:40,21:39,GA415,GIA415,DPS,Denpasar Ngurah Rai International Airport,Garuda Indonesia,GA,B738,Boeing 737-8U3,PK-GNG,Landed 21:39,2026-07-27 05:55:02
CGK,arrivals,2026-07-26,21:45,,QZ211,,KUL,Kuala Lumpur International Airport,AirAsia (Dnars Indonesia Livery),AK,A320,Airbus A320-216,PK-AZN,Unknown,2026-07-27 05:55:02
CGK,arrivals,2026-07-26,21:45,21:44,AK211,AWQ211P,KUL,Kuala Lumpur International Airport,AirAsia (Dnars Indonesia Livery),AK,A320,Airbus A320-216,PK-AZN,Landed 21:44,2026-07-27 05:55:02
CGK,arrivals,2026-07-26,21:45,,ID6763,,UPG,Makassar Sultan Hasanuddin International Airport,Batik Air,ID,32A,,,Unknown,2026-07-27 05:55:02
CGK,arrivals,2026-07-26,21:50,21:42,QG171,CTV171,SUB,Surabaya Juanda International Airport,Citilink,QG,A20N,Airbus A320-251N,PK-GTA,Landed 21:42,2026-07-27 05:55:02
CGK,arrivals,2026-07-26,21:50,21:19,MF8683,CXA8683,WUH,Wuhan Tianhe International Airport,Xiamen Air,MF,B38M,Boeing 737 MAX 8,B-208L,Landed 21:19,2026-07-27 05:55:02
CGK,arrivals,2026-07-26,21:55,21:50,IN221,LKN221,YIA,Yogyakarta International Airport,Nam Air,IN,B735,Boeing 737-524,PK-NAQ,Landed 21:50,2026-07-27 05:55:02
CGK,arrivals,2026-07-26,21:55,23:00,QZ819,AWQ819,DPS,Denpasar Ngurah Rai International Airport,AirAsia,AK,A320,Airbus A320-216,PK-AZL,Landed 23:00,2026-07-27 05:55:02
CGK,arrivals,2026-07-26,21:55,21:38,QG527,CTV527,SIN,Singapore Changi Airport,Citilink,QG,A320,Airbus A320-214,PK-GQF,Landed 21:38,2026-07-27 05:55:02
CGK,arrivals,2026-07-26,22:00,21:42,JT3293,LNI3293,PKU,Pekanbaru Sultan Syarif Kasim II Airport,Lion Air,JT,B739,Boeing 737-9GP(ER),PK-LQS,Landed 21:42,2026-07-27 05:55:02
CGK,arrivals,2026-07-26,22:05,21:31,QZ475,AWQ475,KTI,Phnom Penh Techo International Airport,AirAsia (Lombok Livery),AK,A320,Airbus A320-216,PK-AXU,Landed 21:31,2026-07-27 05:55:02
CGK,arrivals,2026-07-26,22:10,22:23,JT15,LNI015,DPS,Denpasar Ngurah Rai International Airport,Lion Air,JT,B39M,Boeing 737 MAX 9,PK-LRH,Landed 22:23,2026-07-27 05:55:02
CGK,arrivals,2026-07-26,22:15,22:27,SJ273,SJY273,DPS,Denpasar Ngurah Rai International Airport,BBN Airlines Indonesia,0B,B738,Boeing 737-8BK,PK-BBF,Landed 22:27,2026-07-27 05:55:02
CGK,arrivals,2026-07-26,22:15,21:59,GA193,GIA193,KNO,Medan Kuala Namu International Airport,Garuda Indonesia,GA,B738,Boeing 737-8U3,PK-GFP,Landed 21:59,2026-07-27 05:55:02
CGK,arrivals,2026-07-26,22:20,22:06,ID7152,BTK7152,SIN,Singapore Changi Airport,Batik Air,ID,B738,Boeing 737-8GP,PK-LDJ,Landed 22:06,2026-07-27 05:55:02
CGK,arrivals,2026-07-26,22:20,22:02,ID6231,BTK6231,UPG,Makassar Sultan Hasanuddin International Airport,Batik Air,ID,A320,Airbus A320-214,PK-LAY,Landed 22:02,2026-07-27 05:55:02
CGK,arrivals,2026-07-26,22:25,22:41,EK358,UAE358,DXB,Dubai International Airport,Emirates,EK,B77W,Boeing 777-31H(ER),A6-EBU,Landed 22:41,2026-07-27 05:55:02
CGK,arrivals,2026-07-26,22:30,22:27,MU5069,CES5069,PVG,Shanghai Pudong International Airport,China Eastern Airlines,MU,A332,Airbus A330-243,B-5975,Landed 22:27,2026-07-27 05:55:02
CGK,arrivals,2026-07-26,22:30,22:16,MF837,CXA837,XMN,Xiamen Gaoqi International Airport,Xiamen Air,MF,B38M,Boeing 737 MAX 8,B-226E,Landed 22:16,2026-07-27 05:55:02
CGK,arrivals,2026-07-26,22:30,,JT215,,KNO,Medan Kuala Namu International Airport,Lion Air,JT,738,,,Unknown,2026-07-27 05:55:02
CGK,arrivals,2026-07-26,22:40,22:19,SQ968,SIA968,SIN,Singapore Changi Airport,Singapore Airlines,SQ,A359,Airbus A350-941,9V-SHE,Landed 22:19,2026-07-27 05:55:02
CGK,arrivals,2026-07-26,22:40,22:49,QG427,CTV427,UPG,Makassar Sultan Hasanuddin International Airport,Citilink,QG,A20N,Airbus A320-251N,PK-GTF,Landed 22:49,2026-07-27 05:55:02
CGK,arrivals,2026-07-26,22:40,,JT371,,BTH,Batam Hang Nadim Airport,Lion Air,JT,738,,,Unknown,2026-07-27 05:55:02
CGK,arrivals,2026-07-26,22:45,22:33,SV826,SVA826,JED,Jeddah King Abdulaziz International Airport,Saudia,SV,B77W,Boeing 777-368(ER),HZ-AK23,Landed 22:33,2026-07-27 05:55:02
CGK,arrivals,2026-07-26,22:45,22:23,GA839,GIA839,SIN,Singapore Changi Airport,Garuda Indonesia,GA,B738,Boeing 737-8U3,PK-GMF,Landed 22:23,2026-07-27 05:55:02
CGK,arrivals,2026-07-26,22:55,00:07,CX797,CPA797,HKG,Hong Kong International Airport,Cathay Pacific,CX,B773,Boeing 777-31H,B-HNU,Landed 00:07,2026-07-27 05:55:02
CGK,arrivals,2026-07-26,23:00,23:21,CZ8353,CSN8353,SZX,Shenzhen Bao'an International Airport,China Southern Airlines,CZ,A21N,Airbus A321-253NX,B-30E2,Landed 23:21,2026-07-27 05:55:02
CGK,arrivals,2026-07-26,23:05,19:47,RI203,OEY203,BDJ,Banjarmasin Syamsudin Noor Airport,Rimbun Cargo,RI,B733,Boeing 737-3J6(SF),PK-OTO,Landed 19:47,2026-07-27 05:55:02
CGK,arrivals,2026-07-26,23:05,,RI3210,,UPG,Makassar Sultan Hasanuddin International Airport,Rimbun Air,RI,73Y,,,Unknown,2026-07-27 05:55:02
CGK,arrivals,2026-07-26,23:05,22:39,QG947,CTV947,BTH,Batam Hang Nadim Airport,Citilink,QG,A320,Airbus A320-214,PK-GLT,Landed 22:39,2026-07-27 05:55:02
CGK,arrivals,2026-07-26,23:05,23:04,MH727,MAS727,KUL,Kuala Lumpur International Airport,Malaysia Airlines,MH,B738,Boeing 737-8H6,9M-MXQ,Landed 23:04,2026-07-27 05:55:02
CGK,arrivals,2026-07-26,23:10,22:57,QZ529,AWQ529,BWN,Brunei International Airport,AirAsia,AK,A320,Airbus A320-214,PK-AZH,Landed 22:57,2026-07-27 05:55:02
CGK,arrivals,2026-07-26,23:10,00:11,OD396,MXD396,KUL,Kuala Lumpur International Airport,Batik Air,ID,B738,Boeing 737-8U3,9M-LDF,Landed 00:11,2026-07-27 05:55:02
CGK,arrivals,2026-07-26,23:25,00:20,SC2153,CDG2153,XMN,Xiamen Gaoqi International Airport,Shandong Airlines,SC,B38M,Boeing 737 MAX 8,B-1271,Landed 00:20,2026-07-27 05:55:02
CGK,arrivals,2026-07-26,23:25,22:46,CZ387,CSN387,CAN,Guangzhou Baiyun International Airport,China Southern Airlines,CZ,A21N,Airbus A321-253NX,B-324P,Landed 22:46,2026-07-27 05:55:02
CGK,arrivals,2026-07-26,23:45,22:48,NH835,ANA835,NRT,Tokyo Narita International Airport,All Nippon Airways,NH,B789,Boeing 787-9 Dreamliner,JA927A,Landed 22:48,2026-07-27 05:55:02
CGK,arrivals,2026-07-26,23:50,,8B5109,,DPS,Denpasar Ngurah Rai International Airport,TransNusa,8B,320,,,Unknown,2026-07-27 05:55:02
CGK,arrivals,2026-07-26,23:50,23:49,MF855,CXA855,FOC,Fuzhou Changle International Airport,Xiamen Air,MF,B38M,Boeing 737 MAX 8,B-224X,Landed 23:49,2026-07-27 05:55:02
CGK,arrivals,2026-07-26,23:50,23:34,CI763,CAL763,TPE,Taipei Taoyuan International Airport,China Airlines,CI,A21N,Airbus A321-271NX,B-18117,Landed 23:34,2026-07-27 05:55:02
CGK,arrivals,2026-07-26,23:55,23:30,PR535,PAL535,MNL,Manila Ninoy Aquino International Airport,Philippine Airlines,PR,A321,Airbus A321-231,RP-C9905,Landed 23:30,2026-07-27 05:55:02
CGK,departures,2026-07-26,00:05,00:21,EY473,ETD473,AUH,Abu Dhabi Zayed International Airport,Etihad Airways,EY,B789,Boeing 787-9 Dreamliner,A6-BLL,Departed 00:21,2026-07-27 05:56:05
CGK,departures,2026-07-26,00:05,,CX798,,HKG,Hong Kong International Airport,Cathay Pacific,CX,773,,,Canceled,2026-07-27 05:56:05
CGK,departures,2026-07-26,00:10,00:28,ID6288,BTK6288,UPG,Makassar Sultan Hasanuddin International Airport,Batik Air,ID,A320,Airbus A320-214,PK-LUY,Departed 00:28,2026-07-27 05:56:05
CGK,departures,2026-07-26,00:10,00:30,GA682,GIA682,SOQ,Sorong Dominique Edward Osok Airport,Garuda Indonesia,GA,B738,Boeing 737-8U3,PK-GMV,Departed 00:30,2026-07-27 05:56:05
CGK,departures,2026-07-26,00:20,,CZ8354,,SZX,Shenzhen Bao'an International Airport,China Southern Airlines,CZ,32Q,,,Canceled,2026-07-27 05:56:05
CGK,departures,2026-07-26,00:25,02:51,SC2154,CDG2154,XMN,Xiamen Gaoqi International Airport,Shandong Airlines,SC,B38M,Boeing 737 MAX 8,B-20D0,Departed 02:51,2026-07-27 05:56:05
CGK,departures,2026-07-26,00:25,00:38,ID6170,BTK6170,AMQ,Ambon Pattimura Airport,Batik Air,ID,A320,Airbus A320-214,PK-LAI,Departed 00:38,2026-07-27 05:56:05
CGK,departures,2026-07-26,00:30,,GA664,,DJJ,Jayapura Sentani Airport,Garuda Indonesia,GA,B738,Boeing 737-8U3,PK-GNC,Unknown,2026-07-27 05:56:05
CGK,departures,2026-07-26,00:30,01:01,ID7797,BTK7797,SOQ,Sorong Dominique Edward Osok Airport,Batik Air,ID,A320,Airbus A320-214,PK-LUZ,Departed 01:01,2026-07-27 05:56:05
CGK,departures,2026-07-26,00:30,00:40,GA664,GIA664,DJJ,Jayapura Sentani Airport,Garuda Indonesia,GA,B738,Boeing 737-8U3,PK-GNC,Departed 00:40,2026-07-27 05:56:05
CGK,departures,2026-07-26,00:40,00:40,3U9006,,XIY,Xi'an Xianyang International Airport,Sichuan Airlines,3U,321,,,Estimated dep 00:40*,2026-07-27 05:56:05
CGK,departures,2026-07-26,00:40,03:35,SV827,SVA827,JED,Jeddah King Abdulaziz International Airport,Saudia,SV,B77W,Boeing 777-368(ER),HZ-AK22,Departed 03:35,2026-07-27 05:56:05
CGK,departures,2026-07-26,00:45,00:50,ID6180,BTK6180,DJJ,Jayapura Sentani Airport,Batik Air,ID,B738,Boeing 737-86N,PK-BGZ,Departed 00:50,2026-07-27 05:56:05
CGK,departures,2026-07-26,00:45,00:53,EK359,UAE359,DXB,Dubai International Airport,Emirates,EK,B77W,Boeing 777-31H(ER),A6-ECI,Departed 00:53,2026-07-27 05:56:05
CGK,departures,2026-07-26,00:50,00:56,ID8890,BTK8890,AMQ,Ambon Pattimura Airport,Batik Air,ID,A320,Airbus A320-214,PK-LAL,Departed 00:56,2026-07-27 05:56:05
CGK,departures,2026-07-26,00:55,01:03,QR955,QTR955,DOH,Doha Hamad International Airport,Qatar Airways,QR,A359,Airbus A350-941,A7-ALB,Departed 01:03,2026-07-27 05:56:05
CGK,departures,2026-07-26,00:55,01:07,PR536,PAL536,MNL,Manila Ninoy Aquino International Airport,Philippine Airlines,PR,A321,Airbus A321-231,RP-C9902,Departed 01:07,2026-07-27 05:56:05
CGK,departures,2026-07-26,01:00,01:09,QG300,CTV300,MDC,Manado Sam Ratulangi International Airport,Citilink (Tiket.com Livery),QG,A320,Airbus A320-214,PK-GLW,Departed 01:09,2026-07-27 05:56:05
CGK,departures,2026-07-26,01:10,01:27,JT3896,,UPG,Makassar Sultan Hasanuddin International Airport,Lion Air,JT,739,,,Estimated dep 01:27*,2026-07-27 05:56:05
CGK,departures,2026-07-26,01:10,02:19,JT2792,,UPG,Makassar Sultan Hasanuddin International Airport,Lion Air,JT,738,,,Unknown,2026-07-27 05:56:05
CGK,departures,2026-07-26,01:10,04:22,JT1944,,UPG,Makassar Sultan Hasanuddin International Airport,Lion Air,JT,739,,,Unknown,2026-07-27 05:56:05
CGK,departures,2026-07-26,01:10,04:21,JT986,,UPG,Makassar Sultan Hasanuddin International Airport,Lion Air,JT,738,,,Unknown,2026-07-27 05:56:05
CGK,departures,2026-07-26,01:10,01:16,JT898,LNI898,UPG,Makassar Sultan Hasanuddin International Airport,Lion Air,JT,B738,Boeing 737-8GP,PK-LKH,Departed 01:16,2026-07-27 05:56:05
CGK,departures,2026-07-26,01:15,01:21,GA648,GIA648,TTE,Ternate Babullah Airport,Garuda Indonesia,GA,B738,Boeing 737-8U3,PK-GNA,Departed 01:21,2026-07-27 05:56:05
CGK,departures,2026-07-26,01:30,,3U9005,,XIY,Xi'an Xianyang International Airport,Sichuan Airlines,3U,321,,,Unknown,2026-07-27 05:56:05
CGK,departures,2026-07-26,01:30,02:20,VN634,HVN634,HAN,Hanoi Noi Bai International Airport,Vietnam Airlines,VN,A321,Airbus A321-231,VN-A326,Departed 02:20,2026-07-27 05:56:05
CGK,departures,2026-07-26,01:30,01:40,ID6274,BTK6274,MDC,Manado Sam Ratulangi International Airport,Batik Air,ID,B738,Boeing 737-8GP,PK-LZZ,Departed 01:40,2026-07-27 05:56:05
CGK,departures,2026-07-26,01:40,01:47,QG210,CTV210,AMQ,Ambon Pattimura Airport,Citilink (Tiket.com Livery),QG,A320,Airbus A320-214,PK-GLZ,Departed 01:47,2026-07-27 05:56:05
CGK,departures,2026-07-26,01:45,02:27,CA978,CCA978,PEK,Beijing Capital International Airport,Air China,CA,A333,Airbus A330-343,B-5901,Departed 02:27,2026-07-27 05:56:05
CGK,departures,2026-07-26,01:50,02:13,GA606,GIA606,MDC,Manado Sam Ratulangi International Airport,Garuda Indonesia,GA,B738,Boeing 737-8U3,PK-GFD,Departed 02:13,2026-07-27 05:56:05
CGK,departures,2026-07-26,02:00,02:03,QG344,CTV344,UPG,Makassar Sultan Hasanuddin International Airport,Citilink,QG,A320,Airbus A320-214,PK-GLG,Departed 02:03,2026-07-27 05:56:05
CGK,departures,2026-07-26,02:00,,ID6770,,UPG,Makassar Sultan Hasanuddin International Airport,Batik Air,ID,32A,,,Unknown,2026-07-27 05:56:05
CGK,departures,2026-07-26,02:00,,ID6751,,UPG,Makassar Sultan Hasanuddin International Airport,Batik Air,ID,32A,,,Unknown,2026-07-27 05:56:05
CGK,departures,2026-07-26,02:00,02:17,ID6742,BTK6742,MDC,Manado Sam Ratulangi International Airport,Batik Air,ID,B738,Boeing 737-8U3,PK-BGF,Departed 02:17,2026-07-27 05:56:05
CGK,departures,2026-07-26,02:00,02:09,ID6264,BTK6264,UPG,Makassar Sultan Hasanuddin International Airport,Batik Air,ID,A320,Airbus A320-214,PK-BLC,Departed 02:09,2026-07-27 05:56:05
CGK,departures,2026-07-26,02:00,02:11,ID6540,BTK6540,KOE,Kupang El Tari Airport,Batik Air,ID,A320,Airbus A320-233,PK-BKG,Departed 02:11,2026-07-27 05:56:05
CGK,departures,2026-07-26,02:05,02:15,QG602,CTV602,KOE,Kupang El Tari Airport,Citilink,QG,A320,Airbus A320-214,PK-GQP,Departed 02:15,2026-07-27 05:56:05
CGK,departures,2026-07-26,02:15,02:35,KE438,KAL438,ICN,Seoul Incheon International Airport,Korean Air,KE,B77W,Boeing 777-3B5(ER),HL8275,Departed 02:35,2026-07-27 05:56:05
CGK,departures,2026-07-26,02:20,02:25,GA622,GIA622,PLW,Palu Mutiara Airport,Garuda Indonesia,GA,B738,Boeing 737-8U3,PK-GMC,Departed 02:25,2026-07-27 05:56:05
CGK,departures,2026-07-26,02:30,04:35,ID6140,BTK6140,TTE,Ternate Babullah Airport,Batik Air,ID,A320,Airbus A320-214,PK-LUJ,Departed 04:35,2026-07-27 05:56:05
CGK,departures,2026-07-26,02:30,02:33,ID6560,BTK6560,PLW,Palu Mutiara Airport,Batik Air,ID,A320,Airbus A320-214,PK-BLD,Departed 02:33,2026-07-27 05:56:05
CGK,departures,2026-07-26,03:00,08:30,CZ8056,,SZX,Shenzhen Bao'an International Airport,China Southern Airlines,CZ,32N,,,Unknown,2026-07-27 05:56:05
CGK,departures,2026-07-26,03:20,03:29,ID6724,BTK6724,KDI,Kendari Haluoleo Airport,Batik Air,ID,B738,Boeing 737-8GP,PK-LBK,Departed 03:29,2026-07-27 05:56:05
CGK,departures,2026-07-26,03:40,04:19,3Y924,MYU924,SIN,Singapore Changi Airport,My Indo Airlines,3Y,B733,Boeing 737-36Q(SF),PK-MYB,Departed 04:19,2026-07-27 05:56:05
CGK,departures,2026-07-26,03:40,03:54,QG330,CTV330,KDI,Kendari Haluoleo Airport,Citilink,QG,A320,Airbus A320-214,PK-GQK,Departed 03:54,2026-07-27 05:56:05
CGK,departures,2026-07-26,03:55,03:56,ID6242,BTK6242,GTO,Gorontalo Jalaluddin Airport,Batik Air,ID,B738,Boeing 737-8GP,PK-LDJ,Departed 03:56,2026-07-27 05:56:05
CGK,departures,2026-07-26,04:15,04:24,MH726,MAS726,KUL,Kuala Lumpur International Airport,Malaysia Airlines,MH,B738,Boeing 737-8H6,9M-MSB,Departed 04:24,2026-07-27 05:56:05
CGK,departures,2026-07-26,04:30,04:30,JT20,,DPS,Denpasar Ngurah Rai International Airport,Lion Air,JT,739,,,Estimated dep 04:30*,2026-07-27 05:56:05
CGK,departures,2026-07-26,04:40,04:53,QG680,CTV680,DPS,Denpasar Ngurah Rai International Airport,Citilink,QG,A320,Airbus A320-214,PK-GQM,Departed 04:53,2026-07-27 05:56:05
CGK,departures,2026-07-26,04:45,04:50,ID6430,BTK6430,BEJ,Kalimarau Airport,Batik Air,ID,A320,Airbus A320-232,PK-BLB,Departed 04:50,2026-07-27 05:56:05
CGK,departures,2026-07-26,04:55,05:09,GA644,GIA644,GTO,Gorontalo Jalaluddin Airport,Garuda Indonesia (From Nature to Future Livery),GA,B738,Boeing 737-8U3,PK-GFX,Departed 05:09,2026-07-27 05:56:05
CGK,departures,2026-07-26,05:00,05:14,8B5161,TNU5161,LOP,Lombok International Airport,TransNusa,8B,A320,Airbus A320-214,PK-TLD,Departed 05:14,2026-07-27 05:56:05
CGK,departures,2026-07-26,05:00,04:59,QZ200,AWQ200,KUL,Kuala Lumpur International Airport,AirAsia,AK,A320,Airbus A320-216,PK-AZO,Departed 04:59,2026-07-27 05:56:05
CGK,departures,2026-07-26,05:00,05:12,QG212,CTV212,UPG,Makassar Sultan Hasanuddin International Airport,Citilink,QG,A20N,Airbus A320-251N,PK-GTC,Departed 05:12,2026-07-27 05:56:05
CGK,departures,2026-07-26,05:00,05:17,QG170,CTV170,SUB,Surabaya Juanda International Airport,Citilink,QG,A20N,Airbus A320-251N,PK-GTF,Departed 05:17,2026-07-27 05:56:05
CGK,departures,2026-07-26,05:00,04:50,JT200,,KNO,Medan Kuala Namu International Airport,Lion Air,JT,738,,,Estimated dep 04:50*,2026-07-27 05:56:05
CGK,departures,2026-07-26,05:00,05:28,IU604,SJV604,BPN,Balikpapan Sepinggan Airport,Super Air Jet,IU,A320,Airbus A320-232,PK-STD,Departed 05:28,2026-07-27 05:56:05
CGK,departures,2026-07-26,05:10,05:24,QG436,CTV436,BPN,Balikpapan Sepinggan Airport,Citilink,QG,A320,Airbus A320-214,PK-GLY,Departed 05:24,2026-07-27 05:56:05
CGK,departures,2026-07-26,05:15,05:26,8B675,TNU675,KUL,Kuala Lumpur International Airport,TransNusa,8B,A321,Airbus A321-211,PK-TLG,Departed 05:26,2026-07-27 05:56:05
CGK,departures,2026-07-26,05:15,05:21,QG940,CTV940,BTH,Batam Hang Nadim Airport,Citilink,QG,A320,Airbus A320-214,PK-GQH,Departed 05:21,2026-07-27 05:56:05
CGK,departures,2026-07-26,05:15,,OD397,,KUL,Kuala Lumpur International Airport,Batik Air Malaysia,OD,738,,,Unknown,2026-07-27 05:56:05
CGK,departures,2026-07-26,05:15,,IU814,,PDG,Padang Minangkabau International Airport,Super Air Jet,IU,320,,,Unknown,2026-07-27 05:56:05
CGK,departures,2026-07-26,05:20,05:32,JT292,LNI292,PKU,Pekanbaru Sultan Syarif Kasim II Airport,Lion Air,JT,B39M,Boeing 737 MAX 9,PK-LRH,Departed 05:32,2026-07-27 05:56:05
CGK,departures,2026-07-26,05:25,05:34,SQ951,SIA951,SIN,Singapore Changi Airport,Singapore Airlines,SQ,A359,Airbus A350-941,9V-SHC,Departed 05:34,2026-07-27 05:56:05
CGK,departures,2026-07-26,05:25,,IU682,,PNK,Pontianak Supadio Airport,Super Air Jet,IU,320,,,Unknown,2026-07-27 05:56:05
CGK,departures,2026-07-26,05:30,05:30,8B633,TNU633,PEN,Penang International Airport,TransNusa,8B,A321,Airbus A321-211,PK-TLK,Departed 05:30,2026-07-27 05:56:05
CGK,departures,2026-07-26,05:30,05:37,QG910,CTV910,KNO,Medan Kuala Namu International Airport,Citilink Garuda Indonesia,QG,A320,Airbus A320-214,PK-GQT,Departed 05:37,2026-07-27 05:56:05
CGK,departures,2026-07-26,05:30,,JT656,,LOP,Lombok International Airport,Lion Air,JT,738,,,Canceled,2026-07-27 05:56:05
CGK,departures,2026-07-26,05:30,,IU850,,BTH,Batam Hang Nadim Airport,Super Air Jet,IU,320,,,Unknown,2026-07-27 05:56:05
CGK,departures,2026-07-26,05:30,05:49,IN190,LKN190,PKN,Pangkalan Bun Iskandar Airport,NAM Air,IN,B735,Boeing 737-524,PK-NAS,Departed 05:49,2026-07-27 05:56:05
CGK,departures,2026-07-26,05:30,,ID6260,,UPG,Makassar Sultan Hasanuddin International Airport,Batik Air,ID,32A,,,Unknown,2026-07-27 05:56:05
CGK,departures,2026-07-26,05:30,05:38,ID6236,BTK6236,UPG,Makassar Sultan Hasanuddin International Airport,Batik Air,ID,A320,Airbus A320-214,PK-LAY,Departed 05:38,2026-07-27 05:56:05
CGK,departures,2026-07-26,05:30,05:40,GA604,GIA604,UPG,Makassar Sultan Hasanuddin International Airport,Garuda Indonesia,GA,B738,Boeing 737-8U3,PK-GFP,Departed 05:40,2026-07-27 05:56:05
CGK,departures,2026-07-26,05:45,05:53,QG936,CTV936,PKU,Pekanbaru Sultan Syarif Kasim II Airport,Citilink,QG,A320,Airbus A320-214,PK-GQO,Departed 05:53,2026-07-27 05:56:05
CGK,departures,2026-07-26,05:50,05:58,IP810,PAS810,KDI,Kendari Haluoleo Airport,Pelita Air,IP,A320,Airbus A320-214,PK-PWC,Departed 05:58,2026-07-27 05:56:05
CGK,departures,2026-07-26,05:50,06:00,GA824,GIA824,SIN,Singapore Changi Airport,Garuda Indonesia,GA,B738,Boeing 737-8U3,PK-GMF,Departed 06:00,2026-07-27 05:56:05
CGK,departures,2026-07-26,06:00,,SJ776,,TTE,Ternate Babullah Airport,Sriwijaya Air,SJ,735,,,Unknown,2026-07-27 05:56:05
CGK,departures,2026-07-26,06:00,06:09,SJ54,SJY054,TJQ,Tanjung Pandan Buluh Tumbang Airport,Sriwijaya Air,SJ,B735,Boeing 737-524,PK-CLH,Departed 06:09,2026-07-27 05:56:05
CGK,departures,2026-07-26,06:00,13:15,RI200,OEY200,BPN,Balikpapan Sepinggan Airport,Rimbun Cargo,RI,B733,Boeing 737-3J6(SF),PK-OTO,Departed 13:15,2026-07-27 05:56:05
CGK,departures,2026-07-26,06:00,06:20,QG980,CTV980,PLM,Palembang International Airport,Citilink,QG,A320,Airbus A320-214,PK-GLS,Departed 06:20,2026-07-27 05:56:05
CGK,departures,2026-07-26,06:00,,JT334,,PLM,Palembang International Airport,Lion Air,JT,738,,,Unknown,2026-07-27 05:56:05
CGK,departures,2026-07-26,06:00,06:24,IU628,SJV628,BDJ,Banjarmasin Syamsudin Noor Airport,Super Air Jet,IU,A320,Airbus A320-232,PK-STS,Departed 06:24,2026-07-27 05:56:05
CGK,departures,2026-07-26,06:00,06:02,IU254,SJV254,PLW,Palu Mutiara Airport,Super Air Jet,IU,A320,Airbus A320-232,PK-SJQ,Departed 06:02,2026-07-27 05:56:05
CGK,departures,2026-07-26,06:00,06:12,IP806,PAS806,UPG,Makassar Sultan Hasanuddin International Airport,Pelita Air,IP,A320,Airbus A320-214,PK-PWJ,Departed 06:12,2026-07-27 05:56:05
CGK,departures,2026-07-26,06:00,06:39,IN170,LKN170,SMQ,Sampit Airport,Nam Air,IN,B735,Boeing 737-524,PK-NAQ,Departed 06:39,2026-07-27 05:56:05
CGK,departures,2026-07-26,06:00,,ID6572,,SUB,Surabaya Juanda International Airport,Batik Air,ID,320,,,Canceled,2026-07-27 05:56:05
CGK,departures,2026-07-26,06:00,06:18,ID6368,BTK6368,YIA,Yogyakarta International Airport,Batik Air,ID,A320,Airbus A320-232,PK-BKO,Departed 06:18,2026-07-27 05:56:05
CGK,departures,2026-07-26,06:00,06:10,ID6202,BTK6202,PKN,Pangkalan Bun Iskandar Airport,Batik Air,ID,A320,Airbus A320-214,PK-BKY,Departed 06:10,2026-07-27 05:56:05
CGK,departures,2026-07-26,06:05,06:15,QG738,CTV738,SUB,Surabaya Juanda International Airport,Citilink,QG,A320,Airbus A320-214,PK-GQE,Departed 06:15,2026-07-27 05:56:05
CGK,departures,2026-07-26,06:10,06:16,QG952,CTV952,PDG,Padang Minangkabau International Airport,Citilink,QG,A320,Airbus A320-214,PK-GQF,Departed 06:16,2026-07-27 05:56:02
CGK,departures,2026-07-26,06:10,06:30,NH836,ANA836,NRT,Tokyo Narita International Airport,All Nippon Airways,NH,B789,Boeing 787-9 Dreamliner,JA884A,Departed 06:30,2026-07-27 05:56:02
CGK,departures,2026-07-26,06:10,06:26,IP350,PAS350,PDG,Padang Minangkabau International Airport,Pelita Air,IP,A320,Airbus A320-214,PK-PWQ,Departed 06:26,2026-07-27 05:56:02
CGK,departures,2026-07-26,06:10,,IP300,,KNO,Medan Kuala Namu International Airport,Pelita Air,IP,320,,,Unknown,2026-07-27 05:56:05
CGK,departures,2026-07-26,06:15,06:32,GA150,GIA150,BTH,Batam Hang Nadim Airport,Garuda Indonesia (Retro 1960 Livery),GA,B738,Boeing 737-8U3,PK-GFM,Departed 06:32,2026-07-27 05:56:02
CGK,departures,2026-07-26,06:20,06:28,QG904,CTV904,TKG,Bandar Lampung Radin Inten II Airport,Citilink,QG,A320,Airbus A320-214,PK-GLI,Departed 06:28,2026-07-27 05:56:02
CGK,departures,2026-07-26,06:20,06:31,QG522,CTV522,SIN,Singapore Changi Airport,Citilink,QG,A320,Airbus A320-214,PK-GQU,Departed 06:31,2026-07-27 05:56:02
CGK,departures,2026-07-26,06:20,06:37,IU696,SJV696,PNK,Pontianak Supadio Airport,Super Air Jet,IU,A320,Airbus A320-232,PK-SAV,Departed 06:37,2026-07-27 05:56:02
CGK,departures,2026-07-26,06:20,,IP140,,LOP,Lombok International Airport,Pelita Air,IP,320,,,Unknown,2026-07-27 05:56:02
CGK,departures,2026-07-26,06:20,06:33,GA7444,GIA7444,TKG,Bandar Lampung Radin Inten II Airport,Garuda Indonesia,GA,B738,Boeing 737-8U3,PK-GUF,Departed 06:33,2026-07-27 05:56:02
CGK,departures,2026-07-26,06:30,,SJ7300,,PGK,Pangkal Pinang Depati Amir Airport,Sriwijaya Air,SJ,735,,,Unknown,2026-07-27 05:56:02
CGK,departures,2026-07-26,06:30,06:37,JL720,JAL720,NRT,Tokyo Narita International Airport,Japan Airlines,JL,B788,Boeing 787-8 Dreamliner,JA844J,Departed 06:37,2026-07-27 05:56:02
CGK,departures,2026-07-26,06:30,,IU908,,PDG,Padang Minangkabau International Airport,Super Air Jet,IU,320,,,Unknown,2026-07-27 05:56:02
CGK,departures,2026-07-26,06:30,,IU820,,PGK,Pangkal Pinang Depati Amir Airport,Super Air Jet,IU,320,,,Unknown,2026-07-27 05:56:02
CGK,departures,2026-07-26,06:30,06:41,GA530,GIA530,BDJ,Banjarmasin Syamsudin Noor Airport,Garuda Indonesia,GA,B738,Boeing 737-8U3,PK-GUG,Departed 06:41,2026-07-27 05:56:02
CGK,departures,2026-07-26,06:35,06:45,ID6338,BTK6338,SRG,Semarang Achmad Yani International Airport,Batik Air,ID,A320,Airbus A320-214,PK-LUK,Departed 06:45,2026-07-27 05:56:02
CGK,departures,2026-07-26,06:40,,IU800,,TKG,Bandar Lampung Radin Inten II Airport,Super Air Jet,IU,320,,,Unknown,2026-07-27 05:56:02
CGK,departures,2026-07-26,06:40,06:47,IP320,PAS320,PKU,Pekanbaru Sultan Syarif Kasim II Airport,Pelita Air,IP,A320,Airbus A320-214,PK-PWO,Departed 06:47,2026-07-27 05:56:02
CGK,departures,2026-07-26,06:45,06:47,QG840,CTV840,BTH,Batam Hang Nadim Airport,Citilink,QG,A320,Airbus A320-214,PK-GQA,Departed 06:47,2026-07-27 05:56:02
CGK,departures,2026-07-26,06:45,06:52,IU956,SJV956,DTB,Siborong-Borong Silangit Airport,Super Air Jet,IU,A320,Airbus A320-232,PK-SJV,Departed 06:52,2026-07-27 05:56:02
CGK,departures,2026-07-26,06:50,06:55,MF8684,CXA8684,WUH,Wuhan Tianhe International Airport,Xiamen Air,MF,B38M,Boeing 737 MAX 8,B-208L,Departed 06:55,2026-07-27 05:56:02
CGK,departures,2026-07-26,06:50,06:57,IP310,PAS310,PLM,Palembang International Airport,Pelita Air,IP,A320,Airbus A320-216,PK-PWN,Departed 06:57,2026-07-27 05:56:02
CGK,departures,2026-07-26,06:50,07:03,GA304,GIA304,SUB,Surabaya Juanda International Airport,Garuda Indonesia,GA,B738,Boeing 737-8U3,PK-GFH,Departed 07:03,2026-07-27 05:56:02
CGK,departures,2026-07-26,06:55,07:01,QZ242,AWQ242,JHB,Johor Bahru Senai International Airport,AirAsia,AK,A320,Airbus A320-214,PK-AZH,Departed 07:01,2026-07-27 05:56:02
CGK,departures,2026-07-26,06:55,07:03,QG884,CTV884,DTB,Siborong-Borong Silangit Airport,Citilink,QG,A320,Airbus A320-214,PK-GQN,Departed 07:03,2026-07-27 05:56:02
CGK,departures,2026-07-26,07:00,07:07,QG960,CTV960,DJB,Jambi Sultan Thaha Airport,Citilink,QG,A320,Airbus A320-214,PK-GLT,Departed 07:07,2026-07-27 05:56:02
CGK,departures,2026-07-26,07:00,07:11,QG480,CTV480,BDJ,Banjarmasin Syamsudin Noor Airport,Citilink,QG,A320,Airbus A320-214,PK-GQQ,Departed 07:11,2026-07-27 05:56:02
CGK,departures,2026-07-26,07:00,07:23,NH872,ANA872,HND,Tokyo Haneda International Airport,All Nippon Airways,NH,B788,Boeing 787-8 Dreamliner,JA838A,Departed 07:23,2026-07-27 05:56:02
CGK,departures,2026-07-26,07:00,,IU924,,PLM,Palembang International Airport,Super Air Jet,IU,320,,,Unknown,2026-07-27 05:56:02
CGK,departures,2026-07-26,07:00,,IU846,,DJB,Jambi Sultan Thaha Airport,Super Air Jet,IU,320,,,Unknown,2026-07-27 05:56:02
CGK,departures,2026-07-26,07:00,07:05,IU762,SJV762,LOP,Lombok International Airport,Super Air Jet,IU,A320,Airbus A320-232,PK-SJA,Departed 07:05,2026-07-27 05:56:02
CGK,departures,2026-07-26,07:00,,IU510,,BPN,Balikpapan Sepinggan Airport,Super Air Jet,IU,320,,,Unknown,2026-07-27 05:56:02
CGK,departures,2026-07-26,07:00,07:10,ID7011,BTK7011,KNO,Medan Kuala Namu International Airport,Batik Air,ID,A320,Airbus A320-232,PK-BKJ,Departed 07:10,2026-07-27 05:56:02
CGK,departures,2026-07-26,07:00,07:07,GA610,GIA610,UPG,Makassar Sultan Hasanuddin International Airport,Garuda Indonesia,GA,B738,Boeing 737-8U3,PK-GMX,Departed 07:07,2026-07-27 05:56:02
CGK,departures,2026-07-26,07:05,07:27,MF856,CXA856,FOC,Fuzhou Changle International Airport,Xiamen Air,MF,B38M,Boeing 737 MAX 8,B-224X,Departed 07:27,2026-07-27 05:56:02
CGK,departures,2026-07-26,07:05,07:17,GA402,GIA402,DPS,Denpasar Ngurah Rai International Airport,Garuda Indonesia,GA,B738,Boeing 737-8U3,PK-GFF,Departed 07:17,2026-07-27 05:56:02
CGK,departures,2026-07-26,07:05,07:25,GA182,GIA182,KNO,Medan Kuala Namu International Airport,Garuda Indonesia,GA,B738,Boeing 737-8SH,PK-GUD,Departed 07:25,2026-07-27 05:56:02
CGK,departures,2026-07-26,07:10,10:51,8B5104,TNU5104,DPS,Denpasar Ngurah Rai International Airport,TransNusa,8B,A320,Airbus A320-214,PK-TLA,Departed 10:51,2026-07-27 05:56:02
CGK,departures,2026-07-26,07:15,07:20,QZ724,AWQ724,DTB,Siborong-Borong Silangit Airport,AirAsia,AK,A320,Airbus A320-216,PK-AZL,Departed 07:20,2026-07-27 05:56:02
CGK,departures,2026-07-26,07:15,07:29,IP616,PAS616,BDJ,Banjarmasin Syamsudin Noor Airport,Pelita Air,IP,A320,Airbus A320-214,PK-PWD,Departed 07:29,2026-07-27 05:56:02
CGK,departures,2026-07-26,07:20,07:32,IP988,PAS988,SIN,Singapore Changi Airport,Pelita Air,IP,A320,Airbus A320-214,PK-PWE,Departed 07:32,2026-07-27 05:56:02
CGK,departures,2026-07-26,07:30,07:38,ID6228,BTK6228,PNK,Pontianak Supadio Airport,Batik Air,ID,A320,Airbus A320-232,PK-BKM,Departed 07:38,2026-07-27 05:56:02
CGK,departures,2026-07-26,07:30,07:35,GA432,GIA432,LOP,Lombok International Airport,Garuda Indonesia,GA,B738,Boeing 737-8U3,PK-GMD,Departed 07:35,2026-07-27 05:56:02
CGK,departures,2026-07-26,07:30,07:42,GA140,GIA140,BTJ,Banda Aceh International Airport,Garuda Indonesia,GA,B738,Boeing 737-8SA,PK-GUH,Departed 07:42,2026-07-27 05:56:02
CGK,departures,2026-07-26,07:35,07:40,QZ530,AWQ530,KCH,Kuching International Airport,AirAsia (Sustainable ASEAN Tourism Livery),AK,A320,Airbus A320-216,PK-AZS,Departed 07:40,2026-07-27 05:56:02
CGK,departures,2026-07-26,07:35,07:40,QG972,CTV972,PGK,Pangkal Pinang Depati Amir Airport,Citilink (Retro Livery),QG,A320,Airbus A320-214,PK-GQI,Departed 07:40,2026-07-27 05:56:02
CGK,departures,2026-07-26,07:35,07:46,GA232,GIA232,SRG,Semarang Achmad Yani International Airport,Garuda Indonesia,GA,B738,Boeing 737-8SA,PK-GUI,Departed 07:46,2026-07-27 05:56:02
CGK,departures,2026-07-26,07:35,07:44,GA102,GIA102,PLM,Palembang International Airport,Garuda Indonesia,GA,B38M,Boeing 737 MAX 8,PK-GDC,Departed 07:44,2026-07-27 05:56:02
CGK,departures,2026-07-26,07:40,,IU856,,BTH,Batam Hang Nadim Airport,Super Air Jet,IU,320,,,Unknown,2026-07-27 05:56:02
CGK,departures,2026-07-26,07:40,,ID8820,,LLJ,Lubuklinggau Silampari Airport,Batik Air,ID,32A,,,Canceled,2026-07-27 05:56:02
CGK,departures,2026-07-26,07:45,08:05,QZ222,AWQ222,PEN,Penang International Airport,AirAsia (Dnars Indonesia Livery),AK,A320,Airbus A320-216,PK-AZN,Departed 08:05,2026-07-27 05:56:02
CGK,departures,2026-07-26,07:45,08:09,ID7153,BTK7153,SIN,Singapore Changi Airport,Batik Air,ID,B738,Boeing 737-8GP,PK-LZV,Departed 08:09,2026-07-27 05:56:02
CGK,departures,2026-07-26,07:50,08:03,OD399,MXD399,KUL,Kuala Lumpur International Airport,Batik Air,ID,B738,Boeing 737-8U3,9M-LDG,Departed 08:03,2026-07-27 05:56:02
CGK,departures,2026-07-26,07:50,08:11,GA580,GIA580,AAP,Samarinda AP Tumenggung Pranoto Airport,Garuda Indonesia,GA,B738,Boeing 737-81D,PK-GFR,Departed 08:11,2026-07-27 05:56:02
CGK,departures,2026-07-26,07:50,07:59,GA302,GIA302,SUB,Surabaya Juanda International Airport,Garuda Indonesia,GA,B738,Boeing 737-86N,PK-GFJ,Departed 07:59,2026-07-27 05:56:02
CGK,departures,2026-07-26,07:50,08:01,GA204,GIA204,YIA,Yogyakarta International Airport,Garuda Indonesia (Ayo Pakai Masker Livery),GA,B738,Boeing 737-81D,PK-GFQ,Departed 08:01,2026-07-27 05:56:02
CGK,departures,2026-07-26,07:55,07:52,8B151,TNU151,SIN,Singapore Changi Airport,TransNusa,8B,A321,Airbus A321-211,PK-TLM,Departed 07:52,2026-07-27 05:56:02
CGK,departures,2026-07-26,07:55,07:56,IU812,SJV812,PDG,Padang Minangkabau International Airport,Super Air Jet,IU,A320,Airbus A320-232,PK-SAQ,Departed 07:56,2026-07-27 05:56:02
CGK,departures,2026-07-26,07:55,08:07,GA172,GIA172,PKU,Pekanbaru Sultan Syarif Kasim II Airport,Garuda Indonesia,GA,B738,Boeing 737-8U3,PK-GMP,Departed 08:07,2026-07-27 05:56:02
CGK,departures,2026-07-26,08:00,,RI310,,GTO,Gorontalo Jalaluddin Airport,Rimbun Air,RI,73Y,,,Unknown,2026-07-27 05:56:02
CGK,departures,2026-07-26,08:00,08:04,QG912,CTV912,KNO,Medan Kuala Namu International Airport,Citilink,QG,A320,Airbus A320-214,PK-GLX,Departed 08:04,2026-07-27 05:56:02
CGK,departures,2026-07-26,08:00,08:09,QG346,CTV346,UPG,Makassar Sultan Hasanuddin International Airport,Citilink,QG,A320,Airbus A320-214,PK-GLR,Departed 08:09,2026-07-27 05:56:02
CGK,departures,2026-07-26,08:00,,IU834,,BKS,Bengkulu Fatmawati Soekarno Airport,Super Air Jet,IU,320,,,Unknown,2026-07-27 05:56:02
CGK,departures,2026-07-26,08:00,,IU512,,BPN,Balikpapan Sepinggan Airport,Super Air Jet,IU,320,,,Unknown,2026-07-27 05:56:02
CGK,departures,2026-07-26,08:00,08:21,ID7533,BTK7533,YIA,Yogyakarta International Airport,Batik Air,ID,A320,Airbus A320-214,PK-BKQ,Departed 08:21,2026-07-27 05:56:02
CGK,departures,2026-07-26,08:00,09:01,ID6852,BTK6852,PKU,Pekanbaru Sultan Syarif Kasim II Airport,Batik Air,ID,A320,Airbus A320-214,PK-LAJ,Departed 09:01,2026-07-27 05:56:02
CGK,departures,2026-07-26,08:00,08:19,ID6584,BTK6584,SUB,Surabaya Juanda International Airport,Batik Air,ID,B738,Boeing 737-8GP,PK-LDK,Departed 08:19,2026-07-27 05:56:02
CGK,departures,2026-07-26,08:00,13:39,CX718,CPA718,HKG,Hong Kong International Airport,Cathay Pacific,CX,B773,Boeing 777-367,B-HNN,Departed 13:39,2026-07-27 05:56:02
CGK,departures,2026-07-26,08:05,08:36,SQ953,SIA953,SIN,Singapore Changi Airport,Singapore Airlines,SQ,B77W,Boeing 777-312(ER),9V-SWQ,Departed 08:36,2026-07-27 05:56:02
CGK,departures,2026-07-26,08:05,08:12,QG438,CTV438,BPN,Balikpapan Sepinggan Airport,Citilink,QG,A320,Airbus A320-214,PK-GQS,Departed 08:12,2026-07-27 05:56:02
CGK,departures,2026-07-26,08:05,08:15,QG762,CTV762,SOC,Surakarta Adisumarmo International Airport,Citilink,QG,A320,Airbus A320-214,PK-GLV,Departed 08:15,2026-07-27 05:56:02
CGK,departures,2026-07-26,08:05,,JT204,,KNO,Medan Kuala Namu International Airport,Lion Air,JT,739,,,Unknown,2026-07-27 05:56:02
CGK,departures,2026-07-26,08:15,08:23,QG722,CTV722,SUB,Surabaya Juanda International Airport,Citilink,QG,A320,Airbus A320-214,PK-GLG,Departed 08:23,2026-07-27 05:56:02
CGK,departures,2026-07-26,08:15,,GA898,,CAN,Guangzhou Baiyun International Airport,Garuda Indonesia,GA,738,,,Canceled,2026-07-27 05:56:02
CGK,departures,2026-07-26,08:20,08:30,ID6860,BTK6860,BTH,Batam Hang Nadim Airport,Batik Air,ID,A320,Airbus A320-214,PK-BLC,Departed 08:30,2026-07-27 05:56:02
CGK,departures,2026-07-26,08:25,08:44,IP202,PAS202,SUB,Surabaya Juanda International Airport,Pelita Air,IP,A320,Airbus A320-232,PK-PWL,Departed 08:44,2026-07-27 05:56:02
CGK,departures,2026-07-26,08:25,08:39,GA618,GIA618,UPG,Makassar Sultan Hasanuddin International Airport,Garuda Indonesia,GA,B738,Boeing 737-8BK,PK-GFG,Departed 08:39,2026-07-27 05:56:02
CGK,departures,2026-07-26,08:30,08:54,QZ806,AWQ806,DPS,Denpasar Ngurah Rai International Airport,AirAsia (Colours of Indonesia Livery),AK,A320,Airbus A320-216,PK-AXD,Departed 08:54,2026-07-27 05:56:02
CGK,departures,2026-07-26,08:30,08:34,JT30,LNI030,DPS,Denpasar Ngurah Rai International Airport,Lion Air,JT,B738,Boeing 737-8GP,PK-LKH,Departed 08:34,2026-07-27 05:56:02
CGK,departures,2026-07-26,08:30,08:33,IU370,SJV370,BWX,Blimbingsari Airport,Super Air Jet,IU,A320,Airbus A320-232,PK-SJL,Departed 08:33,2026-07-27 05:56:02
CGK,departures,2026-07-26,08:30,08:46,GA820,GIA820,KUL,Kuala Lumpur International Airport,Garuda Indonesia,GA,B738,Boeing 737-8U3,PK-GMM,Departed 08:46,2026-07-27 05:56:02
CGK,departures,2026-07-26,08:30,08:58,GA406,GIA406,DPS,Denpasar Ngurah Rai International Airport,Garuda Indonesia (Pocari Sweat Livery),GA,B738,Boeing 737-86N,PK-GNN,Departed 08:58,2026-07-27 05:56:02
CGK,departures,2026-07-26,08:35,08:35,JT1994,,UPG,Makassar Sultan Hasanuddin International Airport,Lion Air,JT,738,,,Estimated dep 08:35*,2026-07-27 05:56:02
CGK,departures,2026-07-26,08:35,08:38,JT892,LNI892,UPG,Makassar Sultan Hasanuddin International Airport,Lion Air,JT,B739,Boeing 737-9GP(ER),PK-LGL,Departed 08:38,2026-07-27 05:56:02
CGK,departures,2026-07-26,08:35,09:25,IU922,SJV922,PLM,Palembang International Airport,Super Air Jet,IU,A320,Airbus A320-232,PK-SJP,Departed 09:25,2026-07-27 05:56:02
CGK,departures,2026-07-26,08:35,08:49,IP342,PAS342,BTJ,Banda Aceh International Airport,Pelita Air,IP,A320,Airbus A320-214,PK-PWA,Departed 08:49,2026-07-27 05:56:02
CGK,departures,2026-07-26,08:35,08:43,ID6566,BTK6566,MLG,Malang Abdul Rachman Saleh Airport,Batik Air,ID,A320,Airbus A320-214,PK-LUH,Departed 08:43,2026-07-27 05:56:02
CGK,departures,2026-07-26,08:35,08:52,GA828,GIA828,SIN,Singapore Changi Airport,Garuda Indonesia,GA,B738,Boeing 737-8U3,PK-GMY,Departed 08:52,2026-07-27 05:56:02
CGK,departures,2026-07-26,08:35,09:07,GA564,GIA564,BPN,Balikpapan Sepinggan Airport,Garuda Indonesia,GA,B738,Boeing 737-8U3,PK-GNH,Departed 09:07,2026-07-27 05:56:02
CGK,departures,2026-07-26,08:35,08:41,AK381,AXM381,KUL,Kuala Lumpur International Airport,AirAsia,AK,A320,Airbus A320-216,9M-AGT,Departed 08:41,2026-07-27 05:56:02
CGK,departures,2026-07-26,08:45,09:04,GA222,GIA222,SOC,Surakarta Adisumarmo International Airport,Garuda Indonesia,GA,B738,Boeing 737-81M,PK-GUA,Departed 09:04,2026-07-27 05:56:02
CGK,departures,2026-07-26,08:50,09:09,GA322,GIA322,SUB,Surabaya Juanda International Airport,Garuda Indonesia,GA,B738,Boeing 737-8U3,PK-GMI,Departed 09:09,2026-07-27 05:56:02
CGK,departures,2026-07-26,09:00,09:27,QR959,QTR959,DOH,Doha Hamad International Airport,Qatar Airways,QR,A359,Airbus A350-941,A7-ALC,Departed 09:27,2026-07-27 05:55:59
CGK,departures,2026-07-26,09:00,08:58,QG640,CTV640,LOP,Lombok International Airport,Citilink,QG,A320,Airbus A320-214,PK-GLM,Departed 08:58,2026-07-27 05:55:59
CGK,departures,2026-07-26,09:00,09:11,QG490,CTV490,BDJ,Banjarmasin Syamsudin Noor Airport,Citilink (Tiket.com Livery),QG,A320,Airbus A320-214,PK-GLW,Departed 09:11,2026-07-27 05:56:02
CGK,departures,2026-07-26,09:00,09:14,JT350,,PDG,Padang Minangkabau International Airport,Lion Air,JT,B739,Boeing 737-9GP(ER),PK-LHQ,Estimated dep 09:14*,2026-07-27 05:56:02
CGK,departures,2026-07-26,09:00,09:54,IU602,SJV602,BPN,Balikpapan Sepinggan Airport,Super Air Jet,IU,A320,Airbus A320-232,PK-STZ,Departed 09:54,2026-07-27 05:56:02
CGK,departures,2026-07-26,09:00,08:59,ID7157,BTK7157,SIN,Singapore Changi Airport,Batik Air,ID,B738,Boeing 737-8GP,PK-LBW,Departed 08:59,2026-07-27 05:56:02
CGK,departures,2026-07-26,09:00,10:27,ID6762,,UPG,Makassar Sultan Hasanuddin International Airport,Batik Air,ID,32A,,,Unknown,2026-07-27 05:56:02
CGK,departures,2026-07-26,09:00,09:19,ID6292,BTK6292,UPG,Makassar Sultan Hasanuddin International Airport,Batik Air,ID,A320,Airbus A320-214,PK-LUU,Departed 09:19,2026-07-27 05:56:02
CGK,departures,2026-07-26,09:00,09:32,ID6804,BTK6804,DJB,Jambi Sultan Thaha Airport,Batik Air,ID,A320,Airbus A320-214,PK-BKV,Departed 09:32,2026-07-27 05:56:02
CGK,departures,2026-07-26,09:00,09:22,ID6554,,UPG,Makassar Sultan Hasanuddin International Airport,Batik Air,ID,32A,,,Estimated dep 09:22*,2026-07-27 05:56:02
CGK,departures,2026-07-26,09:00,09:47,GA990,GIA990,JED,Jeddah King Abdulaziz International Airport,Garuda Indonesia,GA,B77W,Boeing 777-3U3(ER),PK-GIC,Departed 09:47,2026-07-27 05:56:02
CGK,departures,2026-07-26,09:05,09:28,QG932,CTV932,PKU,Pekanbaru Sultan Syarif Kasim II Airport,Citilink,QG,A320,Airbus A320-214,PK-GLI,Departed 09:28,2026-07-27 05:55:59
CGK,departures,2026-07-26,09:05,09:17,JT694,LNI694,SUB,Surabaya Juanda International Airport,Lion Air,JT,B738,Boeing 737-8GP,PK-LOJ,Departed 09:17,2026-07-27 05:55:59
CGK,departures,2026-07-26,09:05,09:05,JT241,,SUB,Surabaya Juanda International Airport,Lion Air,JT,739,,,Estimated dep 09:05*,2026-07-27 05:55:59
CGK,departures,2026-07-26,09:05,09:22,ID6256,BTK6256,AAP,Samarinda AP Tumenggung Pranoto Airport,Batik Air,ID,A320,Airbus A320-214,PK-BLD,Departed 09:22,2026-07-27 05:55:59
CGK,departures,2026-07-26,09:05,09:16,GA126,GIA126,DJB,Jambi Sultan Thaha Airport,Garuda Indonesia,GA,B738,Boeing 737-8U3,PK-GFV,Departed 09:16,2026-07-27 05:55:59
CGK,departures,2026-07-26,09:10,10:15,SV817,SVA817,JED,Jeddah King Abdulaziz International Airport,Saudia,SV,B77W,Boeing 777-3FG(ER),HZ-AK34,Departed 10:15,2026-07-27 05:55:59
CGK,departures,2026-07-26,09:10,,SJ74,,PGK,Pangkal Pinang Depati Amir Airport,Sriwijaya Air,SJ,735,,,Unknown,2026-07-27 05:55:59
CGK,departures,2026-07-26,09:10,09:13,IP102,PAS102,DPS,Denpasar Ngurah Rai International Airport,Pelita Air,IP,A320,Airbus A320-214,PK-PWP,Departed 09:13,2026-07-27 05:55:59
CGK,departures,2026-07-26,09:10,09:30,CZ388,CSN388,CAN,Guangzhou Baiyun International Airport,China Southern Airlines,CZ,A21N,Airbus A321-253NX,B-320Y,Departed 09:30,2026-07-27 05:55:59
CGK,departures,2026-07-26,09:15,11:19,QZ178,AWQ178,TKG,Bandar Lampung Radin Inten II Airport,AirAsia (Lombok Livery),AK,A320,Airbus A320-216,PK-AXU,Departed 11:19,2026-07-27 05:55:59
CGK,departures,2026-07-26,09:15,09:21,QG718,CTV718,SUB,Surabaya Juanda International Airport,Citilink,QG,A320,Airbus A320-214,PK-GLL,Departed 09:21,2026-07-27 05:55:59
CGK,departures,2026-07-26,09:20,09:40,GA600,GIA600,MDC,Manado Sam Ratulangi International Airport,Garuda Indonesia,GA,B738,Boeing 737-86N,PK-GFU,Departed 09:40,2026-07-27 05:55:59
CGK,departures,2026-07-26,09:20,09:44,GA202,GIA202,YIA,Yogyakarta International Airport,Garuda Indonesia,GA,B738,Boeing 737-86N,PK-GFS,Departed 09:44,2026-07-27 05:55:59
CGK,departures,2026-07-26,09:25,10:18,SQ955,SIA955,SIN,Singapore Changi Airport,Singapore Airlines,SQ,A359,Airbus A350-941,9V-SMC,Departed 10:18,2026-07-27 05:55:59
CGK,departures,2026-07-26,09:25,09:44,QG632,CTV632,LBJ,Labuan Bajo Komodo Airport,Citilink,QG,A320,Airbus A320-214,PK-GQP,Departed 09:44,2026-07-27 05:55:59
CGK,departures,2026-07-26,09:25,09:37,ID7631,BTK7631,DMK,Bangkok Don Mueang International Airport,Batik Air,ID,A320,Airbus A320-214,PK-LAT,Departed 09:37,2026-07-27 05:55:59
CGK,departures,2026-07-26,09:25,09:41,ID6824,BTK6824,TNJ,Tanjung Pinang Raja Haji Fisabilillah Airport,Batik Air,ID,A320,Airbus A320-214,PK-LAW,Departed 09:41,2026-07-27 05:55:59
CGK,departures,2026-07-26,09:25,09:46,GA148,GIA148,PDG,Padang Minangkabau International Airport,Garuda Indonesia,GA,B738,Boeing 737-8SH,PK-GUJ,Departed 09:46,2026-07-27 05:55:59
CGK,departures,2026-07-26,09:30,10:02,GA866,GIA866,BKK,Bangkok Suvarnabhumi Airport,Garuda Indonesia,GA,B738,Boeing 737-8U3,PK-GMC,Departed 10:02,2026-07-27 05:55:59
CGK,departures,2026-07-26,09:30,09:51,GA404,GIA404,DPS,Denpasar Ngurah Rai International Airport,Garuda Indonesia,GA,B738,Boeing 737-81M,PK-GUC,Departed 09:51,2026-07-27 05:55:59
CGK,departures,2026-07-26,09:30,10:23,GA184,GIA184,KNO,Medan Kuala Namu International Airport,Garuda Indonesia,GA,B738,Boeing 737-8U3,PK-GNG,Departed 10:23,2026-07-27 05:55:59
CGK,departures,2026-07-26,09:35,09:52,TR275,TGW275,SIN,Singapore Changi Airport,Scoot,TR,A20N,Airbus A320-271N,9V-TNL,Departed 09:52,2026-07-27 05:55:59
CGK,departures,2026-07-26,09:35,09:39,QG752,CTV752,MLG,Malang Abdul Rachman Saleh Airport,Citilink,QG,A320,Airbus A320-214,PK-GLS,Departed 09:39,2026-07-27 05:55:59
CGK,departures,2026-07-26,09:35,,JT712,,PNK,Pontianak Supadio Airport,Lion Air,JT,738,,,Unknown,2026-07-27 05:55:59
CGK,departures,2026-07-26,09:35,,GA152,,BTH,Batam Hang Nadim Airport,Garuda Indonesia,GA,738,,,Canceled,2026-07-27 05:55:59
CGK,departures,2026-07-26,09:40,,SJ60,,DJB,Jambi Sultan Thaha Airport,Sriwijaya Air,SJ,735,,,Unknown,2026-07-27 05:55:59
CGK,departures,2026-07-26,09:40,09:46,SJ72,SJY072,PGK,Pangkal Pinang Depati Amir Airport,Sriwijaya Air,SJ,B735,Boeing 737-524,PK-CLH,Departed 09:46,2026-07-27 05:55:59
CGK,departures,2026-07-26,09:40,,JT34,,DPS,Denpasar Ngurah Rai International Airport,Lion Air,JT,738,,,Unknown,2026-07-27 05:55:59
CGK,departures,2026-07-26,09:40,09:57,ID6658,BTK6658,LOP,Lombok International Airport,Batik Air,ID,A320,Airbus A320-214,PK-BKP,Departed 09:57,2026-07-27 05:55:59
CGK,departures,2026-07-26,09:45,10:10,QZ802,AWQ802,DPS,Denpasar Ngurah Rai International Airport,AirAsia,AK,A320,Airbus A320-216,PK-AZF,Departed 10:10,2026-07-27 05:55:59
CGK,departures,2026-07-26,09:50,10:05,ID6526,BTK6526,LBJ,Labuan Bajo Komodo Airport,Batik Air,ID,A320,Airbus A320-214,PK-LAM,Departed 10:05,2026-07-27 05:55:59
CGK,departures,2026-07-26,09:50,10:00,QG984,CTV984,PLM,Palembang International Airport,Citilink,QG,A20N,Airbus A320-251N,PK-GTF,Departed 10:00,2026-07-27 05:55:59
CGK,departures,2026-07-26,09:50,09:50,JT2778,,UPG,Makassar Sultan Hasanuddin International Airport,Lion Air,JT,738,,,Estimated dep 09:50*,2026-07-27 05:55:59
CGK,departures,2026-07-26,09:50,09:50,JT1774,,UPG,Makassar Sultan Hasanuddin International Airport,Lion Air,JT,738,,,Estimated dep 09:50*,2026-07-27 05:55:59
CGK,departures,2026-07-26,09:50,12:44,JT1740,,UPG,Makassar Sultan Hasanuddin International Airport,Lion Air,JT,739,,,Unknown,2026-07-27 05:55:59
CGK,departures,2026-07-26,09:50,11:30,JT774,LNI774,UPG,Makassar Sultan Hasanuddin International Airport,Lion Air,JT,B739,Boeing 737-9GP(ER),PK-LSU,Departed 11:30,2026-07-27 05:55:59
CGK,departures,2026-07-26,09:50,10:19,IU626,SJV626,BDJ,Banjarmasin Syamsudin Noor Airport,Super Air Jet (Xpora Livery),IU,A320,Airbus A320-232,PK-SAE,Departed 10:19,2026-07-27 05:55:59
CGK,departures,2026-07-26,09:50,12:39,ID6807,,SRG,Semarang Achmad Yani International Airport,Batik Air,ID,32A,,,Unknown,2026-07-27 05:55:59
CGK,departures,2026-07-26,09:50,,ID6819,,YIA,Yogyakarta International Airport,Batik Air,ID,32A,,,Unknown,2026-07-27 05:55:59
CGK,departures,2026-07-26,09:50,10:32,ID6378,BTK6378,YIA,Yogyakarta International Airport,Batik Air,ID,A320,Airbus A320-232,PK-BKO,Departed 10:32,2026-07-27 05:55:59
CGK,departures,2026-07-26,09:50,10:12,ID6350,BTK6350,SRG,Semarang Achmad Yani International Airport,Batik Air,ID,A320,Airbus A320-233,PK-BKG,Departed 10:12,2026-07-27 05:55:59
CGK,departures,2026-07-26,09:55,12:08,GA646,GIA646,AMQ,Ambon Pattimura Airport,Garuda Indonesia,GA,B738,Boeing 737-8U3,PK-GUF,Departed 12:08,2026-07-27 05:55:59
CGK,departures,2026-07-26,10:00,,3Y7012,,BPN,Balikpapan Sepinggan Airport,My Indo Airlines,3Y,73Y,,,Unknown,2026-07-27 05:55:59
CGK,departures,2026-07-26,10:00,10:06,QG976,CTV976,TJQ,Tanjung Pandan Buluh Tumbang Airport,Citilink,QG,A320,Airbus A320-214,PK-GQC,Departed 10:06,2026-07-27 05:55:59
CGK,departures,2026-07-26,10:00,10:16,QG686,CTV686,DPS,Denpasar Ngurah Rai International Airport,Citilink (Tiket.com Livery),QG,A320,Airbus A320-214,PK-GLZ,Departed 10:16,2026-07-27 05:55:59
CGK,departures,2026-07-26,10:00,10:20,IU830,SJV830,BKS,Bengkulu Fatmawati Soekarno Airport,Super Air Jet,IU,A320,Airbus A320-232,PK-SJZ,Departed 10:20,2026-07-27 05:55:59
CGK,departures,2026-07-26,10:00,10:06,ID7282,BTK7282,KUL,Kuala Lumpur International Airport,Batik Air,ID,B738,Boeing 737-8GP,PK-LZZ,Departed 10:06,2026-07-27 05:55:59
CGK,departures,2026-07-26,10:00,10:08,AK1572,AXM1572,PEN,Penang International Airport,AirAsia,AK,A320,Airbus A320-216,9M-DAG,Departed 10:08,2026-07-27 05:55:59
CGK,departures,2026-07-26,10:05,10:11,JT390,LNI390,PKU,Pekanbaru Sultan Syarif Kasim II Airport,Lion Air,JT,B739,Boeing 737-9GP(ER),PK-LQS,Departed 10:11,2026-07-27 05:55:59
CGK,departures,2026-07-26,10:05,10:30,JT206,LNI206,KNO,Medan Kuala Namu International Airport,Lion Air,JT,B39M,Boeing 737 MAX 9,PK-LRH,Departed 10:30,2026-07-27 05:55:59
CGK,departures,2026-07-26,10:05,10:53,IU842,SJV842,DJB,Jambi Sultan Thaha Airport,Super Air Jet,IU,A320,Airbus A320-232,PK-SJH,Departed 10:53,2026-07-27 05:55:59
CGK,departures,2026-07-26,10:15,10:29,IU822,SJV822,PGK,Pangkal Pinang Depati Amir Airport,Super Air Jet,IU,A320,Airbus A320-232,PK-SJI,Departed 10:29,2026-07-27 05:55:59
CGK,departures,2026-07-26,10:15,10:37,ID6864,BTK6864,BTH,Batam Hang Nadim Airport,Batik Air,ID,A320,Airbus A320-214,PK-BKU,Departed 10:37,2026-07-27 05:55:59
CGK,departures,2026-07-26,10:20,10:41,ID6674,BTK6674,TRK,Tarakan Juwata International Airport,Batik Air,ID,A320,Airbus A320-214,PK-BKY,Departed 10:41,2026-07-27 05:55:59
CGK,departures,2026-07-26,10:20,10:36,GA136,GIA136,PGK,Pangkal Pinang Depati Amir Airport,Garuda Indonesia,GA,B738,Boeing 737-8U3,PK-GMA,Departed 10:36,2026-07-27 05:55:59
CGK,departures,2026-07-26,10:25,10:38,QG970,CTV970,PGK,Pangkal Pinang Depati Amir Airport,Citilink,QG,A320,Airbus A320-214,PK-GQK,Departed 10:38,2026-07-27 05:55:59
CGK,departures,2026-07-26,10:25,,IU902,,PDG,Padang Minangkabau International Airport,Super Air Jet,IU,320,,,Unknown,2026-07-27 05:55:59
CGK,departures,2026-07-26,10:25,10:30,IU356,SJV356,DHX,Kediri Dhoho International Airport,Super Air Jet,IU,A320,Airbus A320-232,PK-STA,Departed 10:30,2026-07-27 05:55:59
CGK,departures,2026-07-26,10:25,10:48,GA104,GIA104,PLM,Palembang International Airport,Garuda Indonesia,GA,B738,Boeing 737-8U3,PK-GNA,Departed 10:48,2026-07-27 05:55:59
CGK,departures,2026-07-26,10:30,14:59,8B5106,TNU5106,DPS,Denpasar Ngurah Rai International Airport,TransNusa,8B,AJ27,Comac ARJ-21-700,PK-TJB,Departed 14:59,2026-07-27 05:55:59
CGK,departures,2026-07-26,10:30,10:44,QG990,CTV990,BKS,Bengkulu Fatmawati Soekarno Airport,Citilink,QG,A320,Airbus A320-214,PK-GQO,Departed 10:44,2026-07-27 05:55:59
CGK,departures,2026-07-26,10:30,10:35,QG716,CTV716,SUB,Surabaya Juanda International Airport,Citilink,QG,A320,Airbus A320-214,PK-GQH,Departed 10:35,2026-07-27 05:55:59
CGK,departures,2026-07-26,10:40,10:54,8B5530,TNU5530,YIA,Yogyakarta International Airport,TransNusa,8B,A320,Airbus A320-214,PK-TLD,Departed 10:54,2026-07-27 05:55:59
CGK,departures,2026-07-26,10:40,11:12,IU994,SJV994,BTJ,Banda Aceh International Airport,Super Air Jet,IU,A320,Airbus A320-232,PK-STD,Departed 11:12,2026-07-27 05:55:59
CGK,departures,2026-07-26,10:40,10:58,IP204,PAS204,SUB,Surabaya Juanda International Airport,Pelita Air,IP,A320,Airbus A320-216,PK-PWN,Departed 10:58,2026-07-27 05:55:59
CGK,departures,2026-07-26,10:40,11:01,ID6050,BTK6050,DPS,Denpasar Ngurah Rai International Airport,Batik Air,ID,A320,Airbus A320-214,PK-LAQ,Departed 11:01,2026-07-27 05:55:59
CGK,departures,2026-07-26,10:45,11:31,IU878,SJV878,PLM,Palembang International Airport,Super Air Jet,IU,A320,Airbus A320-232,PK-STS,Departed 11:31,2026-07-27 05:55:59
CGK,departures,2026-07-26,10:50,12:51,JT170,LNI170,TKG,Bandar Lampung Radin Inten II Airport,Lion Air,JT,B738,Boeing 737-8GP,PK-LJR,Departed 12:51,2026-07-27 05:55:59
CGK,departures,2026-07-26,10:50,11:15,IU650,SJV650,PKY,Palangkaraya Tjilik Riwut Airport,Super Air Jet,IU,A320,Airbus A320-232,PK-SJJ,Departed 11:15,2026-07-27 05:55:59
CGK,departures,2026-07-26,10:55,,IU912,,PKU,Pekanbaru Sultan Syarif Kasim II Airport,Super Air Jet,IU,320,,,Unknown,2026-07-27 05:55:59
CGK,departures,2026-07-26,11:00,11:30,8B673,TNU673,KUL,Kuala Lumpur International Airport,TransNusa,8B,A321,Airbus A321-211,PK-TLG,Departed 11:30,2026-07-27 05:55:59
CGK,departures,2026-07-26,11:00,11:35,SQ957,SIA957,SIN,Singapore Changi Airport,Singapore Airlines,SQ,A359,Airbus A350-941,9V-SJH,Departed 11:35,2026-07-27 05:55:59
CGK,departures,2026-07-26,11:00,11:11,QG942,CTV942,BTH,Batam Hang Nadim Airport,Citilink,QG,A320,Airbus A320-214,PK-GLT,Departed 11:11,2026-07-27 05:55:59
CGK,departures,2026-07-26,11:00,10:56,ID7155,BTK7155,SIN,Singapore Changi Airport,Batik Air,ID,B738,Boeing 737-8GP,PK-LBK,Departed 10:56,2026-07-27 05:55:59
CGK,departures,2026-07-26,11:00,11:21,ID6656,BTK6656,LOP,Lombok International Airport,Batik Air,ID,B738,Boeing 737-8U3,PK-BGF,Departed 11:21,2026-07-27 05:55:59
CGK,departures,2026-07-26,11:00,12:15,ID6250,BTK6250,BPN,Balikpapan Sepinggan Airport,Batik Air,ID,A320,Airbus A320-214,PK-BKQ,Departed 12:15,2026-07-27 05:55:59
CGK,departures,2026-07-26,11:00,11:54,GA430,GIA430,LOP,Lombok International Airport,Garuda Indonesia,GA,B738,Boeing 737-8U3,PK-GMV,Departed 11:54,2026-07-27 05:55:59
CGK,departures,2026-07-26,11:10,11:16,QG422,CTV422,AAP,Samarinda AP Tumenggung Pranoto Airport,Citilink,QG,A320,Airbus A320-214,PK-GQF,Departed 11:16,2026-07-27 05:55:59
CGK,departures,2026-07-26,11:10,11:13,MH710,MAS710,KUL,Kuala Lumpur International Airport,Malaysia Airlines,MH,B38M,Boeing 737 MAX 8,9M-MVR,Departed 11:13,2026-07-27 05:55:59
CGK,departures,2026-07-26,11:10,15:07,JT24,,DPS,Denpasar Ngurah Rai International Airport,Lion Air,JT,738,,,Unknown,2026-07-27 05:55:59
CGK,departures,2026-07-26,11:10,11:26,IU680,SJV680,PNK,Pontianak Supadio Airport,Super Air Jet,IU,A320,Airbus A320-232,PK-SAV,Departed 11:26,2026-07-27 05:55:59
CGK,departures,2026-07-26,11:10,11:17,ID6710,BTK6710,TKG,Bandar Lampung Radin Inten II Airport,Batik Air,ID,A320,Airbus A320-232,PK-BLB,Departed 11:17,2026-07-27 05:55:59
CGK,departures,2026-07-26,11:10,10:35,ID6369,,TKG,Bandar Lampung Radin Inten II Airport,Batik Air,ID,32A,,,Estimated dep 10:35*,2026-07-27 05:55:59
CGK,departures,2026-07-26,11:15,11:20,QG416,CTV416,PNK,Pontianak Supadio Airport,Citilink,QG,A320,Airbus A320-214,PK-GQE,Departed 11:20,2026-07-27 05:55:59
CGK,departures,2026-07-26,11:20,11:28,QG916,CTV916,KNO,Medan Kuala Namu International Airport,Citilink (Retro Livery),QG,A320,Airbus A320-214,PK-GQI,Departed 11:28,2026-07-27 05:55:59
CGK,departures,2026-07-26,11:20,11:34,JT110,LNI110,JED,Jeddah King Abdulaziz International Airport,Lion Air,JT,A339,Airbus A330-941,PK-LEU,Departed 11:34,2026-07-27 05:55:59
CGK,departures,2026-07-26,11:25,11:37,QG790,CTV790,SRG,Semarang Achmad Yani International Airport,Citilink,QG,A320,Airbus A320-214,PK-GQA,Departed 11:37,2026-07-27 05:55:59
CGK,departures,2026-07-26,11:25,11:41,IP632,PAS632,PNK,Pontianak Supadio Airport,Pelita Air,IP,A320,Airbus A320-214,PK-PWQ,Departed 11:41,2026-07-27 05:55:59
CGK,departures,2026-07-26,11:25,,IN290,,PKN,Pangkalan Bun Iskandar Airport,Nam Air,IN,735,,,Unknown,2026-07-27 05:55:59
CGK,departures,2026-07-26,11:30,14:16,IU958,SJV958,DTB,Siborong-Borong Silangit Airport,Super Air Jet,IU,A320,Airbus A320-232,PK-SJL,Departed 14:16,2026-07-27 05:55:59
CGK,departures,2026-07-26,11:30,11:39,ID7531,BTK7531,SOC,Surakarta Adisumarmo International Airport,Batik Air,ID,A320,Airbus A320-214,PK-LAL,Departed 11:39,2026-07-27 05:55:59
CGK,departures,2026-07-26,11:30,,ID6863,,SOC,Surakarta Adisumarmo International Airport,Batik Air,ID,32A,,,Unknown,2026-07-27 05:55:59
CGK,departures,2026-07-26,11:30,12:01,GA992,GIA992,JED,Jeddah King Abdulaziz International Airport,Garuda Indonesia (SkyTeam Livery),GA,B77W,Boeing 777-3U3(ER),PK-GII,Departed 12:01,2026-07-27 05:55:59
CGK,departures,2026-07-26,11:30,12:24,GA408,GIA408,DPS,Denpasar Ngurah Rai International Airport,Garuda Indonesia (Retro 1960 Livery),GA,B738,Boeing 737-8U3,PK-GFM,Departed 12:24,2026-07-27 05:55:59
CGK,departures,2026-07-26,11:30,11:49,GA208,GIA208,YIA,Yogyakarta International Airport,Garuda Indonesia,GA,B738,Boeing 737-8U3,PK-GFD,Departed 11:49,2026-07-27 05:55:59
CGK,departures,2026-07-26,11:35,12:07,GA186,GIA186,KNO,Medan Kuala Namu International Airport,Garuda Indonesia,GA,B738,Boeing 737-8SA,PK-GUI,Departed 12:07,2026-07-27 05:55:59
CGK,departures,2026-07-26,11:40,11:48,IP322,PAS322,PKU,Pekanbaru Sultan Syarif Kasim II Airport,Pelita Air,IP,A320,Airbus A320-214,PK-PWO,Departed 11:48,2026-07-27 05:55:59
CGK,departures,2026-07-26,11:45,13:30,8B5286,TNU5286,SKJ,Singkawang Airport,TransNusa,8B,A320,Airbus A320-214,PK-TLC,Departed 13:30,2026-07-27 05:55:55
CGK,departures,2026-07-26,11:45,11:47,QG452,CTV452,PKY,Palangkaraya Tjilik Riwut Airport,Citilink Garuda Indonesia,QG,A320,Airbus A320-214,PK-GQT,Departed 11:47,2026-07-27 05:55:55
CGK,departures,2026-07-26,11:45,12:10,GA512,GIA512,PNK,Pontianak Supadio Airport,Garuda Indonesia,GA,B38M,Boeing 737 MAX 8,PK-GDC,Departed 12:10,2026-07-27 05:55:59
CGK,departures,2026-07-26,11:50,12:08,QG736,CTV736,SUB,Surabaya Juanda International Airport,Citilink,QG,A320,Airbus A320-214,PK-GLV,Departed 12:08,2026-07-27 05:55:55
CGK,departures,2026-07-26,11:50,13:52,ID6870,BTK6870,PLM,Palembang International Airport,Batik Air,ID,A320,Airbus A320-232,PK-BKM,Departed 13:52,2026-07-27 05:55:55
CGK,departures,2026-07-26,11:50,12:51,ID6280,BTK6280,MDC,Manado Sam Ratulangi International Airport,Batik Air,ID,B738,Boeing 737-8GP,PK-LDK,Departed 12:51,2026-07-27 05:55:55
CGK,departures,2026-07-26,11:50,12:20,GA832,GIA832,SIN,Singapore Changi Airport,Garuda Indonesia,GA,B738,Boeing 737-8U3,PK-GMF,Departed 12:20,2026-07-27 05:55:55
CGK,departures,2026-07-26,11:55,12:12,8B153,TNU153,SIN,Singapore Changi Airport,TransNusa,8B,A321,Airbus A321-211,PK-TLK,Departed 12:12,2026-07-27 05:55:55
CGK,departures,2026-07-26,11:55,12:18,TR277,TGW277,SIN,Singapore Changi Airport,Scoot,TR,A320,Airbus A320-232,9V-TRU,Departed 12:18,2026-07-27 05:55:55
CGK,departures,2026-07-26,11:55,12:22,GA146,GIA146,BTJ,Banda Aceh International Airport,Garuda Indonesia,GA,B738,Boeing 737-8SH,PK-GUE,Departed 12:22,2026-07-27 05:55:55
CGK,departures,2026-07-26,12:00,16:17,SV821,,MED,Medina Prince Mohammad bin Abdulaziz Airport,Saudia,SV,B77W,Boeing 777-31H(ER),9H-AZE,Unknown,2026-07-27 05:55:55
CGK,departures,2026-07-26,12:00,11:57,QZ860,AWQ860,LBJ,Labuan Bajo Komodo Airport,AirAsia,AK,A320,Airbus A320-214,PK-AZH,Departed 11:57,2026-07-27 05:55:55
CGK,departures,2026-07-26,12:00,,IP354,,PDG,Padang Minangkabau International Airport,Pelita Air,IP,320,,,Unknown,2026-07-27 05:55:55
CGK,departures,2026-07-26,12:00,12:27,IP108,PAS108,DPS,Denpasar Ngurah Rai International Airport,Pelita Air,IP,A320,Airbus A320-214,PK-PWK,Departed 12:27,2026-07-27 05:55:55
CGK,departures,2026-07-26,12:00,14:20,ID6800,BTK6800,BUU,Muara Bungo Airport,Batik Air,ID,A320,Airbus A320-214,PK-LAJ,Departed 14:20,2026-07-27 05:55:55
CGK,departures,2026-07-26,12:05,12:22,QZ254,AWQ254,DMK,Bangkok Don Mueang International Airport,AirAsia (Sustainable ASEAN Tourism Livery),AK,A320,Airbus A320-216,PK-AZS,Departed 12:22,2026-07-27 05:55:55
CGK,departures,2026-07-26,12:05,12:29,ID7109,BTK7109,PDG,Padang Minangkabau International Airport,Batik Air,ID,A320,Airbus A320-214,PK-LUY,Departed 12:29,2026-07-27 05:55:55
CGK,departures,2026-07-26,12:05,12:44,GA980,GIA980,JED,Jeddah King Abdulaziz International Airport,Garuda Indonesia,GA,B77W,Boeing 777-3U3(ER),PK-GIA,Departed 12:44,2026-07-27 05:55:55
CGK,departures,2026-07-26,12:10,12:30,GA312,GIA312,SUB,Surabaya Juanda International Airport,Garuda Indonesia (Ayo Pakai Masker Livery),GA,B738,Boeing 737-81D,PK-GFQ,Departed 12:30,2026-07-27 05:55:55
CGK,departures,2026-07-26,12:10,12:04,AK2354,AXM2354,KBR,Kota Bharu Sultan Ismail Petra Airport,AirAsia,AK,A320,Airbus A320-216,9M-AJY,Departed 12:04,2026-07-27 05:55:55
CGK,departures,2026-07-26,12:15,12:39,MH716,MAS716,KUL,Kuala Lumpur International Airport,Malaysia Airlines,MH,B738,Boeing 737-8H6,9M-MSA,Departed 12:39,2026-07-27 05:55:55
CGK,departures,2026-07-26,12:15,12:33,JX762,SJX762,TPE,Taipei Taoyuan International Airport,STARLUX,JX,A21N,Airbus A321-252NX,B-58202,Departed 12:33,2026-07-27 05:55:55
CGK,departures,2026-07-26,12:25,13:06,QG906,CTV906,BKS,Bengkulu Fatmawati Soekarno Airport,Citilink,QG,A320,Airbus A320-214,PK-GQN,Departed 13:06,2026-07-27 05:55:55
CGK,departures,2026-07-26,12:25,12:54,IU854,SJV854,BTH,Batam Hang Nadim Airport,Super Air Jet,IU,A320,Airbus A320-232,PK-SJP,Departed 12:54,2026-07-27 05:55:55
CGK,departures,2026-07-26,12:25,13:34,IU686,SJV686,SKJ,Singkawang Airport,Super Air Jet,IU,A320,Airbus A320-232,PK-SJV,Departed 13:34,2026-07-27 05:55:55
CGK,departures,2026-07-26,12:25,12:36,IP302,PAS302,KNO,Medan Kuala Namu International Airport,Pelita Air,IP,A320,Airbus A320-214,PK-PWJ,Departed 12:36,2026-07-27 05:55:55
CGK,departures,2026-07-26,12:30,12:28,QG512,CTV512,DMK,Bangkok Don Mueang International Airport,Citilink,QG,A320,Airbus A320-214,PK-GQU,Departed 12:28,2026-07-27 05:55:55
CGK,departures,2026-07-26,12:30,15:38,IU630,SJV630,BDJ,Banjarmasin Syamsudin Noor Airport,Super Air Jet,IU,A320,Airbus A320-232,PK-STS,Departed 15:38,2026-07-27 05:55:55
CGK,departures,2026-07-26,12:30,12:42,ID7151,BTK7151,SIN,Singapore Changi Airport,Batik Air,ID,B738,Boeing 737-8GP,PK-LDJ,Departed 12:42,2026-07-27 05:55:55
CGK,departures,2026-07-26,12:35,13:02,TG434,THA434,BKK,Bangkok Suvarnabhumi Airport,Thai Airways,TG,A333,Airbus A330-343,HS-TEW,Departed 13:02,2026-07-27 05:55:55
CGK,departures,2026-07-26,12:35,,IU866,,PKU,Pekanbaru Sultan Syarif Kasim II Airport,Super Air Jet,IU,320,,,Unknown,2026-07-27 05:55:55
CGK,departures,2026-07-26,12:35,13:16,IU350,SJV350,SMQ,Sampit Airport,Super Air Jet,IU,A320,Airbus A320-232,PK-SJA,Departed 13:16,2026-07-27 05:55:55
CGK,departures,2026-07-26,12:35,12:46,IP142,PAS142,LOP,Lombok International Airport,Pelita Air,IP,A320,Airbus A320-214,PK-PWD,Departed 12:46,2026-07-27 05:55:55
CGK,departures,2026-07-26,12:35,12:58,GA74,GIA074,TKG,Bandar Lampung Radin Inten II Airport,Garuda Indonesia (From Nature to Future Livery),GA,B738,Boeing 737-8U3,PK-GFX,Departed 12:58,2026-07-27 05:55:55
CGK,departures,2026-07-26,12:40,,JT782,,UPG,Makassar Sultan Hasanuddin International Airport,Lion Air,JT,739,,,Unknown,2026-07-27 05:55:55
CGK,departures,2026-07-26,12:45,14:39,IU258,SJV258,KDI,Kendari Haluoleo Airport,Super Air Jet,IU,A320,Airbus A320-232,PK-SJI,Departed 14:39,2026-07-27 05:55:55
CGK,departures,2026-07-26,12:45,12:48,GA156,GIA156,BTH,Batam Hang Nadim Airport,Garuda Indonesia,GA,B738,Boeing 737-86N,PK-GFJ,Departed 12:48,2026-07-27 05:55:55
CGK,departures,2026-07-26,12:50,,SJ52,,TJQ,Tanjung Pandan Buluh Tumbang Airport,Sriwijaya Air,SJ,735,,,Unknown,2026-07-27 05:55:55
CGK,departures,2026-07-26,12:50,,ID8172,,TKG,Bandar Lampung Radin Inten II Airport,Batik Air,ID,32A,,,Canceled,2026-07-27 05:55:55
CGK,departures,2026-07-26,12:50,14:19,ID6342,BTK6342,SRG,Semarang Achmad Yani International Airport,Batik Air,ID,A320,Airbus A320-214,PK-BKV,Departed 14:19,2026-07-27 05:55:55
CGK,departures,2026-07-26,12:55,13:37,8B635,TNU635,PEN,Penang International Airport,TransNusa,8B,A321,Airbus A321-211,PK-TLM,Departed 13:37,2026-07-27 05:55:55
CGK,departures,2026-07-26,12:55,12:56,OD347,MXD347,SZB,Kuala Lumpur Subang Airport,Batik Air,ID,B738,Boeing 737-8GP,9M-LNQ,Departed 12:56,2026-07-27 05:55:55
CGK,departures,2026-07-26,12:55,13:24,GA602,GIA602,MDC,Manado Sam Ratulangi International Airport,Garuda Indonesia,GA,B738,Boeing 737-81M,PK-GUA,Departed 13:24,2026-07-27 05:55:55
CGK,departures,2026-07-26,13:00,15:03,SJ1850,,PNK,Pontianak Supadio Airport,Nam Air,IN,B735,Boeing 737-524,PK-NAQ,Unknown,2026-07-27 05:55:55
CGK,departures,2026-07-26,13:00,,RI160,,BTJ,Banda Aceh International Airport,Rimbun Air,RI,73Y,,,Unknown,2026-07-27 05:55:55
CGK,departures,2026-07-26,13:00,13:11,QG918,CTV918,KNO,Medan Kuala Namu International Airport,Citilink,QG,A320,Airbus A320-214,PK-GLG,Departed 13:11,2026-07-27 05:55:55
CGK,departures,2026-07-26,13:00,13:19,IU722,SJV722,LBJ,Labuan Bajo Komodo Airport,Super Air Jet,IU,A320,Airbus A320-232,PK-SAQ,Departed 13:19,2026-07-27 05:55:55
CGK,departures,2026-07-26,13:00,13:14,IP602,PAS602,BPN,Balikpapan Sepinggan Airport,Pelita Air,IP,A320,Airbus A320-214,PK-PWC,Departed 13:14,2026-07-27 05:55:55
CGK,departures,2026-07-26,13:00,13:41,ID6564,BTK6564,MLG,Malang Abdul Rachman Saleh Airport,Batik Air,ID,A320,Airbus A320-214,PK-LUH,Departed 13:41,2026-07-27 05:55:55
CGK,departures,2026-07-26,13:05,13:22,IP312,PAS312,PLM,Palembang International Airport,Pelita Air,IP,A320,Airbus A320-232,PK-PWL,Departed 13:22,2026-07-27 05:55:55
CGK,departures,2026-07-26,13:05,,ID6899,,YIA,Yogyakarta International Airport,Batik Air,ID,32A,,,Unknown,2026-07-27 05:55:55
CGK,departures,2026-07-26,13:05,14:12,ID6344,BTK6344,YIA,Yogyakarta International Airport,Batik Air,ID,A320,Airbus A320-214,PK-BLC,Departed 14:12,2026-07-27 05:55:55
CGK,departures,2026-07-26,13:10,13:32,GA532,GIA532,BDJ,Banjarmasin Syamsudin Noor Airport,Garuda Indonesia,GA,B738,Boeing 737-8U3,PK-GUG,Departed 13:32,2026-07-27 05:55:55
CGK,departures,2026-07-26,13:10,14:05,BI736,RBA736,BWN,Brunei International Airport,Royal Brunei Airlines,BI,A20N,Airbus A320-251N,V8-RBB,Departed 14:05,2026-07-27 05:55:55
CGK,departures,2026-07-26,13:10,13:56,AK352,AXM352,KUL,Kuala Lumpur International Airport,AirAsia,AK,A20N,Airbus A320-251N,9M-AGE,Departed 13:56,2026-07-27 05:55:55
CGK,departures,2026-07-26,13:15,13:44,CZ3038,CSN3038,CAN,Guangzhou Baiyun International Airport,China Southern Airlines,CZ,A21N,Airbus A321-253NX,B-30F6,Departed 13:44,2026-07-27 05:55:55
CGK,departures,2026-07-26,13:20,16:09,IU810,SJV810,PDG,Padang Minangkabau International Airport,Super Air Jet,IU,A320,Airbus A320-232,PK-STZ,Departed 16:09,2026-07-27 05:55:55
CGK,departures,2026-07-26,13:20,13:27,ID7366,BTK7366,SOC,Surakarta Adisumarmo International Airport,Batik Air,ID,B738,Boeing 737-8GP,PK-LZV,Departed 13:27,2026-07-27 05:55:55
CGK,departures,2026-07-26,13:25,,SJ184,,PNK,Pontianak Supadio Airport,Sriwijaya Air,SJ,738,,,Unknown,2026-07-27 05:55:55
CGK,departures,2026-07-26,13:25,,RI184,,PDG,Padang Minangkabau International Airport,Rimbun Air,RI,73Y,,,Unknown,2026-07-27 05:55:55
CGK,departures,2026-07-26,13:25,,IP242,,YIA,Yogyakarta International Airport,Pelita Air,IP,320,,,Unknown,2026-07-27 05:55:55
CGK,departures,2026-07-26,13:25,14:08,GA242,GIA242,SRG,Semarang Achmad Yani International Airport,Garuda Indonesia,GA,B738,Boeing 737-8U3,PK-GMP,Departed 14:08,2026-07-27 05:55:55
CGK,departures,2026-07-26,13:30,13:50,VJ854,VJC854,SGN,Ho Chi Minh City International Airport,VietJet Air,VJ,A21N,Airbus A321-271NX,VN-A525,Departed 13:50,2026-07-27 05:55:55
CGK,departures,2026-07-26,13:30,14:53,IU764,SJV764,LOP,Lombok International Airport,Super Air Jet,IU,A320,Airbus A320-232,PK-SAH,Departed 14:53,2026-07-27 05:55:55
CGK,departures,2026-07-26,13:30,13:48,ID6406,BTK6406,SUB,Surabaya Juanda International Airport,Batik Air,ID,A320,Airbus A320-232,PK-BKJ,Departed 13:48,2026-07-27 05:55:55
CGK,departures,2026-07-26,13:30,13:58,GA452,GIA452,LBJ,Labuan Bajo Komodo Airport,Garuda Indonesia,GA,B738,Boeing 737-8U3,PK-GMX,Departed 13:58,2026-07-27 05:55:55
CGK,departures,2026-07-26,13:30,14:22,GA422,GIA422,DPS,Denpasar Ngurah Rai International Airport,Garuda Indonesia,GA,B738,Boeing 737-8U3,PK-GFV,Departed 14:22,2026-07-27 05:55:55
CGK,departures,2026-07-26,13:35,13:53,QG778,CTV778,YIA,Yogyakarta International Airport,Citilink,QG,A20N,Airbus A320-251N,PK-GTF,Departed 13:53,2026-07-27 05:55:55
CGK,departures,2026-07-26,13:35,14:01,MF868,CXA868,XMN,Xiamen Gaoqi International Airport,Xiamen Air,MF,B38M,Boeing 737 MAX 8,B-225F,Departed 14:01,2026-07-27 05:55:55
CGK,departures,2026-07-26,13:35,14:50,ID6854,BTK6854,PKU,Pekanbaru Sultan Syarif Kasim II Airport,Batik Air,ID,A320,Airbus A320-232,PK-BKO,Departed 14:50,2026-07-27 05:55:55
CGK,departures,2026-07-26,13:35,13:53,GA310,GIA310,SUB,Surabaya Juanda International Airport,Garuda Indonesia,GA,B738,Boeing 737-8U3,PK-GMD,Departed 13:53,2026-07-27 05:55:55
CGK,departures,2026-07-26,13:35,13:46,GA118,GIA118,KNO,Medan Kuala Namu International Airport,Garuda Indonesia,GA,B738,Boeing 737-8U3,PK-GNC,Departed 13:46,2026-07-27 05:55:55
CGK,departures,2026-07-26,13:40,13:57,QG340,CTV340,UPG,Makassar Sultan Hasanuddin International Airport,Citilink,QG,A320,Airbus A320-214,PK-GQC,Departed 13:57,2026-07-27 05:55:55
CGK,departures,2026-07-26,13:40,14:26,JT22,LNI022,DPS,Denpasar Ngurah Rai International Airport,Lion Air,JT,B738,Boeing 737-8GP,PK-LKH,Departed 14:26,2026-07-27 05:55:55
CGK,departures,2026-07-26,13:40,14:03,ID6676,BTK6676,AAP,Samarinda AP Tumenggung Pranoto Airport,Batik Air,ID,B738,Boeing 737-86N,PK-BGZ,Departed 14:03,2026-07-27 05:55:55
CGK,departures,2026-07-26,13:45,13:59,QG974,CTV974,TNJ,Tanjung Pinang Raja Haji Fisabilillah Airport,Citilink,QG,A320,Airbus A320-214,PK-GLL,Departed 13:59,2026-07-27 05:55:55
CGK,departures,2026-07-26,13:45,,JT370,,BTH,Batam Hang Nadim Airport,Lion Air,JT,738,,,Unknown,2026-07-27 05:55:55
CGK,departures,2026-07-26,13:45,14:10,GA108,GIA108,PLM,Palembang International Airport,Garuda Indonesia,GA,B738,Boeing 737-8SH,PK-GUD,Departed 14:10,2026-07-27 05:55:55
CGK,departures,2026-07-26,13:50,14:34,VN630,HVN630,SGN,Ho Chi Minh City International Airport,Vietnam Airlines,VN,A321,Airbus A321-231,VN-A609,Departed 14:34,2026-07-27 05:55:55
CGK,departures,2026-07-26,13:50,14:08,QG996,CTV996,TKG,Bandar Lampung Radin Inten II Airport,Citilink,QG,A320,Airbus A320-214,PK-GLX,Departed 14:08,2026-07-27 05:55:55
CGK,departures,2026-07-26,13:50,14:31,QG966,CTV966,DJB,Jambi Sultan Thaha Airport,Citilink (Tiket.com Livery),QG,A320,Airbus A320-214,PK-GLW,Departed 14:31,2026-07-27 05:55:55
CGK,departures,2026-07-26,13:50,14:01,QG446,CTV446,BPN,Balikpapan Sepinggan Airport,Citilink,QG,A320,Airbus A320-214,PK-GQS,Departed 14:01,2026-07-27 05:55:55
CGK,departures,2026-07-26,13:50,14:56,IU608,SJV608,BPN,Balikpapan Sepinggan Airport,Super Air Jet,IU,A320,Airbus A320-232,PK-SJZ,Departed 14:56,2026-07-27 05:55:55
CGK,departures,2026-07-26,13:50,14:21,GA228,GIA228,SOC,Surakarta Adisumarmo International Airport,Garuda Indonesia,GA,B738,Boeing 737-8U3,PK-GFW,Departed 14:21,2026-07-27 05:55:55
CGK,departures,2026-07-26,13:55,14:11,SJ5400,SJY5400,TJQ,Tanjung Pandan Buluh Tumbang Airport,Sriwijaya Air,SJ,B735,Boeing 737-524,PK-CLH,Departed 14:11,2026-07-27 05:55:55
CGK,departures,2026-07-26,13:55,14:32,QG646,CTV646,LOP,Lombok International Airport,Citilink,QG,A320,Airbus A320-214,PK-GLM,Departed 14:32,2026-07-27 05:55:55
CGK,departures,2026-07-26,13:55,,JT176,,TKG,Bandar Lampung Radin Inten II Airport,Lion Air,JT,738,,,Unknown,2026-07-27 05:55:55
CGK,departures,2026-07-26,13:55,14:25,ID6814,BTK6814,BKS,Bengkulu Fatmawati Soekarno Airport,Batik Air,ID,A320,Airbus A320-214,PK-LUZ,Departed 14:25,2026-07-27 05:55:55
CGK,departures,2026-07-26,14:00,14:52,VJ928,VJC928,HAN,Hanoi Noi Bai International Airport,VietJet Air,VJ,A321,Airbus A321-211,VN-A684,Departed 14:52,2026-07-27 05:55:55
CGK,departures,2026-07-26,14:00,,RI100,,BTH,Batam Hang Nadim Airport,Rimbun Air,RI,73Y,,,Unknown,2026-07-27 05:55:55
CGK,departures,2026-07-26,14:00,14:47,QG958,CTV958,PDG,Padang Minangkabau International Airport,Citilink,QG,A320,Airbus A320-214,PK-GQK,Departed 14:47,2026-07-27 05:55:55
CGK,departures,2026-07-26,14:00,14:23,OD342,MXD342,PEN,Penang International Airport,Batik Air,ID,B738,Boeing 737-8GP,9M-LNC,Departed 14:23,2026-07-27 05:55:55
CGK,departures,2026-07-26,14:00,,IU840,,DJB,Jambi Sultan Thaha Airport,Super Air Jet,IU,320,,,Unknown,2026-07-27 05:55:55
CGK,departures,2026-07-26,14:00,15:22,IU802,SJV802,TJQ,Tanjung Pandan Buluh Tumbang Airport,Super Air Jet,IU,A320,Airbus A320-232,PK-STA,Departed 15:22,2026-07-27 05:55:55
CGK,departures,2026-07-26,14:05,14:23,QG968,CTV968,BTH,Batam Hang Nadim Airport,Citilink,QG,A320,Airbus A320-214,PK-GLS,Departed 14:23,2026-07-27 05:55:55
CGK,departures,2026-07-26,14:05,14:15,JT212,LNI212,KNO,Medan Kuala Namu International Airport,Lion Air,JT,B738,Boeing 737-8GP,PK-LKQ,Departed 14:15,2026-07-27 05:55:55
CGK,departures,2026-07-26,14:05,16:07,IU926,SJV926,PLM,Palembang International Airport,Super Air Jet (Xpora Livery),IU,A320,Airbus A320-232,PK-SAE,Departed 16:07,2026-07-27 05:55:55
CGK,departures,2026-07-26,14:05,14:15,IP106,PAS106,DPS,Denpasar Ngurah Rai International Airport,Pelita Air,IP,A320,Airbus A320-214,PK-PWE,Departed 14:15,2026-07-27 05:55:55
CGK,departures,2026-07-26,14:05,14:28,ID6820,BTK6820,LLJ,Lubuklinggau Silampari Airport,Batik Air,ID,A320,Airbus A320-214,PK-LAW,Departed 14:28,2026-07-27 05:55:55
CGK,departures,2026-07-26,14:05,14:29,ID6204,BTK6204,PKN,Pangkalan Bun Iskandar Airport,Batik Air,ID,A320,Airbus A320-214,PK-LUK,Departed 14:29,2026-07-27 05:55:55
CGK,departures,2026-07-26,14:15,14:57,TR309,TGW309,SIN,Singapore Changi Airport,Scoot,TR,A20N,Airbus A320-271N,9V-TNE,Departed 14:57,2026-07-27 05:55:55
CGK,departures,2026-07-26,14:20,14:47,SQ959,SIA959,SIN,Singapore Changi Airport,Singapore Airlines,SQ,A359,Airbus A350-941,9V-SJI,Departed 14:47,2026-07-27 05:55:52
CGK,departures,2026-07-26,14:20,14:37,QG978,CTV978,KNO,Medan Kuala Namu International Airport,Citilink,QG,A320,Airbus A320-214,PK-GLI,Departed 14:37,2026-07-27 05:55:52
CGK,departures,2026-07-26,14:20,,IN90,,BUU,Muara Bungo Airport,Nam Air,IN,735,,,Unknown,2026-07-27 05:55:52
CGK,departures,2026-07-26,14:20,,CX776,,HKG,Hong Kong International Airport,Cathay Pacific,CX,A333,Airbus A330-342,B-LAD,Canceled,2026-07-27 05:55:52
CGK,departures,2026-07-26,14:25,14:42,WY850,OMA850,MCT,Muscat International Airport,Oman Air,WY,B789,Boeing 787-9 Dreamliner,A4O-SJ,Departed 14:42,2026-07-27 05:55:52
CGK,departures,2026-07-26,14:25,15:15,UL365,ALK365,CMB,Colombo Bandaranaike International Airport,SriLankan Airlines,UL,A21N,Airbus A321-251N,4R-ANF,Departed 15:15,2026-07-27 05:55:52
CGK,departures,2026-07-26,14:25,15:16,SJ580,SJY580,UPG,Makassar Sultan Hasanuddin International Airport,Sriwijaya Air,SJ,B735,Boeing 737-524,PK-CLF,Departed 15:16,2026-07-27 05:55:52
CGK,departures,2026-07-26,14:25,15:06,IP206,PAS206,SUB,Surabaya Juanda International Airport,Pelita Air,IP,A320,Airbus A320-214,PK-PWP,Departed 15:06,2026-07-27 05:55:52
CGK,departures,2026-07-26,14:30,15:16,ID6266,BTK6266,UPG,Makassar Sultan Hasanuddin International Airport,Batik Air,ID,B738,Boeing 737-8GP,PK-LBS,Departed 15:16,2026-07-27 05:55:52
CGK,departures,2026-07-26,14:30,14:45,GA410,GIA410,DPS,Denpasar Ngurah Rai International Airport,Garuda Indonesia,GA,B738,Boeing 737-8U3,PK-GFF,Departed 14:45,2026-07-27 05:55:52
CGK,departures,2026-07-26,14:30,15:09,BR238,EVA238,TPE,Taipei Taoyuan International Airport,EVA Air,BR,B789,Boeing 787-9 Dreamliner,B-17890,Departed 15:09,2026-07-27 05:55:52
CGK,departures,2026-07-26,14:35,15:23,QG414,CTV414,PNK,Pontianak Supadio Airport,Citilink,QG,A320,Airbus A320-214,PK-GQO,Departed 15:23,2026-07-27 05:55:52
CGK,departures,2026-07-26,14:35,15:18,ID6508,BTK6508,DPS,Denpasar Ngurah Rai International Airport,Batik Air,ID,B738,Boeing 737-8GP,PK-LBW,Departed 15:18,2026-07-27 05:55:52
CGK,departures,2026-07-26,14:35,15:02,GA326,GIA326,SUB,Surabaya Juanda International Airport,Garuda Indonesia,GA,B738,Boeing 737-8U3,PK-GMA,Departed 15:02,2026-07-27 05:55:52
CGK,departures,2026-07-26,14:40,15:55,JT714,LNI714,PNK,Pontianak Supadio Airport,Lion Air,JT,B738,Boeing 737-8GP,PK-LJR,Departed 15:55,2026-07-27 05:55:52
CGK,departures,2026-07-26,14:40,15:20,GA162,GIA162,PDG,Padang Minangkabau International Airport,Garuda Indonesia,GA,B738,Boeing 737-8SH,PK-GUJ,Departed 15:20,2026-07-27 05:55:52
CGK,departures,2026-07-26,14:40,15:04,CI762,CAL762,TPE,Taipei Taoyuan International Airport,China Airlines,CI,A359,Airbus A350-941,B-18902,Departed 15:04,2026-07-27 05:55:52
CGK,departures,2026-07-26,14:45,15:05,GA212,GIA212,YIA,Yogyakarta International Airport,Garuda Indonesia,GA,B738,Boeing 737-8U3,PK-GNA,Departed 15:05,2026-07-27 05:55:52
CGK,departures,2026-07-26,14:50,15:11,GA572,GIA572,BPN,Balikpapan Sepinggan Airport,Garuda Indonesia,GA,B738,Boeing 737-81D,PK-GFR,Departed 15:11,2026-07-27 05:55:52
CGK,departures,2026-07-26,14:55,14:59,QZ474,AWQ474,KTI,Phnom Penh Techo International Airport,AirAsia (Lombok Livery),AK,A320,Airbus A320-216,PK-AXU,Departed 14:59,2026-07-27 05:55:52
CGK,departures,2026-07-26,14:55,15:07,QG792,CTV792,SRG,Semarang Achmad Yani International Airport,Citilink,QG,A320,Airbus A320-214,PK-GQH,Departed 15:07,2026-07-27 05:55:52
CGK,departures,2026-07-26,14:55,15:30,GA550,GIA550,PKY,Palangkaraya Tjilik Riwut Airport,Garuda Indonesia,GA,B738,Boeing 737-8U3,PK-GMM,Departed 15:30,2026-07-27 05:55:52
CGK,departures,2026-07-26,14:55,15:13,GA504,GIA504,PNK,Pontianak Supadio Airport,Garuda Indonesia,GA,B738,Boeing 737-8SA,PK-GUH,Departed 15:13,2026-07-27 05:55:52
CGK,departures,2026-07-26,15:00,,CX3249,,HAN,Hanoi Noi Bai International Airport,Cathay Pacific,CX,74Y,,,Unknown,2026-07-27 05:55:52
CGK,departures,2026-07-26,15:00,,8B5165,,LOP,Lombok International Airport,TransNusa,8B,320,,,Unknown,2026-07-27 05:55:52
CGK,departures,2026-07-26,15:00,,RI2000,,BPN,Balikpapan Sepinggan Airport,Rimbun Air,RI,73Y,,,Unknown,2026-07-27 05:55:52
CGK,departures,2026-07-26,15:00,15:11,QG482,CTV482,BDJ,Banjarmasin Syamsudin Noor Airport,Citilink,QG,A320,Airbus A320-214,PK-GLY,Departed 15:11,2026-07-27 05:55:52
CGK,departures,2026-07-26,15:00,,IU900,,PDG,Padang Minangkabau International Airport,Super Air Jet,IU,320,,,Unknown,2026-07-27 05:55:52
CGK,departures,2026-07-26,15:00,15:28,ID6886,BTK6886,KNO,Medan Kuala Namu International Airport,Batik Air,ID,A320,Airbus A320-214,PK-LUJ,Departed 15:28,2026-07-27 05:55:52
CGK,departures,2026-07-26,15:00,15:12,ID6708,BTK6708,TKG,Bandar Lampung Radin Inten II Airport,Batik Air,ID,A320,Airbus A320-214,PK-BLD,Departed 15:12,2026-07-27 05:55:52
CGK,departures,2026-07-26,15:00,15:32,GA154,GIA154,BTH,Batam Hang Nadim Airport,Garuda Indonesia,GA,B738,Boeing 737-8U3,PK-GNH,Departed 15:32,2026-07-27 05:55:52
CGK,departures,2026-07-26,15:00,22:07,CX3348,CPA3348,HAN,Hanoi Noi Bai International Airport,Cathay Cargo,CX,B744,Boeing 747-467F(ER),B-LIC,Departed 22:07,2026-07-27 05:55:52
CGK,departures,2026-07-26,15:05,15:36,JT692,LNI692,SUB,Surabaya Juanda International Airport,Lion Air,JT,B739,Boeing 737-9GP(ER),PK-LFW,Departed 15:36,2026-07-27 05:55:52
CGK,departures,2026-07-26,15:05,15:05,JT171,,SUB,Surabaya Juanda International Airport,Lion Air,JT,739,,,Estimated dep 15:05*,2026-07-27 05:55:52
CGK,departures,2026-07-26,15:10,16:05,8B5108,TNU5108,DPS,Denpasar Ngurah Rai International Airport,TransNusa,8B,A320,Airbus A320-214,PK-TLA,Departed 16:05,2026-07-27 05:55:52
CGK,departures,2026-07-26,15:10,15:26,IP306,PAS306,KNO,Medan Kuala Namu International Airport,Pelita Air,IP,A320,Airbus A320-214,PK-PWG,Departed 15:26,2026-07-27 05:55:52
CGK,departures,2026-07-26,15:10,15:24,AK385,AXM385,KUL,Kuala Lumpur International Airport,AirAsia,AK,A320,Airbus A320-216,9M-RAD,Departed 15:24,2026-07-27 05:55:52
CGK,departures,2026-07-26,15:15,,GA176,,PKU,Pekanbaru Sultan Syarif Kasim II Airport,Garuda Indonesia (Pocari Sweat Livery),GA,B738,Boeing 737-86N,PK-GNN,Unknown,2026-07-27 05:55:52
CGK,departures,2026-07-26,15:15,15:54,QZ176,AWQ176,TKG,Bandar Lampung Radin Inten II Airport,AirAsia,AK,A320,Airbus A320-216,PK-AZL,Departed 15:54,2026-07-27 05:55:52
CGK,departures,2026-07-26,15:15,15:39,IU818,SJV818,PGK,Pangkal Pinang Depati Amir Airport,Super Air Jet,IU,A320,Airbus A320-232,PK-SJQ,Departed 15:39,2026-07-27 05:55:52
CGK,departures,2026-07-26,15:15,15:44,ID6898,BTK6898,BTJ,Banda Aceh International Airport,Batik Air,ID,A320,Airbus A320-214,PK-BKP,Departed 15:44,2026-07-27 05:55:52
CGK,departures,2026-07-26,15:15,15:36,ID6818,BTK6818,BKS,Bengkulu Fatmawati Soekarno Airport,Batik Air,ID,A320,Airbus A320-214,PK-LAI,Departed 15:36,2026-07-27 05:55:52
CGK,departures,2026-07-26,15:15,15:34,GA176,GIA176,PKU,Pekanbaru Sultan Syarif Kasim II Airport,Garuda Indonesia (Pocari Sweat Livery),GA,B738,Boeing 737-86N,PK-GNN,Departed 15:34,2026-07-27 05:55:52
CGK,departures,2026-07-26,15:20,,JT346,,PLM,Palembang International Airport,Lion Air,JT,739,,,Unknown,2026-07-27 05:55:52
CGK,departures,2026-07-26,15:20,,ID6711,,SUB,Surabaya Juanda International Airport,Batik Air,ID,32A,,,Unknown,2026-07-27 05:55:52
CGK,departures,2026-07-26,15:25,16:36,IU858,SJV858,BTH,Batam Hang Nadim Airport,Super Air Jet,IU,A320,Airbus A320-232,PK-SAT,Departed 16:36,2026-07-27 05:55:52
CGK,departures,2026-07-26,15:25,16:52,ID6578,BTK6578,SUB,Surabaya Juanda International Airport,Batik Air,ID,A320,Airbus A320-214,PK-LAM,Departed 16:52,2026-07-27 05:55:52
CGK,departures,2026-07-26,15:25,15:41,GA7644,GIA7644,TKG,Bandar Lampung Radin Inten II Airport,Garuda Indonesia,GA,B738,Boeing 737-8BK,PK-GFG,Departed 15:41,2026-07-27 05:55:52
CGK,departures,2026-07-26,15:25,15:45,GA960,GIA960,MED,Medina Prince Mohammad bin Abdulaziz Airport,Garuda Indonesia (Retro Livery),GA,B77W,Boeing 777-3U3(ER),PK-GIK,Departed 15:45,2026-07-27 05:55:52
CGK,departures,2026-07-26,15:30,16:17,SV821,SVA821,MED,Medina Prince Mohammad bin Abdulaziz Airport,Saudia,SV,B77W,Boeing 777-31H(ER),9H-AZE,Departed 16:17,2026-07-27 05:55:52
CGK,departures,2026-07-26,15:30,,SJ76,,PGK,Pangkal Pinang Depati Amir Airport,Sriwijaya Air,SJ,735,,,Unknown,2026-07-27 05:55:52
CGK,departures,2026-07-26,15:30,15:48,ID7041,BTK7041,SOC,Surakarta Adisumarmo International Airport,Batik Air,ID,A320,Airbus A320-232,PK-BLB,Departed 15:48,2026-07-27 05:55:52
CGK,departures,2026-07-26,15:30,15:47,ID6200,BTK6200,PKY,Palangkaraya Tjilik Riwut Airport,Batik Air,ID,A320,Airbus A320-214,PK-BKU,Departed 15:47,2026-07-27 05:55:52
CGK,departures,2026-07-26,15:30,15:57,GA612,GIA612,UPG,Makassar Sultan Hasanuddin International Airport,Garuda Indonesia,GA,B738,Boeing 737-81M,PK-GUC,Departed 15:57,2026-07-27 05:55:52
CGK,departures,2026-07-26,15:35,16:07,QG964,CTV964,DJB,Jambi Sultan Thaha Airport,Citilink (Tiket.com Livery),QG,A320,Airbus A320-214,PK-GLZ,Departed 16:07,2026-07-27 05:55:52
CGK,departures,2026-07-26,15:35,15:46,QG688,CTV688,DPS,Denpasar Ngurah Rai International Airport,Citilink,QG,A320,Airbus A320-214,PK-GQJ,Departed 15:46,2026-07-27 05:55:52
CGK,departures,2026-07-26,15:35,,IU904,,PDG,Padang Minangkabau International Airport,Super Air Jet,IU,320,,,Unknown,2026-07-27 05:55:52
CGK,departures,2026-07-26,15:35,15:50,GA836,GIA836,SIN,Singapore Changi Airport,Garuda Indonesia,GA,B738,Boeing 737-8U3,PK-GMY,Departed 15:50,2026-07-27 05:55:52
CGK,departures,2026-07-26,15:40,16:01,QG992,CTV992,TKG,Bandar Lampung Radin Inten II Airport,Citilink,QG,A320,Airbus A320-214,PK-GLT,Departed 16:01,2026-07-27 05:55:52
CGK,departures,2026-07-26,15:45,16:00,IP324,PAS324,PKU,Pekanbaru Sultan Syarif Kasim II Airport,Pelita Air,IP,A320,Airbus A320-216,PK-PWN,Departed 16:00,2026-07-27 05:55:52
CGK,departures,2026-07-26,15:45,16:25,GA414,GIA414,DPS,Denpasar Ngurah Rai International Airport,Garuda Indonesia,GA,B738,Boeing 737-8U3,PK-GFD,Departed 16:25,2026-07-27 05:55:52
CGK,departures,2026-07-26,15:45,16:11,GA234,GIA234,SRG,Semarang Achmad Yani International Airport,Garuda Indonesia (Livin' by Mandiri Livery),GA,B738,Boeing 737-86N,PK-GFI,Departed 16:11,2026-07-27 05:55:52
CGK,departures,2026-07-26,15:50,16:27,6E1602,IGO1602,BOM,Mumbai Chhatrapati Shivaji International Airport,IndiGo,6E,A20N,Airbus A320-251N,VT-IIW,Departed 16:27,2026-07-27 05:55:52
CGK,departures,2026-07-26,15:50,,IU606,,BPN,Balikpapan Sepinggan Airport,Super Air Jet,IU,320,,,Unknown,2026-07-27 05:55:52
CGK,departures,2026-07-26,15:50,16:02,ID6212,BTK6212,BDJ,Banjarmasin Syamsudin Noor Airport,Batik Air,ID,A320,Airbus A320-214,PK-LAL,Departed 16:02,2026-07-27 05:55:52
CGK,departures,2026-07-26,15:55,16:03,QZ814,AWQ814,DPS,Denpasar Ngurah Rai International Airport,AirAsia (Colours of Indonesia Livery),AK,A320,Airbus A320-216,PK-AXD,Departed 16:03,2026-07-27 05:55:52
CGK,departures,2026-07-26,15:55,15:58,QG502,CTV502,KUL,Kuala Lumpur International Airport,Citilink,QG,A320,Airbus A320-214,PK-GQA,Departed 15:58,2026-07-27 05:55:52
CGK,departures,2026-07-26,15:55,,IU910,,PKU,Pekanbaru Sultan Syarif Kasim II Airport,Super Air Jet,IU,320,,,Unknown,2026-07-27 05:55:52
CGK,departures,2026-07-26,15:55,,IP808,,UPG,Makassar Sultan Hasanuddin International Airport,Pelita Air,IP,320,,,Unknown,2026-07-27 05:55:52
CGK,departures,2026-07-26,16:00,,RI130,,PKU,Pekanbaru Sultan Syarif Kasim II Airport,Rimbun Air,RI,73Y,,,Unknown,2026-07-27 05:55:52
CGK,departures,2026-07-26,16:00,16:09,QG886,CTV886,KNO,Medan Kuala Namu International Airport,Citilink,QG,A320,Airbus A320-214,PK-GQE,Departed 16:09,2026-07-27 05:55:52
CGK,departures,2026-07-26,16:00,16:19,ID6226,BTK6226,PNK,Pontianak Supadio Airport,Batik Air,ID,B738,Boeing 737-8GP,PK-LZZ,Departed 16:19,2026-07-27 05:55:52
CGK,departures,2026-07-26,16:00,16:20,GA320,GIA320,SUB,Surabaya Juanda International Airport,Garuda Indonesia (From Nature to Future Livery),GA,B738,Boeing 737-8U3,PK-GFX,Departed 16:20,2026-07-27 05:55:52
CGK,departures,2026-07-26,16:05,17:45,8B5532,TNU5532,YIA,Yogyakarta International Airport,TransNusa,8B,A320,Airbus A320-214,PK-TLC,Departed 17:45,2026-07-27 05:55:52
CGK,departures,2026-07-26,16:05,16:23,MH720,MAS720,KUL,Kuala Lumpur International Airport,Malaysia Airlines (Malaysia Negaraku Livery),MH,B738,Boeing 737-8H6,9M-MXU,Departed 16:23,2026-07-27 05:55:52
CGK,departures,2026-07-26,16:05,18:15,JT300,LNI300,KNO,Medan Kuala Namu International Airport,Lion Air,JT,B739,Boeing 737-9GP(ER),PK-LQT,Departed 18:15,2026-07-27 05:55:52
CGK,departures,2026-07-26,16:05,17:05,IN78,LKN078,PGK,Pangkal Pinang Depati Amir Airport,NAM Air,IN,B735,Boeing 737-524,PK-NAS,Departed 17:05,2026-07-27 05:55:52
CGK,departures,2026-07-26,16:10,16:28,IP356,PAS356,PDG,Padang Minangkabau International Airport,Pelita Air,IP,A320,Airbus A320-214,PK-PWQ,Departed 16:28,2026-07-27 05:55:52
CGK,departures,2026-07-26,16:10,16:30,GA982,GIA982,JED,Jeddah King Abdulaziz International Airport,Garuda Indonesia,GA,B77W,Boeing 777-3U3(ER),PK-GIH,Departed 16:30,2026-07-27 05:55:52
CGK,departures,2026-07-26,16:15,16:40,QG492,CTV492,BDJ,Banjarmasin Syamsudin Noor Airport,Citilink,QG,A320,Airbus A320-214,PK-GLV,Departed 16:40,2026-07-27 05:55:52
CGK,departures,2026-07-26,16:25,17:07,ID6352,BTK6352,SRG,Semarang Achmad Yani International Airport,Batik Air,ID,B738,Boeing 737-8GP,PK-LBK,Departed 17:07,2026-07-27 05:55:52
CGK,departures,2026-07-26,16:30,16:45,QG764,CTV764,SOC,Surakarta Adisumarmo International Airport,Citilink,QG,A320,Airbus A320-214,PK-GQP,Departed 16:45,2026-07-27 05:55:52
CGK,departures,2026-07-26,16:30,17:12,GA114,GIA114,PLM,Palembang International Airport,Garuda Indonesia,GA,B38M,Boeing 737 MAX 8,PK-GDC,Departed 17:12,2026-07-27 05:55:52
CGK,departures,2026-07-26,16:35,17:00,QG174,CTV174,SUB,Surabaya Juanda International Airport,Citilink,QG,A320,Airbus A320-214,PK-GLX,Departed 17:00,2026-07-27 05:55:52
CGK,departures,2026-07-26,16:35,16:46,GA190,GIA190,KNO,Medan Kuala Namu International Airport,Garuda Indonesia,GA,B738,Boeing 737-8U3,PK-GFP,Departed 16:46,2026-07-27 05:55:52
CGK,departures,2026-07-26,16:40,16:57,QG662,CTV662,DPS,Denpasar Ngurah Rai International Airport,Citilink Garuda Indonesia,QG,A320,Airbus A320-214,PK-GQT,Departed 16:57,2026-07-27 05:55:52
CGK,departures,2026-07-26,16:45,17:18,8B699,TNU699,SZB,Kuala Lumpur Subang Airport,TransNusa,8B,A321,Airbus A321-211,PK-TLK,Departed 17:18,2026-07-27 05:55:52
CGK,departures,2026-07-26,16:45,18:03,ID6802,BTK6802,DJB,Jambi Sultan Thaha Airport,Batik Air,ID,A320,Airbus A320-214,PK-BKV,Departed 18:03,2026-07-27 05:55:52
CGK,departures,2026-07-26,16:45,17:22,GA616,GIA616,UPG,Makassar Sultan Hasanuddin International Airport,Garuda Indonesia,GA,B738,Boeing 737-8U3,PK-GNM,Departed 17:22,2026-07-27 05:55:52
CGK,departures,2026-07-26,16:50,,IU768,,LOP,Lombok International Airport,Super Air Jet,IU,320,,,Unknown,2026-07-27 05:55:52
CGK,departures,2026-07-26,16:50,,ID6296,,UPG,Makassar Sultan Hasanuddin International Airport,Batik Air,ID,32A,,,Canceled,2026-07-27 05:55:52
CGK,departures,2026-07-26,16:55,,JT122,,TKG,Bandar Lampung Radin Inten II Airport,Lion Air,JT,738,,,Unknown,2026-07-27 05:55:52
CGK,departures,2026-07-26,17:00,17:30,8B679,TNU679,KUL,Kuala Lumpur International Airport,TransNusa,8B,A321,Airbus A321-211,PK-TLG,Departed 17:30,2026-07-27 05:55:52
CGK,departures,2026-07-26,17:00,17:09,SQ961,SIA961,SIN,Singapore Changi Airport,Singapore Airlines,SQ,A359,Airbus A350-941,9V-SHG,Departed 17:09,2026-07-27 05:55:52
CGK,departures,2026-07-26,17:00,17:11,QG954,CTV954,PDG,Padang Minangkabau International Airport,Citilink,QG,A320,Airbus A320-214,PK-GQN,Departed 17:11,2026-07-27 05:55:52
CGK,departures,2026-07-26,17:00,,ID8684,,PNK,Pontianak Supadio Airport,Batik Air,ID,738,,,Canceled,2026-07-27 05:55:52
CGK,departures,2026-07-26,17:00,18:16,ID7059,BTK7059,PLM,Palembang International Airport,Batik Air,ID,A320,Airbus A320-214,PK-BLC,Departed 18:16,2026-07-27 05:55:52
CGK,departures,2026-07-26,17:00,19:11,ID6576,BTK6576,SUB,Surabaya Juanda International Airport,Batik Air,ID,A320,Airbus A320-233,PK-BKG,Departed 19:11,2026-07-27 05:55:52
CGK,departures,2026-07-26,17:00,17:20,GA420,GIA420,DPS,Denpasar Ngurah Rai International Airport,Garuda Indonesia,GA,B738,Boeing 737-8U3,PK-GNG,Departed 17:20,2026-07-27 05:55:52
CGK,departures,2026-07-26,17:05,17:16,QZ210,AWQ210,KUL,Kuala Lumpur International Airport,AirAsia (Dnars Indonesia Livery),AK,A320,Airbus A320-216,PK-AZN,Departed 17:16,2026-07-27 05:55:49
CGK,departures,2026-07-26,17:05,,JT208,,KNO,Medan Kuala Namu International Airport,Lion Air,JT,738,,,Unknown,2026-07-27 05:55:52
CGK,departures,2026-07-26,17:10,17:14,QG526,CTV526,SIN,Singapore Changi Airport,Citilink,QG,A320,Airbus A320-214,PK-GQF,Departed 17:14,2026-07-27 05:55:49
CGK,departures,2026-07-26,17:10,17:25,IP104,PAS104,DPS,Denpasar Ngurah Rai International Airport,Pelita Air,IP,A320,Airbus A320-214,PK-PWO,Departed 17:25,2026-07-27 05:55:49
CGK,departures,2026-07-26,17:15,17:37,QG982,CTV982,PLM,Palembang International Airport,Citilink (Retro Livery),QG,A320,Airbus A320-214,PK-GQI,Departed 17:37,2026-07-27 05:55:49
CGK,departures,2026-07-26,17:15,,IU816,,PDG,Padang Minangkabau International Airport,Super Air Jet,IU,320,,,Unknown,2026-07-27 05:55:49
CGK,departures,2026-07-26,17:15,17:32,IP210,PAS210,SUB,Surabaya Juanda International Airport,Pelita Air,IP,A320,Airbus A320-232,PK-PWL,Departed 17:32,2026-07-27 05:55:49
CGK,departures,2026-07-26,17:20,17:46,QG944,CTV944,BTH,Batam Hang Nadim Airport,Citilink,QG,A20N,Airbus A320-251N,PK-GTC,Departed 17:46,2026-07-27 05:55:49
CGK,departures,2026-07-26,17:20,17:59,QG426,CTV426,UPG,Makassar Sultan Hasanuddin International Airport,Citilink,QG,A20N,Airbus A320-251N,PK-GTF,Departed 17:59,2026-07-27 05:55:49
CGK,departures,2026-07-26,17:20,19:29,IN220,,YIA,Yogyakarta International Airport,Nam Air,IN,B735,Boeing 737-524,PK-NAQ,Unknown,2026-07-27 05:55:49
CGK,departures,2026-07-26,17:20,18:34,ID6806,BTK6806,DJB,Jambi Sultan Thaha Airport,Batik Air,ID,A320,Airbus A320-214,PK-LUZ,Departed 18:34,2026-07-27 05:55:49
CGK,departures,2026-07-26,17:30,19:46,SV819,SVA819,JED,Jeddah King Abdulaziz International Airport,Saudia,SV,B77W,Boeing 777-368(ER),HZ-AK14,Departed 19:46,2026-07-27 05:55:49
CGK,departures,2026-07-26,17:30,18:40,ID7368,BTK7368,SOC,Surakarta Adisumarmo International Airport,Batik Air,ID,A320,Airbus A320-214,PK-LUH,Departed 18:40,2026-07-27 05:55:49
CGK,departures,2026-07-26,17:30,17:48,GA246,GIA246,SRG,Semarang Achmad Yani International Airport,Garuda Indonesia,GA,B738,Boeing 737-8U3,PK-GMV,Departed 17:48,2026-07-27 05:55:49
CGK,departures,2026-07-26,17:40,17:48,JT12,LNI012,DPS,Denpasar Ngurah Rai International Airport,Lion Air,JT,B39M,Boeing 737 MAX 9,PK-LRH,Departed 17:48,2026-07-27 05:55:49
CGK,departures,2026-07-26,17:40,19:58,IU948,SJV948,KNO,Medan Kuala Namu International Airport,Super Air Jet (Xpora Livery),IU,A320,Airbus A320-232,PK-SAE,Departed 19:58,2026-07-27 05:55:49
CGK,departures,2026-07-26,17:40,17:58,GA838,GIA838,SIN,Singapore Changi Airport,Garuda Indonesia,GA,B738,Boeing 737-8U3,PK-GMF,Departed 17:58,2026-07-27 05:55:49
CGK,departures,2026-07-26,17:40,19:15,EK357,UAE357,DXB,Dubai International Airport,Emirates,EK,B77W,Boeing 777-31H(ER),A6-ENC,Departed 19:15,2026-07-27 05:55:49
CGK,departures,2026-07-26,17:45,,SJ224,,YIA,Yogyakarta International Airport,Sriwijaya Air,SJ,735,,,Unknown,2026-07-27 05:55:49
CGK,departures,2026-07-26,17:45,17:54,QZ528,AWQ528,BWN,Brunei International Airport,AirAsia,AK,A320,Airbus A320-214,PK-AZH,Departed 17:54,2026-07-27 05:55:49
CGK,departures,2026-07-26,17:45,17:55,IP314,PAS314,PLM,Palembang International Airport,Pelita Air,IP,A320,Airbus A320-214,PK-PWA,Departed 17:55,2026-07-27 05:55:49
CGK,departures,2026-07-26,17:45,18:00,ID7159,BTK7159,SIN,Singapore Changi Airport,Batik Air,ID,B738,Boeing 737-8GP,PK-LDJ,Departed 18:00,2026-07-27 05:55:49
CGK,departures,2026-07-26,17:50,18:54,QZ818,AWQ818,DPS,Denpasar Ngurah Rai International Airport,AirAsia,AK,A320,Airbus A320-216,PK-AZL,Departed 18:54,2026-07-27 05:55:49
CGK,departures,2026-07-26,17:50,18:23,QG412,CTV412,PNK,Pontianak Supadio Airport,Citilink (Tiket.com Livery),QG,A320,Airbus A320-214,PK-GLW,Departed 18:23,2026-07-27 05:55:49
CGK,departures,2026-07-26,17:50,18:56,OD391,MXD391,KUL,Kuala Lumpur International Airport,Batik Air,ID,B738,Boeing 737-8U3,9M-LDG,Departed 18:56,2026-07-27 05:55:49
CGK,departures,2026-07-26,17:50,18:09,GA72,GIA072,TKG,Bandar Lampung Radin Inten II Airport,Garuda Indonesia,GA,B738,Boeing 737-86N,PK-GFU,Departed 18:09,2026-07-27 05:55:49
CGK,departures,2026-07-26,18:00,18:07,SJ272,SJY272,DPS,Denpasar Ngurah Rai International Airport,BBN Airlines Indonesia,0B,B738,Boeing 737-8BK,PK-BBF,Departed 18:07,2026-07-27 05:55:49
CGK,departures,2026-07-26,18:00,18:11,ID7065,BTK7065,PKU,Pekanbaru Sultan Syarif Kasim II Airport,Batik Air,ID,A320,Airbus A320-214,PK-LUI,Departed 18:11,2026-07-27 05:55:49
CGK,departures,2026-07-26,18:00,18:18,GA576,GIA576,BPN,Balikpapan Sepinggan Airport,Garuda Indonesia,GA,B738,Boeing 737-8U3,PK-GMP,Departed 18:18,2026-07-27 05:55:49
CGK,departures,2026-07-26,18:05,18:13,SQ963,SIA963,SIN,Singapore Changi Airport,Singapore Airlines,SQ,A359,Airbus A350-941,9V-SMM,Departed 18:13,2026-07-27 05:55:49
CGK,departures,2026-07-26,18:05,21:41,JT308,,KNO,Medan Kuala Namu International Airport,Lion Air,JT,739,,,Unknown,2026-07-27 05:55:49
CGK,departures,2026-07-26,18:05,,ID6801,,YIA,Yogyakarta International Airport,Batik Air,ID,32A,,,Unknown,2026-07-27 05:55:49
CGK,departures,2026-07-26,18:05,18:37,ID6374,BTK6374,YIA,Yogyakarta International Airport,Batik Air,ID,A320,Airbus A320-214,PK-LAW,Departed 18:37,2026-07-27 05:55:49
CGK,departures,2026-07-26,18:05,18:06,ID6080,BTK6080,PER,Perth Airport,Batik Air,ID,A320,Airbus A320-214,PK-BKY,Departed 18:06,2026-07-27 05:55:49
CGK,departures,2026-07-26,18:10,18:20,IP328,PAS328,PKU,Pekanbaru Sultan Syarif Kasim II Airport,Pelita Air,IP,A320,Airbus A320-214,PK-PWD,Departed 18:20,2026-07-27 05:55:49
CGK,departures,2026-07-26,18:10,18:26,EY475,ETD475,AUH,Abu Dhabi Zayed International Airport,Etihad Airways,EY,B78X,Boeing 787-10 Dreamliner,A6-BMB,Departed 18:26,2026-07-27 05:55:49
CGK,departures,2026-07-26,18:15,18:27,QG9998,CTV9998,TKG,Bandar Lampung Radin Inten II Airport,Citilink,QG,A320,Airbus A320-214,PK-GLR,Departed 18:27,2026-07-27 05:55:49
CGK,departures,2026-07-26,18:15,18:27,QG998,,TKG,Bandar Lampung Radin Inten II Airport,Citilink,QG,A320,Airbus A320-214,PK-GLR,Estimated dep 18:27*,2026-07-27 05:55:49
CGK,departures,2026-07-26,18:15,19:06,QG938,CTV938,PKU,Pekanbaru Sultan Syarif Kasim II Airport,Citilink,QG,A320,Airbus A320-214,PK-GLL,Departed 19:06,2026-07-27 05:55:49
CGK,departures,2026-07-26,18:15,18:32,IU638,SJV638,BDJ,Banjarmasin Syamsudin Noor Airport,Super Air Jet,IU,A320,Airbus A320-232,PK-SJJ,Departed 18:32,2026-07-27 05:55:49
CGK,departures,2026-07-26,18:15,19:18,IU600,SJV600,BPN,Balikpapan Sepinggan Airport,Super Air Jet,IU,A320,Airbus A320-232,PK-SJV,Departed 19:18,2026-07-27 05:55:49
CGK,departures,2026-07-26,18:15,18:30,GA536,GIA536,BDJ,Banjarmasin Syamsudin Noor Airport,Garuda Indonesia (Ayo Pakai Masker Livery),GA,B738,Boeing 737-81D,PK-GFQ,Departed 18:30,2026-07-27 05:55:49
CGK,departures,2026-07-26,18:20,,IU690,,PNK,Pontianak Supadio Airport,Super Air Jet,IU,320,,,Unknown,2026-07-27 05:55:49
CGK,departures,2026-07-26,18:25,18:44,MH722,MAS722,KUL,Kuala Lumpur International Airport,Malaysia Airlines,MH,B738,Boeing 737-8H6,9M-MXE,Departed 18:44,2026-07-27 05:55:49
CGK,departures,2026-07-26,18:30,18:42,QR957,QTR957,DOH,Doha Hamad International Airport,Qatar Airways,QR,A359,Airbus A350-941,A7-ALR,Departed 18:42,2026-07-27 05:55:49
CGK,departures,2026-07-26,18:30,18:44,QG776,CTV776,YIA,Yogyakarta International Airport,Citilink,QG,A320,Airbus A320-214,PK-GQH,Departed 18:44,2026-07-27 05:55:49
CGK,departures,2026-07-26,18:30,18:47,GA112,GIA112,PLM,Palembang International Airport,Garuda Indonesia,GA,B738,Boeing 737-86N,PK-GFJ,Departed 18:47,2026-07-27 05:55:49
CGK,departures,2026-07-26,18:35,19:17,JT372,,BTH,Batam Hang Nadim Airport,Lion Air,JT,738,,,Estimated dep 19:17*,2026-07-27 05:55:49
CGK,departures,2026-07-26,18:35,18:51,GA426,GIA426,DPS,Denpasar Ngurah Rai International Airport,Garuda Indonesia,GA,A333,Airbus A330-343,PK-GPT,Departed 18:51,2026-07-27 05:55:49
CGK,departures,2026-07-26,18:45,18:59,ID6142,BTK6142,UPG,Makassar Sultan Hasanuddin International Airport,Batik Air,ID,A320,Airbus A320-214,PK-LUK,Departed 18:59,2026-07-27 05:55:49
CGK,departures,2026-07-26,18:50,19:29,IN220,LKN220,YIA,Yogyakarta International Airport,Nam Air,IN,B735,Boeing 737-524,PK-NAQ,Departed 19:29,2026-07-27 05:55:49
CGK,departures,2026-07-26,18:50,18:59,QG726,CTV726,SUB,Surabaya Juanda International Airport,Citilink,QG,A320,Airbus A320-214,PK-GLS,Departed 18:59,2026-07-27 05:55:49
CGK,departures,2026-07-26,18:50,19:12,JT352,LNI352,PDG,Padang Minangkabau International Airport,Lion Air,JT,B738,Boeing 737-8GP,PK-LPK,Departed 19:12,2026-07-27 05:55:49
CGK,departures,2026-07-26,18:55,19:16,QG914,CTV914,KNO,Medan Kuala Namu International Airport,Citilink,QG,A320,Airbus A320-214,PK-GQM,Departed 19:16,2026-07-27 05:55:49
CGK,departures,2026-07-26,18:55,20:00,JT242,LNI242,TKG,Bandar Lampung Radin Inten II Airport,Lion Air,JT,B738,Boeing 737-8GP,PK-LKH,Departed 20:00,2026-07-27 05:55:49
CGK,departures,2026-07-26,18:55,19:09,AK387,AXM387,KUL,Kuala Lumpur International Airport,AirAsia,AK,A320,Airbus A320-216,9M-AJN,Departed 19:09,2026-07-27 05:55:49
CGK,departures,2026-07-26,19:00,19:03,8B860,TNU860,CAN,Guangzhou Baiyun International Airport,TransNusa,8B,A320,Airbus A320-214,PK-TLD,Departed 19:03,2026-07-27 05:55:49
CGK,departures,2026-07-26,19:00,19:12,TG436,THA436,BKK,Bangkok Suvarnabhumi Airport,Thai Airways,TG,B772,Boeing 777-2D7(ER),HS-TJV,Departed 19:12,2026-07-27 05:55:49
CGK,departures,2026-07-26,19:00,19:21,IU914,SJV914,PKU,Pekanbaru Sultan Syarif Kasim II Airport,Super Air Jet,IU,A320,Airbus A320-232,PK-SJP,Departed 19:21,2026-07-27 05:55:49
CGK,departures,2026-07-26,19:00,20:14,IU874,SJV874,PLM,Palembang International Airport,Super Air Jet,IU,A320,Airbus A320-232,PK-SAY,Departed 20:14,2026-07-27 05:55:49
CGK,departures,2026-07-26,19:00,19:23,ID6884,BTK6884,KNO,Medan Kuala Namu International Airport,Batik Air,ID,A320,Airbus A320-214,PK-LUY,Departed 19:23,2026-07-27 05:55:49
CGK,departures,2026-07-26,19:00,21:22,ID6205,,KNO,Medan Kuala Namu International Airport,Batik Air,ID,32A,,,Unknown,2026-07-27 05:55:49
CGK,departures,2026-07-26,19:05,19:20,QG946,CTV946,BTH,Batam Hang Nadim Airport,Citilink,QG,A320,Airbus A320-214,PK-GLT,Departed 19:20,2026-07-27 05:55:49
CGK,departures,2026-07-26,19:15,19:23,HU702,CHH702,HAK,Haikou Meilan International Airport,Hainan Airlines,HU,B38M,Boeing 737 MAX 8,B-225W,Departed 19:23,2026-07-27 05:55:49
CGK,departures,2026-07-26,19:15,19:28,GA206,GIA206,YIA,Yogyakarta International Airport,Garuda Indonesia,GA,B738,Boeing 737-8BK,PK-GFG,Departed 19:28,2026-07-27 05:55:49
CGK,departures,2026-07-26,19:15,19:35,GA196,GIA196,KNO,Medan Kuala Namu International Airport,Garuda Indonesia,GA,B738,Boeing 737-8U3,PK-GNA,Departed 19:35,2026-07-27 05:55:49
CGK,departures,2026-07-26,19:20,19:36,SQ965,SIA965,SIN,Singapore Changi Airport,Singapore Airlines,SQ,B77W,Boeing 777-312(ER),9V-SWZ,Departed 19:36,2026-07-27 05:55:49
CGK,departures,2026-07-26,19:25,19:51,QZ820,AWQ820,DPS,Denpasar Ngurah Rai International Airport,AirAsia,AK,A320,Airbus A320-216,PK-AZF,Departed 19:51,2026-07-27 05:55:49
CGK,departures,2026-07-26,19:30,21:06,8B5110,TNU5110,DPS,Denpasar Ngurah Rai International Airport,TransNusa,8B,A320,Airbus A320-214,PK-TLA,Departed 21:06,2026-07-27 05:55:49
CGK,departures,2026-07-26,19:30,19:48,KL810,KLM810,KUL,Kuala Lumpur International Airport,KLM,KL,B789,Boeing 787-9 Dreamliner,PH-BHA,Departed 19:48,2026-07-27 05:55:49
CGK,departures,2026-07-26,19:30,,IU624,,BDJ,Banjarmasin Syamsudin Noor Airport,Super Air Jet,IU,320,,,Unknown,2026-07-27 05:55:49
CGK,departures,2026-07-26,19:30,20:06,ID6862,BTK6862,BTH,Batam Hang Nadim Airport,Batik Air,ID,A320,Airbus A320-214,PK-BKQ,Departed 20:06,2026-07-27 05:55:49
CGK,departures,2026-07-26,19:30,20:00,ID6362,BTK6362,SRG,Semarang Achmad Yani International Airport,Batik Air,ID,A320,Airbus A320-214,PK-LAT,Departed 20:00,2026-07-27 05:55:49
CGK,departures,2026-07-26,19:30,,ID6143,,BTH,Batam Hang Nadim Airport,Batik Air,ID,32A,,,Unknown,2026-07-27 05:55:49
CGK,departures,2026-07-26,19:30,19:56,GA822,GIA822,SIN,Singapore Changi Airport,Garuda Indonesia,GA,B738,Boeing 737-8U3,PK-GMC,Departed 19:56,2026-07-27 05:55:49
CGK,departures,2026-07-26,19:45,,IN582,,UPG,Makassar Sultan Hasanuddin International Airport,Nam Air,IN,735,,,Unknown,2026-07-27 05:55:49
CGK,departures,2026-07-26,19:45,20:31,8B155,TNU155,SIN,Singapore Changi Airport,TransNusa,8B,A321,Airbus A321-211,PK-TLM,Departed 20:31,2026-07-27 05:55:49
CGK,departures,2026-07-26,19:45,20:09,GA424,GIA424,DPS,Denpasar Ngurah Rai International Airport,Garuda Indonesia,GA,B738,Boeing 737-8U3,PK-GMA,Departed 20:09,2026-07-27 05:55:49
CGK,departures,2026-07-26,19:50,20:22,MH724,MAS724,KUL,Kuala Lumpur International Airport,Malaysia Airlines,MH,B738,Boeing 737-8H6,9M-MLR,Departed 20:22,2026-07-27 05:55:49
CGK,departures,2026-07-26,20:00,20:17,TR279,TGW279,SIN,Singapore Changi Airport,Scoot,TR,A320,Airbus A320-232,9V-TRV,Departed 20:17,2026-07-27 05:55:49
CGK,departures,2026-07-26,20:00,20:34,QZ810,AWQ810,DPS,Denpasar Ngurah Rai International Airport,AirAsia (Sustainable ASEAN Tourism Livery),AK,A320,Airbus A320-216,PK-AZS,Departed 20:34,2026-07-27 05:55:49
CGK,departures,2026-07-26,20:00,20:11,QG986,CTV986,PLM,Palembang International Airport,Citilink,QG,A320,Airbus A320-214,PK-GLY,Departed 20:11,2026-07-27 05:55:49
CGK,departures,2026-07-26,20:00,20:06,QG882,CTV882,KNO,Medan Kuala Namu International Airport,Citilink (Tiket.com Livery),QG,A320,Airbus A320-214,PK-GLZ,Departed 20:06,2026-07-27 05:55:49
CGK,departures,2026-07-26,20:00,22:20,ID6821,,SUB,Surabaya Juanda International Airport,Batik Air,ID,32A,,,Unknown,2026-07-27 05:55:49
CGK,departures,2026-07-26,20:00,21:16,ID6588,BTK6588,SUB,Surabaya Juanda International Airport,Batik Air,ID,A320,Airbus A320-232,PK-BKM,Departed 21:16,2026-07-27 05:55:49
CGK,departures,2026-07-26,20:05,20:31,JT306,LNI306,KNO,Medan Kuala Namu International Airport,Lion Air,JT,B738,Boeing 737-8GP,PK-LKQ,Departed 20:31,2026-07-27 05:55:49
CGK,departures,2026-07-26,20:10,20:25,GA324,GIA324,SUB,Surabaya Juanda International Airport,Garuda Indonesia,GA,B738,Boeing 737-8SH,PK-GUD,Departed 20:25,2026-07-27 05:55:49
CGK,departures,2026-07-26,20:15,20:56,SQ967,SIA967,SIN,Singapore Changi Airport,Singapore Airlines,SQ,A359,Airbus A350-941,9V-SHM,Departed 20:56,2026-07-27 05:55:49
CGK,departures,2026-07-26,20:30,20:43,QG216,CTV216,UPG,Makassar Sultan Hasanuddin International Airport,Citilink,QG,A320,Airbus A320-214,PK-GLG,Departed 20:43,2026-07-27 05:55:49
CGK,departures,2026-07-26,20:35,,3U9016,,TFU,Chengdu Tianfu International Airport,Sichuan Airlines,3U,321,,,Unknown,2026-07-27 05:55:49
CGK,departures,2026-07-26,20:35,20:29,ET629,ETH629,BKK,Bangkok Suvarnabhumi Airport,Ethiopian Airlines,ET,B77L,Boeing 777-260(LR),ET-ANO,Departed 20:29,2026-07-27 05:55:49
CGK,departures,2026-07-26,20:40,22:13,OD389,MXD389,KUL,Kuala Lumpur International Airport,Batik Air,ID,B738,Boeing 737-8GP,9M-LNR,Departed 22:13,2026-07-27 05:55:49
CGK,departures,2026-07-26,20:45,,SJ592,,UPG,Makassar Sultan Hasanuddin International Airport,Sriwijaya Air,SJ,735,,,Unknown,2026-07-27 05:55:49
CGK,departures,2026-07-26,20:45,20:54,QF42,QFA042,SYD,Sydney Kingsford Smith Airport,Qantas,QF,A332,Airbus A330-202,VH-EBA,Departed 20:54,2026-07-27 05:55:49
CGK,departures,2026-07-26,20:50,20:46,AK354,AXM354,KUL,Kuala Lumpur International Airport,AirAsia,AK,A20N,Airbus A320-251N,9M-AGN,Departed 20:46,2026-07-27 05:55:49
CGK,departures,2026-07-26,21:00,21:03,TK57,THY057,IST,Istanbul Airport,Turkish Airlines,TK,A359,Airbus A350-941,TC-LHG,Departed 21:03,2026-07-27 05:55:49
CGK,departures,2026-07-26,21:00,,RI120,,KNO,Medan Kuala Namu International Airport,Rimbun Air,RI,73Y,,,Unknown,2026-07-27 05:55:49
CGK,departures,2026-07-26,21:00,,RI700,,LOP,Lombok International Airport,Rimbun Air,RI,73Y,,,Unknown,2026-07-27 05:55:49
CGK,departures,2026-07-26,21:00,21:11,QG728,CTV728,SUB,Surabaya Juanda International Airport,Citilink,QG,A320,Airbus A320-214,PK-GLR,Departed 21:11,2026-07-27 05:55:49
CGK,departures,2026-07-26,21:00,21:08,QF40,QFA040,MEL,Melbourne Airport,Qantas,QF,A332,Airbus A330-202,VH-EBP,Departed 21:08,2026-07-27 05:55:49
CGK,departures,2026-07-26,21:10,21:39,9C7200,CQH7200,CAN,Guangzhou Baiyun International Airport,Spring Airlines,9C,A20N,Airbus A320-251N,B-328U,Departed 21:39,2026-07-27 05:55:49
CGK,departures,2026-07-26,21:15,,IN582,,UPG,Makassar Sultan Hasanuddin International Airport,Nam Air,IN,735,,,Unknown,2026-07-27 05:55:46
CGK,departures,2026-07-26,21:25,21:31,NH856,ANA856,HND,Tokyo Haneda International Airport,All Nippon Airways,NH,B789,Boeing 787-9 Dreamliner,JA885A,Departed 21:31,2026-07-27 05:55:46
CGK,departures,2026-07-26,21:25,21:35,GA652,GIA652,DPS,Denpasar Ngurah Rai International Airport,Garuda Indonesia,GA,B738,Boeing 737-8U3,PK-GNC,Departed 21:35,2026-07-27 05:55:46
CGK,departures,2026-07-26,21:30,22:18,OZ762,AAR762,ICN,Seoul Incheon International Airport,Asiana Airlines,OZ,A359,Airbus A350-941,HL8521,Departed 22:18,2026-07-27 05:55:46
CGK,departures,2026-07-26,21:30,21:30,JT940,,UPG,Makassar Sultan Hasanuddin International Airport,Lion Air,JT,738,,,Estimated dep 21:30*,2026-07-27 05:55:46
CGK,departures,2026-07-26,21:30,21:38,JT798,LNI798,UPG,Makassar Sultan Hasanuddin International Airport,Lion Air,JT,B738,Boeing 737-8GP,PK-LOJ,Departed 21:38,2026-07-27 05:55:46
CGK,departures,2026-07-26,21:30,,JT123,,UPG,Makassar Sultan Hasanuddin International Airport,Lion Air,JT,739,,,Unknown,2026-07-27 05:55:46
CGK,departures,2026-07-26,21:50,21:55,TW156,TWB156,ICN,Seoul Incheon International Airport,T'Way Air,TW,A333,Airbus A330-343,HL8500,Departed 21:55,2026-07-27 05:55:46
CGK,departures,2026-07-26,21:50,21:57,JL726,JAL726,NRT,Tokyo Narita International Airport,Japan Airlines,JL,B788,Boeing 787-8 Dreamliner,JA840J,Departed 21:57,2026-07-27 05:55:46
CGK,departures,2026-07-26,22:00,22:11,JT984,LNI984,UPG,Makassar Sultan Hasanuddin International Airport,Lion Air,JT,B739,Boeing 737-9GP(ER),PK-LJI,Departed 22:11,2026-07-27 05:55:46
CGK,departures,2026-07-26,22:00,22:00,JT948,,UPG,Makassar Sultan Hasanuddin International Airport,Lion Air,JT,738,,,Estimated dep 22:00*,2026-07-27 05:55:46
CGK,departures,2026-07-26,22:00,22:20,GA88,GIA088,AMS,Amsterdam Schiphol Airport,Garuda Indonesia (Ayo Pakai Masker Livery),GA,B77W,Boeing 777-3U3(ER),PK-GIJ,Departed 22:20,2026-07-27 05:55:46
CGK,departures,2026-07-26,22:15,22:45,TR273,TGW273,SIN,Singapore Changi Airport,Scoot,TR,A320,Airbus A320-232,9V-TRU,Departed 22:45,2026-07-27 05:55:46
CGK,departures,2026-07-26,22:15,22:21,SJ598,SJY598,UPG,Makassar Sultan Hasanuddin International Airport,Sriwijaya Air,SJ,B735,Boeing 737-524,PK-CLH,Departed 22:21,2026-07-27 05:55:46
CGK,departures,2026-07-26,23:00,,RI320,,UPG,Makassar Sultan Hasanuddin International Airport,Rimbun Air,RI,73Y,,,Unknown,2026-07-27 05:55:46
CGK,departures,2026-07-26,23:00,23:23,ID6164,,UPG,Makassar Sultan Hasanuddin International Airport,Batik Air,ID,32A,,,Estimated dep 23:23*,2026-07-27 05:55:46
CGK,departures,2026-07-26,23:00,23:42,ID6182,BTK6182,UPG,Makassar Sultan Hasanuddin International Airport,Batik Air,ID,B738,Boeing 737-8GP,PK-LBS,Departed 23:42,2026-07-27 05:55:46
CGK,departures,2026-07-26,23:00,23:11,CA476,CCA476,TFU,Chengdu Tianfu International Airport,Air China,CA,A320,Airbus A320-214,B-9926,Departed 23:11,2026-07-27 05:55:46
CGK,departures,2026-07-26,23:15,23:24,GA878,GIA878,ICN,Seoul Incheon International Airport,Garuda Indonesia (Ayo Pakai Masker Livery),GA,A333,Airbus A330-343,PK-GHC,Departed 23:24,2026-07-27 05:55:46
CGK,departures,2026-07-26,23:15,23:36,GA656,GIA656,DJJ,Jayapura Sentani Airport,Garuda Indonesia,GA,B738,Boeing 737-8U3,PK-GMX,Departed 23:36,2026-07-27 05:55:46
CGK,departures,2026-07-26,23:20,23:38,MF8674,CXA8674,CKG,Chongqing Jiangbei International Airport,Xiamen Air,MF,B38M,Boeing 737 MAX 8,B-208L,Departed 23:38,2026-07-27 05:55:46
CGK,departures,2026-07-26,23:25,23:25,3U9042,,TFU,Chengdu Tianfu International Airport,Sichuan Airlines,3U,33F,,,Estimated dep 23:25*,2026-07-27 05:55:46
CGK,departures,2026-07-26,23:25,23:51,GA874,GIA874,HND,Tokyo Haneda International Airport,Garuda Indonesia,GA,A333,Airbus A330-343,PK-GPU,Departed 23:51,2026-07-27 05:55:46
CGK,departures,2026-07-26,23:30,,RI302,,MDC,Manado Sam Ratulangi International Airport,Rimbun Air,RI,73Y,,,Unknown,2026-07-27 05:55:46
CGK,departures,2026-07-26,23:30,23:59,MU5070,CES5070,PVG,Shanghai Pudong International Airport,China Eastern Airlines,MU,A332,Airbus A330-243,B-5975,Departed 23:59,2026-07-27 05:55:46
CGK,departures,2026-07-26,23:30,23:53,MF838,CXA838,XMN,Xiamen Gaoqi International Airport,Xiamen Air,MF,B38M,Boeing 737 MAX 8,B-226E,Departed 23:53,2026-07-27 05:55:46
CGK,departures,2026-07-26,23:50,00:04,GA860,GIA860,HKG,Hong Kong International Airport,Garuda Indonesia,GA,B738,Boeing 737-8U3,PK-GMF,Departed 00:04,2026-07-27 05:55:46
CGK,departures,2026-07-26,23:55,00:01,GA894,GIA894,PVG,Shanghai Pudong International Airport,Garuda Indonesia (74th Anniversary Livery),GA,A333,Airbus A330-343,PK-GPZ,Departed 00:01,2026-07-27 05:55:46
DPS,arrivals,2026-07-26,06:05,05:48,HX707,CRK707,HKG,Hong Kong International Airport,Hong Kong Airlines,HX,A333,Airbus A330-343,B-LHJ,Landed 06:48,2026-07-27 05:56:39
DPS,arrivals,2026-07-26,06:10,05:52,8B5889,TNU5889,MDC,Manado Sam Ratulangi International Airport,TransNusa,8B,A320,Airbus A320-214,PK-TLA,Landed 06:52,2026-07-27 05:56:39
DPS,arrivals,2026-07-26,06:15,05:59,ID6414,BTK6414,SUB,Surabaya Juanda International Airport,Batik Air,ID,A320,Airbus A320-214,PK-LUI,Landed 06:59,2026-07-27 05:56:39
DPS,arrivals,2026-07-26,06:20,,8B968,,CAN,Guangzhou Baiyun International Airport,TransNusa,8B,320,,,Canceled,2026-07-27 05:56:39
DPS,arrivals,2026-07-26,06:25,,JT20,,CGK,Jakarta Soekarno Hatta International Airport,Lion Air,JT,739,,,Unknown,2026-07-27 05:56:39
DPS,arrivals,2026-07-26,06:25,06:05,AI2145,AIC2145,DEL,Delhi Indira Gandhi International Airport,Air India,AI,A21N,Airbus A321-251NX(LR),VT-TVJ,Landed 07:05,2026-07-27 05:56:39
DPS,arrivals,2026-07-26,06:35,,QG680,CTV680,CGK,Jakarta Soekarno Hatta International Airport,Citilink,QG,A320,Airbus A320-214,PK-GQM,Diverted to SUB,2026-07-27 05:56:39
DPS,arrivals,2026-07-26,06:40,,ID6761,,UPG,Makassar Sultan Hasanuddin International Airport,Batik Air,ID,32A,,,Unknown,2026-07-27 05:56:39
DPS,arrivals,2026-07-26,06:45,07:11,IW1851,WON1851,LOP,Lombok International Airport,Wings Air,IW,AT76,ATR 72-600,PK-WJM,Landed 08:11,2026-07-27 05:56:39
DPS,arrivals,2026-07-26,06:45,,CZ8481,CSN8481,CAN,Guangzhou Baiyun International Airport,China Southern Airlines,CZ,A21N,Airbus A321-251NX,B-32M3,Diverted to SUB,2026-07-27 05:56:39
DPS,arrivals,2026-07-26,06:50,06:33,5J279,CEB279,MNL,Manila Ninoy Aquino International Airport,Cebu Pacific,5J,A21N,Airbus A321-271NX,RP-C4141,Landed 07:33,2026-07-27 05:56:39
DPS,arrivals,2026-07-26,07:05,,QG692,CTV692,SUB,Surabaya Juanda International Airport,Citilink,QG,A320,Airbus A320-214,PK-GQD,Diverted to LOP,2026-07-27 05:56:39
DPS,arrivals,2026-07-26,07:05,07:30,SU296,AFL296,SVO,Moscow Sheremetyevo International Airport,Aeroflot,SU,A359,Airbus A350-941,RA-73154,Unknown,2026-07-27 05:56:39
DPS,arrivals,2026-07-26,07:15,07:40,IW1853,WON1853,LOP,Lombok International Airport,Wings Air,IW,AT76,ATR 72-600,PK-WJY,Landed 08:40,2026-07-27 05:56:39
DPS,arrivals,2026-07-26,07:15,07:34,ID6553,BTK6553,KOE,Kupang El Tari Airport,Batik Air,ID,A320,Airbus A320-214,PK-BKT,Landed 08:34,2026-07-27 05:56:39
DPS,arrivals,2026-07-26,07:45,07:46,8B85,TNU085,PER,Perth Airport,TransNusa,8B,A320,Airbus A320-214,PK-TLN,Landed 08:46,2026-07-27 05:56:39
DPS,arrivals,2026-07-26,07:55,07:52,SQ934,SIA934,SIN,Singapore Changi Airport,Singapore Airlines,SQ,B78X,Boeing 787-10 Dreamliner,9V-SCV,Landed 08:52,2026-07-27 05:56:39
DPS,arrivals,2026-07-26,08:05,08:20,8B5251,TNU5251,LOP,Lombok International Airport,TransNusa,8B,AJ27,Comac ARJ-21-700,PK-TJB,Landed 09:20,2026-07-27 05:56:39
DPS,arrivals,2026-07-26,08:05,08:36,IW1859,WON1859,LOP,Lombok International Airport,Wings Air,IW,AT76,ATR 72-600,PK-WGR,Landed 09:36,2026-07-27 05:56:39
DPS,arrivals,2026-07-26,08:30,08:10,IU127,SJV127,SOC,Surakarta Adisumarmo International Airport,Super Air Jet,IU,A320,Airbus A320-232,PK-SJT,Landed 09:10,2026-07-27 05:56:39
DPS,arrivals,2026-07-26,08:45,12:17,8B5104,TNU5104,CGK,Jakarta Soekarno Hatta International Airport,TransNusa,8B,A320,Airbus A320-214,PK-TLA,Landed 13:17,2026-07-27 05:56:36
DPS,arrivals,2026-07-26,08:50,08:43,QZ645,AWQ645,LBJ,Labuan Bajo Komodo Airport,AirAsia,AK,A320,Airbus A320-216,PK-AXY,Landed 09:43,2026-07-27 05:56:36
DPS,arrivals,2026-07-26,08:55,08:32,QG196,CTV196,HLP,Jakarta Halim Perdanakusuma Airport,Citilink,QG,A320,Airbus A320-214,PK-GLN,Landed 09:32,2026-07-27 05:56:36
DPS,arrivals,2026-07-26,08:55,08:40,JT990,LNI990,SUB,Surabaya Juanda International Airport,Lion Air,JT,B739,Boeing 737-9GP(ER),PK-LSL,Landed 09:40,2026-07-27 05:56:36
DPS,arrivals,2026-07-26,08:55,09:22,JT741,LNI741,UPG,Makassar Sultan Hasanuddin International Airport,Lion Air,JT,B739,Boeing 737-9GP(ER),PK-LSJ,Landed 10:22,2026-07-27 05:56:36
DPS,arrivals,2026-07-26,09:00,09:01,QG680,CTV680,SUB,Surabaya Juanda International Airport,Citilink,QG,A320,Airbus A320-214,PK-GQM,Landed 10:01,2026-07-27 05:56:36
DPS,arrivals,2026-07-26,09:05,09:06,QG692,CTV692,LOP,Lombok International Airport,Citilink,QG,A320,Airbus A320-214,PK-GQD,Landed 10:06,2026-07-27 05:56:36
DPS,arrivals,2026-07-26,09:05,08:49,GA402,GIA402,CGK,Jakarta Soekarno Hatta International Airport,Garuda Indonesia,GA,B738,Boeing 737-8U3,PK-GFF,Landed 09:49,2026-07-27 05:56:36
DPS,arrivals,2026-07-26,09:10,08:25,JQ125,JST125,ADL,Adelaide Airport,Jetstar,JQ,A21N,Airbus A321-251NX(LR),VH-OFY,Landed 09:25,2026-07-27 05:56:36
DPS,arrivals,2026-07-26,09:19,09:19,CZ8481,CSN8481,SUB,Surabaya Juanda International Airport,China Southern Airlines,CZ,A21N,Airbus A321-251NX,B-32M3,Landed 10:19,2026-07-27 05:56:36
DPS,arrivals,2026-07-26,09:20,08:56,6E1605,IGO1605,BLR,Bengaluru Kempegowda International Airport,IndiGo,6E,A20N,Airbus A320-251N,VT-IQT,Landed 09:56,2026-07-27 05:56:36
DPS,arrivals,2026-07-26,09:20,09:12,TR280,TGW280,SIN,Singapore Changi Airport,Scoot,TR,B789,Boeing 787-9 Dreamliner,9V-OJF,Landed 10:12,2026-07-27 05:56:36
DPS,arrivals,2026-07-26,09:30,09:15,JQ110,JST110,PER,Perth Airport,Jetstar,JQ,A21N,Airbus A321-251NX(LR),VH-OYT,Landed 10:15,2026-07-27 05:56:36
DPS,arrivals,2026-07-26,09:35,08:52,JQ31,JST031,MEL,Melbourne Airport,Jetstar,JQ,A21N,Airbus A321-251NX(LR),VH-OFE,Landed 09:52,2026-07-27 05:56:36
DPS,arrivals,2026-07-26,09:40,09:36,IW1855,WON1855,LOP,Lombok International Airport,Wings Air,IW,AT76,ATR 72-600,PK-WJS,Landed 10:36,2026-07-27 05:56:36
DPS,arrivals,2026-07-26,09:45,09:26,QZ549,AWQ549,PER,Perth Airport,AirAsia,AK,A320,Airbus A320-216,PK-AZK,Landed 10:26,2026-07-27 05:56:36
DPS,arrivals,2026-07-26,09:50,09:48,JQ39,JST039,SYD,Sydney Kingsford Smith Airport,Jetstar,JQ,A21N,Airbus A321-251NX(LR),VH-OFQ,Landed 10:48,2026-07-27 05:56:36
DPS,arrivals,2026-07-26,09:55,09:42,AK370,AXM370,KUL,Kuala Lumpur International Airport,AirAsia,AK,A320,Airbus A320-216,9M-RAE,Landed 10:42,2026-07-27 05:56:36
DPS,arrivals,2026-07-26,10:00,09:52,SQ936,SIA936,SIN,Singapore Changi Airport,Singapore Airlines,SQ,B78X,Boeing 787-10 Dreamliner,9V-SDA,Landed 10:52,2026-07-27 05:56:36
DPS,arrivals,2026-07-26,10:00,09:45,ID6332,BTK6332,LBJ,Labuan Bajo Komodo Airport,Batik Air,ID,A320,Airbus A320-214,PK-LUI,Landed 10:45,2026-07-27 05:56:36
DPS,arrivals,2026-07-26,10:05,15:34,OD192,MXD192,PER,Perth Airport,Batik Air,ID,B738,Boeing 737-8GP,9M-LNP,Landed 16:34,2026-07-27 05:56:36
DPS,arrivals,2026-07-26,10:05,10:40,GA719,GIA719,MEL,Melbourne Airport,Garuda Indonesia,GA,A333,Airbus A330-343,PK-GPW,Landed 11:40,2026-07-27 05:56:36
DPS,arrivals,2026-07-26,10:20,,SJ718,,UPG,Makassar Sultan Hasanuddin International Airport,Sriwijaya Air,SJ,735,,,Unknown,2026-07-27 05:56:36
DPS,arrivals,2026-07-26,10:20,10:12,IW1883,WON1883,SWQ,Sumbawa Besar Airport,Wings Air,IW,AT76,ATR 72-600,PK-WJM,Landed 11:12,2026-07-27 05:56:36
DPS,arrivals,2026-07-26,10:20,10:09,IW1849,WON1849,LOP,Lombok International Airport,Wings Air,IW,AT76,ATR 72-600,PK-WJY,Landed 11:09,2026-07-27 05:56:36
DPS,arrivals,2026-07-26,10:20,10:04,GA342,GIA342,SUB,Surabaya Juanda International Airport,Garuda Indonesia,GA,B738,Boeing 737-8U3,PK-GFH,Landed 11:04,2026-07-27 05:56:36
DPS,arrivals,2026-07-26,10:25,10:16,OD178,MXD178,MEL,Melbourne Airport,Batik Air (Visit Malaysia Truly Asia 2026 Livery),ID,B38M,Boeing 737 MAX 8,9M-LRV,Landed 11:16,2026-07-27 05:56:36
DPS,arrivals,2026-07-26,10:25,10:00,JT30,LNI030,CGK,Jakarta Soekarno Hatta International Airport,Lion Air,JT,B738,Boeing 737-8GP,PK-LKH,Landed 11:00,2026-07-27 05:56:36
DPS,arrivals,2026-07-26,10:25,10:24,EY476,ETD476,AUH,Abu Dhabi Zayed International Airport,Etihad Airways,EY,B77W,Boeing 777-3FX(ER),A6-ETH,Landed 11:24,2026-07-27 05:56:36
DPS,arrivals,2026-07-26,10:30,10:28,QZ806,AWQ806,CGK,Jakarta Soekarno Hatta International Airport,AirAsia (Colours of Indonesia Livery),AK,A320,Airbus A320-216,PK-AXD,Landed 11:28,2026-07-27 05:56:36
DPS,arrivals,2026-07-26,10:30,10:55,OD158,MXD158,BNE,Brisbane Airport,Batik Air,ID,B38M,Boeing 737 MAX 8,9M-LRK,Landed 11:55,2026-07-27 05:56:36
DPS,arrivals,2026-07-26,10:30,10:36,GA406,GIA406,CGK,Jakarta Soekarno Hatta International Airport,Garuda Indonesia (Pocari Sweat Livery),GA,B738,Boeing 737-86N,PK-GNN,Landed 11:36,2026-07-27 05:56:36
DPS,arrivals,2026-07-26,10:40,10:44,FD396,AIQ396,DMK,Bangkok Don Mueang International Airport,AirAsia,AK,A320,Airbus A320-216,HS-CBI,Landed 11:44,2026-07-27 05:56:36
DPS,arrivals,2026-07-26,10:50,10:58,JQ57,JST057,BNE,Brisbane Airport,Jetstar,JQ,A21N,Airbus A321-251NX(LR),VH-OLU,Landed 11:58,2026-07-27 05:56:36
DPS,arrivals,2026-07-26,10:55,12:10,QG696,CTV696,SUB,Surabaya Juanda International Airport,Citilink,QG,A320,Airbus A320-214,PK-GQD,Landed 13:10,2026-07-27 05:56:36
DPS,arrivals,2026-07-26,11:00,10:51,SQ938,SIA938,SIN,Singapore Changi Airport,Singapore Airlines,SQ,B78X,Boeing 787-10 Dreamliner,9V-SCY,Landed 11:51,2026-07-27 05:56:36
DPS,arrivals,2026-07-26,11:00,11:32,OD306,MXD306,KUL,Kuala Lumpur International Airport,Batik Air,ID,B738,Boeing 737-8GP,9M-LNR,Landed 12:32,2026-07-27 05:56:36
DPS,arrivals,2026-07-26,11:00,10:47,IP102,PAS102,CGK,Jakarta Soekarno Hatta International Airport,Pelita Air,IP,A320,Airbus A320-214,PK-PWP,Landed 11:47,2026-07-27 05:56:36
DPS,arrivals,2026-07-26,11:05,11:16,OD172,MXD172,SYD,Sydney Kingsford Smith Airport,Batik Air,ID,B38M,Boeing 737 MAX 8,9M-LRP,Landed 12:16,2026-07-27 05:56:36
DPS,arrivals,2026-07-26,11:05,11:13,MH715,MAS715,KUL,Kuala Lumpur International Airport,Malaysia Airlines,MH,A339,Airbus A330-941,9M-MNO,Landed 12:13,2026-07-27 05:56:36
DPS,arrivals,2026-07-26,11:10,11:19,8B5635,TNU5635,BMU,Bima Sultan Muhammad Salahudin Airport,TransNusa,8B,AJ27,Comac ARJ-21-700,PK-TJB,Landed 12:19,2026-07-27 05:56:36
DPS,arrivals,2026-07-26,11:15,11:01,AK364,AXM364,KUL,Kuala Lumpur International Airport,AirAsia,AK,A21N,Airbus A321-251NX,9M-VAC,Landed 12:01,2026-07-27 05:56:36
DPS,arrivals,2026-07-26,11:20,12:46,ID6325,BTK6325,TMC,Tambolaka Airport,Batik Air,ID,A320,Airbus A320-214,PK-LUV,Landed 13:46,2026-07-27 05:56:36
DPS,arrivals,2026-07-26,11:25,11:29,GA404,GIA404,CGK,Jakarta Soekarno Hatta International Airport,Garuda Indonesia,GA,B738,Boeing 737-81M,PK-GUC,Landed 12:29,2026-07-27 05:56:36
DPS,arrivals,2026-07-26,11:30,11:25,GA843,GIA843,SIN,Singapore Changi Airport,Garuda Indonesia,GA,B738,Boeing 737-8U3,PK-GMW,Landed 12:25,2026-07-27 05:56:36
DPS,arrivals,2026-07-26,11:35,11:40,QZ802,AWQ802,CGK,Jakarta Soekarno Hatta International Airport,AirAsia,AK,A320,Airbus A320-216,PK-AZF,Landed 12:40,2026-07-27 05:56:36
DPS,arrivals,2026-07-26,11:35,,JT34,,CGK,Jakarta Soekarno Hatta International Airport,Lion Air,JT,738,,,Unknown,2026-07-27 05:56:36
DPS,arrivals,2026-07-26,11:40,11:50,8G181,DTL181,DIL,Dili Presidente Nicolau Lobato International Airport,Aero Dili,8G,A320,Airbus A320-232,4W-AAL,Landed 12:50,2026-07-27 05:56:36
DPS,arrivals,2026-07-26,11:55,11:47,VJ849,VJC849,SGN,Ho Chi Minh City International Airport,VietJet Air,VJ,A21N,Airbus A321-271NX,VN-A528,Landed 12:47,2026-07-27 05:56:36
DPS,arrivals,2026-07-26,11:55,11:43,QG686,CTV686,CGK,Jakarta Soekarno Hatta International Airport,Citilink (Tiket.com Livery),QG,A320,Airbus A320-214,PK-GLZ,Landed 12:43,2026-07-27 05:56:36
DPS,arrivals,2026-07-26,11:55,11:36,JT663,LNI663,BPN,Balikpapan Sepinggan Airport,Lion Air,JT,B739,Boeing 737-9GP(ER),PK-LSR,Landed 12:36,2026-07-27 05:56:36
DPS,arrivals,2026-07-26,12:05,11:53,TR288,TGW288,SIN,Singapore Changi Airport,Scoot,TR,B789,Boeing 787-9 Dreamliner,9V-OJK,Landed 12:53,2026-07-27 05:56:36
DPS,arrivals,2026-07-26,12:15,12:22,JT804,LNI804,SUB,Surabaya Juanda International Airport,Lion Air,JT,B739,Boeing 737-9GP(ER),PK-LSL,Landed 13:22,2026-07-27 05:56:36
DPS,arrivals,2026-07-26,12:20,16:41,8B5106,TNU5106,CGK,Jakarta Soekarno Hatta International Airport,TransNusa,8B,AJ27,Comac ARJ-21-700,PK-TJB,Landed 17:41,2026-07-27 05:56:36
DPS,arrivals,2026-07-26,12:25,12:39,JQ43,JST043,MEL,Melbourne Airport,Jetstar,JQ,A21N,Airbus A321-251NX(LR),VH-OYR,Landed 13:39,2026-07-27 05:56:36
DPS,arrivals,2026-07-26,12:30,13:26,8B552,TNU552,SIN,Singapore Changi Airport,TransNusa,8B,A320,Airbus A320-214,PK-TLO,Landed 14:26,2026-07-27 05:56:36
DPS,arrivals,2026-07-26,12:30,12:13,AI2147,AIC2147,DEL,Delhi Indira Gandhi International Airport,Air India,AI,A21N,Airbus A321-251NX(LR),VT-TVG,Landed 13:13,2026-07-27 05:56:36
DPS,arrivals,2026-07-26,12:35,13:30,VJ893,VJC893,SGN,Ho Chi Minh City International Airport,VietJet Air,VJ,A21N,Airbus A321-271NX,VN-A551,Landed 14:30,2026-07-27 05:56:36
DPS,arrivals,2026-07-26,12:35,12:53,JQ88,JST088,NTL,Newcastle Airport,Jetstar,JQ,A21N,Airbus A321-251NX(LR),VH-OYV,Landed 13:53,2026-07-27 05:56:36
DPS,arrivals,2026-07-26,12:35,12:32,ID6050,BTK6050,CGK,Jakarta Soekarno Hatta International Airport,Batik Air,ID,A320,Airbus A320-214,PK-LAQ,Landed 13:32,2026-07-27 05:56:36
DPS,arrivals,2026-07-26,12:40,12:49,ID7309,BTK7309,HLP,Jakarta Halim Perdanakusuma Airport,Batik Air,ID,A320,Airbus A320-214,PK-LUP,Landed 13:49,2026-07-27 05:56:36
DPS,arrivals,2026-07-26,12:45,12:26,JT845,LNI845,BDJ,Banjarmasin Syamsudin Noor Airport,Lion Air,JT,B739,Boeing 737-9GP(ER),PK-LHR,Landed 13:26,2026-07-27 05:56:36
DPS,arrivals,2026-07-26,12:45,12:42,JQ83,JST083,DRW,Darwin International Airport,Jetstar,JQ,A21N,Airbus A321-251NX(LR),VH-OYC,Landed 13:42,2026-07-27 05:56:36
DPS,arrivals,2026-07-26,12:45,12:29,IU123,SJV123,YIA,Yogyakarta International Airport,Super Air Jet,IU,A320,Airbus A320-232,PK-SJT,Landed 13:29,2026-07-27 05:56:36
DPS,arrivals,2026-07-26,12:45,12:35,GA653,GIA653,TIM,Timika Airport,Garuda Indonesia,GA,B738,Boeing 737-8U3,PK-GNM,Landed 13:35,2026-07-27 05:56:36
DPS,arrivals,2026-07-26,12:55,12:57,GA254,GIA254,YIA,Yogyakarta International Airport,Garuda Indonesia,GA,B738,Boeing 737-86N,PK-GFS,Landed 13:57,2026-07-27 05:56:36
DPS,arrivals,2026-07-26,13:05,13:08,VA45,VOZ045,BNE,Brisbane Airport,Virgin Australia,VA,B38M,Boeing 737 MAX 8,VH-8IL,Landed 14:08,2026-07-27 05:56:36
DPS,arrivals,2026-07-26,13:05,15:06,QG501,CTV501,DIL,Dili Presidente Nicolau Lobato International Airport,Citilink,QG,A320,Airbus A320-214,PK-GQM,Landed 16:06,2026-07-27 05:56:36
DPS,arrivals,2026-07-26,13:05,,JT24,,CGK,Jakarta Soekarno Hatta International Airport,Lion Air,JT,738,,,Unknown,2026-07-27 05:56:36
DPS,arrivals,2026-07-26,13:20,13:05,QZ647,AWQ647,LBJ,Labuan Bajo Komodo Airport,AirAsia,AK,A320,Airbus A320-216,PK-AXY,Landed 14:05,2026-07-27 05:56:36
DPS,arrivals,2026-07-26,13:20,13:12,IU704,SJV704,SUB,Surabaya Juanda International Airport,Super Air Jet,IU,A320,Airbus A320-232,PK-STF,Landed 14:12,2026-07-27 05:56:36
DPS,arrivals,2026-07-26,13:20,18:12,IU136,SJV136,KOE,Kupang El Tari Airport,Super Air Jet,IU,A320,Airbus A320-232,PK-SGB,Landed 19:12,2026-07-27 05:56:36
DPS,arrivals,2026-07-26,13:25,13:19,QG343,CTV343,UPG,Makassar Sultan Hasanuddin International Airport,Citilink,QG,A320,Airbus A320-214,PK-GLO,Landed 14:19,2026-07-27 05:56:36
DPS,arrivals,2026-07-26,13:30,,JT745,,UPG,Makassar Sultan Hasanuddin International Airport,Lion Air,JT,739,,,Unknown,2026-07-27 05:56:36
DPS,arrivals,2026-07-26,13:30,13:59,GA408,GIA408,CGK,Jakarta Soekarno Hatta International Airport,Garuda Indonesia (Retro 1960 Livery),GA,B738,Boeing 737-8U3,PK-GFM,Landed 14:59,2026-07-27 05:56:36
DPS,arrivals,2026-07-26,13:35,13:01,CI771,CAL771,TPE,Taipei Taoyuan International Airport,China Airlines,CI,B77W,Boeing 777-309(ER),B-18006,Landed 14:01,2026-07-27 05:56:36
DPS,arrivals,2026-07-26,13:45,13:22,VA91,VOZ091,MEL,Melbourne Airport,Virgin Australia,VA,B38M,Boeing 737 MAX 8,VH-8IB,Landed 14:22,2026-07-27 05:56:36
DPS,arrivals,2026-07-26,13:45,13:44,QG668,CTV668,SUB,Surabaya Juanda International Airport,Citilink,QG,A20N,Airbus A320-251N,PK-GTG,Landed 14:44,2026-07-27 05:56:36
DPS,arrivals,2026-07-26,13:45,14:32,GA715,GIA715,SYD,Sydney Kingsford Smith Airport,Garuda Indonesia,GA,A333,Airbus A330-343,PK-GHA,Landed 15:32,2026-07-27 05:56:36
DPS,arrivals,2026-07-26,13:50,,SJ743,,TMC,Tambolaka Airport,Nam Air,IN,B735,Boeing 737-524,PK-NAU,Unknown,2026-07-27 05:56:36
DPS,arrivals,2026-07-26,13:50,14:11,IP108,PAS108,CGK,Jakarta Soekarno Hatta International Airport,Pelita Air,IP,A320,Airbus A320-214,PK-PWK,Landed 15:11,2026-07-27 05:56:36
DPS,arrivals,2026-07-26,13:50,13:49,ID6330,BTK6330,LBJ,Labuan Bajo Komodo Airport,Batik Air,ID,A320,Airbus A320-214,PK-LUI,Landed 14:49,2026-07-27 05:56:36
DPS,arrivals,2026-07-26,13:55,13:40,TG431,THA431,BKK,Bangkok Suvarnabhumi Airport,Thai Airways,TG,A359,Airbus A350-941,HS-THY,Landed 14:40,2026-07-27 05:56:36
DPS,arrivals,2026-07-26,13:55,14:08,SJ716,SJY716,UPG,Makassar Sultan Hasanuddin International Airport,Sriwijaya Air,SJ,B735,Boeing 737-524,PK-CLE,Landed 15:08,2026-07-27 05:56:36
DPS,arrivals,2026-07-26,13:55,13:37,AK376,AXM376,KUL,Kuala Lumpur International Airport,AirAsia,AK,A20N,Airbus A320-251N,9M-AGG,Landed 14:37,2026-07-27 05:56:36
DPS,arrivals,2026-07-26,14:00,14:03,VN641,HVN641,SGN,Ho Chi Minh City International Airport,Vietnam Airlines,VN,A321,Airbus A321-231,VN-A329,Landed 15:03,2026-07-27 05:56:36
DPS,arrivals,2026-07-26,14:00,,CX785,,HKG,Hong Kong International Airport,Cathay Pacific,CX,773,,,Canceled,2026-07-27 05:56:36
DPS,arrivals,2026-07-26,14:10,,8B5255,,LOP,Lombok International Airport,TransNusa,8B,AJ27,Comac ARJ-21-700,PK-TJC,Unknown,2026-07-27 05:56:36
DPS,arrivals,2026-07-26,14:10,13:34,8B5255,TNU5255,LOP,Lombok International Airport,TransNusa,8B,AJ27,Comac ARJ-21-700,PK-TJC,Landed 14:34,2026-07-27 05:56:36
DPS,arrivals,2026-07-26,14:15,13:56,BR255,EVA255,TPE,Taipei Taoyuan International Airport,EVA Air (Sanrio Characters Joyful Dream Livery),BR,A333,Airbus A330-302,B-16332,Landed 14:56,2026-07-27 05:56:36
DPS,arrivals,2026-07-26,14:20,14:15,IW2825,WON2825,BMU,Bima Sultan Muhammad Salahudin Airport,Wings Air,IW,AT76,ATR 72-600,PK-WJY,Landed 15:15,2026-07-27 05:56:36
DPS,arrivals,2026-07-26,14:25,13:52,QZ535,AWQ535,PER,Perth Airport,AirAsia,AK,A320,Airbus A320-216,PK-AZE,Landed 14:52,2026-07-27 05:56:36
DPS,arrivals,2026-07-26,14:30,14:19,MH851,MAS851,KUL,Kuala Lumpur International Airport,Malaysia Airlines,MH,B738,Boeing 737-8H6,9M-MXW,Landed 15:19,2026-07-27 05:56:36
DPS,arrivals,2026-07-26,14:35,14:35,HO1355,DKH1355,PVG,Shanghai Pudong International Airport,Juneyao Air (Chinese Peony Livery),HO,B789,Boeing 787-9 Dreamliner,B-1115,Landed 15:35,2026-07-27 05:56:36
DPS,arrivals,2026-07-26,15:00,14:59,IW1963,WON1963,LOP,Lombok International Airport,Wings Air,IW,AT76,ATR 72-600,PK-WJS,Landed 15:59,2026-07-27 05:56:36
DPS,arrivals,2026-07-26,15:00,14:50,IU706,SJV706,SUB,Surabaya Juanda International Airport,Super Air Jet,IU,A320,Airbus A320-232,PK-SJD,Landed 15:50,2026-07-27 05:56:36
DPS,arrivals,2026-07-26,15:00,14:44,AK368,AXM368,KUL,Kuala Lumpur International Airport,AirAsia,AK,A21N,Airbus A321-251NX,9M-VAE,Landed 15:44,2026-07-27 05:56:36
DPS,arrivals,2026-07-26,15:10,16:51,ID8330,BTK8330,LBJ,Labuan Bajo Komodo Airport,Batik Air,ID,A320,Airbus A320-214,PK-LUV,Landed 17:51,2026-07-27 05:56:36
DPS,arrivals,2026-07-26,15:10,14:53,GA252,GIA252,YIA,Yogyakarta International Airport,Garuda Indonesia,GA,B738,Boeing 737-8U3,PK-GFH,Landed 15:53,2026-07-27 05:56:36
DPS,arrivals,2026-07-26,15:15,15:26,QZ643,AWQ643,LBJ,Labuan Bajo Komodo Airport,AirAsia,AK,A320,Airbus A320-216,PK-AZF,Landed 16:26,2026-07-27 05:56:36
DPS,arrivals,2026-07-26,15:20,15:19,NZ290,ANZ290,AKL,Auckland Airport,Air New Zealand,NZ,B789,Boeing 787-9 Dreamliner,ZK-NZQ,Landed 16:19,2026-07-27 05:56:33
DPS,arrivals,2026-07-26,15:20,15:15,IU272,SJV272,PNK,Pontianak Supadio Airport,Super Air Jet,IU,A320,Airbus A320-232,PK-SAV,Landed 16:15,2026-07-27 05:56:33
DPS,arrivals,2026-07-26,15:25,15:38,VJ997,VJC997,HAN,Hanoi Noi Bai International Airport,VietJet Air,VJ,A21N,Airbus A321-271NX,VN-A580,Landed 16:38,2026-07-27 05:56:33
DPS,arrivals,2026-07-26,15:30,15:51,GA422,GIA422,CGK,Jakarta Soekarno Hatta International Airport,Garuda Indonesia,GA,B738,Boeing 737-8U3,PK-GFV,Landed 16:51,2026-07-27 05:56:33
DPS,arrivals,2026-07-26,15:35,15:59,TR242,TGW242,SIN,Singapore Changi Airport,Scoot,TR,A21N,Airbus A321-271NX,9V-NCF,Landed 16:59,2026-07-27 05:56:33
DPS,arrivals,2026-07-26,15:35,15:55,JT22,LNI022,CGK,Jakarta Soekarno Hatta International Airport,Lion Air,JT,B738,Boeing 737-8GP,PK-LKH,Landed 16:55,2026-07-27 05:56:33
DPS,arrivals,2026-07-26,15:35,15:30,IW1965,WON1965,LOP,Lombok International Airport,Wings Air,IW,AT76,ATR 72-600,PK-WJO,Landed 16:30,2026-07-27 05:56:33
DPS,arrivals,2026-07-26,15:55,15:44,IP106,PAS106,CGK,Jakarta Soekarno Hatta International Airport,Pelita Air,IP,A320,Airbus A320-214,PK-PWE,Landed 16:44,2026-07-27 05:56:33
DPS,arrivals,2026-07-26,16:00,16:22,8B554,TNU554,SIN,Singapore Changi Airport,TransNusa,8B,A320,Airbus A320-214,PK-TLF,Landed 17:22,2026-07-27 05:56:33
DPS,arrivals,2026-07-26,16:00,18:33,OD193,MXD193,KUL,Kuala Lumpur International Airport,Batik Air,ID,B738,Boeing 737-86N,9M-LDK,Landed 19:33,2026-07-27 05:56:33
DPS,arrivals,2026-07-26,16:20,16:37,ID8334,BTK8334,LBJ,Labuan Bajo Komodo Airport,Batik Air,ID,A320,Airbus A320-214,PK-LAQ,Landed 17:37,2026-07-27 05:56:33
DPS,arrivals,2026-07-26,16:25,15:47,GA881,GIA881,NRT,Tokyo Narita International Airport,Garuda Indonesia (TravelGo Sticker),GA,A333,Airbus A330-343,PK-GPV,Landed 16:47,2026-07-27 05:56:33
DPS,arrivals,2026-07-26,16:25,16:26,GA410,GIA410,CGK,Jakarta Soekarno Hatta International Airport,Garuda Indonesia,GA,B738,Boeing 737-8U3,PK-GFF,Landed 17:26,2026-07-27 05:56:33
DPS,arrivals,2026-07-26,16:30,,IU2706,,SUB,Surabaya Juanda International Airport,Super Air Jet,IU,320,,,Unknown,2026-07-27 05:56:33
DPS,arrivals,2026-07-26,16:30,16:54,ID6508,BTK6508,CGK,Jakarta Soekarno Hatta International Airport,Batik Air,ID,B738,Boeing 737-8GP,PK-LBW,Landed 17:54,2026-07-27 05:56:33
DPS,arrivals,2026-07-26,16:35,16:47,QR962,QTR962,DOH,Doha Hamad International Airport,Qatar Airways,QR,A35K,Airbus A350-1041,A7-AOH,Landed 17:47,2026-07-27 05:56:33
DPS,arrivals,2026-07-26,16:40,16:34,IW1857,WON1857,LOP,Lombok International Airport,Wings Air,IW,AT76,ATR 72-600,PK-WJY,Landed 17:34,2026-07-27 05:56:33
DPS,arrivals,2026-07-26,16:40,17:08,IU131,SJV131,SRG,Semarang Achmad Yani International Airport,Super Air Jet,IU,A320,Airbus A320-232,PK-SJT,Landed 18:08,2026-07-27 05:56:33
DPS,arrivals,2026-07-26,16:40,16:29,IN641,LKN641,TMC,Tambolaka Airport,Nam Air,IN,B735,Boeing 737-524,PK-NAU,Landed 17:29,2026-07-27 05:56:33
DPS,arrivals,2026-07-26,16:40,,CX783,,HKG,Hong Kong International Airport,Cathay Pacific,CX,333,,,Canceled,2026-07-27 05:56:33
DPS,arrivals,2026-07-26,17:00,17:36,8B5108,TNU5108,CGK,Jakarta Soekarno Hatta International Airport,TransNusa,8B,A320,Airbus A320-214,PK-TLA,Landed 18:36,2026-07-27 05:56:33
DPS,arrivals,2026-07-26,17:00,17:30,TG439,THA439,BKK,Bangkok Suvarnabhumi Airport,Thai Airways,TG,A320,Airbus A320-232,HS-TXH,Landed 18:30,2026-07-27 05:56:33
DPS,arrivals,2026-07-26,17:05,,8B5257,,LOP,Lombok International Airport,TransNusa,8B,AJ27,Comac ARJ-21-700,PK-TJC,Unknown,2026-07-27 05:56:33
DPS,arrivals,2026-07-26,17:05,16:43,8B5257,TNU5257,LOP,Lombok International Airport,TransNusa,8B,AJ27,Comac ARJ-21-700,PK-TJC,Landed 17:43,2026-07-27 05:56:33
DPS,arrivals,2026-07-26,17:05,17:02,8B81,TNU081,PER,Perth Airport,TransNusa,8B,A320,Airbus A320-214,PK-TLN,Landed 18:02,2026-07-27 05:56:33
DPS,arrivals,2026-07-26,17:05,16:59,ID6008,BTK6008,PER,Perth Airport,Batik Air,ID,A320,Airbus A320-214,PK-BKT,Landed 17:59,2026-07-27 05:56:33
DPS,arrivals,2026-07-26,17:10,17:05,GA344,GIA344,SUB,Surabaya Juanda International Airport,Garuda Indonesia,GA,B738,Boeing 737-8U3,PK-GMD,Landed 18:05,2026-07-27 05:56:33
DPS,arrivals,2026-07-26,17:30,17:17,QG688,CTV688,CGK,Jakarta Soekarno Hatta International Airport,Citilink,QG,A320,Airbus A320-214,PK-GQJ,Landed 18:17,2026-07-27 05:56:33
DPS,arrivals,2026-07-26,17:30,17:23,MH853,MAS853,KUL,Kuala Lumpur International Airport,Malaysia Airlines,MH,B38M,Boeing 737 MAX 8,9M-MVR,Landed 18:23,2026-07-27 05:56:33
DPS,arrivals,2026-07-26,17:35,17:21,IU121,SJV121,YIA,Yogyakarta International Airport,Super Air Jet,IU,A320,Airbus A320-232,PK-STF,Landed 18:21,2026-07-27 05:56:33
DPS,arrivals,2026-07-26,17:40,18:24,EK368,UAE368,DXB,Dubai International Airport,Emirates,EK,A388,Airbus A380-842,A6-EUQ,Landed 19:24,2026-07-27 05:56:33
DPS,arrivals,2026-07-26,17:40,17:13,ID7311,BTK7311,HLP,Jakarta Halim Perdanakusuma Airport,Batik Air,ID,A320,Airbus A320-214,PK-LAZ,Landed 18:13,2026-07-27 05:56:33
DPS,arrivals,2026-07-26,17:45,17:26,TR282,TGW282,SIN,Singapore Changi Airport,Scoot,TR,B789,Boeing 787-9 Dreamliner,9V-OJB,Landed 18:26,2026-07-27 05:56:33
DPS,arrivals,2026-07-26,17:45,17:55,GA414,GIA414,CGK,Jakarta Soekarno Hatta International Airport,Garuda Indonesia,GA,B738,Boeing 737-8U3,PK-GFD,Landed 18:55,2026-07-27 05:56:33
DPS,arrivals,2026-07-26,17:50,17:40,SQ944,SIA944,SIN,Singapore Changi Airport,Singapore Airlines,SQ,B78X,Boeing 787-10 Dreamliner,9V-SDA,Landed 18:40,2026-07-27 05:56:33
DPS,arrivals,2026-07-26,17:55,17:33,QZ814,AWQ814,CGK,Jakarta Soekarno Hatta International Airport,AirAsia (Colours of Indonesia Livery),AK,A320,Airbus A320-216,PK-AXD,Landed 18:33,2026-07-27 05:56:33
DPS,arrivals,2026-07-26,17:55,17:45,QG698,CTV698,SUB,Surabaya Juanda International Airport,Citilink,QG,A20N,Airbus A320-251N,PK-GTA,Landed 18:45,2026-07-27 05:56:33
DPS,arrivals,2026-07-26,18:05,18:36,TK66,THY066,IST,Istanbul Airport,Turkish Airlines,TK,A359,Airbus A350-941,TC-LHJ,Landed 19:36,2026-07-27 05:56:33
DPS,arrivals,2026-07-26,18:15,18:05,JT910,LNI910,SUB,Surabaya Juanda International Airport,Lion Air,JT,B739,Boeing 737-9GP(ER),PK-LSO,Landed 19:05,2026-07-27 05:56:33
DPS,arrivals,2026-07-26,18:15,,JT681,,SUB,Surabaya Juanda International Airport,Lion Air,JT,739,,,Unknown,2026-07-27 05:56:33
DPS,arrivals,2026-07-26,18:15,18:07,AK378,AXM378,KUL,Kuala Lumpur International Airport,AirAsia,AK,A20N,Airbus A320-251N,9M-RAB,Landed 19:07,2026-07-27 05:56:33
DPS,arrivals,2026-07-26,18:35,18:29,QG662,CTV662,CGK,Jakarta Soekarno Hatta International Airport,Citilink Garuda Indonesia,QG,A320,Airbus A320-214,PK-GQT,Landed 19:29,2026-07-27 05:56:33
DPS,arrivals,2026-07-26,18:35,18:17,KL835,KLM835,SIN,Singapore Changi Airport,KLM,KL,B77W,Boeing 777-300(ER),PH-BVV,Landed 19:17,2026-07-27 05:56:33
DPS,arrivals,2026-07-26,18:40,,OD177,,KUL,Kuala Lumpur International Airport,Batik Air Malaysia,OD,7M8,,,Unknown,2026-07-27 05:56:33
DPS,arrivals,2026-07-26,18:55,18:48,GA420,GIA420,CGK,Jakarta Soekarno Hatta International Airport,Garuda Indonesia,GA,B738,Boeing 737-8U3,PK-GNG,Landed 19:48,2026-07-27 05:56:33
DPS,arrivals,2026-07-26,19:00,18:40,QG194,CTV194,HLP,Jakarta Halim Perdanakusuma Airport,Citilink,QG,A320,Airbus A320-214,PK-GLN,Landed 19:40,2026-07-27 05:56:33
DPS,arrivals,2026-07-26,19:00,19:09,JQ33,JST033,MEL,Melbourne Airport,Jetstar,JQ,A21N,Airbus A321-251NX(LR),VH-OFP,Landed 20:09,2026-07-27 05:56:33
DPS,arrivals,2026-07-26,19:05,18:51,IP104,PAS104,CGK,Jakarta Soekarno Hatta International Airport,Pelita Air,IP,A320,Airbus A320-214,PK-PWO,Landed 19:51,2026-07-27 05:56:33
DPS,arrivals,2026-07-26,19:10,20:22,ID6334,BTK6334,LBJ,Labuan Bajo Komodo Airport,Batik Air,ID,A320,Airbus A320-214,PK-LAQ,Landed 21:22,2026-07-27 05:56:33
DPS,arrivals,2026-07-26,19:15,,JT945,,UPG,Makassar Sultan Hasanuddin International Airport,Lion Air,JT,738,,,Unknown,2026-07-27 05:56:33
DPS,arrivals,2026-07-26,19:15,19:13,JT747,LNI747,UPG,Makassar Sultan Hasanuddin International Airport,Lion Air,JT,B738,Boeing 737-8GP,PK-LOR,Landed 20:13,2026-07-27 05:56:33
DPS,arrivals,2026-07-26,19:15,,JT743,,UPG,Makassar Sultan Hasanuddin International Airport,Lion Air,JT,739,,,Unknown,2026-07-27 05:56:33
DPS,arrivals,2026-07-26,19:20,19:17,JQ116,JST116,PER,Perth Airport,Jetstar,JQ,A21N,Airbus A321-251NX(LR),VH-OFE,Landed 20:17,2026-07-27 05:56:33
DPS,arrivals,2026-07-26,19:25,19:01,8B5259,TNU5259,LOP,Lombok International Airport,TransNusa,8B,AJ27,Comac ARJ-21-700,PK-TJC,Landed 20:01,2026-07-27 05:56:33
DPS,arrivals,2026-07-26,19:25,19:20,SQ946,SIA946,SIN,Singapore Changi Airport,Singapore Airlines,SQ,B78X,Boeing 787-10 Dreamliner,9V-SCA,Landed 20:20,2026-07-27 05:56:33
DPS,arrivals,2026-07-26,19:30,18:58,QZ545,AWQ545,PER,Perth Airport,AirAsia,AK,A320,Airbus A320-216,PK-AZK,Landed 19:58,2026-07-27 05:56:33
DPS,arrivals,2026-07-26,19:35,19:25,JT12,LNI012,CGK,Jakarta Soekarno Hatta International Airport,Lion Air,JT,B39M,Boeing 737 MAX 9,PK-LRH,Landed 20:25,2026-07-27 05:56:33
DPS,arrivals,2026-07-26,19:40,20:26,QZ818,AWQ818,CGK,Jakarta Soekarno Hatta International Airport,AirAsia,AK,A320,Airbus A320-216,PK-AZL,Landed 21:26,2026-07-27 05:56:33
DPS,arrivals,2026-07-26,19:50,19:35,SJ272,SJY272,CGK,Jakarta Soekarno Hatta International Airport,BBN Airlines Indonesia,0B,B738,Boeing 737-8BK,PK-BBF,Landed 20:35,2026-07-27 05:56:33
DPS,arrivals,2026-07-26,19:50,19:30,QF43,QFA043,SYD,Sydney Kingsford Smith Airport,Qantas,QF,A332,Airbus A330-202,VH-EBM,Landed 20:30,2026-07-27 05:56:33
DPS,arrivals,2026-07-26,19:50,20:11,JQ59,JST059,BNE,Brisbane Airport,Jetstar,JQ,A21N,Airbus A321-251NX(LR),VH-OYD,Landed 21:11,2026-07-27 05:56:33
DPS,arrivals,2026-07-26,20:00,19:59,OD171,MXD171,KUL,Kuala Lumpur International Airport,Batik Air (Visit Malaysia Truly Asia 2026 Livery),ID,B38M,Boeing 737 MAX 8,9M-LRM,Landed 20:59,2026-07-27 05:56:33
DPS,arrivals,2026-07-26,20:00,19:46,JQ37,JST037,SYD,Sydney Kingsford Smith Airport,Jetstar,JQ,A21N,Airbus A321-251NX(LR),VH-OSE,Landed 20:46,2026-07-27 05:56:33
DPS,arrivals,2026-07-26,20:05,21:28,OD157,MXD157,KUL,Kuala Lumpur International Airport,Batik Air,ID,B38M,Boeing 737 MAX 8,9M-LRP,Landed 22:28,2026-07-27 05:56:33
DPS,arrivals,2026-07-26,20:35,20:17,GA426,GIA426,CGK,Jakarta Soekarno Hatta International Airport,Garuda Indonesia,GA,A333,Airbus A330-343,PK-GPT,Landed 21:17,2026-07-27 05:56:33
DPS,arrivals,2026-07-26,20:45,20:45,7C5303,JJA5303,ICN,Seoul Incheon International Airport,Jeju Air,7C,B38M,Boeing 737 MAX 8,HL8553,Landed 21:45,2026-07-27 05:56:33
DPS,arrivals,2026-07-26,20:45,21:44,JQ90,JST090,CNS,Cairns Airport,Jetstar,JQ,A320,Airbus A320-232,VH-X3F,Landed 22:44,2026-07-27 05:56:33
DPS,arrivals,2026-07-26,20:45,20:49,AK374,AXM374,KUL,Kuala Lumpur International Airport,AirAsia,AK,A20N,Airbus A320-251N,9M-AGQ,Landed 21:49,2026-07-27 05:56:33
DPS,arrivals,2026-07-26,20:50,20:03,JQ49,JST049,AVV,Melbourne Avalon International Airport,Jetstar,JQ,A21N,Airbus A321-251NX(LR),VH-OFV,Landed 21:03,2026-07-27 05:56:33
DPS,arrivals,2026-07-26,20:55,20:37,QG693,CTV693,SUB,Surabaya Juanda International Airport,Citilink,QG,A320,Airbus A320-214,PK-GLQ,Landed 21:37,2026-07-27 05:56:33
DPS,arrivals,2026-07-26,21:00,20:41,VA95,VOZ095,MEL,Melbourne Airport,Virgin Australia,VA,B38M,Boeing 737 MAX 8,VH-8IH,Landed 21:41,2026-07-27 05:56:33
DPS,arrivals,2026-07-26,21:00,20:56,QF45,QFA045,MEL,Melbourne Airport,Qantas,QF,B738,Boeing 737-838,VH-VZQ,Landed 21:56,2026-07-27 05:56:33
DPS,arrivals,2026-07-26,21:05,21:06,3U3985,CSC3985,TFU,Chengdu Tianfu International Airport,Sichuan Airlines,3U,A21N,Airbus A321-271NX(LR),B-325H,Landed 22:06,2026-07-27 05:56:33
DPS,arrivals,2026-07-26,21:10,20:32,KE431,KAL431,ICN,Seoul Incheon International Airport,Korean Air,KE,B789,Boeing 787-9 Dreamliner,HL7207,Landed 21:32,2026-07-27 05:56:33
DPS,arrivals,2026-07-26,21:15,21:00,VA83,VOZ083,OOL,Gold Coast Airport,Virgin Australia,VA,B38M,Boeing 737 MAX 8,VH-8IC,Landed 22:00,2026-07-27 05:56:33
DPS,arrivals,2026-07-26,21:20,22:38,8B5110,TNU5110,CGK,Jakarta Soekarno Hatta International Airport,TransNusa,8B,A320,Airbus A320-214,PK-TLA,Landed 23:38,2026-07-27 05:56:33
DPS,arrivals,2026-07-26,21:20,20:52,JQ87,JST087,SIN,Singapore Changi Airport,Jetstar,JQ,A21N,Airbus A321-251NX(LR),VH-OYV,Landed 21:52,2026-07-27 05:56:33
DPS,arrivals,2026-07-26,21:25,21:20,QZ820,AWQ820,CGK,Jakarta Soekarno Hatta International Airport,AirAsia,AK,A320,Airbus A320-216,PK-AZF,Landed 22:20,2026-07-27 05:56:33
DPS,arrivals,2026-07-26,21:30,21:10,VA65,VOZ065,SYD,Sydney Kingsford Smith Airport,Virgin Australia,VA,B38M,Boeing 737 MAX 8,VH-8IK,Landed 22:10,2026-07-27 05:56:33
DPS,arrivals,2026-07-26,21:40,21:37,QR960,QTR960,DOH,Doha Hamad International Airport,Qatar Airways,QR,A35K,Airbus A350-1041,A7-AOE,Landed 22:37,2026-07-27 05:56:33
DPS,arrivals,2026-07-26,21:40,21:24,JQ127,JST127,ADL,Adelaide Airport,Jetstar,JQ,A21N,Airbus A321-251NX(LR),VH-OFY,Landed 22:24,2026-07-27 05:56:33
DPS,arrivals,2026-07-26,21:45,21:41,GA424,GIA424,CGK,Jakarta Soekarno Hatta International Airport,Garuda Indonesia,GA,B738,Boeing 737-8U3,PK-GMA,Landed 22:41,2026-07-27 05:56:33
DPS,arrivals,2026-07-26,21:45,23:21,EK398,UAE398,DXB,Dubai International Airport,Emirates,EK,A388,Airbus A380-842,A6-EUO,Landed 00:21,2026-07-27 05:56:33
DPS,arrivals,2026-07-26,21:50,22:05,QZ810,AWQ810,CGK,Jakarta Soekarno Hatta International Airport,AirAsia (Sustainable ASEAN Tourism Livery),AK,A320,Airbus A320-216,PK-AZS,Landed 23:05,2026-07-27 05:56:33
DPS,arrivals,2026-07-26,21:55,21:33,BX601,ABL601,PUS,Busan Gimhae International Airport,Air Busan,BX,A21N,Airbus A321-251NX(LR),HL8366,Landed 22:33,2026-07-27 05:56:33
DPS,arrivals,2026-07-26,22:05,21:55,MF891,CXA891,XMN,Xiamen Gaoqi International Airport,Xiamen Air,MF,B38M,Boeing 737 MAX 8,B-20DX,Landed 22:55,2026-07-27 05:56:33
DPS,arrivals,2026-07-26,22:15,21:59,TW157,TWB157,CJJ,Cheongju International Airport,T'Way Air,TW,B38M,Boeing 737 MAX 8,HL8579,Landed 22:59,2026-07-27 05:56:33
DPS,arrivals,2026-07-26,22:30,22:10,EY478,ETD478,AUH,Abu Dhabi Zayed International Airport,Etihad Airways,EY,B77W,Boeing 777-3FX(ER),A6-ETJ,Landed 23:10,2026-07-27 05:56:33
DPS,arrivals,2026-07-26,22:40,22:22,QZ537,AWQ537,PER,Perth Airport,AirAsia,AK,A320,Airbus A320-216,PK-AXY,Landed 23:22,2026-07-27 05:56:33
DPS,arrivals,2026-07-26,22:40,22:34,CZ625,CSN625,CAN,Guangzhou Baiyun International Airport,China Southern Airlines,CZ,A21N,Airbus A321-251NX,B-32PU,Landed 23:34,2026-07-27 05:56:33
DPS,arrivals,2026-07-26,22:50,22:28,KE433,KAL433,ICN,Seoul Incheon International Airport,Korean Air,KE,B78X,Boeing 787-10 Dreamliner,HL8570,Landed 23:28,2026-07-27 05:56:33
DPS,arrivals,2026-07-26,22:55,22:45,8B83,TNU083,PER,Perth Airport,TransNusa,8B,A320,Airbus A320-214,PK-TLO,Landed 23:45,2026-07-27 05:56:33
DPS,arrivals,2026-07-26,22:55,22:41,PR537,PAL537,MNL,Manila Ninoy Aquino International Airport,Philippine Airlines,PR,A321,Airbus A321-231,RP-C9907,Landed 23:41,2026-07-27 05:56:33
DPS,arrivals,2026-07-26,22:55,22:49,MU5029,CES5029,PVG,Shanghai Pudong International Airport,China Eastern Airlines,MU,A333,Airbus A330-343,B-1066,Landed 23:49,2026-07-27 05:56:33
DPS,arrivals,2026-07-26,23:05,23:03,TR346,TGW346,SIN,Singapore Changi Airport,Scoot,TR,A21N,Airbus A321-271NX,9V-NCC,Landed 00:03,2026-07-27 05:56:33
DPS,arrivals,2026-07-26,23:10,22:57,SQ948,SIA948,SIN,Singapore Changi Airport,Singapore Airlines,SQ,B78X,Boeing 787-10 Dreamliner,9V-SCE,Landed 23:57,2026-07-27 05:56:33
DPS,arrivals,2026-07-26,23:10,22:53,JQ106,JST106,PER,Perth Airport,Jetstar,JQ,A21N,Airbus A321-251NX(LR),VH-OYC,Landed 23:53,2026-07-27 05:56:33
DPS,arrivals,2026-07-26,23:20,23:09,GA652,GIA652,CGK,Jakarta Soekarno Hatta International Airport,Garuda Indonesia,GA,B738,Boeing 737-8U3,PK-GNC,Landed 00:09,2026-07-27 05:56:33
DPS,arrivals,2026-07-26,23:35,23:25,QZ247,AWQ247,HKT,Phuket International Airport,AirAsia,AK,A320,Airbus A320-216,PK-AZE,Landed 00:25,2026-07-27 05:56:33
DPS,departures,2026-07-26,00:00,00:16,QZ548,AWQ548,PER,Perth Airport,AirAsia,AK,A320,Airbus A320-216,PK-AZK,Departed 01:16,2026-07-27 05:57:06
DPS,departures,2026-07-26,00:05,00:13,TR347,TGW347,SIN,Singapore Changi Airport,Scoot,TR,A21N,Airbus A321-271NX,9V-NCA,Departed 01:13,2026-07-27 05:57:06
DPS,departures,2026-07-26,00:05,00:19,GA652,GIA652,TIM,Timika Airport,Garuda Indonesia,GA,B738,Boeing 737-8U3,PK-GNM,Departed 01:19,2026-07-27 05:57:06
DPS,departures,2026-07-26,00:10,00:39,KE434,KAL434,ICN,Seoul Incheon International Airport,Korean Air,KE,B78X,Boeing 787-10 Dreamliner,HL8577,Departed 01:39,2026-07-27 05:57:06
DPS,departures,2026-07-26,00:30,00:34,8B5888,TNU5888,MDC,Manado Sam Ratulangi International Airport,TransNusa,8B,A320,Airbus A320-214,PK-TLA,Departed 01:34,2026-07-27 05:57:06
DPS,departures,2026-07-26,00:30,00:37,EY479,ETD479,AUH,Abu Dhabi Zayed International Airport,Etihad Airways,EY,B77W,Boeing 777-3FX(ER),A6-ETQ,Departed 01:37,2026-07-27 05:57:06
DPS,departures,2026-07-26,06:00,06:18,QZ807,AWQ807,CGK,Jakarta Soekarno Hatta International Airport,AirAsia (Colours of Indonesia Livery),AK,A320,Airbus A320-216,PK-AXD,Departed 07:18,2026-07-27 05:57:06
DPS,departures,2026-07-26,06:00,06:00,JT944,,UPG,Makassar Sultan Hasanuddin International Airport,Lion Air,JT,738,,,Estimated dep 07:00*,2026-07-27 05:57:06
DPS,departures,2026-07-26,06:00,06:00,JT746,LNI746,UPG,Makassar Sultan Hasanuddin International Airport,Lion Air,JT,B738,Boeing 737-8GP,PK-LOR,Departed 07:00,2026-07-27 05:57:06
DPS,departures,2026-07-26,06:00,06:12,JQ82,JST082,DRW,Darwin International Airport,Jetstar,JQ,A21N,Airbus A321-251NX(LR),VH-OYC,Departed 07:12,2026-07-27 05:57:06
DPS,departures,2026-07-26,06:00,06:08,IU705,SJV705,SUB,Surabaya Juanda International Airport,Super Air Jet,IU,A320,Airbus A320-232,PK-STF,Departed 07:08,2026-07-27 05:57:06
DPS,departures,2026-07-26,06:00,06:16,GA401,GIA401,CGK,Jakarta Soekarno Hatta International Airport,Garuda Indonesia,GA,B738,Boeing 737-81M,PK-GUA,Departed 07:16,2026-07-27 05:57:06
DPS,departures,2026-07-26,06:05,06:06,QZ534,AWQ534,PER,Perth Airport,AirAsia,AK,A320,Airbus A320-216,PK-AZE,Departed 07:06,2026-07-27 05:57:06
DPS,departures,2026-07-26,06:05,06:10,QG690,CTV690,SUB,Surabaya Juanda International Airport,Citilink,QG,A20N,Airbus A320-251N,PK-GTA,Departed 07:10,2026-07-27 05:57:06
DPS,departures,2026-07-26,06:10,06:14,QZ644,AWQ644,LBJ,Labuan Bajo Komodo Airport,AirAsia,AK,A320,Airbus A320-216,PK-AXY,Departed 07:14,2026-07-27 05:57:06
DPS,departures,2026-07-26,06:10,06:35,NZ293,ANZ293,AKL,Auckland Airport,Air New Zealand,NZ,B77W,Boeing 777-319(ER),ZK-OKO,Departed 07:35,2026-07-27 05:57:06
DPS,departures,2026-07-26,06:15,06:44,8B5250,TNU5250,LOP,Lombok International Airport,TransNusa,8B,AJ27,Comac ARJ-21-700,PK-TJB,Departed 07:44,2026-07-27 05:57:06
DPS,departures,2026-07-26,06:15,06:39,SQ949,SIA949,SIN,Singapore Changi Airport,Singapore Airlines,SQ,B78X,Boeing 787-10 Dreamliner,9V-SCJ,Departed 07:39,2026-07-27 05:57:06
DPS,departures,2026-07-26,06:30,07:12,8B551,TNU551,SIN,Singapore Changi Airport,TransNusa,8B,A320,Airbus A320-214,PK-TLO,Departed 08:12,2026-07-27 05:57:06
DPS,departures,2026-07-26,06:30,06:42,GA403,GIA403,CGK,Jakarta Soekarno Hatta International Airport,Garuda Indonesia,GA,B738,Boeing 737-86N,PK-GFS,Departed 07:42,2026-07-27 05:57:06
DPS,departures,2026-07-26,06:55,07:04,ID6333,BTK6333,LBJ,Labuan Bajo Komodo Airport,Batik Air,ID,A320,Airbus A320-214,PK-LUI,Departed 08:04,2026-07-27 05:57:06
DPS,departures,2026-07-26,07:05,,JT21,,CGK,Jakarta Soekarno Hatta International Airport,Lion Air,JT,739,,,Unknown,2026-07-27 05:57:03
DPS,departures,2026-07-26,07:05,07:36,IW1858,WON1858,LOP,Lombok International Airport,Wings Air (60th ATR to Lion GroupLivery),IW,AT76,ATR 72-600,PK-WHS,Departed 08:36,2026-07-27 05:57:03
DPS,departures,2026-07-26,07:05,07:22,HX706,CRK706,HKG,Hong Kong International Airport,Hong Kong Airlines,HX,A333,Airbus A330-343,B-LHJ,Departed 08:22,2026-07-27 05:57:06
DPS,departures,2026-07-26,07:25,07:47,AI2146,AIC2146,DEL,Delhi Indira Gandhi International Airport,Air India,AI,A21N,Airbus A321-251NX(LR),VT-TVJ,Departed 08:47,2026-07-27 05:57:03
DPS,departures,2026-07-26,07:30,07:42,QZ803,AWQ803,CGK,Jakarta Soekarno Hatta International Airport,AirAsia,AK,A320,Airbus A320-216,PK-AZF,Departed 08:42,2026-07-27 05:57:03
DPS,departures,2026-07-26,07:35,07:49,5J280,CEB280,MNL,Manila Ninoy Aquino International Airport,Cebu Pacific,5J,A21N,Airbus A321-271NX,RP-C4141,Departed 08:49,2026-07-27 05:57:03
DPS,departures,2026-07-26,07:40,10:52,CZ8482,CSN8482,CAN,Guangzhou Baiyun International Airport,China Southern Airlines,CZ,A21N,Airbus A321-251NX,B-32M3,Departed 11:52,2026-07-27 05:57:03
DPS,departures,2026-07-26,07:45,08:13,IW1854,WON1854,LOP,Lombok International Airport,Wings Air,IW,AT76,ATR 72-600,PK-WJY,Departed 09:13,2026-07-27 05:57:03
DPS,departures,2026-07-26,07:55,07:54,IW1882,WON1882,SWQ,Sumbawa Besar Airport,Wings Air,IW,AT76,ATR 72-600,PK-WJM,Departed 08:54,2026-07-27 05:57:03
DPS,departures,2026-07-26,08:00,10:56,QG500,CTV500,DIL,Dili Presidente Nicolau Lobato International Airport,Citilink,QG,A320,Airbus A320-214,PK-GQM,Departed 11:56,2026-07-27 05:57:03
DPS,departures,2026-07-26,08:05,09:57,QG691,CTV691,SUB,Surabaya Juanda International Airport,Citilink,QG,A320,Airbus A320-214,PK-GQD,Departed 10:57,2026-07-27 05:57:03
DPS,departures,2026-07-26,08:10,08:21,IN640,LKN640,TMC,Tambolaka Airport,Nam Air,IN,B735,Boeing 737-524,PK-NAU,Departed 09:21,2026-07-27 05:57:03
DPS,departures,2026-07-26,08:10,10:13,ID6324,BTK6324,TMC,Tambolaka Airport,Batik Air,ID,A320,Airbus A320-214,PK-LUV,Departed 11:13,2026-07-27 05:57:03
DPS,departures,2026-07-26,08:15,08:11,8B5105,TNU5105,CGK,Jakarta Soekarno Hatta International Airport,TransNusa,8B,A320,Airbus A320-214,PK-TLA,Departed 09:11,2026-07-27 05:57:03
DPS,departures,2026-07-26,08:25,09:30,IW1848,WON1848,LOP,Lombok International Airport,Wings Air,IW,AT76,ATR 72-600,PK-WGR,Departed 10:30,2026-07-27 05:57:03
DPS,departures,2026-07-26,08:30,08:41,ID6007,BTK6007,PER,Perth Airport,Batik Air,ID,A320,Airbus A320-214,PK-BKT,Departed 09:41,2026-07-27 05:57:03
DPS,departures,2026-07-26,08:35,09:02,8B5634,TNU5634,BMU,Bima Sultan Muhammad Salahudin Airport,TransNusa,8B,AJ27,Comac ARJ-21-700,PK-TJB,Departed 10:02,2026-07-27 05:57:03
DPS,departures,2026-07-26,08:40,08:50,8B80,TNU080,PER,Perth Airport,TransNusa,8B,A320,Airbus A320-214,PK-TLN,Departed 09:50,2026-07-27 05:57:03
DPS,departures,2026-07-26,09:05,10:01,SU297,AFL297,SVO,Moscow Sheremetyevo International Airport,Aeroflot,SU,A359,Airbus A350-941,RA-73154,Departed 11:01,2026-07-27 05:57:03
DPS,departures,2026-07-26,09:05,09:23,SQ935,SIA935,SIN,Singapore Changi Airport,Singapore Airlines,SQ,B78X,Boeing 787-10 Dreamliner,9V-SCV,Departed 10:23,2026-07-27 05:57:03
DPS,departures,2026-07-26,09:05,09:20,IU137,SJV137,KOE,Kupang El Tari Airport,Super Air Jet,IU,A320,Airbus A320-232,PK-SGB,Departed 10:20,2026-07-27 05:57:03
DPS,departures,2026-07-26,09:10,09:16,IU122,SJV122,YIA,Yogyakarta International Airport,Super Air Jet,IU,A320,Airbus A320-232,PK-SJT,Departed 10:16,2026-07-27 05:57:03
DPS,departures,2026-07-26,09:20,09:37,8B553,TNU553,SIN,Singapore Changi Airport,TransNusa,8B,A320,Airbus A320-214,PK-TLF,Departed 10:37,2026-07-27 05:57:03
DPS,departures,2026-07-26,09:25,13:31,8B5101,TNU5101,CGK,Jakarta Soekarno Hatta International Airport,TransNusa,8B,A320,Airbus A320-214,PK-TLA,Departed 14:31,2026-07-27 05:57:03
DPS,departures,2026-07-26,09:25,09:33,QG197,CTV197,HLP,Jakarta Halim Perdanakusuma Airport,Citilink,QG,A320,Airbus A320-214,PK-GLN,Departed 10:33,2026-07-27 05:57:03
DPS,departures,2026-07-26,09:35,09:43,JT805,LNI805,SUB,Surabaya Juanda International Airport,Lion Air,JT,B739,Boeing 737-9GP(ER),PK-LSL,Departed 10:43,2026-07-27 05:57:03
DPS,departures,2026-07-26,09:55,,JT744,,UPG,Makassar Sultan Hasanuddin International Airport,Lion Air,JT,739,,,Unknown,2026-07-27 05:57:03
DPS,departures,2026-07-26,10:10,10:20,IW1856,WON1856,LOP,Lombok International Airport,Wings Air,IW,AT76,ATR 72-600,PK-WJS,Departed 11:20,2026-07-27 05:57:03
DPS,departures,2026-07-26,10:15,10:17,JQ126,JST126,ADL,Adelaide Airport,Jetstar,JQ,A21N,Airbus A321-251NX(LR),VH-OFY,Departed 11:17,2026-07-27 05:57:03
DPS,departures,2026-07-26,10:20,10:42,6E1606,IGO1606,BLR,Bengaluru Kempegowda International Airport,IndiGo,6E,A20N,Airbus A320-251N,VT-IQT,Departed 11:42,2026-07-27 05:57:03
DPS,departures,2026-07-26,10:20,10:48,TR281,TGW281,SIN,Singapore Changi Airport,Scoot,TR,B789,Boeing 787-9 Dreamliner,9V-OJF,Departed 11:48,2026-07-27 05:57:03
DPS,departures,2026-07-26,10:25,10:25,QZ646,AWQ646,LBJ,Labuan Bajo Komodo Airport,AirAsia,AK,A320,Airbus A320-216,PK-AXY,Departed 11:25,2026-07-27 05:57:03
DPS,departures,2026-07-26,10:40,11:02,JQ109,JST109,PER,Perth Airport,Jetstar,JQ,A21N,Airbus A321-251NX(LR),VH-OFE,Departed 12:02,2026-07-27 05:57:03
DPS,departures,2026-07-26,10:40,10:45,IW2824,WON2824,BMU,Bima Sultan Muhammad Salahudin Airport,Wings Air,IW,AT76,ATR 72-600,PK-WJY,Departed 11:45,2026-07-27 05:57:03
DPS,departures,2026-07-26,10:40,10:59,IW1964,WON1964,LOP,Lombok International Airport,Wings Air,IW,AT76,ATR 72-600,PK-WJM,Departed 11:59,2026-07-27 05:57:03
DPS,departures,2026-07-26,10:40,11:04,AK371,AXM371,KUL,Kuala Lumpur International Airport,AirAsia,AK,A320,Airbus A320-216,9M-RAE,Departed 12:04,2026-07-27 05:57:03
DPS,departures,2026-07-26,10:45,11:06,ID6331,BTK6331,LBJ,Labuan Bajo Komodo Airport,Batik Air,ID,A320,Airbus A320-214,PK-LUI,Departed 12:06,2026-07-27 05:57:03
DPS,departures,2026-07-26,10:55,16:48,ID192,MXD192,KUL,Kuala Lumpur International Airport,Batik Air,ID,B738,Boeing 737-8GP,9M-LNP,Departed 17:48,2026-07-27 05:57:03
DPS,departures,2026-07-26,10:55,11:14,GA407,GIA407,CGK,Jakarta Soekarno Hatta International Airport,Garuda Indonesia,GA,B738,Boeing 737-8U3,PK-GFF,Departed 12:14,2026-07-27 05:57:03
DPS,departures,2026-07-26,11:00,11:20,QZ544,AWQ544,PER,Perth Airport,AirAsia,AK,A320,Airbus A320-216,PK-AZK,Departed 12:20,2026-07-27 05:57:03
DPS,departures,2026-07-26,11:05,11:26,JT31,LNI031,CGK,Jakarta Soekarno Hatta International Airport,Lion Air,JT,B738,Boeing 737-8GP,PK-LKH,Departed 12:26,2026-07-27 05:57:03
DPS,departures,2026-07-26,11:05,11:11,JQ32,JST032,MEL,Melbourne Airport,Jetstar,JQ,A21N,Airbus A321-251NX(LR),VH-OYT,Departed 12:11,2026-07-27 05:57:03
DPS,departures,2026-07-26,11:05,11:30,GA253,GIA253,YIA,Yogyakarta International Airport,Garuda Indonesia,GA,B738,Boeing 737-8U3,PK-GFH,Departed 12:30,2026-07-27 05:57:03
DPS,departures,2026-07-26,11:10,11:34,SQ937,SIA937,SIN,Singapore Changi Airport,Singapore Airlines,SQ,B78X,Boeing 787-10 Dreamliner,9V-SDA,Departed 12:34,2026-07-27 05:57:03
DPS,departures,2026-07-26,11:10,,SJ742,,TMC,Tambolaka Airport,Sriwijaya Air,SJ,735,,,Unknown,2026-07-27 05:57:03
DPS,departures,2026-07-26,11:10,11:56,FD397,AIQ397,DMK,Bangkok Don Mueang International Airport,AirAsia,AK,A320,Airbus A320-216,HS-CBI,Departed 12:56,2026-07-27 05:57:03
DPS,departures,2026-07-26,11:20,11:44,JQ40,JST040,SYD,Sydney Kingsford Smith Airport,Jetstar,JQ,A21N,Airbus A321-251NX(LR),VH-OFQ,Departed 12:44,2026-07-27 05:57:03
DPS,departures,2026-07-26,11:25,13:16,QG697,CTV697,SUB,Surabaya Juanda International Airport,Citilink,QG,A320,Airbus A320-214,PK-GQD,Departed 14:16,2026-07-27 05:57:03
DPS,departures,2026-07-26,11:25,11:48,OD178,MXD178,KUL,Kuala Lumpur International Airport,Batik Air (Visit Malaysia Truly Asia 2026 Livery),ID,B38M,Boeing 737 MAX 8,9M-LRV,Departed 12:48,2026-07-27 05:57:03
DPS,departures,2026-07-26,11:40,12:03,8B5254,TNU5254,LOP,Lombok International Airport,TransNusa,8B,AJ27,Comac ARJ-21-700,PK-TJC,Departed 13:03,2026-07-27 05:57:03
DPS,departures,2026-07-26,11:45,12:18,OD158,MXD158,KUL,Kuala Lumpur International Airport,Batik Air,ID,B38M,Boeing 737 MAX 8,9M-LRK,Departed 13:18,2026-07-27 05:57:03
DPS,departures,2026-07-26,11:45,11:58,IP103,PAS103,CGK,Jakarta Soekarno Hatta International Airport,Pelita Air,IP,A320,Airbus A320-214,PK-PWP,Departed 12:58,2026-07-27 05:57:03
DPS,departures,2026-07-26,11:50,12:00,GA413,GIA413,CGK,Jakarta Soekarno Hatta International Airport,Garuda Indonesia (Pocari Sweat Livery),GA,B738,Boeing 737-86N,PK-GNN,Departed 13:00,2026-07-27 05:57:03
DPS,departures,2026-07-26,12:00,12:59,OD307,MXD307,KUL,Kuala Lumpur International Airport,Batik Air,ID,B738,Boeing 737-8GP,9M-LNR,Departed 13:59,2026-07-27 05:57:03
DPS,departures,2026-07-26,12:00,13:57,ID8331,BTK8331,LBJ,Labuan Bajo Komodo Airport,Batik Air,ID,A320,Airbus A320-214,PK-LUV,Departed 14:57,2026-07-27 05:57:03
DPS,departures,2026-07-26,12:00,12:27,AK365,AXM365,KUL,Kuala Lumpur International Airport,AirAsia,AK,A21N,Airbus A321-251NX,9M-VAC,Departed 13:27,2026-07-27 05:57:03
DPS,departures,2026-07-26,12:05,12:40,MH714,MAS714,KUL,Kuala Lumpur International Airport,Malaysia Airlines,MH,A339,Airbus A330-941,9M-MNO,Departed 13:40,2026-07-27 05:57:03
DPS,departures,2026-07-26,12:10,12:50,OD172,MXD172,KUL,Kuala Lumpur International Airport,Batik Air,ID,B38M,Boeing 737 MAX 8,9M-LRP,Departed 13:50,2026-07-27 05:57:03
DPS,departures,2026-07-26,12:15,12:24,SQ939,SIA939,SIN,Singapore Changi Airport,Singapore Airlines,SQ,B78X,Boeing 787-10 Dreamliner,9V-SCY,Departed 13:24,2026-07-27 05:57:03
DPS,departures,2026-07-26,12:15,11:26,JT35,,CGK,Jakarta Soekarno Hatta International Airport,Lion Air,JT,B738,Boeing 737-8GP,PK-LKH,Estimated dep 12:26*,2026-07-27 05:57:03
DPS,departures,2026-07-26,12:15,13:02,JQ58,JST058,BNE,Brisbane Airport,Jetstar,JQ,A21N,Airbus A321-251NX(LR),VH-OLU,Departed 14:02,2026-07-27 05:57:03
DPS,departures,2026-07-26,12:25,13:10,8G182,DTL182,DIL,Dili Presidente Nicolau Lobato International Airport,Aero Dili,8G,A320,Airbus A320-232,4W-AAL,Departed 14:10,2026-07-27 05:57:03
DPS,departures,2026-07-26,12:25,12:55,GA409,GIA409,CGK,Jakarta Soekarno Hatta International Airport,Garuda Indonesia,GA,B738,Boeing 737-81M,PK-GUC,Departed 13:55,2026-07-27 05:57:03
DPS,departures,2026-07-26,12:35,12:43,QZ642,AWQ642,LBJ,Labuan Bajo Komodo Airport,AirAsia,AK,A320,Airbus A320-216,PK-AZF,Departed 13:43,2026-07-27 05:57:03
DPS,departures,2026-07-26,12:35,13:06,JT660,LNI660,BPN,Balikpapan Sepinggan Airport,Lion Air,JT,B739,Boeing 737-9GP(ER),PK-LSR,Departed 14:06,2026-07-27 05:57:03
DPS,departures,2026-07-26,12:40,13:13,GA842,GIA842,SIN,Singapore Changi Airport,Garuda Indonesia,GA,B738,Boeing 737-8U3,PK-GMW,Departed 14:13,2026-07-27 05:57:03
DPS,departures,2026-07-26,12:50,12:15,8B5107,TNU5107,CGK,Jakarta Soekarno Hatta International Airport,TransNusa,8B,AJ27,Comac ARJ-21-700,PK-TJB,Departed 13:15,2026-07-27 05:57:03
DPS,departures,2026-07-26,12:55,13:20,QG687,CTV687,CGK,Jakarta Soekarno Hatta International Airport,Citilink (Tiket.com Livery),QG,A320,Airbus A320-214,PK-GLZ,Departed 14:20,2026-07-27 05:57:03
DPS,departures,2026-07-26,12:55,13:23,JT919,LNI919,SUB,Surabaya Juanda International Airport,Lion Air,JT,B739,Boeing 737-9GP(ER),PK-LSJ,Departed 14:23,2026-07-27 05:57:03
DPS,departures,2026-07-26,13:00,13:35,VJ848,VJC848,SGN,Ho Chi Minh City International Airport,VietJet Air,VJ,A21N,Airbus A321-271NX,VN-A528,Departed 14:35,2026-07-27 05:57:03
DPS,departures,2026-07-26,13:05,13:38,TR289,TGW289,SIN,Singapore Changi Airport,Scoot,TR,B789,Boeing 787-9 Dreamliner,9V-OJK,Departed 14:38,2026-07-27 05:57:03
DPS,departures,2026-07-26,13:10,13:28,QZ815,AWQ815,CGK,Jakarta Soekarno Hatta International Airport,AirAsia (Colours of Indonesia Livery),AK,A320,Airbus A320-216,PK-AXD,Departed 14:28,2026-07-27 05:57:03
DPS,departures,2026-07-26,13:15,13:50,ID8335,BTK8335,LBJ,Labuan Bajo Komodo Airport,Batik Air,ID,A320,Airbus A320-214,PK-LAQ,Departed 14:50,2026-07-27 05:57:03
DPS,departures,2026-07-26,13:20,14:00,ID7308,BTK7308,HLP,Jakarta Halim Perdanakusuma Airport,Batik Air,ID,A320,Airbus A320-214,PK-LUP,Departed 15:00,2026-07-27 05:57:03
DPS,departures,2026-07-26,13:25,13:42,IU130,SJV130,SRG,Semarang Achmad Yani International Airport,Super Air Jet,IU,A320,Airbus A320-232,PK-SJT,Departed 14:42,2026-07-27 05:57:03
DPS,departures,2026-07-26,13:30,13:54,GA653,GIA653,CGK,Jakarta Soekarno Hatta International Airport,Garuda Indonesia,GA,B738,Boeing 737-8U3,PK-GNM,Departed 14:54,2026-07-27 05:57:03
DPS,departures,2026-07-26,13:35,15:03,VJ894,VJC894,SGN,Ho Chi Minh City International Airport,VietJet Air,VJ,A21N,Airbus A321-271NX,VN-A551,Departed 16:03,2026-07-27 05:57:03
DPS,departures,2026-07-26,13:35,13:45,AI2148,AIC2148,DEL,Delhi Indira Gandhi International Airport,Air India,AI,A21N,Airbus A321-251NX(LR),VT-TVG,Departed 14:45,2026-07-27 05:57:03
DPS,departures,2026-07-26,13:45,,JT33,,CGK,Jakarta Soekarno Hatta International Airport,Lion Air,JT,738,,,Unknown,2026-07-27 05:57:03
DPS,departures,2026-07-26,13:55,14:26,JQ88,JST088,SIN,Singapore Changi Airport,Jetstar,JQ,A21N,Airbus A321-251NX(LR),VH-OYV,Departed 15:26,2026-07-27 05:57:03
DPS,departures,2026-07-26,14:00,14:09,QG342,CTV342,UPG,Makassar Sultan Hasanuddin International Airport,Citilink,QG,A320,Airbus A320-214,PK-GLO,Departed 15:09,2026-07-27 05:57:03
DPS,departures,2026-07-26,14:00,14:20,JT844,LNI844,BDJ,Banjarmasin Syamsudin Noor Airport,Lion Air,JT,B739,Boeing 737-9GP(ER),PK-LSL,Departed 15:20,2026-07-27 05:57:03
DPS,departures,2026-07-26,14:00,14:12,JQ107,JST107,PER,Perth Airport,Jetstar,JQ,A21N,Airbus A321-251NX(LR),VH-OYC,Departed 15:12,2026-07-27 05:57:03
DPS,departures,2026-07-26,14:00,14:16,IU120,SJV120,YIA,Yogyakarta International Airport,Super Air Jet,IU,A320,Airbus A320-232,PK-STF,Departed 15:16,2026-07-27 05:57:03
DPS,departures,2026-07-26,14:10,16:18,QG681,CTV681,CGK,Jakarta Soekarno Hatta International Airport,Citilink,QG,A320,Airbus A320-214,PK-GQM,Departed 17:18,2026-07-27 05:57:03
DPS,departures,2026-07-26,14:10,14:22,JQ44,JST044,MEL,Melbourne Airport,Jetstar,JQ,A21N,Airbus A321-251NX(LR),VH-OYR,Departed 15:22,2026-07-27 05:57:03
DPS,departures,2026-07-26,14:15,14:33,VA50,VOZ050,BNE,Brisbane Airport,Virgin Australia,VA,B38M,Boeing 737 MAX 8,VH-8IL,Departed 15:33,2026-07-27 05:57:03
DPS,departures,2026-07-26,14:15,14:29,QZ536,AWQ536,PER,Perth Airport,AirAsia,AK,A320,Airbus A320-216,PK-AXY,Departed 15:29,2026-07-27 05:57:03
DPS,departures,2026-07-26,14:25,14:36,8B82,TNU082,PER,Perth Airport,TransNusa,8B,A320,Airbus A320-214,PK-TLO,Departed 15:36,2026-07-27 05:57:03
DPS,departures,2026-07-26,14:25,14:45,AK377,AXM377,KUL,Kuala Lumpur International Airport,AirAsia,AK,A20N,Airbus A320-251N,9M-AGG,Departed 15:45,2026-07-27 05:57:03
DPS,departures,2026-07-26,14:30,14:39,JT740,LNI740,UPG,Makassar Sultan Hasanuddin International Airport,Lion Air,JT,B739,Boeing 737-9GP(ER),PK-LHR,Departed 15:39,2026-07-27 05:57:03
DPS,departures,2026-07-26,14:30,15:00,ID6517,BTK6517,CGK,Jakarta Soekarno Hatta International Airport,Batik Air,ID,A320,Airbus A320-214,PK-LUI,Departed 16:00,2026-07-27 05:57:03
DPS,departures,2026-07-26,14:35,14:41,QG669,CTV669,SUB,Surabaya Juanda International Airport,Citilink,QG,A20N,Airbus A320-251N,PK-GTG,Departed 15:41,2026-07-27 05:57:03
DPS,departures,2026-07-26,14:35,15:09,IP109,PAS109,CGK,Jakarta Soekarno Hatta International Airport,Pelita Air,IP,A320,Airbus A320-214,PK-PWK,Departed 16:09,2026-07-27 05:57:03
DPS,departures,2026-07-26,14:40,15:12,SJ717,SJY717,UPG,Makassar Sultan Hasanuddin International Airport,Sriwijaya Air,SJ,B735,Boeing 737-524,PK-CLE,Departed 16:12,2026-07-27 05:57:03
DPS,departures,2026-07-26,14:40,14:51,IW1850,WON1850,LOP,Lombok International Airport,Wings Air,IW,AT76,ATR 72-600,PK-WJY,Departed 15:51,2026-07-27 05:57:03
DPS,departures,2026-07-26,14:45,15:13,GA411,GIA411,CGK,Jakarta Soekarno Hatta International Airport,Garuda Indonesia,GA,A333,Airbus A330-343,PK-GPW,Departed 16:13,2026-07-27 05:57:03
DPS,departures,2026-07-26,14:50,15:07,VA92,VOZ092,MEL,Melbourne Airport,Virgin Australia,VA,B38M,Boeing 737 MAX 8,VH-8IB,Departed 16:07,2026-07-27 05:57:03
DPS,departures,2026-07-26,14:55,14:57,8B5256,TNU5256,LOP,Lombok International Airport,TransNusa,8B,AJ27,Comac ARJ-21-700,PK-TJC,Departed 15:57,2026-07-27 05:57:03
DPS,departures,2026-07-26,14:55,14:43,CI772,CAL772,TPE,Taipei Taoyuan International Airport,China Airlines,CI,B77W,Boeing 777-309(ER),B-18006,Departed 15:43,2026-07-27 05:57:03
DPS,departures,2026-07-26,15:00,15:21,VN640,HVN640,SGN,Ho Chi Minh City International Airport,Vietnam Airlines,VN,A321,Airbus A321-231,VN-A329,Departed 16:21,2026-07-27 05:57:03
DPS,departures,2026-07-26,15:10,15:17,QZ246,AWQ246,HKT,Phuket International Airport,AirAsia,AK,A320,Airbus A320-216,PK-AZE,Departed 16:17,2026-07-27 05:57:00
DPS,departures,2026-07-26,15:15,,CX784,,HKG,Hong Kong International Airport,Cathay Pacific,CX,B773,Boeing 777-31H,B-HNS,Canceled,2026-07-27 05:57:00
DPS,departures,2026-07-26,15:25,15:39,MH850,MAS850,KUL,Kuala Lumpur International Airport,Malaysia Airlines,MH,B738,Boeing 737-8H6,9M-MXW,Departed 16:39,2026-07-27 05:57:00
DPS,departures,2026-07-26,15:30,15:45,IW1852,WON1852,LOP,Lombok International Airport,Wings Air,IW,AT76,ATR 72-600,PK-WJS,Departed 16:45,2026-07-27 05:57:00
DPS,departures,2026-07-26,15:30,15:41,BR256,EVA256,TPE,Taipei Taoyuan International Airport,EVA Air (Sanrio Characters Joyful Dream Livery),BR,A333,Airbus A330-302,B-16332,Departed 16:41,2026-07-27 05:57:00
DPS,departures,2026-07-26,15:40,16:15,IU703,SJV703,SUB,Surabaya Juanda International Airport,Super Air Jet,IU,A320,Airbus A320-232,PK-SJD,Departed 17:15,2026-07-27 05:57:00
DPS,departures,2026-07-26,15:40,15:48,AK369,AXM369,KUL,Kuala Lumpur International Airport,AirAsia,AK,A21N,Airbus A321-251NX,9M-VAE,Departed 16:48,2026-07-27 05:57:00
DPS,departures,2026-07-26,15:45,17:47,ID6335,BTK6335,LBJ,Labuan Bajo Komodo Airport,Batik Air,ID,A320,Airbus A320-214,PK-LAQ,Departed 18:47,2026-07-27 05:57:00
DPS,departures,2026-07-26,15:45,16:00,GA255,GIA255,YIA,Yogyakarta International Airport,Garuda Indonesia,GA,B738,Boeing 737-86N,PK-GFS,Departed 17:00,2026-07-27 05:57:00
DPS,departures,2026-07-26,15:50,15:57,HO1356,DKH1356,PVG,Shanghai Pudong International Airport,Juneyao Air (Chinese Peony Livery),HO,B789,Boeing 787-9 Dreamliner,B-1115,Departed 16:57,2026-07-27 05:57:00
DPS,departures,2026-07-26,15:55,16:16,TG432,THA432,BKK,Bangkok Suvarnabhumi Airport,Thai Airways,TG,A359,Airbus A350-941,HS-THY,Departed 17:16,2026-07-27 05:57:00
DPS,departures,2026-07-26,15:55,16:28,GA349,GIA349,SUB,Surabaya Juanda International Airport,Garuda Indonesia,GA,B738,Boeing 737-8U3,PK-GFH,Departed 17:28,2026-07-27 05:57:00
DPS,departures,2026-07-26,16:00,16:20,IU273,SJV273,PNK,Pontianak Supadio Airport,Super Air Jet,IU,A320,Airbus A320-232,PK-SAV,Departed 17:20,2026-07-27 05:57:00
DPS,departures,2026-07-26,16:05,16:24,IW1962,WON1962,LOP,Lombok International Airport,Wings Air,IW,AT76,ATR 72-600,PK-WJO,Departed 17:24,2026-07-27 05:57:00
DPS,departures,2026-07-26,16:15,17:09,JT23,LNI023,CGK,Jakarta Soekarno Hatta International Airport,Lion Air,JT,B738,Boeing 737-8GP,PK-LKH,Departed 18:09,2026-07-27 05:57:00
DPS,departures,2026-07-26,16:25,16:56,GA419,GIA419,CGK,Jakarta Soekarno Hatta International Airport,Garuda Indonesia,GA,B738,Boeing 737-8U3,PK-GFV,Departed 17:56,2026-07-27 05:57:00
DPS,departures,2026-07-26,16:30,16:44,VJ998,VJC998,HAN,Hanoi Noi Bai International Airport,VietJet Air,VJ,A21N,Airbus A321-271NX,VN-A580,Departed 17:44,2026-07-27 05:57:00
DPS,departures,2026-07-26,16:35,17:27,TR243,TGW243,SIN,Singapore Changi Airport,Scoot,TR,A21N,Airbus A321-271NX,9V-NCF,Departed 18:27,2026-07-27 05:57:00
DPS,departures,2026-07-26,16:40,16:53,IP107,PAS107,CGK,Jakarta Soekarno Hatta International Airport,Pelita Air,IP,A320,Airbus A320-214,PK-PWE,Departed 17:53,2026-07-27 05:57:00
DPS,departures,2026-07-26,16:50,17:11,NZ291,ANZ291,AKL,Auckland Airport,Air New Zealand,NZ,B789,Boeing 787-9 Dreamliner,ZK-NZQ,Departed 18:11,2026-07-27 05:57:00
DPS,departures,2026-07-26,17:00,17:15,QZ821,AWQ821,CGK,Jakarta Soekarno Hatta International Airport,AirAsia,AK,A320,Airbus A320-216,PK-AZF,Departed 18:15,2026-07-27 05:57:00
DPS,departures,2026-07-26,17:10,,IU2703,,SUB,Surabaya Juanda International Airport,Super Air Jet,IU,320,,,Unknown,2026-07-27 05:57:00
DPS,departures,2026-07-26,17:10,20:07,ID193,MXD193,PER,Perth Airport,Batik Air,ID,B738,Boeing 737-86N,9M-LDK,Departed 21:07,2026-07-27 05:57:00
DPS,departures,2026-07-26,17:10,17:56,ID6509,BTK6509,CGK,Jakarta Soekarno Hatta International Airport,Batik Air,ID,B738,Boeing 737-8GP,PK-LBW,Departed 18:56,2026-07-27 05:57:00
DPS,departures,2026-07-26,17:20,18:25,IU126,SJV126,SOC,Surakarta Adisumarmo International Airport,Super Air Jet,IU,A320,Airbus A320-232,PK-STF,Departed 19:25,2026-07-27 05:57:00
DPS,departures,2026-07-26,17:25,18:21,ID6552,BTK6552,KOE,Kupang El Tari Airport,Batik Air,ID,A320,Airbus A320-214,PK-LUV,Departed 19:21,2026-07-27 05:57:00
DPS,departures,2026-07-26,17:30,17:41,IN281,LKN281,CGK,Jakarta Soekarno Hatta International Airport,Nam Air,IN,B735,Boeing 737-524,PK-NAU,Departed 18:41,2026-07-27 05:57:00
DPS,departures,2026-07-26,17:30,17:44,GA417,GIA417,CGK,Jakarta Soekarno Hatta International Airport,Garuda Indonesia,GA,B738,Boeing 737-8U3,PK-GFF,Departed 18:44,2026-07-27 05:57:00
DPS,departures,2026-07-26,17:45,17:51,EY477,ETD477,AUH,Abu Dhabi Zayed International Airport,Etihad Airways,EY,B77W,Boeing 777-3FX(ER),A6-ETH,Departed 18:51,2026-07-27 05:57:00
DPS,departures,2026-07-26,17:50,,CX782,,HKG,Hong Kong International Airport,Cathay Pacific,CX,333,,,Canceled,2026-07-27 05:57:00
DPS,departures,2026-07-26,17:55,,8B5258,,LOP,Lombok International Airport,TransNusa,8B,AJ27,Comac ARJ-21-700,PK-TJC,Unknown,2026-07-27 05:57:00
DPS,departures,2026-07-26,17:55,17:37,8B5258,TNU5258,LOP,Lombok International Airport,TransNusa,8B,AJ27,Comac ARJ-21-700,PK-TJC,Departed 18:37,2026-07-27 05:57:00
DPS,departures,2026-07-26,18:00,18:53,TG440,THA440,BKK,Bangkok Suvarnabhumi Airport,Thai Airways,TG,A320,Airbus A320-232,HS-TXH,Departed 19:53,2026-07-27 05:57:00
DPS,departures,2026-07-26,18:00,18:13,QG689,CTV689,CGK,Jakarta Soekarno Hatta International Airport,Citilink,QG,A320,Airbus A320-214,PK-GQJ,Departed 19:13,2026-07-27 05:57:00
DPS,departures,2026-07-26,18:10,18:19,GA347,GIA347,SUB,Surabaya Juanda International Airport,Garuda Indonesia,GA,B738,Boeing 737-8U3,PK-GMD,Departed 19:19,2026-07-27 05:57:00
DPS,departures,2026-07-26,18:20,18:41,QR963,QTR963,DOH,Doha Hamad International Airport,Qatar Airways,QR,A35K,Airbus A350-1041,A7-AOH,Departed 19:41,2026-07-27 05:57:00
DPS,departures,2026-07-26,18:20,18:45,MH852,MAS852,KUL,Kuala Lumpur International Airport,Malaysia Airlines,MH,B38M,Boeing 737 MAX 8,9M-MVR,Departed 19:45,2026-07-27 05:57:00
DPS,departures,2026-07-26,18:25,18:30,ID7310,BTK7310,HLP,Jakarta Halim Perdanakusuma Airport,Batik Air,ID,A320,Airbus A320-214,PK-LAZ,Departed 19:30,2026-07-27 05:57:00
DPS,departures,2026-07-26,18:30,18:49,QG699,CTV699,SUB,Surabaya Juanda International Airport,Citilink,QG,A20N,Airbus A320-251N,PK-GTA,Departed 19:49,2026-07-27 05:57:00
DPS,departures,2026-07-26,18:45,19:14,TR283,TGW283,SIN,Singapore Changi Airport,Scoot,TR,B789,Boeing 787-9 Dreamliner,9V-OJB,Departed 20:14,2026-07-27 05:57:00
DPS,departures,2026-07-26,18:45,21:01,EK369,UAE369,DXB,Dubai International Airport,Emirates,EK,A388,Airbus A380-842,A6-EUQ,Departed 22:01,2026-07-27 05:57:00
DPS,departures,2026-07-26,18:45,19:21,AK379,AXM379,KUL,Kuala Lumpur International Airport,AirAsia,AK,A20N,Airbus A320-251N,9M-RAB,Departed 20:21,2026-07-27 05:57:00
DPS,departures,2026-07-26,18:50,18:59,8B969,TNU969,CAN,Guangzhou Baiyun International Airport,TransNusa,8B,A320,Airbus A320-214,PK-TLF,Departed 19:59,2026-07-27 05:57:00
DPS,departures,2026-07-26,18:50,18:55,IU133,SJV133,SRG,Semarang Achmad Yani International Airport,Super Air Jet,IU,A320,Airbus A320-232,PK-SJT,Departed 19:55,2026-07-27 05:57:00
DPS,departures,2026-07-26,18:50,19:08,GA421,GIA421,CGK,Jakarta Soekarno Hatta International Airport,Garuda Indonesia,GA,B738,Boeing 737-8U3,PK-GFD,Departed 20:08,2026-07-27 05:57:00
DPS,departures,2026-07-26,18:55,19:11,JT923,LNI923,SUB,Surabaya Juanda International Airport,Lion Air,JT,B739,Boeing 737-9GP(ER),PK-LSO,Departed 20:11,2026-07-27 05:57:00
DPS,departures,2026-07-26,19:00,19:18,SQ945,SIA945,SIN,Singapore Changi Airport,Singapore Airlines,SQ,B78X,Boeing 787-10 Dreamliner,9V-SDA,Departed 20:18,2026-07-27 05:57:00
DPS,departures,2026-07-26,19:10,19:27,QG667,CTV667,CGK,Jakarta Soekarno Hatta International Airport,Citilink Garuda Indonesia,QG,A320,Airbus A320-214,PK-GQT,Departed 20:27,2026-07-27 05:57:00
DPS,departures,2026-07-26,19:30,19:37,QG195,CTV195,HLP,Jakarta Halim Perdanakusuma Airport,Citilink,QG,A320,Airbus A320-214,PK-GLN,Departed 20:37,2026-07-27 05:57:00
DPS,departures,2026-07-26,19:30,19:32,ID6415,BTK6415,SUB,Surabaya Juanda International Airport,Batik Air,ID,A320,Airbus A320-214,PK-BKT,Departed 20:32,2026-07-27 05:57:00
DPS,departures,2026-07-26,19:40,20:05,GA415,GIA415,CGK,Jakarta Soekarno Hatta International Airport,Garuda Indonesia,GA,B738,Boeing 737-8U3,PK-GNG,Departed 21:05,2026-07-27 05:57:00
DPS,departures,2026-07-26,19:45,19:52,KL836,KLM836,SIN,Singapore Changi Airport,KLM,KL,B77W,Boeing 777-300(ER),PH-BVV,Departed 20:52,2026-07-27 05:57:00
DPS,departures,2026-07-26,19:50,20:00,IP105,PAS105,CGK,Jakarta Soekarno Hatta International Airport,Pelita Air,IP,A320,Airbus A320-214,PK-PWO,Departed 21:00,2026-07-27 05:57:00
DPS,departures,2026-07-26,20:00,20:20,TK67,THY067,IST,Istanbul Airport,Turkish Airlines,TK,A359,Airbus A350-941,TC-LHJ,Departed 21:20,2026-07-27 05:57:00
DPS,departures,2026-07-26,20:00,20:00,OD177,MXD177,MEL,Melbourne Airport,Batik Air,ID,B38M,Boeing 737 MAX 8,9M-LRK,Estimated dep 21:00*,2026-07-27 05:57:00
DPS,departures,2026-07-26,20:05,21:22,QZ819,AWQ819,CGK,Jakarta Soekarno Hatta International Airport,AirAsia,AK,A320,Airbus A320-216,PK-AZL,Departed 22:22,2026-07-27 05:57:00
DPS,departures,2026-07-26,20:15,20:43,JT15,LNI015,CGK,Jakarta Soekarno Hatta International Airport,Lion Air,JT,B39M,Boeing 737 MAX 9,PK-LRH,Departed 21:43,2026-07-27 05:57:00
DPS,departures,2026-07-26,20:20,20:50,JQ34,JST034,MEL,Melbourne Airport,Jetstar,JQ,A21N,Airbus A321-251NX(LR),VH-OFP,Departed 21:50,2026-07-27 05:57:00
DPS,departures,2026-07-26,20:30,20:46,JQ117,JST117,PER,Perth Airport,Jetstar,JQ,A21N,Airbus A321-251NX(LR),VH-OFE,Departed 21:46,2026-07-27 05:57:00
DPS,departures,2026-07-26,20:30,21:29,ID6760,BTK6760,UPG,Makassar Sultan Hasanuddin International Airport,Batik Air,ID,A320,Airbus A320-214,PK-LAQ,Departed 22:29,2026-07-27 05:57:00
DPS,departures,2026-07-26,20:35,20:53,SJ273,SJY273,CGK,Jakarta Soekarno Hatta International Airport,BBN Airlines Indonesia,0B,B738,Boeing 737-8BK,PK-BBF,Departed 21:53,2026-07-27 05:57:00
DPS,departures,2026-07-26,20:40,20:57,SQ947,SIA947,SIN,Singapore Changi Airport,Singapore Airlines,SQ,B78X,Boeing 787-10 Dreamliner,9V-SCA,Departed 21:57,2026-07-27 05:57:00
DPS,departures,2026-07-26,21:00,22:42,OD157,MXD157,BNE,Brisbane Airport,Batik Air,ID,B38M,Boeing 737 MAX 8,9M-LRP,Departed 23:42,2026-07-27 05:57:00
DPS,departures,2026-07-26,21:05,21:25,GA718,GIA718,MEL,Melbourne Airport,Garuda Indonesia (TravelGo Sticker),GA,A333,Airbus A330-343,PK-GPV,Departed 22:25,2026-07-27 05:57:00
DPS,departures,2026-07-26,21:10,21:45,JQ60,JST060,BNE,Brisbane Airport,Jetstar,JQ,A21N,Airbus A321-251NX(LR),VH-OYD,Departed 22:45,2026-07-27 05:57:00
DPS,departures,2026-07-26,21:15,21:34,OD171,MXD171,SYD,Sydney Kingsford Smith Airport,Batik Air (Visit Malaysia Truly Asia 2026 Livery),ID,B38M,Boeing 737 MAX 8,9M-LRM,Departed 22:34,2026-07-27 05:57:00
DPS,departures,2026-07-26,21:15,22:01,AK375,AXM375,KUL,Kuala Lumpur International Airport,AirAsia,AK,A20N,Airbus A320-251N,9M-AGQ,Departed 23:01,2026-07-27 05:57:00
DPS,departures,2026-07-26,21:20,21:39,QF44,QFA044,SYD,Sydney Kingsford Smith Airport,Qantas,QF,A332,Airbus A330-202,VH-EBM,Departed 22:39,2026-07-27 05:57:00
DPS,departures,2026-07-26,21:35,21:47,JQ38,JST038,SYD,Sydney Kingsford Smith Airport,Jetstar,JQ,A21N,Airbus A321-251NX(LR),VH-OSE,Departed 22:47,2026-07-27 05:57:00
DPS,departures,2026-07-26,21:45,22:13,7C5304,JJA5304,ICN,Seoul Incheon International Airport,Jeju Air,7C,B38M,Boeing 737 MAX 8,HL8553,Departed 23:13,2026-07-27 05:57:00
DPS,departures,2026-07-26,22:00,23:16,JQ91,JST091,CNS,Cairns Airport,Jetstar,JQ,A320,Airbus A320-232,VH-X3F,Departed 00:16,2026-07-27 05:57:00
DPS,departures,2026-07-26,22:05,22:27,VA96,VOZ096,MEL,Melbourne Airport,Virgin Australia,VA,B38M,Boeing 737 MAX 8,VH-8IH,Departed 23:27,2026-07-27 05:57:00
DPS,departures,2026-07-26,22:05,22:25,QF46,QFA046,MEL,Melbourne Airport,Qantas,QF,B738,Boeing 737-838,VH-VZQ,Departed 23:25,2026-07-27 05:57:00
DPS,departures,2026-07-26,22:10,,8B5109,,CGK,Jakarta Soekarno Hatta International Airport,TransNusa,8B,320,,,Unknown,2026-07-27 05:57:00
DPS,departures,2026-07-26,22:10,22:39,3U3986,CSC3986,TFU,Chengdu Tianfu International Airport,Sichuan Airlines,3U,A21N,Airbus A321-271NX(LR),B-325H,Departed 23:39,2026-07-27 05:57:00
DPS,departures,2026-07-26,22:15,23:05,QZ811,AWQ811,CGK,Jakarta Soekarno Hatta International Airport,AirAsia (Sustainable ASEAN Tourism Livery),AK,A320,Airbus A320-216,PK-AZS,Departed 00:05,2026-07-27 05:57:00
DPS,departures,2026-07-26,22:20,22:35,VA82,VOZ082,OOL,Gold Coast Airport,Virgin Australia,VA,B38M,Boeing 737 MAX 8,VH-8IC,Departed 23:35,2026-07-27 05:57:00
DPS,departures,2026-07-26,22:25,22:46,JQ50,JST050,AVV,Melbourne Avalon International Airport,Jetstar,JQ,A21N,Airbus A321-251NX(LR),VH-OFV,Departed 23:46,2026-07-27 05:57:00
DPS,departures,2026-07-26,22:25,23:10,GA714,GIA714,SYD,Sydney Kingsford Smith Airport,Garuda Indonesia,GA,A333,Airbus A330-343,PK-GHA,Departed 00:10,2026-07-27 05:57:00
DPS,departures,2026-07-26,22:35,23:00,VA68,VOZ068,SYD,Sydney Kingsford Smith Airport,Virgin Australia,VA,B38M,Boeing 737 MAX 8,VH-8IK,Departed 00:00,2026-07-27 05:57:00
DPS,departures,2026-07-26,22:45,22:58,KE432,KAL432,ICN,Seoul Incheon International Airport,Korean Air,KE,B789,Boeing 787-9 Dreamliner,HL7207,Departed 23:58,2026-07-27 05:57:00
DPS,departures,2026-07-26,22:50,23:07,JQ87,JST087,MCY,Sunshine Coast Airport,Jetstar,JQ,A21N,Airbus A321-251NX(LR),VH-OYV,Departed 00:07,2026-07-27 05:57:00
DPS,departures,2026-07-26,22:55,23:29,JQ128,JST128,ADL,Adelaide Airport,Jetstar,JQ,A21N,Airbus A321-251NX(LR),VH-OFY,Departed 00:29,2026-07-27 05:57:00
DPS,departures,2026-07-26,23:05,23:14,BX602,ABL602,PUS,Busan Gimhae International Airport,Air Busan,BX,A21N,Airbus A321-251NX(LR),HL8366,Departed 00:14,2026-07-27 05:57:00
DPS,departures,2026-07-26,23:15,23:39,TW158,TWB158,CJJ,Cheongju International Airport,T'Way Air,TW,B38M,Boeing 737 MAX 8,HL8579,Departed 00:39,2026-07-27 05:57:00
DPS,departures,2026-07-26,23:20,23:53,8B84,TNU084,PER,Perth Airport,TransNusa,8B,A320,Airbus A320-214,PK-TLA,Departed 00:53,2026-07-27 05:57:00
DPS,departures,2026-07-26,23:20,23:27,GA880,GIA880,NRT,Tokyo Narita International Airport,Garuda Indonesia,GA,A333,Airbus A330-343,PK-GPT,Departed 00:27,2026-07-27 05:57:00
DPS,departures,2026-07-26,23:30,23:33,MF892,CXA892,XMN,Xiamen Gaoqi International Airport,Xiamen Air,MF,B38M,Boeing 737 MAX 8,B-20DX,Departed 00:33,2026-07-27 05:57:00
DPS,departures,2026-07-26,23:35,23:48,QR961,QTR961,DOH,Doha Hamad International Airport,Qatar Airways,QR,A35K,Airbus A350-1041,A7-AOE,Departed 00:48,2026-07-27 05:57:00
DPS,departures,2026-07-26,23:35,01:46,EK399,UAE399,DXB,Dubai International Airport,Emirates,EK,A388,Airbus A380-842,A6-EUO,Departed 02:46,2026-07-27 05:57:00
DPS,departures,2026-07-26,23:40,23:51,CZ626,CSN626,CAN,Guangzhou Baiyun International Airport,China Southern Airlines,CZ,A21N,Airbus A321-251NX,B-32PU,Departed 00:51,2026-07-27 05:57:00
DPS,departures,2026-07-26,23:55,00:05,PR538,PAL538,MNL,Manila Ninoy Aquino International Airport,Philippine Airlines,PR,A321,Airbus A321-231,RP-C9907,Departed 01:05,2026-07-27 05:57:00
DPS,departures,2026-07-26,23:55,00:23,MU5030,CES5030,PVG,Shanghai Pudong International Airport,China Eastern Airlines,MU,A333,Airbus A330-343,B-1066,Departed 01:23,2026-07-27 05:57:00
KNO,arrivals,2026-07-26,07:15,,JT200,,CGK,Jakarta Soekarno Hatta International Airport,Lion Air,JT,738,,,Unknown,2026-07-27 05:58:10
KNO,arrivals,2026-07-26,07:40,07:28,IW1265,WON1265,GNS,Gunung Sitoli Binaka Airport,Wings Air,IW,AT75,ATR 72-500,PK-WFT,Landed 07:28,2026-07-27 05:58:10
KNO,arrivals,2026-07-26,07:50,07:36,QG910,CTV910,CGK,Jakarta Soekarno Hatta International Airport,Citilink Garuda Indonesia,QG,A320,Airbus A320-214,PK-GQT,Landed 07:36,2026-07-27 05:58:10
KNO,arrivals,2026-07-26,08:00,07:43,SQ990,SIA990,SIN,Singapore Changi Airport,Singapore Airlines,SQ,B38M,Boeing 737 MAX 8,9V-MBU,Landed 07:43,2026-07-27 05:58:10
KNO,arrivals,2026-07-26,08:00,08:28,JT85,LNI085,JED,Jeddah King Abdulaziz International Airport,Lion Air,JT,A333,Airbus A330-343,PK-LEH,Landed 08:28,2026-07-27 05:58:10
KNO,arrivals,2026-07-26,08:20,08:20,QZ107,AWQ107,PEN,Penang International Airport,AirAsia,AK,A320,Airbus A320-214,PK-AZI,Landed 08:20,2026-07-27 05:58:10
KNO,arrivals,2026-07-26,08:25,,IW1267,,GNS,Gunung Sitoli Binaka Airport,Wings Air,IW,AT7,,,Unknown,2026-07-27 05:58:10
KNO,arrivals,2026-07-26,08:30,08:23,MH860,MAS860,KUL,Kuala Lumpur International Airport,Malaysia Airlines,MH,B738,Boeing 737-8H6,9M-MXB,Landed 08:23,2026-07-27 05:58:10
KNO,arrivals,2026-07-26,08:35,08:15,QG10,CTV010,HLP,Jakarta Halim Perdanakusuma Airport,Citilink,QG,A320,Airbus A320-214,PK-GLK,Landed 08:15,2026-07-27 05:58:10
KNO,arrivals,2026-07-26,08:35,,IP300,,CGK,Jakarta Soekarno Hatta International Airport,Pelita Air,IP,320,,,Unknown,2026-07-27 05:58:10
KNO,arrivals,2026-07-26,08:40,08:32,QZ125,AWQ125,KUL,Kuala Lumpur International Airport,AirAsia,AK,A320,Airbus A320-216,PK-AZT,Landed 08:32,2026-07-27 05:58:10
KNO,arrivals,2026-07-26,09:05,08:48,QG924,CTV924,BTH,Batam Hang Nadim Airport,Citilink,QG,A320,Airbus A320-214,PK-GLU,Landed 08:48,2026-07-27 05:58:10
KNO,arrivals,2026-07-26,09:15,09:06,ID7011,BTK7011,CGK,Jakarta Soekarno Hatta International Airport,Batik Air,ID,A320,Airbus A320-232,PK-BKJ,Landed 09:06,2026-07-27 05:58:10
KNO,arrivals,2026-07-26,09:20,08:53,IU862,SJV862,PDG,Padang Minangkabau International Airport,Super Air Jet,IU,A320,Airbus A320-232,PK-SJG,Landed 08:53,2026-07-27 05:58:10
KNO,arrivals,2026-07-26,09:30,09:18,GA182,GIA182,CGK,Jakarta Soekarno Hatta International Airport,Garuda Indonesia,GA,B738,Boeing 737-8SH,PK-GUD,Landed 09:18,2026-07-27 05:58:10
KNO,arrivals,2026-07-26,09:40,09:54,OD322,MXD322,KUL,Kuala Lumpur International Airport,Batik Air,ID,B38M,Boeing 737 MAX 8,9M-LRD,Landed 09:54,2026-07-27 05:58:10
KNO,arrivals,2026-07-26,09:45,09:36,JT964,LNI964,YIA,Yogyakarta International Airport,Lion Air,JT,B739,Boeing 737-9GP(ER),PK-LSH,Landed 09:36,2026-07-27 05:58:10
KNO,arrivals,2026-07-26,10:20,10:03,QG912,CTV912,CGK,Jakarta Soekarno Hatta International Airport,Citilink,QG,A320,Airbus A320-214,PK-GLX,Landed 10:03,2026-07-27 05:58:10
KNO,arrivals,2026-07-26,10:20,,JT204,,CGK,Jakarta Soekarno Hatta International Airport,Lion Air,JT,739,,,Unknown,2026-07-27 05:58:10
KNO,arrivals,2026-07-26,10:30,10:25,IU964,SJV964,PLM,Palembang International Airport,Super Air Jet,IU,A320,Airbus A320-232,PK-SGA,Landed 10:25,2026-07-27 05:58:10
KNO,arrivals,2026-07-26,10:30,10:30,AK391,AXM391,KUL,Kuala Lumpur International Airport,AirAsia (Let’s Fly To Terengganu Livery),AK,A320,Airbus A320-216,9M-AJS,Landed 10:30,2026-07-27 05:58:10
KNO,arrivals,2026-07-26,10:45,10:42,IW1249,WON1249,GNS,Gunung Sitoli Binaka Airport,Wings Air,IW,AT75,ATR 72-500,PK-WFT,Landed 10:42,2026-07-27 05:58:10
KNO,arrivals,2026-07-26,10:55,10:48,JT135,LNI135,PEN,Penang International Airport,Lion Air,JT,B739,Boeing 737-9GP(ER),PK-LJI,Landed 10:48,2026-07-27 05:58:10
KNO,arrivals,2026-07-26,11:20,10:57,IW1251,WON1251,LSW,Lhokseumawe Malikus Saleh Airport,Wings Air,IW,AT76,ATR 72-600,PK-WHT,Landed 10:57,2026-07-27 05:58:10
KNO,arrivals,2026-07-26,11:30,11:21,JT971,LNI971,BTH,Batam Hang Nadim Airport,Lion Air,JT,B739,Boeing 737-9GP(ER),PK-LHP,Landed 11:21,2026-07-27 05:58:10
KNO,arrivals,2026-07-26,11:55,11:59,QZ121,AWQ121,KUL,Kuala Lumpur International Airport,AirAsia,AK,A320,Airbus A320-216,PK-AZT,Landed 11:59,2026-07-27 05:58:10
KNO,arrivals,2026-07-26,11:55,12:16,GA184,GIA184,CGK,Jakarta Soekarno Hatta International Airport,Garuda Indonesia,GA,B738,Boeing 737-8U3,PK-GNG,Landed 12:16,2026-07-27 05:58:10
KNO,arrivals,2026-07-26,12:20,12:24,JT206,LNI206,CGK,Jakarta Soekarno Hatta International Airport,Lion Air,JT,B39M,Boeing 737 MAX 9,PK-LRH,Landed 12:24,2026-07-27 05:58:10
KNO,arrivals,2026-07-26,12:35,12:10,IW1217,WON1217,BTJ,Banda Aceh International Airport,Wings Air,IW,AT76,ATR 72-600,PK-WJV,Landed 12:10,2026-07-27 05:58:10
KNO,arrivals,2026-07-26,13:00,12:40,IU832,SJV832,PKU,Pekanbaru Sultan Syarif Kasim II Airport,Super Air Jet,IU,A320,Airbus A320-232,PK-SJG,Landed 12:40,2026-07-27 05:58:10
KNO,arrivals,2026-07-26,13:10,12:54,JT139,LNI139,PEN,Penang International Airport,Lion Air,JT,B739,Boeing 737-9GP(ER),PK-LSH,Landed 12:54,2026-07-27 05:58:10
KNO,arrivals,2026-07-26,13:25,13:30,QZ155,AWQ155,DMK,Bangkok Don Mueang International Airport,AirAsia,AK,A320,Airbus A320-214,PK-AZI,Landed 13:30,2026-07-27 05:58:10
KNO,arrivals,2026-07-26,13:40,13:26,QG916,CTV916,CGK,Jakarta Soekarno Hatta International Airport,Citilink (Retro Livery),QG,A320,Airbus A320-214,PK-GQI,Landed 13:26,2026-07-27 05:58:10
KNO,arrivals,2026-07-26,14:00,14:03,GA186,GIA186,CGK,Jakarta Soekarno Hatta International Airport,Garuda Indonesia,GA,B738,Boeing 737-8SA,PK-GUI,Landed 14:03,2026-07-27 05:58:10
KNO,arrivals,2026-07-26,14:05,,IW1259,,FLZ,Sibolga Ferdinand Lumban Tobing Airport,Wings Air,IW,AT76,ATR 72-600,PK-WHT,Unknown,2026-07-27 05:58:10
KNO,arrivals,2026-07-26,14:35,14:28,ID7146,BTK7146,SIN,Singapore Changi Airport,Batik Air,ID,A320,Airbus A320-214,PK-LUT,Landed 14:28,2026-07-27 05:58:10
KNO,arrivals,2026-07-26,14:50,14:32,IP302,PAS302,CGK,Jakarta Soekarno Hatta International Airport,Pelita Air,IP,A320,Airbus A320-214,PK-PWJ,Landed 14:32,2026-07-27 05:58:10
KNO,arrivals,2026-07-26,15:00,14:50,QZ129,AWQ129,KUL,Kuala Lumpur International Airport,AirAsia,AK,A320,Airbus A320-216,PK-AZT,Landed 14:50,2026-07-27 05:58:10
KNO,arrivals,2026-07-26,15:00,14:56,MH864,MAS864,KUL,Kuala Lumpur International Airport,Malaysia Airlines,MH,B738,Boeing 737-8H6,9M-MLM,Landed 14:56,2026-07-27 05:58:10
KNO,arrivals,2026-07-26,15:15,15:03,TR244,TGW244,SIN,Singapore Changi Airport,Scoot,TR,A320,Airbus A320-232,9V-TRO,Landed 15:03,2026-07-27 05:58:10
KNO,arrivals,2026-07-26,15:20,15:09,QG918,CTV918,CGK,Jakarta Soekarno Hatta International Airport,Citilink,QG,A320,Airbus A320-214,PK-GLG,Landed 15:09,2026-07-27 05:58:10
KNO,arrivals,2026-07-26,15:40,15:22,IW1247,WON1247,GNS,Gunung Sitoli Binaka Airport,Wings Air,IW,AT76,ATR 72-600,PK-WJV,Landed 15:22,2026-07-27 05:58:10
KNO,arrivals,2026-07-26,16:00,16:08,JT973,LNI973,BTH,Batam Hang Nadim Airport,Lion Air,JT,B739,Boeing 737-9GP(ER),PK-LHS,Landed 16:08,2026-07-27 05:58:10
KNO,arrivals,2026-07-26,16:00,15:50,GA118,GIA118,CGK,Jakarta Soekarno Hatta International Airport,Garuda Indonesia,GA,B738,Boeing 737-8U3,PK-GNC,Landed 15:50,2026-07-27 05:58:10
KNO,arrivals,2026-07-26,16:05,16:00,QG922,CTV922,BTH,Batam Hang Nadim Airport,Citilink,QG,A320,Airbus A320-214,PK-GLU,Landed 16:00,2026-07-27 05:58:10
KNO,arrivals,2026-07-26,16:10,16:20,QZ109,AWQ109,PEN,Penang International Airport,AirAsia,AK,A320,Airbus A320-214,PK-AZI,Landed 16:20,2026-07-27 05:58:10
KNO,arrivals,2026-07-26,16:20,16:13,JT212,LNI212,CGK,Jakarta Soekarno Hatta International Airport,Lion Air,JT,B738,Boeing 737-8GP,PK-LKQ,Landed 16:13,2026-07-27 05:58:10
KNO,arrivals,2026-07-26,16:35,16:56,JT133,LNI133,PEN,Penang International Airport,Lion Air,JT,B739,Boeing 737-9GP(ER),PK-LSH,Landed 16:56,2026-07-27 05:58:10
KNO,arrivals,2026-07-26,16:40,16:55,QG978,CTV978,CGK,Jakarta Soekarno Hatta International Airport,Citilink,QG,A320,Airbus A320-214,PK-GLI,Landed 16:55,2026-07-27 05:58:10
KNO,arrivals,2026-07-26,17:00,17:00,IW1269,WON1269,GNS,Gunung Sitoli Binaka Airport,Wings Air,IW,AT76,ATR 72-600,PK-WHF,Landed 17:00,2026-07-27 05:58:10
KNO,arrivals,2026-07-26,17:15,17:23,ID6886,BTK6886,CGK,Jakarta Soekarno Hatta International Airport,Batik Air,ID,A320,Airbus A320-214,PK-LUJ,Landed 17:23,2026-07-27 05:58:10
KNO,arrivals,2026-07-26,17:25,17:34,AK393,AXM393,KUL,Kuala Lumpur International Airport,AirAsia,AK,A20N,Airbus A320-251N,9M-AGL,Landed 17:34,2026-07-27 05:58:10
KNO,arrivals,2026-07-26,17:35,17:23,IP306,PAS306,CGK,Jakarta Soekarno Hatta International Airport,Pelita Air,IP,A320,Airbus A320-214,PK-PWG,Landed 17:23,2026-07-27 05:58:10
KNO,arrivals,2026-07-26,17:50,17:29,QZ103,AWQ103,PEN,Penang International Airport,AirAsia,AK,A320,Airbus A320-216,PK-AZT,Landed 17:29,2026-07-27 05:58:10
KNO,arrivals,2026-07-26,18:20,18:12,QG886,CTV886,CGK,Jakarta Soekarno Hatta International Airport,Citilink,QG,A320,Airbus A320-214,PK-GQE,Landed 18:12,2026-07-27 05:58:10
KNO,arrivals,2026-07-26,18:20,20:12,JT300,LNI300,CGK,Jakarta Soekarno Hatta International Airport,Lion Air,JT,B739,Boeing 737-9GP(ER),PK-LQT,Landed 20:12,2026-07-27 05:58:10
KNO,arrivals,2026-07-26,19:00,18:41,GA190,GIA190,CGK,Jakarta Soekarno Hatta International Airport,Garuda Indonesia,GA,B738,Boeing 737-8U3,PK-GFP,Landed 18:41,2026-07-27 05:58:10
KNO,arrivals,2026-07-26,19:15,21:00,QZ131,AWQ131,KUL,Kuala Lumpur International Airport,AirAsia,AK,A320,Airbus A320-216,PK-AZT,Landed 21:00,2026-07-27 05:58:10
KNO,arrivals,2026-07-26,19:20,,JT208,,CGK,Jakarta Soekarno Hatta International Airport,Lion Air,JT,738,,,Unknown,2026-07-27 05:58:10
KNO,arrivals,2026-07-26,19:35,19:34,SQ994,SIA994,SIN,Singapore Changi Airport,Singapore Airlines,SQ,B38M,Boeing 737 MAX 8,9V-MBU,Landed 19:34,2026-07-27 05:58:10
KNO,arrivals,2026-07-26,19:55,21:54,IU948,SJV948,CGK,Jakarta Soekarno Hatta International Airport,Super Air Jet (Xpora Livery),IU,A320,Airbus A320-232,PK-SAE,Landed 21:54,2026-07-27 05:58:10
KNO,arrivals,2026-07-26,20:20,,JT308,,CGK,Jakarta Soekarno Hatta International Airport,Lion Air,JT,739,,,Unknown,2026-07-27 05:58:10
KNO,arrivals,2026-07-26,20:40,02:16,OD326,MXD326,KUL,Kuala Lumpur International Airport,Batik Air,ID,B738,Boeing 737-86N,9M-LDP,Landed 02:16,2026-07-27 05:58:10
KNO,arrivals,2026-07-26,20:40,20:52,JT989,LNI989,BTH,Batam Hang Nadim Airport,Lion Air,JT,B738,Boeing 737-8GP,PK-LJR,Landed 20:52,2026-07-27 05:58:10
KNO,arrivals,2026-07-26,21:15,21:14,QG914,CTV914,CGK,Jakarta Soekarno Hatta International Airport,Citilink,QG,A320,Airbus A320-214,PK-GQM,Landed 21:14,2026-07-27 05:58:10
KNO,arrivals,2026-07-26,21:15,21:24,ID6884,BTK6884,CGK,Jakarta Soekarno Hatta International Airport,Batik Air,ID,A320,Airbus A320-214,PK-LUY,Landed 21:24,2026-07-27 05:58:10
KNO,arrivals,2026-07-26,21:15,,ID6205,,CGK,Jakarta Soekarno Hatta International Airport,Batik Air,ID,32A,,,Unknown,2026-07-27 05:58:10
KNO,arrivals,2026-07-26,21:40,21:34,GA196,GIA196,CGK,Jakarta Soekarno Hatta International Airport,Garuda Indonesia,GA,B738,Boeing 737-8U3,PK-GNA,Landed 21:34,2026-07-27 05:58:10
KNO,arrivals,2026-07-26,22:20,22:06,QG882,CTV882,CGK,Jakarta Soekarno Hatta International Airport,Citilink (Tiket.com Livery),QG,A320,Airbus A320-214,PK-GLZ,Landed 22:06,2026-07-27 05:58:10
KNO,arrivals,2026-07-26,22:20,22:30,JT306,LNI306,CGK,Jakarta Soekarno Hatta International Airport,Lion Air,JT,B738,Boeing 737-8GP,PK-LKQ,Landed 22:30,2026-07-27 05:58:10
KNO,arrivals,2026-07-26,22:35,,RI120,,CGK,Jakarta Soekarno Hatta International Airport,Rimbun Air,RI,73Y,,,Unknown,2026-07-27 05:58:10
KNO,departures,2026-07-26,00:10,,RI121,,CGK,Jakarta Soekarno Hatta International Airport,Rimbun Air,RI,73Y,,,Unknown,2026-07-27 05:58:29
KNO,departures,2026-07-26,05:00,05:09,QG911,CTV911,CGK,Jakarta Soekarno Hatta International Airport,Citilink,QG,A320,Airbus A320-214,PK-GLV,Departed 05:09,2026-07-27 05:58:29
KNO,departures,2026-07-26,05:30,05:46,ID6885,BTK6885,CGK,Jakarta Soekarno Hatta International Airport,Batik Air,ID,A320,Airbus A320-214,PK-LAM,Departed 05:46,2026-07-27 05:58:29
KNO,departures,2026-07-26,06:00,06:01,QZ106,AWQ106,PEN,Penang International Airport,AirAsia,AK,A320,Airbus A320-214,PK-AZI,Departed 06:01,2026-07-27 05:58:29
KNO,departures,2026-07-26,06:00,06:28,JT209,LNI209,CGK,Jakarta Soekarno Hatta International Airport,Lion Air,JT,B739,Boeing 737-9GP(ER),PK-LQS,Departed 06:28,2026-07-27 05:58:29
KNO,departures,2026-07-26,06:00,07:24,JT170,,CGK,Jakarta Soekarno Hatta International Airport,Lion Air,JT,738,,,Unknown,2026-07-27 05:58:29
KNO,departures,2026-07-26,06:00,06:11,GA183,GIA183,CGK,Jakarta Soekarno Hatta International Airport,Garuda Indonesia,GA,B738,Boeing 737-8SH,PK-GUJ,Departed 06:11,2026-07-27 05:58:29
KNO,departures,2026-07-26,06:10,06:06,QZ124,AWQ124,KUL,Kuala Lumpur International Airport,AirAsia,AK,A320,Airbus A320-216,PK-AZT,Departed 06:06,2026-07-27 05:58:29
KNO,departures,2026-07-26,06:30,06:38,JT988,LNI988,BTH,Batam Hang Nadim Airport,Lion Air,JT,B738,Boeing 737-8GP,PK-LJR,Departed 06:38,2026-07-27 05:58:29
KNO,departures,2026-07-26,06:55,07:04,OD327,MXD327,KUL,Kuala Lumpur International Airport,Batik Air,ID,B738,Boeing 737-8GP,9M-LNY,Departed 07:04,2026-07-27 05:58:29
KNO,departures,2026-07-26,07:00,,IW1266,,GNS,Gunung Sitoli Binaka Airport,Wings Air,IW,AT7,,,Unknown,2026-07-27 05:58:29
KNO,departures,2026-07-26,07:00,07:10,IU899,SJV899,CGK,Jakarta Soekarno Hatta International Airport,Super Air Jet,IU,A320,Airbus A320-232,PK-SJI,Departed 07:10,2026-07-27 05:58:29
KNO,departures,2026-07-26,08:00,,JT201,,CGK,Jakarta Soekarno Hatta International Airport,Lion Air,JT,738,,,Unknown,2026-07-27 05:58:29
KNO,departures,2026-07-26,08:05,08:15,IW1248,WON1248,GNS,Gunung Sitoli Binaka Airport,Wings Air,IW,AT75,ATR 72-500,PK-WFT,Departed 08:15,2026-07-27 05:58:29
KNO,departures,2026-07-26,08:10,08:28,JT134,LNI134,PEN,Penang International Airport,Lion Air,JT,B739,Boeing 737-9GP(ER),PK-LJI,Departed 08:28,2026-07-27 05:58:29
KNO,departures,2026-07-26,08:20,08:32,QG883,CTV883,CGK,Jakarta Soekarno Hatta International Airport,Citilink Garuda Indonesia,QG,A320,Airbus A320-214,PK-GQT,Departed 08:32,2026-07-27 05:58:29
KNO,departures,2026-07-26,08:45,09:10,QZ154,AWQ154,DMK,Bangkok Don Mueang International Airport,AirAsia,AK,A320,Airbus A320-214,PK-AZI,Departed 09:10,2026-07-27 05:58:29
KNO,departures,2026-07-26,08:45,08:53,IW1250,WON1250,LSW,Lhokseumawe Malikus Saleh Airport,Wings Air,IW,AT76,ATR 72-600,PK-WHT,Departed 08:53,2026-07-27 05:58:29
KNO,departures,2026-07-26,08:50,08:49,SQ991,SIA991,SIN,Singapore Changi Airport,Singapore Airlines,SQ,B38M,Boeing 737 MAX 8,9V-MBU,Departed 08:49,2026-07-27 05:58:29
KNO,departures,2026-07-26,08:50,08:44,IW1214,WON1214,BTJ,Banda Aceh International Airport,Wings Air,IW,AT76,ATR 72-600,PK-WJV,Departed 08:44,2026-07-27 05:58:29
KNO,departures,2026-07-26,09:20,09:22,QZ120,AWQ120,KUL,Kuala Lumpur International Airport,AirAsia,AK,A320,Airbus A320-216,PK-AZT,Departed 09:22,2026-07-27 05:58:29
KNO,departures,2026-07-26,09:20,09:26,QG11,CTV011,HLP,Jakarta Halim Perdanakusuma Airport,Citilink,QG,A320,Airbus A320-214,PK-GLK,Departed 09:26,2026-07-27 05:58:29
KNO,departures,2026-07-26,09:20,09:24,MH861,MAS861,KUL,Kuala Lumpur International Airport,Malaysia Airlines,MH,B738,Boeing 737-8H6,9M-MXB,Departed 09:24,2026-07-27 05:58:29
KNO,departures,2026-07-26,09:20,,IP301,,CGK,Jakarta Soekarno Hatta International Airport,Pelita Air,IP,320,,,Unknown,2026-07-27 05:58:29
KNO,departures,2026-07-26,09:35,09:37,QG925,CTV925,BTH,Batam Hang Nadim Airport,Citilink,QG,A320,Airbus A320-214,PK-GLU,Departed 09:37,2026-07-27 05:58:29
KNO,departures,2026-07-26,10:00,10:07,IU833,SJV833,PKU,Pekanbaru Sultan Syarif Kasim II Airport,Super Air Jet,IU,A320,Airbus A320-232,PK-SJG,Departed 10:07,2026-07-27 05:58:29
KNO,departures,2026-07-26,10:00,10:14,ID7010,BTK7010,CGK,Jakarta Soekarno Hatta International Airport,Batik Air,ID,A320,Airbus A320-232,PK-BKJ,Departed 10:14,2026-07-27 05:58:29
KNO,departures,2026-07-26,10:25,11:13,OD323,MXD323,KUL,Kuala Lumpur International Airport,Batik Air,ID,B38M,Boeing 737 MAX 8,9M-LRD,Departed 11:13,2026-07-27 05:58:29
KNO,departures,2026-07-26,10:25,10:44,JT138,LNI138,PEN,Penang International Airport,Lion Air,JT,B739,Boeing 737-9GP(ER),PK-LSH,Departed 10:44,2026-07-27 05:58:29
KNO,departures,2026-07-26,10:25,10:26,GA185,GIA185,CGK,Jakarta Soekarno Hatta International Airport,Garuda Indonesia,GA,B738,Boeing 737-8SH,PK-GUD,Departed 10:26,2026-07-27 05:58:29
KNO,departures,2026-07-26,10:30,10:36,ID7147,BTK7147,SIN,Singapore Changi Airport,Batik Air,ID,A320,Airbus A320-214,PK-LUT,Departed 10:36,2026-07-27 05:58:29
KNO,departures,2026-07-26,10:50,10:58,QG913,CTV913,CGK,Jakarta Soekarno Hatta International Airport,Citilink,QG,A320,Airbus A320-214,PK-GLX,Departed 10:58,2026-07-27 05:58:29
KNO,departures,2026-07-26,10:55,11:21,AK390,AXM390,KUL,Kuala Lumpur International Airport,AirAsia (Let’s Fly To Terengganu Livery),AK,A320,Airbus A320-216,9M-AJS,Departed 11:21,2026-07-27 05:58:29
KNO,departures,2026-07-26,11:00,,JT211,,CGK,Jakarta Soekarno Hatta International Airport,Lion Air,JT,739,,,Unknown,2026-07-27 05:58:29
KNO,departures,2026-07-26,11:10,11:41,IW1244,,GNS,Gunung Sitoli Binaka Airport,Wings Air,IW,AT75,ATR 72-500,PK-WFT,Estimated dep 11:41*,2026-07-27 05:58:29
KNO,departures,2026-07-26,11:30,11:36,IU965,SJV965,PLM,Palembang International Airport,Super Air Jet,IU,A320,Airbus A320-232,PK-SGA,Departed 11:36,2026-07-27 05:58:29
KNO,departures,2026-07-26,11:45,11:46,IW1258,WON1258,FLZ,Sibolga Ferdinand Lumban Tobing Airport,Wings Air,IW,AT76,ATR 72-600,PK-WHT,Departed 11:46,2026-07-27 05:58:29
KNO,departures,2026-07-26,12:10,12:49,JT972,LNI972,BTH,Batam Hang Nadim Airport,Lion Air,JT,B739,Boeing 737-9GP(ER),PK-LHP,Departed 12:49,2026-07-27 05:58:29
KNO,departures,2026-07-26,12:30,12:42,QZ122,AWQ122,KUL,Kuala Lumpur International Airport,AirAsia,AK,A320,Airbus A320-216,PK-AZT,Departed 12:42,2026-07-27 05:58:29
KNO,departures,2026-07-26,12:50,13:33,GA187,GIA187,CGK,Jakarta Soekarno Hatta International Airport,Garuda Indonesia,GA,B738,Boeing 737-8U3,PK-GNG,Departed 13:33,2026-07-27 05:58:29
KNO,departures,2026-07-26,13:00,13:47,JT385,LNI385,CGK,Jakarta Soekarno Hatta International Airport,Lion Air,JT,B39M,Boeing 737 MAX 9,PK-LRH,Departed 13:47,2026-07-27 05:58:29
KNO,departures,2026-07-26,13:00,13:10,IW1262,WON1262,GNS,Gunung Sitoli Binaka Airport,Wings Air,IW,AT76,ATR 72-600,PK-WJV,Departed 13:10,2026-07-27 05:58:29
KNO,departures,2026-07-26,13:40,13:49,IU863,SJV863,PDG,Padang Minangkabau International Airport,Super Air Jet,IU,A320,Airbus A320-232,PK-SJG,Departed 13:49,2026-07-27 05:58:29
KNO,departures,2026-07-26,13:50,14:21,QZ108,AWQ108,PEN,Penang International Airport,AirAsia,AK,A320,Airbus A320-214,PK-AZI,Departed 14:21,2026-07-27 05:58:29
KNO,departures,2026-07-26,13:50,14:18,JT132,LNI132,PEN,Penang International Airport,Lion Air,JT,B739,Boeing 737-9GP(ER),PK-LSH,Departed 14:18,2026-07-27 05:58:29
KNO,departures,2026-07-26,14:10,14:34,QG919,CTV919,CGK,Jakarta Soekarno Hatta International Airport,Citilink (Retro Livery),QG,A320,Airbus A320-214,PK-GQI,Departed 14:34,2026-07-27 05:58:29
KNO,departures,2026-07-26,14:45,14:52,IW1260,WON1260,GNS,Gunung Sitoli Binaka Airport,Wings Air,IW,AT76,ATR 72-600,PK-WHT,Departed 14:52,2026-07-27 05:58:29
KNO,departures,2026-07-26,15:05,15:24,GA189,GIA189,CGK,Jakarta Soekarno Hatta International Airport,Garuda Indonesia,GA,B738,Boeing 737-8SA,PK-GUI,Departed 15:24,2026-07-27 05:58:29
KNO,departures,2026-07-26,15:30,15:30,QZ102,AWQ102,PEN,Penang International Airport,AirAsia,AK,A320,Airbus A320-216,PK-AZT,Departed 15:30,2026-07-27 05:58:29
KNO,departures,2026-07-26,15:35,15:45,IP303,PAS303,CGK,Jakarta Soekarno Hatta International Airport,Pelita Air,IP,A320,Airbus A320-214,PK-PWJ,Departed 15:45,2026-07-27 05:58:29
KNO,departures,2026-07-26,15:45,16:00,MH865,MAS865,KUL,Kuala Lumpur International Airport,Malaysia Airlines,MH,B738,Boeing 737-8H6,9M-MLM,Departed 16:00,2026-07-27 05:58:29
KNO,departures,2026-07-26,16:00,16:09,TR245,TGW245,SIN,Singapore Changi Airport,Scoot,TR,A320,Airbus A320-232,9V-TRO,Departed 16:09,2026-07-27 05:58:29
KNO,departures,2026-07-26,16:05,16:15,IW1212,WON1212,BTJ,Banda Aceh International Airport,Wings Air,IW,AT76,ATR 72-600,PK-WJV,Departed 16:15,2026-07-27 05:58:29
KNO,departures,2026-07-26,16:10,16:26,JT309,LNI309,CGK,Jakarta Soekarno Hatta International Airport,Lion Air,JT,B739,Boeing 737-9GP(ER),PK-LJI,Departed 16:26,2026-07-27 05:58:29
KNO,departures,2026-07-26,16:30,16:44,QG917,CTV917,CGK,Jakarta Soekarno Hatta International Airport,Citilink,QG,A320,Airbus A320-214,PK-GLG,Departed 16:44,2026-07-27 05:58:29
KNO,departures,2026-07-26,16:35,17:03,QG923,CTV923,BTH,Batam Hang Nadim Airport,Citilink,QG,A320,Airbus A320-214,PK-GLU,Departed 17:03,2026-07-27 05:58:29
KNO,departures,2026-07-26,16:40,18:37,AK130,AWQ130,KUL,Kuala Lumpur International Airport,AirAsia,AK,A320,Airbus A320-216,PK-AZT,Departed 18:37,2026-07-27 05:58:29
KNO,departures,2026-07-26,16:40,17:04,JT977,LNI977,BTH,Batam Hang Nadim Airport,Lion Air,JT,B739,Boeing 737-9GP(ER),PK-LHS,Departed 17:04,2026-07-27 05:58:29
KNO,departures,2026-07-26,16:40,16:47,ID6878,BTK6878,DJB,Jambi Sultan Thaha Airport,Batik Air,ID,A320,Airbus A320-214,PK-LUT,Departed 16:47,2026-07-27 05:58:29
KNO,departures,2026-07-26,17:00,17:30,JT213,LNI213,CGK,Jakarta Soekarno Hatta International Airport,Lion Air,JT,B738,Boeing 737-8GP,PK-LKQ,Departed 17:30,2026-07-27 05:58:29
KNO,departures,2026-07-26,17:00,17:15,GA121,GIA121,CGK,Jakarta Soekarno Hatta International Airport,Garuda Indonesia,GA,B738,Boeing 737-8U3,PK-GNC,Departed 17:15,2026-07-27 05:58:29
KNO,departures,2026-07-26,17:20,17:56,JT963,LNI963,YIA,Yogyakarta International Airport,Lion Air,JT,B739,Boeing 737-9GP(ER),PK-LSH,Departed 17:56,2026-07-27 05:58:29
KNO,departures,2026-07-26,17:30,17:50,QG979,CTV979,CGK,Jakarta Soekarno Hatta International Airport,Citilink,QG,A320,Airbus A320-214,PK-GLI,Departed 17:50,2026-07-27 05:58:29
KNO,departures,2026-07-26,17:50,18:27,AK392,AXM392,KUL,Kuala Lumpur International Airport,AirAsia,AK,A20N,Airbus A320-251N,9M-AGL,Departed 18:27,2026-07-27 05:58:29
KNO,departures,2026-07-26,18:00,18:32,ID6887,BTK6887,CGK,Jakarta Soekarno Hatta International Airport,Batik Air,ID,A320,Airbus A320-214,PK-LUJ,Departed 18:32,2026-07-27 05:58:29
KNO,departures,2026-07-26,18:20,18:24,IP307,PAS307,CGK,Jakarta Soekarno Hatta International Airport,Pelita Air,IP,A320,Airbus A320-214,PK-PWG,Departed 18:24,2026-07-27 05:58:29
KNO,departures,2026-07-26,18:50,19:12,QG887,CTV887,CGK,Jakarta Soekarno Hatta International Airport,Citilink,QG,A320,Airbus A320-214,PK-GQE,Departed 19:12,2026-07-27 05:58:29
KNO,departures,2026-07-26,19:00,,JT383,,CGK,Jakarta Soekarno Hatta International Airport,Lion Air,JT,7M9,,,Unknown,2026-07-27 05:58:29
KNO,departures,2026-07-26,19:50,20:02,GA193,GIA193,CGK,Jakarta Soekarno Hatta International Airport,Garuda Indonesia,GA,B738,Boeing 737-8U3,PK-GFP,Departed 20:02,2026-07-27 05:58:29
KNO,departures,2026-07-26,20:05,21:32,JT215,,CGK,Jakarta Soekarno Hatta International Airport,Lion Air,JT,738,,,Unknown,2026-07-27 05:58:29
KNO,departures,2026-07-26,20:25,20:38,SQ995,SIA995,SIN,Singapore Changi Airport,Singapore Airlines,SQ,B38M,Boeing 737 MAX 8,9V-MBU,Departed 20:38,2026-07-27 05:58:29
KNO,departures,2026-07-26,21:45,22:06,QG915,CTV915,CGK,Jakarta Soekarno Hatta International Airport,Citilink,QG,A320,Airbus A320-214,PK-GQM,Departed 22:06,2026-07-27 05:58:29
KUL,arrivals,2026-07-26,00:00,23:57,MH2639,MAS2639,BKI,Kota Kinabalu International Airport,Malaysia Airlines,MH,B738,Boeing 737-8H6,9M-MXX,Landed 00:57,2026-07-27 06:03:35
KUL,arrivals,2026-07-26,00:00,00:15,AK5131,AXM5131,BKI,Kota Kinabalu International Airport,AirAsia,AK,A20N,Airbus A320-251N,9M-AGB,Landed 01:15,2026-07-27 06:03:35
KUL,arrivals,2026-07-26,00:00,00:09,AK123,AXM123,SZX,Shenzhen Bao'an International Airport,AirAsia,AK,A20N,Airbus A320-251N,9M-AGQ,Landed 01:09,2026-07-27 06:03:35
KUL,arrivals,2026-07-26,00:05,,MH6208,,SYD,Sydney Kingsford Smith Airport,Malaysia Airlines,MH,33X,,,Unknown,2026-07-27 06:03:35
KUL,arrivals,2026-07-26,00:15,00:03,PR529,PAL529,MNL,Manila Ninoy Aquino International Airport,Philippine Airlines,PR,A321,Airbus A321-231,RP-C9919,Landed 01:03,2026-07-27 06:03:35
KUL,arrivals,2026-07-26,00:20,00:06,AK375,AXM375,DPS,Denpasar Ngurah Rai International Airport,AirAsia,AK,A320,Airbus A320-216,9M-RAV,Landed 01:06,2026-07-27 06:03:35
KUL,arrivals,2026-07-26,00:30,01:25,MF857,CXA857,XMN,Xiamen Gaoqi International Airport,Xiamen Air,MF,B738,Boeing 737-85C,B-5488,Landed 02:25,2026-07-27 06:03:35
KUL,arrivals,2026-07-26,00:30,00:36,CX733,CPA733,HKG,Hong Kong International Airport,Cathay Pacific,CX,A333,Airbus A330-343,B-LBF,Landed 01:36,2026-07-27 06:03:35
KUL,arrivals,2026-07-26,00:35,00:29,FM813,CSH813,FOC,Fuzhou Changle International Airport,Shanghai Airlines,FM,B38M,Boeing 737 MAX 8,B-1149,Landed 01:29,2026-07-27 06:03:35
KUL,arrivals,2026-07-26,00:40,00:24,CZ8025,CSN8025,CGO,Zhengzhou Xinzheng International Airport,China Southern Airlines,CZ,B738,Boeing 737-81B,B-1953,Landed 01:24,2026-07-27 06:03:35
KUL,arrivals,2026-07-26,01:00,,MH6206,,SYD,Sydney Kingsford Smith Airport,Malaysia Airlines,MH,33X,,,Unknown,2026-07-27 06:03:35
KUL,arrivals,2026-07-26,01:05,01:10,ZH333,CSZ333,SZX,Shenzhen Bao'an International Airport,Shenzhen Airlines,ZH,A320,Airbus A320-214,B-9910,Landed 02:10,2026-07-27 06:03:35
KUL,arrivals,2026-07-26,01:10,,3U9053,,NNG,Nanning Wuxu International Airport,Sichuan Airlines,3U,A321,Airbus A321-231(PCF),B-32JG,Unknown,2026-07-27 06:03:35
KUL,arrivals,2026-07-26,01:10,00:41,CZ5049,CSN5049,CSX,Changsha Huanghua International Airport,China Southern Airlines,CZ,A20N,Airbus A320-251N,B-32P0,Landed 01:41,2026-07-27 06:03:35
KUL,arrivals,2026-07-26,01:15,01:42,AK117,AXM117,CAN,Guangzhou Baiyun International Airport,AirAsia,AK,A21N,Airbus A321-251NX,9M-VAE,Landed 02:42,2026-07-27 06:03:35
KUL,arrivals,2026-07-26,01:25,01:52,AK607,AXM607,PER,Perth Airport,AirAsia,AK,A21N,Airbus A321-251NX,9M-VAG,Landed 02:52,2026-07-27 06:03:35
KUL,arrivals,2026-07-26,02:05,01:53,SC8077,CDG8077,TNA,Jinan Yaoqiang International Airport,Shandong Airlines,SC,B38M,Boeing 737 MAX 8,B-224R,Landed 02:53,2026-07-27 06:03:35
KUL,arrivals,2026-07-26,02:05,02:56,MU857,CES857,KMG,Kunming Changshui International Airport,China Eastern Airlines,MU,A20N,Airbus A320-251N,B-32E0,Landed 03:56,2026-07-27 06:03:35
KUL,arrivals,2026-07-26,02:05,02:06,BG386,BBC386,DAC,Dhaka Shahjalal International Airport,Biman Bangladesh Airlines,BG,B738,Boeing 737-8E9,S2-AHO,Landed 03:06,2026-07-27 06:03:35
KUL,arrivals,2026-07-26,02:10,02:58,HO1563,DKH1563,WUX,Wuxi Sunan Shuofang International Airport,Juneyao Air (20 Year Anniversary Sticker),HO,A20N,Airbus A320-271N,B-30FQ,Landed 03:58,2026-07-27 06:03:35
KUL,arrivals,2026-07-26,02:25,,MH6171,,PVG,Shanghai Pudong International Airport,MASkargo,MH,A332,Airbus A330-223F,9M-MUD,Unknown,2026-07-27 06:03:35
KUL,arrivals,2026-07-26,02:30,03:22,MU2565,CES2565,WUH,Wuhan Tianhe International Airport,China Eastern Airlines,MU,B738,Boeing 737-89P,B-1513,Landed 04:22,2026-07-27 06:03:35
KUL,arrivals,2026-07-26,03:00,03:07,OD679,MXD679,XMN,Xiamen Gaoqi International Airport,Batik Air,ID,B38M,Boeing 737 MAX 8,9M-LRW,Landed 04:07,2026-07-27 06:03:35
KUL,arrivals,2026-07-26,03:05,04:39,OD298,MXD298,CMB,Colombo Bandaranaike International Airport,Batik Air,ID,B738,Boeing 737-8GP,9M-LNV,Landed 05:39,2026-07-27 06:03:35
KUL,arrivals,2026-07-26,03:15,03:03,MH805,MAS805,MNL,Manila Ninoy Aquino International Airport,Malaysia Airlines,MH,B738,Boeing 737-8H6,9M-MXE,Landed 04:03,2026-07-27 06:03:35
KUL,arrivals,2026-07-26,03:20,03:50,OD181,MXD181,KTM,Kathmandu Tribhuvan International Airport,Batik Air,ID,B38M,Boeing 737 MAX 8,9M-LRS,Landed 04:50,2026-07-27 06:03:35
KUL,arrivals,2026-07-26,03:20,03:17,D7353,XAX353,CSX,Changsha Huanghua International Airport,AirAsia (UFC Livery),AK,A333,Airbus A330-343,9M-XXD,Landed 04:17,2026-07-27 06:03:35
KUL,arrivals,2026-07-26,03:30,02:51,MH71,MAS71,NRT,Tokyo Narita International Airport,Malaysia Airlines,MH,A333,Airbus A330-323,9M-MTF,Landed 03:51,2026-07-27 06:03:35
KUL,arrivals,2026-07-26,03:45,03:45,6E1031,IGO1031,MAA,Chennai International Airport,IndiGo,6E,A20N,Airbus A320-251N,VT-IXA,Landed 04:45,2026-07-27 06:03:35
KUL,arrivals,2026-07-26,03:45,04:13,OD224,MXD224,TRZ,Tiruchirappalli International Airport,Batik Air,ID,B738,Boeing 737-8GP,9M-LNP,Landed 05:13,2026-07-27 06:03:35
KUL,arrivals,2026-07-26,03:45,,MH6171,,PVG,Shanghai Pudong International Airport,Malaysia Airlines,MH,33X,,,Unknown,2026-07-27 06:03:35
KUL,arrivals,2026-07-26,04:00,03:40,D7379,XAX379,TPE,Taipei Taoyuan International Airport,AirAsia,AK,A333,Airbus A330-343,9M-XXZ,Landed 04:40,2026-07-27 06:03:35
KUL,arrivals,2026-07-26,04:05,03:35,OD194,MXD194,PER,Perth Airport,Batik Air,ID,B738,Boeing 737-8GP,9M-LDD,Landed 04:35,2026-07-27 06:03:35
KUL,arrivals,2026-07-26,04:05,04:29,D7307,XAX307,HGH,Hangzhou Xiaoshan International Airport,AirAsia,AK,A333,Airbus A330-343,9M-XXQ,Landed 05:29,2026-07-27 06:03:35
KUL,arrivals,2026-07-26,04:05,04:21,AK46,AXM46,CMB,Colombo Bandaranaike International Airport,AirAsia,AK,A20N,Airbus A320-251N,9M-AGH,Landed 05:21,2026-07-27 06:03:35
KUL,arrivals,2026-07-26,04:10,03:57,MH140,MAS140,SYD,Sydney Kingsford Smith Airport,Malaysia Airlines,MH,A339,Airbus A330-941,9M-MNO,Landed 04:57,2026-07-27 06:03:35
KUL,arrivals,2026-07-26,04:10,05:03,AK22,AXM22,TRZ,Tiruchirappalli International Airport,AirAsia (Resorts World Genting Livery),AK,A20N,Airbus A320-251N,9M-AGA,Landed 06:03,2026-07-27 06:03:35
KUL,arrivals,2026-07-26,04:30,,YG9003,,HGH,Hangzhou Xiaoshan International Airport,YTO Cargo Airlines,YG,75F,,,Unknown,2026-07-27 06:03:35
KUL,arrivals,2026-07-26,04:30,04:16,AK38,AXM38,COK,Cochin International Airport,AirAsia,AK,A20N,Airbus A320-251N,9M-AGE,Landed 05:16,2026-07-27 06:03:35
KUL,arrivals,2026-07-26,04:35,04:06,AK62,AXM62,CCU,Kolkata Subhas Chandra Bose International Airport,AirAsia,AK,A20N,Airbus A320-251N,9M-AGJ,Landed 05:06,2026-07-27 06:03:35
KUL,arrivals,2026-07-26,04:40,05:35,OD699,MXD699,TPE,Taipei Taoyuan International Airport,Batik Air,ID,B38M,Boeing 737 MAX 8,9M-LRD,Landed 06:35,2026-07-27 06:03:35
KUL,arrivals,2026-07-26,04:40,04:54,OD165,MXD165,DAC,Dhaka Shahjalal International Airport,Batik Air (Visit Malaysia Truly Asia 2026 Livery),ID,B38M,Boeing 737 MAX 8,9M-LRL,Landed 05:54,2026-07-27 06:03:35
KUL,arrivals,2026-07-26,04:45,04:42,MH39,MAS039,ICN,Seoul Incheon International Airport,Malaysia Airlines,MH,B38M,Boeing 737 MAX 8,9M-MVR,Landed 05:42,2026-07-27 06:03:35
KUL,arrivals,2026-07-26,04:45,04:23,AK119,AXM119,CAN,Guangzhou Baiyun International Airport,"AirAsia (3, 2,1, Take Off Livery)",AK,A21N,Airbus A321-251NX,9M-VAA,Landed 05:23,2026-07-27 06:03:35
KUL,arrivals,2026-07-26,04:50,05:11,AI2386,AIC2386,DEL,Delhi Indira Gandhi International Airport,Air india (Star Alliance Livery),AI,A20N,Airbus A320-251N,VT-EXO,Landed 06:11,2026-07-27 06:03:35
KUL,arrivals,2026-07-26,05:00,07:15,OD206,MXD206,DEL,Delhi Indira Gandhi International Airport,Batik Air,ID,B738,Boeing 737-8GP,9M-LNR,Landed 08:15,2026-07-27 06:03:35
KUL,arrivals,2026-07-26,05:00,04:35,NH885,ANA885,HND,Tokyo Haneda International Airport,All Nippon Airways,NH,B788,Boeing 787-8 Dreamliner,JA807A,Landed 05:35,2026-07-27 06:03:35
KUL,arrivals,2026-07-26,05:00,04:26,MU7707,CES7707,NKG,Nanjing Lukou International Airport,China Eastern Airlines,MU,A20N,Airbus A320-251N,B-32GN,Landed 05:26,2026-07-27 06:03:35
KUL,arrivals,2026-07-26,05:00,04:52,MH128,MAS128,MEL,Melbourne Airport,Malaysia Airlines,MH,A339,Airbus A330-941,9M-MNN,Landed 05:52,2026-07-27 06:03:35
KUL,arrivals,2026-07-26,05:05,05:09,FM863,CSH863,PVG,Shanghai Pudong International Airport,Shanghai Airlines,FM,B38M,Boeing 737 MAX 8,B-224D,Landed 06:09,2026-07-27 06:03:35
KUL,arrivals,2026-07-26,05:10,04:47,MH527,MAS527,TFU,Chengdu Tianfu International Airport,Malaysia Airlines,MH,B38M,Boeing 737 MAX 8,9M-MVK,Landed 05:47,2026-07-27 06:03:35
KUL,arrivals,2026-07-26,05:10,05:17,MH21,MAS21,CDG,Paris Charles de Gaulle Airport,Malaysia Airlines,MH,A359,Airbus A350-941,9M-MAD,Landed 06:17,2026-07-27 06:03:35
KUL,arrivals,2026-07-26,05:10,04:45,D7601,XAX601,ALA,Almaty International Airport,AirAsia,AK,A333,Airbus A330-343,9M-XBI,Landed 05:45,2026-07-27 06:03:35
KUL,arrivals,2026-07-26,05:15,06:14,OD136,MXD136,KHI,Karachi Jinnah International Airport,Batik Air (Visit Malaysia Truly Asia 2026 Livery),ID,B38M,Boeing 737 MAX 8,9M-LRM,Landed 07:14,2026-07-27 06:03:35
KUL,arrivals,2026-07-26,05:15,04:50,D7523,XAX523,HND,Tokyo Haneda International Airport,AirAsia,AK,A333,Airbus A330-343,9M-XXG,Landed 05:50,2026-07-27 06:03:35
KUL,arrivals,2026-07-26,05:20,04:59,MH178,MAS178,CMB,Colombo Bandaranaike International Airport,Malaysia Airlines,MH,B738,Boeing 737-8H6,9M-MLR,Landed 05:59,2026-07-27 06:03:35
KUL,arrivals,2026-07-26,05:20,05:06,AK12,AXM12,MAA,Chennai International Airport,AirAsia,AK,A20N,Airbus A320-251N,9M-RAM,Landed 06:06,2026-07-27 06:03:35
KUL,arrivals,2026-07-26,05:25,04:56,AK104,AXM104,KMG,Kunming Changshui International Airport,AirAsia,AK,A20N,Airbus A320-251N,9M-AGF,Landed 05:56,2026-07-27 06:03:35
KUL,arrivals,2026-07-26,05:30,05:12,MH181,MAS181,MAA,Chennai International Airport,Malaysia Airlines,MH,B38M,Boeing 737 MAX 8,9M-MVJ,Landed 06:12,2026-07-27 06:03:35
KUL,arrivals,2026-07-26,05:35,11:59,CV4326,CLX4326,LUX,Luxembourg Findel Airport,Cargolux,CV,B748,Boeing 747-8R7F,LX-VCI,Landed 12:59,2026-07-27 06:03:35
KUL,arrivals,2026-07-26,05:45,,MH523,,SZX,Shenzhen Bao'an International Airport,Malaysia Airlines,MH,7M8,,,Canceled,2026-07-27 06:03:35
KUL,arrivals,2026-07-26,05:50,05:14,MH521,MAS521,CSX,Changsha Huanghua International Airport,Malaysia Airlines,MH,B38M,Boeing 737 MAX 8,9M-MVE,Landed 06:14,2026-07-27 06:03:35
KUL,arrivals,2026-07-26,05:55,05:44,MH1137,MAS1137,PEN,Penang International Airport,Malaysia Airlines,MH,B738,Boeing 737-8H6,9M-MXO,Landed 06:44,2026-07-27 06:03:35
KUL,arrivals,2026-07-26,05:55,06:16,MH191,MAS191,DEL,Delhi Indira Gandhi International Airport,Malaysia Airlines,MH,A333,Airbus A330-323,9M-MTI,Landed 07:16,2026-07-27 06:03:35
KUL,arrivals,2026-07-26,06:00,06:51,OD161,MXD161,DAC,Dhaka Shahjalal International Airport,Batik Air,ID,A333,Airbus A330-343,9M-LFH,Landed 07:51,2026-07-27 06:03:35
KUL,arrivals,2026-07-26,06:00,05:39,AK6115,AXM6115,PEN,Penang International Airport,AirAsia,AK,A320,Airbus A320-216,9M-RAW,Landed 06:39,2026-07-27 06:03:35
KUL,arrivals,2026-07-26,06:00,10:48,OD216,MXD216,BOM,Mumbai Chhatrapati Shivaji International Airport,Batik Air,ID,B738,Boeing 737-86N,9M-LDT,Landed 11:48,2026-07-27 06:03:35
KUL,arrivals,2026-07-26,06:00,05:32,AK68,AXM68,HYD,Hyderabad Rajiv Gandhi International Airport,AirAsia (Sarawak Livery),AK,A320,Airbus A320-216,9M-AJD,Landed 06:32,2026-07-27 06:03:35
KUL,arrivals,2026-07-26,06:10,06:01,MH109,MAS109,COK,Cochin International Airport,Malaysia Airlines,MH,B38M,Boeing 737 MAX 8,9M-MVO,Landed 07:01,2026-07-27 06:03:35
KUL,arrivals,2026-07-26,06:15,05:47,MH185,MAS185,CCU,Kolkata Subhas Chandra Bose International Airport,Malaysia Airlines,MH,B38M,Boeing 737 MAX 8,9M-MVI,Landed 06:47,2026-07-27 06:03:35
KUL,arrivals,2026-07-26,06:15,06:44,D7331,XAX331,PVG,Shanghai Pudong International Airport,AirAsia (Visit Malaysia 2026 Truly Asia Sticker),AK,A333,Airbus A330-343,9M-XBF,Landed 07:44,2026-07-27 06:03:35
KUL,arrivals,2026-07-26,06:15,06:42,OD132,MXD132,LHE,Lahore Allama Iqbal International Airport,Batik Air,ID,A333,Airbus A330-343,9M-LFD,Landed 07:42,2026-07-27 06:03:35
KUL,arrivals,2026-07-26,06:15,05:40,MH3,MAS3,LHR,London Heathrow Airport,Malaysia Airlines,MH,A359,Airbus A350-941,9M-MAE,Landed 06:40,2026-07-27 06:03:35
KUL,arrivals,2026-07-26,06:20,06:21,UL318,ALK318,CMB,Colombo Bandaranaike International Airport,SriLankan Airlines,UL,A320,Airbus A320-214,4R-ABM,Landed 07:21,2026-07-27 06:03:35
KUL,arrivals,2026-07-26,06:20,06:18,MH199,MAS199,HYD,Hyderabad Rajiv Gandhi International Airport,Malaysia Airlines,MH,B38M,Boeing 737 MAX 8,9M-MVH,Landed 07:18,2026-07-27 06:03:35
KUL,arrivals,2026-07-26,06:20,,AK129,,SZX,Shenzhen Bao'an International Airport,AirAsia (Sustainable Asean Tourism Livery),AK,A320,Airbus A320-216,9M-AJW,Canceled,2026-07-27 06:03:35
KUL,arrivals,2026-07-26,06:20,06:45,TK174,THY174,IST,Istanbul Airport,Turkish Airlines,TK,A359,Airbus A350-941,TC-LGA,Landed 07:45,2026-07-27 06:03:35
KUL,arrivals,2026-07-26,06:25,06:08,MH726,MAS726,CGK,Jakarta Soekarno Hatta International Airport,Malaysia Airlines,MH,B738,Boeing 737-8H6,9M-MSB,Landed 07:08,2026-07-27 06:03:35
KUL,arrivals,2026-07-26,06:25,06:04,MH195,MAS195,BOM,Mumbai Chhatrapati Shivaji International Airport,Malaysia Airlines,MH,A333,Airbus A330-323,9M-MTN,Landed 07:04,2026-07-27 06:03:35
KUL,arrivals,2026-07-26,06:30,06:10,MH2547,MAS2547,KCH,Kuching International Airport,Malaysia Airlines (Malaysia Negaraku Livery),MH,B738,Boeing 737-8H6,9M-MXV,Landed 07:10,2026-07-27 06:03:35
KUL,arrivals,2026-07-26,06:30,06:35,MH193,MAS193,BLR,Bengaluru Kempegowda International Airport,Malaysia Airlines,MH,B38M,Boeing 737 MAX 8,9M-MVA,Landed 07:35,2026-07-27 06:03:35
KUL,arrivals,2026-07-26,06:35,06:54,MH119,MAS119,ATQ,Amritsar International Airport,Malaysia Airlines,MH,B38M,Boeing 737 MAX 8,9M-MVM,Landed 07:54,2026-07-27 06:03:35
KUL,arrivals,2026-07-26,06:45,06:26,OD673,MXD673,TFU,Chengdu Tianfu International Airport,Batik Air,ID,B38M,Boeing 737 MAX 8,9M-LRU,Landed 07:26,2026-07-27 06:03:35
KUL,arrivals,2026-07-26,06:45,07:19,MH387,MAS387,PVG,Shanghai Pudong International Airport,Malaysia Airlines (Malaysia Negaraku Livery),MH,A332,Airbus A330-223,9M-MTZ,Landed 08:19,2026-07-27 06:03:35
KUL,arrivals,2026-07-26,06:55,07:40,MH6175,MAS6175,CAN,Guangzhou Baiyun International Airport,MASkargo,MH,A332,Airbus A330-223F,9M-MUA,Landed 08:40,2026-07-27 06:03:35
KUL,arrivals,2026-07-26,06:55,06:37,MH132,MAS132,AKL,Auckland Airport,Malaysia Airlines,MH,A339,Airbus A330-941,9M-MNM,Landed 07:37,2026-07-27 06:03:35
KUL,arrivals,2026-07-26,06:55,06:47,QR844,QTR90C,DOH,Doha Hamad International Airport,Qatar Airways,QR,B77W,Boeing 777-3DZ(ER),A7-BAJ,Landed 07:47,2026-07-27 06:03:35
KUL,arrivals,2026-07-26,07:00,06:39,MH2637,MAS2637,BKI,Kota Kinabalu International Airport,Malaysia Airlines (Retro Livery),MH,B738,Boeing 737-8H6,9M-MLV,Landed 07:39,2026-07-27 06:03:35
KUL,arrivals,2026-07-26,07:00,06:56,MH197,MAS197,DAC,Dhaka Shahjalal International Airport,Malaysia Airlines,MH,B38M,Boeing 737 MAX 8,9M-MVB,Landed 07:56,2026-07-27 06:03:35
KUL,arrivals,2026-07-26,07:00,06:52,MH126,MAS126,PER,Perth Airport,Malaysia Airlines,MH,A333,Airbus A330-323,9M-MTK,Landed 07:52,2026-07-27 06:03:35
KUL,arrivals,2026-07-26,07:05,06:40,QZ200,AWQ200,CGK,Jakarta Soekarno Hatta International Airport,AirAsia,AK,A320,Airbus A320-216,PK-AZO,Landed 07:40,2026-07-27 06:03:35
KUL,arrivals,2026-07-26,07:05,06:47,AK6052,AXM6052,JHB,Johor Bahru Senai International Airport,AirAsia,AK,A320,Airbus A320-216,9M-AGM,Landed 07:47,2026-07-27 06:03:35
KUL,arrivals,2026-07-26,07:10,06:58,SQ104,SIA104,SIN,Singapore Changi Airport,Singapore Airlines,SQ,B38M,Boeing 737 MAX 8,9V-MBK,Landed 07:58,2026-07-27 06:03:31
KUL,arrivals,2026-07-26,07:10,06:50,QZ124,AWQ124,KNO,Medan Kuala Namu International Airport,AirAsia,AK,A320,Airbus A320-216,PK-AZT,Landed 07:50,2026-07-27 06:03:31
KUL,arrivals,2026-07-26,07:10,08:02,OD617,MXD617,PVG,Shanghai Pudong International Airport,Batik Air,ID,B738,Boeing 737-86N,9M-LDP,Landed 09:02,2026-07-27 06:03:31
KUL,arrivals,2026-07-26,07:10,07:04,MH205,MAS205,TRV,Thiruvananthapuram International Airport,Malaysia Airlines,MH,B38M,Boeing 737 MAX 8,9M-MVC,Landed 08:04,2026-07-27 06:03:31
KUL,arrivals,2026-07-26,07:10,07:10,TK62,THY45M,IST,Istanbul Airport,Turkish Airlines,TK,A359,Airbus A350-941,TC-LHC,Landed 08:10,2026-07-27 06:03:35
KUL,arrivals,2026-07-26,07:15,07:01,WY821,OMA821,MCT,Muscat International Airport,Oman Air,WY,B789,Boeing 787-9 Dreamliner,A4O-SE,Landed 08:01,2026-07-27 06:03:31
KUL,arrivals,2026-07-26,07:20,07:06,8B675,TNU675,CGK,Jakarta Soekarno Hatta International Airport,TransNusa,8B,A321,Airbus A321-211,PK-TLG,Landed 08:06,2026-07-27 06:03:31
KUL,arrivals,2026-07-26,07:25,07:11,EY488,ETD73G,AUH,Abu Dhabi Zayed International Airport,Etihad Airways,EY,B78X,Boeing 787-10 Dreamliner,A6-BMI,Landed 08:11,2026-07-27 06:03:31
KUL,arrivals,2026-07-26,07:30,,B99774,,IKA,Tehran Imam Khomeini International Airport,Iran Airtour,B9,313,,,Unknown,2026-07-27 06:03:31
KUL,arrivals,2026-07-26,07:30,,OD397,,CGK,Jakarta Soekarno Hatta International Airport,Batik Air Malaysia,OD,738,,,Unknown,2026-07-27 06:03:31
KUL,arrivals,2026-07-26,07:35,07:49,EK344,UAE65T,DXB,Dubai International Airport,Emirates,EK,B77W,Boeing 777-31H(ER),A6-ENL,Landed 08:49,2026-07-27 06:03:31
KUL,arrivals,2026-07-26,07:40,07:27,QZ320,AWQ320,SUB,Surabaya Juanda International Airport,AirAsia (Lombok Livery),AK,A320,Airbus A320-216,PK-AXU,Landed 08:27,2026-07-27 06:03:31
KUL,arrivals,2026-07-26,07:45,07:34,MH1133,MAS1133,PEN,Penang International Airport,Malaysia Airlines,MH,B738,Boeing 737-8H6,9M-MSA,Landed 08:34,2026-07-27 06:03:31
KUL,arrivals,2026-07-26,07:50,07:20,AK5231,AXM5231,KCH,Kuching International Airport,AirAsia (100th Awesome Plane Livery),AK,A320,Airbus A320-216,9M-AQH,Landed 08:20,2026-07-27 06:03:31
KUL,arrivals,2026-07-26,08:00,07:28,MY5003,BNE5003,KCH,Kuching International Airport,AirBorneo,MY,B738,Boeing 737-8U3,9M-LCV,Landed 08:28,2026-07-27 06:03:31
KUL,arrivals,2026-07-26,08:00,07:46,AK700,AXM700,SIN,Singapore Changi Airport,AirAsia,AK,A21N,Airbus A321-251NX,9M-VAH,Landed 08:46,2026-07-27 06:03:31
KUL,arrivals,2026-07-26,08:05,07:45,OD327,MXD327,KNO,Medan Kuala Namu International Airport,Batik Air,ID,B738,Boeing 737-8GP,9M-LNY,Landed 08:45,2026-07-27 06:03:31
KUL,arrivals,2026-07-26,08:10,07:54,MH797,MAS797,BKK,Bangkok Suvarnabhumi Airport,Malaysia Airlines,MH,B738,Boeing 737-8H6,9M-MLT,Landed 08:54,2026-07-27 06:03:31
KUL,arrivals,2026-07-26,08:10,08:02,AK6123,AXM6123,PEN,Penang International Airport,AirAsia,AK,A320,Airbus A320-214,9M-AJG,Landed 09:02,2026-07-27 06:03:31
KUL,arrivals,2026-07-26,08:10,08:21,G9800,ABY800,SHJ,Sharjah International Airport,Air Arabia,G9,A21N,Airbus A321-251NX(LR),A6-ATC,Landed 09:21,2026-07-27 06:03:31
KUL,arrivals,2026-07-26,08:25,08:10,AK6049,AXM6049,JHB,Johor Bahru Senai International Airport,AirAsia,AK,A20N,Airbus A320-251N,9M-AGL,Landed 09:10,2026-07-27 06:03:31
KUL,arrivals,2026-07-26,08:35,08:15,SQ106,SIA106,SIN,Singapore Changi Airport,Singapore Airlines,SQ,A359,Airbus A350-941,9V-SMT,Landed 09:15,2026-07-27 06:03:31
KUL,arrivals,2026-07-26,08:35,08:06,AK5111,AXM5111,BKI,Kota Kinabalu International Airport,AirAsia (Save Our Malayan Tiger Livery),AK,A320,Airbus A320-216,9M-AQZ,Landed 09:06,2026-07-27 06:03:31
KUL,arrivals,2026-07-26,08:40,08:27,AK6225,AXM6225,TGG,Kuala Terengganu Sultan Mahmud Airport,AirAsia,AK,A20N,Airbus A320-251N,9M-AGJ,Landed 09:27,2026-07-27 06:03:31
KUL,arrivals,2026-07-26,08:45,08:16,FY2721,FFM2721,KBR,Kota Bharu Sultan Ismail Petra Airport,Firefly,FY,B738,Boeing 737-8FZ,9M-MLG,Landed 09:16,2026-07-27 06:03:31
KUL,arrivals,2026-07-26,08:50,09:08,AK6431,AXM6431,KBR,Kota Bharu Sultan Ismail Petra Airport,AirAsia,AK,A320,Airbus A320-216,9M-AHE,Landed 10:08,2026-07-27 06:03:31
KUL,arrivals,2026-07-26,08:50,09:12,AK6021,AXM6021,AOR,Alor Setar Sultan Abdul Halim Airport,AirAsia (Tasty Malaysia Treat Livery),AK,A320,Airbus A320-216,9M-RAN,Landed 10:12,2026-07-27 06:03:31
KUL,arrivals,2026-07-26,09:00,10:09,AK5205,AXM5205,KCH,Kuching International Airport,AirAsia (BIG Duty Free Livery),AK,A320,Airbus A320-214,9M-AHY,Landed 11:09,2026-07-27 06:03:31
KUL,arrivals,2026-07-26,09:10,08:38,AK115,AXM115,CAN,Guangzhou Baiyun International Airport,AirAsia (Let’s Fly To Terengganu Livery),AK,A320,Airbus A320-216,9M-AJS,Landed 09:38,2026-07-27 06:03:31
KUL,arrivals,2026-07-26,09:10,08:25,MK646,MAU646,MRU,Mauritius Sir Seewoosagur Ramgoolam International Airport,Air Mauritius,MK,A332,Airbus A330-243,3B-NCM,Landed 09:25,2026-07-27 06:03:31
KUL,arrivals,2026-07-26,09:15,09:07,SQ108,SIA108,SIN,Singapore Changi Airport,Singapore Airlines,SQ,B38M,Boeing 737 MAX 8,9V-MBH,Landed 10:07,2026-07-27 06:03:31
KUL,arrivals,2026-07-26,09:25,,MH6071,,BKK,Bangkok Suvarnabhumi Airport,Malaysia Airlines,MH,33X,,,Unknown,2026-07-27 06:03:31
KUL,arrivals,2026-07-26,09:25,08:59,KT163,KTC163,KTI,Phnom Penh Techo International Airport,AirAsia,AK,A320,Airbus A320-214,XU-819,Landed 09:59,2026-07-27 06:03:31
KUL,arrivals,2026-07-26,09:25,09:03,AK702,AXM702,SIN,Singapore Changi Airport,AirAsia,AK,A320,Airbus A320-216,9M-AQP,Landed 10:03,2026-07-27 06:03:31
KUL,arrivals,2026-07-26,09:35,,MH805,,MNL,Manila Ninoy Aquino International Airport,Malaysia Airlines,MH,B738,Boeing 737-8H6,9M-MXE,Unknown,2026-07-27 06:03:31
KUL,arrivals,2026-07-26,09:35,09:19,TR450,TGW450,SIN,Singapore Changi Airport,Scoot,TR,A20N,Airbus A320-271N,9V-TNK,Landed 10:19,2026-07-27 06:03:31
KUL,arrivals,2026-07-26,09:35,09:15,OD1007,MXD1007,BKI,Kota Kinabalu International Airport,Batik Air,ID,B738,Boeing 737-8GP,9M-LNC,Landed 10:15,2026-07-27 06:03:31
KUL,arrivals,2026-07-26,09:35,09:26,MH709,MAS709,MNL,Manila Ninoy Aquino International Airport,Malaysia Airlines,MH,B738,Boeing 737-8H6,9M-MXN,Landed 10:26,2026-07-27 06:03:31
KUL,arrivals,2026-07-26,09:40,,3U9025,,CKG,Chongqing Jiangbei International Airport,Sichuan Airlines,3U,320,,,Unknown,2026-07-27 06:03:31
KUL,arrivals,2026-07-26,09:40,10:02,AK5247,AXM5247,BTU,Bintulu Airport,AirAsia,AK,A20N,Airbus A320-251N,9M-AGE,Landed 11:02,2026-07-27 06:03:31
KUL,arrivals,2026-07-26,09:50,10:00,OD2101,MXD2101,PEN,Penang International Airport,Batik Air,ID,B738,Boeing 737-86N,9M-LDK,Landed 11:00,2026-07-27 06:03:31
KUL,arrivals,2026-07-26,09:50,09:44,MH1327,MAS1327,TGG,Kuala Terengganu Sultan Mahmud Airport,Malaysia Airlines,MH,B738,Boeing 737-8FZ,9M-MLL,Landed 10:44,2026-07-27 06:03:31
KUL,arrivals,2026-07-26,09:55,09:57,MH1143,MAS1143,PEN,Penang International Airport,Malaysia Airlines,MH,B738,Boeing 737-8H6,9M-MLN,Landed 10:57,2026-07-27 06:03:31
KUL,arrivals,2026-07-26,09:55,10:06,MH209,MAS209,AMD,Ahmedabad International Airport,Malaysia Airlines,MH,B38M,Boeing 737 MAX 8,9M-MVF,Landed 11:06,2026-07-27 06:03:31
KUL,arrivals,2026-07-26,09:55,09:34,AK5877,AXM5877,SBW,Sibu Airport,AirAsia,AK,A20N,Airbus A320-251N,9M-AGG,Landed 10:34,2026-07-27 06:03:31
KUL,arrivals,2026-07-26,09:55,09:40,AK471,AXM471,BTH,Batam Hang Nadim Airport,AirAsia (De'Xandra Livery),AK,A320,Airbus A320-216,9M-AQM,Landed 10:40,2026-07-27 06:03:31
KUL,arrivals,2026-07-26,10:05,09:41,OD399,MXD399,CGK,Jakarta Soekarno Hatta International Airport,Batik Air,ID,B738,Boeing 737-8U3,9M-LDG,Landed 10:41,2026-07-27 06:03:31
KUL,arrivals,2026-07-26,10:05,10:15,8M501,MMA501,RGN,Yangon International Airport,Myanmar Airways International,8M,A319,Airbus A319-112,XY-ALN,Landed 11:15,2026-07-27 06:03:31
KUL,arrivals,2026-07-26,10:10,10:17,PR525,PAL525,MNL,Manila Ninoy Aquino International Airport,Philippine Airlines,PR,A321,Airbus A321-231,RP-C9902,Landed 11:17,2026-07-27 06:03:31
KUL,arrivals,2026-07-26,10:10,10:10,MH1385,MAS1385,KBR,Kota Bharu Sultan Ismail Petra Airport,Malaysia Airlines,MH,B738,Boeing 737-8H6,9M-MSE,Landed 11:10,2026-07-27 06:03:31
KUL,arrivals,2026-07-26,10:10,10:02,MH604,MAS604,SIN,Singapore Changi Airport,Malaysia Airlines,MH,B738,Boeing 737-8H6,9M-MXW,Landed 11:02,2026-07-27 06:03:31
KUL,arrivals,2026-07-26,10:10,09:56,AK6307,AXM6307,LGK,Langkawi International Airport,AirAsia,AK,A320,Airbus A320-216,9M-AQQ,Landed 10:56,2026-07-27 06:03:31
KUL,arrivals,2026-07-26,10:10,10:05,AK819,AXM819,HKT,Phuket International Airport,AirAsia,AK,A320,Airbus A320-216,9M-RAV,Landed 11:05,2026-07-27 06:03:31
KUL,arrivals,2026-07-26,10:15,10:13,BR217,EVA217,TPE,Taipei Taoyuan International Airport,EVA Air,BR,B77W,Boeing 777-35E(ER),B-16711,Landed 11:13,2026-07-27 06:03:31
KUL,arrivals,2026-07-26,10:15,12:27,AK5203,AXM5203,KCH,Kuching International Airport,AirAsia,AK,A21N,Airbus A321-251NX,9M-VAF,Landed 13:27,2026-07-27 06:03:31
KUL,arrivals,2026-07-26,10:15,09:59,AK891,AXM891,DMK,Bangkok Don Mueang International Airport,AirAsia,AK,A320,Airbus A320-214,9M-AFE,Landed 10:59,2026-07-27 06:03:31
KUL,arrivals,2026-07-26,10:15,10:19,MH157,MAS157,JED,Jeddah King Abdulaziz International Airport,Malaysia Airlines,MH,A332,Airbus A330-223,9M-MTW,Landed 11:19,2026-07-27 06:03:31
KUL,arrivals,2026-07-26,10:20,10:11,QZ120,AWQ120,KNO,Medan Kuala Namu International Airport,AirAsia,AK,A320,Airbus A320-216,PK-AZT,Landed 11:11,2026-07-27 06:03:31
KUL,arrivals,2026-07-26,10:20,10:32,OD802,MXD802,SIN,Singapore Changi Airport,Batik Air (Visit Malaysia Truly Asia 2026 Livery),ID,B38M,Boeing 737 MAX 8,9M-LRL,Landed 11:32,2026-07-27 06:03:31
KUL,arrivals,2026-07-26,10:20,10:04,BI871,RBA871,BWN,Brunei International Airport,Royal Brunei Airlines,BI,A20N,Airbus A320-251N,V8-RBA,Landed 11:04,2026-07-27 06:03:31
KUL,arrivals,2026-07-26,10:25,11:21,OD337,MXD337,PKU,Pekanbaru Sultan Syarif Kasim II Airport,Batik Air,ID,B738,Boeing 737-8U3,9M-LCW,Landed 12:21,2026-07-27 06:03:31
KUL,arrivals,2026-07-26,10:25,10:22,MH861,MAS861,KNO,Medan Kuala Namu International Airport,Malaysia Airlines,MH,B738,Boeing 737-8H6,9M-MXB,Landed 11:22,2026-07-27 06:03:31
KUL,arrivals,2026-07-26,10:25,10:14,HU755,CHH755,HAK,Haikou Meilan International Airport,Hainan Airlines,HU,B38M,Boeing 737 MAX 8,B-225V,Landed 11:14,2026-07-27 06:03:31
KUL,arrivals,2026-07-26,10:25,10:25,AK704,AXM704,SIN,Singapore Changi Airport,AirAsia,AK,A21N,Airbus A321-251NX,9M-VAE,Landed 11:25,2026-07-27 06:03:31
KUL,arrivals,2026-07-26,10:30,10:42,VJ905,VJC905,HAN,Hanoi Noi Bai International Airport,VietJet Air,VJ,A321,Airbus A321-211,VN-A661,Landed 11:42,2026-07-27 06:03:31
KUL,arrivals,2026-07-26,10:30,10:42,AK5109,AXM5109,BKI,Kota Kinabalu International Airport,AirAsia,AK,A320,Airbus A320-216,9M-RAI,Landed 11:42,2026-07-27 06:03:31
KUL,arrivals,2026-07-26,10:35,10:20,AK6041,AXM6041,JHB,Johor Bahru Senai International Airport,AirAsia (WeAreAllChampions Livery),AK,A320,Airbus A320-216,9M-AQF,Landed 11:20,2026-07-27 06:03:31
KUL,arrivals,2026-07-26,10:35,10:45,AK521,AXM521,SGN,Ho Chi Minh City International Airport,AirAsia,AK,A20N,Airbus A320-251N,9M-RAB,Landed 11:45,2026-07-27 06:03:31
KUL,arrivals,2026-07-26,10:35,10:28,AK381,AXM381,CGK,Jakarta Soekarno Hatta International Airport,AirAsia,AK,A320,Airbus A320-216,9M-AGT,Landed 11:28,2026-07-27 06:03:31
KUL,arrivals,2026-07-26,10:40,10:25,8M503,MMA503,RGN,Yangon International Airport,Myanmar Airways International,8M,A319,Airbus A319-112,XY-AGR,Landed 11:25,2026-07-27 06:03:31
KUL,arrivals,2026-07-26,10:45,10:36,MH2543,MAS2543,KCH,Kuching International Airport,Malaysia Airlines (Oneworld Livery),MH,B738,Boeing 737-8H6,9M-MXC,Landed 11:36,2026-07-27 06:03:31
KUL,arrivals,2026-07-26,10:50,10:29,OD1633,MXD1633,KCH,Kuching International Airport,Batik Air,ID,B738,Boeing 737-8GP,9M-LDU,Landed 11:29,2026-07-27 06:03:31
KUL,arrivals,2026-07-26,10:50,10:45,MH1269,MAS1269,KUA,Kuantan Sultan Haji Ahmad Shah Airport,Malaysia Airlines,MH,B738,Boeing 737-8FZ,9M-FFF,Landed 11:45,2026-07-27 06:03:31
KUL,arrivals,2026-07-26,10:50,10:38,GA820,GIA820,CGK,Jakarta Soekarno Hatta International Airport,Garuda Indonesia,GA,B738,Boeing 737-8U3,PK-GMM,Landed 11:38,2026-07-27 06:03:31
KUL,arrivals,2026-07-26,10:55,10:49,AK6143,AXM6143,PEN,Penang International Airport,AirAsia,AK,A320,Airbus A320-214,9M-AJT,Landed 11:49,2026-07-27 06:03:31
KUL,arrivals,2026-07-26,10:55,10:39,AK5652,AXM5652,MYY,Miri Airport,AirAsia,AK,A320,Airbus A320-216,9M-RAD,Landed 11:39,2026-07-27 06:03:31
KUL,arrivals,2026-07-26,11:00,11:13,AK5745,AXM5745,TWU,Tawau Airport,AirAsia,AK,A320,Airbus A320-216,9M-AHT,Landed 12:13,2026-07-27 06:03:31
KUL,arrivals,2026-07-26,11:05,,CX723,,HKG,Hong Kong International Airport,Cathay Pacific,CX,333,,,Canceled,2026-07-27 06:03:31
KUL,arrivals,2026-07-26,11:10,10:51,MH2613,MAS2613,BKI,Kota Kinabalu International Airport,Malaysia Airlines,MH,B738,Boeing 737-8H6,9M-MXK,Landed 11:51,2026-07-27 06:03:31
KUL,arrivals,2026-07-26,11:10,11:13,MH1052,MAS1052,JHB,Johor Bahru Senai International Airport,Malaysia Airlines,MH,B738,Boeing 737-8H6,9M-MXO,Landed 12:13,2026-07-27 06:03:31
KUL,arrivals,2026-07-26,11:15,11:19,8M507,MMA507,RGN,Yangon International Airport,My Indo Airlines,3Y,B734,Boeing 737-42J(SF),PK-MYF,Landed 12:19,2026-07-27 06:03:31
KUL,arrivals,2026-07-26,11:15,10:56,TG415,THA415,BKK,Bangkok Suvarnabhumi Airport,Thai Airways,TG,B789,Boeing 787-9 Dreamliner,HS-TWA,Landed 11:56,2026-07-27 06:03:31
KUL,arrivals,2026-07-26,11:20,10:55,AK5193,AXM5193,SDK,Sandakan Airport,AirAsia,AK,A320,Airbus A320-216,9M-AJN,Landed 11:55,2026-07-27 06:03:31
KUL,arrivals,2026-07-26,11:25,11:35,MH614,MAS614,SIN,Singapore Changi Airport,Malaysia Airlines (Malaysia Negaraku Livery),MH,B738,Boeing 737-8H6,9M-MXU,Landed 12:35,2026-07-27 06:03:31
KUL,arrivals,2026-07-26,11:30,11:29,MH1433,MAS1433,LGK,Langkawi International Airport,Malaysia Airlines,MH,B738,Boeing 737-8H6,9M-MLS,Landed 12:29,2026-07-27 06:03:31
KUL,arrivals,2026-07-26,11:35,11:45,VJ825,VJC825,SGN,Ho Chi Minh City International Airport,VietJet Air,VJ,A21N,Airbus A321-271N,VN-A653,Landed 12:45,2026-07-27 06:03:31
KUL,arrivals,2026-07-26,11:35,12:02,OD323,MXD323,KNO,Medan Kuala Namu International Airport,Batik Air,ID,B38M,Boeing 737 MAX 8,9M-LRD,Landed 13:02,2026-07-27 06:03:31
KUL,arrivals,2026-07-26,11:35,11:01,AK6223,AXM6223,TGG,Kuala Terengganu Sultan Mahmud Airport,AirAsia,AK,A320,Airbus A320-214,9M-AJG,Landed 12:01,2026-07-27 06:03:31
KUL,arrivals,2026-07-26,11:40,11:23,D7701,XAX701,JED,Jeddah King Abdulaziz International Airport,AirAsia,AK,A333,Airbus A330-343,9M-XXW,Landed 12:23,2026-07-27 06:03:31
KUL,arrivals,2026-07-26,11:45,,MH79,,HKG,Hong Kong International Airport,Malaysia Airlines,MH,73H,,,Canceled,2026-07-27 06:03:31
KUL,arrivals,2026-07-26,11:45,11:26,CZ349,CSN349,CAN,Guangzhou Baiyun International Airport,China Southern Airlines (787th Boeing 787 Livery),CZ,B789,Boeing 787-9 Dreamliner,B-1168,Landed 12:26,2026-07-27 06:03:31
KUL,arrivals,2026-07-26,11:45,11:56,AK430,AXM430,PKU,Pekanbaru Sultan Syarif Kasim II Airport,AirAsia (Resorts World Genting Livery),AK,A20N,Airbus A320-251N,9M-AGA,Landed 12:56,2026-07-27 06:03:31
KUL,arrivals,2026-07-26,11:50,,FY2811,,KCH,Kuching International Airport,Firefly,FY,738,,,Unknown,2026-07-27 06:03:31
KUL,arrivals,2026-07-26,11:50,,FY2531,,BKI,Kota Kinabalu International Airport,Firefly,FY,738,,,Unknown,2026-07-27 06:03:31
KUL,arrivals,2026-07-26,11:50,11:55,AK5105,AXM5105,BKI,Kota Kinabalu International Airport,AirAsia,AK,A320,Airbus A320-214,9M-DAE,Landed 12:55,2026-07-27 06:03:31
KUL,arrivals,2026-07-26,11:50,11:30,AK544,AXM544,PQC,Phu Quoc International Airport,AirAsia,AK,A320,Airbus A320-216,9M-AGM,Landed 12:30,2026-07-27 06:03:31
KUL,arrivals,2026-07-26,11:55,12:01,AK390,AXM390,KNO,Medan Kuala Namu International Airport,AirAsia (Let’s Fly To Terengganu Livery),AK,A320,Airbus A320-216,9M-AJS,Landed 13:01,2026-07-27 06:03:31
KUL,arrivals,2026-07-26,12:00,14:07,OD2202,MXD2202,LGK,Langkawi International Airport,Batik Air,ID,B738,Boeing 737-8U3,9M-LDH,Landed 15:07,2026-07-27 06:03:28
KUL,arrivals,2026-07-26,12:00,11:56,OD821,MXD821,ICN,Seoul Incheon International Airport,Batik Air,ID,B38M,Boeing 737 MAX 8,9M-LRT,Landed 12:56,2026-07-27 06:03:31
KUL,arrivals,2026-07-26,12:00,12:09,MH787,MAS787,HKT,Phuket International Airport,Malaysia Airlines (Malaysia Negaraku Livery),MH,B738,Boeing 737-8H6,9M-MXV,Landed 13:09,2026-07-27 06:03:31
KUL,arrivals,2026-07-26,12:00,12:15,FM7221,CSH7221,PVG,Shanghai Pudong International Airport,Shanghai Airlines,FM,B38M,Boeing 737 MAX 8,B-1260,Landed 13:15,2026-07-27 06:03:31
KUL,arrivals,2026-07-26,12:00,,AK461,,PLM,Palembang International Airport,AirAsia,AK,A320,Airbus A320-216,9M-RAA,Canceled,2026-07-27 06:03:31
KUL,arrivals,2026-07-26,12:05,11:16,HU7923,CHH7923,CKG,Chongqing Jiangbei International Airport,Hainan Airlines,HU,B38M,Boeing 737 MAX 8,B-225X,Landed 12:16,2026-07-27 06:03:28
KUL,arrivals,2026-07-26,12:05,11:53,MH159,MAS159,MED,Medina Prince Mohammad bin Abdulaziz Airport,Malaysia Airlines (Malaysia Negaraku Livery),MH,A332,Airbus A330-223,9M-MTY,Landed 12:53,2026-07-27 06:03:28
KUL,arrivals,2026-07-26,12:10,11:51,ID7282,BTK7282,CGK,Jakarta Soekarno Hatta International Airport,Batik Air,ID,B738,Boeing 737-8GP,PK-LZZ,Landed 12:51,2026-07-27 06:03:28
KUL,arrivals,2026-07-26,12:10,12:40,AK517,AXM517,HAN,Hanoi Noi Bai International Airport,AirAsia,AK,A20N,Airbus A320-251N,9M-AGB,Landed 13:40,2026-07-27 06:03:28
KUL,arrivals,2026-07-26,12:15,12:19,AK706,AXM706,SIN,Singapore Changi Airport,AirAsia,AK,A21N,Airbus A321-251NX,9M-VAD,Landed 13:19,2026-07-27 06:03:28
KUL,arrivals,2026-07-26,12:20,12:08,AK5233,AXM5233,KCH,Kuching International Airport,AirAsia,AK,A320,Airbus A320-216,9M-RAU,Landed 13:08,2026-07-27 06:03:28
KUL,arrivals,2026-07-26,12:20,11:42,AK881,AXM881,DMK,Bangkok Don Mueang International Airport,AirAsia,AK,A320,Airbus A320-214,9M-AHV,Landed 12:42,2026-07-27 06:03:28
KUL,arrivals,2026-07-26,12:25,12:52,MH628,MAS628,SIN,Singapore Changi Airport,Malaysia Airlines,MH,B738,Boeing 737-8H6,9M-MXE,Landed 13:52,2026-07-27 06:03:28
KUL,arrivals,2026-07-26,12:25,12:05,CZ3047,CSN3047,CAN,Guangzhou Baiyun International Airport,China Southern Airlines,CZ,B38M,Boeing 737 MAX 8,B-20D6,Landed 13:05,2026-07-27 06:03:28
KUL,arrivals,2026-07-26,12:25,12:20,CI721,CAL721,TPE,Taipei Taoyuan International Airport,China Airlines,CI,B77W,Boeing 777-309(ER),B-18002,Landed 13:20,2026-07-27 06:03:28
KUL,arrivals,2026-07-26,12:30,12:23,VJ1813,VJC1813,SGN,Ho Chi Minh City International Airport,VietJet Air,VJ,A321,Airbus A321-211,VN-A639,Landed 13:23,2026-07-27 06:03:28
KUL,arrivals,2026-07-26,12:30,12:33,OD1003,MXD1003,BKI,Kota Kinabalu International Airport,Batik Air,ID,B738,Boeing 737-8GP,9M-LNV,Landed 13:33,2026-07-27 06:03:28
KUL,arrivals,2026-07-26,12:30,14:19,OD804,MXD804,SIN,Singapore Changi Airport,Batik Air,ID,B738,Boeing 737-86N,9M-LDK,Landed 15:19,2026-07-27 06:03:28
KUL,arrivals,2026-07-26,12:30,12:36,AK5107,AXM5107,BKI,Kota Kinabalu International Airport,AirAsia,AK,A20N,Airbus A320-251N,9M-RAM,Landed 13:36,2026-07-27 06:03:28
KUL,arrivals,2026-07-26,12:35,12:30,SQ114,SIA114,SIN,Singapore Changi Airport,Singapore Airlines,SQ,B38M,Boeing 737 MAX 8,9V-MBQ,Landed 13:30,2026-07-27 06:03:28
KUL,arrivals,2026-07-26,12:40,12:35,MH870,MAS870,SUB,Surabaya Juanda International Airport,Malaysia Airlines,MH,B738,Boeing 737-8H6,9M-MXQ,Landed 13:35,2026-07-27 06:03:28
KUL,arrivals,2026-07-26,12:40,12:49,MF847,CXA847,XMN,Xiamen Gaoqi International Airport,Xiamen Air,MF,B738,Boeing 737-85C,B-5488,Landed 13:49,2026-07-27 06:03:28
KUL,arrivals,2026-07-26,12:40,12:26,IU168,SJV168,BTJ,Banda Aceh International Airport,Super Air Jet,IU,A320,Airbus A320-232,PK-SAG,Landed 13:26,2026-07-27 06:03:28
KUL,arrivals,2026-07-26,12:45,12:52,D7505,XAX505,ICN,Seoul Incheon International Airport,AirAsia,AK,A333,Airbus A330-343,9M-XXK,Landed 13:52,2026-07-27 06:03:28
KUL,arrivals,2026-07-26,12:45,12:55,AK833,AXM833,HKT,Phuket International Airport,AirAsia,AK,A20N,Airbus A320-251N,9M-AGJ,Landed 13:55,2026-07-27 06:03:28
KUL,arrivals,2026-07-26,12:45,12:32,AK491,AXM491,PNK,Pontianak Supadio Airport,AirAsia,AK,A20N,Airbus A320-251N,9M-AGQ,Landed 13:32,2026-07-27 06:03:28
KUL,arrivals,2026-07-26,12:50,12:39,MH2661,MAS2661,TWU,Tawau Airport,Malaysia Airlines,MH,B738,Boeing 737-8H6,9M-MXX,Landed 13:39,2026-07-27 06:03:28
KUL,arrivals,2026-07-26,12:50,13:08,AK6321,AXM6321,LGK,Langkawi International Airport,AirAsia,AK,A320,Airbus A320-216,9M-AGP,Landed 14:08,2026-07-27 06:03:28
KUL,arrivals,2026-07-26,12:55,12:58,MH751,MAS751,SGN,Ho Chi Minh City International Airport,Malaysia Airlines,MH,B38M,Boeing 737 MAX 8,9M-MVH,Landed 13:58,2026-07-27 06:03:28
KUL,arrivals,2026-07-26,13:00,,UL314,,CMB,Colombo Bandaranaike International Airport,SriLankan Airlines,UL,A21N,Airbus A321-251N,4R-ANE,Unknown,2026-07-27 06:03:28
KUL,arrivals,2026-07-26,13:00,12:54,MH755,MAS755,KTI,Phnom Penh Techo International Airport,Malaysia Airlines,MH,B738,Boeing 737-8H6,9M-MXR,Landed 13:54,2026-07-27 06:03:28
KUL,arrivals,2026-07-26,13:00,13:04,AK5873,AXM5873,SBW,Sibu Airport,AirAsia,AK,A320,Airbus A320-214,9M-RCB,Landed 14:04,2026-07-27 06:03:28
KUL,arrivals,2026-07-26,13:00,14:57,OD702,MXD702,JED,Jeddah King Abdulaziz International Airport,Batik Air,ID,A333,Airbus A330-343,9M-LFJ,Landed 15:57,2026-07-27 06:03:28
KUL,arrivals,2026-07-26,13:05,13:20,AK407,AXM407,PDG,Padang Minangkabau International Airport,AirAsia (De'Xandra Livery),AK,A320,Airbus A320-216,9M-AQM,Landed 14:20,2026-07-27 06:03:28
KUL,arrivals,2026-07-26,13:10,13:18,8B673,TNU673,CGK,Jakarta Soekarno Hatta International Airport,TransNusa,8B,A321,Airbus A321-211,PK-TLG,Landed 14:18,2026-07-27 06:03:28
KUL,arrivals,2026-07-26,13:10,13:03,MH2621,MAS2621,BKI,Kota Kinabalu International Airport,Malaysia Airlines,MH,B738,Boeing 737-8H6,9M-MXT,Landed 14:03,2026-07-27 06:03:28
KUL,arrivals,2026-07-26,13:10,13:02,AK867,AXM867,KBV,Krabi Airport,AirAsia,AK,A320,Airbus A320-216,9M-AQP,Landed 14:02,2026-07-27 06:03:28
KUL,arrivals,2026-07-26,13:15,13:42,QR854,QTR854,DOH,Doha Hamad International Airport,Qatar Airways,QR,B788,Boeing 787-8 Dreamliner,A7-BCS,Landed 14:42,2026-07-27 06:03:28
KUL,arrivals,2026-07-26,13:15,13:08,MH785,MAS785,BKK,Bangkok Suvarnabhumi Airport,Malaysia Airlines,MH,B38M,Boeing 737 MAX 8,9M-MVQ,Landed 14:08,2026-07-27 06:03:28
KUL,arrivals,2026-07-26,13:20,12:43,3U3995,CSC3995,TFU,Chengdu Tianfu International Airport,Sichuan Airlines,3U,A21N,Airbus A321-271NX(LR),B-325F,Landed 13:43,2026-07-27 06:03:28
KUL,arrivals,2026-07-26,13:20,13:13,MU5095,CES5095,HGH,Hangzhou Xiaoshan International Airport,China Eastern Airlines,MU,A20N,Airbus A320-251N,B-30D2,Landed 14:13,2026-07-27 06:03:28
KUL,arrivals,2026-07-26,13:20,13:01,MH710,MAS710,CGK,Jakarta Soekarno Hatta International Airport,Malaysia Airlines,MH,B38M,Boeing 737 MAX 8,9M-MVR,Landed 14:01,2026-07-27 06:03:28
KUL,arrivals,2026-07-26,13:20,13:06,BS315,UBG315,DAC,Dhaka Shahjalal International Airport,US-Bangla Airlines,BS,A333,Airbus A330-343,S2-ALA,Landed 14:06,2026-07-27 06:03:28
KUL,arrivals,2026-07-26,13:25,13:25,OD523,MXD523,DMK,Bangkok Don Mueang International Airport,Batik Air,ID,B38M,Boeing 737 MAX 8,9M-LRS,Landed 14:25,2026-07-27 06:03:28
KUL,arrivals,2026-07-26,13:25,13:16,JT2160,LNI2160,PKU,Pekanbaru Sultan Syarif Kasim II Airport,Lion Air,JT,B739,Boeing 737-9GP(ER),PK-LFZ,Landed 14:16,2026-07-27 06:03:28
KUL,arrivals,2026-07-26,13:25,13:15,FD308,AIQ308,HDY,Hat Yai International Airport,AirAsia,AK,A320,Airbus A320-216,HS-CBM,Landed 14:15,2026-07-27 06:03:28
KUL,arrivals,2026-07-26,13:25,13:18,AK6305,AXM6305,LGK,Langkawi International Airport,AirAsia,AK,A320,Airbus A320-214,9M-AFE,Landed 14:18,2026-07-27 06:03:28
KUL,arrivals,2026-07-26,13:25,13:33,AK6125,AXM6125,PEN,Penang International Airport,AirAsia,AK,A21N,Airbus A321-251NX,9M-VAH,Landed 14:33,2026-07-27 06:03:28
KUL,arrivals,2026-07-26,13:30,,MH7573,,MYY,Miri Airport,Malaysia Airlines,MH,B738,Boeing 737-8H6,9M-MSB,Unknown,2026-07-27 06:03:28
KUL,arrivals,2026-07-26,13:30,13:23,QZ122,AWQ122,KNO,Medan Kuala Namu International Airport,AirAsia,AK,A320,Airbus A320-216,PK-AZT,Landed 14:23,2026-07-27 06:03:28
KUL,arrivals,2026-07-26,13:30,13:37,MH2575,MAS2575,MYY,Miri Airport,Malaysia Airlines,MH,B738,Boeing 737-8H6,9M-MSB,Landed 14:37,2026-07-27 06:03:28
KUL,arrivals,2026-07-26,13:30,13:11,MH146,MAS146,MEL,Melbourne Airport,Malaysia Airlines,MH,A339,Airbus A330-941,9M-MNJ,Landed 14:11,2026-07-27 06:03:28
KUL,arrivals,2026-07-26,13:30,13:40,JT156,LNI156,PDG,Padang Minangkabau International Airport,Lion Air,JT,B739,Boeing 737-9GP(ER),PK-LHQ,Landed 14:40,2026-07-27 06:03:28
KUL,arrivals,2026-07-26,13:30,13:30,AK5199,AXM5199,SDK,Sandakan Airport,AirAsia,AK,A320,Airbus A320-216,9M-RAW,Landed 14:30,2026-07-27 06:03:28
KUL,arrivals,2026-07-26,13:30,13:28,AK305,AXM305,LOP,Lombok International Airport,AirAsia,AK,A20N,Airbus A320-251N,9M-AGN,Landed 14:28,2026-07-27 06:03:28
KUL,arrivals,2026-07-26,13:35,13:21,MH1145,MAS1145,PEN,Penang International Airport,Malaysia Airlines,MH,B738,Boeing 737-8FZ,9M-MLK,Landed 14:21,2026-07-27 06:03:28
KUL,arrivals,2026-07-26,13:35,13:13,AK10,AXM10,MAA,Chennai International Airport,AirAsia (Find Yourself in Malaysia Livery),AK,A20N,Airbus A320-251N,9M-AGV,Landed 14:13,2026-07-27 06:03:28
KUL,arrivals,2026-07-26,13:40,13:35,MU873,CES873,KMG,Kunming Changshui International Airport,China Eastern Airlines,MU,A20N,Airbus A320-251N,B-32A9,Landed 14:35,2026-07-27 06:03:28
KUL,arrivals,2026-07-26,13:40,14:00,MF8677,CXA8677,HGH,Hangzhou Xiaoshan International Airport,Xiamen Air,MF,B738,Boeing 737-86N,B-5602,Landed 15:00,2026-07-27 06:03:28
KUL,arrivals,2026-07-26,13:40,,CZ5031,,SZX,Shenzhen Bao'an International Airport,China Southern Airlines,CZ,32Q,,,Canceled,2026-07-27 06:03:28
KUL,arrivals,2026-07-26,13:40,14:15,AK6443,AXM6443,KBR,Kota Bharu Sultan Ismail Petra Airport,AirAsia,AK,A20N,Airbus A320-251N,9M-RAB,Landed 15:15,2026-07-27 06:03:28
KUL,arrivals,2026-07-26,13:40,13:53,AK710,AXM710,SIN,Singapore Changi Airport,"AirAsia (3, 2,1, Take Off Livery)",AK,A21N,Airbus A321-251NX,9M-VAA,Landed 14:53,2026-07-27 06:03:28
KUL,arrivals,2026-07-26,13:40,23:21,AK113,AXM113,CAN,Guangzhou Baiyun International Airport,AirAsia,AK,A320,Airbus A320-214,9M-AHV,Landed 00:21,2026-07-27 06:03:28
KUL,arrivals,2026-07-26,13:45,13:42,AK451,AXM451,SRG,Semarang Achmad Yani International Airport,AirAsia,AK,A320,Airbus A320-214,9M-RCG,Landed 14:42,2026-07-27 06:03:28
KUL,arrivals,2026-07-26,13:45,13:50,AK371,AXM371,DPS,Denpasar Ngurah Rai International Airport,AirAsia,AK,A320,Airbus A320-216,9M-RAE,Landed 14:50,2026-07-27 06:03:28
KUL,arrivals,2026-07-26,13:50,13:28,MY5005,BNE5005,KCH,Kuching International Airport,AirBorneo,MY,B738,Boeing 737-8U3,9M-LCV,Landed 14:28,2026-07-27 06:03:28
KUL,arrivals,2026-07-26,13:50,13:31,JT160,LNI160,PKU,Pekanbaru Sultan Syarif Kasim II Airport,Lion Air,JT,B739,Boeing 737-9GP(ER),PK-LQS,Landed 14:31,2026-07-27 06:03:28
KUL,arrivals,2026-07-26,13:50,13:56,FM885,CSH885,PVG,Shanghai Pudong International Airport,Shanghai Airlines,FM,B789,Boeing 787-9 Dreamliner,B-220K,Landed 14:56,2026-07-27 06:03:28
KUL,arrivals,2026-07-26,13:55,14:01,AK5747,AXM5747,TWU,Tawau Airport,AirAsia,AK,A320,Airbus A320-216,9M-RAO,Landed 15:01,2026-07-27 06:03:28
KUL,arrivals,2026-07-26,14:00,13:56,QZ322,AWQ322,SUB,Surabaya Juanda International Airport,AirAsia,AK,A320,Airbus A320-216,PK-AZO,Landed 14:56,2026-07-27 06:03:28
KUL,arrivals,2026-07-26,14:00,14:48,OD2204,MXD2204,LGK,Langkawi International Airport,Batik Air,ID,B738,Boeing 737-86N,9M-LDT,Landed 15:48,2026-07-27 06:03:28
KUL,arrivals,2026-07-26,14:00,13:54,MH1447,MAS1447,LGK,Langkawi International Airport,Malaysia Airlines,MH,B738,Boeing 737-8FZ,9M-MLL,Landed 14:54,2026-07-27 06:03:28
KUL,arrivals,2026-07-26,14:00,14:05,MH606,MAS606,SIN,Singapore Changi Airport,Malaysia Airlines,MH,B738,Boeing 737-8H6,9M-MXN,Landed 15:05,2026-07-27 06:03:28
KUL,arrivals,2026-07-26,14:00,15:50,MH134,MAS134,BNE,Brisbane Airport,Malaysia Airlines (Oneworld Livery),MH,A333,Airbus A330-323,9M-MTE,Landed 16:50,2026-07-27 06:03:28
KUL,arrivals,2026-07-26,14:00,14:45,MF8723,CXA8723,JJN,Quanzhou Jinjiang Airport,Xiamen Air,MF,B738,Boeing 737-85C,B-5632,Landed 15:45,2026-07-27 06:03:28
KUL,arrivals,2026-07-26,14:05,19:36,ID192,MXD192,DPS,Denpasar Ngurah Rai International Airport,Batik Air,ID,B738,Boeing 737-8GP,9M-LNP,Landed 20:36,2026-07-27 06:03:28
KUL,arrivals,2026-07-26,14:10,14:12,OD357,MXD357,BTH,Batam Hang Nadim Airport,Batik Air,ID,B738,Boeing 737-8U3,9M-LDG,Landed 15:12,2026-07-27 06:03:28
KUL,arrivals,2026-07-26,14:10,14:04,AK643,AXM643,DAD,Da Nang International Airport,AirAsia,AK,A320,Airbus A320-216,9M-AQE,Landed 15:04,2026-07-27 06:03:28
KUL,arrivals,2026-07-26,14:15,14:18,QW907,QDA907,TAO,Qingdao Jiaodong International Airport,Qingdao Airlines,QW,A21N,Airbus A321-271NX,B-326M,Landed 15:18,2026-07-27 06:03:28
KUL,arrivals,2026-07-26,14:15,14:33,QR852,QTR73P,DOH,Doha Hamad International Airport,Qatar Airways,QR,B77W,Boeing 777-3DZ(ER),A7-BEB,Landed 15:33,2026-07-27 06:03:28
KUL,arrivals,2026-07-26,14:15,14:10,JT164,LNI164,LOP,Lombok International Airport,Lion Air,JT,B739,Boeing 737-9GP(ER),PK-LJG,Landed 15:10,2026-07-27 06:03:28
KUL,arrivals,2026-07-26,14:15,14:12,AK347,AXM347,YIA,Yogyakarta International Airport,AirAsia,AK,A20N,Airbus A320-251N,9M-AGF,Landed 15:12,2026-07-27 06:03:28
KUL,arrivals,2026-07-26,14:20,14:14,OD2103,MXD2103,PEN,Penang International Airport,Batik Air,ID,B738,Boeing 737-8GP,9M-LDU,Landed 15:14,2026-07-27 06:03:28
KUL,arrivals,2026-07-26,14:20,14:35,MH2611,MAS2611,BKI,Kota Kinabalu International Airport,Malaysia Airlines,MH,B738,Boeing 737-8H6,9M-MXM,Landed 15:35,2026-07-27 06:03:28
KUL,arrivals,2026-07-26,14:20,14:07,KT165,KTC165,KTI,Phnom Penh Techo International Airport,AirAsia,AK,A320,Airbus A320-214,XU-819,Landed 15:07,2026-07-27 06:03:28
KUL,arrivals,2026-07-26,14:20,14:40,AK712,AXM712,SIN,Singapore Changi Airport,AirAsia (Save Our Malayan Tiger Livery),AK,A320,Airbus A320-216,9M-AQZ,Landed 15:40,2026-07-27 06:03:28
KUL,arrivals,2026-07-26,14:25,17:10,OD7723,MXD7723,BTU,Bintulu Airport,Batik Air,ID,B738,Boeing 737-8U3,9M-LDF,Landed 18:10,2026-07-27 06:03:28
KUL,arrivals,2026-07-26,14:25,14:43,OD353,MXD353,SUB,Surabaya Juanda International Airport,Batik Air,ID,B38M,Boeing 737 MAX 8,9M-LRW,Landed 15:43,2026-07-27 06:03:28
KUL,arrivals,2026-07-26,14:25,14:16,MH2513,MAS2513,KCH,Kuching International Airport,Malaysia Airlines,MH,B738,Boeing 737-8H6,9M-MLT,Landed 15:16,2026-07-27 06:03:28
KUL,arrivals,2026-07-26,14:25,14:24,MH716,MAS716,CGK,Jakarta Soekarno Hatta International Airport,Malaysia Airlines,MH,B738,Boeing 737-8H6,9M-MSA,Landed 15:24,2026-07-27 06:03:28
KUL,arrivals,2026-07-26,14:30,14:02,FY3611,FFM3611,KBV,Krabi Airport,Firefly,FY,B738,Boeing 737-8FZ,9M-MLF,Landed 15:02,2026-07-27 06:03:28
KUL,arrivals,2026-07-26,14:30,14:32,AK5113,AXM5113,BKI,Kota Kinabalu International Airport,AirAsia,AK,A20N,Airbus A320-251N,9M-AGW,Landed 15:32,2026-07-27 06:03:28
KUL,arrivals,2026-07-26,14:35,14:38,OD178,MXD178,DPS,Denpasar Ngurah Rai International Airport,Batik Air (Visit Malaysia Truly Asia 2026 Livery),ID,B38M,Boeing 737 MAX 8,9M-LRV,Landed 15:38,2026-07-27 06:03:28
KUL,arrivals,2026-07-26,14:35,14:26,AK6325,AXM6325,LGK,Langkawi International Airport,AirAsia,AK,A320,Airbus A320-216,9M-AJN,Landed 15:26,2026-07-27 06:03:28
KUL,arrivals,2026-07-26,14:35,,AK127,,SZX,Shenzhen Bao'an International Airport,AirAsia,AK,A21N,Airbus A321-251NX,9M-VAB,Canceled,2026-07-27 06:03:28
KUL,arrivals,2026-07-26,14:40,14:51,OD706,MXD706,JED,Jeddah King Abdulaziz International Airport,Batik Air,ID,A333,Airbus A330-343,9M-LFC,Landed 15:51,2026-07-27 06:03:28
KUL,arrivals,2026-07-26,14:40,14:21,CZ8011,CSN8011,CAN,Guangzhou Baiyun International Airport,China Southern Airlines,CZ,B38M,Boeing 737 MAX 8,B-205L,Landed 15:21,2026-07-27 06:03:28
KUL,arrivals,2026-07-26,14:40,14:58,AK529,AXM529,SGN,Ho Chi Minh City International Airport,AirAsia,AK,A320,Airbus A320-216,9M-AGC,Landed 15:58,2026-07-27 06:03:28
KUL,arrivals,2026-07-26,14:40,14:26,KL809,KLM809,AMS,Amsterdam Schiphol Airport,KLM,KL,B789,Boeing 787-9 Dreamliner,PH-BHA,Landed 15:26,2026-07-27 06:03:28
KUL,arrivals,2026-07-26,14:45,14:59,SQ116,SIA116,SIN,Singapore Changi Airport,Singapore Airlines,SQ,B38M,Boeing 737 MAX 8,9V-MBS,Landed 15:59,2026-07-27 06:03:28
KUL,arrivals,2026-07-26,14:45,14:40,MH53,MAS53,KIX,Osaka Kansai International Airport,Malaysia Airlines (Oneworld Livery),MH,A333,Airbus A330-323,9M-MTO,Landed 15:40,2026-07-27 06:03:28
KUL,arrivals,2026-07-26,14:50,14:53,MH1209,MAS1209,AOR,Alor Setar Sultan Abdul Halim Airport,Malaysia Airlines,MH,B738,Boeing 737-8FZ,9M-FFF,Landed 15:53,2026-07-27 06:03:28
KUL,arrivals,2026-07-26,14:55,15:10,SV834,SVA834,JED,Jeddah King Abdulaziz International Airport,Saudia,SV,B78X,Boeing 787-10 Dreamliner,HZ-AR25,Landed 16:10,2026-07-27 06:03:25
KUL,arrivals,2026-07-26,14:55,15:13,OD158,MXD158,DPS,Denpasar Ngurah Rai International Airport,Batik Air,ID,B38M,Boeing 737 MAX 8,9M-LRK,Landed 16:13,2026-07-27 06:03:28
KUL,arrivals,2026-07-26,14:55,03:37,AK139,AXM139,HKG,Hong Kong International Airport,AirAsia (Sarawak Livery),AK,A320,Airbus A320-216,9M-AJD,Landed 04:37,2026-07-27 06:03:28
KUL,arrivals,2026-07-26,15:00,16:53,OD541,MXD541,HKT,Phuket International Airport,Batik Air,ID,B38M,Boeing 737 MAX 8,9M-LRD,Landed 17:53,2026-07-27 06:03:25
KUL,arrivals,2026-07-26,15:00,15:48,OD307,MXD307,DPS,Denpasar Ngurah Rai International Airport,Batik Air,ID,B738,Boeing 737-8GP,9M-LNR,Landed 16:48,2026-07-27 06:03:25
KUL,arrivals,2026-07-26,15:00,15:26,MH714,MAS714,DPS,Denpasar Ngurah Rai International Airport,Malaysia Airlines,MH,A339,Airbus A330-941,9M-MNO,Landed 16:26,2026-07-27 06:03:25
KUL,arrivals,2026-07-26,15:00,15:07,MH250,MAS250,SYD,Sydney Kingsford Smith Airport,Malaysia Airlines,MH,A339,Airbus A330-941,9M-MNK,Landed 16:07,2026-07-27 06:03:25
KUL,arrivals,2026-07-26,15:00,14:29,MH138,MAS138,ADL,Adelaide Airport,Malaysia Airlines,MH,A339,Airbus A330-941,9M-MNL,Landed 15:29,2026-07-27 06:03:25
KUL,arrivals,2026-07-26,15:00,14:56,AK6117,AXM6117,PEN,Penang International Airport,AirAsia,AK,A320,Airbus A320-214,9M-DAE,Landed 15:56,2026-07-27 06:03:25
KUL,arrivals,2026-07-26,15:05,15:20,MH1427,MAS1427,KBR,Kota Bharu Sultan Ismail Petra Airport,Malaysia Airlines,MH,B738,Boeing 737-8H6,9M-MLP,Landed 16:20,2026-07-27 06:03:25
KUL,arrivals,2026-07-26,15:05,18:27,CZ8097,CSN8097,SZX,Shenzhen Bao'an International Airport,China Southern Airlines,CZ,A21N,Airbus A321-251NX,B-32L1,Landed 19:27,2026-07-27 06:03:25
KUL,arrivals,2026-07-26,15:05,15:16,AK365,AXM365,DPS,Denpasar Ngurah Rai International Airport,AirAsia,AK,A21N,Airbus A321-251NX,9M-VAC,Landed 16:16,2026-07-27 06:03:25
KUL,arrivals,2026-07-26,15:10,14:56,JX725,SJX725,TPE,Taipei Taoyuan International Airport,STARLUX,JX,A21N,Airbus A321-252NX,B-58210,Landed 15:56,2026-07-27 06:03:25
KUL,arrivals,2026-07-26,15:10,14:51,AK825,AXM825,HKT,Phuket International Airport,AirAsia,AK,A320,Airbus A320-216,9M-AGT,Landed 15:51,2026-07-27 06:03:25
KUL,arrivals,2026-07-26,15:15,15:02,MH1437,MAS1437,LGK,Langkawi International Airport,Malaysia Airlines,MH,B738,Boeing 737-8H6,9M-MXG,Landed 16:02,2026-07-27 06:03:25
KUL,arrivals,2026-07-26,15:15,15:44,AK352,AXM352,CGK,Jakarta Soekarno Hatta International Airport,AirAsia,AK,A20N,Airbus A320-251N,9M-AGE,Landed 16:44,2026-07-27 06:03:25
KUL,arrivals,2026-07-26,15:20,15:38,OD172,MXD172,DPS,Denpasar Ngurah Rai International Airport,Batik Air,ID,B38M,Boeing 737 MAX 8,9M-LRP,Landed 16:38,2026-07-27 06:03:25
KUL,arrivals,2026-07-26,15:20,15:11,AK6043,AXM6043,JHB,Johor Bahru Senai International Airport,AirAsia,AK,A20N,Airbus A320-251N,9M-AGL,Landed 16:11,2026-07-27 06:03:25
KUL,arrivals,2026-07-26,15:25,16:37,EK346,UAE15K,DXB,Dubai International Airport,Emirates,EK,B77W,Boeing 777-31H(ER),A6-EPO,Landed 17:37,2026-07-27 06:03:25
KUL,arrivals,2026-07-26,15:25,,EK346,,DXB,Dubai International Airport,Emirates,EK,77W,,,Unknown,2026-07-27 06:03:25
KUL,arrivals,2026-07-26,15:25,15:03,AK6319,AXM6319,LGK,Langkawi International Airport,AirAsia,AK,A320,Airbus A320-214,9M-AJG,Landed 16:03,2026-07-27 06:03:25
KUL,arrivals,2026-07-26,15:25,15:57,AK5209,AXM5209,KCH,Kuching International Airport,AirAsia (Visit Truly Asia Malaysia 2020 Stickers),AK,A20N,Airbus A320-251N,9M-RAR,Landed 16:57,2026-07-27 06:03:25
KUL,arrivals,2026-07-26,15:25,15:06,AK265,AXM265,KOS,Sihanoukville International Airport,AirAsia,AK,A320,Airbus A320-216,9M-RAV,Landed 16:06,2026-07-27 06:03:25
KUL,arrivals,2026-07-26,15:30,15:04,MH319,MAS319,PKX,Beijing Daxing International Airport,Malaysia Airlines (Visit Malaysia 2026 Livery),MH,A333,Airbus A330-323,9M-MTJ,Landed 16:04,2026-07-27 06:03:25
KUL,arrivals,2026-07-26,15:35,15:23,MH773,MAS773,CNX,Chiang Mai International Airport,Malaysia Airlines,MH,B738,Boeing 737-8H6,9M-MLR,Landed 16:23,2026-07-27 06:03:25
KUL,arrivals,2026-07-26,15:35,15:34,MH67,MAS067,ICN,Seoul Incheon International Airport,Malaysia Airlines,MH,A333,Airbus A330-323,9M-MTH,Landed 16:34,2026-07-27 06:03:25
KUL,arrivals,2026-07-26,15:40,17:55,OD503,MXD503,DAD,Da Nang International Airport,Batik Air (Visit Malaysia Truly Asia 2026 Livery),ID,B38M,Boeing 737 MAX 8,9M-LRL,Landed 18:55,2026-07-27 06:03:25
KUL,arrivals,2026-07-26,15:40,15:31,MH795,MAS795,HKT,Phuket International Airport,Malaysia Airlines,MH,B738,Boeing 737-8H6,9M-MXD,Landed 16:31,2026-07-27 06:03:25
KUL,arrivals,2026-07-26,15:40,,CX725,,HKG,Hong Kong International Airport,Cathay Pacific,CX,A333,Airbus A330-343,B-LAP,Canceled,2026-07-27 06:03:25
KUL,arrivals,2026-07-26,15:40,15:29,AK6229,AXM6229,TGG,Kuala Terengganu Sultan Mahmud Airport,AirAsia,AK,A20N,Airbus A320-251N,9M-RAM,Landed 16:29,2026-07-27 06:03:25
KUL,arrivals,2026-07-26,15:45,15:15,MH89,MAS89,NRT,Tokyo Narita International Airport,Malaysia Airlines,MH,A339,Airbus A330-941,9M-MNI,Landed 16:15,2026-07-27 06:03:25
KUL,arrivals,2026-07-26,15:45,15:55,MF897,CXA897,FOC,Fuzhou Changle International Airport,Xiamen Air,MF,B738,Boeing 737-85C,B-5791,Landed 16:55,2026-07-27 06:03:25
KUL,arrivals,2026-07-26,15:50,15:40,MH807,MAS807,MNL,Manila Ninoy Aquino International Airport,Malaysia Airlines,MH,B38M,Boeing 737 MAX 8,9M-MVK,Landed 16:40,2026-07-27 06:03:25
KUL,arrivals,2026-07-26,15:50,15:44,FY2693,FFM2693,TGG,Kuala Terengganu Sultan Mahmud Airport,Firefly,FY,B738,Boeing 737-8FZ,9M-MLG,Landed 16:44,2026-07-27 06:03:25
KUL,arrivals,2026-07-26,15:50,16:16,AK6441,AXM6441,KBR,Kota Bharu Sultan Ismail Petra Airport,AirAsia,AK,A20N,Airbus A320-251N,9M-AGQ,Landed 17:16,2026-07-27 06:03:25
KUL,arrivals,2026-07-26,15:55,15:36,OD873,MXD873,NRT,Tokyo Narita International Airport,Batik Air,ID,B38M,Boeing 737 MAX 8,9M-LRJ,Landed 16:36,2026-07-27 06:03:25
KUL,arrivals,2026-07-26,15:55,15:52,MH2521,MAS2521,KCH,Kuching International Airport,Malaysia Airlines,MH,B38M,Boeing 737 MAX 8,9M-MVP,Landed 16:52,2026-07-27 06:03:25
KUL,arrivals,2026-07-26,15:55,15:57,MH1149,MAS1149,PEN,Penang International Airport,Malaysia Airlines,MH,B738,Boeing 737-8H6,9M-MXH,Landed 16:57,2026-07-27 06:03:25
KUL,arrivals,2026-07-26,15:55,15:29,MH624,MAS624,SIN,Singapore Changi Airport,Malaysia Airlines,MH,B738,Boeing 737-8H6,9M-MXK,Landed 16:29,2026-07-27 06:03:25
KUL,arrivals,2026-07-26,15:55,15:47,D7223,XAX223,SYD,Sydney Kingsford Smith Airport,AirAsia,AK,A333,Airbus A330-343,9M-XXY,Landed 16:47,2026-07-27 06:03:25
KUL,arrivals,2026-07-26,15:55,16:11,AK883,AXM883,DMK,Bangkok Don Mueang International Airport,AirAsia,AK,A21N,Airbus A321-251NX,9M-VAB,Landed 17:11,2026-07-27 06:03:25
KUL,arrivals,2026-07-26,16:00,15:42,CZ8301,CSN8301,CAN,Guangzhou Baiyun International Airport,China Southern Airlines,CZ,B38M,Boeing 737 MAX 8,B-20CU,Landed 16:42,2026-07-27 06:03:25
KUL,arrivals,2026-07-26,16:00,15:50,AK546,AXM546,PQC,Phu Quoc International Airport,AirAsia,AK,A320,Airbus A320-214,9M-AJT,Landed 16:50,2026-07-27 06:03:25
KUL,arrivals,2026-07-26,16:05,16:25,OD2305,MXD2305,KBR,Kota Bharu Sultan Ismail Petra Airport,Batik Air,ID,B738,Boeing 737-8U3,9M-LCW,Landed 17:25,2026-07-27 06:03:25
KUL,arrivals,2026-07-26,16:05,15:34,KR781,KME781,KTI,Phnom Penh Techo International Airport,Cambodia Airways,KR,A320,Airbus A320-214,XU-762,Landed 16:34,2026-07-27 06:03:25
KUL,arrivals,2026-07-26,16:05,16:06,D7533,XAX533,KIX,Osaka Kansai International Airport,AirAsia,AK,A333,Airbus A330-343,9M-XXE,Landed 17:06,2026-07-27 06:03:25
KUL,arrivals,2026-07-26,16:05,15:59,AK6131,AXM6131,PEN,Penang International Airport,AirAsia,AK,A320,Airbus A320-216,9M-AQS,Landed 16:59,2026-07-27 06:03:25
KUL,arrivals,2026-07-26,16:05,23:30,AK189,AXM189,MFM,Macau International Airport,AirAsia (De'Xandra Livery),AK,A320,Airbus A320-216,9M-AQM,Landed 00:30,2026-07-27 06:03:25
KUL,arrivals,2026-07-26,16:10,16:11,MH2711,MAS2711,SDK,Sandakan Airport,Malaysia Airlines (Retro Livery),MH,B738,Boeing 737-8H6,9M-MLV,Landed 17:11,2026-07-27 06:03:25
KUL,arrivals,2026-07-26,16:10,16:31,ET638,ETH638,SIN,Singapore Changi Airport,Ethiopian Airlines,ET,A359,Airbus A350-941,ET-ATY,Landed 17:31,2026-07-27 06:03:25
KUL,arrivals,2026-07-26,16:15,15:40,Z27114,APG7114,CEB,Cebu Mactan International Airport,AirAsia,AK,A320,Airbus A320-216,RP-C8950,Landed 16:40,2026-07-27 06:03:25
KUL,arrivals,2026-07-26,16:15,16:02,TK60,THY49A,IST,Istanbul Airport,Turkish Airlines,TK,A359,Airbus A350-941,TC-LGY,Landed 17:02,2026-07-27 06:03:25
KUL,arrivals,2026-07-26,16:15,16:04,AK714,AXM714,SIN,Singapore Changi Airport,AirAsia (BIG Duty Free Livery),AK,A320,Airbus A320-214,9M-AHY,Landed 17:04,2026-07-27 06:03:25
KUL,arrivals,2026-07-26,16:15,16:09,AK583,AXM583,MNL,Manila Ninoy Aquino International Airport,AirAsia,AK,A20N,Airbus A320-251N,9M-AGD,Landed 17:09,2026-07-27 06:03:25
KUL,arrivals,2026-07-26,16:20,16:18,AK6437,AXM6437,KBR,Kota Bharu Sultan Ismail Petra Airport,AirAsia,AK,A320,Airbus A320-216,9M-AJY,Landed 17:18,2026-07-27 06:03:25
KUL,arrivals,2026-07-26,16:20,16:14,AK5139,AXM5139,BKI,Kota Kinabalu International Airport,AirAsia,AK,A320,Airbus A320-216,9M-AQQ,Landed 17:14,2026-07-27 06:03:25
KUL,arrivals,2026-07-26,16:25,16:24,9C6523,CQH6523,PVG,Shanghai Pudong International Airport,Spring Airlines,9C,A20N,Airbus A320-251N,B-32HK,Landed 17:24,2026-07-27 06:03:25
KUL,arrivals,2026-07-26,16:25,16:01,TR472,TGW472,SIN,Singapore Changi Airport,Scoot,TR,A320,Airbus A320-232,9V-TRU,Landed 17:01,2026-07-27 06:03:25
KUL,arrivals,2026-07-26,16:30,16:16,MH789,MAS789,BKK,Bangkok Suvarnabhumi Airport,Malaysia Airlines,MH,B738,Boeing 737-8H6,9M-MXB,Landed 17:16,2026-07-27 06:03:25
KUL,arrivals,2026-07-26,16:30,16:33,MH753,MAS753,HAN,Hanoi Noi Bai International Airport,Malaysia Airlines,MH,B38M,Boeing 737 MAX 8,9M-MVC,Landed 17:33,2026-07-27 06:03:25
KUL,arrivals,2026-07-26,16:30,16:20,AK6332,AXM6332,LGK,Langkawi International Airport,AirAsia,AK,A320,Airbus A320-216,9M-AGP,Landed 17:20,2026-07-27 06:03:25
KUL,arrivals,2026-07-26,16:35,16:39,MH496,MAS496,CMB,Colombo Bandaranaike International Airport,Malaysia Airlines,MH,B38M,Boeing 737 MAX 8,9M-MVE,Landed 17:39,2026-07-27 06:03:25
KUL,arrivals,2026-07-26,16:35,16:27,AK5173,AXM5173,LBU,Labuan Airport,AirAsia,AK,A20N,Airbus A320-251N,9M-AGS,Landed 17:27,2026-07-27 06:03:25
KUL,arrivals,2026-07-26,16:40,20:47,OD572,MXD572,HAN,Hanoi Noi Bai International Airport,Batik Air,ID,B38M,Boeing 737 MAX 8,9M-LRT,Landed 21:47,2026-07-27 06:03:25
KUL,arrivals,2026-07-26,16:40,16:22,MH2641,MAS2641,BKI,Kota Kinabalu International Airport,Malaysia Airlines,MH,B738,Boeing 737-8H6,9M-MXY,Landed 17:22,2026-07-27 06:03:25
KUL,arrivals,2026-07-26,16:45,16:43,MH620,MAS620,SIN,Singapore Changi Airport,Malaysia Airlines,MH,B738,Boeing 737-8H6,9M-MXO,Landed 17:43,2026-07-27 06:03:25
KUL,arrivals,2026-07-26,16:45,16:13,CA483,CCA483,TFU,Chengdu Tianfu International Airport,Air China,CA,A21N,Airbus A321-252NX,B-32LE,Landed 17:13,2026-07-27 06:03:25
KUL,arrivals,2026-07-26,16:45,17:00,AK5221,AXM5221,KCH,Kuching International Airport,AirAsia (100th Awesome Plane Livery),AK,A320,Airbus A320-216,9M-AQH,Landed 18:00,2026-07-27 06:03:25
KUL,arrivals,2026-07-26,16:50,16:47,MH865,MAS865,KNO,Medan Kuala Namu International Airport,Malaysia Airlines,MH,B738,Boeing 737-8H6,9M-MLM,Landed 17:47,2026-07-27 06:03:25
KUL,arrivals,2026-07-26,16:50,16:39,AK428,AXM428,PKU,Pekanbaru Sultan Syarif Kasim II Airport,AirAsia (Sarawak Livery),AK,A320,Airbus A320-216,9M-AJD,Landed 17:39,2026-07-27 06:03:25
KUL,arrivals,2026-07-26,16:50,16:19,MH1,MAS1,LHR,London Heathrow Airport,Malaysia Airlines,MH,A359,Airbus A350-941,9M-MAB,Landed 17:19,2026-07-27 06:03:25
KUL,arrivals,2026-07-26,16:50,17:45,BA33,BAW33,LHR,London Heathrow Airport,British Airways,BA,B789,Boeing 787-9 Dreamliner,G-ZBKF,Landed 18:45,2026-07-27 06:03:25
KUL,arrivals,2026-07-26,16:55,16:28,JL723,JAL723,NRT,Tokyo Narita International Airport,Japan Airlines,JL,B789,Boeing 787-9 Dreamliner,JA867J,Landed 17:28,2026-07-27 06:03:25
KUL,arrivals,2026-07-26,17:00,19:42,OD808,MXD808,SIN,Singapore Changi Airport,Batik Air,ID,B38M,Boeing 737 MAX 8,9M-LRJ,Landed 20:42,2026-07-27 06:03:25
KUL,arrivals,2026-07-26,17:00,16:46,AK6154,AXM6154,PEN,Penang International Airport,AirAsia,AK,A20N,Airbus A320-251N,9M-AGN,Landed 17:46,2026-07-27 06:03:25
KUL,arrivals,2026-07-26,17:05,16:51,AK5645,AXM5645,MYY,Miri Airport,AirAsia,AK,A320,Airbus A320-216,9M-AHT,Landed 17:51,2026-07-27 06:03:25
KUL,arrivals,2026-07-26,17:10,17:00,MH2517,MAS2517,KCH,Kuching International Airport,Malaysia Airlines,MH,B738,Boeing 737-8H6,9M-MSE,Landed 18:00,2026-07-27 06:03:25
KUL,arrivals,2026-07-26,17:15,16:57,TR468,TGW468,SIN,Singapore Changi Airport,Scoot,TR,A20N,Airbus A320-271N,9V-TNJ,Landed 17:57,2026-07-27 06:03:25
KUL,arrivals,2026-07-26,17:15,17:39,MH103,MAS103,DAC,Dhaka Shahjalal International Airport,Malaysia Airlines,MH,B38M,Boeing 737 MAX 8,9M-MVB,Landed 18:39,2026-07-27 06:03:25
KUL,arrivals,2026-07-26,17:15,17:15,AK385,AXM385,CGK,Jakarta Soekarno Hatta International Airport,AirAsia,AK,A320,Airbus A320-216,9M-RAD,Landed 18:15,2026-07-27 06:03:25
KUL,arrivals,2026-07-26,17:20,17:14,MH183,MAS183,MAA,Chennai International Airport,Malaysia Airlines,MH,B38M,Boeing 737 MAX 8,9M-MVO,Landed 18:14,2026-07-27 06:03:25
KUL,arrivals,2026-07-26,17:25,17:17,VN679,HVN679,SGN,Ho Chi Minh City International Airport,Vietnam Airlines,VN,A321,Airbus A321-231,VN-A395,Landed 18:17,2026-07-27 06:03:25
KUL,arrivals,2026-07-26,17:25,17:03,AK75,AXM75,MLE,Male Velana International Airport,AirAsia,AK,A21N,Airbus A321-251NX,9M-VAG,Landed 18:03,2026-07-27 06:03:25
KUL,arrivals,2026-07-26,17:30,17:27,MH749,MAS749,DAD,Da Nang International Airport,Malaysia Airlines,MH,B38M,Boeing 737 MAX 8,9M-MVJ,Landed 18:27,2026-07-27 06:03:25
KUL,arrivals,2026-07-26,17:30,17:34,MH377,MAS377,CAN,Guangzhou Baiyun International Airport,Malaysia Airlines,MH,A333,Airbus A330-323,9M-MTN,Landed 18:34,2026-07-27 06:03:25
KUL,arrivals,2026-07-26,17:30,18:21,MH73,MAS073,HKG,Hong Kong International Airport,Malaysia Airlines (Malaysia Negaraku Livery),MH,A332,Airbus A330-223,9M-MTZ,Landed 19:21,2026-07-27 06:03:25
KUL,arrivals,2026-07-26,17:30,17:33,AK377,AXM377,DPS,Denpasar Ngurah Rai International Airport,AirAsia,AK,A20N,Airbus A320-251N,9M-AGG,Landed 18:33,2026-07-27 06:03:25
KUL,arrivals,2026-07-26,17:35,,AQ1211,,KWE,Guiyang Longdongbao International Airport,9 Air,AQ,738,,,Canceled,2026-07-27 06:03:25
KUL,arrivals,2026-07-26,17:35,17:42,FY3693,FFM3693,CEB,Cebu Mactan International Airport,Firefly,FY,B738,Boeing 737-8FZ,9M-MLI,Landed 18:42,2026-07-27 06:03:25
KUL,arrivals,2026-07-26,17:35,17:40,AK885,AXM885,DMK,Bangkok Don Mueang International Airport,AirAsia (Let’s Fly To Terengganu Livery),AK,A320,Airbus A320-216,9M-AJS,Landed 18:40,2026-07-27 06:03:25
KUL,arrivals,2026-07-26,17:35,17:23,AK404,AXM404,PDG,Padang Minangkabau International Airport,AirAsia,AK,A320,Airbus A320-216,9M-AQE,Landed 18:23,2026-07-27 06:03:25
KUL,arrivals,2026-07-26,17:40,17:19,AK311,AXM311,LBJ,Labuan Bajo Komodo Airport,AirAsia (Persona 5 Royal Livery),AK,A320,Airbus A320-214,9M-AFF,Landed 18:19,2026-07-27 06:03:25
KUL,arrivals,2026-07-26,17:45,19:21,AK130,AWQ130,KNO,Medan Kuala Namu International Airport,AirAsia,AK,A320,Airbus A320-216,PK-AZT,Landed 20:21,2026-07-27 06:03:25
KUL,arrivals,2026-07-26,17:45,18:32,ZH329,CSZ329,SZX,Shenzhen Bao'an International Airport,Shenzhen Airlines,ZH,B38M,Boeing 737 MAX 8,B-20ES,Landed 19:32,2026-07-27 06:03:25
KUL,arrivals,2026-07-26,17:45,17:37,MH105,MAS105,BLR,Bengaluru Kempegowda International Airport,Malaysia Airlines,MH,B38M,Boeing 737 MAX 8,9M-MVG,Landed 18:37,2026-07-27 06:03:25
KUL,arrivals,2026-07-26,17:45,17:37,AK6219,AXM6219,TGG,Kuala Terengganu Sultan Mahmud Airport,AirAsia (Save Our Malayan Tiger Livery),AK,A320,Airbus A320-216,9M-AQZ,Landed 18:37,2026-07-27 06:03:25
KUL,arrivals,2026-07-26,17:50,17:30,OD2406,MXD2406,JHB,Johor Bahru Senai International Airport,Batik Air,ID,B738,Boeing 737-8GP,9M-LDU,Landed 18:30,2026-07-27 06:03:25
KUL,arrivals,2026-07-26,17:50,17:47,MH1455,MAS1455,LGK,Langkawi International Airport,Malaysia Airlines,MH,B738,Boeing 737-8FZ,9M-MLK,Landed 18:47,2026-07-27 06:03:25
KUL,arrivals,2026-07-26,17:50,17:28,AK6317,AXM6317,LGK,Langkawi International Airport,AirAsia,AK,A320,Airbus A320-214,9M-RCG,Landed 18:28,2026-07-27 06:03:25
KUL,arrivals,2026-07-26,17:50,17:51,AK5211,AXM5211,KCH,Kuching International Airport,AirAsia (General Electric Livery),AK,A320,Airbus A320-216,9M-AQB,Landed 18:51,2026-07-27 06:03:25
KUL,arrivals,2026-07-26,18:00,18:01,VN681,HVN681,HAN,Hanoi Noi Bai International Airport,Vietnam Airlines,VN,A321,Airbus A321-231,VN-A326,Landed 19:01,2026-07-27 06:03:22
KUL,arrivals,2026-07-26,18:00,17:58,MH2607,MAS2607,BKI,Kota Kinabalu International Airport,Malaysia Airlines (Oneworld Livery),MH,B738,Boeing 737-8H6,9M-MXC,Landed 18:58,2026-07-27 06:03:25
KUL,arrivals,2026-07-26,18:00,17:49,MH705,MAS705,MNL,Manila Ninoy Aquino International Airport,Malaysia Airlines,MH,B38M,Boeing 737 MAX 8,9M-MVM,Landed 18:49,2026-07-27 06:03:25
KUL,arrivals,2026-07-26,18:05,21:00,OD606,MXD606,HKG,Hong Kong International Airport,Batik Air,ID,B738,Boeing 737-8GP,9M-LNY,Landed 22:00,2026-07-27 06:03:22
KUL,arrivals,2026-07-26,18:05,18:16,AK6433,AXM6433,KBR,Kota Bharu Sultan Ismail Petra Airport,AirAsia,AK,A320,Airbus A320-216,9M-AGC,Landed 19:16,2026-07-27 06:03:22
KUL,arrivals,2026-07-26,18:05,18:24,AK5871,AXM5871,SBW,Sibu Airport,AirAsia,AK,A320,Airbus A320-214,9M-RCB,Landed 19:24,2026-07-27 06:03:22
KUL,arrivals,2026-07-26,18:10,17:54,QG502,CTV502,CGK,Jakarta Soekarno Hatta International Airport,Citilink,QG,A320,Airbus A320-214,PK-GQA,Landed 18:54,2026-07-27 06:03:22
KUL,arrivals,2026-07-26,18:10,18:54,AK523,AXM523,SGN,Ho Chi Minh City International Airport,AirAsia,AK,A320,Airbus A320-216,9M-AQP,Landed 19:54,2026-07-27 06:03:22
KUL,arrivals,2026-07-26,18:10,19:53,AK513,AXM513,HAN,Hanoi Noi Bai International Airport,AirAsia,AK,A320,Airbus A320-216,9M-RAI,Landed 20:53,2026-07-27 06:03:22
KUL,arrivals,2026-07-26,18:15,18:44,FM865,CSH865,PVG,Shanghai Pudong International Airport,Shanghai Airlines,FM,B38M,Boeing 737 MAX 8,B-1381,Landed 19:44,2026-07-27 06:03:22
KUL,arrivals,2026-07-26,18:20,22:04,ID1005,MXD1005,BKI,Kota Kinabalu International Airport,Batik Air,ID,B38M,Boeing 737 MAX 8,9M-LRW,Landed 23:04,2026-07-27 06:03:22
KUL,arrivals,2026-07-26,18:25,18:09,MH720,MAS720,CGK,Jakarta Soekarno Hatta International Airport,Malaysia Airlines (Malaysia Negaraku Livery),MH,B738,Boeing 737-8H6,9M-MXU,Landed 19:09,2026-07-27 06:03:22
KUL,arrivals,2026-07-26,18:25,18:19,MH608,MAS608,SIN,Singapore Changi Airport,Malaysia Airlines,MH,B38M,Boeing 737 MAX 8,9M-MVD,Landed 19:19,2026-07-27 06:03:22
KUL,arrivals,2026-07-26,18:30,18:35,OD2107,MXD2107,PEN,Penang International Airport,Batik Air,ID,B738,Boeing 737-8GP,9M-LNC,Landed 19:35,2026-07-27 06:03:22
KUL,arrivals,2026-07-26,18:30,18:24,OD1907,MXD1907,SBW,Sibu Airport,Batik Air,ID,B738,Boeing 737-8GP,9M-LNV,Landed 19:24,2026-07-27 06:03:22
KUL,arrivals,2026-07-26,18:30,18:15,MH1335,MAS1335,TGG,Kuala Terengganu Sultan Mahmud Airport,Malaysia Airlines,MH,B738,Boeing 737-8FZ,9M-FFF,Landed 19:15,2026-07-27 06:03:22
KUL,arrivals,2026-07-26,18:30,18:12,MH872,MAS872,SUB,Surabaya Juanda International Airport,Malaysia Airlines,MH,B738,Boeing 737-8H6,9M-MXL,Landed 19:12,2026-07-27 06:03:22
KUL,arrivals,2026-07-26,18:35,18:25,MH850,MAS850,DPS,Denpasar Ngurah Rai International Airport,Malaysia Airlines,MH,B738,Boeing 737-8H6,9M-MXW,Landed 19:25,2026-07-27 06:03:22
KUL,arrivals,2026-07-26,18:35,18:28,AK857,AXM857,CNX,Chiang Mai International Airport,AirAsia,AK,A320,Airbus A320-216,9M-AGM,Landed 19:28,2026-07-27 06:03:22
KUL,arrivals,2026-07-26,18:40,18:53,MH1397,MAS1397,KBR,Kota Bharu Sultan Ismail Petra Airport,Malaysia Airlines,MH,B738,Boeing 737-8FZ,9M-MLL,Landed 19:53,2026-07-27 06:03:22
KUL,arrivals,2026-07-26,18:40,19:03,MH759,MAS759,SGN,Ho Chi Minh City International Airport,Malaysia Airlines,MH,B38M,Boeing 737 MAX 8,9M-MVF,Landed 20:03,2026-07-27 06:03:22
KUL,arrivals,2026-07-26,18:45,18:42,SQ126,SIA126,SIN,Singapore Changi Airport,Singapore Airlines,SQ,A359,Airbus A350-941,9V-SMQ,Landed 19:42,2026-07-27 06:03:22
KUL,arrivals,2026-07-26,18:45,18:46,AK463,AXM463,PLM,Palembang International Airport,AirAsia (Universiti Teknologi Malaysia Livery),AK,A320,Airbus A320-216,9M-AJE,Landed 19:46,2026-07-27 06:03:22
KUL,arrivals,2026-07-26,18:45,18:34,AK369,AXM369,DPS,Denpasar Ngurah Rai International Airport,AirAsia,AK,A21N,Airbus A321-251NX,9M-VAE,Landed 19:34,2026-07-27 06:03:22
KUL,arrivals,2026-07-26,18:50,18:37,TG417,THA417,BKK,Bangkok Suvarnabhumi Airport,Thai Airways,TG,A359,Airbus A350-941,HS-THC,Landed 19:37,2026-07-27 06:03:22
KUL,arrivals,2026-07-26,18:50,18:47,MH2545,MAS2545,KCH,Kuching International Airport,Malaysia Airlines,MH,B738,Boeing 737-8H6,9M-MLN,Landed 19:47,2026-07-27 06:03:22
KUL,arrivals,2026-07-26,18:50,18:48,EY486,ETD7LE,AUH,Abu Dhabi Zayed International Airport,Etihad Airways,EY,B789,Boeing 787-9 Dreamliner,A6-BLY,Landed 19:48,2026-07-27 06:03:22
KUL,arrivals,2026-07-26,18:50,19:14,AK5117,AXM5117,BKI,Kota Kinabalu International Airport,AirAsia,AK,A20N,Airbus A320-251N,9M-AGB,Landed 20:14,2026-07-27 06:03:22
KUL,arrivals,2026-07-26,18:55,19:53,OD1727,MXD1727,BTU,Bintulu Airport,Batik Air,ID,B738,Boeing 737-8U3,9M-LDH,Landed 20:53,2026-07-27 06:03:22
KUL,arrivals,2026-07-26,18:55,18:55,OD1901,MXD1901,TWU,Tawau Airport,Batik Air,ID,B738,Boeing 737-86N,9M-LDP,Landed 19:55,2026-07-27 06:03:22
KUL,arrivals,2026-07-26,18:55,19:23,AK716,AXM716,SIN,Singapore Changi Airport,AirAsia,AK,A21N,Airbus A321-251NX,9M-VAF,Landed 20:23,2026-07-27 06:03:22
KUL,arrivals,2026-07-26,18:55,19:17,AK641,AXM641,DAD,Da Nang International Airport,AirAsia (Resorts World Genting Livery),AK,A20N,Airbus A320-251N,9M-AGA,Landed 20:17,2026-07-27 06:03:22
KUL,arrivals,2026-07-26,18:55,19:09,AK392,AXM392,KNO,Medan Kuala Namu International Airport,AirAsia,AK,A20N,Airbus A320-251N,9M-AGL,Landed 20:09,2026-07-27 06:03:22
KUL,arrivals,2026-07-26,19:00,19:07,MH367,MAS367,TPE,Taipei Taoyuan International Airport,Malaysia Airlines (Malaysia Negaraku Livery),MH,B738,Boeing 737-8H6,9M-MXF,Landed 20:07,2026-07-27 06:03:22
KUL,arrivals,2026-07-26,19:00,19:09,MH122,MAS122,SYD,Sydney Kingsford Smith Airport,Malaysia Airlines (Manchester United Livery),MH,A333,Airbus A330-323,9M-MTL,Landed 20:09,2026-07-27 06:03:22
KUL,arrivals,2026-07-26,19:05,19:15,8B679,TNU679,CGK,Jakarta Soekarno Hatta International Airport,TransNusa,8B,A321,Airbus A321-211,PK-TLG,Landed 20:15,2026-07-27 06:03:22
KUL,arrivals,2026-07-26,19:05,18:58,WY823,OMA823,MCT,Muscat International Airport,Oman Air,WY,B789,Boeing 787-9 Dreamliner,A4O-SH,Landed 19:58,2026-07-27 06:03:22
KUL,arrivals,2026-07-26,19:05,19:00,MH484,MAS484,MLE,Male Velana International Airport,Malaysia Airlines,MH,B38M,Boeing 737 MAX 8,9M-MVI,Landed 20:00,2026-07-27 06:03:22
KUL,arrivals,2026-07-26,19:05,18:51,AK6133,AXM6133,PEN,Penang International Airport,AirAsia,AK,A320,Airbus A320-216,9M-AQS,Landed 19:51,2026-07-27 06:03:22
KUL,arrivals,2026-07-26,19:05,19:03,AK887,AXM887,DMK,Bangkok Don Mueang International Airport,AirAsia,AK,A320,Airbus A320-216,9M-RAW,Landed 20:03,2026-07-27 06:03:22
KUL,arrivals,2026-07-26,19:10,18:39,MH2593,MAS2593,MYY,Miri Airport,Malaysia Airlines,MH,B738,Boeing 737-8H6,9M-MLS,Landed 19:39,2026-07-27 06:03:22
KUL,arrivals,2026-07-26,19:10,18:51,MH148,MAS148,MEL,Melbourne Airport,Malaysia Airlines,MH,A339,Airbus A330-941,9M-MNG,Landed 19:51,2026-07-27 06:03:22
KUL,arrivals,2026-07-26,19:10,19:37,HU497,CHH497,BAR,Qionghai Bo'ao Airport,Hainan Airlines,HU,B38M,Boeing 737 MAX 8,B-225V,Landed 20:37,2026-07-27 06:03:22
KUL,arrivals,2026-07-26,19:10,19:07,AK6015,AXM6015,AOR,Alor Setar Sultan Abdul Halim Airport,AirAsia (Visit Truly Asia Malaysia 2020 Stickers),AK,A20N,Airbus A320-251N,9M-RAR,Landed 20:07,2026-07-27 06:03:22
KUL,arrivals,2026-07-26,19:10,18:59,AK141,AXM141,SWA,Jieyang Chaoshan International Airport,AirAsia,AK,A20N,Airbus A320-251N,9M-AGH,Landed 19:59,2026-07-27 06:03:22
KUL,arrivals,2026-07-26,19:15,19:05,QZ210,AWQ210,CGK,Jakarta Soekarno Hatta International Airport,AirAsia (Dnars Indonesia Livery),AK,A320,Airbus A320-216,PK-AZN,Landed 20:05,2026-07-27 06:03:22
KUL,arrivals,2026-07-26,19:20,19:11,AK420,AXM420,BTJ,Banda Aceh International Airport,AirAsia,AK,A320,Airbus A320-214,9M-DAE,Landed 20:11,2026-07-27 06:03:22
KUL,arrivals,2026-07-26,19:25,19:19,MH2645,MAS2645,BKI,Kota Kinabalu International Airport,Malaysia Airlines (Malaysia Negaraku Livery),MH,B738,Boeing 737-8H6,9M-MXV,Landed 20:19,2026-07-27 06:03:22
KUL,arrivals,2026-07-26,19:25,19:31,MH1155,MAS1155,PEN,Penang International Airport,Malaysia Airlines,MH,B38M,Boeing 737 MAX 8,9M-MVA,Landed 20:31,2026-07-27 06:03:22
KUL,arrivals,2026-07-26,19:25,19:24,MH616,MAS616,SIN,Singapore Changi Airport,Malaysia Airlines,MH,B738,Boeing 737-8H6,9M-MXN,Landed 20:24,2026-07-27 06:03:22
KUL,arrivals,2026-07-26,19:25,19:12,BI873,RBA873,BWN,Brunei International Airport,Royal Brunei Airlines,BI,A20N,Airbus A320-251N,V8-RBA,Landed 20:12,2026-07-27 06:03:22
KUL,arrivals,2026-07-26,19:30,19:17,OD294,MXD294,MLE,Male Velana International Airport,Batik Air,ID,B738,Boeing 737-8GP,9M-LDD,Landed 20:17,2026-07-27 06:03:22
KUL,arrivals,2026-07-26,19:30,19:27,MH783,MAS783,BKK,Bangkok Suvarnabhumi Airport,Malaysia Airlines,MH,B38M,Boeing 737 MAX 8,9M-MVL,Landed 20:27,2026-07-27 06:03:22
KUL,arrivals,2026-07-26,19:30,19:45,MH144,MAS144,AKL,Auckland Airport,Malaysia Airlines,MH,A339,Airbus A330-941,9M-MNP,Landed 20:45,2026-07-27 06:03:22
KUL,arrivals,2026-07-26,19:30,19:21,FY2893,FFM2893,JHB,Johor Bahru Senai International Airport,Firefly,FY,B738,Boeing 737-8FZ,9M-MLG,Landed 20:21,2026-07-27 06:03:22
KUL,arrivals,2026-07-26,19:35,19:50,MH2635,MAS2635,LBU,Labuan Airport,Malaysia Airlines,MH,B738,Boeing 737-8H6,9M-MXQ,Landed 20:50,2026-07-27 06:03:22
KUL,arrivals,2026-07-26,19:35,19:34,AK6439,AXM6439,KBR,Kota Bharu Sultan Ismail Petra Airport,AirAsia,AK,A320,Airbus A320-216,9M-RAV,Landed 20:34,2026-07-27 06:03:22
KUL,arrivals,2026-07-26,19:40,20:11,MH165,MAS165,DOH,Doha Hamad International Airport,Malaysia Airlines,MH,A359,Airbus A350-941,9M-MAH,Unknown,2026-07-27 06:03:22
KUL,arrivals,2026-07-26,19:40,19:30,AK6033,AXM6033,JHB,Johor Bahru Senai International Airport,AirAsia (BIG Duty Free Livery),AK,A320,Airbus A320-214,9M-AHY,Landed 20:30,2026-07-27 06:03:22
KUL,arrivals,2026-07-26,19:45,19:30,MH1058,MAS1058,JHB,Johor Bahru Senai International Airport,Malaysia Airlines,MH,B738,Boeing 737-8H6,9M-MLT,Landed 20:30,2026-07-27 06:03:22
KUL,arrivals,2026-07-26,19:45,19:48,MH791,MAS791,HKT,Phuket International Airport,Malaysia Airlines,MH,B738,Boeing 737-8H6,9M-MXM,Landed 20:48,2026-07-27 06:03:22
KUL,arrivals,2026-07-26,19:45,19:42,AK5213,AXM5213,KCH,Kuching International Airport,AirAsia,AK,A320,Airbus A320-216,9M-AGT,Landed 20:42,2026-07-27 06:03:22
KUL,arrivals,2026-07-26,19:50,,MH6163,,PVG,Shanghai Pudong International Airport,Malaysia Airlines,MH,33X,,,Unknown,2026-07-27 06:03:22
KUL,arrivals,2026-07-26,19:55,19:49,KT173,KTC173,SAI,Siem Reap Angkor International Airport,AirAsia,AK,A320,Airbus A320-214,XU-819,Landed 20:49,2026-07-27 06:03:22
KUL,arrivals,2026-07-26,19:55,19:34,MH1281,MAS1281,KUA,Kuantan Sultan Haji Ahmad Shah Airport,Malaysia Airlines,MH,B38M,Boeing 737 MAX 8,9M-MVP,Landed 20:34,2026-07-27 06:03:22
KUL,arrivals,2026-07-26,19:55,,FY2954,,PEN,Penang International Airport,Firefly,FY,738,,,Unknown,2026-07-27 06:03:22
KUL,arrivals,2026-07-26,19:55,21:19,CX729,CPA729,HKG,Hong Kong International Airport,Cathay Pacific,CX,A21N,Airbus A321-251NX,B-HPG,Landed 22:19,2026-07-27 06:03:22
KUL,arrivals,2026-07-26,19:55,20:36,AK5134,AXM5134,BKI,Kota Kinabalu International Airport,"AirAsia (3, 2,1, Take Off Livery)",AK,A21N,Airbus A321-251NX,9M-VAA,Landed 21:36,2026-07-27 06:03:22
KUL,arrivals,2026-07-26,20:00,19:39,6E1037,IGO1037,BLR,Bengaluru Kempegowda International Airport,IndiGo,6E,A20N,Airbus A320-251N,VT-IPD,Landed 20:39,2026-07-27 06:03:22
KUL,arrivals,2026-07-26,20:00,20:16,MH389,MAS389,PVG,Shanghai Pudong International Airport,Malaysia Airlines,MH,A333,Airbus A330-323,9M-MTI,Landed 21:16,2026-07-27 06:03:22
KUL,arrivals,2026-07-26,20:00,19:46,AK349,AXM349,YIA,Yogyakarta International Airport,AirAsia,AK,A320,Airbus A320-214,9M-AFE,Landed 20:46,2026-07-27 06:03:22
KUL,arrivals,2026-07-26,20:05,20:42,OD391,MXD391,CGK,Jakarta Soekarno Hatta International Airport,Batik Air,ID,B738,Boeing 737-8U3,9M-LDG,Landed 21:42,2026-07-27 06:03:22
KUL,arrivals,2026-07-26,20:05,20:22,MH2665,MAS2665,TWU,Tawau Airport,Malaysia Airlines,MH,B738,Boeing 737-8H6,9M-MLU,Landed 21:22,2026-07-27 06:03:22
KUL,arrivals,2026-07-26,20:10,19:59,SQ128,SIA128,SIN,Singapore Changi Airport,Singapore Airlines,SQ,B38M,Boeing 737 MAX 8,9V-MBO,Landed 20:59,2026-07-27 06:03:22
KUL,arrivals,2026-07-26,20:12,21:45,MH6208,MAS6208,SYD,Sydney Kingsford Smith Airport,MASkargo,MH,A332,Airbus A330-223F,9M-MUD,Landed 22:45,2026-07-27 06:03:22
KUL,arrivals,2026-07-26,20:15,20:54,OD529,MXD529,DMK,Bangkok Don Mueang International Airport,Batik Air,ID,B738,Boeing 737-86N,9M-LDT,Landed 21:54,2026-07-27 06:03:22
KUL,arrivals,2026-07-26,20:15,20:01,MH2717,MAS2717,SBW,Sibu Airport,Malaysia Airlines,MH,B738,Boeing 737-8H6,9M-MXR,Landed 21:01,2026-07-27 06:03:22
KUL,arrivals,2026-07-26,20:15,20:32,AK5749,AXM5749,TWU,Tawau Airport,AirAsia,AK,A21N,Airbus A321-251NX,9M-VAH,Landed 21:32,2026-07-27 06:03:22
KUL,arrivals,2026-07-26,20:20,20:25,MH2669,MAS2669,SDK,Sandakan Airport,Malaysia Airlines,MH,B738,Boeing 737-8H6,9M-MXX,Landed 21:25,2026-07-27 06:03:22
KUL,arrivals,2026-07-26,20:25,19:59,QZ326,AWQ326,SUB,Surabaya Juanda International Airport,AirAsia,AK,A320,Airbus A320-214,PK-AZJ,Landed 20:59,2026-07-27 06:03:22
KUL,arrivals,2026-07-26,20:25,20:03,AK171,AXM171,KHH,Kaohsiung International Airport,AirAsia,AK,A20N,Airbus A320-251N,9M-RAJ,Landed 21:03,2026-07-27 06:03:22
KUL,arrivals,2026-07-26,20:30,00:15,OD1637,MXD1637,KCH,Kuching International Airport,Batik Air,ID,B738,Boeing 737-86N,9M-LDP,Landed 01:15,2026-07-27 06:03:22
KUL,arrivals,2026-07-26,20:35,20:31,MH722,MAS722,CGK,Jakarta Soekarno Hatta International Airport,Malaysia Airlines,MH,B738,Boeing 737-8H6,9M-MXE,Landed 21:31,2026-07-27 06:03:22
KUL,arrivals,2026-07-26,20:35,20:08,AK6323,AXM6323,LGK,Langkawi International Airport,AirAsia,AK,A320,Airbus A320-216,9M-AGP,Landed 21:08,2026-07-27 06:03:22
KUL,arrivals,2026-07-26,20:40,20:19,MH1459,MAS1459,LGK,Langkawi International Airport,Malaysia Airlines,MH,B738,Boeing 737-8H6,9M-MXG,Landed 21:19,2026-07-27 06:03:22
KUL,arrivals,2026-07-26,20:40,20:56,AK5195,AXM5195,SDK,Sandakan Airport,AirAsia,AK,A320,Airbus A320-216,9M-RAE,Landed 21:56,2026-07-27 06:03:22
KUL,arrivals,2026-07-26,20:40,20:42,AK335,AXM335,UPG,Makassar Sultan Hasanuddin International Airport,AirAsia,AK,A20N,Airbus A320-251N,9M-AGJ,Landed 21:42,2026-07-27 06:03:22
KUL,arrivals,2026-07-26,20:45,20:49,TR466,TGW466,SIN,Singapore Changi Airport,Scoot,TR,B789,Boeing 787-9 Dreamliner,9V-OJA,Landed 21:49,2026-07-27 06:03:22
KUL,arrivals,2026-07-26,20:45,20:33,MH2631,MAS2631,BKI,Kota Kinabalu International Airport,Malaysia Airlines,MH,B738,Boeing 737-8H6,9M-MXT,Landed 21:33,2026-07-27 06:03:22
KUL,arrivals,2026-07-26,20:50,20:40,KE427,KAL427,ICN,Seoul Incheon International Airport,Korean Air,KE,A333,Airbus A330-323,HL8001,Landed 21:40,2026-07-27 06:03:22
KUL,arrivals,2026-07-26,20:50,20:51,EK342,UAE5JM,DXB,Dubai International Airport,Emirates,EK,A388,Airbus A380-861,A6-EEH,Landed 21:51,2026-07-27 06:03:22
KUL,arrivals,2026-07-26,20:50,20:13,CZ365,CSN365,CAN,Guangzhou Baiyun International Airport,China Southern Airlines,CZ,B38M,Boeing 737 MAX 8,B-1175,Landed 21:13,2026-07-27 06:03:22
KUL,arrivals,2026-07-26,20:50,20:47,AK6129,AXM6129,PEN,Penang International Airport,AirAsia (Save Our Malayan Tiger Livery),AK,A320,Airbus A320-216,9M-AQZ,Landed 21:47,2026-07-27 06:03:22
KUL,arrivals,2026-07-26,20:50,20:39,AK100,AXM100,KMG,Kunming Changshui International Airport,AirAsia,AK,A20N,Airbus A320-251N,9M-AGO,Landed 21:39,2026-07-27 06:03:22
KUL,arrivals,2026-07-26,20:55,20:45,MH775,MAS775,BKK,Bangkok Suvarnabhumi Airport,Malaysia Airlines,MH,B738,Boeing 737-8H6,9M-MSB,Landed 21:45,2026-07-27 06:03:22
KUL,arrivals,2026-07-26,20:55,20:28,MH124,MAS124,PER,Perth Airport,Malaysia Airlines,MH,B38M,Boeing 737 MAX 8,9M-MVS,Landed 21:28,2026-07-27 06:03:22
KUL,arrivals,2026-07-26,20:55,20:44,AK718,AXM718,SIN,Singapore Changi Airport,AirAsia,AK,A320,Airbus A320-216,9M-RAD,Landed 21:44,2026-07-27 06:03:22
KUL,arrivals,2026-07-26,21:00,21:02,OD2211,MXD2211,LGK,Langkawi International Airport,Batik Air,ID,B738,Boeing 737-8U3,9M-LDF,Landed 22:02,2026-07-27 06:03:22
KUL,arrivals,2026-07-26,21:00,,MH6107,,HKG,Hong Kong International Airport,Malaysia Airlines,MH,33X,,,Unknown,2026-07-27 06:03:22
KUL,arrivals,2026-07-26,21:00,21:38,AK893,AXM893,DMK,Bangkok Don Mueang International Airport,AirAsia,AK,A320,Airbus A320-216,9M-AHE,Landed 22:38,2026-07-27 06:03:22
KUL,arrivals,2026-07-26,21:05,20:57,MH1253,MAS1253,AOR,Alor Setar Sultan Abdul Halim Airport,Malaysia Airlines,MH,B738,Boeing 737-8H6,9M-MLM,Landed 21:57,2026-07-27 06:03:22
KUL,arrivals,2026-07-26,21:20,21:07,MH1165,MAS1165,PEN,Penang International Airport,Malaysia Airlines,MH,B738,Boeing 737-8FZ,9M-MLK,Landed 22:07,2026-07-27 06:03:19
KUL,arrivals,2026-07-26,21:20,21:36,MH852,MAS852,DPS,Denpasar Ngurah Rai International Airport,Malaysia Airlines,MH,B38M,Boeing 737 MAX 8,9M-MVR,Landed 22:36,2026-07-27 06:03:19
KUL,arrivals,2026-07-26,21:20,21:12,MH610,MAS610,SIN,Singapore Changi Airport,Malaysia Airlines,MH,B738,Boeing 737-8H6,9M-MXB,Landed 22:12,2026-07-27 06:03:19
KUL,arrivals,2026-07-26,21:20,21:15,AK5647,AXM5647,MYY,Miri Airport,AirAsia,AK,A320,Airbus A320-214,9M-AJG,Landed 22:15,2026-07-27 06:03:19
KUL,arrivals,2026-07-26,21:20,20:53,AK482,AXM482,BPN,Balikpapan Sepinggan Airport,AirAsia,AK,A20N,Airbus A320-251N,9M-AGF,Landed 21:53,2026-07-27 06:03:19
KUL,arrivals,2026-07-26,21:20,21:00,AK387,AXM387,CGK,Jakarta Soekarno Hatta International Airport,AirAsia,AK,A320,Airbus A320-216,9M-AJN,Landed 22:00,2026-07-27 06:03:22
KUL,arrivals,2026-07-26,21:25,21:31,AK827,AXM827,HKT,Phuket International Airport,AirAsia,AK,A320,Airbus A320-216,9M-AQQ,Landed 22:31,2026-07-27 06:03:19
KUL,arrivals,2026-07-26,21:25,21:18,AK720,AXM720,SIN,Singapore Changi Airport,AirAsia,AK,A320,Airbus A320-216,9M-AHT,Landed 22:18,2026-07-27 06:03:19
KUL,arrivals,2026-07-26,21:30,00:08,OD806,MXD806,SIN,Singapore Changi Airport,Batik Air,ID,B38M,Boeing 737 MAX 8,9M-LRJ,Landed 01:08,2026-07-27 06:03:19
KUL,arrivals,2026-07-26,21:30,21:27,MH767,MAS767,SGN,Ho Chi Minh City International Airport,Malaysia Airlines,MH,B38M,Boeing 737 MAX 8,9M-MVH,Landed 22:27,2026-07-27 06:03:19
KUL,arrivals,2026-07-26,21:35,21:06,9C6515,CQH6515,PVG,Shanghai Pudong International Airport,Spring Airlines,9C,A20N,Airbus A320-251N,B-32CP,Landed 22:06,2026-07-27 06:03:19
KUL,arrivals,2026-07-26,21:35,21:35,AK9573,AXM9573,TWU,Tawau Airport,AirAsia,AK,A320,Airbus A320-216,9M-RAO,Landed 22:35,2026-07-27 06:03:19
KUL,arrivals,2026-07-26,21:40,21:31,KL810,KLM810,CGK,Jakarta Soekarno Hatta International Airport,KLM,KL,B789,Boeing 787-9 Dreamliner,PH-BHA,Landed 22:31,2026-07-27 06:03:19
KUL,arrivals,2026-07-26,21:45,21:15,MH2747,MAS2747,BTU,Bintulu Airport,Malaysia Airlines,MH,B738,Boeing 737-8H6,9M-MSA,Landed 22:15,2026-07-27 06:03:19
KUL,arrivals,2026-07-26,21:50,21:39,MH2597,MAS2597,KCH,Kuching International Airport,Malaysia Airlines (Retro Livery),MH,B738,Boeing 737-8H6,9M-MLV,Landed 22:39,2026-07-27 06:03:19
KUL,arrivals,2026-07-26,21:50,21:44,AK6039,AXM6039,JHB,Johor Bahru Senai International Airport,AirAsia (Let’s Fly To Terengganu Livery),AK,A320,Airbus A320-216,9M-AJS,Landed 22:44,2026-07-27 06:03:19
KUL,arrivals,2026-07-26,21:50,22:05,AK379,AXM379,DPS,Denpasar Ngurah Rai International Airport,AirAsia,AK,A20N,Airbus A320-251N,9M-RAB,Landed 23:05,2026-07-27 06:03:19
KUL,arrivals,2026-07-26,21:55,22:07,MH781,MAS781,BKK,Bangkok Suvarnabhumi Airport,Malaysia Airlines,MH,B738,Boeing 737-8H6,9M-MXK,Landed 23:07,2026-07-27 06:03:19
KUL,arrivals,2026-07-26,22:00,22:09,MH724,MAS724,CGK,Jakarta Soekarno Hatta International Airport,Malaysia Airlines,MH,B738,Boeing 737-8H6,9M-MLR,Landed 23:09,2026-07-27 06:03:19
KUL,arrivals,2026-07-26,22:00,21:49,FY2575,FFM2575,TWU,Tawau Airport,Firefly,FY,B738,Boeing 737-8FZ,9M-MLF,Landed 22:49,2026-07-27 06:03:19
KUL,arrivals,2026-07-26,22:00,22:22,CA871,CCA871,PEK,Beijing Capital International Airport,Air China,CA,B38M,Boeing 737 MAX 8,B-1395,Landed 23:22,2026-07-27 06:03:19
KUL,arrivals,2026-07-26,22:05,21:42,3U3993,CSC3993,TFU,Chengdu Tianfu International Airport,Sichuan Airlines,3U,A21N,Airbus A321-271N,B-30CS,Landed 22:42,2026-07-27 06:03:19
KUL,arrivals,2026-07-26,22:05,22:29,FM7265,CSH7265,PVG,Shanghai Pudong International Airport,Shanghai Airlines,FM,B38M,Boeing 737 MAX 8,B-224D,Landed 23:29,2026-07-27 06:03:19
KUL,arrivals,2026-07-26,22:15,22:25,MF8715,CXA8715,NKG,Nanjing Lukou International Airport,Xiamen Air,MF,B38M,Boeing 737 MAX 8,B-227A,Landed 23:25,2026-07-27 06:03:19
KUL,arrivals,2026-07-26,22:40,22:17,3U3773,CSC3773,CKG,Chongqing Jiangbei International Airport,Sichuan Airlines,3U,A20N,Airbus A320-271N,B-321E,Landed 23:17,2026-07-27 06:03:19
KUL,arrivals,2026-07-26,22:40,22:32,MU2969,CES2969,NKG,Nanjing Lukou International Airport,China Eastern Airlines,MU,A20N,Airbus A320-251N,B-30C3,Landed 23:32,2026-07-27 06:03:19
KUL,arrivals,2026-07-26,22:40,,MH6245,,BOM,Mumbai Chhatrapati Shivaji International Airport,Malaysia Airlines,MH,33X,,,Unknown,2026-07-27 06:03:19
KUL,arrivals,2026-07-26,22:50,22:35,MH2585,MAS2585,MYY,Miri Airport,Malaysia Airlines,MH,B738,Boeing 737-8H6,9M-MLP,Landed 23:35,2026-07-27 06:03:19
KUL,arrivals,2026-07-26,22:50,23:02,MF823,CXA823,XMN,Xiamen Gaoqi International Airport,Xiamen Air,MF,B38M,Boeing 737 MAX 8,B-20E1,Landed 00:02,2026-07-27 06:03:19
KUL,arrivals,2026-07-26,22:55,23:58,OD389,MXD389,CGK,Jakarta Soekarno Hatta International Airport,Batik Air,ID,B738,Boeing 737-8GP,9M-LNR,Landed 00:58,2026-07-27 06:03:19
KUL,arrivals,2026-07-26,22:55,22:31,AK354,AXM354,CGK,Jakarta Soekarno Hatta International Airport,AirAsia,AK,A20N,Airbus A320-251N,9M-AGN,Landed 23:31,2026-07-27 06:03:19
KUL,arrivals,2026-07-26,23:05,22:40,NH815,ANA815,NRT,Tokyo Narita International Airport,All Nippon Airways,NH,B788,Boeing 787-8 Dreamliner,JA804A,Landed 23:40,2026-07-27 06:03:19
KUL,arrivals,2026-07-26,23:05,,FY3681,,SIN,Singapore Changi Airport,Firefly,FY,738,,,Unknown,2026-07-27 06:03:19
KUL,arrivals,2026-07-26,23:15,22:48,CZ5035,CSN5035,CAN,Guangzhou Baiyun International Airport,China Southern Airlines,CZ,B38M,Boeing 737 MAX 8,B-20D6,Landed 23:48,2026-07-27 06:03:19
KUL,arrivals,2026-07-26,23:20,22:53,AK5752,AXM5752,TWU,Tawau Airport,AirAsia,AK,A20N,Airbus A320-251N,9M-RAM,Landed 23:53,2026-07-27 06:03:19
KUL,arrivals,2026-07-26,23:25,23:34,MU795,CES795,PKX,Beijing Daxing International Airport,China Eastern Airlines,MU,A20N,Airbus A320-251N,B-305Z,Landed 00:34,2026-07-27 06:03:19
KUL,arrivals,2026-07-26,23:30,23:15,CZ5079,CSN5079,SZX,Shenzhen Bao'an International Airport,China Southern Airlines,CZ,A20N,Airbus A320-251N,B-30AA,Landed 00:15,2026-07-27 06:03:19
KUL,arrivals,2026-07-26,23:30,23:25,AK722,AXM722,SIN,Singapore Changi Airport,AirAsia,AK,A320,Airbus A320-216,9M-RAV,Landed 00:25,2026-07-27 06:03:19
KUL,arrivals,2026-07-26,23:35,,AQ1271,,CAN,Guangzhou Baiyun International Airport,9 Air,AQ,738,,,Unknown,2026-07-27 06:03:19
KUL,arrivals,2026-07-26,23:35,23:19,SV840,SVA840,JED,Jeddah King Abdulaziz International Airport,Saudia,SV,B78X,Boeing 787-10 Dreamliner,HZ-AR24,Landed 00:19,2026-07-27 06:03:19
KUL,arrivals,2026-07-26,23:45,23:36,AK897,AXM897,DMK,Bangkok Don Mueang International Airport,AirAsia,AK,A320,Airbus A320-216,9M-AJY,Landed 00:36,2026-07-27 06:03:19
KUL,departures,2026-07-26,00:20,01:43,CZ5036,CSN5036,CAN,Guangzhou Baiyun International Airport,China Southern Airlines,CZ,B38M,Boeing 737 MAX 8,B-226J,Departed 02:43,2026-07-27 06:04:19
KUL,departures,2026-07-26,00:25,02:10,MU796,CES796,PKX,Beijing Daxing International Airport,China Eastern Airlines,MU,A20N,Airbus A320-251N,B-304C,Departed 03:10,2026-07-27 06:04:19
KUL,departures,2026-07-26,00:30,,CZ5080,,SZX,Shenzhen Bao'an International Airport,China Southern Airlines,CZ,32N,,,Canceled,2026-07-27 06:04:19
KUL,departures,2026-07-26,00:40,01:03,AQ1272,JYH1272,CAN,Guangzhou Baiyun International Airport,9 Air,AQ,B38M,Boeing 737 MAX 8,B-224V,Departed 02:03,2026-07-27 06:04:19
KUL,departures,2026-07-26,00:55,,FM862,,PVG,Shanghai Pudong International Airport,Shanghai Airlines,FM,7M8,,,Unknown,2026-07-27 06:04:19
KUL,departures,2026-07-26,01:15,01:36,MH6207,MAS6207,SYD,Sydney Kingsford Smith Airport,MASkargo,MH,A332,Airbus A330-223F,9M-MUD,Departed 02:36,2026-07-27 06:04:19
KUL,departures,2026-07-26,01:15,03:53,SV841,SVA841,JED,Jeddah King Abdulaziz International Airport,Saudia,SV,B789,Boeing 787-9 Dreamliner,HZ-ARD,Departed 04:53,2026-07-27 06:04:19
KUL,departures,2026-07-26,01:15,01:39,PR530,PAL530,MNL,Manila Ninoy Aquino International Airport,Philippine Airlines,PR,A321,Airbus A321-231,RP-C9919,Departed 02:39,2026-07-27 06:04:19
KUL,departures,2026-07-26,01:15,01:15,EK343,UAE7Q,DXB,Dubai International Airport,Emirates,EK,A388,Airbus A380-861,A6-EDP,Departed 02:15,2026-07-27 06:04:19
KUL,departures,2026-07-26,01:20,01:33,D7532,XAX532,KIX,Osaka Kansai International Airport,AirAsia,AK,A333,Airbus A330-343,9M-XXE,Departed 02:33,2026-07-27 06:04:19
KUL,departures,2026-07-26,01:30,02:49,MF858,CXA858,XMN,Xiamen Gaoqi International Airport,Xiamen Air,MF,B738,Boeing 737-85C,B-5488,Departed 03:49,2026-07-27 06:04:19
KUL,departures,2026-07-26,01:40,02:29,MH164,MAS164,DOH,Doha Hamad International Airport,Malaysia Airlines,MH,A359,Airbus A350-941,9M-MAH,Departed 03:29,2026-07-27 06:04:19
KUL,departures,2026-07-26,01:40,02:25,CZ8026,CSN8026,CGO,Zhengzhou Xinzheng International Airport,China Southern Airlines,CZ,B738,Boeing 737-81B,B-1953,Departed 03:25,2026-07-27 06:04:19
KUL,departures,2026-07-26,01:45,,CX732,,HKG,Hong Kong International Airport,Cathay Pacific,CX,32Q,,,Canceled,2026-07-27 06:04:19
KUL,departures,2026-07-26,01:55,02:58,AK170,AXM170,KHH,Kaohsiung International Airport,AirAsia,AK,A20N,Airbus A320-251N,9M-RAJ,Departed 03:58,2026-07-27 06:04:19
KUL,departures,2026-07-26,02:05,10:20,ZH334,CSZ334,SZX,Shenzhen Bao'an International Airport,Shenzhen Airlines,ZH,A320,Airbus A320-214,B-9910,Departed 11:20,2026-07-27 06:04:19
KUL,departures,2026-07-26,02:10,03:00,CZ5050,CSN5050,CSX,Changsha Huanghua International Airport,China Southern Airlines,CZ,A20N,Airbus A320-251N,B-32P0,Departed 04:00,2026-07-27 06:04:19
KUL,departures,2026-07-26,02:30,02:44,FM814,CSH814,FOC,Fuzhou Changle International Airport,Shanghai Airlines,FM,B38M,Boeing 737 MAX 8,B-1149,Departed 03:44,2026-07-27 06:04:19
KUL,departures,2026-07-26,03:05,03:24,SC8078,CDG8078,TNA,Jinan Yaoqiang International Airport,Shandong Airlines,SC,B38M,Boeing 737 MAX 8,B-224R,Departed 04:24,2026-07-27 06:04:19
KUL,departures,2026-07-26,03:05,04:36,MU858,CES858,KMG,Kunming Changshui International Airport,China Eastern Airlines,MU,A20N,Airbus A320-251N,B-32E0,Departed 05:36,2026-07-27 06:04:19
KUL,departures,2026-07-26,03:10,04:03,HO1564,DKH1564,WUX,Wuxi Sunan Shuofang International Airport,Juneyao Air (20 Year Anniversary Sticker),HO,A20N,Airbus A320-271N,B-30FQ,Departed 05:03,2026-07-27 06:04:19
KUL,departures,2026-07-26,03:15,03:45,BG387,BBC387,DAC,Dhaka Shahjalal International Airport,Biman Bangladesh Airlines,BG,B738,Boeing 737-8E9,S2-AHO,Departed 04:45,2026-07-27 06:04:19
KUL,departures,2026-07-26,03:30,04:41,MU2566,CES2566,WUH,Wuhan Tianhe International Airport,China Eastern Airlines,MU,B738,Boeing 737-89P,B-1513,Departed 05:41,2026-07-27 06:04:19
KUL,departures,2026-07-26,04:00,14:28,AK112,AXM112,CAN,Guangzhou Baiyun International Airport,AirAsia,AK,A320,Airbus A320-214,9M-AHV,Departed 15:28,2026-07-27 06:04:19
KUL,departures,2026-07-26,04:45,05:02,6E1032,IGO1032,MAA,Chennai International Airport,IndiGo,6E,A20N,Airbus A320-251N,VT-IXA,Departed 06:02,2026-07-27 06:04:19
KUL,departures,2026-07-26,05:00,05:24,AK5744,AXM5744,TWU,Tawau Airport,AirAsia,AK,A320,Airbus A320-216,9M-AHT,Departed 06:24,2026-07-27 06:04:19
KUL,departures,2026-07-26,05:00,05:25,AK5246,AXM5246,BTU,Bintulu Airport,AirAsia,AK,A20N,Airbus A320-251N,9M-AGE,Departed 06:25,2026-07-27 06:04:19
KUL,departures,2026-07-26,05:00,05:16,AK5108,AXM5108,BKI,Kota Kinabalu International Airport,AirAsia,AK,A320,Airbus A320-216,9M-RAI,Departed 06:16,2026-07-27 06:04:19
KUL,departures,2026-07-26,05:00,04:59,AK890,AXM890,DMK,Bangkok Don Mueang International Airport,AirAsia,AK,A320,Airbus A320-214,9M-AFE,Departed 05:59,2026-07-27 06:04:19
KUL,departures,2026-07-26,05:05,05:19,AK516,AXM516,HAN,Hanoi Noi Bai International Airport,AirAsia,AK,A20N,Airbus A320-251N,9M-AGB,Departed 06:19,2026-07-27 06:04:19
KUL,departures,2026-07-26,05:10,05:12,AK5192,AXM5192,SDK,Sandakan Airport,AirAsia,AK,A320,Airbus A320-216,9M-AJN,Departed 06:12,2026-07-27 06:04:19
KUL,departures,2026-07-26,05:10,05:20,AK701,AXM701,SIN,Singapore Changi Airport,AirAsia,AK,A21N,Airbus A321-251NX,9M-VAH,Departed 06:20,2026-07-27 06:04:19
KUL,departures,2026-07-26,05:10,,AK126,,SZX,Shenzhen Bao'an International Airport,AirAsia,AK,A21N,Airbus A321-251NX,9M-VAB,Canceled,2026-07-27 06:04:19
KUL,departures,2026-07-26,05:10,05:22,AK11,AXM11,MAA,Chennai International Airport,AirAsia (Find Yourself in Malaysia Livery),AK,A20N,Airbus A320-251N,9M-AGV,Departed 06:22,2026-07-27 06:04:19
KUL,departures,2026-07-26,05:25,05:30,AK5876,AXM5876,SBW,Sibu Airport,AirAsia,AK,A20N,Airbus A320-251N,9M-AGG,Departed 06:30,2026-07-27 06:04:19
KUL,departures,2026-07-26,05:30,05:41,AK5651,AXM5651,MYY,Miri Airport,AirAsia,AK,A320,Airbus A320-216,9M-RAD,Departed 06:41,2026-07-27 06:04:19
KUL,departures,2026-07-26,05:40,05:42,AK6124,AXM6124,PEN,Penang International Airport,AirAsia,AK,A320,Airbus A320-214,9M-AJG,Departed 06:42,2026-07-27 06:04:19
KUL,departures,2026-07-26,05:45,,OD398,,CGK,Jakarta Soekarno Hatta International Airport,Batik Air Malaysia,OD,738,,,Unknown,2026-07-27 06:04:19
KUL,departures,2026-07-26,05:45,,MH6106,,KCH,Kuching International Airport,Malaysia Airlines,MH,33X,,,Unknown,2026-07-27 06:04:19
KUL,departures,2026-07-26,05:45,05:55,FY2720,FFM2720,KBR,Kota Bharu Sultan Ismail Petra Airport,Firefly,FY,B738,Boeing 737-8FZ,9M-MLG,Departed 06:55,2026-07-27 06:04:19
KUL,departures,2026-07-26,05:50,04:51,3U9054,,NNG,Nanning Wuxu International Airport,Sichuan Airlines,3U,A321,Airbus A321-231(PCF),B-32JG,Estimated dep 05:51*,2026-07-27 06:04:19
KUL,departures,2026-07-26,05:50,,FY2530,,BKI,Kota Kinabalu International Airport,Firefly,FY,738,,,Unknown,2026-07-27 06:04:19
KUL,departures,2026-07-26,05:50,06:31,AI2385,AIC2385,DEL,Delhi Indira Gandhi International Airport,Air india (Star Alliance Livery),AI,A20N,Airbus A320-251N,VT-EXO,Departed 07:31,2026-07-27 06:04:19
KUL,departures,2026-07-26,06:00,06:04,AK5202,AXM5202,KCH,Kuching International Airport,AirAsia (BIG Duty Free Livery),AK,A320,Airbus A320-214,9M-AHY,Departed 07:04,2026-07-27 06:04:19
KUL,departures,2026-07-26,06:00,05:56,AK380,AXM380,CGK,Jakarta Soekarno Hatta International Airport,AirAsia,AK,A320,Airbus A320-216,9M-AGT,Departed 06:56,2026-07-27 06:04:19
KUL,departures,2026-07-26,06:05,06:43,FM864,CSH864,PVG,Shanghai Pudong International Airport,Shanghai Airlines,FM,B38M,Boeing 737 MAX 8,B-224D,Departed 07:43,2026-07-27 06:04:19
KUL,departures,2026-07-26,06:05,,CV4326,,HKG,Hong Kong International Airport,Cargolux,CV,B748,Boeing 747-8R7F,LX-VCI,Unknown,2026-07-27 06:04:19
KUL,departures,2026-07-26,06:05,06:11,AK520,AXM520,SGN,Ho Chi Minh City International Airport,AirAsia,AK,A20N,Airbus A320-251N,9M-RAB,Departed 07:11,2026-07-27 06:04:19
KUL,departures,2026-07-26,06:15,06:38,NH816,ANA816,NRT,Tokyo Narita International Airport,All Nippon Airways,NH,B788,Boeing 787-8 Dreamliner,JA807A,Departed 07:38,2026-07-27 06:04:19
KUL,departures,2026-07-26,06:15,06:36,MH2660,MAS2660,TWU,Tawau Airport,Malaysia Airlines,MH,B738,Boeing 737-8H6,9M-MXX,Departed 07:36,2026-07-27 06:04:19
KUL,departures,2026-07-26,06:15,06:42,AK6430,AXM6430,KBR,Kota Bharu Sultan Ismail Petra Airport,AirAsia,AK,A320,Airbus A320-216,9M-AHE,Departed 07:42,2026-07-27 06:04:19
KUL,departures,2026-07-26,06:15,06:20,AK6224,AXM6224,TGG,Kuala Terengganu Sultan Mahmud Airport,AirAsia,AK,A20N,Airbus A320-251N,9M-AGJ,Departed 07:20,2026-07-27 06:04:19
KUL,departures,2026-07-26,06:15,06:48,AK6020,AXM6020,AOR,Alor Setar Sultan Abdul Halim Airport,AirAsia (Tasty Malaysia Treat Livery),AK,A320,Airbus A320-216,9M-RAN,Departed 07:48,2026-07-27 06:04:19
KUL,departures,2026-07-26,06:15,06:24,AK6048,AXM6048,JHB,Johor Bahru Senai International Airport,AirAsia,AK,A20N,Airbus A320-251N,9M-AGL,Departed 07:24,2026-07-27 06:04:19
KUL,departures,2026-07-26,06:15,06:30,AK5104,AXM5104,BKI,Kota Kinabalu International Airport,AirAsia,AK,A320,Airbus A320-214,9M-DAE,Departed 07:30,2026-07-27 06:04:19
KUL,departures,2026-07-26,06:15,19:24,AK138,AXM138,HKG,Hong Kong International Airport,AirAsia (Sarawak Livery),AK,A320,Airbus A320-216,9M-AJD,Departed 20:24,2026-07-27 06:04:19
KUL,departures,2026-07-26,06:20,06:27,OD1632,MXD1632,KCH,Kuching International Airport,Batik Air,ID,B738,Boeing 737-8GP,9M-LDU,Departed 07:27,2026-07-27 06:04:19
KUL,departures,2026-07-26,06:20,06:41,MH2542,MAS2542,KCH,Kuching International Airport,Malaysia Airlines (Oneworld Livery),MH,B738,Boeing 737-8H6,9M-MXC,Departed 07:41,2026-07-27 06:04:19
KUL,departures,2026-07-26,06:20,06:29,AK703,AXM703,SIN,Singapore Changi Airport,AirAsia,AK,A320,Airbus A320-216,9M-AQP,Departed 07:29,2026-07-27 06:04:19
KUL,departures,2026-07-26,06:25,06:34,MU7708,CES7708,NKG,Nanjing Lukou International Airport,China Eastern Airlines,MU,A20N,Airbus A320-251N,B-32GN,Departed 07:34,2026-07-27 06:04:19
KUL,departures,2026-07-26,06:25,06:46,MH871,MAS871,SUB,Surabaya Juanda International Airport,Malaysia Airlines,MH,B738,Boeing 737-8H6,9M-MXQ,Departed 07:46,2026-07-27 06:04:19
KUL,departures,2026-07-26,06:30,07:01,OD1002,MXD1002,BKI,Kota Kinabalu International Airport,Batik Air,ID,B738,Boeing 737-8GP,9M-LNV,Departed 08:01,2026-07-27 06:04:19
KUL,departures,2026-07-26,06:35,06:36,AK818,AXM818,HKT,Phuket International Airport,AirAsia,AK,A320,Airbus A320-216,9M-RAV,Departed 07:36,2026-07-27 06:04:19
KUL,departures,2026-07-26,06:40,06:51,AK6114,AXM6114,PEN,Penang International Airport,AirAsia,AK,A320,Airbus A320-216,9M-AQA,Departed 07:51,2026-07-27 06:04:19
KUL,departures,2026-07-26,06:45,06:56,AK370,AXM370,DPS,Denpasar Ngurah Rai International Airport,AirAsia,AK,A320,Airbus A320-216,9M-RAE,Departed 07:56,2026-07-27 06:04:19
KUL,departures,2026-07-26,06:45,06:53,AK304,AXM304,LOP,Lombok International Airport,AirAsia,AK,A20N,Airbus A320-251N,9M-AGN,Departed 07:53,2026-07-27 06:04:19
KUL,departures,2026-07-26,06:55,,MH6162,,PVG,Shanghai Pudong International Airport,Malaysia Airlines,MH,33X,,,Unknown,2026-07-27 06:04:19
KUL,departures,2026-07-26,07:00,07:16,OD2102,MXD2102,PEN,Penang International Airport,Batik Air,ID,B738,Boeing 737-86N,9M-LDK,Departed 08:16,2026-07-27 06:04:19
KUL,departures,2026-07-26,07:00,07:21,MF824,CXA824,XMN,Xiamen Gaoqi International Airport,Xiamen Air,MF,B38M,Boeing 737 MAX 8,B-20E0,Departed 08:21,2026-07-27 06:04:19
KUL,departures,2026-07-26,07:00,07:05,AK5106,AXM5106,BKI,Kota Kinabalu International Airport,AirAsia,AK,A20N,Airbus A320-251N,9M-RAM,Departed 08:05,2026-07-27 06:04:19
KUL,departures,2026-07-26,07:05,07:32,MH2612,MAS2612,BKI,Kota Kinabalu International Airport,Malaysia Airlines,MH,B738,Boeing 737-8H6,9M-MXT,Departed 08:32,2026-07-27 06:04:19
KUL,departures,2026-07-26,07:05,07:14,MH1138,MAS1138,PEN,Penang International Airport,Malaysia Airlines,MH,B738,Boeing 737-8H6,9M-MLN,Departed 08:14,2026-07-27 06:04:19
KUL,departures,2026-07-26,07:05,07:09,CZ366,CSN366,CAN,Guangzhou Baiyun International Airport,China Southern Airlines,CZ,B38M,Boeing 737 MAX 8,B-1176,Departed 08:09,2026-07-27 06:04:19
KUL,departures,2026-07-26,07:05,07:08,AK472,AXM472,BTH,Batam Hang Nadim Airport,AirAsia (De'Xandra Livery),AK,A320,Airbus A320-216,9M-AQM,Departed 08:08,2026-07-27 06:04:19
KUL,departures,2026-07-26,07:10,07:26,MH806,MAS806,MNL,Manila Ninoy Aquino International Airport,Malaysia Airlines,MH,B38M,Boeing 737 MAX 8,9M-MVK,Departed 08:26,2026-07-27 06:04:19
KUL,departures,2026-07-26,07:10,,CX730,,HKG,Hong Kong International Airport,Cathay Pacific,CX,32Q,,,Canceled,2026-07-27 06:04:19
KUL,departures,2026-07-26,07:10,07:09,AK880,AXM880,DMK,Bangkok Don Mueang International Airport,AirAsia,AK,A320,Airbus A320-214,9M-AHV,Departed 08:09,2026-07-27 06:04:19
KUL,departures,2026-07-26,07:15,07:35,OD801,MXD801,SIN,Singapore Changi Airport,Batik Air (Visit Malaysia Truly Asia 2026 Livery),ID,B38M,Boeing 737 MAX 8,9M-LRL,Departed 08:35,2026-07-27 06:04:19
KUL,departures,2026-07-26,07:15,07:28,MH1326,MAS1326,TGG,Kuala Terengganu Sultan Mahmud Airport,Malaysia Airlines,MH,B738,Boeing 737-8FZ,9M-MLL,Departed 08:28,2026-07-27 06:04:19
KUL,departures,2026-07-26,07:15,07:37,MH1384,MAS1384,KBR,Kota Bharu Sultan Ismail Petra Airport,Malaysia Airlines,MH,B738,Boeing 737-8H6,9M-MSE,Departed 08:37,2026-07-27 06:04:19
KUL,departures,2026-07-26,07:20,07:32,AK582,AXM582,MNL,Manila Ninoy Aquino International Airport,AirAsia,AK,A20N,Airbus A320-251N,9M-AGD,Departed 08:32,2026-07-27 06:04:19
KUL,departures,2026-07-26,07:25,07:35,AK6436,AXM6436,KBR,Kota Bharu Sultan Ismail Petra Airport,AirAsia,AK,A320,Airbus A320-216,9M-AJY,Departed 08:35,2026-07-27 06:04:16
KUL,departures,2026-07-26,07:30,07:42,MH860,MAS860,KNO,Medan Kuala Namu International Airport,Malaysia Airlines,MH,B738,Boeing 737-8H6,9M-MXB,Departed 08:42,2026-07-27 06:04:16
KUL,departures,2026-07-26,07:30,,FY2812,,KCH,Kuching International Airport,Firefly,FY,738,,,Unknown,2026-07-27 06:04:16
KUL,departures,2026-07-26,07:30,07:38,AK6306,AXM6306,LGK,Langkawi International Airport,AirAsia,AK,A320,Airbus A320-216,9M-AQQ,Departed 08:38,2026-07-27 06:04:16
KUL,departures,2026-07-26,07:30,07:29,AK705,AXM705,SIN,Singapore Changi Airport,AirAsia,AK,A21N,Airbus A321-251NX,9M-VAE,Departed 08:29,2026-07-27 06:04:16
KUL,departures,2026-07-26,07:35,14:32,CV4326,CLX4326,HKG,Hong Kong International Airport,Cargolux,CV,B748,Boeing 747-8R7F,LX-VCI,Departed 15:32,2026-07-27 06:04:16
KUL,departures,2026-07-26,07:35,08:43,QZ201,AWQ201,CGK,Jakarta Soekarno Hatta International Airport,AirAsia (Lombok Livery),AK,A320,Airbus A320-216,PK-AXU,Departed 09:43,2026-07-27 06:04:16
KUL,departures,2026-07-26,07:35,,CV5327,,HKG,Hong Kong International Airport,Cargolux,CV,74F,,,Unknown,2026-07-27 06:04:16
KUL,departures,2026-07-26,07:35,07:49,AK5198,AXM5198,SDK,Sandakan Airport,AirAsia,AK,A320,Airbus A320-216,9M-RAW,Departed 08:49,2026-07-27 06:04:16
KUL,departures,2026-07-26,07:35,07:53,AK74,AXM74,MLE,Male Velana International Airport,AirAsia,AK,A21N,Airbus A321-251NX,9M-VAG,Departed 08:53,2026-07-27 06:04:16
KUL,departures,2026-07-26,07:40,07:48,QZ125,AWQ125,KNO,Medan Kuala Namu International Airport,AirAsia,AK,A320,Airbus A320-216,PK-AZT,Departed 08:48,2026-07-27 06:04:16
KUL,departures,2026-07-26,07:40,07:52,AK543,AXM543,PQC,Phu Quoc International Airport,AirAsia,AK,A320,Airbus A320-216,9M-AGM,Departed 08:52,2026-07-27 06:04:16
KUL,departures,2026-07-26,07:45,09:20,OD119,MXD119,SYD,Sydney Kingsford Smith Airport,Batik Air,ID,A333,Airbus A330-343,9M-LFD,Departed 10:20,2026-07-27 06:04:16
KUL,departures,2026-07-26,07:45,08:04,MH388,MAS388,PVG,Shanghai Pudong International Airport,Malaysia Airlines,MH,A333,Airbus A330-323,9M-MTI,Departed 09:04,2026-07-27 06:04:16
KUL,departures,2026-07-26,07:45,15:33,AK188,AXM188,MFM,Macau International Airport,AirAsia (De'Xandra Livery),AK,A320,Airbus A320-216,9M-AQM,Departed 16:33,2026-07-27 06:04:16
KUL,departures,2026-07-26,07:50,08:10,8B676,TNU676,CGK,Jakarta Soekarno Hatta International Airport,TransNusa,8B,A321,Airbus A321-211,PK-TLG,Departed 09:10,2026-07-27 06:04:16
KUL,departures,2026-07-26,07:50,08:07,UL319,ALK319,CMB,Colombo Bandaranaike International Airport,SriLankan Airlines,UL,A320,Airbus A320-214,4R-ABM,Departed 09:07,2026-07-27 06:04:16
KUL,departures,2026-07-26,07:50,07:55,AK6051,AXM6051,JHB,Johor Bahru Senai International Airport,AirAsia (WeAreAllChampions Livery),AK,A320,Airbus A320-216,9M-AQF,Departed 08:55,2026-07-27 06:04:16
KUL,departures,2026-07-26,07:55,08:19,SQ103,SIA103,SIN,Singapore Changi Airport,Singapore Airlines,SQ,B38M,Boeing 737 MAX 8,9V-MBK,Departed 09:19,2026-07-27 06:04:16
KUL,departures,2026-07-26,07:55,08:33,MH2574,MAS2574,MYY,Miri Airport,Malaysia Airlines,MH,B738,Boeing 737-8H6,9M-MSB,Departed 09:33,2026-07-27 06:04:16
KUL,departures,2026-07-26,07:55,08:16,MH125,MAS125,PER,Perth Airport,Malaysia Airlines,MH,B38M,Boeing 737 MAX 8,9M-MVS,Departed 09:16,2026-07-27 06:04:16
KUL,departures,2026-07-26,08:00,09:14,TK174,THY174,SYD,Sydney Kingsford Smith Airport,Turkish Airlines,TK,A359,Airbus A350-941,TC-LGA,Departed 10:14,2026-07-27 06:04:16
KUL,departures,2026-07-26,08:00,08:40,OD306,MXD306,DPS,Denpasar Ngurah Rai International Airport,Batik Air,ID,B738,Boeing 737-8GP,9M-LNR,Departed 09:40,2026-07-27 06:04:16
KUL,departures,2026-07-26,08:00,08:12,MH784,MAS784,BKK,Bangkok Suvarnabhumi Airport,Malaysia Airlines,MH,B38M,Boeing 737 MAX 8,9M-MVQ,Departed 09:12,2026-07-27 06:04:16
KUL,departures,2026-07-26,08:00,08:28,MH715,MAS715,DPS,Denpasar Ngurah Rai International Airport,Malaysia Airlines,MH,A339,Airbus A330-941,9M-MNO,Departed 09:28,2026-07-27 06:04:16
KUL,departures,2026-07-26,08:00,08:31,MH750,MAS750,SGN,Ho Chi Minh City International Airport,Malaysia Airlines,MH,B38M,Boeing 737 MAX 8,9M-MVH,Departed 09:31,2026-07-27 06:04:16
KUL,departures,2026-07-26,08:00,08:25,MH754,MAS754,KTI,Phnom Penh Techo International Airport,Malaysia Airlines,MH,B738,Boeing 737-8H6,9M-MXR,Departed 09:25,2026-07-27 06:04:16
KUL,departures,2026-07-26,08:00,08:14,MH711,MAS711,CGK,Jakarta Soekarno Hatta International Airport,Malaysia Airlines,MH,B38M,Boeing 737 MAX 8,9M-MVR,Departed 09:14,2026-07-27 06:04:16
KUL,departures,2026-07-26,08:00,08:22,MH376,MAS376,CAN,Guangzhou Baiyun International Airport,Malaysia Airlines,MH,A333,Airbus A330-323,9M-MTN,Departed 09:22,2026-07-27 06:04:16
KUL,departures,2026-07-26,08:00,08:18,MH104,MAS104,BLR,Bengaluru Kempegowda International Airport,Malaysia Airlines,MH,B38M,Boeing 737 MAX 8,9M-MVG,Departed 09:18,2026-07-27 06:04:16
KUL,departures,2026-07-26,08:00,08:07,AK5746,AXM5746,TWU,Tawau Airport,AirAsia,AK,A320,Airbus A320-216,9M-RAO,Departed 09:07,2026-07-27 06:04:16
KUL,departures,2026-07-26,08:00,08:11,AK364,AXM364,DPS,Denpasar Ngurah Rai International Airport,AirAsia,AK,A21N,Airbus A321-251NX,9M-VAC,Departed 09:11,2026-07-27 06:04:16
KUL,departures,2026-07-26,08:05,08:35,MH611,MAS611,SIN,Singapore Changi Airport,Malaysia Airlines (Malaysia Negaraku Livery),MH,B738,Boeing 737-8H6,9M-MXU,Departed 09:35,2026-07-27 06:04:16
KUL,departures,2026-07-26,08:10,08:23,QZ321,AWQ321,SUB,Surabaya Juanda International Airport,AirAsia,AK,A320,Airbus A320-216,PK-AZO,Departed 09:23,2026-07-27 06:04:16
KUL,departures,2026-07-26,08:10,08:53,OD522,MXD522,DMK,Bangkok Don Mueang International Airport,Batik Air,ID,B38M,Boeing 737 MAX 8,9M-LRS,Departed 09:53,2026-07-27 06:04:16
KUL,departures,2026-07-26,08:10,08:27,MH786,MAS786,HKT,Phuket International Airport,Malaysia Airlines (Malaysia Negaraku Livery),MH,B738,Boeing 737-8H6,9M-MXV,Departed 09:27,2026-07-27 06:04:16
KUL,departures,2026-07-26,08:10,08:37,MH141,MAS141,SYD,Sydney Kingsford Smith Airport,Malaysia Airlines,MH,A339,Airbus A330-941,9M-MNM,Departed 09:37,2026-07-27 06:04:16
KUL,departures,2026-07-26,08:10,08:51,MH497,MAS497,CMB,Colombo Bandaranaike International Airport,Malaysia Airlines,MH,B38M,Boeing 737 MAX 8,9M-MVE,Departed 09:51,2026-07-27 06:04:16
KUL,departures,2026-07-26,08:10,08:41,MH102,MAS102,DAC,Dhaka Shahjalal International Airport,Malaysia Airlines,MH,B38M,Boeing 737 MAX 8,9M-MVB,Departed 09:41,2026-07-27 06:04:16
KUL,departures,2026-07-26,08:10,09:11,MH72,MAS072,HKG,Hong Kong International Airport,Malaysia Airlines (Malaysia Negaraku Livery),MH,A332,Airbus A330-223,9M-MTZ,Departed 10:11,2026-07-27 06:04:16
KUL,departures,2026-07-26,08:10,08:40,AK727,AXM727,SIN,Singapore Changi Airport,AirAsia,AK,A320,Airbus A320-216,9M-AGP,Departed 09:40,2026-07-27 06:04:16
KUL,departures,2026-07-26,08:15,08:43,OD352,MXD352,SUB,Surabaya Juanda International Airport,Batik Air,ID,B38M,Boeing 737 MAX 8,9M-LRW,Departed 09:43,2026-07-27 06:04:16
KUL,departures,2026-07-26,08:15,08:49,MH2610,MAS2610,BKI,Kota Kinabalu International Airport,Malaysia Airlines,MH,B738,Boeing 737-8H6,9M-MXM,Departed 09:49,2026-07-27 06:04:16
KUL,departures,2026-07-26,08:15,08:45,MH366,MAS366,TPE,Taipei Taoyuan International Airport,Malaysia Airlines (Malaysia Negaraku Livery),MH,B738,Boeing 737-8H6,9M-MXF,Departed 09:45,2026-07-27 06:04:16
KUL,departures,2026-07-26,08:15,08:39,AK642,AXM642,DAD,Da Nang International Airport,AirAsia,AK,A320,Airbus A320-216,9M-AQE,Departed 09:39,2026-07-27 06:04:16
KUL,departures,2026-07-26,08:20,09:05,MH129,MAS129,MEL,Melbourne Airport,Malaysia Airlines,MH,A339,Airbus A330-941,9M-MNN,Departed 10:05,2026-07-27 06:04:16
KUL,departures,2026-07-26,08:20,08:45,D7378,XAX378,TPE,Taipei Taoyuan International Airport,AirAsia,AK,A333,Airbus A330-343,9M-XXJ,Departed 09:45,2026-07-27 06:04:16
KUL,departures,2026-07-26,08:20,08:31,AK5204,AXM5204,KCH,Kuching International Airport,AirAsia,AK,A21N,Airbus A321-251NX,9M-VAF,Departed 09:31,2026-07-27 06:04:16
KUL,departures,2026-07-26,08:25,08:55,MH1432,MAS1432,LGK,Langkawi International Airport,Malaysia Airlines,MH,B738,Boeing 737-8H6,9M-MLS,Departed 09:55,2026-07-27 06:04:16
KUL,departures,2026-07-26,08:25,08:47,MH1268,MAS1268,KUA,Kuantan Sultan Haji Ahmad Shah Airport,Malaysia Airlines,MH,B738,Boeing 737-8FZ,9M-FFF,Departed 09:47,2026-07-27 06:04:16
KUL,departures,2026-07-26,08:25,09:07,MH182,MAS182,MAA,Chennai International Airport,Malaysia Airlines,MH,B38M,Boeing 737 MAX 8,9M-MVO,Departed 10:07,2026-07-27 06:04:16
KUL,departures,2026-07-26,08:25,08:34,AK6142,AXM6142,PEN,Penang International Airport,AirAsia,AK,A320,Airbus A320-214,9M-AJT,Departed 09:34,2026-07-27 06:04:16
KUL,departures,2026-07-26,08:25,08:33,AK452,AXM452,SRG,Semarang Achmad Yani International Airport,AirAsia,AK,A320,Airbus A320-214,9M-RCG,Departed 09:33,2026-07-27 06:04:16
KUL,departures,2026-07-26,08:30,09:25,WY822,OMA822,MCT,Muscat International Airport,Oman Air,WY,B789,Boeing 787-9 Dreamliner,A4O-SE,Departed 10:25,2026-07-27 06:04:16
KUL,departures,2026-07-26,08:30,09:55,QR845,QTR36A,DOH,Doha Hamad International Airport,Qatar Airways,QR,B77W,Boeing 777-3DZ(ER),A7-BAJ,Departed 10:55,2026-07-27 06:04:16
KUL,departures,2026-07-26,08:30,09:51,OD1900,MXD1900,TWU,Tawau Airport,Batik Air,ID,B738,Boeing 737-86N,9M-LDP,Departed 10:51,2026-07-27 06:04:16
KUL,departures,2026-07-26,08:30,09:17,OD322,MXD322,KNO,Medan Kuala Namu International Airport,Batik Air,ID,B38M,Boeing 737 MAX 8,9M-LRD,Departed 10:17,2026-07-27 06:04:16
KUL,departures,2026-07-26,08:30,08:57,MH1051,MAS1051,JHB,Johor Bahru Senai International Airport,Malaysia Airlines,MH,B738,Boeing 737-8H6,9M-MXO,Departed 09:57,2026-07-27 06:04:16
KUL,departures,2026-07-26,08:30,08:48,AK5872,AXM5872,SBW,Sibu Airport,AirAsia,AK,A320,Airbus A320-214,9M-RCB,Departed 09:48,2026-07-27 06:04:16
KUL,departures,2026-07-26,08:35,08:58,MH752,MAS752,HAN,Hanoi Noi Bai International Airport,Malaysia Airlines,MH,B38M,Boeing 737 MAX 8,9M-MVC,Departed 09:58,2026-07-27 06:04:16
KUL,departures,2026-07-26,08:35,,AK462,,PLM,Palembang International Airport,AirAsia,AK,A320,Airbus A320-216,9M-RAA,Canceled,2026-07-27 06:04:16
KUL,departures,2026-07-26,08:40,08:49,AK346,AXM346,YIA,Yogyakarta International Airport,AirAsia,AK,A20N,Airbus A320-251N,9M-AGF,Departed 09:49,2026-07-27 06:04:16
KUL,departures,2026-07-26,08:45,09:03,MY5002,BNE5002,KCH,Kuching International Airport,AirBorneo,MY,B738,Boeing 737-8U3,9M-LCV,Departed 10:03,2026-07-27 06:04:16
KUL,departures,2026-07-26,08:50,09:49,TK63,THY48L,IST,Istanbul Airport,Turkish Airlines,TK,A359,Airbus A350-941,TC-LHC,Departed 10:49,2026-07-27 06:04:16
KUL,departures,2026-07-26,08:50,09:22,MH772,MAS772,CNX,Chiang Mai International Airport,Malaysia Airlines,MH,B738,Boeing 737-8H6,9M-MLR,Departed 10:22,2026-07-27 06:04:16
KUL,departures,2026-07-26,08:50,09:09,MH4,MAS4,LHR,London Heathrow Airport,Malaysia Airlines (Malaysia Negaraku Livery),MH,A359,Airbus A350-941,9M-MAG,Departed 10:09,2026-07-27 06:04:16
KUL,departures,2026-07-26,08:50,09:00,MH70,MAS70,NRT,Tokyo Narita International Airport,Malaysia Airlines,MH,A333,Airbus A330-323,9M-MTK,Departed 10:00,2026-07-27 06:04:16
KUL,departures,2026-07-26,08:50,09:19,FY3692,FFM3692,CEB,Cebu Mactan International Airport,Firefly,FY,B738,Boeing 737-8FZ,9M-MLI,Departed 10:19,2026-07-27 06:04:16
KUL,departures,2026-07-26,08:50,09:27,EY489,ETD7NW,AUH,Abu Dhabi Zayed International Airport,Etihad Airways,EY,B78X,Boeing 787-10 Dreamliner,A6-BMI,Departed 10:27,2026-07-27 06:04:16
KUL,departures,2026-07-26,09:00,11:27,ID2201,MXD2201,LGK,Langkawi International Airport,Batik Air,ID,B738,Boeing 737-8U3,9M-LDH,Departed 12:27,2026-07-27 06:04:16
KUL,departures,2026-07-26,09:00,12:23,ID7722,MXD7722,BTU,Bintulu Airport,Batik Air,ID,B738,Boeing 737-8U3,9M-LDF,Departed 13:23,2026-07-27 06:04:16
KUL,departures,2026-07-26,09:00,09:24,MH717,MAS717,CGK,Jakarta Soekarno Hatta International Airport,Malaysia Airlines,MH,B738,Boeing 737-8H6,9M-MSA,Departed 10:24,2026-07-27 06:04:16
KUL,departures,2026-07-26,09:00,10:07,G9801,ABY801,SHJ,Sharjah International Airport,Air Arabia,G9,A21N,Airbus A321-251NX(LR),A6-ATC,Departed 11:07,2026-07-27 06:04:16
KUL,departures,2026-07-26,09:00,09:15,D7604,XAX604,SAW,Istanbul Sabiha Gokcen International Airport,AirAsia,AK,A333,Airbus A330-343,9M-XXG,Departed 10:15,2026-07-27 06:04:16
KUL,departures,2026-07-26,09:00,09:04,AK6042,AXM6042,JHB,Johor Bahru Senai International Airport,AirAsia,AK,A20N,Airbus A320-251N,9M-AGL,Departed 10:04,2026-07-27 06:04:16
KUL,departures,2026-07-26,09:00,09:00,AK492,AXM492,PNK,Pontianak Supadio Airport,AirAsia,AK,A20N,Airbus A320-251N,9M-AGQ,Departed 10:00,2026-07-27 06:04:16
KUL,departures,2026-07-26,09:05,09:09,AK6222,AXM6222,TGG,Kuala Terengganu Sultan Mahmud Airport,AirAsia,AK,A320,Airbus A320-214,9M-AJG,Departed 10:09,2026-07-27 06:04:16
KUL,departures,2026-07-26,09:10,13:08,OD571,MXD571,HAN,Hanoi Noi Bai International Airport,Batik Air,ID,B38M,Boeing 737 MAX 8,9M-LRT,Departed 14:08,2026-07-27 06:04:16
KUL,departures,2026-07-26,09:10,09:29,MH704,MAS704,MNL,Manila Ninoy Aquino International Airport,Malaysia Airlines,MH,B38M,Boeing 737 MAX 8,9M-MVM,Departed 10:29,2026-07-27 06:04:16
KUL,departures,2026-07-26,09:10,09:35,MH627,MAS627,SIN,Singapore Changi Airport,Malaysia Airlines,MH,B738,Boeing 737-8H6,9M-MXE,Departed 10:35,2026-07-27 06:04:16
KUL,departures,2026-07-26,09:10,09:33,MH485,MAS485,MLE,Male Velana International Airport,Malaysia Airlines,MH,B38M,Boeing 737 MAX 8,9M-MVI,Departed 10:33,2026-07-27 06:04:16
KUL,departures,2026-07-26,09:10,09:32,AK832,AXM832,HKT,Phuket International Airport,AirAsia,AK,A20N,Airbus A320-251N,9M-AGJ,Departed 10:32,2026-07-27 06:04:16
KUL,departures,2026-07-26,09:15,09:53,OD293,MXD293,MLE,Male Velana International Airport,Batik Air,ID,B738,Boeing 737-8GP,9M-LDD,Departed 10:53,2026-07-27 06:04:16
KUL,departures,2026-07-26,09:15,12:19,OD605,MXD605,HKG,Hong Kong International Airport,Batik Air,ID,B738,Boeing 737-8GP,9M-LNY,Departed 13:19,2026-07-27 06:04:16
KUL,departures,2026-07-26,09:20,10:04,EK345,UAE8Y,DXB,Dubai International Airport,Emirates,EK,B77W,Boeing 777-31H(ER),A6-ENL,Departed 11:04,2026-07-27 06:04:16
KUL,departures,2026-07-26,09:20,10:18,AK5110,AXM5110,BKI,Kota Kinabalu International Airport,AirAsia (Tasty Malaysia Treat Livery),AK,A320,Airbus A320-216,9M-RAN,Departed 11:18,2026-07-27 06:04:16
KUL,departures,2026-07-26,09:20,09:31,AK707,AXM707,SIN,Singapore Changi Airport,AirAsia,AK,A21N,Airbus A321-251NX,9M-VAD,Departed 10:31,2026-07-27 06:04:16
KUL,departures,2026-07-26,09:25,09:57,SQ105,SIA105,SIN,Singapore Changi Airport,Singapore Airlines,SQ,A359,Airbus A350-941,9V-SMT,Departed 10:57,2026-07-27 06:04:16
KUL,departures,2026-07-26,09:25,10:02,MH2710,MAS2710,SDK,Sandakan Airport,Malaysia Airlines (Retro Livery),MH,B738,Boeing 737-8H6,9M-MLV,Departed 11:02,2026-07-27 06:04:16
KUL,departures,2026-07-26,09:30,11:25,OD803,MXD803,SIN,Singapore Changi Airport,Batik Air,ID,B738,Boeing 737-86N,9M-LDK,Departed 12:25,2026-07-27 06:04:16
KUL,departures,2026-07-26,09:30,11:37,OD502,MXD502,DAD,Da Nang International Airport,Batik Air (Visit Malaysia Truly Asia 2026 Livery),ID,B38M,Boeing 737 MAX 8,9M-LRL,Departed 12:37,2026-07-27 06:04:16
KUL,departures,2026-07-26,09:30,09:50,AK6320,AXM6320,LGK,Langkawi International Airport,AirAsia (Save Our Malayan Tiger Livery),AK,A320,Airbus A320-216,9M-AQZ,Departed 10:50,2026-07-27 06:04:16
KUL,departures,2026-07-26,09:30,09:52,AK5232,AXM5232,KCH,Kuching International Airport,AirAsia (100th Awesome Plane Livery),AK,A320,Airbus A320-216,9M-AQH,Departed 10:52,2026-07-27 06:04:16
KUL,departures,2026-07-26,09:30,09:48,AK391,AXM391,KNO,Medan Kuala Namu International Airport,AirAsia (Let’s Fly To Terengganu Livery),AK,A320,Airbus A320-216,9M-AJS,Departed 10:48,2026-07-27 06:04:16
KUL,departures,2026-07-26,09:35,09:57,AK431,AXM431,PKU,Pekanbaru Sultan Syarif Kasim II Airport,AirAsia (Resorts World Genting Livery),AK,A20N,Airbus A320-251N,9M-AGA,Departed 10:57,2026-07-27 06:04:16
KUL,departures,2026-07-26,09:40,10:00,MF8716,CXA8716,NKG,Nanjing Lukou International Airport,Xiamen Air,MF,B38M,Boeing 737 MAX 8,B-227A,Departed 11:00,2026-07-27 06:04:16
KUL,departures,2026-07-26,09:45,09:54,AK310,AXM310,LBJ,Labuan Bajo Komodo Airport,AirAsia (Persona 5 Royal Livery),AK,A320,Airbus A320-214,9M-AFF,Departed 10:54,2026-07-27 06:04:16
KUL,departures,2026-07-26,09:55,10:03,AK866,AXM866,KBV,Krabi Airport,AirAsia,AK,A320,Airbus A320-216,9M-AQP,Departed 11:03,2026-07-27 06:04:16
KUL,departures,2026-07-26,09:55,10:15,AK140,AXM140,SWA,Jieyang Chaoshan International Airport,AirAsia,AK,A20N,Airbus A320-251N,9M-AGH,Departed 11:15,2026-07-27 06:04:16
KUL,departures,2026-07-26,10:00,10:27,SQ107,SIA107,SIN,Singapore Changi Airport,Singapore Airlines,SQ,B38M,Boeing 737 MAX 8,9V-MBH,Departed 11:27,2026-07-27 06:04:13
KUL,departures,2026-07-26,10:00,10:09,MH2520,MAS2520,KCH,Kuching International Airport,Malaysia Airlines,MH,B738,Boeing 737-8H6,9M-MLT,Departed 11:09,2026-07-27 06:04:13
KUL,departures,2026-07-26,10:00,10:07,KT164,KTC164,KTI,Phnom Penh Techo International Airport,AirAsia,AK,A320,Airbus A320-214,XU-819,Departed 11:07,2026-07-27 06:04:16
KUL,departures,2026-07-26,10:05,10:22,AK528,AXM528,SGN,Ho Chi Minh City International Airport,AirAsia,AK,A320,Airbus A320-216,9M-AGC,Departed 11:22,2026-07-27 06:04:13
KUL,departures,2026-07-26,10:20,,MH6244,,BOM,Mumbai Chhatrapati Shivaji International Airport,Malaysia Airlines,MH,33X,,,Unknown,2026-07-27 06:04:13
KUL,departures,2026-07-26,10:25,10:50,AK406,AXM406,PDG,Padang Minangkabau International Airport,AirAsia (De'Xandra Livery),AK,A320,Airbus A320-216,9M-AQM,Departed 11:50,2026-07-27 06:04:13
KUL,departures,2026-07-26,10:30,10:36,FY3610,FFM3610,KBV,Krabi Airport,Firefly,FY,B738,Boeing 737-8FZ,9M-MLF,Departed 11:36,2026-07-27 06:04:13
KUL,departures,2026-07-26,10:30,11:02,AK351,AXM351,CGK,Jakarta Soekarno Hatta International Airport,AirAsia,AK,A20N,Airbus A320-251N,9M-AGE,Departed 12:02,2026-07-27 06:04:13
KUL,departures,2026-07-26,10:35,10:40,TR451,TGW451,SIN,Singapore Changi Airport,Scoot,TR,A20N,Airbus A320-271N,9V-TNK,Departed 11:40,2026-07-27 06:04:13
KUL,departures,2026-07-26,10:35,10:43,MH2646,MAS2646,BKI,Kota Kinabalu International Airport,Malaysia Airlines,MH,B738,Boeing 737-8H6,9M-MXY,Departed 11:43,2026-07-27 06:04:13
KUL,departures,2026-07-26,10:40,10:46,AK376,AXM376,DPS,Denpasar Ngurah Rai International Airport,AirAsia,AK,A20N,Airbus A320-251N,9M-AGG,Departed 11:46,2026-07-27 06:04:13
KUL,departures,2026-07-26,10:45,11:18,OD388,MXD388,CGK,Jakarta Soekarno Hatta International Airport,Batik Air,ID,B738,Boeing 737-8GP,9M-LNC,Departed 12:18,2026-07-27 06:04:13
KUL,departures,2026-07-26,10:45,10:56,MH1140,MAS1140,PEN,Penang International Airport,Malaysia Airlines,MH,B738,Boeing 737-8FZ,9M-MLK,Departed 11:56,2026-07-27 06:04:13
KUL,departures,2026-07-26,10:45,10:54,MH603,MAS603,SIN,Singapore Changi Airport,Malaysia Airlines,MH,B738,Boeing 737-8H6,9M-MXN,Departed 11:54,2026-07-27 06:04:13
KUL,departures,2026-07-26,10:45,10:58,AK6304,AXM6304,LGK,Langkawi International Airport,AirAsia,AK,A320,Airbus A320-214,9M-AFE,Departed 11:58,2026-07-27 06:04:13
KUL,departures,2026-07-26,10:45,10:52,AK5140,AXM5140,BKI,Kota Kinabalu International Airport,AirAsia,AK,A320,Airbus A320-216,9M-AQQ,Departed 11:52,2026-07-27 06:04:13
KUL,departures,2026-07-26,10:45,10:56,AK882,AXM882,DMK,Bangkok Don Mueang International Airport,AirAsia,AK,A21N,Airbus A321-251NX,9M-VAB,Departed 11:56,2026-07-27 06:04:13
KUL,departures,2026-07-26,10:50,10:59,AK6126,AXM6126,PEN,Penang International Airport,AirAsia,AK,A21N,Airbus A321-251NX,9M-VAH,Departed 11:59,2026-07-27 06:04:13
KUL,departures,2026-07-26,10:55,11:20,QZ121,AWQ121,KNO,Medan Kuala Namu International Airport,AirAsia,AK,A320,Airbus A320-216,PK-AZT,Departed 12:20,2026-07-27 06:04:13
KUL,departures,2026-07-26,10:55,11:03,MH1438,MAS1438,LGK,Langkawi International Airport,Malaysia Airlines,MH,B738,Boeing 737-8FZ,9M-MLL,Departed 12:03,2026-07-27 06:04:13
KUL,departures,2026-07-26,10:55,11:05,AK711,AXM711,SIN,Singapore Changi Airport,"AirAsia (3, 2,1, Take Off Livery)",AK,A21N,Airbus A321-251NX,9M-VAA,Departed 12:05,2026-07-27 06:04:13
KUL,departures,2026-07-26,11:00,11:08,OD356,MXD356,BTH,Batam Hang Nadim Airport,Batik Air,ID,B738,Boeing 737-8U3,9M-LDG,Departed 12:08,2026-07-27 06:04:13
KUL,departures,2026-07-26,11:00,12:00,OD2203,MXD2203,LGK,Langkawi International Airport,Batik Air,ID,B738,Boeing 737-86N,9M-LDT,Departed 13:00,2026-07-27 06:04:13
KUL,departures,2026-07-26,11:00,13:10,OD540,MXD540,HKT,Phuket International Airport,Batik Air,ID,B38M,Boeing 737 MAX 8,9M-LRD,Departed 14:10,2026-07-27 06:04:13
KUL,departures,2026-07-26,11:00,11:16,MH748,MAS748,DAD,Da Nang International Airport,Malaysia Airlines,MH,B38M,Boeing 737 MAX 8,9M-MVJ,Departed 12:16,2026-07-27 06:04:13
KUL,departures,2026-07-26,11:00,12:02,AK512,AXM512,HAN,Hanoi Noi Bai International Airport,AirAsia,AK,A320,Airbus A320-216,9M-RAI,Departed 13:02,2026-07-27 06:04:13
KUL,departures,2026-07-26,11:05,11:21,8M502,MMA502,RGN,Yangon International Airport,Myanmar Airways International,8M,A319,Airbus A319-112,XY-ALN,Departed 12:21,2026-07-27 06:04:13
KUL,departures,2026-07-26,11:05,11:43,AK6442,AXM6442,KBR,Kota Bharu Sultan Ismail Petra Airport,AirAsia,AK,A20N,Airbus A320-251N,9M-RAB,Departed 12:43,2026-07-27 06:04:13
KUL,departures,2026-07-26,11:05,11:08,AK6040,AXM6040,JHB,Johor Bahru Senai International Airport,AirAsia (WeAreAllChampions Livery),AK,A320,Airbus A320-216,9M-AQF,Departed 12:08,2026-07-27 06:04:13
KUL,departures,2026-07-26,11:10,11:23,MH788,MAS788,BKK,Bangkok Suvarnabhumi Airport,Malaysia Airlines,MH,B738,Boeing 737-8H6,9M-MXB,Departed 12:23,2026-07-27 06:04:13
KUL,departures,2026-07-26,11:10,11:19,BI872,RBA872,BWN,Brunei International Airport,Royal Brunei Airlines,BI,A20N,Airbus A320-251N,V8-RBA,Departed 12:19,2026-07-27 06:04:13
KUL,departures,2026-07-26,11:10,11:11,AK5172,AXM5172,LBU,Labuan Airport,AirAsia,AK,A20N,Airbus A320-251N,9M-AGS,Departed 12:11,2026-07-27 06:04:13
KUL,departures,2026-07-26,11:15,11:18,AK264,AXM264,KOS,Sihanoukville International Airport,AirAsia,AK,A320,Airbus A320-216,9M-RAV,Departed 12:18,2026-07-27 06:04:13
KUL,departures,2026-07-26,11:20,11:50,PR526,PAL526,MNL,Manila Ninoy Aquino International Airport,Philippine Airlines,PR,A321,Airbus A321-231,RP-C9902,Departed 12:50,2026-07-27 06:04:13
KUL,departures,2026-07-26,11:25,11:44,OD2104,MXD2104,PEN,Penang International Airport,Batik Air,ID,B738,Boeing 737-8GP,9M-LDU,Departed 12:44,2026-07-27 06:04:13
KUL,departures,2026-07-26,11:25,11:39,MH851,MAS851,DPS,Denpasar Ngurah Rai International Airport,Malaysia Airlines,MH,B738,Boeing 737-8H6,9M-MXW,Departed 12:39,2026-07-27 06:04:13
KUL,departures,2026-07-26,11:25,11:33,AK5208,AXM5208,KCH,Kuching International Airport,AirAsia (Visit Truly Asia Malaysia 2020 Stickers),AK,A20N,Airbus A320-251N,9M-RAR,Departed 12:33,2026-07-27 06:04:13
KUL,departures,2026-07-26,11:30,11:48,VJ906,VJC906,HAN,Hanoi Noi Bai International Airport,VietJet Air,VJ,A321,Airbus A321-211,VN-A661,Departed 12:48,2026-07-27 06:04:13
KUL,departures,2026-07-26,11:30,11:35,MH2530,MAS2530,KCH,Kuching International Airport,Malaysia Airlines,MH,B38M,Boeing 737 MAX 8,9M-MVP,Departed 12:35,2026-07-27 06:04:13
KUL,departures,2026-07-26,11:30,11:46,HU498,CHH498,BAR,Qionghai Bo'ao Airport,Hainan Airlines,HU,B38M,Boeing 737 MAX 8,B-225V,Departed 12:46,2026-07-27 06:04:13
KUL,departures,2026-07-26,11:30,11:31,AK824,AXM824,HKT,Phuket International Airport,AirAsia,AK,A320,Airbus A320-216,9M-AGT,Departed 12:31,2026-07-27 06:04:13
KUL,departures,2026-07-26,11:40,11:41,8M504,MMA504,RGN,Yangon International Airport,Myanmar Airways International,8M,A319,Airbus A319-112,XY-AGR,Departed 12:41,2026-07-27 06:04:13
KUL,departures,2026-07-26,11:45,11:57,D7600,XAX600,ALA,Almaty International Airport,AirAsia,AK,A333,Airbus A330-343,9M-XBI,Departed 12:57,2026-07-27 06:04:13
KUL,departures,2026-07-26,11:50,12:31,MK647,MAU647,MRU,Mauritius Sir Seewoosagur Ramgoolam International Airport,Air Mauritius,MK,A332,Airbus A330-243,3B-NCM,Departed 13:31,2026-07-27 06:04:13
KUL,departures,2026-07-26,11:50,11:57,GA821,GIA821,CGK,Jakarta Soekarno Hatta International Airport,Garuda Indonesia,GA,B738,Boeing 737-8U3,PK-GMM,Departed 12:57,2026-07-27 06:04:13
KUL,departures,2026-07-26,11:50,12:14,BR218,EVA218,TPE,Taipei Taoyuan International Airport,EVA Air,BR,B77W,Boeing 777-35E(ER),B-16711,Departed 13:14,2026-07-27 06:04:13
KUL,departures,2026-07-26,11:50,12:03,AK6324,AXM6324,LGK,Langkawi International Airport,AirAsia,AK,A320,Airbus A320-216,9M-AJN,Departed 13:03,2026-07-27 06:04:13
KUL,departures,2026-07-26,11:50,11:59,AK545,AXM545,PQC,Phu Quoc International Airport,AirAsia,AK,A320,Airbus A320-214,9M-AJT,Departed 12:59,2026-07-27 06:04:13
KUL,departures,2026-07-26,11:50,12:05,AK368,AXM368,DPS,Denpasar Ngurah Rai International Airport,AirAsia,AK,A21N,Airbus A321-251NX,9M-VAE,Departed 13:05,2026-07-27 06:04:13
KUL,departures,2026-07-26,11:55,12:03,MH2614,MAS2614,BKI,Kota Kinabalu International Airport,Malaysia Airlines (Oneworld Livery),MH,B738,Boeing 737-8H6,9M-MXC,Departed 13:03,2026-07-27 06:04:13
KUL,departures,2026-07-26,11:55,11:55,MH794,MAS794,HKT,Phuket International Airport,Malaysia Airlines,MH,B738,Boeing 737-8H6,9M-MXD,Departed 12:55,2026-07-27 06:04:13
KUL,departures,2026-07-26,11:55,12:08,MH38,MAS038,ICN,Seoul Incheon International Airport,Malaysia Airlines,MH,A332,Airbus A330-223,9M-MTW,Departed 13:08,2026-07-27 06:04:13
KUL,departures,2026-07-26,12:05,12:22,MH1426,MAS1426,KBR,Kota Bharu Sultan Ismail Petra Airport,Malaysia Airlines,MH,B738,Boeing 737-8H6,9M-MLP,Departed 13:22,2026-07-27 06:04:13
KUL,departures,2026-07-26,12:05,12:12,MH1208,MAS1208,AOR,Alor Setar Sultan Abdul Halim Airport,Malaysia Airlines,MH,B738,Boeing 737-8FZ,9M-FFF,Departed 13:12,2026-07-27 06:04:13
KUL,departures,2026-07-26,12:05,12:12,AK5644,AXM5644,MYY,Miri Airport,AirAsia,AK,A320,Airbus A320-216,9M-AHT,Departed 13:12,2026-07-27 06:04:13
KUL,departures,2026-07-26,12:10,12:17,MH1436,MAS1436,LGK,Langkawi International Airport,Malaysia Airlines,MH,B738,Boeing 737-8H6,9M-MXG,Departed 13:17,2026-07-27 06:04:13
KUL,departures,2026-07-26,12:10,,CX722,,HKG,Hong Kong International Airport,Cathay Pacific,CX,333,,,Canceled,2026-07-27 06:04:13
KUL,departures,2026-07-26,12:10,12:20,AK101,AXM101,KMG,Kunming Changshui International Airport,AirAsia,AK,A20N,Airbus A320-251N,9M-AGO,Departed 13:20,2026-07-27 06:04:13
KUL,departures,2026-07-26,12:15,12:27,8M508,MMA508,RGN,Yangon International Airport,My Indo Airlines,3Y,B734,Boeing 737-42J(SF),PK-MYF,Departed 13:27,2026-07-27 06:04:13
KUL,departures,2026-07-26,12:15,12:25,MH873,MAS873,SUB,Surabaya Juanda International Airport,Malaysia Airlines,MH,B738,Boeing 737-8H6,9M-MXL,Departed 13:25,2026-07-27 06:04:13
KUL,departures,2026-07-26,12:20,12:30,TG416,THA416,BKK,Bangkok Suvarnabhumi Airport,Thai Airways,TG,B789,Boeing 787-9 Dreamliner,HS-TWA,Departed 13:30,2026-07-27 06:04:13
KUL,departures,2026-07-26,12:20,12:28,AK384,AXM384,CGK,Jakarta Soekarno Hatta International Airport,AirAsia,AK,A320,Airbus A320-216,9M-RAD,Departed 13:28,2026-07-27 06:04:13
KUL,departures,2026-07-26,12:25,12:28,MH623,MAS623,SIN,Singapore Changi Airport,Malaysia Airlines,MH,B738,Boeing 737-8H6,9M-MXK,Departed 13:28,2026-07-27 06:04:13
KUL,departures,2026-07-26,12:25,12:41,AK6116,AXM6116,PEN,Penang International Airport,AirAsia,AK,A320,Airbus A320-214,9M-DAE,Departed 13:41,2026-07-27 06:04:13
KUL,departures,2026-07-26,12:30,16:19,OD1004,MXD1004,BKI,Kota Kinabalu International Airport,Batik Air,ID,B38M,Boeing 737 MAX 8,9M-LRW,Departed 17:19,2026-07-27 06:04:13
KUL,departures,2026-07-26,12:30,12:53,AK884,AXM884,DMK,Bangkok Don Mueang International Airport,AirAsia (Let’s Fly To Terengganu Livery),AK,A320,Airbus A320-216,9M-AJS,Departed 13:53,2026-07-27 06:04:13
KUL,departures,2026-07-26,12:30,12:36,AK856,AXM856,CNX,Chiang Mai International Airport,AirAsia,AK,A320,Airbus A320-216,9M-AGM,Departed 13:36,2026-07-27 06:04:13
KUL,departures,2026-07-26,12:35,12:43,VJ826,VJC826,SGN,Ho Chi Minh City International Airport,VietJet Air,VJ,A21N,Airbus A321-271N,VN-A653,Departed 13:43,2026-07-27 06:04:13
KUL,departures,2026-07-26,12:40,12:44,AK6318,AXM6318,LGK,Langkawi International Airport,AirAsia,AK,A320,Airbus A320-214,9M-AJG,Departed 13:44,2026-07-27 06:04:13
KUL,departures,2026-07-26,12:45,13:03,MH2536,MAS2536,KCH,Kuching International Airport,Malaysia Airlines,MH,B738,Boeing 737-8H6,9M-MSE,Departed 14:03,2026-07-27 06:04:13
KUL,departures,2026-07-26,12:45,12:59,MH721,MAS721,CGK,Jakarta Soekarno Hatta International Airport,Malaysia Airlines (Malaysia Negaraku Livery),MH,B738,Boeing 737-8H6,9M-MXU,Departed 13:59,2026-07-27 06:04:13
KUL,departures,2026-07-26,12:50,21:00,8K262,KMI262,SZX,Shenzhen Bao'an International Airport,K-Mile Air,8K,B763,Boeing 767-33A(ER)(BCF),HS-KSA,Departed 22:00,2026-07-27 06:04:13
KUL,departures,2026-07-26,12:50,13:01,AK5210,AXM5210,KCH,Kuching International Airport,AirAsia,AK,A320,Airbus A320-216,9M-RAU,Departed 14:01,2026-07-27 06:04:13
KUL,departures,2026-07-26,13:00,13:17,OD2304,MXD2304,KBR,Kota Bharu Sultan Ismail Petra Airport,Batik Air,ID,B738,Boeing 737-8U3,9M-LCW,Departed 14:17,2026-07-27 06:04:13
KUL,departures,2026-07-26,13:00,15:50,OD193,MXD193,DPS,Denpasar Ngurah Rai International Airport,Batik Air,ID,B738,Boeing 737-86N,9M-LDK,Departed 16:50,2026-07-27 06:04:13
KUL,departures,2026-07-26,13:00,13:49,FM7222,CSH7222,PVG,Shanghai Pudong International Airport,Shanghai Airlines,FM,B38M,Boeing 737 MAX 8,B-1260,Departed 14:49,2026-07-27 06:04:13
KUL,departures,2026-07-26,13:00,13:05,CZ350,CSN350,CAN,Guangzhou Baiyun International Airport,China Southern Airlines (787th Boeing 787 Livery),CZ,B789,Boeing 787-9 Dreamliner,B-1168,Departed 14:05,2026-07-27 06:04:13
KUL,departures,2026-07-26,13:00,13:05,AK640,AXM640,DAD,Da Nang International Airport,AirAsia (Resorts World Genting Livery),AK,A20N,Airbus A320-251N,9M-AGA,Departed 14:05,2026-07-27 06:04:13
KUL,departures,2026-07-26,13:05,13:16,MH1148,MAS1148,PEN,Penang International Airport,Malaysia Airlines,MH,B738,Boeing 737-8H6,9M-MXH,Departed 14:16,2026-07-27 06:04:13
KUL,departures,2026-07-26,13:05,13:12,ID7283,BTK7283,CGK,Jakarta Soekarno Hatta International Airport,Batik Air,ID,B738,Boeing 737-8GP,PK-LZZ,Departed 14:12,2026-07-27 06:04:13
KUL,departures,2026-07-26,13:05,13:43,AK5116,AXM5116,BKI,Kota Kinabalu International Airport,AirAsia,AK,A20N,Airbus A320-251N,9M-AGB,Departed 14:43,2026-07-27 06:04:13
KUL,departures,2026-07-26,13:10,13:23,FY2692,FFM2692,TGG,Kuala Terengganu Sultan Mahmud Airport,Firefly,FY,B738,Boeing 737-8FZ,9M-MLG,Departed 14:23,2026-07-27 06:04:13
KUL,departures,2026-07-26,13:10,13:35,D7522,XAX522,HND,Tokyo Haneda International Airport,AirAsia,AK,A333,Airbus A330-343,9M-XXW,Departed 14:35,2026-07-27 06:04:13
KUL,departures,2026-07-26,13:15,13:19,NH886,ANA886,HND,Tokyo Haneda International Airport,All Nippon Airways,NH,B788,Boeing 787-8 Dreamliner,JA832A,Departed 14:19,2026-07-27 06:04:13
KUL,departures,2026-07-26,13:15,13:29,HU7924,CHH7924,CKG,Chongqing Jiangbei International Airport,Hainan Airlines,HU,B38M,Boeing 737 MAX 8,B-225X,Departed 14:29,2026-07-27 06:04:13
KUL,departures,2026-07-26,13:15,13:24,AK6440,AXM6440,KBR,Kota Bharu Sultan Ismail Petra Airport,AirAsia,AK,A20N,Airbus A320-251N,9M-AGQ,Departed 14:24,2026-07-27 06:04:13
KUL,departures,2026-07-26,13:15,13:31,AK6228,AXM6228,TGG,Kuala Terengganu Sultan Mahmud Airport,AirAsia,AK,A20N,Airbus A320-251N,9M-RAM,Departed 14:31,2026-07-27 06:04:13
KUL,departures,2026-07-26,13:15,13:31,AK606,AXM606,PER,Perth Airport,AirAsia,AK,A21N,Airbus A321-251NX,9M-VAD,Departed 14:31,2026-07-27 06:04:13
KUL,departures,2026-07-26,13:20,13:29,MH2616,MAS2616,BKI,Kota Kinabalu International Airport,Malaysia Airlines (Malaysia Negaraku Livery),MH,B738,Boeing 737-8H6,9M-MXV,Departed 14:29,2026-07-27 06:04:13
KUL,departures,2026-07-26,13:20,13:25,MH619,MAS619,SIN,Singapore Changi Airport,Malaysia Airlines,MH,B738,Boeing 737-8H6,9M-MXO,Departed 14:25,2026-07-27 06:04:13
KUL,departures,2026-07-26,13:25,14:07,OD1906,MXD1906,SBW,Sibu Airport,Batik Air,ID,B738,Boeing 737-8GP,9M-LNV,Departed 15:07,2026-07-27 06:04:13
KUL,departures,2026-07-26,13:25,13:34,AK715,AXM715,SIN,Singapore Changi Airport,AirAsia (BIG Duty Free Livery),AK,A320,Airbus A320-214,9M-AHY,Departed 14:34,2026-07-27 06:04:13
KUL,departures,2026-07-26,13:30,14:03,VJ1814,VJC1814,SGN,Ho Chi Minh City International Airport,VietJet Air,VJ,A321,Airbus A321-211,VN-A639,Departed 15:03,2026-07-27 06:04:13
KUL,departures,2026-07-26,13:30,15:27,OD1726,MXD1726,BTU,Bintulu Airport,Batik Air,ID,B738,Boeing 737-8U3,9M-LDH,Departed 16:27,2026-07-27 06:04:13
KUL,departures,2026-07-26,13:30,13:47,MH758,MAS758,SGN,Ho Chi Minh City International Airport,Malaysia Airlines,MH,B38M,Boeing 737 MAX 8,9M-MVF,Departed 14:47,2026-07-27 06:04:13
KUL,departures,2026-07-26,13:30,14:13,AK5870,AXM5870,SBW,Sibu Airport,AirAsia,AK,A320,Airbus A320-214,9M-RCB,Departed 15:13,2026-07-27 06:04:13
KUL,departures,2026-07-26,13:30,13:51,AK334,AXM334,UPG,Makassar Sultan Hasanuddin International Airport,AirAsia,AK,A20N,Airbus A320-251N,9M-AGJ,Departed 14:51,2026-07-27 06:04:13
KUL,departures,2026-07-26,13:35,13:57,SQ113,SIA113,SIN,Singapore Changi Airport,Singapore Airlines,SQ,B38M,Boeing 737 MAX 8,9V-MBQ,Departed 14:57,2026-07-27 06:04:13
KUL,departures,2026-07-26,13:35,14:02,MH2664,MAS2664,TWU,Tawau Airport,Malaysia Airlines,MH,B738,Boeing 737-8H6,9M-MLU,Departed 15:02,2026-07-27 06:04:13
KUL,departures,2026-07-26,13:40,14:36,8B674,TNU674,CGK,Jakarta Soekarno Hatta International Airport,TransNusa,8B,A321,Airbus A321-211,PK-TLG,Departed 15:36,2026-07-27 06:04:09
KUL,departures,2026-07-26,13:40,13:46,MH2594,MAS2594,MYY,Miri Airport,Malaysia Airlines,MH,B738,Boeing 737-8H6,9M-MLS,Departed 14:46,2026-07-27 06:04:09
KUL,departures,2026-07-26,13:40,14:29,MF848,CXA848,XMN,Xiamen Gaoqi International Airport,Xiamen Air,MF,B738,Boeing 737-85C,B-5488,Departed 15:29,2026-07-27 06:04:13
KUL,departures,2026-07-26,13:40,14:05,AK522,AXM522,SGN,Ho Chi Minh City International Airport,AirAsia,AK,A320,Airbus A320-216,9M-AQP,Departed 15:05,2026-07-27 06:04:13
KUL,departures,2026-07-26,13:45,13:52,CZ3048,CSN3048,CAN,Guangzhou Baiyun International Airport,China Southern Airlines,CZ,B38M,Boeing 737 MAX 8,B-20D6,Departed 14:52,2026-07-27 06:04:09
KUL,departures,2026-07-26,13:45,14:21,CI722,CAL722,TPE,Taipei Taoyuan International Airport,China Airlines,CI,B77W,Boeing 777-309(ER),B-18002,Departed 15:21,2026-07-27 06:04:09
KUL,departures,2026-07-26,13:50,14:25,MH2668,MAS2668,SDK,Sandakan Airport,Malaysia Airlines,MH,B738,Boeing 737-8H6,9M-MXX,Departed 15:25,2026-07-27 06:04:09
KUL,departures,2026-07-26,13:50,14:18,MH2634,MAS2634,LBU,Labuan Airport,Malaysia Airlines,MH,B738,Boeing 737-8H6,9M-MXQ,Departed 15:18,2026-07-27 06:04:09
KUL,departures,2026-07-26,13:50,14:08,MH156,MAS156,JED,Jeddah King Abdulaziz International Airport,Malaysia Airlines (Malaysia Negaraku Livery),MH,A332,Airbus A330-223,9M-MTY,Departed 15:08,2026-07-27 06:04:09
KUL,departures,2026-07-26,13:55,14:11,MH864,MAS864,KNO,Medan Kuala Namu International Airport,Malaysia Airlines,MH,B738,Boeing 737-8H6,9M-MLM,Departed 15:11,2026-07-27 06:04:09
KUL,departures,2026-07-26,13:55,14:08,FD309,AIQ309,HDY,Hat Yai International Airport,AirAsia,AK,A320,Airbus A320-216,HS-CBM,Departed 15:08,2026-07-27 06:04:09
KUL,departures,2026-07-26,13:55,14:02,AK6331,AXM6331,LGK,Langkawi International Airport,AirAsia,AK,A320,Airbus A320-216,9M-AGP,Departed 15:02,2026-07-27 06:04:09
KUL,departures,2026-07-26,14:00,14:26,UL315,,CMB,Colombo Bandaranaike International Airport,SriLankan Airlines,UL,A21N,Airbus A321-251N,4R-ANE,Estimated dep 15:26*,2026-07-27 06:04:09
KUL,departures,2026-07-26,14:00,14:09,QZ129,AWQ129,KNO,Medan Kuala Namu International Airport,AirAsia,AK,A320,Airbus A320-216,PK-AZT,Departed 15:09,2026-07-27 06:04:09
KUL,departures,2026-07-26,14:00,16:55,OD807,MXD807,SIN,Singapore Changi Airport,Batik Air,ID,B38M,Boeing 737 MAX 8,9M-LRJ,Departed 17:55,2026-07-27 06:04:09
KUL,departures,2026-07-26,14:00,14:36,AK5748,AXM5748,TWU,Tawau Airport,AirAsia,AK,A21N,Airbus A321-251NX,9M-VAH,Departed 15:36,2026-07-27 06:04:09
KUL,departures,2026-07-26,14:00,14:26,AK886,AXM886,DMK,Bangkok Don Mueang International Airport,AirAsia,AK,A320,Airbus A320-216,9M-RAW,Departed 15:26,2026-07-27 06:04:09
KUL,departures,2026-07-26,14:05,14:35,MH782,MAS782,BKK,Bangkok Suvarnabhumi Airport,Malaysia Airlines,MH,B38M,Boeing 737 MAX 8,9M-MVL,Departed 15:35,2026-07-27 06:04:09
KUL,departures,2026-07-26,14:10,14:58,OD2205,MXD2205,LGK,Langkawi International Airport,Batik Air,ID,B38M,Boeing 737 MAX 8,9M-LRS,Departed 15:58,2026-07-27 06:04:09
KUL,departures,2026-07-26,14:10,14:38,MH853,MAS853,DPS,Denpasar Ngurah Rai International Airport,Malaysia Airlines,MH,B38M,Boeing 737 MAX 8,9M-MVR,Departed 15:38,2026-07-27 06:04:09
KUL,departures,2026-07-26,14:15,14:22,AK6153,AXM6153,PEN,Penang International Airport,AirAsia,AK,A20N,Airbus A320-251N,9M-AGN,Departed 15:22,2026-07-27 06:04:09
KUL,departures,2026-07-26,14:15,14:52,AK5133,AXM5133,BKI,Kota Kinabalu International Airport,"AirAsia (3, 2,1, Take Off Livery)",AK,A21N,Airbus A321-251NX,9M-VAA,Departed 15:52,2026-07-27 06:04:09
KUL,departures,2026-07-26,14:20,14:39,3U3996,CSC3996,TFU,Chengdu Tianfu International Airport,Sichuan Airlines,3U,A21N,Airbus A321-271NX(LR),B-325F,Departed 15:39,2026-07-27 06:04:09
KUL,departures,2026-07-26,14:20,14:44,MU5096,CES5096,HGH,Hangzhou Xiaoshan International Airport,China Eastern Airlines,MU,A20N,Airbus A320-251N,B-30D2,Departed 15:44,2026-07-27 06:04:09
KUL,departures,2026-07-26,14:25,14:42,MH2544,MAS2544,KCH,Kuching International Airport,Malaysia Airlines,MH,B738,Boeing 737-8H6,9M-MLN,Departed 15:42,2026-07-27 06:04:09
KUL,departures,2026-07-26,14:25,14:55,AK5194,AXM5194,SDK,Sandakan Airport,AirAsia,AK,A320,Airbus A320-216,9M-RAE,Departed 15:55,2026-07-27 06:04:09
KUL,departures,2026-07-26,14:25,14:33,AK348,AXM348,YIA,Yogyakarta International Airport,AirAsia,AK,A320,Airbus A320-214,9M-AFE,Departed 15:33,2026-07-27 06:04:09
KUL,departures,2026-07-26,14:30,14:59,QZ323,AWQ323,SUB,Surabaya Juanda International Airport,AirAsia,AK,A320,Airbus A320-216,PK-AZO,Departed 15:59,2026-07-27 06:04:09
KUL,departures,2026-07-26,14:35,14:46,MY5004,BNE5004,KCH,Kuching International Airport,AirBorneo,MY,B738,Boeing 737-8U3,9M-LCV,Departed 15:46,2026-07-27 06:04:09
KUL,departures,2026-07-26,14:40,14:56,MU874,CES874,KMG,Kunming Changshui International Airport,China Eastern Airlines,MU,A20N,Airbus A320-251N,B-32A9,Departed 15:56,2026-07-27 06:04:09
KUL,departures,2026-07-26,14:40,14:51,MH2640,MAS2640,BKI,Kota Kinabalu International Airport,Malaysia Airlines,MH,B738,Boeing 737-8H6,9M-MXT,Departed 15:51,2026-07-27 06:04:09
KUL,departures,2026-07-26,14:40,15:30,MF8678,CXA8678,HGH,Hangzhou Xiaoshan International Airport,Xiamen Air,MF,B738,Boeing 737-86N,B-5602,Departed 16:30,2026-07-27 06:04:09
KUL,departures,2026-07-26,14:40,14:48,CZ5032,CSN5032,SZX,Shenzhen Bao'an International Airport,China Southern Airlines,CZ,A20N,Airbus A320-251N,B-32N3,Departed 15:48,2026-07-27 06:04:09
KUL,departures,2026-07-26,14:40,14:48,AK429,AXM429,PKU,Pekanbaru Sultan Syarif Kasim II Airport,AirAsia (Sarawak Livery),AK,A320,Airbus A320-216,9M-AJD,Departed 15:48,2026-07-27 06:04:09
KUL,departures,2026-07-26,14:45,16:07,OD528,MXD528,DMK,Bangkok Don Mueang International Airport,Batik Air,ID,B738,Boeing 737-86N,9M-LDT,Departed 17:07,2026-07-27 06:04:09
KUL,departures,2026-07-26,14:45,16:05,OD390,MXD390,CGK,Jakarta Soekarno Hatta International Airport,Batik Air,ID,B738,Boeing 737-8U3,9M-LDG,Departed 17:05,2026-07-27 06:04:09
KUL,departures,2026-07-26,14:50,15:08,KT172,KTC172,SAI,Siem Reap Angkor International Airport,AirAsia,AK,A320,Airbus A320-214,XU-819,Departed 16:08,2026-07-27 06:04:09
KUL,departures,2026-07-26,14:50,15:01,MH1446,MAS1446,LGK,Langkawi International Airport,Malaysia Airlines,MH,B738,Boeing 737-8FZ,9M-MLK,Departed 16:01,2026-07-27 06:04:09
KUL,departures,2026-07-26,14:50,15:10,BS316,UBG316,DAC,Dhaka Shahjalal International Airport,US-Bangla Airlines,BS,A333,Airbus A330-343,S2-ALA,Departed 16:10,2026-07-27 06:04:09
KUL,departures,2026-07-26,14:50,15:01,AK405,AXM405,PDG,Padang Minangkabau International Airport,AirAsia,AK,A320,Airbus A320-216,9M-AQE,Departed 16:01,2026-07-27 06:04:09
KUL,departures,2026-07-26,14:55,15:18,AK483,AXM483,BPN,Balikpapan Sepinggan Airport,AirAsia,AK,A20N,Airbus A320-251N,9M-AGF,Departed 16:18,2026-07-27 06:04:09
KUL,departures,2026-07-26,14:55,22:30,AK122,AXM122,SZX,Shenzhen Bao'an International Airport,AirAsia,AK,A21N,Airbus A321-251NX,9M-VAB,Departed 23:30,2026-07-27 06:04:09
KUL,departures,2026-07-26,15:00,15:35,OD2405,MXD2405,JHB,Johor Bahru Senai International Airport,Batik Air,ID,B738,Boeing 737-8GP,9M-LDU,Departed 16:35,2026-07-27 06:04:09
KUL,departures,2026-07-26,15:00,15:06,MH774,MAS774,BKK,Bangkok Suvarnabhumi Airport,Malaysia Airlines,MH,B738,Boeing 737-8H6,9M-MSB,Departed 16:06,2026-07-27 06:04:09
KUL,departures,2026-07-26,15:00,16:03,MF8724,CXA8724,JJN,Quanzhou Jinjiang Airport,Xiamen Air,MF,B738,Boeing 737-85C,B-5632,Departed 17:03,2026-07-27 06:04:09
KUL,departures,2026-07-26,15:00,15:22,FM886,CSH886,PVG,Shanghai Pudong International Airport,Shanghai Airlines,FM,B789,Boeing 787-9 Dreamliner,B-220K,Departed 16:22,2026-07-27 06:04:09
KUL,departures,2026-07-26,15:00,15:13,AK6316,AXM6316,LGK,Langkawi International Airport,AirAsia,AK,A320,Airbus A320-214,9M-RCG,Departed 16:13,2026-07-27 06:04:09
KUL,departures,2026-07-26,15:00,15:59,AK5112,AXM5112,BKI,Kota Kinabalu International Airport,AirAsia,AK,A20N,Airbus A320-251N,9M-AGW,Departed 16:59,2026-07-27 06:04:09
KUL,departures,2026-07-26,15:05,15:21,AK378,AXM378,DPS,Denpasar Ngurah Rai International Airport,AirAsia,AK,A20N,Airbus A320-251N,9M-RAB,Departed 16:21,2026-07-27 06:04:09
KUL,departures,2026-07-26,15:10,15:21,MH723,MAS723,CGK,Jakarta Soekarno Hatta International Airport,Malaysia Airlines,MH,B738,Boeing 737-8H6,9M-MXE,Departed 16:21,2026-07-27 06:04:09
KUL,departures,2026-07-26,15:10,15:16,MH605,MAS605,SIN,Singapore Changi Airport,Malaysia Airlines,MH,B38M,Boeing 737 MAX 8,9M-MVD,Departed 16:16,2026-07-27 06:04:09
KUL,departures,2026-07-26,15:10,15:35,AK6218,AXM6218,TGG,Kuala Terengganu Sultan Mahmud Airport,AirAsia (Save Our Malayan Tiger Livery),AK,A320,Airbus A320-216,9M-AQZ,Departed 16:35,2026-07-27 06:04:09
KUL,departures,2026-07-26,15:15,16:07,QW908,QDA908,TAO,Qingdao Jiaodong International Airport,Qingdao Airlines,QW,A21N,Airbus A321-271NX,B-326M,Departed 17:07,2026-07-27 06:04:09
KUL,departures,2026-07-26,15:20,17:19,OD2108,MXD2108,PEN,Penang International Airport,Batik Air,ID,B738,Boeing 737-8GP,9M-LNR,Departed 18:19,2026-07-27 06:04:09
KUL,departures,2026-07-26,15:20,15:25,AK464,AXM464,PLM,Palembang International Airport,AirAsia (Universiti Teknologi Malaysia Livery),AK,A320,Airbus A320-216,9M-AJE,Departed 16:25,2026-07-27 06:04:09
KUL,departures,2026-07-26,15:25,15:56,OD701,MXD701,JED,Jeddah King Abdulaziz International Airport,Batik Air,ID,A333,Airbus A330-343,9M-LFH,Departed 16:56,2026-07-27 06:04:09
KUL,departures,2026-07-26,15:25,15:43,MH2718,MAS2718,SBW,Sibu Airport,Malaysia Airlines,MH,B738,Boeing 737-8H6,9M-MXR,Departed 16:43,2026-07-27 06:04:09
KUL,departures,2026-07-26,15:25,15:39,AK9574,AXM9574,TWU,Tawau Airport,AirAsia,AK,A320,Airbus A320-216,9M-RAO,Departed 16:39,2026-07-27 06:04:09
KUL,departures,2026-07-26,15:30,16:09,SQ115,SIA115,SIN,Singapore Changi Airport,Singapore Airlines,SQ,B38M,Boeing 737 MAX 8,9V-MBS,Departed 17:09,2026-07-27 06:04:09
KUL,departures,2026-07-26,15:30,21:55,OD177,,DPS,Denpasar Ngurah Rai International Airport,Batik Air Malaysia,OD,7M8,,,Unknown,2026-07-27 06:04:09
KUL,departures,2026-07-26,15:30,15:48,FY2574,FFM2574,TWU,Tawau Airport,Firefly,FY,B738,Boeing 737-8FZ,9M-MLF,Departed 16:48,2026-07-27 06:04:09
KUL,departures,2026-07-26,15:35,17:12,D7700,XAX700,JED,Jeddah King Abdulaziz International Airport,AirAsia,AK,A333,Airbus A330-343,9M-XXZ,Departed 18:12,2026-07-27 06:04:09
KUL,departures,2026-07-26,15:35,16:25,AK116,AXM116,CAN,Guangzhou Baiyun International Airport,AirAsia,AK,A21N,Airbus A321-251NX,9M-VAC,Departed 17:25,2026-07-27 06:04:09
KUL,departures,2026-07-26,15:40,18:15,OD692,MXD692,CGO,Zhengzhou Xinzheng International Airport,Batik Air,ID,B38M,Boeing 737 MAX 8,9M-LRD,Departed 19:15,2026-07-27 06:04:09
KUL,departures,2026-07-26,15:40,16:33,JT165,LNI165,LOP,Lombok International Airport,Lion Air,JT,B739,Boeing 737-9GP(ER),PK-LHQ,Departed 17:33,2026-07-27 06:04:09
KUL,departures,2026-07-26,15:40,15:58,AK6432,AXM6432,KBR,Kota Bharu Sultan Ismail Petra Airport,AirAsia,AK,A320,Airbus A320-216,9M-AGC,Departed 16:58,2026-07-27 06:04:09
KUL,departures,2026-07-26,15:40,15:53,AK5212,AXM5212,KCH,Kuching International Airport,AirAsia,AK,A320,Airbus A320-216,9M-AGT,Departed 16:53,2026-07-27 06:04:09
KUL,departures,2026-07-26,15:45,16:11,MH1396,MAS1396,KBR,Kota Bharu Sultan Ismail Petra Airport,Malaysia Airlines,MH,B738,Boeing 737-8FZ,9M-MLL,Departed 17:11,2026-07-27 06:04:09
KUL,departures,2026-07-26,15:45,16:01,MH1336,MAS1336,TGG,Kuala Terengganu Sultan Mahmud Airport,Malaysia Airlines,MH,B738,Boeing 737-8FZ,9M-FFF,Departed 17:01,2026-07-27 06:04:09
KUL,departures,2026-07-26,15:45,16:47,AK717,AXM717,SIN,Singapore Changi Airport,AirAsia,AK,A21N,Airbus A321-251NX,9M-VAF,Departed 17:47,2026-07-27 06:04:09
KUL,departures,2026-07-26,15:50,15:54,AK421,AXM421,BTJ,Banda Aceh International Airport,AirAsia,AK,A320,Airbus A320-214,9M-DAE,Departed 16:54,2026-07-27 06:04:09
KUL,departures,2026-07-26,15:55,16:15,CZ8012,CSN8012,CAN,Guangzhou Baiyun International Airport,China Southern Airlines,CZ,B38M,Boeing 737 MAX 8,B-205L,Departed 17:15,2026-07-27 06:04:09
KUL,departures,2026-07-26,15:55,17:04,AK892,AXM892,DMK,Bangkok Don Mueang International Airport,AirAsia,AK,A320,Airbus A320-216,9M-AHE,Departed 18:04,2026-07-27 06:04:09
KUL,departures,2026-07-26,16:00,20:13,OD1636,MXD1636,KCH,Kuching International Airport,Batik Air,ID,B738,Boeing 737-86N,9M-LDP,Departed 21:13,2026-07-27 06:04:09
KUL,departures,2026-07-26,16:00,16:17,MH790,MAS790,HKT,Phuket International Airport,Malaysia Airlines,MH,B738,Boeing 737-8H6,9M-MXM,Departed 17:17,2026-07-27 06:04:09
KUL,departures,2026-07-26,16:00,16:21,MH613,MAS613,SIN,Singapore Changi Airport,Malaysia Airlines,MH,B738,Boeing 737-8H6,9M-MXN,Departed 17:21,2026-07-27 06:04:09
KUL,departures,2026-07-26,16:05,16:23,KL809,KLM809,CGK,Jakarta Soekarno Hatta International Airport,KLM,KL,B789,Boeing 787-9 Dreamliner,PH-BHA,Departed 17:23,2026-07-27 06:04:09
KUL,departures,2026-07-26,16:10,16:21,AK386,AXM386,CGK,Jakarta Soekarno Hatta International Airport,AirAsia,AK,A320,Airbus A320-216,9M-AJN,Departed 17:21,2026-07-27 06:04:09
KUL,departures,2026-07-26,16:15,16:13,TH1984,,LBU,Labuan Airport,Raya Airways,TH,B762,Boeing 767-232(BDSF),9M-RXE,Estimated dep 17:13*,2026-07-27 06:04:09
KUL,departures,2026-07-26,16:15,19:44,CZ8098,CSN8098,SZX,Shenzhen Bao'an International Airport,China Southern Airlines,CZ,A21N,Airbus A321-251NX,B-32L1,Departed 20:44,2026-07-27 06:04:09
KUL,departures,2026-07-26,16:20,16:47,JX726,SJX726,TPE,Taipei Taoyuan International Airport,STARLUX,JX,A21N,Airbus A321-252NX,B-58210,Departed 17:47,2026-07-27 06:04:09
KUL,departures,2026-07-26,16:20,16:30,AK5646,AXM5646,MYY,Miri Airport,AirAsia,AK,A320,Airbus A320-214,9M-AJG,Departed 17:30,2026-07-27 06:04:09
KUL,departures,2026-07-26,16:25,17:00,MH804,MAS804,MNL,Manila Ninoy Aquino International Airport,Malaysia Airlines,MH,B738,Boeing 737-8H6,9M-MXD,Departed 18:00,2026-07-27 06:04:09
KUL,departures,2026-07-26,16:25,16:57,AK393,AXM393,KNO,Medan Kuala Namu International Airport,AirAsia,AK,A20N,Airbus A320-251N,9M-AGL,Departed 17:57,2026-07-27 06:04:09
KUL,departures,2026-07-26,16:30,,AQ1272,,CAN,Guangzhou Baiyun International Airport,9 Air,AQ,738,,,Unknown,2026-07-27 06:04:09
KUL,departures,2026-07-26,16:30,17:24,IU169,SJV169,BTJ,Banda Aceh International Airport,Super Air Jet,IU,A320,Airbus A320-232,PK-SAG,Departed 18:24,2026-07-27 06:04:09
KUL,departures,2026-07-26,16:35,17:03,SV835,SVA835,JED,Jeddah King Abdulaziz International Airport,Saudia,SV,B78X,Boeing 787-10 Dreamliner,HZ-AR25,Departed 18:03,2026-07-27 06:04:09
KUL,departures,2026-07-26,16:35,17:12,OD705,MXD705,JED,Jeddah King Abdulaziz International Airport,Batik Air,ID,A333,Airbus A330-343,9M-LFJ,Departed 18:12,2026-07-27 06:04:09
KUL,departures,2026-07-26,16:35,16:40,MH2746,MAS2746,BTU,Bintulu Airport,Malaysia Airlines,MH,B738,Boeing 737-8H6,9M-MSA,Departed 17:40,2026-07-27 06:04:09
KUL,departures,2026-07-26,16:35,17:05,MH1152,MAS1152,PEN,Penang International Airport,Malaysia Airlines,MH,B38M,Boeing 737 MAX 8,9M-MVA,Departed 18:05,2026-07-27 06:04:09
KUL,departures,2026-07-26,16:35,16:51,MH766,MAS766,SGN,Ho Chi Minh City International Airport,Malaysia Airlines,MH,B38M,Boeing 737 MAX 8,9M-MVH,Departed 17:51,2026-07-27 06:04:09
KUL,departures,2026-07-26,16:35,16:52,AK6014,AXM6014,AOR,Alor Setar Sultan Abdul Halim Airport,AirAsia (Visit Truly Asia Malaysia 2020 Stickers),AK,A20N,Airbus A320-251N,9M-RAR,Departed 17:52,2026-07-27 06:04:09
KUL,departures,2026-07-26,16:40,18:24,JT157,LNI157,PDG,Padang Minangkabau International Airport,Lion Air,JT,B739,Boeing 737-9GP(ER),PK-LFZ,Departed 19:24,2026-07-27 06:04:09
KUL,departures,2026-07-26,16:40,18:45,CX724,CPA724,HKG,Hong Kong International Airport,Cathay Pacific,CX,A333,Airbus A330-343,B-LBF,Departed 19:45,2026-07-27 06:04:09
KUL,departures,2026-07-26,16:40,16:49,AK6130,AXM6130,PEN,Penang International Airport,AirAsia,AK,A320,Airbus A320-216,9M-AQS,Departed 17:49,2026-07-27 06:04:09
KUL,departures,2026-07-26,16:45,16:53,Z27115,APG7115,CEB,Cebu Mactan International Airport,AirAsia,AK,A320,Airbus A320-216,RP-C8950,Departed 17:53,2026-07-27 06:04:09
KUL,departures,2026-07-26,16:45,17:07,MH780,MAS780,BKK,Bangkok Suvarnabhumi Airport,Malaysia Airlines,MH,B738,Boeing 737-8H6,9M-MXK,Departed 18:07,2026-07-27 06:04:09
KUL,departures,2026-07-26,16:45,17:09,MF898,CXA898,FOC,Fuzhou Changle International Airport,Xiamen Air,MF,B738,Boeing 737-85C,B-5791,Departed 18:09,2026-07-27 06:04:09
KUL,departures,2026-07-26,16:50,17:20,OD171,MXD171,DPS,Denpasar Ngurah Rai International Airport,Batik Air (Visit Malaysia Truly Asia 2026 Livery),ID,B38M,Boeing 737 MAX 8,9M-LRM,Departed 18:20,2026-07-27 06:04:09
KUL,departures,2026-07-26,16:50,17:11,MH725,MAS725,CGK,Jakarta Soekarno Hatta International Airport,Malaysia Airlines,MH,B738,Boeing 737-8H6,9M-MLR,Departed 18:11,2026-07-27 06:04:09
KUL,departures,2026-07-26,16:50,17:02,FY2892,FFM2892,JHB,Johor Bahru Senai International Airport,Firefly,FY,B738,Boeing 737-8FZ,9M-MLG,Departed 18:02,2026-07-27 06:04:09
KUL,departures,2026-07-26,16:55,18:48,OD157,MXD157,DPS,Denpasar Ngurah Rai International Airport,Batik Air,ID,B38M,Boeing 737 MAX 8,9M-LRP,Departed 19:48,2026-07-27 06:04:09
KUL,departures,2026-07-26,17:00,17:15,CZ8302,CSN8302,CAN,Guangzhou Baiyun International Airport,China Southern Airlines,CZ,B38M,Boeing 737 MAX 8,B-20CU,Departed 18:15,2026-07-27 06:04:06
KUL,departures,2026-07-26,17:00,17:08,AK6438,AXM6438,KBR,Kota Bharu Sultan Ismail Petra Airport,AirAsia,AK,A320,Airbus A320-216,9M-RAV,Departed 18:08,2026-07-27 06:04:06
KUL,departures,2026-07-26,17:00,17:27,AK584,AXM584,MNL,Manila Ninoy Aquino International Airport,AirAsia,AK,A20N,Airbus A320-251N,9M-AGD,Departed 18:27,2026-07-27 06:04:06
KUL,departures,2026-07-26,17:05,23:03,OD205,MXD205,DEL,Delhi Indira Gandhi International Airport,Batik Air,ID,B738,Boeing 737-86N,9M-LDT,Departed 00:03,2026-07-27 06:04:06
KUL,departures,2026-07-26,17:05,17:22,MH1057,MAS1057,JHB,Johor Bahru Senai International Airport,Malaysia Airlines,MH,B738,Boeing 737-8H6,9M-MLT,Departed 18:22,2026-07-27 06:04:06
KUL,departures,2026-07-26,17:05,17:17,AK5751,AXM5751,TWU,Tawau Airport,AirAsia,AK,A20N,Airbus A320-251N,9M-RAM,Departed 18:17,2026-07-27 06:04:06
KUL,departures,2026-07-26,17:10,03:02,OD182,,KTM,Kathmandu Tribhuvan International Airport,Batik Air,ID,B38M,Boeing 737 MAX 8,9M-LRW,Unknown,2026-07-27 06:04:06
KUL,departures,2026-07-26,17:10,17:37,JT161,LNI161,PKU,Pekanbaru Sultan Syarif Kasim II Airport,Lion Air,JT,B739,Boeing 737-9GP(ER),PK-LJG,Departed 18:37,2026-07-27 06:04:06
KUL,departures,2026-07-26,17:10,17:11,AK150,AXM150,WUH,Wuhan Tianhe International Airport,AirAsia (Find Yourself in Malaysia Livery),AK,A20N,Airbus A320-251N,9M-AGV,Departed 18:11,2026-07-27 06:04:06
KUL,departures,2026-07-26,17:15,17:06,KR782,KME782,KTI,Phnom Penh Techo International Airport,Cambodia Airways,KR,A320,Airbus A320-214,XU-762,Departed 18:06,2026-07-27 06:04:06
KUL,departures,2026-07-26,17:15,17:48,AK5220,AXM5220,KCH,Kuching International Airport,AirAsia (100th Awesome Plane Livery),AK,A320,Airbus A320-216,9M-AQH,Departed 18:48,2026-07-27 06:04:06
KUL,departures,2026-07-26,17:25,17:43,9C6524,CQH6524,PVG,Shanghai Pudong International Airport,Spring Airlines,9C,A20N,Airbus A320-251N,B-32HK,Departed 18:43,2026-07-27 06:04:06
KUL,departures,2026-07-26,17:25,17:24,TR473,TGW473,SIN,Singapore Changi Airport,Scoot,TR,A320,Airbus A320-232,9V-TRU,Departed 18:24,2026-07-27 06:04:06
KUL,departures,2026-07-26,17:25,17:44,MH2584,MAS2584,MYY,Miri Airport,Malaysia Airlines,MH,B738,Boeing 737-8H6,9M-MLP,Departed 18:44,2026-07-27 06:04:06
KUL,departures,2026-07-26,17:25,17:35,MH2528,MAS2528,KCH,Kuching International Airport,Malaysia Airlines (Retro Livery),MH,B738,Boeing 737-8H6,9M-MLV,Departed 18:35,2026-07-27 06:04:06
KUL,departures,2026-07-26,17:25,17:39,MH1276,MAS1276,KUA,Kuantan Sultan Haji Ahmad Shah Airport,Malaysia Airlines,MH,B38M,Boeing 737 MAX 8,9M-MVP,Departed 18:39,2026-07-27 06:04:06
KUL,departures,2026-07-26,17:30,18:18,OD131,MXD131,LHE,Lahore Allama Iqbal International Airport,Batik Air,ID,A333,Airbus A330-343,9M-LFC,Departed 19:18,2026-07-27 06:04:06
KUL,departures,2026-07-26,17:30,17:46,MH1450,MAS1450,LGK,Langkawi International Airport,Malaysia Airlines,MH,B738,Boeing 737-8H6,9M-MXG,Departed 18:46,2026-07-27 06:04:06
KUL,departures,2026-07-26,17:30,17:30,AK6032,AXM6032,JHB,Johor Bahru Senai International Airport,AirAsia (BIG Duty Free Livery),AK,A320,Airbus A320-214,9M-AHY,Departed 18:30,2026-07-27 06:04:06
KUL,departures,2026-07-26,17:35,17:56,JT2161,LNI2161,PKU,Pekanbaru Sultan Syarif Kasim II Airport,Lion Air,JT,B739,Boeing 737-9GP(ER),PK-LQS,Departed 18:56,2026-07-27 06:04:06
KUL,departures,2026-07-26,17:35,17:59,AK374,AXM374,DPS,Denpasar Ngurah Rai International Airport,AirAsia,AK,A20N,Airbus A320-251N,9M-AGQ,Departed 18:59,2026-07-27 06:04:06
KUL,departures,2026-07-26,17:40,18:11,D7330,XAX330,PVG,Shanghai Pudong International Airport,AirAsia,AK,A333,Airbus A330-343,9M-XXQ,Departed 19:11,2026-07-27 06:04:06
KUL,departures,2026-07-26,17:45,17:49,CA484,CCA484,TFU,Chengdu Tianfu International Airport,Air China,CA,A21N,Airbus A321-252NX,B-32LE,Departed 18:49,2026-07-27 06:04:06
KUL,departures,2026-07-26,17:50,18:07,MH190,MAS190,DEL,Delhi Indira Gandhi International Airport,Malaysia Airlines,MH,A333,Airbus A330-323,9M-MTH,Departed 19:07,2026-07-27 06:04:06
KUL,departures,2026-07-26,17:50,18:09,MH118,MAS118,ATQ,Amritsar International Airport,Malaysia Airlines,MH,B38M,Boeing 737 MAX 8,9M-MVC,Departed 19:09,2026-07-27 06:04:06
KUL,departures,2026-07-26,17:50,18:13,AK719,AXM719,SIN,Singapore Changi Airport,AirAsia,AK,A320,Airbus A320-216,9M-RAD,Departed 19:13,2026-07-27 06:04:06
KUL,departures,2026-07-26,17:55,18:05,MH2638,MAS2638,BKI,Kota Kinabalu International Airport,Malaysia Airlines,MH,B738,Boeing 737-8H6,9M-MXY,Departed 19:05,2026-07-27 06:04:06
KUL,departures,2026-07-26,17:55,18:30,D7182,XAX182,DEL,Delhi Indira Gandhi International Airport,AirAsia (UFC Livery),AK,A333,Airbus A330-343,9M-XXD,Departed 19:30,2026-07-27 06:04:06
KUL,departures,2026-07-26,17:55,17:53,AK6322,AXM6322,LGK,Langkawi International Airport,AirAsia,AK,A320,Airbus A320-216,9M-AGP,Departed 18:53,2026-07-27 06:04:06
KUL,departures,2026-07-26,17:55,17:55,AK826,AXM826,HKT,Phuket International Airport,AirAsia,AK,A320,Airbus A320-216,9M-AQQ,Departed 18:55,2026-07-27 06:04:06
KUL,departures,2026-07-26,18:00,18:25,OD2210,MXD2210,LGK,Langkawi International Airport,Batik Air,ID,B738,Boeing 737-8U3,9M-LDF,Departed 19:25,2026-07-27 06:04:06
KUL,departures,2026-07-26,18:00,18:03,MH526,MAS526,TFU,Chengdu Tianfu International Airport,Malaysia Airlines,MH,B38M,Boeing 737 MAX 8,9M-MVK,Departed 19:03,2026-07-27 06:04:06
KUL,departures,2026-07-26,18:00,18:03,AK353,AXM353,CGK,Jakarta Soekarno Hatta International Airport,AirAsia,AK,A20N,Airbus A320-251N,9M-AGN,Departed 19:03,2026-07-27 06:04:06
KUL,departures,2026-07-26,18:05,18:17,D7346,XAX346,XIY,Xi'an Xianyang International Airport,AirAsia,AK,A333,Airbus A330-343,9M-XBG,Departed 19:17,2026-07-27 06:04:06
KUL,departures,2026-07-26,18:10,18:23,MH1252,MAS1252,AOR,Alor Setar Sultan Abdul Halim Airport,Malaysia Airlines,MH,B738,Boeing 737-8H6,9M-MLM,Departed 19:23,2026-07-27 06:04:06
KUL,departures,2026-07-26,18:10,18:14,MH607,MAS607,SIN,Singapore Changi Airport,Malaysia Airlines,MH,B738,Boeing 737-8H6,9M-MXB,Departed 19:14,2026-07-27 06:04:06
KUL,departures,2026-07-26,18:10,18:28,EK347,UAE39Y,DXB,Dubai International Airport,Emirates,EK,B77W,Boeing 777-31H(ER),A6-EPO,Departed 19:28,2026-07-27 06:04:06
KUL,departures,2026-07-26,18:10,18:32,D7218,XAX218,MEL,Melbourne Airport,AirAsia,AK,A333,Airbus A330-343,9M-XXY,Departed 19:32,2026-07-27 06:04:06
KUL,departures,2026-07-26,18:15,18:20,TR469,TGW469,SIN,Singapore Changi Airport,Scoot,TR,A20N,Airbus A320-271N,9V-TNJ,Departed 19:20,2026-07-27 06:04:06
KUL,departures,2026-07-26,18:15,18:36,MH114,MAS114,KTM,Kathmandu Tribhuvan International Airport,Malaysia Airlines,MH,B38M,Boeing 737 MAX 8,9M-MVQ,Departed 19:36,2026-07-27 06:04:06
KUL,departures,2026-07-26,18:15,18:30,AK6128,AXM6128,PEN,Penang International Airport,AirAsia (Save Our Malayan Tiger Livery),AK,A320,Airbus A320-216,9M-AQZ,Departed 19:30,2026-07-27 06:04:06
KUL,departures,2026-07-26,18:20,20:21,QZ131,AWQ131,KNO,Medan Kuala Namu International Airport,AirAsia,AK,A320,Airbus A320-216,PK-AZT,Departed 21:21,2026-07-27 06:04:06
KUL,departures,2026-07-26,18:20,18:43,QR853,QTR1C,DOH,Doha Hamad International Airport,Qatar Airways,QR,B77W,Boeing 777-3DZ(ER),A7-BEB,Departed 19:43,2026-07-27 06:04:06
KUL,departures,2026-07-26,18:25,18:50,VN678,HVN678,SGN,Ho Chi Minh City International Airport,Vietnam Airlines,VN,A321,Airbus A321-231,VN-A395,Departed 19:50,2026-07-27 06:04:06
KUL,departures,2026-07-26,18:25,18:25,AK721,AXM721,SIN,Singapore Changi Airport,AirAsia,AK,A320,Airbus A320-216,9M-AHT,Departed 19:25,2026-07-27 06:04:06
KUL,departures,2026-07-26,18:30,21:23,OD805,MXD805,SIN,Singapore Changi Airport,Batik Air,ID,B38M,Boeing 737 MAX 8,9M-LRJ,Departed 22:23,2026-07-27 06:04:06
KUL,departures,2026-07-26,18:30,18:58,MH1162,MAS1162,PEN,Penang International Airport,Malaysia Airlines,MH,B738,Boeing 737-8FZ,9M-MLK,Departed 19:58,2026-07-27 06:04:06
KUL,departures,2026-07-26,18:30,18:42,MH127,MAS127,PER,Perth Airport,Malaysia Airlines,MH,A339,Airbus A330-941,9M-MNL,Departed 19:42,2026-07-27 06:04:06
KUL,departures,2026-07-26,18:30,18:40,AK5130,AXM5130,BKI,Kota Kinabalu International Airport,AirAsia,AK,A20N,Airbus A320-251N,9M-AGS,Departed 19:40,2026-07-27 06:04:06
KUL,departures,2026-07-26,18:35,,AQ1212,,KWE,Guiyang Longdongbao International Airport,9 Air,AQ,738,,,Canceled,2026-07-27 06:04:06
KUL,departures,2026-07-26,18:35,18:56,MH386,MAS386,PVG,Shanghai Pudong International Airport,Malaysia Airlines (Oneworld Livery),MH,A333,Airbus A330-323,9M-MTO,Departed 19:56,2026-07-27 06:04:06
KUL,departures,2026-07-26,18:35,19:01,MH194,MAS194,BOM,Mumbai Chhatrapati Shivaji International Airport,Malaysia Airlines,MH,A333,Airbus A330-323,9M-MTN,Departed 20:01,2026-07-27 06:04:06
KUL,departures,2026-07-26,18:35,18:39,AK5234,AXM5234,KCH,Kuching International Airport,AirAsia (General Electric Livery),AK,A320,Airbus A320-216,9M-AQB,Departed 19:39,2026-07-27 06:04:06
KUL,departures,2026-07-26,18:40,18:51,MH2522,MAS2522,KCH,Kuching International Airport,Malaysia Airlines,MH,B738,Boeing 737-8H6,9M-MXO,Departed 19:51,2026-07-27 06:04:06
KUL,departures,2026-07-26,18:40,18:42,AK896,AXM896,DMK,Bangkok Don Mueang International Airport,AirAsia,AK,A320,Airbus A320-216,9M-AJY,Departed 19:42,2026-07-27 06:04:06
KUL,departures,2026-07-26,18:45,19:47,ZH330,CSZ330,SZX,Shenzhen Bao'an International Airport,Shenzhen Airlines,ZH,B38M,Boeing 737 MAX 8,B-20ES,Departed 20:47,2026-07-27 06:04:06
KUL,departures,2026-07-26,18:45,19:43,OD1006,MXD1006,BKI,Kota Kinabalu International Airport,Batik Air,ID,B738,Boeing 737-8GP,9M-LNC,Departed 20:43,2026-07-27 06:04:06
KUL,departures,2026-07-26,18:50,18:54,MH78,MAS078,HKG,Hong Kong International Airport,Malaysia Airlines,MH,B738,Boeing 737-8H6,9M-MXS,Departed 19:54,2026-07-27 06:04:06
KUL,departures,2026-07-26,18:55,22:26,OD215,MXD215,BOM,Mumbai Chhatrapati Shivaji International Airport,Batik Air,ID,B738,Boeing 737-8GP,9M-LNY,Departed 23:26,2026-07-27 06:04:06
KUL,departures,2026-07-26,18:55,19:15,OD121,MXD121,SYD,Sydney Kingsford Smith Airport,Batik Air,ID,A333,Airbus A330-343,9M-LFF,Departed 20:15,2026-07-27 06:04:06
KUL,departures,2026-07-26,19:00,19:17,VN680,HVN680,HAN,Hanoi Noi Bai International Airport,Vietnam Airlines,VN,A321,Airbus A321-231,VN-A326,Departed 20:17,2026-07-27 06:04:06
KUL,departures,2026-07-26,19:00,19:09,MH520,MAS520,CSX,Changsha Huanghua International Airport,Malaysia Airlines,MH,B38M,Boeing 737 MAX 8,9M-MVJ,Departed 20:09,2026-07-27 06:04:06
KUL,departures,2026-07-26,19:00,19:40,MH251,MAS251,SYD,Sydney Kingsford Smith Airport,Malaysia Airlines,MH,A339,Airbus A330-941,9M-MNI,Departed 20:40,2026-07-27 06:04:06
KUL,departures,2026-07-26,19:00,19:26,D7808,XAX808,CKG,Chongqing Jiangbei International Airport,AirAsia,AK,A333,Airbus A330-343,9M-XXE,Departed 20:26,2026-07-27 06:04:06
KUL,departures,2026-07-26,19:10,20:49,OD223,MXD223,TRZ,Tiruchirappalli International Airport,Batik Air,ID,B738,Boeing 737-8GP,9M-LNP,Departed 21:49,2026-07-27 06:04:06
KUL,departures,2026-07-26,19:10,19:11,QG503,CTV503,CGK,Jakarta Soekarno Hatta International Airport,Citilink,QG,A320,Airbus A320-214,PK-GQA,Departed 20:11,2026-07-27 06:04:06
KUL,departures,2026-07-26,19:15,20:10,FM866,CSH866,PVG,Shanghai Pudong International Airport,Shanghai Airlines,FM,B38M,Boeing 737 MAX 8,B-1381,Departed 21:10,2026-07-27 06:04:06
KUL,departures,2026-07-26,19:15,19:18,AK6038,AXM6038,JHB,Johor Bahru Senai International Airport,AirAsia (Let’s Fly To Terengganu Livery),AK,A320,Airbus A320-216,9M-AJS,Departed 20:18,2026-07-27 06:04:06
KUL,departures,2026-07-26,19:15,19:35,AK118,AXM118,CAN,Guangzhou Baiyun International Airport,AirAsia,AK,A21N,Airbus A321-251NX,9M-VAG,Departed 20:35,2026-07-27 06:04:06
KUL,departures,2026-07-26,19:20,19:31,OD642,MXD642,CSX,Changsha Huanghua International Airport,Batik Air,ID,B38M,Boeing 737 MAX 8,9M-LRU,Departed 20:31,2026-07-27 06:04:06
KUL,departures,2026-07-26,19:20,19:38,AK71,AXM71,DAC,Dhaka Shahjalal International Airport,AirAsia,AK,A21N,Airbus A321-251NX,9M-VAE,Departed 20:38,2026-07-27 06:04:06
KUL,departures,2026-07-26,19:25,19:34,AK39,AXM39,COK,Cochin International Airport,AirAsia,AK,A20N,Airbus A320-251N,9M-AGG,Departed 20:34,2026-07-27 06:04:06
KUL,departures,2026-07-26,19:30,01:32,OD326,MXD326,KNO,Medan Kuala Namu International Airport,Batik Air,ID,B738,Boeing 737-86N,9M-LDP,Departed 02:32,2026-07-27 06:04:06
KUL,departures,2026-07-26,19:30,19:49,MH147,MAS147,MEL,Melbourne Airport,Malaysia Airlines,MH,A339,Airbus A330-941,9M-MNK,Departed 20:49,2026-07-27 06:04:06
KUL,departures,2026-07-26,19:35,20:17,8B680,TNU680,CGK,Jakarta Soekarno Hatta International Airport,TransNusa,8B,A321,Airbus A321-211,PK-TLG,Departed 21:17,2026-07-27 06:04:06
KUL,departures,2026-07-26,19:35,19:43,AK23,AXM23,TRZ,Tiruchirappalli International Airport,AirAsia,AK,A20N,Airbus A320-251N,9M-AGE,Departed 20:43,2026-07-27 06:04:06
KUL,departures,2026-07-26,19:40,20:02,SQ125,SIA125,SIN,Singapore Changi Airport,Singapore Airlines,SQ,A359,Airbus A350-941,9V-SMQ,Departed 21:02,2026-07-27 06:04:06
KUL,departures,2026-07-26,19:40,20:26,OD241,MXD241,BLR,Bengaluru Kempegowda International Airport,Batik Air,ID,B738,Boeing 737-8GP,9M-LDD,Departed 21:26,2026-07-27 06:04:06
KUL,departures,2026-07-26,19:40,19:53,MH135,MAS135,BNE,Brisbane Airport,Malaysia Airlines,MH,A333,Airbus A330-323,9M-MTF,Departed 20:53,2026-07-27 06:04:06
KUL,departures,2026-07-26,19:40,,FY3680,,SIN,Singapore Changi Airport,Firefly,FY,738,,,Unknown,2026-07-27 06:04:06
KUL,departures,2026-07-26,19:45,,QZ211,,CGK,Jakarta Soekarno Hatta International Airport,AirAsia (Dnars Indonesia Livery),AK,A320,Airbus A320-216,PK-AZN,Unknown,2026-07-27 06:04:06
KUL,departures,2026-07-26,19:45,20:04,AK211,AWQ211P,CGK,Jakarta Soekarno Hatta International Airport,AirAsia (Dnars Indonesia Livery),AK,A320,Airbus A320-216,PK-AZN,Departed 21:04,2026-07-27 06:04:06
KUL,departures,2026-07-26,19:45,19:47,AK65,AXM65,CCU,Kolkata Subhas Chandra Bose International Airport,AirAsia (Persona 5 Royal Livery),AK,A320,Airbus A320-214,9M-AFF,Departed 20:47,2026-07-27 06:04:06
KUL,departures,2026-07-26,19:50,20:00,AK6132,AXM6132,PEN,Penang International Airport,AirAsia,AK,A320,Airbus A320-216,9M-AQS,Departed 21:00,2026-07-27 06:04:06
KUL,departures,2026-07-26,19:55,20:06,TG418,THA418,BKK,Bangkok Suvarnabhumi Airport,Thai Airways,TG,A359,Airbus A350-941,HS-THC,Departed 21:06,2026-07-27 06:04:06
KUL,departures,2026-07-26,19:55,20:13,AK47,AXM47,CMB,Colombo Bandaranaike International Airport,AirAsia (Resorts World Genting Livery),AK,A20N,Airbus A320-251N,9M-AGA,Departed 21:13,2026-07-27 06:04:06
KUL,departures,2026-07-26,20:00,20:00,OD336,,PKU,Pekanbaru Sultan Syarif Kasim II Airport,Batik Air Malaysia,OD,738,,,Estimated dep 21:00*,2026-07-27 06:04:06
KUL,departures,2026-07-26,20:00,20:15,MH2628,MAS2628,BKI,Kota Kinabalu International Airport,Malaysia Airlines,MH,B738,Boeing 737-8H6,9M-MXL,Departed 21:15,2026-07-27 06:04:06
KUL,departures,2026-07-26,20:00,20:09,MH487,MAS487,MLE,Male Velana International Airport,Malaysia Airlines,MH,B38M,Boeing 737 MAX 8,9M-MVE,Departed 21:09,2026-07-27 06:04:06
KUL,departures,2026-07-26,20:05,20:18,MH1166,MAS1166,PEN,Penang International Airport,Malaysia Airlines,MH,B738,Boeing 737-8H6,9M-MSE,Departed 21:18,2026-07-27 06:04:06
KUL,departures,2026-07-26,20:05,20:36,MH522,MAS522,SZX,Shenzhen Bao'an International Airport,Malaysia Airlines,MH,B38M,Boeing 737 MAX 8,9M-MVM,Departed 21:36,2026-07-27 06:04:06
KUL,departures,2026-07-26,20:05,21:00,HU756,CHH756,HAK,Haikou Meilan International Airport,Hainan Airlines,HU,B38M,Boeing 737 MAX 8,B-225V,Departed 22:00,2026-07-27 06:04:06
KUL,departures,2026-07-26,20:05,20:10,AK53,AXM53,BLR,Bengaluru Kempegowda International Airport,AirAsia (Universiti Teknologi Malaysia Livery),AK,A320,Airbus A320-216,9M-AJE,Departed 21:10,2026-07-27 06:04:06
KUL,departures,2026-07-26,20:10,20:31,MH1063,MAS1063,JHB,Johor Bahru Senai International Airport,Malaysia Airlines (Oneworld Livery),MH,B738,Boeing 737-8H6,9M-MXC,Departed 21:31,2026-07-27 06:04:06
KUL,departures,2026-07-26,20:15,20:23,MH2532,MAS2532,KCH,Kuching International Airport,Malaysia Airlines,MH,B738,Boeing 737-8H6,9M-MLN,Departed 21:23,2026-07-27 06:04:06
KUL,departures,2026-07-26,20:15,20:40,BI874,RBA874,BWN,Brunei International Airport,Royal Brunei Airlines,BI,A20N,Airbus A320-251N,V8-RBA,Departed 21:40,2026-07-27 06:04:06
KUL,departures,2026-07-26,20:20,,TH230,,SGN,Ho Chi Minh City International Airport,Raya Airways,TH,767,,,Unknown,2026-07-27 06:04:06
KUL,departures,2026-07-26,20:25,20:50,KT162,KTC162,KTI,Phnom Penh Techo International Airport,AirAsia,AK,A320,Airbus A320-214,XU-819,Departed 21:50,2026-07-27 06:04:06
KUL,departures,2026-07-26,20:25,20:38,WY824,OMA824,MCT,Muscat International Airport,Oman Air,WY,B789,Boeing 787-9 Dreamliner,A4O-SH,Departed 21:38,2026-07-27 06:04:06
KUL,departures,2026-07-26,20:25,20:54,AK69,AXM69,HYD,Hyderabad Rajiv Gandhi International Airport,AirAsia,AK,A20N,Airbus A320-251N,9M-AGH,Departed 21:54,2026-07-27 06:04:06
KUL,departures,2026-07-26,20:30,21:19,OD672,MXD672,TFU,Chengdu Tianfu International Airport,Batik Air,ID,B738,Boeing 737-8U3,9M-LDH,Departed 22:19,2026-07-27 06:03:59
KUL,departures,2026-07-26,20:30,20:51,MH198,MAS198,HYD,Hyderabad Rajiv Gandhi International Airport,Malaysia Airlines,MH,B38M,Boeing 737 MAX 8,9M-MVG,Departed 21:51,2026-07-27 06:03:59
KUL,departures,2026-07-26,20:30,20:42,MH145,MAS145,AKL,Auckland Airport,Malaysia Airlines,MH,A339,Airbus A330-941,9M-MNJ,Departed 21:42,2026-07-27 06:03:59
KUL,departures,2026-07-26,20:30,20:46,MH180,MAS180,MAA,Chennai International Airport,Malaysia Airlines,MH,B38M,Boeing 737 MAX 8,9M-MVI,Departed 21:46,2026-07-27 06:03:59
KUL,departures,2026-07-26,20:30,20:27,AK723,AXM723,SIN,Singapore Changi Airport,AirAsia,AK,A320,Airbus A320-216,9M-RAV,Departed 21:27,2026-07-27 06:03:59
KUL,departures,2026-07-26,20:40,20:44,AK103,AXM103,KMG,Kunming Changshui International Airport,AirAsia,AK,A20N,Airbus A320-251N,9M-AGB,Departed 21:44,2026-07-27 06:03:59
KUL,departures,2026-07-26,20:45,20:50,MH796,MAS796,BKK,Bangkok Suvarnabhumi Airport,Malaysia Airlines,MH,B738,Boeing 737-8H6,9M-MLS,Departed 21:50,2026-07-27 06:03:59
KUL,departures,2026-07-26,20:45,21:02,AK13,AXM13,MAA,Chennai International Airport,AirAsia,AK,A320,Airbus A320-214,9M-AJT,Departed 22:02,2026-07-27 06:03:59
KUL,departures,2026-07-26,20:50,21:06,QR855,QTR855,DOH,Doha Hamad International Airport,Qatar Airways,QR,B788,Boeing 787-8 Dreamliner,A7-BCS,Departed 22:06,2026-07-27 06:03:59
KUL,departures,2026-07-26,20:50,21:40,OD670,MXD670,KMG,Kunming Changshui International Airport,Batik Air,ID,B738,Boeing 737-8U3,9M-LCW,Departed 22:40,2026-07-27 06:03:59
KUL,departures,2026-07-26,20:50,21:25,MH727,MAS727,CGK,Jakarta Soekarno Hatta International Airport,Malaysia Airlines,MH,B738,Boeing 737-8H6,9M-MXQ,Departed 22:25,2026-07-27 06:03:59
KUL,departures,2026-07-26,20:55,21:26,6E1038,IGO1038,BLR,Bengaluru Kempegowda International Airport,IndiGo,6E,A20N,Airbus A320-251N,VT-IPD,Departed 22:26,2026-07-27 06:03:59
KUL,departures,2026-07-26,20:55,20:57,QZ327,AWQ327,SUB,Surabaya Juanda International Airport,AirAsia,AK,A320,Airbus A320-214,PK-AZJ,Departed 21:57,2026-07-27 06:03:59
KUL,departures,2026-07-26,20:55,22:33,OD396,MXD396,CGK,Jakarta Soekarno Hatta International Airport,Batik Air,ID,B738,Boeing 737-8U3,9M-LDF,Departed 23:33,2026-07-27 06:03:59
KUL,departures,2026-07-26,20:55,22:07,OD612,MXD612,CAN,Guangzhou Baiyun International Airport,Batik Air,ID,B738,Boeing 737-8U3,9M-LDG,Departed 23:07,2026-07-27 06:03:59
KUL,departures,2026-07-26,20:55,21:21,EY487,ETD3JC,AUH,Abu Dhabi Zayed International Airport,Etihad Airways,EY,B789,Boeing 787-9 Dreamliner,A6-BLY,Departed 22:21,2026-07-27 06:03:59
KUL,departures,2026-07-26,21:00,21:17,SQ127,SIA127,SIN,Singapore Changi Airport,Singapore Airlines,SQ,B38M,Boeing 737 MAX 8,9V-MBO,Departed 22:17,2026-07-27 06:03:59
KUL,departures,2026-07-26,21:00,21:30,MH2626,MAS2626,BKI,Kota Kinabalu International Airport,Malaysia Airlines,MH,B738,Boeing 737-8H6,9M-MXM,Departed 22:30,2026-07-27 06:03:59
KUL,departures,2026-07-26,21:00,21:36,MH192,MAS192,BLR,Bengaluru Kempegowda International Airport,Malaysia Airlines,MH,B38M,Boeing 737 MAX 8,9M-MVO,Departed 22:36,2026-07-27 06:03:59
KUL,departures,2026-07-26,21:00,21:42,MH179,MAS179,CMB,Colombo Bandaranaike International Airport,Malaysia Airlines,MH,B38M,Boeing 737 MAX 8,9M-MVD,Departed 22:42,2026-07-27 06:03:59
KUL,departures,2026-07-26,21:00,21:28,MH108,MAS108,COK,Cochin International Airport,Malaysia Airlines,MH,B38M,Boeing 737 MAX 8,9M-MVF,Departed 22:28,2026-07-27 06:03:59
KUL,departures,2026-07-26,21:00,,FY2955,,PEN,Penang International Airport,Firefly,FY,738,,,Unknown,2026-07-27 06:03:59
KUL,departures,2026-07-26,21:05,21:13,MH184,MAS184,CCU,Kolkata Subhas Chandra Bose International Airport,Malaysia Airlines,MH,B38M,Boeing 737 MAX 8,9M-MVL,Departed 22:13,2026-07-27 06:03:59
KUL,departures,2026-07-26,21:05,22:48,AK128,AXM128,SZX,Shenzhen Bao'an International Airport,AirAsia,AK,A20N,Airbus A320-251N,9M-RAJ,Departed 23:48,2026-07-27 06:03:59
KUL,departures,2026-07-26,21:20,22:10,OD162,MXD162,DAC,Dhaka Shahjalal International Airport,Batik Air,ID,B38M,Boeing 737 MAX 8,9M-LRT,Departed 23:10,2026-07-27 06:03:59
KUL,departures,2026-07-26,21:25,21:46,MH139,MAS139,ADL,Adelaide Airport,Malaysia Airlines,MH,A339,Airbus A330-941,9M-MNG,Departed 22:46,2026-07-27 06:03:59
KUL,departures,2026-07-26,21:25,21:52,MH149,MAS149,MEL,Melbourne Airport,Malaysia Airlines,MH,A339,Airbus A330-941,9M-MNP,Departed 22:52,2026-07-27 06:03:59
KUL,departures,2026-07-26,21:25,21:38,MH52,MAS52,KIX,Osaka Kansai International Airport,Malaysia Airlines,MH,A333,Airbus A330-323,9M-MTB,Departed 22:38,2026-07-27 06:03:59
KUL,departures,2026-07-26,21:30,21:32,AK9,AXM9,TRV,Thiruvananthapuram International Airport,AirAsia,AK,A20N,Airbus A320-251N,9M-AGL,Departed 22:32,2026-07-27 06:03:59
KUL,departures,2026-07-26,21:45,21:45,TH8801,,NNG,Nanning Wuxu International Airport,Raya Airways,TH,767,,,Estimated dep 22:45*,2026-07-27 06:03:59
KUL,departures,2026-07-26,21:45,22:09,TR467,TGW467,SIN,Singapore Changi Airport,Scoot,TR,B789,Boeing 787-9 Dreamliner,9V-OJA,Departed 23:09,2026-07-27 06:03:59
KUL,departures,2026-07-26,21:50,23:53,MH6176,MAS6176,CAN,Guangzhou Baiyun International Airport,MASkargo,MH,A332,Airbus A330-223F,9M-MUD,Departed 00:53,2026-07-27 06:03:59
KUL,departures,2026-07-26,21:50,22:14,JL724,JAL724,NRT,Tokyo Narita International Airport,Japan Airlines,JL,B789,Boeing 787-9 Dreamliner,JA867J,Departed 23:14,2026-07-27 06:03:59
KUL,departures,2026-07-26,21:50,22:12,BA34,BAW34,LHR,London Heathrow Airport,British Airways,BA,B789,Boeing 787-9 Dreamliner,G-ZBKF,Departed 23:12,2026-07-27 06:03:59
KUL,departures,2026-07-26,22:00,22:17,MH196,MAS196,DAC,Dhaka Shahjalal International Airport,Malaysia Airlines,MH,B38M,Boeing 737 MAX 8,9M-MVA,Departed 23:17,2026-07-27 06:03:59
KUL,departures,2026-07-26,22:05,22:09,MH609,MAS609,SIN,Singapore Changi Airport,Malaysia Airlines,MH,B738,Boeing 737-8H6,9M-MXR,Departed 23:09,2026-07-27 06:03:59
KUL,departures,2026-07-26,22:15,22:28,ET639,ETH639,SIN,Singapore Changi Airport,Ethiopian Airlines,ET,A359,Airbus A350-941,ET-ATY,Departed 23:28,2026-07-27 06:03:59
KUL,departures,2026-07-26,22:20,22:49,MH2,MAS2,LHR,London Heathrow Airport,Malaysia Airlines,MH,A359,Airbus A350-941,9M-MAD,Departed 23:49,2026-07-27 06:03:59
KUL,departures,2026-07-26,22:20,22:41,KE428,KAL428,ICN,Seoul Incheon International Airport,Korean Air,KE,A333,Airbus A330-323,HL8001,Departed 23:41,2026-07-27 06:03:59
KUL,departures,2026-07-26,22:25,23:49,TK61,THY39V,IST,Istanbul Airport,Turkish Airlines,TK,A359,Airbus A350-941,TC-LGY,Departed 00:49,2026-07-27 06:03:59
KUL,departures,2026-07-26,22:30,23:00,MH88,MAS88,NRT,Tokyo Narita International Airport,Malaysia Airlines,MH,A359,Airbus A350-941,9M-MAB,Departed 00:00,2026-07-27 06:03:59
KUL,departures,2026-07-26,22:30,22:54,MH20,MAS20,CDG,Paris Charles de Gaulle Airport,Malaysia Airlines,MH,A359,Airbus A350-941,9M-MAE,Departed 23:54,2026-07-27 06:03:59
KUL,departures,2026-07-26,22:30,22:43,MH66,MAS066,ICN,Seoul Incheon International Airport,Malaysia Airlines (Visit Malaysia 2026 Livery),MH,A333,Airbus A330-323,9M-MTJ,Departed 23:43,2026-07-27 06:03:59
KUL,departures,2026-07-26,22:35,23:26,9C6516,CQH6516,PVG,Shanghai Pudong International Airport,Spring Airlines,9C,A20N,Airbus A320-251N,B-32CP,Departed 00:26,2026-07-27 06:03:59
KUL,departures,2026-07-26,22:35,22:46,MH1194,MAS1194,PEN,Penang International Airport,Malaysia Airlines,MH,B738,Boeing 737-8H6,9M-MXT,Departed 23:46,2026-07-27 06:03:59
KUL,departures,2026-07-26,22:40,00:01,MH318,MAS318,PKX,Beijing Daxing International Airport,Malaysia Airlines (Manchester United Livery),MH,A333,Airbus A330-323,9M-MTL,Departed 01:01,2026-07-27 06:03:59
KUL,departures,2026-07-26,22:45,23:06,MH708,MAS708,MNL,Manila Ninoy Aquino International Airport,Malaysia Airlines (Malaysia Negaraku Livery),MH,B738,Boeing 737-8H6,9M-MXV,Departed 00:06,2026-07-27 06:03:59
KUL,departures,2026-07-26,22:45,23:10,MH123,MAS123,SYD,Sydney Kingsford Smith Airport,Malaysia Airlines,MH,A339,Airbus A330-941,9M-MNO,Departed 00:10,2026-07-27 06:03:59
KUL,departures,2026-07-26,22:50,01:23,OD860,MXD860,KIX,Osaka Kansai International Airport,Batik Air,ID,B38M,Boeing 737 MAX 8,9M-LRJ,Departed 02:23,2026-07-27 06:03:59
KUL,departures,2026-07-26,22:55,23:16,KL810,KLM810,AMS,Amsterdam Schiphol Airport,KLM,KL,B789,Boeing 787-9 Dreamliner,PH-BHA,Departed 00:16,2026-07-27 06:03:59
KUL,departures,2026-07-26,23:05,00:17,OD191,MXD191,PER,Perth Airport,Batik Air,ID,B738,Boeing 737-8GP,9M-LDU,Departed 01:17,2026-07-27 06:03:59
KUL,departures,2026-07-26,23:05,00:19,FM7266,CSH7266,PVG,Shanghai Pudong International Airport,Shanghai Airlines,FM,B38M,Boeing 737 MAX 8,B-224D,Departed 01:19,2026-07-27 06:03:59
KUL,departures,2026-07-26,23:10,02:04,OD872,MXD872,NRT,Tokyo Narita International Airport,Batik Air (Visit Malaysia Truly Asia 2026 Livery),ID,B38M,Boeing 737 MAX 8,9M-LRL,Departed 03:04,2026-07-27 06:03:59
KUL,departures,2026-07-26,23:15,,MH6126,,DOH,Doha Hamad International Airport,Malaysia Airlines,MH,33X,,,Unknown,2026-07-27 06:03:59
KUL,departures,2026-07-26,23:15,00:40,CA872,CCA872,PEK,Beijing Capital International Airport,Air China,CA,B38M,Boeing 737 MAX 8,B-1395,Departed 01:40,2026-07-27 06:03:59
KUL,departures,2026-07-26,23:20,23:36,3U3994,CSC3994,TFU,Chengdu Tianfu International Airport,Sichuan Airlines,3U,A21N,Airbus A321-271N,B-30CS,Departed 00:36,2026-07-27 06:03:59
KUL,departures,2026-07-26,23:30,00:34,AK114,AXM114,CAN,Guangzhou Baiyun International Airport,AirAsia,AK,A320,Airbus A320-216,9M-AQE,Departed 01:34,2026-07-27 06:03:59
KUL,departures,2026-07-26,23:40,23:59,MU2970,CES2970,NKG,Nanjing Lukou International Airport,China Eastern Airlines,MU,A20N,Airbus A320-251N,B-30C3,Departed 00:59,2026-07-27 06:03:59
KUL,departures,2026-07-26,23:45,00:04,3U3774,CSC3774,CKG,Chongqing Jiangbei International Airport,Sichuan Airlines,3U,A20N,Airbus A320-271N,B-321E,Departed 01:04,2026-07-27 06:03:59
PKU,arrivals,2026-07-26,07:00,06:50,JT292,LNI292,CGK,Jakarta Soekarno Hatta International Airport,Lion Air,JT,B39M,Boeing 737 MAX 9,PK-LRH,Landed 06:50,2026-07-27 05:58:48
PKU,arrivals,2026-07-26,07:30,07:30,QG936,CTV936,CGK,Jakarta Soekarno Hatta International Airport,Citilink,QG,A320,Airbus A320-214,PK-GQO,Landed 07:30,2026-07-27 05:58:48
PKU,arrivals,2026-07-26,08:25,08:09,IP320,PAS320,CGK,Jakarta Soekarno Hatta International Airport,Pelita Air,IP,A320,Airbus A320-214,PK-PWO,Landed 08:09,2026-07-27 05:58:48
PKU,arrivals,2026-07-26,08:45,,JT246,,BTH,Batam Hang Nadim Airport,Lion Air,JT,739,,,Unknown,2026-07-27 05:58:48
PKU,arrivals,2026-07-26,08:45,08:40,JT239,LNI239,BTH,Batam Hang Nadim Airport,Lion Air,JT,B739,Boeing 737-9GP(ER),PK-LSK,Landed 08:40,2026-07-27 05:58:48
PKU,arrivals,2026-07-26,09:40,10:25,ID6852,BTK6852,CGK,Jakarta Soekarno Hatta International Airport,Batik Air,ID,A320,Airbus A320-214,PK-LAJ,Landed 10:25,2026-07-27 05:58:48
PKU,arrivals,2026-07-26,09:40,09:41,GA172,GIA172,CGK,Jakarta Soekarno Hatta International Airport,Garuda Indonesia,GA,B738,Boeing 737-8U3,PK-GMP,Landed 09:41,2026-07-27 05:58:48
PKU,arrivals,2026-07-26,10:00,09:32,IW1233,WON1233,GNS,Gunung Sitoli Binaka Airport,Wings Air,IW,AT76,ATR 72-600,PK-WHF,Landed 09:32,2026-07-27 05:58:48
PKU,arrivals,2026-07-26,10:30,10:34,AK431,AXM431,KUL,Kuala Lumpur International Airport,AirAsia (Resorts World Genting Livery),AK,A20N,Airbus A320-251N,9M-AGA,Landed 10:34,2026-07-27 05:58:48
PKU,arrivals,2026-07-26,10:50,11:02,QG932,CTV932,CGK,Jakarta Soekarno Hatta International Airport,Citilink,QG,A320,Airbus A320-214,PK-GLI,Landed 11:02,2026-07-27 05:58:48
PKU,arrivals,2026-07-26,11:00,,SQS436,,PDG,Padang Minangkabau International Airport,Susi Air,,CNC,,,Unknown,2026-07-27 05:58:48
PKU,arrivals,2026-07-26,11:10,10:54,IU833,SJV833,KNO,Medan Kuala Namu International Airport,Super Air Jet,IU,A320,Airbus A320-232,PK-SJG,Landed 10:54,2026-07-27 05:58:48
PKU,arrivals,2026-07-26,11:45,11:36,JT390,LNI390,CGK,Jakarta Soekarno Hatta International Airport,Lion Air,JT,B739,Boeing 737-9GP(ER),PK-LQS,Landed 11:36,2026-07-27 05:58:48
PKU,arrivals,2026-07-26,12:35,,IU912,,CGK,Jakarta Soekarno Hatta International Airport,Super Air Jet,IU,320,,,Unknown,2026-07-27 05:58:48
PKU,arrivals,2026-07-26,12:40,12:14,QG934,CTV934,BTH,Batam Hang Nadim Airport,Citilink,QG,A320,Airbus A320-214,PK-GLU,Landed 12:14,2026-07-27 05:58:48
PKU,arrivals,2026-07-26,13:25,12:38,IW1216,WON1216,MKZ,Malacca International Airport,Wings Air,IW,AT76,ATR 72-600,PK-WHF,Landed 12:38,2026-07-27 05:58:48
PKU,arrivals,2026-07-26,13:30,13:09,IP322,PAS322,CGK,Jakarta Soekarno Hatta International Airport,Pelita Air,IP,A320,Airbus A320-214,PK-PWO,Landed 13:09,2026-07-27 05:58:48
PKU,arrivals,2026-07-26,14:15,,IU866,,CGK,Jakarta Soekarno Hatta International Airport,Super Air Jet,IU,320,,,Unknown,2026-07-27 05:58:48
PKU,arrivals,2026-07-26,15:15,16:10,ID6854,BTK6854,CGK,Jakarta Soekarno Hatta International Airport,Batik Air,ID,A320,Airbus A320-232,PK-BKO,Landed 16:10,2026-07-27 05:58:48
PKU,arrivals,2026-07-26,15:35,15:25,AK429,AXM429,KUL,Kuala Lumpur International Airport,AirAsia (Sarawak Livery),AK,A320,Airbus A320-216,9M-AJD,Landed 15:25,2026-07-27 05:58:48
PKU,arrivals,2026-07-26,15:50,15:52,JT237,LNI237,BTH,Batam Hang Nadim Airport,Lion Air,JT,B739,Boeing 737-9GP(ER),PK-LSK,Landed 15:52,2026-07-27 05:58:48
PKU,arrivals,2026-07-26,17:00,,GA176,,CGK,Jakarta Soekarno Hatta International Airport,Garuda Indonesia (Pocari Sweat Livery),GA,B738,Boeing 737-86N,PK-GNN,Unknown,2026-07-27 05:58:48
PKU,arrivals,2026-07-26,17:00,16:57,GA176,GIA176,CGK,Jakarta Soekarno Hatta International Airport,Garuda Indonesia (Pocari Sweat Livery),GA,B738,Boeing 737-86N,PK-GNN,Landed 16:57,2026-07-27 05:58:48
PKU,arrivals,2026-07-26,17:35,,IU910,,CGK,Jakarta Soekarno Hatta International Airport,Super Air Jet,IU,320,,,Unknown,2026-07-27 05:58:48
PKU,arrivals,2026-07-26,17:35,17:22,IP324,PAS324,CGK,Jakarta Soekarno Hatta International Airport,Pelita Air,IP,A320,Airbus A320-216,PK-PWN,Landed 17:22,2026-07-27 05:58:48
PKU,arrivals,2026-07-26,17:50,,RI130,,CGK,Jakarta Soekarno Hatta International Airport,Rimbun Air,RI,73Y,,,Unknown,2026-07-27 05:58:48
PKU,arrivals,2026-07-26,18:10,18:11,JT161,LNI161,KUL,Kuala Lumpur International Airport,Lion Air,JT,B739,Boeing 737-9GP(ER),PK-LJG,Landed 18:11,2026-07-27 05:58:48
PKU,arrivals,2026-07-26,18:35,18:19,QG32,CTV032,HLP,Jakarta Halim Perdanakusuma Airport,Citilink,QG,A320,Airbus A320-214,PK-GLK,Landed 18:19,2026-07-27 05:58:48
PKU,arrivals,2026-07-26,18:35,18:30,JT2161,LNI2161,KUL,Kuala Lumpur International Airport,Lion Air,JT,B739,Boeing 737-9GP(ER),PK-LQS,Landed 18:30,2026-07-27 05:58:48
PKU,arrivals,2026-07-26,19:40,19:29,ID7065,BTK7065,CGK,Jakarta Soekarno Hatta International Airport,Batik Air,ID,A320,Airbus A320-214,PK-LUI,Landed 19:29,2026-07-27 05:58:48
PKU,arrivals,2026-07-26,20:00,20:33,QG938,CTV938,CGK,Jakarta Soekarno Hatta International Airport,Citilink,QG,A320,Airbus A320-214,PK-GLL,Landed 20:33,2026-07-27 05:58:48
PKU,arrivals,2026-07-26,20:00,19:39,IP328,PAS328,CGK,Jakarta Soekarno Hatta International Airport,Pelita Air,IP,A320,Airbus A320-214,PK-PWD,Landed 19:39,2026-07-27 05:58:48
PKU,arrivals,2026-07-26,20:20,21:28,JT276,LNI276,YIA,Yogyakarta International Airport,Lion Air,JT,B739,Boeing 737-9GP(ER),PK-LSL,Landed 21:28,2026-07-27 05:58:48
PKU,arrivals,2026-07-26,20:40,20:44,IU914,SJV914,CGK,Jakarta Soekarno Hatta International Airport,Super Air Jet,IU,A320,Airbus A320-232,PK-SJP,Landed 20:44,2026-07-27 05:58:48
PKU,arrivals,2026-07-26,20:55,,OD336,,KUL,Kuala Lumpur International Airport,Batik Air Malaysia,OD,738,,,Unknown,2026-07-27 05:58:48
PKU,departures,2026-07-26,06:00,06:13,IP329,PAS329,CGK,Jakarta Soekarno Hatta International Airport,Pelita Air,IP,A320,Airbus A320-214,PK-PWP,Departed 06:13,2026-07-27 05:59:10
PKU,departures,2026-07-26,06:00,06:38,IU919,SJV919,CGK,Jakarta Soekarno Hatta International Airport,Super Air Jet,IU,A320,Airbus A320-232,PK-SJP,Departed 06:38,2026-07-27 05:59:10
PKU,departures,2026-07-26,06:10,06:10,QG937,CTV937,CGK,Jakarta Soekarno Hatta International Airport,Citilink,QG,A320,Airbus A320-214,PK-GLM,Departed 06:10,2026-07-27 05:59:10
PKU,departures,2026-07-26,06:10,06:27,JT279,LNI279,YIA,Yogyakarta International Airport,Lion Air,JT,B739,Boeing 737-9GP(ER),PK-LHR,Departed 06:27,2026-07-27 05:59:10
PKU,departures,2026-07-26,06:25,06:43,ID7066,BTK7066,CGK,Jakarta Soekarno Hatta International Airport,Batik Air,ID,A320,Airbus A320-214,PK-BKU,Departed 06:43,2026-07-27 05:59:10
PKU,departures,2026-07-26,07:40,07:51,JT393,LNI393,CGK,Jakarta Soekarno Hatta International Airport,Lion Air,JT,B39M,Boeing 737 MAX 9,PK-LRH,Departed 07:51,2026-07-27 05:59:10
PKU,departures,2026-07-26,08:00,08:17,QG939,CTV939,CGK,Jakarta Soekarno Hatta International Airport,Citilink,QG,A320,Airbus A320-214,PK-GQO,Departed 08:17,2026-07-27 05:59:10
PKU,departures,2026-07-26,09:10,09:11,IP321,PAS321,CGK,Jakarta Soekarno Hatta International Airport,Pelita Air,IP,A320,Airbus A320-214,PK-PWO,Departed 09:11,2026-07-27 05:59:10
PKU,departures,2026-07-26,09:25,09:45,JT238,LNI238,BTH,Batam Hang Nadim Airport,Lion Air,JT,B739,Boeing 737-9GP(ER),PK-LSK,Departed 09:45,2026-07-27 05:59:10
PKU,departures,2026-07-26,09:30,10:38,OD337,MXD337,KUL,Kuala Lumpur International Airport,Batik Air,ID,B738,Boeing 737-8U3,9M-LCW,Departed 10:38,2026-07-27 05:59:10
PKU,departures,2026-07-26,10:20,11:16,ID6857,BTK6857,CGK,Jakarta Soekarno Hatta International Airport,Batik Air,ID,A320,Airbus A320-214,PK-LAJ,Departed 11:16,2026-07-27 05:59:10
PKU,departures,2026-07-26,10:30,10:44,IW1215,WON1215,MKZ,Malacca International Airport,Wings Air,IW,AT76,ATR 72-600,PK-WHF,Departed 10:44,2026-07-27 05:59:10
PKU,departures,2026-07-26,10:45,10:59,GA175,GIA175,CGK,Jakarta Soekarno Hatta International Airport,Garuda Indonesia,GA,B738,Boeing 737-8U3,PK-GMP,Departed 10:59,2026-07-27 05:59:10
PKU,departures,2026-07-26,10:55,11:19,AK430,AXM430,KUL,Kuala Lumpur International Airport,AirAsia (Resorts World Genting Livery),AK,A20N,Airbus A320-251N,9M-AGA,Departed 11:19,2026-07-27 05:59:10
PKU,departures,2026-07-26,11:20,11:49,QG933,CTV933,CGK,Jakarta Soekarno Hatta International Airport,Citilink,QG,A320,Airbus A320-214,PK-GLI,Departed 11:49,2026-07-27 05:59:10
PKU,departures,2026-07-26,11:50,11:53,IU832,SJV832,KNO,Medan Kuala Namu International Airport,Super Air Jet,IU,A320,Airbus A320-232,PK-SJG,Departed 11:53,2026-07-27 05:59:10
PKU,departures,2026-07-26,12:20,12:27,JT2160,LNI2160,KUL,Kuala Lumpur International Airport,Lion Air,JT,B739,Boeing 737-9GP(ER),PK-LFZ,Departed 12:27,2026-07-27 05:59:10
PKU,departures,2026-07-26,12:45,12:45,JT160,LNI160,KUL,Kuala Lumpur International Airport,Lion Air,JT,B739,Boeing 737-9GP(ER),PK-LQS,Departed 12:45,2026-07-27 05:59:10
PKU,departures,2026-07-26,13:10,13:13,QG935,CTV935,BTH,Batam Hang Nadim Airport,Citilink,QG,A320,Airbus A320-214,PK-GLU,Departed 13:13,2026-07-27 05:59:10
PKU,departures,2026-07-26,13:15,,IU913,,CGK,Jakarta Soekarno Hatta International Airport,Super Air Jet,IU,320,,,Unknown,2026-07-27 05:59:10
PKU,departures,2026-07-26,13:55,13:54,IW1232,WON1232,GNS,Gunung Sitoli Binaka Airport,Wings Air,IW,AT76,ATR 72-600,PK-WHF,Departed 13:54,2026-07-27 05:59:10
PKU,departures,2026-07-26,14:20,14:16,IP323,PAS323,CGK,Jakarta Soekarno Hatta International Airport,Pelita Air,IP,A320,Airbus A320-214,PK-PWO,Departed 14:16,2026-07-27 05:59:10
PKU,departures,2026-07-26,14:55,,IU867,,CGK,Jakarta Soekarno Hatta International Airport,Super Air Jet,IU,320,,,Unknown,2026-07-27 05:59:10
PKU,departures,2026-07-26,16:00,16:05,AK428,AXM428,KUL,Kuala Lumpur International Airport,AirAsia (Sarawak Livery),AK,A320,Airbus A320-216,9M-AJD,Departed 16:05,2026-07-27 05:59:10
PKU,departures,2026-07-26,16:10,17:13,ID6855,BTK6855,CGK,Jakarta Soekarno Hatta International Airport,Batik Air,ID,A320,Airbus A320-232,PK-BKO,Departed 17:13,2026-07-27 05:59:10
PKU,departures,2026-07-26,16:30,16:39,JT236,LNI236,BTH,Batam Hang Nadim Airport,Lion Air,JT,B739,Boeing 737-9GP(ER),PK-LSK,Departed 16:39,2026-07-27 05:59:10
PKU,departures,2026-07-26,17:45,17:55,GA179,GIA179,CGK,Jakarta Soekarno Hatta International Airport,Garuda Indonesia (Pocari Sweat Livery),GA,B738,Boeing 737-86N,PK-GNN,Departed 17:55,2026-07-27 05:59:10
PKU,departures,2026-07-26,18:15,,IU911,,CGK,Jakarta Soekarno Hatta International Airport,Super Air Jet,IU,320,,,Unknown,2026-07-27 05:59:10
PKU,departures,2026-07-26,18:20,18:23,IP325,PAS325,CGK,Jakarta Soekarno Hatta International Airport,Pelita Air,IP,A320,Airbus A320-216,PK-PWN,Departed 18:23,2026-07-27 05:59:10
PKU,departures,2026-07-26,19:05,19:10,QG33,CTV033,HLP,Jakarta Halim Perdanakusuma Airport,Citilink,QG,A320,Airbus A320-214,PK-GLK,Departed 19:10,2026-07-27 05:59:10
PKU,departures,2026-07-26,19:10,19:34,JT391,LNI391,CGK,Jakarta Soekarno Hatta International Airport,Lion Air,JT,B739,Boeing 737-9GP(ER),PK-LJG,Departed 19:34,2026-07-27 05:59:10
PKU,departures,2026-07-26,19:50,,RI131,,CGK,Jakarta Soekarno Hatta International Airport,Rimbun Air,RI,73Y,,,Unknown,2026-07-27 05:59:10
PKU,departures,2026-07-26,20:15,20:17,JT3293,LNI3293,CGK,Jakarta Soekarno Hatta International Airport,Lion Air,JT,B739,Boeing 737-9GP(ER),PK-LQS,Departed 20:17,2026-07-27 05:59:10
SIN,arrivals,2026-07-26,00:05,00:00,TR273,TGW273,CGK,Jakarta Soekarno Hatta International Airport,Scoot,TR,A320,Airbus A320-232,9V-TRU,Landed 01:00,2026-07-27 06:02:10
SIN,arrivals,2026-07-26,00:10,00:07,TR51,TGW51,ATH,Athens Eleftherios Venizelos,Scoot,TR,B788,Boeing 787-8 Dreamliner,9V-OFK,Landed 01:07,2026-07-27 06:02:07
SIN,arrivals,2026-07-26,00:16,00:26,3S530,BOX530,LEJ,Leipzig Halle Airport,AeroLogic,3S,B77L,Boeing 777-F6N,D-AALJ,Landed 01:26,2026-07-27 06:02:07
SIN,arrivals,2026-07-26,00:30,00:21,MU9647,CES9647,KMG,Kunming Changshui International Airport,China Eastern Airlines,MU,B789,Boeing 787-9 Dreamliner,B-209N,Landed 01:21,2026-07-27 06:02:07
SIN,arrivals,2026-07-26,00:35,,O3301,,SZX,Shenzhen Bao'an International Airport,SF Airlines,O3,B744,Boeing 747-4EVF(ER),B-2422,Unknown,2026-07-27 06:02:07
SIN,arrivals,2026-07-26,00:40,00:55,MF8675,CXA8675,XMN,Xiamen Gaoqi International Airport,Xiamen Air,MF,B738,Boeing 737-86N,B-5383,Landed 01:55,2026-07-27 06:02:07
SIN,arrivals,2026-07-26,00:40,00:30,CZ8087,CSN8087,CSX,Changsha Huanghua International Airport,China Southern Airlines,CZ,A20N,Airbus A320-251N,B-305D,Landed 01:30,2026-07-27 06:02:07
SIN,arrivals,2026-07-26,00:45,00:17,6E1007,IGO1007,TRZ,Tiruchirappalli International Airport,IndiGo,6E,A20N,Airbus A320-251N,VT-IQZ,Landed 01:17,2026-07-27 06:02:07
SIN,arrivals,2026-07-26,00:50,,QR8432,,DOH,Doha Hamad International Airport,Qatar Airways,QR,77X,,,Unknown,2026-07-27 06:02:07
SIN,arrivals,2026-07-26,01:00,,ZH235,,SZX,Shenzhen Bao'an International Airport,Shenzhen Airlines,ZH,32S,,,Canceled,2026-07-27 06:02:07
SIN,arrivals,2026-07-26,01:10,02:49,MU881,CES881,KHN,Nanchang Changbei International Airport,China Eastern Airlines,MU,A20N,Airbus A320-251N,B-327X,Landed 03:49,2026-07-27 06:02:07
SIN,arrivals,2026-07-26,01:25,,FM843,,PVG,Shanghai Pudong International Airport,Shanghai Airlines,FM,7M8,,,Unknown,2026-07-27 06:02:07
SIN,arrivals,2026-07-26,01:30,01:18,8K804,KMI804,BKK,Bangkok Suvarnabhumi Airport,K-Mile Air,8K,B734,Boeing 737-46Q(SF),HS-KMB,Landed 02:18,2026-07-27 06:02:07
SIN,arrivals,2026-07-26,02:00,,7L633,,GYD,Baku Heydar Aliyev International Airport,Silk Way West Airlines,7L,74N,,,Unknown,2026-07-27 06:02:07
SIN,arrivals,2026-07-26,02:05,01:42,TR15,TGW15,SYD,Sydney Kingsford Smith Airport,Scoot,TR,B788,Boeing 787-8 Dreamliner,9V-OFM,Landed 02:42,2026-07-27 06:02:07
SIN,arrivals,2026-07-26,02:05,02:06,CZ8489,CSN8489,CAN,Guangzhou Baiyun International Airport,China Southern Airlines,CZ,A21N,Airbus A321-251NX,B-32MP,Landed 03:06,2026-07-27 06:02:07
SIN,arrivals,2026-07-26,02:10,04:05,HU7909,CHH7909,HAK,Haikou Meilan International Airport,Hainan Airlines,HU,B38M,Boeing 737 MAX 8,B-225T,Landed 05:05,2026-07-27 06:02:07
SIN,arrivals,2026-07-26,02:30,02:09,8M237,MMA237,RGN,Yangon International Airport,Myanmar Airways International,8M,A319,Airbus A319-112,XY-AGR,Unknown,2026-07-27 06:02:07
SIN,arrivals,2026-07-26,02:40,02:39,6E1001,IGO1001,MAA,Chennai International Airport,IndiGo,6E,A21N,Airbus A321-252NX,VT-NCP,Landed 03:39,2026-07-27 06:02:07
SIN,arrivals,2026-07-26,02:40,02:00,TR39,TGW39,MEL,Melbourne Airport,Scoot,TR,B789,Boeing 787-9 Dreamliner,9V-OJD,Landed 03:00,2026-07-27 06:02:07
SIN,arrivals,2026-07-26,02:40,02:15,TK169,THY169,MEL,Melbourne Airport,Turkish Airlines,TK,A359,Airbus A350-941,TC-LHK,Landed 03:15,2026-07-27 06:02:07
SIN,arrivals,2026-07-26,02:50,02:34,TR347,TGW347,DPS,Denpasar Ngurah Rai International Airport,Scoot,TR,A21N,Airbus A321-271NX,9V-NCA,Landed 03:34,2026-07-27 06:02:07
SIN,arrivals,2026-07-26,03:00,,CI5883,,TPE,Taipei Taoyuan International Airport,China Airlines,CI,77X,,,Unknown,2026-07-27 06:02:07
SIN,arrivals,2026-07-26,03:05,03:11,TR189,TGW189,HGH,Hangzhou Xiaoshan International Airport,Scoot,TR,B789,Boeing 787-9 Dreamliner,9V-OJG,Landed 04:11,2026-07-27 06:02:07
SIN,arrivals,2026-07-26,03:05,03:22,TR61,TGW61,VIE,Vienna International Airport,Scoot,TR,B788,Boeing 787-8 Dreamliner,9V-OFN,Landed 04:22,2026-07-27 06:02:07
SIN,arrivals,2026-07-26,03:10,02:53,CZ5085,CSN5085,SZX,Shenzhen Bao'an International Airport,China Southern Airlines,CZ,A20N,Airbus A320-251N,B-30F8,Landed 03:53,2026-07-27 06:02:07
SIN,arrivals,2026-07-26,03:15,03:01,TR893,TGW893,TPE,Taipei Taoyuan International Airport,Scoot,TR,B788,Boeing 787-8 Dreamliner,9V-OFE,Landed 04:01,2026-07-27 06:02:07
SIN,arrivals,2026-07-26,03:25,03:04,QF256,QFA256,CDG,Paris Charles de Gaulle Airport,Qantas,QF,B789,Boeing 787-9 Dreamliner,VH-ZNH,Landed 04:04,2026-07-27 06:02:07
SIN,arrivals,2026-07-26,03:40,03:33,TR125,TGW125,CSX,Changsha Huanghua International Airport,Scoot,TR,A20N,Airbus A320-271N,9V-TNL,Landed 04:33,2026-07-27 06:02:07
SIN,arrivals,2026-07-26,03:40,03:14,6E1247,IGO1247,BLR,Bengaluru Kempegowda International Airport,IndiGo,6E,A20N,Airbus A320-251N,VT-IOH,Landed 04:14,2026-07-27 06:02:07
SIN,arrivals,2026-07-26,03:40,03:27,BS307,UBG307,DAC,Dhaka Shahjalal International Airport,US-Bangla Airlines,BS,B738,Boeing 737-8GJ,S2-AJF,Landed 04:27,2026-07-27 06:02:07
SIN,arrivals,2026-07-26,03:45,03:17,SQ623,SIA623,KIX,Osaka Kansai International Airport,Singapore Airlines,SQ,B78X,Boeing 787-10 Dreamliner,9V-SCC,Landed 04:17,2026-07-27 06:02:07
SIN,arrivals,2026-07-26,03:55,03:39,QF77,QFA77,PER,Perth Airport,Qantas,QF,B738,Boeing 737-838,VH-VZZ,Landed 04:39,2026-07-27 06:02:07
SIN,arrivals,2026-07-26,04:00,03:49,EK9616,UAE9616,DWC,Dubai World Central International Airport,Emirates SkyCargo,EK,B77L,Boeing 777-F,A6-EWL,Landed 04:49,2026-07-27 06:02:07
SIN,arrivals,2026-07-26,04:10,05:04,SQ839,SIA839,HGH,Hangzhou Xiaoshan International Airport,Singapore Airlines,SQ,A359,Airbus A350-941,9V-SHQ,Landed 06:04,2026-07-27 06:02:07
SIN,arrivals,2026-07-26,04:10,,SQ7369,,BRU,Brussels Airport,Singapore Airlines,SQ,74Y,,,Canceled,2026-07-27 06:02:07
SIN,arrivals,2026-07-26,04:10,,CV7546,,LUX,Luxembourg Findel Airport,Cargolux,CV,B748,Boeing 747-8R7F,LX-VCN,Unknown,2026-07-27 06:02:07
SIN,arrivals,2026-07-26,04:15,03:58,9C8551,CQH8551,PVG,Shanghai Pudong International Airport,Spring Airlines,9C,A20N,Airbus A320-251N,B-327Z,Landed 04:58,2026-07-27 06:02:07
SIN,arrivals,2026-07-26,04:15,04:59,MU543,CES543,PVG,Shanghai Pudong International Airport,China Eastern Airlines,MU,B77W,Boeing 777-39P(ER),B-7881,Landed 05:59,2026-07-27 06:02:07
SIN,arrivals,2026-07-26,04:15,04:10,SQ35,SIA35,LAX,Los Angeles International Airport,Singapore Airlines,SQ,A359,Airbus A350-941,9V-SJI,Landed 05:10,2026-07-27 06:02:07
SIN,arrivals,2026-07-26,04:20,04:01,TR875,TGW875,TPE,Taipei Taoyuan International Airport,Scoot,TR,B789,Boeing 787-9 Dreamliner,9V-OJF,Landed 05:01,2026-07-27 06:02:07
SIN,arrivals,2026-07-26,04:25,03:35,SQ635,SIA635,HND,Tokyo Haneda International Airport,Singapore Airlines,SQ,B78X,Boeing 787-10 Dreamliner,9V-SDA,Landed 04:35,2026-07-27 06:02:07
SIN,arrivals,2026-07-26,04:30,05:15,SQ853,SIA853,CAN,Guangzhou Baiyun International Airport,Singapore Airlines,SQ,B38M,Boeing 737 MAX 8,9V-MBN,Landed 06:15,2026-07-27 06:02:07
SIN,arrivals,2026-07-26,04:30,,CX659,,HKG,Hong Kong International Airport,Cathay Pacific,CX,333,,,Canceled,2026-07-27 06:02:07
SIN,arrivals,2026-07-26,04:30,04:08,SQ323,SIA323,AMS,Amsterdam Schiphol Airport,Singapore Airlines,SQ,B77W,Boeing 777-312(ER),9V-SWZ,Landed 05:08,2026-07-27 06:02:07
SIN,arrivals,2026-07-26,04:30,04:00,SQ218,SIA218,MEL,Melbourne Airport,Singapore Airlines,SQ,A359,Airbus A350-941,9V-SHH,Landed 05:00,2026-07-27 06:02:07
SIN,arrivals,2026-07-26,04:30,04:12,SQ23,SIA23,JFK,New York John F. Kennedy International Airport,Singapore Airlines,SQ,A359,Airbus A350-941,9V-SGE,Landed 05:12,2026-07-27 06:02:07
SIN,arrivals,2026-07-26,04:30,04:15,SQ33,SIA33,SFO,San Francisco International Airport,Singapore Airlines,SQ,A359,Airbus A350-941,9V-SGD,Landed 05:15,2026-07-27 06:02:07
SIN,arrivals,2026-07-26,04:40,04:17,TR121,TGW121,WUH,Wuhan Tianhe International Airport,Scoot,TR,B788,Boeing 787-8 Dreamliner,9V-OFI,Landed 05:17,2026-07-27 06:02:07
SIN,arrivals,2026-07-26,04:45,05:35,TR581,TGW581,CEB,Cebu Mactan International Airport,Scoot,TR,E290,Embraer E190-E2,9V-THF,Landed 06:35,2026-07-27 06:02:07
SIN,arrivals,2026-07-26,04:45,04:21,SQ305,SIA305,LHR,London Heathrow Airport,Singapore Airlines,SQ,A359,Airbus A350-941,9V-SMT,Landed 05:21,2026-07-27 06:02:07
SIN,arrivals,2026-07-26,04:45,04:24,SQ246,SIA246,BNE,Brisbane Airport,Singapore Airlines,SQ,A359,Airbus A350-941,9V-SHF,Landed 05:24,2026-07-27 06:02:07
SIN,arrivals,2026-07-26,04:55,05:20,SQ825,SIA825,PVG,Shanghai Pudong International Airport,Singapore Airlines,SQ,B78X,Boeing 787-10 Dreamliner,9V-SCK,Landed 06:20,2026-07-27 06:02:07
SIN,arrivals,2026-07-26,05:00,04:38,TR873,TGW873,TPE,Taipei Taoyuan International Airport,Scoot,TR,B789,Boeing 787-9 Dreamliner,9V-OJK,Landed 05:38,2026-07-27 06:02:07
SIN,arrivals,2026-07-26,05:00,04:33,SQ447,SIA447,DAC,Dhaka Shahjalal International Airport,Singapore Airlines,SQ,B78X,Boeing 787-10 Dreamliner,9V-SCE,Landed 05:33,2026-07-27 06:02:07
SIN,arrivals,2026-07-26,05:05,04:35,SQ335,SIA335,CDG,Paris Charles de Gaulle Airport,Singapore Airlines,SQ,B77W,Boeing 777-312(ER),9V-SWB,Unknown,2026-07-27 06:02:07
SIN,arrivals,2026-07-26,05:10,,SQ857,,SZX,Shenzhen Bao'an International Airport,Singapore Airlines,SQ,7M8,,,Canceled,2026-07-27 06:02:07
SIN,arrivals,2026-07-26,05:10,04:57,JL35,JAL35,HND,Tokyo Haneda International Airport,Japan Airlines,JL,B763,Boeing 767-346(ER),JA617J,Landed 05:57,2026-07-27 06:02:07
SIN,arrivals,2026-07-26,05:10,04:47,SQ529,SIA529,MAA,Chennai International Airport,Singapore Airlines,SQ,B78X,Boeing 787-10 Dreamliner,9V-SCF,Landed 05:47,2026-07-27 06:02:07
SIN,arrivals,2026-07-26,05:10,04:54,SQ511,SIA511,BLR,Bengaluru Kempegowda International Airport,Singapore Airlines,SQ,A359,Airbus A350-941,9V-SHE,Landed 05:54,2026-07-27 06:02:07
SIN,arrivals,2026-07-26,05:10,04:42,SQ403,SIA403,DEL,Delhi Indira Gandhi International Airport,Singapore Airlines,SQ,B77W,Boeing 777-312(ER),9V-SWL,Landed 05:42,2026-07-27 06:02:07
SIN,arrivals,2026-07-26,05:15,04:52,TR785,TGW785,VTZ,Visakhapatnam Airport,Scoot,TR,A320,Airbus A320-232,9V-TRP,Landed 05:52,2026-07-27 06:02:07
SIN,arrivals,2026-07-26,05:15,05:17,SQ535,SIA535,COK,Cochin International Airport,Singapore Airlines,SQ,B38M,Boeing 737 MAX 8,9V-MBH,Landed 06:17,2026-07-27 06:02:07
SIN,arrivals,2026-07-26,05:15,05:58,SQ441,SIA441,KTM,Kathmandu Tribhuvan International Airport,Singapore Airlines,SQ,B38M,Boeing 737 MAX 8,9V-MBS,Landed 06:58,2026-07-27 06:02:07
SIN,arrivals,2026-07-26,05:15,05:07,UA1,UAL1,SFO,San Francisco International Airport,United Airlines,UA,B789,Boeing 787-9 Dreamliner,N81107,Landed 06:07,2026-07-27 06:02:07
SIN,arrivals,2026-07-26,05:20,05:09,TR183,TGW183,NKG,Nanjing Lukou International Airport,Scoot,TR,B789,Boeing 787-9 Dreamliner,9V-OJC,Landed 06:09,2026-07-27 06:02:07
SIN,arrivals,2026-07-26,05:20,04:46,SQ345,SIA345,ZRH,Zurich Airport,Singapore Airlines,SQ,B77W,Boeing 777-312(ER),9V-SWV,Landed 05:46,2026-07-27 06:02:07
SIN,arrivals,2026-07-26,05:20,04:50,SQ479,SIA479,JNB,Johannesburg OR Tambo International Airport,Singapore Airlines,SQ,A359,Airbus A350-941,9V-SMR,Landed 05:50,2026-07-27 06:02:07
SIN,arrivals,2026-07-26,05:25,05:43,SQ801,SIA801,PEK,Beijing Capital International Airport,Singapore Airlines,SQ,B78X,Boeing 787-10 Dreamliner,9V-SCY,Landed 06:43,2026-07-27 06:02:07
SIN,arrivals,2026-07-26,05:25,05:01,SQ351,SIA351,CPH,Copenhagen Airport,Singapore Airlines,SQ,A359,Airbus A350-941,9V-SJG,Landed 06:01,2026-07-27 06:02:07
SIN,arrivals,2026-07-26,05:25,05:24,SQ309,SIA309,LGW,London Gatwick Airport,Singapore Airlines,SQ,A359,Airbus A350-941,9V-SMC,Landed 06:24,2026-07-27 06:02:07
SIN,arrivals,2026-07-26,05:30,05:32,SQ517,SIA517,CCU,Kolkata Subhas Chandra Bose International Airport,Singapore Airlines,SQ,B38M,Boeing 737 MAX 8,9V-MBC,Landed 06:32,2026-07-27 06:02:07
SIN,arrivals,2026-07-26,05:35,05:13,SQ216,SIA216,PER,Perth Airport,Singapore Airlines,SQ,B78X,Boeing 787-10 Dreamliner,9V-SDC,Landed 06:13,2026-07-27 06:02:07
SIN,arrivals,2026-07-26,05:35,05:39,TR741,TGW741,CJB,Coimbatore International Airport,Scoot,TR,A21N,Airbus A321-271NX,9V-NCF,Landed 06:39,2026-07-27 06:02:07
SIN,arrivals,2026-07-26,05:40,05:51,3Y924,MYU924,CGK,Jakarta Soekarno Hatta International Airport,My Indo Airlines,3Y,B733,Boeing 737-36Q(SF),PK-MYB,Landed 06:51,2026-07-27 06:02:07
SIN,arrivals,2026-07-26,05:40,05:11,NH843,ANA843,HND,Tokyo Haneda International Airport,All Nippon Airways,NH,B789,Boeing 787-9 Dreamliner,JA896A,Landed 06:11,2026-07-27 06:02:07
SIN,arrivals,2026-07-26,05:40,05:30,SQ327,SIA327,MUC,Munich Airport,Singapore Airlines,SQ,A359,Airbus A350-941,9V-SMD,Landed 06:30,2026-07-27 06:02:07
SIN,arrivals,2026-07-26,05:40,06:33,SQ523,SIA523,HYD,Hyderabad Rajiv Gandhi International Airport,Singapore Airlines,SQ,A359,Airbus A350-941,9V-SHR,Landed 07:33,2026-07-27 06:02:07
SIN,arrivals,2026-07-26,05:40,05:27,SQ303,SIA303,BRU,Brussels Airport,Singapore Airlines,SQ,A359,Airbus A350-941,9V-SMK,Landed 06:27,2026-07-27 06:02:07
SIN,arrivals,2026-07-26,05:45,05:37,NZ282,ANZ282,AKL,Auckland Airport,Air New Zealand,NZ,B77W,Boeing 777-319(ER),ZK-OKP,Landed 06:37,2026-07-27 06:02:07
SIN,arrivals,2026-07-26,05:50,05:54,CA975,CCA975,PEK,Beijing Capital International Airport,Air China,CA,A333,Airbus A330-343,B-5946,Landed 06:54,2026-07-27 06:02:07
SIN,arrivals,2026-07-26,05:50,05:40,SQ25,SIA25,FRA,Frankfurt Airport,Singapore Airlines,SQ,B77W,Boeing 777-312(ER),9V-SWS,Landed 06:40,2026-07-27 06:02:07
SIN,arrivals,2026-07-26,06:00,05:47,SQ355,SIA355,MXP,Milan Malpensa Airport,Singapore Airlines,SQ,A359,Airbus A350-941,9V-SMI,Landed 06:47,2026-07-27 06:02:07
SIN,arrivals,2026-07-26,06:00,05:46,SQ301,SIA301,MAN,Manchester Airport,Singapore Airlines,SQ,A359,Airbus A350-941,9V-SMA,Landed 06:46,2026-07-27 06:02:07
SIN,arrivals,2026-07-26,06:10,06:11,TR161,TGW161,KMG,Kunming Changshui International Airport,Scoot,TR,A20N,Airbus A320-271N,9V-TNK,Landed 07:11,2026-07-27 06:02:07
SIN,arrivals,2026-07-26,06:10,06:15,SQ505,SIA505,AMD,Ahmedabad International Airport,Singapore Airlines,SQ,A359,Airbus A350-941,9V-SHD,Landed 07:15,2026-07-27 06:02:07
SIN,arrivals,2026-07-26,06:10,06:19,SQ437,SIA437,MLE,Male Velana International Airport,Singapore Airlines,SQ,A359,Airbus A350-941,9V-SHN,Landed 07:19,2026-07-27 06:02:07
SIN,arrivals,2026-07-26,06:15,06:13,AK701,AXM701,KUL,Kuala Lumpur International Airport,AirAsia,AK,A21N,Airbus A321-251NX,9M-VAH,Landed 07:13,2026-07-27 06:02:07
SIN,arrivals,2026-07-26,06:20,06:07,TR759,TGW759,TRZ,Tiruchirappalli International Airport,Scoot,TR,A21N,Airbus A321-271NX,9V-NCC,Landed 07:07,2026-07-27 06:02:07
SIN,arrivals,2026-07-26,06:20,06:23,TR135,TGW135,XIY,Xi'an Xianyang International Airport,Scoot,TR,A20N,Airbus A320-271N,9V-TNE,Landed 07:23,2026-07-27 06:02:07
SIN,arrivals,2026-07-26,06:20,06:09,SQ469,SIA469,CMB,Colombo Bandaranaike International Airport,Singapore Airlines,SQ,B78X,Boeing 787-10 Dreamliner,9V-SCA,Landed 07:09,2026-07-27 06:02:07
SIN,arrivals,2026-07-26,06:20,05:48,SB740,ACI740,NOU,Noumea La Tontouta International Airport,Aircalin,SB,A339,Airbus A330-941,F-ONEO,Landed 06:48,2026-07-27 06:02:07
SIN,arrivals,2026-07-26,06:25,06:17,AI2380,AIC2380,DEL,Delhi Indira Gandhi International Airport,Air India,AI,A20N,Airbus A320-251N,VT-TQF,Landed 07:17,2026-07-27 06:02:07
SIN,arrivals,2026-07-26,06:30,06:05,SQ819,SIA819,CKG,Chongqing Jiangbei International Airport,Singapore Airlines,SQ,B38M,Boeing 737 MAX 8,9V-MBQ,Landed 07:05,2026-07-27 06:02:07
SIN,arrivals,2026-07-26,06:30,06:40,SQ317,SIA317,LHR,London Heathrow Airport,Singapore Airlines,SQ,A388,Airbus A380-841,9V-SKU,Landed 07:40,2026-07-27 06:02:07
SIN,arrivals,2026-07-26,06:36,06:49,3S538,BOX538,LEJ,Leipzig Halle Airport,DHL,D0,B77L,Boeing 777-F,D-AALR,Landed 07:49,2026-07-27 06:02:07
SIN,arrivals,2026-07-26,06:40,06:46,SQ423,SIA423,BOM,Mumbai Chhatrapati Shivaji International Airport,Singapore Airlines,SQ,A388,Airbus A380-841,9V-SKS,Landed 07:46,2026-07-27 06:02:07
SIN,arrivals,2026-07-26,06:40,05:59,SQ37,SIA37,LAX,Los Angeles International Airport,Singapore Airlines,SQ,A359,Airbus A350-941,9V-SJH,Landed 06:59,2026-07-27 06:02:07
SIN,arrivals,2026-07-26,06:45,06:48,LD327,AHK327,HKG,Hong Kong International Airport,DHL,D0,A332,Airbus A330-243F,B-LKB,Landed 07:48,2026-07-27 06:02:07
SIN,arrivals,2026-07-26,06:45,06:31,AI2105,AIC2105,BOM,Mumbai Chhatrapati Shivaji International Airport,Air India,AI,A21N,Airbus A321-251NX,VT-TVC,Landed 07:31,2026-07-27 06:02:07
SIN,arrivals,2026-07-26,07:05,,JG2975,,SZX,Shenzhen Bao'an International Airport,JDL Airlines,JG,73F,,,Unknown,2026-07-27 06:02:07
SIN,arrivals,2026-07-26,07:10,06:54,SQ951,SIA951,CGK,Jakarta Soekarno Hatta International Airport,Singapore Airlines,SQ,A359,Airbus A350-941,9V-SHC,Landed 07:54,2026-07-27 06:02:03
SIN,arrivals,2026-07-26,07:15,07:03,SQ537,SIA537,COK,Cochin International Airport,Singapore Airlines,SQ,B38M,Boeing 737 MAX 8,9V-MBG,Landed 08:03,2026-07-27 06:02:03
SIN,arrivals,2026-07-26,07:25,07:27,AF182,AFR182,CDG,Paris Charles de Gaulle Airport,Air France,AF,B789,Boeing 787-9 Dreamliner,F-HRBI,Landed 08:27,2026-07-27 06:02:03
SIN,arrivals,2026-07-26,07:30,07:22,UL306,ALK306,CMB,Colombo Bandaranaike International Airport,SriLankan Airlines,UL,A20N,Airbus A320-251N,4R-ANA,Landed 08:22,2026-07-27 06:02:03
SIN,arrivals,2026-07-26,07:30,10:01,SQ7895,SIA7895,PVG,Shanghai Pudong International Airport,Singapore Airlines Cargo,SQ,B744,Boeing 747-412F(SCD),9V-SFN,Landed 11:01,2026-07-27 06:02:03
SIN,arrivals,2026-07-26,07:30,07:57,QF7536,QFA7536,PVG,Shanghai Pudong International Airport,Qantas Freight,QF,A332,Airbus A330-202(P2F),VH-EBE,Landed 08:57,2026-07-27 06:02:03
SIN,arrivals,2026-07-26,07:30,07:20,AK703,AXM703,KUL,Kuala Lumpur International Airport,AirAsia,AK,A320,Airbus A320-216,9M-AQP,Landed 08:20,2026-07-27 06:02:03
SIN,arrivals,2026-07-26,07:35,07:35,TR767,TGW767,TRZ,Tiruchirappalli International Airport,Scoot,TR,A21N,Airbus A321-271NX,9V-NCK,Landed 08:35,2026-07-27 06:02:03
SIN,arrivals,2026-07-26,07:35,07:24,GA824,GIA824,CGK,Jakarta Soekarno Hatta International Airport,Garuda Indonesia,GA,B738,Boeing 737-8U3,PK-GMF,Landed 08:24,2026-07-27 06:02:03
SIN,arrivals,2026-07-26,07:35,08:07,EK314,UAE314,DXB,Dubai International Airport,Emirates,EK,B77W,Boeing 777-31H(ER),A6-EPV,Landed 09:07,2026-07-27 06:02:03
SIN,arrivals,2026-07-26,07:45,07:55,TK208,THY208,IST,Istanbul Airport,Turkish Airlines,TK,A359,Airbus A350-941,TC-LHA,Landed 08:55,2026-07-27 06:02:03
SIN,arrivals,2026-07-26,07:50,07:34,QR942,QTR942,DOH,Doha Hamad International Airport,Qatar Airways,QR,A359,Airbus A350-941,A7-AMF,Landed 08:34,2026-07-27 06:02:03
SIN,arrivals,2026-07-26,07:55,,3Y930,,BPN,Balikpapan Sepinggan Airport,My Indo Airlines,3Y,73Y,,,Unknown,2026-07-27 06:02:03
SIN,arrivals,2026-07-26,08:05,08:17,PR511,PAL511,MNL,Manila Ninoy Aquino International Airport,Philippine Airlines,PR,A321,Airbus A321-231,RP-C9912,Landed 09:17,2026-07-27 06:02:03
SIN,arrivals,2026-07-26,08:10,08:01,QG522,CTV522,CGK,Jakarta Soekarno Hatta International Airport,Citilink,QG,A320,Airbus A320-214,PK-GQU,Landed 09:01,2026-07-27 06:02:03
SIN,arrivals,2026-07-26,08:15,08:13,AI2118,AIC2118,DEL,Delhi Indira Gandhi International Airport,Air India,AI,A21N,Airbus A321-251NX,VT-TVE,Landed 09:13,2026-07-27 06:02:03
SIN,arrivals,2026-07-26,08:15,,SQ7365,,SHJ,Sharjah International Airport,Singapore Airlines,SQ,74Y,,,Unknown,2026-07-27 06:02:03
SIN,arrivals,2026-07-26,08:20,08:25,OD801,MXD801,KUL,Kuala Lumpur International Airport,Batik Air (Visit Malaysia Truly Asia 2026 Livery),ID,B38M,Boeing 737 MAX 8,9M-LRL,Landed 09:25,2026-07-27 06:02:03
SIN,arrivals,2026-07-26,08:20,07:52,SQ313,SIA313,LGW,London Gatwick Airport,Singapore Airlines,SQ,A359,Airbus A350-941,9V-SMY,Landed 08:52,2026-07-27 06:02:03
SIN,arrivals,2026-07-26,08:30,07:49,TR285,TGW285,TJQ,Tanjung Pandan Buluh Tumbang Airport,Scoot,TR,E290,Embraer E190-E2,9V-THH,Landed 08:49,2026-07-27 06:02:03
SIN,arrivals,2026-07-26,08:40,08:18,AK705,AXM705,KUL,Kuala Lumpur International Airport,AirAsia,AK,A21N,Airbus A321-251NX,9M-VAE,Landed 09:18,2026-07-27 06:02:03
SIN,arrivals,2026-07-26,08:40,09:55,EY498,ETD498,AUH,Abu Dhabi Zayed International Airport,Etihad Airways,EY,B789,Boeing 787-9 Dreamliner,A6-BLC,Landed 10:55,2026-07-27 06:02:03
SIN,arrivals,2026-07-26,08:45,08:33,6E1339,IGO1339,BOM,Mumbai Chhatrapati Shivaji International Airport,IndiGo,6E,A21N,Airbus A321-252NX,VT-IWU,Landed 09:33,2026-07-27 06:02:03
SIN,arrivals,2026-07-26,08:55,09:33,8B551,TNU551,DPS,Denpasar Ngurah Rai International Airport,TransNusa,8B,A320,Airbus A320-214,PK-TLO,Landed 10:33,2026-07-27 06:02:03
SIN,arrivals,2026-07-26,09:00,08:55,SQ949,SIA949,DPS,Denpasar Ngurah Rai International Airport,Singapore Airlines,SQ,B78X,Boeing 787-10 Dreamliner,9V-SCJ,Landed 09:55,2026-07-27 06:02:03
SIN,arrivals,2026-07-26,09:05,08:20,TR481,TGW481,IPH,Ipoh Sultan Azlan Shah Airport,Scoot,TR,A20N,Airbus A320-271N,9V-TNJ,Landed 09:20,2026-07-27 06:02:03
SIN,arrivals,2026-07-26,09:10,09:00,6E1025,IGO1025,MAA,Chennai International Airport,IndiGo,6E,A21N,Airbus A321-252NX,VT-ICF,Landed 10:00,2026-07-27 06:02:03
SIN,arrivals,2026-07-26,09:10,09:08,SQ103,SIA103,KUL,Kuala Lumpur International Airport,Singapore Airlines,SQ,B38M,Boeing 737 MAX 8,9V-MBK,Landed 10:08,2026-07-27 06:02:03
SIN,arrivals,2026-07-26,09:10,08:57,IP988,PAS988,CGK,Jakarta Soekarno Hatta International Airport,Pelita Air,IP,A320,Airbus A320-214,PK-PWE,Landed 09:57,2026-07-27 06:02:03
SIN,arrivals,2026-07-26,09:10,09:31,AK727,AXM727,KUL,Kuala Lumpur International Airport,AirAsia,AK,A320,Airbus A320-216,9M-AGP,Landed 10:31,2026-07-27 06:02:03
SIN,arrivals,2026-07-26,09:15,09:22,VJ813,VJC813,SGN,Ho Chi Minh City International Airport,VietJet Air,VJ,A321,Airbus A321-211,VN-A667,Landed 10:22,2026-07-27 06:02:03
SIN,arrivals,2026-07-26,09:15,09:25,MH611,MAS611,KUL,Kuala Lumpur International Airport,Malaysia Airlines (Malaysia Negaraku Livery),MH,B738,Boeing 737-8H6,9M-MXU,Landed 10:25,2026-07-27 06:02:03
SIN,arrivals,2026-07-26,09:20,09:11,TR561,TGW561,DVO,Davao City Francisco Bangoy International Airport,Scoot,TR,A320,Airbus A320-232,9V-TRT,Landed 10:11,2026-07-27 06:02:03
SIN,arrivals,2026-07-26,09:30,09:35,ID7153,BTK7153,CGK,Jakarta Soekarno Hatta International Airport,Batik Air,ID,B738,Boeing 737-8GP,PK-LZV,Landed 10:35,2026-07-27 06:02:03
SIN,arrivals,2026-07-26,09:40,08:53,TR589,TGW589,MNL,Manila Ninoy Aquino International Airport,Scoot,TR,A21N,Airbus A321-271NX,9V-NCB,Landed 09:53,2026-07-27 06:02:03
SIN,arrivals,2026-07-26,09:40,09:23,IX690,AXB690,TRZ,Tiruchirappalli International Airport,Air India Express (Garba-Bihu Dance Livery),IX,B738,Boeing 737-8HG,VT-AXU,Landed 10:23,2026-07-27 06:02:03
SIN,arrivals,2026-07-26,09:45,09:14,8B151,TNU151,CGK,Jakarta Soekarno Hatta International Airport,TransNusa,8B,A321,Airbus A321-211,PK-TLM,Landed 10:14,2026-07-27 06:02:03
SIN,arrivals,2026-07-26,09:50,09:59,SQ953,SIA953,CGK,Jakarta Soekarno Hatta International Airport,Singapore Airlines,SQ,B77W,Boeing 777-312(ER),9V-SWQ,Landed 10:59,2026-07-27 06:02:03
SIN,arrivals,2026-07-26,09:55,09:45,TR29,TGW29,PER,Perth Airport,Scoot,TR,B788,Boeing 787-8 Dreamliner,9V-OFD,Landed 10:45,2026-07-27 06:02:03
SIN,arrivals,2026-07-26,10:00,09:51,HU747,CHH747,HAK,Haikou Meilan International Airport,Hainan Airlines (Mixue livery),HU,B738,Boeing 737-84P,B-1131,Landed 10:51,2026-07-27 06:02:03
SIN,arrivals,2026-07-26,10:05,09:47,TR431,TGW431,PEN,Penang International Airport,Scoot,TR,A320,Airbus A320-232,9V-TRV,Landed 10:47,2026-07-27 06:02:03
SIN,arrivals,2026-07-26,10:10,09:53,SQ915,SIA915,MNL,Manila Ninoy Aquino International Airport,Singapore Airlines,SQ,B78X,Boeing 787-10 Dreamliner,9V-SCM,Landed 10:53,2026-07-27 06:02:03
SIN,arrivals,2026-07-26,10:10,09:49,SL100,TLM100,DMK,Bangkok Don Mueang International Airport,Thai Lion Air,SL,B738,Boeing 737-8GP,HS-LGI,Landed 10:49,2026-07-27 06:02:03
SIN,arrivals,2026-07-26,10:15,09:41,8G997,DTL997,DIL,Dili Presidente Nicolau Lobato International Airport,Aero Dili,8G,A319,Airbus A319-115,4W-AAO,Landed 10:41,2026-07-27 06:02:03
SIN,arrivals,2026-07-26,10:15,09:56,TR569,TGW569,CRK,Angeles City Clark International Airport,Scoot,TR,A21N,Airbus A321-271NX,9V-NCM,Landed 10:56,2026-07-27 06:02:03
SIN,arrivals,2026-07-26,10:15,10:20,TG403,THA403,BKK,Bangkok Suvarnabhumi Airport,Thai Airways,TG,A359,Airbus A350-941,HS-THN,Landed 11:20,2026-07-27 06:02:03
SIN,arrivals,2026-07-26,10:15,10:06,AK1775,AXM1775,KCH,Kuching International Airport,AirAsia,AK,A320,Airbus A320-216,9M-DAB,Landed 11:06,2026-07-27 06:02:03
SIN,arrivals,2026-07-26,10:20,10:14,GA828,GIA828,CGK,Jakarta Soekarno Hatta International Airport,Garuda Indonesia,GA,B738,Boeing 737-8U3,PK-GMY,Landed 11:14,2026-07-27 06:02:03
SIN,arrivals,2026-07-26,10:20,10:17,BI421,RBA421,BWN,Brunei International Airport,Royal Brunei Airlines,BI,A20N,Airbus A320-251N,V8-RBF,Landed 11:17,2026-07-27 06:02:03
SIN,arrivals,2026-07-26,10:25,10:03,SQ991,SIA991,KNO,Medan Kuala Namu International Airport,Singapore Airlines,SQ,B38M,Boeing 737 MAX 8,9V-MBU,Landed 11:03,2026-07-27 06:02:03
SIN,arrivals,2026-07-26,10:25,10:27,MH627,MAS627,KUL,Kuala Lumpur International Airport,Malaysia Airlines,MH,B738,Boeing 737-8H6,9M-MXE,Landed 11:27,2026-07-27 06:02:03
SIN,arrivals,2026-07-26,10:30,12:12,OD803,MXD803,KUL,Kuala Lumpur International Airport,Batik Air,ID,B738,Boeing 737-86N,9M-LDK,Landed 13:12,2026-07-27 06:02:03
SIN,arrivals,2026-07-26,10:35,10:30,TR641,TGW641,USM,Koh Samui Airport,Scoot,TR,E290,Embraer E190-E2,9V-THA,Landed 11:30,2026-07-27 06:02:03
SIN,arrivals,2026-07-26,10:35,10:25,AK707,AXM707,KUL,Kuala Lumpur International Airport,AirAsia,AK,A21N,Airbus A321-251NX,9M-VAD,Landed 11:25,2026-07-27 06:02:03
SIN,arrivals,2026-07-26,10:40,10:13,MU5081,CES5081,KMG,Kunming Changshui International Airport,China Eastern Airlines,MU,B38M,Boeing 737 MAX 8,B-1385,Landed 11:13,2026-07-27 06:02:03
SIN,arrivals,2026-07-26,10:45,10:35,SQ248,SIA248,MEL,Melbourne Airport,Singapore Airlines,SQ,A359,Airbus A350-941,9V-SHV,Landed 11:35,2026-07-27 06:02:03
SIN,arrivals,2026-07-26,10:45,10:22,SQ224,SIA224,PER,Perth Airport,Singapore Airlines,SQ,B78X,Boeing 787-10 Dreamliner,9V-SCU,Landed 11:22,2026-07-27 06:02:03
SIN,arrivals,2026-07-26,10:45,10:43,SQ105,SIA105,KUL,Kuala Lumpur International Airport,Singapore Airlines,SQ,A359,Airbus A350-941,9V-SMT,Landed 11:43,2026-07-27 06:02:03
SIN,arrivals,2026-07-26,10:45,11:23,SQ131,SIA131,PEN,Penang International Airport,Singapore Airlines,SQ,B38M,Boeing 737 MAX 8,9V-MBD,Landed 12:23,2026-07-27 06:02:03
SIN,arrivals,2026-07-26,10:45,10:24,ID7157,BTK7157,CGK,Jakarta Soekarno Hatta International Airport,Batik Air,ID,B738,Boeing 737-8GP,PK-LBW,Landed 11:24,2026-07-27 06:02:03
SIN,arrivals,2026-07-26,10:45,,CX691,,HKG,Hong Kong International Airport,Cathay Pacific,CX,359,,,Canceled,2026-07-27 06:02:03
SIN,arrivals,2026-07-26,10:55,11:03,VN661,HVN661,HAN,Hanoi Noi Bai International Airport,Vietnam Airlines,VN,A21N,Airbus A321-272N,VN-A623,Landed 12:03,2026-07-27 06:02:03
SIN,arrivals,2026-07-26,10:55,10:42,BR225,EVA225,TPE,Taipei Taoyuan International Airport,EVA Air (Sanrio Characters Livery),BR,B77W,Boeing 777-36N(ER),B-16722,Landed 11:42,2026-07-27 06:02:03
SIN,arrivals,2026-07-26,11:00,,RH371,,HKG,Hong Kong International Airport,Hong Kong Air Cargo,RH,33F,,,Unknown,2026-07-27 06:02:03
SIN,arrivals,2026-07-26,11:05,11:19,VJ811,VJC811,SGN,Ho Chi Minh City International Airport,VietJet Air,VJ,A321,Airbus A321-211,VN-A648,Landed 12:19,2026-07-27 06:02:03
SIN,arrivals,2026-07-26,11:10,11:10,VN651,HVN651,SGN,Ho Chi Minh City International Airport,Vietnam Airlines,VN,A321,Airbus A321-231,VN-A395,Landed 12:10,2026-07-27 06:02:03
SIN,arrivals,2026-07-26,11:10,,CZ8117,,SZX,Shenzhen Bao'an International Airport,China Southern Airlines,CZ,32Q,,,Canceled,2026-07-27 06:02:03
SIN,arrivals,2026-07-26,11:15,11:41,SQ955,SIA955,CGK,Jakarta Soekarno Hatta International Airport,Singapore Airlines,SQ,A359,Airbus A350-941,9V-SMC,Landed 12:41,2026-07-27 06:02:03
SIN,arrivals,2026-07-26,11:15,11:15,SQ107,SIA107,KUL,Kuala Lumpur International Airport,Singapore Airlines,SQ,B38M,Boeing 737 MAX 8,9V-MBH,Landed 12:15,2026-07-27 06:02:03
SIN,arrivals,2026-07-26,11:20,,ZH239,,SZX,Shenzhen Bao'an International Airport,Shenzhen Airlines,ZH,7M8,,,Canceled,2026-07-27 06:02:03
SIN,arrivals,2026-07-26,11:20,11:00,TR503,TGW503,SGN,Ho Chi Minh City International Airport,Scoot,TR,A20N,Airbus A320-271N,9V-TNI,Landed 12:00,2026-07-27 06:02:03
SIN,arrivals,2026-07-26,11:25,11:04,TR609,TGW609,BKK,Bangkok Suvarnabhumi Airport,Scoot,TR,A320,Airbus A320-232,9V-TRO,Landed 12:04,2026-07-27 06:02:03
SIN,arrivals,2026-07-26,11:25,11:17,TR275,TGW275,CGK,Jakarta Soekarno Hatta International Airport,Scoot,TR,A20N,Airbus A320-271N,9V-TNL,Landed 12:17,2026-07-27 06:02:03
SIN,arrivals,2026-07-26,11:25,,CX759,,HKG,Hong Kong International Airport,Cathay Pacific,CX,A359,Airbus A350-941,B-LRR,Canceled,2026-07-27 06:02:03
SIN,arrivals,2026-07-26,11:30,11:07,CZ353,CSN353,CAN,Guangzhou Baiyun International Airport,China Southern Airlines,CZ,A359,Airbus A350-941,B-320S,Landed 12:07,2026-07-27 06:02:03
SIN,arrivals,2026-07-26,11:35,11:21,TR261,TGW261,LOP,Lombok International Airport,Scoot,TR,E290,Embraer E190-E2,9V-THJ,Landed 12:21,2026-07-27 06:02:03
SIN,arrivals,2026-07-26,11:35,11:47,CI753,CAL753,TPE,Taipei Taoyuan International Airport,China Airlines,CI,A359,Airbus A350-941,B-18912,Landed 12:47,2026-07-27 06:02:03
SIN,arrivals,2026-07-26,11:40,11:13,5J535,CEB535,CRK,Angeles City Clark International Airport,Cebu Pacific,5J,A20N,Airbus A320-271N,RP-C4110,Landed 12:13,2026-07-27 06:02:03
SIN,arrivals,2026-07-26,11:40,11:49,TR427,TGW427,PEN,Penang International Airport,Scoot,TR,A21N,Airbus A321-271NX,9V-NCF,Landed 12:49,2026-07-27 06:02:03
SIN,arrivals,2026-07-26,11:40,11:32,SQ153,SIA153,KTI,Phnom Penh Techo International Airport,Singapore Airlines,SQ,B38M,Boeing 737 MAX 8,9V-MBN,Landed 12:32,2026-07-27 06:02:03
SIN,arrivals,2026-07-26,11:40,11:27,JX771,SJX771,TPE,Taipei Taoyuan International Airport,STARLUX,JX,A359,Airbus A350-941,B-58504,Landed 12:27,2026-07-27 06:02:03
SIN,arrivals,2026-07-26,11:45,11:31,TR659,TGW659,HKT,Phuket International Airport,Scoot,TR,A21N,Airbus A321-271NX,9V-NCJ,Landed 12:31,2026-07-27 06:02:03
SIN,arrivals,2026-07-26,11:45,11:43,SQ935,SIA935,DPS,Denpasar Ngurah Rai International Airport,Singapore Airlines,SQ,B78X,Boeing 787-10 Dreamliner,9V-SCV,Landed 12:43,2026-07-27 06:02:03
SIN,arrivals,2026-07-26,11:45,11:29,GF165,GFA165,BAH,Bahrain International Airport,Gulf Air,GF,B789,Boeing 787-9 Dreamliner,A9C-FF,Landed 12:29,2026-07-27 06:02:03
SIN,arrivals,2026-07-26,11:50,11:18,8M231,MMA231,RGN,Yangon International Airport,Myanmar Airways International,8M,A320,Airbus A320-214,XY-ALT,Landed 12:18,2026-07-27 06:02:03
SIN,arrivals,2026-07-26,11:50,11:39,TR451,TGW451,KUL,Kuala Lumpur International Airport,Scoot,TR,A20N,Airbus A320-271N,9V-TNK,Landed 12:39,2026-07-27 06:02:03
SIN,arrivals,2026-07-26,11:55,11:45,TR471,TGW471,KUA,Kuantan Sultan Haji Ahmad Shah Airport,Scoot,TR,E290,Embraer E190-E2,9V-THH,Landed 12:45,2026-07-27 06:02:03
SIN,arrivals,2026-07-26,11:55,,SQ899,,HKG,Hong Kong International Airport,Singapore Airlines,SQ,359,,,Canceled,2026-07-27 06:02:03
SIN,arrivals,2026-07-26,11:55,11:49,MH603,MAS603,KUL,Kuala Lumpur International Airport,Malaysia Airlines,MH,B738,Boeing 737-8H6,9M-MXN,Landed 12:49,2026-07-27 06:02:03
SIN,arrivals,2026-07-26,12:00,11:12,TR291,TGW291,LBJ,Labuan Bajo Komodo Airport,Scoot,TR,E290,Embraer E190-E2,9V-THG,Landed 12:12,2026-07-27 06:02:03
SIN,arrivals,2026-07-26,12:00,11:25,SQ725,SIA725,HKT,Phuket International Airport,Singapore Airlines,SQ,B38M,Boeing 737 MAX 8,9V-MBC,Landed 12:25,2026-07-27 06:02:03
SIN,arrivals,2026-07-26,12:00,12:07,MF8739,CXA8739,CSX,Changsha Huanghua International Airport,Xiamen Air,MF,B738,Boeing 737-85C,B-6490,Landed 13:07,2026-07-27 06:02:03
SIN,arrivals,2026-07-26,12:00,11:58,ID7147,BTK7147,KNO,Medan Kuala Namu International Airport,Batik Air,ID,A320,Airbus A320-214,PK-LUT,Landed 12:58,2026-07-27 06:02:03
SIN,arrivals,2026-07-26,12:00,12:37,CK287,CKK287,PVG,Shanghai Pudong International Airport,China Cargo Airlines,CK,B77L,Boeing 777-F,B-220E,Landed 13:37,2026-07-27 06:02:03
SIN,arrivals,2026-07-26,12:00,12:00,AK711,AXM711,KUL,Kuala Lumpur International Airport,"AirAsia (3, 2,1, Take Off Livery)",AK,A21N,Airbus A321-251NX,9M-VAA,Landed 13:00,2026-07-27 06:02:03
SIN,arrivals,2026-07-26,12:00,11:37,SQ481,SIA481,JNB,Johannesburg OR Tambo International Airport,Singapore Airlines,SQ,A359,Airbus A350-941,9V-SMM,Landed 12:37,2026-07-27 06:02:03
SIN,arrivals,2026-07-26,12:10,11:52,SQ615,SIA615,PUS,Busan Gimhae International Airport,Singapore Airlines,SQ,B38M,Boeing 737 MAX 8,9V-MBE,Landed 12:52,2026-07-27 06:02:03
SIN,arrivals,2026-07-26,12:15,12:03,8B553,TNU553,DPS,Denpasar Ngurah Rai International Airport,TransNusa,8B,A320,Airbus A320-214,PK-TLF,Landed 13:03,2026-07-27 06:02:03
SIN,arrivals,2026-07-26,12:15,12:02,PR507,PAL507,MNL,Manila Ninoy Aquino International Airport,Philippine Airlines,PR,A21N,Airbus A321-271N,RP-C9936,Landed 13:02,2026-07-27 06:02:03
SIN,arrivals,2026-07-26,12:15,11:54,MU2069,CES2069,XIY,Xi'an Xianyang International Airport,China Eastern Airlines,MU,A20N,Airbus A320-251N,B-32CT,Landed 12:54,2026-07-27 06:02:03
SIN,arrivals,2026-07-26,12:20,12:25,9G721,SPQ721,PQC,Phu Quoc International Airport,Sun PhuQuoc Airways,9G,A21N,Airbus A321-251NX,VN-A281,Landed 13:25,2026-07-27 06:02:00
SIN,arrivals,2026-07-26,12:20,12:21,AK1723,AXM1723,PEN,Penang International Airport,AirAsia,AK,A320,Airbus A320-216,9M-AQS,Landed 13:21,2026-07-27 06:02:00
SIN,arrivals,2026-07-26,12:25,15:12,SQ827,SIA827,PVG,Shanghai Pudong International Airport,Singapore Airlines,SQ,A359,Airbus A350-941,9V-SHT,Landed 16:12,2026-07-27 06:02:00
SIN,arrivals,2026-07-26,12:30,12:30,SQ133,SIA133,PEN,Penang International Airport,Singapore Airlines,SQ,B38M,Boeing 737 MAX 8,9V-MBS,Landed 13:30,2026-07-27 06:02:00
SIN,arrivals,2026-07-26,12:30,11:35,CA489,CCA489,CKG,Chongqing Jiangbei International Airport,Air China,CA,B38M,Boeing 737 MAX 8,B-1180,Landed 12:35,2026-07-27 06:02:00
SIN,arrivals,2026-07-26,12:40,12:18,MF8703,CXA8703,HGH,Hangzhou Xiaoshan International Airport,Xiamen Air,MF,B738,Boeing 737-85C,B-6488,Landed 13:18,2026-07-27 06:02:00
SIN,arrivals,2026-07-26,12:40,12:51,AK728,AXM728,LGK,Langkawi International Airport,AirAsia (Save Our Malayan Tiger Livery),AK,A320,Airbus A320-216,9M-AQZ,Landed 13:51,2026-07-27 06:02:00
SIN,arrivals,2026-07-26,12:45,12:23,ID7155,BTK7155,CGK,Jakarta Soekarno Hatta International Airport,Batik Air,ID,B738,Boeing 737-8GP,PK-LBK,Landed 13:23,2026-07-27 06:02:00
SIN,arrivals,2026-07-26,12:50,12:58,SQ957,SIA957,CGK,Jakarta Soekarno Hatta International Airport,Singapore Airlines,SQ,A359,Airbus A350-941,9V-SJH,Landed 13:58,2026-07-27 06:02:00
SIN,arrivals,2026-07-26,12:50,12:28,SQ923,SIA923,SUB,Surabaya Juanda International Airport,Singapore Airlines,SQ,A359,Airbus A350-941,9V-SHG,Landed 13:28,2026-07-27 06:02:00
SIN,arrivals,2026-07-26,12:50,12:15,SQ212,SIA212,SYD,Sydney Kingsford Smith Airport,Singapore Airlines (Star Alliance Livery),SQ,B77W,Boeing 777-312(ER),9V-SWJ,Landed 13:15,2026-07-27 06:02:00
SIN,arrivals,2026-07-26,12:50,13:03,MF851,CXA851,XMN,Xiamen Gaoqi International Airport,Xiamen Air,MF,B38M,Boeing 737 MAX 8,B-20DY,Landed 14:03,2026-07-27 06:02:00
SIN,arrivals,2026-07-26,12:55,13:25,VJ915,VJC915,HAN,Hanoi Noi Bai International Airport,VietJet Air,VJ,A321,Airbus A321-211,VN-A698,Landed 14:25,2026-07-27 06:02:00
SIN,arrivals,2026-07-26,12:55,12:47,TR835,TGW835,OKA,Okinawa Naha Airport,Scoot,TR,A21N,Airbus A321-271NX,9V-NCL,Landed 13:47,2026-07-27 06:02:00
SIN,arrivals,2026-07-26,12:55,12:32,TR249,TGW249,YIA,Yogyakarta International Airport,Scoot,TR,A21N,Airbus A321-271NX,9V-NCA,Landed 13:32,2026-07-27 06:02:00
SIN,arrivals,2026-07-26,12:55,14:03,SQ163,SIA163,SAI,Siem Reap Angkor International Airport,Singapore Airlines,SQ,B38M,Boeing 737 MAX 8,9V-MBT,Landed 15:03,2026-07-27 06:02:00
SIN,arrivals,2026-07-26,12:55,12:56,BR215,EVA215,TPE,Taipei Taoyuan International Airport,EVA Air,BR,B77W,Boeing 777-35E(ER),B-16717,Landed 13:56,2026-07-27 06:02:00
SIN,arrivals,2026-07-26,13:00,12:33,TR297,TGW297,SUB,Surabaya Juanda International Airport,Scoot,TR,A20N,Airbus A320-271N,9V-TNG,Landed 13:33,2026-07-27 06:02:00
SIN,arrivals,2026-07-26,13:00,13:06,MF865,CXA865,FOC,Fuzhou Changle International Airport,Xiamen Air,MF,B38M,Boeing 737 MAX 8,B-226Z,Landed 14:06,2026-07-27 06:02:00
SIN,arrivals,2026-07-26,13:05,12:55,TR661,TGW661,USM,Koh Samui Airport,Scoot,TR,E290,Embraer E190-E2,9V-THB,Landed 13:55,2026-07-27 06:02:00
SIN,arrivals,2026-07-26,13:05,13:13,FD357,AIQ357,DMK,Bangkok Don Mueang International Airport,AirAsia,AK,A21N,Airbus A321-251NX,HS-EAC,Landed 14:13,2026-07-27 06:02:00
SIN,arrivals,2026-07-26,13:05,13:40,EK348,UAE348,DXB,Dubai International Airport,Emirates,EK,B77W,Boeing 777-31H(ER),A6-ECR,Landed 14:40,2026-07-27 06:02:00
SIN,arrivals,2026-07-26,13:10,13:00,TR281,TGW281,DPS,Denpasar Ngurah Rai International Airport,Scoot,TR,B789,Boeing 787-9 Dreamliner,9V-OJF,Landed 14:00,2026-07-27 06:02:00
SIN,arrivals,2026-07-26,13:10,12:45,TR117,TGW117,CGO,Zhengzhou Xinzheng International Airport,Scoot,TR,B789,Boeing 787-9 Dreamliner,9V-OJH,Landed 13:45,2026-07-27 06:02:00
SIN,arrivals,2026-07-26,13:10,12:43,MU2577,CES2577,WUH,Wuhan Tianhe International Airport,China Eastern Airlines,MU,B738,Boeing 737-89P,B-1965,Landed 13:43,2026-07-27 06:02:00
SIN,arrivals,2026-07-26,13:14,13:21,CV7306,CLX7306,LUX,Luxembourg Findel Airport,Cargolux,CV,B748,Boeing 747-8R7F,LX-VCN,Landed 14:21,2026-07-27 06:02:00
SIN,arrivals,2026-07-26,13:15,13:50,VJ887,VJC887,SGN,Ho Chi Minh City International Airport,VietJet Air,VJ,A21N,Airbus A321-271N,VN-A674,Landed 14:50,2026-07-27 06:02:00
SIN,arrivals,2026-07-26,13:20,14:58,SQ607,SIA607,ICN,Seoul Incheon International Airport,Singapore Airlines,SQ,B78X,Boeing 787-10 Dreamliner,9V-SCQ,Landed 15:58,2026-07-27 06:02:00
SIN,arrivals,2026-07-26,13:25,13:33,UB1,UBA1,RGN,Yangon International Airport,Myanmar National Airlines,UB,B738,Boeing 737-86N,XY-ALB,Landed 14:33,2026-07-27 06:02:00
SIN,arrivals,2026-07-26,13:25,13:42,TR625,TGW625,BKK,Bangkok Suvarnabhumi Airport,Scoot,TR,A21N,Airbus A321-271NX,9V-NCE,Landed 14:42,2026-07-27 06:02:00
SIN,arrivals,2026-07-26,13:25,13:23,MU897,CES897,HGH,Hangzhou Xiaoshan International Airport,China Eastern Airlines,MU,A20N,Airbus A320-251N,B-32EN,Landed 14:23,2026-07-27 06:02:00
SIN,arrivals,2026-07-26,13:30,14:44,TG413,THA413,BKK,Bangkok Suvarnabhumi Airport,Thai Airways,TG,A21N,Airbus A321-251NX,HS-TOD,Landed 15:44,2026-07-27 06:02:00
SIN,arrivals,2026-07-26,13:30,17:41,CX79,CPA079,HKG,Hong Kong International Airport,Cathay Cargo,CX,B744,Boeing 747-467F(ER),B-LID,Landed 18:41,2026-07-27 06:02:00
SIN,arrivals,2026-07-26,13:35,13:17,TR885,TGW885,NRT,Tokyo Narita International Airport,Scoot,TR,B789,Boeing 787-9 Dreamliner,9V-OJB,Landed 14:17,2026-07-27 06:02:00
SIN,arrivals,2026-07-26,13:35,13:15,TR829,TGW829,CJU,Jeju International Airport,Scoot,TR,A20N,Airbus A320-271N,9V-TNF,Landed 14:15,2026-07-27 06:02:00
SIN,arrivals,2026-07-26,13:35,13:59,GA832,GIA832,CGK,Jakarta Soekarno Hatta International Airport,Garuda Indonesia,GA,B738,Boeing 737-8U3,PK-GMF,Landed 14:59,2026-07-27 06:02:00
SIN,arrivals,2026-07-26,13:40,13:38,8B153,TNU153,CGK,Jakarta Soekarno Hatta International Airport,TransNusa,8B,A321,Airbus A321-211,PK-TLK,Landed 14:38,2026-07-27 06:02:00
SIN,arrivals,2026-07-26,13:40,13:36,TR491,TGW491,BKI,Kota Kinabalu International Airport,Scoot,TR,A320,Airbus A320-232,9V-TRP,Landed 14:36,2026-07-27 06:02:00
SIN,arrivals,2026-07-26,13:40,13:11,MH623,MAS623,KUL,Kuala Lumpur International Airport,Malaysia Airlines,MH,B738,Boeing 737-8H6,9M-MXK,Landed 14:11,2026-07-27 06:02:00
SIN,arrivals,2026-07-26,13:40,13:27,BG584,BBC584,DAC,Dhaka Shahjalal International Airport,Biman Bangladesh Airlines,BG,B738,Boeing 737-8E9,S2-AHO,Landed 14:27,2026-07-27 06:02:00
SIN,arrivals,2026-07-26,13:45,13:47,TR277,TGW277,CGK,Jakarta Soekarno Hatta International Airport,Scoot,TR,A320,Airbus A320-232,9V-TRU,Landed 14:47,2026-07-27 06:02:00
SIN,arrivals,2026-07-26,13:45,13:31,TR101,TGW101,CAN,Guangzhou Baiyun International Airport,Scoot,TR,B789,Boeing 787-9 Dreamliner,9V-OJD,Landed 14:31,2026-07-27 06:02:00
SIN,arrivals,2026-07-26,13:50,13:19,SQ278,SIA278,ADL,Adelaide Airport,Singapore Airlines,SQ,B78X,Boeing 787-10 Dreamliner,9V-SCT,Landed 14:19,2026-07-27 06:02:00
SIN,arrivals,2026-07-26,13:50,14:06,ET638,ETH638,ADD,Addis Ababa Bole Airport,Ethiopian Airlines,ET,A359,Airbus A350-941,ET-ATY,Landed 15:06,2026-07-27 06:02:00
SIN,arrivals,2026-07-26,13:55,13:45,SQ937,SIA937,DPS,Denpasar Ngurah Rai International Airport,Singapore Airlines,SQ,B78X,Boeing 787-10 Dreamliner,9V-SDA,Landed 14:45,2026-07-27 06:02:00
SIN,arrivals,2026-07-26,13:55,13:56,SQ727,SIA727,HKT,Phuket International Airport,Singapore Airlines,SQ,B38M,Boeing 737 MAX 8,9V-MBG,Landed 14:56,2026-07-27 06:02:00
SIN,arrivals,2026-07-26,13:55,13:49,HO1601,DKH1601,PVG,Shanghai Pudong International Airport,Juneyao Air (Colorful Petals Livery),HO,A21N,Airbus A321-271NX,B-30EQ,Landed 14:49,2026-07-27 06:02:00
SIN,arrivals,2026-07-26,14:00,13:34,TR187,TGW187,TAO,Qingdao Jiaodong International Airport,Scoot,TR,B788,Boeing 787-8 Dreamliner,9V-OFH,Landed 14:34,2026-07-27 06:02:00
SIN,arrivals,2026-07-26,14:00,13:57,SQ655,SIA655,FUK,Fukuoka Airport,Singapore Airlines,SQ,B78X,Boeing 787-10 Dreamliner,9V-SCG,Landed 14:57,2026-07-27 06:02:00
SIN,arrivals,2026-07-26,14:00,13:54,SQ631,SIA631,HND,Tokyo Haneda International Airport,Singapore Airlines,SQ,A359,Airbus A350-941,9V-SHA,Landed 14:54,2026-07-27 06:02:00
SIN,arrivals,2026-07-26,14:00,13:29,CA403,CCA403,TFU,Chengdu Tianfu International Airport,Air China,CA,A21N,Airbus A321-252NX,B-32PH,Landed 14:29,2026-07-27 06:02:00
SIN,arrivals,2026-07-26,14:05,13:52,SQ805,SIA805,PEK,Beijing Capital International Airport,Singapore Airlines,SQ,B77W,Boeing 777-312(ER),9V-SWG,Landed 14:52,2026-07-27 06:02:00
SIN,arrivals,2026-07-26,14:05,,CX739,,HKG,Hong Kong International Airport,Cathay Pacific,CX,77W,,,Canceled,2026-07-27 06:02:00
SIN,arrivals,2026-07-26,14:10,14:13,9C8597,CQH8597,PVG,Shanghai Pudong International Airport,Spring Airlines,9C,A20N,Airbus A320-251N,B-32JT,Landed 15:13,2026-07-27 06:02:00
SIN,arrivals,2026-07-26,14:10,14:01,TR139,TGW139,TSN,Tianjin Binhai International Airport,Scoot,TR,B788,Boeing 787-8 Dreamliner,9V-OFB,Landed 15:01,2026-07-27 06:02:00
SIN,arrivals,2026-07-26,14:10,14:29,SQ761,SIA761,RGN,Yangon International Airport,Singapore Airlines,SQ,B38M,Boeing 737 MAX 8,9V-MBW,Landed 15:29,2026-07-27 06:02:00
SIN,arrivals,2026-07-26,14:15,14:05,TR119,TGW119,HAK,Haikou Meilan International Airport,Scoot,TR,A21N,Airbus A321-271NX,9V-NCH,Landed 15:05,2026-07-27 06:02:00
SIN,arrivals,2026-07-26,14:15,14:08,SQ238,SIA238,MEL,Melbourne Airport,Singapore Airlines,SQ,B77W,Boeing 777-312(ER),9V-SWY,Landed 15:08,2026-07-27 06:02:00
SIN,arrivals,2026-07-26,14:15,14:20,ID7151,BTK7151,CGK,Jakarta Soekarno Hatta International Airport,Batik Air,ID,B738,Boeing 737-8GP,PK-LDJ,Landed 15:20,2026-07-27 06:02:00
SIN,arrivals,2026-07-26,14:20,14:14,SQ177,SIA177,SGN,Ho Chi Minh City International Airport,Singapore Airlines,SQ,B78X,Boeing 787-10 Dreamliner,9V-SCA,Landed 15:14,2026-07-27 06:02:00
SIN,arrivals,2026-07-26,14:20,14:12,HU459,CHH459,HAK,Haikou Meilan International Airport,Hainan Airlines,HU,B738,Boeing 737-86N,B-7619,Landed 15:12,2026-07-27 06:02:00
SIN,arrivals,2026-07-26,14:25,15:01,TR683,TGW683,KBV,Krabi Airport,Scoot,TR,E290,Embraer E190-E2,9V-THC,Landed 16:01,2026-07-27 06:02:00
SIN,arrivals,2026-07-26,14:25,14:24,TR475,TGW475,SZB,Kuala Lumpur Subang Airport,Scoot,TR,A320,Airbus A320-232,9V-TRV,Landed 15:24,2026-07-27 06:02:00
SIN,arrivals,2026-07-26,14:25,14:22,SQ256,SIA256,BNE,Brisbane Airport,Singapore Airlines,SQ,A359,Airbus A350-941,9V-SHM,Landed 15:22,2026-07-27 06:02:00
SIN,arrivals,2026-07-26,14:30,14:11,TR529,TGW529,PQC,Phu Quoc International Airport,Scoot,TR,E290,Embraer E190-E2,9V-THF,Landed 15:11,2026-07-27 06:02:00
SIN,arrivals,2026-07-26,14:30,14:19,TR437,TGW437,SBW,Sibu Airport,Scoot,TR,E290,Embraer E190-E2,9V-THI,Landed 15:19,2026-07-27 06:02:00
SIN,arrivals,2026-07-26,14:35,14:25,MH619,MAS619,KUL,Kuala Lumpur International Airport,Malaysia Airlines,MH,B738,Boeing 737-8H6,9M-MXO,Landed 15:25,2026-07-27 06:02:00
SIN,arrivals,2026-07-26,14:40,14:41,3U3909,CSC3909,TFU,Chengdu Tianfu International Airport,Sichuan Airlines,3U,A21N,Airbus A321-271NX(LR),B-324K,Landed 15:41,2026-07-27 06:02:00
SIN,arrivals,2026-07-26,14:40,,CX791,,HKG,Hong Kong International Airport,Cathay Pacific,CX,359,,,Canceled,2026-07-27 06:02:00
SIN,arrivals,2026-07-26,14:40,14:30,AK715,AXM715,KUL,Kuala Lumpur International Airport,AirAsia (BIG Duty Free Livery),AK,A320,Airbus A320-214,9M-AHY,Landed 15:30,2026-07-27 06:02:00
SIN,arrivals,2026-07-26,14:40,14:27,KL835,KLM835,AMS,Amsterdam Schiphol Airport,KLM,KL,B77W,Boeing 777-300(ER),PH-BVV,Landed 15:27,2026-07-27 06:02:00
SIN,arrivals,2026-07-26,14:45,15:05,QR948,QTR948,DOH,Doha Hamad International Airport,Qatar Airways,QR,A359,Airbus A350-941,A7-AMG,Landed 16:05,2026-07-27 06:02:00
SIN,arrivals,2026-07-26,14:45,15:27,MU567,CES567,PVG,Shanghai Pudong International Airport,China Eastern Airlines,MU,A359,Airbus A350-941,B-32DW,Landed 16:27,2026-07-27 06:02:00
SIN,arrivals,2026-07-26,14:50,14:16,SQ811,SIA811,PKX,Beijing Daxing International Airport,Singapore Airlines,SQ,B78X,Boeing 787-10 Dreamliner,9V-SCL,Landed 15:16,2026-07-27 06:02:00
SIN,arrivals,2026-07-26,14:50,14:36,SQ707,SIA707,BKK,Bangkok Suvarnabhumi Airport,Singapore Airlines,SQ,B78X,Boeing 787-10 Dreamliner,9V-SCS,Landed 15:36,2026-07-27 06:02:00
SIN,arrivals,2026-07-26,14:50,14:45,SQ113,SIA113,KUL,Kuala Lumpur International Airport,Singapore Airlines,SQ,B38M,Boeing 737 MAX 8,9V-MBQ,Landed 15:45,2026-07-27 06:02:00
SIN,arrivals,2026-07-26,14:55,14:39,TR485,TGW485,IPH,Ipoh Sultan Azlan Shah Airport,Scoot,TR,A20N,Airbus A320-271N,9V-TNJ,Landed 15:39,2026-07-27 06:02:00
SIN,arrivals,2026-07-26,14:55,14:55,TR421,TGW421,MKZ,Malacca International Airport,Scoot,TR,E290,Embraer E190-E2,9V-THJ,Landed 15:55,2026-07-27 06:02:00
SIN,arrivals,2026-07-26,14:55,15:25,SQ171,SIA171,DAD,Da Nang International Airport,Singapore Airlines,SQ,B38M,Boeing 737 MAX 8,9V-MBR,Landed 16:25,2026-07-27 06:02:00
SIN,arrivals,2026-07-26,15:00,14:42,SQ939,SIA939,DPS,Denpasar Ngurah Rai International Airport,Singapore Airlines,SQ,B78X,Boeing 787-10 Dreamliner,9V-SCY,Landed 15:42,2026-07-27 06:02:00
SIN,arrivals,2026-07-26,15:00,14:50,SQ671,SIA671,NGO,Nagoya Chubu Centrair International Airport,Singapore Airlines,SQ,B78X,Boeing 787-10 Dreamliner,9V-SCZ,Landed 15:50,2026-07-27 06:02:00
SIN,arrivals,2026-07-26,15:00,17:49,OD807,MXD807,KUL,Kuala Lumpur International Airport,Batik Air,ID,B38M,Boeing 737 MAX 8,9M-LRJ,Landed 18:49,2026-07-27 06:02:00
SIN,arrivals,2026-07-26,15:00,22:38,NX908,AMU908,MFM,Macau International Airport,Air Macau,NX,A20N,Airbus A320-271N,B-MCK,Landed 23:38,2026-07-27 06:02:00
SIN,arrivals,2026-07-26,15:00,14:33,CA825,CCA825,PVG,Shanghai Pudong International Airport,Air China,CA,A359,Airbus A350-941,B-307C,Landed 15:33,2026-07-27 06:02:00
SIN,arrivals,2026-07-26,15:05,14:34,BA11,BAW11,LHR,London Heathrow Airport,British Airways,BA,B77W,Boeing 777-336(ER),G-STBA,Landed 15:34,2026-07-27 06:02:00
SIN,arrivals,2026-07-26,15:20,15:02,SQ325,SIA325,FRA,Frankfurt Airport,Singapore Airlines,SQ,A388,Airbus A380-841,9V-SKZ,Landed 16:02,2026-07-27 06:02:00
SIN,arrivals,2026-07-26,15:25,14:53,SQ619,SIA619,KIX,Osaka Kansai International Airport,Singapore Airlines,SQ,B78X,Boeing 787-10 Dreamliner,9V-SCB,Landed 15:53,2026-07-27 06:02:00
SIN,arrivals,2026-07-26,15:25,15:17,PG963,BKP963,USM,Koh Samui Airport,Bangkok Airways,PG,A319,Airbus A319-132,HS-PGZ,Landed 16:17,2026-07-27 06:02:00
SIN,arrivals,2026-07-26,15:25,15:07,MU7705,CES7705,NKG,Nanjing Lukou International Airport,China Eastern Airlines,MU,A20N,Airbus A320-251N,B-306D,Landed 16:07,2026-07-27 06:02:00
SIN,arrivals,2026-07-26,15:25,15:42,GA842,GIA842,DPS,Denpasar Ngurah Rai International Airport,Garuda Indonesia,GA,B738,Boeing 737-8U3,PK-GMW,Landed 16:42,2026-07-27 06:02:00
SIN,arrivals,2026-07-26,15:25,14:57,CA889,CCA889,PEK,Beijing Capital International Airport,Air China,CA,B789,Boeing 787-9 Dreamliner,B-1469,Landed 15:57,2026-07-27 06:02:00
SIN,arrivals,2026-07-26,15:30,15:16,SQ875,SIA875,HKG,Hong Kong International Airport,Singapore Airlines,SQ,A359,Airbus A350-941,9V-SMQ,Landed 16:16,2026-07-27 06:02:00
SIN,arrivals,2026-07-26,15:30,15:13,LH780,DLH780,FRA,Frankfurt Airport,Lufthansa,LH,B744,Boeing 747-430,D-ABVU,Landed 16:13,2026-07-27 06:02:00
SIN,arrivals,2026-07-26,15:35,15:10,SQ611,SIA611,ICN,Seoul Incheon International Airport,Singapore Airlines,SQ,A359,Airbus A350-941,9V-SHU,Landed 16:10,2026-07-27 06:02:00
SIN,arrivals,2026-07-26,15:35,15:30,LH768,DLH768,MUC,Munich Airport,Lufthansa,LH,A359,Airbus A350-941,D-AIXM,Landed 16:30,2026-07-27 06:02:00
SIN,arrivals,2026-07-26,15:40,,ZH229,,SZX,Shenzhen Bao'an International Airport,Shenzhen Airlines,ZH,32S,,,Canceled,2026-07-27 06:02:00
SIN,arrivals,2026-07-26,15:40,15:33,TR647,TGW647,HDY,Hat Yai International Airport,Scoot,TR,E290,Embraer E190-E2,9V-THA,Landed 16:33,2026-07-27 06:02:00
SIN,arrivals,2026-07-26,15:45,15:39,SQ319,SIA319,LHR,London Heathrow Airport,Singapore Airlines,SQ,A388,Airbus A380-841,9V-SKM,Landed 16:39,2026-07-27 06:02:00
SIN,arrivals,2026-07-26,15:45,15:20,SQ21,SIA21,EWR,New York Newark Liberty International Airport,Singapore Airlines,SQ,A359,Airbus A350-941,9V-SGB,Landed 16:20,2026-07-27 06:02:00
SIN,arrivals,2026-07-26,15:50,15:09,SQ913,SIA913,MNL,Manila Ninoy Aquino International Airport,Singapore Airlines,SQ,A359,Airbus A350-941,9V-SHQ,Landed 16:09,2026-07-27 06:01:57
SIN,arrivals,2026-07-26,15:50,15:35,CZ3039,CSN3039,CAN,Guangzhou Baiyun International Airport,China Southern Airlines,CZ,A21N,Airbus A321-271N,B-303W,Landed 16:35,2026-07-27 06:02:00
SIN,arrivals,2026-07-26,15:55,15:46,VJ973,VJC973,DAD,Da Nang International Airport,VietJet Air,VJ,A321,Airbus A321-211,VN-A640,Landed 16:46,2026-07-27 06:01:57
SIN,arrivals,2026-07-26,15:55,15:50,TR289,TGW289,DPS,Denpasar Ngurah Rai International Airport,Scoot,TR,B789,Boeing 787-9 Dreamliner,9V-OJK,Landed 16:50,2026-07-27 06:01:57
SIN,arrivals,2026-07-26,15:55,15:28,SQ637,SIA637,NRT,Tokyo Narita International Airport,Singapore Airlines (1000th 787 Dreamliner Sticker),SQ,B78X,Boeing 787-10 Dreamliner,9V-SCP,Landed 16:28,2026-07-27 06:01:57
SIN,arrivals,2026-07-26,15:55,16:32,SQ135,SIA135,PEN,Penang International Airport,Singapore Airlines,SQ,B38M,Boeing 737 MAX 8,9V-MBD,Landed 17:32,2026-07-27 06:01:57
SIN,arrivals,2026-07-26,15:55,16:04,QF81,QFA81,SYD,Sydney Kingsford Smith Airport,Qantas,QF,A388,Airbus A380-842,VH-OQB,Landed 17:04,2026-07-27 06:01:57
SIN,arrivals,2026-07-26,16:00,16:24,NZ284,ANZ284,AKL,Auckland Airport,Air New Zealand,NZ,B77W,Boeing 777-319(ER),ZK-OKN,Landed 17:24,2026-07-27 06:01:57
SIN,arrivals,2026-07-26,16:00,16:17,MU6049,CES6049,PVG,Shanghai Pudong International Airport,China Eastern Airlines,MU,A21N,Airbus A321-251NX,B-32KA,Landed 17:17,2026-07-27 06:01:57
SIN,arrivals,2026-07-26,16:05,16:21,TG407,THA407,BKK,Bangkok Suvarnabhumi Airport,Thai Airways,TG,A21N,Airbus A321-251NX,HS-TOF,Landed 17:21,2026-07-27 06:01:57
SIN,arrivals,2026-07-26,16:05,15:21,SQ7293,SIA7293,MEL,Melbourne Airport,Singapore Airlines Cargo,SQ,B744,Boeing 747-412F(SCD),9V-SFQ,Landed 16:21,2026-07-27 06:01:57
SIN,arrivals,2026-07-26,16:05,15:48,SQ721,SIA721,BKK,Bangkok Suvarnabhumi Airport,Singapore Airlines,SQ,A359,Airbus A350-941,9V-SHO,Landed 16:48,2026-07-27 06:01:57
SIN,arrivals,2026-07-26,16:10,15:32,5J805,CEB805,MNL,Manila Ninoy Aquino International Airport,Cebu Pacific,5J,A339,Airbus A330-941,RP-C3901,Landed 16:32,2026-07-27 06:01:57
SIN,arrivals,2026-07-26,16:10,16:27,SQ191,SIA191,HAN,Hanoi Noi Bai International Airport,Singapore Airlines,SQ,A359,Airbus A350-941,9V-SHR,Landed 17:27,2026-07-27 06:01:57
SIN,arrivals,2026-07-26,16:10,15:58,AK1725,AXM1725,PEN,Penang International Airport,AirAsia,AK,A320,Airbus A320-216,9M-AQA,Landed 16:58,2026-07-27 06:01:57
SIN,arrivals,2026-07-26,16:10,16:16,LX176,SWR176,ZRH,Zurich Airport,Swiss,LX,B77W,Boeing 777-3DE(ER),HB-JNB,Landed 17:16,2026-07-27 06:01:57
SIN,arrivals,2026-07-26,16:15,16:34,TR309,TGW309,CGK,Jakarta Soekarno Hatta International Airport,Scoot,TR,A20N,Airbus A320-271N,9V-TNE,Landed 17:34,2026-07-27 06:01:57
SIN,arrivals,2026-07-26,16:15,15:37,SQ401,SIA401,DEL,Delhi Indira Gandhi International Airport,Singapore Airlines,SQ,B78X,Boeing 787-10 Dreamliner,9V-SCD,Landed 16:37,2026-07-27 06:01:57
SIN,arrivals,2026-07-26,16:15,15:23,NH841,ANA841,HND,Tokyo Haneda International Airport,All Nippon Airways,NH,B789,Boeing 787-9 Dreamliner,JA890A,Landed 16:23,2026-07-27 06:01:57
SIN,arrivals,2026-07-26,16:20,16:06,6E1163,IGO1163,BOM,Mumbai Chhatrapati Shivaji International Airport,IndiGo,6E,A21N,Airbus A321-251NX,VT-NHC,Landed 17:06,2026-07-27 06:01:57
SIN,arrivals,2026-07-26,16:25,16:19,VN655,HVN655,SGN,Ho Chi Minh City International Airport,Vietnam Airlines (SkyTeam Livery),VN,A321,Airbus A321-231,VN-A327,Landed 17:19,2026-07-27 06:01:57
SIN,arrivals,2026-07-26,16:25,16:15,TR645,TGW645,HKT,Phuket International Airport,Scoot,TR,A21N,Airbus A321-271NX,9V-NCB,Landed 17:15,2026-07-27 06:01:57
SIN,arrivals,2026-07-26,16:25,16:07,SQ959,SIA959,CGK,Jakarta Soekarno Hatta International Airport,Singapore Airlines,SQ,A359,Airbus A350-941,9V-SJI,Landed 17:07,2026-07-27 06:01:57
SIN,arrivals,2026-07-26,16:25,16:09,QF51,QFA51,BNE,Brisbane Airport,Qantas,QF,A332,Airbus A330-202,VH-EBB,Landed 17:09,2026-07-27 06:01:57
SIN,arrivals,2026-07-26,16:30,16:10,SQ232,SIA232,SYD,Sydney Kingsford Smith Airport,Singapore Airlines,SQ,A388,Airbus A380-841,9V-SKV,Landed 17:10,2026-07-27 06:01:57
SIN,arrivals,2026-07-26,16:30,16:00,MH605,MAS605,KUL,Kuala Lumpur International Airport,Malaysia Airlines,MH,B38M,Boeing 737 MAX 8,9M-MVD,Landed 17:00,2026-07-27 06:01:57
SIN,arrivals,2026-07-26,16:30,15:52,QF2,QFA2,LHR,London Heathrow Airport,Qantas,QF,A388,Airbus A380-842,VH-OQI,Landed 16:52,2026-07-27 06:01:57
SIN,arrivals,2026-07-26,16:35,17:00,SQ27,SIA27,SEA,Seattle Tacoma International Airport,Singapore Airlines,SQ,A359,Airbus A350-941,9V-SJA,Landed 18:00,2026-07-27 06:01:57
SIN,arrivals,2026-07-26,16:40,16:31,6E1457,IGO1457,BLR,Bengaluru Kempegowda International Airport,IndiGo,6E,A20N,Airbus A320-251N,VT-IOH,Landed 17:31,2026-07-27 06:01:57
SIN,arrivals,2026-07-26,16:40,15:56,SQ525,SIA525,MAA,Chennai International Airport,Singapore Airlines,SQ,B38M,Boeing 737 MAX 8,9V-MBY,Landed 16:56,2026-07-27 06:01:57
SIN,arrivals,2026-07-26,16:40,16:37,SQ298,SIA298,CHC,Christchurch International Airport,"Singapore Airlines (10,000th Airbus Sticker)",SQ,A359,Airbus A350-941,9V-SMF,Landed 17:37,2026-07-27 06:01:57
SIN,arrivals,2026-07-26,16:40,16:46,SQ337,SIA337,CDG,Paris Charles de Gaulle Airport,Singapore Airlines,SQ,A359,Airbus A350-941,9V-SMH,Landed 17:46,2026-07-27 06:01:57
SIN,arrivals,2026-07-26,16:45,16:43,6E1013,IGO1013,DEL,Delhi Indira Gandhi International Airport,IndiGo,6E,A21N,Airbus A321-252NX,VT-NCH,Landed 17:43,2026-07-27 06:01:57
SIN,arrivals,2026-07-26,16:45,16:12,JL37,JAL37,HND,Tokyo Haneda International Airport,Japan Airlines,JL,B789,Boeing 787-9 Dreamliner,JA874J,Landed 17:12,2026-07-27 06:01:57
SIN,arrivals,2026-07-26,16:50,16:02,SQ917,SIA917,MNL,Manila Ninoy Aquino International Airport,Singapore Airlines,SQ,B78X,Boeing 787-10 Dreamliner,9V-SCI,Landed 17:02,2026-07-27 06:01:57
SIN,arrivals,2026-07-26,16:50,16:40,SQ155,SIA155,KTI,Phnom Penh Techo International Airport,Singapore Airlines,SQ,B38M,Boeing 737 MAX 8,9V-MBK,Landed 17:40,2026-07-27 06:01:57
SIN,arrivals,2026-07-26,16:50,16:38,QF71,QFA71,PER,Perth Airport,Qantas,QF,A332,Airbus A330-202,VH-EBC,Landed 17:38,2026-07-27 06:01:57
SIN,arrivals,2026-07-26,16:55,16:44,TR477,TGW477,LGK,Langkawi International Airport,Scoot,TR,A20N,Airbus A320-271N,9V-TNK,Landed 17:44,2026-07-27 06:01:57
SIN,arrivals,2026-07-26,16:55,16:48,TK54,THY54,IST,Istanbul Airport,Turkish Airlines,TK,B77W,Boeing 777-3F2(ER),TC-JJM,Landed 17:48,2026-07-27 06:01:57
SIN,arrivals,2026-07-26,16:55,17:02,SQ115,SIA115,KUL,Kuala Lumpur International Airport,Singapore Airlines,SQ,B38M,Boeing 737 MAX 8,9V-MBS,Landed 18:02,2026-07-27 06:01:57
SIN,arrivals,2026-07-26,17:00,16:22,TR157,TGW157,SHE,Shenyang Taoxian International Airport,Scoot,TR,B788,Boeing 787-8 Dreamliner,9V-OFA,Landed 17:22,2026-07-27 06:01:57
SIN,arrivals,2026-07-26,17:00,16:55,SQ147,SIA147,BWN,Brunei International Airport,Singapore Airlines,SQ,B38M,Boeing 737 MAX 8,9V-MBU,Landed 17:55,2026-07-27 06:01:57
SIN,arrivals,2026-07-26,17:00,16:51,JQ88,JST088,DPS,Denpasar Ngurah Rai International Airport,Jetstar,JQ,A21N,Airbus A321-251NX(LR),VH-OYV,Landed 17:51,2026-07-27 06:01:57
SIN,arrivals,2026-07-26,17:00,,JQ7,,MEL,Melbourne Airport,Jetstar,JQ,788,,,Canceled,2026-07-27 06:01:57
SIN,arrivals,2026-07-26,17:00,17:28,CZ3043,CSN3043,CAN,Guangzhou Baiyun International Airport,China Southern Airlines,CZ,A21N,Airbus A321-271N,B-8369,Landed 18:28,2026-07-27 06:01:57
SIN,arrivals,2026-07-26,17:05,17:34,AK717,AXM717,KUL,Kuala Lumpur International Airport,AirAsia,AK,A21N,Airbus A321-251NX,9M-VAF,Landed 18:34,2026-07-27 06:01:57
SIN,arrivals,2026-07-26,17:10,16:57,VJ889,VJC889,DAD,Da Nang International Airport,VietJet Air,VJ,A321,Airbus A321-211,VN-A667,Landed 17:57,2026-07-27 06:01:57
SIN,arrivals,2026-07-26,17:10,16:40,SQ851,SIA851,CAN,Guangzhou Baiyun International Airport,Singapore Airlines,SQ,B78X,Boeing 787-10 Dreamliner,9V-SDC,Landed 17:40,2026-07-27 06:01:57
SIN,arrivals,2026-07-26,17:15,16:53,QF35,QFA35,MEL,Melbourne Airport,Qantas,QF,A332,Airbus A330-202,VH-EBK,Landed 17:53,2026-07-27 06:01:57
SIN,arrivals,2026-07-26,17:15,17:07,MH613,MAS613,KUL,Kuala Lumpur International Airport,Malaysia Airlines,MH,B738,Boeing 737-8H6,9M-MXN,Landed 18:07,2026-07-27 06:01:57
SIN,arrivals,2026-07-26,17:20,17:04,SQ883,SIA883,HKG,Hong Kong International Airport,Singapore Airlines,SQ,A359,Airbus A350-941,9V-SHN,Landed 18:04,2026-07-27 06:01:57
SIN,arrivals,2026-07-26,17:20,17:06,SQ731,SIA731,HKT,Phuket International Airport,Singapore Airlines,SQ,B38M,Boeing 737 MAX 8,9V-MBO,Landed 18:06,2026-07-27 06:01:57
SIN,arrivals,2026-07-26,17:25,19:35,SQ869,SIA869,XMN,Xiamen Gaoqi International Airport,Singapore Airlines,SQ,B38M,Boeing 737 MAX 8,9V-MBF,Landed 20:35,2026-07-27 06:01:57
SIN,arrivals,2026-07-26,17:25,17:52,SQ463,SIA463,CMB,Colombo Bandaranaike International Airport,Singapore Airlines,SQ,B38M,Boeing 737 MAX 8,9V-MBV,Landed 18:52,2026-07-27 06:01:57
SIN,arrivals,2026-07-26,17:25,17:13,GA836,GIA836,CGK,Jakarta Soekarno Hatta International Airport,Garuda Indonesia,GA,B738,Boeing 737-8U3,PK-GMY,Landed 18:13,2026-07-27 06:01:57
SIN,arrivals,2026-07-26,17:30,17:31,VJ983,VJC983,PQC,Phu Quoc International Airport,VietJet Air,VJ,A321,Airbus A321-211,VN-A648,Landed 18:31,2026-07-27 06:01:57
SIN,arrivals,2026-07-26,17:30,17:10,TR245,TGW245,KNO,Medan Kuala Namu International Airport,Scoot,TR,A320,Airbus A320-232,9V-TRO,Landed 18:10,2026-07-27 06:01:57
SIN,arrivals,2026-07-26,17:30,16:58,AY131,FIN131,HEL,Helsinki Vantaa Airport,Finnair,AY,A359,Airbus A350-941,OH-LWM,Landed 17:58,2026-07-27 06:01:57
SIN,arrivals,2026-07-26,17:30,18:02,SQ321,SIA321,LHR,London Heathrow Airport,Singapore Airlines,SQ,B77W,Boeing 777-312(ER),9V-SWP,Landed 19:02,2026-07-27 06:01:57
SIN,arrivals,2026-07-26,17:30,17:36,AF256,AFR256,CDG,Paris Charles de Gaulle Airport,Air France,AF,B77W,Boeing 777-328(ER),F-GZND,Landed 18:36,2026-07-27 06:01:57
SIN,arrivals,2026-07-26,17:35,17:25,UA29,UAL29,SFO,San Francisco International Airport,United Airlines,UA,B789,Boeing 787-9 Dreamliner,N51104,Landed 18:25,2026-07-27 06:01:57
SIN,arrivals,2026-07-26,17:40,17:50,BA15,BAW15,LHR,London Heathrow Airport,British Airways,BA,B789,Boeing 787-9 Dreamliner,G-ZBKN,Landed 18:50,2026-07-27 06:01:57
SIN,arrivals,2026-07-26,17:45,17:21,TR553,TGW553,SGN,Ho Chi Minh City International Airport,Scoot,TR,A21N,Airbus A321-271NX,9V-NCC,Landed 18:21,2026-07-27 06:01:57
SIN,arrivals,2026-07-26,17:55,17:58,UL308,ALK308,CMB,Colombo Bandaranaike International Airport,SriLankan Airlines,UL,A320,Airbus A320-232,4R-ABT,Landed 18:58,2026-07-27 06:01:57
SIN,arrivals,2026-07-26,17:55,17:23,TR487,TGW487,IPH,Ipoh Sultan Azlan Shah Airport,Scoot,TR,A20N,Airbus A320-271N,9V-TNI,Landed 18:23,2026-07-27 06:01:57
SIN,arrivals,2026-07-26,17:55,17:43,TR639,TGW639,BKK,Bangkok Suvarnabhumi Airport,Scoot,TR,A21N,Airbus A321-271NX,9V-NCM,Landed 18:43,2026-07-27 06:01:57
SIN,arrivals,2026-07-26,17:55,17:40,TR425,TGW425,PEN,Penang International Airport,Scoot,TR,A21N,Airbus A321-271NX,9V-NCA,Landed 18:40,2026-07-27 06:01:57
SIN,arrivals,2026-07-26,17:55,17:38,SQ183,SIA183,SGN,Ho Chi Minh City International Airport,Singapore Airlines,SQ,A359,Airbus A350-941,9V-SMB,Landed 18:38,2026-07-27 06:01:57
SIN,arrivals,2026-07-26,17:55,17:16,PR501,PAL501,MNL,Manila Ninoy Aquino International Airport,Philippine Airlines,PR,A21N,Airbus A321-271NX,RP-C9938,Landed 18:16,2026-07-27 06:01:57
SIN,arrivals,2026-07-26,18:00,17:32,SQ877,SIA877,TPE,Taipei Taoyuan International Airport,Singapore Airlines,SQ,B78X,Boeing 787-10 Dreamliner,9V-SCC,Landed 18:32,2026-07-27 06:01:57
SIN,arrivals,2026-07-26,18:00,17:45,SQ709,SIA709,BKK,Bangkok Suvarnabhumi Airport,Singapore Airlines,SQ,B78X,Boeing 787-10 Dreamliner,9V-SCM,Landed 18:45,2026-07-27 06:01:57
SIN,arrivals,2026-07-26,18:00,17:47,SQ509,SIA509,BLR,Bengaluru Kempegowda International Airport,Singapore Airlines,SQ,A359,Airbus A350-941,9V-SHE,Landed 18:47,2026-07-27 06:01:57
SIN,arrivals,2026-07-26,18:05,18:19,SQ519,SIA519,HYD,Hyderabad Rajiv Gandhi International Airport,Singapore Airlines,SQ,B38M,Boeing 737 MAX 8,9V-MBA,Landed 19:19,2026-07-27 06:01:57
SIN,arrivals,2026-07-26,18:05,18:07,OD816,MXD816,SZB,Kuala Lumpur Subang Airport,Batik Air,ID,B738,Boeing 737-8GP,9M-LNM,Landed 19:07,2026-07-27 06:01:57
SIN,arrivals,2026-07-26,18:05,,CX635,,HKG,Hong Kong International Airport,Cathay Pacific,CX,333,,,Canceled,2026-07-27 06:01:57
SIN,arrivals,2026-07-26,18:10,17:55,SQ226,SIA226,PER,Perth Airport,Singapore Airlines,SQ,A359,Airbus A350-941,9V-SHH,Landed 18:55,2026-07-27 06:01:57
SIN,arrivals,2026-07-26,18:10,17:26,SQ31,SIA31,SFO,San Francisco International Airport,Singapore Airlines,SQ,A359,Airbus A350-941,9V-SJF,Landed 18:26,2026-07-27 06:01:57
SIN,arrivals,2026-07-26,18:12,18:14,FX5603,FDX5603,CDG,Paris Charles de Gaulle Airport,FedEx,FX,B77L,Boeing 777-F,N898FD,Landed 19:14,2026-07-27 06:01:57
SIN,arrivals,2026-07-26,18:15,18:00,KE643,KAL643,ICN,Seoul Incheon International Airport,Korean Air,KE,B77W,Boeing 777-3B5(ER),HL8216,Landed 19:00,2026-07-27 06:01:57
SIN,arrivals,2026-07-26,18:20,18:27,PG961,BKP961,USM,Koh Samui Airport,Bangkok Airways,PG,A319,Airbus A319-132,HS-PGX,Landed 19:27,2026-07-27 06:01:57
SIN,arrivals,2026-07-26,18:25,18:10,TR751,TGW751,ATQ,Amritsar International Airport,Scoot,TR,B788,Boeing 787-8 Dreamliner,9V-OFM,Landed 19:10,2026-07-27 06:01:57
SIN,arrivals,2026-07-26,18:25,18:03,TR429,TGW429,PEN,Penang International Airport,Scoot,TR,A20N,Airbus A320-271N,9V-TNL,Landed 19:03,2026-07-27 06:01:57
SIN,arrivals,2026-07-26,18:25,18:24,SQ893,SIA893,HKG,Hong Kong International Airport,Singapore Airlines,SQ,B77W,Boeing 777-312(ER),9V-SWS,Landed 19:24,2026-07-27 06:01:57
SIN,arrivals,2026-07-26,18:25,17:54,SQ901,SIA901,CEB,Cebu Mactan International Airport,Singapore Airlines,SQ,B38M,Boeing 737 MAX 8,9V-MBJ,Landed 18:54,2026-07-27 06:01:57
SIN,arrivals,2026-07-26,18:25,18:05,SQ165,SIA165,SAI,Siem Reap Angkor International Airport,Singapore Airlines,SQ,B38M,Boeing 737 MAX 8,9V-MBH,Landed 19:05,2026-07-27 06:01:57
SIN,arrivals,2026-07-26,18:30,18:16,TR473,TGW473,KUL,Kuala Lumpur International Airport,Scoot,TR,A320,Airbus A320-232,9V-TRU,Landed 19:16,2026-07-27 06:01:57
SIN,arrivals,2026-07-26,18:30,18:08,TR11,TGW11,SYD,Sydney Kingsford Smith Airport,Scoot,TR,B789,Boeing 787-9 Dreamliner,9V-OJA,Landed 19:08,2026-07-27 06:01:57
SIN,arrivals,2026-07-26,18:35,18:55,AK1771,AXM1771,KCH,Kuching International Airport,AirAsia,AK,A320,Airbus A320-216,9M-DAB,Landed 19:55,2026-07-27 06:01:57
SIN,arrivals,2026-07-26,18:40,18:23,TR217,TGW217,MDC,Manado Sam Ratulangi International Airport,Scoot,TR,A320,Airbus A320-232,9V-TRT,Landed 19:23,2026-07-27 06:01:57
SIN,arrivals,2026-07-26,18:40,18:43,TG409,THA409,BKK,Bangkok Suvarnabhumi Airport,Thai Airways,TG,B77W,Boeing 777-3AL(ER),HS-TKR,Landed 19:43,2026-07-27 06:01:57
SIN,arrivals,2026-07-26,18:40,18:31,QF219,QFA219,PER,Perth Airport,Qantas,QF,B789,Boeing 787-9 Dreamliner,VH-ZNI,Landed 19:31,2026-07-27 06:01:57
SIN,arrivals,2026-07-26,18:40,20:17,CZ8047,CSN8047,SZX,Shenzhen Bao'an International Airport,China Southern Airlines,CZ,A21N,Airbus A321-253NX,B-30EV,Landed 21:17,2026-07-27 06:01:57
SIN,arrivals,2026-07-26,18:45,18:20,ZH249,CSZ249,SZX,Shenzhen Bao'an International Airport,Shenzhen Airlines,ZH,A333,Airbus A330-343,B-8865,Landed 19:20,2026-07-27 06:01:57
SIN,arrivals,2026-07-26,18:50,18:57,WY891,OMA891,MCT,Muscat International Airport,Oman Air,WY,B38M,Boeing 737 MAX 8,A4O-MJ,Landed 19:57,2026-07-27 06:01:57
SIN,arrivals,2026-07-26,18:50,18:29,SQ961,SIA961,CGK,Jakarta Soekarno Hatta International Airport,Singapore Airlines,SQ,A359,Airbus A350-941,9V-SHG,Landed 19:29,2026-07-27 06:01:57
SIN,arrivals,2026-07-26,18:50,18:59,SQ421,SIA421,BOM,Mumbai Chhatrapati Shivaji International Airport,Singapore Airlines,SQ,B78X,Boeing 787-10 Dreamliner,9V-SCE,Landed 19:59,2026-07-27 06:01:57
SIN,arrivals,2026-07-26,18:50,19:14,SQ137,SIA137,PEN,Penang International Airport,Singapore Airlines,SQ,B38M,Boeing 737 MAX 8,9V-MBG,Landed 20:14,2026-07-27 06:01:57
SIN,arrivals,2026-07-26,18:55,19:05,8M233,MMA233,RGN,Yangon International Airport,Myanmar Airways International,8M,A319,Airbus A319-112,XY-ALZ,Landed 20:05,2026-07-27 06:01:57
SIN,arrivals,2026-07-26,18:55,19:18,SQ927,SIA927,SUB,Surabaya Juanda International Airport,Singapore Airlines,SQ,B38M,Boeing 737 MAX 8,9V-MBC,Landed 20:18,2026-07-27 06:01:57
SIN,arrivals,2026-07-26,19:00,19:10,VN657,HVN657,SGN,Ho Chi Minh City International Airport,Vietnam Airlines,VN,A321,Airbus A321-231,VN-A358,Landed 20:10,2026-07-27 06:01:54
SIN,arrivals,2026-07-26,19:00,18:42,QG526,CTV526,CGK,Jakarta Soekarno Hatta International Airport,Citilink,QG,A320,Airbus A320-214,PK-GQF,Landed 19:42,2026-07-27 06:01:57
SIN,arrivals,2026-07-26,19:00,18:58,AK719,AXM719,KUL,Kuala Lumpur International Airport,AirAsia,AK,A320,Airbus A320-216,9M-RAD,Landed 19:58,2026-07-27 06:01:57
SIN,arrivals,2026-07-26,19:10,19:03,MU565,CES565,PVG,Shanghai Pudong International Airport,China Eastern Airlines,MU,A332,Airbus A330-243,B-5941,Landed 20:03,2026-07-27 06:01:54
SIN,arrivals,2026-07-26,19:20,18:49,SQ831,SIA831,PVG,Shanghai Pudong International Airport,Singapore Airlines,SQ,B77W,Boeing 777-312(ER),9V-SNB,Landed 19:49,2026-07-27 06:01:54
SIN,arrivals,2026-07-26,19:20,19:07,AK1729,AXM1729,PEN,Penang International Airport,AirAsia,AK,A320,Airbus A320-216,9M-AGU,Landed 20:07,2026-07-27 06:01:54
SIN,arrivals,2026-07-26,19:25,19:44,TR243,TGW243,DPS,Denpasar Ngurah Rai International Airport,Scoot,TR,A21N,Airbus A321-271NX,9V-NCF,Landed 20:44,2026-07-27 06:01:54
SIN,arrivals,2026-07-26,19:25,18:40,MY363,BNE363,KCH,Kuching International Airport,AirBorneo,MY,B738,Boeing 737-8U3,9M-LCV,Landed 19:40,2026-07-27 06:01:54
SIN,arrivals,2026-07-26,19:25,18:50,MH607,MAS607,KUL,Kuala Lumpur International Airport,Malaysia Airlines,MH,B738,Boeing 737-8H6,9M-MXB,Landed 19:50,2026-07-27 06:01:54
SIN,arrivals,2026-07-26,19:30,19:08,TR469,TGW469,KUL,Kuala Lumpur International Airport,Scoot,TR,A20N,Airbus A320-271N,9V-TNJ,Landed 20:08,2026-07-27 06:01:54
SIN,arrivals,2026-07-26,19:30,19:01,SQ919,SIA919,MNL,Manila Ninoy Aquino International Airport,Singapore Airlines,SQ,A359,Airbus A350-941,9V-SMA,Landed 20:01,2026-07-27 06:01:54
SIN,arrivals,2026-07-26,19:30,22:07,OD805,MXD805,KUL,Kuala Lumpur International Airport,Batik Air,ID,B38M,Boeing 737 MAX 8,9M-LRJ,Landed 23:07,2026-07-27 06:01:54
SIN,arrivals,2026-07-26,19:30,19:28,ID7159,BTK7159,CGK,Jakarta Soekarno Hatta International Airport,Batik Air,ID,B738,Boeing 737-8GP,PK-LDJ,Landed 20:28,2026-07-27 06:01:54
SIN,arrivals,2026-07-26,19:30,19:26,GA838,GIA838,CGK,Jakarta Soekarno Hatta International Airport,Garuda Indonesia,GA,B738,Boeing 737-8U3,PK-GMF,Landed 20:26,2026-07-27 06:01:54
SIN,arrivals,2026-07-26,19:30,19:20,BI423,RBA423,BWN,Brunei International Airport,Royal Brunei Airlines,BI,B788,Boeing 787-8 Dreamliner,V8-DLC,Landed 20:20,2026-07-27 06:01:54
SIN,arrivals,2026-07-26,19:35,19:11,TR223,TGW223,BPN,Balikpapan Sepinggan Airport,Scoot,TR,E290,Embraer E190-E2,9V-THH,Landed 20:11,2026-07-27 06:01:54
SIN,arrivals,2026-07-26,19:40,19:32,SQ173,SIA173,DAD,Da Nang International Airport,Singapore Airlines,SQ,B38M,Boeing 737 MAX 8,9V-MBN,Landed 20:32,2026-07-27 06:01:54
SIN,arrivals,2026-07-26,19:45,19:40,TR867,TGW867,TPE,Taipei Taoyuan International Airport,Scoot (Pokémon Livery),TR,B789,Boeing 787-9 Dreamliner,9V-OJJ,Landed 20:40,2026-07-27 06:01:54
SIN,arrivals,2026-07-26,19:45,19:38,SQ236,SIA236,BNE,Brisbane Airport,Singapore Airlines,SQ,A359,Airbus A350-941,9V-SHY,Landed 20:38,2026-07-27 06:01:54
SIN,arrivals,2026-07-26,19:45,19:49,SQ195,SIA195,HAN,Hanoi Noi Bai International Airport,Singapore Airlines,SQ,B38M,Boeing 737 MAX 8,9V-MBP,Landed 20:49,2026-07-27 06:01:54
SIN,arrivals,2026-07-26,19:45,19:24,SL104,TLM104,DMK,Bangkok Don Mueang International Airport,Thai Lion Air,SL,B739,Boeing 737-9GP(ER),HS-LVK,Landed 20:24,2026-07-27 06:01:54
SIN,arrivals,2026-07-26,19:45,19:16,AK721,AXM721,KUL,Kuala Lumpur International Airport,AirAsia,AK,A320,Airbus A320-216,9M-AHT,Landed 20:16,2026-07-27 06:01:54
SIN,arrivals,2026-07-26,19:50,22:17,CX711,CPA711,HKG,Hong Kong International Airport,Cathay Pacific,CX,A333,Airbus A330-343,B-HLN,Landed 23:17,2026-07-27 06:01:54
SIN,arrivals,2026-07-26,19:55,19:37,SQ963,SIA963,CGK,Jakarta Soekarno Hatta International Airport,Singapore Airlines,SQ,A359,Airbus A350-941,9V-SMM,Landed 20:37,2026-07-27 06:01:54
SIN,arrivals,2026-07-26,20:00,19:13,TR693,TGW693,HDY,Hat Yai International Airport,Scoot,TR,E290,Embraer E190-E2,9V-THF,Landed 20:13,2026-07-27 06:01:54
SIN,arrivals,2026-07-26,20:00,19:53,SQ286,SIA286,AKL,Auckland Airport,Singapore Airlines,SQ,B77W,Boeing 777-312(ER),9V-SWR,Landed 20:53,2026-07-27 06:01:54
SIN,arrivals,2026-07-26,20:00,20:14,BA16,BAW16,SYD,Sydney Kingsford Smith Airport,British Airways,BA,B789,Boeing 787-9 Dreamliner,G-ZBKB,Landed 21:14,2026-07-27 06:01:54
SIN,arrivals,2026-07-26,20:05,20:19,SQ735,SIA735,HKT,Phuket International Airport,Singapore Airlines,SQ,B38M,Boeing 737 MAX 8,9V-MBE,Landed 21:19,2026-07-27 06:01:54
SIN,arrivals,2026-07-26,20:05,19:51,SQ431,SIA431,MLE,Male Velana International Airport,Singapore Airlines,SQ,A359,Airbus A350-941,9V-SMY,Landed 20:51,2026-07-27 06:01:54
SIN,arrivals,2026-07-26,20:10,19:58,TR695,TGW695,USM,Koh Samui Airport,Scoot,TR,E290,Embraer E190-E2,9V-THI,Landed 20:58,2026-07-27 06:01:54
SIN,arrivals,2026-07-26,20:10,20:01,SQ7353,SIA7353,BLR,Bengaluru Kempegowda International Airport,Singapore Airlines Cargo,SQ,B744,Boeing 747-412F(SCD),9V-SFK,Landed 21:01,2026-07-27 06:01:54
SIN,arrivals,2026-07-26,20:15,20:12,SQ228,SIA228,MEL,Melbourne Airport,Singapore Airlines,SQ,A388,Airbus A380-841,9V-SKN,Landed 21:12,2026-07-27 06:01:54
SIN,arrivals,2026-07-26,20:15,20:04,SQ222,SIA222,SYD,Sydney Kingsford Smith Airport,Singapore Airlines,SQ,A388,Airbus A380-841,9V-SKY,Landed 21:04,2026-07-27 06:01:54
SIN,arrivals,2026-07-26,20:15,20:10,QR944,QTR944,DOH,Doha Hamad International Airport,Qatar Airways,QR,A359,Airbus A350-941,A7-AMH,Landed 21:10,2026-07-27 06:01:54
SIN,arrivals,2026-07-26,20:15,20:23,QF1,QFA1,SYD,Sydney Kingsford Smith Airport,Qantas,QF,A388,Airbus A380-842,VH-OQH,Landed 21:23,2026-07-27 06:01:54
SIN,arrivals,2026-07-26,20:20,19:59,6E1343,IGO1343,MAA,Chennai International Airport,IndiGo,6E,A21N,Airbus A321-252NX,VT-ICF,Landed 20:59,2026-07-27 06:01:54
SIN,arrivals,2026-07-26,20:20,20:07,TR517,TGW517,SGN,Ho Chi Minh City International Airport,Scoot,TR,A20N,Airbus A320-271N,9V-TNF,Landed 21:07,2026-07-27 06:01:54
SIN,arrivals,2026-07-26,20:30,19:56,TW161,TWB161,ICN,Seoul Incheon International Airport,T'Way Air,TW,A333,Airbus A330-343,HL8561,Landed 20:56,2026-07-27 06:01:54
SIN,arrivals,2026-07-26,20:35,20:25,QF53,QFA53,BNE,Brisbane Airport,Qantas,QF,A332,Airbus A330-202,VH-EBD,Landed 21:25,2026-07-27 06:01:54
SIN,arrivals,2026-07-26,20:45,20:49,TR675,TGW675,CNX,Chiang Mai International Airport,Scoot,TR,A21N,Airbus A321-271NX,9V-NCJ,Landed 21:49,2026-07-27 06:01:54
SIN,arrivals,2026-07-26,20:45,20:36,EK352,UAE352,DXB,Dubai International Airport,Emirates,EK,A388,Airbus A380-861,A6-EED,Landed 21:36,2026-07-27 06:01:54
SIN,arrivals,2026-07-26,20:45,20:54,AI2382,AIC2382,DEL,Delhi Indira Gandhi International Airport,Air India,AI,A21N,Airbus A321-251NX,VT-TVB,Landed 21:54,2026-07-27 06:01:54
SIN,arrivals,2026-07-26,20:50,20:52,SQ125,SIA125,KUL,Kuala Lumpur International Airport,Singapore Airlines,SQ,A359,Airbus A350-941,9V-SMQ,Landed 21:52,2026-07-27 06:01:54
SIN,arrivals,2026-07-26,20:55,20:55,TR543,TGW543,CXR,Nha Trang Cam Ranh International Airport,Scoot,TR,E290,Embraer E190-E2,9V-THJ,Landed 21:55,2026-07-27 06:01:54
SIN,arrivals,2026-07-26,20:55,20:09,TR231,TGW231,UPG,Makassar Sultan Hasanuddin International Airport,Scoot,TR,E290,Embraer E190-E2,9V-THG,Landed 21:09,2026-07-27 06:01:54
SIN,arrivals,2026-07-26,20:55,20:42,SQ711,SIA711,BKK,Bangkok Suvarnabhumi Airport,Singapore Airlines,SQ,B78X,Boeing 787-10 Dreamliner,9V-SCT,Landed 21:42,2026-07-27 06:01:54
SIN,arrivals,2026-07-26,20:55,20:38,MU545,CES545,PVG,Shanghai Pudong International Airport,China Eastern Airlines,MU,B789,Boeing 787-9 Dreamliner,B-220D,Landed 21:38,2026-07-27 06:01:54
SIN,arrivals,2026-07-26,20:55,,FY3680,,KUL,Kuala Lumpur International Airport,Firefly,FY,738,,,Unknown,2026-07-27 06:01:54
SIN,arrivals,2026-07-26,20:55,21:14,CA969,CCA969,PEK,Beijing Capital International Airport,Air China,CA,B789,Boeing 787-9 Dreamliner,B-7899,Landed 22:14,2026-07-27 06:01:54
SIN,arrivals,2026-07-26,21:00,20:47,SQ601,SIA601,ICN,Seoul Incheon International Airport,Singapore Airlines,SQ,B78X,Boeing 787-10 Dreamliner,9V-SCK,Landed 21:47,2026-07-27 06:01:54
SIN,arrivals,2026-07-26,21:00,20:40,SQ157,SIA157,KTI,Phnom Penh Techo International Airport,Singapore Airlines,SQ,B38M,Boeing 737 MAX 8,9V-MBW,Landed 21:40,2026-07-27 06:01:54
SIN,arrivals,2026-07-26,21:05,20:57,SQ965,SIA965,CGK,Jakarta Soekarno Hatta International Airport,Singapore Airlines,SQ,B77W,Boeing 777-312(ER),9V-SWZ,Landed 21:57,2026-07-27 06:01:54
SIN,arrivals,2026-07-26,21:05,20:51,QF37,QFA37,MEL,Melbourne Airport,Qantas,QF,A332,Airbus A330-203,VH-EBL,Landed 21:51,2026-07-27 06:01:54
SIN,arrivals,2026-07-26,21:10,21:09,SQ214,SIA214,PER,Perth Airport,Singapore Airlines,SQ,A359,Airbus A350-941,9V-SHC,Landed 22:09,2026-07-27 06:01:54
SIN,arrivals,2026-07-26,21:15,20:46,TR229,TGW229,YIA,Yogyakarta International Airport,Scoot,TR,A320,Airbus A320-232,9V-TRP,Landed 21:46,2026-07-27 06:01:54
SIN,arrivals,2026-07-26,21:15,21:25,SQ879,SIA879,TPE,Taipei Taoyuan International Airport,Singapore Airlines,SQ,B78X,Boeing 787-10 Dreamliner,9V-SCJ,Landed 22:25,2026-07-27 06:01:54
SIN,arrivals,2026-07-26,21:15,21:34,MF885,CXA885,XMN,Xiamen Gaoqi International Airport,Xiamen Air,MF,B738,Boeing 737-85C,B-5630,Landed 22:34,2026-07-27 06:01:54
SIN,arrivals,2026-07-26,21:15,21:19,GA822,GIA822,CGK,Jakarta Soekarno Hatta International Airport,Garuda Indonesia,GA,B738,Boeing 737-8U3,PK-GMC,Landed 22:19,2026-07-27 06:01:54
SIN,arrivals,2026-07-26,21:20,20:58,TR611,TGW611,BKK,Bangkok Suvarnabhumi Airport,Scoot,TR,B789,Boeing 787-9 Dreamliner,9V-OJF,Landed 21:58,2026-07-27 06:01:54
SIN,arrivals,2026-07-26,21:20,21:01,TR181,TGW181,NKG,Nanjing Lukou International Airport,Scoot,TR,B788,Boeing 787-8 Dreamliner,9V-OFE,Landed 22:01,2026-07-27 06:01:54
SIN,arrivals,2026-07-26,21:20,20:44,SQ921,SIA921,MNL,Manila Ninoy Aquino International Airport,Singapore Airlines,SQ,A359,Airbus A350-941,9V-SHV,Landed 21:44,2026-07-27 06:01:54
SIN,arrivals,2026-07-26,21:20,21:46,SQ833,SIA833,PVG,Shanghai Pudong International Airport,Singapore Airlines,SQ,A388,Airbus A380-841,9V-SKW,Landed 22:46,2026-07-27 06:01:54
SIN,arrivals,2026-07-26,21:25,21:53,8B155,TNU155,CGK,Jakarta Soekarno Hatta International Airport,TransNusa,8B,A321,Airbus A321-211,PK-TLM,Landed 22:53,2026-07-27 06:01:54
SIN,arrivals,2026-07-26,21:30,21:04,TR519,TGW519,DAD,Da Nang International Airport,Scoot,TR,A20N,Airbus A320-271N,9V-TNG,Landed 22:04,2026-07-27 06:01:54
SIN,arrivals,2026-07-26,21:30,21:16,TG401,THA401,BKK,Bangkok Suvarnabhumi Airport,Thai Airways,TG,A320,Airbus A320-232,HS-TXM,Landed 22:16,2026-07-27 06:01:54
SIN,arrivals,2026-07-26,21:30,00:02,SQ7873,SIA7873,HKG,Hong Kong International Airport,Singapore Airlines Cargo,SQ,B744,Boeing 747-412F(SCD),9V-SFN,Landed 01:02,2026-07-27 06:01:54
SIN,arrivals,2026-07-26,21:30,21:29,HO1575,DKH1575,PVG,Shanghai Pudong International Airport,Juneyao Air,HO,A20N,Airbus A320-271N,B-32EA,Landed 22:29,2026-07-27 06:01:54
SIN,arrivals,2026-07-26,21:35,22:44,TR905,TGW905,MFM,Macau International Airport,Scoot,TR,A20N,Airbus A320-271N,9V-TNM,Landed 23:44,2026-07-27 06:01:54
SIN,arrivals,2026-07-26,21:40,21:30,TR283,TGW283,DPS,Denpasar Ngurah Rai International Airport,Scoot,TR,B789,Boeing 787-9 Dreamliner,9V-OJB,Landed 22:30,2026-07-27 06:01:54
SIN,arrivals,2026-07-26,21:40,21:37,SQ945,SIA945,DPS,Denpasar Ngurah Rai International Airport,Singapore Airlines,SQ,B78X,Boeing 787-10 Dreamliner,9V-SDA,Landed 22:37,2026-07-27 06:01:54
SIN,arrivals,2026-07-26,21:40,21:39,SQ895,SIA895,HKG,Hong Kong International Airport,Singapore Airlines,SQ,A359,Airbus A350-941,9V-SMT,Landed 22:39,2026-07-27 06:01:54
SIN,arrivals,2026-07-26,21:40,21:36,SQ204,SIA204,CNS,Cairns Airport,Singapore Airlines,SQ,A359,Airbus A350-941,9V-SHJ,Landed 22:36,2026-07-27 06:01:54
SIN,arrivals,2026-07-26,21:40,21:22,SQ185,SIA185,SGN,Ho Chi Minh City International Airport,Singapore Airlines,SQ,B78X,Boeing 787-10 Dreamliner,9V-SCZ,Landed 22:22,2026-07-27 06:01:54
SIN,arrivals,2026-07-26,21:45,21:13,TR649,TGW649,USM,Koh Samui Airport,Scoot,TR,E290,Embraer E190-E2,9V-THA,Landed 22:13,2026-07-27 06:01:54
SIN,arrivals,2026-07-26,21:45,21:17,SQ929,SIA929,SUB,Surabaya Juanda International Airport,Singapore Airlines,SQ,B38M,Boeing 737 MAX 8,9V-MBQ,Landed 22:17,2026-07-27 06:01:54
SIN,arrivals,2026-07-26,21:45,21:07,AK723,AXM723,KUL,Kuala Lumpur International Airport,AirAsia,AK,A320,Airbus A320-216,9M-RAV,Landed 22:07,2026-07-27 06:01:54
SIN,arrivals,2026-07-26,21:50,21:41,TR279,TGW279,CGK,Jakarta Soekarno Hatta International Airport,Scoot,TR,A320,Airbus A320-232,9V-TRV,Landed 22:41,2026-07-27 06:01:54
SIN,arrivals,2026-07-26,22:00,23:05,SQ193,SIA193,HAN,Hanoi Noi Bai International Airport,Singapore Airlines,SQ,B38M,Boeing 737 MAX 8,9V-MBT,Landed 00:05,2026-07-27 06:01:54
SIN,arrivals,2026-07-26,22:00,21:51,SQ141,SIA141,PEN,Penang International Airport,Singapore Airlines,SQ,B38M,Boeing 737 MAX 8,9V-MBK,Landed 22:51,2026-07-27 06:01:54
SIN,arrivals,2026-07-26,22:05,22:16,SQ967,SIA967,CGK,Jakarta Soekarno Hatta International Airport,Singapore Airlines,SQ,A359,Airbus A350-941,9V-SHM,Landed 23:16,2026-07-27 06:01:54
SIN,arrivals,2026-07-26,22:05,21:43,SQ995,SIA995,KNO,Medan Kuala Namu International Airport,Singapore Airlines,SQ,B38M,Boeing 737 MAX 8,9V-MBU,Landed 22:43,2026-07-27 06:01:54
SIN,arrivals,2026-07-26,22:05,21:32,SQ633,SIA633,HND,Tokyo Haneda International Airport,Singapore Airlines (Star Alliance Livery),SQ,B77W,Boeing 777-312(ER),9V-SWM,Landed 22:32,2026-07-27 06:01:54
SIN,arrivals,2026-07-26,22:05,22:00,SQ276,SIA276,ADL,Adelaide Airport,Singapore Airlines,SQ,B78X,Boeing 787-10 Dreamliner,9V-SCF,Landed 23:00,2026-07-27 06:01:54
SIN,arrivals,2026-07-26,22:15,22:14,TR405,TGW405,KBR,Kota Bharu Sultan Ismail Petra Airport,Scoot,TR,E290,Embraer E190-E2,9V-THB,Landed 23:14,2026-07-27 06:01:54
SIN,arrivals,2026-07-26,22:15,21:58,TR267,TGW267,SUB,Surabaya Juanda International Airport,Scoot,TR,B788,Boeing 787-8 Dreamliner,9V-OFH,Landed 22:58,2026-07-27 06:01:54
SIN,arrivals,2026-07-26,22:15,21:40,SQ843,SIA843,TFU,Chengdu Tianfu International Airport,Singapore Airlines,SQ,B78X,Boeing 787-10 Dreamliner,9V-SCR,Landed 22:40,2026-07-27 06:01:54
SIN,arrivals,2026-07-26,22:20,21:55,SQ127,SIA127,KUL,Kuala Lumpur International Airport,Singapore Airlines,SQ,B38M,Boeing 737 MAX 8,9V-MBO,Landed 22:55,2026-07-27 06:01:54
SIN,arrivals,2026-07-26,22:25,21:49,7C2661,JJA2661,PUS,Busan Gimhae International Airport,Jeju Air,7C,B38M,Boeing 737 MAX 8,HL8594,Landed 22:49,2026-07-27 06:01:54
SIN,arrivals,2026-07-26,22:25,22:24,TR591,TGW591,MNL,Manila Ninoy Aquino International Airport,Scoot,TR,A21N,Airbus A321-271NX,9V-NCK,Landed 23:24,2026-07-27 06:01:54
SIN,arrivals,2026-07-26,22:25,22:26,SQ739,SIA739,HKT,Phuket International Airport,Singapore Airlines,SQ,B38M,Boeing 737 MAX 8,9V-MBD,Landed 23:26,2026-07-27 06:01:54
SIN,arrivals,2026-07-26,22:25,22:05,KL836,KLM836,DPS,Denpasar Ngurah Rai International Airport,KLM,KL,B77W,Boeing 777-300(ER),PH-BVV,Landed 23:05,2026-07-27 06:01:54
SIN,arrivals,2026-07-26,22:30,21:48,SQ7411,SIA7411,NGO,Nagoya Chubu Centrair International Airport,DHL,D0,B77L,Boeing 777-F,9V-DHB,Landed 22:48,2026-07-27 06:01:54
SIN,arrivals,2026-07-26,22:30,22:22,CZ351,CSN351,CAN,Guangzhou Baiyun International Airport,China Southern Airlines,CZ,A21N,Airbus A321-271N,B-1087,Landed 23:22,2026-07-27 06:01:54
SIN,arrivals,2026-07-26,22:35,22:37,PR509,PAL509,MNL,Manila Ninoy Aquino International Airport,Philippine Airlines,PR,A321,Airbus A321-231,RP-C9915,Landed 23:37,2026-07-27 06:01:54
SIN,arrivals,2026-07-26,22:40,22:51,7C2623,JJA2623,ICN,Seoul Incheon International Airport,Jeju Air,7C,B38M,Boeing 737 MAX 8,HL8552,Landed 23:51,2026-07-27 06:01:54
SIN,arrivals,2026-07-26,22:40,22:30,SQ713,SIA713,BKK,Bangkok Suvarnabhumi Airport,Singapore Airlines,SQ,B78X,Boeing 787-10 Dreamliner,9V-SCS,Landed 23:30,2026-07-27 06:01:54
SIN,arrivals,2026-07-26,22:40,23:00,MU5031,CES5031,PKX,Beijing Daxing International Airport,China Eastern Airlines,MU,A20N,Airbus A320-251N,B-32CX,Landed 00:00,2026-07-27 06:01:54
SIN,arrivals,2026-07-26,22:45,22:23,TR435,TGW435,KCH,Kuching International Airport,Scoot,TR,A20N,Airbus A320-271N,9V-TNI,Landed 23:23,2026-07-27 06:01:54
SIN,arrivals,2026-07-26,22:45,22:19,EK349,UAE349,KTI,Phnom Penh Techo International Airport,Emirates,EK,B77W,Boeing 777-31H(ER),A6-ECR,Landed 23:19,2026-07-27 06:01:54
SIN,arrivals,2026-07-26,22:55,22:33,TR499,TGW499,PEN,Penang International Airport,Scoot,TR,A21N,Airbus A321-271NX,9V-NCA,Landed 23:33,2026-07-27 06:01:54
SIN,arrivals,2026-07-26,22:55,23:08,KE645,KAL645,ICN,Seoul Incheon International Airport,Korean Air,KE,B77W,Boeing 777-3B5(ER),HL8009,Landed 00:08,2026-07-27 06:01:54
SIN,arrivals,2026-07-26,23:05,22:54,TR467,TGW467,KUL,Kuala Lumpur International Airport,Scoot,TR,B789,Boeing 787-9 Dreamliner,9V-OJA,Landed 23:54,2026-07-27 06:01:51
SIN,arrivals,2026-07-26,23:05,22:58,MM773,APJ773,KIX,Osaka Kansai International Airport,Peach,MM,A21N,Airbus A321-251NX(LR),JA903P,Landed 23:58,2026-07-27 06:01:54
SIN,arrivals,2026-07-26,23:10,22:47,5J803,CEB803,MNL,Manila Ninoy Aquino International Airport,Cebu Pacific,5J,A339,Airbus A330-941,RP-C3903,Landed 23:47,2026-07-27 06:01:51
SIN,arrivals,2026-07-26,23:10,22:41,3U3919,CSC3919,TFU,Chengdu Tianfu International Airport,Sichuan Airlines,3U,A20N,Airbus A320-271N,B-30E0,Landed 23:41,2026-07-27 06:01:51
SIN,arrivals,2026-07-26,23:10,23:19,SQ266,SIA266,BNE,Brisbane Airport,Singapore Airlines,SQ,A359,Airbus A350-941,9V-SHS,Landed 00:19,2026-07-27 06:01:51
SIN,arrivals,2026-07-26,23:10,22:49,SC8061,CDG8061,TNA,Jinan Yaoqiang International Airport,Shandong Airlines,SC,B38M,Boeing 737 MAX 8,B-208G,Landed 23:49,2026-07-27 06:01:51
SIN,arrivals,2026-07-26,23:10,22:53,MH609,MAS609,KUL,Kuala Lumpur International Airport,Malaysia Airlines,MH,B738,Boeing 737-8H6,9M-MXR,Landed 23:53,2026-07-27 06:01:51
SIN,arrivals,2026-07-26,23:15,23:03,TR627,TGW627,BKK,Bangkok Suvarnabhumi Airport,Scoot,TR,B789,Boeing 787-9 Dreamliner,9V-OJK,Landed 00:03,2026-07-27 06:01:51
SIN,arrivals,2026-07-26,23:15,23:17,SQ947,SIA947,DPS,Denpasar Ngurah Rai International Airport,Singapore Airlines,SQ,B78X,Boeing 787-10 Dreamliner,9V-SCA,Landed 00:17,2026-07-27 06:01:51
SIN,arrivals,2026-07-26,23:15,23:15,SQ242,SIA242,SYD,Sydney Kingsford Smith Airport,Singapore Airlines,SQ,A359,Airbus A350-941,9V-SHL,Landed 00:15,2026-07-27 06:01:51
SIN,arrivals,2026-07-26,23:15,23:01,SQ208,SIA208,MEL,Melbourne Airport,Singapore Airlines,SQ,A359,Airbus A350-941,9V-SMR,Landed 00:01,2026-07-27 06:01:51
SIN,arrivals,2026-07-26,23:20,23:13,JL711,JAL711,NRT,Tokyo Narita International Airport,Japan Airlines,JL,B763,Boeing 767-346(ER),JA618J,Landed 00:13,2026-07-27 06:01:51
SIN,arrivals,2026-07-26,23:30,23:12,OQ2095,CQN2095,CKG,Chongqing Jiangbei International Airport,Chongqing Airlines,OQ,A20N,Airbus A320-251N,B-302J,Landed 00:12,2026-07-27 06:01:51
SIN,arrivals,2026-07-26,23:35,23:28,SQ835,SIA835,PVG,Shanghai Pudong International Airport,Singapore Airlines,SQ,B78X,Boeing 787-10 Dreamliner,9V-SCN,Landed 00:28,2026-07-27 06:01:51
SIN,arrivals,2026-07-26,23:35,23:34,SQ719,SIA719,BKK,Bangkok Suvarnabhumi Airport,Singapore Airlines,SQ,B78X,Boeing 787-10 Dreamliner,9V-SCB,Landed 00:34,2026-07-27 06:01:51
SIN,arrivals,2026-07-26,23:35,23:21,ET639,ETH639,KUL,Kuala Lumpur International Airport,Ethiopian Airlines,ET,A359,Airbus A350-941,ET-ATY,Landed 00:21,2026-07-27 06:01:51
SIN,arrivals,2026-07-26,23:35,23:30,CI755,CAL755,TPE,Taipei Taoyuan International Airport,China Airlines,CI,A21N,Airbus A321-271NX,B-18116,Landed 00:30,2026-07-27 06:01:51
SIN,arrivals,2026-07-26,23:45,00:00,TR983,TGW983,HKG,Hong Kong International Airport,Scoot,TR,A21N,Airbus A321-271NX,9V-NCE,Landed 01:00,2026-07-27 06:01:51
SIN,arrivals,2026-07-26,23:45,23:25,NH801,AJX801,NRT,Tokyo Narita International Airport,All Nippon Airways,NH,B789,Boeing 787-9 Dreamliner,JA887A,Landed 00:25,2026-07-27 06:01:51
SIN,arrivals,2026-07-26,23:45,01:01,CX715,CPA715,HKG,Hong Kong International Airport,Cathay Pacific,CX,A333,Airbus A330-343,B-LAK,Landed 02:01,2026-07-27 06:01:51
SIN,arrivals,2026-07-26,23:55,23:24,SQ11,SIA11,NRT,Tokyo Narita International Airport,Singapore Airlines,SQ,B77W,Boeing 777-312(ER),9V-SWU,Landed 00:24,2026-07-27 06:01:51
SIN,departures,2026-07-26,00:00,00:06,TR866,TGW866,TPE,Taipei Taoyuan International Airport,Scoot (Pokémon Livery),TR,B789,Boeing 787-9 Dreamliner,9V-OJJ,Departed 01:06,2026-07-27 06:02:54
SIN,departures,2026-07-26,00:05,00:05,JG2976,,SZX,Shenzhen Bao'an International Airport,JDL Airlines,JG,73F,,,Estimated dep 01:05*,2026-07-27 06:02:54
SIN,departures,2026-07-26,00:05,08:30,KE344,KAL344,ICN,Seoul Incheon International Airport,Korean Air Cargo,KE,B744,Boeing 747-4B5F(ER),HL7602,Departed 09:30,2026-07-27 06:02:54
SIN,departures,2026-07-26,00:05,00:31,SQ306,SIA306,LHR,London Heathrow Airport,Singapore Airlines,SQ,A359,Airbus A350-941,9V-SMJ,Departed 01:31,2026-07-27 06:02:54
SIN,departures,2026-07-26,00:10,00:20,3U3920,CSC3920,TFU,Chengdu Tianfu International Airport,Sichuan Airlines,3U,A20N,Airbus A320-271N,B-32KV,Departed 01:20,2026-07-27 06:02:54
SIN,departures,2026-07-26,00:10,00:26,SQ800,SIA800,PEK,Beijing Capital International Airport,Singapore Airlines,SQ,B77W,Boeing 777-312(ER),9V-SWG,Departed 01:26,2026-07-27 06:02:54
SIN,departures,2026-07-26,00:15,00:32,TR50,TGW50,ATH,Athens Eleftherios Venizelos,Scoot,TR,B788,Boeing 787-8 Dreamliner,9V-OFL,Departed 01:32,2026-07-27 06:02:54
SIN,departures,2026-07-26,00:15,02:06,SQ826,SIA826,PVG,Shanghai Pudong International Airport,Singapore Airlines,SQ,A359,Airbus A350-941,9V-SHT,Departed 03:06,2026-07-27 06:02:54
SIN,departures,2026-07-26,00:15,00:42,SQ478,SIA478,JNB,Johannesburg OR Tambo International Airport,Singapore Airlines,SQ,A359,Airbus A350-941,9V-SMZ,Departed 01:42,2026-07-27 06:02:54
SIN,departures,2026-07-26,00:15,00:28,SC8062,CDG8062,TNA,Jinan Yaoqiang International Airport,Shandong Airlines,SC,B38M,Boeing 737 MAX 8,B-208N,Departed 01:28,2026-07-27 06:02:54
SIN,departures,2026-07-26,00:20,00:22,SQ656,SIA656,FUK,Fukuoka Airport,Singapore Airlines,SQ,B78X,Boeing 787-10 Dreamliner,9V-SCG,Departed 01:22,2026-07-27 06:02:54
SIN,departures,2026-07-26,00:20,01:10,SQ672,SIA672,NGO,Nagoya Chubu Centrair International Airport,Singapore Airlines,SQ,B78X,Boeing 787-10 Dreamliner,9V-SCZ,Departed 02:10,2026-07-27 06:02:54
SIN,departures,2026-07-26,00:25,00:40,5J804,CEB804,MNL,Manila Ninoy Aquino International Airport,Cebu Pacific,5J,A339,Airbus A330-941,RP-C3907,Departed 01:40,2026-07-27 06:02:54
SIN,departures,2026-07-26,00:25,00:49,SQ618,SIA618,KIX,Osaka Kansai International Airport,Singapore Airlines,SQ,B78X,Boeing 787-10 Dreamliner,9V-SCB,Departed 01:49,2026-07-27 06:02:54
SIN,departures,2026-07-26,00:25,00:50,SQ346,SIA346,ZRH,Zurich Airport,Singapore Airlines,SQ,B77W,Boeing 777-312(ER),9V-SWH,Departed 01:50,2026-07-27 06:02:54
SIN,departures,2026-07-26,00:25,00:56,MM774,APJ774,KIX,Osaka Kansai International Airport,Peach,MM,A21N,Airbus A321-251NX(LR),JA901P,Departed 01:56,2026-07-27 06:02:54
SIN,departures,2026-07-26,00:25,01:03,KE646,KAL646,ICN,Seoul Incheon International Airport,Korean Air,KE,B77W,Boeing 777-3B5(ER),HL7205,Departed 02:03,2026-07-27 06:02:54
SIN,departures,2026-07-26,00:30,00:43,TR138,TGW138,TSN,Tianjin Binhai International Airport,Scoot,TR,B788,Boeing 787-8 Dreamliner,9V-OFB,Departed 01:43,2026-07-27 06:02:54
SIN,departures,2026-07-26,00:30,01:00,TR186,TGW186,TAO,Qingdao Jiaodong International Airport,Scoot,TR,B788,Boeing 787-8 Dreamliner,9V-OFH,Departed 02:00,2026-07-27 06:02:54
SIN,departures,2026-07-26,00:30,01:01,TR116,TGW116,CGO,Zhengzhou Xinzheng International Airport,Scoot,TR,B789,Boeing 787-9 Dreamliner,9V-OJH,Departed 02:01,2026-07-27 06:02:54
SIN,departures,2026-07-26,00:30,00:52,SQ366,SIA366,FCO,Rome Leonardo da Vinci Fiumicino Airport,Singapore Airlines,SQ,A359,Airbus A350-941,9V-SMP,Departed 01:52,2026-07-27 06:02:54
SIN,departures,2026-07-26,00:30,00:55,OQ2096,CQN2096,CKG,Chongqing Jiangbei International Airport,Chongqing Airlines,OQ,A20N,Airbus A320-251N,B-302J,Departed 01:55,2026-07-27 06:02:54
SIN,departures,2026-07-26,00:40,00:58,EK349,UAE349,DXB,Dubai International Airport,Emirates,EK,B77W,Boeing 777-31H(ER),A6-ECK,Departed 01:58,2026-07-27 06:02:54
SIN,departures,2026-07-26,00:45,01:05,SQ237,SIA237,MEL,Melbourne Airport,Singapore Airlines,SQ,A388,Airbus A380-841,9V-SKN,Departed 02:05,2026-07-27 06:02:54
SIN,departures,2026-07-26,00:45,,CX714,,HKG,Hong Kong International Airport,Cathay Pacific,CX,333,,,Canceled,2026-07-27 06:02:54
SIN,departures,2026-07-26,00:50,01:09,TR588,TGW588,MNL,Manila Ninoy Aquino International Airport,Scoot,TR,A21N,Airbus A321-271NX,9V-NCB,Departed 02:09,2026-07-27 06:02:54
SIN,departures,2026-07-26,00:55,01:24,JL38,JAL38,HND,Tokyo Haneda International Airport,Japan Airlines,JL,B763,Boeing 767-346(ER),JA616J,Departed 02:24,2026-07-27 06:02:54
SIN,departures,2026-07-26,01:00,01:22,TR560,TGW560,DVO,Davao City Francisco Bangoy International Airport,Scoot,TR,A320,Airbus A320-232,9V-TRT,Departed 02:22,2026-07-27 06:02:54
SIN,departures,2026-07-26,01:00,01:19,ET639,ETH639,ADD,Addis Ababa Bole Airport,Ethiopian Airlines,ET,A359,Airbus A350-941,ET-AVB,Departed 02:19,2026-07-27 06:02:54
SIN,departures,2026-07-26,01:00,01:13,CI756,CAL756,TPE,Taipei Taoyuan International Airport,China Airlines,CI,A21N,Airbus A321-271NX,B-18118,Departed 02:13,2026-07-27 06:02:54
SIN,departures,2026-07-26,01:10,01:28,TR10,TGW10,SYD,Sydney Kingsford Smith Airport,Scoot,TR,B789,Boeing 787-9 Dreamliner,9V-OJA,Departed 02:28,2026-07-27 06:02:54
SIN,departures,2026-07-26,01:10,01:33,SQ302,SIA302,MAN,Manchester Airport,Singapore Airlines,SQ,A359,Airbus A350-941,9V-SMS,Departed 02:33,2026-07-27 06:02:54
SIN,departures,2026-07-26,01:15,01:31,TR834,TGW834,OKA,Okinawa Naha Airport,Scoot,TR,A21N,Airbus A321-271NX,9V-NCL,Departed 02:31,2026-07-27 06:02:54
SIN,departures,2026-07-26,01:15,01:29,SQ392,SIA392,IST,Istanbul Airport,Singapore Airlines,SQ,A359,Airbus A350-941,9V-SME,Departed 02:29,2026-07-27 06:02:54
SIN,departures,2026-07-26,01:25,01:38,SQ612,SIA612,ICN,Seoul Incheon International Airport,Singapore Airlines,SQ,A359,Airbus A350-941,9V-SHU,Departed 02:38,2026-07-27 06:02:54
SIN,departures,2026-07-26,01:30,01:52,MU9648,CES9648,KMG,Kunming Changshui International Airport,China Eastern Airlines,MU,B789,Boeing 787-9 Dreamliner,B-209N,Departed 02:52,2026-07-27 06:02:54
SIN,departures,2026-07-26,01:35,01:45,SQ402,SIA402,DEL,Delhi Indira Gandhi International Airport,Singapore Airlines,SQ,B78X,Boeing 787-10 Dreamliner,9V-SCD,Departed 02:45,2026-07-27 06:02:54
SIN,departures,2026-07-26,01:40,02:11,MF8676,CXA8676,XMN,Xiamen Gaoqi International Airport,Xiamen Air,MF,B738,Boeing 737-86N,B-5383,Departed 03:11,2026-07-27 06:02:54
SIN,departures,2026-07-26,01:45,02:02,6E1008,IGO1008,TRZ,Tiruchirappalli International Airport,IndiGo,6E,A20N,Airbus A320-251N,VT-IQZ,Departed 03:02,2026-07-27 06:02:54
SIN,departures,2026-07-26,01:45,01:54,TR156,TGW156,SHE,Shenyang Taoxian International Airport,Scoot,TR,B788,Boeing 787-8 Dreamliner,9V-OFA,Departed 02:54,2026-07-27 06:02:54
SIN,departures,2026-07-26,01:45,02:00,TR60,TGW60,VIE,Vienna International Airport,Scoot,TR,B788,Boeing 787-8 Dreamliner,9V-OFK,Departed 03:00,2026-07-27 06:02:54
SIN,departures,2026-07-26,01:45,02:13,CZ8088,CSN8088,CSX,Changsha Huanghua International Airport,China Southern Airlines,CZ,A20N,Airbus A320-251N,B-305D,Departed 03:13,2026-07-27 06:02:54
SIN,departures,2026-07-26,02:00,,ZH236,,SZX,Shenzhen Bao'an International Airport,Shenzhen Airlines,ZH,32S,,,Canceled,2026-07-27 06:02:54
SIN,departures,2026-07-26,02:00,02:21,TR568,TGW568,CRK,Angeles City Clark International Airport,Scoot,TR,A21N,Airbus A321-271NX,9V-NCM,Departed 03:21,2026-07-27 06:02:54
SIN,departures,2026-07-26,02:00,02:51,SQ314,SIA314,LGW,London Gatwick Airport,Singapore Airlines,SQ,A359,Airbus A350-941,9V-SMU,Departed 03:51,2026-07-27 06:02:54
SIN,departures,2026-07-26,02:10,04:00,MU882,CES882,KHN,Nanchang Changbei International Airport,China Eastern Airlines,MU,A20N,Airbus A320-251N,B-327X,Departed 05:00,2026-07-27 06:02:54
SIN,departures,2026-07-26,02:15,02:35,QR945,QTR945,DOH,Doha Hamad International Airport,Qatar Airways,QR,A359,Airbus A350-941,A7-AMH,Departed 03:35,2026-07-27 06:02:54
SIN,departures,2026-07-26,02:25,,FM844,,PVG,Shanghai Pudong International Airport,Shanghai Airlines,FM,7M8,,,Unknown,2026-07-27 06:02:54
SIN,departures,2026-07-26,02:30,02:30,O3302,,SZX,Shenzhen Bao'an International Airport,SF Airlines,O3,73F,,,Estimated dep 03:30*,2026-07-27 06:02:54
SIN,departures,2026-07-26,02:45,,QR8432,,HKG,Hong Kong International Airport,Qatar Airways,QR,77X,,,Unknown,2026-07-27 06:02:54
SIN,departures,2026-07-26,03:10,03:24,CZ8490,CSN8490,CAN,Guangzhou Baiyun International Airport,China Southern Airlines,CZ,A21N,Airbus A321-251NX,B-32MP,Departed 04:24,2026-07-27 06:02:54
SIN,departures,2026-07-26,03:17,03:21,FX9004,FDX9004,ANC,Anchorage Ted Stevens International Airport,FedEx,FX,B77L,Boeing 777-FS2,N888FD,Departed 04:21,2026-07-27 06:02:54
SIN,departures,2026-07-26,03:30,03:33,8M238,MMA238,RGN,Yangon International Airport,Myanmar Airways International,8M,A319,Airbus A319-112,XY-AGR,Departed 04:33,2026-07-27 06:02:54
SIN,departures,2026-07-26,03:30,,8K804,,CGK,Jakarta Soekarno Hatta International Airport,Exploits Valley Air Services,8K,73P,,,Unknown,2026-07-27 06:02:54
SIN,departures,2026-07-26,03:40,03:59,6E1002,IGO1002,MAA,Chennai International Airport,IndiGo,6E,A21N,Airbus A321-252NX,VT-NCP,Departed 04:59,2026-07-27 06:02:54
SIN,departures,2026-07-26,03:40,05:21,HU448,CHH448,HAK,Haikou Meilan International Airport,Hainan Airlines,HU,B38M,Boeing 737 MAX 8,B-225T,Departed 06:21,2026-07-27 06:02:54
SIN,departures,2026-07-26,04:10,09:43,CZ5086,CSN5086,SZX,Shenzhen Bao'an International Airport,China Southern Airlines,CZ,A20N,Airbus A320-251N,B-30F8,Departed 10:43,2026-07-27 06:02:54
SIN,departures,2026-07-26,04:15,04:30,TR100,TGW100,CAN,Guangzhou Baiyun International Airport,Scoot,TR,B789,Boeing 787-9 Dreamliner,9V-OJD,Departed 05:30,2026-07-27 06:02:54
SIN,departures,2026-07-26,04:25,04:48,TK169,THY169,IST,Istanbul Airport,Turkish Airlines,TK,A359,Airbus A350-941,TC-LHK,Departed 05:48,2026-07-27 06:02:54
SIN,departures,2026-07-26,04:30,,7L634,,GYD,Baku Heydar Aliyev International Airport,Silk Way West Airlines,7L,74N,,,Unknown,2026-07-27 06:02:54
SIN,departures,2026-07-26,04:35,04:59,TR750,TGW750,ATQ,Amritsar International Airport,Scoot,TR,B788,Boeing 787-8 Dreamliner,9V-OFM,Departed 05:59,2026-07-27 06:02:54
SIN,departures,2026-07-26,04:35,04:39,TR290,TGW290,LBJ,Labuan Bajo Komodo Airport,Scoot,TR,E290,Embraer E190-E2,9V-THG,Departed 05:39,2026-07-27 06:02:54
SIN,departures,2026-07-26,04:40,04:44,6E1248,IGO1248,BLR,Bengaluru Kempegowda International Airport,IndiGo,6E,A20N,Airbus A320-251N,VT-IOH,Departed 05:44,2026-07-27 06:02:54
SIN,departures,2026-07-26,04:40,,SQ7372,,MAA,Chennai International Airport,Singapore Airlines,SQ,74Y,,,Unknown,2026-07-27 06:02:54
SIN,departures,2026-07-26,04:40,,CV7546,,HKG,Hong Kong International Airport,Cargolux,CV,74Y,,,Unknown,2026-07-27 06:02:54
SIN,departures,2026-07-26,04:40,04:50,BS308,UBG308,DAC,Dhaka Shahjalal International Airport,US-Bangla Airlines,BS,B738,Boeing 737-8GJ,S2-AJF,Departed 05:50,2026-07-27 06:02:54
SIN,departures,2026-07-26,04:45,04:57,TR284,TGW284,TJQ,Tanjung Pandan Buluh Tumbang Airport,Scoot,TR,E290,Embraer E190-E2,9V-THH,Departed 05:57,2026-07-27 06:02:54
SIN,departures,2026-07-26,05:10,05:29,TR260,TGW260,LOP,Lombok International Airport,Scoot,TR,E290,Embraer E190-E2,9V-THJ,Departed 06:29,2026-07-27 06:02:54
SIN,departures,2026-07-26,05:15,05:35,9C8552,CQH8552,PVG,Shanghai Pudong International Airport,Spring Airlines,9C,A20N,Airbus A320-251N,B-327Z,Departed 06:35,2026-07-27 06:02:54
SIN,departures,2026-07-26,05:15,05:30,NH802,AJX802,NRT,Tokyo Narita International Airport,All Nippon Airways,NH,B789,Boeing 787-9 Dreamliner,JA887A,Departed 06:30,2026-07-27 06:02:54
SIN,departures,2026-07-26,05:20,05:52,SQ950,SIA950,CGK,Jakarta Soekarno Hatta International Airport,Singapore Airlines,SQ,B77W,Boeing 777-312(ER),9V-SWQ,Departed 06:52,2026-07-27 06:02:54
SIN,departures,2026-07-26,05:20,05:37,SQ934,SIA934,DPS,Denpasar Ngurah Rai International Airport,Singapore Airlines,SQ,B78X,Boeing 787-10 Dreamliner,9V-SCV,Departed 06:37,2026-07-27 06:02:54
SIN,departures,2026-07-26,05:20,05:46,QF256,QFA256,SYD,Sydney Kingsford Smith Airport,Qantas,QF,B789,Boeing 787-9 Dreamliner,VH-ZNH,Departed 06:46,2026-07-27 06:02:54
SIN,departures,2026-07-26,05:30,05:41,TR608,TGW608,BKK,Bangkok Suvarnabhumi Airport,Scoot,TR,A320,Airbus A320-232,9V-TRO,Departed 06:41,2026-07-27 06:02:54
SIN,departures,2026-07-26,05:30,05:50,EK9616,UAE9616,SYD,Sydney Kingsford Smith Airport,Emirates SkyCargo,EK,B77L,Boeing 777-F,A6-EWL,Departed 06:50,2026-07-27 06:02:54
SIN,departures,2026-07-26,05:35,05:39,TR480,TGW480,IPH,Ipoh Sultan Azlan Shah Airport,Scoot,TR,A20N,Airbus A320-271N,9V-TNJ,Departed 06:39,2026-07-27 06:02:54
SIN,departures,2026-07-26,06:00,06:24,TR892,TGW892,TPE,Taipei Taoyuan International Airport,Scoot,TR,B788,Boeing 787-8 Dreamliner,9V-OFC,Departed 07:24,2026-07-27 06:02:54
SIN,departures,2026-07-26,06:00,06:14,TR640,TGW640,USM,Koh Samui Airport,Scoot,TR,E290,Embraer E190-E2,9V-THA,Departed 07:14,2026-07-27 06:02:54
SIN,departures,2026-07-26,06:00,06:12,TR502,TGW502,SGN,Ho Chi Minh City International Airport,Scoot,TR,A20N,Airbus A320-271N,9V-TNI,Departed 07:12,2026-07-27 06:02:54
SIN,departures,2026-07-26,06:00,06:19,TR430,TGW430,PEN,Penang International Airport,Scoot,TR,A320,Airbus A320-232,9V-TRV,Departed 07:19,2026-07-27 06:02:54
SIN,departures,2026-07-26,06:00,06:11,TR118,TGW118,HAK,Haikou Meilan International Airport,Scoot,TR,A21N,Airbus A321-271NX,9V-NCH,Departed 07:11,2026-07-27 06:02:54
SIN,departures,2026-07-26,06:00,06:08,SQ104,SIA104,KUL,Kuala Lumpur International Airport,Singapore Airlines,SQ,B38M,Boeing 737 MAX 8,9V-MBK,Departed 07:08,2026-07-27 06:02:54
SIN,departures,2026-07-26,06:10,,CV7567,,HKG,Hong Kong International Airport,Cargolux,CV,74F,,,Unknown,2026-07-27 06:02:54
SIN,departures,2026-07-26,06:15,06:46,SQ7328,SIA7328,MAA,Chennai International Airport,Singapore Airlines Cargo,SQ,B744,Boeing 747-412F(SCD),9V-SFI,Departed 07:46,2026-07-27 06:02:54
SIN,departures,2026-07-26,06:15,06:25,SQ213,SIA213,PER,Perth Airport,Singapore Airlines,SQ,A359,Airbus A350-941,9V-SHH,Departed 07:25,2026-07-27 06:02:54
SIN,departures,2026-07-26,06:15,06:42,SQ241,SIA241,SYD,Sydney Kingsford Smith Airport,Singapore Airlines,SQ,A359,Airbus A350-941,9V-SHL,Departed 07:42,2026-07-27 06:02:54
SIN,departures,2026-07-26,06:20,06:38,SQ265,SIA265,BNE,Brisbane Airport,Singapore Airlines,SQ,A359,Airbus A350-941,9V-SHS,Departed 07:38,2026-07-27 06:02:54
SIN,departures,2026-07-26,06:20,,CX710,,HKG,Hong Kong International Airport,Cathay Pacific,CX,333,,,Canceled,2026-07-27 06:02:54
SIN,departures,2026-07-26,06:25,06:44,SQ874,SIA874,HKG,Hong Kong International Airport,Singapore Airlines,SQ,A359,Airbus A350-941,9V-SMQ,Departed 07:44,2026-07-27 06:02:54
SIN,departures,2026-07-26,06:30,06:40,TR658,TGW658,HKT,Phuket International Airport,Scoot,TR,A21N,Airbus A321-271NX,9V-NCJ,Departed 07:40,2026-07-27 06:02:54
SIN,departures,2026-07-26,06:30,06:49,TR280,TGW280,DPS,Denpasar Ngurah Rai International Airport,Scoot,TR,B789,Boeing 787-9 Dreamliner,9V-OJF,Departed 07:49,2026-07-27 06:02:54
SIN,departures,2026-07-26,06:30,06:36,SQ990,SIA990,KNO,Medan Kuala Namu International Airport,Singapore Airlines,SQ,B38M,Boeing 737 MAX 8,9V-MBU,Departed 07:36,2026-07-27 06:02:54
SIN,departures,2026-07-26,06:40,07:34,SQ952,SIA952,CGK,Jakarta Soekarno Hatta International Airport,Singapore Airlines,SQ,A359,Airbus A350-941,9V-SMC,Departed 08:34,2026-07-27 06:02:54
SIN,departures,2026-07-26,06:40,06:47,SQ632,SIA632,HND,Tokyo Haneda International Airport,Singapore Airlines (Star Alliance Livery),SQ,B77W,Boeing 777-312(ER),9V-SWM,Departed 07:47,2026-07-27 06:02:54
SIN,departures,2026-07-26,06:40,06:56,SQ524,SIA524,MAA,Chennai International Airport,Singapore Airlines,SQ,B38M,Boeing 737 MAX 8,9V-MBY,Departed 07:56,2026-07-27 06:02:54
SIN,departures,2026-07-26,06:40,06:58,SQ154,SIA154,KTI,Phnom Penh Techo International Airport,Singapore Airlines,SQ,B38M,Boeing 737 MAX 8,9V-MBN,Departed 07:58,2026-07-27 06:02:54
SIN,departures,2026-07-26,06:45,07:01,SQ828,SIA828,PVG,Shanghai Pudong International Airport,Singapore Airlines,SQ,B77W,Boeing 777-312(ER),9V-SNB,Departed 08:01,2026-07-27 06:02:51
SIN,departures,2026-07-26,06:50,07:15,TR274,TGW274,CGK,Jakarta Soekarno Hatta International Airport,Scoot,TR,A20N,Airbus A320-271N,9V-TNL,Departed 08:15,2026-07-27 06:02:51
SIN,departures,2026-07-26,06:50,07:13,SQ922,SIA922,SUB,Surabaya Juanda International Airport,Singapore Airlines,SQ,A359,Airbus A350-941,9V-SHG,Departed 08:13,2026-07-27 06:02:51
SIN,departures,2026-07-26,06:50,07:09,SQ914,SIA914,MNL,Manila Ninoy Aquino International Airport,Singapore Airlines,SQ,A359,Airbus A350-941,9V-SHQ,Departed 08:09,2026-07-27 06:02:51
SIN,departures,2026-07-26,06:50,09:54,SQ868,SIA868,XMN,Xiamen Gaoqi International Airport,Singapore Airlines,SQ,B38M,Boeing 737 MAX 8,9V-MBF,Departed 10:54,2026-07-27 06:02:51
SIN,departures,2026-07-26,06:50,07:05,SQ726,SIA726,HKT,Phuket International Airport,Singapore Airlines,SQ,B38M,Boeing 737 MAX 8,9V-MBC,Departed 08:05,2026-07-27 06:02:51
SIN,departures,2026-07-26,06:50,07:02,SQ422,SIA422,BOM,Mumbai Chhatrapati Shivaji International Airport,Singapore Airlines,SQ,B78X,Boeing 787-10 Dreamliner,9V-SCE,Departed 08:02,2026-07-27 06:02:51
SIN,departures,2026-07-26,06:50,07:11,SQ207,SIA207,MEL,Melbourne Airport,Singapore Airlines,SQ,A359,Airbus A350-941,9V-SMR,Departed 08:11,2026-07-27 06:02:51
SIN,departures,2026-07-26,06:55,07:59,SQ762,SIA762,RGN,Yangon International Airport,Singapore Airlines,SQ,B38M,Boeing 737 MAX 8,9V-MBW,Departed 08:59,2026-07-27 06:02:51
SIN,departures,2026-07-26,06:55,07:08,AK700,AXM700,KUL,Kuala Lumpur International Airport,AirAsia,AK,A21N,Airbus A321-251NX,9M-VAH,Departed 08:08,2026-07-27 06:02:51
SIN,departures,2026-07-26,07:00,07:17,3Y923,MYU923,CGK,Jakarta Soekarno Hatta International Airport,My Indo Airlines,3Y,B733,Boeing 737-36Q(SF),PK-MYB,Departed 08:17,2026-07-27 06:02:51
SIN,departures,2026-07-26,07:00,07:18,TG402,THA402,BKK,Bangkok Suvarnabhumi Airport,Thai Airways,TG,A320,Airbus A320-232,HS-TXK,Departed 08:18,2026-07-27 06:02:51
SIN,departures,2026-07-26,07:00,07:22,SQ850,SIA850,CAN,Guangzhou Baiyun International Airport,Singapore Airlines,SQ,B78X,Boeing 787-10 Dreamliner,9V-SDC,Departed 08:22,2026-07-27 06:02:51
SIN,departures,2026-07-26,07:00,07:58,SQ132,SIA132,PEN,Penang International Airport,Singapore Airlines,SQ,B38M,Boeing 737 MAX 8,9V-MBD,Departed 08:58,2026-07-27 06:02:51
SIN,departures,2026-07-26,07:00,07:07,CZ352,CSN352,CAN,Guangzhou Baiyun International Airport,China Southern Airlines,CZ,A21N,Airbus A321-271N,B-1089,Departed 08:07,2026-07-27 06:02:51
SIN,departures,2026-07-26,07:05,07:24,TR248,TGW248,YIA,Yogyakarta International Airport,Scoot,TR,A21N,Airbus A321-271NX,9V-NCA,Departed 08:24,2026-07-27 06:02:51
SIN,departures,2026-07-26,07:05,07:20,JL712,JAL712,NRT,Tokyo Narita International Airport,Japan Airlines,JL,B763,Boeing 767-346(ER),JA617J,Departed 08:20,2026-07-27 06:02:51
SIN,departures,2026-07-26,07:10,07:26,SQ600,SIA600,ICN,Seoul Incheon International Airport,Singapore Airlines,SQ,B78X,Boeing 787-10 Dreamliner,9V-SCK,Departed 08:26,2026-07-27 06:02:51
SIN,departures,2026-07-26,07:20,07:28,TR624,TGW624,BKK,Bangkok Suvarnabhumi Airport,Scoot,TR,A21N,Airbus A321-271NX,9V-NCE,Departed 08:28,2026-07-27 06:02:51
SIN,departures,2026-07-26,07:20,07:30,TR296,TGW296,SUB,Surabaya Juanda International Airport,Scoot,TR,A20N,Airbus A320-271N,9V-TNG,Departed 08:30,2026-07-27 06:02:51
SIN,departures,2026-07-26,07:20,07:41,SQ936,SIA936,DPS,Denpasar Ngurah Rai International Airport,Singapore Airlines,SQ,B78X,Boeing 787-10 Dreamliner,9V-SDA,Departed 08:41,2026-07-27 06:02:51
SIN,departures,2026-07-26,07:20,07:52,SQ876,SIA876,TPE,Taipei Taoyuan International Airport,Singapore Airlines,SQ,B78X,Boeing 787-10 Dreamliner,9V-SCC,Departed 08:52,2026-07-27 06:02:51
SIN,departures,2026-07-26,07:20,07:47,SQ277,SIA277,ADL,Adelaide Airport,Singapore Airlines,SQ,B78X,Boeing 787-10 Dreamliner,9V-SCF,Departed 08:47,2026-07-27 06:02:51
SIN,departures,2026-07-26,07:25,08:50,SQ164,SIA164,SAI,Siem Reap Angkor International Airport,Singapore Airlines,SQ,B38M,Boeing 737 MAX 8,9V-MBT,Departed 09:50,2026-07-27 06:02:51
SIN,departures,2026-07-26,07:25,07:36,SQ106,SIA106,KUL,Kuala Lumpur International Airport,Singapore Airlines,SQ,A359,Airbus A350-941,9V-SMT,Departed 08:36,2026-07-27 06:02:51
SIN,departures,2026-07-26,07:25,07:39,AI2381,AIC2381,DEL,Delhi Indira Gandhi International Airport,Air India,AI,A20N,Airbus A320-251N,VT-TQF,Departed 08:39,2026-07-27 06:02:51
SIN,departures,2026-07-26,07:30,,CV7557,,HKG,Hong Kong International Airport,Cargolux,CV,74F,,,Unknown,2026-07-27 06:02:51
SIN,departures,2026-07-26,07:30,,CV7546,,HKG,Hong Kong International Airport,Cargolux,CV,74F,,,Unknown,2026-07-27 06:02:51
SIN,departures,2026-07-26,07:30,08:11,SQ518,SIA518,HYD,Hyderabad Rajiv Gandhi International Airport,Singapore Airlines,SQ,B38M,Boeing 737 MAX 8,9V-MBA,Departed 09:11,2026-07-27 06:02:51
SIN,departures,2026-07-26,07:30,07:49,SQ203,SIA203,CNS,Cairns Airport,Singapore Airlines,SQ,A359,Airbus A350-941,9V-SHJ,Departed 08:49,2026-07-27 06:02:51
SIN,departures,2026-07-26,07:35,08:13,NZ281,ANZ281,AKL,Auckland Airport,Air New Zealand,NZ,B77W,Boeing 777-319(ER),ZK-OKP,Departed 09:13,2026-07-27 06:02:51
SIN,departures,2026-07-26,07:40,07:56,TR426,TGW426,PEN,Penang International Airport,Scoot,TR,A21N,Airbus A321-271NX,9V-NCF,Departed 08:56,2026-07-27 06:02:51
SIN,departures,2026-07-26,07:40,08:12,SQ882,SIA882,HKG,Hong Kong International Airport,Singapore Airlines,SQ,A359,Airbus A350-941,9V-SHN,Departed 09:12,2026-07-27 06:02:51
SIN,departures,2026-07-26,07:40,07:54,SQ508,SIA508,BLR,Bengaluru Kempegowda International Airport,Singapore Airlines,SQ,A359,Airbus A350-941,9V-SHE,Departed 08:54,2026-07-27 06:02:51
SIN,departures,2026-07-26,07:45,08:27,UA2,UAL2,SFO,San Francisco International Airport,United Airlines,UA,B789,Boeing 787-9 Dreamliner,N81107,Departed 09:27,2026-07-27 06:02:51
SIN,departures,2026-07-26,07:45,08:16,TR490,TGW490,BKI,Kota Kinabalu International Airport,Scoot,TR,A320,Airbus A320-232,9V-TRP,Departed 09:16,2026-07-27 06:02:51
SIN,departures,2026-07-26,07:45,08:07,AI2106,AIC2106,BOM,Mumbai Chhatrapati Shivaji International Airport,Air India,AI,A21N,Airbus A321-251NX,VT-TVC,Departed 09:07,2026-07-27 06:02:51
SIN,departures,2026-07-26,07:50,08:23,SQ910,SIA910,MNL,Manila Ninoy Aquino International Airport,Singapore Airlines,SQ,B78X,Boeing 787-10 Dreamliner,9V-SCI,Departed 09:23,2026-07-27 06:02:51
SIN,departures,2026-07-26,07:55,08:09,MF886,CXA886,XMN,Xiamen Gaoqi International Airport,Xiamen Air,MF,B738,Boeing 737-85C,B-1964,Departed 09:09,2026-07-27 06:02:51
SIN,departures,2026-07-26,08:00,08:52,SQ308,SIA308,LHR,London Heathrow Airport,Singapore Airlines,SQ,A388,Airbus A380-841,9V-SKQ,Departed 09:52,2026-07-27 06:02:51
SIN,departures,2026-07-26,08:00,08:35,SQ192,SIA192,HAN,Hanoi Noi Bai International Airport,Singapore Airlines,SQ,A359,Airbus A350-941,9V-SHR,Departed 09:35,2026-07-27 06:02:51
SIN,departures,2026-07-26,08:00,08:38,SQ28,SIA28,SEA,Seattle Tacoma International Airport,Singapore Airlines,SQ,A359,Airbus A350-941,9V-SJC,Departed 09:38,2026-07-27 06:02:51
SIN,departures,2026-07-26,08:00,08:46,CA976,CCA976,PEK,Beijing Capital International Airport,Air China,CA,A333,Airbus A330-343,B-5946,Departed 09:46,2026-07-27 06:02:51
SIN,departures,2026-07-26,08:05,08:44,SQ956,SIA956,CGK,Jakarta Soekarno Hatta International Airport,Singapore Airlines,SQ,A359,Airbus A350-941,9V-SJH,Departed 09:44,2026-07-27 06:02:51
SIN,departures,2026-07-26,08:05,09:00,SQ32,SIA32,SFO,San Francisco International Airport,Singapore Airlines,SQ,A359,Airbus A350-941,9V-SJG,Departed 10:00,2026-07-27 06:02:51
SIN,departures,2026-07-26,08:10,08:29,SQ108,SIA108,KUL,Kuala Lumpur International Airport,Singapore Airlines,SQ,B38M,Boeing 737 MAX 8,9V-MBH,Departed 09:29,2026-07-27 06:02:51
SIN,departures,2026-07-26,08:10,08:25,AK702,AXM702,KUL,Kuala Lumpur International Airport,AirAsia,AK,A320,Airbus A320-216,9M-AQP,Departed 09:25,2026-07-27 06:02:51
SIN,departures,2026-07-26,08:15,08:32,SQ938,SIA938,DPS,Denpasar Ngurah Rai International Airport,Singapore Airlines,SQ,B78X,Boeing 787-10 Dreamliner,9V-SCY,Departed 09:32,2026-07-27 06:02:51
SIN,departures,2026-07-26,08:15,09:31,SQ172,SIA172,DAD,Da Nang International Airport,Singapore Airlines,SQ,B38M,Boeing 737 MAX 8,9V-MBR,Departed 10:31,2026-07-27 06:02:51
SIN,departures,2026-07-26,08:20,08:42,TR660,TGW660,USM,Koh Samui Airport,Scoot,TR,E290,Embraer E190-E2,9V-THB,Departed 09:42,2026-07-27 06:02:51
SIN,departures,2026-07-26,08:20,08:41,TR450,TGW450,KUL,Kuala Lumpur International Airport,Scoot,TR,A20N,Airbus A320-271N,9V-TNK,Departed 09:41,2026-07-27 06:02:51
SIN,departures,2026-07-26,08:25,09:17,SQ12,SIA12,NRT,Tokyo Narita International Airport,Singapore Airlines,SQ,B77W,Boeing 777-312(ER),9V-SWV,Departed 10:17,2026-07-27 06:02:51
SIN,departures,2026-07-26,08:30,09:19,SQ830,SIA830,PVG,Shanghai Pudong International Airport,Singapore Airlines,SQ,A388,Airbus A380-841,9V-SKW,Departed 10:19,2026-07-27 06:02:51
SIN,departures,2026-07-26,08:30,09:12,SQ708,SIA708,BKK,Bangkok Suvarnabhumi Airport,Singapore Airlines,SQ,B78X,Boeing 787-10 Dreamliner,9V-SCS,Departed 10:12,2026-07-27 06:02:51
SIN,departures,2026-07-26,08:30,08:58,SQ462,SIA462,CMB,Colombo Bandaranaike International Airport,Singapore Airlines,SQ,B38M,Boeing 737 MAX 8,9V-MBV,Departed 09:58,2026-07-27 06:02:51
SIN,departures,2026-07-26,08:30,09:25,SQ223,SIA223,PER,Perth Airport,Singapore Airlines,SQ,A359,Airbus A350-941,9V-SHC,Departed 10:25,2026-07-27 06:02:51
SIN,departures,2026-07-26,08:35,09:39,SQ211,SIA211,SYD,Sydney Kingsford Smith Airport,Singapore Airlines,SQ,B77W,Boeing 777-312(ER),9V-SWB,Departed 10:39,2026-07-27 06:02:51
SIN,departures,2026-07-26,08:35,08:57,SQ134,SIA134,PEN,Penang International Airport,Singapore Airlines,SQ,B38M,Boeing 737 MAX 8,9V-MBS,Departed 09:57,2026-07-27 06:02:51
SIN,departures,2026-07-26,08:35,08:55,GA843,GIA843,DPS,Denpasar Ngurah Rai International Airport,Garuda Indonesia,GA,B738,Boeing 737-8U3,PK-GMW,Departed 09:55,2026-07-27 06:02:51
SIN,departures,2026-07-26,08:35,08:49,GA825,GIA825,CGK,Jakarta Soekarno Hatta International Airport,Garuda Indonesia,GA,B738,Boeing 737-8U3,PK-GMF,Departed 09:49,2026-07-27 06:02:51
SIN,departures,2026-07-26,08:40,09:01,SQ178,SIA178,SGN,Ho Chi Minh City International Airport,Singapore Airlines,SQ,B78X,Boeing 787-10 Dreamliner,9V-SCA,Departed 10:01,2026-07-27 06:02:51
SIN,departures,2026-07-26,08:45,10:00,3S539,BOX539,LEJ,Leipzig Halle Airport,DHL,D0,B77L,Boeing 777-F,D-AALR,Departed 11:00,2026-07-27 06:02:51
SIN,departures,2026-07-26,08:45,09:29,3Y935,MYU935,SRG,Semarang Achmad Yani International Airport,My Indo Airlines,3Y,B734,Boeing 737-4Q8(SF),PK-MYN,Departed 10:29,2026-07-27 06:02:51
SIN,departures,2026-07-26,08:45,09:14,UL307,ALK307,CMB,Colombo Bandaranaike International Airport,SriLankan Airlines,UL,A20N,Airbus A320-251N,4R-ANA,Departed 10:14,2026-07-27 06:02:51
SIN,departures,2026-07-26,08:45,09:03,TR14,TGW14,SYD,Sydney Kingsford Smith Airport,Scoot,TR,B789,Boeing 787-9 Dreamliner,9V-OJC,Departed 10:03,2026-07-27 06:02:51
SIN,departures,2026-07-26,08:45,09:22,SQ728,SIA728,HKT,Phuket International Airport,Singapore Airlines,SQ,B38M,Boeing 737 MAX 8,9V-MBG,Departed 10:22,2026-07-27 06:02:51
SIN,departures,2026-07-26,08:45,,CX658,,HKG,Hong Kong International Airport,Cathay Pacific,CX,333,,,Canceled,2026-07-27 06:02:51
SIN,departures,2026-07-26,08:50,09:24,SQ892,SIA892,HKG,Hong Kong International Airport,Singapore Airlines,SQ,B77W,Boeing 777-312(ER),9V-SWS,Departed 10:24,2026-07-27 06:02:51
SIN,departures,2026-07-26,08:55,09:15,3Y931,MYU931,BPN,Balikpapan Sepinggan Airport,My Indo Airlines,3Y,B733,Boeing 737-37K(SF),PK-MYD,Departed 10:15,2026-07-27 06:02:51
SIN,departures,2026-07-26,08:55,09:32,SQ245,SIA245,BNE,Brisbane Airport,Singapore Airlines,SQ,A359,Airbus A350-941,9V-SHK,Departed 10:32,2026-07-27 06:02:51
SIN,departures,2026-07-26,08:55,09:10,MH604,MAS604,KUL,Kuala Lumpur International Airport,Malaysia Airlines,MH,B738,Boeing 737-8H6,9M-MXW,Departed 10:10,2026-07-27 06:02:51
SIN,departures,2026-07-26,09:00,09:28,TR276,TGW276,CGK,Jakarta Soekarno Hatta International Airport,Scoot,TR,A320,Airbus A320-232,9V-TRU,Departed 10:28,2026-07-27 06:02:51
SIN,departures,2026-07-26,09:05,09:51,PR502,PAL502,MNL,Manila Ninoy Aquino International Airport,Philippine Airlines,PR,A321,Airbus A321-231,RP-C9912,Departed 10:51,2026-07-27 06:02:51
SIN,departures,2026-07-26,09:10,09:36,QG523,CTV523,CGK,Jakarta Soekarno Hatta International Airport,Citilink,QG,A320,Airbus A320-214,PK-GQU,Departed 10:36,2026-07-27 06:02:51
SIN,departures,2026-07-26,09:10,09:49,MU546,CES546,PVG,Shanghai Pudong International Airport,China Eastern Airlines,MU,B77W,Boeing 777-39P(ER),B-7881,Departed 10:49,2026-07-27 06:02:51
SIN,departures,2026-07-26,09:15,09:34,TR288,TGW288,DPS,Denpasar Ngurah Rai International Airport,Scoot,TR,B789,Boeing 787-9 Dreamliner,9V-OJK,Departed 10:34,2026-07-27 06:02:51
SIN,departures,2026-07-26,09:20,09:45,TR470,TGW470,KUA,Kuantan Sultan Haji Ahmad Shah Airport,Scoot,TR,E290,Embraer E190-E2,9V-THH,Departed 10:45,2026-07-27 06:02:51
SIN,departures,2026-07-26,09:20,09:48,SQ432,SIA432,MLE,Male Velana International Airport,Singapore Airlines,SQ,A359,Airbus A350-941,9V-SMY,Departed 10:48,2026-07-27 06:02:51
SIN,departures,2026-07-26,09:20,09:41,QR943,QTR943,DOH,Doha Hamad International Airport,Qatar Airways,QR,A359,Airbus A350-941,A7-AMF,Departed 10:41,2026-07-27 06:02:51
SIN,departures,2026-07-26,09:20,09:46,OD802,MXD802,KUL,Kuala Lumpur International Airport,Batik Air (Visit Malaysia Truly Asia 2026 Livery),ID,B38M,Boeing 737 MAX 8,9M-LRL,Departed 10:46,2026-07-27 06:02:51
SIN,departures,2026-07-26,09:20,09:38,AK704,AXM704,KUL,Kuala Lumpur International Airport,AirAsia,AK,A21N,Airbus A321-251NX,9M-VAE,Departed 10:38,2026-07-27 06:02:51
SIN,departures,2026-07-26,09:25,09:56,TK209,THY209,IST,Istanbul Airport,Turkish Airlines,TK,A359,Airbus A350-941,TC-LHA,Departed 10:56,2026-07-27 06:02:51
SIN,departures,2026-07-26,09:30,09:58,TR180,TGW180,NKG,Nanjing Lukou International Airport,Scoot,TR,B788,Boeing 787-8 Dreamliner,9V-OFE,Departed 10:58,2026-07-27 06:02:51
SIN,departures,2026-07-26,09:30,10:04,QF78,QFA78,PER,Perth Airport,Qantas,QF,B738,Boeing 737-838,VH-VZZ,Departed 11:04,2026-07-27 06:02:51
SIN,departures,2026-07-26,09:30,09:53,AI2119,AIC2119,DEL,Delhi Indira Gandhi International Airport,Air India,AI,A21N,Airbus A321-251NX,VT-TVE,Departed 10:53,2026-07-27 06:02:51
SIN,departures,2026-07-26,09:35,10:08,SQ7344,SIA7344,JNB,Johannesburg OR Tambo International Airport,Singapore Airlines Cargo,SQ,B744,Boeing 747-412F(SCD),9V-SFO,Departed 11:08,2026-07-27 06:02:51
SIN,departures,2026-07-26,09:35,10:17,EK315,UAE315,DXB,Dubai International Airport,Emirates,EK,B77W,Boeing 777-31H(ER),A6-EPV,Departed 11:17,2026-07-27 06:02:51
SIN,departures,2026-07-26,09:45,10:06,6E1340,IGO1340,BOM,Mumbai Chhatrapati Shivaji International Airport,IndiGo,6E,A21N,Airbus A321-252NX,VT-IWU,Departed 11:06,2026-07-27 06:02:51
SIN,departures,2026-07-26,09:45,10:05,TR528,TGW528,PQC,Phu Quoc International Airport,Scoot,TR,E290,Embraer E190-E2,9V-THF,Departed 11:05,2026-07-27 06:02:51
SIN,departures,2026-07-26,09:50,10:01,SQ722,SIA722,BKK,Bangkok Suvarnabhumi Airport,Singapore Airlines,SQ,A359,Airbus A350-941,9V-SHO,Departed 11:01,2026-07-27 06:02:51
SIN,departures,2026-07-26,09:50,10:21,AK733,AXM733,LGK,Langkawi International Airport,AirAsia,AK,A320,Airbus A320-216,9M-AGP,Departed 11:21,2026-07-27 06:02:51
SIN,departures,2026-07-26,09:50,10:14,AF181,AFR181,CDG,Paris Charles de Gaulle Airport,Air France,AF,B789,Boeing 787-9 Dreamliner,F-HRBI,Departed 11:14,2026-07-27 06:02:51
SIN,departures,2026-07-26,09:55,10:57,8B552,TNU552,DPS,Denpasar Ngurah Rai International Airport,TransNusa,8B,A320,Airbus A320-214,PK-TLO,Departed 11:57,2026-07-27 06:02:51
SIN,departures,2026-07-26,10:00,11:24,TR682,TGW682,KBV,Krabi Airport,Scoot,TR,E290,Embraer E190-E2,9V-THC,Departed 12:24,2026-07-27 06:02:51
SIN,departures,2026-07-26,10:00,10:12,SQ900,SIA900,CEB,Cebu Mactan International Airport,Singapore Airlines,SQ,B38M,Boeing 737 MAX 8,9V-MBJ,Departed 11:12,2026-07-27 06:02:51
SIN,departures,2026-07-26,10:00,10:10,QF7536,QFA7536,SYD,Sydney Kingsford Smith Airport,Qantas Freight,QF,A332,Airbus A330-202(P2F),VH-EBE,Departed 11:10,2026-07-27 06:02:51
SIN,departures,2026-07-26,10:05,10:24,TR38,TGW38,MEL,Melbourne Airport,Scoot,TR,B789,Boeing 787-9 Dreamliner,9V-OJG,Departed 11:24,2026-07-27 06:02:51
SIN,departures,2026-07-26,10:05,10:31,NH842,ANA842,HND,Tokyo Haneda International Airport,All Nippon Airways,NH,B789,Boeing 787-9 Dreamliner,JA896A,Departed 11:31,2026-07-27 06:02:51
SIN,departures,2026-07-26,10:05,10:44,MH614,MAS614,KUL,Kuala Lumpur International Airport,Malaysia Airlines (Malaysia Negaraku Livery),MH,B738,Boeing 737-8H6,9M-MXU,Departed 11:44,2026-07-27 06:02:51
SIN,departures,2026-07-26,10:10,10:27,6E1026,IGO1026,MAA,Chennai International Airport,IndiGo,6E,A21N,Airbus A321-252NX,VT-ICF,Departed 11:27,2026-07-27 06:02:48
SIN,departures,2026-07-26,10:10,10:29,SQ217,SIA217,MEL,Melbourne Airport,Singapore Airlines,SQ,A359,Airbus A350-941,9V-SHB,Departed 11:29,2026-07-27 06:02:48
SIN,departures,2026-07-26,10:10,10:25,SB741,ACI741,NOU,Noumea La Tontouta International Airport,Aircalin,SB,A339,Airbus A330-941,F-ONEO,Departed 11:25,2026-07-27 06:02:48
SIN,departures,2026-07-26,10:10,10:19,IP989,PAS989,CGK,Jakarta Soekarno Hatta International Airport,Pelita Air,IP,A320,Airbus A320-214,PK-PWE,Departed 11:19,2026-07-27 06:02:51
SIN,departures,2026-07-26,10:15,10:33,VJ970,VJC970,DAD,Da Nang International Airport,VietJet Air,VJ,A321,Airbus A321-211,VN-A667,Departed 11:33,2026-07-27 06:02:48
SIN,departures,2026-07-26,10:15,10:54,TR216,TGW216,MDC,Manado Sam Ratulangi International Airport,Scoot,TR,A320,Airbus A320-232,9V-TRT,Departed 11:54,2026-07-27 06:02:48
SIN,departures,2026-07-26,10:25,10:38,TR436,TGW436,SBW,Sibu Airport,Scoot,TR,E290,Embraer E190-E2,9V-THI,Departed 11:38,2026-07-27 06:02:48
SIN,departures,2026-07-26,10:30,10:43,ID7154,BTK7154,CGK,Jakarta Soekarno Hatta International Airport,Batik Air,ID,B738,Boeing 737-8GP,PK-LZV,Departed 11:43,2026-07-27 06:02:48
SIN,departures,2026-07-26,10:40,10:52,IX689,AXB689,TRZ,Tiruchirappalli International Airport,Air India Express (Garba-Bihu Dance Livery),IX,B738,Boeing 737-8HG,VT-AXU,Departed 11:52,2026-07-27 06:02:48
SIN,departures,2026-07-26,10:45,11:07,8B152,TNU152,CGK,Jakarta Soekarno Hatta International Airport,TransNusa,8B,A321,Airbus A321-211,PK-TLM,Departed 12:07,2026-07-27 06:02:48
SIN,departures,2026-07-26,10:45,11:05,SQ878,SIA878,TPE,Taipei Taoyuan International Airport,Singapore Airlines,SQ,B78X,Boeing 787-10 Dreamliner,9V-SCJ,Departed 12:05,2026-07-27 06:02:48
SIN,departures,2026-07-26,10:45,11:02,AK1776,AXM1776,KCH,Kuching International Airport,AirAsia,AK,A320,Airbus A320-216,9M-DAB,Departed 12:02,2026-07-27 06:02:48
SIN,departures,2026-07-26,10:55,11:13,SQ912,SIA912,MNL,Manila Ninoy Aquino International Airport,Singapore Airlines,SQ,A359,Airbus A350-941,9V-SMA,Departed 12:13,2026-07-27 06:02:48
SIN,departures,2026-07-26,11:00,11:23,8G998,DTL998,DIL,Dili Presidente Nicolau Lobato International Airport,Aero Dili,8G,A319,Airbus A319-115,4W-AAO,Departed 12:23,2026-07-27 06:02:48
SIN,departures,2026-07-26,11:00,13:35,SQ7874,SIA7874,HKG,Hong Kong International Airport,Singapore Airlines Cargo,SQ,B744,Boeing 747-412F(SCD),9V-SFN,Departed 14:35,2026-07-27 06:02:48
SIN,departures,2026-07-26,11:05,11:19,TR474,TGW474,SZB,Kuala Lumpur Subang Airport,Scoot,TR,A320,Airbus A320-232,9V-TRV,Departed 12:19,2026-07-27 06:02:48
SIN,departures,2026-07-26,11:05,11:12,HU748,CHH748,HAK,Haikou Meilan International Airport,Hainan Airlines (Mixue livery),HU,B738,Boeing 737-84P,B-1131,Departed 12:12,2026-07-27 06:02:48
SIN,departures,2026-07-26,11:10,11:21,SQ196,SIA196,HAN,Hanoi Noi Bai International Airport,Singapore Airlines,SQ,B38M,Boeing 737 MAX 8,9V-MBP,Departed 12:21,2026-07-27 06:02:48
SIN,departures,2026-07-26,11:10,11:42,SQ24,SIA24,JFK,New York John F. Kennedy International Airport,Singapore Airlines,SQ,A359,Airbus A350-941,9V-SGF,Departed 12:42,2026-07-27 06:02:48
SIN,departures,2026-07-26,11:10,11:18,SL101,TLM101,DMK,Bangkok Don Mueang International Airport,Thai Lion Air,SL,B738,Boeing 737-8GP,HS-LGI,Departed 12:18,2026-07-27 06:02:48
SIN,departures,2026-07-26,11:10,11:28,BI422,RBA422,BWN,Brunei International Airport,Royal Brunei Airlines,BI,A20N,Airbus A320-251N,V8-RBF,Departed 12:28,2026-07-27 06:02:48
SIN,departures,2026-07-26,11:10,11:30,AK706,AXM706,KUL,Kuala Lumpur International Airport,AirAsia,AK,A21N,Airbus A321-251NX,9M-VAD,Departed 12:30,2026-07-27 06:02:48
SIN,departures,2026-07-26,11:15,12:05,MH628,MAS628,KUL,Kuala Lumpur International Airport,Malaysia Airlines,MH,B738,Boeing 737-8H6,9M-MXE,Departed 13:05,2026-07-27 06:02:48
SIN,departures,2026-07-26,11:20,11:44,TR644,TGW644,HKT,Phuket International Airport,Scoot,TR,A21N,Airbus A321-271NX,9V-NCB,Departed 12:44,2026-07-27 06:02:48
SIN,departures,2026-07-26,11:25,11:39,TR872,TGW872,TPE,Taipei Taoyuan International Airport,Scoot,TR,B788,Boeing 787-8 Dreamliner,9V-OFD,Departed 12:39,2026-07-27 06:02:48
SIN,departures,2026-07-26,11:25,11:40,TG404,THA404,BKK,Bangkok Suvarnabhumi Airport,Thai Airways,TG,A359,Airbus A350-941,HS-THN,Departed 12:40,2026-07-27 06:02:48
SIN,departures,2026-07-26,11:25,11:32,SQ842,SIA842,TFU,Chengdu Tianfu International Airport,Singapore Airlines,SQ,B78X,Boeing 787-10 Dreamliner,9V-SCR,Departed 12:32,2026-07-27 06:02:48
SIN,departures,2026-07-26,11:25,11:45,SQ156,SIA156,KTI,Phnom Penh Techo International Airport,Singapore Airlines,SQ,B38M,Boeing 737 MAX 8,9V-MBK,Departed 12:45,2026-07-27 06:02:48
SIN,departures,2026-07-26,11:25,11:48,SQ114,SIA114,KUL,Kuala Lumpur International Airport,Singapore Airlines,SQ,B38M,Boeing 737 MAX 8,9V-MBQ,Departed 12:48,2026-07-27 06:02:48
SIN,departures,2026-07-26,11:25,11:37,GA829,GIA829,CGK,Jakarta Soekarno Hatta International Airport,Garuda Indonesia,GA,B738,Boeing 737-8U3,PK-GMY,Departed 12:37,2026-07-27 06:02:48
SIN,departures,2026-07-26,11:30,13:32,OD804,MXD804,KUL,Kuala Lumpur International Airport,Batik Air,ID,B738,Boeing 737-86N,9M-LDK,Departed 14:32,2026-07-27 06:02:48
SIN,departures,2026-07-26,11:30,11:47,KB541,DRK541,GAU,Guwahati International Airport,Drukair,KB,A319,Airbus A319-115,A5-RGF,Departed 12:47,2026-07-27 06:02:48
SIN,departures,2026-07-26,11:35,11:50,TR484,TGW484,IPH,Ipoh Sultan Azlan Shah Airport,Scoot,TR,A20N,Airbus A320-271N,9V-TNJ,Departed 12:50,2026-07-27 06:02:48
SIN,departures,2026-07-26,11:35,11:57,TR308,TGW308,CGK,Jakarta Soekarno Hatta International Airport,Scoot,TR,A20N,Airbus A320-271N,9V-TNE,Departed 12:57,2026-07-27 06:02:48
SIN,departures,2026-07-26,11:35,11:53,SQ958,SIA958,CGK,Jakarta Soekarno Hatta International Airport,Singapore Airlines,SQ,A359,Airbus A350-941,9V-SJI,Departed 12:53,2026-07-27 06:02:48
SIN,departures,2026-07-26,11:35,11:51,SQ832,SIA832,PVG,Shanghai Pudong International Airport,Singapore Airlines,SQ,B78X,Boeing 787-10 Dreamliner,9V-SCN,Departed 12:51,2026-07-27 06:02:48
SIN,departures,2026-07-26,11:35,12:01,SQ318,SIA318,LHR,London Heathrow Airport,Singapore Airlines,SQ,B77W,Boeing 777-312(ER),9V-SWL,Departed 13:01,2026-07-27 06:02:48
SIN,departures,2026-07-26,11:35,11:59,SQ326,SIA326,FRA,Frankfurt Airport,Singapore Airlines,SQ,A388,Airbus A380-841,9V-SKS,Departed 12:59,2026-07-27 06:02:48
SIN,departures,2026-07-26,11:40,12:13,SQ148,SIA148,BWN,Brunei International Airport,Singapore Airlines,SQ,B38M,Boeing 737 MAX 8,9V-MBU,Departed 13:13,2026-07-27 06:02:48
SIN,departures,2026-07-26,11:40,12:03,MU5082,CES5082,KMG,Kunming Changshui International Airport,China Eastern Airlines,MU,B38M,Boeing 737 MAX 8,B-1385,Departed 13:03,2026-07-27 06:02:48
SIN,departures,2026-07-26,11:45,12:09,TR646,TGW646,HDY,Hat Yai International Airport,Scoot,TR,E290,Embraer E190-E2,9V-THA,Departed 13:09,2026-07-27 06:02:48
SIN,departures,2026-07-26,11:45,12:16,SQ710,SIA710,BKK,Bangkok Suvarnabhumi Airport,Singapore Airlines,SQ,B78X,Boeing 787-10 Dreamliner,9V-SCM,Departed 13:16,2026-07-27 06:02:48
SIN,departures,2026-07-26,11:45,11:55,ID7158,BTK7158,CGK,Jakarta Soekarno Hatta International Airport,Batik Air,ID,B738,Boeing 737-8GP,PK-LBW,Departed 12:55,2026-07-27 06:02:48
SIN,departures,2026-07-26,11:45,,CX652,,HKG,Hong Kong International Airport,Cathay Pacific,CX,359,,,Canceled,2026-07-27 06:02:48
SIN,departures,2026-07-26,11:50,12:14,TR638,TGW638,BKK,Bangkok Suvarnabhumi Airport,Scoot,TR,A21N,Airbus A321-271NX,9V-NCM,Departed 13:14,2026-07-27 06:02:48
SIN,departures,2026-07-26,12:00,12:54,SQ136,SIA136,PEN,Penang International Airport,Singapore Airlines,SQ,B38M,Boeing 737 MAX 8,9V-MBD,Departed 13:54,2026-07-27 06:02:48
SIN,departures,2026-07-26,12:05,12:18,VN660,HVN660,HAN,Hanoi Noi Bai International Airport,Vietnam Airlines,VN,A21N,Airbus A321-272N,VN-A623,Departed 13:18,2026-07-27 06:02:48
SIN,departures,2026-07-26,12:05,12:22,VJ984,VJC984,PQC,Phu Quoc International Airport,VietJet Air,VJ,A321,Airbus A321-211,VN-A648,Departed 13:22,2026-07-27 06:02:48
SIN,departures,2026-07-26,12:05,12:35,SQ894,SIA894,HKG,Hong Kong International Airport,Singapore Airlines,SQ,A359,Airbus A350-941,9V-SMT,Departed 13:35,2026-07-27 06:02:48
SIN,departures,2026-07-26,12:10,12:30,VN650,HVN650,SGN,Ho Chi Minh City International Airport,Vietnam Airlines,VN,A321,Airbus A321-231,VN-A395,Departed 13:30,2026-07-27 06:02:48
SIN,departures,2026-07-26,12:10,12:24,BR226,EVA226,TPE,Taipei Taoyuan International Airport,EVA Air (Sanrio Characters Livery),BR,B77W,Boeing 777-36N(ER),B-16722,Departed 13:24,2026-07-27 06:02:48
SIN,departures,2026-07-26,12:15,12:47,TR420,TGW420,MKZ,Malacca International Airport,Scoot,TR,E290,Embraer E190-E2,9V-THJ,Departed 13:47,2026-07-27 06:02:48
SIN,departures,2026-07-26,12:15,12:32,SQ732,SIA732,HKT,Phuket International Airport,Singapore Airlines,SQ,B38M,Boeing 737 MAX 8,9V-MBO,Departed 13:32,2026-07-27 06:02:48
SIN,departures,2026-07-26,12:25,12:33,5J536,CEB536,CRK,Angeles City Clark International Airport,Cebu Pacific,5J,A20N,Airbus A320-271N,RP-C4110,Departed 13:33,2026-07-27 06:02:48
SIN,departures,2026-07-26,12:25,12:28,TR552,TGW552,SGN,Ho Chi Minh City International Airport,Scoot,TR,A21N,Airbus A321-271NX,9V-NCC,Departed 13:28,2026-07-27 06:02:48
SIN,departures,2026-07-26,12:25,12:45,CZ8118,CSN8118,SZX,Shenzhen Bao'an International Airport,China Southern Airlines,CZ,A21N,Airbus A321-253NX,B-30E2,Departed 13:45,2026-07-27 06:02:48
SIN,departures,2026-07-26,12:25,13:08,CX758,CPA758,HKG,Hong Kong International Airport,Cathay Pacific,CX,A333,Airbus A330-343,B-LAK,Departed 14:08,2026-07-27 06:02:48
SIN,departures,2026-07-26,12:30,,RH372,,HKG,Hong Kong International Airport,Hong Kong Air Cargo,RH,33F,,,Unknown,2026-07-27 06:02:48
SIN,departures,2026-07-26,12:30,12:50,ZH240,CSZ240,SZX,Shenzhen Bao'an International Airport,Shenzhen Airlines,ZH,A333,Airbus A330-343,B-303N,Departed 13:50,2026-07-27 06:02:48
SIN,departures,2026-07-26,12:30,12:44,SQ916,SIA916,MNL,Manila Ninoy Aquino International Airport,Singapore Airlines,SQ,A359,Airbus A350-941,9V-SHV,Departed 13:44,2026-07-27 06:02:48
SIN,departures,2026-07-26,12:30,12:42,SQ184,SIA184,SGN,Ho Chi Minh City International Airport,Singapore Airlines,SQ,A359,Airbus A350-941,9V-SMB,Departed 13:42,2026-07-27 06:02:48
SIN,departures,2026-07-26,12:35,13:23,SQ338,SIA338,CDG,Paris Charles de Gaulle Airport,Singapore Airlines,SQ,A359,Airbus A350-941,9V-SMC,Departed 14:23,2026-07-27 06:02:48
SIN,departures,2026-07-26,12:35,13:05,AK710,AXM710,KUL,Kuala Lumpur International Airport,"AirAsia (3, 2,1, Take Off Livery)",AK,A21N,Airbus A321-251NX,9M-VAA,Departed 14:05,2026-07-27 06:02:48
SIN,departures,2026-07-26,12:40,13:12,TR476,TGW476,LGK,Langkawi International Airport,Scoot,TR,A20N,Airbus A320-271N,9V-TNK,Departed 14:12,2026-07-27 06:02:48
SIN,departures,2026-07-26,12:40,12:56,MH606,MAS606,KUL,Kuala Lumpur International Airport,Malaysia Airlines,MH,B738,Boeing 737-8H6,9M-MXN,Departed 13:56,2026-07-27 06:02:48
SIN,departures,2026-07-26,12:45,12:58,CZ354,CSN354,CAN,Guangzhou Baiyun International Airport,China Southern Airlines,CZ,A359,Airbus A350-941,B-320S,Departed 13:58,2026-07-27 06:02:48
SIN,departures,2026-07-26,12:45,13:28,CI754,CAL754,TPE,Taipei Taoyuan International Airport,China Airlines,CI,A359,Airbus A350-941,B-18912,Departed 14:28,2026-07-27 06:02:48
SIN,departures,2026-07-26,12:50,13:15,8M232,MMA232,RGN,Yangon International Airport,Myanmar Airways International,8M,A320,Airbus A320-214,XY-ALT,Departed 14:15,2026-07-27 06:02:48
SIN,departures,2026-07-26,12:50,14:16,TR904,TGW904,MFM,Macau International Airport,Scoot,TR,A20N,Airbus A320-271N,9V-TNM,Departed 15:16,2026-07-27 06:02:48
SIN,departures,2026-07-26,12:50,13:06,SQ166,SIA166,SAI,Siem Reap Angkor International Airport,Singapore Airlines,SQ,B38M,Boeing 737 MAX 8,9V-MBH,Departed 14:06,2026-07-27 06:02:48
SIN,departures,2026-07-26,12:50,13:21,AK1722,AXM1722,PEN,Penang International Airport,AirAsia,AK,A320,Airbus A320-216,9M-AQS,Departed 14:21,2026-07-27 06:02:48
SIN,departures,2026-07-26,12:55,13:02,SQ634,SIA634,HND,Tokyo Haneda International Airport,Singapore Airlines,SQ,B78X,Boeing 787-10 Dreamliner,9V-SCU,Departed 14:02,2026-07-27 06:02:48
SIN,departures,2026-07-26,13:00,13:39,TR242,TGW242,DPS,Denpasar Ngurah Rai International Airport,Scoot,TR,A21N,Airbus A321-271NX,9V-NCF,Departed 14:39,2026-07-27 06:02:48
SIN,departures,2026-07-26,13:00,13:14,SQ174,SIA174,DAD,Da Nang International Airport,Singapore Airlines,SQ,B38M,Boeing 737 MAX 8,9V-MBN,Departed 14:14,2026-07-27 06:02:48
SIN,departures,2026-07-26,13:00,13:49,MF8740,CXA8740,CSX,Changsha Huanghua International Airport,Xiamen Air,MF,B738,Boeing 737-85C,B-6490,Departed 14:49,2026-07-27 06:02:48
SIN,departures,2026-07-26,13:00,13:26,JX772,SJX772,TPE,Taipei Taoyuan International Airport,STARLUX,JX,A359,Airbus A350-941,B-58504,Departed 14:26,2026-07-27 06:02:48
SIN,departures,2026-07-26,13:00,13:20,ID7146,BTK7146,KNO,Medan Kuala Namu International Airport,Batik Air,ID,A320,Airbus A320-214,PK-LUT,Departed 14:20,2026-07-27 06:02:48
SIN,departures,2026-07-26,13:10,13:30,SQ622,SIA622,KIX,Osaka Kansai International Airport,Singapore Airlines,SQ,B78X,Boeing 787-10 Dreamliner,9V-SCV,Departed 14:30,2026-07-27 06:02:48
SIN,departures,2026-07-26,13:10,13:54,AK712,AXM712,KUL,Kuala Lumpur International Airport,AirAsia (Save Our Malayan Tiger Livery),AK,A320,Airbus A320-216,9M-AQZ,Departed 14:54,2026-07-27 06:02:48
SIN,departures,2026-07-26,13:15,13:46,8B554,TNU554,DPS,Denpasar Ngurah Rai International Airport,TransNusa,8B,A320,Airbus A320-214,PK-TLF,Departed 14:46,2026-07-27 06:02:48
SIN,departures,2026-07-26,13:15,13:37,MU2070,CES2070,XIY,Xi'an Xianyang International Airport,China Eastern Airlines,MU,A20N,Airbus A320-251N,B-32CT,Departed 14:37,2026-07-27 06:02:48
SIN,departures,2026-07-26,13:20,13:42,9G720,SPQ720,PQC,Phu Quoc International Airport,Sun PhuQuoc Airways,9G,A21N,Airbus A321-251NX,VN-A281,Departed 14:42,2026-07-27 06:02:48
SIN,departures,2026-07-26,13:20,13:34,TR4,TGW4,PER,Perth Airport,Scoot,TR,B788,Boeing 787-8 Dreamliner,9V-OFN,Departed 14:34,2026-07-27 06:02:48
SIN,departures,2026-07-26,13:20,13:48,SQ926,SIA926,SUB,Surabaya Juanda International Airport,Singapore Airlines,SQ,B38M,Boeing 737 MAX 8,9V-MBC,Departed 14:48,2026-07-27 06:02:48
SIN,departures,2026-07-26,13:30,13:56,TR674,TGW674,CNX,Chiang Mai International Airport,Scoot,TR,A21N,Airbus A321-271NX,9V-NCJ,Departed 14:56,2026-07-27 06:02:48
SIN,departures,2026-07-26,13:30,14:06,SQ116,SIA116,KUL,Kuala Lumpur International Airport,Singapore Airlines,SQ,B38M,Boeing 737 MAX 8,9V-MBS,Departed 15:06,2026-07-27 06:02:48
SIN,departures,2026-07-26,13:30,13:40,PR508,PAL508,MNL,Manila Ninoy Aquino International Airport,Philippine Airlines,PR,A21N,Airbus A321-271N,RP-C9936,Departed 14:40,2026-07-27 06:02:48
SIN,departures,2026-07-26,13:40,14:01,TR590,TGW590,MNL,Manila Ninoy Aquino International Airport,Scoot,TR,A21N,Airbus A321-271NX,9V-NCK,Departed 15:01,2026-07-27 06:02:48
SIN,departures,2026-07-26,13:40,14:15,FD356,AIQ356,DMK,Bangkok Don Mueang International Airport,AirAsia,AK,A21N,Airbus A321-251NX,HS-EAC,Departed 15:15,2026-07-27 06:02:48
SIN,departures,2026-07-26,13:45,13:59,TR244,TGW244,KNO,Medan Kuala Namu International Airport,Scoot,TR,A320,Airbus A320-232,9V-TRO,Departed 14:59,2026-07-27 06:02:48
SIN,departures,2026-07-26,13:45,13:53,ID7156,BTK7156,CGK,Jakarta Soekarno Hatta International Airport,Batik Air,ID,B738,Boeing 737-8GP,PK-LBK,Departed 14:53,2026-07-27 06:02:48
SIN,departures,2026-07-26,13:50,13:58,MF8704,CXA8704,HGH,Hangzhou Xiaoshan International Airport,Xiamen Air,MF,B738,Boeing 737-85C,B-6488,Departed 14:58,2026-07-27 06:02:48
SIN,departures,2026-07-26,13:55,14:32,VJ916,VJC916,HAN,Hanoi Noi Bai International Airport,VietJet Air,VJ,A321,Airbus A321-211,VN-A698,Departed 15:32,2026-07-27 06:02:48
SIN,departures,2026-07-26,13:55,14:09,TR424,TGW424,PEN,Penang International Airport,Scoot,TR,A21N,Airbus A321-271NX,9V-NCA,Departed 15:09,2026-07-27 06:02:48
SIN,departures,2026-07-26,13:55,14:02,TR222,TGW222,BPN,Balikpapan Sepinggan Airport,Scoot,TR,E290,Embraer E190-E2,9V-THH,Departed 15:02,2026-07-27 06:02:48
SIN,departures,2026-07-26,13:55,14:04,TR230,TGW230,UPG,Makassar Sultan Hasanuddin International Airport,Scoot,TR,E290,Embraer E190-E2,9V-THG,Departed 15:04,2026-07-27 06:02:48
SIN,departures,2026-07-26,14:00,15:33,SQ194,SIA194,HAN,Hanoi Noi Bai International Airport,Singapore Airlines,SQ,B38M,Boeing 737 MAX 8,9V-MBT,Departed 16:33,2026-07-27 06:02:48
SIN,departures,2026-07-26,14:00,14:07,CA490,CCA490,CKG,Chongqing Jiangbei International Airport,Air China,CA,B38M,Boeing 737 MAX 8,B-1180,Departed 15:07,2026-07-27 06:02:48
SIN,departures,2026-07-26,14:05,14:24,MF866,CXA866,FOC,Fuzhou Changle International Airport,Xiamen Air,MF,B38M,Boeing 737 MAX 8,B-226Z,Departed 15:24,2026-07-27 06:02:48
SIN,departures,2026-07-26,14:10,14:19,SQ960,SIA960,CGK,Jakarta Soekarno Hatta International Airport,Singapore Airlines,SQ,A359,Airbus A350-941,9V-SHG,Departed 15:19,2026-07-27 06:02:48
SIN,departures,2026-07-26,14:10,14:26,MU2578,CES2578,WUH,Wuhan Tianhe International Airport,China Eastern Airlines,MU,B738,Boeing 737-89P,B-1965,Departed 15:26,2026-07-27 06:02:48
SIN,departures,2026-07-26,14:15,14:59,MF852,CXA852,XMN,Xiamen Gaoqi International Airport,Xiamen Air,MF,B38M,Boeing 737 MAX 8,B-20DY,Departed 15:59,2026-07-27 06:02:44
SIN,departures,2026-07-26,14:20,14:41,BR216,EVA216,TPE,Taipei Taoyuan International Airport,EVA Air,BR,B77W,Boeing 777-35E(ER),B-16717,Departed 15:41,2026-07-27 06:02:44
SIN,departures,2026-07-26,14:25,14:56,VJ882,VJC882,SGN,Ho Chi Minh City International Airport,VietJet Air,VJ,A21N,Airbus A321-271N,VN-A674,Departed 15:56,2026-07-27 06:02:44
SIN,departures,2026-07-26,14:25,14:51,UB2,UBA2,RGN,Yangon International Airport,Myanmar National Airlines,UB,B738,Boeing 737-86N,XY-ALB,Departed 15:51,2026-07-27 06:02:44
SIN,departures,2026-07-26,14:25,15:21,TR982,TGW982,HKG,Hong Kong International Airport,Scoot,TR,A21N,Airbus A321-271NX,9V-NCE,Departed 16:21,2026-07-27 06:02:44
SIN,departures,2026-07-26,14:25,14:36,TR486,TGW486,IPH,Ipoh Sultan Azlan Shah Airport,Scoot,TR,A20N,Airbus A320-271N,9V-TNI,Departed 15:36,2026-07-27 06:02:44
SIN,departures,2026-07-26,14:25,14:46,TR428,TGW428,PEN,Penang International Airport,Scoot,TR,A20N,Airbus A320-271N,9V-TNL,Departed 15:46,2026-07-27 06:02:44
SIN,departures,2026-07-26,14:30,14:54,8B154,TNU154,CGK,Jakarta Soekarno Hatta International Airport,TransNusa,8B,A321,Airbus A321-211,PK-TLK,Departed 15:54,2026-07-27 06:02:44
SIN,departures,2026-07-26,14:35,14:44,MH624,MAS624,KUL,Kuala Lumpur International Airport,Malaysia Airlines,MH,B738,Boeing 737-8H6,9M-MXK,Departed 15:44,2026-07-27 06:02:44
SIN,departures,2026-07-26,14:40,14:57,TR518,TGW518,DAD,Da Nang International Airport,Scoot,TR,A20N,Airbus A320-271N,9V-TNG,Departed 15:57,2026-07-27 06:02:44
SIN,departures,2026-07-26,14:40,15:35,EK348,UAE348,KTI,Phnom Penh Techo International Airport,Emirates,EK,B77W,Boeing 777-31H(ER),A6-ECR,Departed 16:35,2026-07-27 06:02:44
SIN,departures,2026-07-26,14:45,15:00,SQ712,SIA712,BKK,Bangkok Suvarnabhumi Airport,Singapore Airlines,SQ,B78X,Boeing 787-10 Dreamliner,9V-SCT,Departed 16:00,2026-07-27 06:02:44
SIN,departures,2026-07-26,14:45,15:18,MU898,CES898,HGH,Hangzhou Xiaoshan International Airport,China Eastern Airlines,MU,A20N,Airbus A320-251N,B-32EN,Departed 16:18,2026-07-27 06:02:44
SIN,departures,2026-07-26,14:45,15:10,GA833,GIA833,CGK,Jakarta Soekarno Hatta International Airport,Garuda Indonesia,GA,B738,Boeing 737-8U3,PK-GMF,Departed 16:10,2026-07-27 06:02:44
SIN,departures,2026-07-26,14:50,15:36,ET638,ETH638,KUL,Kuala Lumpur International Airport,Ethiopian Airlines,ET,A359,Airbus A350-941,ET-ATY,Departed 16:36,2026-07-27 06:02:44
SIN,departures,2026-07-26,14:50,15:20,BG585,BBC585,DAC,Dhaka Shahjalal International Airport,Biman Bangladesh Airlines,BG,B738,Boeing 737-8E9,S2-AHO,Departed 16:20,2026-07-27 06:02:44
SIN,departures,2026-07-26,14:55,16:00,TG414,THA414,BKK,Bangkok Suvarnabhumi Airport,Thai Airways,TG,A21N,Airbus A321-251NX,HS-TOD,Departed 17:00,2026-07-27 06:02:44
SIN,departures,2026-07-26,14:55,15:41,SQ138,SIA138,PEN,Penang International Airport,Singapore Airlines,SQ,B38M,Boeing 737 MAX 8,9V-MBG,Departed 16:41,2026-07-27 06:02:44
SIN,departures,2026-07-26,15:00,15:15,TR472,TGW472,KUL,Kuala Lumpur International Airport,Scoot,TR,A320,Airbus A320-232,9V-TRU,Departed 16:15,2026-07-27 06:02:44
SIN,departures,2026-07-26,15:00,15:11,TR516,TGW516,SGN,Ho Chi Minh City International Airport,Scoot,TR,A20N,Airbus A320-271N,9V-TNF,Departed 16:11,2026-07-27 06:02:44
SIN,departures,2026-07-26,15:00,15:08,TR282,TGW282,DPS,Denpasar Ngurah Rai International Airport,Scoot,TR,B789,Boeing 787-9 Dreamliner,9V-OJB,Departed 16:08,2026-07-27 06:02:44
SIN,departures,2026-07-26,15:00,15:27,CA404,CCA404,TFU,Chengdu Tianfu International Airport,Air China,CA,A21N,Airbus A321-252NX,B-32PH,Departed 16:27,2026-07-27 06:02:44
SIN,departures,2026-07-26,15:05,,CX734,,HKG,Hong Kong International Airport,Cathay Pacific,CX,77W,,,Canceled,2026-07-27 06:02:44
SIN,departures,2026-07-26,15:10,15:49,9C8598,CQH8598,PVG,Shanghai Pudong International Airport,Spring Airlines,9C,A20N,Airbus A320-251N,B-32JT,Departed 16:49,2026-07-27 06:02:44
SIN,departures,2026-07-26,15:10,15:25,SQ944,SIA944,DPS,Denpasar Ngurah Rai International Airport,Singapore Airlines,SQ,B78X,Boeing 787-10 Dreamliner,9V-SDA,Departed 16:25,2026-07-27 06:02:44
SIN,departures,2026-07-26,15:10,15:44,HO1602,DKH1602,PVG,Shanghai Pudong International Airport,Juneyao Air (Colorful Petals Livery),HO,A21N,Airbus A321-271NX,B-30EQ,Departed 16:44,2026-07-27 06:02:44
SIN,departures,2026-07-26,15:10,15:16,AK714,AXM714,KUL,Kuala Lumpur International Airport,AirAsia (BIG Duty Free Livery),AK,A320,Airbus A320-214,9M-AHY,Departed 16:16,2026-07-27 06:02:44
SIN,departures,2026-07-26,15:15,15:38,TR610,TGW610,BKK,Bangkok Suvarnabhumi Airport,Scoot,TR,B789,Boeing 787-9 Dreamliner,9V-OJF,Departed 16:38,2026-07-27 06:02:44
SIN,departures,2026-07-26,15:15,15:22,SQ962,SIA962,CGK,Jakarta Soekarno Hatta International Airport,Singapore Airlines,SQ,A359,Airbus A350-941,9V-SMM,Departed 16:22,2026-07-27 06:02:44
SIN,departures,2026-07-26,15:15,15:56,SQ736,SIA736,HKT,Phuket International Airport,Singapore Airlines,SQ,B38M,Boeing 737 MAX 8,9V-MBE,Departed 16:56,2026-07-27 06:02:44
SIN,departures,2026-07-26,15:15,15:29,ID7150,BTK7150,CGK,Jakarta Soekarno Hatta International Airport,Batik Air,ID,B738,Boeing 737-8GP,PK-LDJ,Departed 16:29,2026-07-27 06:02:44
SIN,departures,2026-07-26,15:15,19:57,CX78,CPA078,PEN,Penang International Airport,Cathay Cargo,CX,B744,Boeing 747-467F(ER),B-LID,Departed 20:57,2026-07-27 06:02:44
SIN,departures,2026-07-26,15:25,15:47,TR694,TGW694,USM,Koh Samui Airport,Scoot,TR,E290,Embraer E190-E2,9V-THI,Departed 16:47,2026-07-27 06:02:44
SIN,departures,2026-07-26,15:25,15:42,TR228,TGW228,YIA,Yogyakarta International Airport,Scoot,TR,A320,Airbus A320-232,9V-TRP,Departed 16:42,2026-07-27 06:02:44
SIN,departures,2026-07-26,15:25,15:45,HU460,CHH460,HAK,Haikou Meilan International Airport,Hainan Airlines,HU,B738,Boeing 737-86N,B-7619,Departed 16:45,2026-07-27 06:02:44
SIN,departures,2026-07-26,15:30,16:18,TR188,TGW188,HGH,Hangzhou Xiaoshan International Airport,Scoot,TR,B789,Boeing 787-9 Dreamliner,9V-OJD,Departed 17:18,2026-07-27 06:02:44
SIN,departures,2026-07-26,15:30,15:54,SQ158,SIA158,KTI,Phnom Penh Techo International Airport,Singapore Airlines,SQ,B38M,Boeing 737 MAX 8,9V-MBW,Departed 16:54,2026-07-27 06:02:44
SIN,departures,2026-07-26,15:35,16:07,TR542,TGW542,CXR,Nha Trang Cam Ranh International Airport,Scoot,TR,E290,Embraer E190-E2,9V-THJ,Departed 17:07,2026-07-27 06:02:44
SIN,departures,2026-07-26,15:35,15:58,MH620,MAS620,KUL,Kuala Lumpur International Airport,Malaysia Airlines,MH,B738,Boeing 737-8H6,9M-MXO,Departed 16:58,2026-07-27 06:02:44
SIN,departures,2026-07-26,15:40,15:53,TR692,TGW692,HDY,Hat Yai International Airport,Scoot,TR,E290,Embraer E190-E2,9V-THF,Departed 16:53,2026-07-27 06:02:44
SIN,departures,2026-07-26,15:40,16:10,SQ806,SIA806,PEK,Beijing Capital International Airport,Singapore Airlines,SQ,B78X,Boeing 787-10 Dreamliner,9V-SCL,Departed 17:10,2026-07-27 06:02:44
SIN,departures,2026-07-26,15:45,16:02,SQ406,SIA406,DEL,Delhi Indira Gandhi International Airport,Singapore Airlines,SQ,A388,Airbus A380-841,9V-SKU,Departed 17:02,2026-07-27 06:02:44
SIN,departures,2026-07-26,15:55,16:17,SQ928,SIA928,SUB,Surabaya Juanda International Airport,Singapore Airlines,SQ,B38M,Boeing 737 MAX 8,9V-MBQ,Departed 17:17,2026-07-27 06:02:44
SIN,departures,2026-07-26,15:55,16:58,MU568,CES568,PVG,Shanghai Pudong International Airport,China Eastern Airlines,MU,A359,Airbus A350-941,B-32DW,Departed 17:58,2026-07-27 06:02:44
SIN,departures,2026-07-26,16:00,16:13,3U3910,CSC3910,TFU,Chengdu Tianfu International Airport,Sichuan Airlines,3U,A21N,Airbus A321-271NX(LR),B-324K,Departed 17:13,2026-07-27 06:02:44
SIN,departures,2026-07-26,16:00,16:12,TR468,TGW468,KUL,Kuala Lumpur International Airport,Scoot,TR,A20N,Airbus A320-271N,9V-TNJ,Departed 17:12,2026-07-27 06:02:44
SIN,departures,2026-07-26,16:00,18:58,OD808,MXD808,KUL,Kuala Lumpur International Airport,Batik Air,ID,B38M,Boeing 737 MAX 8,9M-LRJ,Departed 19:58,2026-07-27 06:02:44
SIN,departures,2026-07-26,16:00,16:08,KL835,KLM835,DPS,Denpasar Ngurah Rai International Airport,KLM,KL,B77W,Boeing 777-300(ER),PH-BVV,Departed 17:08,2026-07-27 06:02:44
SIN,departures,2026-07-26,16:05,00:16,NX907,AMU907,MFM,Macau International Airport,Air Macau,NX,A20N,Airbus A320-271N,B-MCK,Departed 01:16,2026-07-27 06:02:44
SIN,departures,2026-07-26,16:10,16:34,SQ836,SIA836,PVG,Shanghai Pudong International Airport,Singapore Airlines,SQ,B78X,Boeing 787-10 Dreamliner,9V-SCG,Departed 17:34,2026-07-27 06:02:44
SIN,departures,2026-07-26,16:15,16:41,TR882,TGW882,HND,Tokyo Haneda International Airport,Scoot,TR,B788,Boeing 787-8 Dreamliner,9V-OFB,Departed 17:41,2026-07-27 06:02:44
SIN,departures,2026-07-26,16:15,16:32,SQ186,SIA186,SGN,Ho Chi Minh City International Airport,Singapore Airlines,SQ,B78X,Boeing 787-10 Dreamliner,9V-SCZ,Departed 17:32,2026-07-27 06:02:44
SIN,departures,2026-07-26,16:20,16:37,SQ964,SIA964,CGK,Jakarta Soekarno Hatta International Airport,Singapore Airlines,SQ,B77W,Boeing 777-312(ER),9V-SWZ,Departed 17:37,2026-07-27 06:02:44
SIN,departures,2026-07-26,16:20,16:24,PG968,BKP968,USM,Koh Samui Airport,Bangkok Airways,PG,A319,Airbus A319-132,HS-PGZ,Departed 17:24,2026-07-27 06:02:44
SIN,departures,2026-07-26,16:30,16:50,TR266,TGW266,SUB,Surabaya Juanda International Airport,Scoot,TR,B788,Boeing 787-8 Dreamliner,9V-OFH,Departed 17:50,2026-07-27 06:02:44
SIN,departures,2026-07-26,16:30,16:49,SQ714,SIA714,BKK,Bangkok Suvarnabhumi Airport,Singapore Airlines,SQ,B78X,Boeing 787-10 Dreamliner,9V-SCS,Departed 17:49,2026-07-27 06:02:44
SIN,departures,2026-07-26,16:30,16:27,MU7706,CES7706,NKG,Nanjing Lukou International Airport,China Eastern Airlines,MU,A20N,Airbus A320-251N,B-306D,Departed 17:27,2026-07-27 06:02:44
SIN,departures,2026-07-26,16:30,16:36,CA826,CCA826,PVG,Shanghai Pudong International Airport,Air China,CA,A359,Airbus A350-941,B-307C,Departed 17:36,2026-07-27 06:02:44
SIN,departures,2026-07-26,16:35,16:52,AK1724,AXM1724,PEN,Penang International Airport,AirAsia,AK,A320,Airbus A320-216,9M-AQA,Departed 17:52,2026-07-27 06:02:44
SIN,departures,2026-07-26,16:40,17:10,SQ838,SIA838,HGH,Hangzhou Xiaoshan International Airport,Singapore Airlines,SQ,A359,Airbus A350-941,9V-SHF,Departed 18:10,2026-07-27 06:02:44
SIN,departures,2026-07-26,16:45,17:04,SQ946,SIA946,DPS,Denpasar Ngurah Rai International Airport,Singapore Airlines,SQ,B78X,Boeing 787-10 Dreamliner,9V-SCA,Departed 18:04,2026-07-27 06:02:44
SIN,departures,2026-07-26,16:50,17:00,CZ3040,CSN3040,CAN,Guangzhou Baiyun International Airport,China Southern Airlines,CZ,A21N,Airbus A321-271N,B-303W,Departed 18:00,2026-07-27 06:02:44
SIN,departures,2026-07-26,16:55,16:56,VJ814,VJC814,SGN,Ho Chi Minh City International Airport,VietJet Air,VJ,A321,Airbus A321-211,VN-A640,Departed 17:56,2026-07-27 06:02:44
SIN,departures,2026-07-26,16:55,17:02,TR648,TGW648,USM,Koh Samui Airport,Scoot,TR,E290,Embraer E190-E2,9V-THA,Departed 18:02,2026-07-27 06:02:44
SIN,departures,2026-07-26,16:55,17:09,CA890,CCA890,PEK,Beijing Capital International Airport,Air China,CA,B789,Boeing 787-9 Dreamliner,B-1469,Departed 18:09,2026-07-27 06:02:44
SIN,departures,2026-07-26,17:00,17:38,TR626,TGW626,BKK,Bangkok Suvarnabhumi Airport,Scoot,TR,B789,Boeing 787-9 Dreamliner,9V-OJK,Departed 18:38,2026-07-27 06:02:44
SIN,departures,2026-07-26,17:00,17:12,GA823,GIA823,CGK,Jakarta Soekarno Hatta International Airport,Garuda Indonesia,GA,B738,Boeing 737-8U3,PK-GMW,Departed 18:12,2026-07-27 06:02:44
SIN,departures,2026-07-26,17:00,17:19,CX716,,HKG,Hong Kong International Airport,Cathay Pacific,CX,359,,,Estimated dep 18:19*,2026-07-27 06:02:44
SIN,departures,2026-07-26,17:10,,ZH230,,SZX,Shenzhen Bao'an International Airport,Shenzhen Airlines,ZH,32S,,,Canceled,2026-07-27 06:02:44
SIN,departures,2026-07-26,17:10,17:35,TR124,TGW124,CSX,Changsha Huanghua International Airport,Scoot,TR,A21N,Airbus A321-271NX,9V-NCH,Departed 18:35,2026-07-27 06:02:44
SIN,departures,2026-07-26,17:15,17:27,TR278,TGW278,CGK,Jakarta Soekarno Hatta International Airport,Scoot,TR,A320,Airbus A320-232,9V-TRV,Departed 18:27,2026-07-27 06:02:44
SIN,departures,2026-07-26,17:15,17:40,TG408,THA408,BKK,Bangkok Suvarnabhumi Airport,Thai Airways,TG,A21N,Airbus A321-251NX,HS-TOF,Departed 18:40,2026-07-27 06:02:44
SIN,departures,2026-07-26,17:15,17:36,MH608,MAS608,KUL,Kuala Lumpur International Airport,Malaysia Airlines,MH,B38M,Boeing 737 MAX 8,9M-MVD,Departed 18:36,2026-07-27 06:02:44
SIN,departures,2026-07-26,17:25,17:43,5J806,CEB806,MNL,Manila Ninoy Aquino International Airport,Cebu Pacific,5J,A339,Airbus A330-941,RP-C3901,Departed 18:43,2026-07-27 06:02:44
SIN,departures,2026-07-26,17:25,17:41,VN654,HVN654,SGN,Ho Chi Minh City International Airport,Vietnam Airlines (SkyTeam Livery),VN,A321,Airbus A321-231,VN-A327,Departed 18:41,2026-07-27 06:02:44
SIN,departures,2026-07-26,17:25,17:57,MU6050,CES6050,PVG,Shanghai Pudong International Airport,China Eastern Airlines,MU,A21N,Airbus A321-251NX,B-32KA,Departed 18:57,2026-07-27 06:02:44
SIN,departures,2026-07-26,17:30,18:17,SQ966,SIA966,CGK,Jakarta Soekarno Hatta International Airport,Singapore Airlines,SQ,A359,Airbus A350-941,9V-SHM,Departed 19:17,2026-07-27 06:02:44
SIN,departures,2026-07-26,17:30,17:59,SQ740,SIA740,HKT,Phuket International Airport,Singapore Airlines,SQ,B38M,Boeing 737 MAX 8,9V-MBD,Departed 18:59,2026-07-27 06:02:44
SIN,departures,2026-07-26,17:30,17:45,SQ720,SIA720,BKK,Bangkok Suvarnabhumi Airport,Singapore Airlines,SQ,B78X,Boeing 787-10 Dreamliner,9V-SCB,Departed 18:45,2026-07-27 06:02:44
SIN,departures,2026-07-26,17:30,17:49,SQ126,SIA126,KUL,Kuala Lumpur International Airport,Singapore Airlines,SQ,A359,Airbus A350-941,9V-SMQ,Departed 18:49,2026-07-27 06:02:44
SIN,departures,2026-07-26,17:35,18:21,SQ504,SIA504,AMD,Ahmedabad International Airport,Singapore Airlines,SQ,A359,Airbus A350-941,9V-SHR,Departed 19:21,2026-07-27 06:02:44
SIN,departures,2026-07-26,17:40,18:08,TR120,TGW120,WUH,Wuhan Tianhe International Airport,Scoot,TR,B788,Boeing 787-8 Dreamliner,9V-OFI,Departed 19:08,2026-07-27 06:02:44
SIN,departures,2026-07-26,17:40,18:03,SQ251,SIA251,DRW,Darwin International Airport,Singapore Airlines,SQ,B38M,Boeing 737 MAX 8,9V-MBY,Departed 19:03,2026-07-27 06:02:44
SIN,departures,2026-07-26,17:40,18:01,SQ36,SIA36,LAX,Los Angeles International Airport,Singapore Airlines,SQ,A359,Airbus A350-941,9V-SJH,Departed 19:01,2026-07-27 06:02:44
SIN,departures,2026-07-26,17:45,18:05,SQ215,SIA215,PER,Perth Airport,Singapore Airlines,SQ,B78X,Boeing 787-10 Dreamliner,9V-SCY,Departed 19:05,2026-07-27 06:02:44
SIN,departures,2026-07-26,17:45,18:39,NZ283,ANZ283,AKL,Auckland Airport,Air New Zealand,NZ,B77W,Boeing 777-319(ER),ZK-OKN,Departed 19:39,2026-07-27 06:02:44
SIN,departures,2026-07-26,17:45,18:30,AK716,AXM716,KUL,Kuala Lumpur International Airport,AirAsia,AK,A21N,Airbus A321-251NX,9M-VAF,Departed 19:30,2026-07-27 06:02:44
SIN,departures,2026-07-26,17:50,18:10,SQ442,SIA442,KTM,Kathmandu Tribhuvan International Airport,Singapore Airlines,SQ,B38M,Boeing 737 MAX 8,9V-MBR,Departed 19:10,2026-07-27 06:02:44
SIN,departures,2026-07-26,17:50,18:25,SQ424,SIA424,BOM,Mumbai Chhatrapati Shivaji International Airport,Singapore Airlines,SQ,B77W,Boeing 777-312(ER),9V-SWQ,Departed 19:25,2026-07-27 06:02:44
SIN,departures,2026-07-26,18:00,18:48,KJ396,AIH396,BKK,Bangkok Suvarnabhumi Airport,AirZeta,KJ,B744,Boeing 747-409F,HL7645,Departed 19:48,2026-07-27 06:02:44
SIN,departures,2026-07-26,18:00,18:28,SQ994,SIA994,KNO,Medan Kuala Namu International Airport,Singapore Airlines,SQ,B38M,Boeing 737 MAX 8,9V-MBU,Departed 19:28,2026-07-27 06:02:44
SIN,departures,2026-07-26,18:00,18:23,SQ898,SIA898,HKG,Hong Kong International Airport,Singapore Airlines,SQ,A359,Airbus A350-941,9V-SHA,Departed 19:23,2026-07-27 06:02:44
SIN,departures,2026-07-26,18:00,19:01,CZ3044,CSN3044,CAN,Guangzhou Baiyun International Airport,China Southern Airlines,CZ,A21N,Airbus A321-271N,B-8369,Departed 20:01,2026-07-27 06:02:44
SIN,departures,2026-07-26,18:05,18:27,TR134,TGW134,XIY,Xi'an Xianyang International Airport,Scoot,TR,A20N,Airbus A320-271N,9V-TNE,Departed 19:27,2026-07-27 06:02:44
SIN,departures,2026-07-26,18:10,18:38,SQ142,SIA142,PEN,Penang International Airport,Singapore Airlines,SQ,B38M,Boeing 737 MAX 8,9V-MBK,Departed 19:38,2026-07-27 06:02:44
SIN,departures,2026-07-26,18:15,18:32,VJ890,VJC890,DAD,Da Nang International Airport,VietJet Air,VJ,A321,Airbus A321-211,VN-A667,Departed 19:32,2026-07-27 06:02:44
SIN,departures,2026-07-26,18:15,18:36,MH616,MAS616,KUL,Kuala Lumpur International Airport,Malaysia Airlines,MH,B738,Boeing 737-8H6,9M-MXN,Departed 19:36,2026-07-27 06:02:44
SIN,departures,2026-07-26,18:20,18:55,SQ247,SIA247,MEL,Melbourne Airport,Singapore Airlines,SQ,A359,Airbus A350-941,9V-SHT,Departed 19:55,2026-07-27 06:02:44
SIN,departures,2026-07-26,18:25,18:34,JQ87,JST087,DPS,Denpasar Ngurah Rai International Airport,Jetstar,JQ,A21N,Airbus A321-251NX(LR),VH-OYV,Departed 19:34,2026-07-27 06:02:44
SIN,departures,2026-07-26,18:30,18:43,VJ812,VJC812,SGN,Ho Chi Minh City International Airport,VietJet Air,VJ,A321,Airbus A321-211,VN-A648,Departed 19:43,2026-07-27 06:02:41
SIN,departures,2026-07-26,18:30,19:04,QF2,QFA2,SYD,Sydney Kingsford Smith Airport,Qantas,QF,A388,Airbus A380-842,VH-OQI,Departed 20:04,2026-07-27 06:02:44
SIN,departures,2026-07-26,18:35,18:52,SQ918,SIA918,MNL,Manila Ninoy Aquino International Airport,Singapore Airlines,SQ,B78X,Boeing 787-10 Dreamliner,9V-SCI,Departed 19:52,2026-07-27 06:02:41
SIN,departures,2026-07-26,18:35,18:41,QF72,QFA72,PER,Perth Airport,Qantas,QF,A332,Airbus A330-202,VH-EBC,Departed 19:41,2026-07-27 06:02:41
SIN,departures,2026-07-26,18:40,18:50,6E1458,IGO1458,BLR,Bengaluru Kempegowda International Airport,IndiGo,6E,A20N,Airbus A320-251N,VT-IOH,Departed 19:50,2026-07-27 06:02:41
SIN,departures,2026-07-26,18:40,18:53,QR947,QTR947,DOH,Doha Hamad International Airport,Qatar Airways,QR,A359,Airbus A350-941,A7-AMG,Departed 19:53,2026-07-27 06:02:41
SIN,departures,2026-07-26,18:45,18:59,6E1164,IGO1164,BOM,Mumbai Chhatrapati Shivaji International Airport,IndiGo,6E,A21N,Airbus A321-251NX,VT-NHC,Departed 19:59,2026-07-27 06:02:41
SIN,departures,2026-07-26,18:45,19:02,6E1014,IGO1014,DEL,Delhi Indira Gandhi International Airport,IndiGo,6E,A21N,Airbus A321-252NX,VT-NCH,Departed 20:02,2026-07-27 06:02:41
SIN,departures,2026-07-26,18:45,19:39,OD817,MXD817,SZB,Kuala Lumpur Subang Airport,Batik Air,ID,B738,Boeing 737-8GP,9M-LNM,Departed 20:39,2026-07-27 06:02:41
SIN,departures,2026-07-26,18:45,19:09,GA837,GIA837,CGK,Jakarta Soekarno Hatta International Airport,Garuda Indonesia,GA,B738,Boeing 737-8U3,PK-GMY,Departed 20:09,2026-07-27 06:02:41
SIN,departures,2026-07-26,18:50,19:08,SQ852,SIA852,CAN,Guangzhou Baiyun International Airport,Singapore Airlines,SQ,B38M,Boeing 737 MAX 8,9V-MBS,Departed 20:08,2026-07-27 06:02:41
SIN,departures,2026-07-26,18:50,19:27,SQ297,SIA297,CHC,Christchurch International Airport,Singapore Airlines,SQ,A359,Airbus A350-941,9V-SMI,Departed 20:27,2026-07-27 06:02:41
SIN,departures,2026-07-26,18:55,19:13,TR620,TGW620,BKK,Bangkok Suvarnabhumi Airport,Scoot,TR,A320,Airbus A320-232,9V-TRO,Departed 20:13,2026-07-27 06:02:41
SIN,departures,2026-07-26,18:55,19:23,TR498,TGW498,PEN,Penang International Airport,Scoot,TR,A21N,Airbus A321-271NX,9V-NCA,Departed 20:23,2026-07-27 06:02:41
SIN,departures,2026-07-26,18:55,19:11,TR434,TGW434,KCH,Kuching International Airport,Scoot,TR,A20N,Airbus A320-271N,9V-TNI,Departed 20:11,2026-07-27 06:02:41
SIN,departures,2026-07-26,18:55,19:33,SQ34,SIA34,SFO,San Francisco International Airport,Singapore Airlines,SQ,A359,Airbus A350-941,9V-SGE,Departed 20:33,2026-07-27 06:02:41
SIN,departures,2026-07-26,19:00,19:22,TR404,TGW404,KBR,Kota Bharu Sultan Ismail Petra Airport,Scoot,TR,E290,Embraer E190-E2,9V-THB,Departed 20:22,2026-07-27 06:02:41
SIN,departures,2026-07-26,19:00,19:19,SQ522,SIA522,HYD,Hyderabad Rajiv Gandhi International Airport,Singapore Airlines,SQ,A359,Airbus A350-941,9V-SHN,Departed 20:19,2026-07-27 06:02:41
SIN,departures,2026-07-26,19:00,19:30,SQ534,SIA534,COK,Cochin International Airport,Singapore Airlines,SQ,B38M,Boeing 737 MAX 8,9V-MBV,Departed 20:30,2026-07-27 06:02:41
SIN,departures,2026-07-26,19:00,19:14,SQ128,SIA128,KUL,Kuala Lumpur International Airport,Singapore Airlines,SQ,B38M,Boeing 737 MAX 8,9V-MBO,Departed 20:14,2026-07-27 06:02:41
SIN,departures,2026-07-26,19:00,19:21,PR512,PAL512,MNL,Manila Ninoy Aquino International Airport,Philippine Airlines,PR,A21N,Airbus A321-271NX,RP-C9938,Departed 20:21,2026-07-27 06:02:41
SIN,departures,2026-07-26,19:00,19:15,GF166,GFA166,BAH,Bahrain International Airport,Gulf Air,GF,B789,Boeing 787-9 Dreamliner,A9C-FF,Departed 20:15,2026-07-27 06:02:41
SIN,departures,2026-07-26,19:00,19:47,AK1772,AXM1772,KCH,Kuching International Airport,AirAsia,AK,A320,Airbus A320-216,9M-DAB,Departed 20:47,2026-07-27 06:02:41
SIN,departures,2026-07-26,19:05,19:35,SQ818,SIA818,CKG,Chongqing Jiangbei International Airport,Singapore Airlines,SQ,B38M,Boeing 737 MAX 8,9V-MBJ,Departed 20:35,2026-07-27 06:02:41
SIN,departures,2026-07-26,19:05,19:25,SQ510,SIA510,BLR,Bengaluru Kempegowda International Airport,Singapore Airlines,SQ,A359,Airbus A350-941,9V-SHO,Departed 20:25,2026-07-27 06:02:41
SIN,departures,2026-07-26,19:05,19:17,CX636,CPA636,HKG,Hong Kong International Airport,Cathay Pacific,CX,A333,Airbus A330-342,B-LAJ,Departed 20:17,2026-07-27 06:02:41
SIN,departures,2026-07-26,19:10,19:31,UL309,ALK309,CMB,Colombo Bandaranaike International Airport,SriLankan Airlines,UL,A320,Airbus A320-232,4R-ABT,Departed 20:31,2026-07-27 06:02:41
SIN,departures,2026-07-26,19:15,19:36,QF36,QFA36,MEL,Melbourne Airport,Qantas,QF,A332,Airbus A330-202,VH-EBB,Departed 20:36,2026-07-27 06:02:41
SIN,departures,2026-07-26,19:15,19:54,PG962,BKP962,USM,Koh Samui Airport,Bangkok Airways,PG,A319,Airbus A319-132,HS-PGX,Departed 20:54,2026-07-27 06:02:41
SIN,departures,2026-07-26,19:20,19:45,BA15,BAW15,SYD,Sydney Kingsford Smith Airport,British Airways,BA,B789,Boeing 787-9 Dreamliner,G-ZBKN,Departed 20:45,2026-07-27 06:02:41
SIN,departures,2026-07-26,19:25,19:49,SQ7846,SIA7846,PVG,Shanghai Pudong International Airport,Singapore Airlines Cargo,SQ,B744,Boeing 747-412F(SCD),9V-SFQ,Departed 20:49,2026-07-27 06:02:41
SIN,departures,2026-07-26,19:25,19:44,SQ528,SIA528,MAA,Chennai International Airport,Singapore Airlines,SQ,B78X,Boeing 787-10 Dreamliner,9V-SCD,Departed 20:44,2026-07-27 06:02:41
SIN,departures,2026-07-26,19:25,19:51,SQ438,SIA438,MLE,Male Velana International Airport,Singapore Airlines,SQ,A359,Airbus A350-941,9V-SHD,Departed 20:51,2026-07-27 06:02:41
SIN,departures,2026-07-26,19:30,20:21,TR740,TGW740,CJB,Coimbatore International Airport,Scoot,TR,A21N,Airbus A321-271NX,9V-NCB,Departed 21:21,2026-07-27 06:02:41
SIN,departures,2026-07-26,19:30,19:53,TR730,TGW730,TRV,Thiruvananthapuram International Airport,Scoot,TR,A20N,Airbus A320-271N,9V-TNK,Departed 20:53,2026-07-27 06:02:41
SIN,departures,2026-07-26,19:30,20:03,TR466,TGW466,KUL,Kuala Lumpur International Airport,Scoot,TR,B789,Boeing 787-9 Dreamliner,9V-OJA,Departed 21:03,2026-07-27 06:02:41
SIN,departures,2026-07-26,19:30,20:01,TR272,TGW272,CGK,Jakarta Soekarno Hatta International Airport,Scoot,TR,A320,Airbus A320-232,9V-TRU,Departed 21:01,2026-07-27 06:02:41
SIN,departures,2026-07-26,19:30,19:40,QF52,QFA52,BNE,Brisbane Airport,Qantas,QF,A332,Airbus A330-202,VH-EBK,Departed 20:40,2026-07-27 06:02:41
SIN,departures,2026-07-26,19:35,20:18,UA28,UAL28,SFO,San Francisco International Airport,United Airlines,UA,B789,Boeing 787-9 Dreamliner,N51104,Departed 21:18,2026-07-27 06:02:41
SIN,departures,2026-07-26,19:40,20:07,SQ516,SIA516,CCU,Kolkata Subhas Chandra Bose International Airport,Singapore Airlines,SQ,B38M,Boeing 737 MAX 8,9V-MBA,Departed 21:07,2026-07-27 06:02:41
SIN,departures,2026-07-26,19:40,20:04,SQ446,SIA446,DAC,Dhaka Shahjalal International Airport,Singapore Airlines,SQ,B78X,Boeing 787-10 Dreamliner,9V-SDC,Departed 21:04,2026-07-27 06:02:41
SIN,departures,2026-07-26,19:45,20:12,SQ856,SIA856,SZX,Shenzhen Bao'an International Airport,Singapore Airlines (1000th 787 Dreamliner Sticker),SQ,B78X,Boeing 787-10 Dreamliner,9V-SCP,Departed 21:12,2026-07-27 06:02:41
SIN,departures,2026-07-26,19:45,20:16,SQ221,SIA221,SYD,Sydney Kingsford Smith Airport,Singapore Airlines,SQ,A388,Airbus A380-841,9V-SKZ,Departed 21:16,2026-07-27 06:02:41
SIN,departures,2026-07-26,19:45,20:10,SQ38,SIA38,LAX,Los Angeles International Airport,Singapore Airlines,SQ,A359,Airbus A350-941,9V-SJF,Departed 21:10,2026-07-27 06:02:41
SIN,departures,2026-07-26,19:45,19:56,AK718,AXM718,KUL,Kuala Lumpur International Airport,AirAsia,AK,A320,Airbus A320-216,9M-RAD,Departed 20:56,2026-07-27 06:02:41
SIN,departures,2026-07-26,19:50,20:31,WY892,OMA892,MCT,Muscat International Airport,Oman Air,WY,B38M,Boeing 737 MAX 8,A4O-MJ,Departed 21:31,2026-07-27 06:02:41
SIN,departures,2026-07-26,19:50,20:09,TG410,THA410,BKK,Bangkok Suvarnabhumi Airport,Thai Airways,TG,B77W,Boeing 777-3AL(ER),HS-TKR,Departed 21:09,2026-07-27 06:02:41
SIN,departures,2026-07-26,19:50,21:43,CZ8048,CSN8048,SZX,Shenzhen Bao'an International Airport,China Southern Airlines,CZ,A21N,Airbus A321-253NX,B-30EV,Departed 22:43,2026-07-27 06:02:41
SIN,departures,2026-07-26,19:50,20:00,AK1730,AXM1730,PEN,Penang International Airport,AirAsia,AK,A320,Airbus A320-216,9M-AGU,Departed 21:00,2026-07-27 06:02:41
SIN,departures,2026-07-26,20:00,20:24,8M234,MMA234,RGN,Yangon International Airport,Myanmar Airways International,8M,A319,Airbus A319-112,XY-ALZ,Departed 21:24,2026-07-27 06:02:41
SIN,departures,2026-07-26,20:00,20:27,ZH250,CSZ250,SZX,Shenzhen Bao'an International Airport,Shenzhen Airlines,ZH,A333,Airbus A330-343,B-8865,Departed 21:27,2026-07-27 06:02:41
SIN,departures,2026-07-26,20:00,20:33,VN656,HVN656,SGN,Ho Chi Minh City International Airport,Vietnam Airlines,VN,A321,Airbus A321-231,VN-A358,Departed 21:33,2026-07-27 06:02:41
SIN,departures,2026-07-26,20:00,20:20,QG527,CTV527,CGK,Jakarta Soekarno Hatta International Airport,Citilink,QG,A320,Airbus A320-214,PK-GQF,Departed 21:20,2026-07-27 06:02:41
SIN,departures,2026-07-26,20:00,20:39,QF82,QFA82,SYD,Sydney Kingsford Smith Airport,Qantas,QF,A388,Airbus A380-842,VH-OQB,Departed 21:39,2026-07-27 06:02:41
SIN,departures,2026-07-26,20:00,,JQ8,,MEL,Melbourne Airport,Jetstar,JQ,788,,,Canceled,2026-07-27 06:02:41
SIN,departures,2026-07-26,20:00,20:14,EY499,ETD499,AUH,Abu Dhabi Zayed International Airport,Etihad Airways,EY,B789,Boeing 787-9 Dreamliner,A6-BLC,Departed 21:14,2026-07-27 06:02:41
SIN,departures,2026-07-26,20:10,20:50,TR580,TGW580,CEB,Cebu Mactan International Airport,Scoot,TR,A21N,Airbus A321-271NX,9V-NCL,Departed 21:50,2026-07-27 06:02:41
SIN,departures,2026-07-26,20:15,20:44,TR346,TGW346,DPS,Denpasar Ngurah Rai International Airport,Scoot,TR,A21N,Airbus A321-271NX,9V-NCC,Departed 21:44,2026-07-27 06:02:41
SIN,departures,2026-07-26,20:15,20:23,MY364,BNE364,KCH,Kuching International Airport,AirBorneo,MY,B738,Boeing 737-8U3,9M-LCV,Departed 21:23,2026-07-27 06:02:41
SIN,departures,2026-07-26,20:15,20:26,MH610,MAS610,KUL,Kuala Lumpur International Airport,Malaysia Airlines,MH,B738,Boeing 737-8H6,9M-MXB,Departed 21:26,2026-07-27 06:02:41
SIN,departures,2026-07-26,20:20,20:36,TR778,TGW778,MAA,Chennai International Airport,Scoot,TR,B788,Boeing 787-8 Dreamliner,9V-OFA,Departed 21:36,2026-07-27 06:02:41
SIN,departures,2026-07-26,20:20,20:34,AK720,AXM720,KUL,Kuala Lumpur International Airport,AirAsia,AK,A320,Airbus A320-216,9M-AHT,Departed 21:34,2026-07-27 06:02:41
SIN,departures,2026-07-26,20:30,23:28,OD806,MXD806,KUL,Kuala Lumpur International Airport,Batik Air,ID,B38M,Boeing 737 MAX 8,9M-LRJ,Departed 00:28,2026-07-27 06:02:41
SIN,departures,2026-07-26,20:30,20:45,ID7152,BTK7152,CGK,Jakarta Soekarno Hatta International Airport,Batik Air,ID,B738,Boeing 737-8GP,PK-LDJ,Departed 21:45,2026-07-27 06:02:41
SIN,departures,2026-07-26,20:30,20:37,BI424,RBA424,BWN,Brunei International Airport,Royal Brunei Airlines,BI,B788,Boeing 787-8 Dreamliner,V8-DLC,Departed 21:37,2026-07-27 06:02:41
SIN,departures,2026-07-26,20:35,20:48,SQ948,SIA948,DPS,Denpasar Ngurah Rai International Airport,Singapore Airlines,SQ,B78X,Boeing 787-10 Dreamliner,9V-SCE,Departed 21:48,2026-07-27 06:02:41
SIN,departures,2026-07-26,20:35,20:58,SQ235,SIA235,BNE,Brisbane Airport,Singapore Airlines,SQ,A359,Airbus A350-941,9V-SHH,Departed 21:58,2026-07-27 06:02:41
SIN,departures,2026-07-26,20:35,20:41,AY132,FIN132,HEL,Helsinki Vantaa Airport,Finnair,AY,A359,Airbus A350-941,OH-LWM,Departed 21:41,2026-07-27 06:02:41
SIN,departures,2026-07-26,20:40,21:04,TR758,TGW758,TRZ,Tiruchirappalli International Airport,Scoot,TR,A21N,Airbus A321-271NX,9V-NCM,Departed 22:04,2026-07-27 06:02:41
SIN,departures,2026-07-26,20:45,20:55,SL105,TLM105,DMK,Bangkok Don Mueang International Airport,Thai Lion Air,SL,B739,Boeing 737-9GP(ER),HS-LVK,Departed 21:55,2026-07-27 06:02:41
SIN,departures,2026-07-26,20:45,20:57,GA839,GIA839,CGK,Jakarta Soekarno Hatta International Airport,Garuda Indonesia,GA,B738,Boeing 737-8U3,PK-GMF,Departed 21:57,2026-07-27 06:02:41
SIN,departures,2026-07-26,20:50,21:18,QF219,QFA219,LHR,London Heathrow Airport,Qantas,QF,B789,Boeing 787-9 Dreamliner,VH-ZNI,Departed 22:18,2026-07-27 06:02:41
SIN,departures,2026-07-26,20:50,21:02,JL36,JAL36,HND,Tokyo Haneda International Airport,Japan Airlines,JL,B789,Boeing 787-9 Dreamliner,JA874J,Departed 22:02,2026-07-27 06:02:41
SIN,departures,2026-07-26,20:55,21:00,SQ968,SIA968,CGK,Jakarta Soekarno Hatta International Airport,Singapore Airlines,SQ,A359,Airbus A350-941,9V-SHE,Departed 22:00,2026-07-27 06:02:41
SIN,departures,2026-07-26,21:00,21:11,TR160,TGW160,KMG,Kunming Changshui International Airport,Scoot,TR,A20N,Airbus A320-271N,9V-TNJ,Departed 22:11,2026-07-27 06:02:41
SIN,departures,2026-07-26,21:00,21:08,NH844,ANA844,HND,Tokyo Haneda International Airport,All Nippon Airways,NH,B789,Boeing 787-9 Dreamliner,JA890A,Departed 22:08,2026-07-27 06:02:41
SIN,departures,2026-07-26,21:00,21:19,KE644,KAL644,ICN,Seoul Incheon International Airport,Korean Air,KE,B77W,Boeing 777-3B5(ER),HL8216,Departed 22:19,2026-07-27 06:02:41
SIN,departures,2026-07-26,21:05,21:40,SQ536,SIA536,COK,Cochin International Airport,Singapore Airlines,SQ,B38M,Boeing 737 MAX 8,9V-MBP,Departed 22:40,2026-07-27 06:02:41
SIN,departures,2026-07-26,21:10,21:31,SQ227,SIA227,MEL,Melbourne Airport,Singapore Airlines,SQ,B77W,Boeing 777-312(ER),9V-SWY,Departed 22:31,2026-07-27 06:02:41
SIN,departures,2026-07-26,21:20,21:35,6E1344,IGO1344,MAA,Chennai International Airport,IndiGo,6E,A21N,Airbus A321-252NX,VT-ICF,Departed 22:35,2026-07-27 06:02:41
SIN,departures,2026-07-26,21:20,21:37,SQ468,SIA468,CMB,Colombo Bandaranaike International Airport,Singapore Airlines,SQ,B78X,Boeing 787-10 Dreamliner,9V-SCC,Departed 22:37,2026-07-27 06:02:41
SIN,departures,2026-07-26,21:20,21:44,AF257,AFR257,CDG,Paris Charles de Gaulle Airport,Air France,AF,B77W,Boeing 777-328(ER),F-GZND,Departed 22:44,2026-07-27 06:02:41
SIN,departures,2026-07-26,21:40,22:06,BA16,BAW16,LHR,London Heathrow Airport,British Airways,BA,B789,Boeing 787-9 Dreamliner,G-ZBKB,Departed 23:06,2026-07-27 06:02:41
SIN,departures,2026-07-26,21:45,23:20,LH769,DLH769,MUC,Munich Airport,Lufthansa,LH,A359,Airbus A350-941,D-AIXM,Departed 00:20,2026-07-27 06:02:41
SIN,departures,2026-07-26,21:50,22:04,SQ636,SIA636,HND,Tokyo Haneda International Airport,Singapore Airlines,SQ,A359,Airbus A350-941,9V-SHG,Departed 23:04,2026-07-27 06:02:41
SIN,departures,2026-07-26,21:50,22:35,SQ285,SIA285,AKL,Auckland Airport,Singapore Airlines,SQ,B77W,Boeing 777-312(ER),9V-SNB,Departed 23:35,2026-07-27 06:02:41
SIN,departures,2026-07-26,21:55,22:01,TR766,TGW766,TRZ,Tiruchirappalli International Airport,Scoot,TR,A20N,Airbus A320-271N,9V-TNH,Departed 23:01,2026-07-27 06:02:41
SIN,departures,2026-07-26,21:55,,FY3681,,KUL,Kuala Lumpur International Airport,Firefly,FY,738,,,Unknown,2026-07-27 06:02:41
SIN,departures,2026-07-26,22:00,22:42,TW162,TWB162,ICN,Seoul Incheon International Airport,T'Way Air,TW,A333,Airbus A330-343,HL8561,Departed 23:42,2026-07-27 06:02:41
SIN,departures,2026-07-26,22:00,22:33,SQ322,SIA322,LHR,London Heathrow Airport,Singapore Airlines,SQ,A388,Airbus A380-841,9V-SKN,Departed 23:33,2026-07-27 06:02:41
SIN,departures,2026-07-26,22:00,22:18,AI2383,AIC2383,DEL,Delhi Indira Gandhi International Airport,Air India,AI,A21N,Airbus A321-251NX,VT-TVB,Departed 23:18,2026-07-27 06:02:41
SIN,departures,2026-07-26,22:05,22:08,TR884,TGW884,NRT,Tokyo Narita International Airport,Scoot (Pokémon Livery),TR,B789,Boeing 787-9 Dreamliner,9V-OJJ,Departed 23:08,2026-07-27 06:02:41
SIN,departures,2026-07-26,22:05,22:36,TK55,THY55,IST,Istanbul Airport,Turkish Airlines,TK,B77W,Boeing 777-3F2(ER),TC-JJM,Departed 23:36,2026-07-27 06:02:41
SIN,departures,2026-07-26,22:10,22:31,QF54,QFA54,BNE,Brisbane Airport,Qantas,QF,A332,Airbus A330-202,VH-EBD,Departed 23:31,2026-07-27 06:02:41
SIN,departures,2026-07-26,22:10,22:58,MU566,CES566,PVG,Shanghai Pudong International Airport,China Eastern Airlines,MU,A332,Airbus A330-243,B-5941,Departed 23:58,2026-07-27 06:02:41
SIN,departures,2026-07-26,22:15,22:38,SQ616,SIA616,PUS,Busan Gimhae International Airport,Singapore Airlines,SQ,B38M,Boeing 737 MAX 8,9V-MBC,Departed 23:38,2026-07-27 06:02:41
SIN,departures,2026-07-26,22:20,22:56,8B156,TNU156,CGK,Jakarta Soekarno Hatta International Airport,TransNusa,8B,A321,Airbus A321-211,PK-TLM,Departed 23:56,2026-07-27 06:02:41
SIN,departures,2026-07-26,22:20,22:52,QF1,QFA1,LHR,London Heathrow Airport,Qantas,QF,A388,Airbus A380-842,VH-OQH,Departed 23:52,2026-07-27 06:02:41
SIN,departures,2026-07-26,22:20,22:45,BA12,BAW12,LHR,London Heathrow Airport,British Airways,BA,B77W,Boeing 777-336(ER),G-STBA,Departed 23:45,2026-07-27 06:02:41
SIN,departures,2026-07-26,22:25,23:06,LX177,SWR177,ZRH,Zurich Airport,Swiss,LX,B77W,Boeing 777-3DE(ER),HB-JNB,Departed 00:06,2026-07-27 06:02:38
SIN,departures,2026-07-26,22:25,23:42,CA970,CCA970,PEK,Beijing Capital International Airport,Air China,CA,B789,Boeing 787-9 Dreamliner,B-7899,Departed 00:42,2026-07-27 06:02:41
SIN,departures,2026-07-26,22:25,22:39,AK722,AXM722,KUL,Kuala Lumpur International Airport,AirAsia,AK,A320,Airbus A320-216,9M-RAV,Departed 23:39,2026-07-27 06:02:41
SIN,departures,2026-07-26,22:30,22:46,SQ356,SIA356,MXP,Milan Malpensa Airport,"Singapore Airlines (10,000th Airbus Sticker)",SQ,A359,Airbus A350-941,9V-SMF,Departed 23:46,2026-07-27 06:02:38
SIN,departures,2026-07-26,22:30,22:44,QF38,QFA38,MEL,Melbourne Airport,Qantas,QF,A332,Airbus A330-203,VH-EBL,Departed 23:44,2026-07-27 06:02:38
SIN,departures,2026-07-26,22:35,22:54,SQ388,SIA388,BCN,Barcelona El Prat Airport,Singapore Airlines,SQ,A359,Airbus A350-941,9V-SMB,Departed 23:54,2026-07-27 06:02:38
SIN,departures,2026-07-26,22:35,23:04,SQ22,SIA22,EWR,New York Newark Liberty International Airport,Singapore Airlines,SQ,A359,Airbus A350-941,9V-SGB,Departed 00:04,2026-07-27 06:02:38
SIN,departures,2026-07-26,22:40,23:17,LH781,DLH781,FRA,Frankfurt Airport,Lufthansa,LH,B744,Boeing 747-430,D-ABVU,Departed 00:17,2026-07-27 06:02:38
SIN,departures,2026-07-26,22:45,23:01,HO1576,DKH1576,PVG,Shanghai Pudong International Airport,Juneyao Air,HO,A20N,Airbus A320-271N,B-32EA,Departed 00:01,2026-07-27 06:02:38
SIN,departures,2026-07-26,22:55,23:14,SQ638,SIA638,NRT,Tokyo Narita International Airport,Singapore Airlines,SQ,B78X,Boeing 787-10 Dreamliner,9V-SCZ,Departed 00:14,2026-07-27 06:02:38
SIN,departures,2026-07-26,22:55,23:13,SQ304,SIA304,BRU,Brussels Airport,Singapore Airlines,SQ,A359,Airbus A350-941,9V-SJI,Departed 00:13,2026-07-27 06:02:38
SIN,departures,2026-07-26,22:55,23:31,SQ324,SIA324,AMS,Amsterdam Schiphol Airport,Singapore Airlines,SQ,B77W,Boeing 777-312(ER),9V-SWG,Departed 00:31,2026-07-27 06:02:38
SIN,departures,2026-07-26,22:55,23:30,SQ312,SIA312,LGW,London Gatwick Airport,Singapore Airlines,SQ,A359,Airbus A350-941,9V-SMM,Departed 00:30,2026-07-27 06:02:38
SIN,departures,2026-07-26,22:55,23:10,SQ26,SIA26,FRA,Frankfurt Airport,Singapore Airlines (Star Alliance Livery),SQ,B77W,Boeing 777-312(ER),9V-SWJ,Departed 00:10,2026-07-27 06:02:38
SIN,departures,2026-07-26,23:05,23:26,SQ352,SIA352,CPH,Copenhagen Airport,Singapore Airlines,SQ,A359,Airbus A350-941,9V-SJA,Departed 00:26,2026-07-27 06:02:38
SIN,departures,2026-07-26,23:05,23:24,SQ328,SIA328,MUC,Munich Airport,Singapore Airlines,SQ,A359,Airbus A350-941,9V-SMH,Departed 00:24,2026-07-27 06:02:38
SIN,departures,2026-07-26,23:10,23:43,SQ225,SIA225,PER,Perth Airport,Singapore Airlines,SQ,B78X,Boeing 787-10 Dreamliner,9V-SDA,Departed 00:43,2026-07-27 06:02:38
SIN,departures,2026-07-26,23:15,23:40,SQ336,SIA336,CDG,Paris Charles de Gaulle Airport,Singapore Airlines,SQ,B77W,Boeing 777-312(ER),9V-SWP,Departed 00:40,2026-07-27 06:02:38
SIN,departures,2026-07-26,23:20,23:36,SQ608,SIA608,ICN,Seoul Incheon International Airport,Singapore Airlines,SQ,B78X,Boeing 787-10 Dreamliner,9V-SDB,Departed 00:36,2026-07-27 06:02:38
SIN,departures,2026-07-26,23:25,23:38,7C2662,JJA2662,PUS,Busan Gimhae International Airport,Jeju Air,7C,B38M,Boeing 737 MAX 8,HL8594,Departed 00:38,2026-07-27 06:02:38
SIN,departures,2026-07-26,23:30,23:56,SQ810,SIA810,PKX,Beijing Daxing International Airport,Singapore Airlines,SQ,B78X,Boeing 787-10 Dreamliner,9V-SCJ,Departed 00:56,2026-07-27 06:02:38
SIN,departures,2026-07-26,23:35,23:54,TR828,TGW828,CJU,Jeju International Airport,Scoot,TR,A20N,Airbus A320-271N,9V-TNG,Departed 00:54,2026-07-27 06:02:38
SIN,departures,2026-07-26,23:35,00:29,PR510,PAL510,MNL,Manila Ninoy Aquino International Airport,Philippine Airlines,PR,A321,Airbus A321-231,RP-C9915,Departed 01:29,2026-07-27 06:02:38
SIN,departures,2026-07-26,23:45,00:06,SQ255,SIA255,BNE,Brisbane Airport,Singapore Airlines,SQ,A359,Airbus A350-941,9V-SHJ,Departed 01:06,2026-07-27 06:02:38
SIN,departures,2026-07-26,23:45,00:02,SQ231,SIA231,SYD,Sydney Kingsford Smith Airport,Singapore Airlines,SQ,A388,Airbus A380-841,9V-SKW,Departed 01:02,2026-07-27 06:02:38
SIN,departures,2026-07-26,23:50,00:24,7C2624,JJA2624,ICN,Seoul Incheon International Airport,Jeju Air,7C,B38M,Boeing 737 MAX 8,HL8552,Departed 01:24,2026-07-27 06:02:38
SIN,departures,2026-07-26,23:50,00:18,EK353,UAE353,DXB,Dubai International Airport,Emirates,EK,A388,Airbus A380-861,A6-EED,Departed 01:18,2026-07-27 06:02:38
SIN,departures,2026-07-26,23:55,00:26,MU5032,CES5032,PKX,Beijing Daxing International Airport,China Eastern Airlines,MU,A20N,Airbus A320-251N,B-32CX,Departed 01:26,2026-07-27 06:02:38
SIN,departures,2026-07-26,23:55,00:00,MU544,CES544,PVG,Shanghai Pudong International Airport,China Eastern Airlines,MU,B789,Boeing 787-9 Dreamliner,B-220D,Departed 01:00,2026-07-27 06:02:38
SIN,departures,2026-07-26,23:55,00:20,KL836,KLM836,AMS,Amsterdam Schiphol Airport,KLM,KL,B77W,Boeing 777-300(ER),PH-BVV,Departed 01:20,2026-07-27 06:02:38
SUB,arrivals,2026-07-26,04:45,05:53,GA975,GIA975,JED,Jeddah King Abdulaziz International Airport,Garuda Indonesia,GA,A339,Airbus A330-941,PK-GHI,Landed 05:53,2026-07-27 05:59:32
SUB,arrivals,2026-07-26,06:05,06:08,JT865,LNI865,LOP,Lombok International Airport,Lion Air,JT,B739,Boeing 737-9GP(ER),PK-LJG,Landed 06:08,2026-07-27 05:59:32
SUB,arrivals,2026-07-26,06:30,06:20,JT363,LNI363,BPN,Balikpapan Sepinggan Airport,Lion Air (50th 737-900ER Livery),JT,B739,Boeing 737-9GP(ER),PK-LHY,Landed 06:20,2026-07-27 05:59:32
SUB,arrivals,2026-07-26,06:40,06:25,QG170,CTV170,CGK,Jakarta Soekarno Hatta International Airport,Citilink,QG,A20N,Airbus A320-251N,PK-GTF,Landed 06:25,2026-07-27 05:59:32
SUB,arrivals,2026-07-26,07:00,,JT693,,KOE,Kupang El Tari Airport,Lion Air,JT,739,,,Unknown,2026-07-27 05:59:32
SUB,arrivals,2026-07-26,07:00,06:44,IU705,SJV705,DPS,Denpasar Ngurah Rai International Airport,Super Air Jet,IU,A320,Airbus A320-232,PK-STF,Landed 06:44,2026-07-27 05:59:32
SUB,arrivals,2026-07-26,07:10,07:01,JT315,LNI315,BDJ,Banjarmasin Syamsudin Noor Airport,Lion Air,JT,B739,Boeing 737-9GP(ER),PK-LSL,Landed 07:01,2026-07-27 05:59:32
SUB,arrivals,2026-07-26,07:15,06:49,QG690,CTV690,DPS,Denpasar Ngurah Rai International Airport,Citilink,QG,A20N,Airbus A320-251N,PK-GTA,Landed 06:49,2026-07-27 05:59:32
SUB,arrivals,2026-07-26,07:30,,ID6572,,CGK,Jakarta Soekarno Hatta International Airport,Batik Air,ID,320,,,Canceled,2026-07-27 05:59:32
SUB,arrivals,2026-07-26,07:40,07:34,JT837,LNI837,PNK,Pontianak Supadio Airport,Lion Air,JT,B738,Boeing 737-8GP,PK-LOI,Landed 07:34,2026-07-27 05:59:32
SUB,arrivals,2026-07-26,07:45,07:31,QG738,CTV738,CGK,Jakarta Soekarno Hatta International Airport,Citilink,QG,A320,Airbus A320-214,PK-GQE,Landed 07:31,2026-07-27 05:59:32
SUB,arrivals,2026-07-26,08:00,07:38,IW1881,WON1881,BWX,Blimbingsari Airport,Wings Air,IW,AT76,ATR 72-600,PK-WGV,Landed 07:38,2026-07-27 05:59:32
SUB,arrivals,2026-07-26,08:20,08:49,JT103,LNI103,JED,Jeddah King Abdulaziz International Airport,Lion Air,JT,A339,Airbus A330-941,PK-LEI,Landed 08:49,2026-07-27 05:59:32
SUB,arrivals,2026-07-26,08:25,,JT981,,UPG,Makassar Sultan Hasanuddin International Airport,Lion Air,JT,738,,,Unknown,2026-07-27 05:59:32
SUB,arrivals,2026-07-26,08:25,,JT801,,UPG,Makassar Sultan Hasanuddin International Airport,Lion Air,JT,739,,,Unknown,2026-07-27 05:59:32
SUB,arrivals,2026-07-26,08:25,,JT781,,UPG,Makassar Sultan Hasanuddin International Airport,Lion Air,JT,738,,,Unknown,2026-07-27 05:59:32
SUB,arrivals,2026-07-26,08:30,08:09,IU649,SJV649,BPN,Balikpapan Sepinggan Airport,Super Air Jet,IU,A320,Airbus A320-232,PK-STH,Landed 08:09,2026-07-27 05:59:32
SUB,arrivals,2026-07-26,08:30,08:14,GA304,GIA304,CGK,Jakarta Soekarno Hatta International Airport,Garuda Indonesia,GA,B738,Boeing 737-8U3,PK-GFH,Landed 08:14,2026-07-27 05:59:32
SUB,arrivals,2026-07-26,08:45,08:28,QG435,CTV435,BPN,Balikpapan Sepinggan Airport,Citilink,QG,A20N,Airbus A320-251N,PK-GTG,Landed 08:28,2026-07-27 05:59:32
SUB,arrivals,2026-07-26,08:50,,IU715,,LOP,Lombok International Airport,Super Air Jet,IU,A320,Airbus A320-232,PK-SJD,Unknown,2026-07-27 05:59:32
SUB,arrivals,2026-07-26,08:50,08:33,QG671,CTV671,LOP,Lombok International Airport,Citilink,QG,A320,Airbus A320-214,PK-GLQ,Landed 08:33,2026-07-27 05:59:32
SUB,arrivals,2026-07-26,08:50,08:55,IU715,SJV715,LOP,Lombok International Airport,Super Air Jet,IU,A320,Airbus A320-232,PK-SJD,Landed 08:55,2026-07-27 05:59:32
SUB,arrivals,2026-07-26,08:55,08:23,QG485,CTV485,BDJ,Banjarmasin Syamsudin Noor Airport,Citilink,QG,A320,Airbus A320-214,PK-GLO,Landed 08:23,2026-07-27 05:59:32
SUB,arrivals,2026-07-26,09:10,09:11,SQ922,SIA922,SIN,Singapore Changi Airport,Singapore Airlines,SQ,A359,Airbus A350-941,9V-SHG,Landed 09:11,2026-07-27 05:59:32
SUB,arrivals,2026-07-26,09:10,09:04,MH871,MAS871,KUL,Kuala Lumpur International Airport,Malaysia Airlines,MH,B738,Boeing 737-8H6,9M-MXQ,Landed 09:04,2026-07-27 05:59:32
SUB,arrivals,2026-07-26,09:15,10:48,QG691,CTV691,DPS,Denpasar Ngurah Rai International Airport,Citilink,QG,A320,Airbus A320-214,PK-GQD,Landed 10:48,2026-07-27 05:59:32
SUB,arrivals,2026-07-26,09:25,09:41,IN243,LKN243,SMQ,Sampit Airport,Nam Air,IN,B735,Boeing 737-524,PK-NAQ,Landed 09:41,2026-07-27 05:59:32
SUB,arrivals,2026-07-26,09:30,09:21,ID6584,BTK6584,CGK,Jakarta Soekarno Hatta International Airport,Batik Air,ID,B738,Boeing 737-8GP,PK-LDK,Landed 09:21,2026-07-27 05:59:32
SUB,arrivals,2026-07-26,09:30,09:14,GA302,GIA302,CGK,Jakarta Soekarno Hatta International Airport,Garuda Indonesia,GA,B738,Boeing 737-86N,PK-GFJ,Landed 09:14,2026-07-27 05:59:32
SUB,arrivals,2026-07-26,09:50,09:25,TR296,TGW296,SIN,Singapore Changi Airport,Scoot,TR,A20N,Airbus A320-271N,9V-TNG,Landed 09:25,2026-07-27 05:59:32
SUB,arrivals,2026-07-26,09:55,09:28,QG722,CTV722,CGK,Jakarta Soekarno Hatta International Airport,Citilink,QG,A320,Airbus A320-214,PK-GLG,Landed 09:28,2026-07-27 05:59:32
SUB,arrivals,2026-07-26,09:55,09:49,IP202,PAS202,CGK,Jakarta Soekarno Hatta International Airport,Pelita Air,IP,A320,Airbus A320-232,PK-PWL,Landed 09:49,2026-07-27 05:59:32
SUB,arrivals,2026-07-26,10:15,09:55,ID7513,BTK7513,HLP,Jakarta Halim Perdanakusuma Airport,Batik Air,ID,A320,Airbus A320-214,PK-LUW,Landed 09:55,2026-07-27 05:59:32
SUB,arrivals,2026-07-26,10:25,10:18,JT697,LNI697,KOE,Kupang El Tari Airport,Lion Air,JT,B738,Boeing 737-8GP,PK-LKQ,Landed 10:18,2026-07-27 05:59:32
SUB,arrivals,2026-07-26,10:25,10:14,GA322,GIA322,CGK,Jakarta Soekarno Hatta International Airport,Garuda Indonesia,GA,B738,Boeing 737-8U3,PK-GMI,Landed 10:14,2026-07-27 05:59:32
SUB,arrivals,2026-07-26,10:30,10:08,JT791,LNI791,UPG,Makassar Sultan Hasanuddin International Airport,Lion Air,JT,B738,Boeing 737-8GP,PK-LJS,Landed 10:08,2026-07-27 05:59:32
SUB,arrivals,2026-07-26,10:35,,JT1707,,UPG,Makassar Sultan Hasanuddin International Airport,Lion Air,JT,739,,,Unknown,2026-07-27 05:59:32
SUB,arrivals,2026-07-26,10:35,10:30,JT805,LNI805,DPS,Denpasar Ngurah Rai International Airport,Lion Air,JT,B739,Boeing 737-9GP(ER),PK-LSL,Landed 10:30,2026-07-27 05:59:32
SUB,arrivals,2026-07-26,10:35,,JT680,,UPG,Makassar Sultan Hasanuddin International Airport,Lion Air,JT,738,,,Unknown,2026-07-27 05:59:32
SUB,arrivals,2026-07-26,10:35,10:22,JT694,LNI694,CGK,Jakarta Soekarno Hatta International Airport,Lion Air,JT,B738,Boeing 737-8GP,PK-LOJ,Landed 10:22,2026-07-27 05:59:32
SUB,arrivals,2026-07-26,10:35,,JT241,,CGK,Jakarta Soekarno Hatta International Airport,Lion Air,JT,739,,,Unknown,2026-07-27 05:59:32
SUB,arrivals,2026-07-26,10:45,10:41,QZ321,AWQ321,KUL,Kuala Lumpur International Airport,AirAsia,AK,A320,Airbus A320-216,PK-AZO,Landed 10:41,2026-07-27 05:59:32
SUB,arrivals,2026-07-26,10:55,10:26,QG718,CTV718,CGK,Jakarta Soekarno Hatta International Airport,Citilink,QG,A320,Airbus A320-214,PK-GLL,Landed 10:26,2026-07-27 05:59:32
SUB,arrivals,2026-07-26,10:55,11:02,OD352,MXD352,KUL,Kuala Lumpur International Airport,Batik Air,ID,B38M,Boeing 737 MAX 8,9M-LRW,Landed 11:02,2026-07-27 05:59:32
SUB,arrivals,2026-07-26,10:55,10:38,JT970,LNI970,BTH,Batam Hang Nadim Airport,Lion Air,JT,B739,Boeing 737-9GP(ER),PK-LHS,Landed 10:38,2026-07-27 05:59:32
SUB,arrivals,2026-07-26,10:55,10:44,ID7517,BTK7517,HLP,Jakarta Halim Perdanakusuma Airport,Batik Air,ID,A320,Airbus A320-232,PK-BKR,Landed 10:44,2026-07-27 05:59:32
SUB,arrivals,2026-07-26,10:55,10:34,ID6134,BTK6134,PKN,Pangkalan Bun Iskandar Airport,Batik Air,ID,A320,Airbus A320-214,PK-LUG,Landed 10:34,2026-07-27 05:59:32
SUB,arrivals,2026-07-26,11:20,11:17,JT223,LNI223,BDJ,Banjarmasin Syamsudin Noor Airport,Lion Air,JT,B738,Boeing 737-8GP,PK-LOI,Landed 11:17,2026-07-27 05:59:32
SUB,arrivals,2026-07-26,11:25,11:08,QG351,CTV351,UPG,Makassar Sultan Hasanuddin International Airport,Citilink,QG,A20N,Airbus A320-251N,PK-GTC,Landed 11:08,2026-07-27 05:59:32
SUB,arrivals,2026-07-26,11:40,11:30,IU611,SJV611,BPN,Balikpapan Sepinggan Airport,Super Air Jet,IU,A320,Airbus A320-232,PK-STF,Landed 11:30,2026-07-27 05:59:32
SUB,arrivals,2026-07-26,11:45,11:26,QG461,CTV461,AAP,Samarinda AP Tumenggung Pranoto Airport,Citilink,QG,A20N,Airbus A320-251N,PK-GTA,Landed 11:26,2026-07-27 05:59:32
SUB,arrivals,2026-07-26,11:45,11:22,JT725,LNI725,PLW,Palu Mutiara Airport,Lion Air,JT,B738,Boeing 737-8GP,PK-LJQ,Landed 11:22,2026-07-27 05:59:32
SUB,arrivals,2026-07-26,11:45,11:34,IN193,LKN193,PKN,Pangkalan Bun Iskandar Airport,NAM Air,IN,B735,Boeing 737-524,PK-NAS,Landed 11:34,2026-07-27 05:59:32
SUB,arrivals,2026-07-26,12:00,11:56,JT105,LNI105,JED,Jeddah King Abdulaziz International Airport,Lion Air,JT,A339,Airbus A330-941,PK-LEQ,Landed 11:56,2026-07-27 05:59:32
SUB,arrivals,2026-07-26,12:10,11:40,QG716,CTV716,CGK,Jakarta Soekarno Hatta International Airport,Citilink,QG,A320,Airbus A320-214,PK-GQH,Landed 11:40,2026-07-27 05:59:32
SUB,arrivals,2026-07-26,12:10,11:50,QG487,CTV487,BDJ,Banjarmasin Syamsudin Noor Airport,Citilink,QG,A20N,Airbus A320-251N,PK-GTG,Landed 11:50,2026-07-27 05:59:32
SUB,arrivals,2026-07-26,12:15,12:01,IP204,PAS204,CGK,Jakarta Soekarno Hatta International Airport,Pelita Air,IP,A320,Airbus A320-216,PK-PWN,Landed 12:01,2026-07-27 05:59:32
SUB,arrivals,2026-07-26,12:20,,JT949,,UPG,Makassar Sultan Hasanuddin International Airport,Lion Air,JT,738,,,Unknown,2026-07-27 05:59:29
SUB,arrivals,2026-07-26,12:20,12:04,JT787,LNI787,UPG,Makassar Sultan Hasanuddin International Airport,Lion Air (20 Years Sticker),JT,B739,Boeing 737-9GP(ER),PK-LHM,Landed 12:04,2026-07-27 05:59:29
SUB,arrivals,2026-07-26,12:35,12:09,QZ393,AWQ393,JHB,Johor Bahru Senai International Airport,AirAsia,AK,A320,Airbus A320-214,PK-AZJ,Landed 12:09,2026-07-27 05:59:29
SUB,arrivals,2026-07-26,12:35,13:56,QG697,CTV697,DPS,Denpasar Ngurah Rai International Airport,Citilink,QG,A320,Airbus A320-214,PK-GQD,Landed 13:56,2026-07-27 05:59:29
SUB,arrivals,2026-07-26,13:00,12:49,3Y935,MYU935,SRG,Semarang Achmad Yani International Airport,My Indo Airlines,3Y,B734,Boeing 737-4Q8(SF),PK-MYN,Landed 12:49,2026-07-27 05:59:29
SUB,arrivals,2026-07-26,13:10,12:54,IU653,SJV653,AAP,Samarinda AP Tumenggung Pranoto Airport,Super Air Jet (Our Super 50th Jet Livery),IU,A320,Airbus A320-232,PK-STQ,Landed 12:54,2026-07-27 05:59:29
SUB,arrivals,2026-07-26,13:20,,IU617,,BPN,Balikpapan Sepinggan Airport,Super Air Jet,IU,320,,,Unknown,2026-07-27 05:59:29
SUB,arrivals,2026-07-26,13:30,13:30,QG736,CTV736,CGK,Jakarta Soekarno Hatta International Airport,Citilink,QG,A320,Airbus A320-214,PK-GLV,Landed 13:30,2026-07-27 05:59:29
SUB,arrivals,2026-07-26,13:30,,JT857,,PLM,Palembang International Airport,Lion Air,JT,738,,,Unknown,2026-07-27 05:59:29
SUB,arrivals,2026-07-26,13:30,13:37,IU635,SJV635,BDJ,Banjarmasin Syamsudin Noor Airport,Super Air Jet,IU,A320,Airbus A320-232,PK-STH,Landed 13:37,2026-07-27 05:59:29
SUB,arrivals,2026-07-26,13:50,13:44,IU717,SJV717,LOP,Lombok International Airport,Super Air Jet,IU,A320,Airbus A320-232,PK-SAO,Landed 13:44,2026-07-27 05:59:29
SUB,arrivals,2026-07-26,13:50,13:40,GA312,GIA312,CGK,Jakarta Soekarno Hatta International Airport,Garuda Indonesia (Ayo Pakai Masker Livery),GA,B738,Boeing 737-81D,PK-GFQ,Landed 13:40,2026-07-27 05:59:29
SUB,arrivals,2026-07-26,13:55,14:07,JT919,LNI919,DPS,Denpasar Ngurah Rai International Airport,Lion Air,JT,B739,Boeing 737-9GP(ER),PK-LSJ,Landed 14:07,2026-07-27 05:59:29
SUB,arrivals,2026-07-26,14:00,13:34,QG176,CTV176,HLP,Jakarta Halim Perdanakusuma Airport,Citilink,QG,A320,Airbus A320-214,PK-GLK,Landed 13:34,2026-07-27 05:59:29
SUB,arrivals,2026-07-26,14:20,14:03,QG495,CTV495,BDJ,Banjarmasin Syamsudin Noor Airport,Citilink,QG,A320,Airbus A320-214,PK-GQQ,Landed 14:03,2026-07-27 05:59:29
SUB,arrivals,2026-07-26,14:30,14:11,QG949,CTV949,BTH,Batam Hang Nadim Airport,Citilink,QG,A320,Airbus A320-214,PK-GLQ,Landed 14:11,2026-07-27 05:59:29
SUB,arrivals,2026-07-26,14:30,14:15,JT749,LNI749,MDC,Manado Sam Ratulangi International Airport,Lion Air,JT,B739,Boeing 737-9GP(ER),PK-LFO,Landed 14:15,2026-07-27 05:59:29
SUB,arrivals,2026-07-26,14:35,14:25,JT879,LNI879,AMQ,Ambon Pattimura Airport,Lion Air,JT,B739,Boeing 737-96N(ER),PK-LSY,Landed 14:25,2026-07-27 05:59:29
SUB,arrivals,2026-07-26,14:50,14:39,MH873,MAS873,KUL,Kuala Lumpur International Airport,Malaysia Airlines,MH,B738,Boeing 737-8H6,9M-MXL,Landed 14:39,2026-07-27 05:59:29
SUB,arrivals,2026-07-26,14:50,14:32,IU675,SJV675,PKY,Palangkaraya Tjilik Riwut Airport,Super Air Jet,IU,A320,Airbus A320-232,PK-SAW,Landed 14:32,2026-07-27 05:59:29
SUB,arrivals,2026-07-26,14:55,14:35,JT707,LNI707,UPG,Makassar Sultan Hasanuddin International Airport,Lion Air,JT,B738,Boeing 737-8GP,PK-LJS,Landed 14:35,2026-07-27 05:59:29
SUB,arrivals,2026-07-26,15:00,,JT1985,,UPG,Makassar Sultan Hasanuddin International Airport,Lion Air,JT,739,,,Unknown,2026-07-27 05:59:29
SUB,arrivals,2026-07-26,15:00,,JT1801,,UPG,Makassar Sultan Hasanuddin International Airport,Lion Air,JT,738,,,Unknown,2026-07-27 05:59:29
SUB,arrivals,2026-07-26,15:00,,JT897,,UPG,Makassar Sultan Hasanuddin International Airport,Lion Air,JT,738,,,Unknown,2026-07-27 05:59:29
SUB,arrivals,2026-07-26,15:00,,JT838,,UPG,Makassar Sultan Hasanuddin International Airport,Lion Air,JT,738,,,Unknown,2026-07-27 05:59:29
SUB,arrivals,2026-07-26,15:00,14:57,ID7501,BTK7501,HLP,Jakarta Halim Perdanakusuma Airport,Batik Air,ID,A320,Airbus A320-232,PK-BKR,Landed 14:57,2026-07-27 05:59:29
SUB,arrivals,2026-07-26,15:00,14:53,ID6406,BTK6406,CGK,Jakarta Soekarno Hatta International Airport,Batik Air,ID,A320,Airbus A320-232,PK-BKJ,Landed 14:53,2026-07-27 05:59:29
SUB,arrivals,2026-07-26,15:15,15:00,GA310,GIA310,CGK,Jakarta Soekarno Hatta International Airport,Garuda Indonesia,GA,B738,Boeing 737-8U3,PK-GMD,Landed 15:00,2026-07-27 05:59:29
SUB,arrivals,2026-07-26,15:20,16:28,IU641,SJV641,AAP,Samarinda AP Tumenggung Pranoto Airport,Super Air Jet,IU,A320,Airbus A320-232,PK-STI,Landed 16:28,2026-07-27 05:59:29
SUB,arrivals,2026-07-26,15:30,15:03,IW1804,WON1804,SMQ,Sampit Airport,Wings Air,IW,AT76,ATR 72-600,PK-WGV,Landed 15:03,2026-07-27 05:59:29
SUB,arrivals,2026-07-26,15:40,15:44,SQ926,SIA926,SIN,Singapore Changi Airport,Singapore Airlines,SQ,B38M,Boeing 737 MAX 8,9V-MBC,Landed 15:44,2026-07-27 05:59:29
SUB,arrivals,2026-07-26,15:45,15:20,QG669,CTV669,DPS,Denpasar Ngurah Rai International Airport,Citilink,QG,A20N,Airbus A320-251N,PK-GTG,Landed 15:20,2026-07-27 05:59:29
SUB,arrivals,2026-07-26,15:55,16:23,JT695,LNI695,KOE,Kupang El Tari Airport,Lion Air,JT,B739,Boeing 737-9GP(ER),PK-LSO,Landed 16:23,2026-07-27 05:59:29
SUB,arrivals,2026-07-26,16:00,16:13,IP206,PAS206,CGK,Jakarta Soekarno Hatta International Airport,Pelita Air,IP,A320,Airbus A320-214,PK-PWP,Landed 16:13,2026-07-27 05:59:29
SUB,arrivals,2026-07-26,16:15,16:06,QG417,CTV417,PNK,Pontianak Supadio Airport,Citilink,QG,A20N,Airbus A320-251N,PK-GTA,Landed 16:06,2026-07-27 05:59:29
SUB,arrivals,2026-07-26,16:15,16:10,GA326,GIA326,CGK,Jakarta Soekarno Hatta International Airport,Garuda Indonesia,GA,B738,Boeing 737-8U3,PK-GMA,Landed 16:10,2026-07-27 05:59:29
SUB,arrivals,2026-07-26,16:35,16:41,JT972,LNI972,BTH,Batam Hang Nadim Airport,Lion Air,JT,B739,Boeing 737-9GP(ER),PK-LHP,Landed 16:41,2026-07-27 05:59:29
SUB,arrivals,2026-07-26,16:35,16:38,JT692,LNI692,CGK,Jakarta Soekarno Hatta International Airport,Lion Air,JT,B739,Boeing 737-9GP(ER),PK-LFW,Landed 16:38,2026-07-27 05:59:29
SUB,arrivals,2026-07-26,16:35,,JT171,,CGK,Jakarta Soekarno Hatta International Airport,Lion Air,JT,739,,,Unknown,2026-07-27 05:59:29
SUB,arrivals,2026-07-26,16:40,17:40,QG457,CTV457,PKY,Palangkaraya Tjilik Riwut Airport,Citilink,QG,A320,Airbus A320-214,PK-GQD,Landed 17:40,2026-07-27 05:59:29
SUB,arrivals,2026-07-26,16:40,20:26,JT681,LNI681,PKY,Palangkaraya Tjilik Riwut Airport,Lion Air (20 Years Sticker),JT,B739,Boeing 737-9GP(ER),PK-LHM,Landed 20:26,2026-07-27 05:59:29
SUB,arrivals,2026-07-26,16:40,16:58,IU703,SJV703,DPS,Denpasar Ngurah Rai International Airport,Super Air Jet,IU,A320,Airbus A320-232,PK-SJD,Landed 16:58,2026-07-27 05:59:29
SUB,arrivals,2026-07-26,16:40,16:34,ID6347,BTK6347,BEJ,Kalimarau Airport,Batik Air,ID,A320,Airbus A320-214,PK-LUG,Landed 16:34,2026-07-27 05:59:29
SUB,arrivals,2026-07-26,16:50,,ID6711,,CGK,Jakarta Soekarno Hatta International Airport,Batik Air,ID,32A,,,Unknown,2026-07-27 05:59:29
SUB,arrivals,2026-07-26,16:55,16:46,JT723,LNI723,KDI,Kendari Haluoleo Airport,Lion Air,JT,B738,Boeing 737-8GP,PK-LOI,Landed 16:46,2026-07-27 05:59:29
SUB,arrivals,2026-07-26,16:55,17:56,ID6578,BTK6578,CGK,Jakarta Soekarno Hatta International Airport,Batik Air,ID,A320,Airbus A320-214,PK-LAM,Landed 17:56,2026-07-27 05:59:29
SUB,arrivals,2026-07-26,17:00,17:26,IU721,SJV721,LOP,Lombok International Airport,Super Air Jet,IU,A320,Airbus A320-232,PK-STH,Landed 17:26,2026-07-27 05:59:29
SUB,arrivals,2026-07-26,17:10,17:16,QZ323,AWQ323,KUL,Kuala Lumpur International Airport,AirAsia,AK,A320,Airbus A320-216,PK-AZO,Landed 17:16,2026-07-27 05:59:29
SUB,arrivals,2026-07-26,17:10,17:12,GA349,GIA349,DPS,Denpasar Ngurah Rai International Airport,Garuda Indonesia,GA,B738,Boeing 737-8U3,PK-GFH,Landed 17:12,2026-07-27 05:59:29
SUB,arrivals,2026-07-26,17:15,17:28,IU615,SJV615,BPN,Balikpapan Sepinggan Airport,Super Air Jet,IU,A320,Airbus A320-232,PK-STR,Landed 17:28,2026-07-27 05:59:29
SUB,arrivals,2026-07-26,17:15,17:37,ID7515,BTK7515,HLP,Jakarta Halim Perdanakusuma Airport,Batik Air,ID,A320,Airbus A320-214,PK-LUP,Landed 17:37,2026-07-27 05:59:29
SUB,arrivals,2026-07-26,17:35,17:19,IP622,PAS622,BPN,Balikpapan Sepinggan Airport,Pelita Air,IP,A320,Airbus A320-214,PK-PWC,Landed 17:19,2026-07-27 05:59:29
SUB,arrivals,2026-07-26,17:40,17:23,QG353,CTV353,UPG,Makassar Sultan Hasanuddin International Airport,Citilink,QG,A320,Airbus A320-214,PK-GLO,Landed 17:23,2026-07-27 05:59:29
SUB,arrivals,2026-07-26,17:40,17:33,GA320,GIA320,CGK,Jakarta Soekarno Hatta International Airport,Garuda Indonesia (From Nature to Future Livery),GA,B738,Boeing 737-8U3,PK-GFX,Landed 17:33,2026-07-27 05:59:29
SUB,arrivals,2026-07-26,17:50,,JT1945,,UPG,Makassar Sultan Hasanuddin International Airport,Lion Air,JT,738,,,Unknown,2026-07-27 05:59:29
SUB,arrivals,2026-07-26,17:50,,JT1797,,UPG,Makassar Sultan Hasanuddin International Airport,Lion Air,JT,739,,,Unknown,2026-07-27 05:59:29
SUB,arrivals,2026-07-26,17:50,,JT1885,,UPG,Makassar Sultan Hasanuddin International Airport,Lion Air,JT,738,,,Unknown,2026-07-27 05:59:29
SUB,arrivals,2026-07-26,17:50,,JT1881,,UPG,Makassar Sultan Hasanuddin International Airport,Lion Air,JT,739,,,Unknown,2026-07-27 05:59:29
SUB,arrivals,2026-07-26,17:50,,JT997,,UPG,Makassar Sultan Hasanuddin International Airport,Lion Air,JT,738,,,Unknown,2026-07-27 05:59:29
SUB,arrivals,2026-07-26,17:50,18:24,JT885,LNI885,UPG,Makassar Sultan Hasanuddin International Airport,Lion Air,JT,B739,Boeing 737-9GP(ER),PK-LFK,Landed 18:24,2026-07-27 05:59:29
SUB,arrivals,2026-07-26,18:00,17:46,ID7503,BTK7503,HLP,Jakarta Halim Perdanakusuma Airport,Batik Air,ID,A320,Airbus A320-214,PK-LUW,Landed 17:46,2026-07-27 05:59:29
SUB,arrivals,2026-07-26,18:10,,IU2703,,DPS,Denpasar Ngurah Rai International Airport,Super Air Jet,IU,320,,,Unknown,2026-07-27 05:59:29
SUB,arrivals,2026-07-26,18:15,18:03,QG174,CTV174,CGK,Jakarta Soekarno Hatta International Airport,Citilink,QG,A320,Airbus A320-214,PK-GLX,Landed 18:03,2026-07-27 05:59:29
SUB,arrivals,2026-07-26,18:15,,CX629,,HKG,Hong Kong International Airport,Cathay Pacific,CX,333,,,Canceled,2026-07-27 05:59:29
SUB,arrivals,2026-07-26,18:20,18:10,SQ928,SIA928,SIN,Singapore Changi Airport,Singapore Airlines,SQ,B38M,Boeing 737 MAX 8,9V-MBQ,Landed 18:10,2026-07-27 05:59:29
SUB,arrivals,2026-07-26,18:20,,JT361,,BPN,Balikpapan Sepinggan Airport,Lion Air,JT,739,,,Unknown,2026-07-27 05:59:29
SUB,arrivals,2026-07-26,18:30,,SJ5670,,UPG,Makassar Sultan Hasanuddin International Airport,Sriwijaya Air,SJ,B735,Boeing 737-524,PK-CLF,Unknown,2026-07-27 05:59:29
SUB,arrivals,2026-07-26,18:30,20:17,ID6576,BTK6576,CGK,Jakarta Soekarno Hatta International Airport,Batik Air,ID,A320,Airbus A320-233,PK-BKG,Landed 20:17,2026-07-27 05:59:29
SUB,arrivals,2026-07-26,18:35,18:28,JT311,LNI311,BDJ,Banjarmasin Syamsudin Noor Airport,Lion Air,JT,B739,Boeing 737-9GP(ER),PK-LSJ,Landed 18:28,2026-07-27 05:59:29
SUB,arrivals,2026-07-26,18:40,18:20,QG355,CTV355,UPG,Makassar Sultan Hasanuddin International Airport,Citilink,QG,A320,Airbus A320-214,PK-GQQ,Landed 18:20,2026-07-27 05:59:29
SUB,arrivals,2026-07-26,18:50,18:38,TR266,TGW266,SIN,Singapore Changi Airport,Scoot,TR,B788,Boeing 787-8 Dreamliner,9V-OFH,Landed 18:38,2026-07-27 05:59:29
SUB,arrivals,2026-07-26,18:50,18:34,IP210,PAS210,CGK,Jakarta Soekarno Hatta International Airport,Pelita Air,IP,A320,Airbus A320-232,PK-PWL,Landed 18:34,2026-07-27 05:59:29
SUB,arrivals,2026-07-26,18:55,18:32,QG431,CTV431,BPN,Balikpapan Sepinggan Airport,Citilink,QG,A320,Airbus A320-214,PK-GLQ,Landed 18:32,2026-07-27 05:59:29
SUB,arrivals,2026-07-26,19:10,18:49,IU725,SJV725,LBJ,Labuan Bajo Komodo Airport,Super Air Jet,IU,A320,Airbus A320-232,PK-SAW,Landed 18:49,2026-07-27 05:59:29
SUB,arrivals,2026-07-26,19:15,18:56,QG489,CTV489,BDJ,Banjarmasin Syamsudin Noor Airport,Citilink,QG,A20N,Airbus A320-251N,PK-GTG,Landed 18:56,2026-07-27 05:59:29
SUB,arrivals,2026-07-26,19:20,19:29,SJ567,SJY567,UPG,Makassar Sultan Hasanuddin International Airport,Sriwijaya Air,SJ,B735,Boeing 737-524,PK-CLF,Landed 19:29,2026-07-27 05:59:29
SUB,arrivals,2026-07-26,19:25,19:04,GA347,GIA347,DPS,Denpasar Ngurah Rai International Airport,Garuda Indonesia,GA,B738,Boeing 737-8U3,PK-GMD,Landed 19:04,2026-07-27 05:59:29
SUB,arrivals,2026-07-26,19:40,19:35,QG699,CTV699,DPS,Denpasar Ngurah Rai International Airport,Citilink,QG,A20N,Airbus A320-251N,PK-GTA,Landed 19:35,2026-07-27 05:59:29
SUB,arrivals,2026-07-26,19:55,19:52,JT923,LNI923,DPS,Denpasar Ngurah Rai International Airport,Lion Air,JT,B739,Boeing 737-9GP(ER),PK-LSO,Landed 19:52,2026-07-27 05:59:29
SUB,arrivals,2026-07-26,19:55,,ID8763,,UPG,Makassar Sultan Hasanuddin International Airport,Batik Air,ID,32A,,,Unknown,2026-07-27 05:59:29
SUB,arrivals,2026-07-26,19:55,,ID8261,,UPG,Makassar Sultan Hasanuddin International Airport,Batik Air,ID,32A,,,Unknown,2026-07-27 05:59:29
SUB,arrivals,2026-07-26,19:55,,ID8555,,UPG,Makassar Sultan Hasanuddin International Airport,Batik Air,ID,32A,,,Unknown,2026-07-27 05:59:29
SUB,arrivals,2026-07-26,19:55,,ID8293,,UPG,Makassar Sultan Hasanuddin International Airport,Batik Air,ID,32A,,,Unknown,2026-07-27 05:59:29
SUB,arrivals,2026-07-26,19:55,,ID8750,,UPG,Makassar Sultan Hasanuddin International Airport,Batik Air,ID,32A,,,Unknown,2026-07-27 05:59:29
SUB,arrivals,2026-07-26,19:55,,ID8183,,UPG,Makassar Sultan Hasanuddin International Airport,Batik Air,ID,32A,,,Unknown,2026-07-27 05:59:29
SUB,arrivals,2026-07-26,19:55,19:39,ID6137,BTK6137,UPG,Makassar Sultan Hasanuddin International Airport,Batik Air (Book Cabin Sticker),ID,A320,Airbus A320-214,PK-LAF,Landed 19:39,2026-07-27 05:59:29
SUB,arrivals,2026-07-26,20:00,21:10,IU341,SJV341,PNK,Pontianak Supadio Airport,Super Air Jet,IU,A320,Airbus A320-232,PK-STI,Landed 21:10,2026-07-27 05:59:29
SUB,arrivals,2026-07-26,20:05,20:57,QG673,CTV673,LOP,Lombok International Airport,Citilink,QG,A320,Airbus A320-214,PK-GQD,Landed 20:57,2026-07-27 05:59:29
SUB,arrivals,2026-07-26,20:30,20:06,QG726,CTV726,CGK,Jakarta Soekarno Hatta International Airport,Citilink,QG,A320,Airbus A320-214,PK-GLS,Landed 20:06,2026-07-27 05:59:29
SUB,arrivals,2026-07-26,20:30,20:11,ID6415,BTK6415,DPS,Denpasar Ngurah Rai International Airport,Batik Air,ID,A320,Airbus A320-214,PK-BKT,Landed 20:11,2026-07-27 05:59:29
SUB,arrivals,2026-07-26,21:00,20:38,BI795,RBA795,BWN,Brunei International Airport,Royal Brunei Airlines,BI,A20N,Airbus A320-251N,V8-RBC,Landed 20:38,2026-07-27 05:59:29
SUB,arrivals,2026-07-26,21:30,,ID6821,,CGK,Jakarta Soekarno Hatta International Airport,Batik Air,ID,32A,,,Unknown,2026-07-27 05:59:29
SUB,arrivals,2026-07-26,21:30,22:20,ID6588,BTK6588,CGK,Jakarta Soekarno Hatta International Airport,Batik Air,ID,A320,Airbus A320-232,PK-BKM,Landed 22:20,2026-07-27 05:59:29
SUB,arrivals,2026-07-26,21:40,21:49,ID7521,BTK7521,HLP,Jakarta Halim Perdanakusuma Airport,Batik Air,ID,A320,Airbus A320-214,PK-LUW,Landed 21:49,2026-07-27 05:59:29
SUB,arrivals,2026-07-26,21:45,21:25,QG172,CTV172,HLP,Jakarta Halim Perdanakusuma Airport,Citilink,QG,A320,Airbus A320-214,PK-GLO,Landed 21:25,2026-07-27 05:59:29
SUB,arrivals,2026-07-26,21:50,21:28,GA324,GIA324,CGK,Jakarta Soekarno Hatta International Airport,Garuda Indonesia,GA,B738,Boeing 737-8SH,PK-GUD,Landed 21:28,2026-07-27 05:59:29
SUB,arrivals,2026-07-26,22:00,21:35,CZ8137,CSN8137,CAN,Guangzhou Baiyun International Airport,China Southern Airlines,CZ,A21N,Airbus A321-253NX,B-30F7,Landed 21:35,2026-07-27 05:59:29
SUB,arrivals,2026-07-26,22:40,22:17,QG728,CTV728,CGK,Jakarta Soekarno Hatta International Airport,Citilink,QG,A320,Airbus A320-214,PK-GLR,Landed 22:17,2026-07-27 05:59:29
SUB,arrivals,2026-07-26,23:30,23:08,QZ327,AWQ327,KUL,Kuala Lumpur International Airport,AirAsia,AK,A320,Airbus A320-214,PK-AZJ,Landed 23:08,2026-07-27 05:59:29
SUB,departures,2026-07-26,05:00,05:07,JT878,LNI878,AMQ,Ambon Pattimura Airport,Lion Air,JT,B739,Boeing 737-96N(ER),PK-LSY,Departed 05:07,2026-07-27 05:59:56
SUB,departures,2026-07-26,05:05,05:12,QZ320,AWQ320,KUL,Kuala Lumpur International Airport,AirAsia (Lombok Livery),AK,A320,Airbus A320-216,PK-AXU,Departed 05:12,2026-07-27 05:59:56
SUB,departures,2026-07-26,05:05,05:14,QG430,CTV430,BPN,Balikpapan Sepinggan Airport,Citilink,QG,A20N,Airbus A320-251N,PK-GTG,Departed 05:14,2026-07-27 05:59:56
SUB,departures,2026-07-26,05:05,06:38,JT742,,UPG,Makassar Sultan Hasanuddin International Airport,Lion Air,JT,738,,,Unknown,2026-07-27 05:59:56
SUB,departures,2026-07-26,05:05,05:18,JT786,LNI786,UPG,Makassar Sultan Hasanuddin International Airport,Lion Air,JT,B739,Boeing 737-9GP(ER),PK-LSU,Departed 05:18,2026-07-27 05:59:56
SUB,departures,2026-07-26,05:05,05:16,ID6391,BTK6391,CGK,Jakarta Soekarno Hatta International Airport,Batik Air,ID,B738,Boeing 737-8GP,PK-LZV,Departed 05:16,2026-07-27 05:59:56
SUB,departures,2026-07-26,05:15,05:20,ID6414,BTK6414,DPS,Denpasar Ngurah Rai International Airport,Batik Air,ID,A320,Airbus A320-214,PK-LUI,Departed 05:20,2026-07-27 05:59:56
SUB,departures,2026-07-26,05:30,,QG725,,CGK,Jakarta Soekarno Hatta International Airport,Citilink,QG,A320,Airbus A320-214,PK-GQD,Canceled,2026-07-27 05:59:56
SUB,departures,2026-07-26,05:55,05:46,QG692,CTV692,DPS,Denpasar Ngurah Rai International Airport,Citilink,QG,A320,Airbus A320-214,PK-GQD,Departed 05:46,2026-07-27 05:59:56
SUB,departures,2026-07-26,06:00,05:50,QG670,CTV670,LOP,Lombok International Airport,Citilink,QG,A320,Airbus A320-214,PK-GLQ,Departed 05:50,2026-07-27 05:59:56
SUB,departures,2026-07-26,06:00,05:48,QG484,CTV484,BDJ,Banjarmasin Syamsudin Noor Airport,Citilink,QG,A320,Airbus A320-214,PK-GLO,Departed 05:48,2026-07-27 05:59:56
SUB,departures,2026-07-26,06:00,06:02,IU714,SJV714,LOP,Lombok International Airport,Super Air Jet,IU,A320,Airbus A320-232,PK-SJD,Departed 06:02,2026-07-27 05:59:56
SUB,departures,2026-07-26,06:00,06:05,IU640,SJV640,AAP,Samarinda AP Tumenggung Pranoto Airport,Super Air Jet,IU,A320,Airbus A320-232,PK-STI,Departed 06:05,2026-07-27 05:59:56
SUB,departures,2026-07-26,06:10,06:09,IP213,PAS213,CGK,Jakarta Soekarno Hatta International Airport,Pelita Air,IP,A320,Airbus A320-232,PK-PWL,Departed 06:09,2026-07-27 05:59:56
SUB,departures,2026-07-26,06:45,,JT882,,UPG,Makassar Sultan Hasanuddin International Airport,Lion Air,JT,739,,,Unknown,2026-07-27 05:59:56
SUB,departures,2026-07-26,06:50,,JT1942,,UPG,Makassar Sultan Hasanuddin International Airport,Lion Air,JT,739,,,Unknown,2026-07-27 05:59:56
SUB,departures,2026-07-26,06:50,07:20,JT1892,,UPG,Makassar Sultan Hasanuddin International Airport,Lion Air,JT,738,,,Estimated dep 07:20*,2026-07-27 05:59:56
SUB,departures,2026-07-26,06:50,07:15,JT994,,UPG,Makassar Sultan Hasanuddin International Airport,Lion Air,JT,738,,,Estimated dep 07:15*,2026-07-27 05:59:56
SUB,departures,2026-07-26,06:50,,JT854,,UPG,Makassar Sultan Hasanuddin International Airport,Lion Air,JT,739,,,Unknown,2026-07-27 05:59:56
SUB,departures,2026-07-26,07:05,07:07,GA305,GIA305,CGK,Jakarta Soekarno Hatta International Airport,Garuda Indonesia,GA,B738,Boeing 737-81M,PK-GUC,Departed 07:07,2026-07-27 05:59:56
SUB,departures,2026-07-26,07:10,07:28,JT971,LNI971,BTH,Batam Hang Nadim Airport,Lion Air,JT,B739,Boeing 737-9GP(ER),PK-LHP,Departed 07:28,2026-07-27 05:59:56
SUB,departures,2026-07-26,07:10,07:13,JT724,LNI724,PLW,Palu Mutiara Airport,Lion Air,JT,B738,Boeing 737-8GP,PK-LJQ,Departed 07:13,2026-07-27 05:59:56
SUB,departures,2026-07-26,07:30,07:43,ID7510,BTK7510,HLP,Jakarta Halim Perdanakusuma Airport,Batik Air,ID,A320,Airbus A320-232,PK-BKR,Departed 07:43,2026-07-27 05:59:56
SUB,departures,2026-07-26,07:30,07:24,QZ392,AWQ392,JHB,Johor Bahru Senai International Airport,AirAsia,AK,A320,Airbus A320-214,PK-AZJ,Departed 07:24,2026-07-27 05:59:56
SUB,departures,2026-07-26,07:35,07:40,QG175,CTV175,CGK,Jakarta Soekarno Hatta International Airport,Citilink,QG,A20N,Airbus A320-251N,PK-GTF,Departed 07:40,2026-07-27 05:59:56
SUB,departures,2026-07-26,07:40,07:44,IU674,SJV674,PKY,Palangkaraya Tjilik Riwut Airport,Super Air Jet,IU,A320,Airbus A320-232,PK-SAW,Departed 07:44,2026-07-27 05:59:56
SUB,departures,2026-07-26,07:50,07:51,QG460,CTV460,AAP,Samarinda AP Tumenggung Pranoto Airport,Citilink,QG,A20N,Airbus A320-251N,PK-GTA,Departed 07:51,2026-07-27 05:59:56
SUB,departures,2026-07-26,07:50,07:48,ID6135,BTK6135,PKN,Pangkalan Bun Iskandar Airport,Batik Air,ID,A320,Airbus A320-214,PK-LUG,Departed 07:48,2026-07-27 05:59:56
SUB,departures,2026-07-26,07:55,07:59,JT990,LNI990,DPS,Denpasar Ngurah Rai International Airport,Lion Air,JT,B739,Boeing 737-9GP(ER),PK-LSL,Departed 07:59,2026-07-27 05:59:56
SUB,departures,2026-07-26,07:55,07:56,IU610,SJV610,BPN,Balikpapan Sepinggan Airport,Super Air Jet,IU,A320,Airbus A320-232,PK-STF,Departed 07:56,2026-07-27 05:59:56
SUB,departures,2026-07-26,08:00,07:53,CZ8138,CSN8138,CAN,Guangzhou Baiyun International Airport,China Southern Airlines,CZ,A21N,Airbus A321-253NX,B-327G,Departed 07:53,2026-07-27 05:59:56
SUB,departures,2026-07-26,08:10,12:11,CX780,CPA780,HKG,Hong Kong International Airport,Cathay Pacific,CX,A333,Airbus A330-343,B-LAQ,Departed 12:11,2026-07-27 05:59:56
SUB,departures,2026-07-26,08:11,08:11,QG680,CTV680,DPS,Denpasar Ngurah Rai International Airport,Citilink,QG,A320,Airbus A320-214,PK-GQM,Departed 08:11,2026-07-27 05:59:56
SUB,departures,2026-07-26,08:20,08:37,JT222,LNI222,BDJ,Banjarmasin Syamsudin Noor Airport,Lion Air,JT,B738,Boeing 737-8GP,PK-LOI,Departed 08:37,2026-07-27 05:59:56
SUB,departures,2026-07-26,08:20,08:25,GA323,GIA323,CGK,Jakarta Soekarno Hatta International Airport,Garuda Indonesia,GA,B738,Boeing 737-8SH,PK-GUE,Departed 08:25,2026-07-27 05:59:56
SUB,departures,2026-07-26,08:29,08:29,CZ8481,CSN8481,DPS,Denpasar Ngurah Rai International Airport,China Southern Airlines,CZ,A21N,Airbus A321-251NX,B-32M3,Departed 08:29,2026-07-27 05:59:56
SUB,departures,2026-07-26,08:30,,ID6573,,CGK,Jakarta Soekarno Hatta International Airport,Batik Air,ID,320,,,Canceled,2026-07-27 05:59:56
SUB,departures,2026-07-26,08:30,,ID6710,,CGK,Jakarta Soekarno Hatta International Airport,Batik Air,ID,32A,,,Unknown,2026-07-27 05:59:56
SUB,departures,2026-07-26,09:00,09:01,QG739,CTV739,CGK,Jakarta Soekarno Hatta International Airport,Citilink,QG,A320,Airbus A320-214,PK-GQE,Departed 09:01,2026-07-27 05:59:56
SUB,departures,2026-07-26,09:00,,JT856,,PLM,Palembang International Airport,Lion Air,JT,738,,,Unknown,2026-07-27 05:59:56
SUB,departures,2026-07-26,09:05,09:05,JT642,LNI642,LOP,Lombok International Airport,Lion Air,JT,B739,Boeing 737-9GP(ER),PK-LJG,Departed 09:05,2026-07-27 05:59:56
SUB,departures,2026-07-26,09:10,09:22,IU652,SJV652,AAP,Samarinda AP Tumenggung Pranoto Airport,Super Air Jet (Our Super 50th Jet Livery),IU,A320,Airbus A320-232,PK-STQ,Departed 09:22,2026-07-27 05:59:56
SUB,departures,2026-07-26,09:15,09:29,QG486,CTV486,BDJ,Banjarmasin Syamsudin Noor Airport,Citilink,QG,A20N,Airbus A320-251N,PK-GTG,Departed 09:29,2026-07-27 05:59:56
SUB,departures,2026-07-26,09:20,09:31,QG948,CTV948,BTH,Batam Hang Nadim Airport,Citilink,QG,A320,Airbus A320-214,PK-GLQ,Departed 09:31,2026-07-27 05:59:56
SUB,departures,2026-07-26,09:20,09:26,GA342,GIA342,DPS,Denpasar Ngurah Rai International Airport,Garuda Indonesia,GA,B738,Boeing 737-8U3,PK-GFH,Departed 09:26,2026-07-27 05:59:56
SUB,departures,2026-07-26,09:35,,IU614,,BPN,Balikpapan Sepinggan Airport,Super Air Jet,IU,320,,,Unknown,2026-07-27 05:59:56
SUB,departures,2026-07-26,09:45,09:42,QG354,CTV354,UPG,Makassar Sultan Hasanuddin International Airport,Citilink,QG,A320,Airbus A320-214,PK-GLO,Departed 09:42,2026-07-27 05:59:56
SUB,departures,2026-07-26,09:50,11:36,QG696,CTV696,DPS,Denpasar Ngurah Rai International Airport,Citilink,QG,A320,Airbus A320-214,PK-GQD,Departed 11:36,2026-07-27 05:59:56
SUB,departures,2026-07-26,10:00,10:09,MH870,MAS870,KUL,Kuala Lumpur International Airport,Malaysia Airlines,MH,B738,Boeing 737-8H6,9M-MXQ,Departed 10:09,2026-07-27 05:59:56
SUB,departures,2026-07-26,10:05,10:39,IN242,LKN242,SMQ,Sampit Airport,Nam Air,IN,B735,Boeing 737-524,PK-NAQ,Departed 10:39,2026-07-27 05:59:56
SUB,departures,2026-07-26,10:10,11:32,ID6820,,CGK,Jakarta Soekarno Hatta International Airport,Batik Air,ID,32A,,,Unknown,2026-07-27 05:59:56
SUB,departures,2026-07-26,10:10,10:24,ID6585,BTK6585,CGK,Jakarta Soekarno Hatta International Airport,Batik Air,ID,B738,Boeing 737-8GP,PK-LDK,Departed 10:24,2026-07-27 05:59:56
SUB,departures,2026-07-26,10:15,10:20,GA303,GIA303,CGK,Jakarta Soekarno Hatta International Airport,Garuda Indonesia,GA,B738,Boeing 737-86N,PK-GFJ,Departed 10:20,2026-07-27 05:59:56
SUB,departures,2026-07-26,10:25,10:27,SQ923,SIA923,SIN,Singapore Changi Airport,Singapore Airlines,SQ,A359,Airbus A350-941,9V-SHG,Departed 10:27,2026-07-27 05:59:56
SUB,departures,2026-07-26,10:25,10:35,QG723,CTV723,CGK,Jakarta Soekarno Hatta International Airport,Citilink,QG,A320,Airbus A320-214,PK-GLG,Departed 10:35,2026-07-27 05:59:56
SUB,departures,2026-07-26,10:30,10:45,IU634,SJV634,BDJ,Banjarmasin Syamsudin Noor Airport,Super Air Jet,IU,A320,Airbus A320-232,PK-STH,Departed 10:45,2026-07-27 05:59:56
SUB,departures,2026-07-26,10:35,10:31,TR297,TGW297,SIN,Singapore Changi Airport,Scoot,TR,A20N,Airbus A320-271N,9V-TNG,Departed 10:31,2026-07-27 05:59:56
SUB,departures,2026-07-26,10:45,10:49,IP203,PAS203,CGK,Jakarta Soekarno Hatta International Airport,Pelita Air,IP,A320,Airbus A320-232,PK-PWL,Departed 10:49,2026-07-27 05:59:56
SUB,departures,2026-07-26,10:55,10:58,ID7516,BTK7516,HLP,Jakarta Halim Perdanakusuma Airport,Batik Air,ID,A320,Airbus A320-214,PK-LUW,Departed 10:58,2026-07-27 05:59:56
SUB,departures,2026-07-26,11:00,11:03,IU716,SJV716,LOP,Lombok International Airport,Super Air Jet,IU,A320,Airbus A320-232,PK-SAO,Departed 11:03,2026-07-27 05:59:56
SUB,departures,2026-07-26,11:05,11:18,JT697,LNI697,CGK,Jakarta Soekarno Hatta International Airport,Lion Air,JT,B738,Boeing 737-8GP,PK-LKQ,Departed 11:18,2026-07-27 05:59:56
SUB,departures,2026-07-26,11:05,,JT122,,CGK,Jakarta Soekarno Hatta International Airport,Lion Air,JT,739,,,Unknown,2026-07-27 05:59:56
SUB,departures,2026-07-26,11:10,11:12,JT706,LNI706,UPG,Makassar Sultan Hasanuddin International Airport,Lion Air,JT,B738,Boeing 737-8GP,PK-LJS,Departed 11:12,2026-07-27 05:59:53
SUB,departures,2026-07-26,11:10,11:23,GA327,GIA327,CGK,Jakarta Soekarno Hatta International Airport,Garuda Indonesia,GA,B738,Boeing 737-8U3,PK-GMI,Departed 11:23,2026-07-27 05:59:53
SUB,departures,2026-07-26,11:15,12:43,JT1780,,UPG,Makassar Sultan Hasanuddin International Airport,Lion Air,JT,739,,,Unknown,2026-07-27 05:59:53
SUB,departures,2026-07-26,11:15,13:14,JT998,,UPG,Makassar Sultan Hasanuddin International Airport,Lion Air,JT,738,,,Unknown,2026-07-27 05:59:53
SUB,departures,2026-07-26,11:15,11:15,JT980,,UPG,Makassar Sultan Hasanuddin International Airport,Lion Air,JT,738,,,Estimated dep 11:15*,2026-07-27 05:59:53
SUB,departures,2026-07-26,11:15,11:44,JT804,LNI804,DPS,Denpasar Ngurah Rai International Airport,Lion Air,JT,B739,Boeing 737-9GP(ER),PK-LSL,Departed 11:44,2026-07-27 05:59:53
SUB,departures,2026-07-26,11:15,12:28,JT837,,UPG,Makassar Sultan Hasanuddin International Airport,Lion Air,JT,738,,,Unknown,2026-07-27 05:59:53
SUB,departures,2026-07-26,11:15,11:51,JT694,LNI694,KOE,Kupang El Tari Airport,Lion Air,JT,B739,Boeing 737-9GP(ER),PK-LSO,Departed 11:51,2026-07-27 05:59:53
SUB,departures,2026-07-26,11:20,11:30,QZ322,AWQ322,KUL,Kuala Lumpur International Airport,AirAsia,AK,A320,Airbus A320-216,PK-AZO,Departed 11:30,2026-07-27 05:59:53
SUB,departures,2026-07-26,11:25,11:35,QG719,CTV719,CGK,Jakarta Soekarno Hatta International Airport,Citilink,QG,A320,Airbus A320-214,PK-GLL,Departed 11:35,2026-07-27 05:59:53
SUB,departures,2026-07-26,11:35,11:41,JT104,LNI104,JED,Jeddah King Abdulaziz International Airport,Lion Air,JT,A339,Airbus A330-941,PK-LEI,Departed 11:41,2026-07-27 05:59:53
SUB,departures,2026-07-26,11:35,11:57,ID7520,BTK7520,HLP,Jakarta Halim Perdanakusuma Airport,Batik Air,ID,A320,Airbus A320-232,PK-BKR,Departed 11:57,2026-07-27 05:59:53
SUB,departures,2026-07-26,11:40,11:46,JT973,LNI973,BTH,Batam Hang Nadim Airport,Lion Air,JT,B739,Boeing 737-9GP(ER),PK-LHS,Departed 11:46,2026-07-27 05:59:53
SUB,departures,2026-07-26,11:45,12:14,OD353,MXD353,KUL,Kuala Lumpur International Airport,Batik Air,ID,B38M,Boeing 737 MAX 8,9M-LRW,Departed 12:14,2026-07-27 05:59:53
SUB,departures,2026-07-26,11:45,11:53,IW1805,WON1805,SMQ,Sampit Airport,Wings Air,IW,AT76,ATR 72-600,PK-WGV,Departed 11:53,2026-07-27 05:59:53
SUB,departures,2026-07-26,11:55,12:02,QG350,CTV350,UPG,Makassar Sultan Hasanuddin International Airport,Citilink,QG,A20N,Airbus A320-251N,PK-GTC,Departed 12:02,2026-07-27 05:59:53
SUB,departures,2026-07-26,12:00,12:05,ID6346,BTK6346,BEJ,Kalimarau Airport,Batik Air,ID,A320,Airbus A320-214,PK-LUG,Departed 12:05,2026-07-27 05:59:53
SUB,departures,2026-07-26,12:20,12:31,QG418,CTV418,PNK,Pontianak Supadio Airport,Citilink,QG,A20N,Airbus A320-251N,PK-GTA,Departed 12:31,2026-07-27 05:59:53
SUB,departures,2026-07-26,12:20,12:27,IU704,SJV704,DPS,Denpasar Ngurah Rai International Airport,Super Air Jet,IU,A320,Airbus A320-232,PK-STF,Departed 12:27,2026-07-27 05:59:53
SUB,departures,2026-07-26,12:25,12:25,JT996,,UPG,Makassar Sultan Hasanuddin International Airport,Lion Air,JT,738,,,Estimated dep 12:25*,2026-07-27 05:59:53
SUB,departures,2026-07-26,12:25,12:40,JT780,LNI780,UPG,Makassar Sultan Hasanuddin International Airport,Lion Air (50th 737-900ER Livery),JT,B739,Boeing 737-9GP(ER),PK-LHY,Departed 12:40,2026-07-27 05:59:53
SUB,departures,2026-07-26,12:25,12:24,JT722,LNI722,KDI,Kendari Haluoleo Airport,Lion Air,JT,B738,Boeing 737-8GP,PK-LOI,Departed 12:24,2026-07-27 05:59:53
SUB,departures,2026-07-26,12:30,12:29,IN192,LKN192,PKN,Pangkalan Bun Iskandar Airport,NAM Air,IN,B735,Boeing 737-524,PK-NAS,Departed 12:29,2026-07-27 05:59:53
SUB,departures,2026-07-26,12:40,12:45,QG717,CTV717,CGK,Jakarta Soekarno Hatta International Airport,Citilink,QG,A320,Airbus A320-214,PK-GQH,Departed 12:45,2026-07-27 05:59:53
SUB,departures,2026-07-26,12:40,12:55,QG668,CTV668,DPS,Denpasar Ngurah Rai International Airport,Citilink,QG,A20N,Airbus A320-251N,PK-GTG,Departed 12:55,2026-07-27 05:59:53
SUB,departures,2026-07-26,13:25,13:25,IP205,PAS205,CGK,Jakarta Soekarno Hatta International Airport,Pelita Air,IP,A320,Airbus A320-216,PK-PWN,Departed 13:25,2026-07-27 05:59:53
SUB,departures,2026-07-26,13:30,14:47,QG456,CTV456,PKY,Palangkaraya Tjilik Riwut Airport,Citilink,QG,A320,Airbus A320-214,PK-GQD,Departed 14:47,2026-07-27 05:59:53
SUB,departures,2026-07-26,13:30,13:30,JT805,,PKY,Palangkaraya Tjilik Riwut Airport,Lion Air,JT,739,,,Estimated dep 13:30*,2026-07-27 05:59:53
SUB,departures,2026-07-26,13:30,13:41,JT680,LNI680,PKY,Palangkaraya Tjilik Riwut Airport,Lion Air (20 Years Sticker),JT,B739,Boeing 737-9GP(ER),PK-LHM,Departed 13:41,2026-07-27 05:59:53
SUB,departures,2026-07-26,13:50,13:57,IU618,SJV618,BPN,Balikpapan Sepinggan Airport,Super Air Jet (Our Super 50th Jet Livery),IU,A320,Airbus A320-232,PK-STQ,Departed 13:57,2026-07-27 05:59:53
SUB,departures,2026-07-26,14:00,14:23,QG737,CTV737,CGK,Jakarta Soekarno Hatta International Airport,Citilink,QG,A320,Airbus A320-214,PK-GLV,Departed 14:23,2026-07-27 05:59:53
SUB,departures,2026-07-26,14:00,14:12,IU706,SJV706,DPS,Denpasar Ngurah Rai International Airport,Super Air Jet,IU,A320,Airbus A320-232,PK-SJD,Departed 14:12,2026-07-27 05:59:53
SUB,departures,2026-07-26,14:10,14:43,IU720,SJV720,LOP,Lombok International Airport,Super Air Jet,IU,A320,Airbus A320-232,PK-STH,Departed 14:43,2026-07-27 05:59:53
SUB,departures,2026-07-26,14:20,14:21,JT106,LNI106,JED,Jeddah King Abdulaziz International Airport,Lion Air,JT,A339,Airbus A330-941,PK-LEQ,Departed 14:21,2026-07-27 05:59:53
SUB,departures,2026-07-26,14:35,14:42,QG177,CTV177,HLP,Jakarta Halim Perdanakusuma Airport,Citilink,QG,A320,Airbus A320-214,PK-GLK,Departed 14:42,2026-07-27 05:59:53
SUB,departures,2026-07-26,14:35,16:22,JT364,,BPN,Balikpapan Sepinggan Airport,Lion Air,JT,739,,,Unknown,2026-07-27 05:59:53
SUB,departures,2026-07-26,14:35,14:54,GA317,GIA317,CGK,Jakarta Soekarno Hatta International Airport,Garuda Indonesia (Ayo Pakai Masker Livery),GA,B738,Boeing 737-81D,PK-GFQ,Departed 14:54,2026-07-27 05:59:53
SUB,departures,2026-07-26,14:55,14:58,QG352,CTV352,UPG,Makassar Sultan Hasanuddin International Airport,Citilink,QG,A320,Airbus A320-214,PK-GQQ,Departed 14:58,2026-07-27 05:59:53
SUB,departures,2026-07-26,15:05,15:11,QG434,CTV434,BPN,Balikpapan Sepinggan Airport,Citilink,QG,A320,Airbus A320-214,PK-GLQ,Departed 15:11,2026-07-27 05:59:53
SUB,departures,2026-07-26,15:10,15:17,JT748,LNI748,MDC,Manado Sam Ratulangi International Airport,Lion Air,JT,B739,Boeing 737-9GP(ER),PK-LFO,Departed 15:17,2026-07-27 05:59:53
SUB,departures,2026-07-26,15:30,,IU2706,,DPS,Denpasar Ngurah Rai International Airport,Super Air Jet,IU,320,,,Unknown,2026-07-27 05:59:53
SUB,departures,2026-07-26,15:30,15:33,IU726,SJV726,LBJ,Labuan Bajo Komodo Airport,Super Air Jet,IU,A320,Airbus A320-232,PK-SAW,Departed 15:33,2026-07-27 05:59:53
SUB,departures,2026-07-26,15:35,15:42,JT312,LNI312,BDJ,Banjarmasin Syamsudin Noor Airport,Lion Air,JT,B739,Boeing 737-9GP(ER),PK-LSJ,Departed 15:42,2026-07-27 05:59:53
SUB,departures,2026-07-26,15:40,15:56,ID7512,BTK7512,HLP,Jakarta Halim Perdanakusuma Airport,Batik Air,ID,A320,Airbus A320-232,PK-BKR,Departed 15:56,2026-07-27 05:59:53
SUB,departures,2026-07-26,15:50,15:49,MH872,MAS872,KUL,Kuala Lumpur International Airport,Malaysia Airlines,MH,B738,Boeing 737-8H6,9M-MXL,Departed 15:49,2026-07-27 05:59:53
SUB,departures,2026-07-26,16:00,16:01,IW1880,WON1880,BWX,Blimbingsari Airport,Wings Air,IW,AT76,ATR 72-600,PK-WGV,Departed 16:01,2026-07-27 05:59:53
SUB,departures,2026-07-26,16:00,17:38,IU340,SJV340,PNK,Pontianak Supadio Airport,Super Air Jet,IU,A320,Airbus A320-232,PK-STI,Departed 17:38,2026-07-27 05:59:53
SUB,departures,2026-07-26,16:10,16:17,GA344,GIA344,DPS,Denpasar Ngurah Rai International Airport,Garuda Indonesia,GA,B738,Boeing 737-8U3,PK-GMD,Departed 16:17,2026-07-27 05:59:53
SUB,departures,2026-07-26,16:20,16:29,QG488,CTV488,BDJ,Banjarmasin Syamsudin Noor Airport,Citilink,QG,A20N,Airbus A320-251N,PK-GTG,Departed 16:29,2026-07-27 05:59:53
SUB,departures,2026-07-26,16:25,16:31,ID6401,BTK6401,CGK,Jakarta Soekarno Hatta International Airport,Batik Air,ID,A320,Airbus A320-232,PK-BKJ,Departed 16:31,2026-07-27 05:59:53
SUB,departures,2026-07-26,16:30,17:17,SQ927,SIA927,SIN,Singapore Changi Airport,Singapore Airlines,SQ,B38M,Boeing 737 MAX 8,9V-MBC,Departed 17:17,2026-07-27 05:59:53
SUB,departures,2026-07-26,16:45,17:35,JT268,LNI268,TRK,Tarakan Juwata International Airport,Lion Air,JT,B739,Boeing 737-96N(ER),PK-LSY,Departed 17:35,2026-07-27 05:59:53
SUB,departures,2026-07-26,16:45,17:06,IP623,PAS623,BPN,Balikpapan Sepinggan Airport,Pelita Air,IP,A320,Airbus A320-214,PK-PWP,Departed 17:06,2026-07-27 05:59:53
SUB,departures,2026-07-26,16:50,17:02,QG698,CTV698,DPS,Denpasar Ngurah Rai International Airport,Citilink,QG,A20N,Airbus A320-251N,PK-GTA,Departed 17:02,2026-07-27 05:59:53
SUB,departures,2026-07-26,17:00,19:13,JT695,,CGK,Jakarta Soekarno Hatta International Airport,Lion Air,JT,739,,,Unknown,2026-07-27 05:59:53
SUB,departures,2026-07-26,17:00,17:20,JT581,LNI581,CGK,Jakarta Soekarno Hatta International Airport,Lion Air,JT,B738,Boeing 737-8GP,PK-LOJ,Departed 17:20,2026-07-27 05:59:53
SUB,departures,2026-07-26,17:00,17:10,GA315,GIA315,CGK,Jakarta Soekarno Hatta International Airport,Garuda Indonesia,GA,B738,Boeing 737-8U3,PK-GMA,Departed 17:10,2026-07-27 05:59:53
SUB,departures,2026-07-26,17:15,18:37,QG672,CTV672,LOP,Lombok International Airport,Citilink,QG,A320,Airbus A320-214,PK-GQD,Departed 18:37,2026-07-27 05:59:53
SUB,departures,2026-07-26,17:15,17:29,JT910,LNI910,DPS,Denpasar Ngurah Rai International Airport,Lion Air,JT,B739,Boeing 737-9GP(ER),PK-LSO,Departed 17:29,2026-07-27 05:59:53
SUB,departures,2026-07-26,17:15,17:43,JT692,LNI692,KOE,Kupang El Tari Airport,Lion Air,JT,B739,Boeing 737-9GP(ER),PK-LFW,Departed 17:43,2026-07-27 05:59:53
SUB,departures,2026-07-26,17:15,17:15,JT681,,DPS,Denpasar Ngurah Rai International Airport,Lion Air,JT,739,,,Estimated dep 17:15*,2026-07-27 05:59:53
SUB,departures,2026-07-26,17:20,18:51,JT316,LNI316,BDJ,Banjarmasin Syamsudin Noor Airport,Lion Air,JT,B739,Boeing 737-9GP(ER),PK-LHP,Departed 18:51,2026-07-27 05:59:53
SUB,departures,2026-07-26,17:30,19:01,ID7579,BTK7579,CGK,Jakarta Soekarno Hatta International Airport,Batik Air,ID,A320,Airbus A320-214,PK-LAM,Departed 19:01,2026-07-27 05:59:53
SUB,departures,2026-07-26,17:45,17:31,QZ326,AWQ326,KUL,Kuala Lumpur International Airport,AirAsia,AK,A320,Airbus A320-214,PK-AZJ,Departed 17:31,2026-07-27 05:59:53
SUB,departures,2026-07-26,17:55,18:35,IU616,SJV616,BPN,Balikpapan Sepinggan Airport,Super Air Jet,IU,A320,Airbus A320-232,PK-STR,Departed 18:35,2026-07-27 05:59:53
SUB,departures,2026-07-26,17:55,18:42,ID7514,BTK7514,HLP,Jakarta Halim Perdanakusuma Airport,Batik Air,ID,A320,Airbus A320-214,PK-LUP,Departed 18:42,2026-07-27 05:59:53
SUB,departures,2026-07-26,18:00,18:06,JT838,LNI838,PNK,Pontianak Supadio Airport,Lion Air,JT,B738,Boeing 737-8GP,PK-LJS,Departed 18:06,2026-07-27 05:59:53
SUB,departures,2026-07-26,18:00,18:25,GA313,GIA313,CGK,Jakarta Soekarno Hatta International Airport,Garuda Indonesia,GA,B738,Boeing 737-8U3,PK-GFH,Departed 18:25,2026-07-27 05:59:53
SUB,departures,2026-07-26,18:15,18:29,QG173,CTV173,HLP,Jakarta Halim Perdanakusuma Airport,Citilink,QG,A320,Airbus A320-214,PK-GLO,Departed 18:29,2026-07-27 05:59:53
SUB,departures,2026-07-26,18:25,18:40,IP207,PAS207,CGK,Jakarta Soekarno Hatta International Airport,Pelita Air,IP,A320,Airbus A320-214,PK-PWC,Departed 18:40,2026-07-27 05:59:53
SUB,departures,2026-07-26,18:40,18:52,ID7502,BTK7502,HLP,Jakarta Halim Perdanakusuma Airport,Batik Air,ID,A320,Airbus A320-214,PK-LUW,Departed 18:52,2026-07-27 05:59:53
SUB,departures,2026-07-26,18:40,19:36,JT260,LNI260,BPN,Balikpapan Sepinggan Airport,Lion Air,JT,B739,Boeing 737-9GP(ER),PK-LSJ,Departed 19:36,2026-07-27 05:59:53
SUB,departures,2026-07-26,18:45,18:57,QG727,CTV727,CGK,Jakarta Soekarno Hatta International Airport,Citilink,QG,A320,Airbus A320-214,PK-GLX,Departed 18:57,2026-07-27 05:59:53
SUB,departures,2026-07-26,19:00,19:00,JT3794,,UPG,Makassar Sultan Hasanuddin International Airport,Lion Air,JT,739,,,Estimated dep 19:00*,2026-07-27 05:59:53
SUB,departures,2026-07-26,19:00,21:26,JT1984,,UPG,Makassar Sultan Hasanuddin International Airport,Lion Air,JT,739,,,Unknown,2026-07-27 05:59:53
SUB,departures,2026-07-26,19:00,21:38,JT1948,,UPG,Makassar Sultan Hasanuddin International Airport,Lion Air,JT,738,,,Unknown,2026-07-27 05:59:53
SUB,departures,2026-07-26,19:00,21:12,JT880,LNI880,UPG,Makassar Sultan Hasanuddin International Airport,Lion Air,JT,B739,Boeing 737-9GP(ER),PK-LFK,Departed 21:12,2026-07-27 05:59:53
SUB,departures,2026-07-26,19:00,19:05,GA325,GIA325,CGK,Jakarta Soekarno Hatta International Airport,Garuda Indonesia (From Nature to Future Livery),GA,B738,Boeing 737-8U3,PK-GFX,Departed 19:05,2026-07-27 05:59:53
SUB,departures,2026-07-26,19:15,19:18,SQ929,SIA929,SIN,Singapore Changi Airport,Singapore Airlines,SQ,B38M,Boeing 737 MAX 8,9V-MBQ,Departed 19:18,2026-07-27 05:59:53
SUB,departures,2026-07-26,19:15,20:28,SJ5671,,UPG,Makassar Sultan Hasanuddin International Airport,Sriwijaya Air,SJ,B735,Boeing 737-524,PK-CLF,Unknown,2026-07-27 05:59:53
SUB,departures,2026-07-26,19:15,19:16,QG494,CTV494,BDJ,Banjarmasin Syamsudin Noor Airport,Citilink,QG,A320,Airbus A320-214,PK-GQQ,Departed 19:16,2026-07-27 05:59:53
SUB,departures,2026-07-26,19:15,21:19,ID6575,BTK6575,CGK,Jakarta Soekarno Hatta International Airport,Batik Air,ID,A320,Airbus A320-233,PK-BKG,Departed 21:19,2026-07-27 05:59:53
SUB,departures,2026-07-26,19:50,20:07,TR267,TGW267,SIN,Singapore Changi Airport,Scoot,TR,B788,Boeing 787-8 Dreamliner,9V-OFH,Departed 20:07,2026-07-27 05:59:53
SUB,departures,2026-07-26,19:50,20:02,QG693,CTV693,DPS,Denpasar Ngurah Rai International Airport,Citilink,QG,A320,Airbus A320-214,PK-GLQ,Departed 20:02,2026-07-27 05:59:53
SUB,departures,2026-07-26,20:05,,SJ562,,UPG,Makassar Sultan Hasanuddin International Airport,Sriwijaya Air,SJ,B735,Boeing 737-524,PK-CLF,Unknown,2026-07-27 05:59:53
SUB,departures,2026-07-26,20:05,20:28,SJ562,SJY562,UPG,Makassar Sultan Hasanuddin International Airport,Sriwijaya Air,SJ,B735,Boeing 737-524,PK-CLF,Departed 20:28,2026-07-27 05:59:53
SUB,departures,2026-07-26,20:15,20:31,QG171,CTV171,CGK,Jakarta Soekarno Hatta International Airport,Citilink,QG,A20N,Airbus A320-251N,PK-GTA,Departed 20:31,2026-07-27 05:59:53
SUB,departures,2026-07-26,22:00,,ID8770,,UPG,Makassar Sultan Hasanuddin International Airport,Batik Air,ID,32A,,,Unknown,2026-07-27 05:59:53
SUB,departures,2026-07-26,22:00,,ID8182,,UPG,Makassar Sultan Hasanuddin International Airport,Batik Air,ID,32A,,,Unknown,2026-07-27 05:59:53
SUB,departures,2026-07-26,22:00,,ID8260,,UPG,Makassar Sultan Hasanuddin International Airport,Batik Air,ID,32A,,,Unknown,2026-07-27 05:59:53
SUB,departures,2026-07-26,22:00,22:11,ID6136,BTK6136,UPG,Makassar Sultan Hasanuddin International Airport,Batik Air (Book Cabin Sticker),ID,A320,Airbus A320-214,PK-LAF,Departed 22:11,2026-07-27 05:59:53
UPG,arrivals,2026-07-26,00:20,,JT948,,CGK,Jakarta Soekarno Hatta International Airport,Lion Air,JT,738,,,Unknown,2026-07-27 06:00:24
UPG,arrivals,2026-07-26,00:25,,JT984,,CGK,Jakarta Soekarno Hatta International Airport,Lion Air,JT,739,,,Canceled,2026-07-27 06:00:24
UPG,arrivals,2026-07-26,00:40,00:35,SJ598,SJY598,CGK,Jakarta Soekarno Hatta International Airport,BBN Airlines Indonesia,0B,B738,Boeing 737-8BK,PK-BBF,Landed 01:35,2026-07-27 06:00:24
UPG,arrivals,2026-07-26,00:40,,RI320,,CGK,Jakarta Soekarno Hatta International Airport,Rimbun Air,RI,73Y,,,Unknown,2026-07-27 06:00:24
UPG,arrivals,2026-07-26,01:20,,ID6164,,CGK,Jakarta Soekarno Hatta International Airport,Batik Air,ID,32A,,,Unknown,2026-07-27 06:00:24
UPG,arrivals,2026-07-26,01:25,01:12,ID6182,BTK6182,CGK,Jakarta Soekarno Hatta International Airport,Batik Air,ID,B738,Boeing 737-8GP,PK-LBS,Landed 02:12,2026-07-27 06:00:24
UPG,arrivals,2026-07-26,02:35,02:26,ID6288,BTK6288,CGK,Jakarta Soekarno Hatta International Airport,Batik Air,ID,A320,Airbus A320-214,PK-LUY,Landed 03:26,2026-07-27 06:00:24
UPG,arrivals,2026-07-26,03:35,,JT3896,,CGK,Jakarta Soekarno Hatta International Airport,Lion Air,JT,739,,,Unknown,2026-07-27 06:00:24
UPG,arrivals,2026-07-26,03:35,,JT2792,,CGK,Jakarta Soekarno Hatta International Airport,Lion Air,JT,738,,,Unknown,2026-07-27 06:00:24
UPG,arrivals,2026-07-26,03:35,,JT1944,,CGK,Jakarta Soekarno Hatta International Airport,Lion Air,JT,739,,,Unknown,2026-07-27 06:00:24
UPG,arrivals,2026-07-26,03:35,,JT986,,CGK,Jakarta Soekarno Hatta International Airport,Lion Air,JT,738,,,Unknown,2026-07-27 06:00:24
UPG,arrivals,2026-07-26,03:35,03:13,JT898,LNI898,CGK,Jakarta Soekarno Hatta International Airport,Lion Air,JT,B738,Boeing 737-8GP,PK-LKH,Landed 04:13,2026-07-27 06:00:24
UPG,arrivals,2026-07-26,04:25,,ID6770,,CGK,Jakarta Soekarno Hatta International Airport,Batik Air,ID,32A,,,Unknown,2026-07-27 06:00:24
UPG,arrivals,2026-07-26,04:25,,ID6751,,CGK,Jakarta Soekarno Hatta International Airport,Batik Air,ID,32A,,,Unknown,2026-07-27 06:00:24
UPG,arrivals,2026-07-26,04:25,04:08,ID6264,BTK6264,CGK,Jakarta Soekarno Hatta International Airport,Batik Air,ID,A320,Airbus A320-214,PK-BLC,Landed 05:08,2026-07-27 06:00:24
UPG,arrivals,2026-07-26,04:30,04:02,QG344,CTV344,CGK,Jakarta Soekarno Hatta International Airport,Citilink,QG,A320,Airbus A320-214,PK-GLG,Landed 05:02,2026-07-27 06:00:24
UPG,arrivals,2026-07-26,05:50,05:32,JT981,LNI981,TTE,Ternate Babullah Airport,Lion Air (80th 737NG Livery),JT,B738,Boeing 737-8GP,PK-LKP,Landed 06:32,2026-07-27 06:00:21
UPG,arrivals,2026-07-26,05:50,,JT871,,TTE,Ternate Babullah Airport,Lion Air,JT,739,,,Unknown,2026-07-27 06:00:24
UPG,arrivals,2026-07-26,06:10,,JT3871,,PLW,Palu Mutiara Airport,Lion Air,JT,738,,,Unknown,2026-07-27 06:00:21
UPG,arrivals,2026-07-26,06:10,06:01,JT781,LNI781,PLW,Palu Mutiara Airport,Lion Air (20 Years Sticker),JT,B739,Boeing 737-9GP(ER),PK-LHM,Landed 07:01,2026-07-27 06:00:21
UPG,arrivals,2026-07-26,06:10,,JT641,,PLW,Palu Mutiara Airport,Lion Air,JT,739,,,Unknown,2026-07-27 06:00:21
UPG,arrivals,2026-07-26,06:30,,ID6267,,AMQ,Ambon Pattimura Airport,Batik Air,ID,32A,,,Unknown,2026-07-27 06:00:21
UPG,arrivals,2026-07-26,06:30,06:44,ID6165,BTK6165,AMQ,Ambon Pattimura Airport,Batik Air (Book Cabin Sticker),ID,A320,Airbus A320-214,PK-LAF,Landed 07:44,2026-07-27 06:00:21
UPG,arrivals,2026-07-26,06:35,,JT742,,SUB,Surabaya Juanda International Airport,Lion Air,JT,738,,,Unknown,2026-07-27 06:00:21
UPG,arrivals,2026-07-26,06:35,06:27,JT786,LNI786,SUB,Surabaya Juanda International Airport,Lion Air,JT,B739,Boeing 737-9GP(ER),PK-LSU,Landed 07:27,2026-07-27 06:00:21
UPG,arrivals,2026-07-26,06:40,,JT2891,,MDC,Manado Sam Ratulangi International Airport,Lion Air,JT,738,,,Unknown,2026-07-27 06:00:21
UPG,arrivals,2026-07-26,06:40,06:37,IW1305,WON1305,BUW,Bau-Bau Betoambari Airport,Wings Air,IW,AT75,ATR 72-500,PK-WFU,Landed 07:37,2026-07-27 06:00:21
UPG,arrivals,2026-07-26,06:40,06:31,IU532,SJV532,BPN,Balikpapan Sepinggan Airport,Super Air Jet,IU,A320,Airbus A320-232,PK-SJM,Landed 07:31,2026-07-27 06:00:21
UPG,arrivals,2026-07-26,06:45,,JT791,,MDC,Manado Sam Ratulangi International Airport,Lion Air,JT,739,,,Unknown,2026-07-27 06:00:21
UPG,arrivals,2026-07-26,06:45,06:35,JT741,LNI741,MDC,Manado Sam Ratulangi International Airport,Lion Air,JT,B739,Boeing 737-9GP(ER),PK-LSJ,Landed 07:35,2026-07-27 06:00:21
UPG,arrivals,2026-07-26,06:55,06:51,JT991,LNI991,KDI,Kendari Haluoleo Airport,Lion Air,JT,B739,Boeing 737-9GP(ER),PK-LFK,Landed 07:51,2026-07-27 06:00:21
UPG,arrivals,2026-07-26,06:55,,JT1707,,KDI,Kendari Haluoleo Airport,Lion Air,JT,739,,,Unknown,2026-07-27 06:00:21
UPG,arrivals,2026-07-26,07:25,,JT944,,DPS,Denpasar Ngurah Rai International Airport,Lion Air,JT,738,,,Unknown,2026-07-27 06:00:21
UPG,arrivals,2026-07-26,07:25,07:01,JT746,LNI746,DPS,Denpasar Ngurah Rai International Airport,Lion Air,JT,B738,Boeing 737-8GP,PK-LOR,Landed 08:01,2026-07-27 06:00:21
UPG,arrivals,2026-07-26,07:30,07:17,QG212,CTV212,CGK,Jakarta Soekarno Hatta International Airport,Citilink,QG,A20N,Airbus A320-251N,PK-GTC,Landed 08:17,2026-07-27 06:00:21
UPG,arrivals,2026-07-26,07:55,,ID6260,,CGK,Jakarta Soekarno Hatta International Airport,Batik Air,ID,32A,,,Unknown,2026-07-27 06:00:21
UPG,arrivals,2026-07-26,07:55,07:37,ID6236,BTK6236,CGK,Jakarta Soekarno Hatta International Airport,Batik Air,ID,A320,Airbus A320-214,PK-LAY,Landed 08:37,2026-07-27 06:00:21
UPG,arrivals,2026-07-26,08:00,07:55,SJ903,SJY903,SOQ,Sorong Dominique Edward Osok Airport,Sriwijaya Air,SJ,B735,Boeing 737-524,PK-CLE,Landed 08:55,2026-07-27 06:00:21
UPG,arrivals,2026-07-26,08:00,07:41,GA604,GIA604,CGK,Jakarta Soekarno Hatta International Airport,Garuda Indonesia,GA,B738,Boeing 737-8U3,PK-GFP,Landed 08:41,2026-07-27 06:00:21
UPG,arrivals,2026-07-26,08:10,08:08,IU220,SJV220,MKW,Manokwari Rendani Airport,Super Air Jet,IU,A320,Airbus A320-232,PK-STR,Landed 09:08,2026-07-27 06:00:21
UPG,arrivals,2026-07-26,08:15,,JT882,,SUB,Surabaya Juanda International Airport,Lion Air,JT,739,,,Unknown,2026-07-27 06:00:21
UPG,arrivals,2026-07-26,08:15,08:12,IW1297,WON1297,MOH,Morowali Maleo Airport,Wings Air,IW,AT76,ATR 72-600,PK-WKH,Landed 09:12,2026-07-27 06:00:21
UPG,arrivals,2026-07-26,08:15,08:33,JT93,LNI093,JED,Jeddah King Abdulaziz International Airport,Lion Air,JT,A339,Airbus A330-941,PK-LES,Landed 09:33,2026-07-27 06:00:21
UPG,arrivals,2026-07-26,08:20,,JT1942,,SUB,Surabaya Juanda International Airport,Lion Air,JT,739,,,Unknown,2026-07-27 06:00:21
UPG,arrivals,2026-07-26,08:20,,JT1892,,SUB,Surabaya Juanda International Airport,Lion Air,JT,738,,,Unknown,2026-07-27 06:00:21
UPG,arrivals,2026-07-26,08:20,,JT994,,SUB,Surabaya Juanda International Airport,Lion Air,JT,738,,,Unknown,2026-07-27 06:00:21
UPG,arrivals,2026-07-26,08:20,,JT854,,SUB,Surabaya Juanda International Airport,Lion Air,JT,739,,,Unknown,2026-07-27 06:00:21
UPG,arrivals,2026-07-26,08:25,07:46,IW1207,WON1207,KXB,Kolaka Sangia Nibandera Airport,Wings Air,IW,AT75,ATR 72-500,PK-WFI,Landed 08:46,2026-07-27 06:00:21
UPG,arrivals,2026-07-26,08:25,08:15,IP806,PAS806,CGK,Jakarta Soekarno Hatta International Airport,Pelita Air,IP,A320,Airbus A320-214,PK-PWJ,Landed 09:15,2026-07-27 06:00:21
UPG,arrivals,2026-07-26,08:55,,JT1949,,MKQ,Merauke Mopah International Airport,Lion Air,JT,738,,,Unknown,2026-07-27 06:00:21
UPG,arrivals,2026-07-26,09:00,08:52,JT949,LNI949,MKQ,Merauke Mopah International Airport,Lion Air,JT,B738,Boeing 737-8GP,PK-LQZ,Landed 09:52,2026-07-27 06:00:21
UPG,arrivals,2026-07-26,09:25,,JT1943,,SOQ,Sorong Dominique Edward Osok Airport,Lion Air,JT,738,,,Unknown,2026-07-27 06:00:21
UPG,arrivals,2026-07-26,09:25,09:02,JT943,LNI943,SOQ,Sorong Dominique Edward Osok Airport,Lion Air,JT,B738,Boeing 737-8GP,PK-LOQ,Landed 10:02,2026-07-27 06:00:21
UPG,arrivals,2026-07-26,09:30,09:17,IW1351,WON1351,LLO,Palopo Lagaligo Airport,Wings Air,IW,AT75,ATR 72-500,PK-WFS,Landed 10:17,2026-07-27 06:00:21
UPG,arrivals,2026-07-26,09:30,09:13,GA610,GIA610,CGK,Jakarta Soekarno Hatta International Airport,Garuda Indonesia,GA,B738,Boeing 737-8U3,PK-GMX,Landed 10:13,2026-07-27 06:00:21
UPG,arrivals,2026-07-26,09:45,09:23,IW1303,WON1303,MJU,Mamuju Tampa Padang Airport,Wings Air,IW,AT75,ATR 72-500,PK-WFW,Landed 10:23,2026-07-27 06:00:21
UPG,arrivals,2026-07-26,09:50,09:27,JT987,LNI987,KDI,Kendari Haluoleo Airport,Lion Air (20 Years Sticker),JT,B739,Boeing 737-9GP(ER),PK-LHM,Landed 10:27,2026-07-27 06:00:21
UPG,arrivals,2026-07-26,09:50,,JT707,,KDI,Kendari Haluoleo Airport,Lion Air,JT,739,,,Unknown,2026-07-27 06:00:21
UPG,arrivals,2026-07-26,10:10,10:12,SJ699,SJY699,TTE,Ternate Babullah Airport,Sriwijaya Air,SJ,B735,Boeing 737-524,PK-CLF,Landed 11:12,2026-07-27 06:00:21
UPG,arrivals,2026-07-26,10:10,,SJ697,,TTE,Ternate Babullah Airport,Sriwijaya Air,SJ,738,,,Unknown,2026-07-27 06:00:21
UPG,arrivals,2026-07-26,10:10,09:51,IU573,SJV573,BUW,Bau-Bau Betoambari Airport,Super Air Jet,IU,A320,Airbus A320-232,PK-SJM,Landed 10:51,2026-07-27 06:00:21
UPG,arrivals,2026-07-26,10:10,,ID8750,,KDI,Kendari Haluoleo Airport,Batik Air,ID,32A,,,Unknown,2026-07-27 06:00:21
UPG,arrivals,2026-07-26,10:10,09:56,ID6750,BTK6750,KDI,Kendari Haluoleo Airport,Batik Air,ID,A320,Airbus A320-214,PK-LUF,Landed 10:56,2026-07-27 06:00:21
UPG,arrivals,2026-07-26,10:20,,ID8183,,DJJ,Jayapura Sentani Airport,Batik Air,ID,32A,,,Unknown,2026-07-27 06:00:21
UPG,arrivals,2026-07-26,10:20,10:08,ID6183,BTK6183,DJJ,Jayapura Sentani Airport,Batik Air,ID,B738,Boeing 737-8GP,PK-LBS,Landed 11:08,2026-07-27 06:00:21
UPG,arrivals,2026-07-26,10:25,10:18,IW1329,WON1329,MOH,Morowali Maleo Airport,Wings Air,IW,AT75,ATR 72-500,PK-WFU,Landed 11:18,2026-07-27 06:00:21
UPG,arrivals,2026-07-26,10:30,10:04,QG346,CTV346,CGK,Jakarta Soekarno Hatta International Airport,Citilink,QG,A320,Airbus A320-214,PK-GLR,Landed 11:04,2026-07-27 06:00:21
UPG,arrivals,2026-07-26,10:55,10:39,GA618,GIA618,CGK,Jakarta Soekarno Hatta International Airport,Garuda Indonesia,GA,B738,Boeing 737-8BK,PK-GFG,Landed 11:39,2026-07-27 06:00:21
UPG,arrivals,2026-07-26,11:00,,JT1994,,CGK,Jakarta Soekarno Hatta International Airport,Lion Air,JT,738,,,Unknown,2026-07-27 06:00:21
UPG,arrivals,2026-07-26,11:00,10:36,JT892,LNI892,CGK,Jakarta Soekarno Hatta International Airport,Lion Air,JT,B739,Boeing 737-9GP(ER),PK-LGL,Landed 11:36,2026-07-27 06:00:21
UPG,arrivals,2026-07-26,11:05,,JT1897,,TTE,Ternate Babullah Airport,Lion Air,JT,738,,,Unknown,2026-07-27 06:00:21
UPG,arrivals,2026-07-26,11:05,10:57,JT897,LNI897,TTE,Ternate Babullah Airport,Lion Air,JT,B738,Boeing 737-8GP,PK-LQY,Landed 11:57,2026-07-27 06:00:21
UPG,arrivals,2026-07-26,11:10,10:32,IW1205,WON1205,KXB,Kolaka Sangia Nibandera Airport,Wings Air,IW,AT75,ATR 72-500,PK-WFI,Landed 11:32,2026-07-27 06:00:21
UPG,arrivals,2026-07-26,11:20,,JT744,,DPS,Denpasar Ngurah Rai International Airport,Lion Air,JT,739,,,Unknown,2026-07-27 06:00:21
UPG,arrivals,2026-07-26,11:20,,ID6762,,CGK,Jakarta Soekarno Hatta International Airport,Batik Air,ID,32A,,,Unknown,2026-07-27 06:00:21
UPG,arrivals,2026-07-26,11:25,10:53,QG354,CTV354,SUB,Surabaya Juanda International Airport,Citilink,QG,A320,Airbus A320-214,PK-GLO,Landed 11:53,2026-07-27 06:00:21
UPG,arrivals,2026-07-26,11:25,11:18,ID6292,BTK6292,CGK,Jakarta Soekarno Hatta International Airport,Batik Air,ID,A320,Airbus A320-214,PK-LUU,Landed 12:18,2026-07-27 06:00:21
UPG,arrivals,2026-07-26,11:25,,ID6554,,CGK,Jakarta Soekarno Hatta International Airport,Batik Air,ID,32A,,,Unknown,2026-07-27 06:00:21
UPG,arrivals,2026-07-26,11:30,11:24,ID6771,BTK6771,MDC,Manado Sam Ratulangi International Airport,Batik Air (Book Cabin Sticker),ID,A320,Airbus A320-214,PK-LAF,Landed 12:24,2026-07-27 06:00:21
UPG,arrivals,2026-07-26,11:40,,JT1985,,TIM,Timika Airport,Lion Air,JT,739,,,Unknown,2026-07-27 06:00:21
UPG,arrivals,2026-07-26,11:45,11:37,SJ539,SJY539,MOH,Morowali Maleo Airport,Sriwijaya Air,SJ,B735,Boeing 737-524,PK-CLE,Landed 12:37,2026-07-27 06:00:21
UPG,arrivals,2026-07-26,11:45,11:34,JT985,LNI985,TIM,Timika Airport,Lion Air,JT,B739,Boeing 737-9GP(ER),PK-LFW,Landed 12:34,2026-07-27 06:00:21
UPG,arrivals,2026-07-26,11:50,,SJ702,,DJJ,Jayapura Sentani Airport,Sriwijaya Air,SJ,738,,,Unknown,2026-07-27 06:00:21
UPG,arrivals,2026-07-26,12:05,,GA605,,KDI,Kendari Haluoleo Airport,Garuda Indonesia,GA,B738,Boeing 737-8U3,PK-GFP,Unknown,2026-07-27 06:00:21
UPG,arrivals,2026-07-26,12:05,11:48,GA605,GIA605,KDI,Kendari Haluoleo Airport,Garuda Indonesia,GA,B738,Boeing 737-8U3,PK-GFP,Landed 12:48,2026-07-27 06:00:21
UPG,arrivals,2026-07-26,12:10,,KS534,,MOH,Morowali Maleo Airport,Aeroitalia Regional,KS,ATR,,,Unknown,2026-07-27 06:00:21
UPG,arrivals,2026-07-26,12:10,,KS532,,MOH,Morowali Maleo Airport,Aeroitalia Regional,KS,ATR,,,Unknown,2026-07-27 06:00:21
UPG,arrivals,2026-07-26,12:10,12:16,JT640,LNI640,YIA,Yogyakarta International Airport,Lion Air,JT,B739,Boeing 737-9GP(ER),PK-LFK,Landed 13:16,2026-07-27 06:00:21
UPG,arrivals,2026-07-26,12:10,11:56,IW1327,WON1327,MOH,Morowali Maleo Airport,Wings Air,IW,AT76,ATR 72-600,PK-WKH,Landed 12:56,2026-07-27 06:00:21
UPG,arrivals,2026-07-26,12:15,,JT2778,,CGK,Jakarta Soekarno Hatta International Airport,Lion Air,JT,738,,,Unknown,2026-07-27 06:00:21
UPG,arrivals,2026-07-26,12:15,,JT1774,,CGK,Jakarta Soekarno Hatta International Airport,Lion Air,JT,738,,,Unknown,2026-07-27 06:00:21
UPG,arrivals,2026-07-26,12:15,,JT1740,,CGK,Jakarta Soekarno Hatta International Airport,Lion Air,JT,739,,,Unknown,2026-07-27 06:00:21
UPG,arrivals,2026-07-26,12:15,13:28,JT774,LNI774,CGK,Jakarta Soekarno Hatta International Airport,Lion Air,JT,B739,Boeing 737-9GP(ER),PK-LSU,Landed 14:28,2026-07-27 06:00:21
UPG,arrivals,2026-07-26,12:20,11:59,JT939,LNI939,BIK,Biak Frans Kaisiepo Airport,Lion Air,JT,B739,Boeing 737-9GP(ER),PK-LQT,Landed 12:59,2026-07-27 06:00:21
UPG,arrivals,2026-07-26,12:20,11:52,ID6295,BTK6295,LUW,Luwuk Bubung Airport,Batik Air,ID,A320,Airbus A320-214,PK-LAY,Landed 12:52,2026-07-27 06:00:21
UPG,arrivals,2026-07-26,12:20,,ID6137,,LUW,Luwuk Bubung Airport,Batik Air,ID,32A,,,Unknown,2026-07-27 06:00:21
UPG,arrivals,2026-07-26,12:25,,JT1743,,MDC,Manado Sam Ratulangi International Airport,Lion Air,JT,738,,,Unknown,2026-07-27 06:00:21
UPG,arrivals,2026-07-26,12:25,,JT1801,,MDC,Manado Sam Ratulangi International Airport,Lion Air,JT,738,,,Unknown,2026-07-27 06:00:21
UPG,arrivals,2026-07-26,12:25,,JT1643,,MDC,Manado Sam Ratulangi International Airport,Lion Air,JT,738,,,Unknown,2026-07-27 06:00:21
UPG,arrivals,2026-07-26,12:25,12:07,JT743,LNI743,MDC,Manado Sam Ratulangi International Airport,Lion Air,JT,B738,Boeing 737-8GP,PK-LOR,Landed 13:07,2026-07-27 06:00:21
UPG,arrivals,2026-07-26,12:40,12:21,JT706,LNI706,SUB,Surabaya Juanda International Airport,Lion Air,JT,B738,Boeing 737-8GP,PK-LJS,Landed 13:21,2026-07-27 06:00:21
UPG,arrivals,2026-07-26,12:45,,JT1780,,SUB,Surabaya Juanda International Airport,Lion Air,JT,739,,,Unknown,2026-07-27 06:00:21
UPG,arrivals,2026-07-26,12:45,,JT998,,SUB,Surabaya Juanda International Airport,Lion Air,JT,738,,,Unknown,2026-07-27 06:00:21
UPG,arrivals,2026-07-26,12:45,,JT980,,SUB,Surabaya Juanda International Airport,Lion Air,JT,738,,,Unknown,2026-07-27 06:00:21
UPG,arrivals,2026-07-26,12:45,,JT837,,SUB,Surabaya Juanda International Airport,Lion Air,JT,738,,,Unknown,2026-07-27 06:00:21
UPG,arrivals,2026-07-26,12:50,,SJ5899,,TIM,Timika Airport,Sriwijaya Air,SJ,738,,,Unknown,2026-07-27 06:00:21
UPG,arrivals,2026-07-26,12:50,12:31,SJ589,SJY589,TIM,Timika Airport,BBN Airlines Indonesia,0B,B738,Boeing 737-8BK,PK-BBF,Landed 13:31,2026-07-27 06:00:21
UPG,arrivals,2026-07-26,13:00,12:44,IW1307,WON1307,BUW,Bau-Bau Betoambari Airport,Wings Air,IW,AT75,ATR 72-500,PK-WFW,Landed 13:44,2026-07-27 06:00:21
UPG,arrivals,2026-07-26,13:10,,JT1853,,PLW,Palu Mutiara Airport,Lion Air,JT,739,,,Unknown,2026-07-27 06:00:21
UPG,arrivals,2026-07-26,13:10,12:58,JT853,LNI853,PLW,Palu Mutiara Airport,Lion Air,JT,B738,Boeing 737-8GP,PK-LOQ,Landed 13:58,2026-07-27 06:00:21
UPG,arrivals,2026-07-26,13:15,,JT1881,,AMQ,Ambon Pattimura Airport,Lion Air,JT,738,,,Unknown,2026-07-27 06:00:21
UPG,arrivals,2026-07-26,13:15,14:26,JT881,LNI881,AMQ,Ambon Pattimura Airport,Lion Air (80th 737NG Livery),JT,B738,Boeing 737-8GP,PK-LKP,Landed 15:26,2026-07-27 06:00:21
UPG,arrivals,2026-07-26,13:20,,JT1797,,DJJ,Jayapura Sentani Airport,Lion Air,JT,739,,,Unknown,2026-07-27 06:00:21
UPG,arrivals,2026-07-26,13:20,14:30,JT797,LNI797,DJJ,Jayapura Sentani Airport,Lion Air,JT,B738,Boeing 737-8GP,PK-LOP,Landed 15:30,2026-07-27 06:00:21
UPG,arrivals,2026-07-26,13:25,,SJ599,,TTE,Ternate Babullah Airport,Sriwijaya Air,SJ,735,,,Unknown,2026-07-27 06:00:21
UPG,arrivals,2026-07-26,13:30,13:20,QG350,CTV350,SUB,Surabaya Juanda International Airport,Citilink,QG,A20N,Airbus A320-251N,PK-GTC,Landed 14:20,2026-07-27 06:00:21
UPG,arrivals,2026-07-26,13:30,12:45,IW1911,WON1911,LBJ,Labuan Bajo Komodo Airport,Wings Air,IW,AT75,ATR 72-500,PK-WFS,Landed 13:45,2026-07-27 06:00:21
UPG,arrivals,2026-07-26,13:55,,JT996,,SUB,Surabaya Juanda International Airport,Lion Air,JT,738,,,Unknown,2026-07-27 06:00:18
UPG,arrivals,2026-07-26,13:55,13:49,JT780,LNI780,SUB,Surabaya Juanda International Airport,Lion Air (50th 737-900ER Livery),JT,B739,Boeing 737-9GP(ER),PK-LHY,Landed 14:49,2026-07-27 06:00:18
UPG,arrivals,2026-07-26,14:00,13:16,IW1209,WON1209,KXB,Kolaka Sangia Nibandera Airport,Wings Air,IW,AT75,ATR 72-500,PK-WFI,Landed 14:16,2026-07-27 06:00:18
UPG,arrivals,2026-07-26,14:05,,IW1299,,MOH,Morowali Maleo Airport,Wings Air,IW,AT7,,,Unknown,2026-07-27 06:00:18
UPG,arrivals,2026-07-26,14:20,13:59,QG215,CTV215,PLW,Palu Mutiara Airport,Citilink,QG,A320,Airbus A320-214,PK-GLR,Landed 14:59,2026-07-27 06:00:18
UPG,arrivals,2026-07-26,14:25,,JT993,,KDI,Kendari Haluoleo Airport,Lion Air,JT,738,,,Unknown,2026-07-27 06:00:18
UPG,arrivals,2026-07-26,14:25,,JT885,,KDI,Kendari Haluoleo Airport,Lion Air,JT,738,,,Unknown,2026-07-27 06:00:18
UPG,arrivals,2026-07-26,14:50,,JT1945,,SOQ,Sorong Dominique Edward Osok Airport,Lion Air,JT,738,,,Unknown,2026-07-27 06:00:18
UPG,arrivals,2026-07-26,14:50,,JT1703,,SOQ,Sorong Dominique Edward Osok Airport,Lion Air,JT,739,,,Unknown,2026-07-27 06:00:18
UPG,arrivals,2026-07-26,14:50,14:50,JT945,LNI945,SOQ,Sorong Dominique Edward Osok Airport,Lion Air,JT,B738,Boeing 737-8GP,PK-LQZ,Landed 15:50,2026-07-27 06:00:18
UPG,arrivals,2026-07-26,14:55,14:52,SJ901,LKN7901,NBX,Nabire Airport,Nam Air,IN,B735,Boeing 737-524,PK-NAT,Landed 15:52,2026-07-27 06:00:18
UPG,arrivals,2026-07-26,15:00,,SJ785,,TIM,Timika Airport,Sriwijaya Air,SJ,735,,,Unknown,2026-07-27 06:00:18
UPG,arrivals,2026-07-26,15:00,14:43,IW1353,WON1353,LLO,Palopo Lagaligo Airport,Wings Air,IW,AT76,ATR 72-600,PK-WKH,Landed 15:43,2026-07-27 06:00:18
UPG,arrivals,2026-07-26,15:05,14:38,JT941,LNI941,SOQ,Sorong Dominique Edward Osok Airport,Lion Air (Bookcabin Livery),JT,B738,Boeing 737-8GP,PK-LJY,Landed 15:38,2026-07-27 06:00:18
UPG,arrivals,2026-07-26,15:05,,JT782,,CGK,Jakarta Soekarno Hatta International Airport,Lion Air,JT,739,,,Unknown,2026-07-27 06:00:18
UPG,arrivals,2026-07-26,15:10,,ID8261,,TIM,Timika Airport,Batik Air,ID,32A,,,Unknown,2026-07-27 06:00:18
UPG,arrivals,2026-07-26,15:10,14:47,ID6261,BTK6261,TIM,Timika Airport,Batik Air,ID,A320,Airbus A320-214,PK-LUR,Landed 15:47,2026-07-27 06:00:18
UPG,arrivals,2026-07-26,15:15,,SJ5830,,DJJ,Jayapura Sentani Airport,Sriwijaya Air,SJ,735,,,Unknown,2026-07-27 06:00:18
UPG,arrivals,2026-07-26,15:15,,JT1885,,GTO,Gorontalo Jalaluddin Airport,Lion Air,JT,738,,,Unknown,2026-07-27 06:00:18
UPG,arrivals,2026-07-26,15:15,14:56,JT793,LNI793,GTO,Gorontalo Jalaluddin Airport,Lion Air,JT,B739,Boeing 737-9GP(ER),PK-LGL,Landed 15:56,2026-07-27 06:00:18
UPG,arrivals,2026-07-26,15:15,,ID8293,,LUW,Luwuk Bubung Airport,Batik Air,ID,32A,,,Unknown,2026-07-27 06:00:18
UPG,arrivals,2026-07-26,15:15,15:11,ID6293,BTK6293,LUW,Luwuk Bubung Airport,Batik Air,ID,A320,Airbus A320-214,PK-LUU,Landed 16:11,2026-07-27 06:00:18
UPG,arrivals,2026-07-26,15:15,,ID6235,,LUW,Luwuk Bubung Airport,Batik Air,ID,32A,,,Unknown,2026-07-27 06:00:18
UPG,arrivals,2026-07-26,15:20,,ID8555,,PLW,Palu Mutiara Airport,Batik Air,ID,32A,,,Unknown,2026-07-27 06:00:18
UPG,arrivals,2026-07-26,15:20,15:03,ID6555,BTK6555,PLW,Palu Mutiara Airport,Batik Air (Book Cabin Sticker),ID,A320,Airbus A320-214,PK-LAF,Landed 16:03,2026-07-27 06:00:18
UPG,arrivals,2026-07-26,15:30,15:14,QG342,CTV342,DPS,Denpasar Ngurah Rai International Airport,Citilink,QG,A320,Airbus A320-214,PK-GLO,Landed 16:14,2026-07-27 06:00:18
UPG,arrivals,2026-07-26,15:30,16:05,JT997,LNI997,KDI,Kendari Haluoleo Airport,Lion Air,JT,B739,Boeing 737-9GP(ER),PK-LFK,Landed 17:05,2026-07-27 06:00:18
UPG,arrivals,2026-07-26,15:45,15:43,IW1333,WON1333,MOH,Morowali Maleo Airport,Wings Air,IW,AT75,ATR 72-500,PK-WFU,Landed 16:43,2026-07-27 06:00:18
UPG,arrivals,2026-07-26,15:50,15:30,IW2203,WON2203,KXB,Kolaka Sangia Nibandera Airport,Wings Air,IW,AT75,ATR 72-500,PK-WFW,Landed 16:30,2026-07-27 06:00:18
UPG,arrivals,2026-07-26,15:50,15:41,IW1325,WON1325,MOH,Morowali Maleo Airport,Wings Air,IW,AT76,ATR 72-600,PK-WGY,Landed 16:41,2026-07-27 06:00:18
UPG,arrivals,2026-07-26,15:55,15:37,JT740,LNI740,DPS,Denpasar Ngurah Rai International Airport,Lion Air,JT,B739,Boeing 737-9GP(ER),PK-LHR,Landed 16:37,2026-07-27 06:00:18
UPG,arrivals,2026-07-26,16:00,16:12,SJ717,SJY717,DPS,Denpasar Ngurah Rai International Airport,Sriwijaya Air,SJ,B735,Boeing 737-524,PK-CLE,Landed 17:12,2026-07-27 06:00:18
UPG,arrivals,2026-07-26,16:10,15:59,QG340,CTV340,CGK,Jakarta Soekarno Hatta International Airport,Citilink,QG,A320,Airbus A320-214,PK-GQC,Landed 16:59,2026-07-27 06:00:18
UPG,arrivals,2026-07-26,16:20,,SJ913,,SOQ,Sorong Dominique Edward Osok Airport,Sriwijaya Air,SJ,735,,,Unknown,2026-07-27 06:00:18
UPG,arrivals,2026-07-26,16:30,16:10,QG352,CTV352,SUB,Surabaya Juanda International Airport,Citilink,QG,A320,Airbus A320-214,PK-GQQ,Landed 17:10,2026-07-27 06:00:18
UPG,arrivals,2026-07-26,16:35,16:34,IW1301,WON1301,MJU,Mamuju Tampa Padang Airport,Wings Air,IW,AT75,ATR 72-500,PK-WFS,Landed 17:34,2026-07-27 06:00:18
UPG,arrivals,2026-07-26,16:45,,JT995,,KDI,Kendari Haluoleo Airport,Lion Air,JT,738,,,Unknown,2026-07-27 06:00:18
UPG,arrivals,2026-07-26,16:50,17:19,SJ580,SJY580,CGK,Jakarta Soekarno Hatta International Airport,Sriwijaya Air,SJ,B735,Boeing 737-524,PK-CLF,Landed 18:19,2026-07-27 06:00:18
UPG,arrivals,2026-07-26,16:50,16:46,AK334,AXM334,KUL,Kuala Lumpur International Airport,AirAsia,AK,A20N,Airbus A320-251N,9M-AGJ,Landed 17:46,2026-07-27 06:00:18
UPG,arrivals,2026-07-26,16:55,17:16,ID6266,BTK6266,CGK,Jakarta Soekarno Hatta International Airport,Batik Air,ID,B738,Boeing 737-8GP,PK-LBS,Landed 18:16,2026-07-27 06:00:18
UPG,arrivals,2026-07-26,17:05,16:40,TR230,TGW230,SIN,Singapore Changi Airport,Scoot,TR,E290,Embraer E190-E2,9V-THG,Landed 17:40,2026-07-27 06:00:18
UPG,arrivals,2026-07-26,17:15,,SJ552,,BEJ,Kalimarau Airport,Sriwijaya Air,SJ,735,,,Unknown,2026-07-27 06:00:18
UPG,arrivals,2026-07-26,17:15,17:03,JT908,LNI908,SRG,Semarang Achmad Yani International Airport,Lion Air,JT,B738,Boeing 737-8GP,PK-LOR,Landed 18:03,2026-07-27 06:00:18
UPG,arrivals,2026-07-26,17:25,,ID8763,,MDC,Manado Sam Ratulangi International Airport,Batik Air,ID,32A,,,Unknown,2026-07-27 06:00:18
UPG,arrivals,2026-07-26,17:30,16:57,ID6763,BTK6763,MDC,Manado Sam Ratulangi International Airport,Batik Air,ID,A320,Airbus A320-214,PK-LAY,Landed 17:57,2026-07-27 06:00:18
UPG,arrivals,2026-07-26,17:35,,JT644,,YIA,Yogyakarta International Airport,Lion Air,JT,739,,,Unknown,2026-07-27 06:00:18
UPG,arrivals,2026-07-26,17:50,17:31,IU534,SJV534,BPN,Balikpapan Sepinggan Airport,Super Air Jet (Our Super 50th Jet Livery),IU,A320,Airbus A320-232,PK-STQ,Landed 18:31,2026-07-27 06:00:18
UPG,arrivals,2026-07-26,18:00,17:42,QG429,CTV429,BPN,Balikpapan Sepinggan Airport,Citilink,QG,A320,Airbus A320-214,PK-GQS,Landed 18:42,2026-07-27 06:00:18
UPG,arrivals,2026-07-26,18:00,17:57,GA612,GIA612,CGK,Jakarta Soekarno Hatta International Airport,Garuda Indonesia,GA,B738,Boeing 737-81M,PK-GUC,Landed 18:57,2026-07-27 06:00:18
UPG,arrivals,2026-07-26,18:20,,IP808,,CGK,Jakarta Soekarno Hatta International Airport,Pelita Air,IP,320,,,Unknown,2026-07-27 06:00:18
UPG,arrivals,2026-07-26,18:20,,ID6316,,BPN,Balikpapan Sepinggan Airport,Batik Air,ID,32A,,,Unknown,2026-07-27 06:00:18
UPG,arrivals,2026-07-26,18:20,17:52,ID6232,BTK6232,BPN,Balikpapan Sepinggan Airport,Batik Air,ID,A320,Airbus A320-214,PK-LUF,Landed 18:52,2026-07-27 06:00:18
UPG,arrivals,2026-07-26,18:35,18:21,JT841,LNI841,LOP,Lombok International Airport,Lion Air,JT,B738,Boeing 737-8GP,PK-LQZ,Landed 19:21,2026-07-27 06:00:18
UPG,arrivals,2026-07-26,19:15,,ID6296,,CGK,Jakarta Soekarno Hatta International Airport,Batik Air,ID,32A,,,Canceled,2026-07-27 06:00:18
UPG,arrivals,2026-07-26,19:15,19:22,GA616,GIA616,CGK,Jakarta Soekarno Hatta International Airport,Garuda Indonesia,GA,B738,Boeing 737-8U3,PK-GNM,Landed 20:22,2026-07-27 06:00:18
UPG,arrivals,2026-07-26,19:45,,SJ5520,,BEJ,Kalimarau Airport,Sriwijaya Air,SJ,735,,,Unknown,2026-07-27 06:00:18
UPG,arrivals,2026-07-26,19:50,19:59,QG426,CTV426,CGK,Jakarta Soekarno Hatta International Airport,Citilink,QG,A20N,Airbus A320-251N,PK-GTF,Landed 20:59,2026-07-27 06:00:18
UPG,arrivals,2026-07-26,20:00,19:35,JT524,LNI524,BDJ,Banjarmasin Syamsudin Noor Airport,Lion Air,JT,B738,Boeing 737-8GP,PK-LOQ,Landed 20:35,2026-07-27 06:00:18
UPG,arrivals,2026-07-26,20:00,,ID8675,,BPN,Balikpapan Sepinggan Airport,Batik Air,ID,32A,,,Unknown,2026-07-27 06:00:18
UPG,arrivals,2026-07-26,20:30,,JT3794,,SUB,Surabaya Juanda International Airport,Lion Air,JT,739,,,Unknown,2026-07-27 06:00:18
UPG,arrivals,2026-07-26,20:30,,JT1984,,SUB,Surabaya Juanda International Airport,Lion Air,JT,739,,,Unknown,2026-07-27 06:00:18
UPG,arrivals,2026-07-26,20:30,,JT1948,,SUB,Surabaya Juanda International Airport,Lion Air,JT,738,,,Unknown,2026-07-27 06:00:18
UPG,arrivals,2026-07-26,20:30,22:23,JT880,LNI880,SUB,Surabaya Juanda International Airport,Lion Air,JT,B739,Boeing 737-9GP(ER),PK-LFK,Landed 23:23,2026-07-27 06:00:18
UPG,arrivals,2026-07-26,20:45,,SJ5671,,SUB,Surabaya Juanda International Airport,Sriwijaya Air,SJ,B735,Boeing 737-524,PK-CLF,Unknown,2026-07-27 06:00:18
UPG,arrivals,2026-07-26,21:10,21:08,ID6142,BTK6142,CGK,Jakarta Soekarno Hatta International Airport,Batik Air,ID,A320,Airbus A320-214,PK-LUK,Landed 22:08,2026-07-27 06:00:18
UPG,arrivals,2026-07-26,21:25,22:08,SJ713,SJY713,YIA,Yogyakarta International Airport,Sriwijaya Air,SJ,B735,Boeing 737-524,PK-CLE,Landed 23:08,2026-07-27 06:00:18
UPG,arrivals,2026-07-26,21:25,,RI370,,SRG,Semarang Achmad Yani International Airport,Rimbun Air,RI,73Y,,,Unknown,2026-07-27 06:00:18
UPG,arrivals,2026-07-26,21:35,,SJ562,,SUB,Surabaya Juanda International Airport,Sriwijaya Air,SJ,B735,Boeing 737-524,PK-CLF,Unknown,2026-07-27 06:00:18
UPG,arrivals,2026-07-26,21:35,21:38,SJ562,SJY562,SUB,Surabaya Juanda International Airport,Sriwijaya Air,SJ,B735,Boeing 737-524,PK-CLF,Landed 22:38,2026-07-27 06:00:18
UPG,arrivals,2026-07-26,21:55,21:53,JT664,LNI664,YIA,Yogyakarta International Airport,Lion Air (80th 737NG Livery),JT,B738,Boeing 737-8GP,PK-LKP,Landed 22:53,2026-07-27 06:00:18
UPG,arrivals,2026-07-26,21:55,22:33,ID6760,BTK6760,DPS,Denpasar Ngurah Rai International Airport,Batik Air,ID,A320,Airbus A320-214,PK-LAQ,Landed 23:33,2026-07-27 06:00:18
UPG,arrivals,2026-07-26,22:10,,IN582,,CGK,Jakarta Soekarno Hatta International Airport,Nam Air,IN,735,,,Unknown,2026-07-27 06:00:18
UPG,arrivals,2026-07-26,22:35,22:29,QG783,CTV783,YIA,Yogyakarta International Airport,Citilink,QG,A320,Airbus A320-214,PK-GLP,Landed 23:29,2026-07-27 06:00:18
UPG,arrivals,2026-07-26,23:00,22:44,QG216,CTV216,CGK,Jakarta Soekarno Hatta International Airport,Citilink,QG,A320,Airbus A320-214,PK-GLG,Landed 23:44,2026-07-27 06:00:18
UPG,arrivals,2026-07-26,23:10,,SJ592,,CGK,Jakarta Soekarno Hatta International Airport,Sriwijaya Air,SJ,735,,,Unknown,2026-07-27 06:00:18
UPG,arrivals,2026-07-26,23:30,,ID8770,,SUB,Surabaya Juanda International Airport,Batik Air,ID,32A,,,Unknown,2026-07-27 06:00:18
UPG,arrivals,2026-07-26,23:30,,ID8182,,SUB,Surabaya Juanda International Airport,Batik Air,ID,32A,,,Unknown,2026-07-27 06:00:18
UPG,arrivals,2026-07-26,23:30,,ID8260,,SUB,Surabaya Juanda International Airport,Batik Air,ID,32A,,,Unknown,2026-07-27 06:00:18
UPG,arrivals,2026-07-26,23:30,23:20,ID6136,BTK6136,SUB,Surabaya Juanda International Airport,Batik Air (Book Cabin Sticker),ID,A320,Airbus A320-214,PK-LAF,Landed 00:20,2026-07-27 06:00:18
UPG,arrivals,2026-07-26,23:40,,IN582,,CGK,Jakarta Soekarno Hatta International Airport,Nam Air,IN,735,,,Unknown,2026-07-27 06:00:18
UPG,arrivals,2026-07-26,23:50,,JT123,,CGK,Jakarta Soekarno Hatta International Airport,Lion Air,JT,739,,,Unknown,2026-07-27 06:00:18
UPG,arrivals,2026-07-26,23:55,,JT940,,CGK,Jakarta Soekarno Hatta International Airport,Lion Air,JT,738,,,Unknown,2026-07-27 06:00:18
UPG,arrivals,2026-07-26,23:55,23:38,JT798,LNI798,CGK,Jakarta Soekarno Hatta International Airport,Lion Air,JT,B738,Boeing 737-8GP,PK-LOJ,Landed 00:38,2026-07-27 06:00:18
UPG,departures,2026-07-26,00:35,00:35,JT3794,,DJJ,Jayapura Sentani Airport,Lion Air,JT,739,,,Estimated dep 01:35*,2026-07-27 06:00:49
UPG,departures,2026-07-26,00:35,00:50,JT798,LNI798,DJJ,Jayapura Sentani Airport,Lion Air,JT,B739,Boeing 737-9GP(ER),PK-LQT,Departed 01:50,2026-07-27 06:00:49
UPG,departures,2026-07-26,01:10,01:16,JT1984,,TIM,Timika Airport,Lion Air,JT,739,,,Estimated dep 02:16*,2026-07-27 06:00:49
UPG,departures,2026-07-26,01:10,01:16,JT984,LNI984,TIM,Timika Airport,Lion Air,JT,B739,Boeing 737-9GP(ER),PK-LFW,Departed 02:16,2026-07-27 06:00:49
UPG,departures,2026-07-26,01:35,01:47,JT1948,,MKQ,Merauke Mopah International Airport,Lion Air,JT,738,,,Estimated dep 02:47*,2026-07-27 06:00:49
UPG,departures,2026-07-26,01:35,01:46,JT948,LNI948,MKQ,Merauke Mopah International Airport,Lion Air,JT,B738,Boeing 737-8GP,PK-LQZ,Departed 02:46,2026-07-27 06:00:49
UPG,departures,2026-07-26,01:40,01:44,JT940,LNI940,SOQ,Sorong Dominique Edward Osok Airport,Lion Air (Bookcabin Livery),JT,B738,Boeing 737-8GP,PK-LJY,Departed 02:44,2026-07-27 06:00:49
UPG,departures,2026-07-26,01:55,,RI321,,CGK,Jakarta Soekarno Hatta International Airport,Rimbun Air,RI,73Y,,,Unknown,2026-07-27 06:00:49
UPG,departures,2026-07-26,02:00,02:00,JT1880,,BIK,Biak Frans Kaisiepo Airport,Lion Air,JT,738,,,Estimated dep 03:00*,2026-07-27 06:00:49
UPG,departures,2026-07-26,02:00,02:04,JT938,LNI938,BIK,Biak Frans Kaisiepo Airport,Lion Air,JT,B738,Boeing 737-8GP,PK-LOP,Departed 03:04,2026-07-27 06:00:49
UPG,departures,2026-07-26,02:10,,SJ5898,,TIM,Timika Airport,Sriwijaya Air,SJ,738,,,Unknown,2026-07-27 06:00:49
UPG,departures,2026-07-26,02:10,02:18,SJ588,SJY588,TIM,Timika Airport,BBN Airlines Indonesia,0B,B738,Boeing 737-8BK,PK-BBF,Departed 03:18,2026-07-27 06:00:49
UPG,departures,2026-07-26,02:15,02:39,SJ900,,NBX,Nabire Airport,Nam Air,IN,B735,Boeing 737-524,PK-NAT,Estimated dep 03:39*,2026-07-27 06:00:49
UPG,departures,2026-07-26,02:20,02:28,IU221,SJV221,MKW,Manokwari Rendani Airport,Super Air Jet,IU,A320,Airbus A320-232,PK-STR,Departed 03:28,2026-07-27 06:00:49
UPG,departures,2026-07-26,02:20,02:33,ID6164,BTK6164,AMQ,Ambon Pattimura Airport,Batik Air (Book Cabin Sticker),ID,A320,Airbus A320-214,PK-LAF,Departed 03:33,2026-07-27 06:00:49
UPG,departures,2026-07-26,02:20,,ID6136,,AMQ,Ambon Pattimura Airport,Batik Air,ID,32A,,,Unknown,2026-07-27 06:00:49
UPG,departures,2026-07-26,02:30,02:50,SJ698,SJY698,TTE,Ternate Babullah Airport,Sriwijaya Air,SJ,B735,Boeing 737-524,PK-CLF,Departed 03:50,2026-07-27 06:00:49
UPG,departures,2026-07-26,02:30,,SJ696,,TTE,Ternate Babullah Airport,Sriwijaya Air,SJ,738,,,Unknown,2026-07-27 06:00:49
UPG,departures,2026-07-26,02:30,,ID8182,,DJJ,Jayapura Sentani Airport,Batik Air,ID,32A,,,Unknown,2026-07-27 06:00:49
UPG,departures,2026-07-26,02:30,02:36,ID6182,BTK6182,DJJ,Jayapura Sentani Airport,Batik Air,ID,B738,Boeing 737-8GP,PK-LBS,Departed 03:36,2026-07-27 06:00:49
UPG,departures,2026-07-26,02:45,16:37,IN583,,CGK,Jakarta Soekarno Hatta International Airport,Nam Air,IN,B735,Boeing 737-524,PK-NAT,Unknown,2026-07-27 06:00:49
UPG,departures,2026-07-26,02:45,02:54,SJ902,SJY902,SOQ,Sorong Dominique Edward Osok Airport,Sriwijaya Air,SJ,B735,Boeing 737-524,PK-CLE,Departed 03:54,2026-07-27 06:00:49
UPG,departures,2026-07-26,04:15,07:19,JT1944,,SOQ,Sorong Dominique Edward Osok Airport,Lion Air,JT,738,,,Unknown,2026-07-27 06:00:49
UPG,departures,2026-07-26,04:15,04:12,JT942,LNI942,SOQ,Sorong Dominique Edward Osok Airport,Lion Air,JT,B738,Boeing 737-8GP,PK-LOQ,Departed 05:12,2026-07-27 06:00:49
UPG,departures,2026-07-26,04:35,04:37,JT873,LNI873,CGK,Jakarta Soekarno Hatta International Airport,Lion Air,JT,B738,Boeing 737-8GP,PK-LKH,Departed 05:37,2026-07-27 06:00:49
UPG,departures,2026-07-26,05:00,08:35,JT3896,,TTE,Ternate Babullah Airport,Lion Air,JT,738,,,Unknown,2026-07-27 06:00:49
UPG,departures,2026-07-26,05:00,04:59,JT896,LNI896,TTE,Ternate Babullah Airport,Lion Air,JT,B738,Boeing 737-8GP,PK-LQY,Departed 05:59,2026-07-27 06:00:49
UPG,departures,2026-07-26,05:10,05:25,IW1296,WON1296,MOH,Morowali Maleo Airport,Wings Air,IW,AT76,ATR 72-600,PK-WKH,Departed 06:25,2026-07-27 06:00:49
UPG,departures,2026-07-26,05:15,05:18,QG345,CTV345,CGK,Jakarta Soekarno Hatta International Airport,Citilink,QG,A320,Airbus A320-214,PK-GLG,Departed 06:18,2026-07-27 06:00:49
UPG,departures,2026-07-26,05:15,06:59,JT888,,AMQ,Ambon Pattimura Airport,Lion Air (80th 737NG Livery),JT,B738,Boeing 737-8GP,PK-LKP,Unknown,2026-07-27 06:00:49
UPG,departures,2026-07-26,05:15,05:15,JT880,,AMQ,Ambon Pattimura Airport,Lion Air,JT,738,,,Estimated dep 06:15*,2026-07-27 06:00:49
UPG,departures,2026-07-26,05:20,,ID6761,,DPS,Denpasar Ngurah Rai International Airport,Batik Air,ID,32A,,,Unknown,2026-07-27 06:00:49
UPG,departures,2026-07-26,05:25,05:42,ID6864,,CGK,Jakarta Soekarno Hatta International Airport,Batik Air,ID,32A,,,Estimated dep 06:42*,2026-07-27 06:00:49
UPG,departures,2026-07-26,05:25,05:23,ID6265,BTK6265,CGK,Jakarta Soekarno Hatta International Airport,Batik Air,ID,A320,Airbus A320-214,PK-BLC,Departed 06:23,2026-07-27 06:00:49
UPG,departures,2026-07-26,05:30,,KS533,,MOH,Morowali Maleo Airport,Aeroitalia Regional,KS,ATR,,,Unknown,2026-07-27 06:00:49
UPG,departures,2026-07-26,05:30,,KS531,,MOH,Morowali Maleo Airport,Aeroitalia Regional,KS,ATR,,,Unknown,2026-07-27 06:00:49
UPG,departures,2026-07-26,06:00,05:58,QG780,CTV780,YIA,Yogyakarta International Airport,Citilink,QG,A320,Airbus A320-214,PK-GLP,Departed 06:58,2026-07-27 06:00:46
UPG,departures,2026-07-26,06:00,05:53,IW1206,WON1206,KXB,Kolaka Sangia Nibandera Airport,Wings Air,IW,AT75,ATR 72-500,PK-WFI,Departed 06:53,2026-07-27 06:00:49
UPG,departures,2026-07-26,06:05,06:02,IW1332,WON1332,MOH,Morowali Maleo Airport,Wings Air,IW,AT76,ATR 72-600,PK-WGY,Departed 07:02,2026-07-27 06:00:46
UPG,departures,2026-07-26,06:15,06:33,GA617,GIA617,CGK,Jakarta Soekarno Hatta International Airport,Garuda Indonesia,GA,B738,Boeing 737-8U3,PK-GNG,Departed 07:33,2026-07-27 06:00:46
UPG,departures,2026-07-26,06:50,07:20,JT981,,SUB,Surabaya Juanda International Airport,Lion Air,JT,738,,,Estimated dep 08:20*,2026-07-27 06:00:46
UPG,departures,2026-07-26,06:50,,JT801,,SUB,Surabaya Juanda International Airport,Lion Air,JT,739,,,Unknown,2026-07-27 06:00:46
UPG,departures,2026-07-26,06:50,,JT781,,SUB,Surabaya Juanda International Airport,Lion Air,JT,738,,,Unknown,2026-07-27 06:00:46
UPG,departures,2026-07-26,07:05,07:08,IW1302,WON1302,MJU,Mamuju Tampa Padang Airport,Wings Air,IW,AT75,ATR 72-500,PK-WFW,Departed 08:08,2026-07-27 06:00:46
UPG,departures,2026-07-26,07:10,07:20,IW1350,WON1350,LLO,Palopo Lagaligo Airport,Wings Air,IW,AT75,ATR 72-500,PK-WFS,Departed 08:20,2026-07-27 06:00:46
UPG,departures,2026-07-26,07:15,07:19,JT986,LNI986,KDI,Kendari Haluoleo Airport,Lion Air (20 Years Sticker),JT,B739,Boeing 737-9GP(ER),PK-LHM,Departed 08:19,2026-07-27 06:00:46
UPG,departures,2026-07-26,07:15,07:15,JT786,,KDI,Kendari Haluoleo Airport,Lion Air,JT,739,,,Estimated dep 08:15*,2026-07-27 06:00:46
UPG,departures,2026-07-26,07:20,07:28,IW1328,WON1328,MOH,Morowali Maleo Airport,Wings Air,IW,AT75,ATR 72-500,PK-WFU,Departed 08:28,2026-07-27 06:00:46
UPG,departures,2026-07-26,07:20,07:38,IU572,SJV572,BUW,Bau-Bau Betoambari Airport,Super Air Jet,IU,A320,Airbus A320-232,PK-SJM,Departed 08:38,2026-07-27 06:00:46
UPG,departures,2026-07-26,07:20,,ID8770,,MDC,Manado Sam Ratulangi International Airport,Batik Air,ID,32A,,,Unknown,2026-07-27 06:00:46
UPG,departures,2026-07-26,07:20,07:48,ID6770,BTK6770,MDC,Manado Sam Ratulangi International Airport,Batik Air (Book Cabin Sticker),ID,A320,Airbus A320-214,PK-LAF,Departed 08:48,2026-07-27 06:00:46
UPG,departures,2026-07-26,07:30,07:57,ID6751,BTK6751,KDI,Kendari Haluoleo Airport,Batik Air,ID,A320,Airbus A320-214,PK-LUF,Departed 08:57,2026-07-27 06:00:46
UPG,departures,2026-07-26,07:35,08:00,JT741,LNI741,DPS,Denpasar Ngurah Rai International Airport,Lion Air,JT,B739,Boeing 737-9GP(ER),PK-LSJ,Departed 09:00,2026-07-27 06:00:46
UPG,departures,2026-07-26,07:40,08:03,JT641,LNI641,YIA,Yogyakarta International Airport,Lion Air,JT,B739,Boeing 737-9GP(ER),PK-LFK,Departed 09:03,2026-07-27 06:00:46
UPG,departures,2026-07-26,08:10,08:10,JT2792,,MDC,Manado Sam Ratulangi International Airport,Lion Air,JT,738,,,Estimated dep 09:10*,2026-07-27 06:00:46
UPG,departures,2026-07-26,08:10,09:22,JT746,,MDC,Manado Sam Ratulangi International Airport,Lion Air,JT,739,,,Unknown,2026-07-27 06:00:46
UPG,departures,2026-07-26,08:10,08:16,JT742,LNI742,MDC,Manado Sam Ratulangi International Airport,Lion Air,JT,B738,Boeing 737-8GP,PK-LOR,Departed 09:16,2026-07-27 06:00:46
UPG,departures,2026-07-26,08:15,07:52,JT3871,,CGK,Jakarta Soekarno Hatta International Airport,Lion Air,JT,738,,,Estimated dep 08:52*,2026-07-27 06:00:46
UPG,departures,2026-07-26,08:15,13:20,JT2891,,CGK,Jakarta Soekarno Hatta International Airport,Lion Air,JT,738,,,Unknown,2026-07-27 06:00:46
UPG,departures,2026-07-26,08:15,08:15,JT991,,CGK,Jakarta Soekarno Hatta International Airport,Lion Air,JT,739,,,Estimated dep 09:15*,2026-07-27 06:00:46
UPG,departures,2026-07-26,08:15,07:51,JT871,LNI871,CGK,Jakarta Soekarno Hatta International Airport,Lion Air,JT,B739,Boeing 737-9GP(ER),PK-LSU,Departed 08:51,2026-07-27 06:00:46
UPG,departures,2026-07-26,08:45,,ID8260,,TIM,Timika Airport,Batik Air,ID,32A,,,Unknown,2026-07-27 06:00:46
UPG,departures,2026-07-26,08:45,08:52,ID6260,BTK6260,TIM,Timika Airport,Batik Air,ID,A320,Airbus A320-214,PK-LUR,Departed 09:52,2026-07-27 06:00:46
UPG,departures,2026-07-26,08:45,08:56,GA604,GIA604,KDI,Kendari Haluoleo Airport,Garuda Indonesia,GA,B738,Boeing 737-8U3,PK-GFP,Departed 09:56,2026-07-27 06:00:46
UPG,departures,2026-07-26,08:50,08:42,IW1204,WON1204,KXB,Kolaka Sangia Nibandera Airport,Wings Air,IW,AT75,ATR 72-500,PK-WFI,Departed 09:42,2026-07-27 06:00:46
UPG,departures,2026-07-26,08:50,09:14,IU535,SJV535,BPN,Balikpapan Sepinggan Airport,Super Air Jet,IU,A320,Airbus A320-232,PK-STR,Departed 10:14,2026-07-27 06:00:46
UPG,departures,2026-07-26,08:55,08:58,JT791,LNI791,SUB,Surabaya Juanda International Airport,Lion Air,JT,B738,Boeing 737-8GP,PK-LJS,Departed 09:58,2026-07-27 06:00:46
UPG,departures,2026-07-26,09:00,,SJ718,,DPS,Denpasar Ngurah Rai International Airport,Sriwijaya Air,SJ,735,,,Unknown,2026-07-27 06:00:46
UPG,departures,2026-07-26,09:00,09:07,SJ538,SJY538,MOH,Morowali Maleo Airport,Sriwijaya Air,SJ,B735,Boeing 737-524,PK-CLE,Departed 10:07,2026-07-27 06:00:46
UPG,departures,2026-07-26,09:00,09:00,JT1707,,SUB,Surabaya Juanda International Airport,Lion Air,JT,739,,,Estimated dep 10:00*,2026-07-27 06:00:46
UPG,departures,2026-07-26,09:00,09:00,JT680,,SUB,Surabaya Juanda International Airport,Lion Air,JT,738,,,Estimated dep 10:00*,2026-07-27 06:00:46
UPG,departures,2026-07-26,09:05,09:03,IW1326,WON1326,MOH,Morowali Maleo Airport,Wings Air,IW,AT76,ATR 72-600,PK-WKH,Departed 10:03,2026-07-27 06:00:46
UPG,departures,2026-07-26,09:05,09:24,ID6267,BTK6267,CGK,Jakarta Soekarno Hatta International Airport,Batik Air,ID,A320,Airbus A320-214,PK-LUY,Departed 10:24,2026-07-27 06:00:46
UPG,departures,2026-07-26,09:10,09:20,IP807,PAS807,CGK,Jakarta Soekarno Hatta International Airport,Pelita Air,IP,A320,Airbus A320-214,PK-PWJ,Departed 10:20,2026-07-27 06:00:46
UPG,departures,2026-07-26,09:15,09:18,ID6294,BTK6294,LUW,Luwuk Bubung Airport,Batik Air,ID,A320,Airbus A320-214,PK-LAY,Departed 10:18,2026-07-27 06:00:46
UPG,departures,2026-07-26,09:15,12:28,ID6264,,LUW,Luwuk Bubung Airport,Batik Air,ID,32A,,,Unknown,2026-07-27 06:00:46
UPG,departures,2026-07-26,09:15,09:19,ID6236,,LUW,Luwuk Bubung Airport,Batik Air,ID,32A,,,Estimated dep 10:19*,2026-07-27 06:00:46
UPG,departures,2026-07-26,09:40,,JT1942,,SOQ,Sorong Dominique Edward Osok Airport,Lion Air,JT,738,,,Unknown,2026-07-27 06:00:46
UPG,departures,2026-07-26,09:40,09:57,JT944,LNI944,SOQ,Sorong Dominique Edward Osok Airport,Lion Air,JT,B738,Boeing 737-8GP,PK-LQZ,Departed 10:57,2026-07-27 06:00:46
UPG,departures,2026-07-26,09:45,09:53,QG351,CTV351,SUB,Surabaya Juanda International Airport,Citilink,QG,A20N,Airbus A320-251N,PK-GTC,Departed 10:53,2026-07-27 06:00:46
UPG,departures,2026-07-26,09:55,09:59,IW1910,WON1910,LBJ,Labuan Bajo Komodo Airport,Wings Air,IW,AT75,ATR 72-500,PK-WFS,Departed 10:59,2026-07-27 06:00:46
UPG,departures,2026-07-26,10:05,,SJ553,,BEJ,Kalimarau Airport,Sriwijaya Air,SJ,735,,,Unknown,2026-07-27 06:00:46
UPG,departures,2026-07-26,10:05,10:13,JT854,LNI854,PLW,Palu Mutiara Airport,Lion Air,JT,B738,Boeing 737-8GP,PK-LOQ,Departed 11:13,2026-07-27 06:00:46
UPG,departures,2026-07-26,10:10,10:27,IW1308,WON1308,BUW,Bau-Bau Betoambari Airport,Wings Air,IW,AT75,ATR 72-500,PK-WFW,Departed 11:27,2026-07-27 06:00:46
UPG,departures,2026-07-26,10:15,10:26,GA611,GIA611,CGK,Jakarta Soekarno Hatta International Airport,Garuda Indonesia,GA,B738,Boeing 737-8U3,PK-GMX,Departed 11:26,2026-07-27 06:00:46
UPG,departures,2026-07-26,10:45,09:57,JT949,,SUB,Surabaya Juanda International Airport,Lion Air,JT,738,,,Estimated dep 10:57*,2026-07-27 06:00:46
UPG,departures,2026-07-26,10:45,10:47,JT787,LNI787,SUB,Surabaya Juanda International Airport,Lion Air (20 Years Sticker),JT,B739,Boeing 737-9GP(ER),PK-LHM,Departed 11:47,2026-07-27 06:00:46
UPG,departures,2026-07-26,10:50,10:54,IU531,SJV531,BPN,Balikpapan Sepinggan Airport,Super Air Jet,IU,A320,Airbus A320-232,PK-SJM,Departed 11:54,2026-07-27 06:00:46
UPG,departures,2026-07-26,10:50,11:00,ID6233,BTK6233,BPN,Balikpapan Sepinggan Airport,Batik Air,ID,A320,Airbus A320-214,PK-LUF,Departed 12:00,2026-07-27 06:00:46
UPG,departures,2026-07-26,10:50,,ID6317,,BPN,Balikpapan Sepinggan Airport,Batik Air,ID,32A,,,Unknown,2026-07-27 06:00:46
UPG,departures,2026-07-26,11:00,,IW1298,,MOH,Morowali Maleo Airport,Wings Air,IW,AT7,,,Unknown,2026-07-27 06:00:46
UPG,departures,2026-07-26,11:10,,SJ5891,,CGK,Jakarta Soekarno Hatta International Airport,Sriwijaya Air,SJ,738,,,Unknown,2026-07-27 06:00:46
UPG,departures,2026-07-26,11:10,,SJ5981,,CGK,Jakarta Soekarno Hatta International Airport,Sriwijaya Air,SJ,B735,Boeing 737-524,PK-CLF,Unknown,2026-07-27 06:00:46
UPG,departures,2026-07-26,11:10,11:50,SJ581,SJY581,CGK,Jakarta Soekarno Hatta International Airport,Sriwijaya Air,SJ,B735,Boeing 737-524,PK-CLF,Departed 12:50,2026-07-27 06:00:46
UPG,departures,2026-07-26,11:15,11:09,QG214,CTV214,PLW,Palu Mutiara Airport,Citilink,QG,A320,Airbus A320-214,PK-GLR,Departed 12:09,2026-07-27 06:00:46
UPG,departures,2026-07-26,11:15,,ID6750,,CGK,Jakarta Soekarno Hatta International Airport,Batik Air,ID,32A,,,Unknown,2026-07-27 06:00:46
UPG,departures,2026-07-26,11:15,,ID6708,,CGK,Jakarta Soekarno Hatta International Airport,Batik Air,ID,738,,,Unknown,2026-07-27 06:00:46
UPG,departures,2026-07-26,11:15,11:19,ID6183,BTK6183,CGK,Jakarta Soekarno Hatta International Airport,Batik Air,ID,B738,Boeing 737-8GP,PK-LBS,Departed 12:19,2026-07-27 06:00:46
UPG,departures,2026-07-26,11:35,11:21,IW1208,WON1208,KXB,Kolaka Sangia Nibandera Airport,Wings Air,IW,AT75,ATR 72-500,PK-WFI,Departed 12:21,2026-07-27 06:00:46
UPG,departures,2026-07-26,11:40,11:40,JT1892,,GTO,Gorontalo Jalaluddin Airport,Lion Air,JT,738,,,Estimated dep 12:40*,2026-07-27 06:00:46
UPG,departures,2026-07-26,11:40,11:39,JT892,LNI892,GTO,Gorontalo Jalaluddin Airport,Lion Air,JT,B739,Boeing 737-9GP(ER),PK-LGL,Departed 12:39,2026-07-27 06:00:46
UPG,departures,2026-07-26,11:45,,JT992,,KDI,Kendari Haluoleo Airport,Lion Air,JT,738,,,Unknown,2026-07-27 06:00:46
UPG,departures,2026-07-26,11:45,,JT882,,KDI,Kendari Haluoleo Airport,Lion Air,JT,739,,,Unknown,2026-07-27 06:00:46
UPG,departures,2026-07-26,12:00,12:03,QG343,CTV343,DPS,Denpasar Ngurah Rai International Airport,Citilink,QG,A320,Airbus A320-214,PK-GLO,Departed 13:03,2026-07-27 06:00:46
UPG,departures,2026-07-26,12:00,12:10,GA619,GIA619,CGK,Jakarta Soekarno Hatta International Airport,Garuda Indonesia,GA,B738,Boeing 737-8BK,PK-GFG,Departed 13:10,2026-07-27 06:00:46
UPG,departures,2026-07-26,12:05,12:22,ID6292,BTK6292,LUW,Luwuk Bubung Airport,Batik Air,ID,A320,Airbus A320-214,PK-LUU,Departed 13:22,2026-07-27 06:00:46
UPG,departures,2026-07-26,12:10,,JT745,,DPS,Denpasar Ngurah Rai International Airport,Lion Air,JT,739,,,Unknown,2026-07-27 06:00:46
UPG,departures,2026-07-26,12:15,12:26,ID6554,BTK6554,PLW,Palu Mutiara Airport,Batik Air (Book Cabin Sticker),ID,A320,Airbus A320-214,PK-LAF,Departed 13:26,2026-07-27 06:00:46
UPG,departures,2026-07-26,12:25,12:25,JT1943,,CGK,Jakarta Soekarno Hatta International Airport,Lion Air,JT,739,,,Estimated dep 13:25*,2026-07-27 06:00:46
UPG,departures,2026-07-26,12:25,12:25,JT1949,,CGK,Jakarta Soekarno Hatta International Airport,Lion Air,JT,739,,,Estimated dep 13:25*,2026-07-27 06:00:46
UPG,departures,2026-07-26,12:25,12:25,JT1897,,CGK,Jakarta Soekarno Hatta International Airport,Lion Air,JT,738,,,Estimated dep 13:25*,2026-07-27 06:00:46
UPG,departures,2026-07-26,12:25,10:48,JT987,,CGK,Jakarta Soekarno Hatta International Airport,Lion Air,JT,738,,,Estimated dep 11:48*,2026-07-27 06:00:46
UPG,departures,2026-07-26,12:25,12:33,JT985,LNI985,CGK,Jakarta Soekarno Hatta International Airport,Lion Air,JT,B739,Boeing 737-9GP(ER),PK-LFW,Departed 13:33,2026-07-27 06:00:46
UPG,departures,2026-07-26,12:25,,JT372,,CGK,Jakarta Soekarno Hatta International Airport,Lion Air,JT,739,,,Unknown,2026-07-27 06:00:46
UPG,departures,2026-07-26,12:35,,SJ5521,,BEJ,Kalimarau Airport,Sriwijaya Air,SJ,735,,,Unknown,2026-07-27 06:00:46
UPG,departures,2026-07-26,12:35,12:50,SJ716,SJY716,DPS,Denpasar Ngurah Rai International Airport,Sriwijaya Air,SJ,B735,Boeing 737-524,PK-CLE,Departed 13:50,2026-07-27 06:00:46
UPG,departures,2026-07-26,12:40,12:55,IW1352,WON1352,LLO,Palopo Lagaligo Airport,Wings Air,IW,AT76,ATR 72-600,PK-WKH,Departed 13:55,2026-07-27 06:00:46
UPG,departures,2026-07-26,12:45,13:00,IW1324,WON1324,MOH,Morowali Maleo Airport,Wings Air,IW,AT75,ATR 72-500,PK-WFU,Departed 14:00,2026-07-27 06:00:46
UPG,departures,2026-07-26,12:50,12:50,JT1994,,KDI,Kendari Haluoleo Airport,Lion Air,JT,738,,,Estimated dep 13:50*,2026-07-27 06:00:46
UPG,departures,2026-07-26,12:50,13:29,JT994,LNI994,KDI,Kendari Haluoleo Airport,Lion Air,JT,B739,Boeing 737-9GP(ER),PK-LFK,Departed 14:29,2026-07-27 06:00:46
UPG,departures,2026-07-26,13:00,14:17,JT523,LNI523,BDJ,Banjarmasin Syamsudin Noor Airport,Lion Air,JT,B738,Boeing 737-8GP,PK-LOQ,Departed 15:17,2026-07-27 06:00:46
UPG,departures,2026-07-26,13:00,13:03,GA605,GIA605,CGK,Jakarta Soekarno Hatta International Airport,Garuda Indonesia,GA,B738,Boeing 737-8U3,PK-GFP,Departed 14:03,2026-07-27 06:00:46
UPG,departures,2026-07-26,13:05,13:09,JT909,LNI909,SRG,Semarang Achmad Yani International Airport,Lion Air,JT,B738,Boeing 737-8GP,PK-LOR,Departed 14:09,2026-07-27 06:00:46
UPG,departures,2026-07-26,13:05,,JT643,,YIA,Yogyakarta International Airport,Lion Air,JT,739,,,Unknown,2026-07-27 06:00:46
UPG,departures,2026-07-26,13:10,13:22,ID6762,BTK6762,MDC,Manado Sam Ratulangi International Airport,Batik Air,ID,A320,Airbus A320-214,PK-LAY,Departed 14:22,2026-07-27 06:00:46
UPG,departures,2026-07-26,13:20,13:24,JT707,LNI707,SUB,Surabaya Juanda International Airport,Lion Air,JT,B738,Boeing 737-8GP,PK-LJS,Departed 14:24,2026-07-27 06:00:46
UPG,departures,2026-07-26,13:25,13:25,JT1985,,SUB,Surabaya Juanda International Airport,Lion Air,JT,739,,,Estimated dep 14:25*,2026-07-27 06:00:46
UPG,departures,2026-07-26,13:25,17:58,JT1801,,SUB,Surabaya Juanda International Airport,Lion Air,JT,738,,,Unknown,2026-07-27 06:00:46
UPG,departures,2026-07-26,13:25,14:17,JT897,,SUB,Surabaya Juanda International Airport,Lion Air,JT,738,,,Unknown,2026-07-27 06:00:46
UPG,departures,2026-07-26,13:25,14:21,JT838,,SUB,Surabaya Juanda International Airport,Lion Air,JT,738,,,Unknown,2026-07-27 06:00:46
UPG,departures,2026-07-26,13:25,13:36,IW2202,WON2202,KXB,Kolaka Sangia Nibandera Airport,Wings Air,IW,AT75,ATR 72-500,PK-WFW,Departed 14:36,2026-07-27 06:00:46
UPG,departures,2026-07-26,13:45,13:51,SJ599,SJY599,CGK,Jakarta Soekarno Hatta International Airport,BBN Airlines Indonesia,0B,B738,Boeing 737-8BK,PK-BBF,Departed 14:51,2026-07-27 06:00:46
UPG,departures,2026-07-26,13:55,14:23,IW1300,WON1300,MJU,Mamuju Tampa Padang Airport,Wings Air,IW,AT75,ATR 72-500,PK-WFS,Departed 15:23,2026-07-27 06:00:46
UPG,departures,2026-07-26,14:00,14:00,JT2778,,TTE,Ternate Babullah Airport,Lion Air,JT,738,,,Estimated dep 15:00*,2026-07-27 06:00:43
UPG,departures,2026-07-26,14:00,14:00,JT1853,,CGK,Jakarta Soekarno Hatta International Airport,Lion Air,JT,739,,,Estimated dep 15:00*,2026-07-27 06:00:43
UPG,departures,2026-07-26,14:00,17:22,JT1743,,CGK,Jakarta Soekarno Hatta International Airport,Lion Air,JT,738,,,Unknown,2026-07-27 06:00:46
UPG,departures,2026-07-26,14:00,14:32,JT980,LNI980,TTE,Ternate Babullah Airport,Lion Air,JT,B738,Boeing 737-8GP,PK-LQY,Departed 15:32,2026-07-27 06:00:46
UPG,departures,2026-07-26,14:00,14:00,JT939,,CGK,Jakarta Soekarno Hatta International Airport,Lion Air,JT,738,,,Estimated dep 15:00*,2026-07-27 06:00:46
UPG,departures,2026-07-26,14:00,14:53,JT797,LNI797,CGK,Jakarta Soekarno Hatta International Airport,Lion Air,JT,B739,Boeing 737-9GP(ER),PK-LQT,Departed 15:53,2026-07-27 06:00:46
UPG,departures,2026-07-26,14:10,,JT998,,KDI,Kendari Haluoleo Airport,Lion Air,JT,738,,,Unknown,2026-07-27 06:00:43
UPG,departures,2026-07-26,14:20,14:34,QG213,CTV213,CGK,Jakarta Soekarno Hatta International Airport,Citilink,QG,A20N,Airbus A320-251N,PK-GTC,Departed 15:34,2026-07-27 06:00:43
UPG,departures,2026-07-26,14:35,14:35,JT1774,,PLW,Palu Mutiara Airport,Lion Air,JT,738,,,Estimated dep 15:35*,2026-07-27 06:00:43
UPG,departures,2026-07-26,14:35,15:22,JT780,LNI780,PLW,Palu Mutiara Airport,Lion Air,JT,B739,Boeing 737-9GP(ER),PK-LSU,Departed 16:22,2026-07-27 06:00:43
UPG,departures,2026-07-26,14:45,14:45,IU137,SJV137,KOE,Kupang El Tari Airport,Super Air Jet,IU,A320,Airbus A320-232,PK-SGB,Departed 15:45,2026-07-27 06:00:43
UPG,departures,2026-07-26,14:45,15:01,IW1306,WON1306,BUW,Bau-Bau Betoambari Airport,Wings Air,IW,AT75,ATR 72-500,PK-WFI,Departed 16:01,2026-07-27 06:00:43
UPG,departures,2026-07-26,15:15,15:16,QG347,CTV347,CGK,Jakarta Soekarno Hatta International Airport,Citilink,QG,A320,Airbus A320-214,PK-GLR,Departed 16:16,2026-07-27 06:00:43
UPG,departures,2026-07-26,15:30,15:42,JT840,LNI840,LOP,Lombok International Airport,Lion Air,JT,B738,Boeing 737-8GP,PK-LQZ,Departed 16:42,2026-07-27 06:00:43
UPG,departures,2026-07-26,15:50,,ID6295,,CGK,Jakarta Soekarno Hatta International Airport,Batik Air,ID,32A,,,Unknown,2026-07-27 06:00:43
UPG,departures,2026-07-26,15:50,,ID6771,,CGK,Jakarta Soekarno Hatta International Airport,Batik Air,ID,32A,,,Unknown,2026-07-27 06:00:43
UPG,departures,2026-07-26,15:50,15:53,ID6143,BTK6143,CGK,Jakarta Soekarno Hatta International Airport,Batik Air,ID,A320,Airbus A320-214,PK-LUR,Departed 16:53,2026-07-27 06:00:43
UPG,departures,2026-07-26,15:55,,JT941,,CGK,Jakarta Soekarno Hatta International Airport,Lion Air,JT,738,,,Unknown,2026-07-27 06:00:43
UPG,departures,2026-07-26,15:55,,JT881,,CGK,Jakarta Soekarno Hatta International Airport,Lion Air,JT,738,,,Unknown,2026-07-27 06:00:43
UPG,departures,2026-07-26,15:55,,JT793,,CGK,Jakarta Soekarno Hatta International Airport,Lion Air,JT,739,,,Unknown,2026-07-27 06:00:43
UPG,departures,2026-07-26,16:00,,SJ593,,CGK,Jakarta Soekarno Hatta International Airport,Sriwijaya Air,SJ,735,,,Unknown,2026-07-27 06:00:43
UPG,departures,2026-07-26,16:00,16:02,QG353,CTV353,SUB,Surabaya Juanda International Airport,Citilink,QG,A320,Airbus A320-214,PK-GLO,Departed 17:02,2026-07-27 06:00:43
UPG,departures,2026-07-26,16:15,16:15,JT1945,,SUB,Surabaya Juanda International Airport,Lion Air,JT,738,,,Estimated dep 17:15*,2026-07-27 06:00:43
UPG,departures,2026-07-26,16:15,16:15,JT1797,,SUB,Surabaya Juanda International Airport,Lion Air,JT,739,,,Estimated dep 17:15*,2026-07-27 06:00:43
UPG,departures,2026-07-26,16:15,17:08,JT1885,,SUB,Surabaya Juanda International Airport,Lion Air,JT,738,,,Unknown,2026-07-27 06:00:43
UPG,departures,2026-07-26,16:15,17:21,JT996,LNI996,KDI,Kendari Haluoleo Airport,Lion Air,JT,B739,Boeing 737-9GP(ER),PK-LGL,Departed 18:21,2026-07-27 06:00:43
UPG,departures,2026-07-26,16:15,16:15,JT1881,,SUB,Surabaya Juanda International Airport,Lion Air,JT,739,,,Estimated dep 17:15*,2026-07-27 06:00:43
UPG,departures,2026-07-26,16:15,17:17,JT997,,SUB,Surabaya Juanda International Airport,Lion Air,JT,738,,,Unknown,2026-07-27 06:00:43
UPG,departures,2026-07-26,16:15,17:10,JT885,LNI885,SUB,Surabaya Juanda International Airport,Lion Air,JT,B739,Boeing 737-9GP(ER),PK-LFK,Departed 18:10,2026-07-27 06:00:43
UPG,departures,2026-07-26,16:30,,IN583,,CGK,Jakarta Soekarno Hatta International Airport,Nam Air,IN,B735,Boeing 737-524,PK-NAT,Unknown,2026-07-27 06:00:43
UPG,departures,2026-07-26,16:30,16:37,IN583,LKN583,CGK,Jakarta Soekarno Hatta International Airport,Nam Air,IN,B735,Boeing 737-524,PK-NAT,Departed 17:37,2026-07-27 06:00:43
UPG,departures,2026-07-26,16:35,19:16,JT1780,,MDC,Manado Sam Ratulangi International Airport,Lion Air,JT,739,,,Unknown,2026-07-27 06:00:43
UPG,departures,2026-07-26,16:35,16:42,JT1740,,MDC,Manado Sam Ratulangi International Airport,Lion Air,JT,739,,,Estimated dep 17:42*,2026-07-27 06:00:43
UPG,departures,2026-07-26,16:35,16:42,JT740,LNI740,MDC,Manado Sam Ratulangi International Airport,Lion Air,JT,B739,Boeing 737-9GP(ER),PK-LHR,Departed 17:42,2026-07-27 06:00:43
UPG,departures,2026-07-26,16:40,16:49,QG341,CTV341,CGK,Jakarta Soekarno Hatta International Airport,Citilink,QG,A320,Airbus A320-214,PK-GQC,Departed 17:49,2026-07-27 06:00:43
UPG,departures,2026-07-26,17:00,,SJ5670,,SUB,Surabaya Juanda International Airport,Sriwijaya Air,SJ,B735,Boeing 737-524,PK-CLF,Unknown,2026-07-27 06:00:43
UPG,departures,2026-07-26,17:00,17:49,SJ712,SJY712,YIA,Yogyakarta International Airport,Sriwijaya Air,SJ,B735,Boeing 737-524,PK-CLE,Departed 18:49,2026-07-27 06:00:43
UPG,departures,2026-07-26,17:00,17:05,QG355,CTV355,SUB,Surabaya Juanda International Airport,Citilink,QG,A320,Airbus A320-214,PK-GQQ,Departed 18:05,2026-07-27 06:00:43
UPG,departures,2026-07-26,17:00,,ID8662,,BPN,Balikpapan Sepinggan Airport,Batik Air,ID,32A,,,Canceled,2026-07-27 06:00:43
UPG,departures,2026-07-26,17:00,16:59,ID6293,BTK6293,CGK,Jakarta Soekarno Hatta International Airport,Batik Air,ID,A320,Airbus A320-214,PK-LUU,Departed 17:59,2026-07-27 06:00:43
UPG,departures,2026-07-26,17:00,,ID6261,,CGK,Jakarta Soekarno Hatta International Airport,Batik Air,ID,32A,,,Unknown,2026-07-27 06:00:43
UPG,departures,2026-07-26,17:20,17:43,AK335,AXM335,KUL,Kuala Lumpur International Airport,AirAsia,AK,A20N,Airbus A320-251N,9M-AGJ,Departed 18:43,2026-07-27 06:00:43
UPG,departures,2026-07-26,17:25,17:25,JT1643,,YIA,Yogyakarta International Airport,Lion Air,JT,739,,,Estimated dep 18:25*,2026-07-27 06:00:43
UPG,departures,2026-07-26,17:25,17:23,JT665,LNI665,YIA,Yogyakarta International Airport,Lion Air (80th 737NG Livery),JT,B738,Boeing 737-8GP,PK-LKP,Departed 18:23,2026-07-27 06:00:43
UPG,departures,2026-07-26,17:35,,ID6555,,CGK,Jakarta Soekarno Hatta International Airport,Batik Air,ID,32A,,,Unknown,2026-07-27 06:00:43
UPG,departures,2026-07-26,17:35,18:23,ID6235,BTK6235,CGK,Jakarta Soekarno Hatta International Airport,Batik Air,ID,B738,Boeing 737-8GP,PK-LBS,Departed 19:23,2026-07-27 06:00:43
UPG,departures,2026-07-26,17:45,17:35,TR231,TGW231,SIN,Singapore Changi Airport,Scoot,TR,E290,Embraer E190-E2,9V-THG,Departed 18:35,2026-07-27 06:00:43
UPG,departures,2026-07-26,17:50,18:18,SJ567,SJY567,SUB,Surabaya Juanda International Airport,Sriwijaya Air,SJ,B735,Boeing 737-524,PK-CLF,Departed 19:18,2026-07-27 06:00:43
UPG,departures,2026-07-26,17:55,17:55,JT945,,DPS,Denpasar Ngurah Rai International Airport,Lion Air,JT,738,,,Estimated dep 18:55*,2026-07-27 06:00:43
UPG,departures,2026-07-26,17:55,17:58,JT747,LNI747,DPS,Denpasar Ngurah Rai International Airport,Lion Air,JT,B738,Boeing 737-8GP,PK-LOR,Departed 18:58,2026-07-27 06:00:43
UPG,departures,2026-07-26,17:55,17:55,JT743,,DPS,Denpasar Ngurah Rai International Airport,Lion Air,JT,739,,,Estimated dep 18:55*,2026-07-27 06:00:43
UPG,departures,2026-07-26,18:20,23:52,ID8763,,SUB,Surabaya Juanda International Airport,Batik Air,ID,32A,,,Unknown,2026-07-27 06:00:43
UPG,departures,2026-07-26,18:20,21:19,ID8261,,SUB,Surabaya Juanda International Airport,Batik Air,ID,32A,,,Unknown,2026-07-27 06:00:43
UPG,departures,2026-07-26,18:20,21:18,ID8555,,SUB,Surabaya Juanda International Airport,Batik Air,ID,32A,,,Unknown,2026-07-27 06:00:43
UPG,departures,2026-07-26,18:20,19:53,ID8293,,SUB,Surabaya Juanda International Airport,Batik Air,ID,32A,,,Unknown,2026-07-27 06:00:43
UPG,departures,2026-07-26,18:20,21:15,ID8750,,SUB,Surabaya Juanda International Airport,Batik Air,ID,32A,,,Unknown,2026-07-27 06:00:43
UPG,departures,2026-07-26,18:20,21:15,ID8183,,SUB,Surabaya Juanda International Airport,Batik Air,ID,32A,,,Unknown,2026-07-27 06:00:43
UPG,departures,2026-07-26,18:20,18:24,ID6137,BTK6137,SUB,Surabaya Juanda International Airport,Batik Air (Book Cabin Sticker),ID,A320,Airbus A320-214,PK-LAF,Departed 19:24,2026-07-27 06:00:43
UPG,departures,2026-07-26,18:25,21:24,JT1703,,CGK,Jakarta Soekarno Hatta International Airport,Lion Air,JT,738,,,Unknown,2026-07-27 06:00:43
UPG,departures,2026-07-26,18:25,18:28,JT703,LNI703,CGK,Jakarta Soekarno Hatta International Airport,Lion Air (50th 737-900ER Livery),JT,B739,Boeing 737-9GP(ER),PK-LHY,Departed 19:28,2026-07-27 06:00:43
UPG,departures,2026-07-26,18:30,18:37,QG428,CTV428,BPN,Balikpapan Sepinggan Airport,Citilink,QG,A320,Airbus A320-214,PK-GQS,Departed 19:37,2026-07-27 06:00:43
UPG,departures,2026-07-26,18:50,19:11,GA615,GIA615,CGK,Jakarta Soekarno Hatta International Airport,Garuda Indonesia,GA,B738,Boeing 737-81M,PK-GUC,Departed 20:11,2026-07-27 06:00:43
UPG,departures,2026-07-26,19:05,,IP809,,CGK,Jakarta Soekarno Hatta International Airport,Pelita Air,IP,320,,,Unknown,2026-07-27 06:00:43
UPG,departures,2026-07-26,19:25,21:25,ID6763,,CGK,Jakarta Soekarno Hatta International Airport,Batik Air,ID,32A,,,Unknown,2026-07-27 06:00:43
UPG,departures,2026-07-26,19:25,,ID6269,,CGK,Jakarta Soekarno Hatta International Airport,Batik Air,ID,32A,,,Canceled,2026-07-27 06:00:43
UPG,departures,2026-07-26,20:00,,RI3210,,CGK,Jakarta Soekarno Hatta International Airport,Rimbun Air,RI,73Y,,,Unknown,2026-07-27 06:00:43
UPG,departures,2026-07-26,20:05,20:08,ID6231,BTK6231,CGK,Jakarta Soekarno Hatta International Airport,Batik Air,ID,A320,Airbus A320-214,PK-LAY,Departed 21:08,2026-07-27 06:00:43
UPG,departures,2026-07-26,20:20,20:51,QG427,CTV427,CGK,Jakarta Soekarno Hatta International Airport,Citilink,QG,A20N,Airbus A320-251N,PK-GTF,Departed 21:51,2026-07-27 06:00:43
UPG,departures,2026-07-26,23:30,23:40,QG217,CTV217,CGK,Jakarta Soekarno Hatta International Airport,Citilink,QG,A320,Airbus A320-214,PK-GLG,Departed 00:40,2026-07-27 06:00:43
YIA,arrivals,2026-07-26,06:40,06:42,IU777,SJV777,LOP,Lombok International Airport,Super Air Jet,IU,A320,Airbus A320-232,PK-SAL,Landed 06:42,2026-07-27 06:01:10
YIA,arrivals,2026-07-26,07:10,07:03,ID6368,BTK6368,CGK,Jakarta Soekarno Hatta International Airport,Batik Air,ID,A320,Airbus A320-232,PK-BKO,Landed 07:03,2026-07-27 06:01:10
YIA,arrivals,2026-07-26,07:25,,IU665,,BDJ,Banjarmasin Syamsudin Noor Airport,Super Air Jet,IU,320,,,Unknown,2026-07-27 06:01:10
YIA,arrivals,2026-07-26,07:50,07:36,JT668,LNI668,BPN,Balikpapan Sepinggan Airport,Lion Air,JT,B739,Boeing 737-9GP(ER),PK-LFY,Landed 07:36,2026-07-27 06:01:10
YIA,arrivals,2026-07-26,07:50,07:29,IP646,PAS646,BPN,Balikpapan Sepinggan Airport,Pelita Air,IP,A320,Airbus A320-214,PK-PWG,Landed 07:29,2026-07-27 06:01:10
YIA,arrivals,2026-07-26,08:00,07:49,QG780,CTV780,UPG,Makassar Sultan Hasanuddin International Airport,Citilink,QG,A320,Airbus A320-214,PK-GLP,Landed 07:49,2026-07-27 06:01:10
YIA,arrivals,2026-07-26,08:20,08:19,JT279,LNI279,PKU,Pekanbaru Sultan Syarif Kasim II Airport,Lion Air,JT,B739,Boeing 737-9GP(ER),PK-LHR,Landed 08:19,2026-07-27 06:01:10
YIA,arrivals,2026-07-26,09:10,09:05,ID7533,BTK7533,CGK,Jakarta Soekarno Hatta International Airport,Batik Air,ID,A320,Airbus A320-214,PK-BKQ,Landed 09:05,2026-07-27 06:01:10
YIA,arrivals,2026-07-26,09:10,08:53,GA204,GIA204,CGK,Jakarta Soekarno Hatta International Airport,Garuda Indonesia (Ayo Pakai Masker Livery),GA,B738,Boeing 737-81D,PK-GFQ,Landed 08:53,2026-07-27 06:01:10
YIA,arrivals,2026-07-26,09:30,09:14,TR248,TGW248,SIN,Singapore Changi Airport,Scoot,TR,A21N,Airbus A321-271NX,9V-NCA,Landed 09:14,2026-07-27 06:01:10
YIA,arrivals,2026-07-26,09:35,09:41,JT641,LNI641,UPG,Makassar Sultan Hasanuddin International Airport,Lion Air,JT,B739,Boeing 737-9GP(ER),PK-LFK,Landed 09:41,2026-07-27 06:01:10
YIA,arrivals,2026-07-26,10:20,10:15,IU659,SJV659,AAP,Samarinda AP Tumenggung Pranoto Airport,Super Air Jet,IU,A320,Airbus A320-232,PK-STI,Landed 10:15,2026-07-27 06:01:10
YIA,arrivals,2026-07-26,10:40,10:23,IU122,SJV122,DPS,Denpasar Ngurah Rai International Airport,Super Air Jet,IU,A320,Airbus A320-232,PK-SJT,Landed 10:23,2026-07-27 06:01:10
YIA,arrivals,2026-07-26,10:40,10:39,GA202,GIA202,CGK,Jakarta Soekarno Hatta International Airport,Garuda Indonesia,GA,B738,Boeing 737-86N,PK-GFS,Landed 10:39,2026-07-27 06:01:10
YIA,arrivals,2026-07-26,10:45,10:24,IU377,SJV377,DJB,Jambi Sultan Thaha Airport,Super Air Jet,IU,A320,Airbus A320-232,PK-SJF,Unknown,2026-07-27 06:01:10
YIA,arrivals,2026-07-26,11:00,,ID6819,,CGK,Jakarta Soekarno Hatta International Airport,Batik Air,ID,32A,,,Unknown,2026-07-27 06:01:10
YIA,arrivals,2026-07-26,11:00,11:19,ID6378,BTK6378,CGK,Jakarta Soekarno Hatta International Airport,Batik Air,ID,A320,Airbus A320-232,PK-BKO,Landed 11:19,2026-07-27 06:01:10
YIA,arrivals,2026-07-26,11:20,10:57,AK346,AXM346,KUL,Kuala Lumpur International Airport,AirAsia,AK,A20N,Airbus A320-251N,9M-AGF,Landed 10:57,2026-07-27 06:01:10
YIA,arrivals,2026-07-26,11:50,11:39,8B5530,TNU5530,CGK,Jakarta Soekarno Hatta International Airport,TransNusa,8B,A320,Airbus A320-214,PK-TLD,Landed 11:39,2026-07-27 06:01:10
YIA,arrivals,2026-07-26,12:50,12:41,GA208,GIA208,CGK,Jakarta Soekarno Hatta International Airport,Garuda Indonesia,GA,B738,Boeing 737-8U3,PK-GFD,Landed 12:41,2026-07-27 06:01:10
YIA,arrivals,2026-07-26,12:55,12:47,IU387,SJV387,PKY,Palangkaraya Tjilik Riwut Airport,Super Air Jet,IU,A320,Airbus A320-232,PK-SJR,Unknown,2026-07-27 06:01:10
YIA,arrivals,2026-07-26,12:55,12:41,GA253,GIA253,DPS,Denpasar Ngurah Rai International Airport,Garuda Indonesia,GA,B738,Boeing 737-8U3,PK-GFH,Landed 12:41,2026-07-27 06:01:10
YIA,arrivals,2026-07-26,13:30,13:12,JT670,LNI670,BPN,Balikpapan Sepinggan Airport,Lion Air,JT,B739,Boeing 737-9GP(ER),PK-LFY,Landed 13:12,2026-07-27 06:01:10
YIA,arrivals,2026-07-26,13:40,13:19,QG787,CTV787,BTH,Batam Hang Nadim Airport,Citilink,QG,A320,Airbus A320-214,PK-GLP,Unknown,2026-07-27 06:01:10
YIA,arrivals,2026-07-26,14:14,,ID6899,,CGK,Jakarta Soekarno Hatta International Airport,Batik Air,ID,32A,,,Unknown,2026-07-27 06:01:10
YIA,arrivals,2026-07-26,14:15,15:02,ID6344,BTK6344,CGK,Jakarta Soekarno Hatta International Airport,Batik Air,ID,A320,Airbus A320-214,PK-BLC,Landed 15:02,2026-07-27 06:01:10
YIA,arrivals,2026-07-26,14:45,,IP242,,CGK,Jakarta Soekarno Hatta International Airport,Pelita Air,IP,320,,,Unknown,2026-07-27 06:01:10
YIA,arrivals,2026-07-26,14:50,14:44,QG778,CTV778,CGK,Jakarta Soekarno Hatta International Airport,Citilink,QG,A20N,Airbus A320-251N,PK-GTF,Landed 14:44,2026-07-27 06:01:10
YIA,arrivals,2026-07-26,15:00,,JT643,,UPG,Makassar Sultan Hasanuddin International Airport,Lion Air,JT,739,,,Unknown,2026-07-27 06:01:10
YIA,arrivals,2026-07-26,15:10,14:49,IU375,SJV375,PGK,Pangkal Pinang Depati Amir Airport,Super Air Jet,IU,A320,Airbus A320-232,PK-SJF,Unknown,2026-07-27 06:01:10
YIA,arrivals,2026-07-26,15:30,15:26,IU120,SJV120,DPS,Denpasar Ngurah Rai International Airport,Super Air Jet,IU,A320,Airbus A320-232,PK-STF,Landed 15:26,2026-07-27 06:01:10
YIA,arrivals,2026-07-26,15:35,15:11,IU935,SJV935,PLM,Palembang International Airport,Super Air Jet,IU,A320,Airbus A320-232,PK-SGA,Unknown,2026-07-27 06:01:10
YIA,arrivals,2026-07-26,16:05,15:48,GA212,GIA212,CGK,Jakarta Soekarno Hatta International Airport,Garuda Indonesia,GA,B738,Boeing 737-8U3,PK-GNA,Unknown,2026-07-27 06:01:10
YIA,arrivals,2026-07-26,17:05,16:53,IU950,SJV950,BTH,Batam Hang Nadim Airport,Super Air Jet,IU,A320,Airbus A320-232,PK-SAL,Landed 16:53,2026-07-27 06:01:10
YIA,arrivals,2026-07-26,17:05,16:41,AK348,AXM348,KUL,Kuala Lumpur International Airport,AirAsia,AK,A320,Airbus A320-214,9M-AFE,Landed 16:41,2026-07-27 06:01:10
YIA,arrivals,2026-07-26,17:15,18:36,8B5532,TNU5532,CGK,Jakarta Soekarno Hatta International Airport,TransNusa,8B,A320,Airbus A320-214,PK-TLC,Landed 18:36,2026-07-27 06:01:10
YIA,arrivals,2026-07-26,17:35,17:48,JT521,LNI521,BDJ,Banjarmasin Syamsudin Noor Airport,Lion Air,JT,B739,Boeing 737-9GP(ER),PK-LSL,Unknown,2026-07-27 06:01:10
YIA,arrivals,2026-07-26,17:35,17:17,GA255,GIA255,DPS,Denpasar Ngurah Rai International Airport,Garuda Indonesia,GA,B738,Boeing 737-86N,PK-GFS,Landed 17:17,2026-07-27 06:01:10
YIA,arrivals,2026-07-26,17:50,17:39,TR228,TGW228,SIN,Singapore Changi Airport,Scoot,TR,A320,Airbus A320-232,9V-TRP,Landed 17:39,2026-07-27 06:01:10
YIA,arrivals,2026-07-26,18:15,,IU677,,BPN,Balikpapan Sepinggan Airport,Super Air Jet,IU,320,,,Unknown,2026-07-27 06:01:10
YIA,arrivals,2026-07-26,18:30,,IN220,,CGK,Jakarta Soekarno Hatta International Airport,Nam Air,IN,B735,Boeing 737-524,PK-NAQ,Unknown,2026-07-27 06:01:10
YIA,arrivals,2026-07-26,18:50,19:26,SJ712,SJY712,UPG,Makassar Sultan Hasanuddin International Airport,Sriwijaya Air,SJ,B735,Boeing 737-524,PK-CLE,Landed 19:26,2026-07-27 06:01:10
YIA,arrivals,2026-07-26,18:55,,SJ224,,CGK,Jakarta Soekarno Hatta International Airport,Sriwijaya Air,SJ,735,,,Unknown,2026-07-27 06:01:10
YIA,arrivals,2026-07-26,19:15,,ID6801,,CGK,Jakarta Soekarno Hatta International Airport,Batik Air,ID,32A,,,Unknown,2026-07-27 06:01:10
YIA,arrivals,2026-07-26,19:15,19:24,ID6374,BTK6374,CGK,Jakarta Soekarno Hatta International Airport,Batik Air,ID,A320,Airbus A320-214,PK-LAW,Landed 19:24,2026-07-27 06:01:10
YIA,arrivals,2026-07-26,19:20,,JT1643,,UPG,Makassar Sultan Hasanuddin International Airport,Lion Air,JT,739,,,Unknown,2026-07-27 06:01:10
YIA,arrivals,2026-07-26,19:20,18:57,JT665,LNI665,UPG,Makassar Sultan Hasanuddin International Airport,Lion Air (80th 737NG Livery),JT,B738,Boeing 737-8GP,PK-LKP,Landed 18:57,2026-07-27 06:01:10
YIA,arrivals,2026-07-26,19:45,19:40,QG776,CTV776,CGK,Jakarta Soekarno Hatta International Airport,Citilink,QG,A320,Airbus A320-214,PK-GQH,Landed 19:40,2026-07-27 06:01:10
YIA,arrivals,2026-07-26,19:50,19:32,QG785,CTV785,BPN,Balikpapan Sepinggan Airport,Citilink,QG,A320,Airbus A320-214,PK-GLP,Landed 19:32,2026-07-27 06:01:10
YIA,arrivals,2026-07-26,20:00,20:11,IN220,LKN220,CGK,Jakarta Soekarno Hatta International Airport,Nam Air,IN,B735,Boeing 737-524,PK-NAQ,Landed 20:11,2026-07-27 06:01:10
YIA,arrivals,2026-07-26,20:10,20:28,JT963,LNI963,KNO,Medan Kuala Namu International Airport,Lion Air,JT,B739,Boeing 737-9GP(ER),PK-LSH,Landed 20:28,2026-07-27 06:01:10
YIA,arrivals,2026-07-26,20:25,20:07,IU661,SJV661,PNK,Pontianak Supadio Airport,Super Air Jet,IU,A320,Airbus A320-232,PK-SJR,Landed 20:07,2026-07-27 06:01:10
YIA,arrivals,2026-07-26,20:35,20:17,GA206,GIA206,CGK,Jakarta Soekarno Hatta International Airport,Garuda Indonesia,GA,B738,Boeing 737-8BK,PK-GFG,Landed 20:17,2026-07-27 06:01:10
YIA,departures,2026-07-26,06:30,06:38,IU933,SJV933,PLM,Palembang International Airport,Super Air Jet,IU,A320,Airbus A320-232,PK-SGA,Departed 06:38,2026-07-27 06:01:28
YIA,departures,2026-07-26,06:50,06:57,GA207,GIA207,CGK,Jakarta Soekarno Hatta International Airport,Garuda Indonesia,GA,B738,Boeing 737-86N,PK-GFU,Departed 06:57,2026-07-27 06:01:28
YIA,departures,2026-07-26,07:00,07:06,JT964,LNI964,KNO,Medan Kuala Namu International Airport,Lion Air,JT,B739,Boeing 737-9GP(ER),PK-LSH,Departed 07:06,2026-07-27 06:01:28
YIA,departures,2026-07-26,07:30,07:41,IU951,SJV951,BTH,Batam Hang Nadim Airport,Super Air Jet,IU,A320,Airbus A320-232,PK-SAL,Departed 07:41,2026-07-27 06:01:28
YIA,departures,2026-07-26,07:45,07:51,QG775,CTV775,CGK,Jakarta Soekarno Hatta International Airport,Citilink,QG,A320,Airbus A320-214,PK-GQC,Departed 07:51,2026-07-27 06:01:28
YIA,departures,2026-07-26,07:55,08:08,ID6369,BTK6369,CGK,Jakarta Soekarno Hatta International Airport,Batik Air,ID,A320,Airbus A320-232,PK-BKO,Departed 08:08,2026-07-27 06:01:28
YIA,departures,2026-07-26,08:35,08:29,IP647,PAS647,BPN,Balikpapan Sepinggan Airport,Pelita Air,IP,A320,Airbus A320-214,PK-PWG,Departed 08:29,2026-07-27 06:01:28
YIA,departures,2026-07-26,08:45,08:44,QG786,CTV786,BTH,Batam Hang Nadim Airport,Citilink,QG,A320,Airbus A320-214,PK-GLP,Departed 08:44,2026-07-27 06:01:28
YIA,departures,2026-07-26,09:00,09:21,JT522,LNI522,BDJ,Banjarmasin Syamsudin Noor Airport,Lion Air,JT,B739,Boeing 737-9GP(ER),PK-LHR,Departed 09:21,2026-07-27 06:01:28
YIA,departures,2026-07-26,09:05,09:08,JT669,LNI669,BPN,Balikpapan Sepinggan Airport,Lion Air,JT,B739,Boeing 737-9GP(ER),PK-LFY,Departed 09:08,2026-07-27 06:01:28
YIA,departures,2026-07-26,09:10,09:15,IU386,SJV386,PKY,Palangkaraya Tjilik Riwut Airport,Super Air Jet,IU,A320,Airbus A320-232,PK-SJR,Departed 09:15,2026-07-27 06:01:28
YIA,departures,2026-07-26,09:50,10:02,ID7540,BTK7540,CGK,Jakarta Soekarno Hatta International Airport,Batik Air,ID,A320,Airbus A320-214,PK-BKQ,Departed 10:02,2026-07-27 06:01:28
YIA,departures,2026-07-26,09:50,,ID6800,,CGK,Jakarta Soekarno Hatta International Airport,Batik Air,ID,32A,,,Unknown,2026-07-27 06:01:28
YIA,departures,2026-07-26,09:55,10:05,GA205,GIA205,CGK,Jakarta Soekarno Hatta International Airport,Garuda Indonesia (Ayo Pakai Masker Livery),GA,B738,Boeing 737-81D,PK-GFQ,Departed 10:05,2026-07-27 06:01:28
YIA,departures,2026-07-26,10:15,10:40,JT640,LNI640,UPG,Makassar Sultan Hasanuddin International Airport,Lion Air,JT,B739,Boeing 737-9GP(ER),PK-LFK,Departed 10:40,2026-07-27 06:01:28
YIA,departures,2026-07-26,10:30,10:35,TR249,TGW249,SIN,Singapore Changi Airport,Scoot,TR,A21N,Airbus A321-271NX,9V-NCA,Departed 10:35,2026-07-27 06:01:28
YIA,departures,2026-07-26,11:00,11:05,IU658,SJV658,AAP,Samarinda AP Tumenggung Pranoto Airport,Super Air Jet,IU,A320,Airbus A320-232,PK-STI,Departed 11:05,2026-07-27 06:01:28
YIA,departures,2026-07-26,11:20,11:22,IU123,SJV123,DPS,Denpasar Ngurah Rai International Airport,Super Air Jet,IU,A320,Airbus A320-232,PK-SJT,Departed 11:22,2026-07-27 06:01:28
YIA,departures,2026-07-26,11:25,11:27,IU374,SJV374,PGK,Pangkal Pinang Depati Amir Airport,Super Air Jet,IU,A320,Airbus A320-232,PK-SJF,Departed 11:27,2026-07-27 06:01:28
YIA,departures,2026-07-26,11:30,11:45,GA254,GIA254,DPS,Denpasar Ngurah Rai International Airport,Garuda Indonesia,GA,B738,Boeing 737-86N,PK-GFS,Departed 11:45,2026-07-27 06:01:28
YIA,departures,2026-07-26,11:45,,ID6818,,CGK,Jakarta Soekarno Hatta International Airport,Batik Air,ID,32A,,,Unknown,2026-07-27 06:01:28
YIA,departures,2026-07-26,11:45,12:26,ID6379,BTK6379,CGK,Jakarta Soekarno Hatta International Airport,Batik Air,ID,A320,Airbus A320-232,PK-BKO,Departed 12:26,2026-07-27 06:01:28
YIA,departures,2026-07-26,11:45,11:56,AK347,AXM347,KUL,Kuala Lumpur International Airport,AirAsia,AK,A20N,Airbus A320-251N,9M-AGF,Departed 11:56,2026-07-27 06:01:28
YIA,departures,2026-07-26,13:20,13:14,8B5531,TNU5531,CGK,Jakarta Soekarno Hatta International Airport,TransNusa,8B,A320,Airbus A320-214,PK-TLD,Departed 13:14,2026-07-27 06:01:28
YIA,departures,2026-07-26,13:35,13:44,GA209,GIA209,CGK,Jakarta Soekarno Hatta International Airport,Garuda Indonesia,GA,B738,Boeing 737-8U3,PK-GFD,Departed 13:44,2026-07-27 06:01:28
YIA,departures,2026-07-26,13:40,13:55,GA252,GIA252,DPS,Denpasar Ngurah Rai International Airport,Garuda Indonesia,GA,B738,Boeing 737-8U3,PK-GFH,Departed 13:55,2026-07-27 06:01:28
YIA,departures,2026-07-26,13:50,,IU676,,BPN,Balikpapan Sepinggan Airport,Super Air Jet,IU,320,,,Unknown,2026-07-27 06:01:28
YIA,departures,2026-07-26,14:10,14:10,JT661,LNI661,BPN,Balikpapan Sepinggan Airport,Lion Air,JT,B739,Boeing 737-9GP(ER),PK-LFY,Departed 14:10,2026-07-27 06:01:28
YIA,departures,2026-07-26,14:55,14:56,QG784,CTV784,BPN,Balikpapan Sepinggan Airport,Citilink,QG,A320,Airbus A320-214,PK-GLP,Departed 14:56,2026-07-27 06:01:28
YIA,departures,2026-07-26,14:55,16:01,ID6345,BTK6345,CGK,Jakarta Soekarno Hatta International Airport,Batik Air,ID,A320,Airbus A320-214,PK-BLC,Departed 16:01,2026-07-27 06:01:28
YIA,departures,2026-07-26,15:20,15:50,QG779,CTV779,CGK,Jakarta Soekarno Hatta International Airport,Citilink,QG,A20N,Airbus A320-251N,PK-GTF,Departed 15:50,2026-07-27 06:01:28
YIA,departures,2026-07-26,15:30,,IP243,,CGK,Jakarta Soekarno Hatta International Airport,Pelita Air,IP,320,,,Unknown,2026-07-27 06:01:28
YIA,departures,2026-07-26,15:40,,JT644,,UPG,Makassar Sultan Hasanuddin International Airport,Lion Air,JT,739,,,Unknown,2026-07-27 06:01:28
YIA,departures,2026-07-26,15:50,15:52,IU376,SJV376,DJB,Jambi Sultan Thaha Airport,Super Air Jet,IU,A320,Airbus A320-232,PK-SJF,Departed 15:52,2026-07-27 06:01:28
YIA,departures,2026-07-26,16:10,16:13,IU121,SJV121,DPS,Denpasar Ngurah Rai International Airport,Super Air Jet,IU,A320,Airbus A320-232,PK-STF,Departed 16:13,2026-07-27 06:01:28
YIA,departures,2026-07-26,16:15,16:21,IU660,SJV660,PNK,Pontianak Supadio Airport,Super Air Jet,IU,A320,Airbus A320-232,PK-SJR,Departed 16:21,2026-07-27 06:01:28
YIA,departures,2026-07-26,16:50,16:53,GA213,GIA213,CGK,Jakarta Soekarno Hatta International Airport,Garuda Indonesia,GA,B738,Boeing 737-8U3,PK-GNA,Departed 16:53,2026-07-27 06:01:28
YIA,departures,2026-07-26,17:30,17:27,AK349,AXM349,KUL,Kuala Lumpur International Airport,AirAsia,AK,A320,Airbus A320-214,9M-AFE,Departed 17:27,2026-07-27 06:01:28
YIA,departures,2026-07-26,17:45,19:29,8B5533,TNU5533,CGK,Jakarta Soekarno Hatta International Airport,TransNusa,8B,A320,Airbus A320-214,PK-TLC,Departed 19:29,2026-07-27 06:01:28
YIA,departures,2026-07-26,17:45,17:53,IU778,SJV778,LOP,Lombok International Airport,Super Air Jet,IU,A320,Airbus A320-232,PK-SAL,Departed 17:53,2026-07-27 06:01:28
YIA,departures,2026-07-26,18:15,19:34,JT276,LNI276,PKU,Pekanbaru Sultan Syarif Kasim II Airport,Lion Air,JT,B739,Boeing 737-9GP(ER),PK-LSL,Departed 19:34,2026-07-27 06:01:28
YIA,departures,2026-07-26,18:20,18:26,GA203,GIA203,CGK,Jakarta Soekarno Hatta International Airport,Garuda Indonesia,GA,B738,Boeing 737-86N,PK-GFS,Departed 18:26,2026-07-27 06:01:28
YIA,departures,2026-07-26,18:50,18:47,TR229,TGW229,SIN,Singapore Changi Airport,Scoot,TR,A320,Airbus A320-232,9V-TRP,Departed 18:47,2026-07-27 06:01:28
YIA,departures,2026-07-26,18:55,18:54,IU664,SJV664,BDJ,Banjarmasin Syamsudin Noor Airport,Super Air Jet,IU,A320,Airbus A320-232,PK-SGA,Departed 18:54,2026-07-27 06:01:28
YIA,departures,2026-07-26,19:10,,IN221,,CGK,Jakarta Soekarno Hatta International Airport,Nam Air,IN,B735,Boeing 737-524,PK-NAQ,Unknown,2026-07-27 06:01:28
YIA,departures,2026-07-26,19:35,20:32,SJ713,SJY713,UPG,Makassar Sultan Hasanuddin International Airport,Sriwijaya Air,SJ,B735,Boeing 737-524,PK-CLE,Departed 20:32,2026-07-27 06:01:28
YIA,departures,2026-07-26,19:40,,SJ225,,CGK,Jakarta Soekarno Hatta International Airport,Sriwijaya Air,SJ,735,,,Unknown,2026-07-27 06:01:28
YIA,departures,2026-07-26,20:00,20:19,JT664,LNI664,UPG,Makassar Sultan Hasanuddin International Airport,Lion Air (80th 737NG Livery),JT,B738,Boeing 737-8GP,PK-LKP,Departed 20:19,2026-07-27 06:01:28
YIA,departures,2026-07-26,20:00,20:29,ID6371,BTK6371,CGK,Jakarta Soekarno Hatta International Airport,Batik Air,ID,A320,Airbus A320-214,PK-LAW,Departed 20:29,2026-07-27 06:01:28
YIA,departures,2026-07-26,20:20,20:36,QG783,CTV783,UPG,Makassar Sultan Hasanuddin International Airport,Citilink,QG,A320,Airbus A320-214,PK-GLP,Departed 20:36,2026-07-27 06:01:28
YIA,departures,2026-07-26,20:45,21:00,IN221,LKN221,CGK,Jakarta Soekarno Hatta International Airport,Nam Air,IN,B735,Boeing 737-524,PK-NAQ,Departed 21:00,2026-07-27 06:01:28
