bandara,tipe,tanggal,waktu_jadwal,waktu_aktual,nomor_flight,callsign,asal_tujuan_iata,asal_tujuan_nama,maskapai,maskapai_iata,kode_pesawat,nama_pesawat,registrasi,status,scraped_at
BPN,arrivals,2026-08-10,06:20,06:28,IW1394,WON1394,BDJ,Banjarmasin Syamsudin Noor Airport,Wings Air,IW,AT76,ATR 72-600,PK-WJS,Landed 07:28,2026-08-11 05:33:20
BPN,arrivals,2026-08-10,06:45,06:39,QG430,CTV430,SUB,Surabaya Juanda International Airport,Citilink,QG,A320,Airbus A320-214,PK-GLP,Landed 07:39,2026-08-11 05:33:20
BPN,arrivals,2026-08-10,07:00,06:52,TR336,TGW336,SIN,Singapore Changi Airport,Scoot,TR,E290,Embraer E190-E2,9V-THF,Landed 07:52,2026-08-11 05:33:20
BPN,arrivals,2026-08-10,07:00,06:56,IU579,SJV579,BEJ,Kalimarau Airport,Super Air Jet,IU,A320,Airbus A320-232,PK-STG,Landed 07:56,2026-08-11 05:33:20
BPN,arrivals,2026-08-10,07:10,07:15,IU604,SJV604,CGK,Jakarta Soekarno Hatta International Airport,Super Air Jet,IU,A320,Airbus A320-232,PK-SAH,Landed 08:15,2026-08-11 05:33:20
BPN,arrivals,2026-08-10,07:30,,RI200,,CGK,Jakarta Soekarno Hatta International Airport,Rimbun Air,RI,73Y,,,Unknown,2026-08-11 05:33:20
BPN,arrivals,2026-08-10,07:30,07:07,QG436,CTV436,CGK,Jakarta Soekarno Hatta International Airport,Citilink,QG,A320,Airbus A320-214,PK-GQK,Landed 08:07,2026-08-11 05:33:20
BPN,arrivals,2026-08-10,08:15,,KS521,,APD,Bone Arung Palakka Airport,Aeroitalia Regional,KS,ATR,,,Unknown,2026-08-11 05:33:20
BPN,arrivals,2026-08-10,09:10,,QG1493,,BDJ,Banjarmasin Syamsudin Noor Airport,Citilink,QG,ATR,,,Unknown,2026-08-11 05:33:20
BPN,arrivals,2026-08-10,09:10,08:45,QG1493,CTV1493,BDJ,Banjarmasin Syamsudin Noor Airport,Citilink,QG,AT76,ATR 72-600,PK-GJT,Landed 09:45,2026-08-11 05:33:20
BPN,arrivals,2026-08-10,09:10,10:21,IU510,SJV510,CGK,Jakarta Soekarno Hatta International Airport,Super Air Jet,IU,A320,Airbus A320-232,PK-SGA,Landed 11:21,2026-08-11 05:33:20
BPN,arrivals,2026-08-10,09:30,09:15,JT624,LNI624,SRG,Semarang Achmad Yani International Airport,Lion Air,JT,B739,Boeing 737-9GP(ER),PK-LSR,Landed 10:15,2026-08-11 05:33:20
BPN,arrivals,2026-08-10,09:30,09:24,IU610,SJV610,SUB,Surabaya Juanda International Airport,Super Air Jet,IU,A320,Airbus A320-232,PK-SJE,Landed 10:24,2026-08-11 05:33:20
BPN,arrivals,2026-08-10,10:00,10:27,IU535,SJV535,UPG,Makassar Sultan Hasanuddin International Airport,Super Air Jet,IU,A320,Airbus A320-232,PK-SGB,Landed 11:27,2026-08-11 05:33:20
BPN,arrivals,2026-08-10,10:05,09:55,IW1431,WON1431,MJU,Mamuju Tampa Padang Airport,Wings Air,IW,AT76,ATR 72-600,PK-WGP,Landed 10:55,2026-08-11 05:33:20
BPN,arrivals,2026-08-10,10:10,,IU512,,CGK,Jakarta Soekarno Hatta International Airport,Super Air Jet,IU,320,,,Canceled,2026-08-11 05:33:20
BPN,arrivals,2026-08-10,10:25,10:06,QG438,CTV438,CGK,Jakarta Soekarno Hatta International Airport,Citilink,QG,A320,Airbus A320-214,PK-GQD,Landed 11:06,2026-08-11 05:33:20
BPN,arrivals,2026-08-10,10:25,10:17,IP647,PAS647,YIA,Yogyakarta International Airport,Pelita Air,IP,A320,Airbus A320-216,PK-PWN,Landed 11:17,2026-08-11 05:33:20
BPN,arrivals,2026-08-10,10:50,10:53,GA564,GIA564,CGK,Jakarta Soekarno Hatta International Airport,Garuda Indonesia,GA,B738,Boeing 737-8SH,PK-GUJ,Landed 11:53,2026-08-11 05:33:20
BPN,arrivals,2026-08-10,11:00,10:57,JT669,LNI669,YIA,Yogyakarta International Airport,Lion Air,JT,B739,Boeing 737-9GP(ER),PK-LJI,Landed 11:57,2026-08-11 05:33:20
BPN,arrivals,2026-08-10,11:00,10:38,IU693,SJV693,TRK,Tarakan Juwata International Airport,Super Air Jet,IU,A320,Airbus A320-232,PK-STG,Landed 11:38,2026-08-11 05:33:20
BPN,arrivals,2026-08-10,11:10,,IU614,,SUB,Surabaya Juanda International Airport,Super Air Jet,IU,320,,,Canceled,2026-08-11 05:33:20
BPN,arrivals,2026-08-10,11:10,12:34,IU602,SJV602,CGK,Jakarta Soekarno Hatta International Airport,Super Air Jet,IU,A320,Airbus A320-232,PK-SJP,Landed 13:34,2026-08-11 05:33:20
BPN,arrivals,2026-08-10,11:20,10:47,QG401,CTV401,TRK,Tarakan Juwata International Airport,Citilink,QG,A320,Airbus A320-214,PK-GQK,Landed 11:47,2026-08-11 05:33:20
BPN,arrivals,2026-08-10,12:00,11:59,IU531,SJV531,UPG,Makassar Sultan Hasanuddin International Airport,Super Air Jet,IU,A320,Airbus A320-232,PK-SJF,Landed 12:59,2026-08-11 05:33:20
BPN,arrivals,2026-08-10,12:00,,ID6317,,UPG,Makassar Sultan Hasanuddin International Airport,Batik Air,ID,32A,,,Unknown,2026-08-11 05:33:20
BPN,arrivals,2026-08-10,12:00,11:55,ID6233,BTK6233,UPG,Makassar Sultan Hasanuddin International Airport,Batik Air,ID,A320,Airbus A320-214,PK-LUT,Landed 12:55,2026-08-11 05:33:20
BPN,arrivals,2026-08-10,12:20,11:45,IU529,SJV529,MDC,Manado Sam Ratulangi International Airport,Super Air Jet,IU,A320,Airbus A320-232,PK-SJL,Landed 12:45,2026-08-11 05:33:20
BPN,arrivals,2026-08-10,12:40,,QG1495,,BDJ,Banjarmasin Syamsudin Noor Airport,Citilink,QG,AT76,ATR 72-600,PK-GJT,Unknown,2026-08-11 05:33:20
BPN,arrivals,2026-08-10,12:40,12:16,QG1495,CTV1495,BDJ,Banjarmasin Syamsudin Noor Airport,Citilink,QG,AT76,ATR 72-600,PK-GJT,Landed 13:16,2026-08-11 05:33:20
BPN,arrivals,2026-08-10,12:55,,IU976,,BTH,Batam Hang Nadim Airport,Super Air Jet,IU,320,,,Canceled,2026-08-11 05:33:20
BPN,arrivals,2026-08-10,13:10,13:16,ID6250,BTK6250,CGK,Jakarta Soekarno Hatta International Airport,Batik Air,ID,A320,Airbus A320-232,PK-BLB,Landed 14:16,2026-08-11 05:33:20
BPN,arrivals,2026-08-10,13:20,,SJ135,,BEJ,Kalimarau Airport,Sriwijaya Air,SJ,735,,,Unknown,2026-08-11 05:33:20
BPN,arrivals,2026-08-10,13:20,13:10,IW1368,WON1368,PKY,Palangkaraya Tjilik Riwut Airport,Wings Air,IW,AT76,ATR 72-600,PK-WGP,Landed 14:10,2026-08-11 05:33:20
BPN,arrivals,2026-08-10,13:40,13:43,IU695,SJV695,TRK,Tarakan Juwata International Airport,Super Air Jet,IU,A320,Airbus A320-232,PK-SGB,Landed 14:43,2026-08-11 05:33:20
BPN,arrivals,2026-08-10,14:20,14:19,JT660,LNI660,DPS,Denpasar Ngurah Rai International Airport,Lion Air,JT,B739,Boeing 737-9GP(ER),PK-LSR,Landed 15:19,2026-08-11 05:33:20
BPN,arrivals,2026-08-10,15:00,,IW1396,,BDJ,Banjarmasin Syamsudin Noor Airport,Wings Air,IW,AT7,,,Canceled,2026-08-11 05:33:20
BPN,arrivals,2026-08-10,15:15,17:09,IU581,SJV581,BEJ,Kalimarau Airport,Super Air Jet,IU,A320,Airbus A320-232,PK-SGB,Landed 18:09,2026-08-11 05:33:20
BPN,arrivals,2026-08-10,15:15,15:20,IP602,PAS602,CGK,Jakarta Soekarno Hatta International Airport,Pelita Air,IP,A320,Airbus A320-214,PK-PWP,Landed 16:20,2026-08-11 05:33:20
BPN,arrivals,2026-08-10,15:25,15:29,IU618,SJV618,SUB,Surabaya Juanda International Airport,Super Air Jet,IU,A320,Airbus A320-232,PK-STG,Landed 16:29,2026-08-11 05:33:20
BPN,arrivals,2026-08-10,15:40,15:25,IW1475,WON1475,GHS,West Kutai Melalan Airport,Wings Air,IW,AT76,ATR 72-600,PK-WGP,Landed 16:25,2026-08-11 05:33:20
BPN,arrivals,2026-08-10,15:40,15:52,IU534,SJV534,TRK,Tarakan Juwata International Airport,Super Air Jet,IU,A320,Airbus A320-232,PK-SJL,Landed 16:52,2026-08-11 05:33:20
BPN,arrivals,2026-08-10,15:45,,IU676,,YIA,Yogyakarta International Airport,Super Air Jet,IU,320,,,Canceled,2026-08-11 05:33:20
BPN,arrivals,2026-08-10,16:00,17:58,IW1384,WON1384,BDJ,Banjarmasin Syamsudin Noor Airport,Wings Air,IW,AT76,ATR 72-600,PK-WJS,Landed 18:58,2026-08-11 05:33:20
BPN,arrivals,2026-08-10,16:00,16:17,IU608,SJV608,CGK,Jakarta Soekarno Hatta International Airport,Super Air Jet,IU,A320,Airbus A320-232,PK-SGA,Landed 17:17,2026-08-11 05:33:20
BPN,arrivals,2026-08-10,16:05,16:01,JT661,LNI661,YIA,Yogyakarta International Airport,Lion Air,JT,B739,Boeing 737-9GP(ER),PK-LJI,Landed 17:01,2026-08-11 05:33:20
BPN,arrivals,2026-08-10,16:10,16:05,QG446,CTV446,CGK,Jakarta Soekarno Hatta International Airport,Citilink,QG,A320,Airbus A320-214,PK-GQD,Landed 17:05,2026-08-11 05:33:20
BPN,arrivals,2026-08-10,16:10,17:03,JT364,LNI364,SUB,Surabaya Juanda International Airport,Lion Air,JT,B739,Boeing 737-9GP(ER),PK-LSU,Landed 18:03,2026-08-11 05:33:20
BPN,arrivals,2026-08-10,16:30,,RI2000,,CGK,Jakarta Soekarno Hatta International Airport,Rimbun Air,RI,73Y,,,Unknown,2026-08-11 05:33:20
BPN,arrivals,2026-08-10,16:30,16:30,ID6316,BTK6316,PNK,Pontianak Supadio Airport,Batik Air,ID,A320,Airbus A320-214,PK-LUT,Landed 17:30,2026-08-11 05:33:20
BPN,arrivals,2026-08-10,16:45,16:40,QG434,CTV434,SUB,Surabaya Juanda International Airport,Citilink,QG,A320,Airbus A320-214,PK-GLQ,Landed 17:40,2026-08-11 05:33:20
BPN,arrivals,2026-08-10,16:50,16:44,IU284,SJV284,LOP,Lombok International Airport,Super Air Jet,IU,A320,Airbus A320-232,PK-SJF,Landed 17:44,2026-08-11 05:33:20
BPN,arrivals,2026-08-10,17:05,16:35,QG784,CTV784,YIA,Yogyakarta International Airport,Citilink,QG,A320,Airbus A320-214,PK-GQU,Landed 17:35,2026-08-11 05:33:20
BPN,arrivals,2026-08-10,17:05,17:14,GA572,GIA572,CGK,Jakarta Soekarno Hatta International Airport,Garuda Indonesia,GA,B738,Boeing 737-8SH,PK-GUJ,Landed 18:14,2026-08-11 05:33:20
BPN,arrivals,2026-08-10,17:50,18:03,AK483,AXM483,KUL,Kuala Lumpur International Airport,AirAsia (Legend Heroes Park Livery),AK,A320,Airbus A320-216,9M-AFV,Landed 19:03,2026-08-11 05:33:20
BPN,arrivals,2026-08-10,18:00,,IU606,,CGK,Jakarta Soekarno Hatta International Airport,Super Air Jet,IU,320,,,Canceled,2026-08-11 05:33:20
BPN,arrivals,2026-08-10,18:10,,JT662,,UPG,Makassar Sultan Hasanuddin International Airport,Lion Air,JT,738,,,Unknown,2026-08-11 05:33:20
BPN,arrivals,2026-08-10,18:20,18:08,IP623,PAS623,SUB,Surabaya Juanda International Airport,Pelita Air,IP,A320,Airbus A320-214,PK-PWE,Landed 19:08,2026-08-11 05:33:20
BPN,arrivals,2026-08-10,19:30,,IU616,,SUB,Surabaya Juanda International Airport,Super Air Jet,IU,320,,,Unknown,2026-08-11 05:33:20
BPN,arrivals,2026-08-10,19:50,19:48,QG428,CTV428,UPG,Makassar Sultan Hasanuddin International Airport,Citilink,QG,A320,Airbus A320-214,PK-GQD,Landed 20:48,2026-08-11 05:33:20
BPN,arrivals,2026-08-10,20:15,20:20,JT260,LNI260,SUB,Surabaya Juanda International Airport,Lion Air,JT,B739,Boeing 737-9GP(ER),PK-LSJ,Landed 21:20,2026-08-11 05:33:20
BPN,arrivals,2026-08-10,20:15,20:25,GA576,GIA576,CGK,Jakarta Soekarno Hatta International Airport,Garuda Indonesia,GA,B738,Boeing 737-81M,PK-GUA,Landed 21:25,2026-08-11 05:33:20
BPN,arrivals,2026-08-10,20:25,21:39,IU600,SJV600,CGK,Jakarta Soekarno Hatta International Airport,Super Air Jet,IU,A320,Airbus A320-232,PK-SGD,Landed 22:39,2026-08-11 05:33:20
BPN,departures,2026-08-10,05:00,05:06,JT363,LNI363,SUB,Surabaya Juanda International Airport,Lion Air,JT,B739,Boeing 737-9GP(ER),PK-LJG,Departed 06:06,2026-08-11 05:33:42
BPN,departures,2026-08-10,05:00,05:08,IU601,SJV601,CGK,Jakarta Soekarno Hatta International Airport,Super Air Jet,IU,A320,Airbus A320-232,PK-SGA,Departed 06:08,2026-08-11 05:33:42
BPN,departures,2026-08-10,05:10,05:11,QG439,CTV439,CGK,Jakarta Soekarno Hatta International Airport,Citilink,QG,A320,Airbus A320-214,PK-GQD,Departed 06:11,2026-08-11 05:33:42
BPN,departures,2026-08-10,05:20,05:30,GA561,GIA561,CGK,Jakarta Soekarno Hatta International Airport,Garuda Indonesia,GA,B738,Boeing 737-8SH,PK-GUJ,Departed 06:30,2026-08-11 05:33:42
BPN,departures,2026-08-10,05:30,05:43,IU532,SJV532,UPG,Makassar Sultan Hasanuddin International Airport,Super Air Jet,IU,A320,Airbus A320-232,PK-SJF,Departed 06:43,2026-08-11 05:33:42
BPN,departures,2026-08-10,06:00,05:59,QG1492,CTV1492,BDJ,Banjarmasin Syamsudin Noor Airport,Citilink,QG,AT76,ATR 72-600,PK-GJT,Departed 06:59,2026-08-11 05:33:42
BPN,departures,2026-08-10,06:00,05:54,JT668,LNI668,YIA,Yogyakarta International Airport,Lion Air,JT,B739,Boeing 737-9GP(ER),PK-LJI,Departed 06:54,2026-08-11 05:33:42
BPN,departures,2026-08-10,06:00,06:01,IP646,PAS646,YIA,Yogyakarta International Airport,Pelita Air,IP,A320,Airbus A320-216,PK-PWN,Departed 07:01,2026-08-11 05:33:42
BPN,departures,2026-08-10,06:55,06:58,IW1395,WON1395,BDJ,Banjarmasin Syamsudin Noor Airport,Wings Air,IW,AT76,ATR 72-600,PK-WJS,Departed 07:58,2026-08-11 05:33:42
BPN,departures,2026-08-10,07:00,10:23,IU649,SJV649,SUB,Surabaya Juanda International Airport,Super Air Jet,IU,A320,Airbus A320-232,PK-SJE,Departed 11:23,2026-08-11 05:33:42
BPN,departures,2026-08-10,07:15,07:20,QG435,CTV435,SUB,Surabaya Juanda International Airport,Citilink,QG,A320,Airbus A320-214,PK-GLP,Departed 08:20,2026-08-11 05:33:42
BPN,departures,2026-08-10,07:35,07:37,TR337,TGW337,SIN,Singapore Changi Airport,Scoot,TR,E290,Embraer E190-E2,9V-THF,Departed 08:37,2026-08-11 05:33:42
BPN,departures,2026-08-10,07:40,07:55,IW1430,WON1430,MJU,Mamuju Tampa Padang Airport,Wings Air,IW,AT76,ATR 72-600,PK-WGP,Departed 08:55,2026-08-11 05:33:42
BPN,departures,2026-08-10,07:50,08:02,IU607,SJV607,CGK,Jakarta Soekarno Hatta International Airport,Super Air Jet,IU,A320,Airbus A320-232,PK-SAH,Departed 09:02,2026-08-11 05:33:42
BPN,departures,2026-08-10,08:00,08:01,IU694,SJV694,TRK,Tarakan Juwata International Airport,Super Air Jet,IU,A320,Airbus A320-232,PK-STG,Departed 09:01,2026-08-11 05:33:42
BPN,departures,2026-08-10,08:15,08:04,QG400,CTV400,TRK,Tarakan Juwata International Airport,Citilink,QG,A320,Airbus A320-214,PK-GQK,Departed 09:04,2026-08-11 05:33:42
BPN,departures,2026-08-10,08:45,,KS522,,APD,Bone Arung Palakka Airport,Aeroitalia Regional,KS,ATR,,,Unknown,2026-08-11 05:33:42
BPN,departures,2026-08-10,09:35,09:33,QG1494,CTV1494,BDJ,Banjarmasin Syamsudin Noor Airport,Citilink,QG,AT76,ATR 72-600,PK-GJT,Departed 10:33,2026-08-11 05:33:42
BPN,departures,2026-08-10,10:00,11:21,IU511,SJV511,CGK,Jakarta Soekarno Hatta International Airport,Super Air Jet,IU,A320,Airbus A320-232,PK-SGA,Departed 12:21,2026-08-11 05:33:42
BPN,departures,2026-08-10,10:10,10:12,JT663,LNI663,DPS,Denpasar Ngurah Rai International Airport,Lion Air,JT,B739,Boeing 737-9GP(ER),PK-LSR,Departed 11:12,2026-08-11 05:33:42
BPN,departures,2026-08-10,10:10,,IU611,,SUB,Surabaya Juanda International Airport,Super Air Jet,IU,320,,,Canceled,2026-08-11 05:33:42
BPN,departures,2026-08-10,10:30,10:40,IW1369,WON1369,PKY,Palangkaraya Tjilik Riwut Airport,Wings Air,IW,AT76,ATR 72-600,PK-WGP,Departed 11:40,2026-08-11 05:33:42
BPN,departures,2026-08-10,10:40,11:16,IU535,SJV535,TRK,Tarakan Juwata International Airport,Super Air Jet,IU,A320,Airbus A320-232,PK-SGB,Departed 12:16,2026-08-11 05:33:42
BPN,departures,2026-08-10,10:50,,IU513,,CGK,Jakarta Soekarno Hatta International Airport,Super Air Jet,IU,320,,,Canceled,2026-08-11 05:33:42
BPN,departures,2026-08-10,10:55,11:01,QG447,CTV447,CGK,Jakarta Soekarno Hatta International Airport,Citilink,QG,A320,Airbus A320-214,PK-GQD,Departed 12:01,2026-08-11 05:33:42
BPN,departures,2026-08-10,11:10,11:11,IP603,PAS603,CGK,Jakarta Soekarno Hatta International Airport,Pelita Air,IP,A320,Airbus A320-216,PK-PWN,Departed 12:11,2026-08-11 05:33:42
BPN,departures,2026-08-10,11:35,12:01,GA567,GIA567,CGK,Jakarta Soekarno Hatta International Airport,Garuda Indonesia,GA,B738,Boeing 737-8SH,PK-GUJ,Departed 13:01,2026-08-11 05:33:42
BPN,departures,2026-08-10,11:40,11:46,JT670,LNI670,YIA,Yogyakarta International Airport,Lion Air,JT,B739,Boeing 737-9GP(ER),PK-LJI,Departed 12:46,2026-08-11 05:33:42
BPN,departures,2026-08-10,11:50,11:50,IU617,SJV617,SUB,Surabaya Juanda International Airport,Super Air Jet,IU,A320,Airbus A320-232,PK-STG,Departed 12:50,2026-08-11 05:33:42
BPN,departures,2026-08-10,11:50,13:31,IU603,SJV603,CGK,Jakarta Soekarno Hatta International Airport,Super Air Jet,IU,A320,Airbus A320-232,PK-SJP,Departed 14:31,2026-08-11 05:33:42
BPN,departures,2026-08-10,12:05,12:09,QG437,CTV437,CGK,Jakarta Soekarno Hatta International Airport,Citilink,QG,A320,Airbus A320-214,PK-GQK,Departed 13:09,2026-08-11 05:33:42
BPN,departures,2026-08-10,12:30,14:40,IU578,SJV578,BEJ,Kalimarau Airport,Super Air Jet,IU,A320,Airbus A320-232,PK-SGB,Departed 15:40,2026-08-11 05:33:42
BPN,departures,2026-08-10,12:40,13:22,IU692,SJV692,TRK,Tarakan Juwata International Airport,Super Air Jet,IU,A320,Airbus A320-232,PK-SJL,Departed 14:22,2026-08-11 05:33:42
BPN,departures,2026-08-10,12:40,12:50,ID6317,BTK6317,PNK,Pontianak Supadio Airport,Batik Air,ID,A320,Airbus A320-214,PK-LUT,Departed 13:50,2026-08-11 05:33:42
BPN,departures,2026-08-10,13:00,13:11,IU285,SJV285,LOP,Lombok International Airport,Super Air Jet,IU,A320,Airbus A320-232,PK-SJF,Departed 14:11,2026-08-11 05:33:42
BPN,departures,2026-08-10,13:35,,IU977,,BTH,Batam Hang Nadim Airport,Super Air Jet,IU,320,,,Canceled,2026-08-11 05:33:42
BPN,departures,2026-08-10,13:45,13:51,IW1476,WON1476,GHS,West Kutai Melalan Airport,Wings Air,IW,AT76,ATR 72-600,PK-WGP,Departed 14:51,2026-08-11 05:33:42
BPN,departures,2026-08-10,13:55,14:20,ID6253,BTK6253,CGK,Jakarta Soekarno Hatta International Airport,Batik Air,ID,A320,Airbus A320-232,PK-BLB,Departed 15:20,2026-08-11 05:33:42
BPN,departures,2026-08-10,14:00,,SJ134,,BEJ,Kalimarau Airport,Sriwijaya Air,SJ,735,,,Unknown,2026-08-11 05:33:42
BPN,departures,2026-08-10,14:40,,QG1494,,BDJ,Banjarmasin Syamsudin Noor Airport,Citilink,QG,ATR,,,Unknown,2026-08-11 05:33:42
BPN,departures,2026-08-10,15:00,15:06,JT625,LNI625,SRG,Semarang Achmad Yani International Airport,Lion Air,JT,B739,Boeing 737-9GP(ER),PK-LSR,Departed 16:06,2026-08-11 05:33:42
BPN,departures,2026-08-10,15:30,,IW1397,,BDJ,Banjarmasin Syamsudin Noor Airport,Wings Air,IW,AT7,,,Canceled,2026-08-11 05:33:42
BPN,departures,2026-08-10,15:45,,IU615,,SUB,Surabaya Juanda International Airport,Super Air Jet,IU,320,,,Canceled,2026-08-11 05:33:42
BPN,departures,2026-08-10,16:00,16:13,IP622,PAS622,SUB,Surabaya Juanda International Airport,Pelita Air,IP,A320,Airbus A320-214,PK-PWP,Departed 17:13,2026-08-11 05:33:42
BPN,departures,2026-08-10,16:25,16:23,IW1385,WON1385,BDJ,Banjarmasin Syamsudin Noor Airport,Wings Air,IW,AT76,ATR 72-600,PK-WGP,Departed 17:23,2026-08-11 05:33:42
BPN,departures,2026-08-10,16:25,,IU677,,YIA,Yogyakarta International Airport,Super Air Jet,IU,320,,,Unknown,2026-08-11 05:33:42
BPN,departures,2026-08-10,16:40,17:05,QG429,CTV429,UPG,Makassar Sultan Hasanuddin International Airport,Citilink,QG,A320,Airbus A320-214,PK-GQD,Departed 18:05,2026-08-11 05:33:42
BPN,departures,2026-08-10,16:40,18:16,IU609,SJV609,CGK,Jakarta Soekarno Hatta International Airport,Super Air Jet,IU,A320,Airbus A320-232,PK-SGA,Departed 19:16,2026-08-11 05:33:42
BPN,departures,2026-08-10,16:40,17:59,IU534,SJV534,UPG,Makassar Sultan Hasanuddin International Airport,Super Air Jet,IU,A320,Airbus A320-232,PK-STG,Departed 18:59,2026-08-11 05:33:42
BPN,departures,2026-08-10,16:50,18:10,JT361,LNI361,SUB,Surabaya Juanda International Airport,Lion Air,JT,B739,Boeing 737-9GP(ER),PK-LSU,Departed 19:10,2026-08-11 05:33:42
BPN,departures,2026-08-10,17:10,,ID6316,,UPG,Makassar Sultan Hasanuddin International Airport,Batik Air,ID,32A,,,Unknown,2026-08-11 05:33:42
BPN,departures,2026-08-10,17:10,17:23,ID6232,BTK6232,UPG,Makassar Sultan Hasanuddin International Airport,Batik Air,ID,A320,Airbus A320-214,PK-LUT,Departed 18:23,2026-08-11 05:33:42
BPN,departures,2026-08-10,17:15,17:30,QG431,CTV431,SUB,Surabaya Juanda International Airport,Citilink,QG,A320,Airbus A320-214,PK-GLQ,Departed 18:30,2026-08-11 05:33:42
BPN,departures,2026-08-10,17:30,17:38,IU580,SJV580,BEJ,Kalimarau Airport,Super Air Jet,IU,A320,Airbus A320-232,PK-SJL,Departed 18:38,2026-08-11 05:33:42
BPN,departures,2026-08-10,17:30,18:14,IU528,SJV528,MDC,Manado Sam Ratulangi International Airport,Super Air Jet,IU,A320,Airbus A320-232,PK-SGB,Departed 19:14,2026-08-11 05:33:42
BPN,departures,2026-08-10,17:35,17:34,QG785,CTV785,YIA,Yogyakarta International Airport,Citilink,QG,A320,Airbus A320-214,PK-GQU,Departed 18:34,2026-08-11 05:33:42
BPN,departures,2026-08-10,17:45,,RI202,,BDJ,Banjarmasin Syamsudin Noor Airport,Rimbun Air,RI,73Y,,,Unknown,2026-08-11 05:33:42
BPN,departures,2026-08-10,17:50,18:11,GA575,GIA575,CGK,Jakarta Soekarno Hatta International Airport,Garuda Indonesia,GA,B738,Boeing 737-8SH,PK-GUJ,Departed 19:11,2026-08-11 05:33:42
BPN,departures,2026-08-10,18:15,,AK482,,KUL,Kuala Lumpur International Airport,AirAsia (Legend Heroes Park Livery),AK,A320,Airbus A320-216,9M-AFV,Unknown,2026-08-11 05:33:42
BPN,departures,2026-08-10,18:15,18:46,AK482,AXM482,KUL,Kuala Lumpur International Airport,AirAsia (Legend Heroes Park Livery),AK,A320,Airbus A320-216,9M-AFV,Departed 19:46,2026-08-11 05:33:42
BPN,departures,2026-08-10,18:40,,IU605,,CGK,Jakarta Soekarno Hatta International Airport,Super Air Jet,IU,320,,,Unknown,2026-08-11 05:33:42
BPN,departures,2026-08-10,18:50,,JT675,,UPG,Makassar Sultan Hasanuddin International Airport,Lion Air,JT,738,,,Unknown,2026-08-11 05:33:42
BPN,departures,2026-08-10,21:15,,3Y932,,SIN,Singapore Changi Airport,My Indo Airlines,3Y,73Y,,,Unknown,2026-08-11 05:33:42
CGK,arrivals,2026-08-10,00:10,00:06,8B156,TNU156,SIN,Singapore Changi Airport,TransNusa,8B,A321,Airbus A321-211,PK-TLK,Landed 00:06,2026-08-11 05:31:14
CGK,arrivals,2026-08-10,00:15,23:59,CA977,CCA977,PEK,Beijing Capital International Airport,Air China (Star Alliance livery),CA,A333,Airbus A330-343,B-6101,Landed 23:59,2026-08-11 05:31:14
CGK,arrivals,2026-08-10,00:40,01:31,VN635,HVN635,HAN,Hanoi Noi Bai International Airport,Vietnam Airlines,VN,A321,Airbus A321-231,VN-A332,Landed 01:31,2026-08-11 05:31:14
CGK,arrivals,2026-08-10,00:45,00:48,KE437,KAL437,ICN,Seoul Incheon International Airport,Korean Air,KE,B77W,Boeing 777-3B5(ER),HL8006,Landed 00:48,2026-08-11 05:31:14
CGK,arrivals,2026-08-10,01:50,01:50,QG217,CTV217,UPG,Makassar Sultan Hasanuddin International Airport,Citilink,QG,A320,Airbus A320-214,PK-GQJ,Landed 01:50,2026-08-11 05:31:14
CGK,arrivals,2026-08-10,02:00,,RI701,,LOP,Lombok International Airport,Rimbun Air,RI,73Y,,,Unknown,2026-08-11 05:31:14
CGK,arrivals,2026-08-10,02:00,01:24,CZ8055,CSN8055,SZX,Shenzhen Bao'an International Airport,China Southern Airlines,CZ,A20N,Airbus A320-251N,B-30AA,Landed 01:24,2026-08-11 05:31:14
CGK,arrivals,2026-08-10,02:20,,RI121,,KNO,Medan Kuala Namu International Airport,Rimbun Air,RI,73Y,,,Unknown,2026-08-11 05:31:14
CGK,arrivals,2026-08-10,04:00,04:15,ID6081,BTK6081,PER,Perth Airport,Batik Air,ID,A320,Airbus A320-214,PK-BKV,Landed 04:15,2026-08-11 05:31:14
CGK,arrivals,2026-08-10,05:05,04:30,NH871,ANA871,HND,Tokyo Haneda International Airport,All Nippon Airways,NH,B788,Boeing 787-8 Dreamliner,JA832A,Landed 04:30,2026-08-11 05:31:14
CGK,arrivals,2026-08-10,05:20,,RI321,,UPG,Makassar Sultan Hasanuddin International Airport,Rimbun Air,RI,73Y,,,Unknown,2026-08-11 05:31:14
CGK,arrivals,2026-08-10,05:20,04:02,MF8673,CXA8673,CKG,Chongqing Jiangbei International Airport,Xiamen Air,MF,B38M,Boeing 737 MAX 8,B-1139,Landed 04:02,2026-08-11 05:31:14
CGK,arrivals,2026-08-10,06:15,06:33,3Y815,MYU815,SUB,Surabaya Juanda International Airport,My Indo Airlines,3Y,B734,Boeing 737-4Q8(SF),PK-MYN,Landed 06:33,2026-08-11 05:31:14
CGK,arrivals,2026-08-10,06:35,06:25,ID6391,BTK6391,SUB,Surabaya Juanda International Airport,Batik Air,ID,A320,Airbus A320-214,PK-LAJ,Landed 06:25,2026-08-11 05:31:14
CGK,arrivals,2026-08-10,06:40,06:21,8B861,TNU861,CAN,Guangzhou Baiyun International Airport,TransNusa,8B,A320,Airbus A320-214,PK-TLC,Landed 06:21,2026-08-11 05:31:14
CGK,arrivals,2026-08-10,06:45,,8K804,,SIN,Singapore Changi Airport,Exploits Valley Air Services,8K,73P,,,Unknown,2026-08-11 05:31:10
CGK,arrivals,2026-08-10,06:45,06:28,IU639,SJV639,BDJ,Banjarmasin Syamsudin Noor Airport,Super Air Jet,IU,A320,Airbus A320-232,PK-SGD,Landed 06:28,2026-08-11 05:31:10
CGK,arrivals,2026-08-10,06:50,06:35,JT873,LNI873,UPG,Makassar Sultan Hasanuddin International Airport,Lion Air,JT,B738,Boeing 737-8GP,PK-LPK,Landed 06:35,2026-08-11 05:31:10
CGK,arrivals,2026-08-10,06:55,06:41,QG483,CTV483,BDJ,Banjarmasin Syamsudin Noor Airport,Citilink,QG,A320,Airbus A320-214,PK-GQE,Landed 06:41,2026-08-11 05:31:10
CGK,arrivals,2026-08-10,06:55,06:37,GA991,GIA991,JED,Jeddah King Abdulaziz International Airport,Garuda Indonesia,GA,B77W,Boeing 777-3U3(ER),PK-GIH,Landed 06:37,2026-08-11 05:31:10
CGK,arrivals,2026-08-10,07:00,06:48,SQ950,SIA950,SIN,Singapore Changi Airport,Singapore Airlines,SQ,B77W,Boeing 777-312(ER),9V-SNC,Landed 06:48,2026-08-11 05:31:10
CGK,arrivals,2026-08-10,07:05,06:47,IU601,SJV601,BPN,Balikpapan Sepinggan Airport,Super Air Jet,IU,A320,Airbus A320-232,PK-SGA,Landed 06:47,2026-08-11 05:31:10
CGK,arrivals,2026-08-10,07:10,07:19,IU921,SJV921,PLM,Palembang International Airport,Super Air Jet,IU,A320,Airbus A320-232,PK-STC,Landed 07:19,2026-08-11 05:31:10
CGK,arrivals,2026-08-10,07:15,06:58,IU769,SJV769,LOP,Lombok International Airport,Super Air Jet,IU,A320,Airbus A320-232,PK-SJA,Landed 06:58,2026-08-11 05:31:10
CGK,arrivals,2026-08-10,07:20,07:14,QG987,CTV987,PLM,Palembang International Airport,Citilink,QG,A320,Airbus A320-214,PK-GLR,Landed 07:14,2026-08-11 05:31:10
CGK,arrivals,2026-08-10,07:20,07:12,ID6819,BTK6819,BKS,Bengkulu Fatmawati Soekarno Airport,Batik Air,ID,A320,Airbus A320-214,PK-BKT,Landed 07:12,2026-08-11 05:31:10
CGK,arrivals,2026-08-10,07:20,07:09,ID6807,BTK6807,DJB,Jambi Sultan Thaha Airport,Batik Air (Book Cabin Sticker),ID,A320,Airbus A320-214,PK-LAF,Landed 07:09,2026-08-11 05:31:10
CGK,arrivals,2026-08-10,07:25,07:05,QG911,CTV911,KNO,Medan Kuala Namu International Airport,Citilink,QG,A320,Airbus A320-214,PK-GQG,Landed 07:05,2026-08-11 05:31:10
CGK,arrivals,2026-08-10,07:25,06:56,QG439,CTV439,BPN,Balikpapan Sepinggan Airport,Citilink,QG,A320,Airbus A320-214,PK-GQD,Landed 06:56,2026-08-11 05:31:10
CGK,arrivals,2026-08-10,07:30,07:17,GA401,GIA401,DPS,Denpasar Ngurah Rai International Airport,Garuda Indonesia,GA,B738,Boeing 737-8U3,PK-GFW,Landed 07:17,2026-08-11 05:31:10
CGK,arrivals,2026-08-10,07:30,07:03,QR958,QTR958,DOH,Doha Hamad International Airport,Qatar Airways,QR,A359,Airbus A350-941,A7-ALQ,Landed 07:03,2026-08-11 05:31:10
CGK,arrivals,2026-08-10,07:35,07:25,QG345,CTV345,UPG,Makassar Sultan Hasanuddin International Airport,Citilink,QG,A320,Airbus A320-214,PK-GLV,Landed 07:25,2026-08-11 05:31:10
CGK,arrivals,2026-08-10,07:35,07:22,GA561,GIA561,BPN,Balikpapan Sepinggan Airport,Garuda Indonesia,GA,B738,Boeing 737-8SH,PK-GUJ,Landed 07:22,2026-08-11 05:31:10
CGK,arrivals,2026-08-10,07:35,07:16,SV816,SVA816,JED,Jeddah King Abdulaziz International Airport,Saudia,SV,B77W,Boeing 777-368(ER),HZ-AK18,Landed 07:16,2026-08-11 05:31:10
CGK,arrivals,2026-08-10,07:40,07:22,IP213,PAS213,SUB,Surabaya Juanda International Airport,Pelita Air,IP,A320,Airbus A320-214,PK-PWP,Landed 07:22,2026-08-11 05:31:10
CGK,arrivals,2026-08-10,07:40,07:32,ID6265,BTK6265,UPG,Makassar Sultan Hasanuddin International Airport,Batik Air,ID,A320,Airbus A320-214,PK-BKP,Landed 07:32,2026-08-11 05:31:10
CGK,arrivals,2026-08-10,07:40,07:27,GA101,GIA101,PLM,Palembang International Airport,Garuda Indonesia,GA,B738,Boeing 737-8U3,PK-GNC,Landed 07:27,2026-08-11 05:31:10
CGK,arrivals,2026-08-10,07:45,07:34,IP329,PAS329,PKU,Pekanbaru Sultan Syarif Kasim II Airport,Pelita Air,IP,A320,Airbus A320-214,PK-PWO,Landed 07:34,2026-08-11 05:31:10
CGK,arrivals,2026-08-10,07:45,07:46,IU919,SJV919,PKU,Pekanbaru Sultan Syarif Kasim II Airport,Super Air Jet,IU,A320,Airbus A320-232,PK-STF,Landed 07:46,2026-08-11 05:31:10
CGK,arrivals,2026-08-10,07:45,,ID6864,,UPG,Makassar Sultan Hasanuddin International Airport,Batik Air,ID,32A,,,Unknown,2026-08-11 05:31:10
CGK,arrivals,2026-08-10,07:50,07:36,QZ809,AWQ809,DPS,Denpasar Ngurah Rai International Airport,AirAsia,AK,A320,Airbus A320-216,PK-AZK,Landed 07:36,2026-08-11 05:31:10
CGK,arrivals,2026-08-10,07:50,07:42,IU691,SJV691,PNK,Pontianak Supadio Airport,Super Air Jet,IU,A320,Airbus A320-232,PK-SAW,Landed 07:42,2026-08-11 05:31:10
CGK,arrivals,2026-08-10,07:50,07:30,GA533,GIA533,BDJ,Banjarmasin Syamsudin Noor Airport,Garuda Indonesia (Retro 1960 Livery),GA,B738,Boeing 737-8U3,PK-GFM,Landed 07:30,2026-08-11 05:31:10
CGK,arrivals,2026-08-10,07:55,07:49,JT353,LNI353,PDG,Padang Minangkabau International Airport,Lion Air (Bookcabin Livery),JT,B738,Boeing 737-8GP,PK-LJY,Landed 07:49,2026-08-11 05:31:10
CGK,arrivals,2026-08-10,07:55,07:52,JT241,LNI241,TKG,Bandar Lampung Radin Inten II Airport,Lion Air,JT,B738,Boeing 737-8GP,PK-LKQ,Landed 07:52,2026-08-11 05:31:10
CGK,arrivals,2026-08-10,07:55,,IU625,,BDJ,Banjarmasin Syamsudin Noor Airport,Super Air Jet,IU,320,,,Canceled,2026-08-11 05:31:10
CGK,arrivals,2026-08-10,07:55,07:43,ID6885,BTK6885,KNO,Medan Kuala Namu International Airport,Batik Air,ID,A320,Airbus A320-214,PK-BKU,Landed 07:43,2026-08-11 05:31:10
CGK,arrivals,2026-08-10,08:00,,QZ807,,DPS,Denpasar Ngurah Rai International Airport,Indonesia AirAsia,QZ,320,,,Unknown,2026-08-11 05:31:10
CGK,arrivals,2026-08-10,08:00,07:40,QG937,CTV937,PKU,Pekanbaru Sultan Syarif Kasim II Airport,Citilink,QG,A320,Airbus A320-214,PK-GLG,Landed 07:40,2026-08-11 05:31:10
CGK,arrivals,2026-08-10,08:00,07:47,OD398,MXD398,KUL,Kuala Lumpur International Airport,Batik Air,ID,B738,Boeing 737-8GP,9M-LNR,Landed 07:47,2026-08-11 05:31:10
CGK,arrivals,2026-08-10,08:05,07:57,GA73,GIA073,TKG,Bandar Lampung Radin Inten II Airport,Garuda Indonesia,GA,B738,Boeing 737-8U3,PK-GFD,Landed 07:57,2026-08-11 05:31:10
CGK,arrivals,2026-08-10,08:05,07:54,AK380,AXM380,KUL,Kuala Lumpur International Airport,AirAsia,AK,A320,Airbus A320-216,9M-AQE,Landed 07:54,2026-08-11 05:31:10
CGK,arrivals,2026-08-10,08:10,08:00,ID7369,BTK7369,SRG,Semarang Achmad Yani International Airport,Batik Air,ID,A320,Airbus A320-214,PK-LUU,Landed 08:00,2026-08-11 05:31:10
CGK,arrivals,2026-08-10,08:10,,ID6804,,SRG,Semarang Achmad Yani International Airport,Batik Air,ID,32A,,,Unknown,2026-08-11 05:31:10
CGK,arrivals,2026-08-10,08:15,08:05,QG301,CTV301,MDC,Manado Sam Ratulangi International Airport,Citilink,QG,A20N,Airbus A320-251N,PK-GTA,Landed 08:05,2026-08-11 05:31:10
CGK,arrivals,2026-08-10,08:15,07:54,GA207,GIA207,YIA,Yogyakarta International Airport,Garuda Indonesia,GA,B738,Boeing 737-81M,PK-GUA,Landed 07:54,2026-08-11 05:31:10
CGK,arrivals,2026-08-10,08:20,08:13,GA231,GIA231,SRG,Semarang Achmad Yani International Airport,Garuda Indonesia,GA,B738,Boeing 737-8U3,PK-GNE,Landed 08:13,2026-08-11 05:31:10
CGK,arrivals,2026-08-10,08:25,08:40,SQ952,SIA952,SIN,Singapore Changi Airport,Singapore Airlines,SQ,A359,Airbus A350-941,9V-SMI,Landed 08:40,2026-08-11 05:31:10
CGK,arrivals,2026-08-10,08:25,08:44,QG905,CTV905,TKG,Bandar Lampung Radin Inten II Airport,Citilink,QG,A320,Airbus A320-214,PK-GQJ,Landed 08:44,2026-08-11 05:31:10
CGK,arrivals,2026-08-10,08:25,08:02,QG775,CTV775,YIA,Yogyakarta International Airport,Citilink,QG,A320,Airbus A320-214,PK-GQS,Landed 08:02,2026-08-11 05:31:10
CGK,arrivals,2026-08-10,08:25,08:12,MH713,MAS713,KUL,Kuala Lumpur International Airport,Malaysia Airlines,MH,B38M,Boeing 737 MAX 8,9M-MVD,Landed 08:12,2026-08-11 05:31:10
CGK,arrivals,2026-08-10,08:25,07:37,JT209,LNI209,KNO,Medan Kuala Namu International Airport,Lion Air,JT,B739,Boeing 737-9GP(ER),PK-LHP,Landed 07:37,2026-08-11 05:31:10
CGK,arrivals,2026-08-10,08:25,,JT170,,KNO,Medan Kuala Namu International Airport,Lion Air,JT,738,,,Unknown,2026-08-11 05:31:10
CGK,arrivals,2026-08-10,08:25,08:08,ID6375,BTK6375,SOC,Surakarta Adisumarmo International Airport,Batik Air,ID,A320,Airbus A320-214,PK-LUW,Landed 08:08,2026-08-11 05:31:10
CGK,arrivals,2026-08-10,08:25,08:10,ID6561,BTK6561,PLW,Palu Mutiara Airport,Batik Air,ID,A320,Airbus A320-214,PK-BLD,Landed 08:10,2026-08-11 05:31:10
CGK,arrivals,2026-08-10,08:25,08:19,GA183,GIA183,KNO,Medan Kuala Namu International Airport,Garuda Indonesia,GA,B738,Boeing 737-8U3,PK-GMI,Landed 08:19,2026-08-11 05:31:10
CGK,arrivals,2026-08-10,08:30,08:26,QG603,CTV603,KOE,Kupang El Tari Airport,Citilink,QG,A320,Airbus A320-214,PK-GLT,Landed 08:26,2026-08-11 05:31:10
CGK,arrivals,2026-08-10,08:30,08:29,QG413,CTV413,PNK,Pontianak Supadio Airport,Citilink,QG,A320,Airbus A320-214,PK-GLX,Landed 08:29,2026-08-11 05:31:10
CGK,arrivals,2026-08-10,08:30,08:15,GA403,GIA403,DPS,Denpasar Ngurah Rai International Airport,Garuda Indonesia (Ayo Pakai Masker Livery),GA,B738,Boeing 737-81D,PK-GFQ,Landed 08:15,2026-08-11 05:31:10
CGK,arrivals,2026-08-10,08:40,08:24,ID6201,BTK6201,PKY,Palangkaraya Tjilik Riwut Airport,Batik Air,ID,A320,Airbus A320-214,PK-LUG,Landed 08:24,2026-08-11 05:31:10
CGK,arrivals,2026-08-10,08:40,08:33,GA623,GIA623,PLW,Palu Mutiara Airport,Garuda Indonesia,GA,B738,Boeing 737-8U3,PK-GNR,Landed 08:33,2026-08-11 05:31:10
CGK,arrivals,2026-08-10,08:40,08:20,GA305,GIA305,SUB,Surabaya Juanda International Airport,Garuda Indonesia,GA,B738,Boeing 737-81M,PK-GUC,Landed 08:20,2026-08-11 05:31:10
CGK,arrivals,2026-08-10,08:45,08:25,TR274,TGW274,SIN,Singapore Changi Airport,Scoot,TR,A20N,Airbus A320-271N,9V-TNM,Landed 08:25,2026-08-11 05:31:10
CGK,arrivals,2026-08-10,08:45,08:52,ID6863,BTK6863,BTH,Batam Hang Nadim Airport,Batik Air,ID,B738,Boeing 737-8GP,PK-LBS,Landed 08:52,2026-08-11 05:31:10
CGK,arrivals,2026-08-10,08:45,08:18,GA617,GIA617,UPG,Makassar Sultan Hasanuddin International Airport,Garuda Indonesia,GA,B738,Boeing 737-8U3,PK-GMA,Landed 08:18,2026-08-11 05:31:10
CGK,arrivals,2026-08-10,08:50,,ID6803,,DJB,Jambi Sultan Thaha Airport,Batik Air,ID,32A,,,Unknown,2026-08-11 05:31:10
CGK,arrivals,2026-08-10,08:50,09:02,SJ55,SJY055,TJQ,Tanjung Pandan Buluh Tumbang Airport,BBN Airlines Indonesia,0B,B738,Boeing 737-8BK,PK-BBF,Landed 09:02,2026-08-11 05:31:10
CGK,arrivals,2026-08-10,08:50,08:31,QG981,CTV981,PLM,Palembang International Airport,Citilink (Tiket.com Livery),QG,A320,Airbus A320-214,PK-GLW,Landed 08:31,2026-08-11 05:31:10
CGK,arrivals,2026-08-10,08:50,08:35,JT889,LNI889,AMQ,Ambon Pattimura Airport,Lion Air,JT,B739,Boeing 737-9GP(ER),PK-LSK,Landed 08:35,2026-08-11 05:31:10
CGK,arrivals,2026-08-10,08:55,,JT3335,,PLM,Palembang International Airport,Lion Air,JT,739,,,Canceled,2026-08-11 05:31:10
CGK,arrivals,2026-08-10,08:55,08:57,IU801,SJV801,TKG,Bandar Lampung Radin Inten II Airport,Super Air Jet,IU,A320,Airbus A320-232,PK-SJT,Landed 08:57,2026-08-11 05:31:10
CGK,arrivals,2026-08-10,08:55,08:42,ID6541,BTK6541,KOE,Kupang El Tari Airport,Batik Air,ID,A320,Airbus A320-233,PK-BKG,Landed 08:42,2026-08-11 05:31:10
CGK,arrivals,2026-08-10,08:55,08:39,GA551,GIA551,PKY,Palangkaraya Tjilik Riwut Airport,Garuda Indonesia,GA,B738,Boeing 737-8U3,PK-GFP,Landed 08:39,2026-08-11 05:31:10
CGK,arrivals,2026-08-10,09:00,08:47,ID6271,BTK6271,MDC,Manado Sam Ratulangi International Airport,Batik Air,ID,B738,Boeing 737-8GP,PK-LBK,Landed 08:47,2026-08-11 05:31:10
CGK,arrivals,2026-08-10,09:00,08:37,3Y923,MYU923,SIN,Singapore Changi Airport,My Indo Airlines,3Y,B733,Boeing 737-39K(SF),PK-MYC,Landed 08:37,2026-08-11 05:31:10
CGK,arrivals,2026-08-10,09:00,08:48,JT21,LNI021,DPS,Denpasar Ngurah Rai International Airport,Lion Air,JT,B39M,Boeing 737 MAX 9,PK-LRH,Landed 08:48,2026-08-11 05:31:10
CGK,arrivals,2026-08-10,09:05,09:10,QZ179,AWQ179,TKG,Bandar Lampung Radin Inten II Airport,AirAsia (Colours of Indonesia Livery),AK,A320,Airbus A320-216,PK-AXD,Landed 09:10,2026-08-11 05:31:10
CGK,arrivals,2026-08-10,09:05,09:23,IU683,SJV683,PNK,Pontianak Supadio Airport,Super Air Jet,IU,A320,Airbus A320-232,PK-SJP,Landed 09:23,2026-08-11 05:31:10
CGK,arrivals,2026-08-10,09:05,09:27,ID6369,BTK6369,YIA,Yogyakarta International Airport,Batik Air,ID,A320,Airbus A320-232,PK-BKO,Landed 09:27,2026-08-11 05:31:10
CGK,arrivals,2026-08-10,09:10,08:44,QG175,CTV175,SUB,Surabaya Juanda International Airport,Citilink,QG,A320,Airbus A320-214,PK-GLL,Landed 08:44,2026-08-11 05:31:10
CGK,arrivals,2026-08-10,09:10,08:55,JT693,LNI693,SUB,Surabaya Juanda International Airport,Lion Air,JT,B739,Boeing 737-9GP(ER),PK-LQT,Landed 08:55,2026-08-11 05:31:10
CGK,arrivals,2026-08-10,09:10,,JT176,,SUB,Surabaya Juanda International Airport,Lion Air,JT,739,,,Unknown,2026-08-11 05:31:10
CGK,arrivals,2026-08-10,09:15,09:14,QG211,CTV211,AMQ,Ambon Pattimura Airport,Citilink,QG,A320,Airbus A320-214,PK-GQA,Landed 09:14,2026-08-11 05:31:10
CGK,arrivals,2026-08-10,09:20,,QZ803,,DPS,Denpasar Ngurah Rai International Airport,Indonesia AirAsia,QZ,320,,,Unknown,2026-08-11 05:31:10
CGK,arrivals,2026-08-10,09:25,08:59,QG941,CTV941,BTH,Batam Hang Nadim Airport,Citilink,QG,A320,Airbus A320-214,PK-GLU,Landed 08:59,2026-08-11 05:31:10
CGK,arrivals,2026-08-10,09:25,,JT393,,PKU,Pekanbaru Sultan Syarif Kasim II Airport,Lion Air,JT,738,,,Canceled,2026-08-11 05:31:10
CGK,arrivals,2026-08-10,09:25,09:13,IU899,SJV899,KNO,Medan Kuala Namu International Airport,Super Air Jet,IU,A320,Airbus A320-232,PK-SJC,Landed 09:13,2026-08-11 05:31:10
CGK,arrivals,2026-08-10,09:30,09:38,8B5162,TNU5162,LOP,Lombok International Airport,TransNusa,8B,A320,Airbus A320-214,PK-TLD,Landed 09:38,2026-08-11 05:31:10
CGK,arrivals,2026-08-10,09:30,,IU817,,PDG,Padang Minangkabau International Airport,Super Air Jet,IU,320,,,Canceled,2026-08-11 05:31:10
CGK,arrivals,2026-08-10,09:30,09:07,AK1573,AXM1573,PEN,Penang International Airport,AirAsia,AK,A320,Airbus A320-216,9M-AQQ,Landed 09:07,2026-08-11 05:31:10
CGK,arrivals,2026-08-10,09:35,11:16,IU821,SJV821,PGK,Pangkal Pinang Depati Amir Airport,Super Air Jet,IU,A320,Airbus A320-232,PK-SGD,Landed 11:16,2026-08-11 05:31:10
CGK,arrivals,2026-08-10,09:35,09:03,ID6743,BTK6743,MDC,Manado Sam Ratulangi International Airport,Batik Air,ID,B738,Boeing 737-8GP,PK-LBW,Landed 09:03,2026-08-11 05:31:10
CGK,arrivals,2026-08-10,09:35,09:20,ID6203,BTK6203,PKN,Pangkalan Bun Iskandar Airport,Batik Air,ID,A320,Airbus A320-214,PK-LUH,Landed 09:20,2026-08-11 05:31:10
CGK,arrivals,2026-08-10,09:35,09:35,GA649,GIA649,TTE,Ternate Babullah Airport,Garuda Indonesia,GA,B738,Boeing 737-8U3,PK-GNM,Landed 09:35,2026-08-11 05:31:10
CGK,arrivals,2026-08-10,09:40,09:17,ID6723,BTK6723,KDI,Kendari Haluoleo Airport,Batik Air,ID,A320,Airbus A320-214,PK-LAL,Landed 09:17,2026-08-11 05:31:10
CGK,arrivals,2026-08-10,09:40,09:25,QZ201,AWQ201,KUL,Kuala Lumpur International Airport,AirAsia,AK,A320,Airbus A320-216,PK-AZO,Landed 09:25,2026-08-11 05:31:10
CGK,arrivals,2026-08-10,09:40,09:36,QG331,CTV331,KDI,Kendari Haluoleo Airport,Citilink,QG,A320,Airbus A320-214,PK-GQF,Landed 09:36,2026-08-11 05:31:10
CGK,arrivals,2026-08-10,09:40,09:24,GA607,GIA607,MDC,Manado Sam Ratulangi International Airport,Garuda Indonesia,GA,B738,Boeing 737-8U3,PK-GNG,Landed 09:24,2026-08-11 05:31:10
CGK,arrivals,2026-08-10,09:45,,IU851,,BTH,Batam Hang Nadim Airport,Super Air Jet,IU,320,,,Canceled,2026-08-11 05:31:10
CGK,arrivals,2026-08-10,09:50,09:32,QG939,CTV939,PKU,Pekanbaru Sultan Syarif Kasim II Airport,Citilink (Tiket.com Livery),QG,A320,Airbus A320-214,PK-GLZ,Landed 09:32,2026-08-11 05:31:10
CGK,arrivals,2026-08-10,09:50,09:54,GA993,GIA993,JED,Jeddah King Abdulaziz International Airport,Garuda Indonesia (Ayo Pakai Masker Livery),GA,A333,Airbus A330-343,PK-GHC,Landed 09:54,2026-08-11 05:31:10
CGK,arrivals,2026-08-10,09:55,09:45,SQ956,SIA956,SIN,Singapore Changi Airport,Singapore Airlines,SQ,A359,Airbus A350-941,9V-SMN,Landed 09:45,2026-08-11 05:31:10
CGK,arrivals,2026-08-10,09:55,09:43,IU607,SJV607,BPN,Balikpapan Sepinggan Airport,Super Air Jet,IU,A320,Airbus A320-232,PK-SAH,Landed 09:43,2026-08-11 05:31:10
CGK,arrivals,2026-08-10,09:55,09:38,IP311,PAS311,PLM,Palembang International Airport,Pelita Air,IP,A320,Airbus A320-214,PK-PWC,Landed 09:38,2026-08-11 05:31:10
CGK,arrivals,2026-08-10,09:55,10:07,ID6899,BTK6899,BTJ,Banda Aceh International Airport,Batik Air,ID,A320,Airbus A320-232,PK-BKR,Landed 10:07,2026-08-11 05:31:10
CGK,arrivals,2026-08-10,10:00,09:46,8B5105,TNU5105,DPS,Denpasar Ngurah Rai International Airport,TransNusa,8B,A320,Airbus A320-214,PK-TLP,Landed 09:46,2026-08-11 05:31:07
CGK,arrivals,2026-08-10,10:00,10:04,8B676,TNU676,KUL,Kuala Lumpur International Airport,TransNusa,8B,A321,Airbus A321-211,PK-TLG,Landed 10:04,2026-08-11 05:31:07
CGK,arrivals,2026-08-10,10:00,11:10,IU871,SJV871,PLM,Palembang International Airport,Super Air Jet,IU,A320,Airbus A320-232,PK-SAW,Landed 11:10,2026-08-11 05:31:07
CGK,arrivals,2026-08-10,10:00,09:48,IU697,SJV697,PNK,Pontianak Supadio Airport,Super Air Jet,IU,A320,Airbus A320-232,PK-SJW,Landed 09:48,2026-08-11 05:31:07
CGK,arrivals,2026-08-10,10:00,,ID6710,,SUB,Surabaya Juanda International Airport,Batik Air,ID,32A,,,Unknown,2026-08-11 05:31:07
CGK,arrivals,2026-08-10,10:00,09:41,ID6573,BTK6573,SUB,Surabaya Juanda International Airport,Batik Air,ID,A320,Airbus A320-214,PK-BKY,Landed 09:41,2026-08-11 05:31:07
CGK,arrivals,2026-08-10,10:00,09:31,GA323,GIA323,SUB,Surabaya Juanda International Airport,Garuda Indonesia,GA,B738,Boeing 737-8SH,PK-GUD,Landed 09:31,2026-08-11 05:31:07
CGK,arrivals,2026-08-10,10:00,09:51,GA981,GIA981,JED,Jeddah King Abdulaziz International Airport,Garuda Indonesia (Retro Livery),GA,B77W,Boeing 777-3U3(ER),PK-GIK,Landed 09:51,2026-08-11 05:31:07
CGK,arrivals,2026-08-10,10:10,09:57,JT647,LNI647,LOP,Lombok International Airport,Lion Air,JT,B739,Boeing 737-9GP(ER),PK-LHR,Landed 09:57,2026-08-11 05:31:07
CGK,arrivals,2026-08-10,10:10,10:00,ID8390,BTK8390,KUL,Kuala Lumpur International Airport,Batik Air,ID,A320,Airbus A320-232,PK-BLB,Landed 10:00,2026-08-11 05:31:07
CGK,arrivals,2026-08-10,10:10,09:48,GA683,GIA683,SOQ,Sorong Dominique Edward Osok Airport,Garuda Indonesia,GA,B738,Boeing 737-8U3,PK-GMY,Landed 09:48,2026-08-11 05:31:07
CGK,arrivals,2026-08-10,10:15,10:02,MH711,MAS711,KUL,Kuala Lumpur International Airport,Malaysia Airlines,MH,B38M,Boeing 737 MAX 8,9M-MVL,Landed 10:02,2026-08-11 05:31:07
CGK,arrivals,2026-08-10,10:15,10:10,IU803,SJV803,TJQ,Tanjung Pandan Buluh Tumbang Airport,Super Air Jet,IU,A320,Airbus A320-232,PK-STR,Landed 10:10,2026-08-11 05:31:07
CGK,arrivals,2026-08-10,10:15,10:38,IU629,SJV629,BDJ,Banjarmasin Syamsudin Noor Airport,Super Air Jet,IU,A320,Airbus A320-232,PK-STS,Landed 10:38,2026-08-11 05:31:07
CGK,arrivals,2026-08-10,10:15,10:22,ID6141,BTK6141,TTE,Ternate Babullah Airport,Batik Air,ID,A320,Airbus A320-214,PK-LZH,Landed 10:22,2026-08-11 05:31:07
CGK,arrivals,2026-08-10,10:20,,3U9015,,TFU,Chengdu Tianfu International Airport,Sichuan Airlines,3U,33F,,,Unknown,2026-08-11 05:31:07
CGK,arrivals,2026-08-10,10:20,09:57,QG961,CTV961,DJB,Jambi Sultan Thaha Airport,Citilink,QG,A320,Airbus A320-214,PK-GQM,Landed 09:57,2026-08-11 05:31:07
CGK,arrivals,2026-08-10,10:20,10:00,ID6431,BTK6431,BEJ,Kalimarau Airport,Batik Air,ID,A320,Airbus A320-214,PK-LUZ,Landed 10:00,2026-08-11 05:31:07
CGK,arrivals,2026-08-10,10:25,10:22,JT201,LNI201,KNO,Medan Kuala Namu International Airport,Lion Air,JT,B39M,Boeing 737 MAX 9,PK-LRI,Landed 10:22,2026-08-11 05:31:07
CGK,arrivals,2026-08-10,10:25,10:07,IP201,PAS201,SUB,Surabaya Juanda International Airport,Pelita Air,IP,A320,Airbus A320-214,PK-PWG,Landed 10:07,2026-08-11 05:31:07
CGK,arrivals,2026-08-10,10:30,10:42,QZ807,AWQ807,DPS,Denpasar Ngurah Rai International Airport,AirAsia,AK,A320,Airbus A320-216,PK-AZL,Landed 10:42,2026-08-11 05:31:07
CGK,arrivals,2026-08-10,10:30,10:14,QG953,CTV953,PDG,Padang Minangkabau International Airport,Citilink,QG,A320,Airbus A320-214,PK-GQP,Landed 10:14,2026-08-11 05:31:07
CGK,arrivals,2026-08-10,10:30,,JT3871,,UPG,Makassar Sultan Hasanuddin International Airport,Lion Air,JT,738,,,Unknown,2026-08-11 05:31:07
CGK,arrivals,2026-08-10,10:30,,JT2891,,UPG,Makassar Sultan Hasanuddin International Airport,Lion Air,JT,738,,,Unknown,2026-08-11 05:31:07
CGK,arrivals,2026-08-10,10:30,,JT991,,UPG,Makassar Sultan Hasanuddin International Airport,Lion Air,JT,739,,,Unknown,2026-08-11 05:31:07
CGK,arrivals,2026-08-10,10:30,10:17,JT871,LNI871,UPG,Makassar Sultan Hasanuddin International Airport,Lion Air,JT,B738,Boeing 737-8GP,PK-LOI,Landed 10:17,2026-08-11 05:31:07
CGK,arrivals,2026-08-10,10:30,10:04,ID6243,BTK6243,GTO,Gorontalo Jalaluddin Airport,Batik Air,ID,B738,Boeing 737-8GP,PK-LZV,Landed 10:04,2026-08-11 05:31:07
CGK,arrivals,2026-08-10,10:30,10:12,GA153,GIA153,BTH,Batam Hang Nadim Airport,Garuda Indonesia (From Nature to Future Livery),GA,B738,Boeing 737-8U3,PK-GFX,Landed 10:12,2026-08-11 05:31:07
CGK,arrivals,2026-08-10,10:35,10:19,QG739,CTV739,SUB,Surabaya Juanda International Airport,Citilink,QG,A320,Airbus A320-214,PK-GQO,Landed 10:19,2026-08-11 05:31:07
CGK,arrivals,2026-08-10,10:35,10:19,GA825,GIA825,SIN,Singapore Changi Airport,Garuda Indonesia,GA,B738,Boeing 737-8U3,PK-GMV,Landed 10:19,2026-08-11 05:31:07
CGK,arrivals,2026-08-10,10:40,10:17,QG973,CTV973,PGK,Pangkal Pinang Depati Amir Airport,Citilink,QG,A320,Airbus A320-214,PK-GQE,Landed 10:17,2026-08-11 05:31:07
CGK,arrivals,2026-08-10,10:40,10:25,IP351,PAS351,PDG,Padang Minangkabau International Airport,Pelita Air,IP,A320,Airbus A320-214,PK-PWJ,Landed 10:25,2026-08-11 05:31:07
CGK,arrivals,2026-08-10,10:45,,RI331,,PLW,Palu Mutiara Airport,Rimbun Air,RI,73Y,,,Unknown,2026-08-11 05:31:07
CGK,arrivals,2026-08-10,10:45,10:39,QG883,CTV883,KNO,Medan Kuala Namu International Airport,Citilink,QG,A320,Airbus A320-214,PK-GLY,Landed 10:39,2026-08-11 05:31:07
CGK,arrivals,2026-08-10,10:45,10:27,QG841,CTV841,BTH,Batam Hang Nadim Airport,Citilink,QG,A320,Airbus A320-214,PK-GQH,Landed 10:27,2026-08-11 05:31:07
CGK,arrivals,2026-08-10,10:45,10:36,IU907,SJV907,PDG,Padang Minangkabau International Airport,Super Air Jet (Xpora Livery),IU,A320,Airbus A320-232,PK-SAE,Landed 10:36,2026-08-11 05:31:07
CGK,arrivals,2026-08-10,10:45,10:24,GA107,GIA107,PLM,Palembang International Airport,Garuda Indonesia,GA,B738,Boeing 737-8U3,PK-GUG,Landed 10:24,2026-08-11 05:31:07
CGK,arrivals,2026-08-10,10:50,14:45,GA235,GIA235,SRG,Semarang Achmad Yani International Airport,Garuda Indonesia,GA,B738,Boeing 737-8SA,PK-GUH,Landed 14:45,2026-08-11 05:31:07
CGK,arrivals,2026-08-10,10:55,10:32,TR276,TGW276,SIN,Singapore Changi Airport,Scoot,TR,A20N,Airbus A320-271N,9V-TNH,Landed 10:32,2026-08-11 05:31:07
CGK,arrivals,2026-08-10,10:55,10:49,IP321,PAS321,PKU,Pekanbaru Sultan Syarif Kasim II Airport,Pelita Air,IP,A320,Airbus A320-214,PK-PWQ,Landed 10:49,2026-08-11 05:31:07
CGK,arrivals,2026-08-10,10:55,,IP141,,LOP,Lombok International Airport,Pelita Air,IP,320,,,Unknown,2026-08-11 05:31:07
CGK,arrivals,2026-08-10,11:00,11:04,8B632,TNU632,PEN,Penang International Airport,TransNusa,8B,A321,Airbus A321-211,PK-TLM,Landed 11:04,2026-08-11 05:31:07
CGK,arrivals,2026-08-10,11:00,10:49,ID7540,BTK7540,YIA,Yogyakarta International Airport,Batik Air,ID,A320,Airbus A320-214,PK-BLC,Landed 10:49,2026-08-11 05:31:07
CGK,arrivals,2026-08-10,11:00,,ID6800,,YIA,Yogyakarta International Airport,Batik Air,ID,32A,,,Unknown,2026-08-11 05:31:07
CGK,arrivals,2026-08-10,11:05,10:55,QG763,CTV763,SOC,Surakarta Adisumarmo International Airport,Citilink,QG,A320,Airbus A320-214,PK-GQG,Landed 10:55,2026-08-11 05:31:07
CGK,arrivals,2026-08-10,11:05,10:42,QG523,CTV523,SIN,Singapore Changi Airport,Citilink,QG,A320,Airbus A320-214,PK-GQQ,Landed 10:42,2026-08-11 05:31:07
CGK,arrivals,2026-08-10,11:05,10:45,GA535,GIA535,BDJ,Banjarmasin Syamsudin Noor Airport,Garuda Indonesia,GA,B738,Boeing 737-8H6,PK-GUL,Landed 10:45,2026-08-11 05:31:07
CGK,arrivals,2026-08-10,11:10,10:54,QZ725,AWQ725,DTB,Siborong-Borong Silangit Airport,AirAsia,AK,A320,Airbus A320-214,PK-AZA,Landed 10:54,2026-08-11 05:31:07
CGK,arrivals,2026-08-10,11:10,10:29,QZ243,AWQ243,JHB,Johor Bahru Senai International Airport,AirAsia (Lombok Livery),AK,A320,Airbus A320-216,PK-AXU,Landed 10:29,2026-08-11 05:31:07
CGK,arrivals,2026-08-10,11:10,11:19,ID6229,BTK6229,PNK,Pontianak Supadio Airport,Batik Air,ID,A320,Airbus A320-214,PK-LAJ,Landed 11:19,2026-08-11 05:31:07
CGK,arrivals,2026-08-10,11:10,10:58,GA163,GIA163,PDG,Padang Minangkabau International Airport,Garuda Indonesia (Livin' by Mandiri Livery),GA,B738,Boeing 737-86N,PK-GFI,Landed 10:58,2026-08-11 05:31:07
CGK,arrivals,2026-08-10,11:15,11:11,8B5101,TNU5101,DPS,Denpasar Ngurah Rai International Airport,TransNusa,8B,A320,Airbus A320-214,PK-TLO,Landed 11:11,2026-08-11 05:31:07
CGK,arrivals,2026-08-10,11:15,11:14,QG995,CTV995,TKG,Bandar Lampung Radin Inten II Airport,Citilink,QG,A320,Airbus A320-214,PK-GLT,Landed 11:14,2026-08-11 05:31:07
CGK,arrivals,2026-08-10,11:20,12:00,MH717,MAS717,KUL,Kuala Lumpur International Airport,Malaysia Airlines,MH,B738,Boeing 737-8H6,9M-MLO,Landed 12:00,2026-08-11 05:31:07
CGK,arrivals,2026-08-10,11:20,,IU835,,BKS,Bengkulu Fatmawati Soekarno Airport,Super Air Jet,IU,320,,,Canceled,2026-08-11 05:31:07
CGK,arrivals,2026-08-10,11:20,11:14,ID6267,BTK6267,UPG,Makassar Sultan Hasanuddin International Airport,Batik Air,ID,A320,Airbus A320-214,PK-LUP,Landed 11:14,2026-08-11 05:31:07
CGK,arrivals,2026-08-10,11:20,11:01,GA205,GIA205,YIA,Yogyakarta International Airport,Garuda Indonesia,GA,B738,Boeing 737-8U3,PK-GMD,Landed 11:01,2026-08-11 05:31:07
CGK,arrivals,2026-08-10,11:30,,CV7337,,LUX,Luxembourg Findel Airport,Cargolux,CV,74Y,,,Unknown,2026-08-11 05:31:07
CGK,arrivals,2026-08-10,11:30,,IU923,,PLM,Palembang International Airport,Super Air Jet,IU,320,,,Canceled,2026-08-11 05:31:07
CGK,arrivals,2026-08-10,11:35,11:56,TG433,THA433,BKK,Bangkok Suvarnabhumi Airport,Thai Airways,TG,A333,Airbus A330-343,HS-TEV,Landed 11:56,2026-08-11 05:31:07
CGK,arrivals,2026-08-10,11:35,11:24,IP807,PAS807,UPG,Makassar Sultan Hasanuddin International Airport,Pelita Air,IP,A320,Airbus A320-232,PK-PWL,Landed 11:24,2026-08-11 05:31:07
CGK,arrivals,2026-08-10,11:40,11:52,QZ223,AWQ223,PEN,Penang International Airport,AirAsia,AK,A320,Airbus A320-216,PK-AXT,Landed 11:52,2026-08-11 05:31:07
CGK,arrivals,2026-08-10,11:40,11:33,IU957,SJV957,DTB,Siborong-Borong Silangit Airport,Super Air Jet,IU,A320,Airbus A320-232,PK-STH,Landed 11:33,2026-08-11 05:31:07
CGK,arrivals,2026-08-10,11:40,12:48,IU763,SJV763,LOP,Lombok International Airport,Super Air Jet,IU,A320,Airbus A320-232,PK-STC,Landed 12:48,2026-08-11 05:31:07
CGK,arrivals,2026-08-10,11:40,11:41,ID6585,BTK6585,SUB,Surabaya Juanda International Airport,Batik Air (Book Cabin Sticker),ID,A320,Airbus A320-214,PK-LAF,Landed 11:41,2026-08-11 05:31:07
CGK,arrivals,2026-08-10,11:40,,ID6820,,SUB,Surabaya Juanda International Airport,Batik Air,ID,32A,,,Unknown,2026-08-11 05:31:07
CGK,arrivals,2026-08-10,11:40,11:58,GA645,GIA645,GTO,Gorontalo Jalaluddin Airport,Garuda Indonesia (Pokémon Livery),GA,B738,Boeing 737-8U3,PK-GMU,Landed 11:58,2026-08-11 05:31:07
CGK,arrivals,2026-08-10,11:45,11:29,QG885,CTV885,DTB,Siborong-Borong Silangit Airport,Citilink,QG,A320,Airbus A320-214,PK-GLN,Landed 11:29,2026-08-11 05:31:07
CGK,arrivals,2026-08-10,11:45,,JT171,,TKG,Bandar Lampung Radin Inten II Airport,Lion Air,JT,738,,,Canceled,2026-08-11 05:31:07
CGK,arrivals,2026-08-10,11:45,11:49,IU857,SJV857,BTH,Batam Hang Nadim Airport,Super Air Jet,IU,A320,Airbus A320-232,PK-SJA,Landed 11:49,2026-08-11 05:31:07
CGK,arrivals,2026-08-10,11:45,11:21,IP617,PAS617,BDJ,Banjarmasin Syamsudin Noor Airport,Pelita Air,IP,A320,Airbus A320-214,PK-PWH,Landed 11:21,2026-08-11 05:31:07
CGK,arrivals,2026-08-10,11:45,11:36,IP301,PAS301,KNO,Medan Kuala Namu International Airport,Pelita Air,IP,A320,Airbus A320-214,PK-PWE,Landed 11:36,2026-08-11 05:31:07
CGK,arrivals,2026-08-10,11:50,11:18,QZ815,AWQ815,DPS,Denpasar Ngurah Rai International Airport,AirAsia,AK,A320,Airbus A320-214,PK-AZH,Landed 11:18,2026-08-11 05:31:07
CGK,arrivals,2026-08-10,11:55,11:39,OD346,MXD346,SZB,Kuala Lumpur Subang Airport,Batik Air,ID,B738,Boeing 737-8GP,9M-LDU,Landed 11:39,2026-08-11 05:31:07
CGK,arrivals,2026-08-10,11:55,11:34,IU255,SJV255,PLW,Palu Mutiara Airport,Super Air Jet,IU,A320,Airbus A320-232,PK-SJR,Landed 11:34,2026-08-11 05:31:07
CGK,arrivals,2026-08-10,11:55,11:38,GA303,GIA303,SUB,Surabaya Juanda International Airport,Garuda Indonesia,GA,B738,Boeing 737-81D,PK-GFR,Landed 11:38,2026-08-11 05:31:07
CGK,arrivals,2026-08-10,12:00,12:22,QG723,CTV723,SUB,Surabaya Juanda International Airport,Citilink,QG,A320,Airbus A320-214,PK-GLV,Landed 12:22,2026-08-11 05:31:07
CGK,arrivals,2026-08-10,12:00,11:47,IP989,PAS989,SIN,Singapore Changi Airport,Pelita Air,IP,A320,Airbus A320-214,PK-PWK,Landed 11:47,2026-08-11 05:31:07
CGK,arrivals,2026-08-10,12:05,13:00,IU511,SJV511,BPN,Balikpapan Sepinggan Airport,Super Air Jet,IU,A320,Airbus A320-232,PK-SGA,Landed 13:00,2026-08-11 05:31:07
CGK,arrivals,2026-08-10,12:05,12:25,ID6857,BTK6857,PKU,Pekanbaru Sultan Syarif Kasim II Airport,Batik Air,ID,A320,Airbus A320-214,PK-BKT,Landed 12:25,2026-08-11 05:31:07
CGK,arrivals,2026-08-10,12:05,11:46,GA225,GIA225,SOC,Surakarta Adisumarmo International Airport,Garuda Indonesia,GA,B738,Boeing 737-8U3,PK-GNC,Landed 11:46,2026-08-11 05:31:07
CGK,arrivals,2026-08-10,12:10,11:49,QG773,CTV773,YIA,Yogyakarta International Airport,Citilink,QG,A320,Airbus A320-214,PK-GQS,Landed 11:49,2026-08-11 05:31:07
CGK,arrivals,2026-08-10,12:10,,IU813,,PDG,Padang Minangkabau International Airport,Super Air Jet,IU,320,,,Canceled,2026-08-11 05:31:07
CGK,arrivals,2026-08-10,12:10,12:03,IP811,PAS811,KDI,Kendari Haluoleo Airport,Pelita Air,IP,A320,Airbus A320-214,PK-PWD,Landed 12:03,2026-08-11 05:31:07
CGK,arrivals,2026-08-10,12:10,12:05,ID6805,BTK6805,DJB,Jambi Sultan Thaha Airport,Batik Air,ID,A320,Airbus A320-214,PK-LUU,Landed 12:05,2026-08-11 05:31:07
CGK,arrivals,2026-08-10,12:15,12:08,ID6181,BTK6181,DJJ,Jayapura Sentani Airport,Batik Air,ID,B738,Boeing 737-8GP,PK-LDK,Landed 12:08,2026-08-11 05:31:07
CGK,arrivals,2026-08-10,12:15,11:54,CZ3037,CSN3037,CAN,Guangzhou Baiyun International Airport,China Southern Airlines,CZ,A21N,Airbus A321-251NX,B-32PU,Landed 11:54,2026-08-11 05:31:07
CGK,arrivals,2026-08-10,12:20,11:51,IP203,PAS203,SUB,Surabaya Juanda International Airport,Pelita Air,IP,A320,Airbus A320-214,PK-PWP,Landed 11:51,2026-08-11 05:31:07
CGK,arrivals,2026-08-10,12:20,12:05,ID7154,BTK7154,SIN,Singapore Changi Airport,Batik Air,ID,A320,Airbus A320-214,PK-LAM,Landed 12:05,2026-08-11 05:31:07
CGK,arrivals,2026-08-10,12:20,12:12,GA431,GIA431,LOP,Lombok International Airport,Garuda Indonesia,GA,B738,Boeing 737-8BK,PK-GFG,Landed 12:12,2026-08-11 05:31:07
CGK,arrivals,2026-08-10,12:25,,SJ75,,PGK,Pangkal Pinang Depati Amir Airport,Sriwijaya Air,SJ,735,,,Unknown,2026-08-11 05:31:07
CGK,arrivals,2026-08-10,12:25,12:57,ID7010,BTK7010,KNO,Medan Kuala Namu International Airport,Batik Air,ID,A320,Airbus A320-232,PK-BLA,Landed 12:57,2026-08-11 05:31:07
CGK,arrivals,2026-08-10,12:25,,ID6861,,BTH,Batam Hang Nadim Airport,Batik Air,ID,32A,,,Canceled,2026-08-11 05:31:07
CGK,arrivals,2026-08-10,12:25,12:15,ID6567,BTK6567,MLG,Malang Abdul Rachman Saleh Airport,Batik Air,ID,A320,Airbus A320-214,PK-BKV,Landed 12:15,2026-08-11 05:31:07
CGK,arrivals,2026-08-10,12:30,,ID6709,,TKG,Bandar Lampung Radin Inten II Airport,Batik Air,ID,32A,,,Canceled,2026-08-11 05:31:07
CGK,arrivals,2026-08-10,12:30,12:02,8B152,TNU152,SIN,Singapore Changi Airport,TransNusa,8B,A321,Airbus A321-211,PK-TLK,Landed 12:02,2026-08-11 05:31:07
CGK,arrivals,2026-08-10,12:30,12:52,VJ855,VJC855,SGN,Ho Chi Minh City International Airport,VietJet Air,VJ,A21N,Airbus A321-271NX,VN-A552,Landed 12:52,2026-08-11 05:31:07
CGK,arrivals,2026-08-10,12:35,13:22,SJ73,SJY073,PGK,Pangkal Pinang Depati Amir Airport,BBN Airlines Indonesia,0B,B738,Boeing 737-8BK,PK-BBF,Landed 13:22,2026-08-11 05:31:04
CGK,arrivals,2026-08-10,12:35,12:32,QG985,CTV985,PLM,Palembang International Airport,Citilink,QG,A320,Airbus A320-214,PK-GLL,Landed 12:32,2026-08-11 05:31:04
CGK,arrivals,2026-08-10,12:35,11:43,MF867,CXA867,XMN,Xiamen Gaoqi International Airport,Xiamen Air,MF,B38M,Boeing 737 MAX 8,B-20EA,Landed 11:43,2026-08-11 05:31:07
CGK,arrivals,2026-08-10,12:35,12:28,JT697,LNI697,SUB,Surabaya Juanda International Airport,Lion Air (Bookcabin Livery),JT,B738,Boeing 737-8GP,PK-LJY,Landed 12:28,2026-08-11 05:31:07
CGK,arrivals,2026-08-10,12:35,12:28,GA127,GIA127,DJB,Jambi Sultan Thaha Airport,Garuda Indonesia,GA,B738,Boeing 737-8U3,PK-GFD,Landed 12:28,2026-08-11 05:31:07
CGK,arrivals,2026-08-10,12:40,12:42,IU371,SJV371,BWX,Blimbingsari Airport,Super Air Jet,IU,A320,Airbus A320-232,PK-STF,Landed 12:42,2026-08-11 05:31:04
CGK,arrivals,2026-08-10,12:40,12:22,GA175,GIA175,PKU,Pekanbaru Sultan Syarif Kasim II Airport,Garuda Indonesia,GA,B738,Boeing 737-8U3,PK-GMW,Landed 12:22,2026-08-11 05:31:04
CGK,arrivals,2026-08-10,12:40,12:39,AK351,AXM351,KUL,Kuala Lumpur International Airport,AirAsia,AK,A320,Airbus A320-214,9M-AHV,Landed 12:39,2026-08-11 05:31:04
CGK,arrivals,2026-08-10,12:45,12:31,GA611,GIA611,UPG,Makassar Sultan Hasanuddin International Airport,Garuda Indonesia,GA,B738,Boeing 737-86N,PK-GFJ,Landed 12:31,2026-08-11 05:31:04
CGK,arrivals,2026-08-10,12:50,12:37,IU797,SJV797,KOE,Kupang El Tari Airport,Super Air Jet,IU,A320,Airbus A320-232,PK-SAQ,Landed 12:37,2026-08-11 05:31:04
CGK,arrivals,2026-08-10,12:50,12:34,ID6351,BTK6351,SRG,Semarang Achmad Yani International Airport,Batik Air,ID,A320,Airbus A320-233,PK-BKG,Landed 12:34,2026-08-11 05:31:04
CGK,arrivals,2026-08-10,12:50,12:39,GA327,GIA327,SUB,Surabaya Juanda International Airport,Garuda Indonesia (Retro 1960 Livery),GA,B738,Boeing 737-8U3,PK-GFM,Landed 12:39,2026-08-11 05:31:04
CGK,arrivals,2026-08-10,12:50,12:35,GA185,GIA185,KNO,Medan Kuala Namu International Airport,Garuda Indonesia,GA,B738,Boeing 737-8SH,PK-GUE,Landed 12:35,2026-08-11 05:31:04
CGK,arrivals,2026-08-10,12:55,,IU513,,BPN,Balikpapan Sepinggan Airport,Super Air Jet,IU,320,,,Canceled,2026-08-11 05:31:04
CGK,arrivals,2026-08-10,12:55,,ID6818,,YIA,Yogyakarta International Airport,Batik Air,ID,32A,,,Unknown,2026-08-11 05:31:04
CGK,arrivals,2026-08-10,12:55,13:13,ID6379,BTK6379,YIA,Yogyakarta International Airport,Batik Air,ID,A320,Airbus A320-232,PK-BKO,Landed 13:13,2026-08-11 05:31:04
CGK,arrivals,2026-08-10,12:55,12:43,GA407,GIA407,DPS,Denpasar Ngurah Rai International Airport,Garuda Indonesia,GA,B738,Boeing 737-8U3,PK-GNA,Landed 12:43,2026-08-11 05:31:04
CGK,arrivals,2026-08-10,13:00,13:05,VN631,HVN631,SGN,Ho Chi Minh City International Airport,Vietnam Airlines,VN,A321,Airbus A321-231,VN-A605,Landed 13:05,2026-08-11 05:31:04
CGK,arrivals,2026-08-10,13:00,13:07,VJ929,VJC929,HAN,Hanoi Noi Bai International Airport,VietJet Air,VJ,A321,Airbus A321-211,VN-A684,Landed 13:07,2026-08-11 05:31:04
CGK,arrivals,2026-08-10,13:00,12:46,QG719,CTV719,SUB,Surabaya Juanda International Airport,Citilink,QG,A320,Airbus A320-214,PK-GLX,Landed 12:46,2026-08-11 05:31:04
CGK,arrivals,2026-08-10,13:00,12:50,QG447,CTV447,BPN,Balikpapan Sepinggan Airport,Citilink,QG,A320,Airbus A320-214,PK-GQD,Landed 12:50,2026-08-11 05:31:04
CGK,arrivals,2026-08-10,13:00,14:11,JT31,LNI031,DPS,Denpasar Ngurah Rai International Airport,Lion Air,JT,B739,Boeing 737-9GP(ER),PK-LSK,Landed 14:11,2026-08-11 05:31:04
CGK,arrivals,2026-08-10,13:05,,SJ61,,DJB,Jambi Sultan Thaha Airport,Sriwijaya Air,SJ,735,,,Unknown,2026-08-11 05:31:04
CGK,arrivals,2026-08-10,13:10,13:25,QG933,CTV933,PKU,Pekanbaru Sultan Syarif Kasim II Airport,Citilink,QG,A320,Airbus A320-214,PK-GQJ,Landed 13:25,2026-08-11 05:31:04
CGK,arrivals,2026-08-10,13:10,13:18,QG491,CTV491,BDJ,Banjarmasin Syamsudin Noor Airport,Citilink,QG,A20N,Airbus A320-251N,PK-GTA,Landed 13:18,2026-08-11 05:31:04
CGK,arrivals,2026-08-10,13:10,13:00,CX777,CPA777,HKG,Hong Kong International Airport,Cathay Pacific,CX,A333,Airbus A330-343,B-LBB,Landed 13:00,2026-08-11 05:31:04
CGK,arrivals,2026-08-10,13:15,13:10,QG913,CTV913,KNO,Medan Kuala Namu International Airport,Citilink,QG,A320,Airbus A320-214,PK-GLR,Landed 13:10,2026-08-11 05:31:04
CGK,arrivals,2026-08-10,13:15,12:55,QG753,CTV753,MLG,Malang Abdul Rachman Saleh Airport,Citilink (Tiket.com Livery),QG,A320,Airbus A320-214,PK-GLW,Landed 12:55,2026-08-11 05:31:04
CGK,arrivals,2026-08-10,13:15,,JT713,,PNK,Pontianak Supadio Airport,Lion Air,JT,738,,,Unknown,2026-08-11 05:31:04
CGK,arrivals,2026-08-10,13:15,13:06,ID7780,BTK7780,SOQ,Sorong Dominique Edward Osok Airport,Batik Air,ID,A320,Airbus A320-214,PK-LAZ,Landed 13:06,2026-08-11 05:31:04
CGK,arrivals,2026-08-10,13:20,13:33,QG971,CTV971,PGK,Pangkal Pinang Depati Amir Airport,Citilink,QG,A320,Airbus A320-214,PK-GQF,Landed 13:33,2026-08-11 05:31:04
CGK,arrivals,2026-08-10,13:20,12:55,IU831,SJV831,BKS,Bengkulu Fatmawati Soekarno Airport,Super Air Jet,IU,A320,Airbus A320-232,PK-SJT,Landed 12:55,2026-08-11 05:31:04
CGK,arrivals,2026-08-10,13:20,,IU823,,PGK,Pangkal Pinang Depati Amir Airport,Super Air Jet,IU,320,,,Canceled,2026-08-11 05:31:04
CGK,arrivals,2026-08-10,13:20,13:24,BR237,EVA237,TPE,Taipei Taoyuan International Airport,EVA Air,BR,B789,Boeing 787-9 Dreamliner,B-17890,Landed 13:24,2026-08-11 05:31:04
CGK,arrivals,2026-08-10,13:20,13:12,GA961,GIA961,MED,Medina Prince Mohammad bin Abdulaziz Airport,Garuda Indonesia,GA,B77W,Boeing 777-3U3(ER),PK-GIC,Landed 13:12,2026-08-11 05:31:04
CGK,arrivals,2026-08-10,13:25,13:11,ID6825,BTK6825,TNJ,Tanjung Pinang Raja Haji Fisabilillah Airport,Batik Air,ID,A320,Airbus A320-214,PK-LUG,Landed 13:11,2026-08-11 05:31:04
CGK,arrivals,2026-08-10,13:25,13:22,ID6339,BTK6339,SRG,Semarang Achmad Yani International Airport,Batik Air,ID,A320,Airbus A320-232,PK-BKM,Landed 13:22,2026-08-11 05:31:04
CGK,arrivals,2026-08-10,13:25,13:17,SQ958,SIA958,SIN,Singapore Changi Airport,Singapore Airlines,SQ,A359,Airbus A350-941,9V-SJH,Landed 13:17,2026-08-11 05:31:04
CGK,arrivals,2026-08-10,13:25,,SJ5981,,UPG,Makassar Sultan Hasanuddin International Airport,Sriwijaya Air,SJ,738,,,Unknown,2026-08-11 05:31:04
CGK,arrivals,2026-08-10,13:25,,SJ5891,,UPG,Makassar Sultan Hasanuddin International Airport,Sriwijaya Air,SJ,738,,,Unknown,2026-08-11 05:31:04
CGK,arrivals,2026-08-10,13:25,,SJ581,,UPG,Makassar Sultan Hasanuddin International Airport,Sriwijaya Air,SJ,735,,,Unknown,2026-08-11 05:31:04
CGK,arrivals,2026-08-10,13:25,,JT211,,KNO,Medan Kuala Namu International Airport,Lion Air,JT,739,,,Unknown,2026-08-11 05:31:04
CGK,arrivals,2026-08-10,13:25,,IU843,,DJB,Jambi Sultan Thaha Airport,Super Air Jet,IU,320,,,Canceled,2026-08-11 05:31:04
CGK,arrivals,2026-08-10,13:25,12:53,IP603,PAS603,BPN,Balikpapan Sepinggan Airport,Pelita Air,IP,A320,Airbus A320-216,PK-PWN,Landed 12:53,2026-08-11 05:31:04
CGK,arrivals,2026-08-10,13:25,,ID6898,,SRG,Semarang Achmad Yani International Airport,Batik Air,ID,32A,,,Unknown,2026-08-11 05:31:04
CGK,arrivals,2026-08-10,13:25,13:30,ID6711,BTK6711,TKG,Bandar Lampung Radin Inten II Airport,Batik Air,ID,A320,Airbus A320-214,PK-LZH,Landed 13:30,2026-08-11 05:31:04
CGK,arrivals,2026-08-10,13:25,,ID6266,,TKG,Bandar Lampung Radin Inten II Airport,Batik Air,ID,32A,,,Unknown,2026-08-11 05:31:04
CGK,arrivals,2026-08-10,13:25,13:35,GA863,GIA863,HKG,Hong Kong International Airport,Garuda Indonesia,GA,B738,Boeing 737-8U3,PK-GNQ,Landed 13:35,2026-08-11 05:31:04
CGK,arrivals,2026-08-10,13:25,13:15,GA829,GIA829,SIN,Singapore Changi Airport,Garuda Indonesia,GA,B738,Boeing 737-8U3,PK-GUF,Landed 13:15,2026-08-11 05:31:04
CGK,arrivals,2026-08-10,13:30,14:12,UL364,ALK364,CMB,Colombo Bandaranaike International Airport,SriLankan Airlines,UL,A21N,Airbus A321-251N,4R-ANE,Landed 14:12,2026-08-11 05:31:04
CGK,arrivals,2026-08-10,13:30,13:19,TR308,TGW308,SIN,Singapore Changi Airport,Scoot,TR,A320,Airbus A320-232,9V-TRP,Landed 13:19,2026-08-11 05:31:04
CGK,arrivals,2026-08-10,13:30,13:20,QG641,CTV641,LOP,Lombok International Airport,Citilink,QG,A320,Airbus A320-214,PK-GLG,Landed 13:20,2026-08-11 05:31:04
CGK,arrivals,2026-08-10,13:30,13:40,OD388,MXD388,KUL,Kuala Lumpur International Airport,Batik Air,ID,B738,Boeing 737-8GP,9M-LDC,Landed 13:40,2026-08-11 05:31:04
CGK,arrivals,2026-08-10,13:30,,IN171,,SMQ,Sampit Airport,Nam Air,IN,735,,,Unknown,2026-08-11 05:31:04
CGK,arrivals,2026-08-10,13:30,,ID6750,,UPG,Makassar Sultan Hasanuddin International Airport,Batik Air,ID,32A,,,Unknown,2026-08-11 05:31:04
CGK,arrivals,2026-08-10,13:30,13:37,ID6183,BTK6183,UPG,Makassar Sultan Hasanuddin International Airport,Batik Air,ID,B738,Boeing 737-8GP,PK-LDJ,Landed 13:37,2026-08-11 05:31:04
CGK,arrivals,2026-08-10,13:30,13:03,GA581,GIA581,AAP,Samarinda AP Tumenggung Pranoto Airport,Garuda Indonesia (Pocari Sweat Livery),GA,B738,Boeing 737-86N,PK-GNN,Landed 13:03,2026-08-11 05:31:04
CGK,arrivals,2026-08-10,13:35,13:49,ID7158,BTK7158,SIN,Singapore Changi Airport,Batik Air,ID,A320,Airbus A320-214,PK-BKP,Landed 13:49,2026-08-11 05:31:04
CGK,arrivals,2026-08-10,13:35,13:30,GA457,GIA457,KOE,Kupang El Tari Airport,Garuda Indonesia,GA,B738,Boeing 737-86N,PK-GFS,Landed 13:30,2026-08-11 05:31:04
CGK,arrivals,2026-08-10,13:35,13:09,CI761,CAL761,TPE,Taipei Taoyuan International Airport,China Airlines,CI,A359,Airbus A350-941,B-18907,Landed 13:09,2026-08-11 05:31:04
CGK,arrivals,2026-08-10,13:40,13:44,QZ531,AWQ531,KCH,Kuching International Airport,AirAsia,AK,A320,Airbus A320-216,PK-AZF,Landed 13:44,2026-08-11 05:31:04
CGK,arrivals,2026-08-10,13:40,13:27,QG991,CTV991,BKS,Bengkulu Fatmawati Soekarno Airport,Citilink (Tiket.com Livery),QG,A320,Airbus A320-214,PK-GLZ,Landed 13:27,2026-08-11 05:31:04
CGK,arrivals,2026-08-10,13:40,14:24,IU879,SJV879,PLM,Palembang International Airport,Super Air Jet (Xpora Livery),IU,A320,Airbus A320-232,PK-SAE,Landed 14:24,2026-08-11 05:31:04
CGK,arrivals,2026-08-10,13:40,17:18,IP103,PAS103,DPS,Denpasar Ngurah Rai International Airport,Pelita Air,IP,A320,Airbus A320-214,PK-PWK,Landed 17:18,2026-08-11 05:31:04
CGK,arrivals,2026-08-10,13:40,13:16,ID6171,BTK6171,AMQ,Ambon Pattimura Airport,Batik Air,ID,A320,Airbus A320-214,PK-LAW,Landed 13:16,2026-08-11 05:31:04
CGK,arrivals,2026-08-10,13:40,13:28,GA137,GIA137,PGK,Pangkal Pinang Depati Amir Airport,Garuda Indonesia,GA,B738,Boeing 737-8U3,PK-GFP,Landed 13:28,2026-08-11 05:31:04
CGK,arrivals,2026-08-10,13:40,13:38,GA109,GIA109,PLM,Palembang International Airport,Garuda Indonesia,GA,B738,Boeing 737-8U3,PK-GNM,Landed 13:38,2026-08-11 05:31:04
CGK,arrivals,2026-08-10,13:50,13:50,GA567,GIA567,BPN,Balikpapan Sepinggan Airport,Garuda Indonesia,GA,B738,Boeing 737-8SH,PK-GUJ,Landed 13:50,2026-08-11 05:31:04
CGK,arrivals,2026-08-10,13:55,15:13,IU603,SJV603,BPN,Balikpapan Sepinggan Airport,Super Air Jet,IU,A320,Airbus A320-232,PK-SJP,Landed 15:13,2026-08-11 05:31:04
CGK,arrivals,2026-08-10,13:55,13:40,ID6509,BTK6509,DPS,Denpasar Ngurah Rai International Airport,Batik Air,ID,A320,Airbus A320-214,PK-LUV,Landed 13:40,2026-08-11 05:31:04
CGK,arrivals,2026-08-10,13:55,13:45,GA149,GIA149,PDG,Padang Minangkabau International Airport,Garuda Indonesia (Ayo Pakai Masker Livery),GA,B738,Boeing 737-81D,PK-GFQ,Landed 13:45,2026-08-11 05:31:04
CGK,arrivals,2026-08-10,13:55,13:43,GA155,GIA155,BTH,Batam Hang Nadim Airport,Garuda Indonesia,GA,B738,Boeing 737-81M,PK-GUC,Landed 13:43,2026-08-11 05:31:04
CGK,arrivals,2026-08-10,13:55,13:53,SV820,SVA820,MED,Medina Prince Mohammad bin Abdulaziz Airport,Saudia,SV,B77W,Boeing 777-368(ER),HZ-AK16,Landed 13:53,2026-08-11 05:31:04
CGK,arrivals,2026-08-10,14:00,14:36,JT715,LNI715,PNK,Pontianak Supadio Airport,Lion Air (80th 737NG Livery),JT,B738,Boeing 737-8GP,PK-LKP,Landed 14:36,2026-08-11 05:31:04
CGK,arrivals,2026-08-10,14:00,14:21,GA821,GIA821,KUL,Kuala Lumpur International Airport,Garuda Indonesia,GA,B738,Boeing 737-8U3,PK-GFW,Landed 14:21,2026-08-11 05:31:04
CGK,arrivals,2026-08-10,14:05,14:13,IU627,SJV627,BDJ,Banjarmasin Syamsudin Noor Airport,Super Air Jet,IU,A320,Airbus A320-232,PK-SAV,Landed 14:13,2026-08-11 05:31:04
CGK,arrivals,2026-08-10,14:05,14:07,IU357,SJV357,DHX,Kediri Dhoho International Airport,Super Air Jet,IU,A320,Airbus A320-232,PK-STR,Landed 14:07,2026-08-11 05:31:04
CGK,arrivals,2026-08-10,14:05,14:04,GA141,GIA141,BTJ,Banda Aceh International Airport,Garuda Indonesia,GA,B738,Boeing 737-8SA,PK-GUI,Landed 14:04,2026-08-11 05:31:04
CGK,arrivals,2026-08-10,14:05,14:07,GA983,GIA983,JED,Jeddah King Abdulaziz International Airport,Garuda Indonesia,GA,B77W,Boeing 777-3U3(ER),PK-GIA,Landed 14:07,2026-08-11 05:31:04
CGK,arrivals,2026-08-10,14:10,14:18,JT35,LNI035,DPS,Denpasar Ngurah Rai International Airport,Lion Air,JT,B39M,Boeing 737 MAX 9,PK-LRH,Landed 14:18,2026-08-11 05:31:04
CGK,arrivals,2026-08-10,14:10,,ID6659,,LOP,Lombok International Airport,Batik Air,ID,32A,,,Canceled,2026-08-11 05:31:04
CGK,arrivals,2026-08-10,14:10,13:56,ID6257,BTK6257,AAP,Samarinda AP Tumenggung Pranoto Airport,Batik Air,ID,A320,Airbus A320-214,PK-BLD,Landed 13:56,2026-08-11 05:31:04
CGK,arrivals,2026-08-10,14:15,14:01,QG975,CTV975,TNJ,Tanjung Pinang Raja Haji Fisabilillah Airport,Citilink,QG,A320,Airbus A320-214,PK-GLU,Landed 14:01,2026-08-11 05:31:04
CGK,arrivals,2026-08-10,14:20,13:58,ID6865,BTK6865,BTH,Batam Hang Nadim Airport,Batik Air,ID,A320,Airbus A320-214,PK-LUH,Landed 13:58,2026-08-11 05:31:04
CGK,arrivals,2026-08-10,14:20,13:53,QG437,CTV437,BPN,Balikpapan Sepinggan Airport,Citilink,QG,A320,Airbus A320-214,PK-GQK,Landed 13:53,2026-08-11 05:31:04
CGK,arrivals,2026-08-10,14:25,14:25,QZ803,AWQ803,DPS,Denpasar Ngurah Rai International Airport,AirAsia,AK,A320,Airbus A320-216,PK-AXY,Landed 14:25,2026-08-11 05:31:04
CGK,arrivals,2026-08-10,14:25,14:15,JT303,LNI303,KNO,Medan Kuala Namu International Airport,Lion Air,JT,B739,Boeing 737-9GP(ER),PK-LFZ,Landed 14:15,2026-08-11 05:31:04
CGK,arrivals,2026-08-10,14:25,14:23,GA409,GIA409,DPS,Denpasar Ngurah Rai International Airport,Garuda Indonesia,GA,B738,Boeing 737-8U3,PK-GMA,Landed 14:23,2026-08-11 05:31:04
CGK,arrivals,2026-08-10,14:30,14:00,8B5531,TNU5531,YIA,Yogyakarta International Airport,TransNusa,8B,A320,Airbus A320-214,PK-TLD,Landed 14:00,2026-08-11 05:31:04
CGK,arrivals,2026-08-10,14:30,15:27,AK384,AXM384,KUL,Kuala Lumpur International Airport,AirAsia,AK,A320,Airbus A320-214,9M-RCB,Landed 15:27,2026-08-11 05:31:04
CGK,arrivals,2026-08-10,14:40,14:53,8B5107,TNU5107,DPS,Denpasar Ngurah Rai International Airport,TransNusa,8B,A320,Airbus A320-214,PK-TLP,Landed 14:53,2026-08-11 05:31:04
CGK,arrivals,2026-08-10,14:40,,JT1943,,UPG,Makassar Sultan Hasanuddin International Airport,Lion Air,JT,739,,,Unknown,2026-08-11 05:31:04
CGK,arrivals,2026-08-10,14:40,14:50,JT985,LNI985,UPG,Makassar Sultan Hasanuddin International Airport,Lion Air,JT,B739,Boeing 737-9GP(ER),PK-LFW,Landed 14:50,2026-08-11 05:31:04
CGK,arrivals,2026-08-10,14:40,14:28,JT173,LNI173,TKG,Bandar Lampung Radin Inten II Airport,Lion Air,JT,B738,Boeing 737-8GP,PK-LOI,Landed 14:28,2026-08-11 05:31:04
CGK,arrivals,2026-08-10,14:40,,IU815,,PDG,Padang Minangkabau International Airport,Super Air Jet,IU,320,,,Canceled,2026-08-11 05:31:04
CGK,arrivals,2026-08-10,14:45,14:20,QG791,CTV791,SRG,Semarang Achmad Yani International Airport,Citilink,QG,A320,Airbus A320-214,PK-GQH,Landed 14:20,2026-08-11 05:31:04
CGK,arrivals,2026-08-10,14:45,,JT1949,,UPG,Makassar Sultan Hasanuddin International Airport,Lion Air,JT,739,,,Unknown,2026-08-11 05:31:04
CGK,arrivals,2026-08-10,14:45,,JT1897,,UPG,Makassar Sultan Hasanuddin International Airport,Lion Air,JT,738,,,Unknown,2026-08-11 05:31:04
CGK,arrivals,2026-08-10,14:45,,JT987,,UPG,Makassar Sultan Hasanuddin International Airport,Lion Air,JT,738,,,Unknown,2026-08-11 05:31:04
CGK,arrivals,2026-08-10,14:45,,JT372,,UPG,Makassar Sultan Hasanuddin International Airport,Lion Air,JT,739,,,Unknown,2026-08-11 05:31:04
CGK,arrivals,2026-08-10,14:45,14:48,ID6871,BTK6871,PLM,Palembang International Airport,Batik Air,ID,A320,Airbus A320-214,PK-LAJ,Landed 14:48,2026-08-11 05:31:04
CGK,arrivals,2026-08-10,14:50,14:55,6E1601,IGO1601,BOM,Mumbai Chhatrapati Shivaji International Airport,IndiGo,6E,A20N,Airbus A320-251N,VT-IXM,Landed 14:55,2026-08-11 05:31:01
CGK,arrivals,2026-08-10,14:50,14:33,QG977,CTV977,TJQ,Tanjung Pandan Buluh Tumbang Airport,Citilink,QG,A320,Airbus A320-214,PK-GLT,Landed 14:33,2026-08-11 05:31:01
CGK,arrivals,2026-08-10,14:50,14:45,QG419,CTV419,PNK,Pontianak Supadio Airport,Citilink,QG,A320,Airbus A320-214,PK-GQO,Landed 14:45,2026-08-11 05:31:01
CGK,arrivals,2026-08-10,14:50,15:43,IU681,SJV681,PNK,Pontianak Supadio Airport,Super Air Jet,IU,A320,Airbus A320-232,PK-STS,Landed 15:43,2026-08-11 05:31:04
CGK,arrivals,2026-08-10,14:50,14:37,ID7532,BTK7532,SOC,Surakarta Adisumarmo International Airport,Batik Air,ID,A320,Airbus A320-214,PK-BLC,Landed 14:37,2026-08-11 05:31:04
CGK,arrivals,2026-08-10,14:55,15:01,QG687,CTV687,DPS,Denpasar Ngurah Rai International Airport,Citilink,QG,A320,Airbus A320-214,PK-GQA,Landed 15:01,2026-08-11 05:31:01
CGK,arrivals,2026-08-10,14:55,14:42,IU651,SJV651,PKY,Palangkaraya Tjilik Riwut Airport,Super Air Jet,IU,A320,Airbus A320-232,PK-SJW,Landed 14:42,2026-08-11 05:31:01
CGK,arrivals,2026-08-10,14:55,14:58,GA657,GIA657,DJJ,Jayapura Sentani Airport,Garuda Indonesia,GA,B738,Boeing 737-8U3,PK-GMM,Landed 14:58,2026-08-11 05:31:01
CGK,arrivals,2026-08-10,15:00,,IU913,,PKU,Pekanbaru Sultan Syarif Kasim II Airport,Super Air Jet,IU,320,,,Canceled,2026-08-11 05:31:01
CGK,arrivals,2026-08-10,15:00,14:39,IP205,PAS205,SUB,Surabaya Juanda International Airport,Pelita Air,IP,A320,Airbus A320-214,PK-PWC,Landed 14:39,2026-08-11 05:31:01
CGK,arrivals,2026-08-10,15:00,14:30,GA209,GIA209,YIA,Yogyakarta International Airport,Garuda Indonesia,GA,B738,Boeing 737-8SH,PK-GUD,Landed 14:30,2026-08-11 05:31:01
CGK,arrivals,2026-08-10,15:05,14:58,QG943,CTV943,BTH,Batam Hang Nadim Airport,Citilink,QG,A320,Airbus A320-214,PK-GQM,Landed 14:58,2026-08-11 05:31:01
CGK,arrivals,2026-08-10,15:05,14:42,MH721,MAS721,KUL,Kuala Lumpur International Airport,Malaysia Airlines,MH,B738,Boeing 737-8H6,9M-MLP,Landed 14:42,2026-08-11 05:31:01
CGK,arrivals,2026-08-10,15:05,15:00,IP343,PAS343,BTJ,Banda Aceh International Airport,Pelita Air,IP,A320,Airbus A320-214,PK-PWO,Landed 15:00,2026-08-11 05:31:01
CGK,arrivals,2026-08-10,15:10,,ID7160,,PEN,Penang International Airport,Batik Air,ID,738,,,Unknown,2026-08-11 05:31:01
CGK,arrivals,2026-08-10,15:10,15:52,ID6517,BTK6517,DPS,Denpasar Ngurah Rai International Airport,Batik Air,ID,A320,Airbus A320-232,PK-BKR,Landed 15:52,2026-08-11 05:31:01
CGK,arrivals,2026-08-10,15:15,15:04,ID6527,BTK6527,LBJ,Labuan Bajo Komodo Airport,Batik Air,ID,A320,Airbus A320-232,PK-BKL,Landed 15:04,2026-08-11 05:31:01
CGK,arrivals,2026-08-10,15:15,15:18,GA187,GIA187,KNO,Medan Kuala Namu International Airport,Garuda Indonesia,GA,B738,Boeing 737-8U3,PK-GMI,Landed 15:18,2026-08-11 05:31:01
CGK,arrivals,2026-08-10,15:15,16:26,GA75,GIA075,TKG,Bandar Lampung Radin Inten II Airport,Garuda Indonesia,GA,B738,Boeing 737-8U3,PK-GUF,Landed 16:26,2026-08-11 05:31:01
CGK,arrivals,2026-08-10,15:20,15:13,IP633,PAS633,PNK,Pontianak Supadio Airport,Pelita Air,IP,A320,Airbus A320-214,PK-PWJ,Landed 15:13,2026-08-11 05:31:01
CGK,arrivals,2026-08-10,15:20,15:04,ID7283,BTK7283,KUL,Kuala Lumpur International Airport,Batik Air,ID,B738,Boeing 737-8GP,PK-LBK,Landed 15:04,2026-08-11 05:31:01
CGK,arrivals,2026-08-10,15:25,,SJ53,,TJQ,Tanjung Pandan Buluh Tumbang Airport,Sriwijaya Air,SJ,735,,,Unknown,2026-08-11 05:31:01
CGK,arrivals,2026-08-10,15:25,16:37,JT385,LNI385,KNO,Medan Kuala Namu International Airport,Lion Air,JT,B739,Boeing 737-9GP(ER),PK-LHR,Landed 16:37,2026-08-11 05:31:01
CGK,arrivals,2026-08-10,15:25,15:47,GA605,GIA605,UPG,Makassar Sultan Hasanuddin International Airport,Garuda Indonesia,GA,B738,Boeing 737-8U3,PK-GMP,Landed 15:47,2026-08-11 05:31:01
CGK,arrivals,2026-08-10,15:30,15:20,GA653,GIA653,DPS,Denpasar Ngurah Rai International Airport,Garuda Indonesia,GA,B738,Boeing 737-8U3,PK-GFV,Landed 15:20,2026-08-11 05:31:01
CGK,arrivals,2026-08-10,15:35,15:37,8B5285,TNU5285,SKJ,Singkawang Airport,TransNusa,8B,A320,Airbus A320-214,PK-TLO,Landed 15:37,2026-08-11 05:31:01
CGK,arrivals,2026-08-10,15:35,16:10,QR956,QTR956,DOH,Doha Hamad International Airport,Qatar Airways,QR,A359,Airbus A350-941,A7-ALI,Landed 16:10,2026-08-11 05:31:01
CGK,arrivals,2026-08-10,15:35,15:32,QG737,CTV737,SUB,Surabaya Juanda International Airport,Citilink,QG,A320,Airbus A320-214,PK-GQG,Landed 15:32,2026-08-11 05:31:01
CGK,arrivals,2026-08-10,15:35,15:25,ID7156,BTK7156,SIN,Singapore Changi Airport,Batik Air,ID,B738,Boeing 737-8GP,PK-LBW,Landed 15:25,2026-08-11 05:31:01
CGK,arrivals,2026-08-10,15:35,15:35,ID6801,BTK6801,BUU,Muara Bungo Airport,Batik Air,ID,A320,Airbus A320-214,PK-LUZ,Landed 15:35,2026-08-11 05:31:01
CGK,arrivals,2026-08-10,15:40,16:07,JT33,LNI033,DPS,Denpasar Ngurah Rai International Airport,Lion Air,JT,B39M,Boeing 737 MAX 9,PK-LRI,Landed 16:07,2026-08-11 05:31:01
CGK,arrivals,2026-08-10,15:40,15:50,ID6657,BTK6657,LOP,Lombok International Airport,Batik Air,ID,A320,Airbus A320-214,PK-BKY,Landed 15:50,2026-08-11 05:31:01
CGK,arrivals,2026-08-10,15:40,15:22,GA879,GIA879,ICN,Seoul Incheon International Airport,Garuda Indonesia,GA,A333,Airbus A330-343,PK-GHA,Landed 15:22,2026-08-11 05:31:01
CGK,arrivals,2026-08-10,15:40,17:14,EK356,UAE356,DXB,Dubai International Airport,Emirates,EK,B77W,Boeing 777-31H(ER),A6-ENY,Landed 17:14,2026-08-11 05:31:01
CGK,arrivals,2026-08-10,15:45,16:34,8B674,TNU674,KUL,Kuala Lumpur International Airport,TransNusa,8B,A321,Airbus A321-211,PK-TLG,Landed 16:34,2026-08-11 05:31:01
CGK,arrivals,2026-08-10,15:45,15:32,QG907,CTV907,BKS,Bengkulu Fatmawati Soekarno Airport,Citilink,QG,A320,Airbus A320-214,PK-GLN,Landed 15:32,2026-08-11 05:31:01
CGK,arrivals,2026-08-10,15:45,15:35,GA513,GIA513,PNK,Pontianak Supadio Airport,Garuda Indonesia,GA,B738,Boeing 737-8U3,PK-GUG,Landed 15:35,2026-08-11 05:31:01
CGK,arrivals,2026-08-10,15:50,15:29,QG453,CTV453,PKY,Palangkaraya Tjilik Riwut Airport,Citilink,QG,A320,Airbus A320-214,PK-GLY,Landed 15:29,2026-08-11 05:31:01
CGK,arrivals,2026-08-10,15:50,15:41,GA433,GIA433,LOP,Lombok International Airport,Garuda Indonesia,GA,B738,Boeing 737-8U3,PK-GNG,Landed 15:41,2026-08-11 05:31:01
CGK,arrivals,2026-08-10,15:55,15:46,QG997,CTV997,TKG,Bandar Lampung Radin Inten II Airport,Citilink,QG,A320,Airbus A320-214,PK-GLX,Landed 15:46,2026-08-11 05:31:01
CGK,arrivals,2026-08-10,15:56,16:42,CV7337,CLX7337,GYD,Baku Heydar Aliyev International Airport,Cargolux (Not Without My Mask Livery),CV,B748,Boeing 747-8R7F,LX-VCF,Landed 16:42,2026-08-11 05:31:01
CGK,arrivals,2026-08-10,16:00,15:51,SV818,SVA818,JED,Jeddah King Abdulaziz International Airport,Saudia,SV,B77W,Boeing 777-368(ER),HZ-AK20,Landed 15:51,2026-08-11 05:31:01
CGK,arrivals,2026-08-10,16:00,01:43,SJ599,SJY599,UPG,Makassar Sultan Hasanuddin International Airport,Sriwijaya Air,SJ,B735,Boeing 737-524,PK-CLE,Landed 01:43,2026-08-11 05:31:01
CGK,arrivals,2026-08-10,16:00,15:39,NH855,ANA855,HND,Tokyo Haneda International Airport,All Nippon Airways,NH,B789,Boeing 787-9 Dreamliner,JA882A,Landed 15:39,2026-08-11 05:31:01
CGK,arrivals,2026-08-10,16:00,15:44,ID6343,BTK6343,SRG,Semarang Achmad Yani International Airport,Batik Air,ID,A320,Airbus A320-214,PK-LUU,Landed 15:44,2026-08-11 05:31:01
CGK,arrivals,2026-08-10,16:00,16:03,ID6253,BTK6253,BPN,Balikpapan Sepinggan Airport,Batik Air,ID,A320,Airbus A320-232,PK-BLB,Landed 16:03,2026-08-11 05:31:01
CGK,arrivals,2026-08-10,16:05,15:37,SQ960,SIA960,SIN,Singapore Changi Airport,Singapore Airlines,SQ,A359,Airbus A350-941,9V-SHC,Landed 15:37,2026-08-11 05:31:01
CGK,arrivals,2026-08-10,16:05,17:06,QG681,CTV681,DPS,Denpasar Ngurah Rai International Airport,Citilink,QG,A320,Airbus A320-214,PK-GLS,Landed 17:06,2026-08-11 05:31:01
CGK,arrivals,2026-08-10,16:05,16:57,ID6345,BTK6345,YIA,Yogyakarta International Airport,Batik Air,ID,A320,Airbus A320-214,PK-LZH,Landed 16:57,2026-08-11 05:31:01
CGK,arrivals,2026-08-10,16:05,16:00,ID6675,BTK6675,TRK,Tarakan Juwata International Airport,Batik Air,ID,A320,Airbus A320-214,PK-LAL,Landed 16:00,2026-08-11 05:31:01
CGK,arrivals,2026-08-10,16:10,16:10,QG423,CTV423,AAP,Samarinda AP Tumenggung Pranoto Airport,Citilink,QG,A320,Airbus A320-214,PK-GQP,Landed 16:10,2026-08-11 05:31:01
CGK,arrivals,2026-08-10,16:10,,IU687,,SKJ,Singkawang Airport,Super Air Jet,IU,A320,Airbus A320-232,PK-SJV,Unknown,2026-08-11 05:31:01
CGK,arrivals,2026-08-10,16:10,15:54,IP313,PAS313,PLM,Palembang International Airport,Pelita Air,IP,A320,Airbus A320-214,PK-PWD,Landed 15:54,2026-08-11 05:31:01
CGK,arrivals,2026-08-10,16:10,16:02,IP323,PAS323,PKU,Pekanbaru Sultan Syarif Kasim II Airport,Pelita Air,IP,A320,Airbus A320-214,PK-PWQ,Landed 16:02,2026-08-11 05:31:01
CGK,arrivals,2026-08-10,16:10,15:58,GA317,GIA317,SUB,Surabaya Juanda International Airport,Garuda Indonesia,GA,B738,Boeing 737-8U3,PK-GMD,Landed 15:58,2026-08-11 05:31:01
CGK,arrivals,2026-08-10,16:15,16:45,8B154,TNU154,SIN,Singapore Changi Airport,TransNusa,8B,A321,Airbus A321-211,PK-TLM,Landed 16:45,2026-08-11 05:31:01
CGK,arrivals,2026-08-10,16:15,,JT1853,,UPG,Makassar Sultan Hasanuddin International Airport,Lion Air,JT,739,,,Unknown,2026-08-11 05:31:01
CGK,arrivals,2026-08-10,16:15,18:00,JT797,LNI797,UPG,Makassar Sultan Hasanuddin International Airport,Lion Air,JT,B739,Boeing 737-9GP(ER),PK-LHQ,Landed 18:00,2026-08-11 05:31:01
CGK,arrivals,2026-08-10,16:15,,JT175,,TKG,Bandar Lampung Radin Inten II Airport,Lion Air,JT,738,,,Canceled,2026-08-11 05:31:01
CGK,arrivals,2026-08-10,16:20,,JT1743,,UPG,Makassar Sultan Hasanuddin International Airport,Lion Air,JT,738,,,Unknown,2026-08-11 05:31:01
CGK,arrivals,2026-08-10,16:20,17:11,GA177,GIA177,PKU,Pekanbaru Sultan Syarif Kasim II Airport,Garuda Indonesia,GA,B738,Boeing 737-8U3,PK-GNC,Landed 17:11,2026-08-11 05:31:01
CGK,arrivals,2026-08-10,16:25,17:01,IU959,SJV959,DTB,Siborong-Borong Silangit Airport,Super Air Jet,IU,A320,Airbus A320-232,PK-SAW,Landed 17:01,2026-08-11 05:31:01
CGK,arrivals,2026-08-10,16:25,16:40,IP109,PAS109,DPS,Denpasar Ngurah Rai International Airport,Pelita Air,IP,A320,Airbus A320-214,PK-PWG,Landed 16:40,2026-08-11 05:31:01
CGK,arrivals,2026-08-10,16:30,16:22,IU855,SJV855,BTH,Batam Hang Nadim Airport,Super Air Jet,IU,A320,Airbus A320-232,PK-SGD,Landed 16:22,2026-08-11 05:31:01
CGK,arrivals,2026-08-10,16:30,16:06,IU351,SJV351,SMQ,Sampit Airport,Super Air Jet,IU,A320,Airbus A320-232,PK-SJR,Landed 16:06,2026-08-11 05:31:01
CGK,arrivals,2026-08-10,16:30,16:21,ID7367,BTK7367,SOC,Surakarta Adisumarmo International Airport,Batik Air,ID,A320,Airbus A320-232,PK-BLA,Landed 16:21,2026-08-11 05:31:01
CGK,arrivals,2026-08-10,16:30,,ID6862,,SOC,Surakarta Adisumarmo International Airport,Batik Air,ID,32A,,,Unknown,2026-08-11 05:31:01
CGK,arrivals,2026-08-10,16:35,,SJ1851,,PNK,Pontianak Supadio Airport,Sriwijaya Air,SJ,738,,,Unknown,2026-08-11 05:31:01
CGK,arrivals,2026-08-10,16:35,16:32,QZ205,AWQ205,KUL,Kuala Lumpur International Airport,AirAsia,AK,A320,Airbus A320-216,PK-AZL,Landed 16:32,2026-08-11 05:31:01
CGK,arrivals,2026-08-10,16:35,16:40,QG919,CTV919,KNO,Medan Kuala Namu International Airport,Citilink,QG,A320,Airbus A320-214,PK-GQE,Landed 16:40,2026-08-11 05:31:01
CGK,arrivals,2026-08-10,16:35,16:25,QG779,CTV779,YIA,Yogyakarta International Airport,Citilink,QG,A320,Airbus A320-214,PK-GLL,Landed 16:25,2026-08-11 05:31:01
CGK,arrivals,2026-08-10,16:40,16:32,QG213,CTV213,UPG,Makassar Sultan Hasanuddin International Airport,Citilink,QG,A20N,Airbus A320-251N,PK-GTG,Landed 16:32,2026-08-11 05:31:01
CGK,arrivals,2026-08-10,16:40,,IU867,,PKU,Pekanbaru Sultan Syarif Kasim II Airport,Super Air Jet,IU,320,,,Canceled,2026-08-11 05:31:01
CGK,arrivals,2026-08-10,16:40,16:44,ID6565,BTK6565,MLG,Malang Abdul Rachman Saleh Airport,Batik Air,ID,A320,Airbus A320-214,PK-BKT,Landed 16:44,2026-08-11 05:31:01
CGK,arrivals,2026-08-10,16:45,,IU631,,BDJ,Banjarmasin Syamsudin Noor Airport,Super Air Jet,IU,320,,,Canceled,2026-08-11 05:31:01
CGK,arrivals,2026-08-10,16:45,16:18,GA833,GIA833,SIN,Singapore Changi Airport,Garuda Indonesia,GA,B738,Boeing 737-8U3,PK-GMV,Landed 16:18,2026-08-11 05:31:01
CGK,arrivals,2026-08-10,16:45,16:34,GA411,GIA411,DPS,Denpasar Ngurah Rai International Airport,Garuda Indonesia (From Nature to Future Livery),GA,B738,Boeing 737-8U3,PK-GFX,Landed 16:34,2026-08-11 05:31:01
CGK,arrivals,2026-08-10,16:50,,IP243,,YIA,Yogyakarta International Airport,Pelita Air,IP,320,,,Unknown,2026-08-11 05:31:01
CGK,arrivals,2026-08-10,16:50,16:38,GA245,GIA245,SRG,Semarang Achmad Yani International Airport,Garuda Indonesia,GA,B738,Boeing 737-8U3,PK-GFD,Landed 16:38,2026-08-11 05:31:01
CGK,arrivals,2026-08-10,16:55,,SJ77,,PGK,Pangkal Pinang Depati Amir Airport,Sriwijaya Air,SJ,735,,,Unknown,2026-08-11 05:31:01
CGK,arrivals,2026-08-10,17:00,,SJ777,,TTE,Ternate Babullah Airport,Sriwijaya Air,SJ,735,,,Unknown,2026-08-11 05:31:01
CGK,arrivals,2026-08-10,17:00,,SJ185,,PNK,Pontianak Supadio Airport,Sriwijaya Air,SJ,735,,,Unknown,2026-08-11 05:31:01
CGK,arrivals,2026-08-10,17:00,16:49,QZ527,AWQ527,BKI,Kota Kinabalu International Airport,AirAsia,AK,A320,Airbus A320-216,PK-AZO,Landed 16:49,2026-08-11 05:31:01
CGK,arrivals,2026-08-10,17:00,17:22,IU995,SJV995,BTJ,Banda Aceh International Airport,Super Air Jet,IU,A320,Airbus A320-232,PK-SJC,Landed 17:22,2026-08-11 05:31:01
CGK,arrivals,2026-08-10,17:00,18:18,IU927,SJV927,PLM,Palembang International Airport,Super Air Jet,IU,A320,Airbus A320-232,PK-SAV,Landed 18:18,2026-08-11 05:31:01
CGK,arrivals,2026-08-10,17:00,,IP355,,PDG,Padang Minangkabau International Airport,Pelita Air,IP,A320,Airbus A320-232,PK-PWL,Canceled,2026-08-11 05:31:01
CGK,arrivals,2026-08-10,17:05,17:32,QG967,CTV967,DJB,Jambi Sultan Thaha Airport,Citilink,QG,A20N,Airbus A320-251N,PK-GTA,Landed 17:32,2026-08-11 05:31:01
CGK,arrivals,2026-08-10,17:05,16:46,JL725,JAL725,NRT,Tokyo Narita International Airport,Japan Airlines,JL,B763,Boeing 767-346(ER),JA617J,Landed 16:46,2026-08-11 05:31:01
CGK,arrivals,2026-08-10,17:05,16:55,ID7150,BTK7150,SIN,Singapore Changi Airport,Batik Air,ID,A320,Airbus A320-214,PK-LUP,Landed 16:55,2026-08-11 05:31:01
CGK,arrivals,2026-08-10,17:05,17:08,GA601,GIA601,MDC,Manado Sam Ratulangi International Airport,Garuda Indonesia,GA,B738,Boeing 737-81M,PK-GUA,Landed 17:08,2026-08-11 05:31:01
CGK,arrivals,2026-08-10,17:05,16:49,GA113,GIA113,PLM,Palembang International Airport,Garuda Indonesia,GA,B738,Boeing 737-8SH,PK-GUE,Landed 16:49,2026-08-11 05:31:01
CGK,arrivals,2026-08-10,17:10,19:23,QZ819,AWQ819,DPS,Denpasar Ngurah Rai International Airport,AirAsia,AK,A320,Airbus A320-216,PK-AZE,Landed 19:23,2026-08-11 05:31:01
CGK,arrivals,2026-08-10,17:10,16:59,SQ962,SIA962,SIN,Singapore Changi Airport,Singapore Airlines,SQ,A359,Airbus A350-941,9V-SMN,Landed 16:59,2026-08-11 05:31:01
CGK,arrivals,2026-08-10,17:10,17:11,IP143,PAS143,LOP,Lombok International Airport,Pelita Air,IP,A320,Airbus A320-214,PK-PWH,Landed 17:11,2026-08-11 05:31:01
CGK,arrivals,2026-08-10,17:10,17:29,ID7108,BTK7108,PDG,Padang Minangkabau International Airport,Batik Air,ID,B738,Boeing 737-8GP,PK-LDK,Landed 17:29,2026-08-11 05:31:01
CGK,arrivals,2026-08-10,17:10,17:17,ID6815,BTK6815,BKS,Bengkulu Fatmawati Soekarno Airport,Batik Air,ID,A320,Airbus A320-214,PK-LAZ,Landed 17:17,2026-08-11 05:31:01
CGK,arrivals,2026-08-10,17:15,17:02,QG717,CTV717,SUB,Surabaya Juanda International Airport,Citilink,QG,A320,Airbus A320-214,PK-GLV,Landed 17:02,2026-08-11 05:31:01
CGK,arrivals,2026-08-10,17:15,17:06,ID6821,BTK6821,LLJ,Lubuklinggau Silampari Airport,Batik Air (Book Cabin Sticker),ID,A320,Airbus A320-214,PK-LAF,Landed 17:06,2026-08-11 05:31:01
CGK,arrivals,2026-08-10,17:15,16:54,GA221,GIA221,SOC,Surakarta Adisumarmo International Airport,Garuda Indonesia (Retro 1960 Livery),GA,B738,Boeing 737-8U3,PK-GFM,Landed 16:54,2026-08-11 05:31:01
CGK,arrivals,2026-08-10,17:20,18:24,WY849,OMA849,MCT,Muscat International Airport,Oman Air,WY,B789,Boeing 787-9 Dreamliner,A4O-SI,Landed 18:24,2026-08-11 05:30:58
CGK,arrivals,2026-08-10,17:20,17:27,QZ861,AWQ861,LBJ,Labuan Bajo Komodo Airport,AirAsia,AK,A320,Airbus A320-214,PK-AZA,Landed 17:27,2026-08-11 05:31:01
CGK,arrivals,2026-08-10,17:20,17:24,IU841,SJV841,DJB,Jambi Sultan Thaha Airport,Super Air Jet,IU,A320,Airbus A320-232,PK-SJT,Landed 17:24,2026-08-11 05:31:01
CGK,arrivals,2026-08-10,17:20,17:03,GA159,GIA159,BTH,Batam Hang Nadim Airport,Garuda Indonesia,GA,B738,Boeing 737-81D,PK-GFR,Landed 17:03,2026-08-11 05:31:01
CGK,arrivals,2026-08-10,17:30,,JT373,,BTH,Batam Hang Nadim Airport,Lion Air,JT,739,,,Unknown,2026-08-11 05:30:58
CGK,arrivals,2026-08-10,17:35,17:19,TK56,THY056,IST,Istanbul Airport,Turkish Airlines,TK,A359,Airbus A350-941,TC-LGS,Landed 17:19,2026-08-11 05:30:58
CGK,arrivals,2026-08-10,17:35,19:29,IU811,SJV811,PDG,Padang Minangkabau International Airport,Super Air Jet (Xpora Livery),IU,A320,Airbus A320-232,PK-SAE,Landed 19:29,2026-08-11 05:30:58
CGK,arrivals,2026-08-10,17:35,17:09,GA875,GIA875,HND,Tokyo Haneda International Airport,Garuda Indonesia (Pokémon Livery),GA,A333,Airbus A330-343,PK-GPY,Landed 17:09,2026-08-11 05:30:58
CGK,arrivals,2026-08-10,17:35,17:30,GA189,GIA189,KNO,Medan Kuala Namu International Airport,Garuda Indonesia,GA,B738,Boeing 737-8U3,PK-GMY,Landed 17:30,2026-08-11 05:30:58
CGK,arrivals,2026-08-10,17:40,17:27,QG415,CTV415,PNK,Pontianak Supadio Airport,Citilink (Tiket.com Livery),QG,A320,Airbus A320-214,PK-GLW,Landed 17:27,2026-08-11 05:30:58
CGK,arrivals,2026-08-10,17:40,18:13,ID7630,BTK7630,DMK,Bangkok Don Mueang International Airport,Batik Air,ID,A320,Airbus A320-214,PK-BKU,Landed 18:13,2026-08-11 05:30:58
CGK,arrivals,2026-08-10,17:40,17:46,ID6205,BTK6205,PKN,Pangkalan Bun Iskandar Airport,Batik Air,ID,A320,Airbus A320-232,PK-BKM,Landed 17:46,2026-08-11 05:30:58
CGK,arrivals,2026-08-10,17:40,17:24,GA647,GIA647,AMQ,Ambon Pattimura Airport,Garuda Indonesia,GA,B738,Boeing 737-8U3,PK-GNR,Landed 17:24,2026-08-11 05:30:58
CGK,arrivals,2026-08-10,17:45,,IN291,,PKN,Pangkalan Bun Iskandar Airport,Nam Air,IN,735,,,Unknown,2026-08-11 05:30:58
CGK,arrivals,2026-08-10,17:45,18:02,GA537,GIA537,BDJ,Banjarmasin Syamsudin Noor Airport,Garuda Indonesia,GA,B738,Boeing 737-8U3,PK-GMW,Landed 18:02,2026-08-11 05:30:58
CGK,arrivals,2026-08-10,17:50,17:51,QG993,CTV993,TKG,Bandar Lampung Radin Inten II Airport,Citilink,QG,A320,Airbus A320-214,PK-GQM,Landed 17:51,2026-08-11 05:30:58
CGK,arrivals,2026-08-10,17:50,17:33,QG793,CTV793,SRG,Semarang Achmad Yani International Airport,Citilink,QG,A320,Airbus A320-214,PK-GLU,Landed 17:33,2026-08-11 05:30:58
CGK,arrivals,2026-08-10,17:55,18:30,TG435,THA435,BKK,Bangkok Suvarnabhumi Airport,Thai Airways,TG,A359,Airbus A350-941,HS-THS,Landed 18:30,2026-08-11 05:30:58
CGK,arrivals,2026-08-10,17:55,18:58,ID6855,BTK6855,PKU,Pekanbaru Sultan Syarif Kasim II Airport,Batik Air,ID,A320,Airbus A320-232,PK-BKO,Landed 18:58,2026-08-11 05:30:58
CGK,arrivals,2026-08-10,17:55,17:42,ID6401,BTK6401,SUB,Surabaya Juanda International Airport,Batik Air,ID,A320,Airbus A320-233,PK-BKG,Landed 17:42,2026-08-11 05:30:58
CGK,arrivals,2026-08-10,17:55,17:41,GA867,GIA867,BKK,Bangkok Suvarnabhumi Airport,Garuda Indonesia,GA,B738,Boeing 737-86N,PK-GFU,Landed 17:41,2026-08-11 05:30:58
CGK,arrivals,2026-08-10,18:00,18:05,8B678,TNU678,KUL,Kuala Lumpur International Airport,TransNusa,8B,A321,Airbus A321-211,PK-TLK,Landed 18:05,2026-08-11 05:30:58
CGK,arrivals,2026-08-10,18:00,18:00,IP303,PAS303,KNO,Medan Kuala Namu International Airport,Pelita Air,IP,A320,Airbus A320-232,PK-PWL,Landed 18:00,2026-08-11 05:30:58
CGK,arrivals,2026-08-10,18:00,,IN91,,BUU,Muara Bungo Airport,Nam Air,IN,735,,,Unknown,2026-08-11 05:30:58
CGK,arrivals,2026-08-10,18:05,18:26,IN191,LKN191,PKN,Pangkalan Bun Iskandar Airport,Nam Air,IN,B735,Boeing 737-524,PK-NAU,Landed 18:26,2026-08-11 05:30:58
CGK,arrivals,2026-08-10,18:05,,ID6771,,UPG,Makassar Sultan Hasanuddin International Airport,Batik Air,ID,32A,,,Unknown,2026-08-11 05:30:58
CGK,arrivals,2026-08-10,18:05,,ID6295,,UPG,Makassar Sultan Hasanuddin International Airport,Batik Air,ID,32A,,,Unknown,2026-08-11 05:30:58
CGK,arrivals,2026-08-10,18:05,17:51,ID6143,BTK6143,UPG,Makassar Sultan Hasanuddin International Airport,Batik Air,ID,A320,Airbus A320-214,PK-LAI,Landed 17:51,2026-08-11 05:30:58
CGK,arrivals,2026-08-10,18:10,18:15,QG969,CTV969,BTH,Batam Hang Nadim Airport,Citilink,QG,A320,Airbus A320-214,PK-GLG,Landed 18:15,2026-08-11 05:30:58
CGK,arrivals,2026-08-10,18:10,,JT941,,UPG,Makassar Sultan Hasanuddin International Airport,Lion Air,JT,738,,,Unknown,2026-08-11 05:30:58
CGK,arrivals,2026-08-10,18:10,,JT793,,UPG,Makassar Sultan Hasanuddin International Airport,Lion Air,JT,738,,,Unknown,2026-08-11 05:30:58
CGK,arrivals,2026-08-10,18:10,22:23,JT23,LNI023,DPS,Denpasar Ngurah Rai International Airport,Lion Air,JT,B39M,Boeing 737 MAX 9,PK-LRI,Landed 22:23,2026-08-11 05:30:58
CGK,arrivals,2026-08-10,18:10,18:39,IU767,SJV767,LOP,Lombok International Airport,Super Air Jet,IU,A320,Airbus A320-232,PK-STC,Landed 18:39,2026-08-11 05:30:58
CGK,arrivals,2026-08-10,18:10,17:48,HU701,CHH701,HAK,Haikou Meilan International Airport,Hainan Airlines,HU,B38M,Boeing 737 MAX 8,B-1388,Landed 17:48,2026-08-11 05:30:58
CGK,arrivals,2026-08-10,18:15,17:45,SQ964,SIA964,SIN,Singapore Changi Airport,Singapore Airlines,SQ,B77W,Boeing 777-312(ER),9V-SWO,Landed 17:45,2026-08-11 05:30:58
CGK,arrivals,2026-08-10,18:15,,SJ5811,,UPG,Makassar Sultan Hasanuddin International Airport,Sriwijaya Air,SJ,735,,,Unknown,2026-08-11 05:30:58
CGK,arrivals,2026-08-10,18:15,18:09,QG959,CTV959,PDG,Padang Minangkabau International Airport,Citilink,QG,A320,Airbus A320-214,PK-GQF,Landed 18:09,2026-08-11 05:30:58
CGK,arrivals,2026-08-10,18:15,18:03,KL809,KLM809,KUL,Kuala Lumpur International Airport,KLM,KL,B789,Boeing 787-9 Dreamliner,PH-BHI,Landed 18:03,2026-08-11 05:30:58
CGK,arrivals,2026-08-10,18:15,,JT881,,UPG,Makassar Sultan Hasanuddin International Airport,Lion Air,JT,738,,,Unknown,2026-08-11 05:30:58
CGK,arrivals,2026-08-10,18:15,17:58,JT347,LNI347,PLM,Palembang International Airport,Lion Air,JT,B738,Boeing 737-8GP,PK-LOI,Landed 17:58,2026-08-11 05:30:58
CGK,arrivals,2026-08-10,18:15,17:55,GA213,GIA213,YIA,Yogyakarta International Airport,Garuda Indonesia,GA,B738,Boeing 737-8U3,PK-GNM,Landed 17:55,2026-08-11 05:30:58
CGK,arrivals,2026-08-10,18:20,18:20,IU819,SJV819,PGK,Pangkal Pinang Depati Amir Airport,Super Air Jet,IU,A320,Airbus A320-232,PK-STR,Landed 18:20,2026-08-11 05:30:58
CGK,arrivals,2026-08-10,18:20,18:21,AK386,AXM386,KUL,Kuala Lumpur International Airport,AirAsia,AK,A20N,Airbus A320-251N,9M-AGW,Landed 18:21,2026-08-11 05:30:58
CGK,arrivals,2026-08-10,18:25,18:29,QG647,CTV647,LOP,Lombok International Airport,Citilink,QG,A320,Airbus A320-214,PK-GLR,Landed 18:29,2026-08-11 05:30:58
CGK,arrivals,2026-08-10,18:25,17:57,IU723,SJV723,LBJ,Labuan Bajo Komodo Airport,Super Air Jet,IU,A320,Airbus A320-232,PK-SJA,Landed 17:57,2026-08-11 05:30:58
CGK,arrivals,2026-08-10,18:25,18:14,GA419,GIA419,DPS,Denpasar Ngurah Rai International Airport,Garuda Indonesia,GA,B738,Boeing 737-86N,PK-GFJ,Landed 18:14,2026-08-11 05:30:58
CGK,arrivals,2026-08-10,18:25,18:45,GA453,GIA453,LBJ,Labuan Bajo Komodo Airport,Garuda Indonesia (Pokémon Livery),GA,B738,Boeing 737-8U3,PK-GMU,Landed 18:45,2026-08-11 05:30:58
CGK,arrivals,2026-08-10,18:30,,JT695,,SUB,Surabaya Juanda International Airport,Lion Air,JT,739,,,Unknown,2026-08-11 05:30:58
CGK,arrivals,2026-08-10,18:30,18:11,JT581,LNI581,SUB,Surabaya Juanda International Airport,Lion Air,JT,B738,Boeing 737-8GP,PK-LOQ,Landed 18:11,2026-08-11 05:30:58
CGK,arrivals,2026-08-10,18:30,18:33,IP107,PAS107,DPS,Denpasar Ngurah Rai International Airport,Pelita Air,IP,A320,Airbus A320-216,PK-PWN,Landed 18:33,2026-08-11 05:30:58
CGK,arrivals,2026-08-10,18:35,20:38,JT309,LNI309,KNO,Medan Kuala Namu International Airport,Lion Air (80th 737NG Livery),JT,B738,Boeing 737-8GP,PK-LKP,Landed 20:38,2026-08-11 05:30:58
CGK,arrivals,2026-08-10,18:40,,RI101,,BTH,Batam Hang Nadim Airport,Rimbun Air,RI,73Y,,,Unknown,2026-08-11 05:30:58
CGK,arrivals,2026-08-10,18:40,18:16,GA315,GIA315,SUB,Surabaya Juanda International Airport,Garuda Indonesia,GA,B738,Boeing 737-8U3,PK-GNQ,Landed 18:16,2026-08-11 05:30:58
CGK,arrivals,2026-08-10,18:40,18:28,GA147,GIA147,BTJ,Banda Aceh International Airport,Garuda Indonesia (Livin' by Mandiri Livery),GA,B738,Boeing 737-86N,PK-GFI,Landed 18:28,2026-08-11 05:30:58
CGK,arrivals,2026-08-10,18:45,19:13,8B5166,TNU5166,LOP,Lombok International Airport,TransNusa,8B,A320,Airbus A320-214,PK-TLD,Landed 19:13,2026-08-11 05:30:58
CGK,arrivals,2026-08-10,18:45,19:55,IU609,SJV609,BPN,Balikpapan Sepinggan Airport,Super Air Jet,IU,A320,Airbus A320-232,PK-SGA,Landed 19:55,2026-08-11 05:30:58
CGK,arrivals,2026-08-10,18:45,,IN583,,UPG,Makassar Sultan Hasanuddin International Airport,Nam Air,IN,735,,,Unknown,2026-08-11 05:30:58
CGK,arrivals,2026-08-10,18:45,,IN79,,PGK,Pangkal Pinang Depati Amir Airport,Nam Air,IN,735,,,Unknown,2026-08-11 05:30:58
CGK,arrivals,2026-08-10,18:45,18:20,ID7040,BTK7040,SOC,Surakarta Adisumarmo International Airport,Batik Air,ID,A320,Airbus A320-214,PK-BLC,Landed 18:20,2026-08-11 05:30:58
CGK,arrivals,2026-08-10,18:45,18:23,ID6677,BTK6677,AAP,Samarinda AP Tumenggung Pranoto Airport,Batik Air,ID,A320,Airbus A320-214,PK-BKV,Landed 18:23,2026-08-11 05:30:58
CGK,arrivals,2026-08-10,18:50,,RI185,,PDG,Padang Minangkabau International Airport,Rimbun Air,RI,73Y,,,Unknown,2026-08-11 05:30:58
CGK,arrivals,2026-08-10,18:50,18:44,QG965,CTV965,DJB,Jambi Sultan Thaha Airport,Citilink,QG,A320,Airbus A320-214,PK-GLT,Landed 18:44,2026-08-11 05:30:58
CGK,arrivals,2026-08-10,18:55,,8B5533,,YIA,Yogyakarta International Airport,TransNusa,8B,320,,,Unknown,2026-08-11 05:30:58
CGK,arrivals,2026-08-10,18:55,18:47,QG917,CTV917,KNO,Medan Kuala Namu International Airport,Citilink,QG,A320,Airbus A320-214,PK-GQS,Landed 18:47,2026-08-11 05:30:58
CGK,arrivals,2026-08-10,18:55,18:50,GA509,GIA509,PNK,Pontianak Supadio Airport,Garuda Indonesia,GA,B738,Boeing 737-8U3,PK-GFP,Landed 18:50,2026-08-11 05:30:58
CGK,arrivals,2026-08-10,19:00,19:47,QG341,CTV341,UPG,Makassar Sultan Hasanuddin International Airport,Citilink,QG,A320,Airbus A320-214,PK-GQJ,Landed 19:47,2026-08-11 05:30:58
CGK,arrivals,2026-08-10,19:00,18:42,QF41,QFA041,SYD,Sydney Kingsford Smith Airport,Qantas,QF,A332,Airbus A330-202,VH-EBJ,Landed 18:42,2026-08-11 05:30:58
CGK,arrivals,2026-08-10,19:00,18:49,IU259,SJV259,KDI,Kendari Haluoleo Airport,Super Air Jet,IU,A320,Airbus A320-232,PK-STH,Landed 18:49,2026-08-11 05:30:58
CGK,arrivals,2026-08-10,19:00,18:54,ID7579,BTK7579,SUB,Surabaya Juanda International Airport,Batik Air,ID,A320,Airbus A320-214,PK-BLD,Landed 18:54,2026-08-11 05:30:58
CGK,arrivals,2026-08-10,19:00,18:39,GA823,GIA823,SIN,Singapore Changi Airport,Garuda Indonesia,GA,B738,Boeing 737-8U3,PK-GNH,Landed 18:39,2026-08-11 05:30:58
CGK,arrivals,2026-08-10,19:05,18:52,MH725,MAS725,KUL,Kuala Lumpur International Airport,Malaysia Airlines,MH,B738,Boeing 737-8H6,9M-MXR,Landed 18:52,2026-08-11 05:30:58
CGK,arrivals,2026-08-10,19:10,18:36,QZ475,AWQ475,KTI,Phnom Penh Techo International Airport,AirAsia (Lombok Livery),AK,A320,Airbus A320-216,PK-AXU,Landed 18:36,2026-08-11 05:30:58
CGK,arrivals,2026-08-10,19:10,19:03,QG493,CTV493,BDJ,Banjarmasin Syamsudin Noor Airport,Citilink,QG,A320,Airbus A320-214,PK-GQK,Landed 19:03,2026-08-11 05:30:58
CGK,arrivals,2026-08-10,19:10,22:48,IN281,LKN281,DPS,Denpasar Ngurah Rai International Airport,NAM Air,IN,B735,Boeing 737-524,PK-NAS,Landed 22:48,2026-08-11 05:30:58
CGK,arrivals,2026-08-10,19:10,18:43,ID6281,BTK6281,MDC,Manado Sam Ratulangi International Airport,Batik Air,ID,B738,Boeing 737-8GP,PK-LZV,Landed 18:43,2026-08-11 05:30:58
CGK,arrivals,2026-08-10,19:10,19:01,GA165,GIA165,PDG,Padang Minangkabau International Airport,Garuda Indonesia,GA,B738,Boeing 737-86N,PK-GFS,Landed 19:01,2026-08-11 05:30:58
CGK,arrivals,2026-08-10,19:15,18:56,TR278,TGW278,SIN,Singapore Changi Airport,Scoot,TR,A320,Airbus A320-232,9V-TRP,Landed 18:56,2026-08-11 05:30:58
CGK,arrivals,2026-08-10,19:15,,IU901,,PDG,Padang Minangkabau International Airport,Super Air Jet,IU,320,,,Unknown,2026-08-11 05:30:58
CGK,arrivals,2026-08-10,19:15,19:00,ID6293,BTK6293,UPG,Makassar Sultan Hasanuddin International Airport,Batik Air,ID,A320,Airbus A320-232,PK-BKJ,Landed 19:00,2026-08-11 05:30:58
CGK,arrivals,2026-08-10,19:15,,ID6261,,UPG,Makassar Sultan Hasanuddin International Airport,Batik Air,ID,32A,,,Unknown,2026-08-11 05:30:58
CGK,arrivals,2026-08-10,19:20,19:05,SQ966,SIA966,SIN,Singapore Changi Airport,Singapore Airlines,SQ,A359,Airbus A350-941,9V-SHG,Landed 19:05,2026-08-11 05:30:58
CGK,arrivals,2026-08-10,19:20,18:58,GA237,GIA237,SRG,Semarang Achmad Yani International Airport,Garuda Indonesia,GA,B738,Boeing 737-8SH,PK-GUD,Landed 18:58,2026-08-11 05:30:58
CGK,arrivals,2026-08-10,19:25,,JT213,,KNO,Medan Kuala Namu International Airport,Lion Air,JT,739,,,Unknown,2026-08-11 05:30:58
CGK,arrivals,2026-08-10,19:25,20:12,IU701,SJV701,PNK,Pontianak Supadio Airport,Super Air Jet,IU,A320,Airbus A320-232,PK-STS,Landed 20:12,2026-08-11 05:30:58
CGK,arrivals,2026-08-10,19:25,19:05,ID6353,BTK6353,SRG,Semarang Achmad Yani International Airport,Batik Air,ID,A320,Airbus A320-214,PK-LAJ,Landed 19:05,2026-08-11 05:30:58
CGK,arrivals,2026-08-10,19:25,19:19,GA121,GIA121,KNO,Medan Kuala Namu International Airport,Garuda Indonesia,GA,B738,Boeing 737-8BK,PK-GFG,Landed 19:19,2026-08-11 05:30:58
CGK,arrivals,2026-08-10,19:30,19:08,QZ821,AWQ821,DPS,Denpasar Ngurah Rai International Airport,AirAsia,AK,A320,Airbus A320-216,PK-AXY,Landed 19:08,2026-08-11 05:30:58
CGK,arrivals,2026-08-10,19:30,19:25,QZ177,AWQ177,TKG,Bandar Lampung Radin Inten II Airport,AirAsia,AK,A320,Airbus A320-216,PK-AZF,Landed 19:25,2026-08-11 05:30:58
CGK,arrivals,2026-08-10,19:30,19:16,QG765,CTV765,SOC,Surakarta Adisumarmo International Airport,Citilink,QG,A320,Airbus A320-214,PK-GLY,Landed 19:16,2026-08-11 05:30:58
CGK,arrivals,2026-08-10,19:30,20:29,IU859,SJV859,BTH,Batam Hang Nadim Airport,Super Air Jet,IU,A320,Airbus A320-232,PK-SJU,Landed 20:29,2026-08-11 05:30:58
CGK,arrivals,2026-08-10,19:30,21:23,GA417,GIA417,DPS,Denpasar Ngurah Rai International Airport,Garuda Indonesia,GA,B738,Boeing 737-8U3,PK-GFV,Landed 21:23,2026-08-11 05:30:58
CGK,arrivals,2026-08-10,19:30,19:11,GA157,GIA157,BTH,Batam Hang Nadim Airport,Garuda Indonesia,GA,B738,Boeing 737-8SA,PK-GUI,Landed 19:11,2026-08-11 05:30:58
CGK,arrivals,2026-08-10,19:35,,IU847,,DJB,Jambi Sultan Thaha Airport,Super Air Jet,IU,320,,,Unknown,2026-08-11 05:30:58
CGK,arrivals,2026-08-10,19:35,19:32,GA119,GIA119,PLM,Palembang International Airport,Garuda Indonesia,GA,B738,Boeing 737-8U3,PK-GUG,Landed 19:32,2026-08-11 05:30:58
CGK,arrivals,2026-08-10,19:40,19:20,GA313,GIA313,SUB,Surabaya Juanda International Airport,Garuda Indonesia,GA,B738,Boeing 737-8U3,PK-GMF,Landed 19:20,2026-08-11 05:30:58
CGK,arrivals,2026-08-10,19:40,19:23,GA179,GIA179,PKU,Pekanbaru Sultan Syarif Kasim II Airport,Garuda Indonesia (Pocari Sweat Livery),GA,B738,Boeing 737-86N,PK-GNN,Landed 19:23,2026-08-11 05:30:58
CGK,arrivals,2026-08-10,19:40,19:16,CX719,CPA719,HKG,Hong Kong International Airport,Cathay Pacific,CX,B773,Boeing 777-367,B-HNM,Landed 19:16,2026-08-11 05:30:58
CGK,arrivals,2026-08-10,19:45,19:51,GA717,GIA717,MEL,Melbourne Airport,Garuda Indonesia,GA,A333,Airbus A330-343,PK-GPU,Landed 19:51,2026-08-11 05:30:58
CGK,arrivals,2026-08-10,19:45,19:25,GA203,GIA203,YIA,Yogyakarta International Airport,Garuda Indonesia,GA,B738,Boeing 737-8U3,PK-GNE,Landed 19:25,2026-08-11 05:30:58
CGK,arrivals,2026-08-10,19:50,,IU903,,PDG,Padang Minangkabau International Airport,Super Air Jet,IU,320,,,Unknown,2026-08-11 05:30:58
CGK,arrivals,2026-08-10,19:50,20:12,ID6235,BTK6235,UPG,Makassar Sultan Hasanuddin International Airport,Batik Air,ID,B738,Boeing 737-8GP,PK-LDJ,Landed 20:12,2026-08-11 05:30:58
CGK,arrivals,2026-08-10,19:55,,ID6555,,UPG,Makassar Sultan Hasanuddin International Airport,Batik Air,ID,32A,,,Unknown,2026-08-11 05:30:58
CGK,arrivals,2026-08-10,20:00,19:40,QG979,CTV979,KNO,Medan Kuala Namu International Airport,Citilink (Tiket.com Livery),QG,A320,Airbus A320-214,PK-GLZ,Landed 19:40,2026-08-11 05:30:54
CGK,arrivals,2026-08-10,20:00,20:07,QG689,CTV689,DPS,Denpasar Ngurah Rai International Airport,Citilink,QG,A320,Airbus A320-214,PK-GQA,Landed 20:07,2026-08-11 05:30:54
CGK,arrivals,2026-08-10,20:00,19:47,IU911,SJV911,PKU,Pekanbaru Sultan Syarif Kasim II Airport,Super Air Jet,IU,A320,Airbus A320-232,PK-SJW,Landed 19:47,2026-08-11 05:30:54
CGK,arrivals,2026-08-10,20:00,19:37,IP207,PAS207,SUB,Surabaya Juanda International Airport,Pelita Air,IP,A320,Airbus A320-214,PK-PWP,Landed 19:37,2026-08-11 05:30:58
CGK,arrivals,2026-08-10,20:05,21:02,ID6213,BTK6213,BDJ,Banjarmasin Syamsudin Noor Airport,Batik Air,ID,A320,Airbus A320-232,PK-BKR,Landed 21:02,2026-08-11 05:30:54
CGK,arrivals,2026-08-10,20:05,19:58,GA575,GIA575,BPN,Balikpapan Sepinggan Airport,Garuda Indonesia,GA,B738,Boeing 737-8SH,PK-GUJ,Landed 19:58,2026-08-11 05:30:54
CGK,arrivals,2026-08-10,20:10,19:53,TW155,TWB155,ICN,Seoul Incheon International Airport,T'Way Air,TW,A333,Airbus A330-343,HL8502,Landed 19:53,2026-08-11 05:30:54
CGK,arrivals,2026-08-10,20:10,19:36,OZ761,AAR761,ICN,Seoul Incheon International Airport,Asiana Airlines,OZ,A359,Airbus A350-941,HL8079,Landed 19:36,2026-08-11 05:30:54
CGK,arrivals,2026-08-10,20:10,19:56,IP325,PAS325,PKU,Pekanbaru Sultan Syarif Kasim II Airport,Pelita Air,IP,A320,Airbus A320-214,PK-PWC,Landed 19:56,2026-08-11 05:30:54
CGK,arrivals,2026-08-10,20:10,20:20,GA899,GIA899,CAN,Guangzhou Baiyun International Airport,Garuda Indonesia,GA,B738,Boeing 737-8U3,PK-GMC,Landed 20:20,2026-08-11 05:30:54
CGK,arrivals,2026-08-10,20:20,20:04,QG727,CTV727,SUB,Surabaya Juanda International Airport,Citilink,QG,A320,Airbus A320-214,PK-GLX,Landed 20:04,2026-08-11 05:30:54
CGK,arrivals,2026-08-10,20:20,20:00,AK353,AXM353,KUL,Kuala Lumpur International Airport,AirAsia,AK,A320,Airbus A320-214,9M-RCG,Landed 20:00,2026-08-11 05:30:54
CGK,arrivals,2026-08-10,20:25,20:27,QG481,CTV481,BDJ,Banjarmasin Syamsudin Noor Airport,Citilink,QG,A320,Airbus A320-214,PK-GQG,Landed 20:27,2026-08-11 05:30:54
CGK,arrivals,2026-08-10,20:25,20:23,ID6887,BTK6887,KNO,Medan Kuala Namu International Airport,Batik Air,ID,A320,Airbus A320-214,PK-LAM,Landed 20:23,2026-08-11 05:30:54
CGK,arrivals,2026-08-10,20:30,21:21,JT257,LNI257,PDG,Padang Minangkabau International Airport,Lion Air,JT,B738,Boeing 737-8GP,PK-LKQ,Landed 21:21,2026-08-11 05:30:54
CGK,arrivals,2026-08-10,20:35,,RI361,,KDI,Kendari Haluoleo Airport,Rimbun Air,RI,73Y,,,Unknown,2026-08-11 05:30:54
CGK,arrivals,2026-08-10,20:35,20:22,GA325,GIA325,SUB,Surabaya Juanda International Airport,Garuda Indonesia,GA,B738,Boeing 737-8U3,PK-GMM,Landed 20:22,2026-08-11 05:30:54
CGK,arrivals,2026-08-10,20:40,,JT703,,UPG,Makassar Sultan Hasanuddin International Airport,Lion Air,JT,738,,,Unknown,2026-08-11 05:30:54
CGK,arrivals,2026-08-10,20:40,20:26,IP357,PAS357,PDG,Padang Minangkabau International Airport,Pelita Air,IP,A320,Airbus A320-214,PK-PWJ,Landed 20:26,2026-08-11 05:30:54
CGK,arrivals,2026-08-10,20:45,,IU605,,BPN,Balikpapan Sepinggan Airport,Super Air Jet,IU,320,,,Unknown,2026-08-11 05:30:54
CGK,arrivals,2026-08-10,20:45,20:34,ID6575,BTK6575,SUB,Surabaya Juanda International Airport,Batik Air,ID,B738,Boeing 737-8GP,PK-LBW,Landed 20:34,2026-08-11 05:30:54
CGK,arrivals,2026-08-10,20:45,20:16,GA837,GIA837,SIN,Singapore Changi Airport,Garuda Indonesia,GA,B738,Boeing 737-8U3,PK-GMA,Landed 20:16,2026-08-11 05:30:54
CGK,arrivals,2026-08-10,20:50,,SJ225,,YIA,Yogyakarta International Airport,Sriwijaya Air,SJ,735,,,Unknown,2026-08-11 05:30:54
CGK,arrivals,2026-08-10,20:50,00:02,IP307,PAS307,KNO,Medan Kuala Namu International Airport,Pelita Air,IP,A320,Airbus A320-232,PK-PWL,Landed 00:02,2026-08-11 05:30:54
CGK,arrivals,2026-08-10,20:55,20:43,QG513,CTV513,DMK,Bangkok Don Mueang International Airport,Citilink,QG,A320,Airbus A320-214,PK-GQQ,Landed 20:43,2026-08-11 05:30:54
CGK,arrivals,2026-08-10,20:55,21:31,JT391,LNI391,PKU,Pekanbaru Sultan Syarif Kasim II Airport,Lion Air,JT,B739,Boeing 737-9GP(ER),PK-LSH,Landed 21:31,2026-08-11 05:30:54
CGK,arrivals,2026-08-10,20:55,20:55,GA421,GIA421,DPS,Denpasar Ngurah Rai International Airport,Garuda Indonesia,GA,B738,Boeing 737-8U3,PK-GMI,Landed 20:55,2026-08-11 05:30:54
CGK,arrivals,2026-08-10,21:00,,RI161,,BTJ,Banda Aceh International Airport,Rimbun Air,RI,73Y,,,Unknown,2026-08-11 05:30:54
CGK,arrivals,2026-08-10,21:00,,JT685,,PNK,Pontianak Supadio Airport,Lion Air,JT,738,,,Unknown,2026-08-11 05:30:54
CGK,arrivals,2026-08-10,21:00,20:59,IP315,PAS315,PLM,Palembang International Airport,Pelita Air,IP,A320,Airbus A320-214,PK-PWG,Landed 20:59,2026-08-11 05:30:54
CGK,arrivals,2026-08-10,21:00,20:28,EY472,ETD472,AUH,Abu Dhabi Zayed International Airport,Etihad Airways,EY,B789,Boeing 787-9 Dreamliner,A6-BLU,Landed 20:28,2026-08-11 05:30:54
CGK,arrivals,2026-08-10,21:05,22:07,QG955,CTV955,PDG,Padang Minangkabau International Airport,Citilink,QG,A320,Airbus A320-214,PK-GLS,Landed 22:07,2026-08-11 05:30:54
CGK,arrivals,2026-08-10,21:05,,JT371,,BTH,Batam Hang Nadim Airport,Lion Air,JT,739,,,Unknown,2026-08-11 05:30:54
CGK,arrivals,2026-08-10,21:10,20:56,QG983,CTV983,PLM,Palembang International Airport,Citilink,QG,A320,Airbus A320-214,PK-GQE,Landed 20:56,2026-08-11 05:30:54
CGK,arrivals,2026-08-10,21:10,22:53,QG667,CTV667,DPS,Denpasar Ngurah Rai International Airport,Citilink,QG,A320,Airbus A320-214,PK-GQC,Landed 22:53,2026-08-11 05:30:54
CGK,arrivals,2026-08-10,21:10,20:46,ID6371,BTK6371,YIA,Yogyakarta International Airport,Batik Air,ID,A320,Airbus A320-232,PK-BLA,Landed 20:46,2026-08-11 05:30:54
CGK,arrivals,2026-08-10,21:15,22:00,8B698,TNU698,SZB,Kuala Lumpur Subang Airport,TransNusa,8B,A321,Airbus A321-211,PK-TLM,Landed 22:00,2026-08-11 05:30:54
CGK,arrivals,2026-08-10,21:20,21:06,QG945,CTV945,BTH,Batam Hang Nadim Airport,Citilink,QG,A20N,Airbus A320-251N,PK-GTG,Landed 21:06,2026-08-11 05:30:54
CGK,arrivals,2026-08-10,21:20,21:17,QG887,CTV887,KNO,Medan Kuala Namu International Airport,Citilink,QG,A320,Airbus A320-214,PK-GQO,Landed 21:17,2026-08-11 05:30:54
CGK,arrivals,2026-08-10,21:25,21:14,TR272,TGW272,SIN,Singapore Changi Airport,Scoot,TR,A320,Airbus A320-232,9V-TRV,Landed 21:14,2026-08-11 05:30:54
CGK,arrivals,2026-08-10,21:25,21:10,JT383,LNI383,KNO,Medan Kuala Namu International Airport,Lion Air,JT,B39M,Boeing 737 MAX 9,PK-LRH,Landed 21:10,2026-08-11 05:30:54
CGK,arrivals,2026-08-10,21:25,21:20,GA615,GIA615,UPG,Makassar Sultan Hasanuddin International Airport,Garuda Indonesia,GA,B738,Boeing 737-8U3,PK-GFW,Landed 21:20,2026-08-11 05:30:54
CGK,arrivals,2026-08-10,21:30,,IU905,,PDG,Padang Minangkabau International Airport,Super Air Jet,IU,320,,,Unknown,2026-08-11 05:30:54
CGK,arrivals,2026-08-10,21:30,21:18,IP809,PAS809,UPG,Makassar Sultan Hasanuddin International Airport,Pelita Air,IP,A320,Airbus A320-214,PK-PWO,Landed 21:18,2026-08-11 05:30:54
CGK,arrivals,2026-08-10,21:35,21:10,QG799,CTV799,SRG,Semarang Achmad Yani International Airport,Citilink,QG,A320,Airbus A320-214,PK-GQM,Landed 21:10,2026-08-11 05:30:54
CGK,arrivals,2026-08-10,21:40,22:09,8B680,TNU680,KUL,Kuala Lumpur International Airport,TransNusa,8B,A321,Airbus A321-211,PK-TLG,Landed 22:09,2026-08-11 05:30:54
CGK,arrivals,2026-08-10,21:40,,RI131,,PKU,Pekanbaru Sultan Syarif Kasim II Airport,Rimbun Air,RI,73Y,,,Unknown,2026-08-11 05:30:54
CGK,arrivals,2026-08-10,21:40,21:35,QR954,QTR954,DOH,Doha Hamad International Airport,Qatar Airways,QR,A359,Airbus A350-941,A7-ALA,Landed 21:35,2026-08-11 05:30:54
CGK,arrivals,2026-08-10,21:40,21:03,QG503,CTV503,KUL,Kuala Lumpur International Airport,Citilink,QG,A320,Airbus A320-214,PK-GQH,Landed 21:03,2026-08-11 05:30:54
CGK,arrivals,2026-08-10,21:40,21:50,IP105,PAS105,DPS,Denpasar Ngurah Rai International Airport,Pelita Air,IP,A320,Airbus A320-214,PK-PWQ,Landed 21:50,2026-08-11 05:30:54
CGK,arrivals,2026-08-10,21:40,21:30,ID6269,BTK6269,UPG,Makassar Sultan Hasanuddin International Airport,Batik Air,ID,A320,Airbus A320-214,PK-LAO,Landed 21:30,2026-08-11 05:30:54
CGK,arrivals,2026-08-10,21:40,21:34,GA415,GIA415,DPS,Denpasar Ngurah Rai International Airport,Garuda Indonesia,GA,B738,Boeing 737-8U3,PK-GMD,Landed 21:34,2026-08-11 05:30:54
CGK,arrivals,2026-08-10,21:45,,ID6763,,UPG,Makassar Sultan Hasanuddin International Airport,Batik Air,ID,32A,,,Unknown,2026-08-11 05:30:54
CGK,arrivals,2026-08-10,21:50,21:53,QG171,CTV171,SUB,Surabaya Juanda International Airport,Citilink,QG,A20N,Airbus A320-251N,PK-GTF,Landed 21:53,2026-08-11 05:30:54
CGK,arrivals,2026-08-10,21:50,21:26,MF8683,CXA8683,WUH,Wuhan Tianhe International Airport,Xiamen Air,MF,B38M,Boeing 737 MAX 8,B-1139,Landed 21:26,2026-08-11 05:30:54
CGK,arrivals,2026-08-10,21:55,21:39,QZ211,AWQ211,KUL,Kuala Lumpur International Airport,AirAsia,AK,A320,Airbus A320-216,PK-AXT,Landed 21:39,2026-08-11 05:30:54
CGK,arrivals,2026-08-10,21:55,21:29,QG527,CTV527,SIN,Singapore Changi Airport,Citilink,QG,A320,Airbus A320-214,PK-GQP,Landed 21:29,2026-08-11 05:30:54
CGK,arrivals,2026-08-10,21:55,,IN221,,YIA,Yogyakarta International Airport,Nam Air,IN,735,,,Unknown,2026-08-11 05:30:54
CGK,arrivals,2026-08-10,22:05,21:45,ID7162,BTK7162,PEN,Penang International Airport,Batik Air,ID,B738,Boeing 737-8GP,PK-LBK,Landed 21:45,2026-08-11 05:30:54
CGK,arrivals,2026-08-10,22:10,22:06,JT15,LNI015,DPS,Denpasar Ngurah Rai International Airport,Lion Air,JT,B738,Boeing 737-8GP,PK-LOR,Landed 22:06,2026-08-11 05:30:54
CGK,arrivals,2026-08-10,22:15,,SJ273,,DPS,Denpasar Ngurah Rai International Airport,Sriwijaya Air,SJ,735,,,Unknown,2026-08-11 05:30:54
CGK,arrivals,2026-08-10,22:15,22:12,GA193,GIA193,KNO,Medan Kuala Namu International Airport,Garuda Indonesia,GA,B738,Boeing 737-8U3,PK-GNG,Landed 22:12,2026-08-11 05:30:54
CGK,arrivals,2026-08-10,22:20,22:16,ID7152,BTK7152,SIN,Singapore Changi Airport,Batik Air,ID,A320,Airbus A320-214,PK-LAL,Landed 22:16,2026-08-11 05:30:54
CGK,arrivals,2026-08-10,22:20,,ID6231,,UPG,Makassar Sultan Hasanuddin International Airport,Batik Air,ID,32A,,,Canceled,2026-08-11 05:30:54
CGK,arrivals,2026-08-10,22:25,22:53,EK358,UAE358,DXB,Dubai International Airport,Emirates,EK,B77W,Boeing 777-31H(ER),A6-ECK,Landed 22:53,2026-08-11 05:30:54
CGK,arrivals,2026-08-10,22:30,01:12,MU5069,CES5069,PVG,Shanghai Pudong International Airport,China Eastern (People's Daily Online Livery),MU,A332,Airbus A330-243,B-5931,Landed 01:12,2026-08-11 05:30:54
CGK,arrivals,2026-08-10,22:30,22:27,MF837,CXA837,XMN,Xiamen Gaoqi International Airport,Xiamen Air,MF,B38M,Boeing 737 MAX 8,B-225F,Landed 22:27,2026-08-11 05:30:54
CGK,arrivals,2026-08-10,22:30,,JT215,,KNO,Medan Kuala Namu International Airport,Lion Air,JT,738,,,Unknown,2026-08-11 05:30:54
CGK,arrivals,2026-08-10,22:40,22:23,SQ968,SIA968,SIN,Singapore Changi Airport,Singapore Airlines,SQ,A359,Airbus A350-941,9V-SHU,Landed 22:23,2026-08-11 05:30:54
CGK,arrivals,2026-08-10,22:40,22:45,QG427,CTV427,UPG,Makassar Sultan Hasanuddin International Airport,Citilink,QG,A320,Airbus A320-214,PK-GLL,Landed 22:45,2026-08-11 05:30:54
CGK,arrivals,2026-08-10,22:45,22:19,SV826,SVA826,JED,Jeddah King Abdulaziz International Airport,Saudia,SV,B77W,Boeing 777-3FG(ER),HZ-AK34,Landed 22:19,2026-08-11 05:30:54
CGK,arrivals,2026-08-10,22:45,22:29,GA839,GIA839,SIN,Singapore Changi Airport,Garuda Indonesia,GA,B738,Boeing 737-8U3,PK-GMV,Landed 22:29,2026-08-11 05:30:54
CGK,arrivals,2026-08-10,22:55,23:14,CX797,CPA797,HKG,Hong Kong International Airport,Cathay Pacific,CX,B773,Boeing 777-367,B-HNO,Landed 23:14,2026-08-11 05:30:54
CGK,arrivals,2026-08-10,23:00,23:56,CZ8353,CSN8353,SZX,Shenzhen Bao'an International Airport,China Southern Airlines,CZ,A21N,Airbus A321-253NX,B-30E2,Landed 23:56,2026-08-11 05:30:54
CGK,arrivals,2026-08-10,23:05,,RI3210,,UPG,Makassar Sultan Hasanuddin International Airport,Rimbun Air,RI,73Y,,,Unknown,2026-08-11 05:30:54
CGK,arrivals,2026-08-10,23:05,,RI203,,BDJ,Banjarmasin Syamsudin Noor Airport,Rimbun Air,RI,73Y,,,Unknown,2026-08-11 05:30:54
CGK,arrivals,2026-08-10,23:05,23:17,QG947,CTV947,BTH,Batam Hang Nadim Airport,Citilink,QG,A320,Airbus A320-214,PK-GLR,Landed 23:17,2026-08-11 05:30:54
CGK,arrivals,2026-08-10,23:05,22:42,MH727,MAS727,KUL,Kuala Lumpur International Airport,Malaysia Airlines,MH,B738,Boeing 737-8H6,9M-MSE,Landed 22:42,2026-08-11 05:30:54
CGK,arrivals,2026-08-10,23:05,22:49,IU949,SJV949,KNO,Medan Kuala Namu International Airport,Super Air Jet,IU,A320,Airbus A320-232,PK-SJR,Landed 22:49,2026-08-11 05:30:54
CGK,arrivals,2026-08-10,23:05,22:47,ID8396,BTK8396,KUL,Kuala Lumpur International Airport,Batik Air,ID,A320,Airbus A320-214,PK-LUZ,Landed 22:47,2026-08-11 05:30:54
CGK,arrivals,2026-08-10,23:25,00:15,SC2153,CDG2153,XMN,Xiamen Gaoqi International Airport,Shandong Airlines,SC,B38M,Boeing 737 MAX 8,B-224S,Landed 00:15,2026-08-11 05:30:54
CGK,arrivals,2026-08-10,23:25,23:00,CZ387,CSN387,CAN,Guangzhou Baiyun International Airport,China Southern Airlines,CZ,A21N,Airbus A321-251NX,B-32R2,Landed 23:00,2026-08-11 05:30:54
CGK,arrivals,2026-08-10,23:45,23:23,5J759,CEB759,MNL,Manila Ninoy Aquino International Airport,Cebu Pacific,5J,A20N,Airbus A320-271N,RP-C4165,Landed 23:23,2026-08-11 05:30:54
CGK,arrivals,2026-08-10,23:45,22:56,NH835,ANA835,NRT,Tokyo Narita International Airport,All Nippon Airways,NH,B789,Boeing 787-9 Dreamliner,JA888A,Landed 22:56,2026-08-11 05:30:54
CGK,arrivals,2026-08-10,23:50,,8B5109,,DPS,Denpasar Ngurah Rai International Airport,TransNusa,8B,320,,,Unknown,2026-08-11 05:30:54
CGK,arrivals,2026-08-10,23:50,00:07,MF855,CXA855,FOC,Fuzhou Changle International Airport,Xiamen Air,MF,B38M,Boeing 737 MAX 8,B-227A,Landed 00:07,2026-08-11 05:30:54
CGK,arrivals,2026-08-10,23:55,23:32,QG915,CTV915,KNO,Medan Kuala Namu International Airport,Citilink,QG,A320,Airbus A320-214,PK-GLV,Landed 23:32,2026-08-11 05:30:54
CGK,arrivals,2026-08-10,23:55,23:38,PR535,PAL535,MNL,Manila Ninoy Aquino International Airport,Philippine Airlines,PR,A321,Airbus A321-231,RP-C9919,Landed 23:38,2026-08-11 05:30:54
CGK,arrivals,2026-08-10,23:55,23:02,JL729,JAL729,NRT,Tokyo Narita International Airport,Japan Airlines,JL,B788,Boeing 787-8 Dreamliner,JA838J,Landed 23:02,2026-08-11 05:30:54
CGK,departures,2026-08-10,00:05,00:10,EY473,ETD473,AUH,Abu Dhabi Zayed International Airport,Etihad Airways,EY,B789,Boeing 787-9 Dreamliner,A6-BLG,Departed 00:10,2026-08-11 05:31:57
CGK,departures,2026-08-10,00:05,01:01,CX798,CPA798,HKG,Hong Kong International Airport,Cathay Pacific,CX,B773,Boeing 777-31H,B-HNS,Departed 01:01,2026-08-11 05:31:57
CGK,departures,2026-08-10,00:10,00:19,ID6288,BTK6288,UPG,Makassar Sultan Hasanuddin International Airport,Batik Air,ID,A320,Airbus A320-232,PK-BKJ,Departed 00:19,2026-08-11 05:31:57
CGK,departures,2026-08-10,00:10,00:12,GA682,GIA682,SOQ,Sorong Dominique Edward Osok Airport,Garuda Indonesia,GA,B738,Boeing 737-8U3,PK-GMY,Departed 00:12,2026-08-11 05:31:57
CGK,departures,2026-08-10,00:20,00:21,CZ8354,CSN8354,SZX,Shenzhen Bao'an International Airport,China Southern Airlines,CZ,A21N,Airbus A321-253NX,B-329Z,Departed 00:21,2026-08-11 05:31:57
CGK,departures,2026-08-10,00:25,00:25,SC2154,CDG2154,XMN,Xiamen Gaoqi International Airport,Shandong Airlines,SC,B38M,Boeing 737 MAX 8,B-1275,Departed 00:25,2026-08-11 05:31:57
CGK,departures,2026-08-10,00:25,00:50,ID6170,BTK6170,AMQ,Ambon Pattimura Airport,Batik Air,ID,A320,Airbus A320-214,PK-LAW,Departed 00:50,2026-08-11 05:31:57
CGK,departures,2026-08-10,00:30,01:25,5J760,CEB760,MNL,Manila Ninoy Aquino International Airport,Cebu Pacific,5J,A20N,Airbus A320-271N,RP-C3281,Departed 01:25,2026-08-11 05:31:57
CGK,departures,2026-08-10,00:30,00:38,ID7797,BTK7797,SOQ,Sorong Dominique Edward Osok Airport,Batik Air,ID,A320,Airbus A320-214,PK-LAZ,Departed 00:38,2026-08-11 05:31:57
CGK,departures,2026-08-10,00:40,00:40,3U9006,,XIY,Xi'an Xianyang International Airport,Sichuan Airlines,3U,321,,,Estimated dep 00:40*,2026-08-11 05:31:57
CGK,departures,2026-08-10,00:40,00:56,SV827,SVA827,JED,Jeddah King Abdulaziz International Airport,Saudia,SV,B77W,Boeing 777-368(ER),HZ-AK30,Departed 00:56,2026-08-11 05:31:57
CGK,departures,2026-08-10,00:45,00:54,ID6180,BTK6180,DJJ,Jayapura Sentani Airport,Batik Air,ID,B738,Boeing 737-8GP,PK-LDK,Departed 00:54,2026-08-11 05:31:57
CGK,departures,2026-08-10,00:45,01:16,EK359,UAE359,DXB,Dubai International Airport,Emirates,EK,B77W,Boeing 777-31H(ER),A6-ECI,Departed 01:16,2026-08-11 05:31:57
CGK,departures,2026-08-10,00:50,00:52,JT890,LNI890,AMQ,Ambon Pattimura Airport,Lion Air,JT,B739,Boeing 737-9GP(ER),PK-LSK,Departed 00:52,2026-08-11 05:31:57
CGK,departures,2026-08-10,00:55,01:09,QR955,QTR955,DOH,Doha Hamad International Airport,Qatar Airways,QR,A359,Airbus A350-941,A7-ALA,Departed 01:09,2026-08-11 05:31:57
CGK,departures,2026-08-10,00:55,02:21,PR536,PAL536,MNL,Manila Ninoy Aquino International Airport,Philippine Airlines,PR,A321,Airbus A321-231,RP-C9919,Departed 02:21,2026-08-11 05:31:57
CGK,departures,2026-08-10,01:00,01:15,QG300,CTV300,MDC,Manado Sam Ratulangi International Airport,Citilink,QG,A20N,Airbus A320-251N,PK-GTA,Departed 01:15,2026-08-11 05:31:57
CGK,departures,2026-08-10,01:00,01:35,CI764,CAL764,TPE,Taipei Taoyuan International Airport,China Airlines,CI,A21N,Airbus A321-271NX,B-18102,Departed 01:35,2026-08-11 05:31:57
CGK,departures,2026-08-10,01:10,02:19,JT3896,,UPG,Makassar Sultan Hasanuddin International Airport,Lion Air,JT,739,,,Unknown,2026-08-11 05:31:57
CGK,departures,2026-08-10,01:10,01:10,JT2792,,UPG,Makassar Sultan Hasanuddin International Airport,Lion Air,JT,738,,,Estimated dep 01:10*,2026-08-11 05:31:57
CGK,departures,2026-08-10,01:10,01:10,JT1944,,UPG,Makassar Sultan Hasanuddin International Airport,Lion Air,JT,739,,,Estimated dep 01:10*,2026-08-11 05:31:57
CGK,departures,2026-08-10,01:10,01:10,JT986,,UPG,Makassar Sultan Hasanuddin International Airport,Lion Air,JT,738,,,Estimated dep 01:10*,2026-08-11 05:31:57
CGK,departures,2026-08-10,01:10,01:27,JT898,LNI898,UPG,Makassar Sultan Hasanuddin International Airport,Lion Air,JT,B738,Boeing 737-8GP,PK-LPK,Departed 01:27,2026-08-11 05:31:57
CGK,departures,2026-08-10,01:15,01:34,GA648,GIA648,TTE,Ternate Babullah Airport,Garuda Indonesia,GA,B738,Boeing 737-8U3,PK-GNM,Departed 01:34,2026-08-11 05:31:57
CGK,departures,2026-08-10,01:30,01:30,3U9005,,XIY,Xi'an Xianyang International Airport,Sichuan Airlines,3U,321,,,Estimated dep 01:30*,2026-08-11 05:31:57
CGK,departures,2026-08-10,01:30,02:58,VN634,HVN634,HAN,Hanoi Noi Bai International Airport,Vietnam Airlines,VN,A321,Airbus A321-231,VN-A332,Departed 02:58,2026-08-11 05:31:57
CGK,departures,2026-08-10,01:30,01:54,ID6274,BTK6274,MDC,Manado Sam Ratulangi International Airport,Batik Air,ID,B738,Boeing 737-8GP,PK-LBK,Departed 01:54,2026-08-11 05:31:57
CGK,departures,2026-08-10,01:40,01:46,QG210,CTV210,AMQ,Ambon Pattimura Airport,Citilink,QG,A320,Airbus A320-214,PK-GQA,Departed 01:46,2026-08-11 05:31:57
CGK,departures,2026-08-10,01:45,01:51,CA978,CCA978,PEK,Beijing Capital International Airport,Air China (Star Alliance livery),CA,A333,Airbus A330-343,B-6101,Departed 01:51,2026-08-11 05:31:57
CGK,departures,2026-08-10,01:55,02:11,GA716,GIA716,MEL,Melbourne Airport,Garuda Indonesia,GA,A333,Airbus A330-343,PK-GPU,Departed 02:11,2026-08-11 05:31:57
CGK,departures,2026-08-10,02:00,02:09,QG344,CTV344,UPG,Makassar Sultan Hasanuddin International Airport,Citilink,QG,A320,Airbus A320-214,PK-GLV,Departed 02:09,2026-08-11 05:31:57
CGK,departures,2026-08-10,02:00,,ID6770,,UPG,Makassar Sultan Hasanuddin International Airport,Batik Air,ID,32A,,,Unknown,2026-08-11 05:31:57
CGK,departures,2026-08-10,02:00,,ID6751,,UPG,Makassar Sultan Hasanuddin International Airport,Batik Air,ID,32A,,,Unknown,2026-08-11 05:31:57
CGK,departures,2026-08-10,02:00,02:17,ID6742,BTK6742,MDC,Manado Sam Ratulangi International Airport,Batik Air,ID,B738,Boeing 737-8GP,PK-LBW,Departed 02:17,2026-08-11 05:31:57
CGK,departures,2026-08-10,02:00,02:13,ID6540,BTK6540,KOE,Kupang El Tari Airport,Batik Air,ID,A320,Airbus A320-233,PK-BKG,Departed 02:13,2026-08-11 05:31:57
CGK,departures,2026-08-10,02:00,02:15,ID6264,BTK6264,UPG,Makassar Sultan Hasanuddin International Airport,Batik Air,ID,A320,Airbus A320-214,PK-BKP,Departed 02:15,2026-08-11 05:31:57
CGK,departures,2026-08-10,02:05,02:20,QG602,CTV602,KOE,Kupang El Tari Airport,Citilink,QG,A320,Airbus A320-214,PK-GLT,Departed 02:20,2026-08-11 05:31:57
CGK,departures,2026-08-10,02:15,02:41,KE438,KAL438,ICN,Seoul Incheon International Airport,Korean Air,KE,B77W,Boeing 777-3B5(ER),HL8006,Departed 02:41,2026-08-11 05:31:57
CGK,departures,2026-08-10,02:20,02:40,GA622,GIA622,PLW,Palu Mutiara Airport,Garuda Indonesia,GA,B738,Boeing 737-8U3,PK-GNR,Departed 02:40,2026-08-11 05:31:57
CGK,departures,2026-08-10,02:30,02:44,ID6140,BTK6140,TTE,Ternate Babullah Airport,Batik Air,ID,A320,Airbus A320-214,PK-LZH,Departed 02:44,2026-08-11 05:31:57
CGK,departures,2026-08-10,02:30,02:47,ID6560,BTK6560,PLW,Palu Mutiara Airport,Batik Air,ID,A320,Airbus A320-214,PK-BLD,Departed 02:47,2026-08-11 05:31:57
CGK,departures,2026-08-10,03:00,03:05,CZ8056,CSN8056,SZX,Shenzhen Bao'an International Airport,China Southern Airlines,CZ,A20N,Airbus A320-251N,B-30AA,Departed 03:05,2026-08-11 05:31:57
CGK,departures,2026-08-10,03:20,03:31,ID6724,BTK6724,KDI,Kendari Haluoleo Airport,Batik Air,ID,A320,Airbus A320-214,PK-LAL,Departed 03:31,2026-08-11 05:31:57
CGK,departures,2026-08-10,03:30,03:47,JT690,LNI690,SUB,Surabaya Juanda International Airport,Lion Air,JT,B738,Boeing 737-8GP,PK-LOQ,Departed 03:47,2026-08-11 05:31:57
CGK,departures,2026-08-10,03:40,04:21,3Y924,MYU924,SIN,Singapore Changi Airport,My Indo Airlines,3Y,B733,Boeing 737-39K(SF),PK-MYC,Departed 04:21,2026-08-11 05:31:57
CGK,departures,2026-08-10,03:40,03:57,QG330,CTV330,KDI,Kendari Haluoleo Airport,Citilink,QG,A320,Airbus A320-214,PK-GQF,Departed 03:57,2026-08-11 05:31:57
CGK,departures,2026-08-10,03:55,03:59,ID6242,BTK6242,GTO,Gorontalo Jalaluddin Airport,Batik Air,ID,B738,Boeing 737-8GP,PK-LZV,Departed 03:59,2026-08-11 05:31:57
CGK,departures,2026-08-10,04:15,04:35,MH726,MAS726,KUL,Kuala Lumpur International Airport,Malaysia Airlines (Malaysia Negaraku Livery),MH,B738,Boeing 737-8H6,9M-MXF,Departed 04:35,2026-08-11 05:31:57
CGK,departures,2026-08-10,04:30,04:36,JT20,LNI020,DPS,Denpasar Ngurah Rai International Airport,Lion Air,JT,B39M,Boeing 737 MAX 9,PK-LRH,Departed 04:36,2026-08-11 05:31:57
CGK,departures,2026-08-10,04:40,04:51,QG680,CTV680,DPS,Denpasar Ngurah Rai International Airport,Citilink,QG,A320,Airbus A320-214,PK-GQC,Departed 04:51,2026-08-11 05:31:57
CGK,departures,2026-08-10,04:45,04:54,ID6430,BTK6430,BEJ,Kalimarau Airport,Batik Air,ID,A320,Airbus A320-214,PK-LUZ,Departed 04:54,2026-08-11 05:31:57
CGK,departures,2026-08-10,04:55,05:13,GA644,GIA644,GTO,Gorontalo Jalaluddin Airport,Garuda Indonesia (Pokémon Livery),GA,B738,Boeing 737-8U3,PK-GMU,Departed 05:13,2026-08-11 05:31:57
CGK,departures,2026-08-10,05:00,05:16,8B5161,TNU5161,LOP,Lombok International Airport,TransNusa,8B,A320,Airbus A320-214,PK-TLD,Departed 05:16,2026-08-11 05:31:57
CGK,departures,2026-08-10,05:00,05:01,QZ200,AWQ200,KUL,Kuala Lumpur International Airport,AirAsia,AK,A320,Airbus A320-216,PK-AZO,Departed 05:01,2026-08-11 05:31:57
CGK,departures,2026-08-10,05:00,05:09,QG212,CTV212,UPG,Makassar Sultan Hasanuddin International Airport,Citilink,QG,A20N,Airbus A320-251N,PK-GTG,Departed 05:09,2026-08-11 05:31:57
CGK,departures,2026-08-10,05:00,05:07,JT200,LNI200,KNO,Medan Kuala Namu International Airport,Lion Air,JT,B39M,Boeing 737 MAX 9,PK-LRI,Departed 05:07,2026-08-11 05:31:57
CGK,departures,2026-08-10,05:00,05:24,IU604,SJV604,BPN,Balikpapan Sepinggan Airport,Super Air Jet,IU,A320,Airbus A320-232,PK-SAH,Departed 05:24,2026-08-11 05:31:57
CGK,departures,2026-08-10,05:00,05:11,ID8397,BTK8397,KUL,Kuala Lumpur International Airport,Batik Air,ID,A320,Airbus A320-232,PK-BLB,Departed 05:11,2026-08-11 05:31:57
CGK,departures,2026-08-10,05:10,05:15,QG436,CTV436,BPN,Balikpapan Sepinggan Airport,Citilink,QG,A320,Airbus A320-214,PK-GQK,Departed 05:15,2026-08-11 05:31:57
CGK,departures,2026-08-10,05:15,05:21,8B675,TNU675,KUL,Kuala Lumpur International Airport,TransNusa,8B,A321,Airbus A321-211,PK-TLG,Departed 05:21,2026-08-11 05:31:57
CGK,departures,2026-08-10,05:15,05:19,QG940,CTV940,BTH,Batam Hang Nadim Airport,Citilink,QG,A320,Airbus A320-214,PK-GLU,Departed 05:19,2026-08-11 05:31:57
CGK,departures,2026-08-10,05:15,,IU814,,PDG,Padang Minangkabau International Airport,Super Air Jet,IU,320,,,Canceled,2026-08-11 05:31:57
CGK,departures,2026-08-10,05:20,,JT292,,PKU,Pekanbaru Sultan Syarif Kasim II Airport,Lion Air,JT,738,,,Canceled,2026-08-11 05:31:57
CGK,departures,2026-08-10,05:25,05:34,SQ951,SIA951,SIN,Singapore Changi Airport,Singapore Airlines,SQ,A359,Airbus A350-941,9V-SHK,Departed 05:34,2026-08-11 05:31:54
CGK,departures,2026-08-10,05:25,05:44,IU682,SJV682,PNK,Pontianak Supadio Airport,Super Air Jet,IU,A320,Airbus A320-232,PK-SJP,Departed 05:44,2026-08-11 05:31:57
CGK,departures,2026-08-10,05:30,05:32,8B633,TNU633,PEN,Penang International Airport,TransNusa,8B,A321,Airbus A321-211,PK-TLM,Departed 05:32,2026-08-11 05:31:54
CGK,departures,2026-08-10,05:30,05:47,QG910,CTV910,KNO,Medan Kuala Namu International Airport,Citilink,QG,A320,Airbus A320-214,PK-GLY,Departed 05:47,2026-08-11 05:31:54
CGK,departures,2026-08-10,05:30,05:31,JT656,LNI656,LOP,Lombok International Airport,Lion Air,JT,B739,Boeing 737-9GP(ER),PK-LHR,Departed 05:31,2026-08-11 05:31:54
CGK,departures,2026-08-10,05:30,05:49,IU850,,BTH,Batam Hang Nadim Airport,Super Air Jet,IU,A320,Airbus A320-232,PK-SJV,Estimated dep 05:49*,2026-08-11 05:31:54
CGK,departures,2026-08-10,05:30,06:16,IN190,LKN190,PKN,Pangkalan Bun Iskandar Airport,Nam Air,IN,B735,Boeing 737-524,PK-NAU,Departed 06:16,2026-08-11 05:31:54
CGK,departures,2026-08-10,05:30,,ID6260,,UPG,Makassar Sultan Hasanuddin International Airport,Batik Air,ID,32A,,,Unknown,2026-08-11 05:31:54
CGK,departures,2026-08-10,05:30,05:51,ID6236,BTK6236,UPG,Makassar Sultan Hasanuddin International Airport,Batik Air,ID,A320,Airbus A320-214,PK-LAI,Departed 05:51,2026-08-11 05:31:54
CGK,departures,2026-08-10,05:30,05:46,GA604,GIA604,UPG,Makassar Sultan Hasanuddin International Airport,Garuda Indonesia,GA,B738,Boeing 737-8U3,PK-GMP,Departed 05:46,2026-08-11 05:31:54
CGK,departures,2026-08-10,05:45,05:56,QG936,CTV936,PKU,Pekanbaru Sultan Syarif Kasim II Airport,Citilink (Tiket.com Livery),QG,A320,Airbus A320-214,PK-GLZ,Departed 05:56,2026-08-11 05:31:54
CGK,departures,2026-08-10,05:50,06:30,IP810,PAS810,KDI,Kendari Haluoleo Airport,Pelita Air,IP,A320,Airbus A320-214,PK-PWD,Departed 06:30,2026-08-11 05:31:54
CGK,departures,2026-08-10,05:50,06:05,GA824,GIA824,SIN,Singapore Changi Airport,Garuda Indonesia,GA,B738,Boeing 737-8U3,PK-GMV,Departed 06:05,2026-08-11 05:31:54
CGK,departures,2026-08-10,06:00,06:34,QZ806,AWQ806,DPS,Denpasar Ngurah Rai International Airport,AirAsia,AK,A320,Airbus A320-216,PK-AZL,Departed 06:34,2026-08-11 05:31:54
CGK,departures,2026-08-10,06:00,06:00,SJ776,,TTE,Ternate Babullah Airport,Sriwijaya Air,SJ,735,,,Estimated dep 06:00*,2026-08-11 05:31:54
CGK,departures,2026-08-10,06:00,06:24,SJ54,SJY054,TJQ,Tanjung Pandan Buluh Tumbang Airport,BBN Airlines Indonesia,0B,B738,Boeing 737-8BK,PK-BBF,Departed 06:24,2026-08-11 05:31:54
CGK,departures,2026-08-10,06:00,,RI200,,BPN,Balikpapan Sepinggan Airport,Rimbun Air,RI,73Y,,,Unknown,2026-08-11 05:31:54
CGK,departures,2026-08-10,06:00,06:09,QG980,CTV980,PLM,Palembang International Airport,Citilink (Tiket.com Livery),QG,A320,Airbus A320-214,PK-GLW,Departed 06:09,2026-08-11 05:31:54
CGK,departures,2026-08-10,06:00,,JT3334,,PLM,Palembang International Airport,Lion Air,JT,739,,,Canceled,2026-08-11 05:31:54
CGK,departures,2026-08-10,06:00,06:19,IU796,SJV796,KOE,Kupang El Tari Airport,Super Air Jet,IU,A320,Airbus A320-232,PK-SAQ,Departed 06:19,2026-08-11 05:31:54
CGK,departures,2026-08-10,06:00,06:49,IU628,SJV628,BDJ,Banjarmasin Syamsudin Noor Airport,Super Air Jet,IU,A320,Airbus A320-232,PK-STS,Departed 06:49,2026-08-11 05:31:54
CGK,departures,2026-08-10,06:00,06:11,IU254,SJV254,PLW,Palu Mutiara Airport,Super Air Jet,IU,A320,Airbus A320-232,PK-SJR,Departed 06:11,2026-08-11 05:31:54
CGK,departures,2026-08-10,06:00,06:14,IP806,PAS806,UPG,Makassar Sultan Hasanuddin International Airport,Pelita Air,IP,A320,Airbus A320-232,PK-PWL,Departed 06:14,2026-08-11 05:31:54
CGK,departures,2026-08-10,06:00,06:00,IN170,,SMQ,Sampit Airport,Nam Air,IN,735,,,Estimated dep 06:00*,2026-08-11 05:31:54
CGK,departures,2026-08-10,06:00,06:07,ID6572,BTK6572,SUB,Surabaya Juanda International Airport,Batik Air,ID,A320,Airbus A320-214,PK-BKY,Departed 06:07,2026-08-11 05:31:54
CGK,departures,2026-08-10,06:00,06:42,ID6368,BTK6368,YIA,Yogyakarta International Airport,Batik Air,ID,A320,Airbus A320-232,PK-BKO,Departed 06:42,2026-08-11 05:31:54
CGK,departures,2026-08-10,06:00,06:20,ID6202,BTK6202,PKN,Pangkalan Bun Iskandar Airport,Batik Air,ID,A320,Airbus A320-214,PK-LUH,Departed 06:20,2026-08-11 05:31:54
CGK,departures,2026-08-10,06:05,06:19,QG738,CTV738,SUB,Surabaya Juanda International Airport,Citilink,QG,A20N,Airbus A320-251N,PK-GTC,Departed 06:19,2026-08-11 05:31:54
CGK,departures,2026-08-10,06:10,06:32,QZ222,AWQ222,PEN,Penang International Airport,AirAsia,AK,A320,Airbus A320-216,PK-AXT,Departed 06:32,2026-08-11 05:31:54
CGK,departures,2026-08-10,06:10,06:25,QG952,CTV952,PDG,Padang Minangkabau International Airport,Citilink,QG,A320,Airbus A320-214,PK-GQP,Departed 06:25,2026-08-11 05:31:54
CGK,departures,2026-08-10,06:10,06:28,NH836,ANA836,NRT,Tokyo Narita International Airport,All Nippon Airways,NH,B789,Boeing 787-9 Dreamliner,JA921A,Departed 06:28,2026-08-11 05:31:54
CGK,departures,2026-08-10,06:10,06:27,IP350,PAS350,PDG,Padang Minangkabau International Airport,Pelita Air,IP,A320,Airbus A320-214,PK-PWJ,Departed 06:27,2026-08-11 05:31:54
CGK,departures,2026-08-10,06:10,06:37,IP300,PAS300,KNO,Medan Kuala Namu International Airport,Pelita Air,IP,A320,Airbus A320-214,PK-PWE,Departed 06:37,2026-08-11 05:31:54
CGK,departures,2026-08-10,06:15,06:36,GA150,GIA150,BTH,Batam Hang Nadim Airport,Garuda Indonesia (From Nature to Future Livery),GA,B738,Boeing 737-8U3,PK-GFX,Departed 06:36,2026-08-11 05:31:54
CGK,departures,2026-08-10,06:20,06:34,QG904,CTV904,TKG,Bandar Lampung Radin Inten II Airport,Citilink,QG,A320,Airbus A320-214,PK-GQJ,Departed 06:34,2026-08-11 05:31:54
CGK,departures,2026-08-10,06:20,06:39,QG522,CTV522,SIN,Singapore Changi Airport,Citilink,QG,A320,Airbus A320-214,PK-GQQ,Departed 06:39,2026-08-11 05:31:54
CGK,departures,2026-08-10,06:20,06:29,IU696,SJV696,PNK,Pontianak Supadio Airport,Super Air Jet,IU,A320,Airbus A320-232,PK-SJW,Departed 06:29,2026-08-11 05:31:54
CGK,departures,2026-08-10,06:20,,IP140,,LOP,Lombok International Airport,Pelita Air,IP,320,,,Unknown,2026-08-11 05:31:54
CGK,departures,2026-08-10,06:30,06:40,QZ724,AWQ724,DTB,Siborong-Borong Silangit Airport,AirAsia,AK,A320,Airbus A320-214,PK-AZA,Departed 06:40,2026-08-11 05:31:54
CGK,departures,2026-08-10,06:30,06:47,IU908,SJV908,PDG,Padang Minangkabau International Airport,Super Air Jet (Xpora Livery),IU,A320,Airbus A320-232,PK-SAE,Departed 06:47,2026-08-11 05:31:54
CGK,departures,2026-08-10,06:30,08:42,IU820,SJV820,PGK,Pangkal Pinang Depati Amir Airport,Super Air Jet,IU,A320,Airbus A320-232,PK-SGD,Departed 08:42,2026-08-11 05:31:54
CGK,departures,2026-08-10,06:30,06:54,IP200,PAS200,SUB,Surabaya Juanda International Airport,Pelita Air,IP,A320,Airbus A320-214,PK-PWG,Departed 06:54,2026-08-11 05:31:54
CGK,departures,2026-08-10,06:30,06:44,GA530,GIA530,BDJ,Banjarmasin Syamsudin Noor Airport,Garuda Indonesia,GA,B738,Boeing 737-8H6,PK-GUL,Departed 06:44,2026-08-11 05:31:54
CGK,departures,2026-08-10,06:35,06:42,ID6338,BTK6338,SRG,Semarang Achmad Yani International Airport,Batik Air,ID,A320,Airbus A320-232,PK-BKM,Departed 06:42,2026-08-11 05:31:54
CGK,departures,2026-08-10,06:40,06:52,IU800,SJV800,TKG,Bandar Lampung Radin Inten II Airport,Super Air Jet,IU,A320,Airbus A320-232,PK-SJT,Departed 06:52,2026-08-11 05:31:54
CGK,departures,2026-08-10,06:40,07:07,IP320,PAS320,PKU,Pekanbaru Sultan Syarif Kasim II Airport,Pelita Air,IP,A320,Airbus A320-214,PK-PWQ,Departed 07:07,2026-08-11 05:31:54
CGK,departures,2026-08-10,06:40,06:58,GA160,GIA160,PDG,Padang Minangkabau International Airport,Garuda Indonesia (Livin' by Mandiri Livery),GA,B738,Boeing 737-86N,PK-GFI,Departed 06:58,2026-08-11 05:31:54
CGK,departures,2026-08-10,06:45,06:50,QZ242,AWQ242,JHB,Johor Bahru Senai International Airport,AirAsia (Lombok Livery),AK,A320,Airbus A320-216,PK-AXU,Departed 06:50,2026-08-11 05:31:54
CGK,departures,2026-08-10,06:45,06:49,QG840,CTV840,BTH,Batam Hang Nadim Airport,Citilink,QG,A320,Airbus A320-214,PK-GQH,Departed 06:49,2026-08-11 05:31:54
CGK,departures,2026-08-10,06:45,07:10,IU956,SJV956,DTB,Siborong-Borong Silangit Airport,Super Air Jet,IU,A320,Airbus A320-232,PK-STH,Departed 07:10,2026-08-11 05:31:54
CGK,departures,2026-08-10,06:45,07:02,GA456,GIA456,KOE,Kupang El Tari Airport,Garuda Indonesia,GA,B738,Boeing 737-86N,PK-GFS,Departed 07:02,2026-08-11 05:31:54
CGK,departures,2026-08-10,06:50,06:39,MF8684,CXA8684,WUH,Wuhan Tianhe International Airport,Xiamen Air,MF,B38M,Boeing 737 MAX 8,B-1139,Departed 06:39,2026-08-11 05:31:54
CGK,departures,2026-08-10,06:50,07:08,IP310,PAS310,PLM,Palembang International Airport,Pelita Air,IP,A320,Airbus A320-214,PK-PWC,Departed 07:08,2026-08-11 05:31:54
CGK,departures,2026-08-10,06:50,07:05,GA304,GIA304,SUB,Surabaya Juanda International Airport,Garuda Indonesia,GA,B738,Boeing 737-8U3,PK-GMF,Departed 07:05,2026-08-11 05:31:54
CGK,departures,2026-08-10,06:55,06:58,QG884,CTV884,DTB,Siborong-Borong Silangit Airport,Citilink,QG,A320,Airbus A320-214,PK-GLN,Departed 06:58,2026-08-11 05:31:54
CGK,departures,2026-08-10,07:00,07:00,QG960,CTV960,DJB,Jambi Sultan Thaha Airport,Citilink,QG,A320,Airbus A320-214,PK-GQM,Departed 07:00,2026-08-11 05:31:54
CGK,departures,2026-08-10,07:00,07:07,QG480,CTV480,BDJ,Banjarmasin Syamsudin Noor Airport,Citilink Garuda Indonesia,QG,A320,Airbus A320-214,PK-GQT,Departed 07:07,2026-08-11 05:31:54
CGK,departures,2026-08-10,07:00,07:14,NH872,ANA872,HND,Tokyo Haneda International Airport,All Nippon Airways,NH,B788,Boeing 787-8 Dreamliner,JA832A,Departed 07:14,2026-08-11 05:31:54
CGK,departures,2026-08-10,07:00,08:55,IU924,SJV924,PLM,Palembang International Airport,Super Air Jet,IU,A320,Airbus A320-232,PK-SAW,Departed 08:55,2026-08-11 05:31:54
CGK,departures,2026-08-10,07:00,,IU846,,DJB,Jambi Sultan Thaha Airport,Super Air Jet,IU,320,,,Canceled,2026-08-11 05:31:54
CGK,departures,2026-08-10,07:00,08:32,IU762,SJV762,LOP,Lombok International Airport,Super Air Jet,IU,A320,Airbus A320-232,PK-STC,Departed 08:32,2026-08-11 05:31:54
CGK,departures,2026-08-10,07:00,08:31,IU510,SJV510,BPN,Balikpapan Sepinggan Airport,Super Air Jet,IU,A320,Airbus A320-232,PK-SGA,Departed 08:31,2026-08-11 05:31:54
CGK,departures,2026-08-10,07:00,07:09,ID7011,BTK7011,KNO,Medan Kuala Namu International Airport,Batik Air,ID,A320,Airbus A320-214,PK-LAY,Departed 07:09,2026-08-11 05:31:54
CGK,departures,2026-08-10,07:00,07:18,GA610,GIA610,UPG,Makassar Sultan Hasanuddin International Airport,Garuda Indonesia,GA,B738,Boeing 737-86N,PK-GFJ,Departed 07:18,2026-08-11 05:31:54
CGK,departures,2026-08-10,07:05,07:12,GA182,GIA182,KNO,Medan Kuala Namu International Airport,Garuda Indonesia,GA,B738,Boeing 737-8SH,PK-GUE,Departed 07:12,2026-08-11 05:31:54
CGK,departures,2026-08-10,07:05,07:11,QZ178,AWQ178,TKG,Bandar Lampung Radin Inten II Airport,AirAsia (Colours of Indonesia Livery),AK,A320,Airbus A320-216,PK-AXD,Departed 07:11,2026-08-11 05:31:54
CGK,departures,2026-08-10,07:05,07:01,MF856,CXA856,FOC,Fuzhou Changle International Airport,Xiamen Air,MF,B38M,Boeing 737 MAX 8,B-227A,Departed 07:01,2026-08-11 05:31:54
CGK,departures,2026-08-10,07:05,07:21,GA402,GIA402,DPS,Denpasar Ngurah Rai International Airport,Garuda Indonesia,GA,B738,Boeing 737-8U3,PK-GNA,Departed 07:21,2026-08-11 05:31:54
CGK,departures,2026-08-10,07:10,07:19,8B5104,TNU5104,DPS,Denpasar Ngurah Rai International Airport,TransNusa,8B,A320,Airbus A320-214,PK-TLO,Departed 07:19,2026-08-11 05:31:54
CGK,departures,2026-08-10,07:15,07:27,IP616,PAS616,BDJ,Banjarmasin Syamsudin Noor Airport,Pelita Air,IP,A320,Airbus A320-214,PK-PWH,Departed 07:27,2026-08-11 05:31:54
CGK,departures,2026-08-10,07:20,07:22,IP988,PAS988,SIN,Singapore Changi Airport,Pelita Air,IP,A320,Airbus A320-214,PK-PWK,Departed 07:22,2026-08-11 05:31:54
CGK,departures,2026-08-10,07:30,07:33,ID6228,BTK6228,PNK,Pontianak Supadio Airport,Batik Air,ID,A320,Airbus A320-214,PK-LAJ,Departed 07:33,2026-08-11 05:31:54
CGK,departures,2026-08-10,07:30,07:51,GA432,GIA432,LOP,Lombok International Airport,Garuda Indonesia,GA,B738,Boeing 737-8BK,PK-GFG,Departed 07:51,2026-08-11 05:31:54
CGK,departures,2026-08-10,07:30,07:50,GA140,GIA140,BTJ,Banda Aceh International Airport,Garuda Indonesia,GA,B738,Boeing 737-8SA,PK-GUI,Departed 07:50,2026-08-11 05:31:54
CGK,departures,2026-08-10,07:35,07:54,GA232,GIA232,SRG,Semarang Achmad Yani International Airport,Garuda Indonesia,GA,B738,Boeing 737-8SA,PK-GUH,Departed 07:54,2026-08-11 05:31:54
CGK,departures,2026-08-10,07:35,07:38,QG972,CTV972,PGK,Pangkal Pinang Depati Amir Airport,Citilink,QG,A320,Airbus A320-214,PK-GQE,Departed 07:38,2026-08-11 05:31:54
CGK,departures,2026-08-10,07:35,07:43,GA102,GIA102,PLM,Palembang International Airport,Garuda Indonesia,GA,B738,Boeing 737-8U3,PK-GUG,Departed 07:43,2026-08-11 05:31:54
CGK,departures,2026-08-10,07:40,08:08,IU856,SJV856,BTH,Batam Hang Nadim Airport,Super Air Jet,IU,A320,Airbus A320-232,PK-SJA,Departed 08:08,2026-08-11 05:31:54
CGK,departures,2026-08-10,07:45,07:49,ID7153,BTK7153,SIN,Singapore Changi Airport,Batik Air,ID,A320,Airbus A320-214,PK-LAM,Departed 07:49,2026-08-11 05:31:54
CGK,departures,2026-08-10,07:50,08:03,GA580,GIA580,AAP,Samarinda AP Tumenggung Pranoto Airport,Garuda Indonesia (Pocari Sweat Livery),GA,B738,Boeing 737-86N,PK-GNN,Departed 08:03,2026-08-11 05:31:54
CGK,departures,2026-08-10,07:50,08:01,GA302,GIA302,SUB,Surabaya Juanda International Airport,Garuda Indonesia,GA,B738,Boeing 737-81D,PK-GFR,Departed 08:01,2026-08-11 05:31:54
CGK,departures,2026-08-10,07:50,07:55,GA204,GIA204,YIA,Yogyakarta International Airport,Garuda Indonesia,GA,B738,Boeing 737-8U3,PK-GMD,Departed 07:55,2026-08-11 05:31:54
CGK,departures,2026-08-10,07:55,07:57,8B151,TNU151,SIN,Singapore Changi Airport,TransNusa,8B,A321,Airbus A321-211,PK-TLK,Departed 07:57,2026-08-11 05:31:54
CGK,departures,2026-08-10,07:55,,IU812,,PDG,Padang Minangkabau International Airport,Super Air Jet,IU,320,,,Canceled,2026-08-11 05:31:54
CGK,departures,2026-08-10,07:55,08:11,GA172,GIA172,PKU,Pekanbaru Sultan Syarif Kasim II Airport,Garuda Indonesia,GA,B738,Boeing 737-8U3,PK-GMW,Departed 08:11,2026-08-11 05:31:54
CGK,departures,2026-08-10,08:00,08:19,SL117,TLM117,DMK,Bangkok Don Mueang International Airport,Thai Lion Air,SL,B738,Boeing 737-8GP,HS-LUV,Departed 08:19,2026-08-11 05:31:54
CGK,departures,2026-08-10,08:00,,RI310,,GTO,Gorontalo Jalaluddin Airport,Rimbun Air,RI,73Y,,,Unknown,2026-08-11 05:31:54
CGK,departures,2026-08-10,08:00,08:07,QG912,CTV912,KNO,Medan Kuala Namu International Airport,Citilink,QG,A320,Airbus A320-214,PK-GLR,Departed 08:07,2026-08-11 05:31:54
CGK,departures,2026-08-10,08:00,,IU834,,BKS,Bengkulu Fatmawati Soekarno Airport,Super Air Jet,IU,320,,,Canceled,2026-08-11 05:31:54
CGK,departures,2026-08-10,08:00,,IU512,,BPN,Balikpapan Sepinggan Airport,Super Air Jet,IU,320,,,Canceled,2026-08-11 05:31:54
CGK,departures,2026-08-10,08:00,08:25,ID7533,BTK7533,YIA,Yogyakarta International Airport,Batik Air,ID,A320,Airbus A320-214,PK-BLC,Departed 08:25,2026-08-11 05:31:54
CGK,departures,2026-08-10,08:00,08:25,ID6584,BTK6584,SUB,Surabaya Juanda International Airport,Batik Air (Book Cabin Sticker),ID,A320,Airbus A320-214,PK-LAF,Departed 08:25,2026-08-11 05:31:54
CGK,departures,2026-08-10,08:00,08:13,ID6852,BTK6852,PKU,Pekanbaru Sultan Syarif Kasim II Airport,Batik Air,ID,A320,Airbus A320-214,PK-BKT,Departed 08:13,2026-08-11 05:31:54
CGK,departures,2026-08-10,08:00,08:16,CX718,CPA718,HKG,Hong Kong International Airport,Cathay Pacific,CX,B773,Boeing 777-367,B-HNN,Departed 08:16,2026-08-11 05:31:54
CGK,departures,2026-08-10,08:05,08:22,SQ953,SIA953,SIN,Singapore Changi Airport,Singapore Airlines,SQ,B77W,Boeing 777-312(ER),9V-SNC,Departed 08:22,2026-08-11 05:31:54
CGK,departures,2026-08-10,08:05,08:15,QG762,CTV762,SOC,Surakarta Adisumarmo International Airport,Citilink,QG,A320,Airbus A320-214,PK-GQG,Departed 08:15,2026-08-11 05:31:54
CGK,departures,2026-08-10,08:05,08:13,QG438,CTV438,BPN,Balikpapan Sepinggan Airport,Citilink,QG,A320,Airbus A320-214,PK-GQD,Departed 08:13,2026-08-11 05:31:54
CGK,departures,2026-08-10,08:05,08:12,JT204,,KNO,Medan Kuala Namu International Airport,Lion Air,JT,739,,,Estimated dep 08:12*,2026-08-11 05:31:54
CGK,departures,2026-08-10,08:15,09:00,QG722,CTV722,SUB,Surabaya Juanda International Airport,Citilink,QG,A320,Airbus A320-214,PK-GLV,Departed 09:00,2026-08-11 05:31:54
CGK,departures,2026-08-10,08:15,08:29,GA898,GIA898,CAN,Guangzhou Baiyun International Airport,Garuda Indonesia,GA,B738,Boeing 737-8U3,PK-GMC,Departed 08:29,2026-08-11 05:31:54
CGK,departures,2026-08-10,08:20,08:27,QZ808,AWQ808,DPS,Denpasar Ngurah Rai International Airport,AirAsia,AK,A320,Airbus A320-216,PK-AZK,Departed 08:27,2026-08-11 05:31:51
CGK,departures,2026-08-10,08:20,,ID6860,,BTH,Batam Hang Nadim Airport,Batik Air,ID,32A,,,Canceled,2026-08-11 05:31:54
CGK,departures,2026-08-10,08:25,08:34,IP202,PAS202,SUB,Surabaya Juanda International Airport,Pelita Air,IP,A320,Airbus A320-214,PK-PWP,Departed 08:34,2026-08-11 05:31:51
CGK,departures,2026-08-10,08:30,09:39,JT30,LNI030,DPS,Denpasar Ngurah Rai International Airport,Lion Air,JT,B739,Boeing 737-9GP(ER),PK-LSK,Departed 09:39,2026-08-11 05:31:51
CGK,departures,2026-08-10,08:30,09:06,IU370,SJV370,BWX,Blimbingsari Airport,Super Air Jet,IU,A320,Airbus A320-232,PK-STF,Departed 09:06,2026-08-11 05:31:51
CGK,departures,2026-08-10,08:30,08:51,GA820,GIA820,KUL,Kuala Lumpur International Airport,Garuda Indonesia,GA,B738,Boeing 737-8U3,PK-GFW,Departed 08:51,2026-08-11 05:31:51
CGK,departures,2026-08-10,08:35,08:51,JT1994,,UPG,Makassar Sultan Hasanuddin International Airport,Lion Air,JT,738,,,Estimated dep 08:51*,2026-08-11 05:31:51
CGK,departures,2026-08-10,08:35,08:46,JT892,LNI892,UPG,Makassar Sultan Hasanuddin International Airport,Lion Air,JT,B739,Boeing 737-9GP(ER),PK-LHP,Departed 08:46,2026-08-11 05:31:51
CGK,departures,2026-08-10,08:35,,IU922,,PLM,Palembang International Airport,Super Air Jet,IU,320,,,Canceled,2026-08-11 05:31:51
CGK,departures,2026-08-10,08:35,08:49,IP342,PAS342,BTJ,Banda Aceh International Airport,Pelita Air,IP,A320,Airbus A320-214,PK-PWO,Departed 08:49,2026-08-11 05:31:51
CGK,departures,2026-08-10,08:35,08:48,ID6566,BTK6566,MLG,Malang Abdul Rachman Saleh Airport,Batik Air,ID,A320,Airbus A320-214,PK-BKV,Departed 08:48,2026-08-11 05:31:51
CGK,departures,2026-08-10,08:35,08:53,GA828,GIA828,SIN,Singapore Changi Airport,Garuda Indonesia,GA,B738,Boeing 737-8U3,PK-GUF,Departed 08:53,2026-08-11 05:31:51
CGK,departures,2026-08-10,08:35,08:58,GA564,GIA564,BPN,Balikpapan Sepinggan Airport,Garuda Indonesia,GA,B738,Boeing 737-8SH,PK-GUJ,Departed 08:58,2026-08-11 05:31:51
CGK,departures,2026-08-10,08:35,08:45,AK381,AXM381,KUL,Kuala Lumpur International Airport,AirAsia,AK,A320,Airbus A320-216,9M-AQE,Departed 08:45,2026-08-11 05:31:51
CGK,departures,2026-08-10,08:45,09:01,GA222,GIA222,SOC,Surakarta Adisumarmo International Airport,Garuda Indonesia,GA,B738,Boeing 737-8U3,PK-GNC,Departed 09:01,2026-08-11 05:31:51
CGK,departures,2026-08-10,08:50,09:04,ID6804,BTK6804,DJB,Jambi Sultan Thaha Airport,Batik Air,ID,A320,Airbus A320-214,PK-LUU,Departed 09:04,2026-08-11 05:31:51
CGK,departures,2026-08-10,08:50,09:10,GA322,GIA322,SUB,Surabaya Juanda International Airport,Garuda Indonesia (Retro 1960 Livery),GA,B738,Boeing 737-8U3,PK-GFM,Departed 09:10,2026-08-11 05:31:51
CGK,departures,2026-08-10,09:00,09:15,QR959,QTR959,DOH,Doha Hamad International Airport,Qatar Airways,QR,A359,Airbus A350-941,A7-ALQ,Departed 09:15,2026-08-11 05:31:51
CGK,departures,2026-08-10,09:00,09:14,QG490,CTV490,BDJ,Banjarmasin Syamsudin Noor Airport,Citilink,QG,A20N,Airbus A320-251N,PK-GTA,Departed 09:14,2026-08-11 05:31:51
CGK,departures,2026-08-10,09:00,09:04,QG640,CTV640,LOP,Lombok International Airport,Citilink,QG,A320,Airbus A320-214,PK-GLG,Departed 09:04,2026-08-11 05:31:51
CGK,departures,2026-08-10,09:00,09:12,OD399,MXD399,KUL,Kuala Lumpur International Airport,Batik Air,ID,B738,Boeing 737-8GP,9M-LNR,Departed 09:12,2026-08-11 05:31:51
CGK,departures,2026-08-10,09:00,10:15,JT256,LNI256,PDG,Padang Minangkabau International Airport,Lion Air,JT,B738,Boeing 737-8GP,PK-LKQ,Departed 10:15,2026-08-11 05:31:51
CGK,departures,2026-08-10,09:00,10:44,IU602,SJV602,BPN,Balikpapan Sepinggan Airport,Super Air Jet,IU,A320,Airbus A320-232,PK-SJP,Departed 10:44,2026-08-11 05:31:51
CGK,departures,2026-08-10,09:00,09:14,ID7157,BTK7157,SIN,Singapore Changi Airport,Batik Air,ID,A320,Airbus A320-214,PK-BKP,Departed 09:14,2026-08-11 05:31:51
CGK,departures,2026-08-10,09:00,09:08,GA990,GIA990,JED,Jeddah King Abdulaziz International Airport,Garuda Indonesia,GA,B77W,Boeing 777-3U3(ER),PK-GIH,Departed 09:08,2026-08-11 05:31:51
CGK,departures,2026-08-10,09:05,09:41,QG932,CTV932,PKU,Pekanbaru Sultan Syarif Kasim II Airport,Citilink,QG,A320,Airbus A320-214,PK-GQJ,Departed 09:41,2026-08-11 05:31:51
CGK,departures,2026-08-10,09:05,09:08,JT694,LNI694,SUB,Surabaya Juanda International Airport,Lion Air (Bookcabin Livery),JT,B738,Boeing 737-8GP,PK-LJY,Departed 09:08,2026-08-11 05:31:51
CGK,departures,2026-08-10,09:05,09:05,JT241,,SUB,Surabaya Juanda International Airport,Lion Air,JT,739,,,Estimated dep 09:05*,2026-08-11 05:31:51
CGK,departures,2026-08-10,09:05,,ID6762,,UPG,Makassar Sultan Hasanuddin International Airport,Batik Air,ID,32A,,,Unknown,2026-08-11 05:31:51
CGK,departures,2026-08-10,09:05,09:35,ID6554,,UPG,Makassar Sultan Hasanuddin International Airport,Batik Air,ID,32A,,,Estimated dep 09:35*,2026-08-11 05:31:51
CGK,departures,2026-08-10,09:05,09:22,ID6292,BTK6292,UPG,Makassar Sultan Hasanuddin International Airport,Batik Air,ID,A320,Airbus A320-214,PK-LUW,Departed 09:22,2026-08-11 05:31:51
CGK,departures,2026-08-10,09:05,09:24,ID6256,BTK6256,AAP,Samarinda AP Tumenggung Pranoto Airport,Batik Air,ID,A320,Airbus A320-214,PK-BLD,Departed 09:24,2026-08-11 05:31:51
CGK,departures,2026-08-10,09:05,09:20,GA126,GIA126,DJB,Jambi Sultan Thaha Airport,Garuda Indonesia,GA,B738,Boeing 737-8U3,PK-GFD,Departed 09:20,2026-08-11 05:31:51
CGK,departures,2026-08-10,09:10,04:11,SV817,SVA817D,JED,Jeddah King Abdulaziz International Airport,Saudia,SV,B77W,Boeing 777-368(ER),HZ-AK18,Departed 04:11,2026-08-11 05:31:51
CGK,departures,2026-08-10,09:10,09:10,SJ74,,PGK,Pangkal Pinang Depati Amir Airport,Sriwijaya Air,SJ,735,,,Estimated dep 09:10*,2026-08-11 05:31:51
CGK,departures,2026-08-10,09:10,09:27,QG994,CTV994,TKG,Bandar Lampung Radin Inten II Airport,Citilink,QG,A320,Airbus A320-214,PK-GLT,Departed 09:27,2026-08-11 05:31:51
CGK,departures,2026-08-10,09:10,09:18,QG772,CTV772,YIA,Yogyakarta International Airport,Citilink,QG,A320,Airbus A320-214,PK-GQS,Departed 09:18,2026-08-11 05:31:51
CGK,departures,2026-08-10,09:10,09:27,MH712,MAS712,KUL,Kuala Lumpur International Airport,Malaysia Airlines,MH,B38M,Boeing 737 MAX 8,9M-MVD,Departed 09:27,2026-08-11 05:31:51
CGK,departures,2026-08-10,09:10,12:58,IP102,PAS102,DPS,Denpasar Ngurah Rai International Airport,Pelita Air,IP,A320,Airbus A320-214,PK-PWK,Departed 12:58,2026-08-11 05:31:51
CGK,departures,2026-08-10,09:10,09:18,CZ388,CSN388,CAN,Guangzhou Baiyun International Airport,China Southern Airlines,CZ,A21N,Airbus A321-251NX,B-32KZ,Departed 09:18,2026-08-11 05:31:51
CGK,departures,2026-08-10,09:15,09:20,QG718,CTV718,SUB,Surabaya Juanda International Airport,Citilink,QG,A320,Airbus A320-214,PK-GLX,Departed 09:20,2026-08-11 05:31:51
CGK,departures,2026-08-10,09:15,,ID7161,,PEN,Penang International Airport,Batik Air,ID,738,,,Unknown,2026-08-11 05:31:51
CGK,departures,2026-08-10,09:20,09:34,GA600,GIA600,MDC,Manado Sam Ratulangi International Airport,Garuda Indonesia,GA,B738,Boeing 737-81M,PK-GUA,Departed 09:34,2026-08-11 05:31:51
CGK,departures,2026-08-10,09:25,10:05,SQ955,SIA955,SIN,Singapore Changi Airport,Singapore Airlines,SQ,A359,Airbus A350-941,9V-SMI,Departed 10:05,2026-08-11 05:31:51
CGK,departures,2026-08-10,09:25,10:12,ID7631,BTK7631,DMK,Bangkok Don Mueang International Airport,Batik Air,ID,A320,Airbus A320-214,PK-BKU,Departed 10:12,2026-08-11 05:31:51
CGK,departures,2026-08-10,09:25,09:38,ID6824,BTK6824,TNJ,Tanjung Pinang Raja Haji Fisabilillah Airport,Batik Air,ID,A320,Airbus A320-214,PK-LUG,Departed 09:38,2026-08-11 05:31:51
CGK,departures,2026-08-10,09:25,09:44,GA148,GIA148,PDG,Padang Minangkabau International Airport,Garuda Indonesia (Ayo Pakai Masker Livery),GA,B738,Boeing 737-81D,PK-GFQ,Departed 09:44,2026-08-11 05:31:51
CGK,departures,2026-08-10,09:30,,JT170,,TKG,Bandar Lampung Radin Inten II Airport,Lion Air,JT,738,,,Canceled,2026-08-11 05:31:51
CGK,departures,2026-08-10,09:30,,ID6658,,LOP,Lombok International Airport,Batik Air,ID,32A,,,Canceled,2026-08-11 05:31:51
CGK,departures,2026-08-10,09:30,09:41,GA866,GIA866,BKK,Bangkok Suvarnabhumi Airport,Garuda Indonesia,GA,B738,Boeing 737-86N,PK-GFU,Departed 09:41,2026-08-11 05:31:51
CGK,departures,2026-08-10,09:30,09:55,GA404,GIA404,DPS,Denpasar Ngurah Rai International Airport,Garuda Indonesia,GA,B738,Boeing 737-8U3,PK-GMA,Departed 09:55,2026-08-11 05:31:51
CGK,departures,2026-08-10,09:30,09:49,GA184,GIA184,KNO,Medan Kuala Namu International Airport,Garuda Indonesia,GA,B738,Boeing 737-8U3,PK-GMI,Departed 09:49,2026-08-11 05:31:51
CGK,departures,2026-08-10,09:35,09:46,TR275,TGW275,SIN,Singapore Changi Airport,Scoot,TR,A20N,Airbus A320-271N,9V-TNM,Departed 09:46,2026-08-11 05:31:51
CGK,departures,2026-08-10,09:35,09:37,QZ530,AWQ530,KCH,Kuching International Airport,AirAsia,AK,A320,Airbus A320-216,PK-AZF,Departed 09:37,2026-08-11 05:31:51
CGK,departures,2026-08-10,09:35,09:42,QG752,CTV752,MLG,Malang Abdul Rachman Saleh Airport,Citilink (Tiket.com Livery),QG,A320,Airbus A320-214,PK-GLW,Departed 09:42,2026-08-11 05:31:51
CGK,departures,2026-08-10,09:35,,JT712,,PNK,Pontianak Supadio Airport,Lion Air,JT,738,,,Unknown,2026-08-11 05:31:51
CGK,departures,2026-08-10,09:35,09:53,GA152,GIA152,BTH,Batam Hang Nadim Airport,Garuda Indonesia,GA,B738,Boeing 737-81M,PK-GUC,Departed 09:53,2026-08-11 05:31:51
CGK,departures,2026-08-10,09:40,10:31,SJ72,SJY072,PGK,Pangkal Pinang Depati Amir Airport,BBN Airlines Indonesia,0B,B738,Boeing 737-8BK,PK-BBF,Departed 10:31,2026-08-11 05:31:51
CGK,departures,2026-08-10,09:40,09:40,SJ60,,DJB,Jambi Sultan Thaha Airport,Sriwijaya Air,SJ,735,,,Estimated dep 09:40*,2026-08-11 05:31:51
CGK,departures,2026-08-10,09:40,09:52,JT34,LNI034,DPS,Denpasar Ngurah Rai International Airport,Lion Air,JT,B39M,Boeing 737 MAX 9,PK-LRH,Departed 09:52,2026-08-11 05:31:51
CGK,departures,2026-08-10,09:40,10:01,GA646,GIA646,AMQ,Ambon Pattimura Airport,Garuda Indonesia,GA,B738,Boeing 737-8U3,PK-GNR,Departed 10:01,2026-08-11 05:31:51
CGK,departures,2026-08-10,09:50,09:57,ID6526,BTK6526,LBJ,Labuan Bajo Komodo Airport,Batik Air,ID,A320,Airbus A320-232,PK-BKL,Departed 09:57,2026-08-11 05:31:51
CGK,departures,2026-08-10,09:50,10:05,QG984,CTV984,PLM,Palembang International Airport,Citilink,QG,A320,Airbus A320-214,PK-GLL,Departed 10:05,2026-08-11 05:31:51
CGK,departures,2026-08-10,09:50,09:50,JT2778,,UPG,Makassar Sultan Hasanuddin International Airport,Lion Air,JT,738,,,Estimated dep 09:50*,2026-08-11 05:31:51
CGK,departures,2026-08-10,09:50,10:03,JT1774,,UPG,Makassar Sultan Hasanuddin International Airport,Lion Air,JT,738,,,Estimated dep 10:03*,2026-08-11 05:31:51
CGK,departures,2026-08-10,09:50,09:50,JT1740,,UPG,Makassar Sultan Hasanuddin International Airport,Lion Air,JT,739,,,Estimated dep 09:50*,2026-08-11 05:31:51
CGK,departures,2026-08-10,09:50,10:03,JT774,LNI774,UPG,Makassar Sultan Hasanuddin International Airport,Lion Air,JT,B738,Boeing 737-8GP,PK-LPK,Departed 10:03,2026-08-11 05:31:51
CGK,departures,2026-08-10,09:50,11:01,IU626,SJV626,BDJ,Banjarmasin Syamsudin Noor Airport,Super Air Jet,IU,A320,Airbus A320-232,PK-SAH,Departed 11:01,2026-08-11 05:31:51
CGK,departures,2026-08-10,09:50,10:13,ID6819,,YIA,Yogyakarta International Airport,Batik Air,ID,32A,,,Estimated dep 10:13*,2026-08-11 05:31:51
CGK,departures,2026-08-10,09:50,,ID6807,,SRG,Semarang Achmad Yani International Airport,Batik Air,ID,32A,,,Unknown,2026-08-11 05:31:51
CGK,departures,2026-08-10,09:50,10:36,ID6378,BTK6378,YIA,Yogyakarta International Airport,Batik Air,ID,A320,Airbus A320-232,PK-BKO,Departed 10:36,2026-08-11 05:31:51
CGK,departures,2026-08-10,09:50,10:00,ID6350,BTK6350,SRG,Semarang Achmad Yani International Airport,Batik Air,ID,A320,Airbus A320-233,PK-BKG,Departed 10:00,2026-08-11 05:31:51
CGK,departures,2026-08-10,09:55,10:15,GA202,GIA202,YIA,Yogyakarta International Airport,Garuda Indonesia,GA,B738,Boeing 737-8U3,PK-GNE,Departed 10:15,2026-08-11 05:31:51
CGK,departures,2026-08-10,10:00,10:20,QG686,CTV686,DPS,Denpasar Ngurah Rai International Airport,Citilink,QG,A320,Airbus A320-214,PK-GQA,Departed 10:20,2026-08-11 05:31:51
CGK,departures,2026-08-10,10:00,10:10,IU830,SJV830,BKS,Bengkulu Fatmawati Soekarno Airport,Super Air Jet,IU,A320,Airbus A320-232,PK-SJT,Departed 10:10,2026-08-11 05:31:51
CGK,departures,2026-08-10,10:00,10:17,ID7282,BTK7282,KUL,Kuala Lumpur International Airport,Batik Air,ID,B738,Boeing 737-8GP,PK-LBK,Departed 10:17,2026-08-11 05:31:51
CGK,departures,2026-08-10,10:00,10:07,AK1572,AXM1572,PEN,Penang International Airport,AirAsia,AK,A320,Airbus A320-216,9M-AQQ,Departed 10:07,2026-08-11 05:31:51
CGK,departures,2026-08-10,10:05,10:05,JT873,,KNO,Medan Kuala Namu International Airport,Lion Air,JT,739,,,Estimated dep 10:05*,2026-08-11 05:31:51
CGK,departures,2026-08-10,10:05,10:23,JT390,LNI390,PKU,Pekanbaru Sultan Syarif Kasim II Airport,Lion Air,JT,B739,Boeing 737-9GP(ER),PK-LQT,Departed 10:23,2026-08-11 05:31:51
CGK,departures,2026-08-10,10:05,11:27,JT206,LNI206,KNO,Medan Kuala Namu International Airport,Lion Air,JT,B739,Boeing 737-9GP(ER),PK-LHR,Departed 11:27,2026-08-11 05:31:51
CGK,departures,2026-08-10,10:05,,IU842,,DJB,Jambi Sultan Thaha Airport,Super Air Jet,IU,320,,,Canceled,2026-08-11 05:31:51
CGK,departures,2026-08-10,10:10,,ID6708,,TKG,Bandar Lampung Radin Inten II Airport,Batik Air,ID,32A,,,Unknown,2026-08-11 05:31:51
CGK,departures,2026-08-10,10:10,10:14,QZ802,AWQ802,DPS,Denpasar Ngurah Rai International Airport,AirAsia (Colours of Indonesia Livery),AK,A320,Airbus A320-216,PK-AXD,Departed 10:14,2026-08-11 05:31:51
CGK,departures,2026-08-10,10:15,,IU822,,PGK,Pangkal Pinang Depati Amir Airport,Super Air Jet,IU,320,,,Canceled,2026-08-11 05:31:51
CGK,departures,2026-08-10,10:15,10:19,ID6864,BTK6864,BTH,Batam Hang Nadim Airport,Batik Air,ID,A320,Airbus A320-214,PK-LUH,Departed 10:19,2026-08-11 05:31:51
CGK,departures,2026-08-10,10:20,10:34,ID6674,BTK6674,TRK,Tarakan Juwata International Airport,Batik Air,ID,A320,Airbus A320-214,PK-LAL,Departed 10:34,2026-08-11 05:31:51
CGK,departures,2026-08-10,10:20,10:26,GA136,GIA136,PGK,Pangkal Pinang Depati Amir Airport,Garuda Indonesia,GA,B738,Boeing 737-8U3,PK-GFP,Departed 10:26,2026-08-11 05:31:51
CGK,departures,2026-08-10,10:25,10:33,QG974,CTV974,TNJ,Tanjung Pinang Raja Haji Fisabilillah Airport,Citilink,QG,A320,Airbus A320-214,PK-GLU,Departed 10:33,2026-08-11 05:31:51
CGK,departures,2026-08-10,10:25,10:50,QG970,CTV970,PGK,Pangkal Pinang Depati Amir Airport,Citilink,QG,A320,Airbus A320-214,PK-GQF,Departed 10:50,2026-08-11 05:31:51
CGK,departures,2026-08-10,10:25,,IU902,,PDG,Padang Minangkabau International Airport,Super Air Jet,IU,320,,,Canceled,2026-08-11 05:31:51
CGK,departures,2026-08-10,10:25,11:14,IU356,SJV356,DHX,Kediri Dhoho International Airport,Super Air Jet,IU,A320,Airbus A320-232,PK-STR,Departed 11:14,2026-08-11 05:31:51
CGK,departures,2026-08-10,10:25,10:58,GA104,GIA104,PLM,Palembang International Airport,Garuda Indonesia,GA,B738,Boeing 737-8U3,PK-GNM,Departed 10:58,2026-08-11 05:31:51
CGK,departures,2026-08-10,10:30,10:45,8B5106,TNU5106,DPS,Denpasar Ngurah Rai International Airport,TransNusa,8B,A320,Airbus A320-214,PK-TLP,Departed 10:45,2026-08-11 05:31:51
CGK,departures,2026-08-10,10:30,10:37,QG990,CTV990,BKS,Bengkulu Fatmawati Soekarno Airport,Citilink (Tiket.com Livery),QG,A320,Airbus A320-214,PK-GLZ,Departed 10:37,2026-08-11 05:31:51
CGK,departures,2026-08-10,10:40,10:50,8B5530,TNU5530,YIA,Yogyakarta International Airport,TransNusa,8B,A320,Airbus A320-214,PK-TLD,Departed 10:50,2026-08-11 05:31:51
CGK,departures,2026-08-10,10:40,11:25,IU994,SJV994,BTJ,Banda Aceh International Airport,Super Air Jet,IU,A320,Airbus A320-232,PK-SJC,Departed 11:25,2026-08-11 05:31:51
CGK,departures,2026-08-10,10:40,10:53,IP204,PAS204,SUB,Surabaya Juanda International Airport,Pelita Air,IP,A320,Airbus A320-214,PK-PWC,Departed 10:53,2026-08-11 05:31:51
CGK,departures,2026-08-10,10:40,11:22,ID6050,BTK6050,DPS,Denpasar Ngurah Rai International Airport,Batik Air,ID,A320,Airbus A320-232,PK-BKR,Departed 11:22,2026-08-11 05:31:51
CGK,departures,2026-08-10,10:45,11:49,IU878,SJV878,PLM,Palembang International Airport,Super Air Jet (Xpora Livery),IU,A320,Airbus A320-232,PK-SAE,Departed 11:49,2026-08-11 05:31:51
CGK,departures,2026-08-10,10:50,10:56,IU650,SJV650,PKY,Palangkaraya Tjilik Riwut Airport,Super Air Jet,IU,A320,Airbus A320-232,PK-SJW,Departed 10:56,2026-08-11 05:31:51
CGK,departures,2026-08-10,10:55,,IU912,,PKU,Pekanbaru Sultan Syarif Kasim II Airport,Super Air Jet,IU,320,,,Canceled,2026-08-11 05:31:51
CGK,departures,2026-08-10,11:00,11:36,8B673,TNU673,KUL,Kuala Lumpur International Airport,TransNusa,8B,A321,Airbus A321-211,PK-TLG,Departed 11:36,2026-08-11 05:31:47
CGK,departures,2026-08-10,11:00,11:23,SQ957,SIA957,SIN,Singapore Changi Airport,Singapore Airlines,SQ,A359,Airbus A350-941,9V-SMN,Departed 11:23,2026-08-11 05:31:47
CGK,departures,2026-08-10,11:00,11:18,ID7155,BTK7155,SIN,Singapore Changi Airport,Batik Air,ID,B738,Boeing 737-8GP,PK-LBW,Departed 11:18,2026-08-11 05:31:47
CGK,departures,2026-08-10,11:00,11:11,ID6656,BTK6656,LOP,Lombok International Airport,Batik Air,ID,A320,Airbus A320-214,PK-BKY,Departed 11:11,2026-08-11 05:31:47
CGK,departures,2026-08-10,11:00,11:27,ID6250,BTK6250,BPN,Balikpapan Sepinggan Airport,Batik Air,ID,A320,Airbus A320-232,PK-BLB,Departed 11:27,2026-08-11 05:31:47
CGK,departures,2026-08-10,11:00,11:19,GA430,GIA430,LOP,Lombok International Airport,Garuda Indonesia,GA,B738,Boeing 737-8U3,PK-GNG,Departed 11:19,2026-08-11 05:31:47
CGK,departures,2026-08-10,11:05,11:12,QG942,CTV942,BTH,Batam Hang Nadim Airport,Citilink,QG,A320,Airbus A320-214,PK-GQM,Departed 11:12,2026-08-11 05:31:47
CGK,departures,2026-08-10,11:10,11:09,QZ526,AWQ526,BKI,Kota Kinabalu International Airport,AirAsia,AK,A320,Airbus A320-216,PK-AZO,Departed 11:09,2026-08-11 05:31:47
CGK,departures,2026-08-10,11:10,11:20,QG422,CTV422,AAP,Samarinda AP Tumenggung Pranoto Airport,Citilink,QG,A320,Airbus A320-214,PK-GQP,Departed 11:20,2026-08-11 05:31:47
CGK,departures,2026-08-10,11:10,11:29,MH710,MAS710,KUL,Kuala Lumpur International Airport,Malaysia Airlines,MH,B38M,Boeing 737 MAX 8,9M-MVL,Departed 11:29,2026-08-11 05:31:47
CGK,departures,2026-08-10,11:10,11:30,JT24,LNI024,DPS,Denpasar Ngurah Rai International Airport,Lion Air,JT,B39M,Boeing 737 MAX 9,PK-LRI,Departed 11:30,2026-08-11 05:31:47
CGK,departures,2026-08-10,11:10,12:07,IU680,SJV680,PNK,Pontianak Supadio Airport,Super Air Jet,IU,A320,Airbus A320-232,PK-STS,Departed 12:07,2026-08-11 05:31:47
CGK,departures,2026-08-10,11:10,11:30,ID6710,BTK6710,TKG,Bandar Lampung Radin Inten II Airport,Batik Air,ID,A320,Airbus A320-214,PK-LZH,Departed 11:30,2026-08-11 05:31:47
CGK,departures,2026-08-10,11:10,11:33,ID6369,,TKG,Bandar Lampung Radin Inten II Airport,Batik Air,ID,32A,,,Estimated dep 11:33*,2026-08-11 05:31:47
CGK,departures,2026-08-10,11:15,11:25,QG416,CTV416,PNK,Pontianak Supadio Airport,Citilink,QG,A320,Airbus A320-214,PK-GQO,Departed 11:25,2026-08-11 05:31:47
CGK,departures,2026-08-10,11:20,11:34,QG916,CTV916,KNO,Medan Kuala Namu International Airport,Citilink,QG,A320,Airbus A320-214,PK-GQE,Departed 11:34,2026-08-11 05:31:47
CGK,departures,2026-08-10,11:20,11:34,JT112,LNI112,JED,Jeddah King Abdulaziz International Airport,Garuda Indonesia,GA,A339,Airbus A330-941,PK-LET,Departed 11:34,2026-08-11 05:31:47
CGK,departures,2026-08-10,11:25,11:37,QG790,CTV790,SRG,Semarang Achmad Yani International Airport,Citilink,QG,A320,Airbus A320-214,PK-GQH,Departed 11:37,2026-08-11 05:31:47
CGK,departures,2026-08-10,11:25,11:45,IP632,PAS632,PNK,Pontianak Supadio Airport,Pelita Air,IP,A320,Airbus A320-214,PK-PWJ,Departed 11:45,2026-08-11 05:31:47
CGK,departures,2026-08-10,11:25,11:25,IN290,,PKN,Pangkalan Bun Iskandar Airport,Nam Air,IN,735,,,Estimated dep 11:25*,2026-08-11 05:31:47
CGK,departures,2026-08-10,11:30,12:32,IU958,SJV958,DTB,Siborong-Borong Silangit Airport,Super Air Jet,IU,A320,Airbus A320-232,PK-SAW,Departed 12:32,2026-08-11 05:31:47
CGK,departures,2026-08-10,11:30,11:39,GA208,GIA208,YIA,Yogyakarta International Airport,Garuda Indonesia,GA,B738,Boeing 737-8SH,PK-GUD,Departed 11:39,2026-08-11 05:31:47
CGK,departures,2026-08-10,11:35,11:58,GA186,GIA186,KNO,Medan Kuala Namu International Airport,Garuda Indonesia,GA,B738,Boeing 737-8U3,PK-GMY,Departed 11:58,2026-08-11 05:31:47
CGK,departures,2026-08-10,11:40,12:06,IP322,PAS322,PKU,Pekanbaru Sultan Syarif Kasim II Airport,Pelita Air,IP,A320,Airbus A320-214,PK-PWQ,Departed 12:06,2026-08-11 05:31:47
CGK,departures,2026-08-10,11:40,12:03,ID7531,BTK7531,SOC,Surakarta Adisumarmo International Airport,Batik Air,ID,A320,Airbus A320-214,PK-BLC,Departed 12:03,2026-08-11 05:31:47
CGK,departures,2026-08-10,11:40,,ID6863,,SOC,Surakarta Adisumarmo International Airport,Batik Air,ID,32A,,,Unknown,2026-08-11 05:31:47
CGK,departures,2026-08-10,11:45,12:19,8B5286,TNU5286,SKJ,Singkawang Airport,TransNusa,8B,A320,Airbus A320-214,PK-TLO,Departed 12:19,2026-08-11 05:31:47
CGK,departures,2026-08-10,11:45,11:55,QZ204,AWQ204,KUL,Kuala Lumpur International Airport,AirAsia,AK,A320,Airbus A320-216,PK-AZL,Departed 11:55,2026-08-11 05:31:47
CGK,departures,2026-08-10,11:45,11:48,QG452,CTV452,PKY,Palangkaraya Tjilik Riwut Airport,Citilink,QG,A320,Airbus A320-214,PK-GLY,Departed 11:48,2026-08-11 05:31:47
CGK,departures,2026-08-10,11:45,12:00,GA512,GIA512,PNK,Pontianak Supadio Airport,Garuda Indonesia,GA,B738,Boeing 737-8U3,PK-GUG,Departed 12:00,2026-08-11 05:31:47
CGK,departures,2026-08-10,11:50,12:14,QG736,CTV736,SUB,Surabaya Juanda International Airport,Citilink,QG,A320,Airbus A320-214,PK-GQG,Departed 12:14,2026-08-11 05:31:47
CGK,departures,2026-08-10,11:50,12:24,ID6870,BTK6870,PLM,Palembang International Airport,Batik Air,ID,A320,Airbus A320-214,PK-LAJ,Departed 12:24,2026-08-11 05:31:47
CGK,departures,2026-08-10,11:50,11:57,ID6280,BTK6280,MDC,Manado Sam Ratulangi International Airport,Batik Air,ID,B738,Boeing 737-8GP,PK-LZV,Departed 11:57,2026-08-11 05:31:47
CGK,departures,2026-08-10,11:50,12:17,GA832,GIA832,SIN,Singapore Changi Airport,Garuda Indonesia,GA,B738,Boeing 737-8U3,PK-GMV,Departed 12:17,2026-08-11 05:31:47
CGK,departures,2026-08-10,11:50,13:12,GA174,GIA174,PKU,Pekanbaru Sultan Syarif Kasim II Airport,Garuda Indonesia,GA,B738,Boeing 737-8U3,PK-GNC,Departed 13:12,2026-08-11 05:31:47
CGK,departures,2026-08-10,11:55,12:25,8B153,TNU153,SIN,Singapore Changi Airport,TransNusa,8B,A321,Airbus A321-211,PK-TLM,Departed 12:25,2026-08-11 05:31:47
CGK,departures,2026-08-10,11:55,12:15,TR277,TGW277,SIN,Singapore Changi Airport,Scoot,TR,A20N,Airbus A320-271N,9V-TNH,Departed 12:15,2026-08-11 05:31:47
CGK,departures,2026-08-10,11:55,12:10,QG976,CTV976,TJQ,Tanjung Pandan Buluh Tumbang Airport,Citilink,QG,A320,Airbus A320-214,PK-GLT,Departed 12:10,2026-08-11 05:31:47
CGK,departures,2026-08-10,11:55,12:21,GA146,GIA146,BTJ,Banda Aceh International Airport,Garuda Indonesia (Livin' by Mandiri Livery),GA,B738,Boeing 737-86N,PK-GFI,Departed 12:21,2026-08-11 05:31:47
CGK,departures,2026-08-10,12:00,12:12,QZ474,AWQ474,KTI,Phnom Penh Techo International Airport,AirAsia (Lombok Livery),AK,A320,Airbus A320-216,PK-AXU,Departed 12:12,2026-08-11 05:31:47
CGK,departures,2026-08-10,12:00,12:28,IP108,PAS108,DPS,Denpasar Ngurah Rai International Airport,Pelita Air,IP,A320,Airbus A320-214,PK-PWG,Departed 12:28,2026-08-11 05:31:47
CGK,departures,2026-08-10,12:00,12:10,ID6800,BTK6800,BUU,Muara Bungo Airport,Batik Air,ID,A320,Airbus A320-214,PK-LUZ,Departed 12:10,2026-08-11 05:31:47
CGK,departures,2026-08-10,12:00,18:48,CV7337,,HKG,Hong Kong International Airport,Cargolux (Not Without My Mask Livery),CV,B748,Boeing 747-8R7F,LX-VCF,Unknown,2026-08-11 05:31:47
CGK,departures,2026-08-10,12:05,12:30,GA980,GIA980,JED,Jeddah King Abdulaziz International Airport,Garuda Indonesia (Retro Livery),GA,B77W,Boeing 777-3U3(ER),PK-GIK,Departed 12:30,2026-08-11 05:31:47
CGK,departures,2026-08-10,12:10,12:34,GA312,GIA312,SUB,Surabaya Juanda International Airport,Garuda Indonesia,GA,B738,Boeing 737-8U3,PK-GMD,Departed 12:34,2026-08-11 05:31:47
CGK,departures,2026-08-10,12:15,12:22,QZ860,AWQ860,LBJ,Labuan Bajo Komodo Airport,AirAsia,AK,A320,Airbus A320-214,PK-AZA,Departed 12:22,2026-08-11 05:31:47
CGK,departures,2026-08-10,12:15,13:23,MH716,MAS716,KUL,Kuala Lumpur International Airport,Malaysia Airlines,MH,B738,Boeing 737-8H6,9M-MLO,Departed 13:23,2026-08-11 05:31:47
CGK,departures,2026-08-10,12:25,12:33,QZ814,AWQ814,DPS,Denpasar Ngurah Rai International Airport,AirAsia,AK,A320,Airbus A320-214,PK-AZH,Departed 12:33,2026-08-11 05:31:47
CGK,departures,2026-08-10,12:25,12:40,QG906,CTV906,BKS,Bengkulu Fatmawati Soekarno Airport,Citilink,QG,A320,Airbus A320-214,PK-GLN,Departed 12:40,2026-08-11 05:31:47
CGK,departures,2026-08-10,12:25,12:29,JT172,LNI172,TKG,Bandar Lampung Radin Inten II Airport,Lion Air,JT,B738,Boeing 737-8GP,PK-LOI,Departed 12:29,2026-08-11 05:31:47
CGK,departures,2026-08-10,12:25,12:37,IU854,SJV854,BTH,Batam Hang Nadim Airport,Super Air Jet,IU,A320,Airbus A320-232,PK-SGD,Departed 12:37,2026-08-11 05:31:47
CGK,departures,2026-08-10,12:25,12:25,IU686,,SKJ,Singkawang Airport,Super Air Jet,IU,A320,Airbus A320-232,PK-SJV,Estimated dep 12:25*,2026-08-11 05:31:47
CGK,departures,2026-08-10,12:25,12:49,IP302,PAS302,KNO,Medan Kuala Namu International Airport,Pelita Air,IP,A320,Airbus A320-232,PK-PWL,Departed 12:49,2026-08-11 05:31:47
CGK,departures,2026-08-10,12:30,12:39,QG512,CTV512,DMK,Bangkok Don Mueang International Airport,Citilink,QG,A320,Airbus A320-214,PK-GQQ,Departed 12:39,2026-08-11 05:31:47
CGK,departures,2026-08-10,12:30,,IU630,,BDJ,Banjarmasin Syamsudin Noor Airport,Super Air Jet,IU,320,,,Canceled,2026-08-11 05:31:47
CGK,departures,2026-08-10,12:30,,IP354,,PDG,Padang Minangkabau International Airport,Pelita Air,IP,A320,Airbus A320-232,PK-PWL,Canceled,2026-08-11 05:31:47
CGK,departures,2026-08-10,12:30,12:42,ID7151,BTK7151,SIN,Singapore Changi Airport,Batik Air,ID,A320,Airbus A320-214,PK-LUP,Departed 12:42,2026-08-11 05:31:47
CGK,departures,2026-08-10,12:35,13:30,TG434,THA434,BKK,Bangkok Suvarnabhumi Airport,Thai Airways,TG,A333,Airbus A330-343,HS-TEV,Departed 13:30,2026-08-11 05:31:47
CGK,departures,2026-08-10,12:35,,IU866,,PKU,Pekanbaru Sultan Syarif Kasim II Airport,Super Air Jet,IU,320,,,Canceled,2026-08-11 05:31:47
CGK,departures,2026-08-10,12:35,12:46,IU350,SJV350,SMQ,Sampit Airport,Super Air Jet,IU,A320,Airbus A320-232,PK-SJR,Departed 12:46,2026-08-11 05:31:47
CGK,departures,2026-08-10,12:35,12:53,IP142,PAS142,LOP,Lombok International Airport,Pelita Air,IP,A320,Airbus A320-214,PK-PWH,Departed 12:53,2026-08-11 05:31:47
CGK,departures,2026-08-10,12:35,14:37,GA74,GIA074,TKG,Bandar Lampung Radin Inten II Airport,Garuda Indonesia,GA,B738,Boeing 737-8U3,PK-GUF,Departed 14:37,2026-08-11 05:31:47
CGK,departures,2026-08-10,12:40,,JT782,,UPG,Makassar Sultan Hasanuddin International Airport,Lion Air,JT,739,,,Canceled,2026-08-11 05:31:47
CGK,departures,2026-08-10,12:40,13:28,GA452,GIA452,LBJ,Labuan Bajo Komodo Airport,Garuda Indonesia (Pokémon Livery),GA,B738,Boeing 737-8U3,PK-GMU,Departed 13:28,2026-08-11 05:31:47
CGK,departures,2026-08-10,12:45,13:18,IU258,SJV258,KDI,Kendari Haluoleo Airport,Super Air Jet,IU,A320,Airbus A320-232,PK-STH,Departed 13:18,2026-08-11 05:31:47
CGK,departures,2026-08-10,12:45,13:16,GA156,GIA156,BTH,Batam Hang Nadim Airport,Garuda Indonesia,GA,B738,Boeing 737-81D,PK-GFR,Departed 13:16,2026-08-11 05:31:47
CGK,departures,2026-08-10,12:50,12:50,SJ52,,TJQ,Tanjung Pandan Buluh Tumbang Airport,Sriwijaya Air,SJ,735,,,Estimated dep 12:50*,2026-08-11 05:31:47
CGK,departures,2026-08-10,12:50,13:20,ID6342,BTK6342,SRG,Semarang Achmad Yani International Airport,Batik Air,ID,A320,Airbus A320-214,PK-LUU,Departed 13:20,2026-08-11 05:31:47
CGK,departures,2026-08-10,12:50,13:35,ID6564,BTK6564,MLG,Malang Abdul Rachman Saleh Airport,Batik Air,ID,A320,Airbus A320-214,PK-BKT,Departed 13:35,2026-08-11 05:31:47
CGK,departures,2026-08-10,12:55,13:41,8B677,TNU677,KUL,Kuala Lumpur International Airport,TransNusa,8B,A321,Airbus A321-211,PK-TLK,Departed 13:41,2026-08-11 05:31:47
CGK,departures,2026-08-10,12:55,13:01,OD347,MXD347,SZB,Kuala Lumpur Subang Airport,Batik Air,ID,B738,Boeing 737-8GP,9M-LDU,Departed 13:01,2026-08-11 05:31:47
CGK,departures,2026-08-10,12:55,13:26,ID7109,BTK7109,PDG,Padang Minangkabau International Airport,Batik Air,ID,B738,Boeing 737-8GP,PK-LDK,Departed 13:26,2026-08-11 05:31:47
CGK,departures,2026-08-10,13:00,,SJ1850,,PNK,Pontianak Supadio Airport,Sriwijaya Air,SJ,738,,,Unknown,2026-08-11 05:31:47
CGK,departures,2026-08-10,13:00,,RI160,,BTJ,Banda Aceh International Airport,Rimbun Air,RI,73Y,,,Unknown,2026-08-11 05:31:47
CGK,departures,2026-08-10,13:00,13:08,QG918,CTV918,KNO,Medan Kuala Namu International Airport,Citilink,QG,A320,Airbus A320-214,PK-GQS,Departed 13:08,2026-08-11 05:31:47
CGK,departures,2026-08-10,13:00,13:06,IU722,SJV722,LBJ,Labuan Bajo Komodo Airport,Super Air Jet,IU,A320,Airbus A320-232,PK-SJA,Departed 13:06,2026-08-11 05:31:47
CGK,departures,2026-08-10,13:00,13:28,IP602,PAS602,BPN,Balikpapan Sepinggan Airport,Pelita Air,IP,A320,Airbus A320-214,PK-PWP,Departed 13:28,2026-08-11 05:31:47
CGK,departures,2026-08-10,13:05,13:25,IP312,PAS312,PLM,Palembang International Airport,Pelita Air,IP,A320,Airbus A320-214,PK-PWD,Departed 13:25,2026-08-11 05:31:47
CGK,departures,2026-08-10,13:05,,ID6899,,YIA,Yogyakarta International Airport,Batik Air,ID,32A,,,Unknown,2026-08-11 05:31:47
CGK,departures,2026-08-10,13:05,14:34,ID6344,BTK6344,YIA,Yogyakarta International Airport,Batik Air,ID,A320,Airbus A320-214,PK-LZH,Departed 14:34,2026-08-11 05:31:47
CGK,departures,2026-08-10,13:10,13:50,GA532,GIA532,BDJ,Banjarmasin Syamsudin Noor Airport,Garuda Indonesia,GA,B738,Boeing 737-8U3,PK-GMW,Departed 13:50,2026-08-11 05:31:47
CGK,departures,2026-08-10,13:10,13:37,AK352,AXM352,KUL,Kuala Lumpur International Airport,AirAsia,AK,A320,Airbus A320-214,9M-AHV,Departed 13:37,2026-08-11 05:31:47
CGK,departures,2026-08-10,13:15,15:41,JT210,LNI210,KNO,Medan Kuala Namu International Airport,Lion Air (80th 737NG Livery),JT,B738,Boeing 737-8GP,PK-LKP,Departed 15:41,2026-08-11 05:31:47
CGK,departures,2026-08-10,13:15,13:33,CZ3038,CSN3038,CAN,Guangzhou Baiyun International Airport,China Southern Airlines,CZ,A21N,Airbus A321-251NX,B-32PU,Departed 13:33,2026-08-11 05:31:47
CGK,departures,2026-08-10,13:20,15:49,IU810,SJV810,PDG,Padang Minangkabau International Airport,Super Air Jet (Xpora Livery),IU,A320,Airbus A320-232,PK-SAE,Departed 15:49,2026-08-11 05:31:47
CGK,departures,2026-08-10,13:20,13:55,ID7366,BTK7366,SOC,Surakarta Adisumarmo International Airport,Batik Air,ID,A320,Airbus A320-232,PK-BLA,Departed 13:55,2026-08-11 05:31:47
CGK,departures,2026-08-10,13:25,13:25,SJ184,,PNK,Pontianak Supadio Airport,Sriwijaya Air,SJ,735,,,Estimated dep 13:25,2026-08-11 05:31:47
CGK,departures,2026-08-10,13:25,,RI184,,PDG,Padang Minangkabau International Airport,Rimbun Air,RI,73Y,,,Unknown,2026-08-11 05:31:47
CGK,departures,2026-08-10,13:25,,JT370,,BTH,Batam Hang Nadim Airport,Lion Air,JT,739,,,Unknown,2026-08-11 05:31:47
CGK,departures,2026-08-10,13:25,,IP242,,YIA,Yogyakarta International Airport,Pelita Air,IP,320,,,Unknown,2026-08-11 05:31:47
CGK,departures,2026-08-10,13:25,13:57,GA242,GIA242,SRG,Semarang Achmad Yani International Airport,Garuda Indonesia,GA,B738,Boeing 737-8U3,PK-GFD,Departed 13:57,2026-08-11 05:31:47
CGK,departures,2026-08-10,13:30,14:03,VJ854,VJC854,SGN,Ho Chi Minh City International Airport,VietJet Air,VJ,A21N,Airbus A321-271NX,VN-A552,Departed 14:03,2026-08-11 05:31:47
CGK,departures,2026-08-10,13:30,13:39,QG716,CTV716,SUB,Surabaya Juanda International Airport,Citilink,QG,A320,Airbus A320-214,PK-GLV,Departed 13:39,2026-08-11 05:31:47
CGK,departures,2026-08-10,13:30,14:18,IU764,SJV764,LOP,Lombok International Airport,Super Air Jet,IU,A320,Airbus A320-232,PK-STC,Departed 14:18,2026-08-11 05:31:47
CGK,departures,2026-08-10,13:30,13:44,ID6406,BTK6406,SUB,Surabaya Juanda International Airport,Batik Air,ID,A320,Airbus A320-233,PK-BKG,Departed 13:44,2026-08-11 05:31:47
CGK,departures,2026-08-10,13:30,13:53,GA422,GIA422,DPS,Denpasar Ngurah Rai International Airport,Garuda Indonesia,GA,B738,Boeing 737-86N,PK-GFJ,Departed 13:53,2026-08-11 05:31:47
CGK,departures,2026-08-10,13:30,,CV7331,,HKG,Hong Kong International Airport,Cargolux,CV,74Y,,,Unknown,2026-08-11 05:31:47
CGK,departures,2026-08-10,13:35,18:48,CV7337,CLX7337,HKG,Hong Kong International Airport,Cargolux (Not Without My Mask Livery),CV,B748,Boeing 747-8R7F,LX-VCF,Departed 18:48,2026-08-11 05:31:44
CGK,departures,2026-08-10,13:35,13:42,QG778,CTV778,YIA,Yogyakarta International Airport,Citilink,QG,A320,Airbus A320-214,PK-GLL,Departed 13:42,2026-08-11 05:31:44
CGK,departures,2026-08-10,13:35,13:38,MF868,CXA868,XMN,Xiamen Gaoqi International Airport,Xiamen Air,MF,B38M,Boeing 737 MAX 8,B-20EA,Departed 13:38,2026-08-11 05:31:44
CGK,departures,2026-08-10,13:35,14:50,ID6854,BTK6854,PKU,Pekanbaru Sultan Syarif Kasim II Airport,Batik Air,ID,A320,Airbus A320-232,PK-BKO,Departed 14:50,2026-08-11 05:31:47
CGK,departures,2026-08-10,13:35,14:09,GA310,GIA310,SUB,Surabaya Juanda International Airport,Garuda Indonesia,GA,B738,Boeing 737-8U3,PK-GNA,Departed 14:09,2026-08-11 05:31:47
CGK,departures,2026-08-10,13:35,13:59,GA118,GIA118,KNO,Medan Kuala Namu International Airport,Garuda Indonesia,GA,B738,Boeing 737-8BK,PK-GFG,Departed 13:59,2026-08-11 05:31:47
CGK,departures,2026-08-10,13:40,14:37,QG340,CTV340,UPG,Makassar Sultan Hasanuddin International Airport,Citilink,QG,A320,Airbus A320-214,PK-GQJ,Departed 14:37,2026-08-11 05:31:44
CGK,departures,2026-08-10,13:40,15:28,JT22,LNI022,DPS,Denpasar Ngurah Rai International Airport,Lion Air,JT,B739,Boeing 737-9GP(ER),PK-LSK,Departed 15:28,2026-08-11 05:31:44
CGK,departures,2026-08-10,13:40,13:46,ID6676,BTK6676,AAP,Samarinda AP Tumenggung Pranoto Airport,Batik Air,ID,A320,Airbus A320-214,PK-BKV,Departed 13:46,2026-08-11 05:31:44
CGK,departures,2026-08-10,13:45,14:13,GA108,GIA108,PLM,Palembang International Airport,Garuda Indonesia,GA,B738,Boeing 737-8SH,PK-GUE,Departed 14:13,2026-08-11 05:31:44
CGK,departures,2026-08-10,13:50,14:31,VN630,HVN630,SGN,Ho Chi Minh City International Airport,Vietnam Airlines,VN,A321,Airbus A321-231,VN-A605,Departed 14:31,2026-08-11 05:31:44
CGK,departures,2026-08-10,13:50,13:54,QG996,CTV996,TKG,Bandar Lampung Radin Inten II Airport,Citilink,QG,A320,Airbus A320-214,PK-GLX,Departed 13:54,2026-08-11 05:31:44
CGK,departures,2026-08-10,13:50,14:30,QG966,CTV966,DJB,Jambi Sultan Thaha Airport,Citilink,QG,A20N,Airbus A320-251N,PK-GTA,Departed 14:30,2026-08-11 05:31:44
CGK,departures,2026-08-10,13:50,14:14,QG446,CTV446,BPN,Balikpapan Sepinggan Airport,Citilink,QG,A320,Airbus A320-214,PK-GQD,Departed 14:14,2026-08-11 05:31:44
CGK,departures,2026-08-10,13:50,14:28,IU608,SJV608,BPN,Balikpapan Sepinggan Airport,Super Air Jet,IU,A320,Airbus A320-232,PK-SGA,Departed 14:28,2026-08-11 05:31:44
CGK,departures,2026-08-10,13:50,14:10,GA228,GIA228,SOC,Surakarta Adisumarmo International Airport,Garuda Indonesia (Retro 1960 Livery),GA,B738,Boeing 737-8U3,PK-GFM,Departed 14:10,2026-08-11 05:31:44
CGK,departures,2026-08-10,13:55,14:17,QG646,CTV646,LOP,Lombok International Airport,Citilink,QG,A320,Airbus A320-214,PK-GLR,Departed 14:17,2026-08-11 05:31:44
CGK,departures,2026-08-10,13:55,14:09,QG414,CTV414,PNK,Pontianak Supadio Airport,Citilink (Tiket.com Livery),QG,A320,Airbus A320-214,PK-GLW,Departed 14:09,2026-08-11 05:31:44
CGK,departures,2026-08-10,13:55,,JT176,,TKG,Bandar Lampung Radin Inten II Airport,Lion Air,JT,738,,,Canceled,2026-08-11 05:31:44
CGK,departures,2026-08-10,13:55,14:25,ID6814,BTK6814,BKS,Bengkulu Fatmawati Soekarno Airport,Batik Air,ID,A320,Airbus A320-214,PK-LAZ,Departed 14:25,2026-08-11 05:31:44
CGK,departures,2026-08-10,14:00,14:20,VJ928,VJC928,HAN,Hanoi Noi Bai International Airport,VietJet Air,VJ,A321,Airbus A321-211,VN-A684,Departed 14:20,2026-08-11 05:31:44
CGK,departures,2026-08-10,14:00,14:00,SJ76,,PGK,Pangkal Pinang Depati Amir Airport,Sriwijaya Air,SJ,735,,,Estimated dep 14:00*,2026-08-11 05:31:44
CGK,departures,2026-08-10,14:00,,RI100,,BTH,Batam Hang Nadim Airport,Rimbun Air,RI,73Y,,,Unknown,2026-08-11 05:31:44
CGK,departures,2026-08-10,14:00,14:25,QG958,CTV958,PDG,Padang Minangkabau International Airport,Citilink,QG,A320,Airbus A320-214,PK-GQF,Departed 14:25,2026-08-11 05:31:44
CGK,departures,2026-08-10,14:00,14:23,IU840,SJV840,DJB,Jambi Sultan Thaha Airport,Super Air Jet,IU,A320,Airbus A320-232,PK-SJT,Departed 14:23,2026-08-11 05:31:44
CGK,departures,2026-08-10,14:00,14:07,IU802,SJV802,TJQ,Tanjung Pandan Buluh Tumbang Airport,Super Air Jet,IU,A320,Airbus A320-232,PK-SAQ,Departed 14:07,2026-08-11 05:31:44
CGK,departures,2026-08-10,14:05,,JT212,,KNO,Medan Kuala Namu International Airport,Lion Air,JT,739,,,Unknown,2026-08-11 05:31:44
CGK,departures,2026-08-10,14:05,15:48,IU926,SJV926,PLM,Palembang International Airport,Super Air Jet,IU,A320,Airbus A320-232,PK-SAV,Departed 15:48,2026-08-11 05:31:44
CGK,departures,2026-08-10,14:05,14:27,IP106,PAS106,DPS,Denpasar Ngurah Rai International Airport,Pelita Air,IP,A320,Airbus A320-216,PK-PWN,Departed 14:27,2026-08-11 05:31:44
CGK,departures,2026-08-10,14:05,14:15,ID6820,BTK6820,LLJ,Lubuklinggau Silampari Airport,Batik Air (Book Cabin Sticker),ID,A320,Airbus A320-214,PK-LAF,Departed 14:15,2026-08-11 05:31:44
CGK,departures,2026-08-10,14:05,14:41,ID6204,BTK6204,PKN,Pangkalan Bun Iskandar Airport,Batik Air,ID,A320,Airbus A320-232,PK-BKM,Departed 14:41,2026-08-11 05:31:44
CGK,departures,2026-08-10,14:10,14:40,QG968,CTV968,BTH,Batam Hang Nadim Airport,Citilink,QG,A320,Airbus A320-214,PK-GLG,Departed 14:40,2026-08-11 05:31:44
CGK,departures,2026-08-10,14:15,14:32,TR309,TGW309,SIN,Singapore Changi Airport,Scoot,TR,A320,Airbus A320-232,9V-TRP,Departed 14:32,2026-08-11 05:31:44
CGK,departures,2026-08-10,14:15,14:52,OD389,MXD389,KUL,Kuala Lumpur International Airport,Batik Air,ID,B738,Boeing 737-8GP,9M-LDC,Departed 14:52,2026-08-11 05:31:44
CGK,departures,2026-08-10,14:20,14:47,SQ959,SIA959,SIN,Singapore Changi Airport,Singapore Airlines,SQ,A359,Airbus A350-941,9V-SJH,Departed 14:47,2026-08-11 05:31:44
CGK,departures,2026-08-10,14:20,14:34,QG978,CTV978,KNO,Medan Kuala Namu International Airport,Citilink (Tiket.com Livery),QG,A320,Airbus A320-214,PK-GLZ,Departed 14:34,2026-08-11 05:31:44
CGK,departures,2026-08-10,14:20,14:20,IN90,,BUU,Muara Bungo Airport,Nam Air,IN,735,,,Estimated dep 14:20*,2026-08-11 05:31:44
CGK,departures,2026-08-10,14:20,14:44,CX776,CPA776,HKG,Hong Kong International Airport,Cathay Pacific,CX,A333,Airbus A330-343,B-LBB,Departed 14:44,2026-08-11 05:31:44
CGK,departures,2026-08-10,14:25,15:46,UL365,ALK365,CMB,Colombo Bandaranaike International Airport,SriLankan Airlines,UL,A21N,Airbus A321-251N,4R-ANE,Departed 15:46,2026-08-11 05:31:44
CGK,departures,2026-08-10,14:25,14:48,SJ580,SJY580,UPG,Makassar Sultan Hasanuddin International Airport,BBN Airlines Indonesia,0B,B738,Boeing 737-8BK,PK-BBF,Departed 14:48,2026-08-11 05:31:44
CGK,departures,2026-08-10,14:25,14:39,IP206,PAS206,SUB,Surabaya Juanda International Airport,Pelita Air,IP,A320,Airbus A320-214,PK-PWE,Departed 14:39,2026-08-11 05:31:44
CGK,departures,2026-08-10,14:30,15:09,ID6266,BTK6266,UPG,Makassar Sultan Hasanuddin International Airport,Batik Air,ID,B738,Boeing 737-8GP,PK-LDJ,Departed 15:09,2026-08-11 05:31:44
CGK,departures,2026-08-10,14:30,16:59,GA410,GIA410,DPS,Denpasar Ngurah Rai International Airport,Garuda Indonesia,GA,B738,Boeing 737-8U3,PK-GFV,Departed 16:59,2026-08-11 05:31:44
CGK,departures,2026-08-10,14:30,15:06,BR238,EVA238,TPE,Taipei Taoyuan International Airport,EVA Air,BR,B789,Boeing 787-9 Dreamliner,B-17890,Departed 15:06,2026-08-11 05:31:44
CGK,departures,2026-08-10,14:35,14:53,ID6508,BTK6508,DPS,Denpasar Ngurah Rai International Airport,Batik Air,ID,A320,Airbus A320-214,PK-LUV,Departed 14:53,2026-08-11 05:31:44
CGK,departures,2026-08-10,14:35,14:58,GA326,GIA326,SUB,Surabaya Juanda International Airport,Garuda Indonesia,GA,B738,Boeing 737-8U3,PK-GNQ,Departed 14:58,2026-08-11 05:31:44
CGK,departures,2026-08-10,14:40,14:51,JT714,LNI714,PNK,Pontianak Supadio Airport,Lion Air (Bookcabin Livery),JT,B738,Boeing 737-8GP,PK-LJY,Departed 14:51,2026-08-11 05:31:44
CGK,departures,2026-08-10,14:40,15:00,GA162,GIA162,PDG,Padang Minangkabau International Airport,Garuda Indonesia,GA,B738,Boeing 737-86N,PK-GFS,Departed 15:00,2026-08-11 05:31:44
CGK,departures,2026-08-10,14:40,14:55,CI762,CAL762,TPE,Taipei Taoyuan International Airport,China Airlines,CI,A359,Airbus A350-941,B-18907,Departed 14:55,2026-08-11 05:31:44
CGK,departures,2026-08-10,14:45,15:02,GA212,GIA212,YIA,Yogyakarta International Airport,Garuda Indonesia,GA,B738,Boeing 737-8U3,PK-GNM,Departed 15:02,2026-08-11 05:31:44
CGK,departures,2026-08-10,14:50,15:15,GA572,GIA572,BPN,Balikpapan Sepinggan Airport,Garuda Indonesia,GA,B738,Boeing 737-8SH,PK-GUJ,Departed 15:15,2026-08-11 05:31:44
CGK,departures,2026-08-10,14:55,15:05,QG792,CTV792,SRG,Semarang Achmad Yani International Airport,Citilink,QG,A320,Airbus A320-214,PK-GLU,Departed 15:05,2026-08-11 05:31:44
CGK,departures,2026-08-10,14:55,15:17,GA550,GIA550,PKY,Palangkaraya Tjilik Riwut Airport,Garuda Indonesia (Ayo Pakai Masker Livery),GA,B738,Boeing 737-81D,PK-GFQ,Departed 15:17,2026-08-11 05:31:44
CGK,departures,2026-08-10,14:55,15:23,GA504,GIA504,PNK,Pontianak Supadio Airport,Garuda Indonesia,GA,B738,Boeing 737-8U3,PK-GFP,Departed 15:23,2026-08-11 05:31:44
CGK,departures,2026-08-10,15:00,15:12,8B5165,TNU5165,LOP,Lombok International Airport,TransNusa,8B,A320,Airbus A320-214,PK-TLD,Departed 15:12,2026-08-11 05:31:44
CGK,departures,2026-08-10,15:00,,RI2000,,BPN,Balikpapan Sepinggan Airport,Rimbun Air,RI,73Y,,,Unknown,2026-08-11 05:31:44
CGK,departures,2026-08-10,15:00,15:07,QG482,CTV482,BDJ,Banjarmasin Syamsudin Noor Airport,Citilink,QG,A320,Airbus A320-214,PK-GQK,Departed 15:07,2026-08-11 05:31:44
CGK,departures,2026-08-10,15:00,,IU900,,PDG,Padang Minangkabau International Airport,Super Air Jet,IU,320,,,Canceled,2026-08-11 05:31:44
CGK,departures,2026-08-10,15:00,15:25,ID6886,BTK6886,KNO,Medan Kuala Namu International Airport,Batik Air,ID,A320,Airbus A320-214,PK-LAM,Departed 15:25,2026-08-11 05:31:44
CGK,departures,2026-08-10,15:00,15:34,GA154,GIA154,BTH,Batam Hang Nadim Airport,Garuda Indonesia,GA,B738,Boeing 737-8SA,PK-GUI,Departed 15:34,2026-08-11 05:31:44
CGK,departures,2026-08-10,15:05,15:19,JT692,LNI692,SUB,Surabaya Juanda International Airport,Lion Air,JT,B739,Boeing 737-9GP(ER),PK-LFZ,Departed 15:19,2026-08-11 05:31:44
CGK,departures,2026-08-10,15:05,15:27,JT171,,SUB,Surabaya Juanda International Airport,Lion Air,JT,739,,,Estimated dep 15:27*,2026-08-11 05:31:44
CGK,departures,2026-08-10,15:10,16:00,8B5108,TNU5108,DPS,Denpasar Ngurah Rai International Airport,TransNusa,8B,A320,Airbus A320-214,PK-TLP,Departed 16:00,2026-08-11 05:31:44
CGK,departures,2026-08-10,15:10,19:12,IP306,PAS306,KNO,Medan Kuala Namu International Airport,Pelita Air,IP,A320,Airbus A320-232,PK-PWL,Departed 19:12,2026-08-11 05:31:44
CGK,departures,2026-08-10,15:10,16:30,AK385,AXM385,KUL,Kuala Lumpur International Airport,AirAsia,AK,A320,Airbus A320-214,9M-RCB,Departed 16:30,2026-08-11 05:31:44
CGK,departures,2026-08-10,15:15,15:44,IU818,SJV818,PGK,Pangkal Pinang Depati Amir Airport,Super Air Jet,IU,A320,Airbus A320-232,PK-STR,Departed 15:44,2026-08-11 05:31:44
CGK,departures,2026-08-10,15:15,15:39,ID6898,BTK6898,BTJ,Banda Aceh International Airport,Batik Air,ID,A320,Airbus A320-214,PK-BKP,Departed 15:39,2026-08-11 05:31:44
CGK,departures,2026-08-10,15:15,15:28,ID6818,BTK6818,BKS,Bengkulu Fatmawati Soekarno Airport,Batik Air,ID,A320,Airbus A320-214,PK-LUG,Departed 15:28,2026-08-11 05:31:44
CGK,departures,2026-08-10,15:15,15:31,GA176,GIA176,PKU,Pekanbaru Sultan Syarif Kasim II Airport,Garuda Indonesia (Pocari Sweat Livery),GA,B738,Boeing 737-86N,PK-GNN,Departed 15:31,2026-08-11 05:31:44
CGK,departures,2026-08-10,15:20,15:21,QZ820,AWQ820,DPS,Denpasar Ngurah Rai International Airport,AirAsia,AK,A320,Airbus A320-216,PK-AXY,Departed 15:21,2026-08-11 05:31:44
CGK,departures,2026-08-10,15:20,15:32,JT346,LNI346,PLM,Palembang International Airport,Lion Air,JT,B738,Boeing 737-8GP,PK-LOI,Departed 15:32,2026-08-11 05:31:44
CGK,departures,2026-08-10,15:20,15:37,ID6578,BTK6578,SUB,Surabaya Juanda International Airport,Batik Air,ID,A320,Airbus A320-214,PK-BLD,Departed 15:37,2026-08-11 05:31:44
CGK,departures,2026-08-10,15:20,,ID6711,,SUB,Surabaya Juanda International Airport,Batik Air,ID,32A,,,Unknown,2026-08-11 05:31:44
CGK,departures,2026-08-10,15:25,16:40,IU858,SJV858,BTH,Batam Hang Nadim Airport,Super Air Jet,IU,A320,Airbus A320-232,PK-SJP,Departed 16:40,2026-08-11 05:31:44
CGK,departures,2026-08-10,15:25,15:55,GA960,GIA960,MED,Medina Prince Mohammad bin Abdulaziz Airport,Garuda Indonesia,GA,B77W,Boeing 777-3U3(ER),PK-GIC,Departed 15:55,2026-08-11 05:31:44
CGK,departures,2026-08-10,15:30,15:51,ID7041,BTK7041,SOC,Surakarta Adisumarmo International Airport,Batik Air,ID,A320,Airbus A320-214,PK-BLC,Departed 15:51,2026-08-11 05:31:44
CGK,departures,2026-08-10,15:30,15:42,ID6200,BTK6200,PKY,Palangkaraya Tjilik Riwut Airport,Batik Air,ID,A320,Airbus A320-214,PK-LAW,Departed 15:42,2026-08-11 05:31:44
CGK,departures,2026-08-10,15:30,16:03,GA612,GIA612,UPG,Makassar Sultan Hasanuddin International Airport,Garuda Indonesia,GA,B738,Boeing 737-8U3,PK-GFW,Departed 16:03,2026-08-11 05:31:44
CGK,departures,2026-08-10,15:35,15:38,QG964,CTV964,DJB,Jambi Sultan Thaha Airport,Citilink,QG,A320,Airbus A320-214,PK-GLT,Departed 15:38,2026-08-11 05:31:44
CGK,departures,2026-08-10,15:35,16:03,QG688,CTV688,DPS,Denpasar Ngurah Rai International Airport,Citilink,QG,A320,Airbus A320-214,PK-GQA,Departed 16:03,2026-08-11 05:31:44
CGK,departures,2026-08-10,15:35,,IU904,,PDG,Padang Minangkabau International Airport,Super Air Jet,IU,320,,,Canceled,2026-08-11 05:31:44
CGK,departures,2026-08-10,15:35,15:53,GA836,GIA836,SIN,Singapore Changi Airport,Garuda Indonesia,GA,B738,Boeing 737-8U3,PK-GMA,Departed 15:53,2026-08-11 05:31:44
CGK,departures,2026-08-10,15:45,15:58,QG992,CTV992,TKG,Bandar Lampung Radin Inten II Airport,Citilink,QG,A320,Airbus A320-214,PK-GQM,Departed 15:58,2026-08-11 05:31:44
CGK,departures,2026-08-10,15:45,16:55,IU698,SJV698,PNK,Pontianak Supadio Airport,Super Air Jet,IU,A320,Airbus A320-232,PK-STS,Departed 16:55,2026-08-11 05:31:44
CGK,departures,2026-08-10,15:45,15:57,IP324,PAS324,PKU,Pekanbaru Sultan Syarif Kasim II Airport,Pelita Air,IP,A320,Airbus A320-214,PK-PWC,Departed 15:57,2026-08-11 05:31:44
CGK,departures,2026-08-10,15:45,16:06,GA234,GIA234,SRG,Semarang Achmad Yani International Airport,Garuda Indonesia,GA,B738,Boeing 737-8SH,PK-GUD,Departed 16:06,2026-08-11 05:31:44
CGK,departures,2026-08-10,15:50,16:14,6E1602,IGO1602,BOM,Mumbai Chhatrapati Shivaji International Airport,IndiGo,6E,A20N,Airbus A320-251N,VT-IXM,Departed 16:14,2026-08-11 05:31:44
CGK,departures,2026-08-10,15:50,16:22,SV821,SVA821,JED,Jeddah King Abdulaziz International Airport,Saudia,SV,B77W,Boeing 777-368(ER),HZ-AK16,Departed 16:22,2026-08-11 05:31:44
CGK,departures,2026-08-10,15:50,,IU606,,BPN,Balikpapan Sepinggan Airport,Super Air Jet,IU,320,,,Canceled,2026-08-11 05:31:44
CGK,departures,2026-08-10,15:50,17:04,ID6212,BTK6212,BDJ,Banjarmasin Syamsudin Noor Airport,Batik Air,ID,A320,Airbus A320-232,PK-BKR,Departed 17:04,2026-08-11 05:31:44
CGK,departures,2026-08-10,15:55,16:08,QG502,CTV502,KUL,Kuala Lumpur International Airport,Citilink,QG,A320,Airbus A320-214,PK-GQH,Departed 16:08,2026-08-11 05:31:44
CGK,departures,2026-08-10,15:55,16:10,IU910,SJV910,PKU,Pekanbaru Sultan Syarif Kasim II Airport,Super Air Jet,IU,A320,Airbus A320-232,PK-SJW,Departed 16:10,2026-08-11 05:31:44
CGK,departures,2026-08-10,15:55,16:18,IP808,PAS808,UPG,Makassar Sultan Hasanuddin International Airport,Pelita Air,IP,A320,Airbus A320-214,PK-PWO,Departed 16:18,2026-08-11 05:31:44
CGK,departures,2026-08-10,16:00,,3Y6014,,KNO,Medan Kuala Namu International Airport,My Indo Airlines,3Y,73Y,,,Unknown,2026-08-11 05:31:44
CGK,departures,2026-08-10,16:00,,RI130,,PKU,Pekanbaru Sultan Syarif Kasim II Airport,Rimbun Air,RI,73Y,,,Unknown,2026-08-11 05:31:44
CGK,departures,2026-08-10,16:00,16:16,GA320,GIA320,SUB,Surabaya Juanda International Airport,Garuda Indonesia,GA,B738,Boeing 737-8U3,PK-GMM,Departed 16:16,2026-08-11 05:31:44
CGK,departures,2026-08-10,16:05,16:05,8B5532,,YIA,Yogyakarta International Airport,TransNusa,8B,320,,,Estimated dep 16:05*,2026-08-11 05:31:44
CGK,departures,2026-08-10,16:05,16:11,QG886,CTV886,KNO,Medan Kuala Namu International Airport,Citilink,QG,A320,Airbus A320-214,PK-GQO,Departed 16:11,2026-08-11 05:31:44
CGK,departures,2026-08-10,16:05,16:12,MH720,MAS720,KUL,Kuala Lumpur International Airport,Malaysia Airlines,MH,B738,Boeing 737-8H6,9M-MLP,Departed 16:12,2026-08-11 05:31:44
CGK,departures,2026-08-10,16:05,16:13,JT300,LNI300,KNO,Medan Kuala Namu International Airport,Lion Air,JT,B39M,Boeing 737 MAX 9,PK-LRH,Departed 16:13,2026-08-11 05:31:44
CGK,departures,2026-08-10,16:05,16:05,IN78,,PGK,Pangkal Pinang Depati Amir Airport,Nam Air,IN,735,,,Estimated dep 16:05*,2026-08-11 05:31:44
CGK,departures,2026-08-10,16:10,16:25,IP356,PAS356,PDG,Padang Minangkabau International Airport,Pelita Air,IP,A320,Airbus A320-214,PK-PWJ,Departed 16:25,2026-08-11 05:31:41
CGK,departures,2026-08-10,16:10,16:20,ID7163,BTK7163,PEN,Penang International Airport,Batik Air,ID,B738,Boeing 737-8GP,PK-LBK,Departed 16:20,2026-08-11 05:31:41
CGK,departures,2026-08-10,16:10,16:35,GA982,GIA982,JED,Jeddah King Abdulaziz International Airport,Garuda Indonesia,GA,B77W,Boeing 777-3U3(ER),PK-GIA,Departed 16:35,2026-08-11 05:31:44
CGK,departures,2026-08-10,16:10,16:38,GA414,GIA414,DPS,Denpasar Ngurah Rai International Airport,Garuda Indonesia,GA,B738,Boeing 737-8U3,PK-GMI,Departed 16:38,2026-08-11 05:31:44
CGK,departures,2026-08-10,16:15,16:44,QG492,CTV492,BDJ,Banjarmasin Syamsudin Noor Airport,Citilink,QG,A320,Airbus A320-214,PK-GQG,Departed 16:44,2026-08-11 05:31:41
CGK,departures,2026-08-10,16:25,16:32,ID6352,BTK6352,SRG,Semarang Achmad Yani International Airport,Batik Air,ID,A320,Airbus A320-214,PK-LAJ,Departed 16:32,2026-08-11 05:31:41
CGK,departures,2026-08-10,16:30,16:35,QG764,CTV764,SOC,Surakarta Adisumarmo International Airport,Citilink,QG,A320,Airbus A320-214,PK-GLY,Departed 16:35,2026-08-11 05:31:41
CGK,departures,2026-08-10,16:30,16:52,GA114,GIA114,PLM,Palembang International Airport,Garuda Indonesia,GA,B738,Boeing 737-8U3,PK-GUG,Departed 16:52,2026-08-11 05:31:41
CGK,departures,2026-08-10,16:35,16:52,QG174,CTV174,SUB,Surabaya Juanda International Airport,Citilink,QG,A320,Airbus A320-214,PK-GLX,Departed 16:52,2026-08-11 05:31:41
CGK,departures,2026-08-10,16:35,17:06,GA190,GIA190,KNO,Medan Kuala Namu International Airport,Garuda Indonesia,GA,B738,Boeing 737-8U3,PK-GNG,Departed 17:06,2026-08-11 05:31:41
CGK,departures,2026-08-10,16:40,16:50,QG662,CTV662,DPS,Denpasar Ngurah Rai International Airport,Citilink,QG,A320,Airbus A320-214,PK-GLN,Departed 16:50,2026-08-11 05:31:41
CGK,departures,2026-08-10,16:45,17:39,8B699,TNU699,SZB,Kuala Lumpur Subang Airport,TransNusa,8B,A321,Airbus A321-211,PK-TLM,Departed 17:39,2026-08-11 05:31:41
CGK,departures,2026-08-10,16:45,,ID6802,,DJB,Jambi Sultan Thaha Airport,Batik Air,ID,32A,,,Canceled,2026-08-11 05:31:41
CGK,departures,2026-08-10,16:45,17:21,GA616,GIA616,UPG,Makassar Sultan Hasanuddin International Airport,Garuda Indonesia,GA,B738,Boeing 737-8U3,PK-GMP,Departed 17:21,2026-08-11 05:31:41
CGK,departures,2026-08-10,16:50,18:21,QG954,CTV954,PDG,Padang Minangkabau International Airport,Citilink,QG,A320,Airbus A320-214,PK-GLS,Departed 18:21,2026-08-11 05:31:41
CGK,departures,2026-08-10,16:50,16:50,IU768,,LOP,Lombok International Airport,Super Air Jet,IU,320,,,Estimated dep 16:50*,2026-08-11 05:31:41
CGK,departures,2026-08-10,16:50,,ID6296,,UPG,Makassar Sultan Hasanuddin International Airport,Batik Air,ID,32A,,,Canceled,2026-08-11 05:31:41
CGK,departures,2026-08-10,17:00,17:36,8B679,TNU679,KUL,Kuala Lumpur International Airport,TransNusa,8B,A321,Airbus A321-211,PK-TLG,Departed 17:36,2026-08-11 05:31:41
CGK,departures,2026-08-10,17:00,17:16,SQ961,SIA961,SIN,Singapore Changi Airport,Singapore Airlines,SQ,A359,Airbus A350-941,9V-SHC,Departed 17:16,2026-08-11 05:31:41
CGK,departures,2026-08-10,17:00,19:17,JT684,,PNK,Pontianak Supadio Airport,Lion Air,JT,738,,,Unknown,2026-08-11 05:31:41
CGK,departures,2026-08-10,17:00,,JT372,,BTH,Batam Hang Nadim Airport,Lion Air,JT,739,,,Unknown,2026-08-11 05:31:41
CGK,departures,2026-08-10,17:00,17:14,ID6576,BTK6576,SUB,Surabaya Juanda International Airport,Batik Air,ID,B738,Boeing 737-8GP,PK-LBW,Departed 17:14,2026-08-11 05:31:41
CGK,departures,2026-08-10,17:00,17:18,GA420,GIA420,DPS,Denpasar Ngurah Rai International Airport,Garuda Indonesia,GA,B738,Boeing 737-8U3,PK-GMD,Departed 17:18,2026-08-11 05:31:41
CGK,departures,2026-08-10,17:05,17:09,QZ210,AWQ210,KUL,Kuala Lumpur International Airport,AirAsia,AK,A320,Airbus A320-216,PK-AXT,Departed 17:09,2026-08-11 05:31:41
CGK,departures,2026-08-10,17:05,17:39,JT208,LNI208,KNO,Medan Kuala Namu International Airport,Lion Air,JT,B739,Boeing 737-9GP(ER),PK-LHR,Departed 17:39,2026-08-11 05:31:41
CGK,departures,2026-08-10,17:05,17:05,JT173,,KNO,Medan Kuala Namu International Airport,Lion Air,JT,738,,,Estimated dep 17:05*,2026-08-11 05:31:41
CGK,departures,2026-08-10,17:10,17:23,QG526,CTV526,SIN,Singapore Changi Airport,Citilink,QG,A320,Airbus A320-214,PK-GQP,Departed 17:23,2026-08-11 05:31:41
CGK,departures,2026-08-10,17:10,17:32,IP104,PAS104,DPS,Denpasar Ngurah Rai International Airport,Pelita Air,IP,A320,Airbus A320-214,PK-PWQ,Departed 17:32,2026-08-11 05:31:41
CGK,departures,2026-08-10,17:15,17:42,QG982,CTV982,PLM,Palembang International Airport,Citilink,QG,A320,Airbus A320-214,PK-GQE,Departed 17:42,2026-08-11 05:31:41
CGK,departures,2026-08-10,17:15,17:15,IU816,,PDG,Padang Minangkabau International Airport,Super Air Jet,IU,320,,,Estimated dep 17:15*,2026-08-11 05:31:41
CGK,departures,2026-08-10,17:15,17:25,IP210,PAS210,SUB,Surabaya Juanda International Airport,Pelita Air,IP,A320,Airbus A320-214,PK-PWD,Departed 17:25,2026-08-11 05:31:41
CGK,departures,2026-08-10,17:20,17:33,QG944,CTV944,BTH,Batam Hang Nadim Airport,Citilink,QG,A20N,Airbus A320-251N,PK-GTG,Departed 17:33,2026-08-11 05:31:41
CGK,departures,2026-08-10,17:20,17:46,QG426,CTV426,UPG,Makassar Sultan Hasanuddin International Airport,Citilink,QG,A320,Airbus A320-214,PK-GLL,Departed 17:46,2026-08-11 05:31:41
CGK,departures,2026-08-10,17:20,17:29,ID6806,BTK6806,DJB,Jambi Sultan Thaha Airport,Batik Air,ID,A320,Airbus A320-214,PK-LUU,Departed 17:29,2026-08-11 05:31:41
CGK,departures,2026-08-10,17:30,17:51,SV819,SVA819,JED,Jeddah King Abdulaziz International Airport,Saudia,SV,B77W,Boeing 777-368(ER),HZ-AK20,Departed 17:51,2026-08-11 05:31:41
CGK,departures,2026-08-10,17:30,17:33,QZ176,AWQ176,TKG,Bandar Lampung Radin Inten II Airport,AirAsia,AK,A320,Airbus A320-216,PK-AZF,Departed 17:33,2026-08-11 05:31:41
CGK,departures,2026-08-10,17:30,17:48,ID7368,BTK7368,SOC,Surakarta Adisumarmo International Airport,Batik Air,ID,A320,Airbus A320-214,PK-BKT,Departed 17:48,2026-08-11 05:31:41
CGK,departures,2026-08-10,17:30,17:58,GA246,GIA246,SRG,Semarang Achmad Yani International Airport,Garuda Indonesia (From Nature to Future Livery),GA,B738,Boeing 737-8U3,PK-GFX,Departed 17:58,2026-08-11 05:31:41
CGK,departures,2026-08-10,17:35,20:15,QZ818,AWQ818,DPS,Denpasar Ngurah Rai International Airport,AirAsia,AK,A320,Airbus A320-216,PK-AZE,Departed 20:15,2026-08-11 05:31:41
CGK,departures,2026-08-10,17:40,17:49,JT12,LNI012,DPS,Denpasar Ngurah Rai International Airport,Lion Air,JT,B39M,Boeing 737 MAX 9,PK-LRI,Departed 17:49,2026-08-11 05:31:41
CGK,departures,2026-08-10,17:40,17:46,IU948,SJV948,KNO,Medan Kuala Namu International Airport,Super Air Jet,IU,A320,Airbus A320-232,PK-SJR,Departed 17:46,2026-08-11 05:31:41
CGK,departures,2026-08-10,17:40,17:54,GA838,GIA838,SIN,Singapore Changi Airport,Garuda Indonesia,GA,B738,Boeing 737-8U3,PK-GMV,Departed 17:54,2026-08-11 05:31:41
CGK,departures,2026-08-10,17:40,19:37,EK357,UAE357,DXB,Dubai International Airport,Emirates,EK,B77W,Boeing 777-31H(ER),A6-ENY,Departed 19:37,2026-08-11 05:31:41
CGK,departures,2026-08-10,17:45,17:45,SJ224,,YIA,Yogyakarta International Airport,Sriwijaya Air,SJ,735,,,Estimated dep 17:45*,2026-08-11 05:31:41
CGK,departures,2026-08-10,17:45,18:04,IP314,PAS314,PLM,Palembang International Airport,Pelita Air,IP,A320,Airbus A320-214,PK-PWG,Departed 18:04,2026-08-11 05:31:41
CGK,departures,2026-08-10,17:45,17:57,ID7159,BTK7159,SIN,Singapore Changi Airport,Batik Air,ID,A320,Airbus A320-214,PK-LAL,Departed 17:57,2026-08-11 05:31:41
CGK,departures,2026-08-10,17:50,18:32,QG412,CTV412,PNK,Pontianak Supadio Airport,Citilink,QG,A20N,Airbus A320-251N,PK-GTA,Departed 18:32,2026-08-11 05:31:41
CGK,departures,2026-08-10,17:50,18:01,ID8391,BTK8391,KUL,Kuala Lumpur International Airport,Batik Air,ID,A320,Airbus A320-214,PK-LUZ,Departed 18:01,2026-08-11 05:31:41
CGK,departures,2026-08-10,17:50,18:03,GA72,GIA072,TKG,Bandar Lampung Radin Inten II Airport,Garuda Indonesia,GA,B738,Boeing 737-8U3,PK-GFD,Departed 18:03,2026-08-11 05:31:41
CGK,departures,2026-08-10,18:00,18:00,SJ272,,DPS,Denpasar Ngurah Rai International Airport,Sriwijaya Air,SJ,735,,,Estimated dep 18:00,2026-08-11 05:31:41
CGK,departures,2026-08-10,18:00,18:32,GA576,GIA576,BPN,Balikpapan Sepinggan Airport,Garuda Indonesia,GA,B738,Boeing 737-81M,PK-GUA,Departed 18:32,2026-08-11 05:31:41
CGK,departures,2026-08-10,18:05,18:26,SQ963,SIA963,SIN,Singapore Changi Airport,Singapore Airlines,SQ,A359,Airbus A350-941,9V-SMN,Departed 18:26,2026-08-11 05:31:41
CGK,departures,2026-08-10,18:05,,ID6801,,YIA,Yogyakarta International Airport,Batik Air,ID,32A,,,Unknown,2026-08-11 05:31:41
CGK,departures,2026-08-10,18:05,18:08,ID6374,BTK6374,YIA,Yogyakarta International Airport,Batik Air,ID,A320,Airbus A320-232,PK-BLA,Departed 18:08,2026-08-11 05:31:41
CGK,departures,2026-08-10,18:10,,JT308,,KNO,Medan Kuala Namu International Airport,Lion Air,JT,739,,,Unknown,2026-08-11 05:31:41
CGK,departures,2026-08-10,18:10,18:29,IP328,PAS328,PKU,Pekanbaru Sultan Syarif Kasim II Airport,Pelita Air,IP,A320,Airbus A320-214,PK-PWH,Departed 18:29,2026-08-11 05:31:41
CGK,departures,2026-08-10,18:15,18:33,QG938,CTV938,PKU,Pekanbaru Sultan Syarif Kasim II Airport,Citilink (Tiket.com Livery),QG,A320,Airbus A320-214,PK-GLW,Departed 18:33,2026-08-11 05:31:41
CGK,departures,2026-08-10,18:15,19:47,IU600,SJV600,BPN,Balikpapan Sepinggan Airport,Super Air Jet,IU,A320,Airbus A320-232,PK-SGD,Departed 19:47,2026-08-11 05:31:41
CGK,departures,2026-08-10,18:15,18:49,IU638,SJV638,BDJ,Banjarmasin Syamsudin Noor Airport,Super Air Jet,IU,A320,Airbus A320-232,PK-SJC,Departed 18:49,2026-08-11 05:31:41
CGK,departures,2026-08-10,18:15,18:35,GA536,GIA536,BDJ,Banjarmasin Syamsudin Noor Airport,Garuda Indonesia (Retro 1960 Livery),GA,B738,Boeing 737-8U3,PK-GFM,Departed 18:35,2026-08-11 05:31:41
CGK,departures,2026-08-10,18:20,19:55,WY850,OMA850,MCT,Muscat International Airport,Oman Air,WY,B789,Boeing 787-9 Dreamliner,A4O-SI,Departed 19:55,2026-08-11 05:31:41
CGK,departures,2026-08-10,18:20,18:47,IU690,SJV690,PNK,Pontianak Supadio Airport,Super Air Jet,IU,A320,Airbus A320-232,PK-SJT,Departed 18:47,2026-08-11 05:31:41
CGK,departures,2026-08-10,18:30,18:39,QR957,QTR957,DOH,Doha Hamad International Airport,Qatar Airways,QR,A359,Airbus A350-941,A7-ALI,Departed 18:39,2026-08-11 05:31:41
CGK,departures,2026-08-10,18:30,18:40,QG914,CTV914,KNO,Medan Kuala Namu International Airport,Citilink,QG,A320,Airbus A320-214,PK-GLV,Departed 18:40,2026-08-11 05:31:41
CGK,departures,2026-08-10,18:30,18:51,QG776,CTV776,YIA,Yogyakarta International Airport,Citilink,QG,A320,Airbus A320-214,PK-GLU,Departed 18:51,2026-08-11 05:31:41
CGK,departures,2026-08-10,18:30,18:45,GA426,GIA426,DPS,Denpasar Ngurah Rai International Airport,Garuda Indonesia,GA,B738,Boeing 737-8U3,PK-GNC,Departed 18:45,2026-08-11 05:31:41
CGK,departures,2026-08-10,18:40,18:54,QG798,CTV798,SRG,Semarang Achmad Yani International Airport,Citilink,QG,A320,Airbus A320-214,PK-GQM,Departed 18:54,2026-08-11 05:31:41
CGK,departures,2026-08-10,18:45,19:03,ID6142,BTK6142,UPG,Makassar Sultan Hasanuddin International Airport,Batik Air,ID,A320,Airbus A320-214,PK-LAI,Departed 19:03,2026-08-11 05:31:41
CGK,departures,2026-08-10,18:50,19:08,QG726,CTV726,SUB,Surabaya Juanda International Airport,Citilink,QG,A320,Airbus A320-214,PK-GLG,Departed 19:08,2026-08-11 05:31:41
CGK,departures,2026-08-10,18:50,19:20,JT352,LNI352,PDG,Padang Minangkabau International Airport,Lion Air,JT,B738,Boeing 737-8GP,PK-LOQ,Departed 19:20,2026-08-11 05:31:41
CGK,departures,2026-08-10,18:50,18:50,IN220,,YIA,Yogyakarta International Airport,Nam Air,IN,735,,,Estimated dep 18:50*,2026-08-11 05:31:41
CGK,departures,2026-08-10,18:55,19:15,JT242,LNI242,TKG,Bandar Lampung Radin Inten II Airport,Lion Air,JT,B739,Boeing 737-9GP(ER),PK-LHQ,Departed 19:15,2026-08-11 05:31:41
CGK,departures,2026-08-10,18:55,19:23,AK387,AXM387,KUL,Kuala Lumpur International Airport,AirAsia,AK,A20N,Airbus A320-251N,9M-AGW,Departed 19:23,2026-08-11 05:31:41
CGK,departures,2026-08-10,19:00,19:17,8B860,TNU860,CAN,Guangzhou Baiyun International Airport,TransNusa,8B,A320,Airbus A320-214,PK-TLC,Departed 19:17,2026-08-11 05:31:41
CGK,departures,2026-08-10,19:00,20:09,TG436,THA436,BKK,Bangkok Suvarnabhumi Airport,Thai Airways,TG,A359,Airbus A350-941,HS-THS,Departed 20:09,2026-08-11 05:31:41
CGK,departures,2026-08-10,19:00,19:00,SJ5810,,UPG,Makassar Sultan Hasanuddin International Airport,Sriwijaya Air,SJ,735,,,Estimated dep 19:00*,2026-08-11 05:31:41
CGK,departures,2026-08-10,19:00,19:51,IU914,SJV914,PKU,Pekanbaru Sultan Syarif Kasim II Airport,Super Air Jet,IU,A320,Airbus A320-232,PK-STC,Departed 19:51,2026-08-11 05:31:41
CGK,departures,2026-08-10,19:00,19:30,IU874,SJV874,PLM,Palembang International Airport,Super Air Jet,IU,A320,Airbus A320-232,PK-SAW,Departed 19:30,2026-08-11 05:31:41
CGK,departures,2026-08-10,19:00,19:10,ID6884,BTK6884,KNO,Medan Kuala Namu International Airport,Batik Air,ID,A320,Airbus A320-214,PK-LAZ,Departed 19:10,2026-08-11 05:31:41
CGK,departures,2026-08-10,19:00,21:32,ID6205,,KNO,Medan Kuala Namu International Airport,Batik Air,ID,32A,,,Unknown,2026-08-11 05:31:41
CGK,departures,2026-08-10,19:05,19:48,QG946,CTV946,BTH,Batam Hang Nadim Airport,Citilink,QG,A320,Airbus A320-214,PK-GLR,Departed 19:48,2026-08-11 05:31:41
CGK,departures,2026-08-10,19:15,19:29,HU702,CHH702,HAK,Haikou Meilan International Airport,Hainan Airlines,HU,B38M,Boeing 737 MAX 8,B-1388,Departed 19:29,2026-08-11 05:31:41
CGK,departures,2026-08-10,19:15,19:40,GA206,GIA206,YIA,Yogyakarta International Airport,Garuda Indonesia,GA,B738,Boeing 737-86N,PK-GFJ,Departed 19:40,2026-08-11 05:31:41
CGK,departures,2026-08-10,19:15,19:32,GA196,GIA196,KNO,Medan Kuala Namu International Airport,Garuda Indonesia,GA,B738,Boeing 737-8U3,PK-GNM,Departed 19:32,2026-08-11 05:31:41
CGK,departures,2026-08-10,19:20,19:26,SQ965,SIA965,SIN,Singapore Changi Airport,Singapore Airlines,SQ,B77W,Boeing 777-312(ER),9V-SWO,Departed 19:26,2026-08-11 05:31:41
CGK,departures,2026-08-10,19:30,21:10,8B5110,TNU5110,DPS,Denpasar Ngurah Rai International Airport,TransNusa,8B,A320,Airbus A320-214,PK-TLN,Departed 21:10,2026-08-11 05:31:41
CGK,departures,2026-08-10,19:30,19:42,KL810,KLM810,KUL,Kuala Lumpur International Airport,KLM,KL,B789,Boeing 787-9 Dreamliner,PH-BHI,Departed 19:42,2026-08-11 05:31:41
CGK,departures,2026-08-10,19:30,19:30,IU624,,BDJ,Banjarmasin Syamsudin Noor Airport,Super Air Jet,IU,320,,,Estimated dep 19:30*,2026-08-11 05:31:41
CGK,departures,2026-08-10,19:30,20:29,ID6862,BTK6862,BTH,Batam Hang Nadim Airport,Batik Air,ID,A320,Airbus A320-214,PK-BKV,Departed 20:29,2026-08-11 05:31:41
CGK,departures,2026-08-10,19:30,19:57,ID6362,BTK6362,SRG,Semarang Achmad Yani International Airport,Batik Air (Book Cabin Sticker),ID,A320,Airbus A320-214,PK-LAF,Departed 19:57,2026-08-11 05:31:41
CGK,departures,2026-08-10,19:30,21:23,ID6143,,BTH,Batam Hang Nadim Airport,Batik Air,ID,32A,,,Unknown,2026-08-11 05:31:41
CGK,departures,2026-08-10,19:30,19:45,GA822,GIA822,SIN,Singapore Changi Airport,Garuda Indonesia,GA,B738,Boeing 737-8U3,PK-GNR,Departed 19:45,2026-08-11 05:31:41
CGK,departures,2026-08-10,19:45,20:00,8B155,TNU155,SIN,Singapore Changi Airport,TransNusa,8B,A321,Airbus A321-211,PK-TLK,Departed 20:00,2026-08-11 05:31:41
CGK,departures,2026-08-10,19:50,20:13,MH724,MAS724,KUL,Kuala Lumpur International Airport,Malaysia Airlines,MH,B738,Boeing 737-8H6,9M-MXR,Departed 20:13,2026-08-11 05:31:41
CGK,departures,2026-08-10,20:00,20:19,TR279,TGW279,SIN,Singapore Changi Airport,Scoot,TR,A320,Airbus A320-232,9V-TRP,Departed 20:19,2026-08-11 05:31:41
CGK,departures,2026-08-10,20:00,20:08,QG986,CTV986,PLM,Palembang International Airport,Citilink,QG,A320,Airbus A320-214,PK-GQS,Departed 20:08,2026-08-11 05:31:41
CGK,departures,2026-08-10,20:00,20:06,QG882,CTV882,KNO,Medan Kuala Namu International Airport,Citilink,QG,A320,Airbus A320-214,PK-GLT,Departed 20:06,2026-08-11 05:31:41
CGK,departures,2026-08-10,20:00,21:21,ID6821,,SUB,Surabaya Juanda International Airport,Batik Air,ID,32A,,,Unknown,2026-08-11 05:31:41
CGK,departures,2026-08-10,20:00,20:17,ID6588,BTK6588,SUB,Surabaya Juanda International Airport,Batik Air,ID,A320,Airbus A320-214,PK-BKY,Departed 20:17,2026-08-11 05:31:41
CGK,departures,2026-08-10,20:00,20:07,GA424,GIA424,DPS,Denpasar Ngurah Rai International Airport,Garuda Indonesia,GA,B738,Boeing 737-8U3,PK-GMY,Departed 20:07,2026-08-11 05:31:41
CGK,departures,2026-08-10,20:05,21:42,JT306,LNI306,KNO,Medan Kuala Namu International Airport,Lion Air (80th 737NG Livery),JT,B738,Boeing 737-8GP,PK-LKP,Departed 21:42,2026-08-11 05:31:41
CGK,departures,2026-08-10,20:10,20:30,GA324,GIA324,SUB,Surabaya Juanda International Airport,Garuda Indonesia,GA,B738,Boeing 737-8U3,PK-GFP,Departed 20:30,2026-08-11 05:31:41
CGK,departures,2026-08-10,20:15,20:32,SQ967,SIA967,SIN,Singapore Changi Airport,Singapore Airlines,SQ,A359,Airbus A350-941,9V-SHG,Departed 20:32,2026-08-11 05:31:38
CGK,departures,2026-08-10,20:30,20:35,QG216,CTV216,UPG,Makassar Sultan Hasanuddin International Airport,Citilink,QG,A320,Airbus A320-214,PK-GQK,Departed 20:35,2026-08-11 05:31:38
CGK,departures,2026-08-10,20:35,,3U9044,,TFU,Chengdu Tianfu International Airport,Sichuan Airlines,3U,33F,,,Unknown,2026-08-11 05:31:38
CGK,departures,2026-08-10,20:45,21:02,QF42,QFA042,SYD,Sydney Kingsford Smith Airport,Qantas,QF,A332,Airbus A330-202,VH-EBJ,Departed 21:02,2026-08-11 05:31:38
CGK,departures,2026-08-10,20:50,21:04,AK354,AXM354,KUL,Kuala Lumpur International Airport,AirAsia,AK,A320,Airbus A320-214,9M-RCG,Departed 21:04,2026-08-11 05:31:38
CGK,departures,2026-08-10,21:00,21:06,TK57,THY057,IST,Istanbul Airport,Turkish Airlines,TK,A359,Airbus A350-941,TC-LGS,Departed 21:06,2026-08-11 05:31:38
CGK,departures,2026-08-10,21:00,,RI700,,LOP,Lombok International Airport,Rimbun Air,RI,73Y,,,Unknown,2026-08-11 05:31:38
CGK,departures,2026-08-10,21:00,,RI120,,KNO,Medan Kuala Namu International Airport,Rimbun Air,RI,73Y,,,Unknown,2026-08-11 05:31:38
CGK,departures,2026-08-10,21:00,21:07,QG728,CTV728,SUB,Surabaya Juanda International Airport,Citilink (Tiket.com Livery),QG,A320,Airbus A320-214,PK-GLZ,Departed 21:07,2026-08-11 05:31:38
CGK,departures,2026-08-10,21:15,04:30,SJ592,,UPG,Makassar Sultan Hasanuddin International Airport,Sriwijaya Air,SJ,735,,,Unknown,2026-08-11 05:31:38
CGK,departures,2026-08-10,21:15,21:15,IN582,,UPG,Makassar Sultan Hasanuddin International Airport,Nam Air,IN,735,,,Estimated dep 21:15*,2026-08-11 05:31:38
CGK,departures,2026-08-10,21:25,21:32,NH856,ANA856,HND,Tokyo Haneda International Airport,All Nippon Airways,NH,B789,Boeing 787-9 Dreamliner,JA882A,Departed 21:32,2026-08-11 05:31:38
CGK,departures,2026-08-10,21:25,21:38,GA652,GIA652,DPS,Denpasar Ngurah Rai International Airport,Garuda Indonesia (Pocari Sweat Livery),GA,B738,Boeing 737-86N,PK-GNN,Departed 21:38,2026-08-11 05:31:38
CGK,departures,2026-08-10,21:30,21:37,QG250,CTV250,UPG,Makassar Sultan Hasanuddin International Airport,Citilink,QG,A320,Airbus A320-214,PK-GQA,Departed 21:37,2026-08-11 05:31:38
CGK,departures,2026-08-10,21:30,21:45,OZ762,AAR762,ICN,Seoul Incheon International Airport,Asiana Airlines,OZ,A359,Airbus A350-941,HL8079,Departed 21:45,2026-08-11 05:31:38
CGK,departures,2026-08-10,21:30,21:30,JT940,,UPG,Makassar Sultan Hasanuddin International Airport,Lion Air,JT,738,,,Estimated dep 21:30*,2026-08-11 05:31:38
CGK,departures,2026-08-10,21:30,00:29,JT938,,UPG,Makassar Sultan Hasanuddin International Airport,Lion Air,JT,738,,,Unknown,2026-08-11 05:31:38
CGK,departures,2026-08-10,21:30,21:40,JT798,LNI798,UPG,Makassar Sultan Hasanuddin International Airport,Lion Air,JT,B739,Boeing 737-9GP(ER),PK-LFW,Departed 21:40,2026-08-11 05:31:38
CGK,departures,2026-08-10,21:50,22:08,TW156,TWB156,ICN,Seoul Incheon International Airport,T'Way Air,TW,A333,Airbus A330-343,HL8502,Departed 22:08,2026-08-11 05:31:38
CGK,departures,2026-08-10,21:50,21:53,JL726,JAL726,NRT,Tokyo Narita International Airport,Japan Airlines,JL,B763,Boeing 767-346(ER),JA617J,Departed 21:53,2026-08-11 05:31:38
CGK,departures,2026-08-10,22:00,22:27,JT984,,UPG,Makassar Sultan Hasanuddin International Airport,Lion Air,JT,738,,,Estimated dep 22:27*,2026-08-11 05:31:38
CGK,departures,2026-08-10,22:00,22:00,JT948,,UPG,Makassar Sultan Hasanuddin International Airport,Lion Air,JT,738,,,Estimated dep 22:00*,2026-08-11 05:31:38
CGK,departures,2026-08-10,22:15,03:23,SJ598,SJY598,UPG,Makassar Sultan Hasanuddin International Airport,Sriwijaya Air,SJ,B735,Boeing 737-524,PK-CLE,Departed 03:23,2026-08-11 05:31:38
CGK,departures,2026-08-10,22:15,22:42,TR273,TGW273,SIN,Singapore Changi Airport,Scoot,TR,A320,Airbus A320-232,9V-TRV,Departed 22:42,2026-08-11 05:31:38
CGK,departures,2026-08-10,22:30,22:30,8B862,,CAN,Guangzhou Baiyun International Airport,TransNusa,8B,320,,,Estimated dep 22:30*,2026-08-11 05:31:38
CGK,departures,2026-08-10,23:00,,RI320,,UPG,Makassar Sultan Hasanuddin International Airport,Rimbun Air,RI,73Y,,,Unknown,2026-08-11 05:31:38
CGK,departures,2026-08-10,23:00,23:08,ID6182,BTK6182,UPG,Makassar Sultan Hasanuddin International Airport,Batik Air,ID,B738,Boeing 737-8GP,PK-LBS,Departed 23:08,2026-08-11 05:31:38
CGK,departures,2026-08-10,23:00,,ID6164,,UPG,Makassar Sultan Hasanuddin International Airport,Batik Air,ID,32A,,,Unknown,2026-08-11 05:31:38
CGK,departures,2026-08-10,23:15,23:20,GA878,GIA878,ICN,Seoul Incheon International Airport,Garuda Indonesia,GA,A333,Airbus A330-343,PK-GHA,Departed 23:20,2026-08-11 05:31:38
CGK,departures,2026-08-10,23:20,23:12,MF8674,CXA8674,CKG,Chongqing Jiangbei International Airport,Xiamen Air,MF,B38M,Boeing 737 MAX 8,B-1139,Departed 23:12,2026-08-11 05:31:38
CGK,departures,2026-08-10,23:25,23:41,GA874,GIA874,HND,Tokyo Haneda International Airport,Garuda Indonesia,GA,A339,Airbus A330-941,PK-GHF,Departed 23:41,2026-08-11 05:31:38
CGK,departures,2026-08-10,23:30,,RI302,,MDC,Manado Sam Ratulangi International Airport,Rimbun Air,RI,73Y,,,Unknown,2026-08-11 05:31:38
CGK,departures,2026-08-10,23:30,02:51,MU5070,CES5070,PVG,Shanghai Pudong International Airport,China Eastern (People's Daily Online Livery),MU,A332,Airbus A330-243,B-5931,Departed 02:51,2026-08-11 05:31:38
CGK,departures,2026-08-10,23:30,23:51,MF838,CXA838,XMN,Xiamen Gaoqi International Airport,Xiamen Air,MF,B38M,Boeing 737 MAX 8,B-225F,Departed 23:51,2026-08-11 05:31:38
CGK,departures,2026-08-10,23:50,00:02,GA860,GIA860,HKG,Hong Kong International Airport,Garuda Indonesia,GA,B738,Boeing 737-81D,PK-GFR,Departed 00:02,2026-08-11 05:31:38
CGK,departures,2026-08-10,23:55,,8K801,,SIN,Singapore Changi Airport,Exploits Valley Air Services,8K,73P,,,Unknown,2026-08-11 05:31:38
CGK,departures,2026-08-10,23:55,00:18,GA894,GIA894,PVG,Shanghai Pudong International Airport,Garuda Indonesia (Republic of Indonesia Livery),GA,B77W,Boeing 777-3U3(ER),PK-GIF,Departed 00:18,2026-08-11 05:31:38
DPS,arrivals,2026-08-10,05:20,,SJ727,,UPG,Makassar Sultan Hasanuddin International Airport,Sriwijaya Air,SJ,738,,,Unknown,2026-08-11 05:32:28
DPS,arrivals,2026-08-10,06:05,05:44,HX707,CRK707,HKG,Hong Kong International Airport,Hong Kong Airlines (Takungpao Livery),HX,A333,Airbus A330-343,B-LHR,Landed 06:44,2026-08-11 05:32:28
DPS,arrivals,2026-08-10,06:10,05:55,8B5889,TNU5889,MDC,Manado Sam Ratulangi International Airport,TransNusa,8B,A320,Airbus A320-214,PK-TLP,Landed 06:55,2026-08-11 05:32:28
DPS,arrivals,2026-08-10,06:15,06:04,ID6414,BTK6414,SUB,Surabaya Juanda International Airport,Batik Air,ID,A320,Airbus A320-214,PK-LUV,Landed 07:04,2026-08-11 05:32:28
DPS,arrivals,2026-08-10,06:20,06:32,8B968,TNU968,CAN,Guangzhou Baiyun International Airport,TransNusa,8B,A320,Airbus A320-214,PK-TLN,Landed 07:32,2026-08-11 05:32:28
DPS,arrivals,2026-08-10,06:25,06:08,JT20,LNI020,CGK,Jakarta Soekarno Hatta International Airport,Lion Air,JT,B39M,Boeing 737 MAX 9,PK-LRH,Landed 07:08,2026-08-11 05:32:28
DPS,arrivals,2026-08-10,06:25,06:44,AI2145,AIC2145,DEL,Delhi Indira Gandhi International Airport,Air India,AI,A21N,Airbus A321-251NX(LR),VT-TVH,Landed 07:44,2026-08-11 05:32:28
DPS,arrivals,2026-08-10,06:35,06:13,QG692,CTV692,SUB,Surabaya Juanda International Airport,Citilink,QG,A320,Airbus A320-214,PK-GQO,Landed 07:13,2026-08-11 05:32:28
DPS,arrivals,2026-08-10,06:35,06:22,QG680,CTV680,CGK,Jakarta Soekarno Hatta International Airport,Citilink,QG,A320,Airbus A320-214,PK-GQC,Landed 07:22,2026-08-11 05:32:28
DPS,arrivals,2026-08-10,06:40,06:29,ID6761,BTK6761,UPG,Makassar Sultan Hasanuddin International Airport,Batik Air,ID,A320,Airbus A320-214,PK-LAQ,Landed 07:29,2026-08-11 05:32:25
DPS,arrivals,2026-08-10,06:45,06:36,IW1851,WON1851,LOP,Lombok International Airport,Wings Air,IW,AT76,ATR 72-600,PK-WGR,Landed 07:36,2026-08-11 05:32:25
DPS,arrivals,2026-08-10,06:45,06:18,CZ8481,CSN8481,CAN,Guangzhou Baiyun International Airport,China Southern Airlines,CZ,A21N,Airbus A321-251NX,B-32M3,Landed 07:18,2026-08-11 05:32:25
DPS,arrivals,2026-08-10,06:50,09:02,5J279,CEB279,MNL,Manila Ninoy Aquino International Airport,Cebu Pacific,5J,A321,Airbus A321-211,RP-C4116,Landed 10:02,2026-08-11 05:32:25
DPS,arrivals,2026-08-10,07:05,07:18,SU296,AFL296,SVO,Moscow Sheremetyevo International Airport,Aeroflot,SU,A359,Airbus A350-941,RA-73155,Landed 08:18,2026-08-11 05:32:25
DPS,arrivals,2026-08-10,07:15,07:04,IW1853,WON1853,LOP,Lombok International Airport,Wings Air,IW,AT76,ATR 72-600,PK-WJM,Landed 08:04,2026-08-11 05:32:25
DPS,arrivals,2026-08-10,07:15,06:58,ID6553,BTK6553,KOE,Kupang El Tari Airport,Batik Air,ID,A320,Airbus A320-214,PK-LUK,Landed 07:58,2026-08-11 05:32:25
DPS,arrivals,2026-08-10,07:45,07:36,8B85,TNU085,PER,Perth Airport,TransNusa,8B,A320,Airbus A320-214,PK-TLA,Landed 08:36,2026-08-11 05:32:25
DPS,arrivals,2026-08-10,07:55,08:05,SQ934,SIA934,SIN,Singapore Changi Airport,Singapore Airlines,SQ,B78X,Boeing 787-10 Dreamliner,9V-SCS,Landed 09:05,2026-08-11 05:32:25
DPS,arrivals,2026-08-10,08:00,08:02,QZ806,AWQ806,CGK,Jakarta Soekarno Hatta International Airport,AirAsia,AK,A320,Airbus A320-216,PK-AZL,Landed 09:02,2026-08-11 05:32:25
DPS,arrivals,2026-08-10,08:05,07:46,8B5251,TNU5251,LOP,Lombok International Airport,TransNusa,8B,AJ27,Comac ARJ-21-700,PK-TJB,Landed 08:46,2026-08-11 05:32:25
DPS,arrivals,2026-08-10,08:05,08:25,IW1859,WON1859,LOP,Lombok International Airport,Wings Air,IW,AT76,ATR 72-600,PK-WHP,Landed 09:25,2026-08-11 05:32:25
DPS,arrivals,2026-08-10,08:25,08:13,IU132,SJV132,SRG,Semarang Achmad Yani International Airport,Super Air Jet,IU,A320,Airbus A320-232,PK-SGC,Landed 09:13,2026-08-11 05:32:25
DPS,arrivals,2026-08-10,08:30,08:10,IU127,SJV127,SOC,Surakarta Adisumarmo International Airport,Super Air Jet,IU,A320,Airbus A320-232,PK-SAY,Landed 09:10,2026-08-11 05:32:25
DPS,arrivals,2026-08-10,08:45,08:49,8B5104,TNU5104,CGK,Jakarta Soekarno Hatta International Airport,TransNusa,8B,A320,Airbus A320-214,PK-TLO,Landed 09:49,2026-08-11 05:32:25
DPS,arrivals,2026-08-10,08:50,08:42,QZ645,AWQ645,LBJ,Labuan Bajo Komodo Airport,AirAsia,AK,A320,Airbus A320-214,PK-AZH,Landed 09:42,2026-08-11 05:32:25
DPS,arrivals,2026-08-10,08:55,08:35,8G181,DTL181,DIL,Dili Presidente Nicolau Lobato International Airport,Aero Dili,8G,A319,Airbus A319-115,4W-AAO,Landed 09:35,2026-08-11 05:32:25
DPS,arrivals,2026-08-10,08:55,08:46,QG196,CTV196,HLP,Jakarta Halim Perdanakusuma Airport,Citilink,QG,A320,Airbus A320-214,PK-GLS,Landed 09:46,2026-08-11 05:32:25
DPS,arrivals,2026-08-10,08:55,08:56,JT990,LNI990,SUB,Surabaya Juanda International Airport,Lion Air,JT,B739,Boeing 737-9GP(ER),PK-LSL,Landed 09:56,2026-08-11 05:32:25
DPS,arrivals,2026-08-10,08:55,09:09,JT741,LNI741,UPG,Makassar Sultan Hasanuddin International Airport,Lion Air,JT,B739,Boeing 737-9GP(ER),PK-LSU,Landed 10:09,2026-08-11 05:32:25
DPS,arrivals,2026-08-10,09:05,08:52,GA402,GIA402,CGK,Jakarta Soekarno Hatta International Airport,Garuda Indonesia,GA,B738,Boeing 737-8U3,PK-GNA,Landed 09:52,2026-08-11 05:32:25
DPS,arrivals,2026-08-10,09:10,09:05,JQ125,JST125,ADL,Adelaide Airport,Jetstar,JQ,A21N,Airbus A321-251NX(LR),VH-OYX,Landed 10:05,2026-08-11 05:32:25
DPS,arrivals,2026-08-10,09:20,08:59,6E1605,IGO1605,BLR,Bengaluru Kempegowda International Airport,IndiGo,6E,A20N,Airbus A320-251N,VT-IXJ,Landed 09:59,2026-08-11 05:32:25
DPS,arrivals,2026-08-10,09:20,09:12,TR280,TGW280,SIN,Singapore Changi Airport,Scoot,TR,B788,Boeing 787-8 Dreamliner,9V-OFI,Landed 10:12,2026-08-11 05:32:25
DPS,arrivals,2026-08-10,09:30,09:25,JQ110,JST110,PER,Perth Airport,Jetstar,JQ,A21N,Airbus A321-251NX(LR),VH-OYP,Landed 10:25,2026-08-11 05:32:25
DPS,arrivals,2026-08-10,09:35,09:37,JQ31,JST031,MEL,Melbourne Airport,Jetstar,JQ,A21N,Airbus A321-251NX(LR),VH-OYU,Landed 10:37,2026-08-11 05:32:25
DPS,arrivals,2026-08-10,09:45,09:29,QZ549,AWQ549,PER,Perth Airport,AirAsia (Sustainable ASEAN Tourism Livery),AK,A320,Airbus A320-216,PK-AZS,Landed 10:29,2026-08-11 05:32:25
DPS,arrivals,2026-08-10,09:50,09:46,JQ39,JST039,SYD,Sydney Kingsford Smith Airport,Jetstar,JQ,A21N,Airbus A321-251NX(LR),VH-OYD,Landed 10:46,2026-08-11 05:32:25
DPS,arrivals,2026-08-10,10:00,09:52,SQ936,SIA936,SIN,Singapore Changi Airport,Singapore Airlines,SQ,B78X,Boeing 787-10 Dreamliner,9V-SCM,Landed 10:52,2026-08-11 05:32:25
DPS,arrivals,2026-08-10,10:00,10:10,ID6332,BTK6332,LBJ,Labuan Bajo Komodo Airport,Batik Air,ID,A320,Airbus A320-214,PK-LAQ,Landed 11:10,2026-08-11 05:32:25
DPS,arrivals,2026-08-10,10:05,11:37,OD192,MXD192,PER,Perth Airport,Batik Air,ID,B738,Boeing 737-8U3,9M-LCW,Landed 12:37,2026-08-11 05:32:25
DPS,arrivals,2026-08-10,10:05,11:11,GA719,GIA719,MEL,Melbourne Airport,Garuda Indonesia (Retro Livery),GA,A333,Airbus A330-343,PK-GHD,Landed 12:11,2026-08-11 05:32:25
DPS,arrivals,2026-08-10,10:10,09:57,QZ808,AWQ808,CGK,Jakarta Soekarno Hatta International Airport,AirAsia,AK,A320,Airbus A320-216,PK-AZK,Landed 10:57,2026-08-11 05:32:25
DPS,arrivals,2026-08-10,10:20,10:05,IW1883,WON1883,SWQ,Sumbawa Besar Airport,Wings Air,IW,AT76,ATR 72-600,PK-WJM,Landed 11:05,2026-08-11 05:32:25
DPS,arrivals,2026-08-10,10:20,10:14,IW1849,WON1849,LOP,Lombok International Airport,Wings Air,IW,AT76,ATR 72-600,PK-WGR,Landed 11:14,2026-08-11 05:32:25
DPS,arrivals,2026-08-10,10:20,10:18,GA342,GIA342,SUB,Surabaya Juanda International Airport,Garuda Indonesia,GA,B738,Boeing 737-8U3,PK-GMF,Landed 11:18,2026-08-11 05:32:25
DPS,arrivals,2026-08-10,10:25,10:34,OD178,MXD178,MEL,Melbourne Airport,Batik Air (Visit Malaysia Truly Asia 2026 Livery),ID,B38M,Boeing 737 MAX 8,9M-LRM,Landed 11:34,2026-08-11 05:32:25
DPS,arrivals,2026-08-10,10:25,11:16,JT30,LNI030,CGK,Jakarta Soekarno Hatta International Airport,Lion Air,JT,B739,Boeing 737-9GP(ER),PK-LSK,Landed 12:16,2026-08-11 05:32:25
DPS,arrivals,2026-08-10,10:25,12:44,EY476,ETD476,AUH,Abu Dhabi Zayed International Airport,Etihad Airways,EY,B77W,Boeing 777-3FX(ER),A6-ETI,Landed 13:44,2026-08-11 05:32:25
DPS,arrivals,2026-08-10,10:30,11:28,OD158,MXD158,BNE,Brisbane Airport,Batik Air,ID,B38M,Boeing 737 MAX 8,9M-LRW,Landed 12:28,2026-08-11 05:32:25
DPS,arrivals,2026-08-10,10:35,10:24,QG696,CTV696,SUB,Surabaya Juanda International Airport,Citilink,QG,A320,Airbus A320-214,PK-GLM,Landed 11:24,2026-08-11 05:32:25
DPS,arrivals,2026-08-10,10:40,10:37,FD396,AIQ396,DMK,Bangkok Don Mueang International Airport,AirAsia,AK,A320,Airbus A320-216,HS-BBF,Landed 11:37,2026-08-11 05:32:25
DPS,arrivals,2026-08-10,10:50,10:28,QZ643,AWQ643,LBJ,Labuan Bajo Komodo Airport,AirAsia,AK,A320,Airbus A320-216,PK-AXY,Landed 11:28,2026-08-11 05:32:25
DPS,arrivals,2026-08-10,10:50,10:52,JQ57,JST057,BNE,Brisbane Airport,Jetstar,JQ,A21N,Airbus A321-251NX(LR),VH-OFQ,Landed 11:52,2026-08-11 05:32:25
DPS,arrivals,2026-08-10,11:00,10:43,SQ938,SIA938,SIN,Singapore Changi Airport,Singapore Airlines (1000th 787 Dreamliner Sticker),SQ,B78X,Boeing 787-10 Dreamliner,9V-SCP,Landed 11:43,2026-08-11 05:32:25
DPS,arrivals,2026-08-10,11:00,16:21,OD306,MXD306,KUL,Kuala Lumpur International Airport,Batik Air,ID,B738,Boeing 737-8GP,9M-LNR,Landed 17:21,2026-08-11 05:32:25
DPS,arrivals,2026-08-10,11:00,14:34,IP102,PAS102,CGK,Jakarta Soekarno Hatta International Airport,Pelita Air,IP,A320,Airbus A320-214,PK-PWK,Landed 15:34,2026-08-11 05:32:25
DPS,arrivals,2026-08-10,11:05,11:40,OD172,MXD172,SYD,Sydney Kingsford Smith Airport,Batik Air,ID,B38M,Boeing 737 MAX 8,9M-LRP,Landed 12:40,2026-08-11 05:32:25
DPS,arrivals,2026-08-10,11:05,11:08,MH715,MAS715,KUL,Kuala Lumpur International Airport,Malaysia Airlines (Oneworld Livery),MH,A333,Airbus A330-323,9M-MTE,Landed 12:08,2026-08-11 05:32:25
DPS,arrivals,2026-08-10,11:10,10:55,8B5635,TNU5635,BMU,Bima Sultan Muhammad Salahudin Airport,TransNusa,8B,AJ27,Comac ARJ-21-700,PK-TJB,Landed 11:55,2026-08-11 05:32:25
DPS,arrivals,2026-08-10,11:15,10:47,AK364,AXM364,KUL,Kuala Lumpur International Airport,"AirAsia (3, 2,1, Take Off Livery)",AK,A21N,Airbus A321-251NX,9M-VAA,Landed 11:47,2026-08-11 05:32:25
DPS,arrivals,2026-08-10,11:20,11:00,ID6325,BTK6325,TMC,Tambolaka Airport,Batik Air,ID,A320,Airbus A320-214,PK-LUV,Landed 12:00,2026-08-11 05:32:25
DPS,arrivals,2026-08-10,11:25,11:30,GA404,GIA404,CGK,Jakarta Soekarno Hatta International Airport,Garuda Indonesia,GA,B738,Boeing 737-8U3,PK-GMA,Landed 12:30,2026-08-11 05:32:25
DPS,arrivals,2026-08-10,11:30,11:24,GA843,GIA843,SIN,Singapore Changi Airport,Garuda Indonesia,GA,B738,Boeing 737-8U3,PK-GNH,Landed 12:24,2026-08-11 05:32:25
DPS,arrivals,2026-08-10,11:35,,SJ741,,WGP,Waingapu Mau Hau Airport,Sriwijaya Air,SJ,735,,,Unknown,2026-08-11 05:32:25
DPS,arrivals,2026-08-10,11:35,11:22,JT34,LNI034,CGK,Jakarta Soekarno Hatta International Airport,Lion Air,JT,B39M,Boeing 737 MAX 9,PK-LRH,Landed 12:22,2026-08-11 05:32:25
DPS,arrivals,2026-08-10,11:55,11:47,VJ849,VJC849,SGN,Ho Chi Minh City International Airport,VietJet Air,VJ,A21N,Airbus A321-271NX,VN-A524,Landed 12:47,2026-08-11 05:32:25
DPS,arrivals,2026-08-10,11:55,11:53,QG686,CTV686,CGK,Jakarta Soekarno Hatta International Airport,Citilink,QG,A320,Airbus A320-214,PK-GQA,Landed 12:53,2026-08-11 05:32:25
DPS,arrivals,2026-08-10,11:55,11:34,JT663,LNI663,BPN,Balikpapan Sepinggan Airport,Lion Air,JT,B739,Boeing 737-9GP(ER),PK-LSR,Landed 12:34,2026-08-11 05:32:25
DPS,arrivals,2026-08-10,12:05,11:50,ID8332,BTK8332,LBJ,Labuan Bajo Komodo Airport,Batik Air,ID,A320,Airbus A320-214,PK-LUK,Landed 12:50,2026-08-11 05:32:25
DPS,arrivals,2026-08-10,12:05,11:57,TR288,TGW288,SIN,Singapore Changi Airport,Scoot,TR,B788,Boeing 787-8 Dreamliner,9V-OFJ,Landed 12:57,2026-08-11 05:32:25
DPS,arrivals,2026-08-10,12:05,11:43,QZ802,AWQ802,CGK,Jakarta Soekarno Hatta International Airport,AirAsia (Colours of Indonesia Livery),AK,A320,Airbus A320-216,PK-AXD,Landed 12:43,2026-08-11 05:32:25
DPS,arrivals,2026-08-10,12:15,12:32,JT804,LNI804,SUB,Surabaya Juanda International Airport,Lion Air,JT,B739,Boeing 737-9GP(ER),PK-LSL,Landed 13:32,2026-08-11 05:32:25
DPS,arrivals,2026-08-10,12:20,12:09,8B5106,TNU5106,CGK,Jakarta Soekarno Hatta International Airport,TransNusa,8B,A320,Airbus A320-214,PK-TLP,Landed 13:09,2026-08-11 05:32:25
DPS,arrivals,2026-08-10,12:25,12:48,JQ43,JST043,MEL,Melbourne Airport,Jetstar,JQ,A21N,Airbus A321-251NX(LR),VH-OFY,Landed 13:48,2026-08-11 05:32:25
DPS,arrivals,2026-08-10,12:30,12:38,8B552,TNU552,SIN,Singapore Changi Airport,TransNusa,8B,A320,Airbus A320-214,PK-TLF,Landed 13:38,2026-08-11 05:32:25
DPS,arrivals,2026-08-10,12:30,12:22,QG343,CTV343,UPG,Makassar Sultan Hasanuddin International Airport,Citilink,QG,A20N,Airbus A320-251N,PK-GTC,Landed 13:22,2026-08-11 05:32:25
DPS,arrivals,2026-08-10,12:30,12:25,AI2147,AIC2147,DEL,Delhi Indira Gandhi International Airport,Air India,AI,A21N,Airbus A321-251NX(LR),VT-TVI,Landed 13:25,2026-08-11 05:32:25
DPS,arrivals,2026-08-10,12:35,13:48,VJ893,VJC893,SGN,Ho Chi Minh City International Airport,VietJet Air,VJ,A21N,Airbus A321-271NX,VN-A578,Landed 14:48,2026-08-11 05:32:25
DPS,arrivals,2026-08-10,12:35,12:56,JQ86,JST086,MCY,Sunshine Coast Airport,Jetstar,JQ,A21N,Airbus A321-251NX(LR),VH-OFE,Landed 13:56,2026-08-11 05:32:25
DPS,arrivals,2026-08-10,12:35,12:53,ID6050,BTK6050,CGK,Jakarta Soekarno Hatta International Airport,Batik Air,ID,A320,Airbus A320-232,PK-BKR,Landed 13:53,2026-08-11 05:32:25
DPS,arrivals,2026-08-10,12:40,15:34,ID7309,BTK7309,HLP,Jakarta Halim Perdanakusuma Airport,Batik Air,ID,A320,Airbus A320-214,PK-LAT,Landed 16:34,2026-08-11 05:32:25
DPS,arrivals,2026-08-10,12:45,12:42,JT845,LNI845,BDJ,Banjarmasin Syamsudin Noor Airport,Lion Air,JT,B739,Boeing 737-9GP(ER),PK-LSO,Landed 13:42,2026-08-11 05:32:25
DPS,arrivals,2026-08-10,12:45,12:29,JQ83,JST083,DRW,Darwin International Airport,Jetstar,JQ,A21N,Airbus A321-251NX(LR),VH-OYR,Landed 13:29,2026-08-11 05:32:25
DPS,arrivals,2026-08-10,12:45,12:34,IU123,SJV123,YIA,Yogyakarta International Airport,Super Air Jet,IU,A320,Airbus A320-232,PK-SAY,Landed 13:34,2026-08-11 05:32:25
DPS,arrivals,2026-08-10,12:45,12:18,GA653,GIA653,TIM,Timika Airport,Garuda Indonesia,GA,B738,Boeing 737-8U3,PK-GFV,Landed 13:18,2026-08-11 05:32:25
DPS,arrivals,2026-08-10,13:05,13:00,VA45,VOZ045,BNE,Brisbane Airport,Virgin Australia,VA,B38M,Boeing 737 MAX 8,VH-8IM,Landed 14:00,2026-08-11 05:32:25
DPS,arrivals,2026-08-10,13:05,14:11,QG501,CTV501,DIL,Dili Presidente Nicolau Lobato International Airport,Citilink,QG,A320,Airbus A320-214,PK-GLS,Landed 15:11,2026-08-11 05:32:25
DPS,arrivals,2026-08-10,13:05,13:05,JT24,LNI024,CGK,Jakarta Soekarno Hatta International Airport,Lion Air,JT,B39M,Boeing 737 MAX 9,PK-LRI,Landed 14:05,2026-08-11 05:32:25
DPS,arrivals,2026-08-10,13:20,13:15,QZ647,AWQ647,LBJ,Labuan Bajo Komodo Airport,AirAsia (Sustainable ASEAN Tourism Livery),AK,A320,Airbus A320-216,PK-AZS,Landed 14:15,2026-08-11 05:32:25
DPS,arrivals,2026-08-10,13:20,13:19,IU704,SJV704,SUB,Surabaya Juanda International Airport,Super Air Jet,IU,A320,Airbus A320-232,PK-SJE,Landed 14:19,2026-08-11 05:32:25
DPS,arrivals,2026-08-10,13:20,13:44,IU136,SJV136,KOE,Kupang El Tari Airport,Super Air Jet,IU,A320,Airbus A320-232,PK-SGC,Landed 14:44,2026-08-11 05:32:25
DPS,arrivals,2026-08-10,13:30,,JT745,,UPG,Makassar Sultan Hasanuddin International Airport,Lion Air,JT,739,,,Canceled,2026-08-11 05:32:25
DPS,arrivals,2026-08-10,13:35,13:30,GA254,GIA254,YIA,Yogyakarta International Airport,Garuda Indonesia,GA,B738,Boeing 737-8U3,PK-GNE,Landed 14:30,2026-08-11 05:32:25
DPS,arrivals,2026-08-10,13:35,13:40,CI771,CAL771,TPE,Taipei Taoyuan International Airport,China Airlines,CI,B77W,Boeing 777-36N(ER),B-18051,Landed 14:40,2026-08-11 05:32:25
DPS,arrivals,2026-08-10,13:45,14:07,VA91,VOZ091,MEL,Melbourne Airport,Virgin Australia,VA,B38M,Boeing 737 MAX 8,VH-8IG,Landed 15:07,2026-08-11 05:32:25
DPS,arrivals,2026-08-10,13:45,14:21,GA715,GIA715,SYD,Sydney Kingsford Smith Airport,Garuda Indonesia,GA,A333,Airbus A330-343,PK-GPT,Landed 15:21,2026-08-11 05:32:25
DPS,arrivals,2026-08-10,13:50,,SJ743,,TMC,Tambolaka Airport,Sriwijaya Air,SJ,735,,,Unknown,2026-08-11 05:32:25
DPS,arrivals,2026-08-10,13:50,13:37,QG668,CTV668,SUB,Surabaya Juanda International Airport,Citilink,QG,A320,Airbus A320-214,PK-GLM,Landed 14:37,2026-08-11 05:32:25
DPS,arrivals,2026-08-10,13:50,13:57,IP108,PAS108,CGK,Jakarta Soekarno Hatta International Airport,Pelita Air,IP,A320,Airbus A320-214,PK-PWG,Landed 14:57,2026-08-11 05:32:25
DPS,arrivals,2026-08-10,13:50,14:18,ID6330,BTK6330,LBJ,Labuan Bajo Komodo Airport,Batik Air,ID,A320,Airbus A320-214,PK-LAQ,Landed 15:18,2026-08-11 05:32:25
DPS,arrivals,2026-08-10,13:55,13:26,TG431,THA431,BKK,Bangkok Suvarnabhumi Airport,Thai Airways,TG,A359,Airbus A350-941,HS-THB,Landed 14:26,2026-08-11 05:32:25
DPS,arrivals,2026-08-10,13:55,22:03,SJ716,SJY716,UPG,Makassar Sultan Hasanuddin International Airport,Sriwijaya Air,SJ,B735,Boeing 737-524,PK-CLF,Landed 23:03,2026-08-11 05:32:25
DPS,arrivals,2026-08-10,13:55,13:34,AK376,AXM376,KUL,Kuala Lumpur International Airport,AirAsia,AK,A20N,Airbus A320-251N,9M-RAL,Landed 14:34,2026-08-11 05:32:25
DPS,arrivals,2026-08-10,14:00,,GA1000,,BDO,Bandung Husein Sastranegara International Airport,Garuda Indonesia,GA,738,,,Unknown,2026-08-11 05:32:25
DPS,arrivals,2026-08-10,14:00,14:04,VN641,HVN641,SGN,Ho Chi Minh City International Airport,Vietnam Airlines,VN,A321,Airbus A321-231,VN-A325,Landed 15:04,2026-08-11 05:32:25
DPS,arrivals,2026-08-10,14:00,14:24,IW3331,WON3331,TQQ,Tomia Maranggo Airport,Wings Air,IW,AT76,ATR 72-600,PK-WJY,Landed 15:24,2026-08-11 05:32:25
DPS,arrivals,2026-08-10,14:00,14:30,CX785,CPA785,HKG,Hong Kong International Airport,Cathay Pacific,CX,B773,Boeing 777-367,B-HNP,Landed 15:30,2026-08-11 05:32:25
DPS,arrivals,2026-08-10,14:10,13:08,8B5255,TNU5255,LOP,Lombok International Airport,TransNusa,8B,AJ27,Comac ARJ-21-700,PK-TJB,Landed 14:08,2026-08-11 05:32:25
DPS,arrivals,2026-08-10,14:15,13:54,BR255,EVA255,TPE,Taipei Taoyuan International Airport,EVA Air (Sanrio Characters Joyful Dream Livery),BR,A333,Airbus A330-302,B-16332,Landed 14:54,2026-08-11 05:32:25
DPS,arrivals,2026-08-10,14:20,14:13,IW1825,WON1825,BMU,Bima Sultan Muhammad Salahudin Airport,Wings Air,IW,AT76,ATR 72-600,PK-WGR,Landed 15:13,2026-08-11 05:32:22
DPS,arrivals,2026-08-10,14:25,14:01,QZ814,AWQ814,CGK,Jakarta Soekarno Hatta International Airport,AirAsia,AK,A320,Airbus A320-214,PK-AZH,Landed 15:01,2026-08-11 05:32:22
DPS,arrivals,2026-08-10,14:25,16:32,QZ535,AWQ535,PER,Perth Airport,AirAsia,AK,A320,Airbus A320-216,PK-AZE,Landed 17:32,2026-08-11 05:32:22
DPS,arrivals,2026-08-10,14:30,14:27,MH851,MAS851,KUL,Kuala Lumpur International Airport,Malaysia Airlines,MH,B738,Boeing 737-8H6,9M-MXX,Landed 15:27,2026-08-11 05:32:22
DPS,arrivals,2026-08-10,14:35,,HO1355,,PVG,Shanghai Pudong International Airport,Juneyao Air,HO,789,,,Canceled,2026-08-11 05:32:22
DPS,arrivals,2026-08-10,15:00,15:26,IU706,SJV706,SUB,Surabaya Juanda International Airport,Super Air Jet,IU,A320,Airbus A320-232,PK-STD,Landed 16:26,2026-08-11 05:32:22
DPS,arrivals,2026-08-10,15:00,14:44,AK368,AXM368,KUL,Kuala Lumpur International Airport,AirAsia,AK,A21N,Airbus A321-251NX,9M-VAE,Landed 15:44,2026-08-11 05:32:22
DPS,arrivals,2026-08-10,15:10,14:57,GA252,GIA252,YIA,Yogyakarta International Airport,Garuda Indonesia,GA,B738,Boeing 737-8U3,PK-GMF,Landed 15:57,2026-08-11 05:32:22
DPS,arrivals,2026-08-10,15:20,15:29,NZ290,ANZ290,AKL,Auckland Airport,Air New Zealand,NZ,B789,Boeing 787-9 Dreamliner,ZK-NZC,Landed 16:29,2026-08-11 05:32:22
DPS,arrivals,2026-08-10,15:30,15:21,GA422,GIA422,CGK,Jakarta Soekarno Hatta International Airport,Garuda Indonesia,GA,B738,Boeing 737-86N,PK-GFJ,Landed 16:21,2026-08-11 05:32:22
DPS,arrivals,2026-08-10,15:35,15:44,TR242,TGW242,SIN,Singapore Changi Airport,Scoot,TR,A20N,Airbus A320-271N,9V-TNK,Landed 16:44,2026-08-11 05:32:22
DPS,arrivals,2026-08-10,15:35,16:58,JT22,LNI022,CGK,Jakarta Soekarno Hatta International Airport,Lion Air,JT,B739,Boeing 737-9GP(ER),PK-LSK,Landed 17:58,2026-08-11 05:32:22
DPS,arrivals,2026-08-10,15:35,18:14,EK368,UAE368,DXB,Dubai International Airport,Emirates,EK,A388,Airbus A380-842,A6-EUN,Landed 19:14,2026-08-11 05:32:22
DPS,arrivals,2026-08-10,15:55,15:58,IP106,PAS106,CGK,Jakarta Soekarno Hatta International Airport,Pelita Air,IP,A320,Airbus A320-216,PK-PWN,Landed 16:58,2026-08-11 05:32:22
DPS,arrivals,2026-08-10,16:00,15:39,8B554,TNU554,SIN,Singapore Changi Airport,TransNusa,8B,A320,Airbus A320-214,PK-TLA,Landed 16:39,2026-08-11 05:32:22
DPS,arrivals,2026-08-10,16:00,15:53,ID8336,BTK8336,LBJ,Labuan Bajo Komodo Airport,Batik Air,ID,A320,Airbus A320-214,PK-LUK,Landed 16:53,2026-08-11 05:32:22
DPS,arrivals,2026-08-10,16:20,16:25,OD193,MXD193,KUL,Kuala Lumpur International Airport,Batik Air,ID,B738,Boeing 737-8U3,9M-LDG,Landed 17:25,2026-08-11 05:32:22
DPS,arrivals,2026-08-10,16:25,15:50,GA881,GIA881,NRT,Tokyo Narita International Airport,Garuda Indonesia (TravelGo Sticker),GA,A333,Airbus A330-343,PK-GPV,Landed 16:50,2026-08-11 05:32:22
DPS,arrivals,2026-08-10,16:25,18:29,GA410,GIA410,CGK,Jakarta Soekarno Hatta International Airport,Garuda Indonesia,GA,B738,Boeing 737-8U3,PK-GFV,Landed 19:29,2026-08-11 05:32:22
DPS,arrivals,2026-08-10,16:30,16:28,ID6508,BTK6508,CGK,Jakarta Soekarno Hatta International Airport,Batik Air,ID,A320,Airbus A320-214,PK-LUV,Landed 17:28,2026-08-11 05:32:22
DPS,arrivals,2026-08-10,16:35,17:41,QR962,QTR962,DOH,Doha Hamad International Airport,Qatar Airways,QR,A35K,Airbus A350-1041,A7-AOD,Landed 18:41,2026-08-11 05:32:22
DPS,arrivals,2026-08-10,16:40,16:53,IW1857,WON1857,LOP,Lombok International Airport,Wings Air,IW,AT76,ATR 72-600,PK-WJY,Landed 17:53,2026-08-11 05:32:22
DPS,arrivals,2026-08-10,16:40,,IU131,,SRG,Semarang Achmad Yani International Airport,Super Air Jet,IU,320,,,Canceled,2026-08-11 05:32:22
DPS,arrivals,2026-08-10,16:40,19:05,IN641,LKN641,TMC,Tambolaka Airport,NAM Air,IN,B735,Boeing 737-524,PK-NAS,Landed 20:05,2026-08-11 05:32:22
DPS,arrivals,2026-08-10,16:40,16:41,CX783,CPA783,HKG,Hong Kong International Airport,Cathay Pacific,CX,A333,Airbus A330-342,B-LAD,Landed 17:41,2026-08-11 05:32:22
DPS,arrivals,2026-08-10,17:00,17:25,8B5108,TNU5108,CGK,Jakarta Soekarno Hatta International Airport,TransNusa,8B,A320,Airbus A320-214,PK-TLP,Landed 18:25,2026-08-11 05:32:22
DPS,arrivals,2026-08-10,17:00,16:44,TG439,THA439,BKK,Bangkok Suvarnabhumi Airport,Thai Airways,TG,A320,Airbus A320-232,HS-TXS,Landed 17:44,2026-08-11 05:32:22
DPS,arrivals,2026-08-10,17:05,16:37,8B5257,TNU5257,LOP,Lombok International Airport,TransNusa,8B,AJ27,Comac ARJ-21-700,PK-TJC,Landed 17:37,2026-08-11 05:32:22
DPS,arrivals,2026-08-10,17:05,17:21,8B81,TNU081,PER,Perth Airport,TransNusa,8B,A320,Airbus A320-214,PK-TLN,Landed 18:21,2026-08-11 05:32:22
DPS,arrivals,2026-08-10,17:10,16:49,QZ820,AWQ820,CGK,Jakarta Soekarno Hatta International Airport,AirAsia,AK,A320,Airbus A320-216,PK-AXY,Landed 17:49,2026-08-11 05:32:22
DPS,arrivals,2026-08-10,17:30,17:30,QG688,CTV688,CGK,Jakarta Soekarno Hatta International Airport,Citilink,QG,A320,Airbus A320-214,PK-GQA,Landed 18:30,2026-08-11 05:32:22
DPS,arrivals,2026-08-10,17:30,17:10,MH853,MAS853,KUL,Kuala Lumpur International Airport,Malaysia Airlines,MH,B38M,Boeing 737 MAX 8,9M-MVQ,Landed 18:10,2026-08-11 05:32:22
DPS,arrivals,2026-08-10,17:35,17:48,QZ649,AWQ649,LBJ,Labuan Bajo Komodo Airport,AirAsia (Colours of Indonesia Livery),AK,A320,Airbus A320-216,PK-AXD,Landed 18:48,2026-08-11 05:32:22
DPS,arrivals,2026-08-10,17:35,18:01,IU121,SJV121,YIA,Yogyakarta International Airport,Super Air Jet,IU,A320,Airbus A320-232,PK-SJE,Landed 19:01,2026-08-11 05:32:22
DPS,arrivals,2026-08-10,17:40,20:21,ID7311,BTK7311,HLP,Jakarta Halim Perdanakusuma Airport,Batik Air,ID,A320,Airbus A320-214,PK-LUJ,Landed 21:21,2026-08-11 05:32:22
DPS,arrivals,2026-08-10,17:45,17:18,TR282,TGW282,SIN,Singapore Changi Airport,Scoot,TR,B788,Boeing 787-8 Dreamliner,9V-OFM,Landed 18:18,2026-08-11 05:32:22
DPS,arrivals,2026-08-10,17:50,17:35,SQ944,SIA944,SIN,Singapore Changi Airport,Singapore Airlines,SQ,B78X,Boeing 787-10 Dreamliner,9V-SCM,Landed 18:35,2026-08-11 05:32:22
DPS,arrivals,2026-08-10,17:55,17:52,QG698,CTV698,SUB,Surabaya Juanda International Airport,Citilink,QG,A20N,Airbus A320-251N,PK-GTF,Landed 18:52,2026-08-11 05:32:22
DPS,arrivals,2026-08-10,18:05,17:44,TK66,THY066,IST,Istanbul Airport,Turkish Airlines,TK,A359,Airbus A350-941,TC-LGU,Landed 18:44,2026-08-11 05:32:22
DPS,arrivals,2026-08-10,18:10,18:10,GA414,GIA414,CGK,Jakarta Soekarno Hatta International Airport,Garuda Indonesia,GA,B738,Boeing 737-8U3,PK-GMI,Landed 19:10,2026-08-11 05:32:22
DPS,arrivals,2026-08-10,18:15,17:55,JT910,LNI910,SUB,Surabaya Juanda International Airport,Lion Air,JT,B739,Boeing 737-9GP(ER),PK-LJG,Landed 18:55,2026-08-11 05:32:22
DPS,arrivals,2026-08-10,18:15,,JT681,,SUB,Surabaya Juanda International Airport,Lion Air,JT,739,,,Unknown,2026-08-11 05:32:22
DPS,arrivals,2026-08-10,18:15,18:07,AK378,AXM378,KUL,Kuala Lumpur International Airport,AirAsia,AK,A320,Airbus A320-216,9M-AQP,Landed 19:07,2026-08-11 05:32:22
DPS,arrivals,2026-08-10,18:35,18:23,QG662,CTV662,CGK,Jakarta Soekarno Hatta International Airport,Citilink,QG,A320,Airbus A320-214,PK-GLN,Landed 19:23,2026-08-11 05:32:22
DPS,arrivals,2026-08-10,18:35,18:18,KL835,KLM835,SIN,Singapore Changi Airport,KLM,KL,B77W,Boeing 777-306(ER),PH-BVN,Landed 19:18,2026-08-11 05:32:22
DPS,arrivals,2026-08-10,18:40,18:33,OD177,MXD177,KUL,Kuala Lumpur International Airport,Batik Air,ID,B38M,Boeing 737 MAX 8,9M-LRK,Landed 19:33,2026-08-11 05:32:22
DPS,arrivals,2026-08-10,18:55,18:26,TK310,THY310,IST,Istanbul Airport,Turkish Airlines,TK,B789,Boeing 787-9 Dreamliner,TC-LLD,Landed 19:26,2026-08-11 05:32:22
DPS,arrivals,2026-08-10,18:55,18:47,GA420,GIA420,CGK,Jakarta Soekarno Hatta International Airport,Garuda Indonesia,GA,B738,Boeing 737-8U3,PK-GMD,Landed 19:47,2026-08-11 05:32:22
DPS,arrivals,2026-08-10,19:00,19:19,SV856,SVA856,SIN,Singapore Changi Airport,Saudia,SV,B78X,Boeing 787-10 Dreamliner,HZ-AR25,Landed 20:19,2026-08-11 05:32:22
DPS,arrivals,2026-08-10,19:00,20:08,QG194,CTV194,HLP,Jakarta Halim Perdanakusuma Airport,Citilink,QG,A320,Airbus A320-214,PK-GQC,Landed 21:08,2026-08-11 05:32:22
DPS,arrivals,2026-08-10,19:00,18:57,JQ33,JST033,MEL,Melbourne Airport,Jetstar,JQ,A21N,Airbus A321-251NX(LR),VH-OFL,Landed 19:57,2026-08-11 05:32:22
DPS,arrivals,2026-08-10,19:05,19:12,IP104,PAS104,CGK,Jakarta Soekarno Hatta International Airport,Pelita Air,IP,A320,Airbus A320-214,PK-PWQ,Landed 20:12,2026-08-11 05:32:22
DPS,arrivals,2026-08-10,19:10,18:53,ID6334,BTK6334,LBJ,Labuan Bajo Komodo Airport,Batik Air,ID,A320,Airbus A320-214,PK-LAQ,Landed 19:53,2026-08-11 05:32:22
DPS,arrivals,2026-08-10,19:15,,JT743,,UPG,Makassar Sultan Hasanuddin International Airport,Lion Air,JT,739,,,Unknown,2026-08-11 05:32:22
DPS,arrivals,2026-08-10,19:15,19:09,JT747,LNI747,UPG,Makassar Sultan Hasanuddin International Airport,Lion Air,JT,B738,Boeing 737-8GP,PK-LOR,Landed 20:09,2026-08-11 05:32:22
DPS,arrivals,2026-08-10,19:20,19:54,JQ116,JST116,PER,Perth Airport,Jetstar,JQ,A21N,Airbus A321-251NX(LR),VH-OYU,Landed 20:54,2026-08-11 05:32:22
DPS,arrivals,2026-08-10,19:25,19:15,8B5259,TNU5259,LOP,Lombok International Airport,TransNusa,8B,AJ27,Comac ARJ-21-700,PK-TJC,Landed 20:15,2026-08-11 05:32:22
DPS,arrivals,2026-08-10,19:25,19:23,SQ946,SIA946,SIN,Singapore Changi Airport,Singapore Airlines,SQ,B78X,Boeing 787-10 Dreamliner,9V-SCB,Landed 20:23,2026-08-11 05:32:22
DPS,arrivals,2026-08-10,19:25,21:52,QZ818,AWQ818,CGK,Jakarta Soekarno Hatta International Airport,AirAsia,AK,A320,Airbus A320-216,PK-AZE,Landed 22:52,2026-08-11 05:32:22
DPS,arrivals,2026-08-10,19:30,19:01,QZ545,AWQ545,PER,Perth Airport,AirAsia,AK,A320,Airbus A320-216,PK-AZK,Landed 20:01,2026-08-11 05:32:22
DPS,arrivals,2026-08-10,19:35,19:26,JT12,LNI012,CGK,Jakarta Soekarno Hatta International Airport,Lion Air,JT,B39M,Boeing 737 MAX 9,PK-LRI,Landed 20:26,2026-08-11 05:32:22
DPS,arrivals,2026-08-10,19:50,,SJ272,,CGK,Jakarta Soekarno Hatta International Airport,Sriwijaya Air,SJ,735,,,Unknown,2026-08-11 05:32:22
DPS,arrivals,2026-08-10,19:50,19:45,QF43,QFA043,SYD,Sydney Kingsford Smith Airport,Qantas,QF,A332,Airbus A330-202,VH-EBK,Landed 20:45,2026-08-11 05:32:22
DPS,arrivals,2026-08-10,19:55,,VA127,,CBR,Canberra International Airport,Virgin Australia,VA,B738,Boeing 737-8FE,VH-YIV,Canceled,2026-08-11 05:32:22
DPS,arrivals,2026-08-10,20:00,20:30,OD171,MXD171,KUL,Kuala Lumpur International Airport,Batik Air,ID,B38M,Boeing 737 MAX 8,9M-LRW,Landed 21:30,2026-08-11 05:32:22
DPS,arrivals,2026-08-10,20:00,20:03,JQ37,JST037,SYD,Sydney Kingsford Smith Airport,Jetstar,JQ,A21N,Airbus A321-251NX(LR),VH-OYC,Landed 21:03,2026-08-11 05:32:22
DPS,arrivals,2026-08-10,20:30,20:16,GA426,GIA426,CGK,Jakarta Soekarno Hatta International Airport,Garuda Indonesia,GA,B738,Boeing 737-8U3,PK-GNC,Landed 21:16,2026-08-11 05:32:22
DPS,arrivals,2026-08-10,20:45,20:33,7C5303,JJA5303,ICN,Seoul Incheon International Airport,Jeju Air,7C,B38M,Boeing 737 MAX 8,HL8552,Landed 21:33,2026-08-11 05:32:22
DPS,arrivals,2026-08-10,20:45,20:37,JQ90,JST090,CNS,Cairns Airport,Jetstar,JQ,A320,Airbus A320-232,VH-VGT,Landed 21:37,2026-08-11 05:32:22
DPS,arrivals,2026-08-10,20:45,20:41,AK374,AXM374,KUL,Kuala Lumpur International Airport,AirAsia,AK,A20N,Airbus A320-251N,9M-RAP,Landed 21:41,2026-08-11 05:32:22
DPS,arrivals,2026-08-10,20:50,20:45,JQ49,JST049,AVV,Melbourne Avalon International Airport,Jetstar,JQ,A21N,Airbus A321-251NX(LR),VH-OIR,Landed 21:45,2026-08-11 05:32:22
DPS,arrivals,2026-08-10,20:55,20:52,QG693,CTV693,SUB,Surabaya Juanda International Airport,Citilink,QG,A320,Airbus A320-214,PK-GLQ,Landed 21:52,2026-08-11 05:32:22
DPS,arrivals,2026-08-10,21:00,20:59,VA95,VOZ095,MEL,Melbourne Airport,Virgin Australia,VA,B738,Boeing 737-8FE,VH-YIT,Landed 21:59,2026-08-11 05:32:22
DPS,arrivals,2026-08-10,21:00,21:02,QF45,QFA045,MEL,Melbourne Airport,Qantas,QF,B738,Boeing 737-838,VH-XZF,Landed 22:02,2026-08-11 05:32:22
DPS,arrivals,2026-08-10,21:05,20:56,3U3985,CSC3985,TFU,Chengdu Tianfu International Airport,Sichuan Airlines,3U,A21N,Airbus A321-271NX(LR),B-325F,Landed 21:56,2026-08-11 05:32:22
DPS,arrivals,2026-08-10,21:10,20:48,KE431,KAL431,ICN,Seoul Incheon International Airport,Korean Air,KE,B789,Boeing 787-9 Dreamliner,HL8083,Landed 21:48,2026-08-11 05:32:22
DPS,arrivals,2026-08-10,21:15,21:07,VA83,VOZ083,OOL,Gold Coast Airport,Virgin Australia,VA,B738,Boeing 737-8FE,VH-YIQ,Landed 22:07,2026-08-11 05:32:22
DPS,arrivals,2026-08-10,21:20,22:35,8B5110,TNU5110,CGK,Jakarta Soekarno Hatta International Airport,TransNusa,8B,A320,Airbus A320-214,PK-TLN,Landed 23:35,2026-08-11 05:32:22
DPS,arrivals,2026-08-10,21:20,21:11,JQ89,JST089,SIN,Singapore Changi Airport,Jetstar,JQ,A21N,Airbus A321-251NX(LR),VH-OFY,Landed 22:11,2026-08-11 05:32:22
DPS,arrivals,2026-08-10,21:30,21:20,VA65,VOZ065,SYD,Sydney Kingsford Smith Airport,Virgin Australia,VA,B38M,Boeing 737 MAX 8,VH-8IL,Landed 22:20,2026-08-11 05:32:22
DPS,arrivals,2026-08-10,21:35,21:16,JQ93,JST093,OOL,Gold Coast Airport,Jetstar,JQ,A20N,Airbus A320-251N,VH-A5C,Landed 22:16,2026-08-11 05:32:22
DPS,arrivals,2026-08-10,21:40,21:49,QR960,QTR960,DOH,Doha Hamad International Airport,Qatar Airways,QR,A35K,Airbus A350-1041,A7-AOE,Landed 22:49,2026-08-11 05:32:22
DPS,arrivals,2026-08-10,21:40,21:43,JQ127,JST127,ADL,Adelaide Airport,Jetstar,JQ,A21N,Airbus A321-251NX(LR),VH-OYP,Landed 22:43,2026-08-11 05:32:22
DPS,arrivals,2026-08-10,21:45,22:10,EK398,UAE398,DXB,Dubai International Airport,Emirates,EK,A388,Airbus A380-842,A6-EUY,Landed 23:10,2026-08-11 05:32:22
DPS,arrivals,2026-08-10,21:55,21:46,BX601,ABL601,PUS,Busan Gimhae International Airport,Air Busan,BX,A21N,Airbus A321-251NX(LR),HL8366,Landed 22:46,2026-08-11 05:32:22
DPS,arrivals,2026-08-10,22:00,21:39,GA424,GIA424,CGK,Jakarta Soekarno Hatta International Airport,Garuda Indonesia,GA,B738,Boeing 737-8U3,PK-GMY,Landed 22:39,2026-08-11 05:32:22
DPS,arrivals,2026-08-10,22:05,21:55,MF891,CXA891,XMN,Xiamen Gaoqi International Airport,Xiamen Air,MF,B38M,Boeing 737 MAX 8,B-224X,Landed 22:55,2026-08-11 05:32:22
DPS,arrivals,2026-08-10,22:30,23:01,EY478,ETD478,AUH,Abu Dhabi Zayed International Airport,Etihad Airways,EY,B77W,Boeing 777-3FX(ER),A6-ETJ,Landed 00:01,2026-08-11 05:32:22
DPS,arrivals,2026-08-10,22:40,22:30,QZ537,AWQ537,PER,Perth Airport,AirAsia (Sustainable ASEAN Tourism Livery),AK,A320,Airbus A320-216,PK-AZS,Landed 23:30,2026-08-11 05:32:22
DPS,arrivals,2026-08-10,22:40,22:21,CZ625,CSN625,CAN,Guangzhou Baiyun International Airport,China Southern Airlines,CZ,A21N,Airbus A321-253NX,B-30F7,Landed 23:21,2026-08-11 05:32:22
DPS,arrivals,2026-08-10,22:50,22:27,KE433,KAL433,ICN,Seoul Incheon International Airport,Korean Air,KE,B78X,Boeing 787-10 Dreamliner,HL8576,Landed 23:27,2026-08-11 05:32:22
DPS,arrivals,2026-08-10,22:55,23:23,PR537,PAL537,MNL,Manila Ninoy Aquino International Airport,Philippine Airlines,PR,A333,Airbus A330-343,RP-C8765,Landed 00:23,2026-08-11 05:32:22
DPS,arrivals,2026-08-10,22:55,,MU5029,,PVG,Shanghai Pudong International Airport,China Eastern Airlines,MU,333,,,Canceled,2026-08-11 05:32:22
DPS,arrivals,2026-08-10,23:00,23:26,5J281,CEB281,MNL,Manila Ninoy Aquino International Airport,Cebu Pacific,5J,A20N,Airbus A320-271N,RP-C3281,Landed 00:26,2026-08-11 05:32:22
DPS,arrivals,2026-08-10,23:05,00:37,TR346,TGW346,SIN,Singapore Changi Airport,Scoot,TR,A21N,Airbus A321-271NX,9V-NCJ,Landed 01:37,2026-08-11 05:32:22
DPS,arrivals,2026-08-10,23:10,01:58,SQ948,SIA948,SIN,Singapore Changi Airport,Singapore Airlines,SQ,B78X,Boeing 787-10 Dreamliner,9V-SCR,Landed 02:58,2026-08-11 05:32:22
DPS,arrivals,2026-08-10,23:10,23:18,JQ106,JST106,PER,Perth Airport,Jetstar,JQ,A21N,Airbus A321-251NX(LR),VH-OYR,Landed 00:18,2026-08-11 05:32:22
DPS,arrivals,2026-08-10,23:20,23:05,GA652,GIA652,CGK,Jakarta Soekarno Hatta International Airport,Garuda Indonesia (Pocari Sweat Livery),GA,B738,Boeing 737-86N,PK-GNN,Landed 00:05,2026-08-11 05:32:22
DPS,arrivals,2026-08-10,23:25,23:14,8B83,TNU083,PER,Perth Airport,TransNusa,8B,A320,Airbus A320-214,PK-TLF,Landed 00:14,2026-08-11 05:32:22
DPS,arrivals,2026-08-10,23:35,23:37,QZ247,AWQ247,HKT,Phuket International Airport,AirAsia,AK,A320,Airbus A320-214,PK-AZH,Landed 00:37,2026-08-11 05:32:22
DPS,departures,2026-08-10,00:00,00:25,QZ548,AWQ548,PER,Perth Airport,AirAsia (Sustainable ASEAN Tourism Livery),AK,A320,Airbus A320-216,PK-AZS,Departed 01:25,2026-08-11 05:32:58
DPS,departures,2026-08-10,00:05,00:36,TR347,TGW347,SIN,Singapore Changi Airport,Scoot,TR,A21N,Airbus A321-271NX,9V-NCM,Departed 01:36,2026-08-11 05:32:58
DPS,departures,2026-08-10,00:05,00:46,GA652,GIA652,TIM,Timika Airport,Garuda Indonesia,GA,B738,Boeing 737-8U3,PK-GFV,Departed 01:46,2026-08-11 05:32:58
DPS,departures,2026-08-10,00:10,00:22,KE434,KAL434,ICN,Seoul Incheon International Airport,Korean Air,KE,B78X,Boeing 787-10 Dreamliner,HL8570,Departed 01:22,2026-08-11 05:32:58
DPS,departures,2026-08-10,00:30,00:29,8B5888,TNU5888,MDC,Manado Sam Ratulangi International Airport,TransNusa,8B,A320,Airbus A320-214,PK-TLP,Departed 01:29,2026-08-11 05:32:58
DPS,departures,2026-08-10,00:30,00:38,EY479,ETD479,AUH,Abu Dhabi Zayed International Airport,Etihad Airways,EY,B77W,Boeing 777-3FX(ER),A6-ETP,Departed 01:38,2026-08-11 05:32:58
DPS,departures,2026-08-10,05:30,05:42,GA401,GIA401,CGK,Jakarta Soekarno Hatta International Airport,Garuda Indonesia,GA,B738,Boeing 737-8U3,PK-GFW,Departed 06:42,2026-08-11 05:32:58
DPS,departures,2026-08-10,06:00,06:06,QZ809,AWQ809,CGK,Jakarta Soekarno Hatta International Airport,AirAsia,AK,A320,Airbus A320-216,PK-AZK,Departed 07:06,2026-08-11 05:32:58
DPS,departures,2026-08-10,06:00,,QZ807,,CGK,Jakarta Soekarno Hatta International Airport,Indonesia AirAsia,QZ,320,,,Unknown,2026-08-11 05:32:58
DPS,departures,2026-08-10,06:00,06:10,JT746,LNI746,UPG,Makassar Sultan Hasanuddin International Airport,Lion Air,JT,B738,Boeing 737-8GP,PK-LOI,Departed 07:10,2026-08-11 05:32:58
DPS,departures,2026-08-10,06:00,05:56,JQ82,JST082,DRW,Darwin International Airport,Jetstar,JQ,A21N,Airbus A321-251NX(LR),VH-OYR,Departed 06:56,2026-08-11 05:32:58
DPS,departures,2026-08-10,06:00,06:24,IU705,SJV705,SUB,Surabaya Juanda International Airport,Super Air Jet,IU,A320,Airbus A320-232,PK-SJE,Departed 07:24,2026-08-11 05:32:58
DPS,departures,2026-08-10,06:05,06:30,QZ534,AWQ534,PER,Perth Airport,AirAsia,AK,A320,Airbus A320-216,PK-AZE,Departed 07:30,2026-08-11 05:32:58
DPS,departures,2026-08-10,06:05,06:14,QG690,CTV690,SUB,Surabaya Juanda International Airport,Citilink,QG,A20N,Airbus A320-251N,PK-GTF,Departed 07:14,2026-08-11 05:32:58
DPS,departures,2026-08-10,06:10,06:16,QZ644,AWQ644,LBJ,Labuan Bajo Komodo Airport,AirAsia,AK,A320,Airbus A320-214,PK-AZH,Departed 07:16,2026-08-11 05:32:58
DPS,departures,2026-08-10,06:15,06:25,8B5250,TNU5250,LOP,Lombok International Airport,TransNusa,8B,AJ27,Comac ARJ-21-700,PK-TJB,Departed 07:25,2026-08-11 05:32:54
DPS,departures,2026-08-10,06:15,06:19,SQ949,SIA949,SIN,Singapore Changi Airport,Singapore Airlines,SQ,B78X,Boeing 787-10 Dreamliner,9V-SCU,Departed 07:19,2026-08-11 05:32:58
DPS,departures,2026-08-10,06:30,06:40,8B551,TNU551,SIN,Singapore Changi Airport,TransNusa,8B,A320,Airbus A320-214,PK-TLF,Departed 07:40,2026-08-11 05:32:54
DPS,departures,2026-08-10,06:30,06:38,GA403,GIA403,CGK,Jakarta Soekarno Hatta International Airport,Garuda Indonesia (Ayo Pakai Masker Livery),GA,B738,Boeing 737-81D,PK-GFQ,Departed 07:38,2026-08-11 05:32:54
DPS,departures,2026-08-10,06:55,07:38,ID6333,BTK6333,LBJ,Labuan Bajo Komodo Airport,Batik Air,ID,A320,Airbus A320-214,PK-LAQ,Departed 08:38,2026-08-11 05:32:54
DPS,departures,2026-08-10,07:05,07:15,JT21,LNI021,CGK,Jakarta Soekarno Hatta International Airport,Lion Air,JT,B39M,Boeing 737 MAX 9,PK-LRH,Departed 08:15,2026-08-11 05:32:54
DPS,departures,2026-08-10,07:05,07:22,IW1858,WON1858,LOP,Lombok International Airport,Wings Air,IW,AT76,ATR 72-600,PK-WGR,Departed 08:22,2026-08-11 05:32:54
DPS,departures,2026-08-10,07:05,07:19,HX706,CRK706,HKG,Hong Kong International Airport,Hong Kong Airlines (Takungpao Livery),HX,A333,Airbus A330-343,B-LHR,Departed 08:19,2026-08-11 05:32:54
DPS,departures,2026-08-10,07:15,07:17,QG691,CTV691,SUB,Surabaya Juanda International Airport,Citilink,QG,A320,Airbus A320-214,PK-GQO,Departed 08:17,2026-08-11 05:32:54
DPS,departures,2026-08-10,07:25,08:17,AI2146,AIC2146,DEL,Delhi Indira Gandhi International Airport,Air India,AI,A21N,Airbus A321-251NX(LR),VT-TVH,Departed 09:17,2026-08-11 05:32:54
DPS,departures,2026-08-10,07:30,,QZ803,,CGK,Jakarta Soekarno Hatta International Airport,Indonesia AirAsia,QZ,320,,,Unknown,2026-08-11 05:32:54
DPS,departures,2026-08-10,07:35,10:12,5J280,CEB280,MNL,Manila Ninoy Aquino International Airport,Cebu Pacific,5J,A321,Airbus A321-211,RP-C4116,Departed 11:12,2026-08-11 05:32:54
DPS,departures,2026-08-10,07:40,07:40,CZ8482,CSN8482,CAN,Guangzhou Baiyun International Airport,China Southern Airlines,CZ,A21N,Airbus A321-251NX,B-32M3,Departed 08:40,2026-08-11 05:32:54
DPS,departures,2026-08-10,07:55,07:55,IW1882,WON1882,SWQ,Sumbawa Besar Airport,Wings Air,IW,AT76,ATR 72-600,PK-WJM,Departed 08:55,2026-08-11 05:32:54
DPS,departures,2026-08-10,08:00,08:03,QZ642,AWQ642,LBJ,Labuan Bajo Komodo Airport,AirAsia,AK,A320,Airbus A320-216,PK-AXY,Departed 09:03,2026-08-11 05:32:54
DPS,departures,2026-08-10,08:00,09:48,QG500,CTV500,DIL,Dili Presidente Nicolau Lobato International Airport,Citilink,QG,A320,Airbus A320-214,PK-GLS,Departed 10:48,2026-08-11 05:32:54
DPS,departures,2026-08-10,08:00,08:07,IW3330,WON3330,TQQ,Tomia Maranggo Airport,Wings Air,IW,AT76,ATR 72-600,PK-WJY,Departed 09:07,2026-08-11 05:32:54
DPS,departures,2026-08-10,08:10,14:15,IN640,LKN640,TMC,Tambolaka Airport,NAM Air,IN,B735,Boeing 737-524,PK-NAS,Departed 15:15,2026-08-11 05:32:54
DPS,departures,2026-08-10,08:10,,SJ740,,WGP,Waingapu Mau Hau Airport,Sriwijaya Air,SJ,735,,,Unknown,2026-08-11 05:32:54
DPS,departures,2026-08-10,08:10,08:21,ID6324,BTK6324,TMC,Tambolaka Airport,Batik Air,ID,A320,Airbus A320-214,PK-LUV,Departed 09:21,2026-08-11 05:32:54
DPS,departures,2026-08-10,08:15,08:14,8B5105,TNU5105,CGK,Jakarta Soekarno Hatta International Airport,TransNusa,8B,A320,Airbus A320-214,PK-TLP,Departed 09:14,2026-08-11 05:32:54
DPS,departures,2026-08-10,08:25,09:16,IW1848,WON1848,LOP,Lombok International Airport,Wings Air,IW,AT76,ATR 72-600,PK-WHP,Departed 10:16,2026-08-11 05:32:54
DPS,departures,2026-08-10,08:30,09:11,QZ807,AWQ807,CGK,Jakarta Soekarno Hatta International Airport,AirAsia,AK,A320,Airbus A320-216,PK-AZL,Departed 10:11,2026-08-11 05:32:54
DPS,departures,2026-08-10,08:35,08:36,8B5634,TNU5634,BMU,Bima Sultan Muhammad Salahudin Airport,TransNusa,8B,AJ27,Comac ARJ-21-700,PK-TJB,Departed 09:36,2026-08-11 05:32:54
DPS,departures,2026-08-10,08:40,08:39,8B80,TNU080,PER,Perth Airport,TransNusa,8B,A320,Airbus A320-214,PK-TLN,Departed 09:39,2026-08-11 05:32:54
DPS,departures,2026-08-10,09:00,09:07,ID8333,BTK8333,LBJ,Labuan Bajo Komodo Airport,Batik Air,ID,A320,Airbus A320-214,PK-LUK,Departed 10:07,2026-08-11 05:32:54
DPS,departures,2026-08-10,09:05,09:32,SU297,AFL297,SVO,Moscow Sheremetyevo International Airport,Aeroflot,SU,A359,Airbus A350-941,RA-73155,Departed 10:32,2026-08-11 05:32:54
DPS,departures,2026-08-10,09:05,09:19,SQ935,SIA935,SIN,Singapore Changi Airport,Singapore Airlines,SQ,B78X,Boeing 787-10 Dreamliner,9V-SCS,Departed 10:19,2026-08-11 05:32:54
DPS,departures,2026-08-10,09:05,09:26,IU137,SJV137,KOE,Kupang El Tari Airport,Super Air Jet,IU,A320,Airbus A320-232,PK-SGC,Departed 10:26,2026-08-11 05:32:54
DPS,departures,2026-08-10,09:10,09:30,IU122,SJV122,YIA,Yogyakarta International Airport,Super Air Jet,IU,A320,Airbus A320-232,PK-SAY,Departed 10:30,2026-08-11 05:32:54
DPS,departures,2026-08-10,09:20,09:34,8B553,TNU553,SIN,Singapore Changi Airport,TransNusa,8B,A320,Airbus A320-214,PK-TLA,Departed 10:34,2026-08-11 05:32:54
DPS,departures,2026-08-10,09:25,09:43,8B5101,TNU5101,CGK,Jakarta Soekarno Hatta International Airport,TransNusa,8B,A320,Airbus A320-214,PK-TLO,Departed 10:43,2026-08-11 05:32:54
DPS,departures,2026-08-10,09:25,09:59,QG197,CTV197,HLP,Jakarta Halim Perdanakusuma Airport,Citilink,QG,A320,Airbus A320-214,PK-GQC,Departed 10:59,2026-08-11 05:32:54
DPS,departures,2026-08-10,09:35,09:40,8G182,DTL182,DIL,Dili Presidente Nicolau Lobato International Airport,Aero Dili,8G,A319,Airbus A319-115,4W-AAO,Departed 10:40,2026-08-11 05:32:54
DPS,departures,2026-08-10,09:35,10:02,JT805,LNI805,SUB,Surabaya Juanda International Airport,Lion Air,JT,B739,Boeing 737-9GP(ER),PK-LSL,Departed 11:02,2026-08-11 05:32:54
DPS,departures,2026-08-10,09:50,09:50,QZ815,AWQ815,CGK,Jakarta Soekarno Hatta International Airport,AirAsia,AK,A320,Airbus A320-214,PK-AZH,Departed 10:50,2026-08-11 05:32:54
DPS,departures,2026-08-10,09:55,,JT744,,UPG,Makassar Sultan Hasanuddin International Airport,Lion Air,JT,739,,,Canceled,2026-08-11 05:32:54
DPS,departures,2026-08-10,10:05,,GA1001,,BDO,Bandung Husein Sastranegara International Airport,Garuda Indonesia,GA,738,,,Unknown,2026-08-11 05:32:54
DPS,departures,2026-08-10,10:15,10:48,JQ126,JST126,ADL,Adelaide Airport,Jetstar,JQ,A21N,Airbus A321-251NX(LR),VH-OYP,Departed 11:48,2026-08-11 05:32:54
DPS,departures,2026-08-10,10:20,10:22,6E1606,IGO1606,BLR,Bengaluru Kempegowda International Airport,IndiGo,6E,A20N,Airbus A320-251N,VT-IXJ,Departed 11:22,2026-08-11 05:32:54
DPS,departures,2026-08-10,10:20,10:41,TR281,TGW281,SIN,Singapore Changi Airport,Scoot,TR,B788,Boeing 787-8 Dreamliner,9V-OFI,Departed 11:41,2026-08-11 05:32:54
DPS,departures,2026-08-10,10:25,10:39,QZ646,AWQ646,LBJ,Labuan Bajo Komodo Airport,AirAsia (Sustainable ASEAN Tourism Livery),AK,A320,Airbus A320-216,PK-AZS,Departed 11:39,2026-08-11 05:32:54
DPS,departures,2026-08-10,10:40,11:01,JQ109,JST109,PER,Perth Airport,Jetstar,JQ,A21N,Airbus A321-251NX(LR),VH-OYU,Departed 12:01,2026-08-11 05:32:54
DPS,departures,2026-08-10,10:40,10:45,IW1964,WON1964,LOP,Lombok International Airport,Wings Air,IW,AT76,ATR 72-600,PK-WJM,Departed 11:45,2026-08-11 05:32:54
DPS,departures,2026-08-10,10:40,10:56,IW1824,WON1824,BMU,Bima Sultan Muhammad Salahudin Airport,Wings Air,IW,AT76,ATR 72-600,PK-WGR,Departed 11:56,2026-08-11 05:32:54
DPS,departures,2026-08-10,10:45,11:17,ID6331,BTK6331,LBJ,Labuan Bajo Komodo Airport,Batik Air,ID,A320,Airbus A320-214,PK-LAQ,Departed 12:17,2026-08-11 05:32:54
DPS,departures,2026-08-10,10:55,13:01,OD192,MXD192,KUL,Kuala Lumpur International Airport,Batik Air,ID,B738,Boeing 737-8U3,9M-LCW,Departed 14:01,2026-08-11 05:32:54
DPS,departures,2026-08-10,10:55,11:10,GA407,GIA407,CGK,Jakarta Soekarno Hatta International Airport,Garuda Indonesia,GA,B738,Boeing 737-8U3,PK-GNA,Departed 12:10,2026-08-11 05:32:54
DPS,departures,2026-08-10,11:00,11:23,QZ544,AWQ544,PER,Perth Airport,AirAsia,AK,A320,Airbus A320-216,PK-AZK,Departed 12:23,2026-08-11 05:32:54
DPS,departures,2026-08-10,11:05,11:19,QG697,CTV697,SUB,Surabaya Juanda International Airport,Citilink,QG,A320,Airbus A320-214,PK-GLM,Departed 12:19,2026-08-11 05:32:54
DPS,departures,2026-08-10,11:05,12:39,JT31,LNI031,CGK,Jakarta Soekarno Hatta International Airport,Lion Air,JT,B739,Boeing 737-9GP(ER),PK-LSK,Departed 13:39,2026-08-11 05:32:54
DPS,departures,2026-08-10,11:05,11:13,JQ32,JST032,MEL,Melbourne Airport,Jetstar,JQ,A21N,Airbus A321-251NX(LR),VH-OYX,Departed 12:13,2026-08-11 05:32:54
DPS,departures,2026-08-10,11:05,11:26,GA253,GIA253,YIA,Yogyakarta International Airport,Garuda Indonesia,GA,B738,Boeing 737-8U3,PK-GMF,Departed 12:26,2026-08-11 05:32:54
DPS,departures,2026-08-10,11:10,11:32,SQ937,SIA937,SIN,Singapore Changi Airport,Singapore Airlines,SQ,B78X,Boeing 787-10 Dreamliner,9V-SCM,Departed 12:32,2026-08-11 05:32:54
DPS,departures,2026-08-10,11:10,,SJ742,,TMC,Tambolaka Airport,Sriwijaya Air,SJ,735,,,Unknown,2026-08-11 05:32:54
DPS,departures,2026-08-10,11:10,12:05,FD397,AIQ397,DMK,Bangkok Don Mueang International Airport,AirAsia,AK,A320,Airbus A320-216,HS-BBF,Departed 13:05,2026-08-11 05:32:54
DPS,departures,2026-08-10,11:20,11:51,JQ40,JST040,SYD,Sydney Kingsford Smith Airport,Jetstar,JQ,A21N,Airbus A321-251NX(LR),VH-OYD,Departed 12:51,2026-08-11 05:32:54
DPS,departures,2026-08-10,11:25,11:54,OD178,MXD178,KUL,Kuala Lumpur International Airport,Batik Air (Visit Malaysia Truly Asia 2026 Livery),ID,B38M,Boeing 737 MAX 8,9M-LRM,Departed 12:54,2026-08-11 05:32:54
DPS,departures,2026-08-10,11:40,11:44,8B5254,TNU5254,LOP,Lombok International Airport,TransNusa,8B,AJ27,Comac ARJ-21-700,PK-TJB,Departed 12:44,2026-08-11 05:32:54
DPS,departures,2026-08-10,11:45,13:06,OD158,MXD158,KUL,Kuala Lumpur International Airport,Batik Air,ID,B38M,Boeing 737 MAX 8,9M-LRW,Departed 14:06,2026-08-11 05:32:54
DPS,departures,2026-08-10,11:45,15:46,IP103,PAS103,CGK,Jakarta Soekarno Hatta International Airport,Pelita Air,IP,A320,Airbus A320-214,PK-PWK,Departed 16:46,2026-08-11 05:32:54
DPS,departures,2026-08-10,12:00,17:23,OD307,MXD307,KUL,Kuala Lumpur International Airport,Batik Air,ID,B738,Boeing 737-8GP,9M-LNR,Departed 18:23,2026-08-11 05:32:54
DPS,departures,2026-08-10,12:00,12:08,ID6509,BTK6509,CGK,Jakarta Soekarno Hatta International Airport,Batik Air,ID,A320,Airbus A320-214,PK-LUV,Departed 13:08,2026-08-11 05:32:54
DPS,departures,2026-08-10,12:00,12:16,AK365,AXM365,KUL,Kuala Lumpur International Airport,"AirAsia (3, 2,1, Take Off Livery)",AK,A21N,Airbus A321-251NX,9M-VAA,Departed 13:16,2026-08-11 05:32:54
DPS,departures,2026-08-10,12:05,12:36,MH714,MAS714,KUL,Kuala Lumpur International Airport,Malaysia Airlines (Oneworld Livery),MH,A333,Airbus A330-323,9M-MTE,Departed 13:36,2026-08-11 05:32:54
DPS,departures,2026-08-10,12:10,13:20,OD172,MXD172,KUL,Kuala Lumpur International Airport,Batik Air,ID,B38M,Boeing 737 MAX 8,9M-LRP,Departed 14:20,2026-08-11 05:32:54
DPS,departures,2026-08-10,12:15,12:14,SQ939,SIA939,SIN,Singapore Changi Airport,Singapore Airlines (1000th 787 Dreamliner Sticker),SQ,B78X,Boeing 787-10 Dreamliner,9V-SCP,Departed 13:14,2026-08-11 05:32:54
DPS,departures,2026-08-10,12:15,12:46,JT35,LNI035,CGK,Jakarta Soekarno Hatta International Airport,Lion Air,JT,B39M,Boeing 737 MAX 9,PK-LRH,Departed 13:46,2026-08-11 05:32:54
DPS,departures,2026-08-10,12:15,12:23,JQ58,JST058,BNE,Brisbane Airport,Jetstar,JQ,A21N,Airbus A321-251NX(LR),VH-OFQ,Departed 13:23,2026-08-11 05:32:54
DPS,departures,2026-08-10,12:25,12:49,GA409,GIA409,CGK,Jakarta Soekarno Hatta International Airport,Garuda Indonesia,GA,B738,Boeing 737-8U3,PK-GMA,Departed 13:49,2026-08-11 05:32:54
DPS,departures,2026-08-10,12:35,12:54,QZ803,AWQ803,CGK,Jakarta Soekarno Hatta International Airport,AirAsia,AK,A320,Airbus A320-216,PK-AXY,Departed 13:54,2026-08-11 05:32:54
DPS,departures,2026-08-10,12:35,12:58,JT660,LNI660,BPN,Balikpapan Sepinggan Airport,Lion Air,JT,B739,Boeing 737-9GP(ER),PK-LSR,Departed 13:58,2026-08-11 05:32:54
DPS,departures,2026-08-10,12:40,13:03,GA842,GIA842,SIN,Singapore Changi Airport,Garuda Indonesia,GA,B738,Boeing 737-8U3,PK-GNH,Departed 14:03,2026-08-11 05:32:54
DPS,departures,2026-08-10,12:50,13:24,8B5107,TNU5107,CGK,Jakarta Soekarno Hatta International Airport,TransNusa,8B,A320,Airbus A320-214,PK-TLP,Departed 14:24,2026-08-11 05:32:54
DPS,departures,2026-08-10,12:50,13:09,ID8337,BTK8337,LBJ,Labuan Bajo Komodo Airport,Batik Air,ID,A320,Airbus A320-214,PK-LUK,Departed 14:09,2026-08-11 05:32:54
DPS,departures,2026-08-10,12:55,13:27,QG687,CTV687,CGK,Jakarta Soekarno Hatta International Airport,Citilink,QG,A320,Airbus A320-214,PK-GQA,Departed 14:27,2026-08-11 05:32:54
DPS,departures,2026-08-10,12:55,13:55,JT919,LNI919,SUB,Surabaya Juanda International Airport,Lion Air,JT,B739,Boeing 737-9GP(ER),PK-LSU,Departed 14:55,2026-08-11 05:32:54
DPS,departures,2026-08-10,13:00,13:16,VJ848,VJC848,SGN,Ho Chi Minh City International Airport,VietJet Air,VJ,A21N,Airbus A321-271NX,VN-A524,Departed 14:16,2026-08-11 05:32:54
DPS,departures,2026-08-10,13:00,13:31,QG342,CTV342,UPG,Makassar Sultan Hasanuddin International Airport,Citilink,QG,A20N,Airbus A320-251N,PK-GTC,Departed 14:31,2026-08-11 05:32:54
DPS,departures,2026-08-10,13:05,13:35,TR289,TGW289,SIN,Singapore Changi Airport,Scoot,TR,B788,Boeing 787-8 Dreamliner,9V-OFJ,Departed 14:35,2026-08-11 05:32:54
DPS,departures,2026-08-10,13:15,14:19,ID6517,BTK6517,CGK,Jakarta Soekarno Hatta International Airport,Batik Air,ID,A320,Airbus A320-232,PK-BKR,Departed 15:19,2026-08-11 05:32:54
DPS,departures,2026-08-10,13:20,16:38,ID7308,BTK7308,HLP,Jakarta Halim Perdanakusuma Airport,Batik Air,ID,A320,Airbus A320-214,PK-LAT,Departed 17:38,2026-08-11 05:32:54
DPS,departures,2026-08-10,13:25,13:42,IU130,SJV130,SRG,Semarang Achmad Yani International Airport,Super Air Jet,IU,A320,Airbus A320-232,PK-SAY,Departed 14:42,2026-08-11 05:32:54
DPS,departures,2026-08-10,13:30,13:45,GA653,GIA653,CGK,Jakarta Soekarno Hatta International Airport,Garuda Indonesia,GA,B738,Boeing 737-8U3,PK-GFV,Departed 14:45,2026-08-11 05:32:54
DPS,departures,2026-08-10,13:35,15:02,VJ894,VJC894,SGN,Ho Chi Minh City International Airport,VietJet Air,VJ,A21N,Airbus A321-271NX,VN-A578,Departed 16:02,2026-08-11 05:32:54
DPS,departures,2026-08-10,13:35,13:51,AI2148,AIC2148,DEL,Delhi Indira Gandhi International Airport,Air India,AI,A21N,Airbus A321-251NX(LR),VT-TVI,Departed 14:51,2026-08-11 05:32:54
DPS,departures,2026-08-10,13:45,14:28,JT33,LNI033,CGK,Jakarta Soekarno Hatta International Airport,Lion Air,JT,B39M,Boeing 737 MAX 9,PK-LRI,Departed 15:28,2026-08-11 05:32:54
DPS,departures,2026-08-10,14:00,14:05,JT844,LNI844,BDJ,Banjarmasin Syamsudin Noor Airport,Lion Air,JT,B739,Boeing 737-9GP(ER),PK-LSO,Departed 15:05,2026-08-11 05:32:54
DPS,departures,2026-08-10,14:00,14:22,JQ107,JST107,PER,Perth Airport,Jetstar,JQ,A21N,Airbus A321-251NX(LR),VH-OYR,Departed 15:22,2026-08-11 05:32:54
DPS,departures,2026-08-10,14:00,14:49,IU128,SJV128,SOC,Surakarta Adisumarmo International Airport,Super Air Jet,IU,A320,Airbus A320-232,PK-SGC,Departed 15:49,2026-08-11 05:32:54
DPS,departures,2026-08-10,14:00,14:37,IU120,SJV120,YIA,Yogyakarta International Airport,Super Air Jet,IU,A320,Airbus A320-232,PK-SJE,Departed 15:37,2026-08-11 05:32:54
DPS,departures,2026-08-10,14:05,15:27,QG681,CTV681,CGK,Jakarta Soekarno Hatta International Airport,Citilink,QG,A320,Airbus A320-214,PK-GLS,Departed 16:27,2026-08-11 05:32:54
DPS,departures,2026-08-10,14:05,14:31,JQ86,JST086,SIN,Singapore Changi Airport,Jetstar,JQ,A21N,Airbus A321-251NX(LR),VH-OFY,Departed 15:31,2026-08-11 05:32:54
DPS,departures,2026-08-10,14:10,14:46,JQ44,JST044,MEL,Melbourne Airport,Jetstar,JQ,A21N,Airbus A321-251NX(LR),VH-OFE,Departed 15:46,2026-08-11 05:32:54
DPS,departures,2026-08-10,14:15,14:41,VA50,VOZ050,BNE,Brisbane Airport,Virgin Australia,VA,B38M,Boeing 737 MAX 8,VH-8IM,Departed 15:41,2026-08-11 05:32:54
DPS,departures,2026-08-10,14:15,14:40,QZ536,AWQ536,PER,Perth Airport,AirAsia (Sustainable ASEAN Tourism Livery),AK,A320,Airbus A320-216,PK-AZS,Departed 15:40,2026-08-11 05:32:54
DPS,departures,2026-08-10,14:25,14:54,AK377,AXM377,KUL,Kuala Lumpur International Airport,AirAsia,AK,A20N,Airbus A320-251N,9M-RAL,Departed 15:54,2026-08-11 05:32:54
DPS,departures,2026-08-10,14:30,14:52,QG669,CTV669,SUB,Surabaya Juanda International Airport,Citilink,QG,A320,Airbus A320-214,PK-GLM,Departed 15:52,2026-08-11 05:32:54
DPS,departures,2026-08-10,14:30,14:35,JT740,LNI740,UPG,Makassar Sultan Hasanuddin International Airport,Lion Air,JT,B739,Boeing 737-9GP(ER),PK-LSL,Departed 15:35,2026-08-11 05:32:54
DPS,departures,2026-08-10,14:35,15:04,IP109,PAS109,CGK,Jakarta Soekarno Hatta International Airport,Pelita Air,IP,A320,Airbus A320-214,PK-PWG,Departed 16:04,2026-08-11 05:32:54
DPS,departures,2026-08-10,14:40,22:57,SJ717,SJY717,UPG,Makassar Sultan Hasanuddin International Airport,Sriwijaya Air,SJ,B735,Boeing 737-524,PK-CLF,Departed 23:57,2026-08-11 05:32:51
DPS,departures,2026-08-10,14:40,15:11,IW1850,WON1850,LOP,Lombok International Airport,Wings Air,IW,AT76,ATR 72-600,PK-WJY,Departed 16:11,2026-08-11 05:32:54
DPS,departures,2026-08-10,14:45,14:58,QZ648,AWQ648,LBJ,Labuan Bajo Komodo Airport,AirAsia (Colours of Indonesia Livery),AK,A320,Airbus A320-216,PK-AXD,Departed 15:58,2026-08-11 05:32:51
DPS,departures,2026-08-10,14:45,15:01,GA411,GIA411,CGK,Jakarta Soekarno Hatta International Airport,Garuda Indonesia (From Nature to Future Livery),GA,B738,Boeing 737-8U3,PK-GFX,Departed 16:01,2026-08-11 05:32:51
DPS,departures,2026-08-10,14:50,15:31,VA92,VOZ092,MEL,Melbourne Airport,Virgin Australia,VA,B38M,Boeing 737 MAX 8,VH-8IG,Departed 16:31,2026-08-11 05:32:51
DPS,departures,2026-08-10,14:55,15:07,8B5256,TNU5256,LOP,Lombok International Airport,TransNusa,8B,AJ27,Comac ARJ-21-700,PK-TJC,Departed 16:07,2026-08-11 05:32:51
DPS,departures,2026-08-10,14:55,15:08,8B82,TNU082,PER,Perth Airport,TransNusa,8B,A320,Airbus A320-214,PK-TLF,Departed 16:08,2026-08-11 05:32:51
DPS,departures,2026-08-10,14:55,15:16,CI772,CAL772,TPE,Taipei Taoyuan International Airport,China Airlines,CI,B77W,Boeing 777-36N(ER),B-18051,Departed 16:16,2026-08-11 05:32:51
DPS,departures,2026-08-10,15:00,15:23,VN640,HVN640,SGN,Ho Chi Minh City International Airport,Vietnam Airlines,VN,A321,Airbus A321-231,VN-A325,Departed 16:23,2026-08-11 05:32:51
DPS,departures,2026-08-10,15:10,15:35,QZ246,AWQ246,HKT,Phuket International Airport,AirAsia,AK,A320,Airbus A320-214,PK-AZH,Departed 16:35,2026-08-11 05:32:51
DPS,departures,2026-08-10,15:15,16:26,CX784,CPA784,HKG,Hong Kong International Airport,Cathay Pacific,CX,B773,Boeing 777-367,B-HNP,Departed 17:26,2026-08-11 05:32:51
DPS,departures,2026-08-10,15:20,17:46,QZ819,AWQ819,CGK,Jakarta Soekarno Hatta International Airport,AirAsia,AK,A320,Airbus A320-216,PK-AZE,Departed 18:46,2026-08-11 05:32:51
DPS,departures,2026-08-10,15:25,15:48,MH850,MAS850,KUL,Kuala Lumpur International Airport,Malaysia Airlines,MH,B738,Boeing 737-8H6,9M-MXX,Departed 16:48,2026-08-11 05:32:51
DPS,departures,2026-08-10,15:30,15:40,IW1852,WON1852,LOP,Lombok International Airport,Wings Air,IW,AT76,ATR 72-600,PK-WGR,Departed 16:40,2026-08-11 05:32:51
DPS,departures,2026-08-10,15:30,15:51,BR256,EVA256,TPE,Taipei Taoyuan International Airport,EVA Air (Sanrio Characters Joyful Dream Livery),BR,A333,Airbus A330-302,B-16332,Departed 16:51,2026-08-11 05:32:51
DPS,departures,2026-08-10,15:40,16:30,IU703,SJV703,SUB,Surabaya Juanda International Airport,Super Air Jet,IU,A320,Airbus A320-232,PK-STD,Departed 17:30,2026-08-11 05:32:51
DPS,departures,2026-08-10,15:40,15:56,AK369,AXM369,KUL,Kuala Lumpur International Airport,AirAsia,AK,A21N,Airbus A321-251NX,9M-VAE,Departed 16:56,2026-08-11 05:32:51
DPS,departures,2026-08-10,15:45,15:59,ID6335,BTK6335,LBJ,Labuan Bajo Komodo Airport,Batik Air,ID,A320,Airbus A320-214,PK-LAQ,Departed 16:59,2026-08-11 05:32:51
DPS,departures,2026-08-10,15:45,16:14,GA255,GIA255,YIA,Yogyakarta International Airport,Garuda Indonesia,GA,B738,Boeing 737-8U3,PK-GNE,Departed 17:14,2026-08-11 05:32:51
DPS,departures,2026-08-10,15:50,16:17,HO1356,DKH1356,PVG,Shanghai Pudong International Airport,Juneyao Air (Chinese Silk Ribbon Livery),HO,B789,Boeing 787-9 Dreamliner,B-207N,Departed 17:17,2026-08-11 05:32:51
DPS,departures,2026-08-10,15:55,16:19,TG432,THA432,BKK,Bangkok Suvarnabhumi Airport,Thai Airways,TG,A359,Airbus A350-941,HS-THB,Departed 17:19,2026-08-11 05:32:51
DPS,departures,2026-08-10,15:55,16:22,GA349,GIA349,SUB,Surabaya Juanda International Airport,Garuda Indonesia,GA,B738,Boeing 737-8U3,PK-GMF,Departed 17:22,2026-08-11 05:32:51
DPS,departures,2026-08-10,16:15,20:50,JT23,LNI023,CGK,Jakarta Soekarno Hatta International Airport,Lion Air,JT,B39M,Boeing 737 MAX 9,PK-LRI,Departed 21:50,2026-08-11 05:32:51
DPS,departures,2026-08-10,16:25,16:42,GA419,GIA419,CGK,Jakarta Soekarno Hatta International Airport,Garuda Indonesia,GA,B738,Boeing 737-86N,PK-GFJ,Departed 17:42,2026-08-11 05:32:51
DPS,departures,2026-08-10,16:35,16:50,TR243,TGW243,SIN,Singapore Changi Airport,Scoot,TR,A20N,Airbus A320-271N,9V-TNK,Departed 17:50,2026-08-11 05:32:51
DPS,departures,2026-08-10,16:40,17:02,IP107,PAS107,CGK,Jakarta Soekarno Hatta International Airport,Pelita Air,IP,A320,Airbus A320-216,PK-PWN,Departed 18:02,2026-08-11 05:32:51
DPS,departures,2026-08-10,16:50,18:40,NZ291,ANZ291,AKL,Auckland Airport,Air New Zealand,NZ,B789,Boeing 787-9 Dreamliner,ZK-NZC,Departed 19:40,2026-08-11 05:32:51
DPS,departures,2026-08-10,17:10,17:31,OD193,MXD193,PER,Perth Airport,Batik Air,ID,B738,Boeing 737-8U3,9M-LDG,Departed 18:31,2026-08-11 05:32:51
DPS,departures,2026-08-10,17:30,21:12,IN281,LKN281,CGK,Jakarta Soekarno Hatta International Airport,NAM Air,IN,B735,Boeing 737-524,PK-NAS,Departed 22:12,2026-08-11 05:32:51
DPS,departures,2026-08-10,17:30,19:50,GA417,GIA417,CGK,Jakarta Soekarno Hatta International Airport,Garuda Indonesia,GA,B738,Boeing 737-8U3,PK-GFV,Departed 20:50,2026-08-11 05:32:51
DPS,departures,2026-08-10,17:40,17:37,QZ821,AWQ821,CGK,Jakarta Soekarno Hatta International Airport,AirAsia,AK,A320,Airbus A320-216,PK-AXY,Departed 18:37,2026-08-11 05:32:51
DPS,departures,2026-08-10,17:45,18:03,EY477,ETD477,AUH,Abu Dhabi Zayed International Airport,Etihad Airways,EY,B77W,Boeing 777-3FX(ER),A6-ETI,Departed 19:03,2026-08-11 05:32:51
DPS,departures,2026-08-10,17:50,18:16,CX782,CPA782,HKG,Hong Kong International Airport,Cathay Pacific,CX,A333,Airbus A330-342,B-LAD,Departed 19:16,2026-08-11 05:32:51
DPS,departures,2026-08-10,17:55,17:39,8B5258,TNU5258,LOP,Lombok International Airport,TransNusa,8B,AJ27,Comac ARJ-21-700,PK-TJC,Departed 18:39,2026-08-11 05:32:51
DPS,departures,2026-08-10,18:00,17:57,TG440,THA440,BKK,Bangkok Suvarnabhumi Airport,Thai Airways,TG,A320,Airbus A320-232,HS-TXS,Departed 18:57,2026-08-11 05:32:51
DPS,departures,2026-08-10,18:00,18:31,QG689,CTV689,CGK,Jakarta Soekarno Hatta International Airport,Citilink,QG,A320,Airbus A320-214,PK-GQA,Departed 19:31,2026-08-11 05:32:51
DPS,departures,2026-08-10,18:20,19:34,QR963,QTR963,DOH,Doha Hamad International Airport,Qatar Airways,QR,A35K,Airbus A350-1041,A7-AOD,Departed 20:34,2026-08-11 05:32:51
DPS,departures,2026-08-10,18:20,18:35,MH852,MAS852,KUL,Kuala Lumpur International Airport,Malaysia Airlines,MH,B38M,Boeing 737 MAX 8,9M-MVQ,Departed 19:35,2026-08-11 05:32:51
DPS,departures,2026-08-10,18:25,21:24,ID7310,BTK7310,HLP,Jakarta Halim Perdanakusuma Airport,Batik Air,ID,A320,Airbus A320-214,PK-LUJ,Departed 22:24,2026-08-11 05:32:51
DPS,departures,2026-08-10,18:30,18:58,QG699,CTV699,SUB,Surabaya Juanda International Airport,Citilink,QG,A20N,Airbus A320-251N,PK-GTF,Departed 19:58,2026-08-11 05:32:51
DPS,departures,2026-08-10,18:45,18:48,TR283,TGW283,SIN,Singapore Changi Airport,Scoot,TR,B788,Boeing 787-8 Dreamliner,9V-OFM,Departed 19:48,2026-08-11 05:32:51
DPS,departures,2026-08-10,18:45,21:04,EK369,UAE369,DXB,Dubai International Airport,Emirates,EK,A388,Airbus A380-842,A6-EUN,Departed 22:04,2026-08-11 05:32:51
DPS,departures,2026-08-10,18:45,19:16,AK379,AXM379,KUL,Kuala Lumpur International Airport,AirAsia,AK,A320,Airbus A320-216,9M-AQP,Departed 20:16,2026-08-11 05:32:51
DPS,departures,2026-08-10,18:50,18:50,8B969,,CAN,Guangzhou Baiyun International Airport,TransNusa,8B,320,,,Estimated dep 19:50*,2026-08-11 05:32:51
DPS,departures,2026-08-10,18:50,,IU133,,SRG,Semarang Achmad Yani International Airport,Super Air Jet,IU,320,,,Unknown,2026-08-11 05:32:51
DPS,departures,2026-08-10,18:55,19:13,JT923,LNI923,SUB,Surabaya Juanda International Airport,Lion Air,JT,B739,Boeing 737-9GP(ER),PK-LJG,Departed 20:13,2026-08-11 05:32:51
DPS,departures,2026-08-10,18:55,19:20,GA421,GIA421,CGK,Jakarta Soekarno Hatta International Airport,Garuda Indonesia,GA,B738,Boeing 737-8U3,PK-GMI,Departed 20:20,2026-08-11 05:32:51
DPS,departures,2026-08-10,19:00,19:06,SQ945,SIA945,SIN,Singapore Changi Airport,Singapore Airlines,SQ,B78X,Boeing 787-10 Dreamliner,9V-SCM,Departed 20:06,2026-08-11 05:32:51
DPS,departures,2026-08-10,19:10,21:17,QG667,CTV667,CGK,Jakarta Soekarno Hatta International Airport,Citilink,QG,A320,Airbus A320-214,PK-GQC,Departed 22:17,2026-08-11 05:32:51
DPS,departures,2026-08-10,19:30,21:22,QG195,CTV195,HLP,Jakarta Halim Perdanakusuma Airport,Citilink,QG,A320,Airbus A320-214,PK-GLN,Departed 22:22,2026-08-11 05:32:51
DPS,departures,2026-08-10,19:30,19:39,ID6415,BTK6415,SUB,Surabaya Juanda International Airport,Batik Air,ID,A320,Airbus A320-214,PK-LUK,Departed 20:39,2026-08-11 05:32:51
DPS,departures,2026-08-10,19:40,20:00,GA415,GIA415,CGK,Jakarta Soekarno Hatta International Airport,Garuda Indonesia,GA,B738,Boeing 737-8U3,PK-GMD,Departed 21:00,2026-08-11 05:32:51
DPS,departures,2026-08-10,19:45,19:55,KL836,KLM836,SIN,Singapore Changi Airport,KLM,KL,B77W,Boeing 777-306(ER),PH-BVN,Departed 20:55,2026-08-11 05:32:51
DPS,departures,2026-08-10,19:50,20:17,IP105,PAS105,CGK,Jakarta Soekarno Hatta International Airport,Pelita Air,IP,A320,Airbus A320-214,PK-PWQ,Departed 21:17,2026-08-11 05:32:51
DPS,departures,2026-08-10,20:00,20:10,TK67,THY067,IST,Istanbul Airport,Turkish Airlines,TK,A359,Airbus A350-941,TC-LGU,Departed 21:10,2026-08-11 05:32:51
DPS,departures,2026-08-10,20:00,20:04,OD177,MXD177,MEL,Melbourne Airport,Batik Air,ID,B38M,Boeing 737 MAX 8,9M-LRK,Departed 21:04,2026-08-11 05:32:51
DPS,departures,2026-08-10,20:15,20:35,JT15,LNI015,CGK,Jakarta Soekarno Hatta International Airport,Lion Air,JT,B738,Boeing 737-8GP,PK-LOR,Departed 21:35,2026-08-11 05:32:51
DPS,departures,2026-08-10,20:20,20:53,JQ34,JST034,MEL,Melbourne Airport,Jetstar,JQ,A21N,Airbus A321-251NX(LR),VH-OFL,Departed 21:53,2026-08-11 05:32:51
DPS,departures,2026-08-10,20:30,21:26,JQ117,JST117,PER,Perth Airport,Jetstar,JQ,A21N,Airbus A321-251NX(LR),VH-OYU,Departed 22:26,2026-08-11 05:32:51
DPS,departures,2026-08-10,20:30,20:42,ID6760,BTK6760,UPG,Makassar Sultan Hasanuddin International Airport,Batik Air,ID,A320,Airbus A320-214,PK-LAQ,Departed 21:42,2026-08-11 05:32:51
DPS,departures,2026-08-10,20:35,,SJ273,,CGK,Jakarta Soekarno Hatta International Airport,Sriwijaya Air,SJ,735,,,Unknown,2026-08-11 05:32:51
DPS,departures,2026-08-10,20:40,21:00,SQ947,SIA947,SIN,Singapore Changi Airport,Singapore Airlines,SQ,B78X,Boeing 787-10 Dreamliner,9V-SCB,Departed 22:00,2026-08-11 05:32:51
DPS,departures,2026-08-10,20:45,20:46,TK311,THY311,IST,Istanbul Airport,Turkish Airlines,TK,B789,Boeing 787-9 Dreamliner,TC-LLD,Departed 21:46,2026-08-11 05:32:51
DPS,departures,2026-08-10,20:55,21:09,SV857,SVA857,SIN,Singapore Changi Airport,Saudia,SV,B78X,Boeing 787-10 Dreamliner,HZ-AR25,Departed 22:09,2026-08-11 05:32:51
DPS,departures,2026-08-10,21:05,21:29,GA718,GIA718,MEL,Melbourne Airport,Garuda Indonesia (Retro Livery),GA,A333,Airbus A330-343,PK-GHD,Departed 22:29,2026-08-11 05:32:51
DPS,departures,2026-08-10,21:10,,VA128,,CBR,Canberra International Airport,Virgin Australia,VA,7S8,,,Canceled,2026-08-11 05:32:51
DPS,departures,2026-08-10,21:15,22:05,OD171,MXD171,SYD,Sydney Kingsford Smith Airport,Batik Air,ID,B38M,Boeing 737 MAX 8,9M-LRW,Departed 23:05,2026-08-11 05:32:51
DPS,departures,2026-08-10,21:15,21:40,AK375,AXM375,KUL,Kuala Lumpur International Airport,AirAsia,AK,A20N,Airbus A320-251N,9M-RAP,Departed 22:40,2026-08-11 05:32:51
DPS,departures,2026-08-10,21:20,21:57,QF44,QFA044,SYD,Sydney Kingsford Smith Airport,Qantas,QF,A332,Airbus A330-202,VH-EBK,Departed 22:57,2026-08-11 05:32:51
DPS,departures,2026-08-10,21:35,21:50,JQ38,JST038,SYD,Sydney Kingsford Smith Airport,Jetstar,JQ,A21N,Airbus A321-251NX(LR),VH-OYC,Departed 22:50,2026-08-11 05:32:51
DPS,departures,2026-08-10,21:45,21:59,7C5304,JJA5304,ICN,Seoul Incheon International Airport,Jeju Air,7C,B38M,Boeing 737 MAX 8,HL8552,Departed 22:59,2026-08-11 05:32:51
DPS,departures,2026-08-10,22:00,22:08,JQ91,JST091,CNS,Cairns Airport,Jetstar,JQ,A320,Airbus A320-232,VH-VGT,Departed 23:08,2026-08-11 05:32:51
DPS,departures,2026-08-10,22:05,22:36,VA96,VOZ096,MEL,Melbourne Airport,Virgin Australia,VA,B738,Boeing 737-8FE,VH-YIT,Departed 23:36,2026-08-11 05:32:51
DPS,departures,2026-08-10,22:05,22:32,QF46,QFA046,MEL,Melbourne Airport,Qantas,QF,B738,Boeing 737-838,VH-XZF,Departed 23:32,2026-08-11 05:32:51
DPS,departures,2026-08-10,22:10,,8B5109,,CGK,Jakarta Soekarno Hatta International Airport,TransNusa,8B,320,,,Unknown,2026-08-11 05:32:51
DPS,departures,2026-08-10,22:10,22:18,3U3986,CSC3986,TFU,Chengdu Tianfu International Airport,Sichuan Airlines,3U,A21N,Airbus A321-271NX(LR),B-325F,Departed 23:18,2026-08-11 05:32:51
DPS,departures,2026-08-10,22:20,22:54,VA82,VOZ082,OOL,Gold Coast Airport,Virgin Australia,VA,B738,Boeing 737-8FE,VH-YIQ,Departed 23:54,2026-08-11 05:32:51
DPS,departures,2026-08-10,22:25,22:52,JQ50,JST050,AVV,Melbourne Avalon International Airport,Jetstar,JQ,A21N,Airbus A321-251NX(LR),VH-OIR,Departed 23:52,2026-08-11 05:32:51
DPS,departures,2026-08-10,22:25,22:50,GA714,GIA714,SYD,Sydney Kingsford Smith Airport,Garuda Indonesia,GA,A333,Airbus A330-343,PK-GPT,Departed 23:50,2026-08-11 05:32:51
DPS,departures,2026-08-10,22:35,23:02,VA68,VOZ068,SYD,Sydney Kingsford Smith Airport,Virgin Australia,VA,B38M,Boeing 737 MAX 8,VH-8IL,Departed 00:02,2026-08-11 05:32:51
DPS,departures,2026-08-10,22:45,23:06,KE432,KAL432,ICN,Seoul Incheon International Airport,Korean Air,KE,B789,Boeing 787-9 Dreamliner,HL8083,Departed 00:06,2026-08-11 05:32:51
DPS,departures,2026-08-10,22:45,23:11,JQ94,JST094,OOL,Gold Coast Airport,Jetstar,JQ,A20N,Airbus A320-251N,VH-A5C,Departed 00:11,2026-08-11 05:32:51
DPS,departures,2026-08-10,22:50,23:08,JQ89,JST089,NTL,Newcastle Airport,Jetstar,JQ,A21N,Airbus A321-251NX(LR),VH-OFY,Departed 00:08,2026-08-11 05:32:51
DPS,departures,2026-08-10,22:55,23:19,JQ128,JST128,ADL,Adelaide Airport,Jetstar,JQ,A21N,Airbus A321-251NX(LR),VH-OYP,Departed 00:19,2026-08-11 05:32:51
DPS,departures,2026-08-10,23:05,23:24,BX602,ABL602,PUS,Busan Gimhae International Airport,Air Busan,BX,A21N,Airbus A321-251NX(LR),HL8366,Departed 00:24,2026-08-11 05:32:51
DPS,departures,2026-08-10,23:20,23:50,8B84,TNU084,PER,Perth Airport,TransNusa,8B,A320,Airbus A320-214,PK-TLP,Departed 00:50,2026-08-11 05:32:51
DPS,departures,2026-08-10,23:20,23:32,GA880,GIA880,NRT,Tokyo Narita International Airport,Garuda Indonesia (TravelGo Sticker),GA,A333,Airbus A330-343,PK-GPV,Departed 00:32,2026-08-11 05:32:51
DPS,departures,2026-08-10,23:30,23:45,MF892,CXA892,XMN,Xiamen Gaoqi International Airport,Xiamen Air,MF,B38M,Boeing 737 MAX 8,B-224X,Departed 00:45,2026-08-11 05:32:51
DPS,departures,2026-08-10,23:35,23:41,QR961,QTR961,DOH,Doha Hamad International Airport,Qatar Airways,QR,A35K,Airbus A350-1041,A7-AOE,Departed 00:41,2026-08-11 05:32:51
DPS,departures,2026-08-10,23:35,00:20,EK399,UAE399,DXB,Dubai International Airport,Emirates,EK,A388,Airbus A380-842,A6-EUY,Departed 01:20,2026-08-11 05:32:51
DPS,departures,2026-08-10,23:40,23:43,CZ626,CSN626,CAN,Guangzhou Baiyun International Airport,China Southern Airlines,CZ,A21N,Airbus A321-253NX,B-30F7,Departed 00:43,2026-08-11 05:32:51
DPS,departures,2026-08-10,23:55,00:59,PR538,PAL538,MNL,Manila Ninoy Aquino International Airport,Philippine Airlines,PR,A333,Airbus A330-343,RP-C8765,Departed 01:59,2026-08-11 05:32:51
DPS,departures,2026-08-10,23:55,,MU5030,,PVG,Shanghai Pudong International Airport,China Eastern Airlines,MU,333,,,Canceled,2026-08-11 05:32:51
KNO,arrivals,2026-08-10,07:15,07:02,JT200,LNI200,CGK,Jakarta Soekarno Hatta International Airport,Lion Air,JT,B39M,Boeing 737 MAX 9,PK-LRI,Landed 07:02,2026-08-11 05:34:03
KNO,arrivals,2026-08-10,07:40,07:30,IW1265,WON1265,GNS,Gunung Sitoli Binaka Airport,Wings Air,IW,AT76,ATR 72-600,PK-WHT,Landed 07:30,2026-08-11 05:34:03
KNO,arrivals,2026-08-10,07:50,07:43,QG910,CTV910,CGK,Jakarta Soekarno Hatta International Airport,Citilink,QG,A320,Airbus A320-214,PK-GLY,Landed 07:43,2026-08-11 05:34:03
KNO,arrivals,2026-08-10,08:00,07:51,SQ990,SIA990,SIN,Singapore Changi Airport,Singapore Airlines,SQ,B38M,Boeing 737 MAX 8,9V-MBO,Landed 07:51,2026-08-11 05:34:03
KNO,arrivals,2026-08-10,08:20,08:09,QZ107,AWQ107,PEN,Penang International Airport,AirAsia,AK,A320,Airbus A320-214,PK-AZI,Landed 08:09,2026-08-11 05:34:03
KNO,arrivals,2026-08-10,08:20,08:34,IW1213,WON1213,BTJ,Banda Aceh International Airport,Wings Air,IW,AT76,ATR 72-600,PK-WHF,Landed 08:34,2026-08-11 05:34:03
KNO,arrivals,2026-08-10,08:25,,IW1267,,GNS,Gunung Sitoli Binaka Airport,Wings Air,IW,AT7,,,Canceled,2026-08-11 05:34:03
KNO,arrivals,2026-08-10,08:35,08:24,QG10,CTV010,HLP,Jakarta Halim Perdanakusuma Airport,Citilink,QG,A320,Airbus A320-214,PK-GLK,Landed 08:24,2026-08-11 05:34:03
KNO,arrivals,2026-08-10,08:35,08:39,IP300,PAS300,CGK,Jakarta Soekarno Hatta International Airport,Pelita Air,IP,A320,Airbus A320-214,PK-PWE,Landed 08:39,2026-08-11 05:34:03
KNO,arrivals,2026-08-10,08:40,08:29,QZ125,AWQ125,KUL,Kuala Lumpur International Airport,AirAsia,AK,A320,Airbus A320-216,PK-AZT,Landed 08:29,2026-08-11 05:34:03
KNO,arrivals,2026-08-10,08:50,08:45,JT85,LNI085,JED,Jeddah King Abdulaziz International Airport,Lion Air,JT,A339,Airbus A330-941,PK-LEU,Landed 08:45,2026-08-11 05:34:03
KNO,arrivals,2026-08-10,09:05,08:52,QG924,CTV924,BTH,Batam Hang Nadim Airport,Citilink,QG,A320,Airbus A320-214,PK-GLO,Landed 08:52,2026-08-11 05:34:03
KNO,arrivals,2026-08-10,09:15,09:24,ID7263,BTK7263,KUL,Kuala Lumpur International Airport,Batik Air,ID,B738,Boeing 737-8GP,PK-LZZ,Landed 09:24,2026-08-11 05:34:03
KNO,arrivals,2026-08-10,09:15,09:09,ID7011,BTK7011,CGK,Jakarta Soekarno Hatta International Airport,Batik Air,ID,A320,Airbus A320-214,PK-LAY,Landed 09:09,2026-08-11 05:34:03
KNO,arrivals,2026-08-10,09:20,09:06,IU862,SJV862,PDG,Padang Minangkabau International Airport,Super Air Jet,IU,A320,Airbus A320-232,PK-SJU,Landed 09:06,2026-08-11 05:34:03
KNO,arrivals,2026-08-10,09:30,09:15,GA182,GIA182,CGK,Jakarta Soekarno Hatta International Airport,Garuda Indonesia,GA,B738,Boeing 737-8SH,PK-GUE,Landed 09:15,2026-08-11 05:34:03
KNO,arrivals,2026-08-10,09:30,09:20,ID6879,BTK6879,DJB,Jambi Sultan Thaha Airport,Batik Air,ID,A320,Airbus A320-232,PK-BLA,Landed 09:20,2026-08-11 05:34:03
KNO,arrivals,2026-08-10,09:45,09:32,JT964,LNI964,YIA,Yogyakarta International Airport,Lion Air,JT,B739,Boeing 737-9GP(ER),PK-LQS,Landed 09:32,2026-08-11 05:34:03
KNO,arrivals,2026-08-10,10:20,10:08,QG912,CTV912,CGK,Jakarta Soekarno Hatta International Airport,Citilink,QG,A320,Airbus A320-214,PK-GLR,Landed 10:08,2026-08-11 05:34:03
KNO,arrivals,2026-08-10,10:20,,JT204,,CGK,Jakarta Soekarno Hatta International Airport,Lion Air,JT,739,,,Unknown,2026-08-11 05:34:03
KNO,arrivals,2026-08-10,10:30,10:17,IU964,SJV964,PLM,Palembang International Airport,Super Air Jet,IU,A320,Airbus A320-232,PK-SAO,Landed 10:17,2026-08-11 05:34:03
KNO,arrivals,2026-08-10,10:30,10:22,AK391,AXM391,KUL,Kuala Lumpur International Airport,AirAsia,AK,A320,Airbus A320-214,9M-AFE,Landed 10:22,2026-08-11 05:34:03
KNO,arrivals,2026-08-10,10:45,10:39,IW1249,WON1249,GNS,Gunung Sitoli Binaka Airport,Wings Air,IW,AT76,ATR 72-600,PK-WHT,Landed 10:39,2026-08-11 05:34:03
KNO,arrivals,2026-08-10,10:55,11:14,JT135,LNI135,PEN,Penang International Airport,Lion Air,JT,B739,Boeing 737-9GP(ER),PK-LFZ,Landed 11:14,2026-08-11 05:34:03
KNO,arrivals,2026-08-10,11:20,10:52,QZ103,AWQ103,PEN,Penang International Airport,AirAsia,AK,A320,Airbus A320-214,PK-AZI,Landed 10:52,2026-08-11 05:34:03
KNO,arrivals,2026-08-10,11:20,11:34,IW1251,WON1251,LSW,Lhokseumawe Malikus Saleh Airport,Wings Air,IW,AT76,ATR 72-600,PK-WHF,Landed 11:34,2026-08-11 05:34:03
KNO,arrivals,2026-08-10,11:30,11:20,JT971,LNI971,BTH,Batam Hang Nadim Airport,Lion Air,JT,B739,Boeing 737-9GP(ER),PK-LJG,Landed 11:20,2026-08-11 05:34:03
KNO,arrivals,2026-08-10,11:55,11:49,GA184,GIA184,CGK,Jakarta Soekarno Hatta International Airport,Garuda Indonesia,GA,B738,Boeing 737-8U3,PK-GMI,Landed 11:49,2026-08-11 05:34:03
KNO,arrivals,2026-08-10,12:10,11:51,QZ121,AWQ121,KUL,Kuala Lumpur International Airport,AirAsia,AK,A320,Airbus A320-216,PK-AZT,Landed 11:51,2026-08-11 05:34:03
KNO,arrivals,2026-08-10,12:20,,JT873,,CGK,Jakarta Soekarno Hatta International Airport,Lion Air,JT,739,,,Unknown,2026-08-11 05:34:03
KNO,arrivals,2026-08-10,12:20,13:19,JT206,LNI206,CGK,Jakarta Soekarno Hatta International Airport,Lion Air,JT,B739,Boeing 737-9GP(ER),PK-LHR,Landed 13:19,2026-08-11 05:34:03
KNO,arrivals,2026-08-10,13:00,13:10,IU832,SJV832,PKU,Pekanbaru Sultan Syarif Kasim II Airport,Super Air Jet,IU,A320,Airbus A320-232,PK-SJU,Landed 13:10,2026-08-11 05:34:03
KNO,arrivals,2026-08-10,13:10,13:56,JT139,LNI139,PEN,Penang International Airport,Lion Air,JT,B739,Boeing 737-9GP(ER),PK-LQS,Landed 13:56,2026-08-11 05:34:03
KNO,arrivals,2026-08-10,13:40,13:35,QG916,CTV916,CGK,Jakarta Soekarno Hatta International Airport,Citilink,QG,A320,Airbus A320-214,PK-GQE,Landed 13:35,2026-08-11 05:34:03
KNO,arrivals,2026-08-10,14:00,13:51,GA186,GIA186,CGK,Jakarta Soekarno Hatta International Airport,Garuda Indonesia,GA,B738,Boeing 737-8U3,PK-GMY,Landed 13:51,2026-08-11 05:34:03
KNO,arrivals,2026-08-10,14:05,14:46,IW1259,WON1259,FLZ,Sibolga Ferdinand Lumban Tobing Airport,Wings Air,IW,AT76,ATR 72-600,PK-WHF,Landed 14:46,2026-08-11 05:34:03
KNO,arrivals,2026-08-10,14:35,14:12,ID7146,BTK7146,SIN,Singapore Changi Airport,Batik Air,ID,A320,Airbus A320-214,PK-LAY,Landed 14:12,2026-08-11 05:34:03
KNO,arrivals,2026-08-10,14:35,14:46,AK397,AXM397,KUL,Kuala Lumpur International Airport,AirAsia (Universiti Putra Malaysia Livery),AK,A320,Airbus A320-216,9M-AQD,Landed 14:46,2026-08-11 05:34:03
KNO,arrivals,2026-08-10,14:50,14:51,IP302,PAS302,CGK,Jakarta Soekarno Hatta International Airport,Pelita Air,IP,A320,Airbus A320-232,PK-PWL,Landed 14:51,2026-08-11 05:34:03
KNO,arrivals,2026-08-10,15:00,14:58,MH864,MAS864,KUL,Kuala Lumpur International Airport,Malaysia Airlines,MH,B738,Boeing 737-8H6,9M-MXO,Landed 14:58,2026-08-11 05:34:03
KNO,arrivals,2026-08-10,15:15,15:09,TR244,TGW244,SIN,Singapore Changi Airport,Scoot,TR,A320,Airbus A320-232,9V-TRO,Landed 15:09,2026-08-11 05:34:03
KNO,arrivals,2026-08-10,15:20,15:15,QG918,CTV918,CGK,Jakarta Soekarno Hatta International Airport,Citilink,QG,A320,Airbus A320-214,PK-GQS,Landed 15:15,2026-08-11 05:34:03
KNO,arrivals,2026-08-10,15:30,15:04,QZ129,AWQ129,KUL,Kuala Lumpur International Airport,AirAsia,AK,A320,Airbus A320-216,PK-AZT,Landed 15:04,2026-08-11 05:34:03
KNO,arrivals,2026-08-10,15:30,17:36,JT210,LNI210,CGK,Jakarta Soekarno Hatta International Airport,Lion Air (80th 737NG Livery),JT,B738,Boeing 737-8GP,PK-LKP,Landed 17:36,2026-08-11 05:34:03
KNO,arrivals,2026-08-10,15:40,13:32,IW1247,WON1247,GNS,Gunung Sitoli Binaka Airport,Wings Air,IW,AT76,ATR 72-600,PK-WJV,Landed 13:32,2026-08-11 05:34:03
KNO,arrivals,2026-08-10,16:00,,JT973,,BTH,Batam Hang Nadim Airport,Lion Air,JT,B739,Boeing 737-9GP(ER),PK-LHS,Unknown,2026-08-11 05:34:03
KNO,arrivals,2026-08-10,16:00,15:54,GA118,GIA118,CGK,Jakarta Soekarno Hatta International Airport,Garuda Indonesia,GA,B738,Boeing 737-8BK,PK-GFG,Landed 15:54,2026-08-11 05:34:03
KNO,arrivals,2026-08-10,16:05,15:58,QG922,CTV922,BTH,Batam Hang Nadim Airport,Citilink,QG,A320,Airbus A320-214,PK-GLO,Landed 15:58,2026-08-11 05:34:03
KNO,arrivals,2026-08-10,16:20,16:53,QZ155,AWQ155,DMK,Bangkok Don Mueang International Airport,AirAsia,AK,A320,Airbus A320-214,PK-AZI,Landed 16:53,2026-08-11 05:34:03
KNO,arrivals,2026-08-10,16:20,,JT212,,CGK,Jakarta Soekarno Hatta International Airport,Lion Air,JT,739,,,Unknown,2026-08-11 05:34:03
KNO,arrivals,2026-08-10,16:30,,SQS141,,LKI,Sinabang Lasikin Airport,Susi Air,,CNC,,,Unknown,2026-08-11 05:34:03
KNO,arrivals,2026-08-10,16:35,17:44,JT133,LNI133,PEN,Penang International Airport,Lion Air,JT,B739,Boeing 737-9GP(ER),PK-LQS,Landed 17:44,2026-08-11 05:34:03
KNO,arrivals,2026-08-10,16:40,16:33,QG978,CTV978,CGK,Jakarta Soekarno Hatta International Airport,Citilink (Tiket.com Livery),QG,A320,Airbus A320-214,PK-GLZ,Landed 16:33,2026-08-11 05:34:03
KNO,arrivals,2026-08-10,17:00,16:38,IW1269,WON1269,GNS,Gunung Sitoli Binaka Airport,Wings Air,IW,AT76,ATR 72-600,PK-WJV,Landed 16:38,2026-08-11 05:34:03
KNO,arrivals,2026-08-10,17:05,19:03,ID7261,BTK7261,KUL,Kuala Lumpur International Airport,Batik Air,ID,B738,Boeing 737-8U3,PK-BGF,Landed 19:03,2026-08-11 05:34:03
KNO,arrivals,2026-08-10,17:15,17:19,ID6886,BTK6886,CGK,Jakarta Soekarno Hatta International Airport,Batik Air,ID,A320,Airbus A320-214,PK-LAM,Landed 17:19,2026-08-11 05:34:03
KNO,arrivals,2026-08-10,17:25,17:12,AK393,AXM393,KUL,Kuala Lumpur International Airport,AirAsia,AK,A320,Airbus A320-214,9M-AHV,Landed 17:12,2026-08-11 05:34:03
KNO,arrivals,2026-08-10,17:35,21:13,IP306,PAS306,CGK,Jakarta Soekarno Hatta International Airport,Pelita Air,IP,A320,Airbus A320-232,PK-PWL,Landed 21:13,2026-08-11 05:34:03
KNO,arrivals,2026-08-10,18:15,,3Y6014,,CGK,Jakarta Soekarno Hatta International Airport,My Indo Airlines,3Y,73Y,,,Unknown,2026-08-11 05:34:03
KNO,arrivals,2026-08-10,18:20,18:02,QZ109,AWQ109,PEN,Penang International Airport,AirAsia,AK,A320,Airbus A320-216,PK-AZT,Landed 18:02,2026-08-11 05:34:03
KNO,arrivals,2026-08-10,18:20,18:07,JT300,LNI300,CGK,Jakarta Soekarno Hatta International Airport,Lion Air,JT,B39M,Boeing 737 MAX 9,PK-LRH,Landed 18:07,2026-08-11 05:34:03
KNO,arrivals,2026-08-10,18:25,18:16,QG886,CTV886,CGK,Jakarta Soekarno Hatta International Airport,Citilink,QG,A320,Airbus A320-214,PK-GQO,Landed 18:16,2026-08-11 05:34:03
KNO,arrivals,2026-08-10,19:00,19:07,GA190,GIA190,CGK,Jakarta Soekarno Hatta International Airport,Garuda Indonesia,GA,B738,Boeing 737-8U3,PK-GNG,Landed 19:07,2026-08-11 05:34:03
KNO,arrivals,2026-08-10,19:15,19:58,QZ131,AWQ131,KUL,Kuala Lumpur International Airport,AirAsia,AK,A320,Airbus A320-214,PK-AZI,Landed 19:58,2026-08-11 05:34:03
KNO,arrivals,2026-08-10,19:20,19:38,JT208,LNI208,CGK,Jakarta Soekarno Hatta International Airport,Lion Air,JT,B739,Boeing 737-9GP(ER),PK-LHR,Landed 19:38,2026-08-11 05:34:03
KNO,arrivals,2026-08-10,19:20,,JT173,,CGK,Jakarta Soekarno Hatta International Airport,Lion Air,JT,738,,,Unknown,2026-08-11 05:34:03
KNO,arrivals,2026-08-10,19:35,19:13,SQ994,SIA994,SIN,Singapore Changi Airport,Singapore Airlines,SQ,B38M,Boeing 737 MAX 8,9V-MBE,Landed 19:13,2026-08-11 05:34:03
KNO,arrivals,2026-08-10,19:55,19:44,IU948,SJV948,CGK,Jakarta Soekarno Hatta International Airport,Super Air Jet,IU,A320,Airbus A320-232,PK-SJR,Landed 19:44,2026-08-11 05:34:03
KNO,arrivals,2026-08-10,20:00,18:18,IU997,SJV997,BTJ,Banda Aceh International Airport,Super Air Jet,IU,A320,Airbus A320-232,PK-SAG,Landed 18:18,2026-08-11 05:34:03
KNO,arrivals,2026-08-10,20:25,,JT308,,CGK,Jakarta Soekarno Hatta International Airport,Lion Air,JT,739,,,Unknown,2026-08-11 05:34:03
KNO,arrivals,2026-08-10,20:40,20:25,JT989,LNI989,BTH,Batam Hang Nadim Airport,Lion Air,JT,B739,Boeing 737-9GP(ER),PK-LHS,Landed 20:25,2026-08-11 05:34:03
KNO,arrivals,2026-08-10,20:50,20:41,QG914,CTV914,CGK,Jakarta Soekarno Hatta International Airport,Citilink,QG,A320,Airbus A320-214,PK-GLV,Landed 20:41,2026-08-11 05:34:03
KNO,arrivals,2026-08-10,21:15,21:06,ID6884,BTK6884,CGK,Jakarta Soekarno Hatta International Airport,Batik Air,ID,A320,Airbus A320-214,PK-LAZ,Landed 21:06,2026-08-11 05:34:03
KNO,arrivals,2026-08-10,21:15,,ID6205,,CGK,Jakarta Soekarno Hatta International Airport,Batik Air,ID,32A,,,Unknown,2026-08-11 05:34:03
KNO,arrivals,2026-08-10,21:25,,ID7265,,KUL,Kuala Lumpur International Airport,Batik Air,ID,738,,,Unknown,2026-08-11 05:34:03
KNO,arrivals,2026-08-10,21:40,21:26,GA196,GIA196,CGK,Jakarta Soekarno Hatta International Airport,Garuda Indonesia,GA,B738,Boeing 737-8U3,PK-GNM,Landed 21:26,2026-08-11 05:34:03
KNO,arrivals,2026-08-10,22:20,22:04,QG882,CTV882,CGK,Jakarta Soekarno Hatta International Airport,Citilink,QG,A320,Airbus A320-214,PK-GLT,Landed 22:04,2026-08-11 05:34:03
KNO,arrivals,2026-08-10,22:20,23:38,JT306,LNI306,CGK,Jakarta Soekarno Hatta International Airport,Lion Air (80th 737NG Livery),JT,B738,Boeing 737-8GP,PK-LKP,Landed 23:38,2026-08-11 05:34:03
KNO,arrivals,2026-08-10,22:35,,RI120,,CGK,Jakarta Soekarno Hatta International Airport,Rimbun Air,RI,73Y,,,Unknown,2026-08-11 05:34:03
KNO,departures,2026-08-10,00:10,,RI121,,CGK,Jakarta Soekarno Hatta International Airport,Rimbun Air,RI,73Y,,,Unknown,2026-08-11 05:34:25
KNO,departures,2026-08-10,05:00,05:06,QG911,CTV911,CGK,Jakarta Soekarno Hatta International Airport,Citilink,QG,A320,Airbus A320-214,PK-GQG,Departed 05:06,2026-08-11 05:34:25
KNO,departures,2026-08-10,05:30,05:41,ID6885,BTK6885,CGK,Jakarta Soekarno Hatta International Airport,Batik Air,ID,A320,Airbus A320-214,PK-BKU,Departed 05:41,2026-08-11 05:34:25
KNO,departures,2026-08-10,06:00,05:44,QZ106,AWQ106,PEN,Penang International Airport,AirAsia,AK,A320,Airbus A320-214,PK-AZI,Departed 05:44,2026-08-11 05:34:25
KNO,departures,2026-08-10,06:00,05:37,JT209,LNI209,CGK,Jakarta Soekarno Hatta International Airport,Lion Air,JT,B739,Boeing 737-9GP(ER),PK-LHP,Departed 05:37,2026-08-11 05:34:25
KNO,departures,2026-08-10,06:00,06:00,JT170,,CGK,Jakarta Soekarno Hatta International Airport,Lion Air,JT,738,,,Estimated dep 06:00*,2026-08-11 05:34:25
KNO,departures,2026-08-10,06:00,06:27,ID7264,BTK7264,KUL,Kuala Lumpur International Airport,Batik Air,ID,B738,Boeing 737-8GP,PK-LZZ,Departed 06:27,2026-08-11 05:34:25
KNO,departures,2026-08-10,06:00,06:14,GA183,GIA183,CGK,Jakarta Soekarno Hatta International Airport,Garuda Indonesia,GA,B738,Boeing 737-8U3,PK-GMI,Departed 06:14,2026-08-11 05:34:25
KNO,departures,2026-08-10,06:10,06:11,QZ124,AWQ124,KUL,Kuala Lumpur International Airport,AirAsia,AK,A320,Airbus A320-216,PK-AZT,Departed 06:11,2026-08-11 05:34:25
KNO,departures,2026-08-10,06:30,,SQS140,,LKI,Sinabang Lasikin Airport,Susi Air,,CNC,,,Unknown,2026-08-11 05:34:25
KNO,departures,2026-08-10,06:30,09:20,JT988,LNI988,BTH,Batam Hang Nadim Airport,Lion Air (80th 737NG Livery),JT,B738,Boeing 737-8GP,PK-LKP,Departed 09:20,2026-08-11 05:34:25
KNO,departures,2026-08-10,06:30,06:30,JT970,,BTH,Batam Hang Nadim Airport,Lion Air,JT,738,,,Estimated dep 06:30*,2026-08-11 05:34:25
KNO,departures,2026-08-10,07:00,07:18,IW1266,WON1266,GNS,Gunung Sitoli Binaka Airport,Wings Air,IW,AT76,ATR 72-600,PK-WJV,Departed 07:18,2026-08-11 05:34:25
KNO,departures,2026-08-10,07:00,07:10,IU899,SJV899,CGK,Jakarta Soekarno Hatta International Airport,Super Air Jet,IU,A320,Airbus A320-232,PK-SJC,Departed 07:10,2026-08-11 05:34:25
KNO,departures,2026-08-10,08:00,08:18,JT201,LNI201,CGK,Jakarta Soekarno Hatta International Airport,Lion Air,JT,B39M,Boeing 737 MAX 9,PK-LRI,Departed 08:18,2026-08-11 05:34:25
KNO,departures,2026-08-10,08:05,08:24,IW1248,WON1248,GNS,Gunung Sitoli Binaka Airport,Wings Air,IW,AT76,ATR 72-600,PK-WHT,Departed 08:24,2026-08-11 05:34:25
KNO,departures,2026-08-10,08:10,08:29,JT134,LNI134,PEN,Penang International Airport,Lion Air,JT,B739,Boeing 737-9GP(ER),PK-LFZ,Departed 08:29,2026-08-11 05:34:25
KNO,departures,2026-08-10,08:20,08:35,QG883,CTV883,CGK,Jakarta Soekarno Hatta International Airport,Citilink,QG,A320,Airbus A320-214,PK-GLY,Departed 08:35,2026-08-11 05:34:25
KNO,departures,2026-08-10,08:45,,QZ154,,DMK,Bangkok Don Mueang International Airport,Indonesia AirAsia,QZ,320,,,Unknown,2026-08-11 05:34:25
KNO,departures,2026-08-10,08:45,09:27,IW1250,WON1250,LSW,Lhokseumawe Malikus Saleh Airport,Wings Air,IW,AT76,ATR 72-600,PK-WHF,Departed 09:27,2026-08-11 05:34:25
KNO,departures,2026-08-10,08:50,09:16,SQ991,SIA991,SIN,Singapore Changi Airport,Singapore Airlines,SQ,B38M,Boeing 737 MAX 8,9V-MBO,Departed 09:16,2026-08-11 05:34:25
KNO,departures,2026-08-10,09:00,08:55,QZ102,AWQ102,PEN,Penang International Airport,AirAsia,AK,A320,Airbus A320-214,PK-AZI,Departed 08:55,2026-08-11 05:34:25
KNO,departures,2026-08-10,09:20,09:25,QZ120,AWQ120,KUL,Kuala Lumpur International Airport,AirAsia,AK,A320,Airbus A320-216,PK-AZT,Departed 09:25,2026-08-11 05:34:25
KNO,departures,2026-08-10,09:20,09:32,QG11,CTV011,HLP,Jakarta Halim Perdanakusuma Airport,Citilink,QG,A320,Airbus A320-214,PK-GLK,Departed 09:32,2026-08-11 05:34:25
KNO,departures,2026-08-10,09:20,09:38,IP301,PAS301,CGK,Jakarta Soekarno Hatta International Airport,Pelita Air,IP,A320,Airbus A320-214,PK-PWE,Departed 09:38,2026-08-11 05:34:25
KNO,departures,2026-08-10,09:35,09:42,QG925,CTV925,BTH,Batam Hang Nadim Airport,Citilink,QG,A320,Airbus A320-214,PK-GLO,Departed 09:42,2026-08-11 05:34:25
KNO,departures,2026-08-10,10:00,10:44,IU833,SJV833,PKU,Pekanbaru Sultan Syarif Kasim II Airport,Super Air Jet,IU,A320,Airbus A320-232,PK-SJU,Departed 10:44,2026-08-11 05:34:25
KNO,departures,2026-08-10,10:00,10:56,ID7010,BTK7010,CGK,Jakarta Soekarno Hatta International Airport,Batik Air,ID,A320,Airbus A320-232,PK-BLA,Departed 10:56,2026-08-11 05:34:25
KNO,departures,2026-08-10,10:25,11:24,JT138,LNI138,PEN,Penang International Airport,Lion Air,JT,B739,Boeing 737-9GP(ER),PK-LQS,Departed 11:24,2026-08-11 05:34:25
KNO,departures,2026-08-10,10:25,10:29,GA185,GIA185,CGK,Jakarta Soekarno Hatta International Airport,Garuda Indonesia,GA,B738,Boeing 737-8SH,PK-GUE,Departed 10:29,2026-08-11 05:34:25
KNO,departures,2026-08-10,10:30,10:34,ID7147,BTK7147,SIN,Singapore Changi Airport,Batik Air,ID,A320,Airbus A320-214,PK-LAY,Departed 10:34,2026-08-11 05:34:25
KNO,departures,2026-08-10,10:50,11:03,QG913,CTV913,CGK,Jakarta Soekarno Hatta International Airport,Citilink,QG,A320,Airbus A320-214,PK-GLR,Departed 11:03,2026-08-11 05:34:25
KNO,departures,2026-08-10,10:55,11:22,AK390,AXM390,KUL,Kuala Lumpur International Airport,AirAsia,AK,A320,Airbus A320-214,9M-AFE,Departed 11:22,2026-08-11 05:34:25
KNO,departures,2026-08-10,11:00,,JT211,,CGK,Jakarta Soekarno Hatta International Airport,Lion Air,JT,739,,,Unknown,2026-08-11 05:34:25
KNO,departures,2026-08-10,11:10,11:31,IW1244,WON1244,GNS,Gunung Sitoli Binaka Airport,Wings Air,IW,AT76,ATR 72-600,PK-WHT,Departed 11:31,2026-08-11 05:34:25
KNO,departures,2026-08-10,11:35,11:37,IU965,SJV965,PLM,Palembang International Airport,Super Air Jet,IU,A320,Airbus A320-232,PK-SAO,Departed 11:37,2026-08-11 05:34:25
KNO,departures,2026-08-10,11:45,12:31,IW1258,WON1258,FLZ,Sibolga Ferdinand Lumban Tobing Airport,Wings Air,IW,AT76,ATR 72-600,PK-WHF,Departed 12:31,2026-08-11 05:34:25
KNO,departures,2026-08-10,11:50,12:00,QZ154,AWQ154,DMK,Bangkok Don Mueang International Airport,AirAsia,AK,A320,Airbus A320-214,PK-AZI,Departed 12:00,2026-08-11 05:34:25
KNO,departures,2026-08-10,12:00,12:15,JT303,LNI303,CGK,Jakarta Soekarno Hatta International Airport,Lion Air,JT,B739,Boeing 737-9GP(ER),PK-LFZ,Departed 12:15,2026-08-11 05:34:25
KNO,departures,2026-08-10,12:10,12:25,JT972,LNI972,BTH,Batam Hang Nadim Airport,Lion Air,JT,B739,Boeing 737-9GP(ER),PK-LJG,Departed 12:25,2026-08-11 05:34:25
KNO,departures,2026-08-10,12:50,13:11,GA187,GIA187,CGK,Jakarta Soekarno Hatta International Airport,Garuda Indonesia,GA,B738,Boeing 737-8U3,PK-GMI,Departed 13:11,2026-08-11 05:34:25
KNO,departures,2026-08-10,12:55,12:50,QZ128,AWQ128,KUL,Kuala Lumpur International Airport,AirAsia,AK,A320,Airbus A320-216,PK-AZT,Departed 12:50,2026-08-11 05:34:25
KNO,departures,2026-08-10,13:00,14:32,JT385,LNI385,CGK,Jakarta Soekarno Hatta International Airport,Lion Air,JT,B739,Boeing 737-9GP(ER),PK-LHR,Departed 14:32,2026-08-11 05:34:25
KNO,departures,2026-08-10,13:00,14:24,IW1262,WON1262,GNS,Gunung Sitoli Binaka Airport,Wings Air,IW,AT76,ATR 72-600,PK-WJV,Departed 14:24,2026-08-11 05:34:25
KNO,departures,2026-08-10,13:40,14:09,IU863,SJV863,PDG,Padang Minangkabau International Airport,Super Air Jet,IU,A320,Airbus A320-232,PK-SJU,Departed 14:09,2026-08-11 05:34:25
KNO,departures,2026-08-10,13:50,15:24,JT132,LNI132,PEN,Penang International Airport,Lion Air,JT,B739,Boeing 737-9GP(ER),PK-LQS,Departed 15:24,2026-08-11 05:34:25
KNO,departures,2026-08-10,14:10,14:36,QG919,CTV919,CGK,Jakarta Soekarno Hatta International Airport,Citilink,QG,A320,Airbus A320-214,PK-GQE,Departed 14:36,2026-08-11 05:34:25
KNO,departures,2026-08-10,14:45,15:00,IW1260,,GNS,Gunung Sitoli Binaka Airport,Wings Air,IW,AT76,ATR 72-600,PK-WHF,Estimated dep 15:00*,2026-08-11 05:34:25
KNO,departures,2026-08-10,15:00,15:46,AK396,AXM396,KUL,Kuala Lumpur International Airport,AirAsia (Universiti Putra Malaysia Livery),AK,A320,Airbus A320-216,9M-AQD,Departed 15:46,2026-08-11 05:34:25
KNO,departures,2026-08-10,15:05,15:19,GA189,GIA189,CGK,Jakarta Soekarno Hatta International Airport,Garuda Indonesia,GA,B738,Boeing 737-8U3,PK-GMY,Departed 15:19,2026-08-11 05:34:25
KNO,departures,2026-08-10,15:35,16:00,IP303,PAS303,CGK,Jakarta Soekarno Hatta International Airport,Pelita Air,IP,A320,Airbus A320-232,PK-PWL,Departed 16:00,2026-08-11 05:34:25
KNO,departures,2026-08-10,15:45,16:06,MH865,MAS865,KUL,Kuala Lumpur International Airport,Malaysia Airlines,MH,B738,Boeing 737-8H6,9M-MXO,Departed 16:06,2026-08-11 05:34:25
KNO,departures,2026-08-10,15:50,16:04,ID7260,BTK7260,KUL,Kuala Lumpur International Airport,Batik Air,ID,B738,Boeing 737-8GP,PK-LZZ,Departed 16:04,2026-08-11 05:34:25
KNO,departures,2026-08-10,16:00,16:12,TR245,TGW245,SIN,Singapore Changi Airport,Scoot,TR,A320,Airbus A320-232,9V-TRO,Departed 16:12,2026-08-11 05:34:25
KNO,departures,2026-08-10,16:00,16:08,QZ108,AWQ108,PEN,Penang International Airport,AirAsia,AK,A320,Airbus A320-216,PK-AZT,Departed 16:08,2026-08-11 05:34:25
KNO,departures,2026-08-10,16:05,17:25,IW1212,WON1212,BTJ,Banda Aceh International Airport,Wings Air,IW,AT76,ATR 72-600,PK-WJV,Departed 17:25,2026-08-11 05:34:25
KNO,departures,2026-08-10,16:10,18:39,JT309,LNI309,CGK,Jakarta Soekarno Hatta International Airport,Lion Air (80th 737NG Livery),JT,B738,Boeing 737-8GP,PK-LKP,Departed 18:39,2026-08-11 05:34:25
KNO,departures,2026-08-10,16:30,16:40,QG917,CTV917,CGK,Jakarta Soekarno Hatta International Airport,Citilink,QG,A320,Airbus A320-214,PK-GQS,Departed 16:40,2026-08-11 05:34:25
KNO,departures,2026-08-10,16:35,16:56,QG923,CTV923,BTH,Batam Hang Nadim Airport,Citilink,QG,A320,Airbus A320-214,PK-GLO,Departed 16:56,2026-08-11 05:34:25
KNO,departures,2026-08-10,16:40,,JT247,,BTH,Batam Hang Nadim Airport,Lion Air,JT,739,,,Unknown,2026-08-11 05:34:25
KNO,departures,2026-08-10,16:40,,JT977,,BTH,Batam Hang Nadim Airport,Lion Air,JT,739,,,Unknown,2026-08-11 05:34:25
KNO,departures,2026-08-10,16:40,,ID6878,,DJB,Jambi Sultan Thaha Airport,Batik Air,ID,32A,,,Unknown,2026-08-11 05:34:25
KNO,departures,2026-08-10,16:45,17:47,QZ130,AWQ130,KUL,Kuala Lumpur International Airport,AirAsia,AK,A320,Airbus A320-214,PK-AZI,Departed 17:47,2026-08-11 05:34:25
KNO,departures,2026-08-10,17:00,19:24,JT213,,CGK,Jakarta Soekarno Hatta International Airport,Lion Air,JT,739,,,Unknown,2026-08-11 05:34:25
KNO,departures,2026-08-10,17:00,17:09,GA121,GIA121,CGK,Jakarta Soekarno Hatta International Airport,Garuda Indonesia,GA,B738,Boeing 737-8BK,PK-GFG,Departed 17:09,2026-08-11 05:34:25
KNO,departures,2026-08-10,17:30,17:39,QG979,CTV979,CGK,Jakarta Soekarno Hatta International Airport,Citilink (Tiket.com Livery),QG,A320,Airbus A320-214,PK-GLZ,Departed 17:39,2026-08-11 05:34:25
KNO,departures,2026-08-10,17:50,18:04,AK392,AXM392,KUL,Kuala Lumpur International Airport,AirAsia,AK,A320,Airbus A320-214,9M-AHV,Departed 18:04,2026-08-11 05:34:25
KNO,departures,2026-08-10,18:00,,ID7262,,KUL,Kuala Lumpur International Airport,Batik Air,ID,738,,,Unknown,2026-08-11 05:34:25
KNO,departures,2026-08-10,18:00,18:23,ID6887,BTK6887,CGK,Jakarta Soekarno Hatta International Airport,Batik Air,ID,A320,Airbus A320-214,PK-LAM,Departed 18:23,2026-08-11 05:34:25
KNO,departures,2026-08-10,18:20,22:05,IP307,PAS307,CGK,Jakarta Soekarno Hatta International Airport,Pelita Air,IP,A320,Airbus A320-232,PK-PWL,Departed 22:05,2026-08-11 05:34:25
KNO,departures,2026-08-10,18:55,19:18,QG887,CTV887,CGK,Jakarta Soekarno Hatta International Airport,Citilink,QG,A320,Airbus A320-214,PK-GQO,Departed 19:18,2026-08-11 05:34:25
KNO,departures,2026-08-10,19:00,19:14,JT383,LNI383,CGK,Jakarta Soekarno Hatta International Airport,Lion Air,JT,B39M,Boeing 737 MAX 9,PK-LRH,Departed 19:14,2026-08-11 05:34:25
KNO,departures,2026-08-10,19:50,20:07,GA193,GIA193,CGK,Jakarta Soekarno Hatta International Airport,Garuda Indonesia,GA,B738,Boeing 737-8U3,PK-GNG,Departed 20:07,2026-08-11 05:34:25
KNO,departures,2026-08-10,20:05,,JT215,,CGK,Jakarta Soekarno Hatta International Airport,Lion Air,JT,738,,,Unknown,2026-08-11 05:34:25
KNO,departures,2026-08-10,20:25,20:19,SQ995,SIA995,SIN,Singapore Changi Airport,Singapore Airlines,SQ,B38M,Boeing 737 MAX 8,9V-MBE,Departed 20:19,2026-08-11 05:34:25
KNO,departures,2026-08-10,20:40,20:48,IU949,SJV949,CGK,Jakarta Soekarno Hatta International Airport,Super Air Jet,IU,A320,Airbus A320-232,PK-SJR,Departed 20:48,2026-08-11 05:34:25
KNO,departures,2026-08-10,20:45,20:56,3Y219,MYU219,PEN,Penang International Airport,My Indo Airlines,3Y,B734,Boeing 737-4B7(SF),PK-MYV,Departed 20:56,2026-08-11 05:34:25
KNO,departures,2026-08-10,21:30,21:34,QG915,CTV915,CGK,Jakarta Soekarno Hatta International Airport,Citilink,QG,A320,Airbus A320-214,PK-GLV,Departed 21:34,2026-08-11 05:34:25
KNO,departures,2026-08-10,21:45,,3Y6012,,HKG,Hong Kong International Airport,My Indo Airlines,3Y,73Y,,,Unknown,2026-08-11 05:34:25
KUL,arrivals,2026-08-10,00:00,23:39,MH2639,MAS2639,BKI,Kota Kinabalu International Airport,Malaysia Airlines,MH,B738,Boeing 737-8H6,9M-MLN,Landed 00:39,2026-08-11 05:39:51
KUL,arrivals,2026-08-10,00:00,23:52,AK5131,AXM5131,BKI,Kota Kinabalu International Airport,AirAsia,AK,A320,Airbus A320-216,9M-AGY,Landed 00:52,2026-08-11 05:39:51
KUL,arrivals,2026-08-10,00:00,23:56,AK123,AXM123,SZX,Shenzhen Bao'an International Airport,AirAsia,AK,A320,Airbus A320-214,9M-AHV,Landed 00:56,2026-08-11 05:39:51
KUL,arrivals,2026-08-10,00:15,01:08,PR529,PAL529,MNL,Manila Ninoy Aquino International Airport,Philippine Airlines,PR,A321,Airbus A321-231,RP-C9928,Landed 02:08,2026-08-11 05:39:51
KUL,arrivals,2026-08-10,00:20,00:40,AK375,AXM375,DPS,Denpasar Ngurah Rai International Airport,AirAsia,AK,A320,Airbus A320-216,9M-RAD,Landed 01:40,2026-08-11 05:39:51
KUL,arrivals,2026-08-10,00:30,00:01,CX733,CPA733,HKG,Hong Kong International Airport,Cathay Pacific,CX,A21N,Airbus A321-251NX,B-HPK,Landed 01:01,2026-08-11 05:39:51
KUL,arrivals,2026-08-10,00:30,00:11,MF857,CXA857,XMN,Xiamen Gaoqi International Airport,Xiamen Air,MF,B738,Boeing 737-85C,B-5631,Landed 01:11,2026-08-11 05:39:51
KUL,arrivals,2026-08-10,00:40,23:50,CZ8025,CSN8025,CGO,Zhengzhou Xinzheng International Airport,China Southern Airlines,CZ,B738,Boeing 737-81B,B-5715,Landed 00:50,2026-08-11 05:39:51
KUL,arrivals,2026-08-10,01:05,00:54,ZH333,CSZ333,SZX,Shenzhen Bao'an International Airport,Shenzhen Airlines,ZH,A320,Airbus A320-232,B-6935,Landed 01:54,2026-08-11 05:39:51
KUL,arrivals,2026-08-10,01:10,,3U9053,,NNG,Nanning Wuxu International Airport,Sichuan Airlines,3U,A321,Airbus A321-231(PCF),B-32JG,Unknown,2026-08-11 05:39:51
KUL,arrivals,2026-08-10,01:15,00:37,AK117,AXM117,CAN,Guangzhou Baiyun International Airport,AirAsia,AK,A21N,Airbus A321-251NX,9M-VAE,Landed 01:37,2026-08-11 05:39:51
KUL,arrivals,2026-08-10,01:20,01:56,G9802,ABY802,SHJ,Sharjah International Airport,Air Arabia,G9,A21N,Airbus A321-251NX(LR),A6-ATC,Landed 02:56,2026-08-11 05:39:51
KUL,arrivals,2026-08-10,01:25,06:46,AK607,AXM607,PER,Perth Airport,AirAsia,AK,A21N,Airbus A321-251NX,9M-VAD,Landed 07:46,2026-08-11 05:39:51
KUL,arrivals,2026-08-10,01:50,01:49,AK585,AXM585,MNL,Manila Ninoy Aquino International Airport,AirAsia,AK,A20N,Airbus A320-251N,9M-RAP,Landed 02:49,2026-08-11 05:39:51
KUL,arrivals,2026-08-10,02:05,01:11,SC8077,CDG8077,TNA,Jinan Yaoqiang International Airport,Shandong Airlines,SC,B38M,Boeing 737 MAX 8,B-205C,Landed 02:11,2026-08-11 05:39:51
KUL,arrivals,2026-08-10,02:05,02:02,BG386,BBC386,DAC,Dhaka Shahjalal International Airport,Biman Bangladesh Airlines,BG,B738,Boeing 737-83N,S2-AFL,Landed 03:02,2026-08-11 05:39:51
KUL,arrivals,2026-08-10,02:30,01:38,MU2565,CES2565,WUH,Wuhan Tianhe International Airport,China Eastern Airlines,MU,B738,Boeing 737-89P,B-1981,Landed 02:38,2026-08-11 05:39:51
KUL,arrivals,2026-08-10,02:45,04:33,TK175,THY175,SYD,Sydney Kingsford Smith Airport,Turkish Airlines,TK,A359,Airbus A350-941,TC-LGA,Landed 05:33,2026-08-11 05:39:51
KUL,arrivals,2026-08-10,03:15,03:30,MH805,MAS805,MNL,Manila Ninoy Aquino International Airport,Malaysia Airlines,MH,B38M,Boeing 737 MAX 8,9M-MVM,Landed 04:30,2026-08-11 05:39:51
KUL,arrivals,2026-08-10,03:20,03:27,RA415,RNA415,KTM,Kathmandu Tribhuvan International Airport,Nepal Airlines,RA,A320,Airbus A320-233,9N-AKX,Landed 04:27,2026-08-11 05:39:51
KUL,arrivals,2026-08-10,03:30,03:17,MH71,MAS71,NRT,Tokyo Narita International Airport,Malaysia Airlines (Oneworld Livery),MH,A333,Airbus A330-323,9M-MTO,Landed 04:17,2026-08-11 05:39:51
KUL,arrivals,2026-08-10,03:45,03:41,6E1031,IGO1031,MAA,Chennai International Airport,IndiGo,6E,A20N,Airbus A320-251N,VT-IQW,Landed 04:41,2026-08-11 05:39:51
KUL,arrivals,2026-08-10,03:45,05:51,OD224,MXD224,TRZ,Tiruchirappalli International Airport,Batik Air,ID,B738,Boeing 737-8GP,9M-LNV,Landed 06:51,2026-08-11 05:39:51
KUL,arrivals,2026-08-10,04:00,03:52,D7379,XAX379,TPE,Taipei Taoyuan International Airport,AirAsia,AK,A333,Airbus A330-343,9M-XXY,Landed 04:52,2026-08-11 05:39:51
KUL,arrivals,2026-08-10,04:00,04:48,OD181,MXD181,KTM,Kathmandu Tribhuvan International Airport,Batik Air,ID,B38M,Boeing 737 MAX 8,9M-LRT,Landed 05:48,2026-08-11 05:39:51
KUL,arrivals,2026-08-10,04:05,06:20,OD194,MXD194,PER,Perth Airport,Batik Air,ID,B738,Boeing 737-86N,9M-LDK,Landed 07:20,2026-08-11 05:39:51
KUL,arrivals,2026-08-10,04:05,03:47,AK46,AXM46,CMB,Colombo Bandaranaike International Airport,AirAsia,AK,A20N,Airbus A320-251N,9M-AGJ,Landed 04:47,2026-08-11 05:39:51
KUL,arrivals,2026-08-10,04:10,04:45,AK151,AXM151,WUH,Wuhan Tianhe International Airport,AirAsia,AK,A20N,Airbus A320-251N,9M-AGW,Landed 05:45,2026-08-11 05:39:51
KUL,arrivals,2026-08-10,04:10,04:22,MH140,MAS140,SYD,Sydney Kingsford Smith Airport,Malaysia Airlines,MH,A339,Airbus A330-941,9M-MNK,Landed 05:22,2026-08-11 05:39:51
KUL,arrivals,2026-08-10,04:10,03:55,AK70,AXM70,DAC,Dhaka Shahjalal International Airport,"AirAsia (3, 2,1, Take Off Livery)",AK,A21N,Airbus A321-251NX,9M-VAA,Landed 04:55,2026-08-11 05:39:51
KUL,arrivals,2026-08-10,04:10,04:04,AK22,AXM22,TRZ,Tiruchirappalli International Airport,AirAsia,AK,A20N,Airbus A320-251N,9M-AGH,Landed 05:04,2026-08-11 05:39:51
KUL,arrivals,2026-08-10,04:20,04:26,TK396,THY396,IST,Istanbul Airport,Turkish Airlines,TK,A359,Airbus A350-941,TC-LHD,Landed 05:26,2026-08-11 05:39:51
KUL,arrivals,2026-08-10,04:30,,YG9003,,HGH,Hangzhou Xiaoshan International Airport,YTO Cargo Airlines,YG,75F,,,Unknown,2026-08-11 05:39:51
KUL,arrivals,2026-08-10,04:30,04:11,AK38,AXM38,COK,Cochin International Airport,AirAsia,AK,A320,Airbus A320-214,9M-AJG,Landed 05:11,2026-08-11 05:39:51
KUL,arrivals,2026-08-10,04:35,04:19,AK64,AXM64,CCU,Kolkata Subhas Chandra Bose International Airport,AirAsia,AK,A320,Airbus A320-216,9M-AGZ,Landed 05:19,2026-08-11 05:39:51
KUL,arrivals,2026-08-10,04:40,04:29,MH115,MAS115,KTM,Kathmandu Tribhuvan International Airport,Malaysia Airlines,MH,B38M,Boeing 737 MAX 8,9M-MVP,Landed 05:29,2026-08-11 05:39:51
KUL,arrivals,2026-08-10,04:45,04:50,MH39,MAS039,ICN,Seoul Incheon International Airport,Malaysia Airlines (Malaysia Negaraku Livery),MH,A332,Airbus A330-223,9M-MTZ,Landed 05:50,2026-08-11 05:39:51
KUL,arrivals,2026-08-10,04:45,04:26,AK119,AXM119,CAN,Guangzhou Baiyun International Airport,AirAsia,AK,A320,Airbus A320-216,9M-AQP,Landed 05:26,2026-08-11 05:39:51
KUL,arrivals,2026-08-10,04:50,04:45,AI2386,AIC2386,DEL,Delhi Indira Gandhi International Airport,Air India,AI,A20N,Airbus A320-251N,VT-EXH,Landed 05:45,2026-08-11 05:39:51
KUL,arrivals,2026-08-10,05:00,05:01,MH128,MAS128,MEL,Melbourne Airport,Malaysia Airlines,MH,A339,Airbus A330-941,9M-MNI,Landed 06:01,2026-08-11 05:39:51
KUL,arrivals,2026-08-10,05:00,09:01,OD206,MXD206,DEL,Delhi Indira Gandhi International Airport,Batik Air,ID,B738,Boeing 737-86N,9M-LDT,Landed 10:01,2026-08-11 05:39:51
KUL,arrivals,2026-08-10,05:00,04:10,NH885,ANA885,HND,Tokyo Haneda International Airport,All Nippon Airways,NH,B788,Boeing 787-8 Dreamliner,JA831A,Landed 05:10,2026-08-11 05:39:51
KUL,arrivals,2026-08-10,05:00,03:50,MU7707,CES7707,NKG,Nanjing Lukou International Airport,China Eastern Airlines,MU,A20N,Airbus A320-251N,B-301Z,Landed 04:50,2026-08-11 05:39:51
KUL,arrivals,2026-08-10,05:05,,FM863,,PVG,Shanghai Pudong International Airport,Shanghai Airlines,FM,7M8,,,Canceled,2026-08-11 05:39:51
KUL,arrivals,2026-08-10,05:10,04:15,MH527,MAS527,TFU,Chengdu Tianfu International Airport,Malaysia Airlines,MH,B38M,Boeing 737 MAX 8,9M-MVK,Landed 05:15,2026-08-11 05:39:51
KUL,arrivals,2026-08-10,05:10,04:41,MH21,MAS21,CDG,Paris Charles de Gaulle Airport,Malaysia Airlines (Malaysia Negaraku Livery),MH,A359,Airbus A350-941,9M-MAC,Landed 05:41,2026-08-11 05:39:51
KUL,arrivals,2026-08-10,05:10,05:10,D7601,XAX601,ALA,Almaty International Airport,AirAsia,AK,A333,Airbus A330-343,9M-XBI,Landed 06:10,2026-08-11 05:39:51
KUL,arrivals,2026-08-10,05:10,04:59,AK52,AXM52,BLR,Bengaluru Kempegowda International Airport,AirAsia,AK,A20N,Airbus A320-251N,9M-AGQ,Landed 05:59,2026-08-11 05:39:51
KUL,arrivals,2026-08-10,05:10,07:59,OD242,MXD242,BLR,Bengaluru Kempegowda International Airport,Batik Air,ID,B738,Boeing 737-8GP,9M-LNP,Landed 08:59,2026-08-11 05:39:51
KUL,arrivals,2026-08-10,05:15,05:06,D7523,XAX523,HND,Tokyo Haneda International Airport,AirAsia,AK,A333,Airbus A330-343,9M-XXE,Landed 06:06,2026-08-11 05:39:51
KUL,arrivals,2026-08-10,05:20,04:56,TR456,TGW456,SIN,Singapore Changi Airport,Scoot,TR,A320,Airbus A320-232,9V-TRV,Landed 05:56,2026-08-11 05:39:51
KUL,arrivals,2026-08-10,05:20,05:43,MH178,MAS178,CMB,Colombo Bandaranaike International Airport,Malaysia Airlines,MH,B738,Boeing 737-8H6,9M-MXQ,Landed 06:43,2026-08-11 05:39:51
KUL,arrivals,2026-08-10,05:20,04:48,AK12,AXM12,MAA,Chennai International Airport,AirAsia,AK,A20N,Airbus A320-251N,9M-RAL,Landed 05:48,2026-08-11 05:39:51
KUL,arrivals,2026-08-10,05:25,04:52,AK104,AXM104,KMG,Kunming Changshui International Airport,AirAsia,AK,A20N,Airbus A320-251N,9M-AGL,Landed 05:52,2026-08-11 05:39:51
KUL,arrivals,2026-08-10,05:30,05:05,MH181,MAS181,MAA,Chennai International Airport,Malaysia Airlines,MH,B38M,Boeing 737 MAX 8,9M-MVF,Landed 06:05,2026-08-11 05:39:51
KUL,arrivals,2026-08-10,05:35,05:49,OD671,MXD671,KMG,Kunming Changshui International Airport,Batik Air,ID,B738,Boeing 737-8U3,9M-LDF,Landed 06:49,2026-08-11 05:39:51
KUL,arrivals,2026-08-10,05:45,05:13,MH523,MAS523,SZX,Shenzhen Bao'an International Airport,Malaysia Airlines,MH,B38M,Boeing 737 MAX 8,9M-MVL,Landed 06:13,2026-08-11 05:39:51
KUL,arrivals,2026-08-10,05:45,05:56,MH117,MAS117,TRV,Thiruvananthapuram International Airport,Malaysia Airlines,MH,B38M,Boeing 737 MAX 8,9M-MVI,Landed 06:56,2026-08-11 05:39:51
KUL,arrivals,2026-08-10,05:50,05:54,OD643,MXD643,CSX,Changsha Huanghua International Airport,Batik Air,ID,B38M,Boeing 737 MAX 8,9M-LRU,Landed 06:54,2026-08-11 05:39:51
KUL,arrivals,2026-08-10,05:50,05:21,MH521,MAS521,CSX,Changsha Huanghua International Airport,Malaysia Airlines,MH,B38M,Boeing 737 MAX 8,9M-MVJ,Landed 06:21,2026-08-11 05:39:51
KUL,arrivals,2026-08-10,05:50,05:41,MH486,MAS486,MLE,Male Velana International Airport,Malaysia Airlines,MH,B38M,Boeing 737 MAX 8,9M-MVS,Landed 06:41,2026-08-11 05:39:51
KUL,arrivals,2026-08-10,05:55,05:46,MH1137,MAS1137,PEN,Penang International Airport,Malaysia Airlines (Malaysia Negaraku Livery),MH,B738,Boeing 737-8H6,9M-MXV,Landed 06:46,2026-08-11 05:39:51
KUL,arrivals,2026-08-10,05:55,06:13,MH191,MAS191,DEL,Delhi Indira Gandhi International Airport,Malaysia Airlines (Malayan Tiger Livery),MH,A333,Airbus A330-323,9M-MTG,Landed 07:13,2026-08-11 05:39:51
KUL,arrivals,2026-08-10,06:00,06:26,OD161,MXD161,DAC,Dhaka Shahjalal International Airport,Batik Air,ID,B38M,Boeing 737 MAX 8,9M-LRK,Landed 07:26,2026-08-11 05:39:51
KUL,arrivals,2026-08-10,06:00,05:31,AK6115,AXM6115,PEN,Penang International Airport,AirAsia,AK,A320,Airbus A320-216,9M-DAG,Landed 06:31,2026-08-11 05:39:51
KUL,arrivals,2026-08-10,06:00,12:18,OD216,MXD216,BOM,Mumbai Chhatrapati Shivaji International Airport,Batik Air,ID,B738,Boeing 737-8U3,9M-LDG,Landed 13:18,2026-08-11 05:39:51
KUL,arrivals,2026-08-10,06:00,05:49,AK68,AXM68,HYD,Hyderabad Rajiv Gandhi International Airport,AirAsia,AK,A20N,Airbus A320-251N,9M-AGO,Landed 06:49,2026-08-11 05:39:51
KUL,arrivals,2026-08-10,06:05,06:10,AK8,AXM8,TRV,Thiruvananthapuram International Airport,AirAsia,AK,A20N,Airbus A320-251N,9M-AGN,Landed 07:10,2026-08-11 05:39:51
KUL,arrivals,2026-08-10,06:10,06:31,MH109,MAS109,COK,Cochin International Airport,Malaysia Airlines,MH,B38M,Boeing 737 MAX 8,9M-MVO,Landed 07:31,2026-08-11 05:39:51
KUL,arrivals,2026-08-10,06:10,05:59,FY2950,FFM2950,PEN,Penang International Airport,Firefly,FY,B738,Boeing 737-8FZ,9M-MLF,Landed 06:59,2026-08-11 05:39:51
KUL,arrivals,2026-08-10,06:15,06:35,MH185,MAS185,CCU,Kolkata Subhas Chandra Bose International Airport,Malaysia Airlines,MH,B738,Boeing 737-8H6,9M-MXL,Landed 07:35,2026-08-11 05:39:51
KUL,arrivals,2026-08-10,06:15,,D7331,,PVG,Shanghai Pudong International Airport,AirAsia (10 Xciting Years Livery),AK,A333,Airbus A330-343,9M-XXF,Unknown,2026-08-11 05:39:51
KUL,arrivals,2026-08-10,06:15,05:42,D7347,XAX347,XIY,Xi'an Xianyang International Airport,AirAsia (Visit Malaysia 2026 Truly Asia Sticker),AK,A333,Airbus A330-343,9M-XBF,Landed 06:42,2026-08-11 05:39:51
KUL,arrivals,2026-08-10,06:15,05:31,MH3,MAS3,LHR,London Heathrow Airport,Malaysia Airlines,MH,A359,Airbus A350-941,9M-MAD,Landed 06:31,2026-08-11 05:39:51
KUL,arrivals,2026-08-10,06:15,07:11,OD132,MXD132,LHE,Lahore Allama Iqbal International Airport,Batik Air,ID,B38M,Boeing 737 MAX 8,9M-LRD,Landed 08:11,2026-08-11 05:39:51
KUL,arrivals,2026-08-10,06:20,06:02,UL318,ALK318,CMB,Colombo Bandaranaike International Airport,SriLankan Airlines,UL,A320,Airbus A320-214,4R-ABN,Landed 07:02,2026-08-11 05:39:51
KUL,arrivals,2026-08-10,06:20,06:24,MH199,MAS199,HYD,Hyderabad Rajiv Gandhi International Airport,Malaysia Airlines,MH,B738,Boeing 737-8H6,9M-MXM,Landed 07:24,2026-08-11 05:39:51
KUL,arrivals,2026-08-10,06:20,05:57,AK129,AXM129,SZX,Shenzhen Bao'an International Airport,AirAsia,AK,A320,Airbus A320-216,9M-RAU,Landed 06:57,2026-08-11 05:39:51
KUL,arrivals,2026-08-10,06:25,06:23,MH726,MAS726,CGK,Jakarta Soekarno Hatta International Airport,Malaysia Airlines (Malaysia Negaraku Livery),MH,B738,Boeing 737-8H6,9M-MXF,Landed 07:23,2026-08-11 05:39:51
KUL,arrivals,2026-08-10,06:25,06:18,MH195,MAS195,BOM,Mumbai Chhatrapati Shivaji International Airport,Malaysia Airlines (Oneworld Livery),MH,A333,Airbus A330-323,9M-MTE,Landed 07:18,2026-08-11 05:39:51
KUL,arrivals,2026-08-10,06:30,06:10,MH2547,MAS2547,KCH,Kuching International Airport,Malaysia Airlines (Retro Livery),MH,B738,Boeing 737-8H6,9M-MLV,Landed 07:10,2026-08-11 05:39:51
KUL,arrivals,2026-08-10,06:30,06:32,MH193,MAS193,BLR,Bengaluru Kempegowda International Airport,Malaysia Airlines,MH,B38M,Boeing 737 MAX 8,9M-MVA,Landed 07:32,2026-08-11 05:39:51
KUL,arrivals,2026-08-10,06:35,,3U9101,,SZX,Shenzhen Bao'an International Airport,Sichuan Airlines,3U,321,,,Canceled,2026-08-11 05:39:51
KUL,arrivals,2026-08-10,06:35,06:29,MH1034,MAS1034,JHB,Johor Bahru Senai International Airport,Malaysia Airlines (Malaysia Negaraku Livery),MH,B738,Boeing 737-8H6,9M-MXU,Landed 07:29,2026-08-11 05:39:51
KUL,arrivals,2026-08-10,06:35,06:34,D7183,XAX183,DEL,Delhi Indira Gandhi International Airport,AirAsia (UFC Livery),AK,A333,Airbus A330-343,9M-XXD,Landed 07:34,2026-08-11 05:39:51
KUL,arrivals,2026-08-10,06:40,06:06,MH602,MAS602,SIN,Singapore Changi Airport,Malaysia Airlines,MH,B738,Boeing 737-8H6,9M-MLT,Landed 07:06,2026-08-11 05:39:51
KUL,arrivals,2026-08-10,06:45,08:05,OD673,MXD673,TFU,Chengdu Tianfu International Airport,Batik Air,ID,B738,Boeing 737-8GP,9M-LNQ,Landed 09:05,2026-08-11 05:39:51
KUL,arrivals,2026-08-10,06:45,,MH387,,PVG,Shanghai Pudong International Airport,Malaysia Airlines,MH,7M8,,,Canceled,2026-08-11 05:39:51
KUL,arrivals,2026-08-10,06:55,06:41,QR844,QTR90C,DOH,Doha Hamad International Airport,Qatar Airways (25 Years of Excellence Sticker),QR,B77W,Boeing 777-3DZ(ER),A7-BEE,Landed 07:41,2026-08-11 05:39:51
KUL,arrivals,2026-08-10,07:00,06:37,MH2637,MAS2637,BKI,Kota Kinabalu International Airport,Malaysia Airlines,MH,B738,Boeing 737-8H6,9M-MXT,Landed 07:37,2026-08-11 05:39:51
KUL,arrivals,2026-08-10,07:00,06:51,MH197,MAS197,DAC,Dhaka Shahjalal International Airport,Malaysia Airlines,MH,B38M,Boeing 737 MAX 8,9M-MVG,Landed 07:51,2026-08-11 05:39:51
KUL,arrivals,2026-08-10,07:00,07:18,MH126,MAS126,PER,Perth Airport,Malaysia Airlines,MH,A339,Airbus A330-941,9M-MNO,Landed 08:18,2026-08-11 05:39:51
KUL,arrivals,2026-08-10,07:05,06:52,QZ200,AWQ200,CGK,Jakarta Soekarno Hatta International Airport,AirAsia,AK,A320,Airbus A320-216,PK-AZO,Landed 07:52,2026-08-11 05:39:51
KUL,arrivals,2026-08-10,07:05,10:47,AK6145,AXM6145,PEN,Penang International Airport,AirAsia,AK,A320,Airbus A320-216,9M-RAU,Landed 11:47,2026-08-11 05:39:51
KUL,arrivals,2026-08-10,07:05,07:24,AK6052,AXM6052,JHB,Johor Bahru Senai International Airport,AirAsia,AK,A320,Airbus A320-216,9M-AGC,Landed 08:24,2026-08-11 05:39:51
KUL,arrivals,2026-08-10,07:10,06:57,SQ104,SIA104,SIN,Singapore Changi Airport,Singapore Airlines,SQ,B38M,Boeing 737 MAX 8,9V-MBI,Landed 07:57,2026-08-11 05:39:48
KUL,arrivals,2026-08-10,07:10,06:49,QZ124,AWQ124,KNO,Medan Kuala Namu International Airport,AirAsia,AK,A320,Airbus A320-216,PK-AZT,Landed 07:49,2026-08-11 05:39:48
KUL,arrivals,2026-08-10,07:10,06:54,ID8397,BTK8397,CGK,Jakarta Soekarno Hatta International Airport,Batik Air,ID,A320,Airbus A320-232,PK-BLB,Landed 07:54,2026-08-11 05:39:48
KUL,arrivals,2026-08-10,07:10,07:08,ID7264,BTK7264,KNO,Medan Kuala Namu International Airport,Batik Air,ID,B738,Boeing 737-8GP,PK-LZZ,Landed 08:08,2026-08-11 05:39:48
KUL,arrivals,2026-08-10,07:10,06:48,TK62,THY45M,IST,Istanbul Airport,Turkish Airlines,TK,A359,Airbus A350-941,TC-LGI,Landed 07:48,2026-08-11 05:39:48
KUL,arrivals,2026-08-10,07:10,06:59,WY821,OMA821,MCT,Muscat International Airport,Oman Air,WY,B789,Boeing 787-9 Dreamliner,A4O-SH,Landed 07:59,2026-08-11 05:39:48
KUL,arrivals,2026-08-10,07:15,,MH6177,,CAN,Guangzhou Baiyun International Airport,Malaysia Airlines,MH,33X,,,Unknown,2026-08-11 05:39:48
KUL,arrivals,2026-08-10,07:20,07:05,8B675,TNU675,CGK,Jakarta Soekarno Hatta International Airport,TransNusa,8B,A321,Airbus A321-211,PK-TLG,Landed 08:05,2026-08-11 05:39:48
KUL,arrivals,2026-08-10,07:25,07:47,EY488,ETD73G,AUH,Abu Dhabi Zayed International Airport,Etihad Airways,EY,B789,Boeing 787-9 Dreamliner,A6-BNC,Landed 08:47,2026-08-11 05:39:48
KUL,arrivals,2026-08-10,07:35,07:38,EK344,UAE65T,DXB,Dubai International Airport,Emirates,EK,B77W,Boeing 777-31H(ER),A6-EBR,Landed 08:38,2026-08-11 05:39:48
KUL,arrivals,2026-08-10,07:40,07:33,QZ320,AWQ320,SUB,Surabaya Juanda International Airport,AirAsia (Dnars Indonesia Livery),AK,A320,Airbus A320-216,PK-AZN,Landed 08:33,2026-08-11 05:39:48
KUL,arrivals,2026-08-10,07:40,07:30,MH2505,MAS2505,KCH,Kuching International Airport,Malaysia Airlines,MH,B738,Boeing 737-8H6,9M-MXS,Landed 08:30,2026-08-11 05:39:48
KUL,arrivals,2026-08-10,07:45,07:21,MH1133,MAS1133,PEN,Penang International Airport,Malaysia Airlines,MH,B738,Boeing 737-8H6,9M-MLO,Landed 08:21,2026-08-11 05:39:48
KUL,arrivals,2026-08-10,07:50,07:26,AK5231,AXM5231,KCH,Kuching International Airport,AirAsia (Longjack Orang Kampung Livery),AK,A320,Airbus A320-216,9M-AJA,Landed 08:26,2026-08-11 05:39:48
KUL,arrivals,2026-08-10,07:50,07:30,D7605,XAX605,SAW,Istanbul Sabiha Gokcen International Airport,AirAsia,AK,A333,Airbus A330-343,9M-XXZ,Landed 08:30,2026-08-11 05:39:48
KUL,arrivals,2026-08-10,08:00,07:36,MY5003,BNE5003,KCH,Kuching International Airport,AirBorneo,MY,B738,Boeing 737-8U3,9M-LCV,Landed 08:36,2026-08-11 05:39:48
KUL,arrivals,2026-08-10,08:00,07:47,AK700,AXM700,SIN,Singapore Changi Airport,AirAsia,AK,A21N,Airbus A321-251NX,9M-VAB,Landed 08:47,2026-08-11 05:39:48
KUL,arrivals,2026-08-10,08:10,,9C6921,,CAN,Guangzhou Baiyun International Airport,Spring Airlines,9C,320,,,Canceled,2026-08-11 05:39:48
KUL,arrivals,2026-08-10,08:10,07:42,MH797,MAS797,BKK,Bangkok Suvarnabhumi Airport,Malaysia Airlines,MH,B738,Boeing 737-8H6,9M-MXE,Landed 08:42,2026-08-11 05:39:48
KUL,arrivals,2026-08-10,08:10,08:13,AK6123,AXM6123,PEN,Penang International Airport,AirAsia,AK,A320,Airbus A320-216,9M-AGT,Landed 09:13,2026-08-11 05:39:48
KUL,arrivals,2026-08-10,08:25,08:09,AK6049,AXM6049,JHB,Johor Bahru Senai International Airport,AirAsia,AK,A20N,Airbus A320-251N,9M-AGQ,Landed 09:09,2026-08-11 05:39:48
KUL,arrivals,2026-08-10,08:35,08:18,SQ106,SIA106,SIN,Singapore Changi Airport,Singapore Airlines,SQ,A359,Airbus A350-941,9V-SMU,Landed 09:18,2026-08-11 05:39:48
KUL,arrivals,2026-08-10,08:35,11:05,AK5111,AXM5111,BKI,Kota Kinabalu International Airport,AirAsia,AK,A20N,Airbus A320-251N,9M-AGB,Landed 12:05,2026-08-11 05:39:48
KUL,arrivals,2026-08-10,08:40,08:38,AK6225,AXM6225,TGG,Kuala Terengganu Sultan Mahmud Airport,AirAsia,AK,A320,Airbus A320-216,9M-AQO,Landed 09:38,2026-08-11 05:39:48
KUL,arrivals,2026-08-10,08:45,08:27,FY2721,FFM2721,KBR,Kota Bharu Sultan Ismail Petra Airport,Firefly,FY,B738,Boeing 737-8FZ,9M-MLJ,Landed 09:27,2026-08-11 05:39:48
KUL,arrivals,2026-08-10,08:50,08:23,AK6431,AXM6431,KBR,Kota Bharu Sultan Ismail Petra Airport,AirAsia (Legend Heroes Park Livery),AK,A320,Airbus A320-216,9M-AFV,Landed 09:23,2026-08-11 05:39:48
KUL,arrivals,2026-08-10,08:50,08:28,AK6021,AXM6021,AOR,Alor Setar Sultan Abdul Halim Airport,AirAsia (Sarawak Livery),AK,A320,Airbus A320-216,9M-AJD,Landed 09:28,2026-08-11 05:39:48
KUL,arrivals,2026-08-10,09:00,08:31,AK5205,AXM5205,KCH,Kuching International Airport,AirAsia,AK,A320,Airbus A320-216,9M-AGM,Landed 09:31,2026-08-11 05:39:48
KUL,arrivals,2026-08-10,09:10,08:44,AK115,AXM115,CAN,Guangzhou Baiyun International Airport,AirAsia,AK,A320,Airbus A320-214,9M-DAE,Landed 09:44,2026-08-11 05:39:48
KUL,arrivals,2026-08-10,09:10,08:56,HY553,UZB553,TAS,Tashkent International Airport,Uzbekistan Airways,HY,B788,Boeing 787-8 Dreamliner,UK78705,Landed 09:56,2026-08-11 05:39:48
KUL,arrivals,2026-08-10,09:15,09:07,SQ108,SIA108,SIN,Singapore Changi Airport,Singapore Airlines,SQ,B38M,Boeing 737 MAX 8,9V-MBB,Landed 10:07,2026-08-11 05:39:48
KUL,arrivals,2026-08-10,09:25,,KT163,KTC163,KTI,Phnom Penh Techo International Airport,AirAsia (Cambodia Livery),AK,A320,Airbus A320-214,XU-818,Unknown,2026-08-11 05:39:48
KUL,arrivals,2026-08-10,09:25,09:10,AK702,AXM702,SIN,Singapore Changi Airport,AirAsia,AK,A320,Airbus A320-216,9M-AGU,Landed 10:10,2026-08-11 05:39:48
KUL,arrivals,2026-08-10,09:35,,MH805,,MNL,Manila Ninoy Aquino International Airport,Malaysia Airlines,MH,B38M,Boeing 737 MAX 8,9M-MVM,Unknown,2026-08-11 05:39:48
KUL,arrivals,2026-08-10,09:35,09:26,TR450,TGW450,SIN,Singapore Changi Airport,Scoot,TR,A20N,Airbus A320-271N,9V-TNG,Landed 10:26,2026-08-11 05:39:48
KUL,arrivals,2026-08-10,09:35,09:25,OD1007,MXD1007,BKI,Kota Kinabalu International Airport,Batik Air,ID,B738,Boeing 737-8GP,9M-LNZ,Landed 10:25,2026-08-11 05:39:48
KUL,arrivals,2026-08-10,09:35,09:37,MH709,MAS709,MNL,Manila Ninoy Aquino International Airport,Malaysia Airlines,MH,B738,Boeing 737-8H6,9M-MXX,Landed 10:37,2026-08-11 05:39:48
KUL,arrivals,2026-08-10,09:40,,3U9025,,CKG,Chongqing Jiangbei International Airport,Sichuan Airlines,3U,320,,,Unknown,2026-08-11 05:39:48
KUL,arrivals,2026-08-10,09:40,09:38,AK5247,AXM5247,BTU,Bintulu Airport,AirAsia,AK,A320,Airbus A320-216,9M-RAD,Landed 10:38,2026-08-11 05:39:48
KUL,arrivals,2026-08-10,09:45,09:32,QZ324,AWQ324,SUB,Surabaya Juanda International Airport,AirAsia,AK,A320,Airbus A320-214,PK-AZJ,Landed 10:32,2026-08-11 05:39:48
KUL,arrivals,2026-08-10,09:50,09:41,OD2101,MXD2101,PEN,Penang International Airport,Batik Air (Visit Malaysia Truly Asia 2026 Livery),ID,B38M,Boeing 737 MAX 8,9M-LRL,Landed 10:41,2026-08-11 05:39:48
KUL,arrivals,2026-08-10,09:55,09:59,MH1143,MAS1143,PEN,Penang International Airport,Malaysia Airlines,MH,B738,Boeing 737-8FZ,9M-FFF,Landed 10:59,2026-08-11 05:39:48
KUL,arrivals,2026-08-10,09:55,09:35,AK5877,AXM5877,SBW,Sibu Airport,AirAsia (100th Awesome Plane Livery),AK,A320,Airbus A320-216,9M-AQH,Landed 10:35,2026-08-11 05:39:48
KUL,arrivals,2026-08-10,09:55,10:06,AK471,AXM471,BTH,Batam Hang Nadim Airport,AirAsia,AK,A320,Airbus A320-214,9M-RCG,Landed 11:06,2026-08-11 05:39:48
KUL,arrivals,2026-08-10,10:00,09:41,AK6437,AXM6437,KBR,Kota Bharu Sultan Ismail Petra Airport,AirAsia,AK,A320,Airbus A320-216,9M-AQA,Landed 10:41,2026-08-11 05:39:48
KUL,arrivals,2026-08-10,10:05,09:45,8M501,MMA501,RGN,Yangon International Airport,Myanmar Airways International,8M,A319,Airbus A319-112,XY-ALN,Landed 10:45,2026-08-11 05:39:48
KUL,arrivals,2026-08-10,10:10,12:41,PR525,PAL525,MNL,Manila Ninoy Aquino International Airport,Philippine Airlines,PR,A321,Airbus A321-231,RP-C9915,Landed 13:41,2026-08-11 05:39:48
KUL,arrivals,2026-08-10,10:10,09:53,MH1385,MAS1385,KBR,Kota Bharu Sultan Ismail Petra Airport,Malaysia Airlines,MH,B738,Boeing 737-8H6,9M-MXG,Landed 10:53,2026-08-11 05:39:48
KUL,arrivals,2026-08-10,10:10,09:56,MH604,MAS604,SIN,Singapore Changi Airport,Malaysia Airlines,MH,B38M,Boeing 737 MAX 8,9M-MVM,Landed 10:56,2026-08-11 05:39:48
KUL,arrivals,2026-08-10,10:10,10:09,AK6307,AXM6307,LGK,Langkawi International Airport,AirAsia,AK,A20N,Airbus A320-251N,9M-AGL,Landed 11:09,2026-08-11 05:39:48
KUL,arrivals,2026-08-10,10:15,09:34,MH840,MAS840,PKU,Pekanbaru Sultan Syarif Kasim II Airport,Malaysia Airlines,MH,B738,Boeing 737-8H6,9M-MLS,Landed 10:34,2026-08-11 05:39:48
KUL,arrivals,2026-08-10,10:15,10:12,AK5203,AXM5203,KCH,Kuching International Airport,AirAsia (Let’s Fly To Terengganu Livery),AK,A320,Airbus A320-216,9M-AJS,Landed 11:12,2026-08-11 05:39:48
KUL,arrivals,2026-08-10,10:15,09:59,AK891,AXM891,DMK,Bangkok Don Mueang International Airport,AirAsia (Save Our Malayan Tiger Livery),AK,A320,Airbus A320-216,9M-AQZ,Landed 10:59,2026-08-11 05:39:48
KUL,arrivals,2026-08-10,10:15,09:51,MH157,MAS157,JED,Jeddah King Abdulaziz International Airport,Malaysia Airlines,MH,A333,Airbus A330-323,9M-MTH,Landed 10:51,2026-08-11 05:39:48
KUL,arrivals,2026-08-10,10:20,,3U9003,,XIY,Xi'an Xianyang International Airport,Sichuan Airlines,3U,321,,,Unknown,2026-08-11 05:39:48
KUL,arrivals,2026-08-10,10:20,10:03,QZ120,AWQ120,KNO,Medan Kuala Namu International Airport,AirAsia,AK,A320,Airbus A320-216,PK-AZT,Landed 11:03,2026-08-11 05:39:48
KUL,arrivals,2026-08-10,10:20,11:33,OD802,MXD802,SIN,Singapore Changi Airport,Batik Air,ID,B38M,Boeing 737 MAX 8,9M-LRD,Landed 12:33,2026-08-11 05:39:48
KUL,arrivals,2026-08-10,10:20,10:03,BI871,RBA871,BWN,Brunei International Airport,Royal Brunei Airlines,BI,A20N,Airbus A320-251N,V8-RBA,Landed 11:03,2026-08-11 05:39:48
KUL,arrivals,2026-08-10,10:20,10:09,SV828,SVA828,RUH,Riyadh King Khalid International Airport,Saudia,SV,B77W,Boeing 777-368(ER),HZ-AK28,Landed 11:09,2026-08-11 05:39:48
KUL,arrivals,2026-08-10,10:25,10:15,OD337,MXD337,PKU,Pekanbaru Sultan Syarif Kasim II Airport,Batik Air,ID,B738,Boeing 737-8GP,9M-LNV,Landed 11:15,2026-08-11 05:39:48
KUL,arrivals,2026-08-10,10:25,10:17,AK704,AXM704,SIN,Singapore Changi Airport,AirAsia,AK,A21N,Airbus A321-251NX,9M-VAE,Landed 11:17,2026-08-11 05:39:48
KUL,arrivals,2026-08-10,10:30,10:23,VJ905,VJC905,HAN,Hanoi Noi Bai International Airport,VietJet Air,VJ,A321,Airbus A321-211,VN-A630,Landed 11:23,2026-08-11 05:39:48
KUL,arrivals,2026-08-10,10:30,10:19,OD373,MXD373,DIL,Dili Presidente Nicolau Lobato International Airport,Batik Air,ID,B738,Boeing 737-8GP,9M-LNY,Landed 11:19,2026-08-11 05:39:48
KUL,arrivals,2026-08-10,10:30,11:56,AK5109,AXM5109,BKI,Kota Kinabalu International Airport,AirAsia,AK,A21N,Airbus A321-251NX,9M-XVE,Landed 12:56,2026-08-11 05:39:48
KUL,arrivals,2026-08-10,10:35,10:21,AK6041,AXM6041,JHB,Johor Bahru Senai International Airport,AirAsia,AK,A320,Airbus A320-216,9M-AQS,Landed 11:21,2026-08-11 05:39:48
KUL,arrivals,2026-08-10,10:35,10:24,AK521,AXM521,SGN,Ho Chi Minh City International Airport,AirAsia,AK,A20N,Airbus A320-251N,9M-AGE,Landed 11:24,2026-08-11 05:39:48
KUL,arrivals,2026-08-10,10:35,10:32,AK381,AXM381,CGK,Jakarta Soekarno Hatta International Airport,AirAsia,AK,A320,Airbus A320-216,9M-AQE,Landed 11:32,2026-08-11 05:39:48
KUL,arrivals,2026-08-10,10:45,10:45,MH2543,MAS2543,KCH,Kuching International Airport,Malaysia Airlines,MH,B38M,Boeing 737 MAX 8,9M-MVN,Landed 11:45,2026-08-11 05:39:48
KUL,arrivals,2026-08-10,10:50,10:25,ZH327,CSZ327,SZX,Shenzhen Bao'an International Airport,Shenzhen Airlines,ZH,B38M,Boeing 737 MAX 8,B-20DP,Landed 11:25,2026-08-11 05:39:48
KUL,arrivals,2026-08-10,10:50,10:36,OD1633,MXD1633,KCH,Kuching International Airport,Batik Air,ID,B738,Boeing 737-8GP,9M-LDC,Landed 11:36,2026-08-11 05:39:48
KUL,arrivals,2026-08-10,10:50,10:44,KR3781,KME3781,KTI,Phnom Penh Techo International Airport,Cambodia Airways,KR,A319,Airbus A319-112,XU-878,Landed 11:44,2026-08-11 05:39:48
KUL,arrivals,2026-08-10,10:50,10:42,GA820,GIA820,CGK,Jakarta Soekarno Hatta International Airport,Garuda Indonesia,GA,B738,Boeing 737-8U3,PK-GFW,Landed 11:42,2026-08-11 05:39:48
KUL,arrivals,2026-08-10,10:55,10:54,AK6143,AXM6143,PEN,Penang International Airport,AirAsia (Watsons Livery),AK,A320,Airbus A320-214,9M-AHX,Landed 11:54,2026-08-11 05:39:48
KUL,arrivals,2026-08-10,10:55,10:28,AK5652,AXM5652,MYY,Miri Airport,AirAsia,AK,A320,Airbus A320-216,9M-DAF,Landed 11:28,2026-08-11 05:39:48
KUL,arrivals,2026-08-10,11:00,10:39,OD2202,MXD2202,LGK,Langkawi International Airport,Batik Air,ID,B38M,Boeing 737 MAX 8,9M-LRJ,Landed 11:39,2026-08-11 05:39:48
KUL,arrivals,2026-08-10,11:00,10:54,AK5745,AXM5745,TWU,Tawau Airport,AirAsia,AK,A20N,Airbus A320-251N,9M-RAB,Landed 11:54,2026-08-11 05:39:48
KUL,arrivals,2026-08-10,11:05,11:12,CX723,CPA723,HKG,Hong Kong International Airport,Cathay Pacific,CX,A333,Airbus A330-343,B-LBC,Landed 12:12,2026-08-11 05:39:48
KUL,arrivals,2026-08-10,11:10,10:54,MH2613,MAS2613,BKI,Kota Kinabalu International Airport,Malaysia Airlines,MH,B738,Boeing 737-8H6,9M-MLP,Landed 11:54,2026-08-11 05:39:48
KUL,arrivals,2026-08-10,11:15,10:50,8M503,MMA503,RGN,Yangon International Airport,Myanmar Airways International,8M,A319,Airbus A319-112,XY-ALZ,Landed 11:50,2026-08-11 05:39:48
KUL,arrivals,2026-08-10,11:15,10:57,TG415,THA415,BKK,Bangkok Suvarnabhumi Airport,Thai Airways,TG,A359,Airbus A350-941,HS-THN,Landed 11:57,2026-08-11 05:39:48
KUL,arrivals,2026-08-10,11:15,11:01,OD399,MXD399,CGK,Jakarta Soekarno Hatta International Airport,Batik Air,ID,B738,Boeing 737-8GP,9M-LNR,Landed 12:01,2026-08-11 05:39:48
KUL,arrivals,2026-08-10,11:20,11:02,AK5193,AXM5193,SDK,Sandakan Airport,AirAsia,AK,A320,Airbus A320-216,9M-RAA,Landed 12:02,2026-08-11 05:39:48
KUL,arrivals,2026-08-10,11:25,11:09,MH614,MAS614,SIN,Singapore Changi Airport,Malaysia Airlines,MH,B738,Boeing 737-8H6,9M-MXQ,Landed 12:09,2026-08-11 05:39:48
KUL,arrivals,2026-08-10,11:25,11:14,MH712,MAS712,CGK,Jakarta Soekarno Hatta International Airport,Malaysia Airlines,MH,B38M,Boeing 737 MAX 8,9M-MVD,Landed 12:14,2026-08-11 05:39:48
KUL,arrivals,2026-08-10,11:30,11:37,OD821,MXD821,ICN,Seoul Incheon International Airport,Batik Air,ID,B38M,Boeing 737 MAX 8,9M-LRS,Landed 12:37,2026-08-11 05:39:48
KUL,arrivals,2026-08-10,11:30,11:29,MH1433,MAS1433,LGK,Langkawi International Airport,Malaysia Airlines,MH,B738,Boeing 737-8H6,9M-MXT,Landed 12:29,2026-08-11 05:39:48
KUL,arrivals,2026-08-10,11:35,11:40,VJ825,VJC825,SGN,Ho Chi Minh City International Airport,VietJet Air,VJ,A321,Airbus A321-211,VN-A633,Landed 12:40,2026-08-11 05:39:48
KUL,arrivals,2026-08-10,11:35,11:19,AK6223,AXM6223,TGG,Kuala Terengganu Sultan Mahmud Airport,AirAsia,AK,A320,Airbus A320-216,9M-AGT,Landed 12:19,2026-08-11 05:39:48
KUL,arrivals,2026-08-10,11:40,10:59,D7701,XAX701,JED,Jeddah King Abdulaziz International Airport,AirAsia,AK,A333,Airbus A330-343,9M-XXK,Landed 11:59,2026-08-11 05:39:48
KUL,arrivals,2026-08-10,11:45,11:23,MH79,MAS079,HKG,Hong Kong International Airport,Malaysia Airlines,MH,B738,Boeing 737-8H6,9M-MXO,Landed 12:23,2026-08-11 05:39:48
KUL,arrivals,2026-08-10,11:45,11:06,CZ349,CSN349,CAN,Guangzhou Baiyun International Airport,China Southern Airlines,CZ,B789,Boeing 787-9 Dreamliner,B-1169,Landed 12:06,2026-08-11 05:39:48
KUL,arrivals,2026-08-10,11:45,11:52,AK430,AXM430,PKU,Pekanbaru Sultan Syarif Kasim II Airport,AirAsia (BIG Duty Free Livery),AK,A320,Airbus A320-214,9M-AHY,Landed 12:52,2026-08-11 05:39:48
KUL,arrivals,2026-08-10,11:50,,FY2811,,KCH,Kuching International Airport,Firefly,FY,738,,,Unknown,2026-08-11 05:39:48
KUL,arrivals,2026-08-10,11:50,,FY2531,,BKI,Kota Kinabalu International Airport,Firefly,FY,738,,,Unknown,2026-08-11 05:39:48
KUL,arrivals,2026-08-10,11:50,13:15,AK5105,AXM5105,BKI,Kota Kinabalu International Airport,AirAsia,AK,A320,Airbus A320-216,9M-RAE,Landed 14:15,2026-08-11 05:39:48
KUL,arrivals,2026-08-10,11:50,12:30,AK544,AXM544,PQC,Phu Quoc International Airport,AirAsia,AK,A320,Airbus A320-214,9M-RCB,Landed 13:30,2026-08-11 05:39:48
KUL,arrivals,2026-08-10,11:55,12:00,D7219,XAX219,MEL,Melbourne Airport,AirAsia,AK,A333,Airbus A330-343,9M-XXG,Landed 13:00,2026-08-11 05:39:48
KUL,arrivals,2026-08-10,11:55,12:03,AK390,AXM390,KNO,Medan Kuala Namu International Airport,AirAsia,AK,A320,Airbus A320-214,9M-AFE,Landed 13:03,2026-08-11 05:39:48
KUL,arrivals,2026-08-10,12:00,11:58,MH787,MAS787,HKT,Phuket International Airport,Malaysia Airlines (Retro Livery),MH,B738,Boeing 737-8H6,9M-MLV,Landed 12:58,2026-08-11 05:39:45
KUL,arrivals,2026-08-10,12:00,,FM7221,,PVG,Shanghai Pudong International Airport,Shanghai Airlines,FM,7M8,,,Canceled,2026-08-11 05:39:45
KUL,arrivals,2026-08-10,12:00,11:49,AK441,AXM441,BDJ,Banjarmasin Syamsudin Noor Airport,AirAsia (Universiti Teknologi Malaysia Livery),AK,A320,Airbus A320-216,9M-AJE,Landed 12:49,2026-08-11 05:39:48
KUL,arrivals,2026-08-10,12:00,11:43,AK461,AXM461,PLM,Palembang International Airport,AirAsia (Persona 5 Royal Livery),AK,A320,Airbus A320-214,9M-AFF,Landed 12:43,2026-08-11 05:39:48
KUL,arrivals,2026-08-10,12:05,11:25,HU7923,CHH7923,CKG,Chongqing Jiangbei International Airport,Hainan Airlines,HU,B38M,Boeing 737 MAX 8,B-1142,Landed 12:25,2026-08-11 05:39:45
KUL,arrivals,2026-08-10,12:10,12:06,ID7282,BTK7282,CGK,Jakarta Soekarno Hatta International Airport,Batik Air,ID,B738,Boeing 737-8GP,PK-LBK,Landed 13:06,2026-08-11 05:39:45
KUL,arrivals,2026-08-10,12:15,12:25,AK706,AXM706,SIN,Singapore Changi Airport,AirAsia,AK,A20N,Airbus A320-251N,9M-AGW,Landed 13:25,2026-08-11 05:39:45
KUL,arrivals,2026-08-10,12:20,12:28,AK5233,AXM5233,KCH,Kuching International Airport,AirAsia (HYROX Livery),AK,A320,Airbus A320-216,9M-AHR,Landed 13:28,2026-08-11 05:39:45
KUL,arrivals,2026-08-10,12:20,12:22,AK881,AXM881,DMK,Bangkok Don Mueang International Airport,AirAsia,AK,A20N,Airbus A320-251N,9M-AGS,Landed 13:22,2026-08-11 05:39:45
KUL,arrivals,2026-08-10,12:25,12:12,CI721,CAL721,TPE,Taipei Taoyuan International Airport,China Airlines,CI,B77W,Boeing 777-309(ER),B-18006,Landed 13:12,2026-08-11 05:39:45
KUL,arrivals,2026-08-10,12:25,11:54,MH628,MAS628,SIN,Singapore Changi Airport,Malaysia Airlines,MH,B738,Boeing 737-8H6,9M-MLT,Landed 12:54,2026-08-11 05:39:45
KUL,arrivals,2026-08-10,12:25,12:01,CZ3047,CSN3047,CAN,Guangzhou Baiyun International Airport,China Southern Airlines,CZ,B38M,Boeing 737 MAX 8,B-226J,Landed 13:01,2026-08-11 05:39:45
KUL,arrivals,2026-08-10,12:30,12:46,VJ1813,VJC1813,SGN,Ho Chi Minh City International Airport,VietJet Air,VJ,A21N,Airbus A321-271N,VN-A646,Landed 13:46,2026-08-11 05:39:45
KUL,arrivals,2026-08-10,12:30,13:05,OD804,MXD804,SIN,Singapore Changi Airport,Batik Air,ID,B738,Boeing 737-8GP,9M-LNQ,Landed 14:05,2026-08-11 05:39:45
KUL,arrivals,2026-08-10,12:30,12:43,OD1003,MXD1003,BKI,Kota Kinabalu International Airport,Batik Air,ID,B38M,Boeing 737 MAX 8,9M-LRT,Landed 13:43,2026-08-11 05:39:45
KUL,arrivals,2026-08-10,12:30,16:42,AK5107,AXM5107,BKI,Kota Kinabalu International Airport,AirAsia,AK,A21N,Airbus A321-251NX,9M-VAD,Landed 17:42,2026-08-11 05:39:45
KUL,arrivals,2026-08-10,12:30,15:02,AH3156,DAH3156,ALG,Algiers Houari Boumediene Airport,Air Algerie,AH,A339,Airbus A330-941,7T-VJD,Landed 16:02,2026-08-11 05:39:45
KUL,arrivals,2026-08-10,12:35,12:24,SQ114,SIA114,SIN,Singapore Changi Airport,Singapore Airlines,SQ,B38M,Boeing 737 MAX 8,9V-MBR,Landed 13:24,2026-08-11 05:39:45
KUL,arrivals,2026-08-10,12:40,12:15,MH2743,MAS2743,BTU,Bintulu Airport,Malaysia Airlines (Malaysia Negaraku Livery),MH,B738,Boeing 737-8H6,9M-MXV,Landed 13:15,2026-08-11 05:39:45
KUL,arrivals,2026-08-10,12:40,12:35,MH870,MAS870,SUB,Surabaya Juanda International Airport,Malaysia Airlines,MH,B738,Boeing 737-8H6,9M-MXW,Landed 13:35,2026-08-11 05:39:45
KUL,arrivals,2026-08-10,12:40,12:08,MF847,CXA847,XMN,Xiamen Gaoqi International Airport,Xiamen Air,MF,B738,Boeing 737-85C,B-5708,Landed 13:08,2026-08-11 05:39:45
KUL,arrivals,2026-08-10,12:40,12:30,IU168,SJV168,BTJ,Banda Aceh International Airport,Super Air Jet,IU,A320,Airbus A320-232,PK-SJI,Landed 13:30,2026-08-11 05:39:45
KUL,arrivals,2026-08-10,12:45,12:37,ID7250,BTK7250,SUB,Surabaya Juanda International Airport,Batik Air,ID,B738,Boeing 737-8U3,PK-BGF,Landed 13:37,2026-08-11 05:39:45
KUL,arrivals,2026-08-10,12:45,13:30,AK833,AXM833,HKT,Phuket International Airport,AirAsia,AK,A320,Airbus A320-216,9M-AQO,Landed 14:30,2026-08-11 05:39:45
KUL,arrivals,2026-08-10,12:45,12:49,AK491,AXM491,PNK,Pontianak Supadio Airport,AirAsia,AK,A320,Airbus A320-216,9M-AJZ,Landed 13:49,2026-08-11 05:39:45
KUL,arrivals,2026-08-10,12:50,12:26,MH2609,MAS2609,LBU,Labuan Airport,Malaysia Airlines,MH,B738,Boeing 737-8H6,9M-MXY,Landed 13:26,2026-08-11 05:39:45
KUL,arrivals,2026-08-10,12:50,12:39,MH846,MAS846,UPG,Makassar Sultan Hasanuddin International Airport,Malaysia Airlines,MH,B738,Boeing 737-8H6,9M-MSA,Landed 13:39,2026-08-11 05:39:45
KUL,arrivals,2026-08-10,12:50,13:03,AK6321,AXM6321,LGK,Langkawi International Airport,AirAsia (Universiti Putra Malaysia Livery),AK,A320,Airbus A320-216,9M-AQD,Landed 14:03,2026-08-11 05:39:45
KUL,arrivals,2026-08-10,12:55,13:00,MH751,MAS751,SGN,Ho Chi Minh City International Airport,Malaysia Airlines,MH,B38M,Boeing 737 MAX 8,9M-MVA,Landed 14:00,2026-08-11 05:39:45
KUL,arrivals,2026-08-10,13:00,13:03,UL314,ALK314,CMB,Colombo Bandaranaike International Airport,SriLankan Airlines,UL,A21N,Airbus A321-251N,4R-ANF,Landed 14:03,2026-08-11 05:39:45
KUL,arrivals,2026-08-10,13:00,12:49,MH755,MAS755,KTI,Phnom Penh Techo International Airport,Malaysia Airlines,MH,B738,Boeing 737-8H6,9M-MXM,Landed 13:49,2026-08-11 05:39:45
KUL,arrivals,2026-08-10,13:00,12:55,AK5873,AXM5873,SBW,Sibu Airport,AirAsia (Allstars Livery),AK,A320,Airbus A320-214,9M-AFD,Landed 13:55,2026-08-11 05:39:45
KUL,arrivals,2026-08-10,13:00,12:57,OD702,MXD702,JED,Jeddah King Abdulaziz International Airport,Batik Air,ID,A333,Airbus A330-343,9M-LFC,Landed 13:57,2026-08-11 05:39:45
KUL,arrivals,2026-08-10,13:05,13:42,AK407,AXM407,PDG,Padang Minangkabau International Airport,AirAsia,AK,A320,Airbus A320-214,9M-RCG,Landed 14:42,2026-08-11 05:39:45
KUL,arrivals,2026-08-10,13:10,13:21,8B673,TNU673,CGK,Jakarta Soekarno Hatta International Airport,TransNusa,8B,A321,Airbus A321-211,PK-TLG,Landed 14:21,2026-08-11 05:39:45
KUL,arrivals,2026-08-10,13:10,12:54,MH2621,MAS2621,BKI,Kota Kinabalu International Airport,Malaysia Airlines,MH,B38M,Boeing 737 MAX 8,9M-MVQ,Landed 13:54,2026-08-11 05:39:45
KUL,arrivals,2026-08-10,13:10,13:12,AK867,AXM867,KBV,Krabi Airport,AirAsia,AK,A320,Airbus A320-216,9M-AGU,Landed 14:12,2026-08-11 05:39:45
KUL,arrivals,2026-08-10,13:15,13:43,QR854,QTR854,DOH,Doha Hamad International Airport,Qatar Airways,QR,B788,Boeing 787-8 Dreamliner,A7-BCU,Landed 14:43,2026-08-11 05:39:45
KUL,arrivals,2026-08-10,13:15,13:13,MH785,MAS785,BKK,Bangkok Suvarnabhumi Airport,Malaysia Airlines,MH,B38M,Boeing 737 MAX 8,9M-MVP,Landed 14:13,2026-08-11 05:39:45
KUL,arrivals,2026-08-10,13:15,13:34,BR227,EVA227,TPE,Taipei Taoyuan International Airport,EVA Air,BR,B77W,Boeing 777-35E(ER),B-16709,Landed 14:34,2026-08-11 05:39:45
KUL,arrivals,2026-08-10,13:20,12:52,3U3995,CSC3995,TFU,Chengdu Tianfu International Airport,Sichuan Airlines,3U,A21N,Airbus A321-271N,B-30CS,Landed 13:52,2026-08-11 05:39:45
KUL,arrivals,2026-08-10,13:20,,MU5095,,HGH,Hangzhou Xiaoshan International Airport,China Eastern Airlines,MU,32N,,,Canceled,2026-08-11 05:39:45
KUL,arrivals,2026-08-10,13:20,13:16,MH710,MAS710,CGK,Jakarta Soekarno Hatta International Airport,Malaysia Airlines,MH,B38M,Boeing 737 MAX 8,9M-MVL,Landed 14:16,2026-08-11 05:39:45
KUL,arrivals,2026-08-10,13:20,13:08,BS315,UBG315,DAC,Dhaka Shahjalal International Airport,US-Bangla Airlines,BS,A333,Airbus A330-343,S2-ALB,Landed 14:08,2026-08-11 05:39:45
KUL,arrivals,2026-08-10,13:25,13:19,FD308,AIQ308,HDY,Hat Yai International Airport,AirAsia,AK,A320,Airbus A320-216,HS-BBI,Landed 14:19,2026-08-11 05:39:45
KUL,arrivals,2026-08-10,13:25,15:44,EK346,UAE15K,DXB,Dubai International Airport,Emirates,EK,B77W,Boeing 777-31H(ER),A6-EPD,Landed 16:44,2026-08-11 05:39:45
KUL,arrivals,2026-08-10,13:25,13:45,AK6305,AXM6305,LGK,Langkawi International Airport,AirAsia,AK,A320,Airbus A320-216,9M-AQA,Landed 14:45,2026-08-11 05:39:45
KUL,arrivals,2026-08-10,13:25,13:08,AK6125,AXM6125,PEN,Penang International Airport,AirAsia,AK,A20N,Airbus A320-251N,9M-AGN,Landed 14:08,2026-08-11 05:39:45
KUL,arrivals,2026-08-10,13:30,,MH7573,,MYY,Miri Airport,Malaysia Airlines,MH,B738,Boeing 737-8H6,9M-MLR,Unknown,2026-08-11 05:39:45
KUL,arrivals,2026-08-10,13:30,13:11,MH2575,MAS2575,MYY,Miri Airport,Malaysia Airlines,MH,B738,Boeing 737-8H6,9M-MLR,Landed 14:11,2026-08-11 05:39:45
KUL,arrivals,2026-08-10,13:30,13:51,MH146,MAS146,MEL,Melbourne Airport,Malaysia Airlines,MH,A339,Airbus A330-941,9M-MNG,Landed 14:51,2026-08-11 05:39:45
KUL,arrivals,2026-08-10,13:30,14:24,JT156,LNI156,PDG,Padang Minangkabau International Airport,Lion Air,JT,B738,Boeing 737-8GP,PK-LKQ,Landed 15:24,2026-08-11 05:39:45
KUL,arrivals,2026-08-10,13:30,13:38,AK5199,AXM5199,SDK,Sandakan Airport,AirAsia,AK,A20N,Airbus A320-251N,9M-AGJ,Landed 14:38,2026-08-11 05:39:45
KUL,arrivals,2026-08-10,13:35,13:29,MH1145,MAS1145,PEN,Penang International Airport,Malaysia Airlines,MH,B738,Boeing 737-8H6,9M-MXG,Landed 14:29,2026-08-11 05:39:45
KUL,arrivals,2026-08-10,13:35,13:32,AK10,AXM10,MAA,Chennai International Airport,AirAsia,AK,A20N,Airbus A320-251N,9M-AGG,Landed 14:32,2026-08-11 05:39:45
KUL,arrivals,2026-08-10,13:40,13:25,MU873,CES873,KMG,Kunming Changshui International Airport,China Eastern Airlines,MU,A20N,Airbus A320-251N,B-30FD,Landed 14:25,2026-08-11 05:39:45
KUL,arrivals,2026-08-10,13:40,14:10,MF8677,CXA8677,HGH,Hangzhou Xiaoshan International Airport,Xiamen Air,MF,B738,Boeing 737-85C,B-6482,Landed 15:10,2026-08-11 05:39:45
KUL,arrivals,2026-08-10,13:40,13:19,CZ5031,CSN5031,SZX,Shenzhen Bao'an International Airport,China Southern Airlines,CZ,A21N,Airbus A321-251NX,B-32L1,Landed 14:19,2026-08-11 05:39:45
KUL,arrivals,2026-08-10,13:40,13:35,AK6443,AXM6443,KBR,Kota Bharu Sultan Ismail Petra Airport,AirAsia (100th Awesome Plane Livery),AK,A320,Airbus A320-216,9M-AQH,Landed 14:35,2026-08-11 05:39:45
KUL,arrivals,2026-08-10,13:40,13:40,AK710,AXM710,SIN,Singapore Changi Airport,AirAsia (Save Our Malayan Tiger Livery),AK,A320,Airbus A320-216,9M-AQZ,Landed 14:40,2026-08-11 05:39:45
KUL,arrivals,2026-08-10,13:40,12:51,AK113,AXM113,CAN,Guangzhou Baiyun International Airport,AirAsia (Tasty Malaysia Treat Livery),AK,A320,Airbus A320-216,9M-RAN,Landed 13:51,2026-08-11 05:39:45
KUL,arrivals,2026-08-10,13:45,13:59,AK451,AXM451,SRG,Semarang Achmad Yani International Airport,AirAsia,AK,A320,Airbus A320-216,9M-AQP,Landed 14:59,2026-08-11 05:39:45
KUL,arrivals,2026-08-10,13:50,13:38,MY5005,BNE5005,KCH,Kuching International Airport,AirBorneo,MY,B738,Boeing 737-8U3,9M-LCZ,Landed 14:38,2026-08-11 05:39:45
KUL,arrivals,2026-08-10,13:50,13:55,JT160,LNI160,PKU,Pekanbaru Sultan Syarif Kasim II Airport,Lion Air,JT,B739,Boeing 737-9GP(ER),PK-LQT,Landed 14:55,2026-08-11 05:39:45
KUL,arrivals,2026-08-10,13:50,,FM885,,PVG,Shanghai Pudong International Airport,Shanghai Airlines,FM,789,,,Canceled,2026-08-11 05:39:45
KUL,arrivals,2026-08-10,13:55,13:50,QZ204,AWQ204,CGK,Jakarta Soekarno Hatta International Airport,AirAsia,AK,A320,Airbus A320-216,PK-AZL,Landed 14:50,2026-08-11 05:39:45
KUL,arrivals,2026-08-10,13:55,13:47,AK5747,AXM5747,TWU,Tawau Airport,AirAsia,AK,A320,Airbus A320-216,9M-AGZ,Landed 14:47,2026-08-11 05:39:45
KUL,arrivals,2026-08-10,14:00,14:10,QZ322,AWQ322,SUB,Surabaya Juanda International Airport,AirAsia (Dnars Indonesia Livery),AK,A320,Airbus A320-216,PK-AZN,Landed 15:10,2026-08-11 05:39:45
KUL,arrivals,2026-08-10,14:00,13:27,QZ128,AWQ128,KNO,Medan Kuala Namu International Airport,AirAsia,AK,A320,Airbus A320-216,PK-AZT,Landed 14:27,2026-08-11 05:39:45
KUL,arrivals,2026-08-10,14:00,14:42,OD2204,MXD2204,LGK,Langkawi International Airport,Batik Air,ID,B738,Boeing 737-86N,9M-LDT,Landed 15:42,2026-08-11 05:39:45
KUL,arrivals,2026-08-10,14:00,13:57,MH1447,MAS1447,LGK,Langkawi International Airport,Malaysia Airlines,MH,B738,Boeing 737-8FZ,9M-MLL,Landed 14:57,2026-08-11 05:39:45
KUL,arrivals,2026-08-10,14:00,13:47,MH606,MAS606,SIN,Singapore Changi Airport,Malaysia Airlines (Malaysia Negaraku Livery),MH,B738,Boeing 737-8H6,9M-MXF,Landed 14:47,2026-08-11 05:39:45
KUL,arrivals,2026-08-10,14:00,14:17,MH134,MAS134,BNE,Brisbane Airport,Malaysia Airlines,MH,A333,Airbus A330-323,9M-MTI,Landed 15:17,2026-08-11 05:39:45
KUL,arrivals,2026-08-10,14:05,14:20,OD523,MXD523,DMK,Bangkok Don Mueang International Airport,Batik Air,ID,B738,Boeing 737-8U3,9M-LDF,Landed 15:20,2026-08-11 05:39:45
KUL,arrivals,2026-08-10,14:05,15:49,OD192,MXD192,DPS,Denpasar Ngurah Rai International Airport,Batik Air,ID,B738,Boeing 737-8U3,9M-LCW,Landed 16:49,2026-08-11 05:39:45
KUL,arrivals,2026-08-10,14:10,13:49,RY6607,CJX6607,KHN,Nanchang Changbei International Airport,Jiangxi Air,RY,B738,Boeing 737-85C,B-5512,Landed 14:49,2026-08-11 05:39:45
KUL,arrivals,2026-08-10,14:10,13:41,OD861,MXD861,KIX,Osaka Kansai International Airport,Batik Air,ID,B38M,Boeing 737 MAX 8,9M-LRF,Landed 14:41,2026-08-11 05:39:45
KUL,arrivals,2026-08-10,14:10,14:40,AK643,AXM643,DAD,Da Nang International Airport,AirAsia,AK,A320,Airbus A320-214,9M-AJG,Landed 15:40,2026-08-11 05:39:45
KUL,arrivals,2026-08-10,14:15,14:04,QW907,QDA907,TAO,Qingdao Jiaodong International Airport,Qingdao Airlines,QW,A21N,Airbus A321-271NX,B-327M,Landed 15:04,2026-08-11 05:39:45
KUL,arrivals,2026-08-10,14:15,15:09,QR852,QTR73P,DOH,Doha Hamad International Airport,Qatar Airways,QR,B77W,Boeing 777-3DZ(ER),A7-BAS,Landed 16:09,2026-08-11 05:39:45
KUL,arrivals,2026-08-10,14:15,14:31,JT164,LNI164,LOP,Lombok International Airport,Lion Air,JT,B739,Boeing 737-9GP(ER),PK-LSH,Landed 15:31,2026-08-11 05:39:45
KUL,arrivals,2026-08-10,14:15,13:55,AK347,AXM347,YIA,Yogyakarta International Airport,AirAsia (General Electric Livery),AK,A320,Airbus A320-216,9M-AQB,Landed 14:55,2026-08-11 05:39:45
KUL,arrivals,2026-08-10,14:20,14:27,OD2103,MXD2103,PEN,Penang International Airport,Batik Air,ID,B738,Boeing 737-8GP,9M-LNV,Landed 15:27,2026-08-11 05:39:45
KUL,arrivals,2026-08-10,14:20,14:06,MH2611,MAS2611,BKI,Kota Kinabalu International Airport,Malaysia Airlines,MH,B738,Boeing 737-8H6,9M-MSB,Landed 15:06,2026-08-11 05:39:45
KUL,arrivals,2026-08-10,14:20,,KT165,,KTI,Phnom Penh Techo International Airport,AirAsia (Cambodia Livery),AK,A320,Airbus A320-214,XU-818,Unknown,2026-08-11 05:39:45
KUL,arrivals,2026-08-10,14:20,14:27,AK712,AXM712,SIN,Singapore Changi Airport,AirAsia (Legend Heroes Park Livery),AK,A320,Airbus A320-216,9M-AFV,Landed 15:27,2026-08-11 05:39:45
KUL,arrivals,2026-08-10,14:25,14:08,OD1723,MXD1723,BTU,Bintulu Airport,Batik Air,ID,B38M,Boeing 737 MAX 8,9M-LRK,Landed 15:08,2026-08-11 05:39:45
KUL,arrivals,2026-08-10,14:25,14:15,MH2513,MAS2513,KCH,Kuching International Airport,Malaysia Airlines (Malaysia Negaraku Livery),MH,B738,Boeing 737-8H6,9M-MXU,Landed 15:15,2026-08-11 05:39:45
KUL,arrivals,2026-08-10,14:25,15:15,MH716,MAS716,CGK,Jakarta Soekarno Hatta International Airport,Malaysia Airlines,MH,B738,Boeing 737-8H6,9M-MLO,Landed 16:15,2026-08-11 05:39:45
KUL,arrivals,2026-08-10,14:25,13:52,AK205,AXM205,CXR,Nha Trang Cam Ranh International Airport,AirAsia,AK,A20N,Airbus A320-251N,9M-AGQ,Landed 14:52,2026-08-11 05:39:45
KUL,arrivals,2026-08-10,14:30,14:12,FY3611,FFM3611,KBV,Krabi Airport,Firefly,FY,B738,Boeing 737-8FZ,9M-MLJ,Landed 15:12,2026-08-11 05:39:45
KUL,arrivals,2026-08-10,14:30,14:17,AK5113,AXM5113,BKI,Kota Kinabalu International Airport,AirAsia,AK,A320,Airbus A320-216,9M-RAO,Landed 15:17,2026-08-11 05:39:45
KUL,arrivals,2026-08-10,14:35,14:38,OD178,MXD178,DPS,Denpasar Ngurah Rai International Airport,Batik Air (Visit Malaysia Truly Asia 2026 Livery),ID,B38M,Boeing 737 MAX 8,9M-LRM,Landed 15:38,2026-08-11 05:39:45
KUL,arrivals,2026-08-10,14:35,14:14,AK6325,AXM6325,LGK,Langkawi International Airport,AirAsia,AK,A320,Airbus A320-216,9M-AGC,Landed 15:14,2026-08-11 05:39:45
KUL,arrivals,2026-08-10,14:40,,O3309,,SZX,Shenzhen Bao'an International Airport,SF Airlines,O3,73F,,,Unknown,2026-08-11 05:39:45
KUL,arrivals,2026-08-10,14:40,15:13,OD706,MXD706,JED,Jeddah King Abdulaziz International Airport,Batik Air,ID,A333,Airbus A330-343,9M-LFJ,Landed 16:13,2026-08-11 05:39:45
KUL,arrivals,2026-08-10,14:40,15:00,OD122,MXD122,SYD,Sydney Kingsford Smith Airport,Batik Air,ID,A333,Airbus A330-343,9M-LFF,Landed 16:00,2026-08-11 05:39:45
KUL,arrivals,2026-08-10,14:40,14:29,CZ8011,CSN8011,CAN,Guangzhou Baiyun International Airport,China Southern Airlines,CZ,B38M,Boeing 737 MAX 8,B-205K,Landed 15:29,2026-08-11 05:39:45
KUL,arrivals,2026-08-10,14:40,14:37,AK529,AXM529,SGN,Ho Chi Minh City International Airport,AirAsia,AK,A320,Airbus A320-214,9M-DAE,Landed 15:37,2026-08-11 05:39:45
KUL,arrivals,2026-08-10,14:40,14:22,KL809,KLM809,AMS,Amsterdam Schiphol Airport,KLM,KL,B789,Boeing 787-9 Dreamliner,PH-BHI,Landed 15:22,2026-08-11 05:39:45
KUL,arrivals,2026-08-10,14:45,14:33,SQ116,SIA116,SIN,Singapore Changi Airport,Singapore Airlines,SQ,B38M,Boeing 737 MAX 8,9V-MBH,Landed 15:33,2026-08-11 05:39:45
KUL,arrivals,2026-08-10,14:45,14:44,MH53,MAS53,KIX,Osaka Kansai International Airport,Malaysia Airlines,MH,A333,Airbus A330-323,9M-MTB,Landed 15:44,2026-08-11 05:39:45
KUL,arrivals,2026-08-10,14:50,14:58,MH1209,MAS1209,AOR,Alor Setar Sultan Abdul Halim Airport,Malaysia Airlines,MH,B738,Boeing 737-8FZ,9M-FFF,Landed 15:58,2026-08-11 05:39:42
KUL,arrivals,2026-08-10,14:55,14:46,SV834,SVA834,JED,Jeddah King Abdulaziz International Airport,Saudia,SV,B78X,Boeing 787-10 Dreamliner,HZ-AR24,Landed 15:46,2026-08-11 05:39:42
KUL,arrivals,2026-08-10,14:55,16:00,OD158,MXD158,DPS,Denpasar Ngurah Rai International Airport,Batik Air,ID,B38M,Boeing 737 MAX 8,9M-LRW,Landed 17:00,2026-08-11 05:39:42
KUL,arrivals,2026-08-10,14:55,14:43,AK139,AXM139,HKG,Hong Kong International Airport,AirAsia,AK,A20N,Airbus A320-251N,9M-RAJ,Landed 15:43,2026-08-11 05:39:42
KUL,arrivals,2026-08-10,15:00,16:05,OD541,MXD541,HKT,Phuket International Airport,Batik Air,ID,B38M,Boeing 737 MAX 8,9M-LRD,Landed 17:05,2026-08-11 05:39:42
KUL,arrivals,2026-08-10,15:00,20:08,OD307,MXD307,DPS,Denpasar Ngurah Rai International Airport,Batik Air,ID,B738,Boeing 737-8GP,9M-LNR,Landed 21:08,2026-08-11 05:39:42
KUL,arrivals,2026-08-10,15:00,15:22,MH714,MAS714,DPS,Denpasar Ngurah Rai International Airport,Malaysia Airlines (Oneworld Livery),MH,A333,Airbus A330-323,9M-MTE,Landed 16:22,2026-08-11 05:39:42
KUL,arrivals,2026-08-10,15:00,15:40,MH250,MAS250,SYD,Sydney Kingsford Smith Airport,Malaysia Airlines,MH,A339,Airbus A330-941,9M-MNM,Landed 16:40,2026-08-11 05:39:42
KUL,arrivals,2026-08-10,15:00,14:51,MH138,MAS138,ADL,Adelaide Airport,Malaysia Airlines,MH,A339,Airbus A330-941,9M-MNH,Landed 15:51,2026-08-11 05:39:42
KUL,arrivals,2026-08-10,15:00,15:02,AK6117,AXM6117,PEN,Penang International Airport,AirAsia,AK,A21N,Airbus A321-251NX,9M-XVE,Landed 16:02,2026-08-11 05:39:42
KUL,arrivals,2026-08-10,15:00,17:08,AK5643,AXM5643,MYY,Miri Airport,AirAsia,AK,A320,Airbus A320-216,9M-AGP,Landed 18:08,2026-08-11 05:39:42
KUL,arrivals,2026-08-10,15:05,15:28,8B677,TNU677,CGK,Jakarta Soekarno Hatta International Airport,TransNusa,8B,A321,Airbus A321-211,PK-TLK,Landed 16:28,2026-08-11 05:39:42
KUL,arrivals,2026-08-10,15:05,14:40,MH1427,MAS1427,KBR,Kota Bharu Sultan Ismail Petra Airport,Malaysia Airlines,MH,B738,Boeing 737-8H6,9M-MLM,Landed 15:40,2026-08-11 05:39:42
KUL,arrivals,2026-08-10,15:05,14:36,CZ8097,CSN8097,SZX,Shenzhen Bao'an International Airport,China Southern Airlines,CZ,A21N,Airbus A321-253NX,B-30ED,Landed 15:36,2026-08-11 05:39:42
KUL,arrivals,2026-08-10,15:05,14:58,AK365,AXM365,DPS,Denpasar Ngurah Rai International Airport,"AirAsia (3, 2,1, Take Off Livery)",AK,A21N,Airbus A321-251NX,9M-VAA,Landed 15:58,2026-08-11 05:39:42
KUL,arrivals,2026-08-10,15:10,14:56,JX725,SJX725,TPE,Taipei Taoyuan International Airport,STARLUX,JX,A21N,Airbus A321-252NX,B-58207,Landed 15:56,2026-08-11 05:39:42
KUL,arrivals,2026-08-10,15:10,14:54,AK825,AXM825,HKT,Phuket International Airport,AirAsia,AK,A20N,Airbus A320-251N,9M-RAB,Landed 15:54,2026-08-11 05:39:42
KUL,arrivals,2026-08-10,15:15,15:11,MH1437,MAS1437,LGK,Langkawi International Airport,Malaysia Airlines,MH,B738,Boeing 737-8H6,9M-MXR,Landed 16:11,2026-08-11 05:39:42
KUL,arrivals,2026-08-10,15:15,15:26,AK352,AXM352,CGK,Jakarta Soekarno Hatta International Airport,AirAsia,AK,A320,Airbus A320-214,9M-AHV,Landed 16:26,2026-08-11 05:39:42
KUL,arrivals,2026-08-10,15:20,16:11,OD172,MXD172,DPS,Denpasar Ngurah Rai International Airport,Batik Air,ID,B38M,Boeing 737 MAX 8,9M-LRP,Landed 17:11,2026-08-11 05:39:42
KUL,arrivals,2026-08-10,15:20,,ID7268,,LOP,Lombok International Airport,Batik Air,ID,738,,,Unknown,2026-08-11 05:39:42
KUL,arrivals,2026-08-10,15:20,15:13,AK6043,AXM6043,JHB,Johor Bahru Senai International Airport,AirAsia,AK,A20N,Airbus A320-251N,9M-AGH,Landed 16:13,2026-08-11 05:39:42
KUL,arrivals,2026-08-10,15:25,14:48,FY3971,FFM3971,HAK,Haikou Meilan International Airport,Firefly,FY,B738,Boeing 737-8FZ,9M-MLF,Landed 15:48,2026-08-11 05:39:42
KUL,arrivals,2026-08-10,15:25,15:08,AK6319,AXM6319,LGK,Langkawi International Airport,AirAsia (Persona 5 Royal Livery),AK,A320,Airbus A320-214,9M-AFF,Landed 16:08,2026-08-11 05:39:42
KUL,arrivals,2026-08-10,15:25,15:30,AK5209,AXM5209,KCH,Kuching International Airport,AirAsia,AK,A320,Airbus A320-216,9M-DAF,Landed 16:30,2026-08-11 05:39:42
KUL,arrivals,2026-08-10,15:25,15:06,AK265,AXM265,KOS,Sihanoukville International Airport,AirAsia,AK,A320,Airbus A320-216,9M-AQE,Landed 16:06,2026-08-11 05:39:42
KUL,arrivals,2026-08-10,15:30,14:54,MH319,MAS319,PKX,Beijing Daxing International Airport,Malaysia Airlines,MH,A333,Airbus A330-323,9M-MTK,Landed 15:54,2026-08-11 05:39:42
KUL,arrivals,2026-08-10,15:35,15:17,MH773,MAS773,CNX,Chiang Mai International Airport,Malaysia Airlines,MH,B38M,Boeing 737 MAX 8,9M-MVI,Landed 16:17,2026-08-11 05:39:42
KUL,arrivals,2026-08-10,15:35,15:37,MH67,MAS067,ICN,Seoul Incheon International Airport,Malaysia Airlines (Manchester United Livery),MH,A333,Airbus A330-323,9M-MTL,Landed 16:37,2026-08-11 05:39:42
KUL,arrivals,2026-08-10,15:40,15:57,MH795,MAS795,HKT,Phuket International Airport,Malaysia Airlines,MH,B38M,Boeing 737 MAX 8,9M-MVN,Landed 16:57,2026-08-11 05:39:42
KUL,arrivals,2026-08-10,15:40,15:18,CX725,CPA725,HKG,Hong Kong International Airport,Cathay Pacific,CX,A333,Airbus A330-343,B-LAX,Landed 16:18,2026-08-11 05:39:42
KUL,arrivals,2026-08-10,15:40,15:36,AK6229,AXM6229,TGG,Kuala Terengganu Sultan Mahmud Airport,AirAsia,AK,A20N,Airbus A320-251N,9M-AGW,Landed 16:36,2026-08-11 05:39:42
KUL,arrivals,2026-08-10,15:45,15:04,MH89,MAS89,NRT,Tokyo Narita International Airport,Malaysia Airlines,MH,A359,Airbus A350-941,9M-MAE,Landed 16:04,2026-08-11 05:39:42
KUL,arrivals,2026-08-10,15:45,15:24,MF897,CXA897,FOC,Fuzhou Changle International Airport,Xiamen Air,MF,B738,Boeing 737-85C,B-1964,Landed 16:24,2026-08-11 05:39:42
KUL,arrivals,2026-08-10,15:50,15:51,MH807,MAS807,MNL,Manila Ninoy Aquino International Airport,Malaysia Airlines,MH,B38M,Boeing 737 MAX 8,9M-MVH,Landed 16:51,2026-08-11 05:39:42
KUL,arrivals,2026-08-10,15:50,15:34,FY2693,FFM2693,TGG,Kuala Terengganu Sultan Mahmud Airport,Firefly,FY,B738,Boeing 737-8FZ,9M-MLG,Landed 16:34,2026-08-11 05:39:42
KUL,arrivals,2026-08-10,15:50,16:12,AK6441,AXM6441,KBR,Kota Bharu Sultan Ismail Petra Airport,AirAsia,AK,A320,Airbus A320-216,9M-AJZ,Landed 17:12,2026-08-11 05:39:42
KUL,arrivals,2026-08-10,15:55,16:07,OD873,MXD873,NRT,Tokyo Narita International Airport,Batik Air,ID,A333,Airbus A330-343,9M-LFH,Landed 17:07,2026-08-11 05:39:42
KUL,arrivals,2026-08-10,15:55,15:55,MH2521,MAS2521,KCH,Kuching International Airport,Malaysia Airlines,MH,B38M,Boeing 737 MAX 8,9M-MVR,Landed 16:55,2026-08-11 05:39:42
KUL,arrivals,2026-08-10,15:55,15:53,MH1149,MAS1149,PEN,Penang International Airport,Malaysia Airlines,MH,B738,Boeing 737-8H6,9M-MXQ,Landed 16:53,2026-08-11 05:39:42
KUL,arrivals,2026-08-10,15:55,15:26,MH624,MAS624,SIN,Singapore Changi Airport,Malaysia Airlines,MH,B38M,Boeing 737 MAX 8,9M-MVD,Landed 16:26,2026-08-11 05:39:42
KUL,arrivals,2026-08-10,15:55,15:43,AK883,AXM883,DMK,Bangkok Don Mueang International Airport,AirAsia,AK,A320,Airbus A320-216,9M-RAD,Landed 16:43,2026-08-11 05:39:42
KUL,arrivals,2026-08-10,16:00,15:31,CZ8301,CSN8301,CAN,Guangzhou Baiyun International Airport,China Southern Airlines,CZ,B38M,Boeing 737 MAX 8,B-226L,Landed 16:31,2026-08-11 05:39:42
KUL,arrivals,2026-08-10,16:00,16:37,AK546,AXM546,PQC,Phu Quoc International Airport,AirAsia (Universiti Teknologi Malaysia Livery),AK,A320,Airbus A320-216,9M-AJE,Landed 17:37,2026-08-11 05:39:42
KUL,arrivals,2026-08-10,16:00,16:23,AK396,AXM396,KNO,Medan Kuala Namu International Airport,AirAsia (Universiti Putra Malaysia Livery),AK,A320,Airbus A320-216,9M-AQD,Landed 17:23,2026-08-11 05:39:42
KUL,arrivals,2026-08-10,16:05,15:21,KR781,KME781,KTI,Phnom Penh Techo International Airport,Cambodia Airways,KR,A319,Airbus A319-112,XU-787,Landed 16:21,2026-08-11 05:39:42
KUL,arrivals,2026-08-10,16:05,16:09,D7533,XAX533,KIX,Osaka Kansai International Airport,AirAsia,AK,A333,Airbus A330-343,9M-XXW,Landed 17:09,2026-08-11 05:39:42
KUL,arrivals,2026-08-10,16:05,15:40,AK6131,AXM6131,PEN,Penang International Airport,AirAsia,AK,A320,Airbus A320-216,9M-DAB,Landed 16:40,2026-08-11 05:39:42
KUL,arrivals,2026-08-10,16:05,15:59,AK189,AXM189,MFM,Macau International Airport,AirAsia,AK,A20N,Airbus A320-251N,9M-RAP,Landed 16:59,2026-08-11 05:39:42
KUL,arrivals,2026-08-10,16:10,15:42,MH2711,MAS2711,SDK,Sandakan Airport,Malaysia Airlines,MH,B738,Boeing 737-8H6,9M-MLU,Landed 16:42,2026-08-11 05:39:42
KUL,arrivals,2026-08-10,16:15,15:48,Z27114,APG7114,CEB,Cebu Mactan International Airport,AirAsia,AK,A320,Airbus A320-216,RP-C8963,Landed 16:48,2026-08-11 05:39:42
KUL,arrivals,2026-08-10,16:15,15:46,TK60,THY49A,IST,Istanbul Airport,Turkish Airlines,TK,A359,Airbus A350-941,TC-LGC,Landed 16:46,2026-08-11 05:39:42
KUL,arrivals,2026-08-10,16:15,16:34,AK714,AXM714,SIN,Singapore Changi Airport,AirAsia (Tasty Malaysia Treat Livery),AK,A320,Airbus A320-216,9M-RAN,Landed 17:34,2026-08-11 05:39:42
KUL,arrivals,2026-08-10,16:15,16:06,AK583,AXM583,MNL,Manila Ninoy Aquino International Airport,AirAsia,AK,A20N,Airbus A320-251N,9M-AGF,Landed 17:06,2026-08-11 05:39:42
KUL,arrivals,2026-08-10,16:20,16:50,AK5139,AXM5139,BKI,Kota Kinabalu International Airport,AirAsia,AK,A20N,Airbus A320-251N,9M-AGL,Landed 17:50,2026-08-11 05:39:42
KUL,arrivals,2026-08-10,16:25,,9C6523,,PVG,Shanghai Pudong International Airport,Spring Airlines,9C,320,,,Canceled,2026-08-11 05:39:42
KUL,arrivals,2026-08-10,16:25,16:15,TR472,TGW472,SIN,Singapore Changi Airport,Scoot,TR,A20N,Airbus A320-271N,9V-TNJ,Landed 17:15,2026-08-11 05:39:42
KUL,arrivals,2026-08-10,16:30,16:40,OD389,MXD389,CGK,Jakarta Soekarno Hatta International Airport,Batik Air,ID,B738,Boeing 737-8GP,9M-LDC,Landed 17:40,2026-08-11 05:39:42
KUL,arrivals,2026-08-10,16:30,16:48,MH789,MAS789,BKK,Bangkok Suvarnabhumi Airport,Malaysia Airlines,MH,B738,Boeing 737-8H6,9M-MLS,Landed 17:48,2026-08-11 05:39:42
KUL,arrivals,2026-08-10,16:30,16:15,MH753,MAS753,HAN,Hanoi Noi Bai International Airport,Malaysia Airlines,MH,B38M,Boeing 737 MAX 8,9M-MVO,Landed 17:15,2026-08-11 05:39:42
KUL,arrivals,2026-08-10,16:30,17:06,AK6332,AXM6332,LGK,Langkawi International Airport,AirAsia,AK,A320,Airbus A320-216,9M-AQA,Landed 18:06,2026-08-11 05:39:42
KUL,arrivals,2026-08-10,16:35,16:27,H9890,HIM890,KTM,Kathmandu Tribhuvan International Airport,Himalaya Airlines,H9,A320,Airbus A320-214,9N-ALW,Landed 17:27,2026-08-11 05:39:42
KUL,arrivals,2026-08-10,16:35,16:38,SQ122,SIA122,SIN,Singapore Changi Airport,Singapore Airlines,SQ,A359,Airbus A350-941,9V-SHB,Landed 17:38,2026-08-11 05:39:42
KUL,arrivals,2026-08-10,16:35,17:31,AK5173,AXM5173,LBU,Labuan Airport,AirAsia,AK,A20N,Airbus A320-251N,9M-AGB,Landed 18:31,2026-08-11 05:39:42
KUL,arrivals,2026-08-10,16:40,16:35,OD572,MXD572,HAN,Hanoi Noi Bai International Airport,Batik Air,ID,B38M,Boeing 737 MAX 8,9M-LRU,Landed 17:35,2026-08-11 05:39:42
KUL,arrivals,2026-08-10,16:40,16:21,MH2641,MAS2641,BKI,Kota Kinabalu International Airport,Malaysia Airlines,MH,B738,Boeing 737-8H6,9M-MXE,Landed 17:21,2026-08-11 05:39:42
KUL,arrivals,2026-08-10,16:45,16:32,MH620,MAS620,SIN,Singapore Changi Airport,Malaysia Airlines,MH,B738,Boeing 737-8H6,9M-MXN,Landed 17:32,2026-08-11 05:39:42
KUL,arrivals,2026-08-10,16:45,16:09,CA483,CCA483,TFU,Chengdu Tianfu International Airport,Air China,CA,A21N,Airbus A321-252NX,B-32ND,Landed 17:09,2026-08-11 05:39:42
KUL,arrivals,2026-08-10,16:45,16:46,AK5221,AXM5221,KCH,Kuching International Airport,AirAsia,AK,A320,Airbus A320-216,9M-AHT,Landed 17:46,2026-08-11 05:39:42
KUL,arrivals,2026-08-10,16:50,16:43,OD503,MXD503,DAD,Da Nang International Airport,Batik Air (Visit Malaysia Truly Asia 2026 Livery),ID,B38M,Boeing 737 MAX 8,9M-LRL,Landed 17:43,2026-08-11 05:39:42
KUL,arrivals,2026-08-10,16:50,16:51,MH865,MAS865,KNO,Medan Kuala Namu International Airport,Malaysia Airlines,MH,B738,Boeing 737-8H6,9M-MXO,Landed 17:51,2026-08-11 05:39:42
KUL,arrivals,2026-08-10,16:50,17:46,AK428,AXM428,PKU,Pekanbaru Sultan Syarif Kasim II Airport,AirAsia,AK,A320,Airbus A320-214,9M-AJG,Landed 18:46,2026-08-11 05:39:42
KUL,arrivals,2026-08-10,16:50,16:02,MH1,MAS1,LHR,London Heathrow Airport,Malaysia Airlines (Malaysia Negaraku Livery),MH,A359,Airbus A350-941,9M-MAF,Landed 17:02,2026-08-11 05:39:42
KUL,arrivals,2026-08-10,16:50,16:23,BA33,BAW33,LHR,London Heathrow Airport,British Airways,BA,B789,Boeing 787-9 Dreamliner,G-ZBKG,Landed 17:23,2026-08-11 05:39:42
KUL,arrivals,2026-08-10,16:55,19:45,JL723,JAL723,NRT,Tokyo Narita International Airport,Japan Airlines,JL,B788,Boeing 787-8 Dreamliner,JA836J,Landed 20:45,2026-08-11 05:39:42
KUL,arrivals,2026-08-10,17:00,16:55,OD808,MXD808,SIN,Singapore Changi Airport,Batik Air,ID,B738,Boeing 737-8GP,9M-LNQ,Landed 17:55,2026-08-11 05:39:42
KUL,arrivals,2026-08-10,17:00,16:46,ID7260,BTK7260,KNO,Medan Kuala Namu International Airport,Batik Air,ID,B738,Boeing 737-8GP,PK-LZZ,Landed 17:46,2026-08-11 05:39:42
KUL,arrivals,2026-08-10,17:00,16:53,AK6154,AXM6154,PEN,Penang International Airport,AirAsia,AK,A320,Airbus A320-216,9M-RAE,Landed 17:53,2026-08-11 05:39:42
KUL,arrivals,2026-08-10,17:05,17:16,AK5645,AXM5645,MYY,Miri Airport,AirAsia,AK,A320,Airbus A320-216,9M-AGT,Landed 18:16,2026-08-11 05:39:42
KUL,arrivals,2026-08-10,17:10,16:57,MH2517,MAS2517,KCH,Kuching International Airport,Malaysia Airlines,MH,B738,Boeing 737-8H6,9M-MXB,Landed 17:57,2026-08-11 05:39:42
KUL,arrivals,2026-08-10,17:15,17:01,TR468,TGW468,SIN,Singapore Changi Airport,Scoot,TR,A320,Airbus A320-232,9V-TRT,Landed 18:01,2026-08-11 05:39:42
KUL,arrivals,2026-08-10,17:15,17:27,MH103,MAS103,DAC,Dhaka Shahjalal International Airport,Malaysia Airlines,MH,B38M,Boeing 737 MAX 8,9M-MVC,Landed 18:27,2026-08-11 05:39:42
KUL,arrivals,2026-08-10,17:15,18:22,AK385,AXM385,CGK,Jakarta Soekarno Hatta International Airport,AirAsia,AK,A320,Airbus A320-214,9M-RCB,Landed 19:22,2026-08-11 05:39:42
KUL,arrivals,2026-08-10,17:20,17:14,MH183,MAS183,MAA,Chennai International Airport,Malaysia Airlines,MH,B38M,Boeing 737 MAX 8,9M-MVG,Landed 18:14,2026-08-11 05:39:42
KUL,arrivals,2026-08-10,17:20,17:21,AK6317,AXM6317,LGK,Langkawi International Airport,AirAsia,AK,A320,Airbus A320-214,9M-RCG,Landed 18:21,2026-08-11 05:39:42
KUL,arrivals,2026-08-10,17:25,,ZA663,,KOS,Sihanoukville International Airport,Sky Angkor Airlines,ZA,320,,,Unknown,2026-08-11 05:39:42
KUL,arrivals,2026-08-10,17:25,17:11,VN679,HVN679,SGN,Ho Chi Minh City International Airport,Vietnam Airlines,VN,A321,Airbus A321-231,VN-A612,Landed 18:11,2026-08-11 05:39:42
KUL,arrivals,2026-08-10,17:25,17:54,AK75,AXM75,MLE,Male Velana International Airport,AirAsia,AK,A21N,Airbus A321-251NX,9M-VAB,Landed 18:54,2026-08-11 05:39:42
KUL,arrivals,2026-08-10,17:30,17:17,MH749,MAS749,DAD,Da Nang International Airport,Malaysia Airlines,MH,B38M,Boeing 737 MAX 8,9M-MVM,Landed 18:17,2026-08-11 05:39:42
KUL,arrivals,2026-08-10,17:30,17:45,MH377,MAS377,CAN,Guangzhou Baiyun International Airport,Malaysia Airlines (Malaysia Negaraku Livery),MH,A332,Airbus A330-223,9M-MTZ,Landed 18:45,2026-08-11 05:39:42
KUL,arrivals,2026-08-10,17:30,17:05,MH73,MAS073,HKG,Hong Kong International Airport,Malaysia Airlines,MH,B38M,Boeing 737 MAX 8,9M-MVB,Landed 18:05,2026-08-11 05:39:42
KUL,arrivals,2026-08-10,17:30,17:43,AK377,AXM377,DPS,Denpasar Ngurah Rai International Airport,AirAsia,AK,A20N,Airbus A320-251N,9M-RAL,Landed 18:43,2026-08-11 05:39:42
KUL,arrivals,2026-08-10,17:35,17:24,AK885,AXM885,DMK,Bangkok Don Mueang International Airport,AirAsia,AK,A20N,Airbus A320-251N,9M-RAM,Landed 18:24,2026-08-11 05:39:42
KUL,arrivals,2026-08-10,17:35,17:27,AK404,AXM404,PDG,Padang Minangkabau International Airport,AirAsia (100th Awesome Plane Livery),AK,A320,Airbus A320-216,9M-AQH,Landed 18:27,2026-08-11 05:39:42
KUL,arrivals,2026-08-10,17:40,17:13,AK311,AXM311,LBJ,Labuan Bajo Komodo Airport,AirAsia,AK,A20N,Airbus A320-251N,9M-AGO,Landed 18:13,2026-08-11 05:39:42
KUL,arrivals,2026-08-10,17:45,17:47,ZH329,CSZ329,SZX,Shenzhen Bao'an International Airport,Shenzhen Airlines,ZH,B38M,Boeing 737 MAX 8,B-225K,Landed 18:47,2026-08-11 05:39:42
KUL,arrivals,2026-08-10,17:45,17:40,AK6219,AXM6219,TGG,Kuala Terengganu Sultan Mahmud Airport,AirAsia,AK,A320,Airbus A320-214,9M-DAE,Landed 18:40,2026-08-11 05:39:42
KUL,arrivals,2026-08-10,17:50,,OD2406,,JHB,Johor Bahru Senai International Airport,Batik Air Malaysia,OD,738,,,Unknown,2026-08-11 05:39:38
KUL,arrivals,2026-08-10,17:50,18:25,QZ130,AWQ130,KNO,Medan Kuala Namu International Airport,AirAsia,AK,A320,Airbus A320-214,PK-AZI,Landed 19:25,2026-08-11 05:39:38
KUL,arrivals,2026-08-10,17:50,17:39,OD2406,MXD2406,JHB,Johor Bahru Senai International Airport,Batik Air,ID,B738,Boeing 737-8U3,9M-LDF,Landed 18:39,2026-08-11 05:39:38
KUL,arrivals,2026-08-10,17:50,17:30,MH1455,MAS1455,LGK,Langkawi International Airport,Malaysia Airlines,MH,B738,Boeing 737-8FZ,9M-MLL,Landed 18:30,2026-08-11 05:39:38
KUL,arrivals,2026-08-10,17:50,17:18,KT173,KTC173,SAI,Siem Reap Angkor International Airport,AirAsia,AK,A320,Airbus A320-214,XU-819,Landed 18:18,2026-08-11 05:39:42
KUL,arrivals,2026-08-10,17:50,17:34,AK5871,AXM5871,SBW,Sibu Airport,AirAsia (BIG Duty Free Livery),AK,A320,Airbus A320-214,9M-AHY,Landed 18:34,2026-08-11 05:39:42
KUL,arrivals,2026-08-10,17:50,17:40,AK5211,AXM5211,KCH,Kuching International Airport,AirAsia,AK,A320,Airbus A320-216,9M-AGM,Landed 18:40,2026-08-11 05:39:42
KUL,arrivals,2026-08-10,18:00,17:59,VN681,HVN681,HAN,Hanoi Noi Bai International Airport,Vietnam Airlines,VN,A21N,Airbus A321-272N,VN-A616,Landed 18:59,2026-08-11 05:39:38
KUL,arrivals,2026-08-10,18:00,18:57,OD2206,MXD2206,LGK,Langkawi International Airport,Batik Air,ID,B738,Boeing 737-8GP,9M-LNV,Landed 19:57,2026-08-11 05:39:38
KUL,arrivals,2026-08-10,18:00,17:41,MH2607,MAS2607,BKI,Kota Kinabalu International Airport,Malaysia Airlines,MH,B738,Boeing 737-8H6,9M-MXS,Landed 18:41,2026-08-11 05:39:38
KUL,arrivals,2026-08-10,18:00,17:51,MH705,MAS705,MNL,Manila Ninoy Aquino International Airport,Malaysia Airlines,MH,B738,Boeing 737-8H6,9M-MXL,Landed 18:51,2026-08-11 05:39:38
KUL,arrivals,2026-08-10,18:05,18:17,OD2305,MXD2305,KBR,Kota Bharu Sultan Ismail Petra Airport,Batik Air,ID,B738,Boeing 737-86N,9M-LDT,Landed 19:17,2026-08-11 05:39:38
KUL,arrivals,2026-08-10,18:05,19:35,OD606,MXD606,HKG,Hong Kong International Airport,Batik Air,ID,B738,Boeing 737-8GP,9M-LNZ,Landed 20:35,2026-08-11 05:39:38
KUL,arrivals,2026-08-10,18:05,18:14,AK6433,AXM6433,KBR,Kota Bharu Sultan Ismail Petra Airport,AirAsia,AK,A20N,Airbus A320-251N,9M-AGQ,Landed 19:14,2026-08-11 05:39:38
KUL,arrivals,2026-08-10,18:10,17:54,QG502,CTV502,CGK,Jakarta Soekarno Hatta International Airport,Citilink,QG,A320,Airbus A320-214,PK-GQH,Landed 18:54,2026-08-11 05:39:38
KUL,arrivals,2026-08-10,18:10,18:34,AK523,AXM523,SGN,Ho Chi Minh City International Airport,AirAsia,AK,A320,Airbus A320-216,9M-AGU,Landed 19:34,2026-08-11 05:39:38
KUL,arrivals,2026-08-10,18:10,17:51,AK513,AXM513,HAN,Hanoi Noi Bai International Airport,AirAsia (Let’s Fly To Terengganu Livery),AK,A320,Airbus A320-216,9M-AJS,Landed 18:51,2026-08-11 05:39:38
KUL,arrivals,2026-08-10,18:15,19:24,FM865,CSH865,PVG,Shanghai Pudong International Airport,Shanghai Airlines,FM,B38M,Boeing 737 MAX 8,B-208M,Landed 20:24,2026-08-11 05:39:38
KUL,arrivals,2026-08-10,18:20,19:08,OD2107,MXD2107,PEN,Penang International Airport,Batik Air,ID,B738,Boeing 737-8U3,9M-LCW,Landed 20:08,2026-08-11 05:39:38
KUL,arrivals,2026-08-10,18:20,18:24,OD1005,MXD1005,BKI,Kota Kinabalu International Airport,Batik Air,ID,B38M,Boeing 737 MAX 8,9M-LRJ,Landed 19:24,2026-08-11 05:39:38
KUL,arrivals,2026-08-10,18:25,17:57,MH720,MAS720,CGK,Jakarta Soekarno Hatta International Airport,Malaysia Airlines,MH,B738,Boeing 737-8H6,9M-MLP,Landed 18:57,2026-08-11 05:39:38
KUL,arrivals,2026-08-10,18:25,18:13,MH608,MAS608,SIN,Singapore Changi Airport,Malaysia Airlines (Malaysia Negaraku Livery),MH,B738,Boeing 737-8H6,9M-MXF,Landed 19:13,2026-08-11 05:39:38
KUL,arrivals,2026-08-10,18:30,18:02,OD1907,MXD1907,SBW,Sibu Airport,Batik Air,ID,B38M,Boeing 737 MAX 8,9M-LRS,Landed 19:02,2026-08-11 05:39:38
KUL,arrivals,2026-08-10,18:30,18:39,MH1335,MAS1335,TGG,Kuala Terengganu Sultan Mahmud Airport,Malaysia Airlines,MH,B738,Boeing 737-8FZ,9M-MLK,Landed 19:39,2026-08-11 05:39:38
KUL,arrivals,2026-08-10,18:35,18:34,MH850,MAS850,DPS,Denpasar Ngurah Rai International Airport,Malaysia Airlines,MH,B738,Boeing 737-8H6,9M-MXX,Landed 19:34,2026-08-11 05:39:38
KUL,arrivals,2026-08-10,18:40,18:36,MH1397,MAS1397,KBR,Kota Bharu Sultan Ismail Petra Airport,Malaysia Airlines,MH,B738,Boeing 737-8FZ,9M-FFF,Landed 19:36,2026-08-11 05:39:38
KUL,arrivals,2026-08-10,18:40,18:20,MH759,MAS759,SGN,Ho Chi Minh City International Airport,Malaysia Airlines,MH,B38M,Boeing 737 MAX 8,9M-MVK,Landed 19:20,2026-08-11 05:39:38
KUL,arrivals,2026-08-10,18:45,18:29,SQ126,SIA126,SIN,Singapore Changi Airport,Singapore Airlines,SQ,A359,Airbus A350-941,9V-SHI,Landed 19:29,2026-08-11 05:39:38
KUL,arrivals,2026-08-10,18:45,18:39,AK369,AXM369,DPS,Denpasar Ngurah Rai International Airport,AirAsia,AK,A21N,Airbus A321-251NX,9M-VAE,Landed 19:39,2026-08-11 05:39:38
KUL,arrivals,2026-08-10,18:45,18:32,AK463,AXM463,PLM,Palembang International Airport,AirAsia,AK,A320,Airbus A320-216,9M-AGC,Landed 19:32,2026-08-11 05:39:38
KUL,arrivals,2026-08-10,18:50,19:00,TG417,THA417,BKK,Bangkok Suvarnabhumi Airport,Thai Airways,TG,B789,Boeing 787-9 Dreamliner,HS-TWB,Landed 20:00,2026-08-11 05:39:38
KUL,arrivals,2026-08-10,18:50,18:41,MH2545,MAS2545,KCH,Kuching International Airport,Malaysia Airlines,MH,B738,Boeing 737-8H6,9M-MXY,Landed 19:41,2026-08-11 05:39:38
KUL,arrivals,2026-08-10,18:50,18:43,EY486,ETD7LE,AUH,Abu Dhabi Zayed International Airport,Etihad Airways,EY,B789,Boeing 787-9 Dreamliner,A6-BNB,Landed 19:43,2026-08-11 05:39:38
KUL,arrivals,2026-08-10,18:50,18:47,D7303,XAX303,HGH,Hangzhou Xiaoshan International Airport,AirAsia,AK,A333,Airbus A330-343,9M-XXJ,Landed 19:47,2026-08-11 05:39:38
KUL,arrivals,2026-08-10,18:50,18:42,AK5117,AXM5117,BKI,Kota Kinabalu International Airport,AirAsia,AK,A20N,Airbus A320-251N,9M-AGS,Landed 19:42,2026-08-11 05:39:38
KUL,arrivals,2026-08-10,18:55,19:15,OD1901,MXD1901,TWU,Tawau Airport,Batik Air,ID,B738,Boeing 737-86N,9M-LDK,Landed 20:15,2026-08-11 05:39:38
KUL,arrivals,2026-08-10,18:55,18:09,OD1727,MXD1727,BTU,Bintulu Airport,Batik Air,ID,B38M,Boeing 737 MAX 8,9M-LRT,Landed 19:09,2026-08-11 05:39:38
KUL,arrivals,2026-08-10,18:55,20:35,AK716,AXM716,SIN,Singapore Changi Airport,AirAsia,AK,A21N,Airbus A321-251NX,9M-VAD,Landed 21:35,2026-08-11 05:39:38
KUL,arrivals,2026-08-10,18:55,18:56,AK641,AXM641,DAD,Da Nang International Airport,AirAsia,AK,A320,Airbus A320-214,9M-AFE,Landed 19:56,2026-08-11 05:39:38
KUL,arrivals,2026-08-10,18:55,18:50,AK392,AXM392,KNO,Medan Kuala Namu International Airport,AirAsia,AK,A320,Airbus A320-214,9M-AHV,Landed 19:50,2026-08-11 05:39:38
KUL,arrivals,2026-08-10,19:00,19:05,MH367,MAS367,TPE,Taipei Taoyuan International Airport,Malaysia Airlines (Mumbai Indians Livery),MH,A333,Airbus A330-323,9M-MTM,Landed 20:05,2026-08-11 05:39:38
KUL,arrivals,2026-08-10,19:00,18:52,MH122,MAS122,SYD,Sydney Kingsford Smith Airport,Malaysia Airlines,MH,A339,Airbus A330-941,9M-MNJ,Landed 19:52,2026-08-11 05:39:38
KUL,arrivals,2026-08-10,19:00,18:44,HU755,CHH755,HAK,Haikou Meilan International Airport,Hainan Airlines,HU,B38M,Boeing 737 MAX 8,B-1390,Landed 19:44,2026-08-11 05:39:38
KUL,arrivals,2026-08-10,19:05,19:22,8B679,TNU679,CGK,Jakarta Soekarno Hatta International Airport,TransNusa,8B,A321,Airbus A321-211,PK-TLG,Landed 20:22,2026-08-11 05:39:38
KUL,arrivals,2026-08-10,19:05,18:32,WY823,OMA823,MCT,Muscat International Airport,Oman Air,WY,B789,Boeing 787-9 Dreamliner,A4O-SK,Landed 19:32,2026-08-11 05:39:38
KUL,arrivals,2026-08-10,19:05,19:03,MH484,MAS484,MLE,Male Velana International Airport,Malaysia Airlines,MH,B38M,Boeing 737 MAX 8,9M-MVF,Landed 20:03,2026-08-11 05:39:38
KUL,arrivals,2026-08-10,19:05,19:04,AK887,AXM887,DMK,Bangkok Don Mueang International Airport,AirAsia,AK,A320,Airbus A320-216,9M-AQO,Landed 20:04,2026-08-11 05:39:38
KUL,arrivals,2026-08-10,19:10,18:50,MH2593,MAS2593,MYY,Miri Airport,Malaysia Airlines (Malaysia Negaraku Livery),MH,B738,Boeing 737-8H6,9M-MXV,Landed 19:50,2026-08-11 05:39:38
KUL,arrivals,2026-08-10,19:10,18:46,MH148,MAS148,MEL,Melbourne Airport,Malaysia Airlines,MH,A339,Airbus A330-941,9M-MNP,Landed 19:46,2026-08-11 05:39:38
KUL,arrivals,2026-08-10,19:10,,ID7262,,KNO,Medan Kuala Namu International Airport,Batik Air,ID,738,,,Unknown,2026-08-11 05:39:38
KUL,arrivals,2026-08-10,19:10,18:53,AK6015,AXM6015,AOR,Alor Setar Sultan Abdul Halim Airport,AirAsia,AK,A320,Airbus A320-216,9M-DAF,Landed 19:53,2026-08-11 05:39:38
KUL,arrivals,2026-08-10,19:15,19:00,QZ210,AWQ210,CGK,Jakarta Soekarno Hatta International Airport,AirAsia,AK,A320,Airbus A320-216,PK-AXT,Landed 20:00,2026-08-11 05:39:38
KUL,arrivals,2026-08-10,19:15,19:15,KT169,SEJ5106,KTI,Phnom Penh Techo International Airport,AirAsia (Cambodia Livery),AK,A320,Airbus A320-214,XU-818,Landed 20:15,2026-08-11 05:39:38
KUL,arrivals,2026-08-10,19:20,19:30,AK420,AXM420,BTJ,Banda Aceh International Airport,AirAsia,AK,A20N,Airbus A320-251N,9M-AGJ,Landed 20:30,2026-08-11 05:39:38
KUL,arrivals,2026-08-10,19:25,19:10,MH2645,MAS2645,BKI,Kota Kinabalu International Airport,Malaysia Airlines,MH,B738,Boeing 737-8H6,9M-MSE,Landed 20:10,2026-08-11 05:39:38
KUL,arrivals,2026-08-10,19:25,19:28,MH1155,MAS1155,PEN,Penang International Airport,Malaysia Airlines,MH,B738,Boeing 737-8H6,9M-MLM,Landed 20:28,2026-08-11 05:39:38
KUL,arrivals,2026-08-10,19:25,19:13,MH616,MAS616,SIN,Singapore Changi Airport,Malaysia Airlines,MH,B738,Boeing 737-8H6,9M-MXG,Landed 20:13,2026-08-11 05:39:38
KUL,arrivals,2026-08-10,19:25,18:55,BI873,RBA873,BWN,Brunei International Airport,Royal Brunei Airlines (50th Anniversary sticker),BI,A20N,Airbus A320-251N,V8-RBE,Landed 19:55,2026-08-11 05:39:38
KUL,arrivals,2026-08-10,19:30,19:33,OD294,MXD294,MLE,Male Velana International Airport,Batik Air,ID,B738,Boeing 737-8GP,9M-LNP,Landed 20:33,2026-08-11 05:39:38
KUL,arrivals,2026-08-10,19:30,19:47,MH783,MAS783,BKK,Bangkok Suvarnabhumi Airport,Malaysia Airlines,MH,B38M,Boeing 737 MAX 8,9M-MVA,Landed 20:47,2026-08-11 05:39:38
KUL,arrivals,2026-08-10,19:30,19:31,MH144,MAS144,AKL,Auckland Airport,Malaysia Airlines,MH,A339,Airbus A330-941,9M-MNN,Landed 20:31,2026-08-11 05:39:38
KUL,arrivals,2026-08-10,19:30,19:17,FY2893,FFM2893,JHB,Johor Bahru Senai International Airport,Firefly,FY,B738,Boeing 737-8FZ,9M-MLG,Landed 20:17,2026-08-11 05:39:38
KUL,arrivals,2026-08-10,19:35,19:20,MH2635,MAS2635,LBU,Labuan Airport,Malaysia Airlines,MH,B738,Boeing 737-8H6,9M-MXT,Landed 20:20,2026-08-11 05:39:38
KUL,arrivals,2026-08-10,19:35,19:43,AK6439,AXM6439,KBR,Kota Bharu Sultan Ismail Petra Airport,AirAsia,AK,A320,Airbus A320-216,9M-AJZ,Landed 20:43,2026-08-11 05:39:38
KUL,arrivals,2026-08-10,19:40,20:48,MH165,MAS165,DOH,Doha Hamad International Airport,Malaysia Airlines,MH,A359,Airbus A350-941,9M-MAH,Landed 21:48,2026-08-11 05:39:38
KUL,arrivals,2026-08-10,19:40,19:25,AK6033,AXM6033,JHB,Johor Bahru Senai International Airport,AirAsia,AK,A320,Airbus A320-216,9M-RAE,Landed 20:25,2026-08-11 05:39:38
KUL,arrivals,2026-08-10,19:45,19:37,MH1058,MAS1058,JHB,Johor Bahru Senai International Airport,Malaysia Airlines,MH,B738,Boeing 737-8H6,9M-MLU,Landed 20:37,2026-08-11 05:39:38
KUL,arrivals,2026-08-10,19:45,19:57,MH791,MAS791,HKT,Phuket International Airport,Malaysia Airlines,MH,B738,Boeing 737-8H6,9M-MXM,Landed 20:57,2026-08-11 05:39:38
KUL,arrivals,2026-08-10,19:45,19:56,AK5213,AXM5213,KCH,Kuching International Airport,AirAsia,AK,A20N,Airbus A320-251N,9M-RAB,Landed 20:56,2026-08-11 05:39:38
KUL,arrivals,2026-08-10,19:45,19:39,AK5134,AXM5134,BKI,Kota Kinabalu International Airport,AirAsia,AK,A21N,Airbus A321-251NX,9M-VAG,Landed 20:39,2026-08-11 05:39:38
KUL,arrivals,2026-08-10,19:55,19:26,MH1281,MAS1281,KUA,Kuantan Sultan Haji Ahmad Shah Airport,Malaysia Airlines,MH,B738,Boeing 737-8H6,9M-MLO,Landed 20:26,2026-08-11 05:39:38
KUL,arrivals,2026-08-10,19:55,,FY2954,,PEN,Penang International Airport,Firefly,FY,738,,,Unknown,2026-08-11 05:39:38
KUL,arrivals,2026-08-10,19:55,19:39,CX729,CPA729,HKG,Hong Kong International Airport,Cathay Pacific,CX,A21N,Airbus A321-251NX,B-HPN,Landed 20:39,2026-08-11 05:39:38
KUL,arrivals,2026-08-10,20:00,19:50,6E1037,IGO1037,BLR,Bengaluru Kempegowda International Airport,IndiGo,6E,A20N,Airbus A320-251N,VT-IQU,Landed 20:50,2026-08-11 05:39:38
KUL,arrivals,2026-08-10,20:00,00:46,MH389,MAS389,PVG,Shanghai Pudong International Airport,Malaysia Airlines (Malayan Tiger Livery),MH,A333,Airbus A330-323,9M-MTG,Landed 01:46,2026-08-11 05:39:38
KUL,arrivals,2026-08-10,20:00,19:53,ID8391,BTK8391,CGK,Jakarta Soekarno Hatta International Airport,Batik Air,ID,A320,Airbus A320-214,PK-LUZ,Landed 20:53,2026-08-11 05:39:38
KUL,arrivals,2026-08-10,20:00,19:54,AK349,AXM349,YIA,Yogyakarta International Airport,AirAsia (Save Our Malayan Tiger Livery),AK,A320,Airbus A320-216,9M-AQZ,Landed 20:54,2026-08-11 05:39:38
KUL,arrivals,2026-08-10,20:05,20:17,OD529,MXD529,DMK,Bangkok Don Mueang International Airport,Batik Air,ID,B738,Boeing 737-86N,9M-LDP,Landed 21:17,2026-08-11 05:39:38
KUL,arrivals,2026-08-10,20:05,19:42,MH2665,MAS2665,TWU,Tawau Airport,Malaysia Airlines (Retro Livery),MH,B738,Boeing 737-8H6,9M-MLV,Landed 20:42,2026-08-11 05:39:38
KUL,arrivals,2026-08-10,20:10,20:05,SQ128,SIA128,SIN,Singapore Changi Airport,Singapore Airlines,SQ,B38M,Boeing 737 MAX 8,9V-MBH,Landed 21:05,2026-08-11 05:39:38
KUL,arrivals,2026-08-10,20:10,20:10,MH763,MAS763,KTI,Phnom Penh Techo International Airport,Malaysia Airlines,MH,B738,Boeing 737-8H6,9M-MSB,Landed 21:10,2026-08-11 05:39:38
KUL,arrivals,2026-08-10,20:10,19:46,AK169,AXM169,NNG,Nanning Wuxu International Airport,AirAsia,AK,A320,Airbus A320-216,9M-RAA,Landed 20:46,2026-08-11 05:39:38
KUL,arrivals,2026-08-10,20:15,19:55,MH2717,MAS2717,SBW,Sibu Airport,Malaysia Airlines (Malaysia Negaraku Livery),MH,B738,Boeing 737-8H6,9M-MXU,Landed 20:55,2026-08-11 05:39:38
KUL,arrivals,2026-08-10,20:15,20:00,AK5749,AXM5749,TWU,Tawau Airport,AirAsia,AK,A20N,Airbus A320-251N,9M-AGN,Landed 21:00,2026-08-11 05:39:38
KUL,arrivals,2026-08-10,20:20,20:00,MH2669,MAS2669,SDK,Sandakan Airport,Malaysia Airlines,MH,B738,Boeing 737-8H6,9M-MXW,Landed 21:00,2026-08-11 05:39:38
KUL,arrivals,2026-08-10,20:25,20:32,QZ326,AWQ326,SUB,Surabaya Juanda International Airport,AirAsia (Dnars Indonesia Livery),AK,A320,Airbus A320-216,PK-AZN,Landed 21:32,2026-08-11 05:39:38
KUL,arrivals,2026-08-10,20:25,19:50,AK171,AXM171,KHH,Kaohsiung International Airport,AirAsia (Resorts World Genting Livery),AK,A20N,Airbus A320-251N,9M-AGA,Landed 20:50,2026-08-11 05:39:38
KUL,arrivals,2026-08-10,20:30,20:14,OD1637,MXD1637,KCH,Kuching International Airport,Batik Air (Visit Malaysia Truly Asia 2026 Livery),ID,B38M,Boeing 737 MAX 8,9M-LRM,Landed 21:14,2026-08-11 05:39:38
KUL,arrivals,2026-08-10,20:40,20:19,MH1459,MAS1459,LGK,Langkawi International Airport,Malaysia Airlines,MH,B738,Boeing 737-8H6,9M-MXH,Landed 21:19,2026-08-11 05:39:38
KUL,arrivals,2026-08-10,20:40,20:18,AK5195,AXM5195,SDK,Sandakan Airport,AirAsia,AK,A320,Airbus A320-216,9M-AGZ,Landed 21:18,2026-08-11 05:39:38
KUL,arrivals,2026-08-10,20:40,21:41,AK335,AXM335,UPG,Makassar Sultan Hasanuddin International Airport,AirAsia (Allstars Livery),AK,A320,Airbus A320-214,9M-AFD,Landed 22:41,2026-08-11 05:39:38
KUL,arrivals,2026-08-10,20:45,20:30,TR466,TGW466,SIN,Singapore Changi Airport,Scoot,TR,A21N,Airbus A321-271NX,9V-NCM,Landed 21:30,2026-08-11 05:39:38
KUL,arrivals,2026-08-10,20:45,20:25,MH2631,MAS2631,BKI,Kota Kinabalu International Airport,Malaysia Airlines,MH,B738,Boeing 737-8H6,9M-MSA,Landed 21:25,2026-08-11 05:39:38
KUL,arrivals,2026-08-10,20:45,20:21,AK6323,AXM6323,LGK,Langkawi International Airport,AirAsia,AK,A320,Airbus A320-216,9M-AQA,Landed 21:21,2026-08-11 05:39:38
KUL,arrivals,2026-08-10,20:50,20:34,OD357,MXD357,BTH,Batam Hang Nadim Airport,Batik Air,ID,B738,Boeing 737-8GP,9M-LDC,Landed 21:34,2026-08-11 05:39:38
KUL,arrivals,2026-08-10,20:50,20:44,KE427,KAL427,ICN,Seoul Incheon International Airport,Korean Air,KE,A333,Airbus A330-323,HL8026,Landed 21:44,2026-08-11 05:39:38
KUL,arrivals,2026-08-10,20:50,21:13,EK342,UAE5JM,DXB,Dubai International Airport,Emirates,EK,A388,Airbus A380-861,A6-EOH,Landed 22:13,2026-08-11 05:39:38
KUL,arrivals,2026-08-10,20:50,20:27,CZ365,CSN365,CAN,Guangzhou Baiyun International Airport,China Southern Airlines,CZ,B38M,Boeing 737 MAX 8,B-1126,Landed 21:27,2026-08-11 05:39:38
KUL,arrivals,2026-08-10,20:50,20:26,AK6129,AXM6129,PEN,Penang International Airport,AirAsia,AK,A320,Airbus A320-216,9M-AGT,Landed 21:26,2026-08-11 05:39:38
KUL,arrivals,2026-08-10,20:50,00:27,AK305,AXM305,LOP,Lombok International Airport,AirAsia,AK,A20N,Airbus A320-251N,9M-RAJ,Landed 01:27,2026-08-11 05:39:38
KUL,arrivals,2026-08-10,20:50,06:57,AK100,AXM100,KMG,Kunming Changshui International Airport,AirAsia,AK,A20N,Airbus A320-251N,9M-AGE,Delayed 07:57,2026-08-11 05:39:38
KUL,arrivals,2026-08-10,20:55,20:55,MH775,MAS775,BKK,Bangkok Suvarnabhumi Airport,Malaysia Airlines,MH,B738,Boeing 737-8H6,9M-MLR,Landed 21:55,2026-08-11 05:39:35
KUL,arrivals,2026-08-10,20:55,20:29,MH124,MAS124,PER,Perth Airport,Malaysia Airlines,MH,B38M,Boeing 737 MAX 8,9M-MVS,Landed 21:29,2026-08-11 05:39:38
KUL,arrivals,2026-08-10,20:55,20:37,AK718,AXM718,SIN,Singapore Changi Airport,AirAsia,AK,A320,Airbus A320-216,9M-RAD,Landed 21:37,2026-08-11 05:39:38
KUL,arrivals,2026-08-10,21:00,20:41,MH874,MAS874,SUB,Surabaya Juanda International Airport,Malaysia Airlines,MH,B738,Boeing 737-8H6,9M-MLT,Landed 21:41,2026-08-11 05:39:35
KUL,arrivals,2026-08-10,21:00,21:15,AK893,AXM893,DMK,Bangkok Don Mueang International Airport,AirAsia (Persona 5 Royal Livery),AK,A320,Airbus A320-214,9M-AFF,Landed 22:15,2026-08-11 05:39:35
KUL,arrivals,2026-08-10,21:05,,MH6204,,SYD,Sydney Kingsford Smith Airport,Malaysia Airlines,MH,33X,,,Unknown,2026-08-11 05:39:35
KUL,arrivals,2026-08-10,21:20,,AK482,,BPN,Balikpapan Sepinggan Airport,AirAsia (Legend Heroes Park Livery),AK,A320,Airbus A320-216,9M-AFV,Unknown,2026-08-11 05:39:35
KUL,arrivals,2026-08-10,21:20,21:09,MH1165,MAS1165,PEN,Penang International Airport,Malaysia Airlines,MH,B738,Boeing 737-8FZ,9M-MLL,Landed 22:09,2026-08-11 05:39:35
KUL,arrivals,2026-08-10,21:20,21:16,MH852,MAS852,DPS,Denpasar Ngurah Rai International Airport,Malaysia Airlines,MH,B38M,Boeing 737 MAX 8,9M-MVQ,Landed 22:16,2026-08-11 05:39:35
KUL,arrivals,2026-08-10,21:20,21:02,MH610,MAS610,SIN,Singapore Changi Airport,Malaysia Airlines,MH,B738,Boeing 737-8H6,9M-MXE,Landed 22:02,2026-08-11 05:39:35
KUL,arrivals,2026-08-10,21:20,21:20,AK5647,AXM5647,MYY,Miri Airport,AirAsia,AK,A320,Airbus A320-216,9M-AQE,Landed 22:20,2026-08-11 05:39:35
KUL,arrivals,2026-08-10,21:20,21:09,AK482,AXM482,BPN,Balikpapan Sepinggan Airport,AirAsia (Legend Heroes Park Livery),AK,A320,Airbus A320-216,9M-AFV,Landed 22:09,2026-08-11 05:39:35
KUL,arrivals,2026-08-10,21:20,21:12,AK387,AXM387,CGK,Jakarta Soekarno Hatta International Airport,AirAsia,AK,A20N,Airbus A320-251N,9M-AGW,Landed 22:12,2026-08-11 05:39:35
KUL,arrivals,2026-08-10,21:25,21:04,MH767,MAS767,SGN,Ho Chi Minh City International Airport,Malaysia Airlines,MH,B38M,Boeing 737 MAX 8,9M-MVP,Landed 22:04,2026-08-11 05:39:35
KUL,arrivals,2026-08-10,21:25,21:23,AK720,AXM720,SIN,Singapore Changi Airport,AirAsia,AK,A21N,Airbus A321-251NX,9M-VAB,Landed 22:23,2026-08-11 05:39:35
KUL,arrivals,2026-08-10,21:30,21:51,OD806,MXD806,SIN,Singapore Changi Airport,Batik Air,ID,B738,Boeing 737-8U3,9M-LDF,Landed 22:51,2026-08-11 05:39:35
KUL,arrivals,2026-08-10,21:40,21:26,KL810,KLM810,CGK,Jakarta Soekarno Hatta International Airport,KLM,KL,B789,Boeing 787-9 Dreamliner,PH-BHI,Landed 22:26,2026-08-11 05:39:35
KUL,arrivals,2026-08-10,21:50,21:38,MH2597,MAS2597,KCH,Kuching International Airport,Malaysia Airlines,MH,B38M,Boeing 737 MAX 8,9M-MVR,Landed 22:38,2026-08-11 05:39:35
KUL,arrivals,2026-08-10,21:50,21:28,AK6039,AXM6039,JHB,Johor Bahru Senai International Airport,AirAsia,AK,A20N,Airbus A320-251N,9M-RAM,Landed 22:28,2026-08-11 05:39:35
KUL,arrivals,2026-08-10,21:50,21:57,AK379,AXM379,DPS,Denpasar Ngurah Rai International Airport,AirAsia,AK,A320,Airbus A320-216,9M-AQP,Landed 22:57,2026-08-11 05:39:35
KUL,arrivals,2026-08-10,21:55,22:26,MH781,MAS781,BKK,Bangkok Suvarnabhumi Airport,Malaysia Airlines,MH,B38M,Boeing 737 MAX 8,9M-MVD,Landed 23:26,2026-08-11 05:39:35
KUL,arrivals,2026-08-10,21:55,22:04,AK889,AXM889,DMK,Bangkok Don Mueang International Airport,AirAsia (Universiti Putra Malaysia Livery),AK,A320,Airbus A320-216,9M-AQD,Landed 23:04,2026-08-11 05:39:35
KUL,arrivals,2026-08-10,22:00,22:01,MH724,MAS724,CGK,Jakarta Soekarno Hatta International Airport,Malaysia Airlines,MH,B738,Boeing 737-8H6,9M-MXR,Landed 23:01,2026-08-11 05:39:35
KUL,arrivals,2026-08-10,22:00,,FY2575,,TWU,Tawau Airport,Firefly,FY,738,,,Unknown,2026-08-11 05:39:35
KUL,arrivals,2026-08-10,22:00,22:04,CA871,CCA871,PEK,Beijing Capital International Airport,Air China,CA,B38M,Boeing 737 MAX 8,B-1225,Landed 23:04,2026-08-11 05:39:35
KUL,arrivals,2026-08-10,22:05,21:34,3U3993,CSC3993,TFU,Chengdu Tianfu International Airport,Sichuan Airlines,3U,A21N,Airbus A321-271N,B-1056,Landed 22:34,2026-08-11 05:39:35
KUL,arrivals,2026-08-10,22:05,22:41,FM7265,CSH7265,PVG,Shanghai Pudong International Airport,Shanghai Airlines,FM,B38M,Boeing 737 MAX 8,B-1379,Landed 23:41,2026-08-11 05:39:35
KUL,arrivals,2026-08-10,22:15,22:07,MF8715,CXA8715,NKG,Nanjing Lukou International Airport,Xiamen Air,MF,B38M,Boeing 737 MAX 8,B-20E0,Landed 23:07,2026-08-11 05:39:35
KUL,arrivals,2026-08-10,22:25,01:05,HO1353,DKH1353,PVG,Shanghai Pudong International Airport,Juneyao Air,HO,A20N,Airbus A320-271N,B-324D,Landed 02:05,2026-08-11 05:39:35
KUL,arrivals,2026-08-10,22:40,22:53,MU2969,CES2969,NKG,Nanjing Lukou International Airport,China Eastern Airlines,MU,A20N,Airbus A320-251N,B-30DJ,Landed 23:53,2026-08-11 05:39:35
KUL,arrivals,2026-08-10,22:40,22:10,3U3773,CSC3773,CKG,Chongqing Jiangbei International Airport,Sichuan Airlines,3U,A20N,Airbus A320-271N,B-30E0,Landed 23:10,2026-08-11 05:39:35
KUL,arrivals,2026-08-10,22:50,06:32,8K261,KMI261,SZX,Shenzhen Bao'an International Airport,K-Mile Air,8K,B763,Boeing 767-33A(ER)(BCF),HS-KSA,Delayed 07:32,2026-08-11 05:39:35
KUL,arrivals,2026-08-10,22:50,23:45,MF823,CXA823,XMN,Xiamen Gaoqi International Airport,Xiamen Air,MF,B38M,Boeing 737 MAX 8,B-20DV,Landed 00:45,2026-08-11 05:39:35
KUL,arrivals,2026-08-10,22:55,22:47,AK354,AXM354,CGK,Jakarta Soekarno Hatta International Airport,AirAsia,AK,A320,Airbus A320-214,9M-RCG,Landed 23:47,2026-08-11 05:39:35
KUL,arrivals,2026-08-10,23:05,22:22,NH815,ANA815,NRT,Tokyo Narita International Airport,All Nippon Airways (ANA Future Promise Livery),NH,B788,Boeing 787-8 Dreamliner,JA874A,Landed 23:22,2026-08-11 05:39:35
KUL,arrivals,2026-08-10,23:05,,FY3681,,SIN,Singapore Changi Airport,Firefly,FY,738,,,Unknown,2026-08-11 05:39:35
KUL,arrivals,2026-08-10,23:10,01:08,5J501,CEB501,MNL,Manila Ninoy Aquino International Airport,Cebu Pacific,5J,A21N,Airbus A321-271NX,RP-C4127,Landed 02:08,2026-08-11 05:39:35
KUL,arrivals,2026-08-10,23:10,23:02,QW929,QDA929,TAO,Qingdao Jiaodong International Airport,Qingdao Airlines,QW,A20N,Airbus A320-271N,B-302P,Landed 00:02,2026-08-11 05:39:35
KUL,arrivals,2026-08-10,23:15,23:08,CZ5035,CSN5035,CAN,Guangzhou Baiyun International Airport,China Southern Airlines,CZ,B38M,Boeing 737 MAX 8,B-226J,Landed 00:08,2026-08-11 05:39:35
KUL,arrivals,2026-08-10,23:15,23:05,AK5219,AXM5219,KCH,Kuching International Airport,AirAsia,AK,A320,Airbus A320-214,9M-DAE,Landed 00:05,2026-08-11 05:39:35
KUL,arrivals,2026-08-10,23:20,23:12,AK5752,AXM5752,TWU,Tawau Airport,AirAsia,AK,A21N,Airbus A321-251NX,9M-XVE,Landed 00:12,2026-08-11 05:39:35
KUL,arrivals,2026-08-10,23:25,23:27,MU795,CES795,PKX,Beijing Daxing International Airport,China Eastern Airlines,MU,A20N,Airbus A320-251N,B-305Y,Landed 00:27,2026-08-11 05:39:35
KUL,arrivals,2026-08-10,23:25,,MH6163,,PVG,Shanghai Pudong International Airport,Malaysia Airlines,MH,33X,,,Unknown,2026-08-11 05:39:35
KUL,arrivals,2026-08-10,23:30,23:32,CZ5079,CSN5079,SZX,Shenzhen Bao'an International Airport,China Southern Airlines,CZ,A20N,Airbus A320-251N,B-309X,Landed 00:32,2026-08-11 05:39:35
KUL,arrivals,2026-08-10,23:35,23:21,SV840,SVA840,JED,Jeddah King Abdulaziz International Airport,Saudia (The Red Sea Stickers),SV,B78X,Boeing 787-10 Dreamliner,HZ-AR33,Landed 00:21,2026-08-11 05:39:35
KUL,arrivals,2026-08-10,23:45,23:18,AK897,AXM897,DMK,Bangkok Don Mueang International Airport,AirAsia (BIG Duty Free Livery),AK,A320,Airbus A320-214,9M-AHY,Landed 00:18,2026-08-11 05:39:35
KUL,departures,2026-08-10,00:20,00:45,CZ5036,CSN5036,CAN,Guangzhou Baiyun International Airport,China Southern Airlines,CZ,B38M,Boeing 737 MAX 8,B-20CA,Departed 01:45,2026-08-11 05:40:32
KUL,departures,2026-08-10,00:25,00:38,MU796,CES796,PKX,Beijing Daxing International Airport,China Eastern Airlines,MU,A20N,Airbus A320-251N,B-32E0,Departed 01:38,2026-08-11 05:40:32
KUL,departures,2026-08-10,00:30,00:55,CZ5080,CSN5080,SZX,Shenzhen Bao'an International Airport,China Southern Airlines,CZ,A20N,Airbus A320-251N,B-30F8,Departed 01:55,2026-08-11 05:40:32
KUL,departures,2026-08-10,00:40,,MH6126,,DOH,Doha Hamad International Airport,Malaysia Airlines,MH,33X,,,Unknown,2026-08-11 05:40:32
KUL,departures,2026-08-10,00:55,,FM862,,PVG,Shanghai Pudong International Airport,Shanghai Airlines,FM,7M8,,,Canceled,2026-08-11 05:40:32
KUL,departures,2026-08-10,01:10,,3U9102,,SZX,Shenzhen Bao'an International Airport,Sichuan Airlines,3U,321,,,Canceled,2026-08-11 05:40:32
KUL,departures,2026-08-10,01:15,01:29,SV841,SVA841,JED,Jeddah King Abdulaziz International Airport,Saudia,SV,B78X,Boeing 787-10 Dreamliner,HZ-AR26,Departed 02:29,2026-08-11 05:40:32
KUL,departures,2026-08-10,01:15,02:43,PR530,PAL530,MNL,Manila Ninoy Aquino International Airport,Philippine Airlines,PR,A321,Airbus A321-231,RP-C9928,Departed 03:43,2026-08-11 05:40:32
KUL,departures,2026-08-10,01:15,01:35,OD372,MXD372,DIL,Dili Presidente Nicolau Lobato International Airport,Batik Air,ID,B738,Boeing 737-8GP,9M-LNY,Departed 02:35,2026-08-11 05:40:32
KUL,departures,2026-08-10,01:15,01:26,EK343,UAE7Q,DXB,Dubai International Airport,Emirates,EK,A388,Airbus A380-861,A6-EEM,Departed 02:26,2026-08-11 05:40:32
KUL,departures,2026-08-10,01:20,01:32,D7532,XAX532,KIX,Osaka Kansai International Airport,AirAsia,AK,A333,Airbus A330-343,9M-XXW,Departed 02:32,2026-08-11 05:40:32
KUL,departures,2026-08-10,01:30,01:43,MF858,CXA858,XMN,Xiamen Gaoqi International Airport,Xiamen Air,MF,B738,Boeing 737-85C,B-5631,Departed 02:43,2026-08-11 05:40:32
KUL,departures,2026-08-10,01:35,,CV9521,,HKG,Hong Kong International Airport,Cargolux,CV,74Y,,,Unknown,2026-08-11 05:40:32
KUL,departures,2026-08-10,01:40,01:39,CZ8026,CSN8026,CGO,Zhengzhou Xinzheng International Airport,China Southern Airlines,CZ,B738,Boeing 737-81B,B-5715,Departed 02:39,2026-08-11 05:40:32
KUL,departures,2026-08-10,01:45,01:57,CX732,CPA732,HKG,Hong Kong International Airport,Cathay Pacific,CX,A21N,Airbus A321-251NX,B-HPK,Departed 02:57,2026-08-11 05:40:32
KUL,departures,2026-08-10,01:55,02:14,AK170,AXM170,KHH,Kaohsiung International Airport,AirAsia (Resorts World Genting Livery),AK,A20N,Airbus A320-251N,9M-AGA,Departed 03:14,2026-08-11 05:40:32
KUL,departures,2026-08-10,02:05,02:10,ZH334,CSZ334,SZX,Shenzhen Bao'an International Airport,Shenzhen Airlines,ZH,A320,Airbus A320-232,B-6935,Departed 03:10,2026-08-11 05:40:32
KUL,departures,2026-08-10,02:10,02:35,MH164,MAS164,DOH,Doha Hamad International Airport,Malaysia Airlines,MH,A359,Airbus A350-941,9M-MAH,Departed 03:35,2026-08-11 05:40:32
KUL,departures,2026-08-10,02:15,03:34,G9803,ABY803,SHJ,Sharjah International Airport,Air Arabia,G9,A21N,Airbus A321-251NX(LR),A6-ATC,Departed 04:34,2026-08-11 05:40:32
KUL,departures,2026-08-10,02:25,,MH6203,,SYD,Sydney Kingsford Smith Airport,Malaysia Airlines,MH,33X,,,Unknown,2026-08-11 05:40:32
KUL,departures,2026-08-10,03:05,03:02,SC8078,CDG8078,TNA,Jinan Yaoqiang International Airport,Shandong Airlines,SC,B38M,Boeing 737 MAX 8,B-205C,Departed 04:02,2026-08-11 05:40:32
KUL,departures,2026-08-10,03:15,04:46,BG387,BBC387,DAC,Dhaka Shahjalal International Airport,Biman Bangladesh Airlines,BG,B738,Boeing 737-83N,S2-AFL,Departed 05:46,2026-08-11 05:40:32
KUL,departures,2026-08-10,03:30,03:23,MU2566,CES2566,WUH,Wuhan Tianhe International Airport,China Eastern Airlines,MU,B738,Boeing 737-89P,B-1981,Departed 04:23,2026-08-11 05:40:32
KUL,departures,2026-08-10,04:00,04:05,AK112,AXM112,CAN,Guangzhou Baiyun International Airport,AirAsia (Tasty Malaysia Treat Livery),AK,A320,Airbus A320-216,9M-RAN,Departed 05:05,2026-08-11 05:40:32
KUL,departures,2026-08-10,04:30,06:50,TK175,THY175,IST,Istanbul Airport,Turkish Airlines,TK,A359,Airbus A350-941,TC-LGA,Departed 07:50,2026-08-11 05:40:32
KUL,departures,2026-08-10,04:30,04:53,RA416,RNA416,KTM,Kathmandu Tribhuvan International Airport,Nepal Airlines,RA,A320,Airbus A320-233,9N-AKX,Departed 05:53,2026-08-11 05:40:32
KUL,departures,2026-08-10,04:45,05:10,6E1032,IGO1032,MAA,Chennai International Airport,IndiGo,6E,A20N,Airbus A320-251N,VT-IQW,Departed 06:10,2026-08-11 05:40:32
KUL,departures,2026-08-10,05:00,05:16,MH847,MAS847,UPG,Makassar Sultan Hasanuddin International Airport,Malaysia Airlines,MH,B738,Boeing 737-8H6,9M-MSA,Departed 06:16,2026-08-11 05:40:32
KUL,departures,2026-08-10,05:00,05:06,AK5246,AXM5246,BTU,Bintulu Airport,AirAsia,AK,A320,Airbus A320-216,9M-RAD,Departed 06:06,2026-08-11 05:40:32
KUL,departures,2026-08-10,05:00,05:08,AK5744,AXM5744,TWU,Tawau Airport,AirAsia,AK,A20N,Airbus A320-251N,9M-RAB,Departed 06:08,2026-08-11 05:40:32
KUL,departures,2026-08-10,05:00,05:14,AK5108,AXM5108,BKI,Kota Kinabalu International Airport,AirAsia,AK,A20N,Airbus A320-251N,9M-AGB,Departed 06:14,2026-08-11 05:40:32
KUL,departures,2026-08-10,05:00,05:02,AK890,AXM890,DMK,Bangkok Don Mueang International Airport,AirAsia (Save Our Malayan Tiger Livery),AK,A320,Airbus A320-216,9M-AQZ,Departed 06:02,2026-08-11 05:40:32
KUL,departures,2026-08-10,05:05,05:17,AK5192,AXM5192,SDK,Sandakan Airport,AirAsia,AK,A320,Airbus A320-216,9M-RAA,Departed 06:17,2026-08-11 05:40:32
KUL,departures,2026-08-10,05:10,05:11,AK701,AXM701,SIN,Singapore Changi Airport,AirAsia,AK,A21N,Airbus A321-251NX,9M-VAB,Departed 06:11,2026-08-11 05:40:32
KUL,departures,2026-08-10,05:10,05:22,AK11,AXM11,MAA,Chennai International Airport,AirAsia,AK,A20N,Airbus A320-251N,9M-AGG,Departed 06:22,2026-08-11 05:40:32
KUL,departures,2026-08-10,05:25,,MH6203,,SYD,Sydney Kingsford Smith Airport,Malaysia Airlines,MH,33X,,,Unknown,2026-08-11 05:40:32
KUL,departures,2026-08-10,05:25,05:27,AK5876,AXM5876,SBW,Sibu Airport,AirAsia (100th Awesome Plane Livery),AK,A320,Airbus A320-216,9M-AQH,Departed 06:27,2026-08-11 05:40:32
KUL,departures,2026-08-10,05:30,05:31,AK5651,AXM5651,MYY,Miri Airport,AirAsia,AK,A320,Airbus A320-216,9M-DAF,Departed 06:31,2026-08-11 05:40:32
KUL,departures,2026-08-10,05:40,05:46,AK6124,AXM6124,PEN,Penang International Airport,AirAsia,AK,A320,Airbus A320-216,9M-AGT,Departed 06:46,2026-08-11 05:40:32
KUL,departures,2026-08-10,05:45,06:06,OD398,MXD398,CGK,Jakarta Soekarno Hatta International Airport,Batik Air,ID,B738,Boeing 737-8GP,9M-LNR,Departed 07:06,2026-08-11 05:40:32
KUL,departures,2026-08-10,05:45,06:00,FY2720,FFM2720,KBR,Kota Bharu Sultan Ismail Petra Airport,Firefly,FY,B738,Boeing 737-8FZ,9M-MLJ,Departed 07:00,2026-08-11 05:40:32
KUL,departures,2026-08-10,05:50,04:42,3U9054,,NNG,Nanning Wuxu International Airport,Sichuan Airlines,3U,A321,Airbus A321-231(PCF),B-32JG,Estimated dep 05:42*,2026-08-11 05:40:32
KUL,departures,2026-08-10,05:50,,FY2530,,BKI,Kota Kinabalu International Airport,Firefly,FY,738,,,Unknown,2026-08-11 05:40:32
KUL,departures,2026-08-10,05:50,06:26,AI2385,AIC2385,DEL,Delhi Indira Gandhi International Airport,Air India,AI,A20N,Airbus A320-251N,VT-EXH,Departed 07:26,2026-08-11 05:40:32
KUL,departures,2026-08-10,06:00,06:18,TK397,THY397,IST,Istanbul Airport,Turkish Airlines,TK,A359,Airbus A350-941,TC-LHD,Departed 07:18,2026-08-11 05:40:32
KUL,departures,2026-08-10,06:00,06:16,AK5202,AXM5202,KCH,Kuching International Airport,AirAsia (Let’s Fly To Terengganu Livery),AK,A320,Airbus A320-216,9M-AJS,Departed 07:16,2026-08-11 05:40:32
KUL,departures,2026-08-10,06:00,06:11,AK380,AXM380,CGK,Jakarta Soekarno Hatta International Airport,AirAsia,AK,A320,Airbus A320-216,9M-AQE,Departed 07:11,2026-08-11 05:40:32
KUL,departures,2026-08-10,06:05,06:12,TR457,TGW457,SIN,Singapore Changi Airport,Scoot,TR,A320,Airbus A320-232,9V-TRV,Departed 07:12,2026-08-11 05:40:32
KUL,departures,2026-08-10,06:05,,FM864,,PVG,Shanghai Pudong International Airport,Shanghai Airlines,FM,7M8,,,Canceled,2026-08-11 05:40:32
KUL,departures,2026-08-10,06:05,06:13,AK520,AXM520,SGN,Ho Chi Minh City International Airport,AirAsia,AK,A20N,Airbus A320-251N,9M-AGE,Departed 07:13,2026-08-11 05:40:32
KUL,departures,2026-08-10,06:15,06:36,NH816,ANA816,NRT,Tokyo Narita International Airport,All Nippon Airways,NH,B788,Boeing 787-8 Dreamliner,JA831A,Departed 07:36,2026-08-11 05:40:32
KUL,departures,2026-08-10,06:15,06:08,AK6430,AXM6430,KBR,Kota Bharu Sultan Ismail Petra Airport,AirAsia (Legend Heroes Park Livery),AK,A320,Airbus A320-216,9M-AFV,Departed 07:08,2026-08-11 05:40:32
KUL,departures,2026-08-10,06:15,06:33,AK6224,AXM6224,TGG,Kuala Terengganu Sultan Mahmud Airport,AirAsia,AK,A320,Airbus A320-216,9M-AQO,Departed 07:33,2026-08-11 05:40:32
KUL,departures,2026-08-10,06:15,06:17,AK6020,AXM6020,AOR,Alor Setar Sultan Abdul Halim Airport,AirAsia (Sarawak Livery),AK,A320,Airbus A320-216,9M-AJD,Departed 07:17,2026-08-11 05:40:32
KUL,departures,2026-08-10,06:15,06:15,AK6048,AXM6048,JHB,Johor Bahru Senai International Airport,AirAsia,AK,A20N,Airbus A320-251N,9M-AGQ,Departed 07:15,2026-08-11 05:40:32
KUL,departures,2026-08-10,06:15,06:20,AK5104,AXM5104,BKI,Kota Kinabalu International Airport,AirAsia,AK,A21N,Airbus A321-251NX,9M-XVE,Departed 07:20,2026-08-11 05:40:32
KUL,departures,2026-08-10,06:15,06:22,AK442,AXM442,BDJ,Banjarmasin Syamsudin Noor Airport,AirAsia (Universiti Teknologi Malaysia Livery),AK,A320,Airbus A320-216,9M-AJE,Departed 07:22,2026-08-11 05:40:32
KUL,departures,2026-08-10,06:15,06:28,AK138,AXM138,HKG,Hong Kong International Airport,AirAsia,AK,A20N,Airbus A320-251N,9M-RAJ,Departed 07:28,2026-08-11 05:40:32
KUL,departures,2026-08-10,06:20,06:48,OD1632,MXD1632,KCH,Kuching International Airport,Batik Air,ID,B738,Boeing 737-8GP,9M-LDC,Departed 07:48,2026-08-11 05:40:32
KUL,departures,2026-08-10,06:20,06:39,MH2542,MAS2542,KCH,Kuching International Airport,Malaysia Airlines,MH,B38M,Boeing 737 MAX 8,9M-MVN,Departed 07:39,2026-08-11 05:40:32
KUL,departures,2026-08-10,06:20,06:31,MH713,MAS713,CGK,Jakarta Soekarno Hatta International Airport,Malaysia Airlines,MH,B38M,Boeing 737 MAX 8,9M-MVD,Departed 07:31,2026-08-11 05:40:32
KUL,departures,2026-08-10,06:20,06:26,AK703,AXM703,SIN,Singapore Changi Airport,AirAsia,AK,A320,Airbus A320-216,9M-AGU,Departed 07:26,2026-08-11 05:40:32
KUL,departures,2026-08-10,06:25,06:41,MU7708,CES7708,NKG,Nanjing Lukou International Airport,China Eastern Airlines,MU,A20N,Airbus A320-251N,B-301Z,Departed 07:41,2026-08-11 05:40:32
KUL,departures,2026-08-10,06:25,06:43,MH871,MAS871,SUB,Surabaya Juanda International Airport,Malaysia Airlines,MH,B738,Boeing 737-8H6,9M-MXW,Departed 07:43,2026-08-11 05:40:32
KUL,departures,2026-08-10,06:30,06:54,OD1002,MXD1002,BKI,Kota Kinabalu International Airport,Batik Air,ID,B38M,Boeing 737 MAX 8,9M-LRT,Departed 07:54,2026-08-11 05:40:32
KUL,departures,2026-08-10,06:40,06:53,D7302,XAX302,HGH,Hangzhou Xiaoshan International Airport,AirAsia,AK,A333,Airbus A330-343,9M-XXJ,Departed 07:53,2026-08-11 05:40:28
KUL,departures,2026-08-10,06:40,06:30,AK6114,AXM6114,PEN,Penang International Airport,AirAsia,AK,A320,Airbus A320-216,9M-DAG,Departed 07:30,2026-08-11 05:40:28
KUL,departures,2026-08-10,06:50,07:04,MH601,MAS601,SIN,Singapore Changi Airport,Malaysia Airlines,MH,B38M,Boeing 737 MAX 8,9M-MVM,Departed 08:04,2026-08-11 05:40:28
KUL,departures,2026-08-10,07:00,07:13,OD2102,MXD2102,PEN,Penang International Airport,Batik Air (Visit Malaysia Truly Asia 2026 Livery),ID,B38M,Boeing 737 MAX 8,9M-LRL,Departed 08:13,2026-08-11 05:40:28
KUL,departures,2026-08-10,07:00,07:06,MH841,MAS841,PKU,Pekanbaru Sultan Syarif Kasim II Airport,Malaysia Airlines,MH,B738,Boeing 737-8H6,9M-MLS,Departed 08:06,2026-08-11 05:40:28
KUL,departures,2026-08-10,07:00,07:00,MF824,CXA824,XMN,Xiamen Gaoqi International Airport,Xiamen Air,MF,B38M,Boeing 737 MAX 8,B-226U,Departed 08:00,2026-08-11 05:40:28
KUL,departures,2026-08-10,07:00,07:38,AK5106,AXM5106,BKI,Kota Kinabalu International Airport,AirAsia,AK,A320,Airbus A320-216,9M-RAE,Departed 08:38,2026-08-11 05:40:28
KUL,departures,2026-08-10,07:05,07:19,MH2612,MAS2612,BKI,Kota Kinabalu International Airport,Malaysia Airlines,MH,B38M,Boeing 737 MAX 8,9M-MVQ,Departed 08:19,2026-08-11 05:40:28
KUL,departures,2026-08-10,07:05,07:12,MH2608,MAS2608,LBU,Labuan Airport,Malaysia Airlines,MH,B738,Boeing 737-8H6,9M-MXY,Departed 08:12,2026-08-11 05:40:28
KUL,departures,2026-08-10,07:05,07:21,MH1138,MAS1138,PEN,Penang International Airport,Malaysia Airlines,MH,B738,Boeing 737-8FZ,9M-FFF,Departed 08:21,2026-08-11 05:40:28
KUL,departures,2026-08-10,07:05,07:15,CZ366,CSN366,CAN,Guangzhou Baiyun International Airport,China Southern Airlines,CZ,B38M,Boeing 737 MAX 8,B-205L,Departed 08:15,2026-08-11 05:40:28
KUL,departures,2026-08-10,07:05,07:34,AK472,AXM472,BTH,Batam Hang Nadim Airport,AirAsia,AK,A320,Airbus A320-214,9M-RCG,Departed 08:34,2026-08-11 05:40:28
KUL,departures,2026-08-10,07:10,07:24,MH806,MAS806,MNL,Manila Ninoy Aquino International Airport,Malaysia Airlines,MH,B38M,Boeing 737 MAX 8,9M-MVH,Departed 08:24,2026-08-11 05:40:28
KUL,departures,2026-08-10,07:10,07:17,FY3970,FFM3970,HAK,Haikou Meilan International Airport,Firefly,FY,B738,Boeing 737-8FZ,9M-MLF,Departed 08:17,2026-08-11 05:40:28
KUL,departures,2026-08-10,07:10,07:26,CX730,CPA730,HKG,Hong Kong International Airport,Cathay Pacific,CX,A21N,Airbus A321-251NX,B-HPR,Departed 08:26,2026-08-11 05:40:28
KUL,departures,2026-08-10,07:10,07:28,AK880,AXM880,DMK,Bangkok Don Mueang International Airport,AirAsia,AK,A20N,Airbus A320-251N,9M-AGS,Departed 08:28,2026-08-11 05:40:28
KUL,departures,2026-08-10,07:15,08:48,OD801,MXD801,SIN,Singapore Changi Airport,Batik Air,ID,B38M,Boeing 737 MAX 8,9M-LRD,Departed 09:48,2026-08-11 05:40:28
KUL,departures,2026-08-10,07:15,07:32,MH1384,MAS1384,KBR,Kota Bharu Sultan Ismail Petra Airport,Malaysia Airlines,MH,B738,Boeing 737-8H6,9M-MXG,Departed 08:32,2026-08-11 05:40:28
KUL,departures,2026-08-10,07:20,07:36,MH2742,MAS2742,BTU,Bintulu Airport,Malaysia Airlines (Malaysia Negaraku Livery),MH,B738,Boeing 737-8H6,9M-MXV,Departed 08:36,2026-08-11 05:40:28
KUL,departures,2026-08-10,07:20,07:45,AK582,AXM582,MNL,Manila Ninoy Aquino International Airport,AirAsia,AK,A20N,Airbus A320-251N,9M-AGF,Departed 08:45,2026-08-11 05:40:28
KUL,departures,2026-08-10,07:25,07:23,AK6436,AXM6436,KBR,Kota Bharu Sultan Ismail Petra Airport,AirAsia,AK,A320,Airbus A320-216,9M-AQA,Departed 08:23,2026-08-11 05:40:28
KUL,departures,2026-08-10,07:30,,FY2812,,KCH,Kuching International Airport,Firefly,FY,738,,,Unknown,2026-08-11 05:40:28
KUL,departures,2026-08-10,07:30,07:40,AK6306,AXM6306,LGK,Langkawi International Airport,AirAsia,AK,A20N,Airbus A320-251N,9M-AGL,Departed 08:40,2026-08-11 05:40:28
KUL,departures,2026-08-10,07:30,07:38,AK705,AXM705,SIN,Singapore Changi Airport,AirAsia,AK,A21N,Airbus A321-251NX,9M-VAE,Departed 08:38,2026-08-11 05:40:28
KUL,departures,2026-08-10,07:35,07:41,QZ201,AWQ201,CGK,Jakarta Soekarno Hatta International Airport,AirAsia,AK,A320,Airbus A320-216,PK-AZO,Departed 08:41,2026-08-11 05:40:28
KUL,departures,2026-08-10,07:35,08:34,AK6144,AXM6144,PEN,Penang International Airport,AirAsia,AK,A320,Airbus A320-216,9M-RAU,Departed 09:34,2026-08-11 05:40:28
KUL,departures,2026-08-10,07:35,07:48,AK5198,AXM5198,SDK,Sandakan Airport,AirAsia,AK,A20N,Airbus A320-251N,9M-AGJ,Departed 08:48,2026-08-11 05:40:28
KUL,departures,2026-08-10,07:35,08:50,AK74,AXM74,MLE,Male Velana International Airport,AirAsia,AK,A21N,Airbus A321-251NX,9M-VAB,Departed 09:50,2026-08-11 05:40:28
KUL,departures,2026-08-10,07:40,07:50,QZ125,AWQ125,KNO,Medan Kuala Namu International Airport,AirAsia,AK,A320,Airbus A320-216,PK-AZT,Departed 08:50,2026-08-11 05:40:28
KUL,departures,2026-08-10,07:40,08:25,AK543,AXM543,PQC,Phu Quoc International Airport,AirAsia,AK,A320,Airbus A320-214,9M-RCB,Departed 09:25,2026-08-11 05:40:28
KUL,departures,2026-08-10,07:45,12:13,MH388,MAS388,PVG,Shanghai Pudong International Airport,Malaysia Airlines (Malayan Tiger Livery),MH,A333,Airbus A330-323,9M-MTG,Departed 13:13,2026-08-11 05:40:28
KUL,departures,2026-08-10,07:45,07:55,AK188,AXM188,MFM,Macau International Airport,AirAsia,AK,A20N,Airbus A320-251N,9M-RAP,Departed 08:55,2026-08-11 05:40:28
KUL,departures,2026-08-10,07:50,08:17,8B676,TNU676,CGK,Jakarta Soekarno Hatta International Airport,TransNusa,8B,A321,Airbus A321-211,PK-TLG,Departed 09:17,2026-08-11 05:40:28
KUL,departures,2026-08-10,07:50,07:55,UL319,ALK319,CMB,Colombo Bandaranaike International Airport,SriLankan Airlines,UL,A320,Airbus A320-214,4R-ABN,Departed 08:55,2026-08-11 05:40:28
KUL,departures,2026-08-10,07:50,08:38,AK6051,AXM6051,JHB,Johor Bahru Senai International Airport,AirAsia,AK,A320,Airbus A320-216,9M-AQS,Departed 09:38,2026-08-11 05:40:28
KUL,departures,2026-08-10,07:55,08:09,SQ103,SIA103,SIN,Singapore Changi Airport,Singapore Airlines,SQ,B38M,Boeing 737 MAX 8,9V-MBI,Departed 09:09,2026-08-11 05:40:28
KUL,departures,2026-08-10,07:55,08:05,MH2574,MAS2574,MYY,Miri Airport,Malaysia Airlines,MH,B738,Boeing 737-8H6,9M-MLR,Departed 09:05,2026-08-11 05:40:28
KUL,departures,2026-08-10,07:55,08:18,MH125,MAS125,PER,Perth Airport,Malaysia Airlines,MH,B38M,Boeing 737 MAX 8,9M-MVS,Departed 09:18,2026-08-11 05:40:28
KUL,departures,2026-08-10,07:55,08:12,ID8390,BTK8390,CGK,Jakarta Soekarno Hatta International Airport,Batik Air,ID,A320,Airbus A320-232,PK-BLB,Departed 09:12,2026-08-11 05:40:28
KUL,departures,2026-08-10,08:00,13:27,OD306,MXD306,DPS,Denpasar Ngurah Rai International Airport,Batik Air,ID,B738,Boeing 737-8GP,9M-LNR,Departed 14:27,2026-08-11 05:40:28
KUL,departures,2026-08-10,08:00,08:13,MH784,MAS784,BKK,Bangkok Suvarnabhumi Airport,Malaysia Airlines,MH,B38M,Boeing 737 MAX 8,9M-MVP,Departed 09:13,2026-08-11 05:40:28
KUL,departures,2026-08-10,08:00,08:11,MH754,MAS754,KTI,Phnom Penh Techo International Airport,Malaysia Airlines,MH,B738,Boeing 737-8H6,9M-MXM,Departed 09:11,2026-08-11 05:40:28
KUL,departures,2026-08-10,08:00,08:07,MH750,MAS750,SGN,Ho Chi Minh City International Airport,Malaysia Airlines,MH,B38M,Boeing 737 MAX 8,9M-MVA,Departed 09:07,2026-08-11 05:40:28
KUL,departures,2026-08-10,08:00,08:22,MH715,MAS715,DPS,Denpasar Ngurah Rai International Airport,Malaysia Airlines (Oneworld Livery),MH,A333,Airbus A330-323,9M-MTE,Departed 09:22,2026-08-11 05:40:28
KUL,departures,2026-08-10,08:00,08:15,MH711,MAS711,CGK,Jakarta Soekarno Hatta International Airport,Malaysia Airlines,MH,B38M,Boeing 737 MAX 8,9M-MVL,Departed 09:15,2026-08-11 05:40:28
KUL,departures,2026-08-10,08:00,08:44,MH376,MAS376,CAN,Guangzhou Baiyun International Airport,Malaysia Airlines (Malaysia Negaraku Livery),MH,A332,Airbus A330-223,9M-MTZ,Departed 09:44,2026-08-11 05:40:28
KUL,departures,2026-08-10,08:00,08:51,MH133,MAS133,AKL,Auckland Airport,Malaysia Airlines,MH,A339,Airbus A330-941,9M-MNL,Departed 09:51,2026-08-11 05:40:28
KUL,departures,2026-08-10,08:00,08:35,FY2953,FFM2953,PEN,Penang International Airport,Firefly,FY,B738,Boeing 737-8FZ,9M-MLH,Departed 09:35,2026-08-11 05:40:28
KUL,departures,2026-08-10,08:00,07:59,AK5746,AXM5746,TWU,Tawau Airport,AirAsia,AK,A320,Airbus A320-216,9M-AGZ,Departed 08:59,2026-08-11 05:40:28
KUL,departures,2026-08-10,08:00,08:05,AK364,AXM364,DPS,Denpasar Ngurah Rai International Airport,"AirAsia (3, 2,1, Take Off Livery)",AK,A21N,Airbus A321-251NX,9M-VAA,Departed 09:05,2026-08-11 05:40:28
KUL,departures,2026-08-10,08:05,08:20,MH611,MAS611,SIN,Singapore Changi Airport,Malaysia Airlines,MH,B738,Boeing 737-8H6,9M-MXQ,Departed 09:20,2026-08-11 05:40:28
KUL,departures,2026-08-10,08:10,08:36,QZ321,AWQ321,SUB,Surabaya Juanda International Airport,AirAsia (Dnars Indonesia Livery),AK,A320,Airbus A320-216,PK-AZN,Departed 09:36,2026-08-11 05:40:28
KUL,departures,2026-08-10,08:10,08:24,MH786,MAS786,HKT,Phuket International Airport,Malaysia Airlines (Retro Livery),MH,B738,Boeing 737-8H6,9M-MLV,Departed 09:24,2026-08-11 05:40:28
KUL,departures,2026-08-10,08:10,08:30,MH141,MAS141,SYD,Sydney Kingsford Smith Airport,Malaysia Airlines,MH,A339,Airbus A330-941,9M-MNI,Departed 09:30,2026-08-11 05:40:28
KUL,departures,2026-08-10,08:10,08:28,MH72,MAS072,HKG,Hong Kong International Airport,Malaysia Airlines,MH,B38M,Boeing 737 MAX 8,9M-MVB,Departed 09:28,2026-08-11 05:40:28
KUL,departures,2026-08-10,08:10,08:40,MH102,MAS102,DAC,Dhaka Shahjalal International Airport,Malaysia Airlines,MH,B38M,Boeing 737 MAX 8,9M-MVC,Departed 09:40,2026-08-11 05:40:28
KUL,departures,2026-08-10,08:10,,ID7267,,LOP,Lombok International Airport,Batik Air,ID,738,,,Unknown,2026-08-11 05:40:28
KUL,departures,2026-08-10,08:10,08:37,ID7263,BTK7263,KNO,Medan Kuala Namu International Airport,Batik Air,ID,B738,Boeing 737-8GP,PK-LZZ,Departed 09:37,2026-08-11 05:40:28
KUL,departures,2026-08-10,08:10,08:11,AK727,AXM727,SIN,Singapore Changi Airport,AirAsia (Universiti Putra Malaysia Livery),AK,A320,Airbus A320-216,9M-AQD,Departed 09:11,2026-08-11 05:40:28
KUL,departures,2026-08-10,08:15,08:27,MH2610,MAS2610,BKI,Kota Kinabalu International Airport,Malaysia Airlines,MH,B738,Boeing 737-8H6,9M-MSB,Departed 09:27,2026-08-11 05:40:28
KUL,departures,2026-08-10,08:15,08:32,MH366,MAS366,TPE,Taipei Taoyuan International Airport,Malaysia Airlines (Mumbai Indians Livery),MH,A333,Airbus A330-323,9M-MTM,Departed 09:32,2026-08-11 05:40:28
KUL,departures,2026-08-10,08:15,08:19,D7220,XAX220,SYD,Sydney Kingsford Smith Airport,AirAsia (Visit Malaysia 2026 Truly Asia Sticker),AK,A333,Airbus A330-343,9M-XBF,Departed 09:19,2026-08-11 05:40:28
KUL,departures,2026-08-10,08:15,08:52,AK642,AXM642,DAD,Da Nang International Airport,AirAsia,AK,A320,Airbus A320-214,9M-AJG,Departed 09:52,2026-08-11 05:40:28
KUL,departures,2026-08-10,08:20,08:53,MH129,MAS129,MEL,Melbourne Airport,Malaysia Airlines,MH,A339,Airbus A330-941,9M-MNO,Departed 09:53,2026-08-11 05:40:28
KUL,departures,2026-08-10,08:20,09:23,D7378,XAX378,TPE,Taipei Taoyuan International Airport,AirAsia,AK,A333,Airbus A330-343,9M-XXE,Departed 10:23,2026-08-11 05:40:28
KUL,departures,2026-08-10,08:20,08:43,AK5204,AXM5204,KCH,Kuching International Airport,AirAsia (Longjack Orang Kampung Livery),AK,A320,Airbus A320-216,9M-AJA,Departed 09:43,2026-08-11 05:40:28
KUL,departures,2026-08-10,08:25,08:41,MH1432,MAS1432,LGK,Langkawi International Airport,Malaysia Airlines,MH,B738,Boeing 737-8H6,9M-MXT,Departed 09:41,2026-08-11 05:40:28
KUL,departures,2026-08-10,08:25,08:43,MH182,MAS182,MAA,Chennai International Airport,Malaysia Airlines,MH,B38M,Boeing 737 MAX 8,9M-MVG,Departed 09:43,2026-08-11 05:40:28
KUL,departures,2026-08-10,08:25,08:33,AK6142,AXM6142,PEN,Penang International Airport,AirAsia (Watsons Livery),AK,A320,Airbus A320-214,9M-AHX,Departed 09:33,2026-08-11 05:40:28
KUL,departures,2026-08-10,08:25,08:54,AK452,AXM452,SRG,Semarang Achmad Yani International Airport,AirAsia,AK,A320,Airbus A320-216,9M-AQP,Departed 09:54,2026-08-11 05:40:28
KUL,departures,2026-08-10,08:30,08:46,WY822,OMA822,MCT,Muscat International Airport,Oman Air,WY,B789,Boeing 787-9 Dreamliner,A4O-SH,Departed 09:46,2026-08-11 05:40:28
KUL,departures,2026-08-10,08:30,09:15,QR845,QTR36A,DOH,Doha Hamad International Airport,Qatar Airways (25 Years of Excellence Sticker),QR,B77W,Boeing 777-3DZ(ER),A7-BEE,Departed 10:15,2026-08-11 05:40:28
KUL,departures,2026-08-10,08:30,09:24,OD1900,MXD1900,TWU,Tawau Airport,Batik Air,ID,B738,Boeing 737-86N,9M-LDK,Departed 10:24,2026-08-11 05:40:28
KUL,departures,2026-08-10,08:30,08:46,AK5872,AXM5872,SBW,Sibu Airport,AirAsia (Allstars Livery),AK,A320,Airbus A320-214,9M-AFD,Departed 09:46,2026-08-11 05:40:28
KUL,departures,2026-08-10,08:35,08:57,MH752,MAS752,HAN,Hanoi Noi Bai International Airport,Malaysia Airlines,MH,B38M,Boeing 737 MAX 8,9M-MVO,Departed 09:57,2026-08-11 05:40:28
KUL,departures,2026-08-10,08:35,08:39,AK462,AXM462,PLM,Palembang International Airport,AirAsia (Persona 5 Royal Livery),AK,A320,Airbus A320-214,9M-AFF,Departed 09:39,2026-08-11 05:40:28
KUL,departures,2026-08-10,08:40,08:49,AK346,AXM346,YIA,Yogyakarta International Airport,AirAsia (General Electric Livery),AK,A320,Airbus A320-216,9M-AQB,Departed 09:49,2026-08-11 05:40:28
KUL,departures,2026-08-10,08:45,08:50,MY5002,BNE5002,KCH,Kuching International Airport,AirBorneo,MY,B738,Boeing 737-8U3,9M-LCV,Departed 09:50,2026-08-11 05:40:28
KUL,departures,2026-08-10,08:50,,OD522,,DMK,Bangkok Don Mueang International Airport,Batik Air Malaysia,OD,738,,,Unknown,2026-08-11 05:40:28
KUL,departures,2026-08-10,08:50,09:06,TK63,THY48L,IST,Istanbul Airport,Turkish Airlines,TK,A359,Airbus A350-941,TC-LGI,Departed 10:06,2026-08-11 05:40:28
KUL,departures,2026-08-10,08:50,09:21,OD522,MXD522,DMK,Bangkok Don Mueang International Airport,Batik Air,ID,B738,Boeing 737-8U3,9M-LDF,Departed 10:21,2026-08-11 05:40:28
KUL,departures,2026-08-10,08:50,09:04,MH772,MAS772,CNX,Chiang Mai International Airport,Malaysia Airlines,MH,B38M,Boeing 737 MAX 8,9M-MVI,Departed 10:04,2026-08-11 05:40:28
KUL,departures,2026-08-10,08:50,09:26,MH70,MAS70,NRT,Tokyo Narita International Airport,Malaysia Airlines (Oneworld Livery),MH,A333,Airbus A330-323,9M-MTO,Departed 10:26,2026-08-11 05:40:28
KUL,departures,2026-08-10,08:50,09:01,MH4,MAS4,LHR,London Heathrow Airport,Malaysia Airlines,MH,A359,Airbus A350-941,9M-MAD,Departed 10:01,2026-08-11 05:40:28
KUL,departures,2026-08-10,08:50,09:55,EY489,ETD7NW,AUH,Abu Dhabi Zayed International Airport,Etihad Airways,EY,B789,Boeing 787-9 Dreamliner,A6-BNC,Departed 10:55,2026-08-11 05:40:28
KUL,departures,2026-08-10,09:00,09:17,OD1722,MXD1722,BTU,Bintulu Airport,Batik Air,ID,B38M,Boeing 737 MAX 8,9M-LRK,Departed 10:17,2026-08-11 05:40:28
KUL,departures,2026-08-10,09:00,10:20,MH717,MAS717,CGK,Jakarta Soekarno Hatta International Airport,Malaysia Airlines,MH,B738,Boeing 737-8H6,9M-MLO,Departed 11:20,2026-08-11 05:40:28
KUL,departures,2026-08-10,09:00,09:36,D7604,XAX604,SAW,Istanbul Sabiha Gokcen International Airport,AirAsia,AK,A333,Airbus A330-343,9M-XXY,Departed 10:36,2026-08-11 05:40:28
KUL,departures,2026-08-10,09:00,09:02,AK6042,AXM6042,JHB,Johor Bahru Senai International Airport,AirAsia,AK,A20N,Airbus A320-251N,9M-AGH,Departed 10:02,2026-08-11 05:40:28
KUL,departures,2026-08-10,09:00,09:04,AK492,AXM492,PNK,Pontianak Supadio Airport,AirAsia,AK,A320,Airbus A320-216,9M-AJZ,Departed 10:04,2026-08-11 05:40:28
KUL,departures,2026-08-10,09:05,09:14,AK6222,AXM6222,TGG,Kuala Terengganu Sultan Mahmud Airport,AirAsia,AK,A320,Airbus A320-216,9M-AGT,Departed 10:14,2026-08-11 05:40:28
KUL,departures,2026-08-10,09:10,09:28,9C6922,CQH6922,CAN,Guangzhou Baiyun International Airport,Spring Airlines,9C,A20N,Airbus A320-251N,B-30D3,Departed 10:28,2026-08-11 05:40:28
KUL,departures,2026-08-10,09:10,09:30,OD571,MXD571,HAN,Hanoi Noi Bai International Airport,Batik Air,ID,B38M,Boeing 737 MAX 8,9M-LRU,Departed 10:30,2026-08-11 05:40:28
KUL,departures,2026-08-10,09:10,09:20,MH627,MAS627,SIN,Singapore Changi Airport,Malaysia Airlines,MH,B738,Boeing 737-8H6,9M-MLT,Departed 10:20,2026-08-11 05:40:28
KUL,departures,2026-08-10,09:10,09:41,MH704,MAS704,MNL,Manila Ninoy Aquino International Airport,Malaysia Airlines,MH,B738,Boeing 737-8H6,9M-MXL,Departed 10:41,2026-08-11 05:40:28
KUL,departures,2026-08-10,09:10,09:23,MH485,MAS485,MLE,Male Velana International Airport,Malaysia Airlines,MH,B38M,Boeing 737 MAX 8,9M-MVF,Departed 10:23,2026-08-11 05:40:28
KUL,departures,2026-08-10,09:10,10:43,AK5110,AXM5110,BKI,Kota Kinabalu International Airport,AirAsia,AK,A21N,Airbus A321-251NX,9M-VAD,Departed 11:43,2026-08-11 05:40:28
KUL,departures,2026-08-10,09:10,10:01,AK832,AXM832,HKT,Phuket International Airport,AirAsia,AK,A320,Airbus A320-216,9M-AQO,Departed 11:01,2026-08-11 05:40:28
KUL,departures,2026-08-10,09:10,09:12,AK204,AXM204,CXR,Nha Trang Cam Ranh International Airport,AirAsia,AK,A20N,Airbus A320-251N,9M-AGQ,Departed 10:12,2026-08-11 05:40:28
KUL,departures,2026-08-10,09:15,10:47,OD605,MXD605,HKG,Hong Kong International Airport,Batik Air,ID,B738,Boeing 737-8GP,9M-LNZ,Departed 11:47,2026-08-11 05:40:25
KUL,departures,2026-08-10,09:15,09:50,OD293,MXD293,MLE,Male Velana International Airport,Batik Air,ID,B738,Boeing 737-8GP,9M-LNP,Departed 10:50,2026-08-11 05:40:28
KUL,departures,2026-08-10,09:20,09:46,EK345,UAE8Y,DXB,Dubai International Airport,Emirates,EK,B77W,Boeing 777-31H(ER),A6-EBR,Departed 10:46,2026-08-11 05:40:25
KUL,departures,2026-08-10,09:20,09:39,AK707,AXM707,SIN,Singapore Changi Airport,AirAsia,AK,A20N,Airbus A320-251N,9M-AGW,Departed 10:39,2026-08-11 05:40:25
KUL,departures,2026-08-10,09:25,09:44,SQ105,SIA105,SIN,Singapore Changi Airport,Singapore Airlines,SQ,A359,Airbus A350-941,9V-SMU,Departed 10:44,2026-08-11 05:40:25
KUL,departures,2026-08-10,09:25,09:43,MH2710,MAS2710,SDK,Sandakan Airport,Malaysia Airlines,MH,B738,Boeing 737-8H6,9M-MLU,Departed 10:43,2026-08-11 05:40:25
KUL,departures,2026-08-10,09:30,10:12,OD803,MXD803,SIN,Singapore Changi Airport,Batik Air,ID,B738,Boeing 737-8GP,9M-LNQ,Departed 11:12,2026-08-11 05:40:25
KUL,departures,2026-08-10,09:30,09:32,AK6320,AXM6320,LGK,Langkawi International Airport,AirAsia (Legend Heroes Park Livery),AK,A320,Airbus A320-216,9M-AFV,Departed 10:32,2026-08-11 05:40:25
KUL,departures,2026-08-10,09:30,10:07,AK5232,AXM5232,KCH,Kuching International Airport,AirAsia,AK,A320,Airbus A320-216,9M-AGM,Departed 11:07,2026-08-11 05:40:25
KUL,departures,2026-08-10,09:30,09:42,AK391,AXM391,KNO,Medan Kuala Namu International Airport,AirAsia,AK,A320,Airbus A320-214,9M-AFE,Departed 10:42,2026-08-11 05:40:25
KUL,departures,2026-08-10,09:35,09:56,AK431,AXM431,PKU,Pekanbaru Sultan Syarif Kasim II Airport,AirAsia (BIG Duty Free Livery),AK,A320,Airbus A320-214,9M-AHY,Departed 10:56,2026-08-11 05:40:25
KUL,departures,2026-08-10,09:40,09:48,MF8716,CXA8716,NKG,Nanjing Lukou International Airport,Xiamen Air,MF,B38M,Boeing 737 MAX 8,B-20E0,Departed 10:48,2026-08-11 05:40:25
KUL,departures,2026-08-10,09:45,09:53,AK310,AXM310,LBJ,Labuan Bajo Komodo Airport,AirAsia,AK,A20N,Airbus A320-251N,9M-AGO,Departed 10:53,2026-08-11 05:40:25
KUL,departures,2026-08-10,09:55,12:20,AK5642,AXM5642,MYY,Miri Airport,AirAsia,AK,A320,Airbus A320-216,9M-AGP,Departed 13:20,2026-08-11 05:40:25
KUL,departures,2026-08-10,09:55,10:13,AK866,AXM866,KBV,Krabi Airport,AirAsia,AK,A320,Airbus A320-216,9M-AGU,Departed 11:13,2026-08-11 05:40:25
KUL,departures,2026-08-10,10:00,10:16,SQ107,SIA107,SIN,Singapore Changi Airport,Singapore Airlines,SQ,B38M,Boeing 737 MAX 8,9V-MBB,Departed 11:16,2026-08-11 05:40:25
KUL,departures,2026-08-10,10:00,10:10,MH2520,MAS2520,KCH,Kuching International Airport,Malaysia Airlines (Malaysia Negaraku Livery),MH,B738,Boeing 737-8H6,9M-MXU,Departed 11:10,2026-08-11 05:40:25
KUL,departures,2026-08-10,10:00,10:18,KT164,KTC164,KTI,Phnom Penh Techo International Airport,AirAsia (Cambodia Livery),AK,A320,Airbus A320-214,XU-818,Departed 11:18,2026-08-11 05:40:25
KUL,departures,2026-08-10,10:05,10:25,AK528,AXM528,SGN,Ho Chi Minh City International Airport,AirAsia,AK,A320,Airbus A320-214,9M-DAE,Departed 11:25,2026-08-11 05:40:25
KUL,departures,2026-08-10,10:15,10:29,QZ325,AWQ325,SUB,Surabaya Juanda International Airport,AirAsia,AK,A320,Airbus A320-214,PK-AZJ,Departed 11:29,2026-08-11 05:40:25
KUL,departures,2026-08-10,10:25,11:07,AK406,AXM406,PDG,Padang Minangkabau International Airport,AirAsia,AK,A320,Airbus A320-214,9M-RCG,Departed 12:07,2026-08-11 05:40:25
KUL,departures,2026-08-10,10:30,,MH6162,,PVG,Shanghai Pudong International Airport,Malaysia Airlines,MH,33X,,,Unknown,2026-08-11 05:40:25
KUL,departures,2026-08-10,10:30,10:29,FY3610,FFM3610,KBV,Krabi Airport,Firefly,FY,B738,Boeing 737-8FZ,9M-MLJ,Departed 11:29,2026-08-11 05:40:25
KUL,departures,2026-08-10,10:30,10:55,AK351,AXM351,CGK,Jakarta Soekarno Hatta International Airport,AirAsia,AK,A320,Airbus A320-214,9M-AHV,Departed 11:55,2026-08-11 05:40:25
KUL,departures,2026-08-10,10:35,10:34,TR451,TGW451,SIN,Singapore Changi Airport,Scoot,TR,A20N,Airbus A320-271N,9V-TNG,Departed 11:34,2026-08-11 05:40:25
KUL,departures,2026-08-10,10:35,10:40,MH2646,MAS2646,BKI,Kota Kinabalu International Airport,Malaysia Airlines,MH,B738,Boeing 737-8H6,9M-MXE,Departed 11:40,2026-08-11 05:40:25
KUL,departures,2026-08-10,10:40,11:07,OD502,MXD502,DAD,Da Nang International Airport,Batik Air (Visit Malaysia Truly Asia 2026 Livery),ID,B38M,Boeing 737 MAX 8,9M-LRL,Departed 12:07,2026-08-11 05:40:25
KUL,departures,2026-08-10,10:40,11:25,HY554,UZB554,TAS,Tashkent International Airport,Uzbekistan Airways,HY,B788,Boeing 787-8 Dreamliner,UK78705,Departed 12:25,2026-08-11 05:40:25
KUL,departures,2026-08-10,10:40,10:48,AK376,AXM376,DPS,Denpasar Ngurah Rai International Airport,AirAsia,AK,A20N,Airbus A320-251N,9M-RAL,Departed 11:48,2026-08-11 05:40:25
KUL,departures,2026-08-10,10:45,11:02,MH1140,MAS1140,PEN,Penang International Airport,Malaysia Airlines,MH,B738,Boeing 737-8H6,9M-MXG,Departed 12:02,2026-08-11 05:40:25
KUL,departures,2026-08-10,10:45,10:59,MH603,MAS603,SIN,Singapore Changi Airport,Malaysia Airlines (Malaysia Negaraku Livery),MH,B738,Boeing 737-8H6,9M-MXF,Departed 11:59,2026-08-11 05:40:25
KUL,departures,2026-08-10,10:45,11:09,AK6304,AXM6304,LGK,Langkawi International Airport,AirAsia,AK,A320,Airbus A320-216,9M-AQA,Departed 12:09,2026-08-11 05:40:25
KUL,departures,2026-08-10,10:45,11:12,AK5140,AXM5140,BKI,Kota Kinabalu International Airport,AirAsia,AK,A20N,Airbus A320-251N,9M-AGL,Departed 12:12,2026-08-11 05:40:25
KUL,departures,2026-08-10,10:45,11:02,AK882,AXM882,DMK,Bangkok Don Mueang International Airport,AirAsia,AK,A320,Airbus A320-216,9M-RAD,Departed 12:02,2026-08-11 05:40:25
KUL,departures,2026-08-10,10:50,11:05,AK6126,AXM6126,PEN,Penang International Airport,AirAsia,AK,A20N,Airbus A320-251N,9M-AGN,Departed 12:05,2026-08-11 05:40:25
KUL,departures,2026-08-10,10:55,11:16,MH1438,MAS1438,LGK,Langkawi International Airport,Malaysia Airlines,MH,B738,Boeing 737-8FZ,9M-MLL,Departed 12:16,2026-08-11 05:40:25
KUL,departures,2026-08-10,10:55,11:11,AK711,AXM711,SIN,Singapore Changi Airport,AirAsia (Save Our Malayan Tiger Livery),AK,A320,Airbus A320-216,9M-AQZ,Departed 12:11,2026-08-11 05:40:25
KUL,departures,2026-08-10,11:00,11:51,OD2203,MXD2203,LGK,Langkawi International Airport,Batik Air,ID,B738,Boeing 737-86N,9M-LDT,Departed 12:51,2026-08-11 05:40:25
KUL,departures,2026-08-10,11:00,12:33,OD540,MXD540,HKT,Phuket International Airport,Batik Air,ID,B38M,Boeing 737 MAX 8,9M-LRD,Departed 13:33,2026-08-11 05:40:25
KUL,departures,2026-08-10,11:00,11:20,MH748,MAS748,DAD,Da Nang International Airport,Malaysia Airlines,MH,B38M,Boeing 737 MAX 8,9M-MVM,Departed 12:20,2026-08-11 05:40:25
KUL,departures,2026-08-10,11:00,11:13,AK512,AXM512,HAN,Hanoi Noi Bai International Airport,AirAsia (Let’s Fly To Terengganu Livery),AK,A320,Airbus A320-216,9M-AJS,Departed 12:13,2026-08-11 05:40:25
KUL,departures,2026-08-10,11:05,13:02,8M502,MMA502,RGN,Yangon International Airport,Myanmar Airways International,8M,A319,Airbus A319-112,XY-ALN,Departed 14:02,2026-08-11 05:40:25
KUL,departures,2026-08-10,11:05,11:18,AK6442,AXM6442,KBR,Kota Bharu Sultan Ismail Petra Airport,AirAsia (100th Awesome Plane Livery),AK,A320,Airbus A320-216,9M-AQH,Departed 12:18,2026-08-11 05:40:25
KUL,departures,2026-08-10,11:05,11:19,AK6040,AXM6040,JHB,Johor Bahru Senai International Airport,AirAsia,AK,A320,Airbus A320-216,9M-AQS,Departed 12:19,2026-08-11 05:40:25
KUL,departures,2026-08-10,11:10,11:14,QZ121,AWQ121,KNO,Medan Kuala Namu International Airport,AirAsia,AK,A320,Airbus A320-216,PK-AZT,Departed 12:14,2026-08-11 05:40:25
KUL,departures,2026-08-10,11:10,11:23,MH788,MAS788,BKK,Bangkok Suvarnabhumi Airport,Malaysia Airlines,MH,B738,Boeing 737-8H6,9M-MLS,Departed 12:23,2026-08-11 05:40:25
KUL,departures,2026-08-10,11:10,11:32,BI872,RBA872,BWN,Brunei International Airport,Royal Brunei Airlines,BI,A20N,Airbus A320-251N,V8-RBA,Departed 12:32,2026-08-11 05:40:25
KUL,departures,2026-08-10,11:10,12:08,AK5172,AXM5172,LBU,Labuan Airport,AirAsia,AK,A20N,Airbus A320-251N,9M-AGB,Departed 13:08,2026-08-11 05:40:25
KUL,departures,2026-08-10,11:15,11:55,OD388,MXD388,CGK,Jakarta Soekarno Hatta International Airport,Batik Air,ID,B738,Boeing 737-8GP,9M-LDC,Departed 12:55,2026-08-11 05:40:25
KUL,departures,2026-08-10,11:15,11:28,AK264,AXM264,KOS,Sihanoukville International Airport,AirAsia,AK,A320,Airbus A320-216,9M-AQE,Departed 12:28,2026-08-11 05:40:25
KUL,departures,2026-08-10,11:20,14:12,PR526,PAL526,MNL,Manila Ninoy Aquino International Airport,Philippine Airlines,PR,A321,Airbus A321-231,RP-C9915,Departed 15:12,2026-08-11 05:40:25
KUL,departures,2026-08-10,11:25,11:57,OD2104,MXD2104,PEN,Penang International Airport,Batik Air,ID,B738,Boeing 737-8GP,9M-LNV,Departed 12:57,2026-08-11 05:40:25
KUL,departures,2026-08-10,11:25,11:34,MH851,MAS851,DPS,Denpasar Ngurah Rai International Airport,Malaysia Airlines,MH,B738,Boeing 737-8H6,9M-MXX,Departed 12:34,2026-08-11 05:40:25
KUL,departures,2026-08-10,11:25,11:35,AK5208,AXM5208,KCH,Kuching International Airport,AirAsia,AK,A320,Airbus A320-216,9M-DAF,Departed 12:35,2026-08-11 05:40:25
KUL,departures,2026-08-10,11:30,11:41,VJ906,VJC906,HAN,Hanoi Noi Bai International Airport,VietJet Air,VJ,A321,Airbus A321-211,VN-A630,Departed 12:41,2026-08-11 05:40:25
KUL,departures,2026-08-10,11:30,11:39,MH2530,MAS2530,KCH,Kuching International Airport,Malaysia Airlines,MH,B38M,Boeing 737 MAX 8,9M-MVR,Departed 12:39,2026-08-11 05:40:25
KUL,departures,2026-08-10,11:30,11:46,AK824,AXM824,HKT,Phuket International Airport,AirAsia,AK,A20N,Airbus A320-251N,9M-RAB,Departed 12:46,2026-08-11 05:40:25
KUL,departures,2026-08-10,11:50,11:58,ZH328,CSZ328,SZX,Shenzhen Bao'an International Airport,Shenzhen Airlines,ZH,B38M,Boeing 737 MAX 8,B-20DP,Departed 12:58,2026-08-11 05:40:25
KUL,departures,2026-08-10,11:50,11:44,KR3782,KME3782,KTI,Phnom Penh Techo International Airport,Cambodia Airways,KR,A319,Airbus A319-112,XU-878,Departed 12:44,2026-08-11 05:40:25
KUL,departures,2026-08-10,11:50,12:27,GA821,GIA821,CGK,Jakarta Soekarno Hatta International Airport,Garuda Indonesia,GA,B738,Boeing 737-8U3,PK-GFW,Departed 13:27,2026-08-11 05:40:25
KUL,departures,2026-08-10,11:50,11:53,AK6324,AXM6324,LGK,Langkawi International Airport,AirAsia,AK,A320,Airbus A320-216,9M-AGC,Departed 12:53,2026-08-11 05:40:25
KUL,departures,2026-08-10,11:50,12:52,AK545,AXM545,PQC,Phu Quoc International Airport,AirAsia (Universiti Teknologi Malaysia Livery),AK,A320,Airbus A320-216,9M-AJE,Departed 13:52,2026-08-11 05:40:25
KUL,departures,2026-08-10,11:50,11:57,AK368,AXM368,DPS,Denpasar Ngurah Rai International Airport,AirAsia,AK,A21N,Airbus A321-251NX,9M-VAE,Departed 12:57,2026-08-11 05:40:25
KUL,departures,2026-08-10,11:55,12:04,MH2614,MAS2614,BKI,Kota Kinabalu International Airport,Malaysia Airlines,MH,B738,Boeing 737-8H6,9M-MXS,Departed 13:04,2026-08-11 05:40:25
KUL,departures,2026-08-10,11:55,12:18,MH794,MAS794,HKT,Phuket International Airport,Malaysia Airlines,MH,B38M,Boeing 737 MAX 8,9M-MVN,Departed 13:18,2026-08-11 05:40:25
KUL,departures,2026-08-10,12:00,12:15,SV829,SVA829,RUH,Riyadh King Khalid International Airport,Saudia,SV,B77W,Boeing 777-368(ER),HZ-AK28,Departed 13:15,2026-08-11 05:40:25
KUL,departures,2026-08-10,12:05,12:10,MH1426,MAS1426,KBR,Kota Bharu Sultan Ismail Petra Airport,Malaysia Airlines,MH,B738,Boeing 737-8H6,9M-MLM,Departed 13:10,2026-08-11 05:40:25
KUL,departures,2026-08-10,12:05,12:22,MH1208,MAS1208,AOR,Alor Setar Sultan Abdul Halim Airport,Malaysia Airlines,MH,B738,Boeing 737-8FZ,9M-FFF,Departed 13:22,2026-08-11 05:40:25
KUL,departures,2026-08-10,12:05,12:23,AK5644,AXM5644,MYY,Miri Airport,AirAsia,AK,A320,Airbus A320-216,9M-AGT,Departed 13:23,2026-08-11 05:40:25
KUL,departures,2026-08-10,12:05,12:11,AK168,AXM168,NNG,Nanning Wuxu International Airport,AirAsia,AK,A320,Airbus A320-216,9M-RAA,Departed 13:11,2026-08-11 05:40:25
KUL,departures,2026-08-10,12:10,12:31,MH1436,MAS1436,LGK,Langkawi International Airport,Malaysia Airlines,MH,B738,Boeing 737-8H6,9M-MXR,Departed 13:31,2026-08-11 05:40:25
KUL,departures,2026-08-10,12:10,12:42,CX722,CPA722,HKG,Hong Kong International Airport,Cathay Pacific,CX,A333,Airbus A330-343,B-LBC,Departed 13:42,2026-08-11 05:40:25
KUL,departures,2026-08-10,12:10,12:19,AK101,AXM101,KMG,Kunming Changshui International Airport,AirAsia,AK,A20N,Airbus A320-251N,9M-AGE,Departed 13:19,2026-08-11 05:40:25
KUL,departures,2026-08-10,12:15,12:25,8M504,MMA504,RGN,Yangon International Airport,Myanmar Airways International,8M,A319,Airbus A319-112,XY-ALZ,Departed 13:25,2026-08-11 05:40:25
KUL,departures,2026-08-10,12:20,12:39,TG416,THA416,BKK,Bangkok Suvarnabhumi Airport,Thai Airways,TG,A359,Airbus A350-941,HS-THN,Departed 13:39,2026-08-11 05:40:25
KUL,departures,2026-08-10,12:20,13:43,AK384,AXM384,CGK,Jakarta Soekarno Hatta International Airport,AirAsia,AK,A320,Airbus A320-214,9M-RCB,Departed 14:43,2026-08-11 05:40:25
KUL,departures,2026-08-10,12:25,12:35,MH623,MAS623,SIN,Singapore Changi Airport,Malaysia Airlines,MH,B38M,Boeing 737 MAX 8,9M-MVD,Departed 13:35,2026-08-11 05:40:25
KUL,departures,2026-08-10,12:25,12:56,AK6116,AXM6116,PEN,Penang International Airport,AirAsia,AK,A21N,Airbus A321-251NX,9M-XVE,Departed 13:56,2026-08-11 05:40:25
KUL,departures,2026-08-10,12:30,12:30,MH6162,,PVG,Shanghai Pudong International Airport,Malaysia Airlines,MH,33X,,,Estimated dep 13:30*,2026-08-11 05:40:25
KUL,departures,2026-08-10,12:30,12:53,OD1004,MXD1004,BKI,Kota Kinabalu International Airport,Batik Air,ID,B38M,Boeing 737 MAX 8,9M-LRJ,Departed 13:53,2026-08-11 05:40:25
KUL,departures,2026-08-10,12:30,12:37,AK884,AXM884,DMK,Bangkok Don Mueang International Airport,AirAsia,AK,A20N,Airbus A320-251N,9M-RAM,Departed 13:37,2026-08-11 05:40:25
KUL,departures,2026-08-10,12:35,12:55,VJ826,VJC826,SGN,Ho Chi Minh City International Airport,VietJet Air,VJ,A321,Airbus A321-211,VN-A633,Departed 13:55,2026-08-11 05:40:25
KUL,departures,2026-08-10,12:40,12:36,AK6318,AXM6318,LGK,Langkawi International Airport,AirAsia (Persona 5 Royal Livery),AK,A320,Airbus A320-214,9M-AFF,Departed 13:36,2026-08-11 05:40:25
KUL,departures,2026-08-10,12:45,13:00,MH2536,MAS2536,KCH,Kuching International Airport,Malaysia Airlines,MH,B738,Boeing 737-8H6,9M-MXB,Departed 14:00,2026-08-11 05:40:25
KUL,departures,2026-08-10,12:45,12:58,MH721,MAS721,CGK,Jakarta Soekarno Hatta International Airport,Malaysia Airlines,MH,B738,Boeing 737-8H6,9M-MLP,Departed 13:58,2026-08-11 05:40:25
KUL,departures,2026-08-10,12:45,12:51,KT172,KTC172,SAI,Siem Reap Angkor International Airport,AirAsia,AK,A320,Airbus A320-214,XU-819,Departed 13:51,2026-08-11 05:40:25
KUL,departures,2026-08-10,12:50,21:02,8K252,KMI252,SZX,Shenzhen Bao'an International Airport,K-Mile Air,8K,B763,Boeing 767-33A(ER)(BCF),HS-KSB,Departed 22:02,2026-08-11 05:40:25
KUL,departures,2026-08-10,12:50,13:28,AK5210,AXM5210,KCH,Kuching International Airport,AirAsia (HYROX Livery),AK,A320,Airbus A320-216,9M-AHR,Departed 14:28,2026-08-11 05:40:25
KUL,departures,2026-08-10,13:00,,FM7222,,PVG,Shanghai Pudong International Airport,Shanghai Airlines,FM,7M8,,,Canceled,2026-08-11 05:40:25
KUL,departures,2026-08-10,13:00,13:24,CZ350,CSN350,CAN,Guangzhou Baiyun International Airport,China Southern Airlines,CZ,B789,Boeing 787-9 Dreamliner,B-1169,Departed 14:24,2026-08-11 05:40:25
KUL,departures,2026-08-10,13:00,13:10,AK640,AXM640,DAD,Da Nang International Airport,AirAsia,AK,A320,Airbus A320-214,9M-AFE,Departed 14:10,2026-08-11 05:40:25
KUL,departures,2026-08-10,13:05,13:09,MH1148,MAS1148,PEN,Penang International Airport,Malaysia Airlines,MH,B738,Boeing 737-8H6,9M-MXQ,Departed 14:09,2026-08-11 05:40:25
KUL,departures,2026-08-10,13:05,13:20,ID7283,BTK7283,CGK,Jakarta Soekarno Hatta International Airport,Batik Air,ID,B738,Boeing 737-8GP,PK-LBK,Departed 14:20,2026-08-11 05:40:25
KUL,departures,2026-08-10,13:05,13:16,AK5116,AXM5116,BKI,Kota Kinabalu International Airport,AirAsia,AK,A20N,Airbus A320-251N,9M-AGS,Departed 14:16,2026-08-11 05:40:25
KUL,departures,2026-08-10,13:10,13:22,FY2692,FFM2692,TGG,Kuala Terengganu Sultan Mahmud Airport,Firefly,FY,B738,Boeing 737-8FZ,9M-MLG,Departed 14:22,2026-08-11 05:40:25
KUL,departures,2026-08-10,13:10,13:33,D7522,XAX522,HND,Tokyo Haneda International Airport,AirAsia,AK,A333,Airbus A330-343,9M-XXZ,Departed 14:33,2026-08-11 05:40:25
KUL,departures,2026-08-10,13:15,,AK606,,PER,Perth Airport,AirAsia,AK,A21N,Airbus A321-251NX,9M-VAF,Unknown,2026-08-11 05:40:22
KUL,departures,2026-08-10,13:15,13:41,NH886,ANA886,HND,Tokyo Haneda International Airport,All Nippon Airways,NH,B788,Boeing 787-8 Dreamliner,JA808A,Departed 14:41,2026-08-11 05:40:22
KUL,departures,2026-08-10,13:15,13:30,HU7924,CHH7924,CKG,Chongqing Jiangbei International Airport,Hainan Airlines,HU,B38M,Boeing 737 MAX 8,B-1142,Departed 14:30,2026-08-11 05:40:25
KUL,departures,2026-08-10,13:15,13:48,AK6440,AXM6440,KBR,Kota Bharu Sultan Ismail Petra Airport,AirAsia,AK,A320,Airbus A320-216,9M-AJZ,Departed 14:48,2026-08-11 05:40:25
KUL,departures,2026-08-10,13:15,13:34,AK6228,AXM6228,TGG,Kuala Terengganu Sultan Mahmud Airport,AirAsia,AK,A20N,Airbus A320-251N,9M-AGW,Departed 14:34,2026-08-11 05:40:25
KUL,departures,2026-08-10,13:15,13:21,AK5870,AXM5870,SBW,Sibu Airport,AirAsia (BIG Duty Free Livery),AK,A320,Airbus A320-214,9M-AHY,Departed 14:21,2026-08-11 05:40:25
KUL,departures,2026-08-10,13:15,13:52,AK606,AXM606,PER,Perth Airport,AirAsia,AK,A21N,Airbus A321-251NX,9M-VAF,Departed 14:52,2026-08-11 05:40:25
KUL,departures,2026-08-10,13:20,13:38,OD193,MXD193,DPS,Denpasar Ngurah Rai International Airport,Batik Air,ID,B738,Boeing 737-8U3,9M-LDG,Departed 14:38,2026-08-11 05:40:22
KUL,departures,2026-08-10,13:20,13:39,MH2616,MAS2616,BKI,Kota Kinabalu International Airport,Malaysia Airlines,MH,B738,Boeing 737-8H6,9M-MSE,Departed 14:39,2026-08-11 05:40:22
KUL,departures,2026-08-10,13:20,13:32,MH619,MAS619,SIN,Singapore Changi Airport,Malaysia Airlines,MH,B738,Boeing 737-8H6,9M-MXN,Departed 14:32,2026-08-11 05:40:22
KUL,departures,2026-08-10,13:25,13:36,OD1906,MXD1906,SBW,Sibu Airport,Batik Air,ID,B38M,Boeing 737 MAX 8,9M-LRS,Departed 14:36,2026-08-11 05:40:22
KUL,departures,2026-08-10,13:25,13:56,AK715,AXM715,SIN,Singapore Changi Airport,AirAsia (Tasty Malaysia Treat Livery),AK,A320,Airbus A320-216,9M-RAN,Departed 14:56,2026-08-11 05:40:22
KUL,departures,2026-08-10,13:30,13:49,VJ1814,VJC1814,SGN,Ho Chi Minh City International Airport,VietJet Air,VJ,A21N,Airbus A321-271N,VN-A646,Departed 14:49,2026-08-11 05:40:22
KUL,departures,2026-08-10,13:30,13:53,OD1726,MXD1726,BTU,Bintulu Airport,Batik Air,ID,B38M,Boeing 737 MAX 8,9M-LRT,Departed 14:53,2026-08-11 05:40:22
KUL,departures,2026-08-10,13:30,13:44,MH758,MAS758,SGN,Ho Chi Minh City International Airport,Malaysia Airlines,MH,B38M,Boeing 737 MAX 8,9M-MVK,Departed 14:44,2026-08-11 05:40:22
KUL,departures,2026-08-10,13:30,14:51,AK334,AXM334,UPG,Makassar Sultan Hasanuddin International Airport,AirAsia (Allstars Livery),AK,A320,Airbus A320-214,9M-AFD,Departed 15:51,2026-08-11 05:40:22
KUL,departures,2026-08-10,13:35,13:45,SQ113,SIA113,SIN,Singapore Changi Airport,Singapore Airlines,SQ,B38M,Boeing 737 MAX 8,9V-MBR,Departed 14:45,2026-08-11 05:40:22
KUL,departures,2026-08-10,13:35,13:47,MH2664,MAS2664,TWU,Tawau Airport,Malaysia Airlines (Retro Livery),MH,B738,Boeing 737-8H6,9M-MLV,Departed 14:47,2026-08-11 05:40:22
KUL,departures,2026-08-10,13:35,14:01,AK397,AXM397,KNO,Medan Kuala Namu International Airport,AirAsia (Universiti Putra Malaysia Livery),AK,A320,Airbus A320-216,9M-AQD,Departed 15:01,2026-08-11 05:40:22
KUL,departures,2026-08-10,13:40,14:49,8B674,TNU674,CGK,Jakarta Soekarno Hatta International Airport,TransNusa,8B,A321,Airbus A321-211,PK-TLG,Departed 15:49,2026-08-11 05:40:22
KUL,departures,2026-08-10,13:40,13:51,MH2594,MAS2594,MYY,Miri Airport,Malaysia Airlines (Malaysia Negaraku Livery),MH,B738,Boeing 737-8H6,9M-MXV,Departed 14:51,2026-08-11 05:40:22
KUL,departures,2026-08-10,13:40,14:08,MF848,CXA848,XMN,Xiamen Gaoqi International Airport,Xiamen Air,MF,B738,Boeing 737-85C,B-5708,Departed 15:08,2026-08-11 05:40:22
KUL,departures,2026-08-10,13:40,14:05,AK522,AXM522,SGN,Ho Chi Minh City International Airport,AirAsia,AK,A320,Airbus A320-216,9M-AGU,Departed 15:05,2026-08-11 05:40:22
KUL,departures,2026-08-10,13:45,14:23,CZ3048,CSN3048,CAN,Guangzhou Baiyun International Airport,China Southern Airlines,CZ,B38M,Boeing 737 MAX 8,B-226J,Departed 15:23,2026-08-11 05:40:22
KUL,departures,2026-08-10,13:45,14:04,CI722,CAL722,TPE,Taipei Taoyuan International Airport,China Airlines,CI,B77W,Boeing 777-309(ER),B-18006,Departed 15:04,2026-08-11 05:40:22
KUL,departures,2026-08-10,13:50,13:59,MH2634,MAS2634,LBU,Labuan Airport,Malaysia Airlines,MH,B738,Boeing 737-8H6,9M-MXT,Departed 14:59,2026-08-11 05:40:22
KUL,departures,2026-08-10,13:50,13:57,MH2668,MAS2668,SDK,Sandakan Airport,Malaysia Airlines,MH,B738,Boeing 737-8H6,9M-MXW,Departed 14:57,2026-08-11 05:40:22
KUL,departures,2026-08-10,13:50,14:16,MH156,MAS156,JED,Jeddah King Abdulaziz International Airport,Malaysia Airlines,MH,A333,Airbus A330-323,9M-MTH,Departed 15:16,2026-08-11 05:40:22
KUL,departures,2026-08-10,13:55,14:11,MH864,MAS864,KNO,Medan Kuala Namu International Airport,Malaysia Airlines,MH,B738,Boeing 737-8H6,9M-MXO,Departed 15:11,2026-08-11 05:40:22
KUL,departures,2026-08-10,13:55,14:15,FD309,AIQ309,HDY,Hat Yai International Airport,AirAsia,AK,A320,Airbus A320-216,HS-BBI,Departed 15:15,2026-08-11 05:40:22
KUL,departures,2026-08-10,13:55,14:40,AK6331,AXM6331,LGK,Langkawi International Airport,AirAsia,AK,A320,Airbus A320-216,9M-AQA,Departed 15:40,2026-08-11 05:40:22
KUL,departures,2026-08-10,14:00,17:57,AK304,AXM304,LOP,Lombok International Airport,AirAsia,AK,A20N,Airbus A320-251N,9M-RAJ,Departed 18:57,2026-08-11 05:40:22
KUL,departures,2026-08-10,14:00,14:52,UL315,ALK315,CMB,Colombo Bandaranaike International Airport,SriLankan Airlines,UL,A21N,Airbus A321-251N,4R-ANF,Departed 15:52,2026-08-11 05:40:22
KUL,departures,2026-08-10,14:00,14:14,OD807,MXD807,SIN,Singapore Changi Airport,Batik Air,ID,B738,Boeing 737-8GP,9M-LNQ,Departed 15:14,2026-08-11 05:40:22
KUL,departures,2026-08-10,14:00,14:09,AK5748,AXM5748,TWU,Tawau Airport,AirAsia,AK,A20N,Airbus A320-251N,9M-AGN,Departed 15:09,2026-08-11 05:40:22
KUL,departures,2026-08-10,14:00,14:22,AK886,AXM886,DMK,Bangkok Don Mueang International Airport,AirAsia,AK,A320,Airbus A320-216,9M-AQO,Departed 15:22,2026-08-11 05:40:22
KUL,departures,2026-08-10,14:05,14:28,MH782,MAS782,BKK,Bangkok Suvarnabhumi Airport,Malaysia Airlines,MH,B38M,Boeing 737 MAX 8,9M-MVA,Departed 15:28,2026-08-11 05:40:22
KUL,departures,2026-08-10,14:10,14:25,MH853,MAS853,DPS,Denpasar Ngurah Rai International Airport,Malaysia Airlines,MH,B38M,Boeing 737 MAX 8,9M-MVQ,Departed 15:25,2026-08-11 05:40:22
KUL,departures,2026-08-10,14:10,21:36,AK5133,AXM5133,BKI,Kota Kinabalu International Airport,AirAsia,AK,A21N,Airbus A321-251NX,9M-VAD,Departed 22:36,2026-08-11 05:40:22
KUL,departures,2026-08-10,14:15,14:36,AK6153,AXM6153,PEN,Penang International Airport,AirAsia,AK,A320,Airbus A320-216,9M-RAE,Departed 15:36,2026-08-11 05:40:22
KUL,departures,2026-08-10,14:20,14:33,3U3996,CSC3996,TFU,Chengdu Tianfu International Airport,Sichuan Airlines,3U,A21N,Airbus A321-271N,B-30CS,Departed 15:33,2026-08-11 05:40:22
KUL,departures,2026-08-10,14:20,15:12,MU5096,CES5096,HGH,Hangzhou Xiaoshan International Airport,China Eastern Airlines,MU,A20N,Airbus A320-251N,B-30AW,Departed 16:12,2026-08-11 05:40:22
KUL,departures,2026-08-10,14:25,14:45,QZ205,AWQ205,CGK,Jakarta Soekarno Hatta International Airport,AirAsia,AK,A320,Airbus A320-216,PK-AZL,Departed 15:45,2026-08-11 05:40:22
KUL,departures,2026-08-10,14:25,14:38,MH2544,MAS2544,KCH,Kuching International Airport,Malaysia Airlines,MH,B738,Boeing 737-8H6,9M-MXY,Departed 15:38,2026-08-11 05:40:22
KUL,departures,2026-08-10,14:25,14:41,AK5194,AXM5194,SDK,Sandakan Airport,AirAsia,AK,A320,Airbus A320-216,9M-AGZ,Departed 15:41,2026-08-11 05:40:22
KUL,departures,2026-08-10,14:25,14:38,AK348,AXM348,YIA,Yogyakarta International Airport,AirAsia (Save Our Malayan Tiger Livery),AK,A320,Airbus A320-216,9M-AQZ,Departed 15:38,2026-08-11 05:40:22
KUL,departures,2026-08-10,14:30,15:04,QZ323,AWQ323,SUB,Surabaya Juanda International Airport,AirAsia (Dnars Indonesia Livery),AK,A320,Airbus A320-216,PK-AZN,Departed 16:04,2026-08-11 05:40:22
KUL,departures,2026-08-10,14:30,14:24,QZ129,AWQ129,KNO,Medan Kuala Namu International Airport,AirAsia,AK,A320,Airbus A320-216,PK-AZT,Departed 15:24,2026-08-11 05:40:22
KUL,departures,2026-08-10,14:30,15:20,BR228,EVA228,TPE,Taipei Taoyuan International Airport,EVA Air,BR,B77W,Boeing 777-35E(ER),B-16709,Departed 16:20,2026-08-11 05:40:22
KUL,departures,2026-08-10,14:30,14:47,AK6316,AXM6316,LGK,Langkawi International Airport,AirAsia,AK,A320,Airbus A320-214,9M-RCG,Departed 15:47,2026-08-11 05:40:22
KUL,departures,2026-08-10,14:30,16:57,AH3157,DAH3157,ALG,Algiers Houari Boumediene Airport,Air Algerie,AH,A339,Airbus A330-941,7T-VJD,Departed 17:57,2026-08-11 05:40:22
KUL,departures,2026-08-10,14:35,14:59,MY5004,BNE5004,KCH,Kuching International Airport,AirBorneo,MY,B738,Boeing 737-8U3,9M-LCZ,Departed 15:59,2026-08-11 05:40:22
KUL,departures,2026-08-10,14:40,15:04,MU874,CES874,KMG,Kunming Changshui International Airport,China Eastern Airlines,MU,A20N,Airbus A320-251N,B-30FD,Departed 16:04,2026-08-11 05:40:22
KUL,departures,2026-08-10,14:40,14:51,MH2640,MAS2640,BKI,Kota Kinabalu International Airport,Malaysia Airlines,MH,B738,Boeing 737-8H6,9M-MSA,Departed 15:51,2026-08-11 05:40:22
KUL,departures,2026-08-10,14:40,15:42,MF8678,CXA8678,HGH,Hangzhou Xiaoshan International Airport,Xiamen Air,MF,B738,Boeing 737-85C,B-6482,Departed 16:42,2026-08-11 05:40:22
KUL,departures,2026-08-10,14:40,15:00,CZ5032,CSN5032,SZX,Shenzhen Bao'an International Airport,China Southern Airlines,CZ,A21N,Airbus A321-251NX,B-32L1,Departed 16:00,2026-08-11 05:40:22
KUL,departures,2026-08-10,14:40,15:44,AK429,AXM429,PKU,Pekanbaru Sultan Syarif Kasim II Airport,AirAsia,AK,A320,Airbus A320-214,9M-AJG,Departed 16:44,2026-08-11 05:40:22
KUL,departures,2026-08-10,14:45,15:30,OD528,MXD528,DMK,Bangkok Don Mueang International Airport,Batik Air,ID,B738,Boeing 737-86N,9M-LDP,Departed 16:30,2026-08-11 05:40:22
KUL,departures,2026-08-10,14:45,14:48,MH875,MAS875,SUB,Surabaya Juanda International Airport,Malaysia Airlines,MH,B738,Boeing 737-8H6,9M-MLT,Departed 15:48,2026-08-11 05:40:22
KUL,departures,2026-08-10,14:50,15:03,MH1446,MAS1446,LGK,Langkawi International Airport,Malaysia Airlines,MH,B738,Boeing 737-8FZ,9M-MLL,Departed 16:03,2026-08-11 05:40:22
KUL,departures,2026-08-10,14:50,15:13,KT162,KTC162,KTI,Phnom Penh Techo International Airport,AirAsia (Cambodia Livery),AK,A320,Airbus A320-214,XU-818,Departed 16:13,2026-08-11 05:40:22
KUL,departures,2026-08-10,14:50,15:48,BS316,UBG316,DAC,Dhaka Shahjalal International Airport,US-Bangla Airlines,BS,A333,Airbus A330-343,S2-ALB,Departed 16:48,2026-08-11 05:40:22
KUL,departures,2026-08-10,14:50,15:00,AK405,AXM405,PDG,Padang Minangkabau International Airport,AirAsia (100th Awesome Plane Livery),AK,A320,Airbus A320-216,9M-AQH,Departed 16:00,2026-08-11 05:40:22
KUL,departures,2026-08-10,14:55,15:29,AK483,AXM483,BPN,Balikpapan Sepinggan Airport,AirAsia (Legend Heroes Park Livery),AK,A320,Airbus A320-216,9M-AFV,Departed 16:29,2026-08-11 05:40:22
KUL,departures,2026-08-10,14:55,15:01,AK122,AXM122,SZX,Shenzhen Bao'an International Airport,AirAsia (General Electric Livery),AK,A320,Airbus A320-216,9M-AQB,Departed 16:01,2026-08-11 05:40:22
KUL,departures,2026-08-10,15:00,16:22,OD2205,MXD2205,LGK,Langkawi International Airport,Batik Air,ID,B738,Boeing 737-8GP,9M-LNV,Departed 17:22,2026-08-11 05:40:22
KUL,departures,2026-08-10,15:00,15:35,OD2405,MXD2405,JHB,Johor Bahru Senai International Airport,Batik Air,ID,B738,Boeing 737-8U3,9M-LDF,Departed 16:35,2026-08-11 05:40:22
KUL,departures,2026-08-10,15:00,15:46,OD2304,MXD2304,KBR,Kota Bharu Sultan Ismail Petra Airport,Batik Air,ID,B738,Boeing 737-86N,9M-LDT,Departed 16:46,2026-08-11 05:40:22
KUL,departures,2026-08-10,15:00,15:37,MH774,MAS774,BKK,Bangkok Suvarnabhumi Airport,Malaysia Airlines,MH,B738,Boeing 737-8H6,9M-MLR,Departed 16:37,2026-08-11 05:40:22
KUL,departures,2026-08-10,15:00,16:00,FM886,CSH886,PVG,Shanghai Pudong International Airport,Shanghai Airlines,FM,B789,Boeing 787-9 Dreamliner,B-20D8,Departed 17:00,2026-08-11 05:40:22
KUL,departures,2026-08-10,15:00,15:10,AK5112,AXM5112,BKI,Kota Kinabalu International Airport,AirAsia,AK,A320,Airbus A320-216,9M-RAO,Departed 16:10,2026-08-11 05:40:22
KUL,departures,2026-08-10,15:05,15:15,AK378,AXM378,DPS,Denpasar Ngurah Rai International Airport,AirAsia,AK,A320,Airbus A320-216,9M-AQP,Departed 16:15,2026-08-11 05:40:22
KUL,departures,2026-08-10,15:10,15:23,MH605,MAS605,SIN,Singapore Changi Airport,Malaysia Airlines (Malaysia Negaraku Livery),MH,B738,Boeing 737-8H6,9M-MXF,Departed 16:23,2026-08-11 05:40:22
KUL,departures,2026-08-10,15:10,15:27,AK6218,AXM6218,TGG,Kuala Terengganu Sultan Mahmud Airport,AirAsia,AK,A320,Airbus A320-214,9M-DAE,Departed 16:27,2026-08-11 05:40:22
KUL,departures,2026-08-10,15:15,15:49,QW908,QDA908,TAO,Qingdao Jiaodong International Airport,Qingdao Airlines,QW,A21N,Airbus A321-271NX,B-327M,Departed 16:49,2026-08-11 05:40:22
KUL,departures,2026-08-10,15:20,16:06,RY6608,CJX6608,KHN,Nanchang Changbei International Airport,Jiangxi Air,RY,B738,Boeing 737-85C,B-5512,Departed 17:06,2026-08-11 05:40:22
KUL,departures,2026-08-10,15:20,16:55,OD2108,MXD2108,PEN,Penang International Airport,Batik Air,ID,B738,Boeing 737-8U3,9M-LCW,Departed 17:55,2026-08-11 05:40:22
KUL,departures,2026-08-10,15:20,15:22,AK464,AXM464,PLM,Palembang International Airport,AirAsia,AK,A320,Airbus A320-216,9M-AGC,Departed 16:22,2026-08-11 05:40:22
KUL,departures,2026-08-10,15:25,16:29,OD701,MXD701,JED,Jeddah King Abdulaziz International Airport,Batik Air,ID,A333,Airbus A330-343,9M-LFC,Departed 17:29,2026-08-11 05:40:22
KUL,departures,2026-08-10,15:25,15:39,MH2718,MAS2718,SBW,Sibu Airport,Malaysia Airlines (Malaysia Negaraku Livery),MH,B738,Boeing 737-8H6,9M-MXU,Departed 16:39,2026-08-11 05:40:22
KUL,departures,2026-08-10,15:30,15:52,SQ115,SIA115,SIN,Singapore Changi Airport,Singapore Airlines,SQ,B38M,Boeing 737 MAX 8,9V-MBH,Departed 16:52,2026-08-11 05:40:22
KUL,departures,2026-08-10,15:30,15:51,OD177,MXD177,DPS,Denpasar Ngurah Rai International Airport,Batik Air,ID,B38M,Boeing 737 MAX 8,9M-LRK,Departed 16:51,2026-08-11 05:40:22
KUL,departures,2026-08-10,15:30,15:44,MH762,MAS762,KTI,Phnom Penh Techo International Airport,Malaysia Airlines,MH,B738,Boeing 737-8H6,9M-MSB,Departed 16:44,2026-08-11 05:40:22
KUL,departures,2026-08-10,15:30,,FY2574,,TWU,Tawau Airport,Firefly,FY,738,,,Unknown,2026-08-11 05:40:22
KUL,departures,2026-08-10,15:35,16:25,8B678,TNU678,CGK,Jakarta Soekarno Hatta International Airport,TransNusa,8B,A321,Airbus A321-211,PK-TLK,Departed 17:25,2026-08-11 05:40:22
KUL,departures,2026-08-10,15:35,16:15,AK116,AXM116,CAN,Guangzhou Baiyun International Airport,"AirAsia (3, 2,1, Take Off Livery)",AK,A21N,Airbus A321-251NX,9M-VAA,Departed 17:15,2026-08-11 05:40:22
KUL,departures,2026-08-10,15:40,15:54,OD692,MXD692,CGO,Zhengzhou Xinzheng International Airport,Batik Air,ID,B38M,Boeing 737 MAX 8,9M-LRF,Departed 16:54,2026-08-11 05:40:22
KUL,departures,2026-08-10,15:40,17:13,JT165,LNI165,LOP,Lombok International Airport,Lion Air,JT,B739,Boeing 737-9GP(ER),PK-LQT,Departed 18:13,2026-08-11 05:40:22
KUL,departures,2026-08-10,15:40,16:01,AK6432,AXM6432,KBR,Kota Bharu Sultan Ismail Petra Airport,AirAsia,AK,A20N,Airbus A320-251N,9M-AGQ,Departed 17:01,2026-08-11 05:40:22
KUL,departures,2026-08-10,15:40,16:07,AK5212,AXM5212,KCH,Kuching International Airport,AirAsia,AK,A20N,Airbus A320-251N,9M-RAB,Departed 17:07,2026-08-11 05:40:22
KUL,departures,2026-08-10,15:45,16:20,MH1336,MAS1336,TGG,Kuala Terengganu Sultan Mahmud Airport,Malaysia Airlines,MH,B738,Boeing 737-8FZ,9M-MLK,Departed 17:20,2026-08-11 05:40:22
KUL,departures,2026-08-10,15:45,16:04,MH1396,MAS1396,KBR,Kota Bharu Sultan Ismail Petra Airport,Malaysia Airlines,MH,B738,Boeing 737-8FZ,9M-FFF,Departed 17:04,2026-08-11 05:40:22
KUL,departures,2026-08-10,15:45,17:52,AK717,AXM717,SIN,Singapore Changi Airport,AirAsia,AK,A21N,Airbus A321-251NX,9M-VAD,Departed 18:52,2026-08-11 05:40:22
KUL,departures,2026-08-10,15:50,16:12,MH158,MAS158,MED,Medina Prince Mohammad bin Abdulaziz Airport,Malaysia Airlines,MH,A333,Airbus A330-323,9M-MTF,Departed 17:12,2026-08-11 05:40:22
KUL,departures,2026-08-10,15:50,16:35,AK421,AXM421,BTJ,Banda Aceh International Airport,AirAsia,AK,A20N,Airbus A320-251N,9M-AGJ,Departed 17:35,2026-08-11 05:40:22
KUL,departures,2026-08-10,15:55,16:18,CZ8012,CSN8012,CAN,Guangzhou Baiyun International Airport,China Southern Airlines,CZ,B38M,Boeing 737 MAX 8,B-205K,Departed 17:18,2026-08-11 05:40:22
KUL,departures,2026-08-10,15:55,16:17,AK892,AXM892,DMK,Bangkok Don Mueang International Airport,AirAsia (Persona 5 Royal Livery),AK,A320,Airbus A320-214,9M-AFF,Departed 17:17,2026-08-11 05:40:22
KUL,departures,2026-08-10,16:00,16:14,OD1636,MXD1636,KCH,Kuching International Airport,Batik Air (Visit Malaysia Truly Asia 2026 Livery),ID,B38M,Boeing 737 MAX 8,9M-LRM,Departed 17:14,2026-08-11 05:40:22
KUL,departures,2026-08-10,16:00,16:27,MH790,MAS790,HKT,Phuket International Airport,Malaysia Airlines,MH,B738,Boeing 737-8H6,9M-MXM,Departed 17:27,2026-08-11 05:40:22
KUL,departures,2026-08-10,16:00,16:24,MH613,MAS613,SIN,Singapore Changi Airport,Malaysia Airlines,MH,B738,Boeing 737-8H6,9M-MXG,Departed 17:24,2026-08-11 05:40:22
KUL,departures,2026-08-10,16:00,18:20,ID7261,BTK7261,KNO,Medan Kuala Namu International Airport,Batik Air,ID,B738,Boeing 737-8U3,PK-BGF,Departed 19:20,2026-08-11 05:40:22
KUL,departures,2026-08-10,16:05,16:30,KL809,KLM809,CGK,Jakarta Soekarno Hatta International Airport,KLM,KL,B789,Boeing 787-9 Dreamliner,PH-BHI,Departed 17:30,2026-08-11 05:40:22
KUL,departures,2026-08-10,16:10,16:41,OD751,MXD751,TAS,Tashkent International Airport,Batik Air,ID,A333,Airbus A330-343,9M-LFF,Departed 17:41,2026-08-11 05:40:22
KUL,departures,2026-08-10,16:10,16:32,AK386,AXM386,CGK,Jakarta Soekarno Hatta International Airport,AirAsia,AK,A20N,Airbus A320-251N,9M-AGW,Departed 17:32,2026-08-11 05:40:22
KUL,departures,2026-08-10,16:15,16:32,CZ8098,CSN8098,SZX,Shenzhen Bao'an International Airport,China Southern Airlines,CZ,A21N,Airbus A321-253NX,B-30ED,Departed 17:32,2026-08-11 05:40:22
KUL,departures,2026-08-10,16:20,16:36,MH766,MAS766,SGN,Ho Chi Minh City International Airport,Malaysia Airlines,MH,B38M,Boeing 737 MAX 8,9M-MVP,Departed 17:36,2026-08-11 05:40:19
KUL,departures,2026-08-10,16:20,16:44,JX726,SJX726,TPE,Taipei Taoyuan International Airport,STARLUX,JX,A21N,Airbus A321-252NX,B-58207,Departed 17:44,2026-08-11 05:40:19
KUL,departures,2026-08-10,16:20,16:35,AK5646,AXM5646,MYY,Miri Airport,AirAsia,AK,A320,Airbus A320-216,9M-AQE,Departed 17:35,2026-08-11 05:40:19
KUL,departures,2026-08-10,16:25,17:20,MH804,MAS804,MNL,Manila Ninoy Aquino International Airport,Malaysia Airlines,MH,B38M,Boeing 737 MAX 8,9M-MVN,Departed 18:20,2026-08-11 05:40:19
KUL,departures,2026-08-10,16:25,16:30,AK393,AXM393,KNO,Medan Kuala Namu International Airport,AirAsia,AK,A320,Airbus A320-214,9M-AHV,Departed 17:30,2026-08-11 05:40:19
KUL,departures,2026-08-10,16:30,17:52,IU169,SJV169,BTJ,Banda Aceh International Airport,Super Air Jet,IU,A320,Airbus A320-232,PK-SJI,Departed 18:52,2026-08-11 05:40:19
KUL,departures,2026-08-10,16:35,16:49,SV835,SVA835,MED,Medina Prince Mohammad bin Abdulaziz Airport,Saudia,SV,B78X,Boeing 787-10 Dreamliner,HZ-AR24,Departed 17:49,2026-08-11 05:40:19
KUL,departures,2026-08-10,16:35,16:46,MH1152,MAS1152,PEN,Penang International Airport,Malaysia Airlines,MH,B738,Boeing 737-8H6,9M-MLM,Departed 17:46,2026-08-11 05:40:19
KUL,departures,2026-08-10,16:35,17:19,D7352,XAX352,CSX,Changsha Huanghua International Airport,AirAsia,AK,A333,Airbus A330-343,9M-XXK,Departed 18:19,2026-08-11 05:40:19
KUL,departures,2026-08-10,16:35,16:37,AK6014,AXM6014,AOR,Alor Setar Sultan Abdul Halim Airport,AirAsia,AK,A320,Airbus A320-216,9M-DAF,Departed 17:37,2026-08-11 05:40:19
KUL,departures,2026-08-10,16:40,17:37,JT157,LNI157,PDG,Padang Minangkabau International Airport,Lion Air,JT,B738,Boeing 737-8GP,PK-LKQ,Departed 18:37,2026-08-11 05:40:19
KUL,departures,2026-08-10,16:40,17:01,CX724,CPA724,HKG,Hong Kong International Airport,Cathay Pacific,CX,A333,Airbus A330-343,B-LAX,Departed 18:01,2026-08-11 05:40:19
KUL,departures,2026-08-10,16:45,16:51,Z27115,APG7115,CEB,Cebu Mactan International Airport,AirAsia,AK,A320,Airbus A320-216,RP-C8963,Departed 17:51,2026-08-11 05:40:19
KUL,departures,2026-08-10,16:45,17:22,MH780,MAS780,BKK,Bangkok Suvarnabhumi Airport,Malaysia Airlines,MH,B38M,Boeing 737 MAX 8,9M-MVD,Departed 18:22,2026-08-11 05:40:19
KUL,departures,2026-08-10,16:45,17:06,MF898,CXA898,FOC,Fuzhou Changle International Airport,Xiamen Air,MF,B738,Boeing 737-85C,B-1964,Departed 18:06,2026-08-11 05:40:19
KUL,departures,2026-08-10,16:45,16:43,AK6130,AXM6130,PEN,Penang International Airport,AirAsia,AK,A320,Airbus A320-216,9M-DAB,Departed 17:43,2026-08-11 05:40:19
KUL,departures,2026-08-10,16:50,17:43,OD171,MXD171,DPS,Denpasar Ngurah Rai International Airport,Batik Air,ID,B38M,Boeing 737 MAX 8,9M-LRW,Departed 18:43,2026-08-11 05:40:19
KUL,departures,2026-08-10,16:50,17:08,MH725,MAS725,CGK,Jakarta Soekarno Hatta International Airport,Malaysia Airlines,MH,B738,Boeing 737-8H6,9M-MXR,Departed 18:08,2026-08-11 05:40:19
KUL,departures,2026-08-10,16:50,17:00,FY2892,FFM2892,JHB,Johor Bahru Senai International Airport,Firefly,FY,B738,Boeing 737-8FZ,9M-MLG,Departed 18:00,2026-08-11 05:40:19
KUL,departures,2026-08-10,16:50,17:10,AK888,AXM888,DMK,Bangkok Don Mueang International Airport,AirAsia (Universiti Putra Malaysia Livery),AK,A320,Airbus A320-216,9M-AQD,Departed 18:10,2026-08-11 05:40:19
KUL,departures,2026-08-10,17:00,17:17,D7326,XAX326,TFU,Chengdu Tianfu International Airport,AirAsia (UFC Livery),AK,A333,Airbus A330-343,9M-XXD,Departed 18:17,2026-08-11 05:40:19
KUL,departures,2026-08-10,17:00,17:04,CZ8302,CSN8302,CAN,Guangzhou Baiyun International Airport,China Southern Airlines,CZ,B38M,Boeing 737 MAX 8,B-226L,Departed 18:04,2026-08-11 05:40:19
KUL,departures,2026-08-10,17:00,17:11,AK6438,AXM6438,KBR,Kota Bharu Sultan Ismail Petra Airport,AirAsia,AK,A320,Airbus A320-216,9M-AJZ,Departed 18:11,2026-08-11 05:40:19
KUL,departures,2026-08-10,17:00,17:14,AK584,AXM584,MNL,Manila Ninoy Aquino International Airport,AirAsia,AK,A20N,Airbus A320-251N,9M-AGF,Departed 18:14,2026-08-11 05:40:19
KUL,departures,2026-08-10,17:05,18:32,OD205,MXD205,DEL,Delhi Indira Gandhi International Airport,Batik Air,ID,B738,Boeing 737-8GP,9M-LNQ,Departed 19:32,2026-08-11 05:40:19
KUL,departures,2026-08-10,17:05,17:19,MH1057,MAS1057,JHB,Johor Bahru Senai International Airport,Malaysia Airlines,MH,B738,Boeing 737-8H6,9M-MLU,Departed 18:19,2026-08-11 05:40:19
KUL,departures,2026-08-10,17:05,17:24,AK5751,AXM5751,TWU,Tawau Airport,AirAsia,AK,A21N,Airbus A321-251NX,9M-XVE,Departed 18:24,2026-08-11 05:40:19
KUL,departures,2026-08-10,17:10,17:49,OD182,MXD182,KTM,Kathmandu Tribhuvan International Airport,Batik Air,ID,B38M,Boeing 737 MAX 8,9M-LRD,Departed 18:49,2026-08-11 05:40:19
KUL,departures,2026-08-10,17:10,18:06,JT161,LNI161,PKU,Pekanbaru Sultan Syarif Kasim II Airport,Lion Air,JT,B739,Boeing 737-9GP(ER),PK-LSH,Departed 19:06,2026-08-11 05:40:19
KUL,departures,2026-08-10,17:10,18:35,AK150,AXM150,WUH,Wuhan Tianhe International Airport,AirAsia,AK,A20N,Airbus A320-251N,9M-RAL,Departed 19:35,2026-08-11 05:40:19
KUL,departures,2026-08-10,17:15,16:57,KR782,KME782,KTI,Phnom Penh Techo International Airport,Cambodia Airways,KR,A319,Airbus A319-112,XU-787,Departed 17:57,2026-08-11 05:40:19
KUL,departures,2026-08-10,17:15,17:47,AK5220,AXM5220,KCH,Kuching International Airport,AirAsia,AK,A320,Airbus A320-216,9M-AHT,Departed 18:47,2026-08-11 05:40:19
KUL,departures,2026-08-10,17:25,17:48,9C6524,CQH6524,PVG,Shanghai Pudong International Airport,Spring Airlines,9C,A20N,Airbus A320-251N,B-324F,Departed 18:48,2026-08-11 05:40:19
KUL,departures,2026-08-10,17:25,17:24,TR473,TGW473,SIN,Singapore Changi Airport,Scoot,TR,A20N,Airbus A320-271N,9V-TNJ,Departed 18:24,2026-08-11 05:40:19
KUL,departures,2026-08-10,17:25,17:35,MH2528,MAS2528,KCH,Kuching International Airport,Malaysia Airlines,MH,B38M,Boeing 737 MAX 8,9M-MVR,Departed 18:35,2026-08-11 05:40:19
KUL,departures,2026-08-10,17:25,17:29,MH1276,MAS1276,KUA,Kuantan Sultan Haji Ahmad Shah Airport,Malaysia Airlines,MH,B738,Boeing 737-8H6,9M-MLO,Departed 18:29,2026-08-11 05:40:19
KUL,departures,2026-08-10,17:30,18:12,OD131,MXD131,LHE,Lahore Allama Iqbal International Airport,Batik Air,ID,A333,Airbus A330-343,9M-LFJ,Departed 19:12,2026-08-11 05:40:19
KUL,departures,2026-08-10,17:30,17:42,MH1450,MAS1450,LGK,Langkawi International Airport,Malaysia Airlines,MH,B738,Boeing 737-8H6,9M-MXH,Departed 18:42,2026-08-11 05:40:19
KUL,departures,2026-08-10,17:30,17:40,AK6032,AXM6032,JHB,Johor Bahru Senai International Airport,AirAsia,AK,A320,Airbus A320-216,9M-RAE,Departed 18:40,2026-08-11 05:40:19
KUL,departures,2026-08-10,17:35,18:25,SQ121,SIA121,SIN,Singapore Changi Airport,Singapore Airlines,SQ,A359,Airbus A350-941,9V-SHB,Departed 19:25,2026-08-11 05:40:19
KUL,departures,2026-08-10,17:35,17:44,H9891,HIM891,KTM,Kathmandu Tribhuvan International Airport,Himalaya Airlines,H9,A320,Airbus A320-214,9N-ALW,Departed 18:44,2026-08-11 05:40:19
KUL,departures,2026-08-10,17:35,17:47,AK374,AXM374,DPS,Denpasar Ngurah Rai International Airport,AirAsia,AK,A20N,Airbus A320-251N,9M-RAP,Departed 18:47,2026-08-11 05:40:19
KUL,departures,2026-08-10,17:40,18:11,OD356,MXD356,BTH,Batam Hang Nadim Airport,Batik Air,ID,B738,Boeing 737-8GP,9M-LDC,Departed 19:11,2026-08-11 05:40:19
KUL,departures,2026-08-10,17:40,17:19,D7330,,PVG,Shanghai Pudong International Airport,AirAsia,AK,A333,Airbus A330-343,9M-XXK,Estimated dep 18:19*,2026-08-11 05:40:19
KUL,departures,2026-08-10,17:45,18:08,CA484,CCA484,TFU,Chengdu Tianfu International Airport,Air China,CA,A21N,Airbus A321-252NX,B-32ND,Departed 19:08,2026-08-11 05:40:19
KUL,departures,2026-08-10,17:50,18:16,MH190,MAS190,DEL,Delhi Indira Gandhi International Airport,Malaysia Airlines (Oneworld Livery),MH,A333,Airbus A330-323,9M-MTE,Departed 19:16,2026-08-11 05:40:19
KUL,departures,2026-08-10,17:50,18:22,MH118,MAS118,ATQ,Amritsar International Airport,Malaysia Airlines,MH,B38M,Boeing 737 MAX 8,9M-MVI,Departed 19:22,2026-08-11 05:40:19
KUL,departures,2026-08-10,17:50,17:55,AK719,AXM719,SIN,Singapore Changi Airport,AirAsia,AK,A320,Airbus A320-216,9M-RAD,Departed 18:55,2026-08-11 05:40:19
KUL,departures,2026-08-10,17:55,18:04,MH2638,MAS2638,BKI,Kota Kinabalu International Airport,Malaysia Airlines,MH,B738,Boeing 737-8H6,9M-MXO,Departed 19:04,2026-08-11 05:40:19
KUL,departures,2026-08-10,17:55,18:15,D7182,XAX182,DEL,Delhi Indira Gandhi International Airport,AirAsia,AK,A333,Airbus A330-343,9M-XBG,Departed 19:15,2026-08-11 05:40:19
KUL,departures,2026-08-10,18:00,18:01,MH526,MAS526,TFU,Chengdu Tianfu International Airport,Malaysia Airlines,MH,B38M,Boeing 737 MAX 8,9M-MVH,Departed 19:01,2026-08-11 05:40:19
KUL,departures,2026-08-10,18:00,18:29,ID7251,BTK7251,SUB,Surabaya Juanda International Airport,Batik Air,ID,B738,Boeing 737-8GP,PK-LZZ,Departed 19:29,2026-08-11 05:40:19
KUL,departures,2026-08-10,18:00,18:18,AK353,AXM353,CGK,Jakarta Soekarno Hatta International Airport,AirAsia,AK,A320,Airbus A320-214,9M-RCG,Departed 19:18,2026-08-11 05:40:19
KUL,departures,2026-08-10,18:05,18:08,AK6322,AXM6322,LGK,Langkawi International Airport,AirAsia,AK,A320,Airbus A320-216,9M-AQA,Departed 19:08,2026-08-11 05:40:19
KUL,departures,2026-08-10,18:10,18:19,MH607,MAS607,SIN,Singapore Changi Airport,Malaysia Airlines,MH,B738,Boeing 737-8H6,9M-MXE,Departed 19:19,2026-08-11 05:40:19
KUL,departures,2026-08-10,18:10,18:35,EK347,UAE39Y,DXB,Dubai International Airport,Emirates,EK,B77W,Boeing 777-31H(ER),A6-EPD,Departed 19:35,2026-08-11 05:40:19
KUL,departures,2026-08-10,18:15,18:23,TR469,TGW469,SIN,Singapore Changi Airport,Scoot,TR,A320,Airbus A320-232,9V-TRT,Departed 19:23,2026-08-11 05:40:19
KUL,departures,2026-08-10,18:15,18:34,MH114,MAS114,KTM,Kathmandu Tribhuvan International Airport,Malaysia Airlines,MH,B38M,Boeing 737 MAX 8,9M-MVL,Departed 19:34,2026-08-11 05:40:19
KUL,departures,2026-08-10,18:15,18:19,AK6128,AXM6128,PEN,Penang International Airport,AirAsia,AK,A320,Airbus A320-216,9M-AGT,Departed 19:19,2026-08-11 05:40:19
KUL,departures,2026-08-10,18:20,19:21,QZ131,AWQ131,KNO,Medan Kuala Namu International Airport,AirAsia,AK,A320,Airbus A320-214,PK-AZI,Departed 20:21,2026-08-11 05:40:19
KUL,departures,2026-08-10,18:20,18:47,QR853,QTR1C,DOH,Doha Hamad International Airport,Qatar Airways,QR,B77W,Boeing 777-3DZ(ER),A7-BAS,Departed 19:47,2026-08-11 05:40:19
KUL,departures,2026-08-10,18:25,18:40,VN678,HVN678,SGN,Ho Chi Minh City International Airport,Vietnam Airlines,VN,A321,Airbus A321-231,VN-A612,Departed 19:40,2026-08-11 05:40:19
KUL,departures,2026-08-10,18:25,18:54,AK721,AXM721,SIN,Singapore Changi Airport,AirAsia,AK,A21N,Airbus A321-251NX,9M-VAB,Departed 19:54,2026-08-11 05:40:19
KUL,departures,2026-08-10,18:30,,ZA664,,KOS,Sihanoukville International Airport,Sky Angkor Airlines,ZA,320,,,Unknown,2026-08-11 05:40:19
KUL,departures,2026-08-10,18:30,19:06,OD805,MXD805,SIN,Singapore Changi Airport,Batik Air,ID,B738,Boeing 737-8U3,9M-LDF,Departed 20:06,2026-08-11 05:40:19
KUL,departures,2026-08-10,18:30,18:55,MH1162,MAS1162,PEN,Penang International Airport,Malaysia Airlines,MH,B738,Boeing 737-8FZ,9M-MLL,Departed 19:55,2026-08-11 05:40:19
KUL,departures,2026-08-10,18:30,18:45,MH127,MAS127,PER,Perth Airport,Malaysia Airlines,MH,B738,Boeing 737-8H6,9M-MXQ,Departed 19:45,2026-08-11 05:40:19
KUL,departures,2026-08-10,18:30,18:50,AK5130,AXM5130,BKI,Kota Kinabalu International Airport,AirAsia,AK,A20N,Airbus A320-251N,9M-AGB,Departed 19:50,2026-08-11 05:40:19
KUL,departures,2026-08-10,18:35,18:38,MH194,MAS194,BOM,Mumbai Chhatrapati Shivaji International Airport,Malaysia Airlines,MH,A333,Airbus A330-323,9M-MTI,Departed 19:38,2026-08-11 05:40:19
KUL,departures,2026-08-10,18:35,18:53,MH386,MAS386,PVG,Shanghai Pudong International Airport,Malaysia Airlines,MH,B738,Boeing 737-8H6,9M-MXN,Departed 19:53,2026-08-11 05:40:19
KUL,departures,2026-08-10,18:35,18:42,AK5234,AXM5234,KCH,Kuching International Airport,AirAsia,AK,A320,Airbus A320-216,9M-AGM,Departed 19:42,2026-08-11 05:40:19
KUL,departures,2026-08-10,18:40,18:43,AK896,AXM896,DMK,Bangkok Don Mueang International Airport,AirAsia (BIG Duty Free Livery),AK,A320,Airbus A320-214,9M-AHY,Departed 19:43,2026-08-11 05:40:19
KUL,departures,2026-08-10,18:40,19:01,AK524,AXM524,SGN,Ho Chi Minh City International Airport,AirAsia (Tasty Malaysia Treat Livery),AK,A320,Airbus A320-216,9M-RAN,Departed 20:01,2026-08-11 05:40:19
KUL,departures,2026-08-10,18:45,18:59,ZH330,CSZ330,SZX,Shenzhen Bao'an International Airport,Shenzhen Airlines,ZH,B38M,Boeing 737 MAX 8,B-225K,Departed 19:59,2026-08-11 05:40:19
KUL,departures,2026-08-10,18:45,20:49,OD1006,MXD1006,BKI,Kota Kinabalu International Airport,Batik Air,ID,B738,Boeing 737-8GP,9M-LNZ,Departed 21:49,2026-08-11 05:40:19
KUL,departures,2026-08-10,18:45,20:30,OD297,MXD297,CMB,Colombo Bandaranaike International Airport,Batik Air,ID,B738,Boeing 737-8GP,9M-LNV,Departed 21:30,2026-08-11 05:40:19
KUL,departures,2026-08-10,18:50,19:33,MH78,MAS078,HKG,Hong Kong International Airport,Malaysia Airlines,MH,B738,Boeing 737-8H6,9M-MXB,Departed 20:33,2026-08-11 05:40:19
KUL,departures,2026-08-10,18:55,20:37,OD215,MXD215,BOM,Mumbai Chhatrapati Shivaji International Airport,Batik Air,ID,B738,Boeing 737-86N,9M-LDK,Departed 21:37,2026-08-11 05:40:19
KUL,departures,2026-08-10,18:55,19:26,OD166,MXD166,DAC,Dhaka Shahjalal International Airport,Batik Air,ID,B38M,Boeing 737 MAX 8,9M-LRP,Departed 20:26,2026-08-11 05:40:19
KUL,departures,2026-08-10,19:00,19:24,VN680,HVN680,HAN,Hanoi Noi Bai International Airport,Vietnam Airlines,VN,A21N,Airbus A321-272N,VN-A616,Departed 20:24,2026-08-11 05:40:19
KUL,departures,2026-08-10,19:00,19:46,OD616,MXD616,PVG,Shanghai Pudong International Airport,Batik Air,ID,B738,Boeing 737-8GP,9M-LNY,Departed 20:46,2026-08-11 05:40:19
KUL,departures,2026-08-10,19:00,19:36,OD336,MXD336,PKU,Pekanbaru Sultan Syarif Kasim II Airport,Batik Air,ID,B38M,Boeing 737 MAX 8,9M-LRU,Departed 20:36,2026-08-11 05:40:19
KUL,departures,2026-08-10,19:00,19:04,MH520,MAS520,CSX,Changsha Huanghua International Airport,Malaysia Airlines,MH,B38M,Boeing 737 MAX 8,9M-MVM,Departed 20:04,2026-08-11 05:40:19
KUL,departures,2026-08-10,19:10,19:19,QG503,CTV503,CGK,Jakarta Soekarno Hatta International Airport,Citilink,QG,A320,Airbus A320-214,PK-GQH,Departed 20:19,2026-08-11 05:40:19
KUL,departures,2026-08-10,19:10,19:44,OD223,MXD223,TRZ,Tiruchirappalli International Airport,Batik Air,ID,B38M,Boeing 737 MAX 8,9M-LRJ,Departed 20:44,2026-08-11 05:40:19
KUL,departures,2026-08-10,19:15,19:38,MH251,MAS251,SYD,Sydney Kingsford Smith Airport,Malaysia Airlines,MH,A339,Airbus A330-941,9M-MNH,Departed 20:38,2026-08-11 05:40:19
KUL,departures,2026-08-10,19:15,20:50,FM866,CSH866,PVG,Shanghai Pudong International Airport,Shanghai Airlines,FM,B38M,Boeing 737 MAX 8,B-208M,Departed 21:50,2026-08-11 05:40:19
KUL,departures,2026-08-10,19:15,19:17,AK6038,AXM6038,JHB,Johor Bahru Senai International Airport,AirAsia,AK,A20N,Airbus A320-251N,9M-RAM,Departed 20:17,2026-08-11 05:40:19
KUL,departures,2026-08-10,19:15,19:22,AK5218,AXM5218,KCH,Kuching International Airport,AirAsia,AK,A320,Airbus A320-214,9M-DAE,Departed 20:22,2026-08-11 05:40:19
KUL,departures,2026-08-10,19:15,19:40,AK118,AXM118,CAN,Guangzhou Baiyun International Airport,AirAsia,AK,A320,Airbus A320-216,9M-AGU,Departed 20:40,2026-08-11 05:40:19
KUL,departures,2026-08-10,19:20,19:37,AK71,AXM71,DAC,Dhaka Shahjalal International Airport,AirAsia,AK,A21N,Airbus A321-251NX,9M-VAE,Departed 20:37,2026-08-11 05:40:19
KUL,departures,2026-08-10,19:25,19:26,AK39,AXM39,COK,Cochin International Airport,AirAsia,AK,A20N,Airbus A320-251N,9M-AGO,Departed 20:26,2026-08-11 05:40:19
KUL,departures,2026-08-10,19:30,19:48,MH147,MAS147,MEL,Melbourne Airport,Malaysia Airlines,MH,A339,Airbus A330-941,9M-MNK,Departed 20:48,2026-08-11 05:40:19
KUL,departures,2026-08-10,19:35,20:31,8B680,TNU680,CGK,Jakarta Soekarno Hatta International Airport,TransNusa,8B,A321,Airbus A321-211,PK-TLG,Departed 21:31,2026-08-11 05:40:19
KUL,departures,2026-08-10,19:35,19:51,AK23,AXM23,TRZ,Tiruchirappalli International Airport,AirAsia,AK,A320,Airbus A320-214,9M-AHV,Departed 20:51,2026-08-11 05:40:19
KUL,departures,2026-08-10,19:40,19:50,SQ125,SIA125,SIN,Singapore Changi Airport,Singapore Airlines,SQ,A359,Airbus A350-941,9V-SHI,Departed 20:50,2026-08-11 05:40:19
KUL,departures,2026-08-10,19:40,,FY3680,,SIN,Singapore Changi Airport,Firefly,FY,738,,,Unknown,2026-08-11 05:40:19
KUL,departures,2026-08-10,19:45,19:58,QZ211,AWQ211,CGK,Jakarta Soekarno Hatta International Airport,AirAsia,AK,A320,Airbus A320-216,PK-AXT,Departed 20:58,2026-08-11 05:40:19
KUL,departures,2026-08-10,19:45,20:04,KT168,KTC168,KTI,Phnom Penh Techo International Airport,AirAsia (Cambodia Livery),AK,A320,Airbus A320-214,XU-818,Departed 21:04,2026-08-11 05:40:19
KUL,departures,2026-08-10,19:45,19:55,AK65,AXM65,CCU,Kolkata Subhas Chandra Bose International Airport,AirAsia,AK,A320,Airbus A320-214,9M-AFE,Departed 20:55,2026-08-11 05:40:19
KUL,departures,2026-08-10,19:55,19:55,3U9026,,CKG,Chongqing Jiangbei International Airport,Sichuan Airlines,3U,320,,,Estimated dep 20:55*,2026-08-11 05:40:15
KUL,departures,2026-08-10,19:55,20:20,TG418,THA418,BKK,Bangkok Suvarnabhumi Airport,Thai Airways,TG,B789,Boeing 787-9 Dreamliner,HS-TWB,Departed 21:20,2026-08-11 05:40:15
KUL,departures,2026-08-10,19:55,20:10,AK47,AXM47,CMB,Colombo Bandaranaike International Airport,AirAsia,AK,A320,Airbus A320-214,9M-AJG,Departed 21:10,2026-08-11 05:40:15
KUL,departures,2026-08-10,20:00,20:14,MH2628,MAS2628,BKI,Kota Kinabalu International Airport,Malaysia Airlines,MH,B738,Boeing 737-8H6,9M-MXY,Departed 21:14,2026-08-11 05:40:15
KUL,departures,2026-08-10,20:00,20:24,MH487,MAS487,MLE,Male Velana International Airport,Malaysia Airlines,MH,B38M,Boeing 737 MAX 8,9M-MVC,Departed 21:24,2026-08-11 05:40:15
KUL,departures,2026-08-10,20:05,20:28,MH1166,MAS1166,PEN,Penang International Airport,Malaysia Airlines,MH,B738,Boeing 737-8H6,9M-MXA,Departed 21:28,2026-08-11 05:40:15
KUL,departures,2026-08-10,20:05,20:16,MH522,MAS522,SZX,Shenzhen Bao'an International Airport,Malaysia Airlines,MH,B38M,Boeing 737 MAX 8,9M-MVB,Departed 21:16,2026-08-11 05:40:15
KUL,departures,2026-08-10,20:05,20:12,HU756,CHH756,HAK,Haikou Meilan International Airport,Hainan Airlines,HU,B38M,Boeing 737 MAX 8,B-1390,Departed 21:12,2026-08-11 05:40:15
KUL,departures,2026-08-10,20:05,20:39,AK53,AXM53,BLR,Bengaluru Kempegowda International Airport,AirAsia,AK,A320,Airbus A320-216,9M-AJZ,Departed 21:39,2026-08-11 05:40:15
KUL,departures,2026-08-10,20:10,20:35,TH3507,RMY3507,HKG,Hong Kong International Airport,Raya Airways,TH,A321,Airbus A321-211(PCF),9M-BZB,Departed 21:35,2026-08-11 05:40:15
KUL,departures,2026-08-10,20:15,20:23,MH2532,MAS2532,KCH,Kuching International Airport,Malaysia Airlines (Malaysia Negaraku Livery),MH,B738,Boeing 737-8H6,9M-MXV,Departed 21:23,2026-08-11 05:40:15
KUL,departures,2026-08-10,20:15,20:26,BI874,RBA874,BWN,Brunei International Airport,Royal Brunei Airlines (50th Anniversary sticker),BI,A20N,Airbus A320-251N,V8-RBE,Departed 21:26,2026-08-11 05:40:15
KUL,departures,2026-08-10,20:20,21:27,ID7265,,KNO,Medan Kuala Namu International Airport,Batik Air,ID,738,,,Unknown,2026-08-11 05:40:15
KUL,departures,2026-08-10,20:25,20:33,WY824,OMA824,MCT,Muscat International Airport,Oman Air,WY,B789,Boeing 787-9 Dreamliner,A4O-SK,Departed 21:33,2026-08-11 05:40:15
KUL,departures,2026-08-10,20:30,21:11,MH198,MAS198,HYD,Hyderabad Rajiv Gandhi International Airport,Malaysia Airlines,MH,B38M,Boeing 737 MAX 8,9M-MVF,Departed 22:11,2026-08-11 05:40:15
KUL,departures,2026-08-10,20:30,20:46,MH145,MAS145,AKL,Auckland Airport,Malaysia Airlines,MH,A339,Airbus A330-941,9M-MNJ,Departed 21:46,2026-08-11 05:40:15
KUL,departures,2026-08-10,20:45,20:57,MH796,MAS796,BKK,Bangkok Suvarnabhumi Airport,Malaysia Airlines,MH,B738,Boeing 737-8H6,9M-MLU,Departed 21:57,2026-08-11 05:40:15
KUL,departures,2026-08-10,20:45,21:02,AK13,AXM13,MAA,Chennai International Airport,AirAsia,AK,A20N,Airbus A320-251N,9M-AGJ,Departed 22:02,2026-08-11 05:40:15
KUL,departures,2026-08-10,20:50,20:50,YG9004,,HGH,Hangzhou Xiaoshan International Airport,YTO Cargo Airlines,YG,75F,,,Estimated dep 21:50*,2026-08-11 05:40:15
KUL,departures,2026-08-10,20:50,21:08,QR855,QTR855,DOH,Doha Hamad International Airport,Qatar Airways,QR,B788,Boeing 787-8 Dreamliner,A7-BCU,Departed 22:08,2026-08-11 05:40:15
KUL,departures,2026-08-10,20:50,21:19,OD670,MXD670,KMG,Kunming Changshui International Airport,Batik Air,ID,B38M,Boeing 737 MAX 8,9M-LRT,Departed 22:19,2026-08-11 05:40:15
KUL,departures,2026-08-10,20:50,21:05,MH727,MAS727,CGK,Jakarta Soekarno Hatta International Airport,Malaysia Airlines,MH,B738,Boeing 737-8H6,9M-MSE,Departed 22:05,2026-08-11 05:40:15
KUL,departures,2026-08-10,20:50,21:06,ID8396,BTK8396,CGK,Jakarta Soekarno Hatta International Airport,Batik Air,ID,A320,Airbus A320-214,PK-LUZ,Departed 22:06,2026-08-11 05:40:15
KUL,departures,2026-08-10,20:55,21:25,6E1038,IGO1038,BLR,Bengaluru Kempegowda International Airport,IndiGo,6E,A20N,Airbus A320-251N,VT-IQU,Departed 22:25,2026-08-11 05:40:15
KUL,departures,2026-08-10,20:55,21:21,QZ327,AWQ327,SUB,Surabaya Juanda International Airport,AirAsia (Dnars Indonesia Livery),AK,A320,Airbus A320-216,PK-AZN,Departed 22:21,2026-08-11 05:40:15
KUL,departures,2026-08-10,20:55,21:30,OD612,MXD612,CAN,Guangzhou Baiyun International Airport,Batik Air (Visit Malaysia Truly Asia 2026 Livery),ID,B38M,Boeing 737 MAX 8,9M-LRL,Departed 22:30,2026-08-11 05:40:15
KUL,departures,2026-08-10,20:55,21:22,EY487,ETD3JC,AUH,Abu Dhabi Zayed International Airport,Etihad Airways,EY,B789,Boeing 787-9 Dreamliner,A6-BNB,Departed 22:22,2026-08-11 05:40:15
KUL,departures,2026-08-10,21:00,21:17,SQ127,SIA127,SIN,Singapore Changi Airport,Singapore Airlines,SQ,B38M,Boeing 737 MAX 8,9V-MBH,Departed 22:17,2026-08-11 05:40:15
KUL,departures,2026-08-10,21:00,21:44,OD820,MXD820,ICN,Seoul Incheon International Airport,Batik Air,ID,B38M,Boeing 737 MAX 8,9M-LRS,Departed 22:44,2026-08-11 05:40:15
KUL,departures,2026-08-10,21:00,21:42,MH2626,MAS2626,BKI,Kota Kinabalu International Airport,Malaysia Airlines,MH,B738,Boeing 737-8H6,9M-MXM,Departed 22:42,2026-08-11 05:40:15
KUL,departures,2026-08-10,21:00,21:34,MH192,MAS192,BLR,Bengaluru Kempegowda International Airport,Malaysia Airlines,MH,B38M,Boeing 737 MAX 8,9M-MVK,Departed 22:34,2026-08-11 05:40:15
KUL,departures,2026-08-10,21:00,21:45,MH179,MAS179,CMB,Colombo Bandaranaike International Airport,Malaysia Airlines,MH,B38M,Boeing 737 MAX 8,9M-MVJ,Departed 22:45,2026-08-11 05:40:15
KUL,departures,2026-08-10,21:00,,FY2955,,PEN,Penang International Airport,Firefly,FY,738,,,Unknown,2026-08-11 05:40:15
KUL,departures,2026-08-10,21:05,21:13,MH184,MAS184,CCU,Kolkata Subhas Chandra Bose International Airport,Malaysia Airlines,MH,B38M,Boeing 737 MAX 8,9M-MVG,Departed 22:13,2026-08-11 05:40:15
KUL,departures,2026-08-10,21:05,21:15,AK128,AXM128,SZX,Shenzhen Bao'an International Airport,AirAsia,AK,A320,Airbus A320-216,9M-AQO,Departed 22:15,2026-08-11 05:40:15
KUL,departures,2026-08-10,21:10,21:33,OD231,MXD231,COK,Cochin International Airport,Batik Air,ID,B738,Boeing 737-8GP,9M-LNP,Departed 22:33,2026-08-11 05:40:15
KUL,departures,2026-08-10,21:20,21:51,OD162,MXD162,DAC,Dhaka Shahjalal International Airport,Batik Air (Visit Malaysia Truly Asia 2026 Livery),ID,B38M,Boeing 737 MAX 8,9M-LRM,Departed 22:51,2026-08-11 05:40:15
KUL,departures,2026-08-10,21:25,21:39,MH149,MAS149,MEL,Melbourne Airport,Malaysia Airlines,MH,A339,Airbus A330-941,9M-MNP,Departed 22:39,2026-08-11 05:40:15
KUL,departures,2026-08-10,21:25,21:48,MH139,MAS139,ADL,Adelaide Airport,Malaysia Airlines,MH,A339,Airbus A330-941,9M-MNM,Departed 22:48,2026-08-11 05:40:15
KUL,departures,2026-08-10,21:25,21:37,MH52,MAS52,KIX,Osaka Kansai International Airport,Malaysia Airlines (Mumbai Indians Livery),MH,A333,Airbus A330-323,9M-MTM,Departed 22:37,2026-08-11 05:40:15
KUL,departures,2026-08-10,21:30,21:29,AK9,AXM9,TRV,Thiruvananthapuram International Airport,AirAsia,AK,A20N,Airbus A320-251N,9M-AGN,Departed 22:29,2026-08-11 05:40:15
KUL,departures,2026-08-10,21:45,21:45,TH8801,,NNG,Nanning Wuxu International Airport,Raya Airways,TH,767,,,Estimated dep 22:45*,2026-08-11 05:40:15
KUL,departures,2026-08-10,21:45,21:46,TR467,TGW467,SIN,Singapore Changi Airport,Scoot,TR,A21N,Airbus A321-271NX,9V-NCM,Departed 22:46,2026-08-11 05:40:15
KUL,departures,2026-08-10,21:50,22:13,JL724,JAL724,NRT,Tokyo Narita International Airport,Japan Airlines,JL,B788,Boeing 787-8 Dreamliner,JA836J,Departed 23:13,2026-08-11 05:40:15
KUL,departures,2026-08-10,21:50,22:11,BA34,BAW34,LHR,London Heathrow Airport,British Airways,BA,B789,Boeing 787-9 Dreamliner,G-ZBKG,Departed 23:11,2026-08-11 05:40:15
KUL,departures,2026-08-10,22:00,22:15,MH196,MAS196,DAC,Dhaka Shahjalal International Airport,Malaysia Airlines,MH,B38M,Boeing 737 MAX 8,9M-MVA,Departed 23:15,2026-08-11 05:40:15
KUL,departures,2026-08-10,22:05,22:07,MH609,MAS609,SIN,Singapore Changi Airport,Malaysia Airlines,MH,B738,Boeing 737-8H6,9M-MXW,Departed 23:07,2026-08-11 05:40:15
KUL,departures,2026-08-10,22:20,23:04,MH2,MAS2,LHR,London Heathrow Airport,Malaysia Airlines (Malaysia Negaraku Livery),MH,A359,Airbus A350-941,9M-MAC,Departed 00:04,2026-08-11 05:40:15
KUL,departures,2026-08-10,22:20,23:03,KE428,KAL428,ICN,Seoul Incheon International Airport,Korean Air,KE,A333,Airbus A330-323,HL8026,Departed 00:03,2026-08-11 05:40:15
KUL,departures,2026-08-10,22:25,23:08,TK61,THY39V,IST,Istanbul Airport,Turkish Airlines,TK,A359,Airbus A350-941,TC-LGC,Departed 00:08,2026-08-11 05:40:15
KUL,departures,2026-08-10,22:30,22:59,MH66,MAS066,ICN,Seoul Incheon International Airport,Malaysia Airlines,MH,A333,Airbus A330-323,9M-MTK,Departed 23:59,2026-08-11 05:40:15
KUL,departures,2026-08-10,22:30,22:45,MH20,MAS20,CDG,Paris Charles de Gaulle Airport,Malaysia Airlines,MH,A359,Airbus A350-941,9M-MAE,Departed 23:45,2026-08-11 05:40:15
KUL,departures,2026-08-10,22:30,22:42,MH88,MAS88,NRT,Tokyo Narita International Airport,Malaysia Airlines (Malaysia Negaraku Livery),MH,A359,Airbus A350-941,9M-MAF,Departed 23:42,2026-08-11 05:40:15
KUL,departures,2026-08-10,22:30,22:56,D7504,XAX504,ICN,Seoul Incheon International Airport,AirAsia,AK,A333,Airbus A330-343,9M-XXJ,Departed 23:56,2026-08-11 05:40:15
KUL,departures,2026-08-10,22:35,22:40,MH1194,MAS1194,PEN,Penang International Airport,Malaysia Airlines,MH,B738,Boeing 737-8H6,9M-MXG,Departed 23:40,2026-08-11 05:40:15
KUL,departures,2026-08-10,22:40,23:06,MH318,MAS318,PKX,Beijing Daxing International Airport,Malaysia Airlines,MH,A333,Airbus A330-323,9M-MTB,Departed 00:06,2026-08-11 05:40:15
KUL,departures,2026-08-10,22:45,23:01,MH708,MAS708,MNL,Manila Ninoy Aquino International Airport,Malaysia Airlines,MH,B38M,Boeing 737 MAX 8,9M-MVP,Departed 00:01,2026-08-11 05:40:15
KUL,departures,2026-08-10,22:45,23:09,MH123,MAS123,SYD,Sydney Kingsford Smith Airport,Malaysia Airlines,MH,A339,Airbus A330-941,9M-MNG,Departed 00:09,2026-08-11 05:40:15
KUL,departures,2026-08-10,22:55,23:52,KL810,KLM810,AMS,Amsterdam Schiphol Airport,KLM,KL,B789,Boeing 787-9 Dreamliner,PH-BHI,Departed 00:52,2026-08-11 05:40:15
KUL,departures,2026-08-10,23:05,23:23,OD191,MXD191,PER,Perth Airport,Batik Air,ID,B738,Boeing 737-8U3,9M-LCW,Departed 00:23,2026-08-11 05:40:15
KUL,departures,2026-08-10,23:05,00:03,FM7266,CSH7266,PVG,Shanghai Pudong International Airport,Shanghai Airlines,FM,B38M,Boeing 737 MAX 8,B-1379,Departed 01:03,2026-08-11 05:40:15
KUL,departures,2026-08-10,23:15,23:34,CA872,CCA872,PEK,Beijing Capital International Airport,Air China,CA,B38M,Boeing 737 MAX 8,B-1225,Departed 00:34,2026-08-11 05:40:15
KUL,departures,2026-08-10,23:20,23:15,3U3994,CSC3994,TFU,Chengdu Tianfu International Airport,Sichuan Airlines,3U,A21N,Airbus A321-271N,B-1056,Departed 00:15,2026-08-11 05:40:15
KUL,departures,2026-08-10,23:25,03:01,HO1354,DKH1354,PVG,Shanghai Pudong International Airport,Juneyao Air,HO,A20N,Airbus A320-271N,B-324D,Departed 04:01,2026-08-11 05:40:15
KUL,departures,2026-08-10,23:30,,3U9032,,NTG,Nantong Xingdong Airport,Sichuan Airlines,3U,321,,,Unknown,2026-08-11 05:40:15
KUL,departures,2026-08-10,23:40,00:14,MU2970,CES2970,NKG,Nanjing Lukou International Airport,China Eastern Airlines,MU,A20N,Airbus A320-251N,B-30DJ,Departed 01:14,2026-08-11 05:40:15
KUL,departures,2026-08-10,23:45,23:54,3U3774,CSC3774,CKG,Chongqing Jiangbei International Airport,Sichuan Airlines,3U,A20N,Airbus A320-271N,B-30E0,Departed 00:54,2026-08-11 05:40:15
KUL,departures,2026-08-10,23:55,02:31,5J502,CEB502,MNL,Manila Ninoy Aquino International Airport,Cebu Pacific,5J,A21N,Airbus A321-271NX,RP-C4127,Departed 03:31,2026-08-11 05:40:15
PKU,arrivals,2026-08-10,07:00,,JT292,,CGK,Jakarta Soekarno Hatta International Airport,Lion Air,JT,738,,,Canceled,2026-08-11 05:34:46
PKU,arrivals,2026-08-10,07:30,07:15,QG936,CTV936,CGK,Jakarta Soekarno Hatta International Airport,Citilink (Tiket.com Livery),QG,A320,Airbus A320-214,PK-GLZ,Landed 07:15,2026-08-11 05:34:46
PKU,arrivals,2026-08-10,08:05,07:37,MH841,MAS841,KUL,Kuala Lumpur International Airport,Malaysia Airlines,MH,B738,Boeing 737-8H6,9M-MLS,Landed 07:37,2026-08-11 05:34:46
PKU,arrivals,2026-08-10,08:25,08:29,IP320,PAS320,CGK,Jakarta Soekarno Hatta International Airport,Pelita Air,IP,A320,Airbus A320-214,PK-PWQ,Landed 08:29,2026-08-11 05:34:46
PKU,arrivals,2026-08-10,08:45,,JT246,,BTH,Batam Hang Nadim Airport,Lion Air,JT,739,,,Unknown,2026-08-11 05:34:46
PKU,arrivals,2026-08-10,08:45,08:40,JT239,LNI239,BTH,Batam Hang Nadim Airport,Lion Air,JT,B739,Boeing 737-9GP(ER),PK-LFY,Landed 08:40,2026-08-11 05:34:46
PKU,arrivals,2026-08-10,09:40,09:55,ID6852,BTK6852,CGK,Jakarta Soekarno Hatta International Airport,Batik Air,ID,A320,Airbus A320-214,PK-BKT,Landed 09:55,2026-08-11 05:34:46
PKU,arrivals,2026-08-10,09:40,09:45,GA172,GIA172,CGK,Jakarta Soekarno Hatta International Airport,Garuda Indonesia,GA,B738,Boeing 737-8U3,PK-GMW,Landed 09:45,2026-08-11 05:34:46
PKU,arrivals,2026-08-10,10:00,10:06,IW1233,WON1233,GNS,Gunung Sitoli Binaka Airport,Wings Air,IW,AT76,ATR 72-600,PK-WJV,Landed 10:06,2026-08-11 05:34:46
PKU,arrivals,2026-08-10,10:25,10:48,TR256,TGW256,SIN,Singapore Changi Airport,Scoot,TR,E290,Embraer E190-E2,9V-THB,Landed 10:48,2026-08-11 05:34:46
PKU,arrivals,2026-08-10,10:30,10:26,AK431,AXM431,KUL,Kuala Lumpur International Airport,AirAsia (BIG Duty Free Livery),AK,A320,Airbus A320-214,9M-AHY,Landed 10:26,2026-08-11 05:34:46
PKU,arrivals,2026-08-10,10:50,11:06,QG932,CTV932,CGK,Jakarta Soekarno Hatta International Airport,Citilink,QG,A320,Airbus A320-214,PK-GQJ,Landed 11:06,2026-08-11 05:34:46
PKU,arrivals,2026-08-10,11:10,11:32,IU833,SJV833,KNO,Medan Kuala Namu International Airport,Super Air Jet,IU,A320,Airbus A320-232,PK-SJU,Landed 11:32,2026-08-11 05:34:46
PKU,arrivals,2026-08-10,11:45,11:46,JT390,LNI390,CGK,Jakarta Soekarno Hatta International Airport,Lion Air,JT,B739,Boeing 737-9GP(ER),PK-LQT,Landed 11:46,2026-08-11 05:34:46
PKU,arrivals,2026-08-10,12:35,,IU912,,CGK,Jakarta Soekarno Hatta International Airport,Super Air Jet,IU,320,,,Canceled,2026-08-11 05:34:46
PKU,arrivals,2026-08-10,12:40,12:29,QG934,CTV934,BTH,Batam Hang Nadim Airport,Citilink,QG,A320,Airbus A320-214,PK-GLO,Landed 12:29,2026-08-11 05:34:46
PKU,arrivals,2026-08-10,13:30,13:27,IP322,PAS322,CGK,Jakarta Soekarno Hatta International Airport,Pelita Air,IP,A320,Airbus A320-214,PK-PWQ,Landed 13:27,2026-08-11 05:34:46
PKU,arrivals,2026-08-10,13:40,14:37,GA174,GIA174,CGK,Jakarta Soekarno Hatta International Airport,Garuda Indonesia,GA,B738,Boeing 737-8U3,PK-GNC,Landed 14:37,2026-08-11 05:34:46
PKU,arrivals,2026-08-10,14:15,,IU866,,CGK,Jakarta Soekarno Hatta International Airport,Super Air Jet,IU,320,,,Canceled,2026-08-11 05:34:46
PKU,arrivals,2026-08-10,15:15,16:10,ID6854,BTK6854,CGK,Jakarta Soekarno Hatta International Airport,Batik Air,ID,A320,Airbus A320-232,PK-BKO,Landed 16:10,2026-08-11 05:34:46
PKU,arrivals,2026-08-10,15:35,16:18,AK429,AXM429,KUL,Kuala Lumpur International Airport,AirAsia,AK,A320,Airbus A320-214,9M-AJG,Landed 16:18,2026-08-11 05:34:46
PKU,arrivals,2026-08-10,15:50,16:27,JT237,LNI237,BTH,Batam Hang Nadim Airport,Lion Air,JT,B739,Boeing 737-9GP(ER),PK-LFY,Landed 16:27,2026-08-11 05:34:46
PKU,arrivals,2026-08-10,17:00,16:55,GA176,GIA176,CGK,Jakarta Soekarno Hatta International Airport,Garuda Indonesia (Pocari Sweat Livery),GA,B738,Boeing 737-86N,PK-GNN,Landed 16:55,2026-08-11 05:34:46
PKU,arrivals,2026-08-10,17:35,17:29,IU910,SJV910,CGK,Jakarta Soekarno Hatta International Airport,Super Air Jet,IU,A320,Airbus A320-232,PK-SJW,Landed 17:29,2026-08-11 05:34:46
PKU,arrivals,2026-08-10,17:35,17:19,IP324,PAS324,CGK,Jakarta Soekarno Hatta International Airport,Pelita Air,IP,A320,Airbus A320-214,PK-PWC,Landed 17:19,2026-08-11 05:34:46
PKU,arrivals,2026-08-10,17:50,,RI130,,CGK,Jakarta Soekarno Hatta International Airport,Rimbun Air,RI,73Y,,,Unknown,2026-08-11 05:34:46
PKU,arrivals,2026-08-10,18:10,18:40,JT161,LNI161,KUL,Kuala Lumpur International Airport,Lion Air,JT,B739,Boeing 737-9GP(ER),PK-LSH,Landed 18:40,2026-08-11 05:34:46
PKU,arrivals,2026-08-10,18:30,,IU837,,BTH,Batam Hang Nadim Airport,Super Air Jet,IU,320,,,Unknown,2026-08-11 05:34:46
PKU,arrivals,2026-08-10,18:35,19:07,QG32,CTV032,HLP,Jakarta Halim Perdanakusuma Airport,Citilink,QG,A320,Airbus A320-214,PK-GLK,Landed 19:07,2026-08-11 05:34:46
PKU,arrivals,2026-08-10,19:55,20:13,OD336,MXD336,KUL,Kuala Lumpur International Airport,Batik Air,ID,B38M,Boeing 737 MAX 8,9M-LRU,Landed 20:13,2026-08-11 05:34:46
PKU,arrivals,2026-08-10,20:00,19:56,QG938,CTV938,CGK,Jakarta Soekarno Hatta International Airport,Citilink (Tiket.com Livery),QG,A320,Airbus A320-214,PK-GLW,Landed 19:56,2026-08-11 05:34:46
PKU,arrivals,2026-08-10,20:00,19:49,IP328,PAS328,CGK,Jakarta Soekarno Hatta International Airport,Pelita Air,IP,A320,Airbus A320-214,PK-PWH,Landed 19:49,2026-08-11 05:34:46
PKU,arrivals,2026-08-10,20:20,20:51,JT276,LNI276,YIA,Yogyakarta International Airport,Lion Air,JT,B739,Boeing 737-9GP(ER),PK-LSO,Landed 20:51,2026-08-11 05:34:46
PKU,arrivals,2026-08-10,20:40,21:12,IU914,SJV914,CGK,Jakarta Soekarno Hatta International Airport,Super Air Jet,IU,A320,Airbus A320-232,PK-STC,Landed 21:12,2026-08-11 05:34:46
PKU,departures,2026-08-10,06:00,06:07,IP329,PAS329,CGK,Jakarta Soekarno Hatta International Airport,Pelita Air,IP,A320,Airbus A320-214,PK-PWO,Departed 06:07,2026-08-11 05:35:07
PKU,departures,2026-08-10,06:00,06:16,IU919,SJV919,CGK,Jakarta Soekarno Hatta International Airport,Super Air Jet,IU,A320,Airbus A320-232,PK-STF,Departed 06:16,2026-08-11 05:35:07
PKU,departures,2026-08-10,06:10,06:13,QG937,CTV937,CGK,Jakarta Soekarno Hatta International Airport,Citilink,QG,A320,Airbus A320-214,PK-GLG,Departed 06:13,2026-08-11 05:35:07
PKU,departures,2026-08-10,06:10,06:20,JT279,LNI279,YIA,Yogyakarta International Airport,Lion Air,JT,B739,Boeing 737-9GP(ER),PK-LSO,Departed 06:20,2026-08-11 05:35:07
PKU,departures,2026-08-10,07:40,,JT393,,CGK,Jakarta Soekarno Hatta International Airport,Lion Air,JT,738,,,Canceled,2026-08-11 05:35:07
PKU,departures,2026-08-10,08:00,08:04,QG939,CTV939,CGK,Jakarta Soekarno Hatta International Airport,Citilink (Tiket.com Livery),QG,A320,Airbus A320-214,PK-GLZ,Departed 08:04,2026-08-11 05:35:07
PKU,departures,2026-08-10,09:05,08:54,MH840,MAS840,KUL,Kuala Lumpur International Airport,Malaysia Airlines,MH,B738,Boeing 737-8H6,9M-MLS,Departed 08:54,2026-08-11 05:35:07
PKU,departures,2026-08-10,09:10,09:22,IP321,PAS321,CGK,Jakarta Soekarno Hatta International Airport,Pelita Air,IP,A320,Airbus A320-214,PK-PWQ,Departed 09:22,2026-08-11 05:35:07
PKU,departures,2026-08-10,09:25,09:59,JT238,LNI238,BTH,Batam Hang Nadim Airport,Lion Air,JT,B739,Boeing 737-9GP(ER),PK-LFY,Departed 09:59,2026-08-11 05:35:07
PKU,departures,2026-08-10,09:30,09:28,OD337,MXD337,KUL,Kuala Lumpur International Airport,Batik Air,ID,B738,Boeing 737-8GP,9M-LNV,Departed 09:28,2026-08-11 05:35:07
PKU,departures,2026-08-10,10:20,10:58,ID6857,BTK6857,CGK,Jakarta Soekarno Hatta International Airport,Batik Air,ID,A320,Airbus A320-214,PK-BKT,Departed 10:58,2026-08-11 05:35:07
PKU,departures,2026-08-10,10:45,10:54,GA175,GIA175,CGK,Jakarta Soekarno Hatta International Airport,Garuda Indonesia,GA,B738,Boeing 737-8U3,PK-GMW,Departed 10:54,2026-08-11 05:35:07
PKU,departures,2026-08-10,10:55,11:17,AK430,AXM430,KUL,Kuala Lumpur International Airport,AirAsia (BIG Duty Free Livery),AK,A320,Airbus A320-214,9M-AHY,Departed 11:17,2026-08-11 05:35:07
PKU,departures,2026-08-10,11:00,11:37,TR257,TGW257,SIN,Singapore Changi Airport,Scoot,TR,E290,Embraer E190-E2,9V-THB,Departed 11:37,2026-08-11 05:35:07
PKU,departures,2026-08-10,11:20,11:51,QG933,CTV933,CGK,Jakarta Soekarno Hatta International Airport,Citilink,QG,A320,Airbus A320-214,PK-GQJ,Departed 11:51,2026-08-11 05:35:07
PKU,departures,2026-08-10,11:50,12:20,IU832,SJV832,KNO,Medan Kuala Namu International Airport,Super Air Jet,IU,A320,Airbus A320-232,PK-SJU,Departed 12:20,2026-08-11 05:35:07
PKU,departures,2026-08-10,12:45,13:07,JT160,LNI160,KUL,Kuala Lumpur International Airport,Lion Air,JT,B739,Boeing 737-9GP(ER),PK-LQT,Departed 13:07,2026-08-11 05:35:07
PKU,departures,2026-08-10,13:10,13:22,QG935,CTV935,BTH,Batam Hang Nadim Airport,Citilink,QG,A320,Airbus A320-214,PK-GLO,Departed 13:22,2026-08-11 05:35:07
PKU,departures,2026-08-10,13:15,,IU913,,CGK,Jakarta Soekarno Hatta International Airport,Super Air Jet,IU,320,,,Canceled,2026-08-11 05:35:07
PKU,departures,2026-08-10,13:55,,IW1232,,GNS,Gunung Sitoli Binaka Airport,Wings Air,IW,AT7,,,Unknown,2026-08-11 05:35:07
PKU,departures,2026-08-10,14:20,14:32,IP323,PAS323,CGK,Jakarta Soekarno Hatta International Airport,Pelita Air,IP,A320,Airbus A320-214,PK-PWQ,Departed 14:32,2026-08-11 05:35:07
PKU,departures,2026-08-10,14:25,15:33,GA177,GIA177,CGK,Jakarta Soekarno Hatta International Airport,Garuda Indonesia,GA,B738,Boeing 737-8U3,PK-GNC,Departed 15:33,2026-08-11 05:35:07
PKU,departures,2026-08-10,14:55,,IU867,,CGK,Jakarta Soekarno Hatta International Airport,Super Air Jet,IU,320,,,Canceled,2026-08-11 05:35:07
PKU,departures,2026-08-10,16:00,17:02,AK428,AXM428,KUL,Kuala Lumpur International Airport,AirAsia,AK,A320,Airbus A320-214,9M-AJG,Departed 17:02,2026-08-11 05:35:07
PKU,departures,2026-08-10,16:10,17:25,ID6855,BTK6855,CGK,Jakarta Soekarno Hatta International Airport,Batik Air,ID,A320,Airbus A320-232,PK-BKO,Departed 17:25,2026-08-11 05:35:07
PKU,departures,2026-08-10,16:30,17:33,JT236,LNI236,BTH,Batam Hang Nadim Airport,Lion Air,JT,B739,Boeing 737-9GP(ER),PK-LFY,Departed 17:33,2026-08-11 05:35:07
PKU,departures,2026-08-10,17:45,17:53,GA179,GIA179,CGK,Jakarta Soekarno Hatta International Airport,Garuda Indonesia (Pocari Sweat Livery),GA,B738,Boeing 737-86N,PK-GNN,Departed 17:53,2026-08-11 05:35:07
PKU,departures,2026-08-10,18:15,18:22,IU911,SJV911,CGK,Jakarta Soekarno Hatta International Airport,Super Air Jet,IU,A320,Airbus A320-232,PK-SJW,Departed 18:22,2026-08-11 05:35:07
PKU,departures,2026-08-10,18:20,18:28,IP325,PAS325,CGK,Jakarta Soekarno Hatta International Airport,Pelita Air,IP,A320,Airbus A320-214,PK-PWC,Departed 18:28,2026-08-11 05:35:07
PKU,departures,2026-08-10,19:05,20:01,QG33,CTV033,HLP,Jakarta Halim Perdanakusuma Airport,Citilink,QG,A320,Airbus A320-214,PK-GLK,Departed 20:01,2026-08-11 05:35:07
PKU,departures,2026-08-10,19:10,20:06,JT391,LNI391,CGK,Jakarta Soekarno Hatta International Airport,Lion Air,JT,B739,Boeing 737-9GP(ER),PK-LSH,Departed 20:06,2026-08-11 05:35:07
PKU,departures,2026-08-10,19:10,,IU836,,BTH,Batam Hang Nadim Airport,Super Air Jet,IU,320,,,Unknown,2026-08-11 05:35:07
PKU,departures,2026-08-10,19:50,,RI131,,CGK,Jakarta Soekarno Hatta International Airport,Rimbun Air,RI,73Y,,,Unknown,2026-08-11 05:35:07
SIN,arrivals,2026-08-10,00:05,23:51,TR273,TGW273,CGK,Jakarta Soekarno Hatta International Airport,Scoot,TR,A320,Airbus A320-232,9V-TRV,Landed 00:51,2026-08-11 05:38:28
SIN,arrivals,2026-08-10,00:10,00:00,TR51,TGW51,ATH,Athens Eleftherios Venizelos,Scoot,TR,B788,Boeing 787-8 Dreamliner,9V-OFH,Landed 01:00,2026-08-11 05:38:28
SIN,arrivals,2026-08-10,00:30,00:16,MU9647,CES9647,KMG,Kunming Changshui International Airport,China Eastern Airlines,MU,B789,Boeing 787-9 Dreamliner,B-209N,Landed 01:16,2026-08-11 05:38:28
SIN,arrivals,2026-08-10,00:35,00:29,O3301,CSS301,SZX,Shenzhen Bao'an International Airport,SF Airlines,O3,B763,Boeing 767-338(ER)(BCF),B-1423,Landed 01:29,2026-08-11 05:38:28
SIN,arrivals,2026-08-10,00:40,00:23,TR677,TGW677,CNX,Chiang Mai International Airport,Scoot,TR,A20N,Airbus A320-271N,9V-TNI,Landed 01:23,2026-08-11 05:38:28
SIN,arrivals,2026-08-10,00:40,00:25,MF8675,CXA8675,XMN,Xiamen Gaoqi International Airport,Xiamen Air,MF,B738,Boeing 737-85C,B-1707,Landed 01:25,2026-08-11 05:38:28
SIN,arrivals,2026-08-10,00:45,00:35,6E1007,IGO1007,TRZ,Tiruchirappalli International Airport,IndiGo,6E,A20N,Airbus A320-251N,VT-IXI,Landed 01:35,2026-08-11 05:38:28
SIN,arrivals,2026-08-10,00:55,00:33,MU769,CES769,HFE,Hefei Xinqiao International Airport,China Eastern Airlines,MU,A20N,Airbus A320-251N,B-308Z,Landed 01:33,2026-08-11 05:38:28
SIN,arrivals,2026-08-10,00:56,00:28,FX169,FDX169,ANC,Anchorage Ted Stevens International Airport,FedEx,FX,B77L,Boeing 777-FS2,N894FD,Landed 01:28,2026-08-11 05:38:28
SIN,arrivals,2026-08-10,01:00,00:42,ZH227,CSZ227,SZX,Shenzhen Bao'an International Airport,Shenzhen Airlines,ZH,A320,Airbus A320-214,B-9910,Landed 01:42,2026-08-11 05:38:28
SIN,arrivals,2026-08-10,01:10,01:28,QR8408,QTR8408,DOH,Doha Hamad International Airport,Qatar Cargo,QR,B77L,Boeing 777-FDZ,A7-BFM,Landed 02:28,2026-08-11 05:38:28
SIN,arrivals,2026-08-10,01:25,,FM843,,PVG,Shanghai Pudong International Airport,Shanghai Airlines,FM,7M8,,,Canceled,2026-08-11 05:38:28
SIN,arrivals,2026-08-10,01:30,01:06,TR5,TGW5,PER,Perth Airport,Scoot,TR,B788,Boeing 787-8 Dreamliner,9V-OFI,Landed 02:06,2026-08-11 05:38:28
SIN,arrivals,2026-08-10,01:30,01:15,GS7963,GCR7963,KWE,Guiyang Longdongbao International Airport,Tianjin Airlines,GS,A320,Airbus A320-232,B-1620,Landed 02:15,2026-08-11 05:38:28
SIN,arrivals,2026-08-10,01:55,01:22,HO1561,DKH1561,WUX,Wuxi Sunan Shuofang International Airport,Juneyao Air (Fuping Dried Persimmon Livery),HO,A20N,Airbus A320-271N,B-326J,Landed 02:22,2026-08-11 05:38:28
SIN,arrivals,2026-08-10,02:05,02:41,TR15,TGW15,SYD,Sydney Kingsford Smith Airport,Scoot,TR,B789,Boeing 787-9 Dreamliner,9V-OJA,Landed 03:41,2026-08-11 05:38:28
SIN,arrivals,2026-08-10,02:05,01:43,CZ8489,CSN8489,CAN,Guangzhou Baiyun International Airport,China Southern Airlines,CZ,A21N,Airbus A321-253NX,B-324P,Landed 02:43,2026-08-11 05:38:28
SIN,arrivals,2026-08-10,02:10,01:57,HU447,CHH447,HAK,Haikou Meilan International Airport,Hainan Airlines,HU,B38M,Boeing 737 MAX 8,B-225V,Landed 02:57,2026-08-11 05:38:28
SIN,arrivals,2026-08-10,02:30,02:09,8M237,MMA237,RGN,Yangon International Airport,Myanmar Airways International,8M,A320,Airbus A320-214,XY-ALJ,Landed 03:09,2026-08-11 05:38:28
SIN,arrivals,2026-08-10,02:40,02:21,6E1001,IGO1001,MAA,Chennai International Airport,IndiGo,6E,A21N,Airbus A321-252NX,VT-NCX,Landed 03:21,2026-08-11 05:38:28
SIN,arrivals,2026-08-10,02:40,02:26,TR39,TGW39,MEL,Melbourne Airport,Scoot,TR,B789,Boeing 787-9 Dreamliner,9V-OJD,Landed 03:26,2026-08-11 05:38:28
SIN,arrivals,2026-08-10,02:50,02:48,TR347,TGW347,DPS,Denpasar Ngurah Rai International Airport,Scoot,TR,A21N,Airbus A321-271NX,9V-NCM,Landed 03:48,2026-08-11 05:38:28
SIN,arrivals,2026-08-10,03:00,,QR8416,,DOH,Doha Hamad International Airport,Qatar Airways,QR,77X,,,Unknown,2026-08-11 05:38:28
SIN,arrivals,2026-08-10,03:00,02:56,SQ7443,SIA7443,SYD,Sydney Kingsford Smith Airport,DHL,D0,B77L,Boeing 777-F,9V-DHC,Landed 03:56,2026-08-11 05:38:28
SIN,arrivals,2026-08-10,03:05,03:32,TR189,TGW189,HGH,Hangzhou Xiaoshan International Airport,Scoot,TR,B789,Boeing 787-9 Dreamliner,9V-OJK,Landed 04:32,2026-08-11 05:38:28
SIN,arrivals,2026-08-10,03:05,02:44,TR61,TGW61,VIE,Vienna International Airport,Scoot,TR,B788,Boeing 787-8 Dreamliner,9V-OFN,Landed 03:44,2026-08-11 05:38:28
SIN,arrivals,2026-08-10,03:10,02:33,CZ5085,CSN5085,SZX,Shenzhen Bao'an International Airport,China Southern Airlines,CZ,A20N,Airbus A320-251N,B-32FV,Landed 03:33,2026-08-11 05:38:28
SIN,arrivals,2026-08-10,03:15,02:51,TR893,TGW893,TPE,Taipei Taoyuan International Airport,Scoot,TR,B788,Boeing 787-8 Dreamliner,9V-OFK,Landed 03:51,2026-08-11 05:38:28
SIN,arrivals,2026-08-10,03:30,,8K804,,BKK,Bangkok Suvarnabhumi Airport,Exploits Valley Air Services,8K,73P,,,Unknown,2026-08-11 05:38:28
SIN,arrivals,2026-08-10,03:40,03:30,TR125,TGW125,CSX,Changsha Huanghua International Airport,Scoot,TR,A21N,Airbus A321-271NX,9V-NCH,Landed 04:30,2026-08-11 05:38:28
SIN,arrivals,2026-08-10,03:40,03:23,6E1247,IGO1247,BLR,Bengaluru Kempegowda International Airport,IndiGo,6E,A20N,Airbus A320-251N,VT-IPD,Landed 04:23,2026-08-11 05:38:28
SIN,arrivals,2026-08-10,03:40,03:18,BS307,UBG307,DAC,Dhaka Shahjalal International Airport,BBN Airlines Thailand,TZ,A320,Airbus A320-233,HS-SXA,Landed 04:18,2026-08-11 05:38:28
SIN,arrivals,2026-08-10,03:55,04:59,SQ391,SIA391,IST,Istanbul Airport,Singapore Airlines,SQ,A359,Airbus A350-941,9V-SJH,Landed 05:59,2026-08-11 05:38:28
SIN,arrivals,2026-08-10,04:00,04:01,SQ605,SIA605,ICN,Seoul Incheon International Airport,Singapore Airlines,SQ,A359,Airbus A350-941,9V-SHH,Landed 05:01,2026-08-11 05:38:28
SIN,arrivals,2026-08-10,04:00,04:12,KE647,KAL647,ICN,Seoul Incheon International Airport,Korean Air,KE,A333,Airbus A330-323,HL8026,Landed 05:12,2026-08-11 05:38:28
SIN,arrivals,2026-08-10,04:10,03:55,SQ839,SIA839,HGH,Hangzhou Xiaoshan International Airport,Singapore Airlines,SQ,A359,Airbus A350-941,9V-SHC,Landed 04:55,2026-08-11 05:38:28
SIN,arrivals,2026-08-10,04:10,04:03,SQ252,SIA252,DRW,Darwin International Airport,Singapore Airlines,SQ,B38M,Boeing 737 MAX 8,9V-MBW,Landed 05:03,2026-08-11 05:38:28
SIN,arrivals,2026-08-10,04:15,,9C8551,,PVG,Shanghai Pudong International Airport,Spring Airlines,9C,32S,,,Canceled,2026-08-11 05:38:28
SIN,arrivals,2026-08-10,04:15,,MU543,,PVG,Shanghai Pudong International Airport,China Eastern Airlines,MU,77W,,,Canceled,2026-08-11 05:38:28
SIN,arrivals,2026-08-10,04:25,03:19,SQ635,SIA635,HND,Tokyo Haneda International Airport,Singapore Airlines,SQ,B78X,Boeing 787-10 Dreamliner,9V-SCZ,Landed 04:19,2026-08-11 05:38:28
SIN,arrivals,2026-08-10,04:25,03:37,FJ363,FJI363,NAN,Nadi International Airport,Fiji Airways (Oneworld Livery),FJ,A332,Airbus A330-243,DQ-FJU,Landed 04:37,2026-08-11 05:38:28
SIN,arrivals,2026-08-10,04:30,04:08,SQ853,SIA853,CAN,Guangzhou Baiyun International Airport,Singapore Airlines,SQ,B38M,Boeing 737 MAX 8,9V-MBF,Landed 05:08,2026-08-11 05:38:28
SIN,arrivals,2026-08-10,04:30,04:06,CX659,CPA659,HKG,Hong Kong International Airport,Cathay Pacific,CX,A333,Airbus A330-343,B-LAQ,Landed 05:06,2026-08-11 05:38:28
SIN,arrivals,2026-08-10,04:30,04:19,SQ218,SIA218,MEL,Melbourne Airport,Singapore Airlines,SQ,A359,Airbus A350-941,9V-SHL,Landed 05:19,2026-08-11 05:38:28
SIN,arrivals,2026-08-10,04:30,03:54,SQ323,SIA323,AMS,Amsterdam Schiphol Airport,Singapore Airlines (Star Alliance Livery),SQ,B77W,Boeing 777-312(ER),9V-SWM,Landed 04:54,2026-08-11 05:38:28
SIN,arrivals,2026-08-10,04:30,04:16,SQ33,SIA33,SFO,San Francisco International Airport,Singapore Airlines,SQ,A359,Airbus A350-941,9V-SGE,Landed 05:16,2026-08-11 05:38:28
SIN,arrivals,2026-08-10,04:30,03:49,SQ23,SIA23,JFK,New York John F. Kennedy International Airport,Singapore Airlines,SQ,A359,Airbus A350-941,9V-SGC,Landed 04:49,2026-08-11 05:38:28
SIN,arrivals,2026-08-10,04:40,04:10,TR121,TGW121,WUH,Wuhan Tianhe International Airport,Scoot,TR,B788,Boeing 787-8 Dreamliner,9V-OFM,Landed 05:10,2026-08-11 05:38:28
SIN,arrivals,2026-08-10,04:45,04:57,TR581,TGW581,CEB,Cebu Mactan International Airport,Scoot,TR,A21N,Airbus A321-271NX,9V-NCI,Landed 05:57,2026-08-11 05:38:28
SIN,arrivals,2026-08-10,04:45,04:18,SQ305,SIA305,LHR,London Heathrow Airport,Singapore Airlines,SQ,A359,Airbus A350-941,9V-SJI,Landed 05:18,2026-08-11 05:38:28
SIN,arrivals,2026-08-10,04:45,04:39,SQ246,SIA246,BNE,Brisbane Airport,Singapore Airlines,SQ,A359,Airbus A350-941,9V-SHG,Landed 05:39,2026-08-11 05:38:28
SIN,arrivals,2026-08-10,04:55,,SQ825,,PVG,Shanghai Pudong International Airport,Singapore Airlines,SQ,781,,,Canceled,2026-08-11 05:38:28
SIN,arrivals,2026-08-10,05:00,04:43,SQ447,SIA447,DAC,Dhaka Shahjalal International Airport,Singapore Airlines,SQ,B78X,Boeing 787-10 Dreamliner,9V-SCW,Landed 05:43,2026-08-11 05:38:28
SIN,arrivals,2026-08-10,05:00,04:47,TR873,TGW873,TPE,Taipei Taoyuan International Airport,Scoot,TR,B788,Boeing 787-8 Dreamliner,9V-OFJ,Landed 05:47,2026-08-11 05:38:28
SIN,arrivals,2026-08-10,05:00,04:26,SQ365,SIA365,FCO,Rome Leonardo da Vinci Fiumicino Airport,Singapore Airlines,SQ,A359,Airbus A350-941,9V-SMS,Landed 05:26,2026-08-11 05:38:28
SIN,arrivals,2026-08-10,05:05,04:24,SQ335,SIA335,CDG,Paris Charles de Gaulle Airport,Singapore Airlines,SQ,B77W,Boeing 777-312(ER),9V-SWH,Landed 05:24,2026-08-11 05:38:28
SIN,arrivals,2026-08-10,05:05,06:56,EK9620,UAE9620,DWC,Dubai World Central International Airport,Emirates SkyCargo,EK,B77L,Boeing 777-F1H,A6-EFS,Landed 07:56,2026-08-11 05:38:28
SIN,arrivals,2026-08-10,05:10,05:01,SQ857,SIA857,SZX,Shenzhen Bao'an International Airport,Singapore Airlines,SQ,B38M,Boeing 737 MAX 8,9V-MBB,Landed 06:01,2026-08-11 05:38:28
SIN,arrivals,2026-08-10,05:10,05:10,JL35,JAL35,HND,Tokyo Haneda International Airport,Japan Airlines,JL,B763,Boeing 767-346(ER),JA608J,Landed 06:10,2026-08-11 05:38:28
SIN,arrivals,2026-08-10,05:10,04:49,SQ529,SIA529,MAA,Chennai International Airport,Singapore Airlines,SQ,B78X,Boeing 787-10 Dreamliner,9V-SCM,Landed 05:49,2026-08-11 05:38:28
SIN,arrivals,2026-08-10,05:10,05:16,SQ511,SIA511,BLR,Bengaluru Kempegowda International Airport,Singapore Airlines,SQ,A359,Airbus A350-941,9V-SHI,Landed 06:16,2026-08-11 05:38:28
SIN,arrivals,2026-08-10,05:10,04:53,SQ403,SIA403,DEL,Delhi Indira Gandhi International Airport,Singapore Airlines,SQ,A388,Airbus A380-841,9V-SKW,Landed 05:53,2026-08-11 05:38:28
SIN,arrivals,2026-08-10,05:15,04:55,SQ441,SIA441,KTM,Kathmandu Tribhuvan International Airport,Singapore Airlines,SQ,B38M,Boeing 737 MAX 8,9V-MBV,Landed 05:55,2026-08-11 05:38:28
SIN,arrivals,2026-08-10,05:15,05:12,SQ535,SIA535,COK,Cochin International Airport,Singapore Airlines,SQ,B38M,Boeing 737 MAX 8,9V-MBQ,Landed 06:12,2026-08-11 05:38:28
SIN,arrivals,2026-08-10,05:15,05:06,UA1,UAL1,SFO,San Francisco International Airport,United Airlines,UA,B789,Boeing 787-9 Dreamliner,N81107,Landed 06:06,2026-08-11 05:38:28
SIN,arrivals,2026-08-10,05:20,05:14,SQ479,SIA479,JNB,Johannesburg OR Tambo International Airport,Singapore Airlines,SQ,A359,Airbus A350-941,9V-SMK,Landed 06:14,2026-08-11 05:38:28
SIN,arrivals,2026-08-10,05:20,04:37,SQ345,SIA345,ZRH,Zurich Airport,Singapore Airlines,SQ,B77W,Boeing 777-312(ER),9V-SWY,Landed 05:37,2026-08-11 05:38:28
SIN,arrivals,2026-08-10,05:25,05:03,SQ801,SIA801,PEK,Beijing Capital International Airport,Singapore Airlines,SQ,B78X,Boeing 787-10 Dreamliner,9V-SCD,Landed 06:03,2026-08-11 05:38:28
SIN,arrivals,2026-08-10,05:25,04:44,SQ351,SIA351,CPH,Copenhagen Airport,Singapore Airlines,SQ,A359,Airbus A350-941,9V-SMV,Landed 05:44,2026-08-11 05:38:28
SIN,arrivals,2026-08-10,05:25,05:31,SQ309,SIA309,LGW,London Gatwick Airport,Singapore Airlines,SQ,A359,Airbus A350-941,9V-SMI,Landed 06:31,2026-08-11 05:38:28
SIN,arrivals,2026-08-10,05:30,05:18,TR731,TGW731,TRV,Thiruvananthapuram International Airport,Scoot,TR,A20N,Airbus A320-271N,9V-TNE,Landed 06:18,2026-08-11 05:38:28
SIN,arrivals,2026-08-10,05:30,05:43,SQ517,SIA517,CCU,Kolkata Subhas Chandra Bose International Airport,Singapore Airlines,SQ,B38M,Boeing 737 MAX 8,9V-MBE,Landed 06:43,2026-08-11 05:38:28
SIN,arrivals,2026-08-10,05:35,05:20,SQ216,SIA216,PER,Perth Airport,Singapore Airlines,SQ,B78X,Boeing 787-10 Dreamliner,9V-SDC,Landed 06:20,2026-08-11 05:38:28
SIN,arrivals,2026-08-10,05:35,05:33,TR741,TGW741,CJB,Coimbatore International Airport,Scoot,TR,A21N,Airbus A321-271NX,9V-NCB,Landed 06:33,2026-08-11 05:38:28
SIN,arrivals,2026-08-10,05:40,05:45,3Y924,MYU924,CGK,Jakarta Soekarno Hatta International Airport,My Indo Airlines,3Y,B733,Boeing 737-39K(SF),PK-MYC,Landed 06:45,2026-08-11 05:38:28
SIN,arrivals,2026-08-10,05:40,04:51,NH843,ANA843,HND,Tokyo Haneda International Airport,All Nippon Airways,NH,B789,Boeing 787-9 Dreamliner,JA924A,Landed 05:51,2026-08-11 05:38:28
SIN,arrivals,2026-08-10,05:40,05:05,SQ327,SIA327,MUC,Munich Airport,Singapore Airlines,SQ,A359,Airbus A350-941,9V-SMU,Landed 06:05,2026-08-11 05:38:28
SIN,arrivals,2026-08-10,05:40,05:39,SQ523,SIA523,HYD,Hyderabad Rajiv Gandhi International Airport,Singapore Airlines,SQ,B38M,Boeing 737 MAX 8,9V-MBY,Landed 06:39,2026-08-11 05:38:28
SIN,arrivals,2026-08-10,05:45,05:21,SQ387,SIA387,BCN,Barcelona El Prat Airport,"Singapore Airlines (10,000th Airbus Sticker)",SQ,A359,Airbus A350-941,9V-SMF,Landed 06:21,2026-08-11 05:38:28
SIN,arrivals,2026-08-10,05:45,05:35,NZ282,ANZ282,AKL,Auckland Airport,Air New Zealand,NZ,B77W,Boeing 777-367(ER),ZK-OKW,Landed 06:35,2026-08-11 05:38:28
SIN,arrivals,2026-08-10,05:50,05:23,CA975,CCA975,PEK,Beijing Capital International Airport,Air China,CA,A333,Airbus A330-343,B-5919,Landed 06:23,2026-08-11 05:38:28
SIN,arrivals,2026-08-10,05:50,05:25,SQ25,SIA25,FRA,Frankfurt Airport,Singapore Airlines,SQ,B77W,Boeing 777-312(ER),9V-SWP,Landed 06:25,2026-08-11 05:38:28
SIN,arrivals,2026-08-10,05:50,05:37,TR779,TGW779,MAA,Chennai International Airport,Scoot,TR,B788,Boeing 787-8 Dreamliner,9V-OFC,Landed 06:37,2026-08-11 05:38:28
SIN,arrivals,2026-08-10,06:00,05:26,SQ301,SIA301,MAN,Manchester Airport,Singapore Airlines,SQ,A359,Airbus A350-941,9V-SMJ,Landed 06:26,2026-08-11 05:38:28
SIN,arrivals,2026-08-10,06:00,05:29,SQ355,SIA355,MXP,Milan Malpensa Airport,Singapore Airlines,SQ,A359,Airbus A350-941,9V-SMP,Landed 06:29,2026-08-11 05:38:28
SIN,arrivals,2026-08-10,06:10,05:48,TR161,TGW161,KMG,Kunming Changshui International Airport,Scoot,TR,A20N,Airbus A320-271N,9V-TNJ,Landed 06:48,2026-08-11 05:38:28
SIN,arrivals,2026-08-10,06:10,05:41,SQ437,SIA437,MLE,Male Velana International Airport,Singapore Airlines,SQ,A359,Airbus A350-941,9V-SHW,Landed 06:41,2026-08-11 05:38:28
SIN,arrivals,2026-08-10,06:10,06:03,SQ505,SIA505,AMD,Ahmedabad International Airport,Singapore Airlines,SQ,A359,Airbus A350-941,9V-SHE,Landed 07:03,2026-08-11 05:38:28
SIN,arrivals,2026-08-10,06:15,05:58,AK701,AXM701,KUL,Kuala Lumpur International Airport,AirAsia,AK,A21N,Airbus A321-251NX,9M-VAB,Landed 06:58,2026-08-11 05:38:25
SIN,arrivals,2026-08-10,06:20,05:54,TR759,TGW759,TRZ,Tiruchirappalli International Airport,Scoot,TR,A21N,Airbus A321-271NX,9V-NCC,Landed 06:54,2026-08-11 05:38:25
SIN,arrivals,2026-08-10,06:20,06:08,TR135,TGW135,XIY,Xi'an Xianyang International Airport,Scoot,TR,A20N,Airbus A320-271N,9V-TNG,Landed 07:08,2026-08-11 05:38:25
SIN,arrivals,2026-08-10,06:20,06:01,SQ469,SIA469,CMB,Colombo Bandaranaike International Airport,Singapore Airlines,SQ,B78X,Boeing 787-10 Dreamliner,9V-SCC,Landed 07:01,2026-08-11 05:38:25
SIN,arrivals,2026-08-10,06:25,06:38,AI2380,AIC2380,DEL,Delhi Indira Gandhi International Airport,Air India,AI,A21N,Airbus A321-251NX,VT-TVE,Landed 07:38,2026-08-11 05:38:25
SIN,arrivals,2026-08-10,06:30,06:06,SQ819,SIA819,CKG,Chongqing Jiangbei International Airport,Singapore Airlines,SQ,B38M,Boeing 737 MAX 8,9V-MBH,Landed 07:06,2026-08-11 05:38:25
SIN,arrivals,2026-08-10,06:30,06:18,SQ317,SIA317,LHR,London Heathrow Airport,Singapore Airlines,SQ,A388,Airbus A380-841,9V-SKZ,Landed 07:18,2026-08-11 05:38:25
SIN,arrivals,2026-08-10,06:40,06:33,SQ37,SIA37,LAX,Los Angeles International Airport,Singapore Airlines,SQ,A359,Airbus A350-941,9V-SMY,Landed 07:33,2026-08-11 05:38:25
SIN,arrivals,2026-08-10,06:40,06:29,SQ423,SIA423,BOM,Mumbai Chhatrapati Shivaji International Airport,Singapore Airlines,SQ,B77W,Boeing 777-312(ER),9V-SNB,Landed 07:29,2026-08-11 05:38:25
SIN,arrivals,2026-08-10,06:45,06:47,AI2105,AIC2105,BOM,Mumbai Chhatrapati Shivaji International Airport,Air India,AI,A21N,Airbus A321-251NX,VT-TVD,Landed 07:47,2026-08-11 05:38:25
SIN,arrivals,2026-08-10,07:00,06:35,BR6061,EVA6061,TPE,Taipei Taoyuan International Airport,EVA Air Cargo,BR,B77L,Boeing 777-F,B-16790,Landed 07:35,2026-08-11 05:38:25
SIN,arrivals,2026-08-10,07:10,06:54,SQ951,SIA951,CGK,Jakarta Soekarno Hatta International Airport,Singapore Airlines,SQ,A359,Airbus A350-941,9V-SHK,Landed 07:54,2026-08-11 05:38:25
SIN,arrivals,2026-08-10,07:15,07:14,SQ537,SIA537,COK,Cochin International Airport,Singapore Airlines (Star Alliance Livery),SQ,B38M,Boeing 737 MAX 8,9V-MBL,Landed 08:14,2026-08-11 05:38:25
SIN,arrivals,2026-08-10,07:20,07:04,TR883,TGW883,HND,Tokyo Haneda International Airport,Scoot,TR,B788,Boeing 787-8 Dreamliner,9V-OFG,Landed 08:04,2026-08-11 05:38:25
SIN,arrivals,2026-08-10,07:30,07:16,UL306,ALK306,CMB,Colombo Bandaranaike International Airport,SriLankan Airlines,UL,A20N,Airbus A320-251N,4R-ANB,Landed 08:16,2026-08-11 05:38:25
SIN,arrivals,2026-08-10,07:30,06:58,TR457,TGW457,KUL,Kuala Lumpur International Airport,Scoot,TR,A320,Airbus A320-232,9V-TRV,Landed 07:58,2026-08-11 05:38:25
SIN,arrivals,2026-08-10,07:30,07:12,AK703,AXM703,KUL,Kuala Lumpur International Airport,AirAsia,AK,A320,Airbus A320-216,9M-AGU,Landed 08:12,2026-08-11 05:38:25
SIN,arrivals,2026-08-10,07:35,07:35,TR767,TGW767,TRZ,Tiruchirappalli International Airport,Scoot,TR,A21N,Airbus A321-271NX,9V-NCF,Landed 08:35,2026-08-11 05:38:25
SIN,arrivals,2026-08-10,07:35,07:27,GA824,GIA824,CGK,Jakarta Soekarno Hatta International Airport,Garuda Indonesia,GA,B738,Boeing 737-8U3,PK-GMV,Landed 08:27,2026-08-11 05:38:25
SIN,arrivals,2026-08-10,07:35,07:23,EK314,UAE314,DXB,Dubai International Airport,Emirates,EK,B77W,Boeing 777-31H(ER),A6-EGG,Landed 08:23,2026-08-11 05:38:25
SIN,arrivals,2026-08-10,07:40,,CK279,,PVG,Shanghai Pudong International Airport,China Cargo Airlines,CK,77F,,,Unknown,2026-08-11 05:38:25
SIN,arrivals,2026-08-10,07:45,07:40,OD810,MXD810,SZB,Kuala Lumpur Subang Airport,Batik Air,ID,B738,Boeing 737-8GP,9M-LNM,Landed 08:40,2026-08-11 05:38:25
SIN,arrivals,2026-08-10,07:45,07:32,TK168,THY168,IST,Istanbul Airport,Turkish Airlines,TK,A359,Airbus A350-941,TC-LGY,Landed 08:32,2026-08-11 05:38:25
SIN,arrivals,2026-08-10,08:05,11:17,PR511,PAL511,MNL,Manila Ninoy Aquino International Airport,Philippine Airlines,PR,A333,Airbus A330-343,RP-C8765,Landed 12:17,2026-08-11 05:38:25
SIN,arrivals,2026-08-10,08:05,07:48,MH601,MAS601,KUL,Kuala Lumpur International Airport,Malaysia Airlines,MH,B38M,Boeing 737 MAX 8,9M-MVM,Landed 08:48,2026-08-11 05:38:25
SIN,arrivals,2026-08-10,08:05,07:30,SQ313,SIA313,LGW,London Gatwick Airport,Singapore Airlines,SQ,A359,Airbus A350-941,9V-SMT,Landed 08:30,2026-08-11 05:38:25
SIN,arrivals,2026-08-10,08:10,08:06,QG522,CTV522,CGK,Jakarta Soekarno Hatta International Airport,Citilink,QG,A320,Airbus A320-214,PK-GQQ,Landed 09:06,2026-08-11 05:38:25
SIN,arrivals,2026-08-10,08:20,09:33,OD801,MXD801,KUL,Kuala Lumpur International Airport,Batik Air,ID,B38M,Boeing 737 MAX 8,9M-LRD,Landed 10:33,2026-08-11 05:38:25
SIN,arrivals,2026-08-10,08:30,09:03,TR329,TGW329,PNK,Pontianak Supadio Airport,Scoot,TR,E290,Embraer E190-E2,9V-THB,Landed 10:03,2026-08-11 05:38:25
SIN,arrivals,2026-08-10,08:30,08:16,TK208,THY208,IST,Istanbul Airport,Turkish Airlines,TK,A359,Airbus A350-941,TC-LGG,Landed 09:16,2026-08-11 05:38:25
SIN,arrivals,2026-08-10,08:40,08:28,AK705,AXM705,KUL,Kuala Lumpur International Airport,AirAsia,AK,A21N,Airbus A321-251NX,9M-VAE,Landed 09:28,2026-08-11 05:38:25
SIN,arrivals,2026-08-10,08:40,12:12,EY498,ETD498,AUH,Abu Dhabi Zayed International Airport,Etihad Airways,EY,B789,Boeing 787-9 Dreamliner,A6-BLC,Landed 13:12,2026-08-11 05:38:25
SIN,arrivals,2026-08-10,08:45,08:30,6E1339,IGO1339,BOM,Mumbai Chhatrapati Shivaji International Airport,IndiGo,6E,A21N,Airbus A321-251NX,VT-NOA,Landed 09:30,2026-08-11 05:38:25
SIN,arrivals,2026-08-10,08:50,08:57,5J817,CEB817,MNL,Manila Ninoy Aquino International Airport,Cebu Pacific,5J,A21N,Airbus A321-271NX,RP-C4124,Landed 09:57,2026-08-11 05:38:25
SIN,arrivals,2026-08-10,08:55,09:01,8B551,TNU551,DPS,Denpasar Ngurah Rai International Airport,TransNusa,8B,A320,Airbus A320-214,PK-TLF,Landed 10:01,2026-08-11 05:38:25
SIN,arrivals,2026-08-10,09:00,08:52,TR573,TGW573,ILO,Iloilo International Airport,Scoot,TR,E290,Embraer E190-E2,9V-THJ,Landed 09:52,2026-08-11 05:38:25
SIN,arrivals,2026-08-10,09:00,08:31,SQ949,SIA949,DPS,Denpasar Ngurah Rai International Airport,Singapore Airlines,SQ,B78X,Boeing 787-10 Dreamliner,9V-SCU,Landed 09:31,2026-08-11 05:38:25
SIN,arrivals,2026-08-10,09:05,08:38,TR481,TGW481,IPH,Ipoh Sultan Azlan Shah Airport,Scoot,TR,A320,Airbus A320-232,9V-TRT,Landed 09:38,2026-08-11 05:38:25
SIN,arrivals,2026-08-10,09:05,08:34,TR439,TGW439,KCH,Kuching International Airport,Scoot,TR,A21N,Airbus A321-271NX,9V-NCA,Landed 09:34,2026-08-11 05:38:25
SIN,arrivals,2026-08-10,09:10,08:48,6E1025,IGO1025,MAA,Chennai International Airport,IndiGo,6E,A21N,Airbus A321-251NX,VT-NHL,Landed 09:48,2026-08-11 05:38:25
SIN,arrivals,2026-08-10,09:10,08:54,SQ103,SIA103,KUL,Kuala Lumpur International Airport,Singapore Airlines,SQ,B38M,Boeing 737 MAX 8,9V-MBI,Landed 09:54,2026-08-11 05:38:25
SIN,arrivals,2026-08-10,09:10,08:45,IP988,PAS988,CGK,Jakarta Soekarno Hatta International Airport,Pelita Air,IP,A320,Airbus A320-214,PK-PWK,Landed 09:45,2026-08-11 05:38:25
SIN,arrivals,2026-08-10,09:10,08:59,AK727,AXM727,KUL,Kuala Lumpur International Airport,AirAsia (Universiti Putra Malaysia Livery),AK,A320,Airbus A320-216,9M-AQD,Landed 09:59,2026-08-11 05:38:25
SIN,arrivals,2026-08-10,09:15,09:15,VJ813,VJC813,SGN,Ho Chi Minh City International Airport,VietJet Air,VJ,A321,Airbus A321-211,VN-A685,Landed 10:15,2026-08-11 05:38:25
SIN,arrivals,2026-08-10,09:15,09:06,MH611,MAS611,KUL,Kuala Lumpur International Airport,Malaysia Airlines,MH,B738,Boeing 737-8H6,9M-MXQ,Landed 10:06,2026-08-11 05:38:25
SIN,arrivals,2026-08-10,09:20,09:30,TR561,TGW561,DVO,Davao City Francisco Bangoy International Airport,Scoot,TR,A320,Airbus A320-232,9V-TRP,Landed 10:30,2026-08-11 05:38:25
SIN,arrivals,2026-08-10,09:25,01:15,SQ7845,SIA7845,PVG,Shanghai Pudong International Airport,Singapore Airlines Cargo,SQ,B744,Boeing 747-412F,9V-SFK,Landed 02:15,2026-08-11 05:38:25
SIN,arrivals,2026-08-10,09:30,09:37,TR589,TGW589,MNL,Manila Ninoy Aquino International Airport,Scoot,TR,B788,Boeing 787-8 Dreamliner,9V-OFB,Landed 10:37,2026-08-11 05:38:25
SIN,arrivals,2026-08-10,09:30,09:10,ID7153,BTK7153,CGK,Jakarta Soekarno Hatta International Airport,Batik Air,ID,A320,Airbus A320-214,PK-LAM,Landed 10:10,2026-08-11 05:38:25
SIN,arrivals,2026-08-10,09:40,09:12,IX690,AXB690,TRZ,Tiruchirappalli International Airport,Air India Express (Beach-Himalayas Livery),IX,B738,Boeing 737-8HG,VT-AXX,Landed 10:12,2026-08-11 05:38:25
SIN,arrivals,2026-08-10,09:45,09:19,8B151,TNU151,CGK,Jakarta Soekarno Hatta International Airport,TransNusa,8B,A321,Airbus A321-211,PK-TLK,Landed 10:19,2026-08-11 05:38:25
SIN,arrivals,2026-08-10,09:50,09:39,SQ953,SIA953,CGK,Jakarta Soekarno Hatta International Airport,Singapore Airlines,SQ,B77W,Boeing 777-312(ER),9V-SNC,Landed 10:39,2026-08-11 05:38:25
SIN,arrivals,2026-08-10,10:00,09:34,TR337,TGW337,BPN,Balikpapan Sepinggan Airport,Scoot,TR,E290,Embraer E190-E2,9V-THF,Landed 10:34,2026-08-11 05:38:25
SIN,arrivals,2026-08-10,10:00,09:42,HU747,CHH747,HAK,Haikou Meilan International Airport,Hainan Airlines,HU,B738,Boeing 737-84P,B-5735,Landed 10:42,2026-08-11 05:38:25
SIN,arrivals,2026-08-10,10:05,09:50,TR431,TGW431,PEN,Penang International Airport,Scoot,TR,A320,Airbus A320-232,9V-TRU,Landed 10:50,2026-08-11 05:38:25
SIN,arrivals,2026-08-10,10:10,09:57,SQ915,SIA915,MNL,Manila Ninoy Aquino International Airport,Singapore Airlines,SQ,B78X,Boeing 787-10 Dreamliner,9V-SCQ,Landed 10:57,2026-08-11 05:38:25
SIN,arrivals,2026-08-10,10:10,10:25,SL100,TLM100,DMK,Bangkok Don Mueang International Airport,Thai Lion Air,SL,B739,Boeing 737-9GP(ER),HS-LVQ,Landed 11:25,2026-08-11 05:38:25
SIN,arrivals,2026-08-10,10:15,10:17,TR569,TGW569,CRK,Angeles City Clark International Airport,Scoot,TR,A21N,Airbus A321-271NX,9V-NCN,Landed 11:17,2026-08-11 05:38:25
SIN,arrivals,2026-08-10,10:15,10:09,TG403,THA403,BKK,Bangkok Suvarnabhumi Airport,Thai Airways,TG,A359,Airbus A350-941,HS-THS,Landed 11:09,2026-08-11 05:38:25
SIN,arrivals,2026-08-10,10:15,10:06,AK1775,AXM1775,KCH,Kuching International Airport,AirAsia,AK,A320,Airbus A320-216,9M-AJN,Landed 11:06,2026-08-11 05:38:25
SIN,arrivals,2026-08-10,10:20,10:13,GA828,GIA828,CGK,Jakarta Soekarno Hatta International Airport,Garuda Indonesia,GA,B738,Boeing 737-8U3,PK-GUF,Landed 11:13,2026-08-11 05:38:25
SIN,arrivals,2026-08-10,10:20,09:56,BI421,RBA421,BWN,Brunei International Airport,Royal Brunei Airlines,BI,A20N,Airbus A320-251N,V8-RBC,Landed 10:56,2026-08-11 05:38:25
SIN,arrivals,2026-08-10,10:25,10:28,SQ991,SIA991,KNO,Medan Kuala Namu International Airport,Singapore Airlines,SQ,B38M,Boeing 737 MAX 8,9V-MBO,Landed 11:28,2026-08-11 05:38:25
SIN,arrivals,2026-08-10,10:25,10:03,MH627,MAS627,KUL,Kuala Lumpur International Airport,Malaysia Airlines,MH,B738,Boeing 737-8H6,9M-MLT,Landed 11:03,2026-08-11 05:38:25
SIN,arrivals,2026-08-10,10:30,10:58,OD803,MXD803,KUL,Kuala Lumpur International Airport,Batik Air,ID,B738,Boeing 737-8GP,9M-LNQ,Landed 11:58,2026-08-11 05:38:25
SIN,arrivals,2026-08-10,10:35,11:01,TR641,TGW641,USM,Koh Samui Airport,Scoot,TR,E290,Embraer E190-E2,9V-THA,Landed 12:01,2026-08-11 05:38:25
SIN,arrivals,2026-08-10,10:35,10:26,AK707,AXM707,KUL,Kuala Lumpur International Airport,AirAsia,AK,A20N,Airbus A320-251N,9M-AGW,Landed 11:26,2026-08-11 05:38:25
SIN,arrivals,2026-08-10,10:40,10:43,MU5081,CES5081,KMG,Kunming Changshui International Airport,China Eastern Airlines,MU,B38M,Boeing 737 MAX 8,B-1380,Landed 11:43,2026-08-11 05:38:25
SIN,arrivals,2026-08-10,10:45,09:53,SQ7977,SIA7977,MAA,Chennai International Airport,Singapore Airlines Cargo,SQ,B744,Boeing 747-412F,9V-SFI,Landed 10:53,2026-08-11 05:38:25
SIN,arrivals,2026-08-10,10:45,10:37,SQ224,SIA224,PER,Perth Airport,Singapore Airlines,SQ,B78X,Boeing 787-10 Dreamliner,9V-SCO,Landed 11:37,2026-08-11 05:38:25
SIN,arrivals,2026-08-10,10:45,10:47,SQ248,SIA248,MEL,Melbourne Airport,Singapore Airlines,SQ,A359,Airbus A350-941,9V-SHJ,Landed 11:47,2026-08-11 05:38:25
SIN,arrivals,2026-08-10,10:45,10:50,SQ131,SIA131,PEN,Penang International Airport,Singapore Airlines,SQ,B38M,Boeing 737 MAX 8,9V-MBY,Landed 11:50,2026-08-11 05:38:25
SIN,arrivals,2026-08-10,10:45,10:29,SQ105,SIA105,KUL,Kuala Lumpur International Airport,Singapore Airlines,SQ,A359,Airbus A350-941,9V-SMU,Landed 11:29,2026-08-11 05:38:25
SIN,arrivals,2026-08-10,10:45,10:36,ID7157,BTK7157,CGK,Jakarta Soekarno Hatta International Airport,Batik Air,ID,A320,Airbus A320-214,PK-BKP,Landed 11:36,2026-08-11 05:38:25
SIN,arrivals,2026-08-10,10:45,10:21,CX691,CPA691,HKG,Hong Kong International Airport,Cathay Pacific,CX,A359,Airbus A350-941,B-LRA,Landed 11:21,2026-08-11 05:38:25
SIN,arrivals,2026-08-10,10:55,10:32,VN661,HVN661,HAN,Hanoi Noi Bai International Airport,Vietnam Airlines,VN,A321,Airbus A321-231,VN-A392,Landed 11:32,2026-08-11 05:38:25
SIN,arrivals,2026-08-10,10:55,10:53,BR225,EVA225,TPE,Taipei Taoyuan International Airport,EVA Air,BR,B77W,Boeing 777-35E(ER),B-16725,Landed 11:53,2026-08-11 05:38:25
SIN,arrivals,2026-08-10,11:00,,SQ7979,,SHJ,Sharjah International Airport,Singapore Airlines,SQ,74Y,,,Unknown,2026-08-11 05:38:25
SIN,arrivals,2026-08-10,11:05,11:09,VJ811,VJC811,SGN,Ho Chi Minh City International Airport,VietJet Air,VJ,A21N,Airbus A321-271N,VN-A693,Landed 12:09,2026-08-11 05:38:25
SIN,arrivals,2026-08-10,11:10,11:03,VN651,HVN651,SGN,Ho Chi Minh City International Airport,Vietnam Airlines,VN,A321,Airbus A321-231,VN-A612,Landed 12:03,2026-08-11 05:38:25
SIN,arrivals,2026-08-10,11:10,11:05,CZ8117,CSN8117,SZX,Shenzhen Bao'an International Airport,China Southern Airlines,CZ,A21N,Airbus A321-253NX,B-30E2,Landed 12:05,2026-08-11 05:38:25
SIN,arrivals,2026-08-10,11:10,10:56,AI2115,AIC2115,DEL,Delhi Indira Gandhi International Airport,Air India,AI,A20N,Airbus A320-251N,VT-TQI,Landed 11:56,2026-08-11 05:38:25
SIN,arrivals,2026-08-10,11:15,10:48,TR447,TGW447,BKI,Kota Kinabalu International Airport,Scoot,TR,A20N,Airbus A320-271N,9V-TNK,Landed 11:48,2026-08-11 05:38:25
SIN,arrivals,2026-08-10,11:15,11:28,SQ955,SIA955,CGK,Jakarta Soekarno Hatta International Airport,Singapore Airlines,SQ,A359,Airbus A350-941,9V-SMI,Landed 12:28,2026-08-11 05:38:25
SIN,arrivals,2026-08-10,11:15,11:10,SQ107,SIA107,KUL,Kuala Lumpur International Airport,Singapore Airlines,SQ,B38M,Boeing 737 MAX 8,9V-MBB,Landed 12:10,2026-08-11 05:38:25
SIN,arrivals,2026-08-10,11:20,10:56,ZH239,CSZ239,SZX,Shenzhen Bao'an International Airport,Shenzhen Airlines,ZH,B38M,Boeing 737 MAX 8,B-224Y,Landed 11:56,2026-08-11 05:38:25
SIN,arrivals,2026-08-10,11:20,11:07,TR503,TGW503,SGN,Ho Chi Minh City International Airport,Scoot,TR,A20N,Airbus A320-271N,9V-TNI,Landed 12:07,2026-08-11 05:38:25
SIN,arrivals,2026-08-10,11:25,11:06,TR609,TGW609,BKK,Bangkok Suvarnabhumi Airport,Scoot,TR,A320,Airbus A320-232,9V-TRO,Landed 12:06,2026-08-11 05:38:25
SIN,arrivals,2026-08-10,11:25,11:14,TR275,TGW275,CGK,Jakarta Soekarno Hatta International Airport,Scoot,TR,A20N,Airbus A320-271N,9V-TNM,Landed 12:14,2026-08-11 05:38:25
SIN,arrivals,2026-08-10,11:25,11:27,CX759,CPA759,HKG,Hong Kong International Airport,Cathay Pacific,CX,A333,Airbus A330-343,B-LAN,Landed 12:27,2026-08-11 05:38:25
SIN,arrivals,2026-08-10,11:30,11:16,CZ353,CSN353,CAN,Guangzhou Baiyun International Airport,China Southern Airlines,CZ,A359,Airbus A350-941,B-30EA,Landed 12:16,2026-08-11 05:38:25
SIN,arrivals,2026-08-10,11:35,11:21,TR261,TGW261,LOP,Lombok International Airport,Scoot,TR,E290,Embraer E190-E2,9V-THI,Landed 12:21,2026-08-11 05:38:25
SIN,arrivals,2026-08-10,11:35,11:30,CI753,CAL753,TPE,Taipei Taoyuan International Airport,China Airlines,CI,A359,Airbus A350-941,B-18919,Landed 12:30,2026-08-11 05:38:25
SIN,arrivals,2026-08-10,11:40,12:01,TR427,TGW427,PEN,Penang International Airport,Scoot,TR,A21N,Airbus A321-271NX,9V-NCC,Landed 13:01,2026-08-11 05:38:25
SIN,arrivals,2026-08-10,11:40,11:41,SQ153,SIA153,KTI,Phnom Penh Techo International Airport,Singapore Airlines,SQ,B38M,Boeing 737 MAX 8,9V-MBA,Landed 12:41,2026-08-11 05:38:25
SIN,arrivals,2026-08-10,11:40,11:49,JX771,SJX771,TPE,Taipei Taoyuan International Airport,STARLUX,JX,A359,Airbus A350-941,B-58501,Landed 12:49,2026-08-11 05:38:25
SIN,arrivals,2026-08-10,11:45,11:12,TR659,TGW659,HKT,Phuket International Airport,Scoot,TR,A21N,Airbus A321-271NX,9V-NCH,Landed 12:12,2026-08-11 05:38:25
SIN,arrivals,2026-08-10,11:45,11:32,SQ935,SIA935,DPS,Denpasar Ngurah Rai International Airport,Singapore Airlines,SQ,B78X,Boeing 787-10 Dreamliner,9V-SCS,Landed 12:32,2026-08-11 05:38:25
SIN,arrivals,2026-08-10,11:45,11:39,SQ705,SIA705,BKK,Bangkok Suvarnabhumi Airport,Singapore Airlines,SQ,B78X,Boeing 787-10 Dreamliner,9V-SCG,Landed 12:39,2026-08-11 05:38:25
SIN,arrivals,2026-08-10,11:45,11:25,GF165,GFA165,BAH,Bahrain International Airport,Gulf Air,GF,B789,Boeing 787-9 Dreamliner,A9C-FJ,Landed 12:25,2026-08-11 05:38:25
SIN,arrivals,2026-08-10,11:50,11:24,8M231,MMA231,RGN,Yangon International Airport,Myanmar Airways International,8M,A320,Airbus A320-214,XY-ALT,Landed 12:24,2026-08-11 05:38:22
SIN,arrivals,2026-08-10,11:50,11:22,TR451,TGW451,KUL,Kuala Lumpur International Airport,Scoot,TR,A20N,Airbus A320-271N,9V-TNG,Landed 12:22,2026-08-11 05:38:22
SIN,arrivals,2026-08-10,11:55,11:34,SQ899,SIA899,HKG,Hong Kong International Airport,Singapore Airlines,SQ,A359,Airbus A350-941,9V-SHR,Landed 12:34,2026-08-11 05:38:22
SIN,arrivals,2026-08-10,11:55,11:37,MU2069,CES2069,XIY,Xi'an Xianyang International Airport,China Eastern Airlines,MU,A20N,Airbus A320-251N,B-323A,Landed 12:37,2026-08-11 05:38:22
SIN,arrivals,2026-08-10,11:55,11:42,MH603,MAS603,KUL,Kuala Lumpur International Airport,Malaysia Airlines (Malaysia Negaraku Livery),MH,B738,Boeing 737-8H6,9M-MXF,Landed 12:42,2026-08-11 05:38:22
SIN,arrivals,2026-08-10,12:00,11:19,SQ725,SIA725,HKT,Phuket International Airport,Singapore Airlines,SQ,B38M,Boeing 737 MAX 8,9V-MBD,Landed 12:19,2026-08-11 05:38:22
SIN,arrivals,2026-08-10,12:00,11:54,MF8739,CXA8739,CSX,Changsha Huanghua International Airport,Xiamen Air,MF,B738,Boeing 737-85C,B-5657,Landed 12:54,2026-08-11 05:38:22
SIN,arrivals,2026-08-10,12:00,11:45,ID7147,BTK7147,KNO,Medan Kuala Namu International Airport,Batik Air,ID,A320,Airbus A320-214,PK-LAY,Landed 12:45,2026-08-11 05:38:22
SIN,arrivals,2026-08-10,12:00,11:50,AK711,AXM711,KUL,Kuala Lumpur International Airport,AirAsia (Save Our Malayan Tiger Livery),AK,A320,Airbus A320-216,9M-AQZ,Landed 12:50,2026-08-11 05:38:22
SIN,arrivals,2026-08-10,12:10,12:18,TR257,TGW257,PKU,Pekanbaru Sultan Syarif Kasim II Airport,Scoot,TR,E290,Embraer E190-E2,9V-THB,Landed 13:18,2026-08-11 05:38:22
SIN,arrivals,2026-08-10,12:15,11:56,8B553,TNU553,DPS,Denpasar Ngurah Rai International Airport,TransNusa,8B,A320,Airbus A320-214,PK-TLA,Landed 12:56,2026-08-11 05:38:22
SIN,arrivals,2026-08-10,12:15,11:52,PR507,PAL507,MNL,Manila Ninoy Aquino International Airport,Philippine Airlines,PR,A333,Airbus A330-343,RP-C8781,Landed 12:52,2026-08-11 05:38:22
SIN,arrivals,2026-08-10,12:20,12:30,9G721,SPQ721,PQC,Phu Quoc International Airport,Sun PhuQuoc Airways,9G,A21N,Airbus A321-251NX,VN-A286,Landed 13:30,2026-08-11 05:38:22
SIN,arrivals,2026-08-10,12:20,12:07,AK1723,AXM1723,PEN,Penang International Airport,AirAsia,AK,A320,Airbus A320-216,9M-DAB,Landed 13:07,2026-08-11 05:38:22
SIN,arrivals,2026-08-10,12:30,12:02,SQ133,SIA133,PEN,Penang International Airport,Singapore Airlines,SQ,B38M,Boeing 737 MAX 8,9V-MBH,Landed 13:02,2026-08-11 05:38:22
SIN,arrivals,2026-08-10,12:30,11:59,CA489,CCA489,CKG,Chongqing Jiangbei International Airport,Air China,CA,B38M,Boeing 737 MAX 8,B-1179,Landed 12:59,2026-08-11 05:38:22
SIN,arrivals,2026-08-10,12:40,12:15,TR409,TGW409,IPH,Ipoh Sultan Azlan Shah Airport,Scoot,TR,A20N,Airbus A320-271N,9V-TNJ,Landed 13:15,2026-08-11 05:38:22
SIN,arrivals,2026-08-10,12:40,12:26,SQ615,SIA615,PUS,Busan Gimhae International Airport,Singapore Airlines,SQ,B38M,Boeing 737 MAX 8,9V-MBP,Landed 13:26,2026-08-11 05:38:22
SIN,arrivals,2026-08-10,12:40,11:47,MF8703,CXA8703,HGH,Hangzhou Xiaoshan International Airport,Xiamen Air,MF,B738,Boeing 737-86N,B-5565,Landed 12:47,2026-08-11 05:38:22
SIN,arrivals,2026-08-10,12:40,12:35,AK728,AXM728,LGK,Langkawi International Airport,AirAsia (Legend Heroes Park Livery),AK,A320,Airbus A320-216,9M-AFV,Landed 13:35,2026-08-11 05:38:22
SIN,arrivals,2026-08-10,12:45,12:45,ID7155,BTK7155,CGK,Jakarta Soekarno Hatta International Airport,Batik Air,ID,B738,Boeing 737-8GP,PK-LBW,Landed 13:45,2026-08-11 05:38:22
SIN,arrivals,2026-08-10,12:50,12:44,SQ957,SIA957,CGK,Jakarta Soekarno Hatta International Airport,Singapore Airlines,SQ,A359,Airbus A350-941,9V-SMN,Landed 13:44,2026-08-11 05:38:22
SIN,arrivals,2026-08-10,12:50,12:21,SQ923,SIA923,SUB,Surabaya Juanda International Airport,Singapore Airlines,SQ,A359,Airbus A350-941,9V-SHC,Landed 13:21,2026-08-11 05:38:22
SIN,arrivals,2026-08-10,12:50,12:34,SQ212,SIA212,SYD,Sydney Kingsford Smith Airport,Singapore Airlines,SQ,B77W,Boeing 777-312(ER),9V-SWS,Landed 13:34,2026-08-11 05:38:22
SIN,arrivals,2026-08-10,12:50,12:36,MF851,CXA851,XMN,Xiamen Gaoqi International Airport,Xiamen Air,MF,B38M,Boeing 737 MAX 8,B-20DU,Landed 13:36,2026-08-11 05:38:22
SIN,arrivals,2026-08-10,12:55,13:00,TR835,TGW835,OKA,Okinawa Naha Airport,Scoot,TR,A21N,Airbus A321-271NX,9V-NCL,Landed 14:00,2026-08-11 05:38:22
SIN,arrivals,2026-08-10,12:55,12:24,TR249,TGW249,YIA,Yogyakarta International Airport,Scoot,TR,A21N,Airbus A321-271NX,9V-NCB,Landed 13:24,2026-08-11 05:38:22
SIN,arrivals,2026-08-10,12:55,12:28,SQ163,SIA163,SAI,Siem Reap Angkor International Airport,Singapore Airlines,SQ,B38M,Boeing 737 MAX 8,9V-MBT,Landed 13:28,2026-08-11 05:38:22
SIN,arrivals,2026-08-10,12:55,13:13,BR215,EVA215,TPE,Taipei Taoyuan International Airport,EVA Air (Star Alliance Livery),BR,B77W,Boeing 777-35E(ER),B-16715,Landed 14:13,2026-08-11 05:38:22
SIN,arrivals,2026-08-10,13:00,12:49,TR297,TGW297,SUB,Surabaya Juanda International Airport,Scoot,TR,A20N,Airbus A320-271N,9V-TNE,Landed 13:49,2026-08-11 05:38:22
SIN,arrivals,2026-08-10,13:00,12:39,MF865,CXA865,FOC,Fuzhou Changle International Airport,Xiamen Air,MF,B38M,Boeing 737 MAX 8,B-227C,Landed 13:39,2026-08-11 05:38:22
SIN,arrivals,2026-08-10,13:05,12:51,TR661,TGW661,USM,Koh Samui Airport,Scoot,TR,E290,Embraer E190-E2,9V-THC,Landed 13:51,2026-08-11 05:38:22
SIN,arrivals,2026-08-10,13:05,12:58,FD357,AIQ357,DMK,Bangkok Don Mueang International Airport,AirAsia,AK,A21N,Airbus A321-251NX,HS-EAE,Landed 13:58,2026-08-11 05:38:22
SIN,arrivals,2026-08-10,13:05,12:55,EK348,UAE348,DXB,Dubai International Airport,Emirates,EK,B77W,Boeing 777-31H(ER),A6-ECJ,Landed 13:55,2026-08-11 05:38:22
SIN,arrivals,2026-08-10,13:10,12:53,TR281,TGW281,DPS,Denpasar Ngurah Rai International Airport,Scoot,TR,B788,Boeing 787-8 Dreamliner,9V-OFI,Landed 13:53,2026-08-11 05:38:22
SIN,arrivals,2026-08-10,13:10,12:32,MU2577,CES2577,WUH,Wuhan Tianhe International Airport,China Eastern Airlines,MU,B738,Boeing 737-89P,B-1513,Landed 13:32,2026-08-11 05:38:22
SIN,arrivals,2026-08-10,13:15,13:16,VJ887,VJC887,SGN,Ho Chi Minh City International Airport,VietJet Air,VJ,A321,Airbus A321-211,VN-A649,Landed 14:16,2026-08-11 05:38:22
SIN,arrivals,2026-08-10,13:20,13:25,SQ607,SIA607,ICN,Seoul Incheon International Airport,Singapore Airlines,SQ,B78X,Boeing 787-10 Dreamliner,9V-SCL,Landed 14:25,2026-08-11 05:38:22
SIN,arrivals,2026-08-10,13:25,13:07,TR625,TGW625,BKK,Bangkok Suvarnabhumi Airport,Scoot,TR,B788,Boeing 787-8 Dreamliner,9V-OFM,Landed 14:07,2026-08-11 05:38:22
SIN,arrivals,2026-08-10,13:25,13:02,BS309,UBG309,DAC,Dhaka Shahjalal International Airport,US-Bangla Airlines,BS,B738,Boeing 737-8AL,S2-AJH,Landed 14:02,2026-08-11 05:38:22
SIN,arrivals,2026-08-10,13:30,13:31,TG413,THA413,BKK,Bangkok Suvarnabhumi Airport,Thai Airways (Star Alliance Livery),TG,A359,Airbus A350-941,HS-THQ,Landed 14:31,2026-08-11 05:38:22
SIN,arrivals,2026-08-10,13:30,12:47,SQ147,SIA147,BWN,Brunei International Airport,Singapore Airlines,SQ,B38M,Boeing 737 MAX 8,9V-MBF,Landed 13:47,2026-08-11 05:38:22
SIN,arrivals,2026-08-10,13:35,13:03,TR885,TGW885,NRT,Tokyo Narita International Airport,Scoot,TR,B789,Boeing 787-9 Dreamliner,9V-OJB,Landed 14:03,2026-08-11 05:38:22
SIN,arrivals,2026-08-10,13:35,13:36,TR829,TGW829,CJU,Jeju International Airport,Scoot,TR,A20N,Airbus A320-271N,9V-TNF,Landed 14:36,2026-08-11 05:38:22
SIN,arrivals,2026-08-10,13:35,13:44,GA832,GIA832,CGK,Jakarta Soekarno Hatta International Airport,Garuda Indonesia,GA,B738,Boeing 737-8U3,PK-GMV,Landed 14:44,2026-08-11 05:38:22
SIN,arrivals,2026-08-10,13:40,13:53,8B153,TNU153,CGK,Jakarta Soekarno Hatta International Airport,TransNusa,8B,A321,Airbus A321-211,PK-TLM,Landed 14:53,2026-08-11 05:38:22
SIN,arrivals,2026-08-10,13:40,13:10,MH623,MAS623,KUL,Kuala Lumpur International Airport,Malaysia Airlines,MH,B38M,Boeing 737 MAX 8,9M-MVD,Landed 14:10,2026-08-11 05:38:22
SIN,arrivals,2026-08-10,13:40,13:20,BG584,BBC584,DAC,Dhaka Shahjalal International Airport,Biman Bangladesh Airlines,BG,B738,Boeing 737-8E9,S2-AHO,Landed 14:20,2026-08-11 05:38:22
SIN,arrivals,2026-08-10,13:45,13:22,TR511,TGW511,DAD,Da Nang International Airport,Scoot,TR,A21N,Airbus A321-271NX,9V-NCJ,Landed 14:22,2026-08-11 05:38:22
SIN,arrivals,2026-08-10,13:45,13:42,TR277,TGW277,CGK,Jakarta Soekarno Hatta International Airport,Scoot,TR,A20N,Airbus A320-271N,9V-TNH,Landed 14:42,2026-08-11 05:38:22
SIN,arrivals,2026-08-10,13:45,13:17,TR101,TGW101,CAN,Guangzhou Baiyun International Airport,Scoot,TR,B789,Boeing 787-9 Dreamliner,9V-OJD,Landed 14:17,2026-08-11 05:38:22
SIN,arrivals,2026-08-10,13:45,01:13,GJ6075,CDC6075,WNZ,Wenzhou Longwan International Airport,Loong Air (ZheJiang-Aksu Livery),GJ,A320,Airbus A320-214,B-8452,Landed 02:13,2026-08-11 05:38:22
SIN,arrivals,2026-08-10,13:50,13:33,VN663,HVN663,HAN,Hanoi Noi Bai International Airport,Vietnam Airlines,VN,A21N,Airbus A321-272N,VN-A623,Landed 14:33,2026-08-11 05:38:22
SIN,arrivals,2026-08-10,13:55,13:45,SQ937,SIA937,DPS,Denpasar Ngurah Rai International Airport,Singapore Airlines,SQ,B78X,Boeing 787-10 Dreamliner,9V-SCM,Landed 14:45,2026-08-11 05:38:22
SIN,arrivals,2026-08-10,13:55,13:48,SQ727,SIA727,HKT,Phuket International Airport,Singapore Airlines,SQ,B38M,Boeing 737 MAX 8,9V-MBU,Landed 14:48,2026-08-11 05:38:22
SIN,arrivals,2026-08-10,13:55,,HO1601,,PVG,Shanghai Pudong International Airport,Juneyao Air,HO,32Q,,,Canceled,2026-08-11 05:38:22
SIN,arrivals,2026-08-10,14:00,13:41,SQ655,SIA655,FUK,Fukuoka Airport,Singapore Airlines,SQ,B78X,Boeing 787-10 Dreamliner,9V-SCB,Landed 14:41,2026-08-11 05:38:22
SIN,arrivals,2026-08-10,14:00,13:39,SQ631,SIA631,HND,Tokyo Haneda International Airport,Singapore Airlines,SQ,A359,Airbus A350-941,9V-SHB,Landed 14:39,2026-08-11 05:38:22
SIN,arrivals,2026-08-10,14:00,14:24,EK354,UAE354,DXB,Dubai International Airport,Emirates,EK,B77W,Boeing 777-31H(ER),A6-EPA,Landed 15:24,2026-08-11 05:38:22
SIN,arrivals,2026-08-10,14:00,13:30,CA403,CCA403,TFU,Chengdu Tianfu International Airport,Air China,CA,A21N,Airbus A321-252NX,B-32NV,Landed 14:30,2026-08-11 05:38:22
SIN,arrivals,2026-08-10,14:05,14:03,TR227,TGW227,PDG,Padang Minangkabau International Airport,Scoot,TR,E290,Embraer E190-E2,9V-THF,Landed 15:03,2026-08-11 05:38:22
SIN,arrivals,2026-08-10,14:05,13:34,SQ805,SIA805,PEK,Beijing Capital International Airport,Singapore Airlines,SQ,B77W,Boeing 777-312(ER),9V-SWR,Landed 14:34,2026-08-11 05:38:22
SIN,arrivals,2026-08-10,14:05,13:55,CX739,CPA739,HKG,Hong Kong International Airport,Cathay Pacific,CX,A333,Airbus A330-343,B-HLS,Landed 14:55,2026-08-11 05:38:22
SIN,arrivals,2026-08-10,14:10,18:29,9C8597,CQH8597,PVG,Shanghai Pudong International Airport,Spring Airlines,9C,A20N,Airbus A320-251N,B-32AX,Landed 19:29,2026-08-11 05:38:22
SIN,arrivals,2026-08-10,14:10,13:56,SQ761,SIA761,RGN,Yangon International Airport,Singapore Airlines,SQ,B38M,Boeing 737 MAX 8,9V-MBW,Landed 14:56,2026-08-11 05:38:22
SIN,arrivals,2026-08-10,14:15,14:10,TR119,TGW119,HAK,Haikou Meilan International Airport,Scoot,TR,A21N,Airbus A321-271NX,9V-NCI,Landed 15:10,2026-08-11 05:38:22
SIN,arrivals,2026-08-10,14:15,14:19,TR17,TGW17,PER,Perth Airport,Scoot,TR,B788,Boeing 787-8 Dreamliner,9V-OFH,Landed 15:19,2026-08-11 05:38:22
SIN,arrivals,2026-08-10,14:15,14:28,SQ238,SIA238,MEL,Melbourne Airport,Singapore Airlines,SQ,B77W,Boeing 777-312(ER),9V-SWO,Landed 15:28,2026-08-11 05:38:22
SIN,arrivals,2026-08-10,14:15,14:07,ID7151,BTK7151,CGK,Jakarta Soekarno Hatta International Airport,Batik Air,ID,A320,Airbus A320-214,PK-LUP,Landed 15:07,2026-08-11 05:38:22
SIN,arrivals,2026-08-10,14:20,13:58,SQ177,SIA177,SGN,Ho Chi Minh City International Airport,Singapore Airlines,SQ,B78X,Boeing 787-10 Dreamliner,9V-SCJ,Landed 14:58,2026-08-11 05:38:22
SIN,arrivals,2026-08-10,14:20,13:50,HU459,CHH459,HAK,Haikou Meilan International Airport,Hainan Airlines,HU,B738,Boeing 737-86N,B-7398,Landed 14:50,2026-08-11 05:38:22
SIN,arrivals,2026-08-10,14:25,14:09,TR549,TGW549,CXR,Nha Trang Cam Ranh International Airport,Scoot,TR,E290,Embraer E190-E2,9V-THG,Landed 15:09,2026-08-11 05:38:22
SIN,arrivals,2026-08-10,14:25,14:04,TR475,TGW475,SZB,Kuala Lumpur Subang Airport,Scoot,TR,A320,Airbus A320-232,9V-TRU,Landed 15:04,2026-08-11 05:38:22
SIN,arrivals,2026-08-10,14:25,14:14,SQ256,SIA256,BNE,Brisbane Airport,Singapore Airlines,SQ,A359,Airbus A350-941,9V-SHF,Landed 15:14,2026-08-11 05:38:22
SIN,arrivals,2026-08-10,14:30,13:52,TR693,TGW693,HDY,Hat Yai International Airport,Scoot,TR,E290,Embraer E190-E2,9V-THD,Landed 14:52,2026-08-11 05:38:22
SIN,arrivals,2026-08-10,14:30,14:27,TR683,TGW683,KBV,Krabi Airport,Scoot,TR,E290,Embraer E190-E2,9V-THJ,Landed 15:27,2026-08-11 05:38:22
SIN,arrivals,2026-08-10,14:30,14:46,SV856,SVA856,JED,Jeddah King Abdulaziz International Airport,Saudia,SV,B78X,Boeing 787-10 Dreamliner,HZ-AR25,Landed 15:46,2026-08-11 05:38:22
SIN,arrivals,2026-08-10,14:35,14:20,MH619,MAS619,KUL,Kuala Lumpur International Airport,Malaysia Airlines,MH,B738,Boeing 737-8H6,9M-MXN,Landed 15:20,2026-08-11 05:38:22
SIN,arrivals,2026-08-10,14:40,14:06,3U3909,CSC3909,TFU,Chengdu Tianfu International Airport,Sichuan Airlines,3U,A21N,Airbus A321-271N,B-302Q,Landed 15:06,2026-08-11 05:38:22
SIN,arrivals,2026-08-10,14:40,14:21,CX791,CPA791,HKG,Hong Kong International Airport,Cathay Pacific,CX,A359,Airbus A350-941,B-LRK,Landed 15:21,2026-08-11 05:38:22
SIN,arrivals,2026-08-10,14:40,14:48,AK715,AXM715,KUL,Kuala Lumpur International Airport,AirAsia (Tasty Malaysia Treat Livery),AK,A320,Airbus A320-216,9M-RAN,Landed 15:48,2026-08-11 05:38:22
SIN,arrivals,2026-08-10,14:40,14:16,KL835,KLM835,AMS,Amsterdam Schiphol Airport,KLM,KL,B77W,Boeing 777-306(ER),PH-BVN,Landed 15:16,2026-08-11 05:38:22
SIN,arrivals,2026-08-10,14:45,15:04,QR948,QTR948,DOH,Doha Hamad International Airport,Qatar Airways,QR,A35K,Airbus A350-1041,A7-ANN,Landed 16:04,2026-08-11 05:38:22
SIN,arrivals,2026-08-10,14:45,,MU567,,PVG,Shanghai Pudong International Airport,China Eastern Airlines,MU,A359,Airbus A350-941,B-32A8,Canceled,2026-08-11 05:38:22
SIN,arrivals,2026-08-10,14:50,13:59,SQ811,SIA811,PKX,Beijing Daxing International Airport,Singapore Airlines,SQ,B78X,Boeing 787-10 Dreamliner,9V-SCY,Landed 14:59,2026-08-11 05:38:22
SIN,arrivals,2026-08-10,14:50,14:30,SQ113,SIA113,KUL,Kuala Lumpur International Airport,Singapore Airlines,SQ,B38M,Boeing 737 MAX 8,9V-MBR,Landed 15:30,2026-08-11 05:38:22
SIN,arrivals,2026-08-10,14:55,14:38,SQ171,SIA171,DAD,Da Nang International Airport,Singapore Airlines,SQ,B38M,Boeing 737 MAX 8,9V-MBJ,Landed 15:38,2026-08-11 05:38:22
SIN,arrivals,2026-08-10,15:00,14:32,TR485,TGW485,IPH,Ipoh Sultan Azlan Shah Airport,Scoot,TR,A320,Airbus A320-232,9V-TRT,Landed 15:32,2026-08-11 05:38:22
SIN,arrivals,2026-08-10,15:00,14:22,SQ939,SIA939,DPS,Denpasar Ngurah Rai International Airport,Singapore Airlines (1000th 787 Dreamliner Sticker),SQ,B78X,Boeing 787-10 Dreamliner,9V-SCP,Landed 15:22,2026-08-11 05:38:22
SIN,arrivals,2026-08-10,15:00,14:33,SQ671,SIA671,NGO,Nagoya Chubu Centrair International Airport,Singapore Airlines,SQ,B78X,Boeing 787-10 Dreamliner,9V-SCN,Landed 15:33,2026-08-11 05:38:22
SIN,arrivals,2026-08-10,15:00,14:52,OD807,MXD807,KUL,Kuala Lumpur International Airport,Batik Air,ID,B738,Boeing 737-8GP,9M-LNQ,Landed 15:52,2026-08-11 05:38:22
SIN,arrivals,2026-08-10,15:00,14:45,NX908,AMU908,MFM,Macau International Airport,Air Macau,NX,A320,Airbus A320-232,B-MCI,Landed 15:45,2026-08-11 05:38:22
SIN,arrivals,2026-08-10,15:00,23:30,CA825,CCA825,PVG,Shanghai Pudong International Airport,Air China,CA,A359,Airbus A350-941,B-322H,Landed 00:30,2026-08-11 05:38:22
SIN,arrivals,2026-08-10,15:05,15:17,BA11,BAW11,LHR,London Heathrow Airport,British Airways (Great Futures Sticker),BA,B77W,Boeing 777-300(ER),G-STBN,Landed 16:17,2026-08-11 05:38:22
SIN,arrivals,2026-08-10,15:20,,SQ325,,FRA,Frankfurt Airport,Singapore Airlines,SQ,A388,Airbus A380-841,9V-SKT,Unknown,2026-08-11 05:38:22
SIN,arrivals,2026-08-10,15:25,15:00,TR843,TGW843,ICN,Seoul Incheon International Airport,Scoot,TR,B788,Boeing 787-8 Dreamliner,9V-OFD,Landed 16:00,2026-08-11 05:38:19
SIN,arrivals,2026-08-10,15:25,14:50,SQ619,SIA619,KIX,Osaka Kansai International Airport,Singapore Airlines,SQ,B78X,Boeing 787-10 Dreamliner,9V-SDA,Landed 15:50,2026-08-11 05:38:22
SIN,arrivals,2026-08-10,15:25,15:09,PG963,BKP963,USM,Koh Samui Airport,Bangkok Airways,PG,A319,Airbus A319-132,HS-PGX,Landed 16:09,2026-08-11 05:38:22
SIN,arrivals,2026-08-10,15:25,15:08,MU7705,CES7705,NKG,Nanjing Lukou International Airport,China Eastern Airlines,MU,A20N,Airbus A320-251N,B-306E,Landed 16:08,2026-08-11 05:38:22
SIN,arrivals,2026-08-10,15:25,15:21,GA842,GIA842,DPS,Denpasar Ngurah Rai International Airport,Garuda Indonesia,GA,B738,Boeing 737-8U3,PK-GNH,Landed 16:21,2026-08-11 05:38:22
SIN,arrivals,2026-08-10,15:25,14:43,CA889,CCA889,PEK,Beijing Capital International Airport,Air China,CA,B789,Boeing 787-9 Dreamliner,B-1431,Landed 15:43,2026-08-11 05:38:22
SIN,arrivals,2026-08-10,15:30,15:02,SQ875,SIA875,HKG,Hong Kong International Airport,Singapore Airlines,SQ,A359,Airbus A350-941,9V-SHI,Landed 16:02,2026-08-11 05:38:19
SIN,arrivals,2026-08-10,15:30,15:06,LH780,DLH780,FRA,Frankfurt Airport,Lufthansa,LH,B744,Boeing 747-430,D-ABTK,Landed 16:06,2026-08-11 05:38:19
SIN,arrivals,2026-08-10,15:35,14:40,TR657,TGW657,HKT,Phuket International Airport,Scoot,TR,A21N,Airbus A321-271NX,9V-NCA,Landed 15:40,2026-08-11 05:38:19
SIN,arrivals,2026-08-10,15:35,15:02,LH768,DLH768,MUC,Munich Airport,Lufthansa,LH,A359,Airbus A350-941,D-AIXJ,Landed 16:02,2026-08-11 05:38:19
SIN,arrivals,2026-08-10,15:40,15:11,ZH229,CSZ229,SZX,Shenzhen Bao'an International Airport,Shenzhen Airlines,ZH,A320,Airbus A320-214,B-9908,Landed 16:11,2026-08-11 05:38:19
SIN,arrivals,2026-08-10,15:40,15:41,TR647,TGW647,HDY,Hat Yai International Airport,Scoot,TR,E290,Embraer E190-E2,9V-THA,Landed 16:41,2026-08-11 05:38:19
SIN,arrivals,2026-08-10,15:45,14:55,SQ319,SIA319,LHR,London Heathrow Airport,Singapore Airlines,SQ,A388,Airbus A380-841,9V-SKU,Landed 15:55,2026-08-11 05:38:19
SIN,arrivals,2026-08-10,15:45,15:16,SQ21,SIA21,EWR,New York Newark Liberty International Airport,Singapore Airlines,SQ,A359,Airbus A350-941,9V-SGA,Landed 16:16,2026-08-11 05:38:19
SIN,arrivals,2026-08-10,15:50,15:54,SQ913,SIA913,MNL,Manila Ninoy Aquino International Airport,Singapore Airlines,SQ,A359,Airbus A350-941,9V-SHN,Landed 16:54,2026-08-11 05:38:19
SIN,arrivals,2026-08-10,15:50,15:24,CZ3039,CSN3039,CAN,Guangzhou Baiyun International Airport,China Southern Airlines,CZ,A21N,Airbus A321-271N,B-301U,Landed 16:24,2026-08-11 05:38:19
SIN,arrivals,2026-08-10,15:55,16:26,VJ973,VJC973,DAD,Da Nang International Airport,VietJet Air,VJ,A321,Airbus A321-211,VN-A698,Landed 17:26,2026-08-11 05:38:19
SIN,arrivals,2026-08-10,15:55,15:52,TR289,TGW289,DPS,Denpasar Ngurah Rai International Airport,Scoot,TR,B788,Boeing 787-8 Dreamliner,9V-OFJ,Landed 16:52,2026-08-11 05:38:19
SIN,arrivals,2026-08-10,15:55,15:25,SQ637,SIA637,NRT,Tokyo Narita International Airport,Singapore Airlines,SQ,B78X,Boeing 787-10 Dreamliner,9V-SDB,Landed 16:25,2026-08-11 05:38:19
SIN,arrivals,2026-08-10,15:55,15:28,SQ135,SIA135,PEN,Penang International Airport,Singapore Airlines,SQ,B38M,Boeing 737 MAX 8,9V-MBY,Landed 16:28,2026-08-11 05:38:19
SIN,arrivals,2026-08-10,15:55,16:31,QF81,QFA81,SYD,Sydney Kingsford Smith Airport,Qantas,QF,A333,Airbus A330-302,VH-QPL,Landed 17:31,2026-08-11 05:38:19
SIN,arrivals,2026-08-10,16:00,15:46,NZ284,ANZ284,AKL,Auckland Airport,Air New Zealand,NZ,B77W,Boeing 777-319(ER),ZK-OKN,Landed 16:46,2026-08-11 05:38:19
SIN,arrivals,2026-08-10,16:00,20:43,MU6049,CES6049,PVG,Shanghai Pudong International Airport,China Eastern Airlines,MU,A21N,Airbus A321-251NX,B-32LT,Landed 21:43,2026-08-11 05:38:19
SIN,arrivals,2026-08-10,16:05,16:11,TG407,THA407,BKK,Bangkok Suvarnabhumi Airport,Thai Airways,TG,A21N,Airbus A321-251NX,HS-TOG,Landed 17:11,2026-08-11 05:38:19
SIN,arrivals,2026-08-10,16:05,15:58,SQ721,SIA721,BKK,Bangkok Suvarnabhumi Airport,Singapore Airlines,SQ,A359,Airbus A350-941,9V-SHK,Landed 16:58,2026-08-11 05:38:19
SIN,arrivals,2026-08-10,16:10,15:37,SQ191,SIA191,HAN,Hanoi Noi Bai International Airport,Singapore Airlines,SQ,A359,Airbus A350-941,9V-SHG,Landed 16:37,2026-08-11 05:38:19
SIN,arrivals,2026-08-10,16:10,16:08,AK1725,AXM1725,PEN,Penang International Airport,AirAsia,AK,A320,Airbus A320-216,9M-DAG,Landed 17:08,2026-08-11 05:38:19
SIN,arrivals,2026-08-10,16:10,16:02,LX176,SWR176,ZRH,Zurich Airport,Swiss,LX,B77W,Boeing 777-3DE(ER),HB-JNE,Landed 17:02,2026-08-11 05:38:19
SIN,arrivals,2026-08-10,16:15,15:59,TR309,TGW309,CGK,Jakarta Soekarno Hatta International Airport,Scoot,TR,A320,Airbus A320-232,9V-TRP,Landed 16:59,2026-08-11 05:38:19
SIN,arrivals,2026-08-10,16:15,16:27,TR217,TGW217,MDC,Manado Sam Ratulangi International Airport,Scoot,TR,A320,Airbus A320-232,9V-TRV,Landed 17:27,2026-08-11 05:38:19
SIN,arrivals,2026-08-10,16:15,15:34,SQ401,SIA401,DEL,Delhi Indira Gandhi International Airport,Singapore Airlines,SQ,B78X,Boeing 787-10 Dreamliner,9V-SCI,Landed 16:34,2026-08-11 05:38:19
SIN,arrivals,2026-08-10,16:15,15:48,NH841,ANA841,HND,Tokyo Haneda International Airport,All Nippon Airways,NH,B789,Boeing 787-9 Dreamliner,JA893A,Landed 16:48,2026-08-11 05:38:19
SIN,arrivals,2026-08-10,16:20,16:10,6E1163,IGO1163,BOM,Mumbai Chhatrapati Shivaji International Airport,IndiGo,6E,A21N,Airbus A321-252NX,VT-NCK,Landed 17:10,2026-08-11 05:38:19
SIN,arrivals,2026-08-10,16:25,15:50,VN655,HVN655,SGN,Ho Chi Minh City International Airport,Vietnam Airlines,VN,A321,Airbus A321-231,VN-A339,Landed 16:50,2026-08-11 05:38:19
SIN,arrivals,2026-08-10,16:25,16:13,SQ959,SIA959,CGK,Jakarta Soekarno Hatta International Airport,Singapore Airlines,SQ,A359,Airbus A350-941,9V-SJH,Landed 17:13,2026-08-11 05:38:19
SIN,arrivals,2026-08-10,16:25,16:17,QF51,QFA51,BNE,Brisbane Airport,Qantas,QF,A332,Airbus A330-202,VH-EBA,Landed 17:17,2026-08-11 05:38:19
SIN,arrivals,2026-08-10,16:30,16:24,SQ232,SIA232,SYD,Sydney Kingsford Smith Airport,Singapore Airlines,SQ,A388,Airbus A380-841,9V-SKV,Landed 17:24,2026-08-11 05:38:19
SIN,arrivals,2026-08-10,16:30,16:21,MH605,MAS605,KUL,Kuala Lumpur International Airport,Malaysia Airlines (Malaysia Negaraku Livery),MH,B738,Boeing 737-8H6,9M-MXF,Landed 17:21,2026-08-11 05:38:19
SIN,arrivals,2026-08-10,16:30,16:12,QF2,QFA2,LHR,London Heathrow Airport,Qantas,QF,A388,Airbus A380-842,VH-OQI,Landed 17:12,2026-08-11 05:38:19
SIN,arrivals,2026-08-10,16:35,16:04,SQ27,SIA27,SEA,Seattle Tacoma International Airport,Singapore Airlines,SQ,A359,Airbus A350-941,9V-SMZ,Landed 17:04,2026-08-11 05:38:19
SIN,arrivals,2026-08-10,16:40,16:30,6E1457,IGO1457,BLR,Bengaluru Kempegowda International Airport,IndiGo,6E,A20N,Airbus A320-251N,VT-IPD,Landed 17:30,2026-08-11 05:38:19
SIN,arrivals,2026-08-10,16:40,15:56,TR175,TGW175,FOC,Fuzhou Changle International Airport,Scoot,TR,A20N,Airbus A320-271N,9V-TNL,Landed 16:56,2026-08-11 05:38:19
SIN,arrivals,2026-08-10,16:40,16:43,SQ525,SIA525,MAA,Chennai International Airport,Singapore Airlines,SQ,B38M,Boeing 737 MAX 8,9V-MBE,Landed 17:43,2026-08-11 05:38:19
SIN,arrivals,2026-08-10,16:40,16:34,SQ298,SIA298,CHC,Christchurch International Airport,Singapore Airlines,SQ,A359,Airbus A350-941,9V-SMC,Landed 17:34,2026-08-11 05:38:19
SIN,arrivals,2026-08-10,16:40,15:42,SQ337,SIA337,CDG,Paris Charles de Gaulle Airport,Singapore Airlines,SQ,A359,Airbus A350-941,9V-SMB,Landed 16:42,2026-08-11 05:38:19
SIN,arrivals,2026-08-10,16:45,20:10,SQ7327,SIA7327,MAA,Chennai International Airport,Singapore Airlines Cargo,SQ,B744,Boeing 747-412F,9V-SFM,Landed 21:10,2026-08-11 05:38:19
SIN,arrivals,2026-08-10,16:45,16:01,6E1013,IGO1013,DEL,Delhi Indira Gandhi International Airport,IndiGo,6E,A21N,Airbus A321-252NX,VT-IWQ,Landed 17:01,2026-08-11 05:38:19
SIN,arrivals,2026-08-10,16:45,16:19,JL37,JAL37,HND,Tokyo Haneda International Airport,Japan Airlines,JL,B789,Boeing 787-9 Dreamliner,JA879J,Landed 17:19,2026-08-11 05:38:19
SIN,arrivals,2026-08-10,16:50,16:15,SQ917,SIA917,MNL,Manila Ninoy Aquino International Airport,Singapore Airlines,SQ,A359,Airbus A350-941,9V-SHW,Landed 17:15,2026-08-11 05:38:19
SIN,arrivals,2026-08-10,16:50,16:36,SQ155,SIA155,KTI,Phnom Penh Techo International Airport,Singapore Airlines,SQ,B38M,Boeing 737 MAX 8,9V-MBO,Landed 17:36,2026-08-11 05:38:19
SIN,arrivals,2026-08-10,16:50,18:02,QF71,QFA71,PER,Perth Airport,Qantas,QF,A332,Airbus A330-203,VH-EBL,Landed 19:02,2026-08-11 05:38:19
SIN,arrivals,2026-08-10,16:55,16:29,TR477,TGW477,LGK,Langkawi International Airport,Scoot,TR,A20N,Airbus A320-271N,9V-TNG,Landed 17:29,2026-08-11 05:38:19
SIN,arrivals,2026-08-10,16:55,16:54,TK54,THY54,IST,Istanbul Airport,Turkish Airlines,TK,B77W,Boeing 777-3F2(ER),TC-JJY,Landed 17:54,2026-08-11 05:38:19
SIN,arrivals,2026-08-10,16:55,16:40,SQ115,SIA115,KUL,Kuala Lumpur International Airport,Singapore Airlines,SQ,B38M,Boeing 737 MAX 8,9V-MBH,Landed 17:40,2026-08-11 05:38:19
SIN,arrivals,2026-08-10,17:00,16:23,D07445,SIA7445,NGO,Nagoya Chubu Centrair International Airport,DHL,D0,B77L,Boeing 777-F,9V-DHB,Landed 17:23,2026-08-11 05:38:19
SIN,arrivals,2026-08-10,17:00,16:59,JQ86,JST086,DPS,Denpasar Ngurah Rai International Airport,Jetstar,JQ,A21N,Airbus A321-251NX(LR),VH-OFY,Landed 17:59,2026-08-11 05:38:19
SIN,arrivals,2026-08-10,17:00,17:03,JQ7,JST7,MEL,Melbourne Airport,Jetstar,JQ,B788,Boeing 787-8 Dreamliner,VH-VKL,Landed 18:03,2026-08-11 05:38:19
SIN,arrivals,2026-08-10,17:00,16:54,CZ3043,CSN3043,CAN,Guangzhou Baiyun International Airport,China Southern Airlines,CZ,A21N,Airbus A321-271N,B-306L,Landed 17:54,2026-08-11 05:38:19
SIN,arrivals,2026-08-10,17:05,18:44,AK717,AXM717,KUL,Kuala Lumpur International Airport,AirAsia,AK,A21N,Airbus A321-251NX,9M-VAD,Landed 19:44,2026-08-11 05:38:19
SIN,arrivals,2026-08-10,17:10,16:49,VJ889,VJC889,DAD,Da Nang International Airport,VietJet Air,VJ,A321,Airbus A321-211,VN-A644,Landed 17:49,2026-08-11 05:38:19
SIN,arrivals,2026-08-10,17:10,16:45,TR115,TGW115,NNG,Nanning Wuxu International Airport,Scoot,TR,A21N,Airbus A321-271NX,9V-NCK,Landed 17:45,2026-08-11 05:38:19
SIN,arrivals,2026-08-10,17:10,16:05,SQ851,SIA851,CAN,Guangzhou Baiyun International Airport,Singapore Airlines,SQ,B78X,Boeing 787-10 Dreamliner,9V-SCT,Landed 17:05,2026-08-11 05:38:19
SIN,arrivals,2026-08-10,17:15,17:12,QF35,QFA35,MEL,Melbourne Airport,Qantas,QF,A332,Airbus A330-202,VH-EBC,Landed 18:12,2026-08-11 05:38:19
SIN,arrivals,2026-08-10,17:15,17:06,MH613,MAS613,KUL,Kuala Lumpur International Airport,Malaysia Airlines,MH,B738,Boeing 737-8H6,9M-MXG,Landed 18:06,2026-08-11 05:38:19
SIN,arrivals,2026-08-10,17:20,16:50,SQ883,SIA883,HKG,Hong Kong International Airport,Singapore Airlines,SQ,A359,Airbus A350-941,9V-SHU,Landed 17:50,2026-08-11 05:38:19
SIN,arrivals,2026-08-10,17:20,17:05,SQ731,SIA731,HKT,Phuket International Airport,Singapore Airlines,SQ,B38M,Boeing 737 MAX 8,9V-MBB,Landed 18:05,2026-08-11 05:38:19
SIN,arrivals,2026-08-10,17:25,17:24,SQ869,SIA869,XMN,Xiamen Gaoqi International Airport,Singapore Airlines,SQ,B38M,Boeing 737 MAX 8,9V-MBS,Landed 18:24,2026-08-11 05:38:19
SIN,arrivals,2026-08-10,17:25,18:08,SQ463,SIA463,CMB,Colombo Bandaranaike International Airport,Singapore Airlines,SQ,B38M,Boeing 737 MAX 8,9V-MBM,Landed 19:08,2026-08-11 05:38:19
SIN,arrivals,2026-08-10,17:25,17:17,GA836,GIA836,CGK,Jakarta Soekarno Hatta International Airport,Garuda Indonesia,GA,B738,Boeing 737-8U3,PK-GMA,Landed 18:17,2026-08-11 05:38:19
SIN,arrivals,2026-08-10,17:30,17:15,VJ983,VJC983,PQC,Phu Quoc International Airport,VietJet Air,VJ,A21N,Airbus A321-271N,VN-A693,Landed 18:15,2026-08-11 05:38:19
SIN,arrivals,2026-08-10,17:30,17:18,TR245,TGW245,KNO,Medan Kuala Namu International Airport,Scoot,TR,A320,Airbus A320-232,9V-TRO,Landed 18:18,2026-08-11 05:38:19
SIN,arrivals,2026-08-10,17:30,17:01,AY131,FIN131,HEL,Helsinki Vantaa Airport,Finnair,AY,A359,Airbus A350-941,OH-LWP,Landed 18:01,2026-08-11 05:38:19
SIN,arrivals,2026-08-10,17:30,16:58,SQ321,SIA321,LHR,London Heathrow Airport,Singapore Airlines,SQ,B77W,Boeing 777-312(ER),9V-SWU,Landed 17:58,2026-08-11 05:38:19
SIN,arrivals,2026-08-10,17:30,17:08,AF256,AFR256,CDG,Paris Charles de Gaulle Airport,Air France,AF,B77W,Boeing 777-328(ER),F-GSQU,Landed 18:08,2026-08-11 05:38:19
SIN,arrivals,2026-08-10,17:35,19:53,UA29,UAL29,SFO,San Francisco International Airport,United Airlines,UA,B789,Boeing 787-9 Dreamliner,N71108,Landed 20:53,2026-08-11 05:38:19
SIN,arrivals,2026-08-10,17:40,16:47,BA15,BAW15,LHR,London Heathrow Airport,British Airways,BA,B789,Boeing 787-9 Dreamliner,G-ZBKK,Landed 17:47,2026-08-11 05:38:19
SIN,arrivals,2026-08-10,17:45,17:33,TR553,TGW553,SGN,Ho Chi Minh City International Airport,Scoot,TR,A21N,Airbus A321-271NX,9V-NCF,Landed 18:33,2026-08-11 05:38:19
SIN,arrivals,2026-08-10,17:55,17:54,UL308,ALK308,CMB,Colombo Bandaranaike International Airport,SriLankan Airlines,UL,A21N,Airbus A321-251N,4R-ANC,Landed 18:54,2026-08-11 05:38:19
SIN,arrivals,2026-08-10,17:55,18:15,TR639,TGW639,BKK,Bangkok Suvarnabhumi Airport,Scoot,TR,A21N,Airbus A321-271NX,9V-NCN,Landed 19:15,2026-08-11 05:38:19
SIN,arrivals,2026-08-10,17:55,17:52,TR487,TGW487,IPH,Ipoh Sultan Azlan Shah Airport,Scoot,TR,A20N,Airbus A320-271N,9V-TNI,Landed 18:52,2026-08-11 05:38:19
SIN,arrivals,2026-08-10,17:55,17:29,TR425,TGW425,PEN,Penang International Airport,Scoot,TR,A21N,Airbus A321-271NX,9V-NCB,Landed 18:29,2026-08-11 05:38:19
SIN,arrivals,2026-08-10,17:55,17:27,SQ183,SIA183,SGN,Ho Chi Minh City International Airport,Singapore Airlines,SQ,A359,Airbus A350-941,9V-SMK,Landed 18:27,2026-08-11 05:38:19
SIN,arrivals,2026-08-10,17:55,17:38,PR501,PAL501,MNL,Manila Ninoy Aquino International Airport,Philippine Airlines,PR,A21N,Airbus A321-271NX,RP-C9938,Landed 18:38,2026-08-11 05:38:19
SIN,arrivals,2026-08-10,18:00,17:56,SQ877,SIA877,TPE,Taipei Taoyuan International Airport,Singapore Airlines,SQ,B78X,Boeing 787-10 Dreamliner,9V-SCD,Landed 18:56,2026-08-11 05:38:19
SIN,arrivals,2026-08-10,18:00,17:50,SQ709,SIA709,BKK,Bangkok Suvarnabhumi Airport,Singapore Airlines,SQ,B78X,Boeing 787-10 Dreamliner,9V-SCQ,Landed 18:50,2026-08-11 05:38:19
SIN,arrivals,2026-08-10,18:00,17:42,SQ509,SIA509,BLR,Bengaluru Kempegowda International Airport,Singapore Airlines,SQ,A359,Airbus A350-941,9V-SHE,Landed 18:42,2026-08-11 05:38:19
SIN,arrivals,2026-08-10,18:05,18:18,TR59,TGW59,MEL,Melbourne Airport,Scoot,TR,B789,Boeing 787-9 Dreamliner,9V-OJI,Landed 19:18,2026-08-11 05:38:19
SIN,arrivals,2026-08-10,18:05,17:48,SQ519,SIA519,HYD,Hyderabad Rajiv Gandhi International Airport,Singapore Airlines,SQ,B38M,Boeing 737 MAX 8,9V-MBV,Landed 18:48,2026-08-11 05:38:19
SIN,arrivals,2026-08-10,18:05,17:37,CX635,CPA635,HKG,Hong Kong International Airport,Cathay Pacific,CX,A359,Airbus A350-941,B-LRS,Landed 18:37,2026-08-11 05:38:19
SIN,arrivals,2026-08-10,18:10,17:40,SQ254,SIA254,DRW,Darwin International Airport,Singapore Airlines,SQ,B38M,Boeing 737 MAX 8,9V-MBQ,Landed 18:40,2026-08-11 05:38:19
SIN,arrivals,2026-08-10,18:10,18:31,SQ226,SIA226,PER,Perth Airport,Singapore Airlines,SQ,A359,Airbus A350-941,9V-SHL,Landed 19:31,2026-08-11 05:38:19
SIN,arrivals,2026-08-10,18:10,17:45,SQ31,SIA31,SFO,San Francisco International Airport,Singapore Airlines,SQ,A359,Airbus A350-941,9V-SJB,Landed 18:45,2026-08-11 05:38:19
SIN,arrivals,2026-08-10,18:15,17:43,KE643,KAL643,ICN,Seoul Incheon International Airport,Korean Air,KE,B77W,Boeing 777-3B5(ER),HL8216,Landed 18:43,2026-08-11 05:38:19
SIN,arrivals,2026-08-10,18:20,19:15,PG961,BKP961,USM,Koh Samui Airport,Bangkok Airways,PG,A319,Airbus A319-132,HS-PGN,Landed 20:15,2026-08-11 05:38:19
SIN,arrivals,2026-08-10,18:25,18:04,TR403,TGW403,MYY,Miri Airport,Scoot,TR,E290,Embraer E190-E2,9V-THB,Landed 19:04,2026-08-11 05:38:19
SIN,arrivals,2026-08-10,18:25,18:06,SQ893,SIA893,HKG,Hong Kong International Airport,Singapore Airlines,SQ,B77W,Boeing 777-312(ER),9V-SWP,Landed 19:06,2026-08-11 05:38:19
SIN,arrivals,2026-08-10,18:25,18:11,SQ901,SIA901,CEB,Cebu Mactan International Airport,Singapore Airlines (Star Alliance Livery),SQ,B38M,Boeing 737 MAX 8,9V-MBL,Landed 19:11,2026-08-11 05:38:19
SIN,arrivals,2026-08-10,18:30,18:10,TR473,TGW473,KUL,Kuala Lumpur International Airport,Scoot,TR,A20N,Airbus A320-271N,9V-TNJ,Landed 19:10,2026-08-11 05:38:19
SIN,arrivals,2026-08-10,18:30,18:21,TR11,TGW11,SYD,Sydney Kingsford Smith Airport,Scoot,TR,B789,Boeing 787-9 Dreamliner,9V-OJG,Landed 19:21,2026-08-11 05:38:19
SIN,arrivals,2026-08-10,18:30,18:39,PX392,ANG392,POM,Port Moresby Jacksons International Airport,Air Niugini,PX,B763,Boeing 767-341(ER),P2-PXV,Landed 19:39,2026-08-11 05:38:19
SIN,arrivals,2026-08-10,18:40,18:54,TG409,THA409,BKK,Bangkok Suvarnabhumi Airport,Thai Airways,TG,B77W,Boeing 777-3AL(ER),HS-TKL,Landed 19:54,2026-08-11 05:38:19
SIN,arrivals,2026-08-10,18:40,19:03,QF219,QFA219,PER,Perth Airport,Qantas,QF,B789,Boeing 787-9 Dreamliner,VH-ZNL,Landed 20:03,2026-08-11 05:38:19
SIN,arrivals,2026-08-10,18:40,18:13,CZ8047,CSN8047,SZX,Shenzhen Bao'an International Airport,China Southern Airlines,CZ,A21N,Airbus A321-253NX,B-32GH,Landed 19:13,2026-08-11 05:38:19
SIN,arrivals,2026-08-10,18:45,18:50,ZH249,CSZ249,SZX,Shenzhen Bao'an International Airport,Shenzhen Airlines,ZH,A333,Airbus A330-343,B-8865,Landed 19:50,2026-08-11 05:38:19
SIN,arrivals,2026-08-10,18:50,19:25,TR515,TGW515,HAN,Hanoi Noi Bai International Airport,Scoot,TR,B788,Boeing 787-8 Dreamliner,9V-OFB,Landed 20:25,2026-08-11 05:38:15
SIN,arrivals,2026-08-10,18:50,18:43,SQ961,SIA961,CGK,Jakarta Soekarno Hatta International Airport,Singapore Airlines,SQ,A359,Airbus A350-941,9V-SHC,Landed 19:43,2026-08-11 05:38:15
SIN,arrivals,2026-08-10,18:50,18:33,SQ421,SIA421,BOM,Mumbai Chhatrapati Shivaji International Airport,Singapore Airlines,SQ,B78X,Boeing 787-10 Dreamliner,9V-SCW,Landed 19:33,2026-08-11 05:38:15
SIN,arrivals,2026-08-10,18:50,18:23,SQ137,SIA137,PEN,Penang International Airport,Singapore Airlines,SQ,B38M,Boeing 737 MAX 8,9V-MBF,Landed 19:23,2026-08-11 05:38:15
SIN,arrivals,2026-08-10,18:50,19:07,SQ121,SIA121,KUL,Kuala Lumpur International Airport,Singapore Airlines,SQ,A359,Airbus A350-941,9V-SHB,Landed 20:07,2026-08-11 05:38:19
SIN,arrivals,2026-08-10,18:55,18:52,8M233,MMA233,RGN,Yangon International Airport,Myanmar Airways International,8M,A319,Airbus A319-112,XY-ALZ,Landed 19:52,2026-08-11 05:38:15
SIN,arrivals,2026-08-10,18:55,18:25,SQ927,SIA927,SUB,Surabaya Juanda International Airport,Singapore Airlines,SQ,B38M,Boeing 737 MAX 8,9V-MBD,Landed 19:25,2026-08-11 05:38:15
SIN,arrivals,2026-08-10,19:00,18:47,VN657,HVN657,SGN,Ho Chi Minh City International Airport,Vietnam Airlines,VN,A21N,Airbus A321-272N,VN-A508,Landed 19:47,2026-08-11 05:38:15
SIN,arrivals,2026-08-10,19:00,18:49,QG526,CTV526,CGK,Jakarta Soekarno Hatta International Airport,Citilink,QG,A320,Airbus A320-214,PK-GQP,Landed 19:49,2026-08-11 05:38:15
SIN,arrivals,2026-08-10,19:00,18:35,AK719,AXM719,KUL,Kuala Lumpur International Airport,AirAsia,AK,A320,Airbus A320-216,9M-RAD,Landed 19:35,2026-08-11 05:38:15
SIN,arrivals,2026-08-10,19:05,22:14,TR601,TGW601,BKK,Bangkok Suvarnabhumi Airport,Scoot,TR,A21N,Airbus A321-271NX,9V-NCC,Landed 23:14,2026-08-11 05:38:15
SIN,arrivals,2026-08-10,19:05,18:37,QF255,QFA255,SYD,Sydney Kingsford Smith Airport,Qantas (Yam Dreaming Livery),QF,B789,Boeing 787-9 Dreamliner,VH-ZND,Landed 19:37,2026-08-11 05:38:15
SIN,arrivals,2026-08-10,19:10,21:48,MU565,CES565,PVG,Shanghai Pudong International Airport,China Eastern Airlines,MU,A332,Airbus A330-243,B-5975,Landed 22:48,2026-08-11 05:38:15
SIN,arrivals,2026-08-10,19:15,18:56,TR685,TGW685,KBV,Krabi Airport,Scoot,TR,E290,Embraer E190-E2,9V-THC,Landed 19:56,2026-08-11 05:38:15
SIN,arrivals,2026-08-10,19:20,19:03,AK1729,AXM1729,PEN,Penang International Airport,AirAsia,AK,A320,Airbus A320-216,9M-RAW,Landed 20:03,2026-08-11 05:38:15
SIN,arrivals,2026-08-10,19:25,19:09,TR243,TGW243,DPS,Denpasar Ngurah Rai International Airport,Scoot,TR,A20N,Airbus A320-271N,9V-TNK,Landed 20:09,2026-08-11 05:38:15
SIN,arrivals,2026-08-10,19:25,18:58,MY363,BNE363,KCH,Kuching International Airport,AirBorneo,MY,B738,Boeing 737-8U3,9M-LCZ,Landed 19:58,2026-08-11 05:38:15
SIN,arrivals,2026-08-10,19:25,19:00,MH607,MAS607,KUL,Kuala Lumpur International Airport,Malaysia Airlines,MH,B738,Boeing 737-8H6,9M-MXE,Landed 20:00,2026-08-11 05:38:15
SIN,arrivals,2026-08-10,19:30,19:05,TR469,TGW469,KUL,Kuala Lumpur International Airport,Scoot,TR,A320,Airbus A320-232,9V-TRT,Landed 20:05,2026-08-11 05:38:15
SIN,arrivals,2026-08-10,19:30,19:11,SQ919,SIA919,MNL,Manila Ninoy Aquino International Airport,Singapore Airlines,SQ,B38M,Boeing 737 MAX 8,9V-MBC,Landed 20:11,2026-08-11 05:38:15
SIN,arrivals,2026-08-10,19:30,19:54,OD805,MXD805,KUL,Kuala Lumpur International Airport,Batik Air,ID,B738,Boeing 737-8U3,9M-LDF,Landed 20:54,2026-08-11 05:38:15
SIN,arrivals,2026-08-10,19:30,19:21,ID7159,BTK7159,CGK,Jakarta Soekarno Hatta International Airport,Batik Air,ID,A320,Airbus A320-214,PK-LAL,Landed 20:21,2026-08-11 05:38:15
SIN,arrivals,2026-08-10,19:30,19:19,GA838,GIA838,CGK,Jakarta Soekarno Hatta International Airport,Garuda Indonesia,GA,B738,Boeing 737-8U3,PK-GMV,Landed 20:19,2026-08-11 05:38:15
SIN,arrivals,2026-08-10,19:40,19:30,SQ173,SIA173,DAD,Da Nang International Airport,Singapore Airlines,SQ,B38M,Boeing 737 MAX 8,9V-MBA,Landed 20:30,2026-08-11 05:38:15
SIN,arrivals,2026-08-10,19:45,19:34,TR867,TGW867,TPE,Taipei Taoyuan International Airport,Scoot,TR,B789,Boeing 787-9 Dreamliner,9V-OJE,Landed 20:34,2026-08-11 05:38:15
SIN,arrivals,2026-08-10,19:45,19:17,SQ236,SIA236,BNE,Brisbane Airport,Singapore Airlines,SQ,A359,Airbus A350-941,9V-SHA,Landed 20:17,2026-08-11 05:38:15
SIN,arrivals,2026-08-10,19:45,19:32,SQ195,SIA195,HAN,Hanoi Noi Bai International Airport,Singapore Airlines,SQ,B38M,Boeing 737 MAX 8,9V-MBI,Landed 20:32,2026-08-11 05:38:15
SIN,arrivals,2026-08-10,19:45,19:22,SL104,TLM104,DMK,Bangkok Don Mueang International Airport,Thai Lion Air,SL,B738,Boeing 737-8GP,HS-LUH,Landed 20:22,2026-08-11 05:38:15
SIN,arrivals,2026-08-10,19:45,19:37,AK721,AXM721,KUL,Kuala Lumpur International Airport,AirAsia,AK,A21N,Airbus A321-251NX,9M-VAB,Landed 20:37,2026-08-11 05:38:15
SIN,arrivals,2026-08-10,19:50,19:28,TR633,TGW633,HDY,Hat Yai International Airport,Scoot,TR,E290,Embraer E190-E2,9V-THF,Landed 20:28,2026-08-11 05:38:15
SIN,arrivals,2026-08-10,19:50,19:39,CX711,CPA711,HKG,Hong Kong International Airport,Cathay Pacific,CX,A333,Airbus A330-343,B-LAM,Landed 20:39,2026-08-11 05:38:15
SIN,arrivals,2026-08-10,19:55,19:50,SQ963,SIA963,CGK,Jakarta Soekarno Hatta International Airport,Singapore Airlines,SQ,A359,Airbus A350-941,9V-SMN,Landed 20:50,2026-08-11 05:38:15
SIN,arrivals,2026-08-10,20:00,19:46,SQ286,SIA286,AKL,Auckland Airport,Singapore Airlines,SQ,B77W,Boeing 777-312(ER),9V-SWB,Landed 20:46,2026-08-11 05:38:15
SIN,arrivals,2026-08-10,20:00,19:41,BA16,BAW16,SYD,Sydney Kingsford Smith Airport,British Airways,BA,B789,Boeing 787-9 Dreamliner,G-ZBKI,Landed 20:41,2026-08-11 05:38:15
SIN,arrivals,2026-08-10,20:05,19:44,SQ735,SIA735,HKT,Phuket International Airport,Singapore Airlines,SQ,B38M,Boeing 737 MAX 8,9V-MBP,Landed 20:44,2026-08-11 05:38:15
SIN,arrivals,2026-08-10,20:05,19:26,SQ431,SIA431,MLE,Male Velana International Airport,"Singapore Airlines (10,000th Airbus Sticker)",SQ,A359,Airbus A350-941,9V-SMF,Landed 20:26,2026-08-11 05:38:15
SIN,arrivals,2026-08-10,20:10,20:06,TR695,TGW695,USM,Koh Samui Airport,Scoot,TR,E290,Embraer E190-E2,9V-THJ,Landed 21:06,2026-08-11 05:38:15
SIN,arrivals,2026-08-10,20:15,20:02,TR525,TGW525,PQC,Phu Quoc International Airport,Scoot,TR,E290,Embraer E190-E2,9V-THD,Landed 21:02,2026-08-11 05:38:15
SIN,arrivals,2026-08-10,20:15,20:08,SQ228,SIA228,MEL,Melbourne Airport,Singapore Airlines,SQ,A388,Airbus A380-841,9V-SKM,Landed 21:08,2026-08-11 05:38:15
SIN,arrivals,2026-08-10,20:15,20:03,SQ222,SIA222,SYD,Sydney Kingsford Smith Airport,Singapore Airlines,SQ,A388,Airbus A380-841,9V-SKY,Landed 21:03,2026-08-11 05:38:15
SIN,arrivals,2026-08-10,20:15,19:57,QR944,QTR944,DOH,Doha Hamad International Airport,Qatar Airways,QR,A35K,Airbus A350-1041,A7-ANQ,Landed 20:57,2026-08-11 05:38:15
SIN,arrivals,2026-08-10,20:15,19:43,QF1,QFA1,SYD,Sydney Kingsford Smith Airport,Qantas,QF,A388,Airbus A380-842,VH-OQC,Landed 20:43,2026-08-11 05:38:15
SIN,arrivals,2026-08-10,20:20,19:56,6E1343,IGO1343,MAA,Chennai International Airport,IndiGo,6E,A21N,Airbus A321-251NX,VT-NHL,Landed 20:56,2026-08-11 05:38:15
SIN,arrivals,2026-08-10,20:20,20:14,TR517,TGW517,SGN,Ho Chi Minh City International Airport,Scoot,TR,A21N,Airbus A321-271NX,9V-NCJ,Landed 21:14,2026-08-11 05:38:15
SIN,arrivals,2026-08-10,20:25,19:48,TR821,TGW821,KIX,Osaka Kansai International Airport,Scoot,TR,B788,Boeing 787-8 Dreamliner,9V-OFK,Landed 20:48,2026-08-11 05:38:15
SIN,arrivals,2026-08-10,20:30,19:51,TW161,TWB161,ICN,Seoul Incheon International Airport,T'Way Air,TW,A333,Airbus A330-343,HL8561,Landed 20:51,2026-08-11 05:38:15
SIN,arrivals,2026-08-10,20:30,20:00,OZ751,AAR751,ICN,Seoul Incheon International Airport,Asiana Airlines,OZ,A359,Airbus A350-941,HL8359,Landed 21:00,2026-08-11 05:38:15
SIN,arrivals,2026-08-10,20:45,20:31,TR675,TGW675,CNX,Chiang Mai International Airport,Scoot,TR,A21N,Airbus A321-271NX,9V-NCH,Landed 21:31,2026-08-11 05:38:15
SIN,arrivals,2026-08-10,20:45,21:52,EK352,UAE352,DXB,Dubai International Airport,Emirates,EK,A388,Airbus A380-861,A6-EEE,Landed 22:52,2026-08-11 05:38:15
SIN,arrivals,2026-08-10,20:50,20:25,SQ125,SIA125,KUL,Kuala Lumpur International Airport,Singapore Airlines,SQ,A359,Airbus A350-941,9V-SHI,Landed 21:25,2026-08-11 05:38:15
SIN,arrivals,2026-08-10,20:55,21:04,SQ711,SIA711,BKK,Bangkok Suvarnabhumi Airport,Singapore Airlines,SQ,B78X,Boeing 787-10 Dreamliner,9V-SCS,Landed 22:04,2026-08-11 05:38:15
SIN,arrivals,2026-08-10,20:55,,MU545,,PVG,Shanghai Pudong International Airport,China Eastern Airlines,MU,77W,,,Canceled,2026-08-11 05:38:15
SIN,arrivals,2026-08-10,20:55,,FY3680,,KUL,Kuala Lumpur International Airport,Firefly,FY,738,,,Unknown,2026-08-11 05:38:15
SIN,arrivals,2026-08-10,20:55,20:55,CA969,CCA969,PEK,Beijing Capital International Airport,Air China,CA,B789,Boeing 787-9 Dreamliner,B-1466,Landed 21:55,2026-08-11 05:38:15
SIN,arrivals,2026-08-10,21:00,20:39,SQ601,SIA601,ICN,Seoul Incheon International Airport,Singapore Airlines,SQ,B78X,Boeing 787-10 Dreamliner,9V-SCF,Landed 21:39,2026-08-11 05:38:15
SIN,arrivals,2026-08-10,21:00,20:23,SQ157,SIA157,KTI,Phnom Penh Techo International Airport,Singapore Airlines,SQ,B38M,Boeing 737 MAX 8,9V-MBU,Landed 21:23,2026-08-11 05:38:15
SIN,arrivals,2026-08-10,21:05,20:46,SQ965,SIA965,CGK,Jakarta Soekarno Hatta International Airport,Singapore Airlines,SQ,B77W,Boeing 777-312(ER),9V-SWO,Landed 21:46,2026-08-11 05:38:15
SIN,arrivals,2026-08-10,21:05,20:45,QF37,QFA37,MEL,Melbourne Airport,Qantas,QF,A332,Airbus A330-202,VH-EBB,Landed 21:45,2026-08-11 05:38:15
SIN,arrivals,2026-08-10,21:10,21:19,SQ214,SIA214,PER,Perth Airport,Singapore Airlines,SQ,A359,Airbus A350-941,9V-SHV,Landed 22:19,2026-08-11 05:38:15
SIN,arrivals,2026-08-10,21:15,20:27,TR229,TGW229,YIA,Yogyakarta International Airport,Scoot,TR,A20N,Airbus A320-271N,9V-TNF,Landed 21:27,2026-08-11 05:38:15
SIN,arrivals,2026-08-10,21:15,20:51,SQ879,SIA879,TPE,Taipei Taoyuan International Airport,Singapore Airlines,SQ,B78X,Boeing 787-10 Dreamliner,9V-SCU,Landed 21:51,2026-08-11 05:38:15
SIN,arrivals,2026-08-10,21:15,21:13,MF885,CXA885,XMN,Xiamen Gaoqi International Airport,Xiamen Air (Universal Beijing Resort Livery),MF,B738,Boeing 737-85C,B-1913,Landed 22:13,2026-08-11 05:38:15
SIN,arrivals,2026-08-10,21:15,21:11,GA822,GIA822,CGK,Jakarta Soekarno Hatta International Airport,Garuda Indonesia,GA,B738,Boeing 737-8U3,PK-GNR,Landed 22:11,2026-08-11 05:38:15
SIN,arrivals,2026-08-10,21:20,21:21,TR611,TGW611,BKK,Bangkok Suvarnabhumi Airport,Scoot,TR,B788,Boeing 787-8 Dreamliner,9V-OFI,Landed 22:21,2026-08-11 05:38:15
SIN,arrivals,2026-08-10,21:20,21:30,TR181,TGW181,NKG,Nanjing Lukou International Airport,Scoot,TR,B788,Boeing 787-8 Dreamliner,9V-OFC,Landed 22:30,2026-08-11 05:38:15
SIN,arrivals,2026-08-10,21:20,20:48,SQ921,SIA921,MNL,Manila Ninoy Aquino International Airport,Singapore Airlines,SQ,A359,Airbus A350-941,9V-SHJ,Landed 21:48,2026-08-11 05:38:15
SIN,arrivals,2026-08-10,21:20,21:21,HO1575,DKH1575,PVG,Shanghai Pudong International Airport,Juneyao Air,HO,A20N,Airbus A320-271N,B-326H,Landed 22:21,2026-08-11 05:38:15
SIN,arrivals,2026-08-10,21:25,21:39,8B155,TNU155,CGK,Jakarta Soekarno Hatta International Airport,TransNusa,8B,A321,Airbus A321-211,PK-TLK,Landed 22:39,2026-08-11 05:38:15
SIN,arrivals,2026-08-10,21:30,21:35,TG401,THA401,BKK,Bangkok Suvarnabhumi Airport,Thai Airways,TG,A21N,Airbus A321-251NX,HS-TOF,Landed 22:35,2026-08-11 05:38:15
SIN,arrivals,2026-08-10,21:35,21:24,TR905,TGW905,MFM,Macau International Airport,Scoot,TR,A20N,Airbus A320-271N,9V-TNM,Landed 22:24,2026-08-11 05:38:15
SIN,arrivals,2026-08-10,21:40,20:58,TR283,TGW283,DPS,Denpasar Ngurah Rai International Airport,Scoot,TR,B788,Boeing 787-8 Dreamliner,9V-OFM,Landed 21:58,2026-08-11 05:38:15
SIN,arrivals,2026-08-10,21:40,21:17,SQ945,SIA945,DPS,Denpasar Ngurah Rai International Airport,Singapore Airlines,SQ,B78X,Boeing 787-10 Dreamliner,9V-SCM,Landed 22:17,2026-08-11 05:38:15
SIN,arrivals,2026-08-10,21:40,21:33,SQ895,SIA895,HKG,Hong Kong International Airport,Singapore Airlines,SQ,A359,Airbus A350-941,9V-SMY,Landed 22:33,2026-08-11 05:38:15
SIN,arrivals,2026-08-10,21:40,21:15,SQ204,SIA204,CNS,Cairns Airport,Singapore Airlines,SQ,A359,Airbus A350-941,9V-SHH,Landed 22:15,2026-08-11 05:38:15
SIN,arrivals,2026-08-10,21:40,21:26,SQ185,SIA185,SGN,Ho Chi Minh City International Airport,Singapore Airlines,SQ,B78X,Boeing 787-10 Dreamliner,9V-SCY,Landed 22:26,2026-08-11 05:38:15
SIN,arrivals,2026-08-10,21:45,21:07,TR649,TGW649,USM,Koh Samui Airport,Scoot,TR,E290,Embraer E190-E2,9V-THA,Landed 22:07,2026-08-11 05:38:15
SIN,arrivals,2026-08-10,21:45,21:09,SQ929,SIA929,SUB,Surabaya Juanda International Airport,Singapore Airlines,SQ,B38M,Boeing 737 MAX 8,9V-MBW,Landed 22:09,2026-08-11 05:38:15
SIN,arrivals,2026-08-10,21:50,21:43,TR279,TGW279,CGK,Jakarta Soekarno Hatta International Airport,Scoot,TR,A320,Airbus A320-232,9V-TRP,Landed 22:43,2026-08-11 05:38:15
SIN,arrivals,2026-08-10,21:55,21:45,TR417,TGW417,BKI,Kota Kinabalu International Airport,Scoot,TR,A21N,Airbus A321-271NX,9V-NCI,Landed 22:45,2026-08-11 05:38:15
SIN,arrivals,2026-08-10,21:55,21:30,SQ621,SIA621,KIX,Osaka Kansai International Airport,Singapore Airlines,SQ,B78X,Boeing 787-10 Dreamliner,9V-SCZ,Landed 22:30,2026-08-11 05:38:15
SIN,arrivals,2026-08-10,22:00,21:50,SQ193,SIA193,HAN,Hanoi Noi Bai International Airport,Singapore Airlines,SQ,B38M,Boeing 737 MAX 8,9V-MBT,Landed 22:50,2026-08-11 05:38:15
SIN,arrivals,2026-08-10,22:00,21:40,SQ141,SIA141,PEN,Penang International Airport,Singapore Airlines,SQ,B38M,Boeing 737 MAX 8,9V-MBR,Landed 22:40,2026-08-11 05:38:15
SIN,arrivals,2026-08-10,22:05,22:11,7C2661,JJA2661,PUS,Busan Gimhae International Airport,Jeju Air,7C,B738,Boeing 737-8AS,HL8539,Landed 23:11,2026-08-11 05:38:15
SIN,arrivals,2026-08-10,22:05,21:59,TR535,TGW535,DVO,Davao City Francisco Bangoy International Airport,Scoot,TR,E290,Embraer E190-E2,9V-THI,Landed 22:59,2026-08-11 05:38:15
SIN,arrivals,2026-08-10,22:05,21:41,SQ995,SIA995,KNO,Medan Kuala Namu International Airport,Singapore Airlines,SQ,B38M,Boeing 737 MAX 8,9V-MBE,Landed 22:41,2026-08-11 05:38:15
SIN,arrivals,2026-08-10,22:05,21:57,SQ967,SIA967,CGK,Jakarta Soekarno Hatta International Airport,Singapore Airlines,SQ,A359,Airbus A350-941,9V-SHG,Landed 22:57,2026-08-11 05:38:15
SIN,arrivals,2026-08-10,22:05,21:27,SQ633,SIA633,HND,Tokyo Haneda International Airport,Singapore Airlines (Star Alliance Livery),SQ,B77W,Boeing 777-312(ER),9V-SWM,Landed 22:27,2026-08-11 05:38:15
SIN,arrivals,2026-08-10,22:05,21:53,SQ276,SIA276,ADL,Adelaide Airport,Singapore Airlines,SQ,B78X,Boeing 787-10 Dreamliner,9V-SDC,Landed 22:53,2026-08-11 05:38:15
SIN,arrivals,2026-08-10,22:15,21:36,SQ843,SIA843,TFU,Chengdu Tianfu International Airport,Singapore Airlines,SQ,B78X,Boeing 787-10 Dreamliner,9V-SCE,Landed 22:36,2026-08-11 05:38:15
SIN,arrivals,2026-08-10,22:20,22:01,SQ127,SIA127,KUL,Kuala Lumpur International Airport,Singapore Airlines,SQ,B38M,Boeing 737 MAX 8,9V-MBH,Landed 23:01,2026-08-11 05:38:15
SIN,arrivals,2026-08-10,22:25,23:16,TR591,TGW591,MNL,Manila Ninoy Aquino International Airport,Scoot,TR,A21N,Airbus A321-271NX,9V-NCL,Landed 00:16,2026-08-11 05:38:15
SIN,arrivals,2026-08-10,22:25,21:55,SQ739,SIA739,HKT,Phuket International Airport,Singapore Airlines,SQ,B38M,Boeing 737 MAX 8,9V-MBJ,Landed 22:55,2026-08-11 05:38:15
SIN,arrivals,2026-08-10,22:25,22:04,KL836,KLM836,DPS,Denpasar Ngurah Rai International Airport,KLM,KL,B77W,Boeing 777-306(ER),PH-BVN,Landed 23:04,2026-08-11 05:38:15
SIN,arrivals,2026-08-10,22:30,00:12,CZ351,CSN351,CAN,Guangzhou Baiyun International Airport,China Southern Airlines,CZ,A21N,Airbus A321-271N,B-303W,Landed 01:12,2026-08-11 05:38:15
SIN,arrivals,2026-08-10,22:35,22:19,TR671,TGW671,CEI,Chiang Rai International Airport,Scoot,TR,E290,Embraer E190-E2,9V-THG,Landed 23:19,2026-08-11 05:38:15
SIN,arrivals,2026-08-10,22:35,23:06,PR509,PAL509,MNL,Manila Ninoy Aquino International Airport,Philippine Airlines,PR,A321,Airbus A321-231,RP-C9915,Landed 00:06,2026-08-11 05:38:15
SIN,arrivals,2026-08-10,22:40,22:30,7C2623,JJA2623,ICN,Seoul Incheon International Airport,Jeju Air,7C,B38M,Boeing 737 MAX 8,HL8593,Landed 23:30,2026-08-11 05:38:15
SIN,arrivals,2026-08-10,22:40,22:28,SQ713,SIA713,BKK,Bangkok Suvarnabhumi Airport,Singapore Airlines (1000th 787 Dreamliner Sticker),SQ,B78X,Boeing 787-10 Dreamliner,9V-SCP,Landed 23:28,2026-08-11 05:38:15
SIN,arrivals,2026-08-10,22:40,22:57,MU5031,CES5031,PKX,Beijing Daxing International Airport,China Eastern Airlines (Pop Mart DIMOO World),MU,A20N,Airbus A320-251N,B-32EP,Landed 23:57,2026-08-11 05:38:15
SIN,arrivals,2026-08-10,22:45,22:32,TR435,TGW435,KCH,Kuching International Airport,Scoot,TR,A20N,Airbus A320-271N,9V-TNI,Landed 23:32,2026-08-11 05:38:12
SIN,arrivals,2026-08-10,22:45,22:42,TR9,TGW9,PER,Perth Airport,Scoot,TR,B789,Boeing 787-9 Dreamliner,9V-OJK,Landed 23:42,2026-08-11 05:38:12
SIN,arrivals,2026-08-10,22:45,22:52,IX682,AXB682,TRZ,Tiruchirappalli International Airport,Air India Express (Beach-Himalayas Livery),IX,B738,Boeing 737-8HG,VT-AXX,Landed 23:52,2026-08-11 05:38:15
SIN,arrivals,2026-08-10,22:45,22:16,EK349,UAE349,KTI,Phnom Penh Techo International Airport,Emirates,EK,B77W,Boeing 777-31H(ER),A6-ECJ,Landed 23:16,2026-08-11 05:38:15
SIN,arrivals,2026-08-10,22:55,22:24,TR653,TGW653,HKT,Phuket International Airport,Scoot,TR,A20N,Airbus A320-271N,9V-TNE,Landed 23:24,2026-08-11 05:38:12
SIN,arrivals,2026-08-10,22:55,22:41,TR499,TGW499,PEN,Penang International Airport,Scoot,TR,A21N,Airbus A321-271NX,9V-NCB,Landed 23:41,2026-08-11 05:38:12
SIN,arrivals,2026-08-10,22:55,22:50,KE645,KAL645,ICN,Seoul Incheon International Airport,Korean Air,KE,B77W,Boeing 777-3B5(ER),HL8009,Landed 23:50,2026-08-11 05:38:12
SIN,arrivals,2026-08-10,23:05,22:46,TR627,TGW627,BKK,Bangkok Suvarnabhumi Airport,Scoot,TR,B788,Boeing 787-8 Dreamliner,9V-OFD,Landed 23:46,2026-08-11 05:38:12
SIN,arrivals,2026-08-10,23:05,22:39,TR467,TGW467,KUL,Kuala Lumpur International Airport,Scoot,TR,A21N,Airbus A321-271NX,9V-NCM,Landed 23:39,2026-08-11 05:38:12
SIN,arrivals,2026-08-10,23:05,23:02,MM773,APJ773,KIX,Osaka Kansai International Airport,Peach,MM,A21N,Airbus A321-251NX(LR),JA903P,Landed 00:02,2026-08-11 05:38:12
SIN,arrivals,2026-08-10,23:10,22:55,3U3919,CSC3919,TFU,Chengdu Tianfu International Airport,Sichuan Airlines,3U,A20N,Airbus A320-271N,B-30CA,Landed 23:55,2026-08-11 05:38:12
SIN,arrivals,2026-08-10,23:10,23:18,SQ827,SIA827,PVG,Shanghai Pudong International Airport,Singapore Airlines,SQ,A388,Airbus A380-841,9V-SKR,Landed 00:18,2026-08-11 05:38:12
SIN,arrivals,2026-08-10,23:10,22:59,SQ266,SIA266,BNE,Brisbane Airport,Singapore Airlines,SQ,A359,Airbus A350-941,9V-SHM,Landed 23:59,2026-08-11 05:38:12
SIN,arrivals,2026-08-10,23:10,22:37,SC8061,CDG8061,TNA,Jinan Yaoqiang International Airport,Shandong Airlines,SC,B38M,Boeing 737 MAX 8,B-208G,Landed 23:37,2026-08-11 05:38:12
SIN,arrivals,2026-08-10,23:10,23:01,MH609,MAS609,KUL,Kuala Lumpur International Airport,Malaysia Airlines,MH,B738,Boeing 737-8H6,9M-MXW,Landed 00:01,2026-08-11 05:38:12
SIN,arrivals,2026-08-10,23:10,22:34,AQ1275,JYH1275,CAN,Guangzhou Baiyun International Airport,9 Air,AQ,B738,Boeing 737-86N,B-6991,Landed 23:34,2026-08-11 05:38:12
SIN,arrivals,2026-08-10,23:15,23:08,SQ947,SIA947,DPS,Denpasar Ngurah Rai International Airport,Singapore Airlines,SQ,B78X,Boeing 787-10 Dreamliner,9V-SCB,Landed 00:08,2026-08-11 05:38:12
SIN,arrivals,2026-08-10,23:15,23:12,SQ242,SIA242,SYD,Sydney Kingsford Smith Airport,Singapore Airlines,SQ,A359,Airbus A350-941,9V-SHO,Landed 00:12,2026-08-11 05:38:12
SIN,arrivals,2026-08-10,23:15,22:44,SQ208,SIA208,MEL,Melbourne Airport,Singapore Airlines,SQ,A359,Airbus A350-941,9V-SMV,Landed 23:44,2026-08-11 05:38:12
SIN,arrivals,2026-08-10,23:20,23:40,JL711,JAL711,NRT,Tokyo Narita International Airport,Japan Airlines,JL,B763,Boeing 767-346(ER),JA606J,Landed 00:40,2026-08-11 05:38:12
SIN,arrivals,2026-08-10,23:25,22:49,5J547,CEB547,CEB,Cebu Mactan International Airport,Cebu Pacific,5J,A320,Airbus A320-214,RP-C4104,Landed 23:49,2026-08-11 05:38:12
SIN,arrivals,2026-08-10,23:30,23:26,SV857,SVA857,DPS,Denpasar Ngurah Rai International Airport,Saudia,SV,B78X,Boeing 787-10 Dreamliner,HZ-AR25,Landed 00:26,2026-08-11 05:38:12
SIN,arrivals,2026-08-10,23:35,23:14,SQ719,SIA719,BKK,Bangkok Suvarnabhumi Airport,Singapore Airlines,SQ,B78X,Boeing 787-10 Dreamliner,9V-SCI,Landed 00:14,2026-08-11 05:38:12
SIN,arrivals,2026-08-10,23:35,23:20,CI755,CAL755,TPE,Taipei Taoyuan International Airport,China Airlines,CI,A21N,Airbus A321-271NX,B-18106,Landed 00:20,2026-08-11 05:38:12
SIN,arrivals,2026-08-10,23:45,,3Y932,,BPN,Balikpapan Sepinggan Airport,My Indo Airlines,3Y,73Y,,,Unknown,2026-08-11 05:38:12
SIN,arrivals,2026-08-10,23:45,23:24,TR983,TGW983,HKG,Hong Kong International Airport,Scoot,TR,B788,Boeing 787-8 Dreamliner,9V-OFE,Landed 00:24,2026-08-11 05:38:12
SIN,arrivals,2026-08-10,23:45,23:22,NH801,AJX801,NRT,Tokyo Narita International Airport,All Nippon Airways,NH,B789,Boeing 787-9 Dreamliner,JA895A,Landed 00:22,2026-08-11 05:38:12
SIN,arrivals,2026-08-10,23:45,00:17,CX715,CPA715,HKG,Hong Kong International Airport,Cathay Pacific,CX,A333,Airbus A330-343,B-HLS,Landed 01:17,2026-08-11 05:38:12
SIN,arrivals,2026-08-10,23:55,23:34,SQ11,SIA11,NRT,Tokyo Narita International Airport,Singapore Airlines,SQ,B77W,Boeing 777-312(ER),9V-SWK,Landed 00:34,2026-08-11 05:38:12
SIN,departures,2026-08-10,00:00,00:11,TR866,TGW866,TPE,Taipei Taoyuan International Airport,Scoot,TR,B789,Boeing 787-9 Dreamliner,9V-OJE,Departed 01:11,2026-08-11 05:39:09
SIN,departures,2026-08-10,00:05,00:44,SQ306,SIA306,LHR,London Heathrow Airport,Singapore Airlines,SQ,A359,Airbus A350-941,9V-SML,Departed 01:44,2026-08-11 05:39:09
SIN,departures,2026-08-10,00:10,00:24,3U3920,CSC3920,TFU,Chengdu Tianfu International Airport,Sichuan Airlines,3U,A20N,Airbus A320-271N,B-30CA,Departed 01:24,2026-08-11 05:39:09
SIN,departures,2026-08-10,00:10,00:25,SQ800,SIA800,PEK,Beijing Capital International Airport,Singapore Airlines,SQ,B77W,Boeing 777-312(ER),9V-SWR,Departed 01:25,2026-08-11 05:39:09
SIN,departures,2026-08-10,00:15,00:46,TR50,TGW50,ATH,Athens Eleftherios Venizelos,Scoot,TR,B788,Boeing 787-8 Dreamliner,9V-OFL,Departed 01:46,2026-08-11 05:39:09
SIN,departures,2026-08-10,00:15,11:06,SQ826,,PVG,Shanghai Pudong International Airport,Singapore Airlines,SQ,359,,,Unknown,2026-08-11 05:39:09
SIN,departures,2026-08-10,00:15,00:31,SQ478,SIA478,JNB,Johannesburg OR Tambo International Airport,Singapore Airlines,SQ,A359,Airbus A350-941,9V-SJE,Departed 01:31,2026-08-11 05:39:09
SIN,departures,2026-08-10,00:15,00:20,SC8062,CDG8062,TNA,Jinan Yaoqiang International Airport,Shandong Airlines,SC,B38M,Boeing 737 MAX 8,B-224R,Departed 01:20,2026-08-11 05:39:09
SIN,departures,2026-08-10,00:20,01:03,SQ672,SIA672,NGO,Nagoya Chubu Centrair International Airport,Singapore Airlines,SQ,B78X,Boeing 787-10 Dreamliner,9V-SCN,Departed 02:03,2026-08-11 05:39:09
SIN,departures,2026-08-10,00:20,01:10,SQ656,SIA656,FUK,Fukuoka Airport,Singapore Airlines,SQ,B78X,Boeing 787-10 Dreamliner,9V-SCB,Departed 02:10,2026-08-11 05:39:09
SIN,departures,2026-08-10,00:25,01:02,SQ618,SIA618,KIX,Osaka Kansai International Airport,Singapore Airlines,SQ,B78X,Boeing 787-10 Dreamliner,9V-SDA,Departed 02:02,2026-08-11 05:39:09
SIN,departures,2026-08-10,00:25,00:52,SQ346,SIA346,ZRH,Zurich Airport,Singapore Airlines,SQ,B77W,Boeing 777-312(ER),9V-SWQ,Departed 01:52,2026-08-11 05:39:09
SIN,departures,2026-08-10,00:25,01:31,MM774,APJ774,KIX,Osaka Kansai International Airport,Peach,MM,A21N,Airbus A321-251NX(LR),JA901P,Departed 02:31,2026-08-11 05:39:09
SIN,departures,2026-08-10,00:25,01:07,KE646,KAL646,ICN,Seoul Incheon International Airport,Korean Air,KE,B77W,Boeing 777-3B5(ER),HL8010,Departed 02:07,2026-08-11 05:39:09
SIN,departures,2026-08-10,00:40,00:49,EK349,UAE349,DXB,Dubai International Airport,Emirates,EK,B77W,Boeing 777-31H(ER),A6-EGA,Departed 01:49,2026-08-11 05:39:09
SIN,departures,2026-08-10,00:45,01:19,SQ237,SIA237,MEL,Melbourne Airport,Singapore Airlines,SQ,A388,Airbus A380-841,9V-SKM,Departed 02:19,2026-08-11 05:39:09
SIN,departures,2026-08-10,00:45,00:51,CX714,CPA714,HKG,Hong Kong International Airport,Cathay Pacific,CX,A333,Airbus A330-343,B-LBJ,Departed 01:51,2026-08-11 05:39:09
SIN,departures,2026-08-10,00:50,01:17,TR588,TGW588,MNL,Manila Ninoy Aquino International Airport,Scoot,TR,B788,Boeing 787-8 Dreamliner,9V-OFB,Departed 02:17,2026-08-11 05:39:09
SIN,departures,2026-08-10,00:55,01:18,SQ302,SIA302,MAN,Manchester Airport,Singapore Airlines,SQ,A359,Airbus A350-941,9V-SMM,Departed 02:18,2026-08-11 05:39:09
SIN,departures,2026-08-10,00:55,01:25,JL38,JAL38,HND,Tokyo Haneda International Airport,Japan Airlines,JL,B763,Boeing 767-346(ER),JA616J,Departed 02:25,2026-08-11 05:39:09
SIN,departures,2026-08-10,01:00,01:33,TR560,TGW560,DVO,Davao City Francisco Bangoy International Airport,Scoot,TR,A320,Airbus A320-232,9V-TRP,Departed 02:33,2026-08-11 05:39:09
SIN,departures,2026-08-10,01:00,01:24,TR572,TGW572,ILO,Iloilo International Airport,Scoot,TR,E290,Embraer E190-E2,9V-THJ,Departed 02:24,2026-08-11 05:39:09
SIN,departures,2026-08-10,01:00,01:09,ET639,ETH639,ADD,Addis Ababa Bole Airport,Ethiopian Airlines,ET,A359,Airbus A350-941,ET-AYM,Departed 02:09,2026-08-11 05:39:09
SIN,departures,2026-08-10,01:10,01:36,TR10,TGW10,SYD,Sydney Kingsford Smith Airport,Scoot,TR,B789,Boeing 787-9 Dreamliner,9V-OJG,Departed 02:36,2026-08-11 05:39:09
SIN,departures,2026-08-10,01:15,01:58,TW166,TWB166,CJU,Jeju International Airport,T'Way Air,TW,B38M,Boeing 737 MAX 8,HL8751,Departed 02:58,2026-08-11 05:39:09
SIN,departures,2026-08-10,01:15,01:50,TR842,TGW842,ICN,Seoul Incheon International Airport,Scoot,TR,B788,Boeing 787-8 Dreamliner,9V-OFD,Departed 02:50,2026-08-11 05:39:09
SIN,departures,2026-08-10,01:15,02:04,TR834,TGW834,OKA,Okinawa Naha Airport,Scoot,TR,A21N,Airbus A321-271NX,9V-NCL,Departed 03:04,2026-08-11 05:39:09
SIN,departures,2026-08-10,01:15,01:35,SQ392,SIA392,IST,Istanbul Airport,Singapore Airlines,SQ,A359,Airbus A350-941,9V-SJF,Departed 02:35,2026-08-11 05:39:09
SIN,departures,2026-08-10,01:30,01:54,TR58,TGW58,MEL,Melbourne Airport,Scoot,TR,B789,Boeing 787-9 Dreamliner,9V-OJI,Departed 02:54,2026-08-11 05:39:09
SIN,departures,2026-08-10,01:30,02:00,MU9648,CES9648,KMG,Kunming Changshui International Airport,China Eastern Airlines,MU,B789,Boeing 787-9 Dreamliner,B-209N,Departed 03:00,2026-08-11 05:39:09
SIN,departures,2026-08-10,01:35,01:52,SQ402,SIA402,DEL,Delhi Indira Gandhi International Airport,Singapore Airlines,SQ,B78X,Boeing 787-10 Dreamliner,9V-SCI,Departed 02:52,2026-08-11 05:39:09
SIN,departures,2026-08-10,01:40,02:06,MF8676,CXA8676,XMN,Xiamen Gaoqi International Airport,Xiamen Air,MF,B738,Boeing 737-85C,B-1707,Departed 03:06,2026-08-11 05:39:09
SIN,departures,2026-08-10,01:45,02:12,6E1008,IGO1008,TRZ,Tiruchirappalli International Airport,IndiGo,6E,A20N,Airbus A320-251N,VT-IXI,Departed 03:12,2026-08-11 05:39:09
SIN,departures,2026-08-10,02:00,02:13,ZH228,CSZ228,SZX,Shenzhen Bao'an International Airport,Shenzhen Airlines,ZH,A320,Airbus A320-214,B-9910,Departed 03:13,2026-08-11 05:39:09
SIN,departures,2026-08-10,02:00,02:45,TR568,TGW568,CRK,Angeles City Clark International Airport,Scoot,TR,A21N,Airbus A321-271NX,9V-NCN,Departed 03:45,2026-08-11 05:39:09
SIN,departures,2026-08-10,02:00,02:02,TR16,TGW16,PER,Perth Airport,Scoot,TR,B788,Boeing 787-8 Dreamliner,9V-OFH,Departed 03:02,2026-08-11 05:39:09
SIN,departures,2026-08-10,02:00,02:10,MU770,CES770,HFE,Hefei Xinqiao International Airport,China Eastern Airlines,MU,A20N,Airbus A320-251N,B-308Z,Departed 03:10,2026-08-11 05:39:09
SIN,departures,2026-08-10,02:10,02:23,SQ314,SIA314,LGW,London Gatwick Airport,Singapore Airlines,SQ,A359,Airbus A350-941,9V-SME,Departed 03:23,2026-08-11 05:39:09
SIN,departures,2026-08-10,02:15,02:24,QR945,QTR945,DOH,Doha Hamad International Airport,Qatar Airways,QR,A35K,Airbus A350-1041,A7-ANK,Departed 03:24,2026-08-11 05:39:09
SIN,departures,2026-08-10,02:25,,FM844,,PVG,Shanghai Pudong International Airport,Shanghai Airlines,FM,7M8,,,Canceled,2026-08-11 05:39:09
SIN,departures,2026-08-10,02:30,02:15,O3302,CSS302,SZX,Shenzhen Bao'an International Airport,SF Airlines,O3,B763,Boeing 767-338(ER)(BCF),B-1423,Departed 03:15,2026-08-11 05:39:09
SIN,departures,2026-08-10,02:40,02:53,GS7964,GCR7964,KWE,Guiyang Longdongbao International Airport,Tianjin Airlines,GS,A320,Airbus A320-232,B-1620,Departed 03:53,2026-08-11 05:39:09
SIN,departures,2026-08-10,02:55,04:58,HO1562,DKH1562,WUX,Wuxi Sunan Shuofang International Airport,Juneyao Air (Fuping Dried Persimmon Livery),HO,A20N,Airbus A320-271N,B-326J,Departed 05:58,2026-08-11 05:39:09
SIN,departures,2026-08-10,03:10,03:20,QR8408,QTR8408,HKG,Hong Kong International Airport,Qatar Cargo,QR,B77L,Boeing 777-FDZ,A7-BFM,Departed 04:20,2026-08-11 05:39:09
SIN,departures,2026-08-10,03:10,03:11,CZ8490,CSN8490,CAN,Guangzhou Baiyun International Airport,China Southern Airlines,CZ,A21N,Airbus A321-253NX,B-324P,Departed 04:11,2026-08-11 05:39:09
SIN,departures,2026-08-10,03:25,03:33,SQ7974,SIA7974,HKG,Hong Kong International Airport,Singapore Airlines Cargo,SQ,B744,Boeing 747-412F,9V-SFN,Departed 04:33,2026-08-11 05:39:09
SIN,departures,2026-08-10,03:30,03:26,8M238,MMA238,RGN,Yangon International Airport,Myanmar Airways International,8M,A320,Airbus A320-214,XY-ALJ,Departed 04:26,2026-08-11 05:39:09
SIN,departures,2026-08-10,03:40,03:56,6E1002,IGO1002,MAA,Chennai International Airport,IndiGo,6E,A21N,Airbus A321-252NX,VT-NCX,Departed 04:56,2026-08-11 05:39:09
SIN,departures,2026-08-10,03:40,03:50,HU448,CHH448,HAK,Haikou Meilan International Airport,Hainan Airlines,HU,B38M,Boeing 737 MAX 8,B-225V,Departed 04:50,2026-08-11 05:39:09
SIN,departures,2026-08-10,04:05,04:13,TR456,TGW456,KUL,Kuala Lumpur International Airport,Scoot,TR,A320,Airbus A320-232,9V-TRV,Departed 05:13,2026-08-11 05:39:09
SIN,departures,2026-08-10,04:10,04:21,CZ5086,CSN5086,SZX,Shenzhen Bao'an International Airport,China Southern Airlines,CZ,A20N,Airbus A320-251N,B-32FV,Departed 05:21,2026-08-11 05:39:09
SIN,departures,2026-08-10,04:15,04:33,TR100,TGW100,CAN,Guangzhou Baiyun International Airport,Scoot,TR,B789,Boeing 787-9 Dreamliner,9V-OJD,Departed 05:33,2026-08-11 05:39:09
SIN,departures,2026-08-10,04:20,04:36,TR336,TGW336,BPN,Balikpapan Sepinggan Airport,Scoot,TR,E290,Embraer E190-E2,9V-THF,Departed 05:36,2026-08-11 05:39:09
SIN,departures,2026-08-10,04:40,04:55,6E1248,IGO1248,BLR,Bengaluru Kempegowda International Airport,IndiGo,6E,A20N,Airbus A320-251N,VT-IPD,Departed 05:55,2026-08-11 05:39:09
SIN,departures,2026-08-10,04:40,05:15,BS308,UBG308,DAC,Dhaka Shahjalal International Airport,BBN Airlines Thailand,TZ,A320,Airbus A320-233,HS-SXA,Departed 06:15,2026-08-11 05:39:09
SIN,departures,2026-08-10,04:55,05:01,TR328,TGW328,PNK,Pontianak Supadio Airport,Scoot,TR,E290,Embraer E190-E2,9V-THB,Departed 06:01,2026-08-11 05:39:09
SIN,departures,2026-08-10,05:00,,QR8416,,HKG,Hong Kong International Airport,Qatar Airways,QR,77X,,,Unknown,2026-08-11 05:39:09
SIN,departures,2026-08-10,05:00,,8K804,,CGK,Jakarta Soekarno Hatta International Airport,Exploits Valley Air Services,8K,73P,,,Unknown,2026-08-11 05:39:09
SIN,departures,2026-08-10,05:00,05:12,TR438,TGW438,KCH,Kuching International Airport,Scoot,TR,A21N,Airbus A321-271NX,9V-NCA,Departed 06:12,2026-08-11 05:39:09
SIN,departures,2026-08-10,05:10,05:30,TR260,TGW260,LOP,Lombok International Airport,Scoot,TR,E290,Embraer E190-E2,9V-THI,Departed 06:30,2026-08-11 05:39:09
SIN,departures,2026-08-10,05:15,06:07,9C8552,CQH8552,PVG,Shanghai Pudong International Airport,Spring Airlines,9C,A20N,Airbus A320-251N,B-32MX,Departed 07:07,2026-08-11 05:39:09
SIN,departures,2026-08-10,05:15,05:26,NH802,AJX802,NRT,Tokyo Narita International Airport,All Nippon Airways,NH,B789,Boeing 787-9 Dreamliner,JA888A,Departed 06:26,2026-08-11 05:39:09
SIN,departures,2026-08-10,05:20,05:36,TR446,TGW446,BKI,Kota Kinabalu International Airport,Scoot,TR,A20N,Airbus A320-271N,9V-TNK,Departed 06:36,2026-08-11 05:39:09
SIN,departures,2026-08-10,05:20,05:53,SQ934,SIA934,DPS,Denpasar Ngurah Rai International Airport,Singapore Airlines,SQ,B78X,Boeing 787-10 Dreamliner,9V-SCS,Departed 06:53,2026-08-11 05:39:09
SIN,departures,2026-08-10,05:20,05:32,SQ950,SIA950,CGK,Jakarta Soekarno Hatta International Airport,Singapore Airlines,SQ,B77W,Boeing 777-312(ER),9V-SNC,Departed 06:32,2026-08-11 05:39:09
SIN,departures,2026-08-10,05:20,05:24,MH602,MAS602,KUL,Kuala Lumpur International Airport,Malaysia Airlines,MH,B738,Boeing 737-8H6,9M-MLT,Departed 06:24,2026-08-11 05:39:09
SIN,departures,2026-08-10,05:25,05:41,TR820,TGW820,KIX,Osaka Kansai International Airport,Scoot,TR,B788,Boeing 787-8 Dreamliner,9V-OFK,Departed 06:41,2026-08-11 05:39:09
SIN,departures,2026-08-10,05:30,05:45,TR608,TGW608,BKK,Bangkok Suvarnabhumi Airport,Scoot,TR,A320,Airbus A320-232,9V-TRO,Departed 06:45,2026-08-11 05:39:09
SIN,departures,2026-08-10,05:35,05:43,TR480,TGW480,IPH,Ipoh Sultan Azlan Shah Airport,Scoot,TR,A320,Airbus A320-232,9V-TRT,Departed 06:43,2026-08-11 05:39:09
SIN,departures,2026-08-10,05:40,06:24,SQ706,SIA706,BKK,Bangkok Suvarnabhumi Airport,Singapore Airlines,SQ,B78X,Boeing 787-10 Dreamliner,9V-SCG,Departed 07:24,2026-08-11 05:39:09
SIN,departures,2026-08-10,06:00,06:28,TR640,TGW640,USM,Koh Samui Airport,Scoot,TR,E290,Embraer E190-E2,9V-THA,Departed 07:28,2026-08-11 05:39:09
SIN,departures,2026-08-10,06:00,06:15,TR502,TGW502,SGN,Ho Chi Minh City International Airport,Scoot,TR,A20N,Airbus A320-271N,9V-TNI,Departed 07:15,2026-08-11 05:39:09
SIN,departures,2026-08-10,06:00,06:09,TR430,TGW430,PEN,Penang International Airport,Scoot,TR,A320,Airbus A320-232,9V-TRU,Departed 07:09,2026-08-11 05:39:09
SIN,departures,2026-08-10,06:00,06:40,TR118,TGW118,HAK,Haikou Meilan International Airport,Scoot,TR,A21N,Airbus A321-271NX,9V-NCI,Departed 07:40,2026-08-11 05:39:09
SIN,departures,2026-08-10,06:00,06:17,TR174,TGW174,FOC,Fuzhou Changle International Airport,Scoot,TR,A20N,Airbus A320-271N,9V-TNL,Departed 07:17,2026-08-11 05:39:09
SIN,departures,2026-08-10,06:00,06:11,SQ104,SIA104,KUL,Kuala Lumpur International Airport,Singapore Airlines,SQ,B38M,Boeing 737 MAX 8,9V-MBI,Departed 07:11,2026-08-11 05:39:09
SIN,departures,2026-08-10,06:15,06:32,SQ241,SIA241,SYD,Sydney Kingsford Smith Airport,Singapore Airlines,SQ,A359,Airbus A350-941,9V-SHO,Departed 07:32,2026-08-11 05:39:09
SIN,departures,2026-08-10,06:15,06:34,SQ213,SIA213,PER,Perth Airport,Singapore Airlines,SQ,A359,Airbus A350-941,9V-SHL,Departed 07:34,2026-08-11 05:39:09
SIN,departures,2026-08-10,06:20,06:45,SQ265,SIA265,BNE,Brisbane Airport,Singapore Airlines,SQ,A359,Airbus A350-941,9V-SHM,Departed 07:45,2026-08-11 05:39:09
SIN,departures,2026-08-10,06:20,06:26,CX710,CPA710,HKG,Hong Kong International Airport,Cathay Pacific,CX,A333,Airbus A330-343,B-LAQ,Departed 07:26,2026-08-11 05:39:09
SIN,departures,2026-08-10,06:25,06:51,SQ874,SIA874,HKG,Hong Kong International Airport,Singapore Airlines,SQ,A359,Airbus A350-941,9V-SHI,Departed 07:51,2026-08-11 05:39:06
SIN,departures,2026-08-10,06:30,06:58,TR658,TGW658,HKT,Phuket International Airport,Scoot,TR,A21N,Airbus A321-271NX,9V-NCH,Departed 07:58,2026-08-11 05:39:06
SIN,departures,2026-08-10,06:30,06:53,TR280,TGW280,DPS,Denpasar Ngurah Rai International Airport,Scoot,TR,B788,Boeing 787-8 Dreamliner,9V-OFI,Departed 07:53,2026-08-11 05:39:06
SIN,departures,2026-08-10,06:30,06:43,SQ990,SIA990,KNO,Medan Kuala Namu International Airport,Singapore Airlines,SQ,B38M,Boeing 737 MAX 8,9V-MBO,Departed 07:43,2026-08-11 05:39:06
SIN,departures,2026-08-10,06:30,06:47,KE648,KAL648,ICN,Seoul Incheon International Airport,Korean Air,KE,A333,Airbus A330-323,HL8026,Departed 07:47,2026-08-11 05:39:06
SIN,departures,2026-08-10,06:30,08:42,EK9620,UAE9620,SYD,Sydney Kingsford Smith Airport,Emirates SkyCargo,EK,B77L,Boeing 777-F1H,A6-EFS,Departed 09:42,2026-08-11 05:39:06
SIN,departures,2026-08-10,06:40,07:15,SQ952,SIA952,CGK,Jakarta Soekarno Hatta International Airport,Singapore Airlines,SQ,A359,Airbus A350-941,9V-SMI,Departed 08:15,2026-08-11 05:39:06
SIN,departures,2026-08-10,06:40,06:49,SQ632,SIA632,HND,Tokyo Haneda International Airport,Singapore Airlines (Star Alliance Livery),SQ,B77W,Boeing 777-312(ER),9V-SWM,Departed 07:49,2026-08-11 05:39:06
SIN,departures,2026-08-10,06:40,07:31,SQ524,SIA524,MAA,Chennai International Airport,Singapore Airlines,SQ,B38M,Boeing 737 MAX 8,9V-MBE,Departed 08:31,2026-08-11 05:39:06
SIN,departures,2026-08-10,06:40,06:55,SQ154,SIA154,KTI,Phnom Penh Techo International Airport,Singapore Airlines,SQ,B38M,Boeing 737 MAX 8,9V-MBA,Departed 07:55,2026-08-11 05:39:06
SIN,departures,2026-08-10,06:45,13:51,SQ828,SIA828,PVG,Shanghai Pudong International Airport,Singapore Airlines,SQ,B77W,Boeing 777-312(ER),9V-SNC,Departed 14:51,2026-08-11 05:39:06
SIN,departures,2026-08-10,06:50,07:00,TR274,TGW274,CGK,Jakarta Soekarno Hatta International Airport,Scoot,TR,A20N,Airbus A320-271N,9V-TNM,Departed 08:00,2026-08-11 05:39:06
SIN,departures,2026-08-10,06:50,07:02,SQ922,SIA922,SUB,Surabaya Juanda International Airport,Singapore Airlines,SQ,A359,Airbus A350-941,9V-SHC,Departed 08:02,2026-08-11 05:39:06
SIN,departures,2026-08-10,06:50,07:27,SQ914,SIA914,MNL,Manila Ninoy Aquino International Airport,Singapore Airlines,SQ,A359,Airbus A350-941,9V-SHN,Departed 08:27,2026-08-11 05:39:06
SIN,departures,2026-08-10,06:50,07:14,SQ868,SIA868,XMN,Xiamen Gaoqi International Airport,Singapore Airlines,SQ,B38M,Boeing 737 MAX 8,9V-MBS,Departed 08:14,2026-08-11 05:39:06
SIN,departures,2026-08-10,06:50,07:10,SQ726,SIA726,HKT,Phuket International Airport,Singapore Airlines,SQ,B38M,Boeing 737 MAX 8,9V-MBD,Departed 08:10,2026-08-11 05:39:06
SIN,departures,2026-08-10,06:50,07:06,SQ422,SIA422,BOM,Mumbai Chhatrapati Shivaji International Airport,Singapore Airlines,SQ,B78X,Boeing 787-10 Dreamliner,9V-SCW,Departed 08:06,2026-08-11 05:39:06
SIN,departures,2026-08-10,06:50,07:08,SQ207,SIA207,MEL,Melbourne Airport,Singapore Airlines,SQ,A359,Airbus A350-941,9V-SMV,Departed 08:08,2026-08-11 05:39:06
SIN,departures,2026-08-10,06:55,07:20,SQ762,SIA762,RGN,Yangon International Airport,Singapore Airlines,SQ,B38M,Boeing 737 MAX 8,9V-MBW,Departed 08:20,2026-08-11 05:39:06
SIN,departures,2026-08-10,06:55,07:04,AK700,AXM700,KUL,Kuala Lumpur International Airport,AirAsia,AK,A21N,Airbus A321-251NX,9M-VAB,Departed 08:04,2026-08-11 05:39:06
SIN,departures,2026-08-10,07:00,07:11,3Y923,MYU923,CGK,Jakarta Soekarno Hatta International Airport,My Indo Airlines,3Y,B733,Boeing 737-39K(SF),PK-MYC,Departed 08:11,2026-08-11 05:39:06
SIN,departures,2026-08-10,07:00,07:05,TG402,THA402,BKK,Bangkok Suvarnabhumi Airport,Thai Airways,TG,A320,Airbus A320-232,HS-TXK,Departed 08:05,2026-08-11 05:39:06
SIN,departures,2026-08-10,07:00,07:22,SQ850,SIA850,CAN,Guangzhou Baiyun International Airport,Singapore Airlines,SQ,B78X,Boeing 787-10 Dreamliner,9V-SCT,Departed 08:22,2026-08-11 05:39:06
SIN,departures,2026-08-10,07:00,07:30,SQ132,SIA132,PEN,Penang International Airport,Singapore Airlines,SQ,B38M,Boeing 737 MAX 8,9V-MBY,Departed 08:30,2026-08-11 05:39:06
SIN,departures,2026-08-10,07:00,07:12,CZ352,CSN352,CAN,Guangzhou Baiyun International Airport,China Southern Airlines,CZ,A21N,Airbus A321-271N,B-306L,Departed 08:12,2026-08-11 05:39:06
SIN,departures,2026-08-10,07:05,07:24,TR248,TGW248,YIA,Yogyakarta International Airport,Scoot,TR,A21N,Airbus A321-271NX,9V-NCB,Departed 08:24,2026-08-11 05:39:06
SIN,departures,2026-08-10,07:05,07:17,JL712,JAL712,NRT,Tokyo Narita International Airport,Japan Airlines,JL,B763,Boeing 767-346(ER),JA608J,Departed 08:17,2026-08-11 05:39:06
SIN,departures,2026-08-10,07:10,07:26,TR510,TGW510,DAD,Da Nang International Airport,Scoot,TR,A21N,Airbus A321-271NX,9V-NCJ,Departed 08:26,2026-08-11 05:39:06
SIN,departures,2026-08-10,07:10,07:34,SQ600,SIA600,ICN,Seoul Incheon International Airport,Singapore Airlines,SQ,B78X,Boeing 787-10 Dreamliner,9V-SCF,Departed 08:34,2026-08-11 05:39:06
SIN,departures,2026-08-10,07:20,07:42,TR624,TGW624,BKK,Bangkok Suvarnabhumi Airport,Scoot,TR,B788,Boeing 787-8 Dreamliner,9V-OFM,Departed 08:42,2026-08-11 05:39:06
SIN,departures,2026-08-10,07:20,07:44,TR296,TGW296,SUB,Surabaya Juanda International Airport,Scoot,TR,A20N,Airbus A320-271N,9V-TNE,Departed 08:44,2026-08-11 05:39:06
SIN,departures,2026-08-10,07:20,07:40,SQ936,SIA936,DPS,Denpasar Ngurah Rai International Airport,Singapore Airlines,SQ,B78X,Boeing 787-10 Dreamliner,9V-SCM,Departed 08:40,2026-08-11 05:39:06
SIN,departures,2026-08-10,07:20,07:47,SQ876,SIA876,TPE,Taipei Taoyuan International Airport,Singapore Airlines,SQ,B78X,Boeing 787-10 Dreamliner,9V-SCD,Departed 08:47,2026-08-11 05:39:06
SIN,departures,2026-08-10,07:20,07:33,SQ277,SIA277,ADL,Adelaide Airport,Singapore Airlines,SQ,B78X,Boeing 787-10 Dreamliner,9V-SDC,Departed 08:33,2026-08-11 05:39:06
SIN,departures,2026-08-10,07:25,07:38,SQ164,SIA164,SAI,Siem Reap Angkor International Airport,Singapore Airlines,SQ,B38M,Boeing 737 MAX 8,9V-MBT,Departed 08:38,2026-08-11 05:39:06
SIN,departures,2026-08-10,07:25,07:36,SQ106,SIA106,KUL,Kuala Lumpur International Airport,Singapore Airlines,SQ,A359,Airbus A350-941,9V-SMU,Departed 08:36,2026-08-11 05:39:06
SIN,departures,2026-08-10,07:25,07:59,AI2381,AIC2381,DEL,Delhi Indira Gandhi International Airport,Air India,AI,A21N,Airbus A321-251NX,VT-TVE,Departed 08:59,2026-08-11 05:39:06
SIN,departures,2026-08-10,07:30,07:51,SQ518,SIA518,HYD,Hyderabad Rajiv Gandhi International Airport,Singapore Airlines,SQ,B38M,Boeing 737 MAX 8,9V-MBV,Departed 08:51,2026-08-11 05:39:06
SIN,departures,2026-08-10,07:30,07:50,SQ253,SIA253,DRW,Darwin International Airport,Singapore Airlines,SQ,B38M,Boeing 737 MAX 8,9V-MBQ,Departed 08:50,2026-08-11 05:39:06
SIN,departures,2026-08-10,07:30,07:46,SQ203,SIA203,CNS,Cairns Airport,Singapore Airlines,SQ,A359,Airbus A350-941,9V-SHH,Departed 08:46,2026-08-11 05:39:06
SIN,departures,2026-08-10,07:35,10:15,NZ281,ANZ281,AKL,Auckland Airport,Air New Zealand,NZ,B77W,Boeing 777-367(ER),ZK-OKW,Unknown,2026-08-11 05:39:06
SIN,departures,2026-08-10,07:40,08:38,TR426,TGW426,PEN,Penang International Airport,Scoot,TR,A21N,Airbus A321-271NX,9V-NCC,Departed 09:38,2026-08-11 05:39:06
SIN,departures,2026-08-10,07:40,07:56,SQ882,SIA882,HKG,Hong Kong International Airport,Singapore Airlines,SQ,A359,Airbus A350-941,9V-SHU,Departed 08:56,2026-08-11 05:39:06
SIN,departures,2026-08-10,07:40,07:55,SQ620,SIA620,KIX,Osaka Kansai International Airport,Singapore Airlines,SQ,B78X,Boeing 787-10 Dreamliner,9V-SCZ,Departed 08:55,2026-08-11 05:39:06
SIN,departures,2026-08-10,07:40,08:02,SQ508,SIA508,BLR,Bengaluru Kempegowda International Airport,Singapore Airlines,SQ,A359,Airbus A350-941,9V-SHE,Departed 09:02,2026-08-11 05:39:06
SIN,departures,2026-08-10,07:45,07:53,UA2,UAL2,SFO,San Francisco International Airport,United Airlines,UA,B789,Boeing 787-9 Dreamliner,N81107,Departed 08:53,2026-08-11 05:39:06
SIN,departures,2026-08-10,07:45,08:36,AI2106,AIC2106,BOM,Mumbai Chhatrapati Shivaji International Airport,Air India,AI,A21N,Airbus A321-251NX,VT-TVD,Departed 09:36,2026-08-11 05:39:06
SIN,departures,2026-08-10,07:50,08:06,SQ910,SIA910,MNL,Manila Ninoy Aquino International Airport,Singapore Airlines,SQ,A359,Airbus A350-941,9V-SHW,Departed 09:06,2026-08-11 05:39:06
SIN,departures,2026-08-10,07:55,08:05,MF886,CXA886,XMN,Xiamen Gaoqi International Airport,Xiamen Air,MF,B738,Boeing 737-85C,B-1970,Departed 09:05,2026-08-11 05:39:06
SIN,departures,2026-08-10,08:00,08:19,TR114,TGW114,NNG,Nanning Wuxu International Airport,Scoot,TR,A21N,Airbus A321-271NX,9V-NCK,Departed 09:19,2026-08-11 05:39:06
SIN,departures,2026-08-10,08:00,08:15,SQ308,SIA308,LHR,London Heathrow Airport,Singapore Airlines,SQ,A388,Airbus A380-841,9V-SKQ,Departed 09:15,2026-08-11 05:39:06
SIN,departures,2026-08-10,08:00,08:13,SQ192,SIA192,HAN,Hanoi Noi Bai International Airport,Singapore Airlines,SQ,A359,Airbus A350-941,9V-SHG,Departed 09:13,2026-08-11 05:39:06
SIN,departures,2026-08-10,08:00,08:11,SQ148,SIA148,BWN,Brunei International Airport,Singapore Airlines,SQ,B38M,Boeing 737 MAX 8,9V-MBF,Departed 09:11,2026-08-11 05:39:06
SIN,departures,2026-08-10,08:00,08:26,CA976,CCA976,PEK,Beijing Capital International Airport,Air China,CA,A333,Airbus A330-343,B-5919,Departed 09:26,2026-08-11 05:39:06
SIN,departures,2026-08-10,08:05,08:27,SQ956,SIA956,CGK,Jakarta Soekarno Hatta International Airport,Singapore Airlines,SQ,A359,Airbus A350-941,9V-SMN,Departed 09:27,2026-08-11 05:39:06
SIN,departures,2026-08-10,08:05,09:09,SQ32,SIA32,SFO,San Francisco International Airport,Singapore Airlines,SQ,A359,Airbus A350-941,9V-SJI,Departed 10:09,2026-08-11 05:39:06
SIN,departures,2026-08-10,08:10,08:22,SQ108,SIA108,KUL,Kuala Lumpur International Airport,Singapore Airlines,SQ,B38M,Boeing 737 MAX 8,9V-MBB,Departed 09:22,2026-08-11 05:39:06
SIN,departures,2026-08-10,08:10,08:24,AK702,AXM702,KUL,Kuala Lumpur International Airport,AirAsia,AK,A320,Airbus A320-216,9M-AGU,Departed 09:24,2026-08-11 05:39:06
SIN,departures,2026-08-10,08:15,08:32,SQ938,SIA938,DPS,Denpasar Ngurah Rai International Airport,Singapore Airlines (1000th 787 Dreamliner Sticker),SQ,B78X,Boeing 787-10 Dreamliner,9V-SCP,Departed 09:32,2026-08-11 05:39:06
SIN,departures,2026-08-10,08:15,08:34,SQ172,SIA172,DAD,Da Nang International Airport,Singapore Airlines,SQ,B38M,Boeing 737 MAX 8,9V-MBJ,Departed 09:34,2026-08-11 05:39:06
SIN,departures,2026-08-10,08:20,08:48,TR660,TGW660,USM,Koh Samui Airport,Scoot,TR,E290,Embraer E190-E2,9V-THC,Departed 09:48,2026-08-11 05:39:06
SIN,departures,2026-08-10,08:20,08:39,TR450,TGW450,KUL,Kuala Lumpur International Airport,Scoot,TR,A20N,Airbus A320-271N,9V-TNG,Departed 09:39,2026-08-11 05:39:06
SIN,departures,2026-08-10,08:20,08:40,TR216,TGW216,MDC,Manado Sam Ratulangi International Airport,Scoot,TR,A320,Airbus A320-232,9V-TRV,Departed 09:40,2026-08-11 05:39:06
SIN,departures,2026-08-10,08:25,08:44,SQ12,SIA12,NRT,Tokyo Narita International Airport,Singapore Airlines,SQ,B77W,Boeing 777-312(ER),9V-SWZ,Departed 09:44,2026-08-11 05:39:06
SIN,departures,2026-08-10,08:30,08:59,TR874,TGW874,TPE,Taipei Taoyuan International Airport,Scoot,TR,B789,Boeing 787-9 Dreamliner,9V-OJC,Departed 09:59,2026-08-11 05:39:06
SIN,departures,2026-08-10,08:30,15:17,SQ830,SIA830,PVG,Shanghai Pudong International Airport,Singapore Airlines,SQ,A388,Airbus A380-841,9V-SKW,Departed 16:17,2026-08-11 05:39:06
SIN,departures,2026-08-10,08:30,08:52,SQ462,SIA462,CMB,Colombo Bandaranaike International Airport,Singapore Airlines,SQ,B38M,Boeing 737 MAX 8,9V-MBM,Departed 09:52,2026-08-11 05:39:06
SIN,departures,2026-08-10,08:30,08:45,SQ223,SIA223,PER,Perth Airport,Singapore Airlines,SQ,A359,Airbus A350-941,9V-SHV,Departed 09:45,2026-08-11 05:39:06
SIN,departures,2026-08-10,08:35,08:46,SQ211,SIA211,SYD,Sydney Kingsford Smith Airport,Singapore Airlines,SQ,B77W,Boeing 777-312(ER),9V-SNB,Departed 09:46,2026-08-11 05:39:06
SIN,departures,2026-08-10,08:35,08:51,SQ134,SIA134,PEN,Penang International Airport,Singapore Airlines,SQ,B38M,Boeing 737 MAX 8,9V-MBH,Departed 09:51,2026-08-11 05:39:06
SIN,departures,2026-08-10,08:35,08:56,GA843,GIA843,DPS,Denpasar Ngurah Rai International Airport,Garuda Indonesia,GA,B738,Boeing 737-8U3,PK-GNH,Departed 09:56,2026-08-11 05:39:06
SIN,departures,2026-08-10,08:35,08:50,GA825,GIA825,CGK,Jakarta Soekarno Hatta International Airport,Garuda Indonesia,GA,B738,Boeing 737-8U3,PK-GMV,Departed 09:50,2026-08-11 05:39:06
SIN,departures,2026-08-10,08:40,09:01,SQ178,SIA178,SGN,Ho Chi Minh City International Airport,Singapore Airlines,SQ,B78X,Boeing 787-10 Dreamliner,9V-SCJ,Departed 10:01,2026-08-11 05:39:06
SIN,departures,2026-08-10,08:45,09:03,UL307,ALK307,CMB,Colombo Bandaranaike International Airport,SriLankan Airlines,UL,A20N,Airbus A320-251N,4R-ANB,Departed 10:03,2026-08-11 05:39:06
SIN,departures,2026-08-10,08:45,09:05,TR14,TGW14,SYD,Sydney Kingsford Smith Airport,Scoot,TR,B789,Boeing 787-9 Dreamliner,9V-OJA,Departed 10:05,2026-08-11 05:39:06
SIN,departures,2026-08-10,08:45,09:21,SQ728,SIA728,HKT,Phuket International Airport,Singapore Airlines,SQ,B38M,Boeing 737 MAX 8,9V-MBU,Departed 10:21,2026-08-11 05:39:06
SIN,departures,2026-08-10,08:45,08:57,OD811,MXD811,SZB,Kuala Lumpur Subang Airport,Batik Air,ID,B738,Boeing 737-8GP,9M-LNM,Departed 09:57,2026-08-11 05:39:06
SIN,departures,2026-08-10,08:45,08:54,CX658,CPA658,HKG,Hong Kong International Airport,Cathay Pacific,CX,A333,Airbus A330-343,B-HLN,Departed 09:54,2026-08-11 05:39:06
SIN,departures,2026-08-10,08:50,09:06,SQ892,SIA892,HKG,Hong Kong International Airport,Singapore Airlines,SQ,B77W,Boeing 777-312(ER),9V-SWP,Departed 10:06,2026-08-11 05:39:06
SIN,departures,2026-08-10,08:55,09:13,SQ245,SIA245,BNE,Brisbane Airport,Singapore Airlines,SQ,A359,Airbus A350-941,9V-SHT,Departed 10:13,2026-08-11 05:39:06
SIN,departures,2026-08-10,08:55,09:10,MH604,MAS604,KUL,Kuala Lumpur International Airport,Malaysia Airlines,MH,B38M,Boeing 737 MAX 8,9M-MVM,Departed 10:10,2026-08-11 05:39:06
SIN,departures,2026-08-10,09:00,09:17,TR548,TGW548,CXR,Nha Trang Cam Ranh International Airport,Scoot,TR,E290,Embraer E190-E2,9V-THG,Departed 10:17,2026-08-11 05:39:06
SIN,departures,2026-08-10,09:00,09:12,TR276,TGW276,CGK,Jakarta Soekarno Hatta International Airport,Scoot,TR,A20N,Airbus A320-271N,9V-TNH,Departed 10:12,2026-08-11 05:39:06
SIN,departures,2026-08-10,09:00,09:19,BR6061,EVA6061,HAN,Hanoi Noi Bai International Airport,EVA Air Cargo,BR,B77L,Boeing 777-F,B-16790,Departed 10:19,2026-08-11 05:39:06
SIN,departures,2026-08-10,09:05,12:54,PR502,PAL502,MNL,Manila Ninoy Aquino International Airport,Philippine Airlines,PR,A333,Airbus A330-343,RP-C8765,Departed 13:54,2026-08-11 05:39:06
SIN,departures,2026-08-10,09:10,09:16,QG523,CTV523,CGK,Jakarta Soekarno Hatta International Airport,Citilink,QG,A320,Airbus A320-214,PK-GQQ,Departed 10:16,2026-08-11 05:39:06
SIN,departures,2026-08-10,09:10,09:10,MU546,,PVG,Shanghai Pudong International Airport,China Eastern Airlines,MU,B77W,Boeing 777-39P(ER),B-2003,Estimated dep 10:10*,2026-08-11 05:39:06
SIN,departures,2026-08-10,09:15,09:22,TR408,TGW408,IPH,Ipoh Sultan Azlan Shah Airport,Scoot,TR,A20N,Airbus A320-271N,9V-TNJ,Departed 10:22,2026-08-11 05:39:06
SIN,departures,2026-08-10,09:15,09:35,TR288,TGW288,DPS,Denpasar Ngurah Rai International Airport,Scoot,TR,B788,Boeing 787-8 Dreamliner,9V-OFJ,Departed 10:35,2026-08-11 05:39:06
SIN,departures,2026-08-10,09:15,10:12,TR256,TGW256,PKU,Pekanbaru Sultan Syarif Kasim II Airport,Scoot,TR,E290,Embraer E190-E2,9V-THB,Departed 11:12,2026-08-11 05:39:06
SIN,departures,2026-08-10,09:20,09:24,SQ432,SIA432,MLE,Male Velana International Airport,"Singapore Airlines (10,000th Airbus Sticker)",SQ,A359,Airbus A350-941,9V-SMF,Departed 10:24,2026-08-11 05:39:06
SIN,departures,2026-08-10,09:20,10:52,OD802,MXD802,KUL,Kuala Lumpur International Airport,Batik Air,ID,B38M,Boeing 737 MAX 8,9M-LRD,Departed 11:52,2026-08-11 05:39:06
SIN,departures,2026-08-10,09:20,09:31,AK704,AXM704,KUL,Kuala Lumpur International Airport,AirAsia,AK,A21N,Airbus A321-251NX,9M-VAE,Departed 10:31,2026-08-11 05:39:06
SIN,departures,2026-08-10,09:25,09:40,TK168,THY168,MEL,Melbourne Airport,Turkish Airlines,TK,A359,Airbus A350-941,TC-LGY,Departed 10:40,2026-08-11 05:39:06
SIN,departures,2026-08-10,09:30,09:44,TR180,TGW180,NKG,Nanjing Lukou International Airport,Scoot,TR,B788,Boeing 787-8 Dreamliner,9V-OFC,Departed 10:44,2026-08-11 05:39:06
SIN,departures,2026-08-10,09:35,09:53,EK315,UAE315,DXB,Dubai International Airport,Emirates,EK,B77W,Boeing 777-31H(ER),A6-EGG,Departed 10:53,2026-08-11 05:39:06
SIN,departures,2026-08-10,09:45,10:00,6E1340,IGO1340,BOM,Mumbai Chhatrapati Shivaji International Airport,IndiGo,6E,A21N,Airbus A321-251NX,VT-NOA,Departed 11:00,2026-08-11 05:39:06
SIN,departures,2026-08-10,09:50,10:23,5J818,CEB818,MNL,Manila Ninoy Aquino International Airport,Cebu Pacific,5J,A21N,Airbus A321-271NX,RP-C4124,Departed 11:23,2026-08-11 05:39:06
SIN,departures,2026-08-10,09:50,09:51,SQ722,SIA722,BKK,Bangkok Suvarnabhumi Airport,Singapore Airlines,SQ,A359,Airbus A350-941,9V-SHK,Departed 10:51,2026-08-11 05:39:06
SIN,departures,2026-08-10,09:50,09:58,AK733,AXM733,LGK,Langkawi International Airport,AirAsia (Universiti Putra Malaysia Livery),AK,A320,Airbus A320-216,9M-AQD,Departed 10:58,2026-08-11 05:39:06
SIN,departures,2026-08-10,09:55,10:07,8B552,TNU552,DPS,Denpasar Ngurah Rai International Airport,TransNusa,8B,A320,Airbus A320-214,PK-TLF,Departed 11:07,2026-08-11 05:39:03
SIN,departures,2026-08-10,10:00,10:30,TR682,TGW682,KBV,Krabi Airport,Scoot,TR,E290,Embraer E190-E2,9V-THJ,Departed 11:30,2026-08-11 05:39:03
SIN,departures,2026-08-10,10:00,10:15,SQ900,SIA900,CEB,Cebu Mactan International Airport,Singapore Airlines (Star Alliance Livery),SQ,B38M,Boeing 737 MAX 8,9V-MBL,Departed 11:15,2026-08-11 05:39:03
SIN,departures,2026-08-10,10:05,10:28,TR656,TGW656,HKT,Phuket International Airport,Scoot,TR,A21N,Airbus A321-271NX,9V-NCA,Departed 11:28,2026-08-11 05:39:03
SIN,departures,2026-08-10,10:05,10:48,TR38,TGW38,MEL,Melbourne Airport,Scoot,TR,B788,Boeing 787-8 Dreamliner,9V-OFN,Departed 11:48,2026-08-11 05:39:03
SIN,departures,2026-08-10,10:05,10:18,NH842,ANA842,HND,Tokyo Haneda International Airport,All Nippon Airways,NH,B789,Boeing 787-9 Dreamliner,JA924A,Departed 11:18,2026-08-11 05:39:03
SIN,departures,2026-08-10,10:05,10:26,MH614,MAS614,KUL,Kuala Lumpur International Airport,Malaysia Airlines,MH,B738,Boeing 737-8H6,9M-MXQ,Departed 11:26,2026-08-11 05:39:03
SIN,departures,2026-08-10,10:10,10:25,6E1026,IGO1026,MAA,Chennai International Airport,IndiGo,6E,A21N,Airbus A321-251NX,VT-NHL,Departed 11:25,2026-08-11 05:39:03
SIN,departures,2026-08-10,10:10,10:37,TK209,THY209,IST,Istanbul Airport,Turkish Airlines,TK,A359,Airbus A350-941,TC-LGG,Departed 11:37,2026-08-11 05:39:03
SIN,departures,2026-08-10,10:10,10:33,SQ217,SIA217,MEL,Melbourne Airport,Singapore Airlines,SQ,A359,Airbus A350-941,9V-SHY,Departed 11:33,2026-08-11 05:39:03
SIN,departures,2026-08-10,10:10,10:24,IP989,PAS989,CGK,Jakarta Soekarno Hatta International Airport,Pelita Air,IP,A320,Airbus A320-214,PK-PWK,Departed 11:24,2026-08-11 05:39:03
SIN,departures,2026-08-10,10:15,10:31,VJ970,VJC970,DAD,Da Nang International Airport,VietJet Air,VJ,A321,Airbus A321-211,VN-A685,Departed 11:31,2026-08-11 05:39:03
SIN,departures,2026-08-10,10:20,10:39,TR692,TGW692,HDY,Hat Yai International Airport,Scoot,TR,E290,Embraer E190-E2,9V-THD,Departed 11:39,2026-08-11 05:39:03
SIN,departures,2026-08-10,10:30,10:46,ID7154,BTK7154,CGK,Jakarta Soekarno Hatta International Airport,Batik Air,ID,A320,Airbus A320-214,PK-LAM,Departed 11:46,2026-08-11 05:39:03
SIN,departures,2026-08-10,10:40,11:03,TR226,TGW226,PDG,Padang Minangkabau International Airport,Scoot,TR,E290,Embraer E190-E2,9V-THF,Departed 12:03,2026-08-11 05:39:03
SIN,departures,2026-08-10,10:40,11:00,IX689,AXB689,TRZ,Tiruchirappalli International Airport,Air India Express (Beach-Himalayas Livery),IX,B738,Boeing 737-8HG,VT-AXX,Departed 12:00,2026-08-11 05:39:03
SIN,departures,2026-08-10,10:45,10:41,8B152,TNU152,CGK,Jakarta Soekarno Hatta International Airport,TransNusa,8B,A321,Airbus A321-211,PK-TLK,Departed 11:41,2026-08-11 05:39:03
SIN,departures,2026-08-10,10:45,10:58,SQ878,SIA878,TPE,Taipei Taoyuan International Airport,Singapore Airlines,SQ,B78X,Boeing 787-10 Dreamliner,9V-SCU,Departed 11:58,2026-08-11 05:39:03
SIN,departures,2026-08-10,10:45,11:02,AK1776,AXM1776,KCH,Kuching International Airport,AirAsia,AK,A320,Airbus A320-216,9M-AJN,Departed 12:02,2026-08-11 05:39:03
SIN,departures,2026-08-10,10:55,11:46,TR514,TGW514,HAN,Hanoi Noi Bai International Airport,Scoot,TR,B788,Boeing 787-8 Dreamliner,9V-OFB,Departed 12:46,2026-08-11 05:39:03
SIN,departures,2026-08-10,10:55,11:10,SQ912,SIA912,MNL,Manila Ninoy Aquino International Airport,Singapore Airlines,SQ,B38M,Boeing 737 MAX 8,9V-MBC,Departed 12:10,2026-08-11 05:39:03
SIN,departures,2026-08-10,11:00,11:21,TR8,TGW8,PER,Perth Airport,Scoot,TR,B789,Boeing 787-9 Dreamliner,9V-OJK,Departed 12:21,2026-08-11 05:39:03
SIN,departures,2026-08-10,11:05,11:15,TR474,TGW474,SZB,Kuala Lumpur Subang Airport,Scoot,TR,A320,Airbus A320-232,9V-TRU,Departed 12:15,2026-08-11 05:39:03
SIN,departures,2026-08-10,11:05,11:11,HU748,CHH748,HAK,Haikou Meilan International Airport,Hainan Airlines,HU,B738,Boeing 737-84P,B-5735,Departed 12:11,2026-08-11 05:39:03
SIN,departures,2026-08-10,11:10,11:19,SQ196,SIA196,HAN,Hanoi Noi Bai International Airport,Singapore Airlines,SQ,B38M,Boeing 737 MAX 8,9V-MBI,Departed 12:19,2026-08-11 05:39:03
SIN,departures,2026-08-10,11:10,11:24,SQ24,SIA24,JFK,New York John F. Kennedy International Airport,Singapore Airlines,SQ,A359,Airbus A350-941,9V-SGB,Departed 12:24,2026-08-11 05:39:03
SIN,departures,2026-08-10,11:10,11:45,SL101,TLM101,DMK,Bangkok Don Mueang International Airport,Thai Lion Air,SL,B739,Boeing 737-9GP(ER),HS-LVQ,Departed 12:45,2026-08-11 05:39:03
SIN,departures,2026-08-10,11:10,11:12,BI422,RBA422,BWN,Brunei International Airport,Royal Brunei Airlines,BI,A20N,Airbus A320-251N,V8-RBC,Departed 12:12,2026-08-11 05:39:03
SIN,departures,2026-08-10,11:10,11:40,AK706,AXM706,KUL,Kuala Lumpur International Airport,AirAsia,AK,A20N,Airbus A320-251N,9M-AGW,Departed 12:40,2026-08-11 05:39:03
SIN,departures,2026-08-10,11:15,11:13,MH628,MAS628,KUL,Kuala Lumpur International Airport,Malaysia Airlines,MH,B738,Boeing 737-8H6,9M-MLT,Departed 12:13,2026-08-11 05:39:03
SIN,departures,2026-08-10,11:25,11:29,TG404,THA404,BKK,Bangkok Suvarnabhumi Airport,Thai Airways,TG,A359,Airbus A350-941,HS-THS,Departed 12:29,2026-08-11 05:39:03
SIN,departures,2026-08-10,11:25,11:35,SQ842,SIA842,TFU,Chengdu Tianfu International Airport,Singapore Airlines,SQ,B78X,Boeing 787-10 Dreamliner,9V-SCE,Departed 12:35,2026-08-11 05:39:03
SIN,departures,2026-08-10,11:25,12:09,SQ156,SIA156,KTI,Phnom Penh Techo International Airport,Singapore Airlines,SQ,B38M,Boeing 737 MAX 8,9V-MBO,Departed 13:09,2026-08-11 05:39:03
SIN,departures,2026-08-10,11:25,11:38,SQ114,SIA114,KUL,Kuala Lumpur International Airport,Singapore Airlines,SQ,B38M,Boeing 737 MAX 8,9V-MBR,Departed 12:38,2026-08-11 05:39:03
SIN,departures,2026-08-10,11:25,11:42,GA829,GIA829,CGK,Jakarta Soekarno Hatta International Airport,Garuda Indonesia,GA,B738,Boeing 737-8U3,PK-GUF,Departed 12:42,2026-08-11 05:39:03
SIN,departures,2026-08-10,11:30,12:22,OD804,MXD804,KUL,Kuala Lumpur International Airport,Batik Air,ID,B738,Boeing 737-8GP,9M-LNQ,Departed 13:22,2026-08-11 05:39:03
SIN,departures,2026-08-10,11:35,11:43,TR484,TGW484,IPH,Ipoh Sultan Azlan Shah Airport,Scoot,TR,A320,Airbus A320-232,9V-TRT,Departed 12:43,2026-08-11 05:39:03
SIN,departures,2026-08-10,11:35,11:55,TR308,TGW308,CGK,Jakarta Soekarno Hatta International Airport,Scoot,TR,A320,Airbus A320-232,9V-TRP,Departed 12:55,2026-08-11 05:39:03
SIN,departures,2026-08-10,11:35,11:53,SQ958,SIA958,CGK,Jakarta Soekarno Hatta International Airport,Singapore Airlines,SQ,A359,Airbus A350-941,9V-SJH,Departed 12:53,2026-08-11 05:39:03
SIN,departures,2026-08-10,11:35,12:44,SQ832,SIA832,PVG,Shanghai Pudong International Airport,Singapore Airlines,SQ,B78X,Boeing 787-10 Dreamliner,9V-SCK,Departed 13:44,2026-08-11 05:39:03
SIN,departures,2026-08-10,11:35,11:51,SQ326,SIA326,FRA,Frankfurt Airport,Singapore Airlines,SQ,A388,Airbus A380-841,9V-SKZ,Departed 12:51,2026-08-11 05:39:03
SIN,departures,2026-08-10,11:35,12:03,SQ318,SIA318,LHR,London Heathrow Airport,Singapore Airlines,SQ,B77W,Boeing 777-312(ER),9V-SWH,Departed 13:03,2026-08-11 05:39:03
SIN,departures,2026-08-10,11:40,12:07,MU5082,CES5082,KMG,Kunming Changshui International Airport,China Eastern Airlines,MU,B38M,Boeing 737 MAX 8,B-1380,Departed 13:07,2026-08-11 05:39:03
SIN,departures,2026-08-10,11:45,12:27,TR646,TGW646,HDY,Hat Yai International Airport,Scoot,TR,E290,Embraer E190-E2,9V-THA,Departed 13:27,2026-08-11 05:39:03
SIN,departures,2026-08-10,11:45,11:57,SQ710,SIA710,BKK,Bangkok Suvarnabhumi Airport,Singapore Airlines,SQ,B78X,Boeing 787-10 Dreamliner,9V-SCQ,Departed 12:57,2026-08-11 05:39:03
SIN,departures,2026-08-10,11:45,12:26,ID7158,BTK7158,CGK,Jakarta Soekarno Hatta International Airport,Batik Air,ID,A320,Airbus A320-214,PK-BKP,Departed 13:26,2026-08-11 05:39:03
SIN,departures,2026-08-10,11:45,12:10,CX652,CPA652,HKG,Hong Kong International Airport,Cathay Pacific,CX,A359,Airbus A350-941,B-LRA,Departed 13:10,2026-08-11 05:39:03
SIN,departures,2026-08-10,11:50,12:15,TR638,TGW638,BKK,Bangkok Suvarnabhumi Airport,Scoot,TR,A21N,Airbus A321-271NX,9V-NCN,Departed 13:15,2026-08-11 05:39:03
SIN,departures,2026-08-10,12:00,12:14,SQ136,SIA136,PEN,Penang International Airport,Singapore Airlines,SQ,B38M,Boeing 737 MAX 8,9V-MBY,Departed 13:14,2026-08-11 05:39:03
SIN,departures,2026-08-10,12:05,12:22,VN660,HVN660,HAN,Hanoi Noi Bai International Airport,Vietnam Airlines,VN,A321,Airbus A321-231,VN-A392,Departed 13:22,2026-08-11 05:39:03
SIN,departures,2026-08-10,12:05,12:12,VJ984,VJC984,PQC,Phu Quoc International Airport,VietJet Air,VJ,A21N,Airbus A321-271N,VN-A693,Departed 13:12,2026-08-11 05:39:03
SIN,departures,2026-08-10,12:05,12:17,SQ894,SIA894,HKG,Hong Kong International Airport,Singapore Airlines,SQ,A359,Airbus A350-941,9V-SMY,Departed 13:17,2026-08-11 05:39:03
SIN,departures,2026-08-10,12:10,12:24,VN650,HVN650,SGN,Ho Chi Minh City International Airport,Vietnam Airlines,VN,A321,Airbus A321-231,VN-A612,Departed 13:24,2026-08-11 05:39:03
SIN,departures,2026-08-10,12:10,12:38,BR226,EVA226,TPE,Taipei Taoyuan International Airport,EVA Air,BR,B77W,Boeing 777-35E(ER),B-16725,Departed 13:38,2026-08-11 05:39:03
SIN,departures,2026-08-10,12:10,12:28,AI2116,AIC2116,DEL,Delhi Indira Gandhi International Airport,Air India,AI,A20N,Airbus A320-251N,VT-TQI,Departed 13:28,2026-08-11 05:39:03
SIN,departures,2026-08-10,12:15,12:41,SQ732,SIA732,HKT,Phuket International Airport,Singapore Airlines,SQ,B38M,Boeing 737 MAX 8,9V-MBB,Departed 13:41,2026-08-11 05:39:03
SIN,departures,2026-08-10,12:25,12:50,TR552,TGW552,SGN,Ho Chi Minh City International Airport,Scoot,TR,A21N,Airbus A321-271NX,9V-NCF,Departed 13:50,2026-08-11 05:39:03
SIN,departures,2026-08-10,12:25,12:42,CZ8118,CSN8118,SZX,Shenzhen Bao'an International Airport,China Southern Airlines,CZ,A21N,Airbus A321-253NX,B-30E2,Departed 13:42,2026-08-11 05:39:03
SIN,departures,2026-08-10,12:25,12:48,CX758,CPA758,HKG,Hong Kong International Airport,Cathay Pacific,CX,A333,Airbus A330-343,B-LAN,Departed 13:48,2026-08-11 05:39:03
SIN,departures,2026-08-10,12:30,12:32,ZH240,CSZ240,SZX,Shenzhen Bao'an International Airport,Shenzhen Airlines,ZH,B38M,Boeing 737 MAX 8,B-224Y,Departed 13:32,2026-08-11 05:39:03
SIN,departures,2026-08-10,12:30,12:46,SQ916,SIA916,MNL,Manila Ninoy Aquino International Airport,Singapore Airlines,SQ,A359,Airbus A350-941,9V-SHJ,Departed 13:46,2026-08-11 05:39:03
SIN,departures,2026-08-10,12:30,12:36,SQ184,SIA184,SGN,Ho Chi Minh City International Airport,Singapore Airlines,SQ,A359,Airbus A350-941,9V-SMK,Departed 13:36,2026-08-11 05:39:03
SIN,departures,2026-08-10,12:35,13:07,SQ338,SIA338,CDG,Paris Charles de Gaulle Airport,Singapore Airlines,SQ,A359,Airbus A350-941,9V-SMI,Departed 14:07,2026-08-11 05:39:03
SIN,departures,2026-08-10,12:35,12:52,AK710,AXM710,KUL,Kuala Lumpur International Airport,AirAsia (Save Our Malayan Tiger Livery),AK,A320,Airbus A320-216,9M-AQZ,Departed 13:52,2026-08-11 05:39:03
SIN,departures,2026-08-10,12:40,12:59,TR476,TGW476,LGK,Langkawi International Airport,Scoot,TR,A20N,Airbus A320-271N,9V-TNG,Departed 13:59,2026-08-11 05:39:03
SIN,departures,2026-08-10,12:40,12:58,MH606,MAS606,KUL,Kuala Lumpur International Airport,Malaysia Airlines (Malaysia Negaraku Livery),MH,B738,Boeing 737-8H6,9M-MXF,Departed 13:58,2026-08-11 05:39:03
SIN,departures,2026-08-10,12:45,12:55,CZ354,CSN354,CAN,Guangzhou Baiyun International Airport,China Southern Airlines,CZ,A359,Airbus A350-941,B-30EA,Departed 13:55,2026-08-11 05:39:03
SIN,departures,2026-08-10,12:50,13:09,8M232,MMA232,RGN,Yangon International Airport,Myanmar Airways International,8M,A320,Airbus A320-214,XY-ALT,Departed 14:09,2026-08-11 05:39:03
SIN,departures,2026-08-10,12:50,13:12,TR904,TGW904,MFM,Macau International Airport,Scoot,TR,A20N,Airbus A320-271N,9V-TNM,Departed 14:12,2026-08-11 05:39:03
SIN,departures,2026-08-10,12:50,12:57,AK1722,AXM1722,PEN,Penang International Airport,AirAsia,AK,A320,Airbus A320-216,9M-DAB,Departed 13:57,2026-08-11 05:39:03
SIN,departures,2026-08-10,12:55,13:14,SQ634,SIA634,HND,Tokyo Haneda International Airport,Singapore Airlines,SQ,B78X,Boeing 787-10 Dreamliner,9V-SCO,Departed 14:14,2026-08-11 05:39:03
SIN,departures,2026-08-10,12:55,13:16,FJ362,FJI362,NAN,Nadi International Airport,Fiji Airways (Oneworld Livery),FJ,A332,Airbus A330-243,DQ-FJU,Departed 14:16,2026-08-11 05:39:03
SIN,departures,2026-08-10,12:55,13:17,CI754,CAL754,TPE,Taipei Taoyuan International Airport,China Airlines,CI,A359,Airbus A350-941,B-18919,Departed 14:17,2026-08-11 05:39:03
SIN,departures,2026-08-10,13:00,13:38,TR600,TGW600,BKK,Bangkok Suvarnabhumi Airport,Scoot,TR,A21N,Airbus A321-271NX,9V-NCC,Departed 14:38,2026-08-11 05:39:03
SIN,departures,2026-08-10,13:00,13:24,TR242,TGW242,DPS,Denpasar Ngurah Rai International Airport,Scoot,TR,A20N,Airbus A320-271N,9V-TNK,Departed 14:24,2026-08-11 05:39:03
SIN,departures,2026-08-10,13:00,13:26,SQ174,SIA174,DAD,Da Nang International Airport,Singapore Airlines,SQ,B38M,Boeing 737 MAX 8,9V-MBA,Departed 14:26,2026-08-11 05:39:03
SIN,departures,2026-08-10,13:00,13:20,MU2070,CES2070,XIY,Xi'an Xianyang International Airport,China Eastern Airlines,MU,A20N,Airbus A320-251N,B-323A,Departed 14:20,2026-08-11 05:39:03
SIN,departures,2026-08-10,13:00,13:23,MF8740,CXA8740,CSX,Changsha Huanghua International Airport,Xiamen Air,MF,B738,Boeing 737-85C,B-5657,Departed 14:23,2026-08-11 05:39:03
SIN,departures,2026-08-10,13:00,13:34,JX772,SJX772,TPE,Taipei Taoyuan International Airport,STARLUX,JX,A359,Airbus A350-941,B-58501,Departed 14:34,2026-08-11 05:39:03
SIN,departures,2026-08-10,13:00,13:11,ID7146,BTK7146,KNO,Medan Kuala Namu International Airport,Batik Air,ID,A320,Airbus A320-214,PK-LAY,Departed 14:11,2026-08-11 05:39:03
SIN,departures,2026-08-10,13:10,13:42,AK712,AXM712,KUL,Kuala Lumpur International Airport,AirAsia (Legend Heroes Park Livery),AK,A320,Airbus A320-216,9M-AFV,Departed 14:42,2026-08-11 05:39:03
SIN,departures,2026-08-10,13:15,13:21,8B554,TNU554,DPS,Denpasar Ngurah Rai International Airport,TransNusa,8B,A320,Airbus A320-214,PK-TLA,Departed 14:21,2026-08-11 05:39:03
SIN,departures,2026-08-10,13:15,13:27,SQ482,SIA482,JNB,Johannesburg OR Tambo International Airport,Singapore Airlines,SQ,A359,Airbus A350-941,9V-SMU,Departed 14:27,2026-08-11 05:39:03
SIN,departures,2026-08-10,13:20,13:43,9G720,SPQ720,PQC,Phu Quoc International Airport,Sun PhuQuoc Airways,9G,A21N,Airbus A321-251NX,VN-A286,Departed 14:43,2026-08-11 05:39:03
SIN,departures,2026-08-10,13:20,13:32,SQ926,SIA926,SUB,Surabaya Juanda International Airport,Singapore Airlines,SQ,B38M,Boeing 737 MAX 8,9V-MBD,Departed 14:32,2026-08-11 05:39:03
SIN,departures,2026-08-10,13:30,13:50,TR674,TGW674,CNX,Chiang Mai International Airport,Scoot,TR,A21N,Airbus A321-271NX,9V-NCH,Departed 14:50,2026-08-11 05:39:03
SIN,departures,2026-08-10,13:30,13:47,SQ116,SIA116,KUL,Kuala Lumpur International Airport,Singapore Airlines,SQ,B38M,Boeing 737 MAX 8,9V-MBH,Departed 14:47,2026-08-11 05:39:03
SIN,departures,2026-08-10,13:30,13:35,PR508,PAL508,MNL,Manila Ninoy Aquino International Airport,Philippine Airlines,PR,A333,Airbus A330-343,RP-C8781,Departed 14:35,2026-08-11 05:39:03
SIN,departures,2026-08-10,13:35,13:48,TR402,TGW402,MYY,Miri Airport,Scoot,TR,E290,Embraer E190-E2,9V-THB,Departed 14:48,2026-08-11 05:39:03
SIN,departures,2026-08-10,13:40,14:48,TR590,TGW590,MNL,Manila Ninoy Aquino International Airport,Scoot,TR,A21N,Airbus A321-271NX,9V-NCL,Departed 15:48,2026-08-11 05:39:03
SIN,departures,2026-08-10,13:40,13:53,FD356,AIQ356,DMK,Bangkok Don Mueang International Airport,AirAsia,AK,A21N,Airbus A321-251NX,HS-EAE,Departed 14:53,2026-08-11 05:39:03
SIN,departures,2026-08-10,13:45,14:11,TR534,TGW534,DVO,Davao City Francisco Bangoy International Airport,Scoot,TR,E290,Embraer E190-E2,9V-THI,Departed 15:11,2026-08-11 05:39:03
SIN,departures,2026-08-10,13:45,13:59,TR244,TGW244,KNO,Medan Kuala Namu International Airport,Scoot,TR,A320,Airbus A320-232,9V-TRO,Departed 14:59,2026-08-11 05:39:03
SIN,departures,2026-08-10,13:45,14:00,ID7156,BTK7156,CGK,Jakarta Soekarno Hatta International Airport,Batik Air,ID,B738,Boeing 737-8GP,PK-LBW,Departed 15:00,2026-08-11 05:39:03
SIN,departures,2026-08-10,13:50,14:09,MF8704,CXA8704,HGH,Hangzhou Xiaoshan International Airport,Xiamen Air,MF,B738,Boeing 737-86N,B-5565,Departed 15:09,2026-08-11 05:39:03
SIN,departures,2026-08-10,13:55,14:17,TR424,TGW424,PEN,Penang International Airport,Scoot,TR,A21N,Airbus A321-271NX,9V-NCB,Departed 15:17,2026-08-11 05:39:03
SIN,departures,2026-08-10,13:55,14:14,SQ606,SIA606,ICN,Seoul Incheon International Airport,Singapore Airlines,SQ,A359,Airbus A350-941,9V-SHR,Departed 15:14,2026-08-11 05:39:03
SIN,departures,2026-08-10,14:00,14:29,SQ194,SIA194,HAN,Hanoi Noi Bai International Airport,Singapore Airlines,SQ,B38M,Boeing 737 MAX 8,9V-MBT,Departed 15:29,2026-08-11 05:39:03
SIN,departures,2026-08-10,14:00,14:12,CA490,CCA490,CKG,Chongqing Jiangbei International Airport,Air China,CA,B38M,Boeing 737 MAX 8,B-1179,Departed 15:12,2026-08-11 05:39:03
SIN,departures,2026-08-10,14:05,14:25,MF866,CXA866,FOC,Fuzhou Changle International Airport,Xiamen Air,MF,B38M,Boeing 737 MAX 8,B-227C,Departed 15:25,2026-08-11 05:39:03
SIN,departures,2026-08-10,14:10,14:15,SQ960,SIA960,CGK,Jakarta Soekarno Hatta International Airport,Singapore Airlines,SQ,A359,Airbus A350-941,9V-SHC,Departed 15:15,2026-08-11 05:39:00
SIN,departures,2026-08-10,14:10,14:34,MU2578,CES2578,WUH,Wuhan Tianhe International Airport,China Eastern Airlines,MU,B738,Boeing 737-89P,B-1513,Departed 15:34,2026-08-11 05:39:00
SIN,departures,2026-08-10,14:15,14:23,MF852,CXA852,XMN,Xiamen Gaoqi International Airport,Xiamen Air,MF,B38M,Boeing 737 MAX 8,B-20DU,Departed 15:23,2026-08-11 05:39:00
SIN,departures,2026-08-10,14:20,15:01,BR216,EVA216,TPE,Taipei Taoyuan International Airport,EVA Air (Star Alliance Livery),BR,B77W,Boeing 777-35E(ER),B-16715,Departed 16:01,2026-08-11 05:39:00
SIN,departures,2026-08-10,14:25,14:26,VJ882,VJC882,SGN,Ho Chi Minh City International Airport,VietJet Air,VJ,A321,Airbus A321-211,VN-A649,Departed 15:26,2026-08-11 05:39:00
SIN,departures,2026-08-10,14:25,14:37,TR982,TGW982,HKG,Hong Kong International Airport,Scoot,TR,B788,Boeing 787-8 Dreamliner,9V-OFE,Departed 15:37,2026-08-11 05:39:00
SIN,departures,2026-08-10,14:25,14:32,TR486,TGW486,IPH,Ipoh Sultan Azlan Shah Airport,Scoot,TR,A20N,Airbus A320-271N,9V-TNI,Departed 15:32,2026-08-11 05:39:00
SIN,departures,2026-08-10,14:25,14:44,BS310,UBG310,DAC,Dhaka Shahjalal International Airport,US-Bangla Airlines,BS,B738,Boeing 737-8AL,S2-AJH,Departed 15:44,2026-08-11 05:39:00
SIN,departures,2026-08-10,14:30,15:21,8B154,TNU154,CGK,Jakarta Soekarno Hatta International Airport,TransNusa,8B,A321,Airbus A321-211,PK-TLM,Departed 16:21,2026-08-11 05:39:00
SIN,departures,2026-08-10,14:35,14:41,MH624,MAS624,KUL,Kuala Lumpur International Airport,Malaysia Airlines,MH,B38M,Boeing 737 MAX 8,9M-MVD,Departed 15:41,2026-08-11 05:39:00
SIN,departures,2026-08-10,14:40,14:52,TR684,TGW684,KBV,Krabi Airport,Scoot,TR,E290,Embraer E190-E2,9V-THC,Departed 15:52,2026-08-11 05:39:00
SIN,departures,2026-08-10,14:40,14:54,EK348,UAE348,KTI,Phnom Penh Techo International Airport,Emirates,EK,B77W,Boeing 777-31H(ER),A6-ECJ,Departed 15:54,2026-08-11 05:39:00
SIN,departures,2026-08-10,14:45,15:09,SQ712,SIA712,BKK,Bangkok Suvarnabhumi Airport,Singapore Airlines,SQ,B78X,Boeing 787-10 Dreamliner,9V-SCS,Departed 16:09,2026-08-11 05:39:00
SIN,departures,2026-08-10,14:45,02:53,GJ6076,CDC6076,WNZ,Wenzhou Longwan International Airport,Loong Air (ZheJiang-Aksu Livery),GJ,A320,Airbus A320-214,B-8452,Departed 03:53,2026-08-11 05:39:00
SIN,departures,2026-08-10,14:45,14:56,GA833,GIA833,CGK,Jakarta Soekarno Hatta International Airport,Garuda Indonesia,GA,B738,Boeing 737-8U3,PK-GMV,Departed 15:56,2026-08-11 05:39:00
SIN,departures,2026-08-10,14:50,15:05,VN662,HVN662,HAN,Hanoi Noi Bai International Airport,Vietnam Airlines,VN,A21N,Airbus A321-272N,VN-A623,Departed 16:05,2026-08-11 05:39:00
SIN,departures,2026-08-10,14:50,15:15,BG585,BBC585,DAC,Dhaka Shahjalal International Airport,Biman Bangladesh Airlines,BG,B738,Boeing 737-8E9,S2-AHO,Departed 16:15,2026-08-11 05:39:00
SIN,departures,2026-08-10,14:55,15:30,TG414,THA414,BKK,Bangkok Suvarnabhumi Airport,Thai Airways (Star Alliance Livery),TG,A359,Airbus A350-941,HS-THQ,Departed 16:30,2026-08-11 05:39:00
SIN,departures,2026-08-10,14:55,15:03,SQ138,SIA138,PEN,Penang International Airport,Singapore Airlines,SQ,B38M,Boeing 737 MAX 8,9V-MBF,Departed 16:03,2026-08-11 05:39:00
SIN,departures,2026-08-10,15:00,15:27,TR516,TGW516,SGN,Ho Chi Minh City International Airport,Scoot,TR,A21N,Airbus A321-271NX,9V-NCJ,Departed 16:27,2026-08-11 05:39:00
SIN,departures,2026-08-10,15:00,15:29,TR472,TGW472,KUL,Kuala Lumpur International Airport,Scoot,TR,A20N,Airbus A320-271N,9V-TNJ,Departed 16:29,2026-08-11 05:39:00
SIN,departures,2026-08-10,15:00,15:06,TR282,TGW282,DPS,Denpasar Ngurah Rai International Airport,Scoot,TR,B788,Boeing 787-8 Dreamliner,9V-OFM,Departed 16:06,2026-08-11 05:39:00
SIN,departures,2026-08-10,15:00,15:11,CA404,CCA404,TFU,Chengdu Tianfu International Airport,Air China,CA,A21N,Airbus A321-252NX,B-32NV,Departed 16:11,2026-08-11 05:39:00
SIN,departures,2026-08-10,15:05,15:23,CX734,CPA734,HKG,Hong Kong International Airport,Cathay Pacific,CX,A333,Airbus A330-343,B-HLS,Departed 16:23,2026-08-11 05:39:00
SIN,departures,2026-08-10,15:10,20:01,9C8598,CQH8598,PVG,Shanghai Pudong International Airport,Spring Airlines,9C,A20N,Airbus A320-251N,B-32AX,Departed 21:01,2026-08-11 05:39:00
SIN,departures,2026-08-10,15:10,15:25,SQ944,SIA944,DPS,Denpasar Ngurah Rai International Airport,Singapore Airlines,SQ,B78X,Boeing 787-10 Dreamliner,9V-SCM,Departed 16:25,2026-08-11 05:39:00
SIN,departures,2026-08-10,15:10,15:35,HO1602,DKH1602,PVG,Shanghai Pudong International Airport,Juneyao Air (Colorful Petals Livery),HO,A21N,Airbus A321-271NX,B-30EQ,Departed 16:35,2026-08-11 05:39:00
SIN,departures,2026-08-10,15:10,15:46,AK714,AXM714,KUL,Kuala Lumpur International Airport,AirAsia (Tasty Malaysia Treat Livery),AK,A320,Airbus A320-216,9M-RAN,Departed 16:46,2026-08-11 05:39:00
SIN,departures,2026-08-10,15:15,15:38,TR610,TGW610,BKK,Bangkok Suvarnabhumi Airport,Scoot,TR,B788,Boeing 787-8 Dreamliner,9V-OFI,Departed 16:38,2026-08-11 05:39:00
SIN,departures,2026-08-10,15:15,15:36,SQ962,SIA962,CGK,Jakarta Soekarno Hatta International Airport,Singapore Airlines,SQ,A359,Airbus A350-941,9V-SMN,Departed 16:36,2026-08-11 05:39:00
SIN,departures,2026-08-10,15:15,15:33,SQ736,SIA736,HKT,Phuket International Airport,Singapore Airlines,SQ,B38M,Boeing 737 MAX 8,9V-MBP,Departed 16:33,2026-08-11 05:39:00
SIN,departures,2026-08-10,15:15,15:34,ID7150,BTK7150,CGK,Jakarta Soekarno Hatta International Airport,Batik Air,ID,A320,Airbus A320-214,PK-LUP,Departed 16:34,2026-08-11 05:39:00
SIN,departures,2026-08-10,15:20,15:51,SQ122,SIA122,KUL,Kuala Lumpur International Airport,Singapore Airlines,SQ,A359,Airbus A350-941,9V-SHB,Departed 16:51,2026-08-11 05:39:00
SIN,departures,2026-08-10,15:25,15:50,TR694,TGW694,USM,Koh Samui Airport,Scoot,TR,E290,Embraer E190-E2,9V-THJ,Departed 16:50,2026-08-11 05:39:00
SIN,departures,2026-08-10,15:25,15:42,TR670,TGW670,CEI,Chiang Rai International Airport,Scoot,TR,E290,Embraer E190-E2,9V-THG,Departed 16:42,2026-08-11 05:39:00
SIN,departures,2026-08-10,15:25,15:48,TR228,TGW228,YIA,Yogyakarta International Airport,Scoot,TR,A20N,Airbus A320-271N,9V-TNF,Departed 16:48,2026-08-11 05:39:00
SIN,departures,2026-08-10,15:25,15:40,HU460,CHH460,HAK,Haikou Meilan International Airport,Hainan Airlines,HU,B738,Boeing 737-86N,B-7398,Departed 16:40,2026-08-11 05:39:00
SIN,departures,2026-08-10,15:30,15:55,TR188,TGW188,HGH,Hangzhou Xiaoshan International Airport,Scoot,TR,B789,Boeing 787-9 Dreamliner,9V-OJB,Departed 16:55,2026-08-11 05:39:00
SIN,departures,2026-08-10,15:30,15:43,SQ158,SIA158,KTI,Phnom Penh Techo International Airport,Singapore Airlines,SQ,B38M,Boeing 737 MAX 8,9V-MBU,Departed 16:43,2026-08-11 05:39:00
SIN,departures,2026-08-10,15:35,15:45,MH620,MAS620,KUL,Kuala Lumpur International Airport,Malaysia Airlines,MH,B738,Boeing 737-8H6,9M-MXN,Departed 16:45,2026-08-11 05:39:00
SIN,departures,2026-08-10,15:40,16:14,TR524,TGW524,PQC,Phu Quoc International Airport,Scoot,TR,E290,Embraer E190-E2,9V-THD,Departed 17:14,2026-08-11 05:39:00
SIN,departures,2026-08-10,15:40,15:54,SQ806,SIA806,PEK,Beijing Capital International Airport,Singapore Airlines,SQ,B78X,Boeing 787-10 Dreamliner,9V-SCL,Departed 16:54,2026-08-11 05:39:00
SIN,departures,2026-08-10,15:45,15:59,SQ406,SIA406,DEL,Delhi Indira Gandhi International Airport,Singapore Airlines,SQ,A388,Airbus A380-841,9V-SKN,Departed 16:59,2026-08-11 05:39:00
SIN,departures,2026-08-10,15:55,16:04,TR632,TGW632,HDY,Hat Yai International Airport,Scoot,TR,E290,Embraer E190-E2,9V-THF,Departed 17:04,2026-08-11 05:39:00
SIN,departures,2026-08-10,15:55,16:05,SQ928,SIA928,SUB,Surabaya Juanda International Airport,Singapore Airlines,SQ,B38M,Boeing 737 MAX 8,9V-MBW,Departed 17:05,2026-08-11 05:39:00
SIN,departures,2026-08-10,15:55,16:37,MU568,CES568,PVG,Shanghai Pudong International Airport,China Eastern Airlines,MU,A359,Airbus A350-941,B-32DW,Departed 17:37,2026-08-11 05:39:00
SIN,departures,2026-08-10,16:00,16:07,3U3910,CSC3910,TFU,Chengdu Tianfu International Airport,Sichuan Airlines,3U,A21N,Airbus A321-271N,B-302Q,Departed 17:07,2026-08-11 05:39:00
SIN,departures,2026-08-10,16:00,16:19,TR416,TGW416,BKI,Kota Kinabalu International Airport,Scoot,TR,A21N,Airbus A321-271NX,9V-NCI,Departed 17:19,2026-08-11 05:39:00
SIN,departures,2026-08-10,16:00,16:15,TR468,TGW468,KUL,Kuala Lumpur International Airport,Scoot,TR,A320,Airbus A320-232,9V-TRT,Departed 17:15,2026-08-11 05:39:00
SIN,departures,2026-08-10,16:00,16:09,OD808,MXD808,KUL,Kuala Lumpur International Airport,Batik Air,ID,B738,Boeing 737-8GP,9M-LNQ,Departed 17:09,2026-08-11 05:39:00
SIN,departures,2026-08-10,16:00,16:01,KL835,KLM835,DPS,Denpasar Ngurah Rai International Airport,KLM,KL,B77W,Boeing 777-306(ER),PH-BVN,Departed 17:01,2026-08-11 05:39:00
SIN,departures,2026-08-10,16:05,16:22,NX907,AMU907,MFM,Macau International Airport,Air Macau,NX,A320,Airbus A320-232,B-MCI,Departed 17:22,2026-08-11 05:39:00
SIN,departures,2026-08-10,16:10,16:53,SV856,SVA856,DPS,Denpasar Ngurah Rai International Airport,Saudia,SV,B78X,Boeing 787-10 Dreamliner,HZ-AR25,Departed 17:53,2026-08-11 05:39:00
SIN,departures,2026-08-10,16:10,16:54,SQ836,SIA836,PVG,Shanghai Pudong International Airport,Singapore Airlines,SQ,B78X,Boeing 787-10 Dreamliner,9V-SCJ,Departed 17:54,2026-08-11 05:39:00
SIN,departures,2026-08-10,16:12,16:17,FX18,FDX18,ANC,Anchorage Ted Stevens International Airport,FedEx,FX,B77L,Boeing 777-FS2,N866FD,Departed 17:17,2026-08-11 05:39:00
SIN,departures,2026-08-10,16:15,16:33,TR882,TGW882,HND,Tokyo Haneda International Airport,Scoot,TR,B788,Boeing 787-8 Dreamliner,9V-OFH,Departed 17:33,2026-08-11 05:39:00
SIN,departures,2026-08-10,16:15,16:40,SQ186,SIA186,SGN,Ho Chi Minh City International Airport,Singapore Airlines,SQ,B78X,Boeing 787-10 Dreamliner,9V-SCY,Departed 17:40,2026-08-11 05:39:00
SIN,departures,2026-08-10,16:20,16:26,SQ964,SIA964,CGK,Jakarta Soekarno Hatta International Airport,Singapore Airlines,SQ,B77W,Boeing 777-312(ER),9V-SWO,Departed 17:26,2026-08-11 05:39:00
SIN,departures,2026-08-10,16:20,16:21,PG968,BKP968,USM,Koh Samui Airport,Bangkok Airways,PG,A319,Airbus A319-132,HS-PGX,Departed 17:21,2026-08-11 05:39:00
SIN,departures,2026-08-10,16:30,16:44,SQ714,SIA714,BKK,Bangkok Suvarnabhumi Airport,Singapore Airlines (1000th 787 Dreamliner Sticker),SQ,B78X,Boeing 787-10 Dreamliner,9V-SCP,Departed 17:44,2026-08-11 05:39:00
SIN,departures,2026-08-10,16:30,16:51,MU7706,CES7706,NKG,Nanjing Lukou International Airport,China Eastern Airlines,MU,A20N,Airbus A320-251N,B-306E,Departed 17:51,2026-08-11 05:39:00
SIN,departures,2026-08-10,16:30,01:45,CA826,CCA826,PVG,Shanghai Pudong International Airport,Air China,CA,A359,Airbus A350-941,B-322H,Departed 02:45,2026-08-11 05:39:00
SIN,departures,2026-08-10,16:35,17:41,AK1724,AXM1724,PEN,Penang International Airport,AirAsia,AK,A320,Airbus A320-216,9M-DAG,Departed 18:41,2026-08-11 05:39:00
SIN,departures,2026-08-10,16:40,16:59,SQ838,SIA838,HGH,Hangzhou Xiaoshan International Airport,Singapore Airlines,SQ,A359,Airbus A350-941,9V-SHF,Departed 17:59,2026-08-11 05:39:00
SIN,departures,2026-08-10,16:45,16:55,SQ946,SIA946,DPS,Denpasar Ngurah Rai International Airport,Singapore Airlines,SQ,B78X,Boeing 787-10 Dreamliner,9V-SCB,Departed 17:55,2026-08-11 05:39:00
SIN,departures,2026-08-10,16:50,17:05,CZ3040,CSN3040,CAN,Guangzhou Baiyun International Airport,China Southern Airlines,CZ,A21N,Airbus A321-271N,B-301U,Departed 18:05,2026-08-11 05:39:00
SIN,departures,2026-08-10,16:55,17:14,VJ814,VJC814,SGN,Ho Chi Minh City International Airport,VietJet Air,VJ,A321,Airbus A321-211,VN-A698,Departed 18:14,2026-08-11 05:39:00
SIN,departures,2026-08-10,16:55,17:07,TR648,TGW648,USM,Koh Samui Airport,Scoot,TR,E290,Embraer E190-E2,9V-THA,Departed 18:07,2026-08-11 05:39:00
SIN,departures,2026-08-10,16:55,17:20,CA890,CCA890,PEK,Beijing Capital International Airport,Air China,CA,B789,Boeing 787-9 Dreamliner,B-1431,Departed 18:20,2026-08-11 05:39:00
SIN,departures,2026-08-10,17:00,17:26,TR626,TGW626,BKK,Bangkok Suvarnabhumi Airport,Scoot,TR,B788,Boeing 787-8 Dreamliner,9V-OFD,Departed 18:26,2026-08-11 05:39:00
SIN,departures,2026-08-10,17:00,17:16,GA823,GIA823,CGK,Jakarta Soekarno Hatta International Airport,Garuda Indonesia,GA,B738,Boeing 737-8U3,PK-GNH,Departed 18:16,2026-08-11 05:39:00
SIN,departures,2026-08-10,17:00,17:21,CX716,CPA716,HKG,Hong Kong International Airport,Cathay Pacific,CX,A359,Airbus A350-941,B-LRK,Departed 18:21,2026-08-11 05:39:00
SIN,departures,2026-08-10,17:05,17:23,TR124,TGW124,CSX,Changsha Huanghua International Airport,Scoot,TR,A21N,Airbus A321-271NX,9V-NCA,Departed 18:23,2026-08-11 05:39:00
SIN,departures,2026-08-10,17:10,17:33,ZH230,CSZ230,SZX,Shenzhen Bao'an International Airport,Shenzhen Airlines,ZH,A320,Airbus A320-214,B-9908,Departed 18:33,2026-08-11 05:39:00
SIN,departures,2026-08-10,17:15,17:30,TR278,TGW278,CGK,Jakarta Soekarno Hatta International Airport,Scoot,TR,A320,Airbus A320-232,9V-TRP,Departed 18:30,2026-08-11 05:39:00
SIN,departures,2026-08-10,17:15,17:37,TG408,THA408,BKK,Bangkok Suvarnabhumi Airport,Thai Airways,TG,A21N,Airbus A321-251NX,HS-TOG,Departed 18:37,2026-08-11 05:39:00
SIN,departures,2026-08-10,17:15,17:28,MH608,MAS608,KUL,Kuala Lumpur International Airport,Malaysia Airlines (Malaysia Negaraku Livery),MH,B738,Boeing 737-8H6,9M-MXF,Departed 18:28,2026-08-11 05:39:00
SIN,departures,2026-08-10,17:25,17:36,VN654,HVN654,SGN,Ho Chi Minh City International Airport,Vietnam Airlines,VN,A321,Airbus A321-231,VN-A339,Departed 18:36,2026-08-11 05:39:00
SIN,departures,2026-08-10,17:25,22:04,MU6050,CES6050,PVG,Shanghai Pudong International Airport,China Eastern Airlines,MU,A21N,Airbus A321-251NX,B-32LT,Departed 23:04,2026-08-11 05:39:00
SIN,departures,2026-08-10,17:30,17:44,SQ966,SIA966,CGK,Jakarta Soekarno Hatta International Airport,Singapore Airlines,SQ,A359,Airbus A350-941,9V-SHG,Departed 18:44,2026-08-11 05:39:00
SIN,departures,2026-08-10,17:30,17:39,SQ720,SIA720,BKK,Bangkok Suvarnabhumi Airport,Singapore Airlines,SQ,B78X,Boeing 787-10 Dreamliner,9V-SCI,Departed 18:39,2026-08-11 05:39:00
SIN,departures,2026-08-10,17:30,17:34,SQ740,SIA740,HKT,Phuket International Airport,Singapore Airlines,SQ,B38M,Boeing 737 MAX 8,9V-MBJ,Departed 18:34,2026-08-11 05:39:00
SIN,departures,2026-08-10,17:30,17:43,SQ126,SIA126,KUL,Kuala Lumpur International Airport,Singapore Airlines,SQ,A359,Airbus A350-941,9V-SHI,Departed 18:43,2026-08-11 05:39:00
SIN,departures,2026-08-10,17:40,18:17,TR120,TGW120,WUH,Wuhan Tianhe International Airport,Scoot,TR,B788,Boeing 787-8 Dreamliner,9V-OFJ,Departed 19:17,2026-08-11 05:39:00
SIN,departures,2026-08-10,17:45,17:58,TR182,TGW182,NKG,Nanjing Lukou International Airport,Scoot,TR,B789,Boeing 787-9 Dreamliner,9V-OJD,Departed 18:58,2026-08-11 05:39:00
SIN,departures,2026-08-10,17:45,17:46,SQ215,SIA215,PER,Perth Airport,Singapore Airlines,SQ,B78X,Boeing 787-10 Dreamliner,9V-SDB,Departed 18:46,2026-08-11 05:39:00
SIN,departures,2026-08-10,17:45,18:03,NZ283,ANZ283,AKL,Auckland Airport,Air New Zealand,NZ,B77W,Boeing 777-319(ER),ZK-OKN,Departed 19:03,2026-08-11 05:39:00
SIN,departures,2026-08-10,17:45,19:46,AK716,AXM716,KUL,Kuala Lumpur International Airport,AirAsia,AK,A21N,Airbus A321-251NX,9M-VAD,Departed 20:46,2026-08-11 05:39:00
SIN,departures,2026-08-10,17:50,18:09,TR652,TGW652,HKT,Phuket International Airport,Scoot,TR,A20N,Airbus A320-271N,9V-TNE,Departed 19:09,2026-08-11 05:39:00
SIN,departures,2026-08-10,17:50,18:04,SQ424,SIA424,BOM,Mumbai Chhatrapati Shivaji International Airport,Singapore Airlines,SQ,B77W,Boeing 777-312(ER),9V-SWY,Departed 19:04,2026-08-11 05:39:00
SIN,departures,2026-08-10,17:50,17:56,SQ442,SIA442,KTM,Kathmandu Tribhuvan International Airport,Singapore Airlines,SQ,B38M,Boeing 737 MAX 8,9V-MBY,Departed 18:56,2026-08-11 05:39:00
SIN,departures,2026-08-10,18:00,18:07,SQ994,SIA994,KNO,Medan Kuala Namu International Airport,Singapore Airlines,SQ,B38M,Boeing 737 MAX 8,9V-MBE,Departed 19:07,2026-08-11 05:39:00
SIN,departures,2026-08-10,18:00,18:24,SQ898,SIA898,HKG,Hong Kong International Airport,Singapore Airlines,SQ,A359,Airbus A350-941,9V-SHD,Departed 19:24,2026-08-11 05:39:00
SIN,departures,2026-08-10,18:00,18:10,CZ3044,CSN3044,CAN,Guangzhou Baiyun International Airport,China Southern Airlines,CZ,A21N,Airbus A321-271N,B-306L,Departed 19:10,2026-08-11 05:39:00
SIN,departures,2026-08-10,18:05,18:20,TR134,TGW134,XIY,Xi'an Xianyang International Airport,Scoot,TR,A20N,Airbus A320-271N,9V-TNG,Departed 19:20,2026-08-11 05:39:00
SIN,departures,2026-08-10,18:10,18:14,SQ142,SIA142,PEN,Penang International Airport,Singapore Airlines,SQ,B38M,Boeing 737 MAX 8,9V-MBR,Departed 19:14,2026-08-11 05:39:00
SIN,departures,2026-08-10,18:15,18:16,VJ890,VJC890,DAD,Da Nang International Airport,VietJet Air,VJ,A321,Airbus A321-211,VN-A644,Departed 19:16,2026-08-11 05:39:00
SIN,departures,2026-08-10,18:15,18:27,MH616,MAS616,KUL,Kuala Lumpur International Airport,Malaysia Airlines,MH,B738,Boeing 737-8H6,9M-MXG,Departed 19:27,2026-08-11 05:39:00
SIN,departures,2026-08-10,18:20,18:37,SQ247,SIA247,MEL,Melbourne Airport,Singapore Airlines,SQ,A359,Airbus A350-941,9V-SHW,Departed 19:37,2026-08-11 05:39:00
SIN,departures,2026-08-10,18:25,18:45,JQ89,JST089,DPS,Denpasar Ngurah Rai International Airport,Jetstar,JQ,A21N,Airbus A321-251NX(LR),VH-OFY,Departed 19:45,2026-08-11 05:39:00
SIN,departures,2026-08-10,18:30,18:44,VJ812,VJC812,SGN,Ho Chi Minh City International Airport,VietJet Air,VJ,A21N,Airbus A321-271N,VN-A693,Departed 19:44,2026-08-11 05:38:56
SIN,departures,2026-08-10,18:30,19:00,QF2,QFA2,SYD,Sydney Kingsford Smith Airport,Qantas,QF,A388,Airbus A380-842,VH-OQI,Departed 20:00,2026-08-11 05:38:56
SIN,departures,2026-08-10,18:35,19:02,SQ918,SIA918,MNL,Manila Ninoy Aquino International Airport,Singapore Airlines,SQ,B78X,Boeing 787-10 Dreamliner,9V-SDA,Departed 20:02,2026-08-11 05:38:56
SIN,departures,2026-08-10,18:35,18:47,QF72,QFA72,PER,Perth Airport,Qantas,QF,A332,Airbus A330-202,VH-EBC,Departed 19:47,2026-08-11 05:38:56
SIN,departures,2026-08-10,18:40,18:55,6E1458,IGO1458,BLR,Bengaluru Kempegowda International Airport,IndiGo,6E,A20N,Airbus A320-251N,VT-IPD,Departed 19:55,2026-08-11 05:38:56
SIN,departures,2026-08-10,18:40,18:56,QR947,QTR947,DOH,Doha Hamad International Airport,Qatar Airways,QR,A35K,Airbus A350-1041,A7-ANN,Departed 19:56,2026-08-11 05:38:56
SIN,departures,2026-08-10,18:45,19:17,6E1164,IGO1164,BOM,Mumbai Chhatrapati Shivaji International Airport,IndiGo,6E,A21N,Airbus A321-252NX,VT-NCK,Departed 20:17,2026-08-11 05:38:56
SIN,departures,2026-08-10,18:45,18:53,6E1014,IGO1014,DEL,Delhi Indira Gandhi International Airport,IndiGo,6E,A21N,Airbus A321-252NX,VT-IWQ,Departed 19:53,2026-08-11 05:38:56
SIN,departures,2026-08-10,18:45,18:51,GA837,GIA837,CGK,Jakarta Soekarno Hatta International Airport,Garuda Indonesia,GA,B738,Boeing 737-8U3,PK-GMA,Departed 19:51,2026-08-11 05:38:56
SIN,departures,2026-08-10,18:50,19:10,SQ852,SIA852,CAN,Guangzhou Baiyun International Airport,Singapore Airlines,SQ,B38M,Boeing 737 MAX 8,9V-MBO,Departed 20:10,2026-08-11 05:38:56
SIN,departures,2026-08-10,18:50,19:57,SQ297,SIA297,CHC,Christchurch International Airport,Singapore Airlines,SQ,A359,Airbus A350-941,9V-SMB,Departed 20:57,2026-08-11 05:38:56
SIN,departures,2026-08-10,18:55,19:04,TR620,TGW620,BKK,Bangkok Suvarnabhumi Airport,Scoot,TR,A320,Airbus A320-232,9V-TRU,Departed 20:04,2026-08-11 05:38:56
SIN,departures,2026-08-10,18:55,19:06,TR498,TGW498,PEN,Penang International Airport,Scoot,TR,A21N,Airbus A321-271NX,9V-NCB,Departed 20:06,2026-08-11 05:38:56
SIN,departures,2026-08-10,18:55,19:12,TR434,TGW434,KCH,Kuching International Airport,Scoot,TR,A20N,Airbus A320-271N,9V-TNI,Departed 20:12,2026-08-11 05:38:56
SIN,departures,2026-08-10,18:55,19:08,SQ34,SIA34,SFO,San Francisco International Airport,Singapore Airlines,SQ,A359,Airbus A350-941,9V-SGE,Departed 20:08,2026-08-11 05:38:56
SIN,departures,2026-08-10,19:00,19:37,SQ534,SIA534,COK,Cochin International Airport,Singapore Airlines,SQ,B38M,Boeing 737 MAX 8,9V-MBM,Departed 20:37,2026-08-11 05:38:56
SIN,departures,2026-08-10,19:00,19:21,SQ522,SIA522,HYD,Hyderabad Rajiv Gandhi International Airport,Singapore Airlines,SQ,B38M,Boeing 737 MAX 8,9V-MBS,Departed 20:21,2026-08-11 05:38:56
SIN,departures,2026-08-10,19:00,19:19,SQ128,SIA128,KUL,Kuala Lumpur International Airport,Singapore Airlines,SQ,B38M,Boeing 737 MAX 8,9V-MBH,Departed 20:19,2026-08-11 05:38:56
SIN,departures,2026-08-10,19:00,19:14,PR512,PAL512,MNL,Manila Ninoy Aquino International Airport,Philippine Airlines,PR,A21N,Airbus A321-271NX,RP-C9938,Departed 20:14,2026-08-11 05:38:56
SIN,departures,2026-08-10,19:00,19:38,GF166,GFA166,BAH,Bahrain International Airport,Gulf Air,GF,B789,Boeing 787-9 Dreamliner,A9C-FJ,Departed 20:38,2026-08-11 05:38:56
SIN,departures,2026-08-10,19:05,19:22,SQ818,SIA818,CKG,Chongqing Jiangbei International Airport,Singapore Airlines,SQ,B38M,Boeing 737 MAX 8,9V-MBV,Departed 20:22,2026-08-11 05:38:56
SIN,departures,2026-08-10,19:05,19:16,SQ510,SIA510,BLR,Bengaluru Kempegowda International Airport,Singapore Airlines,SQ,A359,Airbus A350-941,9V-SHN,Departed 20:16,2026-08-11 05:38:56
SIN,departures,2026-08-10,19:05,19:29,CX636,CPA636,HKG,Hong Kong International Airport,Cathay Pacific,CX,A359,Airbus A350-941,B-LRS,Departed 20:29,2026-08-11 05:38:56
SIN,departures,2026-08-10,19:10,19:23,UL309,ALK309,CMB,Colombo Bandaranaike International Airport,SriLankan Airlines,UL,A21N,Airbus A321-251N,4R-ANC,Departed 20:23,2026-08-11 05:38:56
SIN,departures,2026-08-10,19:15,19:40,QF36,QFA36,MEL,Melbourne Airport,Qantas,QF,A332,Airbus A330-203,VH-EBL,Departed 20:40,2026-08-11 05:38:56
SIN,departures,2026-08-10,19:15,20:43,PG962,BKP962,USM,Koh Samui Airport,Bangkok Airways,PG,A319,Airbus A319-132,HS-PGN,Departed 21:43,2026-08-11 05:38:56
SIN,departures,2026-08-10,19:20,19:31,BA15,BAW15,SYD,Sydney Kingsford Smith Airport,British Airways,BA,B789,Boeing 787-9 Dreamliner,G-ZBKK,Departed 20:31,2026-08-11 05:38:56
SIN,departures,2026-08-10,19:25,19:34,SQ528,SIA528,MAA,Chennai International Airport,Singapore Airlines,SQ,B78X,Boeing 787-10 Dreamliner,9V-SCD,Departed 20:34,2026-08-11 05:38:56
SIN,departures,2026-08-10,19:25,19:33,SQ438,SIA438,MLE,Male Velana International Airport,Singapore Airlines,SQ,A359,Airbus A350-941,9V-SHK,Departed 20:33,2026-08-11 05:38:56
SIN,departures,2026-08-10,19:30,19:59,TR740,TGW740,CJB,Coimbatore International Airport,Scoot,TR,A21N,Airbus A321-271NX,9V-NCF,Departed 20:59,2026-08-11 05:38:56
SIN,departures,2026-08-10,19:30,20:05,TR730,TGW730,TRV,Thiruvananthapuram International Airport,Scoot,TR,A20N,Airbus A320-271N,9V-TNL,Departed 21:05,2026-08-11 05:38:56
SIN,departures,2026-08-10,19:30,19:44,TR466,TGW466,KUL,Kuala Lumpur International Airport,Scoot,TR,A21N,Airbus A321-271NX,9V-NCM,Departed 20:44,2026-08-11 05:38:56
SIN,departures,2026-08-10,19:30,19:56,TR272,TGW272,CGK,Jakarta Soekarno Hatta International Airport,Scoot,TR,A320,Airbus A320-232,9V-TRV,Departed 20:56,2026-08-11 05:38:56
SIN,departures,2026-08-10,19:30,20:38,QF52,QFA52,BNE,Brisbane Airport,Qantas,QF,A332,Airbus A330-202,VH-EBA,Departed 21:38,2026-08-11 05:38:56
SIN,departures,2026-08-10,19:35,22:44,UA28,UAL28,SFO,San Francisco International Airport,United Airlines,UA,B789,Boeing 787-9 Dreamliner,N71108,Departed 23:44,2026-08-11 05:38:56
SIN,departures,2026-08-10,19:40,19:51,SQ446,SIA446,DAC,Dhaka Shahjalal International Airport,Singapore Airlines,SQ,B78X,Boeing 787-10 Dreamliner,9V-SCT,Departed 20:51,2026-08-11 05:38:56
SIN,departures,2026-08-10,19:40,20:04,SQ516,SIA516,CCU,Kolkata Subhas Chandra Bose International Airport,Singapore Airlines,SQ,B38M,Boeing 737 MAX 8,9V-MBQ,Departed 21:04,2026-08-11 05:38:56
SIN,departures,2026-08-10,19:40,20:17,PX393,ANG393,POM,Port Moresby Jacksons International Airport,Air Niugini,PX,B763,Boeing 767-341(ER),P2-PXV,Departed 21:17,2026-08-11 05:38:56
SIN,departures,2026-08-10,19:45,20:25,TR784,TGW784,VTZ,Visakhapatnam Airport,Scoot,TR,A320,Airbus A320-232,9V-TRO,Departed 21:25,2026-08-11 05:38:56
SIN,departures,2026-08-10,19:45,20:13,SQ856,SIA856,SZX,Shenzhen Bao'an International Airport,Singapore Airlines,SQ,B38M,Boeing 737 MAX 8,9V-MBB,Departed 21:13,2026-08-11 05:38:56
SIN,departures,2026-08-10,19:45,20:29,SQ221,SIA221,SYD,Sydney Kingsford Smith Airport,Singapore Airlines,SQ,A388,Airbus A380-841,9V-SKV,Departed 21:29,2026-08-11 05:38:56
SIN,departures,2026-08-10,19:45,20:08,SQ38,SIA38,LAX,Los Angeles International Airport,Singapore Airlines,SQ,A359,Airbus A350-941,9V-SJH,Departed 21:08,2026-08-11 05:38:56
SIN,departures,2026-08-10,19:45,19:49,AK718,AXM718,KUL,Kuala Lumpur International Airport,AirAsia,AK,A320,Airbus A320-216,9M-RAD,Departed 20:49,2026-08-11 05:38:56
SIN,departures,2026-08-10,19:50,20:14,TG410,THA410,BKK,Bangkok Suvarnabhumi Airport,Thai Airways,TG,B77W,Boeing 777-3AL(ER),HS-TKL,Departed 21:14,2026-08-11 05:38:56
SIN,departures,2026-08-10,19:50,20:20,CZ8048,CSN8048,SZX,Shenzhen Bao'an International Airport,China Southern Airlines,CZ,A21N,Airbus A321-253NX,B-32GH,Departed 21:20,2026-08-11 05:38:56
SIN,departures,2026-08-10,19:50,20:02,AK1730,AXM1730,PEN,Penang International Airport,AirAsia,AK,A320,Airbus A320-216,9M-RAW,Departed 21:02,2026-08-11 05:38:56
SIN,departures,2026-08-10,20:00,20:11,8M234,MMA234,RGN,Yangon International Airport,Myanmar Airways International,8M,A319,Airbus A319-112,XY-ALZ,Departed 21:11,2026-08-11 05:38:56
SIN,departures,2026-08-10,20:00,20:00,3U9012,,CTU,Chengdu Shuangliu International Airport,Sichuan Airlines,3U,33F,,,Estimated dep 21:00*,2026-08-11 05:38:56
SIN,departures,2026-08-10,20:00,20:28,ZH250,CSZ250,SZX,Shenzhen Bao'an International Airport,Shenzhen Airlines,ZH,A333,Airbus A330-343,B-8865,Departed 21:28,2026-08-11 05:38:56
SIN,departures,2026-08-10,20:00,20:35,VN656,HVN656,SGN,Ho Chi Minh City International Airport,Vietnam Airlines,VN,A21N,Airbus A321-272N,VN-A508,Departed 21:35,2026-08-11 05:38:56
SIN,departures,2026-08-10,20:00,20:07,QG527,CTV527,CGK,Jakarta Soekarno Hatta International Airport,Citilink,QG,A320,Airbus A320-214,PK-GQP,Departed 21:07,2026-08-11 05:38:56
SIN,departures,2026-08-10,20:00,20:26,QF82,QFA82,SYD,Sydney Kingsford Smith Airport,Qantas,QF,A333,Airbus A330-302,VH-QPL,Departed 21:26,2026-08-11 05:38:56
SIN,departures,2026-08-10,20:00,20:41,JQ8,JST8,MEL,Melbourne Airport,Jetstar,JQ,B788,Boeing 787-8 Dreamliner,VH-VKL,Departed 21:41,2026-08-11 05:38:56
SIN,departures,2026-08-10,20:00,20:36,EY499,ETD499,AUH,Abu Dhabi Zayed International Airport,Etihad Airways,EY,B789,Boeing 787-9 Dreamliner,A6-BLC,Departed 21:36,2026-08-11 05:38:56
SIN,departures,2026-08-10,20:00,20:31,EK355,UAE355,DXB,Dubai International Airport,Emirates,EK,B77W,Boeing 777-31H(ER),A6-EPA,Departed 21:31,2026-08-11 05:38:56
SIN,departures,2026-08-10,20:10,20:44,TR580,TGW580,CEB,Cebu Mactan International Airport,Scoot,TR,A21N,Airbus A321-271NX,9V-NCN,Departed 21:44,2026-08-11 05:38:56
SIN,departures,2026-08-10,20:15,22:16,TR346,TGW346,DPS,Denpasar Ngurah Rai International Airport,Scoot,TR,A21N,Airbus A321-271NX,9V-NCJ,Departed 23:16,2026-08-11 05:38:56
SIN,departures,2026-08-10,20:15,20:33,MY364,BNE364,KCH,Kuching International Airport,AirBorneo,MY,B738,Boeing 737-8U3,9M-LCZ,Departed 21:33,2026-08-11 05:38:56
SIN,departures,2026-08-10,20:15,20:19,MH610,MAS610,KUL,Kuala Lumpur International Airport,Malaysia Airlines,MH,B738,Boeing 737-8H6,9M-MXE,Departed 21:19,2026-08-11 05:38:56
SIN,departures,2026-08-10,20:20,20:48,TR778,TGW778,MAA,Chennai International Airport,Scoot,TR,B788,Boeing 787-8 Dreamliner,9V-OFG,Departed 21:48,2026-08-11 05:38:56
SIN,departures,2026-08-10,20:20,20:45,AK720,AXM720,KUL,Kuala Lumpur International Airport,AirAsia,AK,A21N,Airbus A321-251NX,9M-VAB,Departed 21:45,2026-08-11 05:38:56
SIN,departures,2026-08-10,20:30,21:06,OD806,MXD806,KUL,Kuala Lumpur International Airport,Batik Air,ID,B738,Boeing 737-8U3,9M-LDF,Departed 22:06,2026-08-11 05:38:56
SIN,departures,2026-08-10,20:30,20:51,LD326,AHK326,HKG,Hong Kong International Airport,DHL (No.1 Best Workplace Sticker),D0,A332,Airbus A330-243F,B-LDP,Departed 21:51,2026-08-11 05:38:56
SIN,departures,2026-08-10,20:30,20:55,ID7152,BTK7152,CGK,Jakarta Soekarno Hatta International Airport,Batik Air,ID,A320,Airbus A320-214,PK-LAL,Departed 21:55,2026-08-11 05:38:56
SIN,departures,2026-08-10,20:35,20:47,SQ7822,SIA7822,CAN,Guangzhou Baiyun International Airport,Singapore Airlines Cargo,SQ,B744,Boeing 747-412F,9V-SFI,Departed 21:47,2026-08-11 05:38:56
SIN,departures,2026-08-10,20:35,23:43,SQ948,SIA948,DPS,Denpasar Ngurah Rai International Airport,Singapore Airlines,SQ,B78X,Boeing 787-10 Dreamliner,9V-SCR,Departed 00:43,2026-08-11 05:38:56
SIN,departures,2026-08-10,20:35,20:53,SQ235,SIA235,BNE,Brisbane Airport,Singapore Airlines,SQ,A359,Airbus A350-941,9V-SHL,Departed 21:53,2026-08-11 05:38:56
SIN,departures,2026-08-10,20:35,20:50,AY132,FIN132,HEL,Helsinki Vantaa Airport,Finnair,AY,A359,Airbus A350-941,OH-LWP,Departed 21:50,2026-08-11 05:38:56
SIN,departures,2026-08-10,20:45,20:56,SL105,TLM105,DMK,Bangkok Don Mueang International Airport,Thai Lion Air,SL,B738,Boeing 737-8GP,HS-LUH,Departed 21:56,2026-08-11 05:38:56
SIN,departures,2026-08-10,20:45,21:05,GA839,GIA839,CGK,Jakarta Soekarno Hatta International Airport,Garuda Indonesia,GA,B738,Boeing 737-8U3,PK-GMV,Departed 22:05,2026-08-11 05:38:56
SIN,departures,2026-08-10,20:50,21:16,QF219,QFA219,LHR,London Heathrow Airport,Qantas (Yam Dreaming Livery),QF,B789,Boeing 787-9 Dreamliner,VH-ZND,Departed 22:16,2026-08-11 05:38:56
SIN,departures,2026-08-10,20:50,20:58,JL36,JAL36,HND,Tokyo Haneda International Airport,Japan Airlines,JL,B789,Boeing 787-9 Dreamliner,JA879J,Departed 21:58,2026-08-11 05:38:56
SIN,departures,2026-08-10,20:55,21:03,SQ968,SIA968,CGK,Jakarta Soekarno Hatta International Airport,Singapore Airlines,SQ,A359,Airbus A350-941,9V-SHU,Departed 22:03,2026-08-11 05:38:56
SIN,departures,2026-08-10,21:00,21:12,NH844,ANA844,HND,Tokyo Haneda International Airport,All Nippon Airways,NH,B789,Boeing 787-9 Dreamliner,JA893A,Departed 22:12,2026-08-11 05:38:56
SIN,departures,2026-08-10,21:00,21:15,KE644,KAL644,ICN,Seoul Incheon International Airport,Korean Air,KE,B77W,Boeing 777-3B5(ER),HL8216,Departed 22:15,2026-08-11 05:38:56
SIN,departures,2026-08-10,21:10,21:21,SQ227,SIA227,MEL,Melbourne Airport,Singapore Airlines,SQ,B77W,Boeing 777-312(ER),9V-SWP,Departed 22:21,2026-08-11 05:38:56
SIN,departures,2026-08-10,21:10,21:27,QF255,QFA255,CDG,Paris Charles de Gaulle Airport,Qantas,QF,B789,Boeing 787-9 Dreamliner,VH-ZNL,Departed 22:27,2026-08-11 05:38:56
SIN,departures,2026-08-10,21:20,21:36,6E1344,IGO1344,MAA,Chennai International Airport,IndiGo,6E,A21N,Airbus A321-251NX,VT-NHL,Departed 22:36,2026-08-11 05:38:56
SIN,departures,2026-08-10,21:20,21:31,SQ468,SIA468,CMB,Colombo Bandaranaike International Airport,Singapore Airlines,SQ,B78X,Boeing 787-10 Dreamliner,9V-SCQ,Departed 22:31,2026-08-11 05:38:56
SIN,departures,2026-08-10,21:20,21:40,AF257,AFR257,CDG,Paris Charles de Gaulle Airport,Air France,AF,B77W,Boeing 777-328(ER),F-GSQU,Departed 22:40,2026-08-11 05:38:56
SIN,departures,2026-08-10,21:40,21:49,BA16,BAW16,LHR,London Heathrow Airport,British Airways,BA,B789,Boeing 787-9 Dreamliner,G-ZBKI,Departed 22:49,2026-08-11 05:38:56
SIN,departures,2026-08-10,21:45,22:14,LH769,DLH769,MUC,Munich Airport,Lufthansa,LH,A359,Airbus A350-941,D-AIXJ,Departed 23:14,2026-08-11 05:38:56
SIN,departures,2026-08-10,21:50,22:05,SQ636,SIA636,HND,Tokyo Haneda International Airport,Singapore Airlines,SQ,A359,Airbus A350-941,9V-SHC,Departed 23:05,2026-08-11 05:38:56
SIN,departures,2026-08-10,21:50,22:01,SQ285,SIA285,AKL,Auckland Airport,Singapore Airlines,SQ,B77W,Boeing 777-312(ER),9V-SWB,Departed 23:01,2026-08-11 05:38:56
SIN,departures,2026-08-10,21:50,22:21,OZ752,AAR752,ICN,Seoul Incheon International Airport,Asiana Airlines,OZ,A359,Airbus A350-941,HL8359,Departed 23:21,2026-08-11 05:38:56
SIN,departures,2026-08-10,21:55,00:16,TR766,TGW766,TRZ,Tiruchirappalli International Airport,Scoot,TR,A21N,Airbus A321-271NX,9V-NCC,Departed 01:16,2026-08-11 05:38:56
SIN,departures,2026-08-10,21:55,,FY3681,,KUL,Kuala Lumpur International Airport,Firefly,FY,738,,,Unknown,2026-08-11 05:38:56
SIN,departures,2026-08-10,22:00,22:07,TW162,TWB162,ICN,Seoul Incheon International Airport,T'Way Air,TW,A333,Airbus A330-343,HL8561,Departed 23:07,2026-08-11 05:38:56
SIN,departures,2026-08-10,22:00,23:14,SQ322,SIA322,LHR,London Heathrow Airport,Singapore Airlines,SQ,A388,Airbus A380-841,9V-SKU,Departed 00:14,2026-08-11 05:38:56
SIN,departures,2026-08-10,22:05,22:35,TR884,TGW884,NRT,Tokyo Narita International Airport,Scoot,TR,B788,Boeing 787-8 Dreamliner,9V-OFB,Departed 23:35,2026-08-11 05:38:56
SIN,departures,2026-08-10,22:05,22:32,TK55,THY55,IST,Istanbul Airport,Turkish Airlines,TK,B77W,Boeing 777-3F2(ER),TC-JJY,Departed 23:32,2026-08-11 05:38:56
SIN,departures,2026-08-10,22:05,22:20,SQ616,SIA616,PUS,Busan Gimhae International Airport,Singapore Airlines,SQ,B38M,Boeing 737 MAX 8,9V-MBD,Departed 23:20,2026-08-11 05:38:56
SIN,departures,2026-08-10,22:10,22:22,TR28,TGW28,PER,Perth Airport,Scoot,TR,B788,Boeing 787-8 Dreamliner,9V-OFK,Departed 23:22,2026-08-11 05:38:56
SIN,departures,2026-08-10,22:10,23:09,MU566,CES566,PVG,Shanghai Pudong International Airport,China Eastern Airlines,MU,A332,Airbus A330-243,B-5975,Departed 00:09,2026-08-11 05:38:56
SIN,departures,2026-08-10,22:20,22:48,8B156,TNU156,CGK,Jakarta Soekarno Hatta International Airport,TransNusa,8B,A321,Airbus A321-211,PK-TLK,Departed 23:48,2026-08-11 05:38:56
SIN,departures,2026-08-10,22:20,22:49,QF1,QFA1,LHR,London Heathrow Airport,Qantas,QF,A388,Airbus A380-842,VH-OQC,Departed 23:49,2026-08-11 05:38:56
SIN,departures,2026-08-10,22:20,22:41,BA12,BAW12,LHR,London Heathrow Airport,British Airways (Great Futures Sticker),BA,B77W,Boeing 777-300(ER),G-STBN,Departed 23:41,2026-08-11 05:38:56
SIN,departures,2026-08-10,22:25,22:38,SQ279,SIA279,ADL,Adelaide Airport,Singapore Airlines,SQ,B78X,Boeing 787-10 Dreamliner,9V-SCV,Departed 23:38,2026-08-11 05:38:56
SIN,departures,2026-08-10,22:25,22:54,LX177,SWR177,ZRH,Zurich Airport,Swiss,LX,B77W,Boeing 777-3DE(ER),HB-JNE,Departed 23:54,2026-08-11 05:38:56
SIN,departures,2026-08-10,22:25,22:43,CA970,CCA970,PEK,Beijing Capital International Airport,Air China,CA,B789,Boeing 787-9 Dreamliner,B-1466,Departed 23:43,2026-08-11 05:38:56
SIN,departures,2026-08-10,22:30,22:52,SQ356,SIA356,MXP,Milan Malpensa Airport,Singapore Airlines,SQ,A359,Airbus A350-941,9V-SMZ,Departed 23:52,2026-08-11 05:38:53
SIN,departures,2026-08-10,22:30,22:27,QF38,QFA38,MEL,Melbourne Airport,Qantas,QF,A332,Airbus A330-202,VH-EBB,Departed 23:27,2026-08-11 05:38:53
SIN,departures,2026-08-10,22:30,22:30,CK280,,PVG,Shanghai Pudong International Airport,China Cargo Airlines,CK,77F,,,Estimated dep 23:30*,2026-08-11 05:38:53
SIN,departures,2026-08-10,22:35,22:46,SQ22,SIA22,EWR,New York Newark Liberty International Airport,Singapore Airlines,SQ,A359,Airbus A350-941,9V-SGC,Departed 23:46,2026-08-11 05:38:53
SIN,departures,2026-08-10,22:40,23:55,LH781,DLH781,FRA,Frankfurt Airport,Lufthansa,LH,B744,Boeing 747-430,D-ABTK,Departed 00:55,2026-08-11 05:38:53
SIN,departures,2026-08-10,22:45,23:06,HO1576,DKH1576,PVG,Shanghai Pudong International Airport,Juneyao Air,HO,A20N,Airbus A320-271N,B-326H,Departed 00:06,2026-08-11 05:38:53
SIN,departures,2026-08-10,22:55,23:21,SQ304,SIA304,BRU,Brussels Airport,"Singapore Airlines (10,000th Airbus Sticker)",SQ,A359,Airbus A350-941,9V-SMF,Departed 00:21,2026-08-11 05:38:53
SIN,departures,2026-08-10,22:55,23:30,SQ638,SIA638,NRT,Tokyo Narita International Airport,Singapore Airlines,SQ,B78X,Boeing 787-10 Dreamliner,9V-SCG,Departed 00:30,2026-08-11 05:38:53
SIN,departures,2026-08-10,22:55,23:16,SQ324,SIA324,AMS,Amsterdam Schiphol Airport,Singapore Airlines,SQ,B77W,Boeing 777-312(ER),9V-SWO,Departed 00:16,2026-08-11 05:38:53
SIN,departures,2026-08-10,22:55,23:10,SQ312,SIA312,LGW,London Gatwick Airport,Singapore Airlines,SQ,A359,Airbus A350-941,9V-SMJ,Departed 00:10,2026-08-11 05:38:53
SIN,departures,2026-08-10,22:55,23:17,SQ26,SIA26,FRA,Frankfurt Airport,Singapore Airlines,SQ,B77W,Boeing 777-312(ER),9V-SWS,Departed 00:17,2026-08-11 05:38:53
SIN,departures,2026-08-10,23:05,23:42,SQ328,SIA328,MUC,Munich Airport,Singapore Airlines,SQ,A359,Airbus A350-941,9V-SMN,Departed 00:42,2026-08-11 05:38:53
SIN,departures,2026-08-10,23:05,23:26,SQ352,SIA352,CPH,Copenhagen Airport,Singapore Airlines,SQ,A359,Airbus A350-941,9V-SMS,Departed 00:26,2026-08-11 05:38:53
SIN,departures,2026-08-10,23:10,23:23,SQ225,SIA225,PER,Perth Airport,Singapore Airlines,SQ,B78X,Boeing 787-10 Dreamliner,9V-SCM,Departed 00:23,2026-08-11 05:38:53
SIN,departures,2026-08-10,23:15,23:37,7C2662,JJA2662,PUS,Busan Gimhae International Airport,Jeju Air,7C,B738,Boeing 737-8AS,HL8539,Departed 00:37,2026-08-11 05:38:53
SIN,departures,2026-08-10,23:15,00:05,SQ336,SIA336,CDG,Paris Charles de Gaulle Airport,Singapore Airlines,SQ,B77W,Boeing 777-312(ER),9V-SWU,Departed 01:05,2026-08-11 05:38:53
SIN,departures,2026-08-10,23:20,23:29,SQ608,SIA608,ICN,Seoul Incheon International Airport,Singapore Airlines,SQ,B78X,Boeing 787-10 Dreamliner,9V-SCU,Departed 00:29,2026-08-11 05:38:53
SIN,departures,2026-08-10,23:30,23:54,SQ810,SIA810,PKX,Beijing Daxing International Airport,Singapore Airlines,SQ,B78X,Boeing 787-10 Dreamliner,9V-SCE,Departed 00:54,2026-08-11 05:38:53
SIN,departures,2026-08-10,23:35,23:52,TR828,TGW828,CJU,Jeju International Airport,Scoot,TR,A20N,Airbus A320-271N,9V-TNF,Departed 00:52,2026-08-11 05:38:53
SIN,departures,2026-08-10,23:35,00:42,PR510,PAL510,MNL,Manila Ninoy Aquino International Airport,Philippine Airlines,PR,A321,Airbus A321-231,RP-C9915,Departed 01:42,2026-08-11 05:38:53
SIN,departures,2026-08-10,23:45,00:04,SQ255,SIA255,BNE,Brisbane Airport,Singapore Airlines,SQ,A359,Airbus A350-941,9V-SHH,Departed 01:04,2026-08-11 05:38:53
SIN,departures,2026-08-10,23:45,00:19,SQ231,SIA231,SYD,Sydney Kingsford Smith Airport,Singapore Airlines,SQ,A388,Airbus A380-841,9V-SKM,Departed 01:19,2026-08-11 05:38:53
SIN,departures,2026-08-10,23:45,00:10,IX681,AXB681,TRZ,Tiruchirappalli International Airport,Air India Express (Beach-Himalayas Livery),IX,B738,Boeing 737-8HG,VT-AXX,Departed 01:10,2026-08-11 05:38:53
SIN,departures,2026-08-10,23:50,00:12,7C2624,JJA2624,ICN,Seoul Incheon International Airport,Jeju Air,7C,B38M,Boeing 737 MAX 8,HL8593,Departed 01:12,2026-08-11 05:38:53
SIN,departures,2026-08-10,23:50,00:02,EK353,UAE353,DXB,Dubai International Airport,Emirates,EK,A388,Airbus A380-861,A6-EEE,Departed 01:02,2026-08-11 05:38:53
SIN,departures,2026-08-10,23:55,00:26,MU5032,CES5032,PKX,Beijing Daxing International Airport,China Eastern Airlines (Pop Mart DIMOO World),MU,A20N,Airbus A320-251N,B-32EP,Departed 01:26,2026-08-11 05:38:53
SIN,departures,2026-08-10,23:55,,MU544,,PVG,Shanghai Pudong International Airport,China Eastern Airlines,MU,B77W,Boeing 777-39P(ER),B-2025,Canceled,2026-08-11 05:38:53
SIN,departures,2026-08-10,23:55,00:14,KL836,KLM836,AMS,Amsterdam Schiphol Airport,KLM,KL,B77W,Boeing 777-306(ER),PH-BVN,Departed 01:14,2026-08-11 05:38:53
SUB,arrivals,2026-08-10,05:00,05:04,JT690,LNI690,CGK,Jakarta Soekarno Hatta International Airport,Lion Air,JT,B738,Boeing 737-8GP,PK-LOQ,Landed 05:04,2026-08-11 05:35:32
SUB,arrivals,2026-08-10,06:05,06:09,JT865,LNI865,LOP,Lombok International Airport,Lion Air,JT,B739,Boeing 737-9GP(ER),PK-LSJ,Landed 06:09,2026-08-11 05:35:32
SUB,arrivals,2026-08-10,06:30,06:16,JT363,LNI363,BPN,Balikpapan Sepinggan Airport,Lion Air,JT,B739,Boeing 737-9GP(ER),PK-LJG,Landed 06:16,2026-08-11 05:35:32
SUB,arrivals,2026-08-10,06:45,06:56,GA975,GIA975,JED,Jeddah King Abdulaziz International Airport,Garuda Indonesia,GA,A339,Airbus A330-941,PK-GHI,Landed 06:56,2026-08-11 05:35:32
SUB,arrivals,2026-08-10,06:50,06:20,ID7511,BTK7511,HLP,Jakarta Halim Perdanakusuma Airport,Batik Air,ID,A320,Airbus A320-214,PK-LUF,Landed 06:20,2026-08-11 05:35:32
SUB,arrivals,2026-08-10,07:00,06:47,JT693,LNI693,KOE,Kupang El Tari Airport,Lion Air,JT,B739,Boeing 737-9GP(ER),PK-LQT,Landed 06:47,2026-08-11 05:35:32
SUB,arrivals,2026-08-10,07:00,07:01,IU705,SJV705,DPS,Denpasar Ngurah Rai International Airport,Super Air Jet,IU,A320,Airbus A320-232,PK-SJE,Landed 07:01,2026-08-11 05:35:32
SUB,arrivals,2026-08-10,07:10,07:04,JT315,LNI315,BDJ,Banjarmasin Syamsudin Noor Airport,Lion Air,JT,B739,Boeing 737-9GP(ER),PK-LSL,Landed 07:04,2026-08-11 05:35:32
SUB,arrivals,2026-08-10,07:15,06:52,QG690,CTV690,DPS,Denpasar Ngurah Rai International Airport,Citilink,QG,A20N,Airbus A320-251N,PK-GTF,Landed 06:52,2026-08-11 05:35:32
SUB,arrivals,2026-08-10,07:15,07:07,JT267,LNI267,TRK,Tarakan Juwata International Airport,Lion Air,JT,B739,Boeing 737-9GP(ER),PK-LFK,Landed 07:07,2026-08-11 05:35:32
SUB,arrivals,2026-08-10,07:30,07:12,ID6572,BTK6572,CGK,Jakarta Soekarno Hatta International Airport,Batik Air,ID,A320,Airbus A320-214,PK-BKY,Landed 07:12,2026-08-11 05:35:32
SUB,arrivals,2026-08-10,07:40,07:55,JT837,LNI837,PNK,Pontianak Supadio Airport,Lion Air,JT,B738,Boeing 737-8GP,PK-LJR,Landed 07:55,2026-08-11 05:35:32
SUB,arrivals,2026-08-10,07:45,07:32,QG738,CTV738,CGK,Jakarta Soekarno Hatta International Airport,Citilink,QG,A20N,Airbus A320-251N,PK-GTC,Landed 07:32,2026-08-11 05:35:32
SUB,arrivals,2026-08-10,08:05,08:02,IP200,PAS200,CGK,Jakarta Soekarno Hatta International Airport,Pelita Air,IP,A320,Airbus A320-214,PK-PWG,Landed 08:02,2026-08-11 05:35:32
SUB,arrivals,2026-08-10,08:25,07:58,QG691,CTV691,DPS,Denpasar Ngurah Rai International Airport,Citilink,QG,A320,Airbus A320-214,PK-GQO,Landed 07:58,2026-08-11 05:35:32
SUB,arrivals,2026-08-10,08:25,,JT981,,UPG,Makassar Sultan Hasanuddin International Airport,Lion Air,JT,738,,,Unknown,2026-08-11 05:35:32
SUB,arrivals,2026-08-10,08:25,08:42,JT801,LNI801,UPG,Makassar Sultan Hasanuddin International Airport,Lion Air,JT,B739,Boeing 737-9GP(ER),PK-LSH,Landed 08:42,2026-08-11 05:35:32
SUB,arrivals,2026-08-10,08:25,,JT781,,UPG,Makassar Sultan Hasanuddin International Airport,Lion Air,JT,738,,,Unknown,2026-08-11 05:35:32
SUB,arrivals,2026-08-10,08:30,11:37,IU649,SJV649,BPN,Balikpapan Sepinggan Airport,Super Air Jet,IU,A320,Airbus A320-232,PK-SJE,Landed 11:37,2026-08-11 05:35:32
SUB,arrivals,2026-08-10,08:30,08:20,GA304,GIA304,CGK,Jakarta Soekarno Hatta International Airport,Garuda Indonesia,GA,B738,Boeing 737-8U3,PK-GMF,Landed 08:20,2026-08-11 05:35:32
SUB,arrivals,2026-08-10,08:45,08:32,QG435,CTV435,BPN,Balikpapan Sepinggan Airport,Citilink,QG,A320,Airbus A320-214,PK-GLP,Landed 08:32,2026-08-11 05:35:32
SUB,arrivals,2026-08-10,08:50,08:35,QG671,CTV671,LOP,Lombok International Airport,Citilink,QG,A320,Airbus A320-214,PK-GLQ,Landed 08:35,2026-08-11 05:35:32
SUB,arrivals,2026-08-10,08:50,08:54,IU715,SJV715,LOP,Lombok International Airport,Super Air Jet,IU,A320,Airbus A320-232,PK-SAV,Landed 08:54,2026-08-11 05:35:32
SUB,arrivals,2026-08-10,08:55,08:39,QG485,CTV485,BDJ,Banjarmasin Syamsudin Noor Airport,Citilink,QG,A320,Airbus A320-214,PK-GLM,Landed 08:39,2026-08-11 05:35:32
SUB,arrivals,2026-08-10,09:10,08:58,SQ922,SIA922,SIN,Singapore Changi Airport,Singapore Airlines,SQ,A359,Airbus A350-941,9V-SHC,Landed 08:58,2026-08-11 05:35:32
SUB,arrivals,2026-08-10,09:10,09:06,MH871,MAS871,KUL,Kuala Lumpur International Airport,Malaysia Airlines,MH,B738,Boeing 737-8H6,9M-MXW,Landed 09:06,2026-08-11 05:35:32
SUB,arrivals,2026-08-10,09:30,09:35,ID6584,BTK6584,CGK,Jakarta Soekarno Hatta International Airport,Batik Air (Book Cabin Sticker),ID,A320,Airbus A320-214,PK-LAF,Landed 09:35,2026-08-11 05:35:32
SUB,arrivals,2026-08-10,09:30,09:11,GA302,GIA302,CGK,Jakarta Soekarno Hatta International Airport,Garuda Indonesia,GA,B738,Boeing 737-81D,PK-GFR,Landed 09:11,2026-08-11 05:35:32
SUB,arrivals,2026-08-10,09:50,09:48,TR296,TGW296,SIN,Singapore Changi Airport,Scoot,TR,A20N,Airbus A320-271N,9V-TNE,Landed 09:48,2026-08-11 05:35:32
SUB,arrivals,2026-08-10,09:50,,IU719,,LOP,Lombok International Airport,Super Air Jet,IU,320,,,Canceled,2026-08-11 05:35:32
SUB,arrivals,2026-08-10,09:55,10:13,QG722,CTV722,CGK,Jakarta Soekarno Hatta International Airport,Citilink,QG,A320,Airbus A320-214,PK-GLV,Landed 10:13,2026-08-11 05:35:32
SUB,arrivals,2026-08-10,09:55,09:44,IP202,PAS202,CGK,Jakarta Soekarno Hatta International Airport,Pelita Air,IP,A320,Airbus A320-214,PK-PWP,Landed 09:44,2026-08-11 05:35:32
SUB,arrivals,2026-08-10,10:15,10:02,ID7513,BTK7513,HLP,Jakarta Halim Perdanakusuma Airport,Batik Air,ID,A320,Airbus A320-214,PK-LUY,Landed 10:02,2026-08-11 05:35:32
SUB,arrivals,2026-08-10,10:25,10:25,JT697,LNI697,KOE,Kupang El Tari Airport,Lion Air,JT,B738,Boeing 737-8GP,PK-LOQ,Landed 10:25,2026-08-11 05:35:32
SUB,arrivals,2026-08-10,10:25,10:20,GA322,GIA322,CGK,Jakarta Soekarno Hatta International Airport,Garuda Indonesia (Retro 1960 Livery),GA,B738,Boeing 737-8U3,PK-GFM,Landed 10:20,2026-08-11 05:35:32
SUB,arrivals,2026-08-10,10:30,,JT1707,,UPG,Makassar Sultan Hasanuddin International Airport,Lion Air,JT,739,,,Unknown,2026-08-11 05:35:32
SUB,arrivals,2026-08-10,10:30,10:42,JT791,LNI791,UPG,Makassar Sultan Hasanuddin International Airport,Lion Air,JT,B739,Boeing 737-9GP(ER),PK-LSJ,Landed 10:42,2026-08-11 05:35:32
SUB,arrivals,2026-08-10,10:30,,JT680,,UPG,Makassar Sultan Hasanuddin International Airport,Lion Air,JT,738,,,Unknown,2026-08-11 05:35:32
SUB,arrivals,2026-08-10,10:35,10:47,JT805,LNI805,DPS,Denpasar Ngurah Rai International Airport,Lion Air,JT,B739,Boeing 737-9GP(ER),PK-LSL,Landed 10:47,2026-08-11 05:35:32
SUB,arrivals,2026-08-10,10:35,10:16,JT694,LNI694,CGK,Jakarta Soekarno Hatta International Airport,Lion Air (Bookcabin Livery),JT,B738,Boeing 737-8GP,PK-LJY,Landed 10:16,2026-08-11 05:35:32
SUB,arrivals,2026-08-10,10:35,,JT241,,CGK,Jakarta Soekarno Hatta International Airport,Lion Air,JT,739,,,Unknown,2026-08-11 05:35:32
SUB,arrivals,2026-08-10,10:45,10:51,QZ321,AWQ321,KUL,Kuala Lumpur International Airport,AirAsia (Dnars Indonesia Livery),AK,A320,Airbus A320-216,PK-AZN,Landed 10:51,2026-08-11 05:35:32
SUB,arrivals,2026-08-10,10:55,10:28,QG718,CTV718,CGK,Jakarta Soekarno Hatta International Airport,Citilink,QG,A320,Airbus A320-214,PK-GLX,Landed 10:28,2026-08-11 05:35:32
SUB,arrivals,2026-08-10,10:55,13:27,JT970,LNI970,BTH,Batam Hang Nadim Airport,Lion Air,JT,B739,Boeing 737-9GP(ER),PK-LHS,Landed 13:27,2026-08-11 05:35:32
SUB,arrivals,2026-08-10,10:55,13:53,ID7517,BTK7517,HLP,Jakarta Halim Perdanakusuma Airport,Batik Air,ID,A320,Airbus A320-214,PK-LUF,Landed 13:53,2026-08-11 05:35:32
SUB,arrivals,2026-08-10,10:55,10:36,ID6134,BTK6134,PKN,Pangkalan Bun Iskandar Airport,Batik Air,ID,A320,Airbus A320-214,PK-LUI,Landed 10:36,2026-08-11 05:35:32
SUB,arrivals,2026-08-10,11:20,,JT223,,BDJ,Banjarmasin Syamsudin Noor Airport,Lion Air,JT,739,,,Canceled,2026-08-11 05:35:32
SUB,arrivals,2026-08-10,11:25,11:03,QG351,CTV351,UPG,Makassar Sultan Hasanuddin International Airport,Citilink,QG,A20N,Airbus A320-251N,PK-GTG,Landed 11:03,2026-08-11 05:35:32
SUB,arrivals,2026-08-10,11:25,11:51,IN193,LKN193,PKN,Pangkalan Bun Iskandar Airport,Nam Air,IN,B735,Boeing 737-524,PK-NAU,Landed 11:51,2026-08-11 05:35:32
SUB,arrivals,2026-08-10,11:40,,IU611,,BPN,Balikpapan Sepinggan Airport,Super Air Jet,IU,320,,,Canceled,2026-08-11 05:35:32
SUB,arrivals,2026-08-10,11:45,11:28,QG461,CTV461,AAP,Samarinda AP Tumenggung Pranoto Airport,Citilink,QG,A20N,Airbus A320-251N,PK-GTF,Landed 11:28,2026-08-11 05:35:32
SUB,arrivals,2026-08-10,12:00,12:02,JT105,LNI105,JED,Jeddah King Abdulaziz International Airport,Lion Air,JT,A339,Airbus A330-941,PK-LEQ,Landed 12:02,2026-08-11 05:35:32
SUB,arrivals,2026-08-10,12:10,12:05,QG487,CTV487,BDJ,Banjarmasin Syamsudin Noor Airport,Citilink,QG,A320,Airbus A320-214,PK-GLP,Landed 12:05,2026-08-11 05:35:32
SUB,arrivals,2026-08-10,12:15,12:10,QG697,CTV697,DPS,Denpasar Ngurah Rai International Airport,Citilink,QG,A320,Airbus A320-214,PK-GLM,Landed 12:10,2026-08-11 05:35:29
SUB,arrivals,2026-08-10,12:15,11:58,IP204,PAS204,CGK,Jakarta Soekarno Hatta International Airport,Pelita Air,IP,A320,Airbus A320-214,PK-PWC,Landed 11:58,2026-08-11 05:35:29
SUB,arrivals,2026-08-10,12:20,,JT949,,UPG,Makassar Sultan Hasanuddin International Airport,Lion Air,JT,738,,,Unknown,2026-08-11 05:35:29
SUB,arrivals,2026-08-10,12:20,12:14,JT869,LNI869,TTE,Ternate Babullah Airport,Lion Air,JT,B738,Boeing 737-8GP,PK-LJS,Landed 12:14,2026-08-11 05:35:29
SUB,arrivals,2026-08-10,12:20,12:07,JT787,LNI787,UPG,Makassar Sultan Hasanuddin International Airport,Lion Air,JT,B739,Boeing 737-9GP(ER),PK-LGL,Landed 12:07,2026-08-11 05:35:29
SUB,arrivals,2026-08-10,12:55,12:45,QZ325,AWQ325,KUL,Kuala Lumpur International Airport,AirAsia,AK,A320,Airbus A320-214,PK-AZJ,Landed 12:45,2026-08-11 05:35:29
SUB,arrivals,2026-08-10,13:10,,IU653,,AAP,Samarinda AP Tumenggung Pranoto Airport,Super Air Jet,IU,320,,,Canceled,2026-08-11 05:35:29
SUB,arrivals,2026-08-10,13:20,13:02,IU617,SJV617,BPN,Balikpapan Sepinggan Airport,Super Air Jet,IU,A320,Airbus A320-232,PK-STG,Landed 13:02,2026-08-11 05:35:29
SUB,arrivals,2026-08-10,13:30,13:29,QG736,CTV736,CGK,Jakarta Soekarno Hatta International Airport,Citilink,QG,A320,Airbus A320-214,PK-GQG,Landed 13:29,2026-08-11 05:35:29
SUB,arrivals,2026-08-10,13:30,13:32,JT857,LNI857,PLM,Palembang International Airport,Lion Air,JT,B738,Boeing 737-8GP,PK-LJR,Landed 13:32,2026-08-11 05:35:29
SUB,arrivals,2026-08-10,13:30,14:33,IU635,SJV635,BDJ,Banjarmasin Syamsudin Noor Airport,Super Air Jet,IU,A320,Airbus A320-232,PK-SAH,Landed 14:33,2026-08-11 05:35:29
SUB,arrivals,2026-08-10,13:50,13:45,IU717,SJV717,LOP,Lombok International Airport,Super Air Jet,IU,A320,Airbus A320-232,PK-STD,Landed 13:45,2026-08-11 05:35:29
SUB,arrivals,2026-08-10,13:50,13:40,GA312,GIA312,CGK,Jakarta Soekarno Hatta International Airport,Garuda Indonesia,GA,B738,Boeing 737-8U3,PK-GMD,Landed 13:40,2026-08-11 05:35:29
SUB,arrivals,2026-08-10,13:55,14:42,JT919,LNI919,DPS,Denpasar Ngurah Rai International Airport,Lion Air,JT,B739,Boeing 737-9GP(ER),PK-LSU,Landed 14:42,2026-08-11 05:35:29
SUB,arrivals,2026-08-10,14:00,15:00,QG176,CTV176,HLP,Jakarta Halim Perdanakusuma Airport,Citilink,QG,A320,Airbus A320-214,PK-GLK,Landed 15:00,2026-08-11 05:35:29
SUB,arrivals,2026-08-10,14:20,13:58,QG495,CTV495,BDJ,Banjarmasin Syamsudin Noor Airport,Citilink Garuda Indonesia,QG,A320,Airbus A320-214,PK-GQT,Landed 13:58,2026-08-11 05:35:29
SUB,arrivals,2026-08-10,14:30,14:19,QG949,CTV949,BTH,Batam Hang Nadim Airport,Citilink,QG,A320,Airbus A320-214,PK-GLQ,Landed 14:19,2026-08-11 05:35:29
SUB,arrivals,2026-08-10,14:30,14:26,JT749,LNI749,MDC,Manado Sam Ratulangi International Airport,Lion Air,JT,B739,Boeing 737-96N(ER),PK-LSY,Landed 14:26,2026-08-11 05:35:29
SUB,arrivals,2026-08-10,14:35,14:36,JT879,LNI879,AMQ,Ambon Pattimura Airport,Lion Air,JT,B739,Boeing 737-9GP(ER),PK-LFO,Landed 14:36,2026-08-11 05:35:29
SUB,arrivals,2026-08-10,14:40,14:57,IN243,LKN243,SMQ,Sampit Airport,Nam Air,IN,B735,Boeing 737-524,PK-NAU,Landed 14:57,2026-08-11 05:35:29
SUB,arrivals,2026-08-10,14:45,14:29,JT107,LNI107,JED,Jeddah King Abdulaziz International Airport,Lion Air,JT,A339,Airbus A330-941,PK-LEI,Landed 14:29,2026-08-11 05:35:29
SUB,arrivals,2026-08-10,14:50,14:39,IU675,SJV675,PKY,Palangkaraya Tjilik Riwut Airport,Super Air Jet,IU,A320,Airbus A320-232,PK-SJM,Landed 14:39,2026-08-11 05:35:29
SUB,arrivals,2026-08-10,14:55,,JT1985,,UPG,Makassar Sultan Hasanuddin International Airport,Lion Air,JT,739,,,Unknown,2026-08-11 05:35:29
SUB,arrivals,2026-08-10,14:55,,JT1801,,UPG,Makassar Sultan Hasanuddin International Airport,Lion Air,JT,738,,,Unknown,2026-08-11 05:35:29
SUB,arrivals,2026-08-10,14:55,,JT897,,UPG,Makassar Sultan Hasanuddin International Airport,Lion Air,JT,738,,,Unknown,2026-08-11 05:35:29
SUB,arrivals,2026-08-10,14:55,,JT838,,UPG,Makassar Sultan Hasanuddin International Airport,Lion Air,JT,738,,,Unknown,2026-08-11 05:35:29
SUB,arrivals,2026-08-10,14:55,15:09,JT707,LNI707,UPG,Makassar Sultan Hasanuddin International Airport,Lion Air,JT,B739,Boeing 737-9GP(ER),PK-LSJ,Landed 15:09,2026-08-11 05:35:29
SUB,arrivals,2026-08-10,15:00,17:44,ID7501,BTK7501,HLP,Jakarta Halim Perdanakusuma Airport,Batik Air,ID,A320,Airbus A320-214,PK-LUF,Landed 17:44,2026-08-11 05:35:29
SUB,arrivals,2026-08-10,15:00,14:48,ID6406,BTK6406,CGK,Jakarta Soekarno Hatta International Airport,Batik Air,ID,A320,Airbus A320-233,PK-BKG,Landed 14:48,2026-08-11 05:35:29
SUB,arrivals,2026-08-10,15:10,14:46,QG716,CTV716,CGK,Jakarta Soekarno Hatta International Airport,Citilink,QG,A320,Airbus A320-214,PK-GLV,Landed 14:46,2026-08-11 05:35:29
SUB,arrivals,2026-08-10,15:15,15:17,GA310,GIA310,CGK,Jakarta Soekarno Hatta International Airport,Garuda Indonesia,GA,B738,Boeing 737-8U3,PK-GNA,Landed 15:17,2026-08-11 05:35:29
SUB,arrivals,2026-08-10,15:20,14:54,IU641,SJV641,AAP,Samarinda AP Tumenggung Pranoto Airport,Super Air Jet,IU,A320,Airbus A320-232,PK-SAS,Landed 14:54,2026-08-11 05:35:29
SUB,arrivals,2026-08-10,15:30,15:07,IW1804,WON1804,SMQ,Sampit Airport,Wings Air,IW,AT76,ATR 72-600,PK-WJP,Landed 15:07,2026-08-11 05:35:29
SUB,arrivals,2026-08-10,15:40,15:26,SQ926,SIA926,SIN,Singapore Changi Airport,Singapore Airlines,SQ,B38M,Boeing 737 MAX 8,9V-MBD,Landed 15:26,2026-08-11 05:35:29
SUB,arrivals,2026-08-10,15:40,15:36,QG669,CTV669,DPS,Denpasar Ngurah Rai International Airport,Citilink,QG,A320,Airbus A320-214,PK-GLM,Landed 15:36,2026-08-11 05:35:29
SUB,arrivals,2026-08-10,15:50,15:50,QG457,CTV457,PKY,Palangkaraya Tjilik Riwut Airport,Citilink,QG,A320,Airbus A320-214,PK-GLP,Landed 15:50,2026-08-11 05:35:29
SUB,arrivals,2026-08-10,15:55,15:46,JT695,LNI695,KOE,Kupang El Tari Airport,Lion Air,JT,B738,Boeing 737-8GP,PK-LOQ,Landed 15:46,2026-08-11 05:35:29
SUB,arrivals,2026-08-10,16:00,15:43,IP206,PAS206,CGK,Jakarta Soekarno Hatta International Airport,Pelita Air,IP,A320,Airbus A320-214,PK-PWE,Landed 15:43,2026-08-11 05:35:29
SUB,arrivals,2026-08-10,16:15,16:11,QG417,CTV417,PNK,Pontianak Supadio Airport,Citilink,QG,A20N,Airbus A320-251N,PK-GTF,Landed 16:11,2026-08-11 05:35:29
SUB,arrivals,2026-08-10,16:15,16:01,GA326,GIA326,CGK,Jakarta Soekarno Hatta International Airport,Garuda Indonesia,GA,B738,Boeing 737-8U3,PK-GNQ,Landed 16:01,2026-08-11 05:35:29
SUB,arrivals,2026-08-10,16:35,16:15,JT972,LNI972,BTH,Batam Hang Nadim Airport,Lion Air,JT,B739,Boeing 737-9GP(ER),PK-LJG,Landed 16:15,2026-08-11 05:35:29
SUB,arrivals,2026-08-10,16:35,16:25,JT692,LNI692,CGK,Jakarta Soekarno Hatta International Airport,Lion Air,JT,B739,Boeing 737-9GP(ER),PK-LFZ,Landed 16:25,2026-08-11 05:35:29
SUB,arrivals,2026-08-10,16:35,,JT171,,CGK,Jakarta Soekarno Hatta International Airport,Lion Air,JT,739,,,Unknown,2026-08-11 05:35:29
SUB,arrivals,2026-08-10,16:40,16:44,QG353,CTV353,UPG,Makassar Sultan Hasanuddin International Airport,Citilink,QG,A20N,Airbus A320-251N,PK-GTC,Landed 16:44,2026-08-11 05:35:29
SUB,arrivals,2026-08-10,16:40,16:20,JT681,LNI681,PKY,Palangkaraya Tjilik Riwut Airport,Lion Air,JT,B739,Boeing 737-9GP(ER),PK-LGL,Landed 16:20,2026-08-11 05:35:29
SUB,arrivals,2026-08-10,16:40,17:14,IU703,SJV703,DPS,Denpasar Ngurah Rai International Airport,Super Air Jet,IU,A320,Airbus A320-232,PK-STD,Landed 17:14,2026-08-11 05:35:29
SUB,arrivals,2026-08-10,16:40,16:30,ID6347,BTK6347,BEJ,Kalimarau Airport,Batik Air,ID,A320,Airbus A320-214,PK-LUI,Landed 16:30,2026-08-11 05:35:29
SUB,arrivals,2026-08-10,16:50,16:41,ID6578,BTK6578,CGK,Jakarta Soekarno Hatta International Airport,Batik Air,ID,A320,Airbus A320-214,PK-BLD,Landed 16:41,2026-08-11 05:35:29
SUB,arrivals,2026-08-10,16:50,,ID6711,,CGK,Jakarta Soekarno Hatta International Airport,Batik Air,ID,32A,,,Unknown,2026-08-11 05:35:29
SUB,arrivals,2026-08-10,17:00,18:06,IU721,SJV721,LOP,Lombok International Airport,Super Air Jet,IU,A320,Airbus A320-232,PK-SAH,Landed 18:06,2026-08-11 05:35:29
SUB,arrivals,2026-08-10,17:10,17:23,QZ323,AWQ323,KUL,Kuala Lumpur International Airport,AirAsia (Dnars Indonesia Livery),AK,A320,Airbus A320-216,PK-AZN,Landed 17:23,2026-08-11 05:35:29
SUB,arrivals,2026-08-10,17:10,17:06,GA349,GIA349,DPS,Denpasar Ngurah Rai International Airport,Garuda Indonesia,GA,B738,Boeing 737-8U3,PK-GMF,Landed 17:06,2026-08-11 05:35:29
SUB,arrivals,2026-08-10,17:15,,IU615,,BPN,Balikpapan Sepinggan Airport,Super Air Jet,IU,320,,,Canceled,2026-08-11 05:35:29
SUB,arrivals,2026-08-10,17:15,20:01,ID7515,BTK7515,HLP,Jakarta Halim Perdanakusuma Airport,Batik Air,ID,A320,Airbus A320-214,PK-LAT,Landed 20:01,2026-08-11 05:35:29
SUB,arrivals,2026-08-10,17:20,17:03,MH875,MAS875,KUL,Kuala Lumpur International Airport,Malaysia Airlines,MH,B738,Boeing 737-8H6,9M-MLT,Landed 17:03,2026-08-11 05:35:29
SUB,arrivals,2026-08-10,17:30,17:34,JT723,LNI723,KDI,Kendari Haluoleo Airport,Lion Air,JT,B738,Boeing 737-8GP,PK-LJS,Landed 17:34,2026-08-11 05:35:29
SUB,arrivals,2026-08-10,17:35,17:28,IP622,PAS622,BPN,Balikpapan Sepinggan Airport,Pelita Air,IP,A320,Airbus A320-214,PK-PWP,Landed 17:28,2026-08-11 05:35:29
SUB,arrivals,2026-08-10,17:40,17:19,GA320,GIA320,CGK,Jakarta Soekarno Hatta International Airport,Garuda Indonesia,GA,B738,Boeing 737-8U3,PK-GMM,Landed 17:19,2026-08-11 05:35:29
SUB,arrivals,2026-08-10,17:50,,JT1881,,UPG,Makassar Sultan Hasanuddin International Airport,Lion Air,JT,739,,,Unknown,2026-08-11 05:35:29
SUB,arrivals,2026-08-10,17:50,,JT1885,,UPG,Makassar Sultan Hasanuddin International Airport,Lion Air,JT,738,,,Unknown,2026-08-11 05:35:29
SUB,arrivals,2026-08-10,17:50,,JT997,,UPG,Makassar Sultan Hasanuddin International Airport,Lion Air,JT,738,,,Unknown,2026-08-11 05:35:29
SUB,arrivals,2026-08-10,17:50,,JT1797,,UPG,Makassar Sultan Hasanuddin International Airport,Lion Air,JT,739,,,Unknown,2026-08-11 05:35:29
SUB,arrivals,2026-08-10,17:50,17:37,JT885,LNI885,UPG,Makassar Sultan Hasanuddin International Airport,Lion Air,JT,B738,Boeing 737-8GP,PK-LJQ,Landed 17:37,2026-08-11 05:35:29
SUB,arrivals,2026-08-10,18:15,17:56,QG174,CTV174,CGK,Jakarta Soekarno Hatta International Airport,Citilink,QG,A320,Airbus A320-214,PK-GLX,Landed 17:56,2026-08-11 05:35:29
SUB,arrivals,2026-08-10,18:15,17:51,CX629,CPA629,HKG,Hong Kong International Airport,Cathay Pacific,CX,A333,Airbus A330-343,B-HYG,Landed 17:51,2026-08-11 05:35:29
SUB,arrivals,2026-08-10,18:20,18:03,SQ928,SIA928,SIN,Singapore Changi Airport,Singapore Airlines,SQ,B38M,Boeing 737 MAX 8,9V-MBW,Landed 18:03,2026-08-11 05:35:29
SUB,arrivals,2026-08-10,18:20,19:22,JT361,LNI361,BPN,Balikpapan Sepinggan Airport,Lion Air,JT,B739,Boeing 737-9GP(ER),PK-LSU,Landed 19:22,2026-08-11 05:35:29
SUB,arrivals,2026-08-10,18:30,18:18,ID6576,BTK6576,CGK,Jakarta Soekarno Hatta International Airport,Batik Air,ID,B738,Boeing 737-8GP,PK-LBW,Landed 18:18,2026-08-11 05:35:29
SUB,arrivals,2026-08-10,18:35,19:01,JT311,LNI311,BDJ,Banjarmasin Syamsudin Noor Airport,Lion Air,JT,B739,Boeing 737-9GP(ER),PK-LFO,Landed 19:01,2026-08-11 05:35:29
SUB,arrivals,2026-08-10,18:40,18:21,QG355,CTV355,UPG,Makassar Sultan Hasanuddin International Airport,Citilink Garuda Indonesia,QG,A320,Airbus A320-214,PK-GQT,Landed 18:21,2026-08-11 05:35:29
SUB,arrivals,2026-08-10,18:50,18:28,IP210,PAS210,CGK,Jakarta Soekarno Hatta International Airport,Pelita Air,IP,A320,Airbus A320-214,PK-PWD,Landed 18:28,2026-08-11 05:35:29
SUB,arrivals,2026-08-10,18:55,18:46,QG431,CTV431,BPN,Balikpapan Sepinggan Airport,Citilink,QG,A320,Airbus A320-214,PK-GLQ,Landed 18:46,2026-08-11 05:35:29
SUB,arrivals,2026-08-10,19:05,19:17,QG489,CTV489,BDJ,Banjarmasin Syamsudin Noor Airport,Citilink,QG,A320,Airbus A320-214,PK-GLM,Landed 19:17,2026-08-11 05:35:29
SUB,arrivals,2026-08-10,19:10,18:57,IU725,SJV725,LBJ,Labuan Bajo Komodo Airport,Super Air Jet,IU,A320,Airbus A320-232,PK-SJM,Landed 18:57,2026-08-11 05:35:29
SUB,arrivals,2026-08-10,19:20,19:47,SJ567,SJY567,UPG,Makassar Sultan Hasanuddin International Airport,Sriwijaya Air,SJ,B735,Boeing 737-524,PK-CLE,Landed 19:47,2026-08-11 05:35:29
SUB,arrivals,2026-08-10,19:25,19:10,QG673,CTV673,LOP,Lombok International Airport,Citilink,QG,A320,Airbus A320-214,PK-GLP,Landed 19:10,2026-08-11 05:35:29
SUB,arrivals,2026-08-10,19:40,19:42,QG699,CTV699,DPS,Denpasar Ngurah Rai International Airport,Citilink,QG,A20N,Airbus A320-251N,PK-GTF,Landed 19:42,2026-08-11 05:35:29
SUB,arrivals,2026-08-10,19:55,19:57,JT923,LNI923,DPS,Denpasar Ngurah Rai International Airport,Lion Air,JT,B739,Boeing 737-9GP(ER),PK-LJG,Landed 19:57,2026-08-11 05:35:29
SUB,arrivals,2026-08-10,19:55,,ID8763,,UPG,Makassar Sultan Hasanuddin International Airport,Batik Air,ID,32A,,,Unknown,2026-08-11 05:35:29
SUB,arrivals,2026-08-10,19:55,,ID8261,,UPG,Makassar Sultan Hasanuddin International Airport,Batik Air,ID,32A,,,Unknown,2026-08-11 05:35:29
SUB,arrivals,2026-08-10,19:55,,ID8750,,UPG,Makassar Sultan Hasanuddin International Airport,Batik Air,ID,32A,,,Unknown,2026-08-11 05:35:29
SUB,arrivals,2026-08-10,19:55,,ID8555,,UPG,Makassar Sultan Hasanuddin International Airport,Batik Air,ID,32A,,,Unknown,2026-08-11 05:35:29
SUB,arrivals,2026-08-10,19:55,,ID8293,,UPG,Makassar Sultan Hasanuddin International Airport,Batik Air,ID,32A,,,Unknown,2026-08-11 05:35:29
SUB,arrivals,2026-08-10,19:55,,ID8183,,UPG,Makassar Sultan Hasanuddin International Airport,Batik Air,ID,32A,,,Unknown,2026-08-11 05:35:29
SUB,arrivals,2026-08-10,19:55,19:38,ID6137,BTK6137,UPG,Makassar Sultan Hasanuddin International Airport,Batik Air,ID,A320,Airbus A320-214,PK-LUW,Landed 19:38,2026-08-11 05:35:29
SUB,arrivals,2026-08-10,20:00,20:04,QZ387,AWQ387,PEN,Penang International Airport,AirAsia,AK,A320,Airbus A320-214,PK-AZJ,Landed 20:04,2026-08-11 05:35:29
SUB,arrivals,2026-08-10,20:00,19:54,IU341,SJV341,PNK,Pontianak Supadio Airport,Super Air Jet,IU,A320,Airbus A320-232,PK-SAS,Landed 19:54,2026-08-11 05:35:29
SUB,arrivals,2026-08-10,20:30,20:16,QG726,CTV726,CGK,Jakarta Soekarno Hatta International Airport,Citilink,QG,A320,Airbus A320-214,PK-GLG,Landed 20:16,2026-08-11 05:35:29
SUB,arrivals,2026-08-10,20:30,20:22,ID6415,BTK6415,DPS,Denpasar Ngurah Rai International Airport,Batik Air,ID,A320,Airbus A320-214,PK-LUK,Landed 20:22,2026-08-11 05:35:29
SUB,arrivals,2026-08-10,20:45,20:39,QG172,CTV172,HLP,Jakarta Halim Perdanakusuma Airport,Citilink,QG,A20N,Airbus A320-251N,PK-GTC,Landed 20:39,2026-08-11 05:35:29
SUB,arrivals,2026-08-10,20:45,20:47,ID7251,BTK7251,KUL,Kuala Lumpur International Airport,Batik Air,ID,B738,Boeing 737-8GP,PK-LZZ,Landed 20:47,2026-08-11 05:35:29
SUB,arrivals,2026-08-10,21:00,20:43,BI795,RBA795,BWN,Brunei International Airport,Royal Brunei Airlines,BI,A20N,Airbus A320-251N,V8-RBB,Landed 20:43,2026-08-11 05:35:29
SUB,arrivals,2026-08-10,21:30,,ID6821,,CGK,Jakarta Soekarno Hatta International Airport,Batik Air,ID,32A,,,Unknown,2026-08-11 05:35:29
SUB,arrivals,2026-08-10,21:30,21:21,ID6588,BTK6588,CGK,Jakarta Soekarno Hatta International Airport,Batik Air,ID,A320,Airbus A320-214,PK-BKY,Landed 21:21,2026-08-11 05:35:29
SUB,arrivals,2026-08-10,21:40,22:02,ID7521,BTK7521,HLP,Jakarta Halim Perdanakusuma Airport,Batik Air,ID,A320,Airbus A320-214,PK-LUF,Landed 22:02,2026-08-11 05:35:29
SUB,arrivals,2026-08-10,21:50,21:35,GA324,GIA324,CGK,Jakarta Soekarno Hatta International Airport,Garuda Indonesia,GA,B738,Boeing 737-8U3,PK-GFP,Landed 21:35,2026-08-11 05:35:29
SUB,arrivals,2026-08-10,22:00,21:41,CZ8137,CSN8137,CAN,Guangzhou Baiyun International Airport,China Southern Airlines,CZ,A21N,Airbus A321-253NX,B-30FW,Landed 21:41,2026-08-11 05:35:29
SUB,arrivals,2026-08-10,22:40,22:11,QG728,CTV728,CGK,Jakarta Soekarno Hatta International Airport,Citilink (Tiket.com Livery),QG,A320,Airbus A320-214,PK-GLZ,Landed 22:11,2026-08-11 05:35:29
SUB,arrivals,2026-08-10,23:30,23:38,QZ327,AWQ327,KUL,Kuala Lumpur International Airport,AirAsia (Dnars Indonesia Livery),AK,A320,Airbus A320-216,PK-AZN,Landed 23:38,2026-08-11 05:35:29
SUB,departures,2026-08-10,05:00,05:26,3Y815,MYU815,CGK,Jakarta Soekarno Hatta International Airport,My Indo Airlines,3Y,B734,Boeing 737-4Q8(SF),PK-MYN,Departed 05:26,2026-08-11 05:35:58
SUB,departures,2026-08-10,05:00,05:13,JT878,LNI878,AMQ,Ambon Pattimura Airport,Lion Air,JT,B739,Boeing 737-9GP(ER),PK-LFO,Departed 05:13,2026-08-11 05:35:58
SUB,departures,2026-08-10,05:00,05:22,ID7508,BTK7508,HLP,Jakarta Halim Perdanakusuma Airport,Batik Air,ID,A320,Airbus A320-214,PK-LUY,Departed 05:22,2026-08-11 05:35:58
SUB,departures,2026-08-10,05:05,05:10,QZ320,AWQ320,KUL,Kuala Lumpur International Airport,AirAsia (Dnars Indonesia Livery),AK,A320,Airbus A320-216,PK-AZN,Departed 05:10,2026-08-11 05:35:58
SUB,departures,2026-08-10,05:05,05:17,QG430,CTV430,BPN,Balikpapan Sepinggan Airport,Citilink,QG,A320,Airbus A320-214,PK-GLP,Departed 05:17,2026-08-11 05:35:58
SUB,departures,2026-08-10,05:05,05:15,JT786,LNI786,UPG,Makassar Sultan Hasanuddin International Airport,Lion Air,JT,B739,Boeing 737-9GP(ER),PK-LGL,Departed 05:15,2026-08-11 05:35:58
SUB,departures,2026-08-10,05:05,05:05,JT742,,UPG,Makassar Sultan Hasanuddin International Airport,Lion Air,JT,738,,,Estimated dep 05:05*,2026-08-11 05:35:58
SUB,departures,2026-08-10,05:05,05:19,ID6391,BTK6391,CGK,Jakarta Soekarno Hatta International Airport,Batik Air,ID,A320,Airbus A320-214,PK-LAJ,Departed 05:19,2026-08-11 05:35:58
SUB,departures,2026-08-10,05:15,05:24,ID6414,BTK6414,DPS,Denpasar Ngurah Rai International Airport,Batik Air,ID,A320,Airbus A320-214,PK-LUV,Departed 05:24,2026-08-11 05:35:58
SUB,departures,2026-08-10,05:30,05:34,QG692,CTV692,DPS,Denpasar Ngurah Rai International Airport,Citilink,QG,A320,Airbus A320-214,PK-GQO,Departed 05:34,2026-08-11 05:35:58
SUB,departures,2026-08-10,05:45,05:56,JT690,LNI690,KOE,Kupang El Tari Airport,Lion Air,JT,B738,Boeing 737-8GP,PK-LOQ,Departed 05:56,2026-08-11 05:35:58
SUB,departures,2026-08-10,06:00,06:01,QG670,CTV670,LOP,Lombok International Airport,Citilink,QG,A320,Airbus A320-214,PK-GLQ,Departed 06:01,2026-08-11 05:35:58
SUB,departures,2026-08-10,06:00,05:59,QG484,CTV484,BDJ,Banjarmasin Syamsudin Noor Airport,Citilink,QG,A320,Airbus A320-214,PK-GLM,Departed 05:59,2026-08-11 05:35:58
SUB,departures,2026-08-10,06:00,06:03,JT868,LNI868,TTE,Ternate Babullah Airport,Lion Air,JT,B738,Boeing 737-8GP,PK-LJS,Departed 06:03,2026-08-11 05:35:58
SUB,departures,2026-08-10,06:00,06:17,IU714,SJV714,LOP,Lombok International Airport,Super Air Jet,IU,A320,Airbus A320-232,PK-SAV,Departed 06:17,2026-08-11 05:35:58
SUB,departures,2026-08-10,06:00,06:21,IU640,SJV640,AAP,Samarinda AP Tumenggung Pranoto Airport,Super Air Jet,IU,A320,Airbus A320-232,PK-SAS,Departed 06:21,2026-08-11 05:35:58
SUB,departures,2026-08-10,06:00,06:23,BI796,RBA796,BWN,Brunei International Airport,Royal Brunei Airlines (50th Anniversary sticker),BI,A20N,Airbus A320-251N,V8-RBE,Departed 06:23,2026-08-11 05:35:58
SUB,departures,2026-08-10,06:10,06:10,IP213,PAS213,CGK,Jakarta Soekarno Hatta International Airport,Pelita Air,IP,A320,Airbus A320-214,PK-PWP,Departed 06:10,2026-08-11 05:35:58
SUB,departures,2026-08-10,06:45,06:45,JT1892,,UPG,Makassar Sultan Hasanuddin International Airport,Lion Air,JT,738,,,Estimated dep 06:45*,2026-08-11 05:35:58
SUB,departures,2026-08-10,06:45,06:45,JT994,,UPG,Makassar Sultan Hasanuddin International Airport,Lion Air,JT,738,,,Estimated dep 06:45*,2026-08-11 05:35:58
SUB,departures,2026-08-10,06:45,09:36,JT854,,UPG,Makassar Sultan Hasanuddin International Airport,Lion Air,JT,739,,,Unknown,2026-08-11 05:35:58
SUB,departures,2026-08-10,06:45,07:15,JT882,LNI882,UPG,Makassar Sultan Hasanuddin International Airport,Lion Air,JT,B739,Boeing 737-9GP(ER),PK-LSJ,Departed 07:15,2026-08-11 05:35:58
SUB,departures,2026-08-10,07:00,,IU718,,LOP,Lombok International Airport,Super Air Jet,IU,320,,,Canceled,2026-08-11 05:35:58
SUB,departures,2026-08-10,07:05,07:09,QZ324,AWQ324,KUL,Kuala Lumpur International Airport,AirAsia,AK,A320,Airbus A320-214,PK-AZJ,Departed 07:09,2026-08-11 05:35:58
SUB,departures,2026-08-10,07:05,07:14,GA305,GIA305,CGK,Jakarta Soekarno Hatta International Airport,Garuda Indonesia,GA,B738,Boeing 737-81M,PK-GUC,Departed 07:14,2026-08-11 05:35:58
SUB,departures,2026-08-10,07:10,07:20,JT971,LNI971,BTH,Batam Hang Nadim Airport,Lion Air,JT,B739,Boeing 737-9GP(ER),PK-LJG,Departed 07:20,2026-08-11 05:35:58
SUB,departures,2026-08-10,07:30,07:17,ID7510,BTK7510,HLP,Jakarta Halim Perdanakusuma Airport,Batik Air,ID,A320,Airbus A320-214,PK-LUF,Departed 07:17,2026-08-11 05:35:58
SUB,departures,2026-08-10,07:35,07:36,QG175,CTV175,CGK,Jakarta Soekarno Hatta International Airport,Citilink,QG,A320,Airbus A320-214,PK-GLL,Departed 07:36,2026-08-11 05:35:58
SUB,departures,2026-08-10,07:40,07:46,JT693,LNI693,CGK,Jakarta Soekarno Hatta International Airport,Lion Air,JT,B739,Boeing 737-9GP(ER),PK-LQT,Departed 07:46,2026-08-11 05:35:58
SUB,departures,2026-08-10,07:40,07:40,JT176,,CGK,Jakarta Soekarno Hatta International Airport,Lion Air,JT,739,,,Estimated dep 07:40*,2026-08-11 05:35:58
SUB,departures,2026-08-10,07:40,07:42,IU674,SJV674,PKY,Palangkaraya Tjilik Riwut Airport,Super Air Jet,IU,A320,Airbus A320-232,PK-SJM,Departed 07:42,2026-08-11 05:35:58
SUB,departures,2026-08-10,07:50,07:52,QG460,CTV460,AAP,Samarinda AP Tumenggung Pranoto Airport,Citilink,QG,A20N,Airbus A320-251N,PK-GTF,Departed 07:52,2026-08-11 05:35:58
SUB,departures,2026-08-10,07:50,07:55,ID6135,BTK6135,PKN,Pangkalan Bun Iskandar Airport,Batik Air,ID,A320,Airbus A320-214,PK-LUI,Departed 07:55,2026-08-11 05:35:58
SUB,departures,2026-08-10,07:55,08:13,JT990,LNI990,DPS,Denpasar Ngurah Rai International Airport,Lion Air,JT,B739,Boeing 737-9GP(ER),PK-LSL,Departed 08:13,2026-08-11 05:35:58
SUB,departures,2026-08-10,07:55,08:07,IU610,SJV610,BPN,Balikpapan Sepinggan Airport,Super Air Jet,IU,A320,Airbus A320-232,PK-SJE,Departed 08:07,2026-08-11 05:35:58
SUB,departures,2026-08-10,08:00,07:44,CZ8138,CSN8138,CAN,Guangzhou Baiyun International Airport,China Southern Airlines,CZ,A21N,Airbus A321-251NX,B-32M5,Departed 07:44,2026-08-11 05:35:58
SUB,departures,2026-08-10,08:10,19:26,CX780,CPA780,HKG,Hong Kong International Airport,Cathay Pacific,CX,A333,Airbus A330-343,B-HYG,Departed 19:26,2026-08-11 05:35:58
SUB,departures,2026-08-10,08:20,,JT222,,BDJ,Banjarmasin Syamsudin Noor Airport,Lion Air,JT,739,,,Canceled,2026-08-11 05:35:58
SUB,departures,2026-08-10,08:20,08:26,GA323,GIA323,CGK,Jakarta Soekarno Hatta International Airport,Garuda Indonesia,GA,B738,Boeing 737-8SH,PK-GUD,Departed 08:26,2026-08-11 05:35:58
SUB,departures,2026-08-10,08:30,,ID6710,,CGK,Jakarta Soekarno Hatta International Airport,Batik Air,ID,32A,,,Unknown,2026-08-11 05:35:58
SUB,departures,2026-08-10,08:30,08:30,ID6573,BTK6573,CGK,Jakarta Soekarno Hatta International Airport,Batik Air,ID,A320,Airbus A320-214,PK-BKY,Departed 08:30,2026-08-11 05:35:58
SUB,departures,2026-08-10,08:50,09:01,IP201,PAS201,CGK,Jakarta Soekarno Hatta International Airport,Pelita Air,IP,A320,Airbus A320-214,PK-PWG,Departed 09:01,2026-08-11 05:35:58
SUB,departures,2026-08-10,08:55,09:00,QG354,CTV354,UPG,Makassar Sultan Hasanuddin International Airport,Citilink,QG,A20N,Airbus A320-251N,PK-GTC,Departed 09:00,2026-08-11 05:35:58
SUB,departures,2026-08-10,09:00,09:08,QG739,CTV739,CGK,Jakarta Soekarno Hatta International Airport,Citilink,QG,A320,Airbus A320-214,PK-GQO,Departed 09:08,2026-08-11 05:35:58
SUB,departures,2026-08-10,09:00,09:03,JT856,LNI856,PLM,Palembang International Airport,Lion Air,JT,B738,Boeing 737-8GP,PK-LJR,Departed 09:03,2026-08-11 05:35:58
SUB,departures,2026-08-10,09:05,09:38,JT642,LNI642,LOP,Lombok International Airport,Lion Air,JT,B739,Boeing 737-9GP(ER),PK-LSH,Departed 09:38,2026-08-11 05:35:58
SUB,departures,2026-08-10,09:10,,IU652,,AAP,Samarinda AP Tumenggung Pranoto Airport,Super Air Jet,IU,320,,,Canceled,2026-08-11 05:35:58
SUB,departures,2026-08-10,09:15,09:21,QG486,CTV486,BDJ,Banjarmasin Syamsudin Noor Airport,Citilink,QG,A320,Airbus A320-214,PK-GLP,Departed 09:21,2026-08-11 05:35:58
SUB,departures,2026-08-10,09:20,09:27,QG948,CTV948,BTH,Batam Hang Nadim Airport,Citilink,QG,A320,Airbus A320-214,PK-GLQ,Departed 09:27,2026-08-11 05:35:58
SUB,departures,2026-08-10,09:20,09:31,GA342,GIA342,DPS,Denpasar Ngurah Rai International Airport,Garuda Indonesia,GA,B738,Boeing 737-8U3,PK-GMF,Departed 09:31,2026-08-11 05:35:58
SUB,departures,2026-08-10,09:30,09:36,QG696,CTV696,DPS,Denpasar Ngurah Rai International Airport,Citilink,QG,A320,Airbus A320-214,PK-GLM,Departed 09:36,2026-08-11 05:35:58
SUB,departures,2026-08-10,09:35,,IU614,,BPN,Balikpapan Sepinggan Airport,Super Air Jet,IU,320,,,Canceled,2026-08-11 05:35:58
SUB,departures,2026-08-10,10:00,10:09,MH870,MAS870,KUL,Kuala Lumpur International Airport,Malaysia Airlines,MH,B738,Boeing 737-8H6,9M-MXW,Departed 10:09,2026-08-11 05:35:58
SUB,departures,2026-08-10,10:05,10:11,ID7250,BTK7250,KUL,Kuala Lumpur International Airport,Batik Air,ID,B738,Boeing 737-8U3,PK-BGF,Departed 10:11,2026-08-11 05:35:58
SUB,departures,2026-08-10,10:10,10:33,ID6585,BTK6585,CGK,Jakarta Soekarno Hatta International Airport,Batik Air (Book Cabin Sticker),ID,A320,Airbus A320-214,PK-LAF,Departed 10:33,2026-08-11 05:35:58
SUB,departures,2026-08-10,10:10,,ID6820,,CGK,Jakarta Soekarno Hatta International Airport,Batik Air,ID,32A,,,Unknown,2026-08-11 05:35:58
SUB,departures,2026-08-10,10:15,10:26,GA303,GIA303,CGK,Jakarta Soekarno Hatta International Airport,Garuda Indonesia,GA,B738,Boeing 737-81D,PK-GFR,Departed 10:26,2026-08-11 05:35:55
SUB,departures,2026-08-10,10:25,10:29,SQ923,SIA923,SIN,Singapore Changi Airport,Singapore Airlines,SQ,A359,Airbus A350-941,9V-SHC,Departed 10:29,2026-08-11 05:35:55
SUB,departures,2026-08-10,10:25,11:10,QG723,CTV723,CGK,Jakarta Soekarno Hatta International Airport,Citilink,QG,A320,Airbus A320-214,PK-GLV,Departed 11:10,2026-08-11 05:35:55
SUB,departures,2026-08-10,10:30,10:45,IU634,SJV634,BDJ,Banjarmasin Syamsudin Noor Airport,Super Air Jet,IU,A320,Airbus A320-232,PK-SAV,Departed 10:45,2026-08-11 05:35:55
SUB,departures,2026-08-10,10:35,10:56,TR297,TGW297,SIN,Singapore Changi Airport,Scoot,TR,A20N,Airbus A320-271N,9V-TNE,Departed 10:56,2026-08-11 05:35:55
SUB,departures,2026-08-10,10:45,10:43,IP203,PAS203,CGK,Jakarta Soekarno Hatta International Airport,Pelita Air,IP,A320,Airbus A320-214,PK-PWP,Departed 10:43,2026-08-11 05:35:55
SUB,departures,2026-08-10,10:55,11:48,ID7516,BTK7516,HLP,Jakarta Halim Perdanakusuma Airport,Batik Air,ID,A320,Airbus A320-214,PK-LUY,Departed 11:48,2026-08-11 05:35:55
SUB,departures,2026-08-10,11:00,11:14,IU716,SJV716,LOP,Lombok International Airport,Super Air Jet,IU,A320,Airbus A320-232,PK-STD,Departed 11:14,2026-08-11 05:35:55
SUB,departures,2026-08-10,11:05,11:19,JT697,LNI697,CGK,Jakarta Soekarno Hatta International Airport,Lion Air (Bookcabin Livery),JT,B738,Boeing 737-8GP,PK-LJY,Departed 11:19,2026-08-11 05:35:55
SUB,departures,2026-08-10,11:10,12:14,JT1780,,UPG,Makassar Sultan Hasanuddin International Airport,Lion Air,JT,739,,,Unknown,2026-08-11 05:35:55
SUB,departures,2026-08-10,11:10,,JT998,,UPG,Makassar Sultan Hasanuddin International Airport,Lion Air,JT,738,,,Unknown,2026-08-11 05:35:55
SUB,departures,2026-08-10,11:10,12:15,JT980,,UPG,Makassar Sultan Hasanuddin International Airport,Lion Air,JT,738,,,Unknown,2026-08-11 05:35:55
SUB,departures,2026-08-10,11:10,11:10,JT837,,UPG,Makassar Sultan Hasanuddin International Airport,Lion Air,JT,738,,,Estimated dep 11:10*,2026-08-11 05:35:55
SUB,departures,2026-08-10,11:10,11:41,JT706,LNI706,UPG,Makassar Sultan Hasanuddin International Airport,Lion Air,JT,B739,Boeing 737-9GP(ER),PK-LSJ,Departed 11:41,2026-08-11 05:35:55
SUB,departures,2026-08-10,11:10,11:26,GA327,GIA327,CGK,Jakarta Soekarno Hatta International Airport,Garuda Indonesia (Retro 1960 Livery),GA,B738,Boeing 737-8U3,PK-GFM,Departed 11:26,2026-08-11 05:35:55
SUB,departures,2026-08-10,11:15,11:52,JT804,LNI804,DPS,Denpasar Ngurah Rai International Airport,Lion Air,JT,B739,Boeing 737-9GP(ER),PK-LSL,Departed 11:52,2026-08-11 05:35:55
SUB,departures,2026-08-10,11:15,11:24,JT694,LNI694,KOE,Kupang El Tari Airport,Lion Air,JT,B738,Boeing 737-8GP,PK-LOQ,Departed 11:24,2026-08-11 05:35:55
SUB,departures,2026-08-10,11:20,11:47,QZ322,AWQ322,KUL,Kuala Lumpur International Airport,AirAsia (Dnars Indonesia Livery),AK,A320,Airbus A320-216,PK-AZN,Departed 11:47,2026-08-11 05:35:55
SUB,departures,2026-08-10,11:25,11:34,QG719,CTV719,CGK,Jakarta Soekarno Hatta International Airport,Citilink,QG,A320,Airbus A320-214,PK-GLX,Departed 11:34,2026-08-11 05:35:55
SUB,departures,2026-08-10,11:35,14:49,ID7520,BTK7520,HLP,Jakarta Halim Perdanakusuma Airport,Batik Air,ID,A320,Airbus A320-214,PK-LUF,Departed 14:49,2026-08-11 05:35:55
SUB,departures,2026-08-10,11:40,14:27,JT973,LNI973,BTH,Batam Hang Nadim Airport,Lion Air,JT,B739,Boeing 737-9GP(ER),PK-LHS,Departed 14:27,2026-08-11 05:35:55
SUB,departures,2026-08-10,11:45,11:45,IW1805,WON1805,SMQ,Sampit Airport,Wings Air,IW,AT76,ATR 72-600,PK-WJP,Departed 11:45,2026-08-11 05:35:55
SUB,departures,2026-08-10,11:55,12:11,QG350,CTV350,UPG,Makassar Sultan Hasanuddin International Airport,Citilink,QG,A20N,Airbus A320-251N,PK-GTG,Departed 12:11,2026-08-11 05:35:55
SUB,departures,2026-08-10,11:55,12:35,IN242,LKN242,SMQ,Sampit Airport,Nam Air,IN,B735,Boeing 737-524,PK-NAU,Departed 12:35,2026-08-11 05:35:55
SUB,departures,2026-08-10,12:00,12:08,ID6346,BTK6346,BEJ,Kalimarau Airport,Batik Air,ID,A320,Airbus A320-214,PK-LUI,Departed 12:08,2026-08-11 05:35:55
SUB,departures,2026-08-10,12:20,12:33,QG418,CTV418,PNK,Pontianak Supadio Airport,Citilink,QG,A20N,Airbus A320-251N,PK-GTF,Departed 12:33,2026-08-11 05:35:55
SUB,departures,2026-08-10,12:20,12:38,IU704,SJV704,DPS,Denpasar Ngurah Rai International Airport,Super Air Jet,IU,A320,Airbus A320-232,PK-SJE,Departed 12:38,2026-08-11 05:35:55
SUB,departures,2026-08-10,12:25,12:25,JT996,,UPG,Makassar Sultan Hasanuddin International Airport,Lion Air,JT,738,,,Estimated dep 12:25*,2026-08-11 05:35:55
SUB,departures,2026-08-10,12:25,12:28,JT780,LNI780,UPG,Makassar Sultan Hasanuddin International Airport,Lion Air,JT,B739,Boeing 737-9GP(ER),PK-LFK,Departed 12:28,2026-08-11 05:35:55
SUB,departures,2026-08-10,12:40,12:54,QG456,CTV456,PKY,Palangkaraya Tjilik Riwut Airport,Citilink,QG,A320,Airbus A320-214,PK-GLP,Departed 12:54,2026-08-11 05:35:55
SUB,departures,2026-08-10,12:45,12:57,QG668,CTV668,DPS,Denpasar Ngurah Rai International Airport,Citilink,QG,A320,Airbus A320-214,PK-GLM,Departed 12:57,2026-08-11 05:35:55
SUB,departures,2026-08-10,13:00,13:34,JT722,LNI722,KDI,Kendari Haluoleo Airport,Lion Air,JT,B738,Boeing 737-8GP,PK-LJS,Departed 13:34,2026-08-11 05:35:55
SUB,departures,2026-08-10,13:25,13:30,IP205,PAS205,CGK,Jakarta Soekarno Hatta International Airport,Pelita Air,IP,A320,Airbus A320-214,PK-PWC,Departed 13:30,2026-08-11 05:35:55
SUB,departures,2026-08-10,13:30,13:38,QZ386,AWQ386,PEN,Penang International Airport,AirAsia,AK,A320,Airbus A320-214,PK-AZJ,Departed 13:38,2026-08-11 05:35:55
SUB,departures,2026-08-10,13:30,13:30,JT805,,PKY,Palangkaraya Tjilik Riwut Airport,Lion Air,JT,739,,,Estimated dep 13:30*,2026-08-11 05:35:55
SUB,departures,2026-08-10,13:30,13:36,JT680,LNI680,PKY,Palangkaraya Tjilik Riwut Airport,Lion Air,JT,B739,Boeing 737-9GP(ER),PK-LGL,Departed 13:36,2026-08-11 05:35:55
SUB,departures,2026-08-10,13:50,14:11,IU618,SJV618,BPN,Balikpapan Sepinggan Airport,Super Air Jet,IU,A320,Airbus A320-232,PK-STG,Departed 14:11,2026-08-11 05:35:55
SUB,departures,2026-08-10,14:00,14:20,QG737,CTV737,CGK,Jakarta Soekarno Hatta International Airport,Citilink,QG,A320,Airbus A320-214,PK-GQG,Departed 14:20,2026-08-11 05:35:55
SUB,departures,2026-08-10,14:00,14:51,IU706,SJV706,DPS,Denpasar Ngurah Rai International Airport,Super Air Jet,IU,A320,Airbus A320-232,PK-STD,Departed 14:51,2026-08-11 05:35:55
SUB,departures,2026-08-10,14:10,15:28,IU720,SJV720,LOP,Lombok International Airport,Super Air Jet,IU,A320,Airbus A320-232,PK-SAH,Departed 15:28,2026-08-11 05:35:55
SUB,departures,2026-08-10,14:35,15:52,QG177,CTV177,HLP,Jakarta Halim Perdanakusuma Airport,Citilink,QG,A320,Airbus A320-214,PK-GLK,Departed 15:52,2026-08-11 05:35:55
SUB,departures,2026-08-10,14:35,15:48,JT364,LNI364,BPN,Balikpapan Sepinggan Airport,Lion Air,JT,B739,Boeing 737-9GP(ER),PK-LSU,Departed 15:48,2026-08-11 05:35:55
SUB,departures,2026-08-10,14:35,14:44,GA317,GIA317,CGK,Jakarta Soekarno Hatta International Airport,Garuda Indonesia,GA,B738,Boeing 737-8U3,PK-GMD,Departed 14:44,2026-08-11 05:35:55
SUB,departures,2026-08-10,14:55,14:55,QG352,CTV352,UPG,Makassar Sultan Hasanuddin International Airport,Citilink Garuda Indonesia,QG,A320,Airbus A320-214,PK-GQT,Departed 14:55,2026-08-11 05:35:55
SUB,departures,2026-08-10,15:05,15:14,QG434,CTV434,BPN,Balikpapan Sepinggan Airport,Citilink,QG,A320,Airbus A320-214,PK-GLQ,Departed 15:14,2026-08-11 05:35:55
SUB,departures,2026-08-10,15:10,15:46,JT748,LNI748,MDC,Manado Sam Ratulangi International Airport,Lion Air,JT,B739,Boeing 737-96N(ER),PK-LSY,Departed 15:46,2026-08-11 05:35:55
SUB,departures,2026-08-10,15:10,15:44,IN192,LKN192,PKN,Pangkalan Bun Iskandar Airport,Nam Air,IN,B735,Boeing 737-524,PK-NAU,Departed 15:44,2026-08-11 05:35:55
SUB,departures,2026-08-10,15:30,15:39,IU726,SJV726,LBJ,Labuan Bajo Komodo Airport,Super Air Jet,IU,A320,Airbus A320-232,PK-SJM,Departed 15:39,2026-08-11 05:35:55
SUB,departures,2026-08-10,15:35,16:16,JT312,LNI312,BDJ,Banjarmasin Syamsudin Noor Airport,Lion Air,JT,B739,Boeing 737-9GP(ER),PK-LFO,Departed 16:16,2026-08-11 05:35:55
SUB,departures,2026-08-10,15:40,17:59,ID7512,BTK7512,HLP,Jakarta Halim Perdanakusuma Airport,Batik Air,ID,A320,Airbus A320-214,PK-LUI,Departed 17:59,2026-08-11 05:35:55
SUB,departures,2026-08-10,15:40,15:51,QG717,CTV717,CGK,Jakarta Soekarno Hatta International Airport,Citilink,QG,A320,Airbus A320-214,PK-GLV,Departed 15:51,2026-08-11 05:35:55
SUB,departures,2026-08-10,16:00,16:08,IU340,SJV340,PNK,Pontianak Supadio Airport,Super Air Jet,IU,A320,Airbus A320-232,PK-SAS,Departed 16:08,2026-08-11 05:35:55
SUB,departures,2026-08-10,16:10,16:32,QG488,CTV488,BDJ,Banjarmasin Syamsudin Noor Airport,Citilink,QG,A320,Airbus A320-214,PK-GLM,Departed 16:32,2026-08-11 05:35:55
SUB,departures,2026-08-10,16:25,16:36,ID6401,BTK6401,CGK,Jakarta Soekarno Hatta International Airport,Batik Air,ID,A320,Airbus A320-233,PK-BKG,Departed 16:36,2026-08-11 05:35:55
SUB,departures,2026-08-10,16:30,16:34,SQ927,SIA927,SIN,Singapore Changi Airport,Singapore Airlines,SQ,B38M,Boeing 737 MAX 8,9V-MBD,Departed 16:34,2026-08-11 05:35:55
SUB,departures,2026-08-10,16:35,16:46,QG672,CTV672,LOP,Lombok International Airport,Citilink,QG,A320,Airbus A320-214,PK-GLP,Departed 16:46,2026-08-11 05:35:55
SUB,departures,2026-08-10,16:45,19:24,JT268,,TRK,Tarakan Juwata International Airport,Lion Air,JT,739,,,Unknown,2026-08-11 05:35:55
SUB,departures,2026-08-10,16:45,16:49,IP623,PAS623,BPN,Balikpapan Sepinggan Airport,Pelita Air,IP,A320,Airbus A320-214,PK-PWE,Departed 16:49,2026-08-11 05:35:55
SUB,departures,2026-08-10,16:50,17:09,QG698,CTV698,DPS,Denpasar Ngurah Rai International Airport,Citilink,QG,A20N,Airbus A320-251N,PK-GTF,Departed 17:09,2026-08-11 05:35:55
SUB,departures,2026-08-10,17:00,19:25,JT695,,CGK,Jakarta Soekarno Hatta International Airport,Lion Air,JT,739,,,Unknown,2026-08-11 05:35:55
SUB,departures,2026-08-10,17:00,17:04,JT581,LNI581,CGK,Jakarta Soekarno Hatta International Airport,Lion Air,JT,B738,Boeing 737-8GP,PK-LOQ,Departed 17:04,2026-08-11 05:35:55
SUB,departures,2026-08-10,17:00,17:07,GA315,GIA315,CGK,Jakarta Soekarno Hatta International Airport,Garuda Indonesia,GA,B738,Boeing 737-8U3,PK-GNQ,Departed 17:07,2026-08-11 05:35:55
SUB,departures,2026-08-10,17:15,17:38,QG173,CTV173,HLP,Jakarta Halim Perdanakusuma Airport,Citilink,QG,A20N,Airbus A320-251N,PK-GTC,Departed 17:38,2026-08-11 05:35:55
SUB,departures,2026-08-10,17:15,17:20,JT910,LNI910,DPS,Denpasar Ngurah Rai International Airport,Lion Air,JT,B739,Boeing 737-9GP(ER),PK-LJG,Departed 17:20,2026-08-11 05:35:55
SUB,departures,2026-08-10,17:15,19:32,JT681,,DPS,Denpasar Ngurah Rai International Airport,Lion Air,JT,739,,,Unknown,2026-08-11 05:35:55
SUB,departures,2026-08-10,17:15,17:24,JT692,LNI692,KOE,Kupang El Tari Airport,Lion Air,JT,B739,Boeing 737-9GP(ER),PK-LFZ,Departed 17:24,2026-08-11 05:35:55
SUB,departures,2026-08-10,17:20,17:29,JT316,LNI316,BDJ,Banjarmasin Syamsudin Noor Airport,Lion Air,JT,B739,Boeing 737-9GP(ER),PK-LGL,Departed 17:29,2026-08-11 05:35:55
SUB,departures,2026-08-10,17:30,17:46,ID7579,BTK7579,CGK,Jakarta Soekarno Hatta International Airport,Batik Air,ID,A320,Airbus A320-214,PK-BLD,Departed 17:46,2026-08-11 05:35:55
SUB,departures,2026-08-10,17:45,18:11,QZ326,AWQ326,KUL,Kuala Lumpur International Airport,AirAsia (Dnars Indonesia Livery),AK,A320,Airbus A320-216,PK-AZN,Departed 18:11,2026-08-11 05:35:55
SUB,departures,2026-08-10,17:55,,IU616,,BPN,Balikpapan Sepinggan Airport,Super Air Jet,IU,320,,,Unknown,2026-08-11 05:35:55
SUB,departures,2026-08-10,17:55,19:20,ID7514,BTK7514,HLP,Jakarta Halim Perdanakusuma Airport,Batik Air,ID,A320,Airbus A320-214,PK-LUF,Departed 19:20,2026-08-11 05:35:55
SUB,departures,2026-08-10,18:00,18:36,JT838,LNI838,PNK,Pontianak Supadio Airport,Lion Air,JT,B738,Boeing 737-8GP,PK-LJR,Departed 18:36,2026-08-11 05:35:55
SUB,departures,2026-08-10,18:00,18:07,GA313,GIA313,CGK,Jakarta Soekarno Hatta International Airport,Garuda Indonesia,GA,B738,Boeing 737-8U3,PK-GMF,Departed 18:07,2026-08-11 05:35:55
SUB,departures,2026-08-10,18:20,18:22,MH874,MAS874,KUL,Kuala Lumpur International Airport,Malaysia Airlines,MH,B738,Boeing 737-8H6,9M-MLT,Departed 18:22,2026-08-11 05:35:55
SUB,departures,2026-08-10,18:25,18:29,IP207,PAS207,CGK,Jakarta Soekarno Hatta International Airport,Pelita Air,IP,A320,Airbus A320-214,PK-PWP,Departed 18:29,2026-08-11 05:35:55
SUB,departures,2026-08-10,18:40,19:02,JT260,LNI260,BPN,Balikpapan Sepinggan Airport,Lion Air,JT,B739,Boeing 737-9GP(ER),PK-LSJ,Departed 19:02,2026-08-11 05:35:55
SUB,departures,2026-08-10,18:45,18:52,QG727,CTV727,CGK,Jakarta Soekarno Hatta International Airport,Citilink,QG,A320,Airbus A320-214,PK-GLX,Departed 18:52,2026-08-11 05:35:55
SUB,departures,2026-08-10,19:00,19:00,JT3794,,UPG,Makassar Sultan Hasanuddin International Airport,Lion Air,JT,739,,,Estimated dep 19:00*,2026-08-11 05:35:55
SUB,departures,2026-08-10,19:00,19:18,JT1984,,UPG,Makassar Sultan Hasanuddin International Airport,Lion Air,JT,739,,,Estimated dep 19:18*,2026-08-11 05:35:55
SUB,departures,2026-08-10,19:00,20:30,JT1880,,UPG,Makassar Sultan Hasanuddin International Airport,Lion Air,JT,738,,,Unknown,2026-08-11 05:35:55
SUB,departures,2026-08-10,19:00,,JT1948,,UPG,Makassar Sultan Hasanuddin International Airport,Lion Air,JT,738,,,Unknown,2026-08-11 05:35:55
SUB,departures,2026-08-10,19:00,20:28,JT880,LNI880,UPG,Makassar Sultan Hasanuddin International Airport,Lion Air,JT,B738,Boeing 737-8GP,PK-LJQ,Departed 20:28,2026-08-11 05:35:55
SUB,departures,2026-08-10,19:00,19:11,GA325,GIA325,CGK,Jakarta Soekarno Hatta International Airport,Garuda Indonesia,GA,B738,Boeing 737-8U3,PK-GMM,Departed 19:11,2026-08-11 05:35:55
SUB,departures,2026-08-10,19:10,19:18,QG494,CTV494,BDJ,Banjarmasin Syamsudin Noor Airport,Citilink Garuda Indonesia,QG,A320,Airbus A320-214,PK-GQT,Departed 19:18,2026-08-11 05:35:55
SUB,departures,2026-08-10,19:15,19:13,SQ929,SIA929,SIN,Singapore Changi Airport,Singapore Airlines,SQ,B38M,Boeing 737 MAX 8,9V-MBW,Departed 19:13,2026-08-11 05:35:55
SUB,departures,2026-08-10,19:15,19:24,ID6575,BTK6575,CGK,Jakarta Soekarno Hatta International Airport,Batik Air,ID,B738,Boeing 737-8GP,PK-LBW,Departed 19:24,2026-08-11 05:35:55
SUB,departures,2026-08-10,19:50,20:06,QG693,CTV693,DPS,Denpasar Ngurah Rai International Airport,Citilink,QG,A320,Airbus A320-214,PK-GLQ,Departed 20:06,2026-08-11 05:35:55
SUB,departures,2026-08-10,20:05,20:48,SJ562,SJY562,UPG,Makassar Sultan Hasanuddin International Airport,Sriwijaya Air,SJ,B735,Boeing 737-524,PK-CLE,Departed 20:48,2026-08-11 05:35:55
SUB,departures,2026-08-10,20:15,20:44,QG171,CTV171,CGK,Jakarta Soekarno Hatta International Airport,Citilink,QG,A20N,Airbus A320-251N,PK-GTF,Departed 20:44,2026-08-11 05:35:55
SUB,departures,2026-08-10,22:00,,ID8260,,UPG,Makassar Sultan Hasanuddin International Airport,Batik Air,ID,32A,,,Canceled,2026-08-11 05:35:55
SUB,departures,2026-08-10,22:00,,ID8182,,UPG,Makassar Sultan Hasanuddin International Airport,Batik Air,ID,32A,,,Unknown,2026-08-11 05:35:55
SUB,departures,2026-08-10,22:00,22:12,ID6136,BTK6136,UPG,Makassar Sultan Hasanuddin International Airport,Batik Air,ID,A320,Airbus A320-214,PK-LUW,Departed 22:12,2026-08-11 05:35:55
UPG,arrivals,2026-08-10,00:20,,JT948,,CGK,Jakarta Soekarno Hatta International Airport,Lion Air,JT,738,,,Unknown,2026-08-11 05:36:29
UPG,arrivals,2026-08-10,00:25,00:09,JT984,LNI984,CGK,Jakarta Soekarno Hatta International Airport,Lion Air,JT,B739,Boeing 737-9GP(ER),PK-LFW,Landed 01:09,2026-08-11 05:36:29
UPG,arrivals,2026-08-10,00:40,,SJ598,,CGK,Jakarta Soekarno Hatta International Airport,Sriwijaya Air,SJ,738,,,Unknown,2026-08-11 05:36:29
UPG,arrivals,2026-08-10,00:40,,RI320,,CGK,Jakarta Soekarno Hatta International Airport,Rimbun Air,RI,73Y,,,Unknown,2026-08-11 05:36:29
UPG,arrivals,2026-08-10,01:20,,ID6164,,CGK,Jakarta Soekarno Hatta International Airport,Batik Air,ID,32A,,,Unknown,2026-08-11 05:36:25
UPG,arrivals,2026-08-10,01:25,01:15,ID6182,BTK6182,CGK,Jakarta Soekarno Hatta International Airport,Batik Air,ID,B738,Boeing 737-8GP,PK-LDJ,Landed 02:15,2026-08-11 05:36:25
UPG,arrivals,2026-08-10,02:35,02:22,ID6288,BTK6288,CGK,Jakarta Soekarno Hatta International Airport,Batik Air,ID,A320,Airbus A320-232,PK-BKJ,Landed 03:22,2026-08-11 05:36:25
UPG,arrivals,2026-08-10,03:35,,JT3896,,CGK,Jakarta Soekarno Hatta International Airport,Lion Air,JT,739,,,Unknown,2026-08-11 05:36:25
UPG,arrivals,2026-08-10,03:35,,JT2792,,CGK,Jakarta Soekarno Hatta International Airport,Lion Air,JT,738,,,Unknown,2026-08-11 05:36:25
UPG,arrivals,2026-08-10,03:35,,JT1944,,CGK,Jakarta Soekarno Hatta International Airport,Lion Air,JT,739,,,Unknown,2026-08-11 05:36:25
UPG,arrivals,2026-08-10,03:35,,JT986,,CGK,Jakarta Soekarno Hatta International Airport,Lion Air,JT,738,,,Unknown,2026-08-11 05:36:25
UPG,arrivals,2026-08-10,03:35,03:33,JT898,LNI898,CGK,Jakarta Soekarno Hatta International Airport,Lion Air,JT,B738,Boeing 737-8GP,PK-LPK,Landed 04:33,2026-08-11 05:36:25
UPG,arrivals,2026-08-10,04:25,,ID6770,,CGK,Jakarta Soekarno Hatta International Airport,Batik Air,ID,32A,,,Unknown,2026-08-11 05:36:25
UPG,arrivals,2026-08-10,04:25,,ID6751,,CGK,Jakarta Soekarno Hatta International Airport,Batik Air,ID,32A,,,Unknown,2026-08-11 05:36:25
UPG,arrivals,2026-08-10,04:25,04:17,ID6264,BTK6264,CGK,Jakarta Soekarno Hatta International Airport,Batik Air,ID,A320,Airbus A320-214,PK-BKP,Landed 05:17,2026-08-11 05:36:25
UPG,arrivals,2026-08-10,04:30,04:21,QG344,CTV344,CGK,Jakarta Soekarno Hatta International Airport,Citilink,QG,A320,Airbus A320-214,PK-GLV,Landed 05:21,2026-08-11 05:36:25
UPG,arrivals,2026-08-10,05:50,05:40,JT981,LNI981,TTE,Ternate Babullah Airport,Lion Air,JT,B738,Boeing 737-8GP,PK-LOP,Landed 06:40,2026-08-11 05:36:25
UPG,arrivals,2026-08-10,05:50,,JT871,,TTE,Ternate Babullah Airport,Lion Air,JT,739,,,Unknown,2026-08-11 05:36:25
UPG,arrivals,2026-08-10,06:10,,JT3871,,PLW,Palu Mutiara Airport,Lion Air,JT,738,,,Unknown,2026-08-11 05:36:25
UPG,arrivals,2026-08-10,06:10,06:08,JT781,LNI781,PLW,Palu Mutiara Airport,Lion Air,JT,B739,Boeing 737-9GP(ER),PK-LSH,Landed 07:08,2026-08-11 05:36:25
UPG,arrivals,2026-08-10,06:10,,JT641,,PLW,Palu Mutiara Airport,Lion Air,JT,739,,,Unknown,2026-08-11 05:36:25
UPG,arrivals,2026-08-10,06:30,,ID6267,,AMQ,Ambon Pattimura Airport,Batik Air,ID,32A,,,Unknown,2026-08-11 05:36:25
UPG,arrivals,2026-08-10,06:30,06:16,ID6165,BTK6165,AMQ,Ambon Pattimura Airport,Batik Air,ID,A320,Airbus A320-214,PK-LUT,Landed 07:16,2026-08-11 05:36:25
UPG,arrivals,2026-08-10,06:35,06:30,JT786,LNI786,SUB,Surabaya Juanda International Airport,Lion Air,JT,B739,Boeing 737-9GP(ER),PK-LGL,Landed 07:30,2026-08-11 05:36:25
UPG,arrivals,2026-08-10,06:35,,JT742,,SUB,Surabaya Juanda International Airport,Lion Air,JT,738,,,Unknown,2026-08-11 05:36:25
UPG,arrivals,2026-08-10,06:40,,JT2891,,MDC,Manado Sam Ratulangi International Airport,Lion Air,JT,738,,,Unknown,2026-08-11 05:36:25
UPG,arrivals,2026-08-10,06:40,07:20,IW1305,WON1305,BUW,Bau-Bau Betoambari Airport,Wings Air,IW,AT75,ATR 72-500,PK-WFU,Landed 08:20,2026-08-11 05:36:25
UPG,arrivals,2026-08-10,06:40,06:43,IU532,SJV532,BPN,Balikpapan Sepinggan Airport,Super Air Jet,IU,A320,Airbus A320-232,PK-SJF,Landed 07:43,2026-08-11 05:36:25
UPG,arrivals,2026-08-10,06:45,,JT791,,MDC,Manado Sam Ratulangi International Airport,Lion Air,JT,739,,,Unknown,2026-08-11 05:36:25
UPG,arrivals,2026-08-10,06:45,06:26,JT741,LNI741,MDC,Manado Sam Ratulangi International Airport,Lion Air (50th 737-900ER Livery),JT,B739,Boeing 737-9GP(ER),PK-LHY,Landed 07:26,2026-08-11 05:36:25
UPG,arrivals,2026-08-10,06:55,,JT1707,,KDI,Kendari Haluoleo Airport,Lion Air,JT,739,,,Unknown,2026-08-11 05:36:25
UPG,arrivals,2026-08-10,06:55,06:48,JT991,LNI991,KDI,Kendari Haluoleo Airport,Lion Air,JT,B739,Boeing 737-9GP(ER),PK-LSU,Landed 07:48,2026-08-11 05:36:25
UPG,arrivals,2026-08-10,07:25,07:14,JT746,LNI746,DPS,Denpasar Ngurah Rai International Airport,Lion Air,JT,B738,Boeing 737-8GP,PK-LOI,Landed 08:14,2026-08-11 05:36:25
UPG,arrivals,2026-08-10,07:30,07:09,QG212,CTV212,CGK,Jakarta Soekarno Hatta International Airport,Citilink,QG,A20N,Airbus A320-251N,PK-GTG,Landed 08:09,2026-08-11 05:36:25
UPG,arrivals,2026-08-10,07:55,,ID6260,,CGK,Jakarta Soekarno Hatta International Airport,Batik Air,ID,32A,,,Unknown,2026-08-11 05:36:25
UPG,arrivals,2026-08-10,07:55,07:53,ID6236,BTK6236,CGK,Jakarta Soekarno Hatta International Airport,Batik Air,ID,A320,Airbus A320-214,PK-LAI,Landed 08:53,2026-08-11 05:36:25
UPG,arrivals,2026-08-10,08:00,,SJ903,,SOQ,Sorong Dominique Edward Osok Airport,Sriwijaya Air,SJ,735,,,Unknown,2026-08-11 05:36:25
UPG,arrivals,2026-08-10,08:00,07:46,GA604,GIA604,CGK,Jakarta Soekarno Hatta International Airport,Garuda Indonesia,GA,B738,Boeing 737-8U3,PK-GMP,Landed 08:46,2026-08-11 05:36:25
UPG,arrivals,2026-08-10,08:10,08:16,IU220,SJV220,MKW,Manokwari Rendani Airport,Super Air Jet,IU,A320,Airbus A320-232,PK-SGB,Landed 09:16,2026-08-11 05:36:25
UPG,arrivals,2026-08-10,08:15,,JT1892,,SUB,Surabaya Juanda International Airport,Lion Air,JT,738,,,Unknown,2026-08-11 05:36:25
UPG,arrivals,2026-08-10,08:15,,JT994,,SUB,Surabaya Juanda International Airport,Lion Air,JT,738,,,Unknown,2026-08-11 05:36:25
UPG,arrivals,2026-08-10,08:15,,JT854,,SUB,Surabaya Juanda International Airport,Lion Air,JT,739,,,Unknown,2026-08-11 05:36:25
UPG,arrivals,2026-08-10,08:15,08:30,JT882,LNI882,SUB,Surabaya Juanda International Airport,Lion Air,JT,B739,Boeing 737-9GP(ER),PK-LSJ,Landed 09:30,2026-08-11 05:36:25
UPG,arrivals,2026-08-10,08:15,08:02,IW1297,WON1297,MOH,Morowali Maleo Airport,Wings Air,IW,AT76,ATR 72-600,PK-WHU,Landed 09:02,2026-08-11 05:36:25
UPG,arrivals,2026-08-10,08:25,08:23,MH847,MAS847,KUL,Kuala Lumpur International Airport,Malaysia Airlines,MH,B738,Boeing 737-8H6,9M-MSA,Landed 09:23,2026-08-11 05:36:25
UPG,arrivals,2026-08-10,08:25,08:05,IW1207,WON1207,KXB,Kolaka Sangia Nibandera Airport,Wings Air,IW,AT76,ATR 72-600,PK-WJL,Landed 09:05,2026-08-11 05:36:25
UPG,arrivals,2026-08-10,08:25,08:19,IP806,PAS806,CGK,Jakarta Soekarno Hatta International Airport,Pelita Air,IP,A320,Airbus A320-232,PK-PWL,Landed 09:19,2026-08-11 05:36:25
UPG,arrivals,2026-08-10,08:50,,IW2309,,BUW,Bau-Bau Betoambari Airport,Wings Air,IW,AT75,ATR 72-500,PK-WFW,Unknown,2026-08-11 05:36:25
UPG,arrivals,2026-08-10,08:55,,JT1949,,MKQ,Merauke Mopah International Airport,Lion Air,JT,738,,,Unknown,2026-08-11 05:36:25
UPG,arrivals,2026-08-10,09:00,09:02,JT949,LNI949,MKQ,Merauke Mopah International Airport,Lion Air,JT,B738,Boeing 737-8GP,PK-LQZ,Landed 10:02,2026-08-11 05:36:25
UPG,arrivals,2026-08-10,09:25,,JT1943,,SOQ,Sorong Dominique Edward Osok Airport,Lion Air,JT,738,,,Unknown,2026-08-11 05:36:25
UPG,arrivals,2026-08-10,09:25,09:08,JT943,LNI943,SOQ,Sorong Dominique Edward Osok Airport,Lion Air,JT,B738,Boeing 737-8GP,PK-LQY,Landed 10:08,2026-08-11 05:36:25
UPG,arrivals,2026-08-10,09:30,09:16,IW1351,WON1351,LLO,Palopo Lagaligo Airport,Wings Air,IW,AT75,ATR 72-500,PK-WFS,Landed 10:16,2026-08-11 05:36:25
UPG,arrivals,2026-08-10,09:30,09:25,GA610,GIA610,CGK,Jakarta Soekarno Hatta International Airport,Garuda Indonesia,GA,B738,Boeing 737-86N,PK-GFJ,Landed 10:25,2026-08-11 05:36:25
UPG,arrivals,2026-08-10,09:45,09:13,IW1303,WON1303,MJU,Mamuju Tampa Padang Airport,Wings Air,IW,AT75,ATR 72-500,PK-WFI,Landed 10:13,2026-08-11 05:36:25
UPG,arrivals,2026-08-10,09:50,09:35,JT987,LNI987,KDI,Kendari Haluoleo Airport,Lion Air,JT,B739,Boeing 737-9GP(ER),PK-LGL,Landed 10:35,2026-08-11 05:36:25
UPG,arrivals,2026-08-10,09:50,,JT707,,KDI,Kendari Haluoleo Airport,Lion Air,JT,739,,,Unknown,2026-08-11 05:36:25
UPG,arrivals,2026-08-10,10:10,19:11,SJ699,SJY699,TTE,Ternate Babullah Airport,Sriwijaya Air,SJ,B735,Boeing 737-524,PK-CLF,Landed 20:11,2026-08-11 05:36:25
UPG,arrivals,2026-08-10,10:10,,ID8750,,KDI,Kendari Haluoleo Airport,Batik Air,ID,32A,,,Unknown,2026-08-11 05:36:25
UPG,arrivals,2026-08-10,10:10,09:55,ID6750,BTK6750,KDI,Kendari Haluoleo Airport,Batik Air,ID,A320,Airbus A320-214,PK-LUT,Landed 10:55,2026-08-11 05:36:25
UPG,arrivals,2026-08-10,10:20,,ID8183,,DJJ,Jayapura Sentani Airport,Batik Air,ID,32A,,,Unknown,2026-08-11 05:36:25
UPG,arrivals,2026-08-10,10:20,10:15,ID6183,BTK6183,DJJ,Jayapura Sentani Airport,Batik Air,ID,B738,Boeing 737-8GP,PK-LDJ,Landed 11:15,2026-08-11 05:36:25
UPG,arrivals,2026-08-10,10:25,11:03,IW1329,WON1329,MOH,Morowali Maleo Airport,Wings Air,IW,AT75,ATR 72-500,PK-WFU,Unknown,2026-08-11 05:36:25
UPG,arrivals,2026-08-10,10:30,10:20,QG354,CTV354,SUB,Surabaya Juanda International Airport,Citilink,QG,A20N,Airbus A320-251N,PK-GTC,Landed 11:20,2026-08-11 05:36:25
UPG,arrivals,2026-08-10,11:00,,JT1994,,CGK,Jakarta Soekarno Hatta International Airport,Lion Air,JT,738,,,Unknown,2026-08-11 05:36:25
UPG,arrivals,2026-08-10,11:00,10:50,JT892,LNI892,CGK,Jakarta Soekarno Hatta International Airport,Lion Air,JT,B739,Boeing 737-9GP(ER),PK-LHP,Landed 11:50,2026-08-11 05:36:25
UPG,arrivals,2026-08-10,11:05,,JT1897,,TTE,Ternate Babullah Airport,Lion Air,JT,738,,,Unknown,2026-08-11 05:36:25
UPG,arrivals,2026-08-10,11:05,10:54,JT897,LNI897,TTE,Ternate Babullah Airport,Lion Air,JT,B738,Boeing 737-8GP,PK-LOJ,Landed 11:54,2026-08-11 05:36:25
UPG,arrivals,2026-08-10,11:10,10:58,IW1205,WON1205,KXB,Kolaka Sangia Nibandera Airport,Wings Air,IW,AT76,ATR 72-600,PK-WJL,Landed 11:58,2026-08-11 05:36:25
UPG,arrivals,2026-08-10,11:20,,JT744,,DPS,Denpasar Ngurah Rai International Airport,Lion Air,JT,739,,,Canceled,2026-08-11 05:36:25
UPG,arrivals,2026-08-10,11:30,,KS502,,APD,Bone Arung Palakka Airport,Aeroitalia Regional,KS,ATR,,,Unknown,2026-08-11 05:36:25
UPG,arrivals,2026-08-10,11:30,,ID6762,,CGK,Jakarta Soekarno Hatta International Airport,Batik Air,ID,32A,,,Unknown,2026-08-11 05:36:25
UPG,arrivals,2026-08-10,11:30,11:25,ID6771,BTK6771,MDC,Manado Sam Ratulangi International Airport,Batik Air,ID,A320,Airbus A320-232,PK-BKJ,Landed 12:25,2026-08-11 05:36:25
UPG,arrivals,2026-08-10,11:30,,ID6554,,CGK,Jakarta Soekarno Hatta International Airport,Batik Air,ID,32A,,,Unknown,2026-08-11 05:36:25
UPG,arrivals,2026-08-10,11:30,11:28,ID6292,BTK6292,CGK,Jakarta Soekarno Hatta International Airport,Batik Air,ID,A320,Airbus A320-214,PK-LUW,Landed 12:28,2026-08-11 05:36:25
UPG,arrivals,2026-08-10,11:35,,SJ9201,,NBX,Nabire Airport,Sriwijaya Air,SJ,735,,,Unknown,2026-08-11 05:36:25
UPG,arrivals,2026-08-10,11:45,,SJ539,,MOH,Morowali Maleo Airport,Sriwijaya Air,SJ,735,,,Unknown,2026-08-11 05:36:25
UPG,arrivals,2026-08-10,11:45,,JT1985,,TIM,Timika Airport,Lion Air,JT,739,,,Unknown,2026-08-11 05:36:25
UPG,arrivals,2026-08-10,11:45,11:38,JT985,LNI985,TIM,Timika Airport,Lion Air,JT,B739,Boeing 737-9GP(ER),PK-LFW,Landed 12:38,2026-08-11 05:36:25
UPG,arrivals,2026-08-10,11:50,,SJ702,,DJJ,Jayapura Sentani Airport,Sriwijaya Air,SJ,738,,,Unknown,2026-08-11 05:36:25
UPG,arrivals,2026-08-10,12:05,12:41,GA605,GIA605,KDI,Kendari Haluoleo Airport,Garuda Indonesia,GA,B738,Boeing 737-8U3,PK-GMP,Landed 13:41,2026-08-11 05:36:25
UPG,arrivals,2026-08-10,12:10,12:17,JT640,LNI640,YIA,Yogyakarta International Airport,Lion Air (50th 737-900ER Livery),JT,B739,Boeing 737-9GP(ER),PK-LHY,Landed 13:17,2026-08-11 05:36:25
UPG,arrivals,2026-08-10,12:10,12:25,IW1327,WON1327,MOH,Morowali Maleo Airport,Wings Air,IW,AT76,ATR 72-600,PK-WHU,Landed 13:25,2026-08-11 05:36:25
UPG,arrivals,2026-08-10,12:15,,JT2778,,CGK,Jakarta Soekarno Hatta International Airport,Lion Air,JT,738,,,Unknown,2026-08-11 05:36:25
UPG,arrivals,2026-08-10,12:15,,JT1774,,CGK,Jakarta Soekarno Hatta International Airport,Lion Air,JT,738,,,Unknown,2026-08-11 05:36:25
UPG,arrivals,2026-08-10,12:15,,JT1740,,CGK,Jakarta Soekarno Hatta International Airport,Lion Air,JT,739,,,Unknown,2026-08-11 05:36:25
UPG,arrivals,2026-08-10,12:15,12:05,JT774,LNI774,CGK,Jakarta Soekarno Hatta International Airport,Lion Air,JT,B738,Boeing 737-8GP,PK-LPK,Landed 13:05,2026-08-11 05:36:25
UPG,arrivals,2026-08-10,12:20,12:02,ID6295,BTK6295,LUW,Luwuk Bubung Airport,Batik Air,ID,A320,Airbus A320-214,PK-LAO,Landed 13:02,2026-08-11 05:36:25
UPG,arrivals,2026-08-10,12:20,,ID6137,,LUW,Luwuk Bubung Airport,Batik Air,ID,32A,,,Unknown,2026-08-11 05:36:25
UPG,arrivals,2026-08-10,12:25,,JT1801,,MDC,Manado Sam Ratulangi International Airport,Lion Air,JT,738,,,Unknown,2026-08-11 05:36:25
UPG,arrivals,2026-08-10,12:25,,JT1643,,MDC,Manado Sam Ratulangi International Airport,Lion Air,JT,738,,,Unknown,2026-08-11 05:36:25
UPG,arrivals,2026-08-10,12:25,,JT1743,,MDC,Manado Sam Ratulangi International Airport,Lion Air,JT,738,,,Unknown,2026-08-11 05:36:25
UPG,arrivals,2026-08-10,12:25,12:21,JT743,LNI743,MDC,Manado Sam Ratulangi International Airport,Lion Air,JT,B738,Boeing 737-8GP,PK-LOR,Landed 13:21,2026-08-11 05:36:25
UPG,arrivals,2026-08-10,12:40,,JT1780,,SUB,Surabaya Juanda International Airport,Lion Air,JT,739,,,Unknown,2026-08-11 05:36:25
UPG,arrivals,2026-08-10,12:40,,JT998,,SUB,Surabaya Juanda International Airport,Lion Air,JT,738,,,Unknown,2026-08-11 05:36:25
UPG,arrivals,2026-08-10,12:40,,JT980,,SUB,Surabaya Juanda International Airport,Lion Air,JT,738,,,Unknown,2026-08-11 05:36:25
UPG,arrivals,2026-08-10,12:40,,JT837,,SUB,Surabaya Juanda International Airport,Lion Air,JT,738,,,Unknown,2026-08-11 05:36:25
UPG,arrivals,2026-08-10,12:40,12:49,JT706,LNI706,SUB,Surabaya Juanda International Airport,Lion Air,JT,B739,Boeing 737-9GP(ER),PK-LSJ,Landed 13:49,2026-08-11 05:36:25
UPG,arrivals,2026-08-10,12:50,,SJ5899,,TIM,Timika Airport,Sriwijaya Air,SJ,738,,,Unknown,2026-08-11 05:36:25
UPG,arrivals,2026-08-10,12:50,17:24,SJ589,SJY589,TIM,Timika Airport,Sriwijaya Air,SJ,B735,Boeing 737-524,PK-CLE,Landed 18:24,2026-08-11 05:36:25
UPG,arrivals,2026-08-10,13:00,12:54,IW1307,WON1307,BUW,Bau-Bau Betoambari Airport,Wings Air,IW,AT75,ATR 72-500,PK-WFI,Landed 13:54,2026-08-11 05:36:25
UPG,arrivals,2026-08-10,13:10,,JT1853,,PLW,Palu Mutiara Airport,Lion Air,JT,739,,,Unknown,2026-08-11 05:36:25
UPG,arrivals,2026-08-10,13:10,13:10,JT853,LNI853,PLW,Palu Mutiara Airport,Lion Air,JT,B738,Boeing 737-8GP,PK-LQY,Landed 14:10,2026-08-11 05:36:25
UPG,arrivals,2026-08-10,13:15,,JT1881,,AMQ,Ambon Pattimura Airport,Lion Air,JT,738,,,Unknown,2026-08-11 05:36:22
UPG,arrivals,2026-08-10,13:15,13:07,JT881,LNI881,AMQ,Ambon Pattimura Airport,Lion Air,JT,B738,Boeing 737-8GP,PK-LKH,Landed 14:07,2026-08-11 05:36:25
UPG,arrivals,2026-08-10,13:20,,JT1797,,DJJ,Jayapura Sentani Airport,Lion Air,JT,739,,,Unknown,2026-08-11 05:36:22
UPG,arrivals,2026-08-10,13:20,14:57,JT797,LNI797,DJJ,Jayapura Sentani Airport,Lion Air,JT,B739,Boeing 737-9GP(ER),PK-LHQ,Landed 15:57,2026-08-11 05:36:22
UPG,arrivals,2026-08-10,13:25,,SJ599,,TTE,Ternate Babullah Airport,Sriwijaya Air,SJ,738,,,Unknown,2026-08-11 05:36:22
UPG,arrivals,2026-08-10,13:30,13:21,QG350,CTV350,SUB,Surabaya Juanda International Airport,Citilink,QG,A20N,Airbus A320-251N,PK-GTG,Landed 14:21,2026-08-11 05:36:22
UPG,arrivals,2026-08-10,13:30,12:58,IW1911,WON1911,LBJ,Labuan Bajo Komodo Airport,Wings Air,IW,AT75,ATR 72-500,PK-WFW,Landed 13:58,2026-08-11 05:36:22
UPG,arrivals,2026-08-10,13:55,,JT996,,SUB,Surabaya Juanda International Airport,Lion Air,JT,738,,,Unknown,2026-08-11 05:36:22
UPG,arrivals,2026-08-10,13:55,13:39,JT780,LNI780,SUB,Surabaya Juanda International Airport,Lion Air,JT,B739,Boeing 737-9GP(ER),PK-LFK,Landed 14:39,2026-08-11 05:36:22
UPG,arrivals,2026-08-10,14:00,13:34,IW1209,WON1209,KXB,Kolaka Sangia Nibandera Airport,Wings Air,IW,AT76,ATR 72-600,PK-WJL,Landed 14:34,2026-08-11 05:36:22
UPG,arrivals,2026-08-10,14:05,15:02,IW1299,WON1299,MOH,Morowali Maleo Airport,Wings Air,IW,AT75,ATR 72-500,PK-WFU,Unknown,2026-08-11 05:36:22
UPG,arrivals,2026-08-10,14:10,,KS504,,KSR,Selayar Islands H. Aroeppala Airport,Aeroitalia Regional,KS,ATR,,,Unknown,2026-08-11 05:36:22
UPG,arrivals,2026-08-10,14:20,,SJ913,,SOQ,Sorong Dominique Edward Osok Airport,Sriwijaya Air,SJ,738,,,Unknown,2026-08-11 05:36:22
UPG,arrivals,2026-08-10,14:25,14:22,JT993,LNI993,KDI,Kendari Haluoleo Airport,Lion Air,JT,B738,Boeing 737-8GP,PK-LOJ,Landed 15:22,2026-08-11 05:36:22
UPG,arrivals,2026-08-10,14:25,,JT885,,KDI,Kendari Haluoleo Airport,Lion Air,JT,738,,,Unknown,2026-08-11 05:36:22
UPG,arrivals,2026-08-10,14:30,14:37,QG342,CTV342,DPS,Denpasar Ngurah Rai International Airport,Citilink,QG,A20N,Airbus A320-251N,PK-GTC,Landed 15:37,2026-08-11 05:36:22
UPG,arrivals,2026-08-10,14:55,15:21,SJ901,LKN7901,NBX,Nabire Airport,Nam Air,IN,B735,Boeing 737-524,PK-NAQ,Landed 16:21,2026-08-11 05:36:22
UPG,arrivals,2026-08-10,15:00,14:54,IW1353,WON1353,LLO,Palopo Lagaligo Airport,Wings Air,IW,AT75,ATR 72-500,PK-WFS,Landed 15:54,2026-08-11 05:36:22
UPG,arrivals,2026-08-10,15:00,,SJ785,,TIM,Timika Airport,Sriwijaya Air,SJ,735,,,Unknown,2026-08-11 05:36:22
UPG,arrivals,2026-08-10,15:05,14:50,JT941,LNI941,SOQ,Sorong Dominique Edward Osok Airport,Lion Air,JT,B738,Boeing 737-8GP,PK-LJQ,Landed 15:50,2026-08-11 05:36:22
UPG,arrivals,2026-08-10,15:05,,JT782,,CGK,Jakarta Soekarno Hatta International Airport,Lion Air,JT,739,,,Canceled,2026-08-11 05:36:22
UPG,arrivals,2026-08-10,15:10,,ID8261,,TIM,Timika Airport,Batik Air,ID,32A,,,Unknown,2026-08-11 05:36:22
UPG,arrivals,2026-08-10,15:10,15:04,ID6261,BTK6261,TIM,Timika Airport,Batik Air,ID,A320,Airbus A320-214,PK-LAI,Landed 16:04,2026-08-11 05:36:22
UPG,arrivals,2026-08-10,15:15,,SJ5830,,DJJ,Jayapura Sentani Airport,Sriwijaya Air,SJ,735,,,Unknown,2026-08-11 05:36:22
UPG,arrivals,2026-08-10,15:15,,JT1885,,GTO,Gorontalo Jalaluddin Airport,Lion Air,JT,738,,,Unknown,2026-08-11 05:36:22
UPG,arrivals,2026-08-10,15:15,15:14,JT793,LNI793,GTO,Gorontalo Jalaluddin Airport,Lion Air,JT,B739,Boeing 737-9GP(ER),PK-LHP,Landed 16:14,2026-08-11 05:36:22
UPG,arrivals,2026-08-10,15:15,,ID8293,,LUW,Luwuk Bubung Airport,Batik Air,ID,32A,,,Unknown,2026-08-11 05:36:22
UPG,arrivals,2026-08-10,15:15,15:07,ID6293,BTK6293,LUW,Luwuk Bubung Airport,Batik Air,ID,A320,Airbus A320-214,PK-LUW,Landed 16:07,2026-08-11 05:36:22
UPG,arrivals,2026-08-10,15:15,,ID6235,,LUW,Luwuk Bubung Airport,Batik Air,ID,32A,,,Unknown,2026-08-11 05:36:22
UPG,arrivals,2026-08-10,15:20,,ID8555,,PLW,Palu Mutiara Airport,Batik Air,ID,32A,,,Unknown,2026-08-11 05:36:22
UPG,arrivals,2026-08-10,15:20,15:11,ID6555,BTK6555,PLW,Palu Mutiara Airport,Batik Air,ID,A320,Airbus A320-232,PK-BKJ,Landed 16:11,2026-08-11 05:36:22
UPG,arrivals,2026-08-10,15:30,,JT703,,KDI,Kendari Haluoleo Airport,Lion Air,JT,738,,,Unknown,2026-08-11 05:36:22
UPG,arrivals,2026-08-10,15:30,15:17,JT997,LNI997,KDI,Kendari Haluoleo Airport,Lion Air (50th 737-900ER Livery),JT,B739,Boeing 737-9GP(ER),PK-LHY,Landed 16:17,2026-08-11 05:36:22
UPG,arrivals,2026-08-10,15:45,15:27,IW1333,WON1333,MOH,Morowali Maleo Airport,Wings Air,IW,AT76,ATR 72-600,PK-WJT,Landed 16:27,2026-08-11 05:36:22
UPG,arrivals,2026-08-10,15:50,,IW2203,,KXB,Kolaka Sangia Nibandera Airport,Wings Air,IW,AT75,ATR 72-500,PK-WFI,Unknown,2026-08-11 05:36:22
UPG,arrivals,2026-08-10,15:50,15:49,IW1325,WON1325,MOH,Morowali Maleo Airport,Wings Air,IW,AT76,ATR 72-600,PK-WHU,Landed 16:49,2026-08-11 05:36:22
UPG,arrivals,2026-08-10,15:55,15:44,JT740,LNI740,DPS,Denpasar Ngurah Rai International Airport,Lion Air,JT,B739,Boeing 737-9GP(ER),PK-LSL,Landed 16:44,2026-08-11 05:36:22
UPG,arrivals,2026-08-10,16:00,23:56,SJ717,SJY717,DPS,Denpasar Ngurah Rai International Airport,Sriwijaya Air,SJ,B735,Boeing 737-524,PK-CLF,Landed 00:56,2026-08-11 05:36:22
UPG,arrivals,2026-08-10,16:10,16:47,QG340,CTV340,CGK,Jakarta Soekarno Hatta International Airport,Citilink,QG,A320,Airbus A320-214,PK-GQJ,Landed 17:47,2026-08-11 05:36:22
UPG,arrivals,2026-08-10,16:30,16:12,QG352,CTV352,SUB,Surabaya Juanda International Airport,Citilink Garuda Indonesia,QG,A320,Airbus A320-214,PK-GQT,Landed 17:12,2026-08-11 05:36:22
UPG,arrivals,2026-08-10,16:35,16:22,JT848,LNI848,KOE,Kupang El Tari Airport,Lion Air,JT,B738,Boeing 737-8GP,PK-LOP,Landed 17:22,2026-08-11 05:36:22
UPG,arrivals,2026-08-10,16:35,,IW1301,,MJU,Mamuju Tampa Padang Airport,Wings Air,IW,AT7,,,Canceled,2026-08-11 05:36:22
UPG,arrivals,2026-08-10,16:45,,JT995,,KDI,Kendari Haluoleo Airport,Lion Air,JT,738,,,Unknown,2026-08-11 05:36:22
UPG,arrivals,2026-08-10,16:50,16:58,SJ580,SJY580,CGK,Jakarta Soekarno Hatta International Airport,BBN Airlines Indonesia,0B,B738,Boeing 737-8BK,PK-BBF,Landed 17:58,2026-08-11 05:36:22
UPG,arrivals,2026-08-10,16:50,17:57,AK334,AXM334,KUL,Kuala Lumpur International Airport,AirAsia (Allstars Livery),AK,A320,Airbus A320-214,9M-AFD,Landed 18:57,2026-08-11 05:36:22
UPG,arrivals,2026-08-10,16:55,17:12,ID6266,BTK6266,CGK,Jakarta Soekarno Hatta International Airport,Batik Air,ID,B738,Boeing 737-8GP,PK-LDJ,Landed 18:12,2026-08-11 05:36:22
UPG,arrivals,2026-08-10,17:15,,SJ552,,BEJ,Kalimarau Airport,Sriwijaya Air,SJ,735,,,Unknown,2026-08-11 05:36:22
UPG,arrivals,2026-08-10,17:25,,ID8763,,MDC,Manado Sam Ratulangi International Airport,Batik Air,ID,32A,,,Unknown,2026-08-11 05:36:22
UPG,arrivals,2026-08-10,17:30,17:20,ID6763,BTK6763,MDC,Manado Sam Ratulangi International Airport,Batik Air,ID,A320,Airbus A320-214,PK-LAO,Landed 18:20,2026-08-11 05:36:22
UPG,arrivals,2026-08-10,17:35,,JT644,,YIA,Yogyakarta International Airport,Lion Air,JT,739,,,Unknown,2026-08-11 05:36:22
UPG,arrivals,2026-08-10,17:50,18:50,IU534,SJV534,BPN,Balikpapan Sepinggan Airport,Super Air Jet,IU,A320,Airbus A320-232,PK-STG,Landed 19:50,2026-08-11 05:36:22
UPG,arrivals,2026-08-10,17:55,,JT524,,BDJ,Banjarmasin Syamsudin Noor Airport,Lion Air,JT,738,,,Canceled,2026-08-11 05:36:22
UPG,arrivals,2026-08-10,18:00,18:03,QG429,CTV429,BPN,Balikpapan Sepinggan Airport,Citilink,QG,A320,Airbus A320-214,PK-GQD,Landed 19:03,2026-08-11 05:36:22
UPG,arrivals,2026-08-10,18:00,18:10,GA612,GIA612,CGK,Jakarta Soekarno Hatta International Airport,Garuda Indonesia,GA,B738,Boeing 737-8U3,PK-GFW,Landed 19:10,2026-08-11 05:36:22
UPG,arrivals,2026-08-10,18:05,18:08,JT908,LNI908,SRG,Semarang Achmad Yani International Airport,Lion Air,JT,B738,Boeing 737-8GP,PK-LKH,Landed 19:08,2026-08-11 05:36:22
UPG,arrivals,2026-08-10,18:20,18:25,IP808,PAS808,CGK,Jakarta Soekarno Hatta International Airport,Pelita Air,IP,A320,Airbus A320-214,PK-PWO,Landed 19:25,2026-08-11 05:36:22
UPG,arrivals,2026-08-10,18:20,,ID6316,,BPN,Balikpapan Sepinggan Airport,Batik Air,ID,32A,,,Unknown,2026-08-11 05:36:22
UPG,arrivals,2026-08-10,18:20,18:15,ID6232,BTK6232,BPN,Balikpapan Sepinggan Airport,Batik Air,ID,A320,Airbus A320-214,PK-LUT,Landed 19:15,2026-08-11 05:36:22
UPG,arrivals,2026-08-10,19:15,,ID6296,,CGK,Jakarta Soekarno Hatta International Airport,Batik Air,ID,32A,,,Canceled,2026-08-11 05:36:22
UPG,arrivals,2026-08-10,19:15,19:28,GA616,GIA616,CGK,Jakarta Soekarno Hatta International Airport,Garuda Indonesia,GA,B738,Boeing 737-8U3,PK-GMP,Landed 20:28,2026-08-11 05:36:22
UPG,arrivals,2026-08-10,19:50,19:50,QG426,CTV426,CGK,Jakarta Soekarno Hatta International Airport,Citilink,QG,A320,Airbus A320-214,PK-GLL,Landed 20:50,2026-08-11 05:36:22
UPG,arrivals,2026-08-10,20:00,,JT675,,BPN,Balikpapan Sepinggan Airport,Lion Air,JT,738,,,Unknown,2026-08-11 05:36:22
UPG,arrivals,2026-08-10,20:30,,JT3794,,SUB,Surabaya Juanda International Airport,Lion Air,JT,739,,,Unknown,2026-08-11 05:36:22
UPG,arrivals,2026-08-10,20:30,,JT1984,,SUB,Surabaya Juanda International Airport,Lion Air,JT,739,,,Unknown,2026-08-11 05:36:22
UPG,arrivals,2026-08-10,20:30,,JT1880,,SUB,Surabaya Juanda International Airport,Lion Air,JT,738,,,Unknown,2026-08-11 05:36:22
UPG,arrivals,2026-08-10,20:30,,JT1948,,SUB,Surabaya Juanda International Airport,Lion Air,JT,738,,,Unknown,2026-08-11 05:36:22
UPG,arrivals,2026-08-10,20:30,21:37,JT880,LNI880,SUB,Surabaya Juanda International Airport,Lion Air,JT,B738,Boeing 737-8GP,PK-LJQ,Landed 22:37,2026-08-11 05:36:22
UPG,arrivals,2026-08-10,21:10,21:10,ID6142,BTK6142,CGK,Jakarta Soekarno Hatta International Airport,Batik Air,ID,A320,Airbus A320-214,PK-LAI,Landed 22:10,2026-08-11 05:36:22
UPG,arrivals,2026-08-10,21:25,,SJ5810,,CGK,Jakarta Soekarno Hatta International Airport,Sriwijaya Air,SJ,735,,,Unknown,2026-08-11 05:36:22
UPG,arrivals,2026-08-10,21:25,00:21,SJ713,SJY713,YIA,Yogyakarta International Airport,BBN Airlines Indonesia,0B,B738,Boeing 737-8BK,PK-BBF,Landed 01:21,2026-08-11 05:36:22
UPG,arrivals,2026-08-10,21:25,,RI370,,SRG,Semarang Achmad Yani International Airport,Rimbun Air,RI,73Y,,,Unknown,2026-08-11 05:36:22
UPG,arrivals,2026-08-10,21:35,21:57,SJ562,SJY562,SUB,Surabaya Juanda International Airport,Sriwijaya Air,SJ,B735,Boeing 737-524,PK-CLE,Landed 22:57,2026-08-11 05:36:22
UPG,arrivals,2026-08-10,21:55,21:45,JT664,LNI664,YIA,Yogyakarta International Airport,Lion Air,JT,B739,Boeing 737-9GP(ER),PK-LSL,Landed 22:45,2026-08-11 05:36:22
UPG,arrivals,2026-08-10,21:55,21:41,ID6760,BTK6760,DPS,Denpasar Ngurah Rai International Airport,Batik Air,ID,A320,Airbus A320-214,PK-LAQ,Landed 22:41,2026-08-11 05:36:22
UPG,arrivals,2026-08-10,22:25,21:49,QG783,CTV783,YIA,Yogyakarta International Airport,Citilink,QG,A320,Airbus A320-214,PK-GQU,Landed 22:49,2026-08-11 05:36:22
UPG,arrivals,2026-08-10,23:00,22:35,QG216,CTV216,CGK,Jakarta Soekarno Hatta International Airport,Citilink,QG,A320,Airbus A320-214,PK-GQK,Landed 23:35,2026-08-11 05:36:22
UPG,arrivals,2026-08-10,23:30,,ID8260,,SUB,Surabaya Juanda International Airport,Batik Air,ID,32A,,,Canceled,2026-08-11 05:36:22
UPG,arrivals,2026-08-10,23:30,,ID8182,,SUB,Surabaya Juanda International Airport,Batik Air,ID,32A,,,Unknown,2026-08-11 05:36:22
UPG,arrivals,2026-08-10,23:30,23:21,ID6136,BTK6136,SUB,Surabaya Juanda International Airport,Batik Air,ID,A320,Airbus A320-214,PK-LUW,Landed 00:21,2026-08-11 05:36:22
UPG,arrivals,2026-08-10,23:40,,SJ592,,CGK,Jakarta Soekarno Hatta International Airport,Sriwijaya Air,SJ,735,,,Unknown,2026-08-11 05:36:22
UPG,arrivals,2026-08-10,23:40,,IN582,,CGK,Jakarta Soekarno Hatta International Airport,Nam Air,IN,735,,,Unknown,2026-08-11 05:36:22
UPG,arrivals,2026-08-10,23:50,,JT938,,CGK,Jakarta Soekarno Hatta International Airport,Lion Air,JT,738,,,Unknown,2026-08-11 05:36:22
UPG,arrivals,2026-08-10,23:55,,JT940,,CGK,Jakarta Soekarno Hatta International Airport,Lion Air,JT,738,,,Unknown,2026-08-11 05:36:22
UPG,arrivals,2026-08-10,23:55,23:41,JT798,LNI798,CGK,Jakarta Soekarno Hatta International Airport,Lion Air,JT,B739,Boeing 737-9GP(ER),PK-LFW,Landed 00:41,2026-08-11 05:36:22
UPG,departures,2026-08-10,00:35,00:35,JT3794,,DJJ,Jayapura Sentani Airport,Lion Air,JT,739,,,Estimated dep 01:35*,2026-08-11 05:36:59
UPG,departures,2026-08-10,00:35,00:48,JT798,LNI798,DJJ,Jayapura Sentani Airport,Lion Air,JT,B739,Boeing 737-9GP(ER),PK-LHQ,Departed 01:48,2026-08-11 05:36:59
UPG,departures,2026-08-10,01:10,01:20,JT1984,,TIM,Timika Airport,Lion Air,JT,739,,,Estimated dep 02:20*,2026-08-11 05:36:59
UPG,departures,2026-08-10,01:10,01:20,JT984,LNI984,TIM,Timika Airport,Lion Air,JT,B739,Boeing 737-9GP(ER),PK-LFW,Departed 02:20,2026-08-11 05:36:59
UPG,departures,2026-08-10,01:35,01:58,JT1948,,MKQ,Merauke Mopah International Airport,Lion Air,JT,738,,,Estimated dep 02:58*,2026-08-11 05:36:59
UPG,departures,2026-08-10,01:35,01:58,JT948,LNI948,MKQ,Merauke Mopah International Airport,Lion Air,JT,B738,Boeing 737-8GP,PK-LQZ,Departed 02:58,2026-08-11 05:36:59
UPG,departures,2026-08-10,01:40,01:52,JT940,LNI940,SOQ,Sorong Dominique Edward Osok Airport,Lion Air,JT,B738,Boeing 737-8GP,PK-LJQ,Departed 02:52,2026-08-11 05:36:59
UPG,departures,2026-08-10,01:55,,RI321,,CGK,Jakarta Soekarno Hatta International Airport,Rimbun Air,RI,73Y,,,Unknown,2026-08-11 05:36:59
UPG,departures,2026-08-10,02:10,,SJ5898,,TIM,Timika Airport,Sriwijaya Air,SJ,738,,,Unknown,2026-08-11 05:36:59
UPG,departures,2026-08-10,02:10,06:31,SJ588,SJY588,TIM,Timika Airport,Sriwijaya Air,SJ,B735,Boeing 737-524,PK-CLE,Departed 07:31,2026-08-11 05:36:59
UPG,departures,2026-08-10,02:15,02:30,SJ900,,NBX,Nabire Airport,Nam Air,IN,B735,Boeing 737-524,PK-NAQ,Estimated dep 03:30*,2026-08-11 05:36:59
UPG,departures,2026-08-10,02:20,02:46,IU221,SJV221,MKW,Manokwari Rendani Airport,Super Air Jet,IU,A320,Airbus A320-232,PK-SGB,Departed 03:46,2026-08-11 05:36:59
UPG,departures,2026-08-10,02:20,02:26,ID6164,BTK6164,AMQ,Ambon Pattimura Airport,Batik Air,ID,A320,Airbus A320-214,PK-LUT,Departed 03:26,2026-08-11 05:36:59
UPG,departures,2026-08-10,02:20,02:26,ID6136,,AMQ,Ambon Pattimura Airport,Batik Air,ID,32A,,,Estimated dep 03:26*,2026-08-11 05:36:59
UPG,departures,2026-08-10,02:30,,SJ9200,,NBX,Nabire Airport,Sriwijaya Air,SJ,735,,,Unknown,2026-08-11 05:36:59
UPG,departures,2026-08-10,02:30,11:09,SJ698,SJY698,TTE,Ternate Babullah Airport,Sriwijaya Air,SJ,B735,Boeing 737-524,PK-CLF,Departed 12:09,2026-08-11 05:36:59
UPG,departures,2026-08-10,02:30,,ID8182,,DJJ,Jayapura Sentani Airport,Batik Air,ID,32A,,,Unknown,2026-08-11 05:36:59
UPG,departures,2026-08-10,02:30,02:43,ID6182,BTK6182,DJJ,Jayapura Sentani Airport,Batik Air,ID,B738,Boeing 737-8GP,PK-LDJ,Departed 03:43,2026-08-11 05:36:59
UPG,departures,2026-08-10,02:45,,SJ912,,SOQ,Sorong Dominique Edward Osok Airport,Sriwijaya Air,SJ,738,,,Unknown,2026-08-11 05:36:59
UPG,departures,2026-08-10,02:45,,SJ902,,SOQ,Sorong Dominique Edward Osok Airport,Sriwijaya Air,SJ,735,,,Unknown,2026-08-11 05:36:59
UPG,departures,2026-08-10,04:00,,SJ727,,DPS,Denpasar Ngurah Rai International Airport,Sriwijaya Air,SJ,738,,,Unknown,2026-08-11 05:36:55
UPG,departures,2026-08-10,04:15,04:15,JT1944,,SOQ,Sorong Dominique Edward Osok Airport,Lion Air,JT,738,,,Estimated dep 05:15*,2026-08-11 05:36:55
UPG,departures,2026-08-10,04:15,04:14,JT942,LNI942,SOQ,Sorong Dominique Edward Osok Airport,Lion Air,JT,B738,Boeing 737-8GP,PK-LQY,Departed 05:14,2026-08-11 05:36:55
UPG,departures,2026-08-10,04:35,04:40,JT873,LNI873,CGK,Jakarta Soekarno Hatta International Airport,Lion Air,JT,B738,Boeing 737-8GP,PK-LPK,Departed 05:40,2026-08-11 05:36:55
UPG,departures,2026-08-10,05:00,05:00,JT3896,,TTE,Ternate Babullah Airport,Lion Air,JT,738,,,Estimated dep 06:00*,2026-08-11 05:36:55
UPG,departures,2026-08-10,05:00,05:24,JT896,LNI896,TTE,Ternate Babullah Airport,Lion Air,JT,B738,Boeing 737-8GP,PK-LOJ,Departed 06:24,2026-08-11 05:36:55
UPG,departures,2026-08-10,05:10,05:01,IW1296,WON1296,MOH,Morowali Maleo Airport,Wings Air,IW,AT76,ATR 72-600,PK-WHU,Departed 06:01,2026-08-11 05:36:55
UPG,departures,2026-08-10,05:15,05:33,QG345,CTV345,CGK,Jakarta Soekarno Hatta International Airport,Citilink,QG,A320,Airbus A320-214,PK-GLV,Departed 06:33,2026-08-11 05:36:55
UPG,departures,2026-08-10,05:15,05:22,JT888,LNI888,AMQ,Ambon Pattimura Airport,Lion Air,JT,B738,Boeing 737-8GP,PK-LKH,Departed 06:22,2026-08-11 05:36:55
UPG,departures,2026-08-10,05:15,05:15,JT880,,AMQ,Ambon Pattimura Airport,Lion Air,JT,738,,,Estimated dep 06:15*,2026-08-11 05:36:55
UPG,departures,2026-08-10,05:20,05:27,ID6761,BTK6761,DPS,Denpasar Ngurah Rai International Airport,Batik Air,ID,A320,Airbus A320-214,PK-LAQ,Departed 06:27,2026-08-11 05:36:55
UPG,departures,2026-08-10,05:25,,ID6864,,CGK,Jakarta Soekarno Hatta International Airport,Batik Air,ID,32A,,,Unknown,2026-08-11 05:36:55
UPG,departures,2026-08-10,05:25,05:35,ID6265,BTK6265,CGK,Jakarta Soekarno Hatta International Airport,Batik Air,ID,A320,Airbus A320-214,PK-BKP,Departed 06:35,2026-08-11 05:36:55
UPG,departures,2026-08-10,05:30,,KS501,,APD,Bone Arung Palakka Airport,Aeroitalia Regional,KS,ATR,,,Unknown,2026-08-11 05:36:55
UPG,departures,2026-08-10,06:00,05:59,QG780,CTV780,YIA,Yogyakarta International Airport,Citilink,QG,A320,Airbus A320-214,PK-GQU,Departed 06:59,2026-08-11 05:36:55
UPG,departures,2026-08-10,06:00,06:10,IW2310,,BUW,Bau-Bau Betoambari Airport,Wings Air,IW,AT75,ATR 72-500,PK-WFW,Estimated dep 07:10*,2026-08-11 05:36:55
UPG,departures,2026-08-10,06:00,06:04,IW1206,WON1206,KXB,Kolaka Sangia Nibandera Airport,Wings Air,IW,AT76,ATR 72-600,PK-WJL,Departed 07:04,2026-08-11 05:36:55
UPG,departures,2026-08-10,06:05,06:01,IW1332,WON1332,MOH,Morowali Maleo Airport,Wings Air,IW,AT76,ATR 72-600,PK-WKH,Departed 07:01,2026-08-11 05:36:55
UPG,departures,2026-08-10,06:15,06:21,GA617,GIA617,CGK,Jakarta Soekarno Hatta International Airport,Garuda Indonesia,GA,B738,Boeing 737-8U3,PK-GMA,Departed 07:21,2026-08-11 05:36:55
UPG,departures,2026-08-10,06:50,06:50,JT981,,SUB,Surabaya Juanda International Airport,Lion Air,JT,738,,,Estimated dep 07:50*,2026-08-11 05:36:55
UPG,departures,2026-08-10,06:50,07:28,JT801,LNI801,SUB,Surabaya Juanda International Airport,Lion Air,JT,B739,Boeing 737-9GP(ER),PK-LSH,Departed 08:28,2026-08-11 05:36:55
UPG,departures,2026-08-10,06:50,09:44,JT781,,SUB,Surabaya Juanda International Airport,Lion Air,JT,738,,,Unknown,2026-08-11 05:36:55
UPG,departures,2026-08-10,07:05,07:05,IW1302,WON1302,MJU,Mamuju Tampa Padang Airport,Wings Air,IW,AT75,ATR 72-500,PK-WFI,Departed 08:05,2026-08-11 05:36:55
UPG,departures,2026-08-10,07:10,07:11,IW1350,WON1350,LLO,Palopo Lagaligo Airport,Wings Air,IW,AT75,ATR 72-500,PK-WFS,Departed 08:11,2026-08-11 05:36:55
UPG,departures,2026-08-10,07:15,07:30,JT986,LNI986,KDI,Kendari Haluoleo Airport,Lion Air,JT,B739,Boeing 737-9GP(ER),PK-LGL,Departed 08:30,2026-08-11 05:36:55
UPG,departures,2026-08-10,07:15,08:10,JT786,,KDI,Kendari Haluoleo Airport,Lion Air,JT,739,,,Unknown,2026-08-11 05:36:55
UPG,departures,2026-08-10,07:20,08:20,IW1328,WON1328,MOH,Morowali Maleo Airport,Wings Air,IW,AT75,ATR 72-500,PK-WFU,Departed 09:20,2026-08-11 05:36:55
UPG,departures,2026-08-10,07:20,07:34,ID6770,BTK6770,MDC,Manado Sam Ratulangi International Airport,Batik Air,ID,A320,Airbus A320-232,PK-BKJ,Departed 08:34,2026-08-11 05:36:55
UPG,departures,2026-08-10,07:30,07:41,ID6751,BTK6751,KDI,Kendari Haluoleo Airport,Batik Air,ID,A320,Airbus A320-214,PK-LUT,Departed 08:41,2026-08-11 05:36:55
UPG,departures,2026-08-10,07:35,07:56,JT741,LNI741,DPS,Denpasar Ngurah Rai International Airport,Lion Air,JT,B739,Boeing 737-9GP(ER),PK-LSU,Departed 08:56,2026-08-11 05:36:55
UPG,departures,2026-08-10,07:40,07:54,JT641,LNI641,YIA,Yogyakarta International Airport,Lion Air (50th 737-900ER Livery),JT,B739,Boeing 737-9GP(ER),PK-LHY,Departed 08:54,2026-08-11 05:36:55
UPG,departures,2026-08-10,08:10,11:22,JT2792,,MDC,Manado Sam Ratulangi International Airport,Lion Air,JT,738,,,Unknown,2026-08-11 05:36:55
UPG,departures,2026-08-10,08:10,08:10,JT746,,MDC,Manado Sam Ratulangi International Airport,Lion Air,JT,739,,,Estimated dep 09:10*,2026-08-11 05:36:55
UPG,departures,2026-08-10,08:10,08:31,JT742,LNI742,MDC,Manado Sam Ratulangi International Airport,Lion Air,JT,B738,Boeing 737-8GP,PK-LOR,Departed 09:31,2026-08-11 05:36:55
UPG,departures,2026-08-10,08:15,08:24,JT3871,,CGK,Jakarta Soekarno Hatta International Airport,Lion Air,JT,738,,,Estimated dep 09:24*,2026-08-11 05:36:55
UPG,departures,2026-08-10,08:15,08:15,JT2891,,CGK,Jakarta Soekarno Hatta International Airport,Lion Air,JT,738,,,Estimated dep 09:15*,2026-08-11 05:36:55
UPG,departures,2026-08-10,08:15,08:15,JT991,,CGK,Jakarta Soekarno Hatta International Airport,Lion Air,JT,739,,,Estimated dep 09:15*,2026-08-11 05:36:55
UPG,departures,2026-08-10,08:15,08:24,JT871,LNI871,CGK,Jakarta Soekarno Hatta International Airport,Lion Air,JT,B738,Boeing 737-8GP,PK-LOI,Departed 09:24,2026-08-11 05:36:55
UPG,departures,2026-08-10,08:45,,ID8260,,TIM,Timika Airport,Batik Air,ID,32A,,,Unknown,2026-08-11 05:36:55
UPG,departures,2026-08-10,08:45,08:58,ID6260,BTK6260,TIM,Timika Airport,Batik Air,ID,A320,Airbus A320-214,PK-LAI,Departed 09:58,2026-08-11 05:36:55
UPG,departures,2026-08-10,08:45,08:53,GA604,GIA604,KDI,Kendari Haluoleo Airport,Garuda Indonesia,GA,B738,Boeing 737-8U3,PK-GMP,Departed 09:53,2026-08-11 05:36:55
UPG,departures,2026-08-10,08:50,08:55,IW1204,WON1204,KXB,Kolaka Sangia Nibandera Airport,Wings Air,IW,AT76,ATR 72-600,PK-WJL,Departed 09:55,2026-08-11 05:36:55
UPG,departures,2026-08-10,08:50,09:36,IU535,SJV535,BPN,Balikpapan Sepinggan Airport,Super Air Jet,IU,A320,Airbus A320-232,PK-SGB,Departed 10:36,2026-08-11 05:36:55
UPG,departures,2026-08-10,08:55,08:55,JT1707,,SUB,Surabaya Juanda International Airport,Lion Air,JT,739,,,Estimated dep 09:55*,2026-08-11 05:36:55
UPG,departures,2026-08-10,08:55,09:32,JT791,LNI791,SUB,Surabaya Juanda International Airport,Lion Air,JT,B739,Boeing 737-9GP(ER),PK-LSJ,Departed 10:32,2026-08-11 05:36:55
UPG,departures,2026-08-10,08:55,08:55,JT680,,SUB,Surabaya Juanda International Airport,Lion Air,JT,738,,,Estimated dep 09:55*,2026-08-11 05:36:55
UPG,departures,2026-08-10,09:00,,SJ538,,MOH,Morowali Maleo Airport,Sriwijaya Air,SJ,735,,,Unknown,2026-08-11 05:36:55
UPG,departures,2026-08-10,09:05,09:10,IW1326,WON1326,MOH,Morowali Maleo Airport,Wings Air,IW,AT76,ATR 72-600,PK-WHU,Departed 10:10,2026-08-11 05:36:55
UPG,departures,2026-08-10,09:05,09:22,ID6267,BTK6267,CGK,Jakarta Soekarno Hatta International Airport,Batik Air,ID,A320,Airbus A320-214,PK-LUP,Departed 10:22,2026-08-11 05:36:55
UPG,departures,2026-08-10,09:10,09:29,IP807,PAS807,CGK,Jakarta Soekarno Hatta International Airport,Pelita Air,IP,A320,Airbus A320-232,PK-PWL,Departed 10:29,2026-08-11 05:36:55
UPG,departures,2026-08-10,09:15,09:19,ID6294,BTK6294,LUW,Luwuk Bubung Airport,Batik Air,ID,A320,Airbus A320-214,PK-LAO,Departed 10:19,2026-08-11 05:36:55
UPG,departures,2026-08-10,09:15,,ID6236,,LUW,Luwuk Bubung Airport,Batik Air,ID,32A,,,Unknown,2026-08-11 05:36:55
UPG,departures,2026-08-10,09:15,,ID6264,,LUW,Luwuk Bubung Airport,Batik Air,ID,32A,,,Unknown,2026-08-11 05:36:55
UPG,departures,2026-08-10,09:25,09:40,MH846,MAS846,KUL,Kuala Lumpur International Airport,Malaysia Airlines,MH,B738,Boeing 737-8H6,9M-MSA,Departed 10:40,2026-08-11 05:36:55
UPG,departures,2026-08-10,09:45,09:48,QG351,CTV351,SUB,Surabaya Juanda International Airport,Citilink,QG,A20N,Airbus A320-251N,PK-GTG,Departed 10:48,2026-08-11 05:36:55
UPG,departures,2026-08-10,09:55,10:08,IW1910,WON1910,LBJ,Labuan Bajo Komodo Airport,Wings Air,IW,AT75,ATR 72-500,PK-WFW,Departed 11:08,2026-08-11 05:36:55
UPG,departures,2026-08-10,10:05,,SJ553,,BEJ,Kalimarau Airport,Sriwijaya Air,SJ,735,,,Unknown,2026-08-11 05:36:55
UPG,departures,2026-08-10,10:05,10:16,JT854,LNI854,PLW,Palu Mutiara Airport,Lion Air,JT,B738,Boeing 737-8GP,PK-LQY,Departed 11:16,2026-08-11 05:36:55
UPG,departures,2026-08-10,10:10,10:21,IW1308,WON1308,BUW,Bau-Bau Betoambari Airport,Wings Air,IW,AT75,ATR 72-500,PK-WFI,Departed 11:21,2026-08-11 05:36:55
UPG,departures,2026-08-10,10:15,10:33,GA611,GIA611,CGK,Jakarta Soekarno Hatta International Airport,Garuda Indonesia,GA,B738,Boeing 737-86N,PK-GFJ,Departed 11:33,2026-08-11 05:36:55
UPG,departures,2026-08-10,10:45,10:45,JT949,,SUB,Surabaya Juanda International Airport,Lion Air,JT,738,,,Estimated dep 11:45*,2026-08-11 05:36:55
UPG,departures,2026-08-10,10:45,10:47,JT787,LNI787,SUB,Surabaya Juanda International Airport,Lion Air,JT,B739,Boeing 737-9GP(ER),PK-LGL,Departed 11:47,2026-08-11 05:36:55
UPG,departures,2026-08-10,10:50,11:05,IU531,SJV531,BPN,Balikpapan Sepinggan Airport,Super Air Jet,IU,A320,Airbus A320-232,PK-SJF,Departed 12:05,2026-08-11 05:36:55
UPG,departures,2026-08-10,10:50,,ID6317,,BPN,Balikpapan Sepinggan Airport,Batik Air,ID,32A,,,Unknown,2026-08-11 05:36:55
UPG,departures,2026-08-10,10:50,11:03,ID6233,BTK6233,BPN,Balikpapan Sepinggan Airport,Batik Air,ID,A320,Airbus A320-214,PK-LUT,Departed 12:03,2026-08-11 05:36:55
UPG,departures,2026-08-10,10:55,,JT523,,BDJ,Banjarmasin Syamsudin Noor Airport,Lion Air,JT,738,,,Canceled,2026-08-11 05:36:55
UPG,departures,2026-08-10,11:00,11:11,QG343,CTV343,DPS,Denpasar Ngurah Rai International Airport,Citilink,QG,A20N,Airbus A320-251N,PK-GTC,Departed 12:11,2026-08-11 05:36:55
UPG,departures,2026-08-10,11:00,11:47,IW1298,WON1298,MOH,Morowali Maleo Airport,Wings Air,IW,AT75,ATR 72-500,PK-WFU,Departed 12:47,2026-08-11 05:36:55
UPG,departures,2026-08-10,11:10,,SJ5981,,CGK,Jakarta Soekarno Hatta International Airport,Sriwijaya Air,SJ,738,,,Unknown,2026-08-11 05:36:55
UPG,departures,2026-08-10,11:10,,SJ5891,,CGK,Jakarta Soekarno Hatta International Airport,Sriwijaya Air,SJ,738,,,Unknown,2026-08-11 05:36:55
UPG,departures,2026-08-10,11:10,,SJ581,,CGK,Jakarta Soekarno Hatta International Airport,Sriwijaya Air,SJ,735,,,Unknown,2026-08-11 05:36:55
UPG,departures,2026-08-10,11:15,14:20,ID6750,,CGK,Jakarta Soekarno Hatta International Airport,Batik Air,ID,32A,,,Unknown,2026-08-11 05:36:55
UPG,departures,2026-08-10,11:15,11:44,ID6183,BTK6183,CGK,Jakarta Soekarno Hatta International Airport,Batik Air,ID,B738,Boeing 737-8GP,PK-LDJ,Departed 12:44,2026-08-11 05:36:55
UPG,departures,2026-08-10,11:35,11:41,IW1208,WON1208,KXB,Kolaka Sangia Nibandera Airport,Wings Air,IW,AT76,ATR 72-600,PK-WJL,Departed 12:41,2026-08-11 05:36:55
UPG,departures,2026-08-10,11:40,11:40,JT1892,,GTO,Gorontalo Jalaluddin Airport,Lion Air,JT,738,,,Estimated dep 12:40*,2026-08-11 05:36:55
UPG,departures,2026-08-10,11:40,11:56,JT892,LNI892,GTO,Gorontalo Jalaluddin Airport,Lion Air,JT,B739,Boeing 737-9GP(ER),PK-LHP,Departed 12:56,2026-08-11 05:36:55
UPG,departures,2026-08-10,11:45,11:53,JT992,LNI992,KDI,Kendari Haluoleo Airport,Lion Air,JT,B738,Boeing 737-8GP,PK-LOJ,Departed 12:53,2026-08-11 05:36:55
UPG,departures,2026-08-10,11:45,11:45,JT882,,KDI,Kendari Haluoleo Airport,Lion Air,JT,739,,,Estimated dep 12:45*,2026-08-11 05:36:55
UPG,departures,2026-08-10,12:00,,KS503,,KSR,Selayar Islands H. Aroeppala Airport,Aeroitalia Regional,KS,ATR,,,Unknown,2026-08-11 05:36:55
UPG,departures,2026-08-10,12:10,,JT745,,DPS,Denpasar Ngurah Rai International Airport,Lion Air,JT,739,,,Canceled,2026-08-11 05:36:55
UPG,departures,2026-08-10,12:10,12:22,ID6292,BTK6292,LUW,Luwuk Bubung Airport,Batik Air,ID,A320,Airbus A320-214,PK-LUW,Departed 13:22,2026-08-11 05:36:55
UPG,departures,2026-08-10,12:15,12:32,ID6554,BTK6554,PLW,Palu Mutiara Airport,Batik Air,ID,A320,Airbus A320-232,PK-BKJ,Departed 13:32,2026-08-11 05:36:55
UPG,departures,2026-08-10,12:25,12:25,JT1949,,CGK,Jakarta Soekarno Hatta International Airport,Lion Air,JT,739,,,Estimated dep 13:25*,2026-08-11 05:36:55
UPG,departures,2026-08-10,12:25,12:25,JT1943,,CGK,Jakarta Soekarno Hatta International Airport,Lion Air,JT,739,,,Estimated dep 13:25*,2026-08-11 05:36:55
UPG,departures,2026-08-10,12:25,12:25,JT1897,,CGK,Jakarta Soekarno Hatta International Airport,Lion Air,JT,738,,,Estimated dep 13:25*,2026-08-11 05:36:55
UPG,departures,2026-08-10,12:25,15:24,JT987,,CGK,Jakarta Soekarno Hatta International Airport,Lion Air,JT,738,,,Unknown,2026-08-11 05:36:55
UPG,departures,2026-08-10,12:25,12:56,JT985,LNI985,CGK,Jakarta Soekarno Hatta International Airport,Lion Air,JT,B739,Boeing 737-9GP(ER),PK-LFW,Departed 13:56,2026-08-11 05:36:55
UPG,departures,2026-08-10,12:25,,JT372,,CGK,Jakarta Soekarno Hatta International Airport,Lion Air,JT,739,,,Unknown,2026-08-11 05:36:55
UPG,departures,2026-08-10,12:35,20:53,SJ716,SJY716,DPS,Denpasar Ngurah Rai International Airport,Sriwijaya Air,SJ,B735,Boeing 737-524,PK-CLF,Departed 21:53,2026-08-11 05:36:55
UPG,departures,2026-08-10,12:40,13:00,IW1352,WON1352,LLO,Palopo Lagaligo Airport,Wings Air,IW,AT75,ATR 72-500,PK-WFS,Departed 14:00,2026-08-11 05:36:55
UPG,departures,2026-08-10,12:45,13:11,IW1324,WON1324,MOH,Morowali Maleo Airport,Wings Air,IW,AT76,ATR 72-600,PK-WHU,Departed 14:11,2026-08-11 05:36:55
UPG,departures,2026-08-10,12:50,12:50,JT1994,,KDI,Kendari Haluoleo Airport,Lion Air,JT,738,,,Estimated dep 13:50*,2026-08-11 05:36:55
UPG,departures,2026-08-10,12:50,13:08,JT994,LNI994,KDI,Kendari Haluoleo Airport,Lion Air (50th 737-900ER Livery),JT,B739,Boeing 737-9GP(ER),PK-LHY,Departed 14:08,2026-08-11 05:36:55
UPG,departures,2026-08-10,13:00,13:46,GA605,GIA605,CGK,Jakarta Soekarno Hatta International Airport,Garuda Indonesia,GA,B738,Boeing 737-8U3,PK-GMP,Departed 14:46,2026-08-11 05:36:55
UPG,departures,2026-08-10,13:05,13:15,JT849,LNI849,KOE,Kupang El Tari Airport,Lion Air,JT,B738,Boeing 737-8GP,PK-LOP,Departed 14:15,2026-08-11 05:36:55
UPG,departures,2026-08-10,13:05,14:11,JT643,,YIA,Yogyakarta International Airport,Lion Air,JT,739,,,Unknown,2026-08-11 05:36:55
UPG,departures,2026-08-10,13:10,13:22,ID6762,BTK6762,MDC,Manado Sam Ratulangi International Airport,Batik Air,ID,A320,Airbus A320-214,PK-LAO,Departed 14:22,2026-08-11 05:36:55
UPG,departures,2026-08-10,13:20,13:30,JT1985,,SUB,Surabaya Juanda International Airport,Lion Air,JT,739,,,Estimated dep 14:30*,2026-08-11 05:36:52
UPG,departures,2026-08-10,13:20,13:20,JT1801,,SUB,Surabaya Juanda International Airport,Lion Air,JT,738,,,Estimated dep 14:20*,2026-08-11 05:36:52
UPG,departures,2026-08-10,13:20,13:20,JT897,,SUB,Surabaya Juanda International Airport,Lion Air,JT,738,,,Estimated dep 14:20*,2026-08-11 05:36:55
UPG,departures,2026-08-10,13:20,16:19,JT838,,SUB,Surabaya Juanda International Airport,Lion Air,JT,738,,,Unknown,2026-08-11 05:36:55
UPG,departures,2026-08-10,13:20,13:52,JT707,LNI707,SUB,Surabaya Juanda International Airport,Lion Air,JT,B739,Boeing 737-9GP(ER),PK-LSJ,Departed 14:52,2026-08-11 05:36:55
UPG,departures,2026-08-10,13:25,13:48,IW2202,,KXB,Kolaka Sangia Nibandera Airport,Wings Air,IW,AT75,ATR 72-500,PK-WFI,Estimated dep 14:48*,2026-08-11 05:36:52
UPG,departures,2026-08-10,13:45,23:45,SJ599,SJY599,CGK,Jakarta Soekarno Hatta International Airport,Sriwijaya Air,SJ,B735,Boeing 737-524,PK-CLE,Departed 00:45,2026-08-11 05:36:52
UPG,departures,2026-08-10,13:55,14:15,JT909,LNI909,SRG,Semarang Achmad Yani International Airport,Lion Air,JT,B738,Boeing 737-8GP,PK-LKH,Departed 15:15,2026-08-11 05:36:52
UPG,departures,2026-08-10,13:55,,IW1300,,MJU,Mamuju Tampa Padang Airport,Wings Air,IW,AT7,,,Canceled,2026-08-11 05:36:52
UPG,departures,2026-08-10,14:00,14:00,JT2778,,TTE,Ternate Babullah Airport,Lion Air,JT,738,,,Estimated dep 15:00*,2026-08-11 05:36:52
UPG,departures,2026-08-10,14:00,15:22,JT1853,,CGK,Jakarta Soekarno Hatta International Airport,Lion Air,JT,739,,,Unknown,2026-08-11 05:36:52
UPG,departures,2026-08-10,14:00,14:00,JT1743,,CGK,Jakarta Soekarno Hatta International Airport,Lion Air,JT,738,,,Estimated dep 15:00*,2026-08-11 05:36:52
UPG,departures,2026-08-10,14:00,14:17,JT980,LNI980,TTE,Ternate Babullah Airport,Lion Air,JT,B738,Boeing 737-8GP,PK-LQY,Departed 15:17,2026-08-11 05:36:52
UPG,departures,2026-08-10,14:00,16:04,JT797,LNI797,CGK,Jakarta Soekarno Hatta International Airport,Lion Air,JT,B739,Boeing 737-9GP(ER),PK-LHQ,Departed 17:04,2026-08-11 05:36:52
UPG,departures,2026-08-10,14:10,,JT774,,KDI,Kendari Haluoleo Airport,Lion Air,JT,738,,,Unknown,2026-08-11 05:36:52
UPG,departures,2026-08-10,14:10,,JT998,,KDI,Kendari Haluoleo Airport,Lion Air,JT,738,,,Unknown,2026-08-11 05:36:52
UPG,departures,2026-08-10,14:20,14:34,QG213,CTV213,CGK,Jakarta Soekarno Hatta International Airport,Citilink,QG,A20N,Airbus A320-251N,PK-GTG,Departed 15:34,2026-08-11 05:36:52
UPG,departures,2026-08-10,14:35,,JT1774,,PLW,Palu Mutiara Airport,Lion Air,JT,738,,,Unknown,2026-08-11 05:36:52
UPG,departures,2026-08-10,14:35,14:40,JT780,LNI780,PLW,Palu Mutiara Airport,Lion Air,JT,B739,Boeing 737-9GP(ER),PK-LFK,Departed 15:40,2026-08-11 05:36:52
UPG,departures,2026-08-10,14:45,14:55,IW1306,WON1306,BUW,Bau-Bau Betoambari Airport,Wings Air,IW,AT76,ATR 72-600,PK-WJL,Departed 15:55,2026-08-11 05:36:52
UPG,departures,2026-08-10,15:00,15:29,QG353,CTV353,SUB,Surabaya Juanda International Airport,Citilink,QG,A20N,Airbus A320-251N,PK-GTC,Departed 16:29,2026-08-11 05:36:52
UPG,departures,2026-08-10,15:50,,ID6771,,CGK,Jakarta Soekarno Hatta International Airport,Batik Air,ID,32A,,,Unknown,2026-08-11 05:36:52
UPG,departures,2026-08-10,15:50,,ID6295,,CGK,Jakarta Soekarno Hatta International Airport,Batik Air,ID,32A,,,Unknown,2026-08-11 05:36:52
UPG,departures,2026-08-10,15:50,16:00,ID6143,BTK6143,CGK,Jakarta Soekarno Hatta International Airport,Batik Air,ID,A320,Airbus A320-214,PK-LAI,Departed 17:00,2026-08-11 05:36:52
UPG,departures,2026-08-10,15:55,,JT941,,CGK,Jakarta Soekarno Hatta International Airport,Lion Air,JT,738,,,Unknown,2026-08-11 05:36:52
UPG,departures,2026-08-10,15:55,,JT881,,CGK,Jakarta Soekarno Hatta International Airport,Lion Air,JT,738,,,Unknown,2026-08-11 05:36:52
UPG,departures,2026-08-10,15:55,,JT793,,CGK,Jakarta Soekarno Hatta International Airport,Lion Air,JT,738,,,Unknown,2026-08-11 05:36:52
UPG,departures,2026-08-10,16:00,,SJ5811,,CGK,Jakarta Soekarno Hatta International Airport,Sriwijaya Air,SJ,735,,,Unknown,2026-08-11 05:36:52
UPG,departures,2026-08-10,16:15,16:15,JT1881,,SUB,Surabaya Juanda International Airport,Lion Air,JT,739,,,Estimated dep 17:15*,2026-08-11 05:36:52
UPG,departures,2026-08-10,16:15,16:21,JT1885,,SUB,Surabaya Juanda International Airport,Lion Air,JT,738,,,Estimated dep 17:21*,2026-08-11 05:36:52
UPG,departures,2026-08-10,16:15,19:18,JT997,,SUB,Surabaya Juanda International Airport,Lion Air,JT,738,,,Unknown,2026-08-11 05:36:52
UPG,departures,2026-08-10,16:15,19:19,JT1797,,SUB,Surabaya Juanda International Airport,Lion Air,JT,739,,,Unknown,2026-08-11 05:36:52
UPG,departures,2026-08-10,16:15,16:15,JT996,LNI996,KDI,Kendari Haluoleo Airport,Lion Air (50th 737-900ER Livery),JT,B739,Boeing 737-9GP(ER),PK-LHY,Departed 17:15,2026-08-11 05:36:52
UPG,departures,2026-08-10,16:15,16:26,JT885,LNI885,SUB,Surabaya Juanda International Airport,Lion Air,JT,B738,Boeing 737-8GP,PK-LJQ,Departed 17:26,2026-08-11 05:36:52
UPG,departures,2026-08-10,16:30,,IN583,,CGK,Jakarta Soekarno Hatta International Airport,Nam Air,IN,735,,,Unknown,2026-08-11 05:36:52
UPG,departures,2026-08-10,16:35,19:18,JT1780,,MDC,Manado Sam Ratulangi International Airport,Lion Air,JT,739,,,Unknown,2026-08-11 05:36:52
UPG,departures,2026-08-10,16:35,19:30,JT1740,,MDC,Manado Sam Ratulangi International Airport,Lion Air,JT,739,,,Unknown,2026-08-11 05:36:52
UPG,departures,2026-08-10,16:35,17:01,JT740,LNI740,MDC,Manado Sam Ratulangi International Airport,Lion Air,JT,B739,Boeing 737-9GP(ER),PK-LHP,Departed 18:01,2026-08-11 05:36:52
UPG,departures,2026-08-10,16:40,17:49,QG341,CTV341,CGK,Jakarta Soekarno Hatta International Airport,Citilink,QG,A320,Airbus A320-214,PK-GQJ,Departed 18:49,2026-08-11 05:36:52
UPG,departures,2026-08-10,17:00,20:07,SJ712,SJY712,YIA,Yogyakarta International Airport,BBN Airlines Indonesia,0B,B738,Boeing 737-8BK,PK-BBF,Departed 21:07,2026-08-11 05:36:52
UPG,departures,2026-08-10,17:00,17:04,QG355,CTV355,SUB,Surabaya Juanda International Airport,Citilink Garuda Indonesia,QG,A320,Airbus A320-214,PK-GQT,Departed 18:04,2026-08-11 05:36:52
UPG,departures,2026-08-10,17:00,,JT662,,BPN,Balikpapan Sepinggan Airport,Lion Air,JT,738,,,Unknown,2026-08-11 05:36:52
UPG,departures,2026-08-10,17:00,17:06,ID6293,BTK6293,CGK,Jakarta Soekarno Hatta International Airport,Batik Air,ID,A320,Airbus A320-232,PK-BKJ,Departed 18:06,2026-08-11 05:36:52
UPG,departures,2026-08-10,17:00,,ID6261,,CGK,Jakarta Soekarno Hatta International Airport,Batik Air,ID,32A,,,Unknown,2026-08-11 05:36:52
UPG,departures,2026-08-10,17:15,19:20,JT1643,,YIA,Yogyakarta International Airport,Lion Air,JT,739,,,Unknown,2026-08-11 05:36:52
UPG,departures,2026-08-10,17:15,17:14,JT665,LNI665,YIA,Yogyakarta International Airport,Lion Air,JT,B739,Boeing 737-9GP(ER),PK-LSL,Departed 18:14,2026-08-11 05:36:52
UPG,departures,2026-08-10,17:20,18:53,AK335,AXM335,KUL,Kuala Lumpur International Airport,AirAsia (Allstars Livery),AK,A320,Airbus A320-214,9M-AFD,Departed 19:53,2026-08-11 05:36:52
UPG,departures,2026-08-10,17:35,,ID6555,,CGK,Jakarta Soekarno Hatta International Airport,Batik Air,ID,32A,,,Unknown,2026-08-11 05:36:52
UPG,departures,2026-08-10,17:35,18:18,ID6235,BTK6235,CGK,Jakarta Soekarno Hatta International Airport,Batik Air,ID,B738,Boeing 737-8GP,PK-LDJ,Departed 19:18,2026-08-11 05:36:52
UPG,departures,2026-08-10,17:50,18:31,SJ567,SJY567,SUB,Surabaya Juanda International Airport,Sriwijaya Air,SJ,B735,Boeing 737-524,PK-CLE,Departed 19:31,2026-08-11 05:36:52
UPG,departures,2026-08-10,17:55,17:55,JT743,,DPS,Denpasar Ngurah Rai International Airport,Lion Air,JT,739,,,Estimated dep 18:55*,2026-08-11 05:36:52
UPG,departures,2026-08-10,17:55,17:58,JT747,LNI747,DPS,Denpasar Ngurah Rai International Airport,Lion Air,JT,B738,Boeing 737-8GP,PK-LOR,Departed 18:58,2026-08-11 05:36:52
UPG,departures,2026-08-10,18:20,,ID8763,,SUB,Surabaya Juanda International Airport,Batik Air,ID,32A,,,Unknown,2026-08-11 05:36:52
UPG,departures,2026-08-10,18:20,21:20,ID8261,,SUB,Surabaya Juanda International Airport,Batik Air,ID,32A,,,Unknown,2026-08-11 05:36:52
UPG,departures,2026-08-10,18:20,21:20,ID8750,,SUB,Surabaya Juanda International Airport,Batik Air,ID,32A,,,Unknown,2026-08-11 05:36:52
UPG,departures,2026-08-10,18:20,21:25,ID8555,,SUB,Surabaya Juanda International Airport,Batik Air,ID,32A,,,Unknown,2026-08-11 05:36:52
UPG,departures,2026-08-10,18:20,21:25,ID8293,,SUB,Surabaya Juanda International Airport,Batik Air,ID,32A,,,Unknown,2026-08-11 05:36:52
UPG,departures,2026-08-10,18:20,21:20,ID8183,,SUB,Surabaya Juanda International Airport,Batik Air,ID,32A,,,Unknown,2026-08-11 05:36:52
UPG,departures,2026-08-10,18:20,18:27,ID6137,BTK6137,SUB,Surabaya Juanda International Airport,Batik Air,ID,A320,Airbus A320-214,PK-LUW,Departed 19:27,2026-08-11 05:36:52
UPG,departures,2026-08-10,18:25,,JT703,,CGK,Jakarta Soekarno Hatta International Airport,Lion Air,JT,738,,,Unknown,2026-08-11 05:36:52
UPG,departures,2026-08-10,18:30,18:58,QG428,CTV428,BPN,Balikpapan Sepinggan Airport,Citilink,QG,A320,Airbus A320-214,PK-GQD,Departed 19:58,2026-08-11 05:36:52
UPG,departures,2026-08-10,18:50,19:19,GA615,GIA615,CGK,Jakarta Soekarno Hatta International Airport,Garuda Indonesia,GA,B738,Boeing 737-8U3,PK-GFW,Departed 20:19,2026-08-11 05:36:52
UPG,departures,2026-08-10,19:05,19:24,IP809,PAS809,CGK,Jakarta Soekarno Hatta International Airport,Pelita Air,IP,A320,Airbus A320-214,PK-PWO,Departed 20:24,2026-08-11 05:36:52
UPG,departures,2026-08-10,19:25,21:31,ID6763,,CGK,Jakarta Soekarno Hatta International Airport,Batik Air,ID,32A,,,Unknown,2026-08-11 05:36:52
UPG,departures,2026-08-10,19:25,19:36,ID6269,BTK6269,CGK,Jakarta Soekarno Hatta International Airport,Batik Air,ID,A320,Airbus A320-214,PK-LAO,Departed 20:36,2026-08-11 05:36:52
UPG,departures,2026-08-10,20:00,,RI3210,,CGK,Jakarta Soekarno Hatta International Airport,Rimbun Air,RI,73Y,,,Unknown,2026-08-11 05:36:52
UPG,departures,2026-08-10,20:05,,ID6231,,CGK,Jakarta Soekarno Hatta International Airport,Batik Air,ID,32A,,,Canceled,2026-08-11 05:36:52
UPG,departures,2026-08-10,20:20,20:49,QG427,CTV427,CGK,Jakarta Soekarno Hatta International Airport,Citilink,QG,A320,Airbus A320-214,PK-GLL,Departed 21:49,2026-08-11 05:36:52
UPG,departures,2026-08-10,22:15,01:17,SJ593,SJY593,CGK,Jakarta Soekarno Hatta International Airport,Sriwijaya Air,SJ,B735,Boeing 737-524,PK-CLF,Departed 02:17,2026-08-11 05:36:52
UPG,departures,2026-08-10,23:30,23:49,QG217,CTV217,CGK,Jakarta Soekarno Hatta International Airport,Citilink,QG,A320,Airbus A320-214,PK-GQK,Departed 00:49,2026-08-11 05:36:52
YIA,arrivals,2026-08-10,06:40,06:47,IU777,SJV777,LOP,Lombok International Airport,Super Air Jet,IU,A320,Airbus A320-232,PK-SJS,Landed 06:47,2026-08-11 05:37:24
YIA,arrivals,2026-08-10,07:10,07:28,ID6368,BTK6368,CGK,Jakarta Soekarno Hatta International Airport,Batik Air,ID,A320,Airbus A320-232,PK-BKO,Landed 07:28,2026-08-11 05:37:24
YIA,arrivals,2026-08-10,07:25,07:35,IU665,SJV665,BDJ,Banjarmasin Syamsudin Noor Airport,Super Air Jet,IU,A320,Airbus A320-232,PK-SAL,Landed 07:35,2026-08-11 05:37:24
YIA,arrivals,2026-08-10,07:50,07:24,JT668,LNI668,BPN,Balikpapan Sepinggan Airport,Lion Air,JT,B739,Boeing 737-9GP(ER),PK-LJI,Landed 07:24,2026-08-11 05:37:24
YIA,arrivals,2026-08-10,07:50,07:37,IP646,PAS646,BPN,Balikpapan Sepinggan Airport,Pelita Air,IP,A320,Airbus A320-216,PK-PWN,Landed 07:37,2026-08-11 05:37:24
YIA,arrivals,2026-08-10,08:00,07:43,QG780,CTV780,UPG,Makassar Sultan Hasanuddin International Airport,Citilink,QG,A320,Airbus A320-214,PK-GQU,Landed 07:43,2026-08-11 05:37:24
YIA,arrivals,2026-08-10,08:20,08:19,JT279,LNI279,PKU,Pekanbaru Sultan Syarif Kasim II Airport,Lion Air,JT,B739,Boeing 737-9GP(ER),PK-LSO,Landed 08:19,2026-08-11 05:37:24
YIA,arrivals,2026-08-10,09:10,09:12,ID7533,BTK7533,CGK,Jakarta Soekarno Hatta International Airport,Batik Air,ID,A320,Airbus A320-214,PK-BLC,Landed 09:12,2026-08-11 05:37:24
YIA,arrivals,2026-08-10,09:10,08:46,GA204,GIA204,CGK,Jakarta Soekarno Hatta International Airport,Garuda Indonesia,GA,B738,Boeing 737-8U3,PK-GMD,Landed 08:46,2026-08-11 05:37:24
YIA,arrivals,2026-08-10,09:30,09:23,TR248,TGW248,SIN,Singapore Changi Airport,Scoot,TR,A21N,Airbus A321-271NX,9V-NCB,Landed 09:23,2026-08-11 05:37:24
YIA,arrivals,2026-08-10,09:35,09:33,JT641,LNI641,UPG,Makassar Sultan Hasanuddin International Airport,Lion Air (50th 737-900ER Livery),JT,B739,Boeing 737-9GP(ER),PK-LHY,Landed 09:33,2026-08-11 05:37:24
YIA,arrivals,2026-08-10,10:25,10:04,QG772,CTV772,CGK,Jakarta Soekarno Hatta International Airport,Citilink,QG,A320,Airbus A320-214,PK-GQS,Landed 10:04,2026-08-11 05:37:24
YIA,arrivals,2026-08-10,10:40,10:36,IU122,SJV122,DPS,Denpasar Ngurah Rai International Airport,Super Air Jet,IU,A320,Airbus A320-232,PK-SAY,Landed 10:36,2026-08-11 05:37:24
YIA,arrivals,2026-08-10,11:00,,ID6819,,CGK,Jakarta Soekarno Hatta International Airport,Batik Air,ID,32A,,,Unknown,2026-08-11 05:37:24
YIA,arrivals,2026-08-10,11:00,11:21,ID6378,BTK6378,CGK,Jakarta Soekarno Hatta International Airport,Batik Air,ID,A320,Airbus A320-232,PK-BKO,Landed 11:21,2026-08-11 05:37:24
YIA,arrivals,2026-08-10,11:15,11:05,GA202,GIA202,CGK,Jakarta Soekarno Hatta International Airport,Garuda Indonesia,GA,B738,Boeing 737-8U3,PK-GNE,Landed 11:05,2026-08-11 05:37:24
YIA,arrivals,2026-08-10,11:20,10:53,AK346,AXM346,KUL,Kuala Lumpur International Airport,AirAsia (General Electric Livery),AK,A320,Airbus A320-216,9M-AQB,Landed 10:53,2026-08-11 05:37:24
YIA,arrivals,2026-08-10,11:50,11:39,8B5530,TNU5530,CGK,Jakarta Soekarno Hatta International Airport,TransNusa,8B,A320,Airbus A320-214,PK-TLD,Landed 11:39,2026-08-11 05:37:24
YIA,arrivals,2026-08-10,12:50,12:27,GA208,GIA208,CGK,Jakarta Soekarno Hatta International Airport,Garuda Indonesia,GA,B738,Boeing 737-8SH,PK-GUD,Landed 12:27,2026-08-11 05:37:24
YIA,arrivals,2026-08-10,12:55,12:41,GA253,GIA253,DPS,Denpasar Ngurah Rai International Airport,Garuda Indonesia,GA,B738,Boeing 737-8U3,PK-GMF,Landed 12:41,2026-08-11 05:37:24
YIA,arrivals,2026-08-10,13:30,13:18,JT670,LNI670,BPN,Balikpapan Sepinggan Airport,Lion Air,JT,B739,Boeing 737-9GP(ER),PK-LJI,Landed 13:18,2026-08-11 05:37:24
YIA,arrivals,2026-08-10,13:40,13:27,QG787,CTV787,BTH,Batam Hang Nadim Airport,Citilink,QG,A320,Airbus A320-214,PK-GQU,Landed 13:27,2026-08-11 05:37:24
YIA,arrivals,2026-08-10,14:14,,ID6899,,CGK,Jakarta Soekarno Hatta International Airport,Batik Air,ID,32A,,,Unknown,2026-08-11 05:37:24
YIA,arrivals,2026-08-10,14:15,15:18,ID6344,BTK6344,CGK,Jakarta Soekarno Hatta International Airport,Batik Air,ID,A320,Airbus A320-214,PK-LZH,Landed 15:18,2026-08-11 05:37:24
YIA,arrivals,2026-08-10,14:45,,IP242,,CGK,Jakarta Soekarno Hatta International Airport,Pelita Air,IP,320,,,Unknown,2026-08-11 05:37:24
YIA,arrivals,2026-08-10,14:50,14:45,QG778,CTV778,CGK,Jakarta Soekarno Hatta International Airport,Citilink,QG,A320,Airbus A320-214,PK-GLL,Landed 14:45,2026-08-11 05:37:24
YIA,arrivals,2026-08-10,15:00,,JT643,,UPG,Makassar Sultan Hasanuddin International Airport,Lion Air,JT,739,,,Unknown,2026-08-11 05:37:24
YIA,arrivals,2026-08-10,15:30,15:48,IU120,SJV120,DPS,Denpasar Ngurah Rai International Airport,Super Air Jet,IU,A320,Airbus A320-232,PK-SJE,Landed 15:48,2026-08-11 05:37:24
YIA,arrivals,2026-08-10,15:35,15:27,IU935,SJV935,PLM,Palembang International Airport,Super Air Jet,IU,A320,Airbus A320-232,PK-SAO,Landed 15:27,2026-08-11 05:37:24
YIA,arrivals,2026-08-10,16:05,15:53,GA212,GIA212,CGK,Jakarta Soekarno Hatta International Airport,Garuda Indonesia,GA,B738,Boeing 737-8U3,PK-GNM,Landed 15:53,2026-08-11 05:37:24
YIA,arrivals,2026-08-10,17:05,17:10,IU950,SJV950,BTH,Batam Hang Nadim Airport,Super Air Jet,IU,A320,Airbus A320-232,PK-SJS,Landed 17:10,2026-08-11 05:37:24
YIA,arrivals,2026-08-10,17:05,16:47,AK348,AXM348,KUL,Kuala Lumpur International Airport,AirAsia (Save Our Malayan Tiger Livery),AK,A320,Airbus A320-216,9M-AQZ,Landed 16:47,2026-08-11 05:37:24
YIA,arrivals,2026-08-10,17:15,,8B5532,,CGK,Jakarta Soekarno Hatta International Airport,TransNusa,8B,320,,,Unknown,2026-08-11 05:37:24
YIA,arrivals,2026-08-10,17:35,18:05,JT521,LNI521,BDJ,Banjarmasin Syamsudin Noor Airport,Lion Air,JT,B739,Boeing 737-9GP(ER),PK-LSO,Landed 18:05,2026-08-11 05:37:24
YIA,arrivals,2026-08-10,17:35,17:22,GA255,GIA255,DPS,Denpasar Ngurah Rai International Airport,Garuda Indonesia,GA,B738,Boeing 737-8U3,PK-GNE,Landed 17:22,2026-08-11 05:37:24
YIA,arrivals,2026-08-10,17:50,17:37,TR228,TGW228,SIN,Singapore Changi Airport,Scoot,TR,A20N,Airbus A320-271N,9V-TNF,Landed 17:37,2026-08-11 05:37:24
YIA,arrivals,2026-08-10,18:15,,IU677,,BPN,Balikpapan Sepinggan Airport,Super Air Jet,IU,320,,,Unknown,2026-08-11 05:37:24
YIA,arrivals,2026-08-10,18:50,21:49,SJ712,SJY712,UPG,Makassar Sultan Hasanuddin International Airport,BBN Airlines Indonesia,0B,B738,Boeing 737-8BK,PK-BBF,Landed 21:49,2026-08-11 05:37:24
YIA,arrivals,2026-08-10,18:55,,SJ224,,CGK,Jakarta Soekarno Hatta International Airport,Sriwijaya Air,SJ,735,,,Unknown,2026-08-11 05:37:24
YIA,arrivals,2026-08-10,19:10,,JT1643,,UPG,Makassar Sultan Hasanuddin International Airport,Lion Air,JT,739,,,Unknown,2026-08-11 05:37:24
YIA,arrivals,2026-08-10,19:10,18:49,JT665,LNI665,UPG,Makassar Sultan Hasanuddin International Airport,Lion Air,JT,B739,Boeing 737-9GP(ER),PK-LSL,Landed 18:49,2026-08-11 05:37:24
YIA,arrivals,2026-08-10,19:15,,ID6801,,CGK,Jakarta Soekarno Hatta International Airport,Batik Air,ID,32A,,,Unknown,2026-08-11 05:37:24
YIA,arrivals,2026-08-10,19:15,18:58,ID6374,BTK6374,CGK,Jakarta Soekarno Hatta International Airport,Batik Air,ID,A320,Airbus A320-232,PK-BLA,Landed 18:58,2026-08-11 05:37:24
YIA,arrivals,2026-08-10,19:40,19:06,QG785,CTV785,BPN,Balikpapan Sepinggan Airport,Citilink,QG,A320,Airbus A320-214,PK-GQU,Landed 19:06,2026-08-11 05:37:24
YIA,arrivals,2026-08-10,19:45,19:40,QG776,CTV776,CGK,Jakarta Soekarno Hatta International Airport,Citilink,QG,A320,Airbus A320-214,PK-GLU,Landed 19:40,2026-08-11 05:37:24
YIA,arrivals,2026-08-10,20:00,,IN220,,CGK,Jakarta Soekarno Hatta International Airport,Nam Air,IN,735,,,Unknown,2026-08-11 05:37:24
YIA,arrivals,2026-08-10,20:25,20:12,IU661,SJV661,PNK,Pontianak Supadio Airport,Super Air Jet,IU,A320,Airbus A320-232,PK-SAO,Landed 20:12,2026-08-11 05:37:24
YIA,arrivals,2026-08-10,20:35,20:32,GA206,GIA206,CGK,Jakarta Soekarno Hatta International Airport,Garuda Indonesia,GA,B738,Boeing 737-86N,PK-GFJ,Landed 20:32,2026-08-11 05:37:24
YIA,departures,2026-08-10,06:30,06:36,IU933,SJV933,PLM,Palembang International Airport,Super Air Jet,IU,A320,Airbus A320-232,PK-SAO,Departed 06:36,2026-08-11 05:37:46
YIA,departures,2026-08-10,06:50,06:58,GA207,GIA207,CGK,Jakarta Soekarno Hatta International Airport,Garuda Indonesia,GA,B738,Boeing 737-81M,PK-GUA,Departed 06:58,2026-08-11 05:37:46
YIA,departures,2026-08-10,07:00,07:01,JT964,LNI964,KNO,Medan Kuala Namu International Airport,Lion Air,JT,B739,Boeing 737-9GP(ER),PK-LQS,Departed 07:01,2026-08-11 05:37:46
YIA,departures,2026-08-10,07:10,07:11,QG775,CTV775,CGK,Jakarta Soekarno Hatta International Airport,Citilink,QG,A320,Airbus A320-214,PK-GQS,Departed 07:11,2026-08-11 05:37:46
YIA,departures,2026-08-10,07:30,07:34,IU951,SJV951,BTH,Batam Hang Nadim Airport,Super Air Jet,IU,A320,Airbus A320-232,PK-SJS,Departed 07:34,2026-08-11 05:37:46
YIA,departures,2026-08-10,07:55,08:35,ID6369,BTK6369,CGK,Jakarta Soekarno Hatta International Airport,Batik Air,ID,A320,Airbus A320-232,PK-BKO,Departed 08:35,2026-08-11 05:37:46
YIA,departures,2026-08-10,08:35,08:41,IP647,PAS647,BPN,Balikpapan Sepinggan Airport,Pelita Air,IP,A320,Airbus A320-216,PK-PWN,Departed 08:41,2026-08-11 05:37:46
YIA,departures,2026-08-10,08:45,08:49,QG786,CTV786,BTH,Batam Hang Nadim Airport,Citilink,QG,A320,Airbus A320-214,PK-GQU,Departed 08:49,2026-08-11 05:37:46
YIA,departures,2026-08-10,09:00,09:26,JT522,LNI522,BDJ,Banjarmasin Syamsudin Noor Airport,Lion Air,JT,B739,Boeing 737-9GP(ER),PK-LSO,Departed 09:26,2026-08-11 05:37:46
YIA,departures,2026-08-10,09:05,09:11,JT669,LNI669,BPN,Balikpapan Sepinggan Airport,Lion Air,JT,B739,Boeing 737-9GP(ER),PK-LJI,Departed 09:11,2026-08-11 05:37:46
YIA,departures,2026-08-10,09:50,10:00,ID7540,BTK7540,CGK,Jakarta Soekarno Hatta International Airport,Batik Air,ID,A320,Airbus A320-214,PK-BLC,Departed 10:00,2026-08-11 05:37:46
YIA,departures,2026-08-10,09:50,,ID6800,,CGK,Jakarta Soekarno Hatta International Airport,Batik Air,ID,32A,,,Unknown,2026-08-11 05:37:46
YIA,departures,2026-08-10,09:55,10:07,GA205,GIA205,CGK,Jakarta Soekarno Hatta International Airport,Garuda Indonesia,GA,B738,Boeing 737-8U3,PK-GMD,Departed 10:07,2026-08-11 05:37:46
YIA,departures,2026-08-10,10:15,10:38,JT640,LNI640,UPG,Makassar Sultan Hasanuddin International Airport,Lion Air (50th 737-900ER Livery),JT,B739,Boeing 737-9GP(ER),PK-LHY,Departed 10:38,2026-08-11 05:37:46
YIA,departures,2026-08-10,10:30,10:32,TR249,TGW249,SIN,Singapore Changi Airport,Scoot,TR,A21N,Airbus A321-271NX,9V-NCB,Departed 10:32,2026-08-11 05:37:46
YIA,departures,2026-08-10,10:55,10:56,QG773,CTV773,CGK,Jakarta Soekarno Hatta International Airport,Citilink,QG,A320,Airbus A320-214,PK-GQS,Departed 10:56,2026-08-11 05:37:46
YIA,departures,2026-08-10,11:20,11:28,IU123,SJV123,DPS,Denpasar Ngurah Rai International Airport,Super Air Jet,IU,A320,Airbus A320-232,PK-SAY,Departed 11:28,2026-08-11 05:37:46
YIA,departures,2026-08-10,11:45,,ID6818,,CGK,Jakarta Soekarno Hatta International Airport,Batik Air,ID,32A,,,Unknown,2026-08-11 05:37:46
YIA,departures,2026-08-10,11:45,12:20,ID6379,BTK6379,CGK,Jakarta Soekarno Hatta International Airport,Batik Air,ID,A320,Airbus A320-232,PK-BKO,Departed 12:20,2026-08-11 05:37:46
YIA,departures,2026-08-10,11:45,11:46,AK347,AXM347,KUL,Kuala Lumpur International Airport,AirAsia (General Electric Livery),AK,A320,Airbus A320-216,9M-AQB,Departed 11:46,2026-08-11 05:37:46
YIA,departures,2026-08-10,12:05,12:16,GA254,GIA254,DPS,Denpasar Ngurah Rai International Airport,Garuda Indonesia,GA,B738,Boeing 737-8U3,PK-GNE,Departed 12:16,2026-08-11 05:37:46
YIA,departures,2026-08-10,13:20,13:07,8B5531,TNU5531,CGK,Jakarta Soekarno Hatta International Airport,TransNusa,8B,A320,Airbus A320-214,PK-TLD,Departed 13:07,2026-08-11 05:37:46
YIA,departures,2026-08-10,13:35,13:37,GA209,GIA209,CGK,Jakarta Soekarno Hatta International Airport,Garuda Indonesia,GA,B738,Boeing 737-8SH,PK-GUD,Departed 13:37,2026-08-11 05:37:46
YIA,departures,2026-08-10,13:40,13:52,GA252,GIA252,DPS,Denpasar Ngurah Rai International Airport,Garuda Indonesia,GA,B738,Boeing 737-8U3,PK-GMF,Departed 13:52,2026-08-11 05:37:46
YIA,departures,2026-08-10,13:50,,IU676,,BPN,Balikpapan Sepinggan Airport,Super Air Jet,IU,320,,,Canceled,2026-08-11 05:37:46
YIA,departures,2026-08-10,14:10,14:14,JT661,LNI661,BPN,Balikpapan Sepinggan Airport,Lion Air,JT,B739,Boeing 737-9GP(ER),PK-LJI,Departed 14:14,2026-08-11 05:37:46
YIA,departures,2026-08-10,14:45,14:49,QG784,CTV784,BPN,Balikpapan Sepinggan Airport,Citilink,QG,A320,Airbus A320-214,PK-GQU,Departed 14:49,2026-08-11 05:37:46
YIA,departures,2026-08-10,14:55,16:07,ID6345,BTK6345,CGK,Jakarta Soekarno Hatta International Airport,Batik Air,ID,A320,Airbus A320-214,PK-LZH,Departed 16:07,2026-08-11 05:37:46
YIA,departures,2026-08-10,14:56,14:56,ID7516,BTK7516,HLP,Jakarta Halim Perdanakusuma Airport,Batik Air,ID,A320,Airbus A320-214,PK-LUY,Departed 14:56,2026-08-11 05:37:46
YIA,departures,2026-08-10,15:20,15:30,QG779,CTV779,CGK,Jakarta Soekarno Hatta International Airport,Citilink,QG,A320,Airbus A320-214,PK-GLL,Departed 15:30,2026-08-11 05:37:46
YIA,departures,2026-08-10,15:30,,IP243,,CGK,Jakarta Soekarno Hatta International Airport,Pelita Air,IP,320,,,Unknown,2026-08-11 05:37:46
YIA,departures,2026-08-10,15:40,,JT644,,UPG,Makassar Sultan Hasanuddin International Airport,Lion Air,JT,739,,,Unknown,2026-08-11 05:37:46
YIA,departures,2026-08-10,16:10,16:53,IU121,SJV121,DPS,Denpasar Ngurah Rai International Airport,Super Air Jet,IU,A320,Airbus A320-232,PK-SJE,Departed 16:53,2026-08-11 05:37:46
YIA,departures,2026-08-10,16:15,16:25,IU660,SJV660,PNK,Pontianak Supadio Airport,Super Air Jet,IU,A320,Airbus A320-232,PK-SAO,Departed 16:25,2026-08-11 05:37:46
YIA,departures,2026-08-10,16:50,17:00,GA213,GIA213,CGK,Jakarta Soekarno Hatta International Airport,Garuda Indonesia,GA,B738,Boeing 737-8U3,PK-GNM,Departed 17:00,2026-08-11 05:37:46
YIA,departures,2026-08-10,17:30,17:36,AK349,AXM349,KUL,Kuala Lumpur International Airport,AirAsia (Save Our Malayan Tiger Livery),AK,A320,Airbus A320-216,9M-AQZ,Departed 17:36,2026-08-11 05:37:46
YIA,departures,2026-08-10,17:45,,8B5533,,CGK,Jakarta Soekarno Hatta International Airport,TransNusa,8B,320,,,Unknown,2026-08-11 05:37:46
YIA,departures,2026-08-10,17:45,18:00,IU778,SJV778,LOP,Lombok International Airport,Super Air Jet,IU,A320,Airbus A320-232,PK-SJS,Departed 18:00,2026-08-11 05:37:46
YIA,departures,2026-08-10,18:15,18:59,JT276,LNI276,PKU,Pekanbaru Sultan Syarif Kasim II Airport,Lion Air,JT,B739,Boeing 737-9GP(ER),PK-LSO,Departed 18:59,2026-08-11 05:37:46
YIA,departures,2026-08-10,18:20,18:30,GA203,GIA203,CGK,Jakarta Soekarno Hatta International Airport,Garuda Indonesia,GA,B738,Boeing 737-8U3,PK-GNE,Departed 18:30,2026-08-11 05:37:46
YIA,departures,2026-08-10,18:50,18:43,TR229,TGW229,SIN,Singapore Changi Airport,Scoot,TR,A20N,Airbus A320-271N,9V-TNF,Departed 18:43,2026-08-11 05:37:46
YIA,departures,2026-08-10,18:55,,IU664,,BDJ,Banjarmasin Syamsudin Noor Airport,Super Air Jet,IU,320,,,Unknown,2026-08-11 05:37:46
YIA,departures,2026-08-10,19:35,22:43,SJ713,SJY713,UPG,Makassar Sultan Hasanuddin International Airport,BBN Airlines Indonesia,0B,B738,Boeing 737-8BK,PK-BBF,Departed 22:43,2026-08-11 05:37:46
YIA,departures,2026-08-10,19:40,,SJ225,,CGK,Jakarta Soekarno Hatta International Airport,Sriwijaya Air,SJ,735,,,Unknown,2026-08-11 05:37:46
YIA,departures,2026-08-10,20:00,20:06,JT664,LNI664,UPG,Makassar Sultan Hasanuddin International Airport,Lion Air,JT,B739,Boeing 737-9GP(ER),PK-LSL,Departed 20:06,2026-08-11 05:37:46
YIA,departures,2026-08-10,20:00,19:57,ID6371,BTK6371,CGK,Jakarta Soekarno Hatta International Airport,Batik Air,ID,A320,Airbus A320-232,PK-BLA,Departed 19:57,2026-08-11 05:37:46
YIA,departures,2026-08-10,20:10,20:08,QG783,CTV783,UPG,Makassar Sultan Hasanuddin International Airport,Citilink,QG,A320,Airbus A320-214,PK-GQU,Departed 20:08,2026-08-11 05:37:46
YIA,departures,2026-08-10,20:45,,IN221,,CGK,Jakarta Soekarno Hatta International Airport,Nam Air,IN,735,,,Unknown,2026-08-11 05:37:46
