bandara,tipe,tanggal,waktu_jadwal,waktu_aktual,nomor_flight,callsign,asal_tujuan_iata,asal_tujuan_nama,maskapai,maskapai_iata,kode_pesawat,nama_pesawat,registrasi,status,scraped_at
BPN,arrivals,2026-08-01,05:10,05:03,BI773,RBA773,BWN,Brunei International Airport,Royal Brunei Airlines,BI,A20N,Airbus A320-251N,V8-RBC,Landed 06:03,2026-08-02 05:51:03
BPN,arrivals,2026-08-01,06:20,06:15,IW1394,WON1394,BDJ,Banjarmasin Syamsudin Noor Airport,Wings Air,IW,AT76,ATR 72-600,PK-WJL,Landed 07:15,2026-08-02 05:51:03
BPN,arrivals,2026-08-01,06:45,06:22,QG430,CTV430,SUB,Surabaya Juanda International Airport,Citilink,QG,A320,Airbus A320-214,PK-GQU,Landed 07:22,2026-08-02 05:51:03
BPN,arrivals,2026-08-01,07:00,06:43,IU579,SJV579,BEJ,Kalimarau Airport,Super Air Jet,IU,A320,Airbus A320-232,PK-SJL,Landed 07:43,2026-08-02 05:51:03
BPN,arrivals,2026-08-01,07:10,07:03,IU604,SJV604,CGK,Jakarta Soekarno Hatta International Airport,Super Air Jet,IU,A320,Airbus A320-232,PK-SJG,Landed 08:03,2026-08-02 05:51:03
BPN,arrivals,2026-08-01,07:30,10:32,RI200,OEY200,CGK,Jakarta Soekarno Hatta International Airport,Rimbun Cargo,RI,B733,Boeing 737-3J6(SF),PK-OTO,Landed 11:32,2026-08-02 05:51:03
BPN,arrivals,2026-08-01,07:30,07:24,QG436,CTV436,CGK,Jakarta Soekarno Hatta International Airport,Citilink,QG,A320,Airbus A320-214,PK-GQM,Landed 08:24,2026-08-02 05:51:03
BPN,arrivals,2026-08-01,08:10,07:45,MH843,MAS843,KUL,Kuala Lumpur International Airport,Malaysia Airlines,MH,B738,Boeing 737-8H6,9M-MXM,Landed 08:45,2026-08-02 05:51:03
BPN,arrivals,2026-08-01,09:10,,GM61,,HLP,Jakarta Halim Perdanakusuma Airport,Asia Cargo Airlines,GM,73F,,,Unknown,2026-08-02 05:51:03
BPN,arrivals,2026-08-01,09:10,,IU510,,CGK,Jakarta Soekarno Hatta International Airport,Super Air Jet,IU,320,,,Canceled,2026-08-02 05:51:03
BPN,arrivals,2026-08-01,09:30,09:28,JT624,LNI624,SRG,Semarang Achmad Yani International Airport,Lion Air,JT,B739,Boeing 737-9GP(ER),PK-LGL,Landed 10:28,2026-08-02 05:51:03
BPN,arrivals,2026-08-01,09:30,09:18,IU610,SJV610,SUB,Surabaya Juanda International Airport,Super Air Jet,IU,A320,Airbus A320-232,PK-SGA,Landed 10:18,2026-08-02 05:51:03
BPN,arrivals,2026-08-01,10:00,10:12,IU535,SJV535,UPG,Makassar Sultan Hasanuddin International Airport,Super Air Jet,IU,A320,Airbus A320-232,PK-STF,Landed 11:12,2026-08-02 05:51:03
BPN,arrivals,2026-08-01,10:10,,IU512,,CGK,Jakarta Soekarno Hatta International Airport,Super Air Jet,IU,320,,,Canceled,2026-08-02 05:51:03
BPN,arrivals,2026-08-01,10:25,10:02,QG438,CTV438,CGK,Jakarta Soekarno Hatta International Airport,Citilink,QG,A320,Airbus A320-214,PK-GLT,Landed 11:02,2026-08-02 05:51:03
BPN,arrivals,2026-08-01,10:25,10:16,IP647,PAS647,YIA,Yogyakarta International Airport,Pelita Air,IP,A320,Airbus A320-214,PK-PWC,Landed 11:16,2026-08-02 05:51:03
BPN,arrivals,2026-08-01,10:50,,IU506,,SRG,Semarang Achmad Yani International Airport,Super Air Jet,IU,320,,,Canceled,2026-08-02 05:51:03
BPN,arrivals,2026-08-01,10:50,10:44,GA564,GIA564,CGK,Jakarta Soekarno Hatta International Airport,Garuda Indonesia (Ayo Pakai Masker Livery),GA,B738,Boeing 737-81D,PK-GFQ,Landed 11:44,2026-08-02 05:51:03
BPN,arrivals,2026-08-01,11:00,,IU693,,TRK,Tarakan Juwata International Airport,Super Air Jet,IU,A320,Airbus A320-232,PK-SJL,Unknown,2026-08-02 05:51:03
BPN,arrivals,2026-08-01,11:00,10:49,JT669,LNI669,YIA,Yogyakarta International Airport,Lion Air,JT,B739,Boeing 737-9GP(ER),PK-LSJ,Landed 11:49,2026-08-02 05:51:03
BPN,arrivals,2026-08-01,11:00,10:41,IU693,SJV693,TRK,Tarakan Juwata International Airport,Super Air Jet,IU,A320,Airbus A320-232,PK-SJL,Landed 11:41,2026-08-02 05:51:03
BPN,arrivals,2026-08-01,11:10,10:59,IU614,SJV614,SUB,Surabaya Juanda International Airport,Super Air Jet,IU,A320,Airbus A320-232,PK-SJE,Landed 11:59,2026-08-02 05:51:03
BPN,arrivals,2026-08-01,11:10,11:44,IU602,SJV602,CGK,Jakarta Soekarno Hatta International Airport,Super Air Jet,IU,A320,Airbus A320-232,PK-SAH,Landed 12:44,2026-08-02 05:51:03
BPN,arrivals,2026-08-01,11:20,10:54,QG401,CTV401,TRK,Tarakan Juwata International Airport,Citilink,QG,A320,Airbus A320-214,PK-GQM,Landed 11:54,2026-08-02 05:51:03
BPN,arrivals,2026-08-01,11:50,11:53,IW1477,WON1477,LNU,Malinau Kolonel RA Bessing Airport,Wings Air,IW,AT76,ATR 72-600,PK-WHU,Landed 12:53,2026-08-02 05:51:03
BPN,arrivals,2026-08-01,12:00,11:41,IU531,SJV531,UPG,Makassar Sultan Hasanuddin International Airport,Super Air Jet,IU,A320,Airbus A320-232,PK-STR,Landed 12:41,2026-08-02 05:51:03
BPN,arrivals,2026-08-01,12:00,,ID6317,,UPG,Makassar Sultan Hasanuddin International Airport,Batik Air,ID,32A,,,Unknown,2026-08-02 05:51:03
BPN,arrivals,2026-08-01,12:00,11:48,ID6233,BTK6233,UPG,Makassar Sultan Hasanuddin International Airport,Batik Air,ID,A320,Airbus A320-214,PK-BKT,Landed 12:48,2026-08-02 05:51:03
BPN,arrivals,2026-08-01,12:15,14:30,SJ135,SJY135,BEJ,Kalimarau Airport,Sriwijaya Air,SJ,B735,Boeing 737-524,PK-CLF,Landed 15:30,2026-08-02 05:51:03
BPN,arrivals,2026-08-01,12:20,,IU529,,MDC,Manado Sam Ratulangi International Airport,Super Air Jet,IU,320,,,Canceled,2026-08-02 05:51:03
BPN,arrivals,2026-08-01,12:55,,IU976,,BTH,Batam Hang Nadim Airport,Super Air Jet,IU,320,,,Canceled,2026-08-02 05:51:03
BPN,arrivals,2026-08-01,13:10,12:56,ID6250,BTK6250,CGK,Jakarta Soekarno Hatta International Airport,Batik Air,ID,A320,Airbus A320-214,PK-LUR,Landed 13:56,2026-08-02 05:51:03
BPN,arrivals,2026-08-01,13:40,13:38,IU695,SJV695,TRK,Tarakan Juwata International Airport,Super Air Jet,IU,A320,Airbus A320-232,PK-STF,Landed 14:38,2026-08-02 05:51:03
BPN,arrivals,2026-08-01,14:15,13:57,QG1493,CTV1490,BDJ,Banjarmasin Syamsudin Noor Airport,Citilink,QG,AT76,ATR 72-600,PK-GJT,Landed 14:57,2026-08-02 05:51:03
BPN,arrivals,2026-08-01,14:25,14:24,IW1475,WON1475,GHS,West Kutai Melalan Airport,Wings Air,IW,AT76,ATR 72-600,PK-WHU,Landed 15:24,2026-08-02 05:51:03
BPN,arrivals,2026-08-01,15:00,15:17,IW1396,WON1396,BDJ,Banjarmasin Syamsudin Noor Airport,Wings Air,IW,AT76,ATR 72-600,PK-WKH,Landed 16:17,2026-08-02 05:51:03
BPN,arrivals,2026-08-01,15:10,,3Y7701,,BWN,Brunei International Airport,My Indo Airlines,3Y,73Y,,,Unknown,2026-08-02 05:51:03
BPN,arrivals,2026-08-01,15:10,15:05,GA560,GIA560,CGK,Jakarta Soekarno Hatta International Airport,Garuda Indonesia,GA,B738,Boeing 737-8U3,PK-GNA,Landed 16:05,2026-08-02 05:51:03
BPN,arrivals,2026-08-01,15:15,,IU581,,BEJ,Kalimarau Airport,Super Air Jet,IU,A320,Airbus A320-232,PK-SJL,Unknown,2026-08-02 05:51:03
BPN,arrivals,2026-08-01,15:15,15:13,IU581,SJV581,BEJ,Kalimarau Airport,Super Air Jet,IU,A320,Airbus A320-232,PK-SJL,Landed 16:13,2026-08-02 05:51:03
BPN,arrivals,2026-08-01,15:15,15:09,IP602,PAS602,CGK,Jakarta Soekarno Hatta International Airport,Pelita Air,IP,A320,Airbus A320-214,PK-PWQ,Landed 16:09,2026-08-02 05:51:03
BPN,arrivals,2026-08-01,15:25,15:54,IU618,SJV618,SUB,Surabaya Juanda International Airport,Super Air Jet,IU,A320,Airbus A320-232,PK-SJV,Landed 16:54,2026-08-02 05:51:03
BPN,arrivals,2026-08-01,15:40,15:23,IU534,SJV534,TRK,Tarakan Juwata International Airport,Super Air Jet,IU,A320,Airbus A320-232,PK-STR,Landed 16:23,2026-08-02 05:51:03
BPN,arrivals,2026-08-01,15:45,16:51,IU676,SJV676,YIA,Yogyakarta International Airport,Super Air Jet,IU,A320,Airbus A320-232,PK-SAL,Landed 17:51,2026-08-02 05:51:03
BPN,arrivals,2026-08-01,15:50,,SJ1341,,BEJ,Kalimarau Airport,Sriwijaya Air,SJ,735,,,Unknown,2026-08-02 05:51:03
BPN,arrivals,2026-08-01,16:00,16:17,IW1384,WON1384,BDJ,Banjarmasin Syamsudin Noor Airport,Wings Air,IW,AT76,ATR 72-600,PK-WJL,Landed 17:17,2026-08-02 05:51:03
BPN,arrivals,2026-08-01,16:00,16:38,IU608,SJV608,CGK,Jakarta Soekarno Hatta International Airport,Super Air Jet,IU,A320,Airbus A320-232,PK-SJC,Landed 17:38,2026-08-02 05:51:03
BPN,arrivals,2026-08-01,16:05,,JT661,,YIA,Yogyakarta International Airport,Lion Air,JT,739,,,Canceled,2026-08-02 05:51:03
BPN,arrivals,2026-08-01,16:10,16:00,QG446,CTV446,CGK,Jakarta Soekarno Hatta International Airport,Citilink,QG,A320,Airbus A320-214,PK-GQG,Landed 17:00,2026-08-02 05:51:03
BPN,arrivals,2026-08-01,16:10,16:36,JT364,LNI364,SUB,Surabaya Juanda International Airport,Lion Air,JT,B739,Boeing 737-9GP(ER),PK-LHR,Landed 17:36,2026-08-02 05:51:03
BPN,arrivals,2026-08-01,16:30,,RI2000,,CGK,Jakarta Soekarno Hatta International Airport,Rimbun Air,RI,73Y,,,Unknown,2026-08-02 05:51:03
BPN,arrivals,2026-08-01,16:30,16:09,ID6316,BTK6316,PNK,Pontianak Supadio Airport,Batik Air,ID,A320,Airbus A320-214,PK-BKT,Landed 17:09,2026-08-02 05:51:03
BPN,arrivals,2026-08-01,16:45,16:25,QG434,CTV434,SUB,Surabaya Juanda International Airport,Citilink (Tiket.com Livery),QG,A320,Airbus A320-214,PK-GLW,Landed 17:25,2026-08-02 05:51:03
BPN,arrivals,2026-08-01,16:50,,IU284,,LOP,Lombok International Airport,Super Air Jet,IU,320,,,Canceled,2026-08-02 05:51:03
BPN,arrivals,2026-08-01,17:05,16:46,QG784,CTV784,YIA,Yogyakarta International Airport,Citilink,QG,A320,Airbus A320-214,PK-GLN,Landed 17:46,2026-08-02 05:51:03
BPN,arrivals,2026-08-01,17:05,17:14,GA572,GIA572,CGK,Jakarta Soekarno Hatta International Airport,Garuda Indonesia,GA,B738,Boeing 737-81M,PK-GUC,Landed 18:14,2026-08-02 05:51:03
BPN,arrivals,2026-08-01,17:45,,QG1495,,BDJ,Banjarmasin Syamsudin Noor Airport,Citilink,QG,ATR,,,Unknown,2026-08-02 05:51:03
BPN,arrivals,2026-08-01,18:00,,IU606,,CGK,Jakarta Soekarno Hatta International Airport,Super Air Jet,IU,320,,,Canceled,2026-08-02 05:51:03
BPN,arrivals,2026-08-01,18:10,,JT662,,UPG,Makassar Sultan Hasanuddin International Airport,Lion Air,JT,738,,,Canceled,2026-08-02 05:51:03
BPN,arrivals,2026-08-01,18:20,18:05,IP623,PAS623,SUB,Surabaya Juanda International Airport,Pelita Air,IP,A320,Airbus A320-214,PK-PWC,Landed 19:05,2026-08-02 05:51:03
BPN,arrivals,2026-08-01,19:30,,IU616,,SUB,Surabaya Juanda International Airport,Super Air Jet,IU,320,,,Unknown,2026-08-02 05:51:03
BPN,arrivals,2026-08-01,19:50,19:25,QG428,CTV428,UPG,Makassar Sultan Hasanuddin International Airport,Citilink,QG,A320,Airbus A320-214,PK-GQG,Landed 20:25,2026-08-02 05:51:03
BPN,arrivals,2026-08-01,20:15,20:43,JT260,LNI260,SUB,Surabaya Juanda International Airport,Lion Air (50th 737-900ER Livery),JT,B739,Boeing 737-9GP(ER),PK-LHY,Landed 21:43,2026-08-02 05:51:03
BPN,arrivals,2026-08-01,20:15,20:03,GA576,GIA576,CGK,Jakarta Soekarno Hatta International Airport,Garuda Indonesia,GA,B738,Boeing 737-8U3,PK-GMC,Landed 21:03,2026-08-02 05:51:03
BPN,arrivals,2026-08-01,20:25,20:12,IU600,SJV600,CGK,Jakarta Soekarno Hatta International Airport,Super Air Jet,IU,A320,Airbus A320-232,PK-SJQ,Landed 21:12,2026-08-02 05:51:03
BPN,departures,2026-08-01,05:00,05:09,IU601,SJV601,CGK,Jakarta Soekarno Hatta International Airport,Super Air Jet,IU,A320,Airbus A320-232,PK-STS,Departed 06:09,2026-08-02 05:51:23
BPN,departures,2026-08-01,05:00,05:05,JT363,LNI363,SUB,Surabaya Juanda International Airport,Lion Air,JT,B739,Boeing 737-9GP(ER),PK-LHS,Departed 06:05,2026-08-02 05:51:23
BPN,departures,2026-08-01,05:10,05:11,QG439,CTV439,CGK,Jakarta Soekarno Hatta International Airport,Citilink,QG,A320,Airbus A320-214,PK-GLT,Departed 06:11,2026-08-02 05:51:23
BPN,departures,2026-08-01,05:20,05:23,GA561,GIA561,CGK,Jakarta Soekarno Hatta International Airport,Garuda Indonesia,GA,B738,Boeing 737-8U3,PK-GNR,Departed 06:23,2026-08-02 05:51:23
BPN,departures,2026-08-01,05:30,05:32,IU532,SJV532,UPG,Makassar Sultan Hasanuddin International Airport,Super Air Jet,IU,A320,Airbus A320-232,PK-STR,Departed 06:32,2026-08-02 05:51:23
BPN,departures,2026-08-01,06:00,,BI774,,BWN,Brunei International Airport,Royal Brunei Airlines,BI,A20N,Airbus A320-251N,V8-RBC,Unknown,2026-08-02 05:51:23
BPN,departures,2026-08-01,06:00,05:56,QG1492,CTV1492,BDJ,Banjarmasin Syamsudin Noor Airport,Citilink,QG,AT76,ATR 72-600,PK-GJT,Departed 06:56,2026-08-02 05:51:23
BPN,departures,2026-08-01,06:00,06:01,JT668,LNI668,YIA,Yogyakarta International Airport,Lion Air,JT,B739,Boeing 737-9GP(ER),PK-LSJ,Departed 07:01,2026-08-02 05:51:23
BPN,departures,2026-08-01,06:00,06:06,IP646,PAS646,YIA,Yogyakarta International Airport,Pelita Air,IP,A320,Airbus A320-214,PK-PWC,Departed 07:06,2026-08-02 05:51:23
BPN,departures,2026-08-01,06:00,06:03,BI774,RBA774,BWN,Brunei International Airport,Royal Brunei Airlines,BI,A20N,Airbus A320-251N,V8-RBC,Departed 07:03,2026-08-02 05:51:23
BPN,departures,2026-08-01,06:55,07:06,IW1395,WON1395,BDJ,Banjarmasin Syamsudin Noor Airport,Wings Air,IW,AT76,ATR 72-600,PK-WJL,Departed 08:06,2026-08-02 05:51:23
BPN,departures,2026-08-01,07:00,07:04,IU649,SJV649,SUB,Surabaya Juanda International Airport,Super Air Jet,IU,A320,Airbus A320-232,PK-SJE,Departed 08:04,2026-08-02 05:51:23
BPN,departures,2026-08-01,07:15,07:09,QG435,CTV435,SUB,Surabaya Juanda International Airport,Citilink,QG,A320,Airbus A320-214,PK-GQU,Departed 08:09,2026-08-02 05:51:23
BPN,departures,2026-08-01,07:50,08:03,IU607,SJV607,CGK,Jakarta Soekarno Hatta International Airport,Super Air Jet,IU,A320,Airbus A320-232,PK-SJG,Departed 09:03,2026-08-02 05:51:23
BPN,departures,2026-08-01,08:00,07:57,IU694,SJV694,TRK,Tarakan Juwata International Airport,Super Air Jet,IU,A320,Airbus A320-232,PK-SJL,Departed 08:57,2026-08-02 05:51:23
BPN,departures,2026-08-01,08:15,08:10,QG400,CTV400,TRK,Tarakan Juwata International Airport,Citilink,QG,A320,Airbus A320-214,PK-GQM,Departed 09:10,2026-08-02 05:51:23
BPN,departures,2026-08-01,08:15,08:35,IW1478,WON1478,LNU,Malinau Kolonel RA Bessing Airport,Wings Air,IW,AT76,ATR 72-600,PK-WHU,Departed 09:35,2026-08-02 05:51:23
BPN,departures,2026-08-01,09:10,08:55,MH842,MAS842,KUL,Kuala Lumpur International Airport,Malaysia Airlines,MH,B738,Boeing 737-8H6,9M-MXM,Departed 09:55,2026-08-02 05:51:23
BPN,departures,2026-08-01,10:00,,IU511,,CGK,Jakarta Soekarno Hatta International Airport,Super Air Jet,IU,320,,,Canceled,2026-08-02 05:51:23
BPN,departures,2026-08-01,10:10,10:17,IU611,SJV611,SUB,Surabaya Juanda International Airport,Super Air Jet,IU,A320,Airbus A320-232,PK-SGA,Departed 11:17,2026-08-02 05:51:23
BPN,departures,2026-08-01,10:40,11:09,IU535,SJV535,TRK,Tarakan Juwata International Airport,Super Air Jet,IU,A320,Airbus A320-232,PK-STF,Departed 12:09,2026-08-02 05:51:23
BPN,departures,2026-08-01,10:50,,IU513,,CGK,Jakarta Soekarno Hatta International Airport,Super Air Jet,IU,320,,,Canceled,2026-08-02 05:51:23
BPN,departures,2026-08-01,10:55,11:00,QG447,CTV447,CGK,Jakarta Soekarno Hatta International Airport,Citilink,QG,A320,Airbus A320-214,PK-GLT,Departed 12:00,2026-08-02 05:51:23
BPN,departures,2026-08-01,11:10,11:15,IP603,PAS603,CGK,Jakarta Soekarno Hatta International Airport,Pelita Air,IP,A320,Airbus A320-214,PK-PWC,Departed 12:15,2026-08-02 05:51:23
BPN,departures,2026-08-01,11:30,,IU507,,SRG,Semarang Achmad Yani International Airport,Super Air Jet,IU,320,,,Canceled,2026-08-02 05:51:23
BPN,departures,2026-08-01,11:35,11:42,GA567,GIA567,CGK,Jakarta Soekarno Hatta International Airport,Garuda Indonesia (Ayo Pakai Masker Livery),GA,B738,Boeing 737-81D,PK-GFQ,Departed 12:42,2026-08-02 05:51:23
BPN,departures,2026-08-01,11:40,,JT670,,YIA,Yogyakarta International Airport,Lion Air,JT,739,,,Canceled,2026-08-02 05:51:23
BPN,departures,2026-08-01,11:50,11:55,IU617,SJV617,SUB,Surabaya Juanda International Airport,Super Air Jet,IU,A320,Airbus A320-232,PK-SJE,Departed 12:55,2026-08-02 05:51:23
BPN,departures,2026-08-01,11:50,12:46,IU603,SJV603,CGK,Jakarta Soekarno Hatta International Airport,Super Air Jet,IU,A320,Airbus A320-232,PK-SAH,Departed 13:46,2026-08-02 05:51:23
BPN,departures,2026-08-01,12:05,12:00,QG437,CTV437,CGK,Jakarta Soekarno Hatta International Airport,Citilink,QG,A320,Airbus A320-214,PK-GQM,Departed 13:00,2026-08-02 05:51:23
BPN,departures,2026-08-01,12:30,12:52,IU578,SJV578,BEJ,Kalimarau Airport,Super Air Jet,IU,A320,Airbus A320-232,PK-SJL,Departed 13:52,2026-08-02 05:51:23
BPN,departures,2026-08-01,12:30,12:40,IW1476,WON1476,GHS,West Kutai Melalan Airport,Wings Air,IW,AT76,ATR 72-600,PK-WHU,Departed 13:40,2026-08-02 05:51:23
BPN,departures,2026-08-01,12:40,12:48,IU692,SJV692,TRK,Tarakan Juwata International Airport,Super Air Jet,IU,A320,Airbus A320-232,PK-STR,Departed 13:48,2026-08-02 05:51:23
BPN,departures,2026-08-01,12:40,12:43,ID6317,BTK6317,PNK,Pontianak Supadio Airport,Batik Air,ID,A320,Airbus A320-214,PK-BKT,Departed 13:43,2026-08-02 05:51:23
BPN,departures,2026-08-01,12:55,15:29,SJ134,SJY134,BEJ,Kalimarau Airport,Sriwijaya Air,SJ,B735,Boeing 737-524,PK-CLF,Departed 16:29,2026-08-02 05:51:23
BPN,departures,2026-08-01,13:00,,IU285,,LOP,Lombok International Airport,Super Air Jet,IU,320,,,Canceled,2026-08-02 05:51:23
BPN,departures,2026-08-01,13:35,,IU977,,BTH,Batam Hang Nadim Airport,Super Air Jet,IU,320,,,Canceled,2026-08-02 05:51:23
BPN,departures,2026-08-01,13:55,13:57,ID6253,BTK6253,CGK,Jakarta Soekarno Hatta International Airport,Batik Air,ID,A320,Airbus A320-214,PK-LUR,Departed 14:57,2026-08-02 05:51:23
BPN,departures,2026-08-01,14:40,,QG1494,,BDJ,Banjarmasin Syamsudin Noor Airport,Citilink,QG,ATR,,,Unknown,2026-08-02 05:51:23
BPN,departures,2026-08-01,15:00,14:54,JT625,LNI625,SRG,Semarang Achmad Yani International Airport,Lion Air,JT,B739,Boeing 737-9GP(ER),PK-LGL,Departed 15:54,2026-08-02 05:51:23
BPN,departures,2026-08-01,15:30,14:50,,VHOFC,BNE,Brisbane Airport,LifeFlight Australia,,CL60,Bombardier Challenger 604,VH-OFC,Departed 15:50,2026-08-02 05:51:23
BPN,departures,2026-08-01,15:30,15:19,IW1397,WON1397,BDJ,Banjarmasin Syamsudin Noor Airport,Wings Air,IW,AT76,ATR 72-600,PK-WHU,Departed 16:19,2026-08-02 05:51:23
BPN,departures,2026-08-01,15:45,,IU615,,SUB,Surabaya Juanda International Airport,Super Air Jet,IU,320,,,Canceled,2026-08-02 05:51:23
BPN,departures,2026-08-01,15:55,16:11,GA563,GIA563,CGK,Jakarta Soekarno Hatta International Airport,Garuda Indonesia,GA,B738,Boeing 737-8U3,PK-GNA,Departed 17:11,2026-08-02 05:51:23
BPN,departures,2026-08-01,16:00,16:05,IP622,PAS622,SUB,Surabaya Juanda International Airport,Pelita Air,IP,A320,Airbus A320-214,PK-PWQ,Departed 17:05,2026-08-02 05:51:23
BPN,departures,2026-08-01,16:25,17:04,IW1385,WON1385,BDJ,Banjarmasin Syamsudin Noor Airport,Wings Air,IW,AT76,ATR 72-600,PK-WJL,Departed 18:04,2026-08-02 05:51:23
BPN,departures,2026-08-01,16:25,16:56,IU677,SJV677,YIA,Yogyakarta International Airport,Super Air Jet,IU,A320,Airbus A320-232,PK-SJL,Departed 17:56,2026-08-02 05:51:23
BPN,departures,2026-08-01,16:30,,GM306,,SIN,Singapore Changi Airport,Asia Cargo Airlines,GM,73F,,,Unknown,2026-08-02 05:51:23
BPN,departures,2026-08-01,16:30,,SJ1340,,BEJ,Kalimarau Airport,Sriwijaya Air,SJ,735,,,Unknown,2026-08-02 05:51:23
BPN,departures,2026-08-01,16:40,16:48,QG429,CTV429,UPG,Makassar Sultan Hasanuddin International Airport,Citilink,QG,A320,Airbus A320-214,PK-GQG,Departed 17:48,2026-08-02 05:51:23
BPN,departures,2026-08-01,16:40,17:50,IU609,SJV609,CGK,Jakarta Soekarno Hatta International Airport,Super Air Jet,IU,A320,Airbus A320-232,PK-SAL,Departed 18:50,2026-08-02 05:51:23
BPN,departures,2026-08-01,16:40,16:39,IU534,SJV534,UPG,Makassar Sultan Hasanuddin International Airport,Super Air Jet,IU,A320,Airbus A320-232,PK-STR,Departed 17:39,2026-08-02 05:51:23
BPN,departures,2026-08-01,16:50,17:21,JT361,LNI361,SUB,Surabaya Juanda International Airport,Lion Air,JT,B739,Boeing 737-9GP(ER),PK-LHR,Departed 18:21,2026-08-02 05:51:23
BPN,departures,2026-08-01,17:10,,ID6316,,UPG,Makassar Sultan Hasanuddin International Airport,Batik Air,ID,32A,,,Unknown,2026-08-02 05:51:23
BPN,departures,2026-08-01,17:10,17:08,ID6232,BTK6232,UPG,Makassar Sultan Hasanuddin International Airport,Batik Air,ID,A320,Airbus A320-214,PK-BKT,Departed 18:08,2026-08-02 05:51:23
BPN,departures,2026-08-01,17:15,17:25,QG431,CTV431,SUB,Surabaya Juanda International Airport,Citilink (Tiket.com Livery),QG,A320,Airbus A320-214,PK-GLW,Departed 18:25,2026-08-02 05:51:23
BPN,departures,2026-08-01,17:30,17:57,IU580,SJV580,BEJ,Kalimarau Airport,Super Air Jet,IU,A320,Airbus A320-232,PK-STF,Departed 18:57,2026-08-02 05:51:23
BPN,departures,2026-08-01,17:30,,IU528,,MDC,Manado Sam Ratulangi International Airport,Super Air Jet,IU,320,,,Unknown,2026-08-02 05:51:23
BPN,departures,2026-08-01,17:35,17:35,QG785,CTV785,YIA,Yogyakarta International Airport,Citilink,QG,A320,Airbus A320-214,PK-GLN,Departed 18:35,2026-08-02 05:51:23
BPN,departures,2026-08-01,17:45,,RI202,,BDJ,Banjarmasin Syamsudin Noor Airport,Rimbun Air,RI,73Y,,,Unknown,2026-08-02 05:51:23
BPN,departures,2026-08-01,17:50,18:20,GA575,GIA575,CGK,Jakarta Soekarno Hatta International Airport,Garuda Indonesia,GA,B738,Boeing 737-81M,PK-GUC,Departed 19:20,2026-08-02 05:51:23
BPN,departures,2026-08-01,18:40,,IU605,,CGK,Jakarta Soekarno Hatta International Airport,Super Air Jet,IU,320,,,Unknown,2026-08-02 05:51:23
BPN,departures,2026-08-01,18:50,,JT675,,UPG,Makassar Sultan Hasanuddin International Airport,Lion Air,JT,738,,,Unknown,2026-08-02 05:51:23
CGK,arrivals,2026-08-01,00:05,00:10,QZ811,AWQ811,DPS,Denpasar Ngurah Rai International Airport,AirAsia,AK,A320,Airbus A320-216,PK-AXT,Landed 00:10,2026-08-02 05:49:03
CGK,arrivals,2026-08-01,00:05,00:04,QG915,CTV915,KNO,Medan Kuala Namu International Airport,Citilink,QG,A320,Airbus A320-214,PK-GLL,Landed 00:04,2026-08-02 05:49:03
CGK,arrivals,2026-08-01,00:10,00:00,8B156,TNU156,SIN,Singapore Changi Airport,TransNusa,8B,A321,Airbus A321-211,PK-TLK,Landed 00:00,2026-08-02 05:49:03
CGK,arrivals,2026-08-01,00:15,00:24,CA977,CCA977,PEK,Beijing Capital International Airport,Air China,CA,A333,Airbus A330-343,B-5948,Landed 00:24,2026-08-02 05:49:03
CGK,arrivals,2026-08-01,00:35,00:55,SC2153,CDG2153,XMN,Xiamen Gaoqi International Airport,Shandong Airlines,SC,B38M,Boeing 737 MAX 8,B-20D0,Landed 00:55,2026-08-02 05:49:03
CGK,arrivals,2026-08-01,00:40,00:41,VN635,HVN635,HAN,Hanoi Noi Bai International Airport,Vietnam Airlines,VN,A321,Airbus A321-231,VN-A608,Landed 00:41,2026-08-02 05:49:03
CGK,arrivals,2026-08-01,00:45,00:34,KE437,KAL437,ICN,Seoul Incheon International Airport,Korean Air,KE,B77W,Boeing 777-3B5(ER),HL8209,Landed 00:34,2026-08-02 05:49:03
CGK,arrivals,2026-08-01,01:50,01:39,QG217,CTV217,UPG,Makassar Sultan Hasanuddin International Airport,Citilink,QG,A320,Airbus A320-214,PK-GLY,Landed 01:39,2026-08-02 05:49:03
CGK,arrivals,2026-08-01,02:00,,RI701,,LOP,Lombok International Airport,Rimbun Air,RI,73Y,,,Unknown,2026-08-02 05:49:03
CGK,arrivals,2026-08-01,02:00,02:32,CZ8055,CSN8055,SZX,Shenzhen Bao'an International Airport,China Southern Airlines,CZ,A20N,Airbus A320-251N,B-30F8,Landed 02:32,2026-08-02 05:49:03
CGK,arrivals,2026-08-01,02:20,,RI121,,KNO,Medan Kuala Namu International Airport,Rimbun Air,RI,73Y,,,Unknown,2026-08-02 05:49:03
CGK,arrivals,2026-08-01,05:05,04:44,NH871,ANA871,HND,Tokyo Haneda International Airport,All Nippon Airways,NH,B788,Boeing 787-8 Dreamliner,JA804A,Landed 04:44,2026-08-02 05:49:03
CGK,arrivals,2026-08-01,05:20,,RI321,,UPG,Makassar Sultan Hasanuddin International Airport,Rimbun Air,RI,73Y,,,Unknown,2026-08-02 05:48:59
CGK,arrivals,2026-08-01,05:20,05:59,MF8673,CXA8673,CKG,Chongqing Jiangbei International Airport,Xiamen Air,MF,B38M,Boeing 737 MAX 8,B-1118,Landed 05:59,2026-08-02 05:49:03
CGK,arrivals,2026-08-01,06:35,06:30,ID6391,BTK6391,SUB,Surabaya Juanda International Airport,Batik Air,ID,A320,Airbus A320-214,PK-LAY,Landed 06:30,2026-08-02 05:48:59
CGK,arrivals,2026-08-01,06:40,07:44,8B861,TNU861,CAN,Guangzhou Baiyun International Airport,TransNusa,8B,A320,Airbus A320-214,PK-TLD,Landed 07:44,2026-08-02 05:48:59
CGK,arrivals,2026-08-01,06:45,06:35,IU639,SJV639,BDJ,Banjarmasin Syamsudin Noor Airport,Super Air Jet (Our Super 50th Jet Livery),IU,A320,Airbus A320-232,PK-STQ,Landed 06:35,2026-08-02 05:48:59
CGK,arrivals,2026-08-01,06:50,06:32,JT873,LNI873,UPG,Makassar Sultan Hasanuddin International Airport,Lion Air,JT,B739,Boeing 737-9GP(ER),PK-LHP,Landed 06:32,2026-08-02 05:48:59
CGK,arrivals,2026-08-01,06:55,06:40,QG483,CTV483,BDJ,Banjarmasin Syamsudin Noor Airport,Citilink,QG,A20N,Airbus A320-251N,PK-GTG,Landed 06:40,2026-08-02 05:48:59
CGK,arrivals,2026-08-01,06:55,06:43,GA991,GIA991,JED,Jeddah King Abdulaziz International Airport,Garuda Indonesia,GA,B77W,Boeing 777-3U3(ER),PK-GIA,Landed 06:43,2026-08-02 05:48:59
CGK,arrivals,2026-08-01,07:00,06:49,SQ950,SIA950,SIN,Singapore Changi Airport,Singapore Airlines,SQ,B77W,Boeing 777-312(ER),9V-SWV,Landed 06:49,2026-08-02 05:48:59
CGK,arrivals,2026-08-01,07:00,,IU769,,LOP,Lombok International Airport,Super Air Jet,IU,320,,,Canceled,2026-08-02 05:48:59
CGK,arrivals,2026-08-01,07:05,06:52,IU601,SJV601,BPN,Balikpapan Sepinggan Airport,Super Air Jet,IU,A320,Airbus A320-232,PK-STS,Landed 06:52,2026-08-02 05:48:59
CGK,arrivals,2026-08-01,07:10,06:56,IU921,SJV921,PLM,Palembang International Airport,Super Air Jet,IU,A320,Airbus A320-232,PK-SJC,Landed 06:56,2026-08-02 05:48:59
CGK,arrivals,2026-08-01,07:20,07:07,QG987,CTV987,PLM,Palembang International Airport,Citilink,QG,A320,Airbus A320-214,PK-GLU,Landed 07:07,2026-08-02 05:48:59
CGK,arrivals,2026-08-01,07:20,07:15,ID6819,BTK6819,BKS,Bengkulu Fatmawati Soekarno Airport,Batik Air,ID,A320,Airbus A320-214,PK-LUW,Landed 07:15,2026-08-02 05:48:59
CGK,arrivals,2026-08-01,07:20,07:19,ID6807,BTK6807,DJB,Jambi Sultan Thaha Airport,Batik Air,ID,A320,Airbus A320-214,PK-LAT,Landed 07:19,2026-08-02 05:48:59
CGK,arrivals,2026-08-01,07:25,07:12,QG911,CTV911,KNO,Medan Kuala Namu International Airport,Citilink,QG,A320,Airbus A320-214,PK-GQD,Landed 07:12,2026-08-02 05:48:59
CGK,arrivals,2026-08-01,07:25,07:01,QG439,CTV439,BPN,Balikpapan Sepinggan Airport,Citilink,QG,A320,Airbus A320-214,PK-GLT,Landed 07:01,2026-08-02 05:48:59
CGK,arrivals,2026-08-01,07:30,07:22,QR958,QTR958,DOH,Doha Hamad International Airport,Qatar Airways (Oneworld Livery),QR,A359,Airbus A350-941,A7-ALZ,Landed 07:22,2026-08-02 05:48:59
CGK,arrivals,2026-08-01,07:35,07:11,GA561,GIA561,BPN,Balikpapan Sepinggan Airport,Garuda Indonesia,GA,B738,Boeing 737-8U3,PK-GNR,Landed 07:11,2026-08-02 05:48:59
CGK,arrivals,2026-08-01,07:35,08:02,SV816,SVA816,JED,Jeddah King Abdulaziz International Airport,Saudia,SV,B77W,Boeing 777-368(ER),HZ-AK17,Landed 08:02,2026-08-02 05:48:59
CGK,arrivals,2026-08-01,07:40,07:18,IP213,PAS213,SUB,Surabaya Juanda International Airport,Pelita Air,IP,A320,Airbus A320-214,PK-PWQ,Landed 07:18,2026-08-02 05:48:59
CGK,arrivals,2026-08-01,07:40,07:32,ID6265,BTK6265,UPG,Makassar Sultan Hasanuddin International Airport,Batik Air,ID,A320,Airbus A320-214,PK-LUF,Landed 07:32,2026-08-02 05:48:59
CGK,arrivals,2026-08-01,07:45,07:38,IP329,PAS329,PKU,Pekanbaru Sultan Syarif Kasim II Airport,Pelita Air,IP,A320,Airbus A320-214,PK-PWP,Landed 07:38,2026-08-02 05:48:59
CGK,arrivals,2026-08-01,07:45,,ID6864,,UPG,Makassar Sultan Hasanuddin International Airport,Batik Air,ID,32A,,,Unknown,2026-08-02 05:48:59
CGK,arrivals,2026-08-01,07:45,08:01,IU919,SJV919,PKU,Pekanbaru Sultan Syarif Kasim II Airport,Super Air Jet,IU,A320,Airbus A320-232,PK-SAH,Landed 08:01,2026-08-02 05:48:59
CGK,arrivals,2026-08-01,07:50,,QZ809,,DPS,Denpasar Ngurah Rai International Airport,Indonesia AirAsia,QZ,320,,,Unknown,2026-08-02 05:48:59
CGK,arrivals,2026-08-01,07:50,07:44,JT241,LNI241,TKG,Bandar Lampung Radin Inten II Airport,Lion Air,JT,B739,Boeing 737-9GP(ER),PK-LJG,Landed 07:44,2026-08-02 05:48:59
CGK,arrivals,2026-08-01,07:50,07:39,IU691,SJV691,PNK,Pontianak Supadio Airport,Super Air Jet,IU,A320,Airbus A320-232,PK-STG,Landed 07:39,2026-08-02 05:48:59
CGK,arrivals,2026-08-01,07:50,07:21,GA533,GIA533,BDJ,Banjarmasin Syamsudin Noor Airport,Garuda Indonesia (Ayo Pakai Masker Livery),GA,B738,Boeing 737-81D,PK-GFQ,Landed 07:21,2026-08-02 05:48:59
CGK,arrivals,2026-08-01,07:55,07:48,JT353,LNI353,PDG,Padang Minangkabau International Airport,Lion Air,JT,B738,Boeing 737-8GP,PK-LKQ,Landed 07:48,2026-08-02 05:48:59
CGK,arrivals,2026-08-01,07:55,,IU625,,BDJ,Banjarmasin Syamsudin Noor Airport,Super Air Jet,IU,320,,,Canceled,2026-08-02 05:48:59
CGK,arrivals,2026-08-01,07:55,07:41,ID6885,BTK6885,KNO,Medan Kuala Namu International Airport,Batik Air,ID,A320,Airbus A320-214,PK-BKQ,Landed 07:41,2026-08-02 05:48:59
CGK,arrivals,2026-08-01,08:00,10:06,QZ807,AWQ807,DPS,Denpasar Ngurah Rai International Airport,AirAsia,AK,A320,Airbus A320-216,PK-AZF,Landed 10:06,2026-08-02 05:48:59
CGK,arrivals,2026-08-01,08:00,07:54,QG937,CTV937,PKU,Pekanbaru Sultan Syarif Kasim II Airport,Citilink,QG,A320,Airbus A320-214,PK-GQE,Landed 07:54,2026-08-02 05:48:59
CGK,arrivals,2026-08-01,08:00,07:34,OD398,MXD398,KUL,Kuala Lumpur International Airport,Batik Air,ID,B738,Boeing 737-8GP,9M-LNV,Landed 07:34,2026-08-02 05:48:59
CGK,arrivals,2026-08-01,08:00,07:53,GA401,GIA401,DPS,Denpasar Ngurah Rai International Airport,Garuda Indonesia,GA,B738,Boeing 737-8U3,PK-GMV,Landed 07:53,2026-08-02 05:48:59
CGK,arrivals,2026-08-01,08:05,07:57,GA73,GIA073,TKG,Bandar Lampung Radin Inten II Airport,Garuda Indonesia,GA,B738,Boeing 737-8BK,PK-GFG,Landed 07:57,2026-08-02 05:48:59
CGK,arrivals,2026-08-01,08:05,07:51,AK380,AXM380,KUL,Kuala Lumpur International Airport,AirAsia,AK,A320,Airbus A320-214,9M-AFE,Landed 07:51,2026-08-02 05:48:59
CGK,arrivals,2026-08-01,08:15,07:59,QG301,CTV301,MDC,Manado Sam Ratulangi International Airport,Citilink,QG,A320,Airbus A320-214,PK-GQG,Landed 07:59,2026-08-02 05:48:59
CGK,arrivals,2026-08-01,08:15,07:50,GA207,GIA207,YIA,Yogyakarta International Airport,Garuda Indonesia,GA,B738,Boeing 737-8U3,PK-GMW,Landed 07:50,2026-08-02 05:48:59
CGK,arrivals,2026-08-01,08:20,,ID6804,,SRG,Semarang Achmad Yani International Airport,Batik Air,ID,32A,,,Unknown,2026-08-02 05:48:59
CGK,arrivals,2026-08-01,08:20,07:56,ID7369,BTK7369,SRG,Semarang Achmad Yani International Airport,Batik Air,ID,A320,Airbus A320-214,PK-BKY,Landed 07:56,2026-08-02 05:48:59
CGK,arrivals,2026-08-01,08:20,08:09,GA231,GIA231,SRG,Semarang Achmad Yani International Airport,Garuda Indonesia,GA,B738,Boeing 737-8U3,PK-GMA,Landed 08:09,2026-08-02 05:48:59
CGK,arrivals,2026-08-01,08:25,08:22,SQ952,SIA952,SIN,Singapore Changi Airport,"Singapore Airlines (10,000th Airbus Sticker)",SQ,A359,Airbus A350-941,9V-SMF,Landed 08:22,2026-08-02 05:48:59
CGK,arrivals,2026-08-01,08:25,08:28,QG905,CTV905,TKG,Bandar Lampung Radin Inten II Airport,Citilink,QG,A320,Airbus A320-214,PK-GLO,Landed 08:28,2026-08-02 05:48:59
CGK,arrivals,2026-08-01,08:25,08:13,QG775,CTV775,YIA,Yogyakarta International Airport,Citilink,QG,A320,Airbus A320-214,PK-GQN,Landed 08:13,2026-08-02 05:48:59
CGK,arrivals,2026-08-01,08:25,08:20,MH713,MAS713,KUL,Kuala Lumpur International Airport,Malaysia Airlines,MH,B738,Boeing 737-8H6,9M-MXN,Landed 08:20,2026-08-02 05:48:59
CGK,arrivals,2026-08-01,08:25,,JT170,,KNO,Medan Kuala Namu International Airport,Lion Air,JT,738,,,Unknown,2026-08-02 05:48:59
CGK,arrivals,2026-08-01,08:25,08:26,ID6561,BTK6561,PLW,Palu Mutiara Airport,Batik Air,ID,A320,Airbus A320-214,PK-BLD,Landed 08:26,2026-08-02 05:48:59
CGK,arrivals,2026-08-01,08:25,08:18,JT209,LNI209,KNO,Medan Kuala Namu International Airport,Lion Air,JT,B738,Boeing 737-8GP,PK-LOQ,Landed 08:18,2026-08-02 05:48:59
CGK,arrivals,2026-08-01,08:25,08:06,ID6375,BTK6375,SOC,Surakarta Adisumarmo International Airport,Batik Air,ID,A320,Airbus A320-214,PK-LUJ,Landed 08:06,2026-08-02 05:48:59
CGK,arrivals,2026-08-01,08:25,08:10,GA183,GIA183,KNO,Medan Kuala Namu International Airport,Garuda Indonesia,GA,B738,Boeing 737-8U3,PK-GMM,Landed 08:10,2026-08-02 05:48:59
CGK,arrivals,2026-08-01,08:30,08:19,QG603,CTV603,KOE,Kupang El Tari Airport,Citilink,QG,A320,Airbus A320-214,PK-GLK,Landed 08:19,2026-08-02 05:48:59
CGK,arrivals,2026-08-01,08:30,08:14,QG413,CTV413,PNK,Pontianak Supadio Airport,Citilink,QG,A320,Airbus A320-214,PK-GQP,Landed 08:14,2026-08-02 05:48:59
CGK,arrivals,2026-08-01,08:30,08:15,GA403,GIA403,DPS,Denpasar Ngurah Rai International Airport,Garuda Indonesia,GA,B738,Boeing 737-8U3,PK-GNM,Landed 08:15,2026-08-02 05:48:59
CGK,arrivals,2026-08-01,08:40,08:27,ID6201,BTK6201,PKY,Palangkaraya Tjilik Riwut Airport,Batik Air,ID,A320,Airbus A320-233,PK-BKG,Landed 08:27,2026-08-02 05:48:59
CGK,arrivals,2026-08-01,08:40,08:31,GA623,GIA623,PLW,Palu Mutiara Airport,Garuda Indonesia,GA,B738,Boeing 737-8U3,PK-GNG,Landed 08:31,2026-08-02 05:48:59
CGK,arrivals,2026-08-01,08:40,08:22,GA305,GIA305,SUB,Surabaya Juanda International Airport,Garuda Indonesia,GA,B738,Boeing 737-8U3,PK-GMP,Landed 08:22,2026-08-02 05:48:59
CGK,arrivals,2026-08-01,08:45,08:42,TR274,TGW274,SIN,Singapore Changi Airport,Scoot,TR,A20N,Airbus A320-271N,9V-TNJ,Landed 08:42,2026-08-02 05:48:59
CGK,arrivals,2026-08-01,08:45,,ID6863,,BTH,Batam Hang Nadim Airport,Batik Air,ID,32A,,,Canceled,2026-08-02 05:48:59
CGK,arrivals,2026-08-01,08:45,08:24,GA617,GIA617,UPG,Makassar Sultan Hasanuddin International Airport,Garuda Indonesia,GA,B738,Boeing 737-8U3,PK-GFD,Landed 08:24,2026-08-02 05:48:59
CGK,arrivals,2026-08-01,08:50,08:39,SJ55,SJY055,TJQ,Tanjung Pandan Buluh Tumbang Airport,BBN Airlines Indonesia,0B,B738,Boeing 737-8BK,PK-BBF,Landed 08:39,2026-08-02 05:48:59
CGK,arrivals,2026-08-01,08:50,08:57,QG981,CTV981,PLM,Palembang International Airport,Citilink,QG,A320,Airbus A320-214,PK-GLM,Landed 08:57,2026-08-02 05:48:59
CGK,arrivals,2026-08-01,08:50,08:37,JT889,LNI889,AMQ,Ambon Pattimura Airport,Lion Air,JT,B738,Boeing 737-8GP,PK-LJQ,Landed 08:37,2026-08-02 05:48:59
CGK,arrivals,2026-08-01,08:55,08:45,ID6541,BTK6541,KOE,Kupang El Tari Airport,Batik Air,ID,A320,Airbus A320-214,PK-BLC,Landed 08:45,2026-08-02 05:48:59
CGK,arrivals,2026-08-01,08:55,,JT3335,,PLM,Palembang International Airport,Lion Air,JT,738,,,Canceled,2026-08-02 05:48:59
CGK,arrivals,2026-08-01,08:55,,IU801,,TKG,Bandar Lampung Radin Inten II Airport,Super Air Jet,IU,320,,,Canceled,2026-08-02 05:48:59
CGK,arrivals,2026-08-01,08:55,08:39,GA551,GIA551,PKY,Palangkaraya Tjilik Riwut Airport,Garuda Indonesia,GA,B738,Boeing 737-81M,PK-GUA,Landed 08:39,2026-08-02 05:48:59
CGK,arrivals,2026-08-01,09:00,,ID6271,,MDC,Manado Sam Ratulangi International Airport,Batik Air,ID,738,,,Canceled,2026-08-02 05:48:59
CGK,arrivals,2026-08-01,09:00,08:59,3Y923,MYU923,SIN,Singapore Changi Airport,My Indo Airlines,3Y,B733,Boeing 737-39K(SF),PK-MYC,Landed 08:59,2026-08-02 05:48:59
CGK,arrivals,2026-08-01,09:00,09:09,JT21,LNI021,DPS,Denpasar Ngurah Rai International Airport,Lion Air,JT,B39M,Boeing 737 MAX 9,PK-LRH,Landed 09:09,2026-08-02 05:48:59
CGK,arrivals,2026-08-01,09:05,08:44,QZ179,AWQ179,TKG,Bandar Lampung Radin Inten II Airport,AirAsia,AK,A320,Airbus A320-216,PK-AXT,Landed 08:44,2026-08-02 05:48:59
CGK,arrivals,2026-08-01,09:05,,IU683,,PNK,Pontianak Supadio Airport,Super Air Jet,IU,320,,,Canceled,2026-08-02 05:48:59
CGK,arrivals,2026-08-01,09:05,09:00,ID6369,BTK6369,YIA,Yogyakarta International Airport,Batik Air,ID,A320,Airbus A320-232,PK-BKL,Landed 09:00,2026-08-02 05:48:59
CGK,arrivals,2026-08-01,09:10,08:42,QG175,CTV175,SUB,Surabaya Juanda International Airport,Citilink,QG,A320,Airbus A320-214,PK-GQA,Landed 08:42,2026-08-02 05:48:59
CGK,arrivals,2026-08-01,09:10,08:59,JT693,LNI693,SUB,Surabaya Juanda International Airport,Lion Air,JT,B739,Boeing 737-9GP(ER),PK-LHS,Landed 08:59,2026-08-02 05:48:59
CGK,arrivals,2026-08-01,09:10,10:12,EY474,ETD474,AUH,Abu Dhabi Zayed International Airport,Etihad Airways,EY,B78X,Boeing 787-10 Dreamliner,A6-BMJ,Landed 10:12,2026-08-02 05:48:59
CGK,arrivals,2026-08-01,09:15,,QG211,,AMQ,Ambon Pattimura Airport,Citilink,QG,320,,,Canceled,2026-08-02 05:48:59
CGK,arrivals,2026-08-01,09:20,14:17,QZ803,AWQ803,DPS,Denpasar Ngurah Rai International Airport,AirAsia,AK,A320,Airbus A320-216,PK-AZO,Landed 14:17,2026-08-02 05:48:59
CGK,arrivals,2026-08-01,09:25,09:10,QG941,CTV941,BTH,Batam Hang Nadim Airport,Citilink,QG,A320,Airbus A320-214,PK-GLG,Landed 09:10,2026-08-02 05:48:59
CGK,arrivals,2026-08-01,09:25,09:59,JT393,LNI393,PKU,Pekanbaru Sultan Syarif Kasim II Airport,Lion Air,JT,B739,Boeing 737-9GP(ER),PK-LSU,Landed 09:59,2026-08-02 05:48:59
CGK,arrivals,2026-08-01,09:25,09:03,IU899,SJV899,KNO,Medan Kuala Namu International Airport,Super Air Jet,IU,A320,Airbus A320-232,PK-SJZ,Landed 09:03,2026-08-02 05:48:59
CGK,arrivals,2026-08-01,09:30,,8B5162,,LOP,Lombok International Airport,TransNusa,8B,320,,,Unknown,2026-08-02 05:48:59
CGK,arrivals,2026-08-01,09:30,,IU817,,PDG,Padang Minangkabau International Airport,Super Air Jet,IU,320,,,Canceled,2026-08-02 05:48:59
CGK,arrivals,2026-08-01,09:35,09:18,IU821,SJV821,PGK,Pangkal Pinang Depati Amir Airport,Super Air Jet,IU,A320,Airbus A320-232,PK-SAQ,Landed 09:18,2026-08-02 05:48:59
CGK,arrivals,2026-08-01,09:35,09:19,ID6203,BTK6203,PKN,Pangkalan Bun Iskandar Airport,Batik Air,ID,A320,Airbus A320-214,PK-LAI,Landed 09:19,2026-08-02 05:48:59
CGK,arrivals,2026-08-01,09:35,09:21,ID6743,BTK6743,MDC,Manado Sam Ratulangi International Airport,Batik Air,ID,B738,Boeing 737-8GP,PK-LZV,Landed 09:21,2026-08-02 05:48:59
CGK,arrivals,2026-08-01,09:35,10:30,GA649,GIA649,TTE,Ternate Babullah Airport,Garuda Indonesia (From Nature to Future Livery),GA,B738,Boeing 737-8U3,PK-GFX,Landed 10:30,2026-08-02 05:48:59
CGK,arrivals,2026-08-01,09:40,09:13,ID6723,BTK6723,KDI,Kendari Haluoleo Airport,Batik Air,ID,B738,Boeing 737-8GP,PK-LBW,Landed 09:13,2026-08-02 05:48:59
CGK,arrivals,2026-08-01,09:40,09:29,QZ201,AWQ201,KUL,Kuala Lumpur International Airport,AirAsia,AK,A320,Airbus A320-216,PK-AZO,Landed 09:29,2026-08-02 05:48:59
CGK,arrivals,2026-08-01,09:40,09:27,QG331,CTV331,KDI,Kendari Haluoleo Airport,Citilink,QG,A20N,Airbus A320-251N,PK-GTA,Landed 09:27,2026-08-02 05:48:59
CGK,arrivals,2026-08-01,09:40,,IN173,,SMQ,Sampit Airport,Nam Air,IN,735,,,Unknown,2026-08-02 05:48:59
CGK,arrivals,2026-08-01,09:40,,IN171,,SMQ,Sampit Airport,Nam Air,IN,735,,,Unknown,2026-08-02 05:48:59
CGK,arrivals,2026-08-01,09:40,09:16,GA607,GIA607,MDC,Manado Sam Ratulangi International Airport,Garuda Indonesia,GA,B738,Boeing 737-8U3,PK-GMF,Landed 09:16,2026-08-02 05:48:59
CGK,arrivals,2026-08-01,09:45,09:33,IU851,SJV851,BTH,Batam Hang Nadim Airport,Super Air Jet,IU,A320,Airbus A320-232,PK-SJQ,Landed 09:33,2026-08-02 05:48:59
CGK,arrivals,2026-08-01,09:50,09:38,QG939,CTV939,PKU,Pekanbaru Sultan Syarif Kasim II Airport,Citilink,QG,A320,Airbus A320-214,PK-GQC,Landed 09:38,2026-08-02 05:48:59
CGK,arrivals,2026-08-01,09:55,09:49,SQ956,SIA956,SIN,Singapore Changi Airport,Singapore Airlines,SQ,A359,Airbus A350-941,9V-SMA,Landed 09:49,2026-08-02 05:48:59
CGK,arrivals,2026-08-01,09:55,09:47,IU607,SJV607,BPN,Balikpapan Sepinggan Airport,Super Air Jet,IU,A320,Airbus A320-232,PK-SJG,Landed 09:47,2026-08-02 05:48:59
CGK,arrivals,2026-08-01,09:55,09:33,IP311,PAS311,PLM,Palembang International Airport,Pelita Air,IP,A320,Airbus A320-214,PK-PWG,Landed 09:33,2026-08-02 05:48:59
CGK,arrivals,2026-08-01,09:55,09:42,ID6899,BTK6899,BTJ,Banda Aceh International Airport,Batik Air,ID,A320,Airbus A320-214,PK-LUR,Landed 09:42,2026-08-02 05:48:59
CGK,arrivals,2026-08-01,10:00,10:23,8B5105,TNU5105,DPS,Denpasar Ngurah Rai International Airport,TransNusa,8B,A320,Airbus A320-214,PK-TLF,Landed 10:23,2026-08-02 05:48:56
CGK,arrivals,2026-08-01,10:00,,8B863,,CAN,Guangzhou Baiyun International Airport,TransNusa,8B,320,,,Unknown,2026-08-02 05:48:56
CGK,arrivals,2026-08-01,10:00,09:45,IU871,SJV871,PLM,Palembang International Airport,Super Air Jet,IU,A320,Airbus A320-232,PK-SJW,Landed 09:45,2026-08-02 05:48:56
CGK,arrivals,2026-08-01,10:00,,IU697,,PNK,Pontianak Supadio Airport,Super Air Jet,IU,320,,,Canceled,2026-08-02 05:48:56
CGK,arrivals,2026-08-01,10:00,09:37,GA323,GIA323,SUB,Surabaya Juanda International Airport,Garuda Indonesia,GA,B738,Boeing 737-8U3,PK-GNA,Landed 09:37,2026-08-02 05:48:56
CGK,arrivals,2026-08-01,10:00,09:36,8B676,TNU676,KUL,Kuala Lumpur International Airport,TransNusa,8B,A321,Airbus A321-211,PK-TLG,Landed 09:36,2026-08-02 05:48:56
CGK,arrivals,2026-08-01,10:00,09:56,GA981,GIA981,JED,Jeddah King Abdulaziz International Airport,Garuda Indonesia (Ayo Pakai Masker Livery),GA,B77W,Boeing 777-3U3(ER),PK-GIJ,Landed 09:56,2026-08-02 05:48:59
CGK,arrivals,2026-08-01,10:10,12:11,JT647,LNI647,LOP,Lombok International Airport,Lion Air,JT,B739,Boeing 737-9GP(ER),PK-LHP,Landed 12:11,2026-08-02 05:48:56
CGK,arrivals,2026-08-01,10:10,09:45,GA683,GIA683,SOQ,Sorong Dominique Edward Osok Airport,Garuda Indonesia,GA,B738,Boeing 737-86N,PK-GFJ,Landed 09:45,2026-08-02 05:48:56
CGK,arrivals,2026-08-01,10:15,10:15,MH711,MAS711,KUL,Kuala Lumpur International Airport,Malaysia Airlines,MH,B738,Boeing 737-8H6,9M-MLR,Landed 10:15,2026-08-02 05:48:56
CGK,arrivals,2026-08-01,10:15,10:33,IU629,SJV629,BDJ,Banjarmasin Syamsudin Noor Airport,Super Air Jet,IU,A320,Airbus A320-232,PK-STZ,Landed 10:33,2026-08-02 05:48:56
CGK,arrivals,2026-08-01,10:15,10:13,ID6141,BTK6141,TTE,Ternate Babullah Airport,Batik Air,ID,A320,Airbus A320-214,PK-LUK,Landed 10:13,2026-08-02 05:48:56
CGK,arrivals,2026-08-01,10:15,09:55,IU803,SJV803,TJQ,Tanjung Pandan Buluh Tumbang Airport,Super Air Jet,IU,A320,Airbus A320-232,PK-SJH,Landed 09:55,2026-08-02 05:48:56
CGK,arrivals,2026-08-01,10:15,09:54,GA503,GIA503,PNK,Pontianak Supadio Airport,Garuda Indonesia,GA,B738,Boeing 737-8SH,PK-GUD,Landed 09:54,2026-08-02 05:48:56
CGK,arrivals,2026-08-01,10:20,10:06,QG961,CTV961,DJB,Jambi Sultan Thaha Airport,Citilink,QG,A320,Airbus A320-214,PK-GQF,Landed 10:06,2026-08-02 05:48:56
CGK,arrivals,2026-08-01,10:20,09:51,ID6431,BTK6431,BEJ,Kalimarau Airport,Batik Air,ID,A320,Airbus A320-214,PK-LZH,Landed 09:51,2026-08-02 05:48:56
CGK,arrivals,2026-08-01,10:25,,IP201,,SUB,Surabaya Juanda International Airport,Pelita Air,IP,320,,,Unknown,2026-08-02 05:48:56
CGK,arrivals,2026-08-01,10:25,,JT201,,KNO,Medan Kuala Namu International Airport,Lion Air,JT,739,,,Canceled,2026-08-02 05:48:56
CGK,arrivals,2026-08-01,10:30,10:03,QG953,CTV953,PDG,Padang Minangkabau International Airport,Citilink,QG,A320,Airbus A320-214,PK-GQK,Landed 10:03,2026-08-02 05:48:56
CGK,arrivals,2026-08-01,10:30,10:19,JT871,LNI871,UPG,Makassar Sultan Hasanuddin International Airport,Lion Air,JT,B739,Boeing 737-9GP(ER),PK-LSK,Landed 10:19,2026-08-02 05:48:56
CGK,arrivals,2026-08-01,10:30,10:45,ID6243,BTK6243,GTO,Gorontalo Jalaluddin Airport,Batik Air,ID,B738,Boeing 737-8GP,PK-LBK,Landed 10:45,2026-08-02 05:48:56
CGK,arrivals,2026-08-01,10:30,10:09,GA153,GIA153,BTH,Batam Hang Nadim Airport,Garuda Indonesia,GA,B738,Boeing 737-8SH,PK-GUJ,Landed 10:09,2026-08-02 05:48:56
CGK,arrivals,2026-08-01,10:35,10:28,QG739,CTV739,SUB,Surabaya Juanda International Airport,Citilink,QG,A20N,Airbus A320-251N,PK-GTF,Landed 10:28,2026-08-02 05:48:56
CGK,arrivals,2026-08-01,10:35,10:17,GA825,GIA825,SIN,Singapore Changi Airport,Garuda Indonesia,GA,B738,Boeing 737-8U3,PK-GMI,Landed 10:17,2026-08-02 05:48:56
CGK,arrivals,2026-08-01,10:40,10:20,QG973,CTV973,PGK,Pangkal Pinang Depati Amir Airport,Citilink,QG,A20N,Airbus A320-251N,PK-GTG,Landed 10:20,2026-08-02 05:48:56
CGK,arrivals,2026-08-01,10:40,10:22,IP351,PAS351,PDG,Padang Minangkabau International Airport,Pelita Air,IP,A320,Airbus A320-214,PK-PWO,Landed 10:22,2026-08-02 05:48:56
CGK,arrivals,2026-08-01,10:45,,RI331,,PLW,Palu Mutiara Airport,Rimbun Air,RI,73Y,,,Unknown,2026-08-02 05:48:56
CGK,arrivals,2026-08-01,10:45,10:31,QG883,CTV883,KNO,Medan Kuala Namu International Airport,Citilink,QG,A320,Airbus A320-214,PK-GLL,Landed 10:31,2026-08-02 05:48:56
CGK,arrivals,2026-08-01,10:45,10:35,QG841,CTV841,BTH,Batam Hang Nadim Airport,Citilink,QG,A320,Airbus A320-214,PK-GQH,Landed 10:35,2026-08-02 05:48:56
CGK,arrivals,2026-08-01,10:45,,JT3871,,UPG,Makassar Sultan Hasanuddin International Airport,Lion Air,JT,738,,,Unknown,2026-08-02 05:48:56
CGK,arrivals,2026-08-01,10:45,,JT2891,,UPG,Makassar Sultan Hasanuddin International Airport,Lion Air,JT,738,,,Unknown,2026-08-02 05:48:56
CGK,arrivals,2026-08-01,10:45,,JT991,,UPG,Makassar Sultan Hasanuddin International Airport,Lion Air,JT,739,,,Unknown,2026-08-02 05:48:56
CGK,arrivals,2026-08-01,10:45,10:37,IU907,SJV907,PDG,Padang Minangkabau International Airport,Super Air Jet,IU,A320,Airbus A320-232,PK-SAV,Landed 10:37,2026-08-02 05:48:56
CGK,arrivals,2026-08-01,10:45,10:37,GA107,GIA107,PLM,Palembang International Airport,Garuda Indonesia,GA,B738,Boeing 737-8H6,PK-GUL,Landed 10:37,2026-08-02 05:48:56
CGK,arrivals,2026-08-01,10:50,10:40,GA235,GIA235,SRG,Semarang Achmad Yani International Airport,Garuda Indonesia,GA,B738,Boeing 737-8SA,PK-GUI,Landed 10:40,2026-08-02 05:48:56
CGK,arrivals,2026-08-01,10:55,10:39,TR276,TGW276,SIN,Singapore Changi Airport,Scoot,TR,A20N,Airbus A320-271N,9V-TNF,Landed 10:39,2026-08-02 05:48:56
CGK,arrivals,2026-08-01,10:55,10:34,IP321,PAS321,PKU,Pekanbaru Sultan Syarif Kasim II Airport,Pelita Air,IP,A320,Airbus A320-214,PK-PWD,Landed 10:34,2026-08-02 05:48:56
CGK,arrivals,2026-08-01,10:55,,IP141,,LOP,Lombok International Airport,Pelita Air,IP,320,,,Unknown,2026-08-02 05:48:56
CGK,arrivals,2026-08-01,11:00,10:28,8B632,TNU632,PEN,Penang International Airport,TransNusa,8B,A320,Airbus A320-214,PK-TLC,Landed 10:28,2026-08-02 05:48:56
CGK,arrivals,2026-08-01,11:00,10:57,ID7540,BTK7540,YIA,Yogyakarta International Airport,Batik Air,ID,A320,Airbus A320-214,PK-LAT,Landed 10:57,2026-08-02 05:48:56
CGK,arrivals,2026-08-01,11:00,,ID6800,,YIA,Yogyakarta International Airport,Batik Air,ID,32A,,,Unknown,2026-08-02 05:48:56
CGK,arrivals,2026-08-01,11:05,10:48,QG763,CTV763,SOC,Surakarta Adisumarmo International Airport,Citilink,QG,A320,Airbus A320-214,PK-GQD,Landed 10:48,2026-08-02 05:48:56
CGK,arrivals,2026-08-01,11:05,10:48,QG523,CTV523,SIN,Singapore Changi Airport,Citilink,QG,A320,Airbus A320-214,PK-GQQ,Landed 10:48,2026-08-02 05:48:56
CGK,arrivals,2026-08-01,11:05,10:45,GA535,GIA535,BDJ,Banjarmasin Syamsudin Noor Airport,Garuda Indonesia (Livin' by Mandiri Livery),GA,B738,Boeing 737-86N,PK-GFI,Landed 10:45,2026-08-02 05:48:56
CGK,arrivals,2026-08-01,11:10,10:58,QZ725,AWQ725,DTB,Siborong-Borong Silangit Airport,AirAsia (Dnars Indonesia Livery),AK,A320,Airbus A320-216,PK-AZN,Landed 10:58,2026-08-02 05:48:56
CGK,arrivals,2026-08-01,11:10,11:00,ID6229,BTK6229,PNK,Pontianak Supadio Airport,Batik Air,ID,A320,Airbus A320-214,PK-LAY,Landed 11:00,2026-08-02 05:48:56
CGK,arrivals,2026-08-01,11:10,10:54,GA77,GIA077,TKG,Bandar Lampung Radin Inten II Airport,Garuda Indonesia,GA,B738,Boeing 737-8U3,PK-GNC,Landed 10:54,2026-08-02 05:48:56
CGK,arrivals,2026-08-01,11:15,11:31,8B5101,TNU5101,DPS,Denpasar Ngurah Rai International Airport,TransNusa,8B,A320,Airbus A320-214,PK-TLP,Landed 11:31,2026-08-02 05:48:56
CGK,arrivals,2026-08-01,11:15,11:07,QG995,CTV995,TKG,Bandar Lampung Radin Inten II Airport,Citilink,QG,A320,Airbus A320-214,PK-GQS,Landed 11:07,2026-08-02 05:48:56
CGK,arrivals,2026-08-01,11:15,11:12,JX761,SJX761,TPE,Taipei Taoyuan International Airport,STARLUX,JX,A21N,Airbus A321-252NX,B-58201,Landed 11:12,2026-08-02 05:48:56
CGK,arrivals,2026-08-01,11:20,11:09,IU835,SJV835,BKS,Bengkulu Fatmawati Soekarno Airport,Super Air Jet (Our Super 50th Jet Livery),IU,A320,Airbus A320-232,PK-STQ,Landed 11:09,2026-08-02 05:48:56
CGK,arrivals,2026-08-01,11:20,11:30,MH717,MAS717,KUL,Kuala Lumpur International Airport,Malaysia Airlines,MH,B38M,Boeing 737 MAX 8,9M-MVK,Landed 11:30,2026-08-02 05:48:56
CGK,arrivals,2026-08-01,11:20,11:16,ID6267,BTK6267,UPG,Makassar Sultan Hasanuddin International Airport,Batik Air,ID,A320,Airbus A320-214,PK-LUI,Landed 11:16,2026-08-02 05:48:56
CGK,arrivals,2026-08-01,11:20,11:02,GA205,GIA205,YIA,Yogyakarta International Airport,Garuda Indonesia (Pokémon Livery),GA,B738,Boeing 737-8U3,PK-GMU,Landed 11:02,2026-08-02 05:48:56
CGK,arrivals,2026-08-01,11:30,11:40,IU923,SJV923,PLM,Palembang International Airport,Super Air Jet,IU,A320,Airbus A320-232,PK-STS,Landed 11:40,2026-08-02 05:48:56
CGK,arrivals,2026-08-01,11:35,11:27,TG433,THA433,BKK,Bangkok Suvarnabhumi Airport,Thai Airways,TG,A333,Airbus A330-343,HS-TEX,Landed 11:27,2026-08-02 05:48:56
CGK,arrivals,2026-08-01,11:35,11:08,IP807,PAS807,UPG,Makassar Sultan Hasanuddin International Airport,Pelita Air,IP,A320,Airbus A320-214,PK-PWK,Landed 11:08,2026-08-02 05:48:56
CGK,arrivals,2026-08-01,11:40,11:19,IU957,SJV957,DTB,Siborong-Borong Silangit Airport,Super Air Jet,IU,A320,Airbus A320-232,PK-SJA,Landed 11:19,2026-08-02 05:48:56
CGK,arrivals,2026-08-01,11:40,,ID6820,,SUB,Surabaya Juanda International Airport,Batik Air,ID,32A,,,Unknown,2026-08-02 05:48:56
CGK,arrivals,2026-08-01,11:40,11:23,ID6585,BTK6585,SUB,Surabaya Juanda International Airport,Batik Air,ID,A320,Airbus A320-214,PK-LAO,Landed 11:23,2026-08-02 05:48:56
CGK,arrivals,2026-08-01,11:40,10:10,IU763,SJV763,LOP,Lombok International Airport,Super Air Jet,IU,A320,Airbus A320-232,PK-SJI,Landed 10:10,2026-08-02 05:48:56
CGK,arrivals,2026-08-01,11:40,11:50,GA645,GIA645,GTO,Gorontalo Jalaluddin Airport,Garuda Indonesia,GA,B738,Boeing 737-8U3,PK-GMC,Landed 11:50,2026-08-02 05:48:56
CGK,arrivals,2026-08-01,11:40,11:01,AK2353,AXM2353,KBR,Kota Bharu Sultan Ismail Petra Airport,AirAsia,AK,A320,Airbus A320-216,9M-AQA,Landed 11:01,2026-08-02 05:48:56
CGK,arrivals,2026-08-01,11:45,11:16,QZ223,AWQ223,PEN,Penang International Airport,AirAsia,AK,A320,Airbus A320-216,PK-AZL,Landed 11:16,2026-08-02 05:48:56
CGK,arrivals,2026-08-01,11:45,11:36,QG885,CTV885,DTB,Siborong-Borong Silangit Airport,Citilink,QG,A320,Airbus A320-214,PK-GLP,Landed 11:36,2026-08-02 05:48:56
CGK,arrivals,2026-08-01,11:45,11:25,IP617,PAS617,BDJ,Banjarmasin Syamsudin Noor Airport,Pelita Air,IP,A320,Airbus A320-216,PK-PWN,Landed 11:25,2026-08-02 05:48:56
CGK,arrivals,2026-08-01,11:45,11:24,JT171,LNI171,TKG,Bandar Lampung Radin Inten II Airport,Lion Air,JT,B738,Boeing 737-8GP,PK-LKQ,Landed 11:24,2026-08-02 05:48:56
CGK,arrivals,2026-08-01,11:45,,IU857,,BTH,Batam Hang Nadim Airport,Super Air Jet,IU,320,,,Canceled,2026-08-02 05:48:56
CGK,arrivals,2026-08-01,11:45,11:33,IP301,PAS301,KNO,Medan Kuala Namu International Airport,Pelita Air,IP,A320,Airbus A320-214,PK-PWJ,Landed 11:33,2026-08-02 05:48:56
CGK,arrivals,2026-08-01,11:50,,QZ815,,DPS,Denpasar Ngurah Rai International Airport,AirAsia,AK,A320,Airbus A320-214,PK-AZH,Unknown,2026-08-02 05:48:56
CGK,arrivals,2026-08-01,11:55,11:37,IU255,SJV255,PLW,Palu Mutiara Airport,Super Air Jet,IU,A320,Airbus A320-232,PK-SJS,Landed 11:37,2026-08-02 05:48:56
CGK,arrivals,2026-08-01,11:55,11:33,GA303,GIA303,SUB,Surabaya Juanda International Airport,Garuda Indonesia (Pocari Sweat Livery),GA,B738,Boeing 737-86N,PK-GNN,Landed 11:33,2026-08-02 05:48:56
CGK,arrivals,2026-08-01,12:00,11:42,IP989,PAS989,SIN,Singapore Changi Airport,Pelita Air,IP,A320,Airbus A320-214,PK-PWE,Landed 11:42,2026-08-02 05:48:56
CGK,arrivals,2026-08-01,12:05,12:04,QG251,CTV251,UPG,Makassar Sultan Hasanuddin International Airport,Citilink (Tiket.com Livery),QG,A320,Airbus A320-214,PK-GLZ,Landed 12:04,2026-08-02 05:48:56
CGK,arrivals,2026-08-01,12:05,,IU511,,BPN,Balikpapan Sepinggan Airport,Super Air Jet,IU,320,,,Canceled,2026-08-02 05:48:56
CGK,arrivals,2026-08-01,12:05,12:24,ID6857,BTK6857,PKU,Pekanbaru Sultan Syarif Kasim II Airport,Batik Air,ID,A320,Airbus A320-214,PK-LUW,Landed 12:24,2026-08-02 05:48:56
CGK,arrivals,2026-08-01,12:05,12:02,GA225,GIA225,SOC,Surakarta Adisumarmo International Airport,Garuda Indonesia,GA,B738,Boeing 737-8U3,PK-GMV,Landed 12:02,2026-08-02 05:48:56
CGK,arrivals,2026-08-01,12:10,12:08,QG773,CTV773,YIA,Yogyakarta International Airport,Citilink,QG,A320,Airbus A320-214,PK-GQN,Landed 12:08,2026-08-02 05:48:56
CGK,arrivals,2026-08-01,12:10,11:52,IP811,PAS811,KDI,Kendari Haluoleo Airport,Pelita Air,IP,A320,Airbus A320-232,PK-PWL,Landed 11:52,2026-08-02 05:48:56
CGK,arrivals,2026-08-01,12:10,,IU813,,PDG,Padang Minangkabau International Airport,Super Air Jet,IU,320,,,Canceled,2026-08-02 05:48:56
CGK,arrivals,2026-08-01,12:10,12:21,ID6805,BTK6805,DJB,Jambi Sultan Thaha Airport,Batik Air,ID,A320,Airbus A320-214,PK-LUF,Landed 12:21,2026-08-02 05:48:56
CGK,arrivals,2026-08-01,12:15,12:06,ID6181,BTK6181,DJJ,Jayapura Sentani Airport,Batik Air,ID,B738,Boeing 737-8GP,PK-LDK,Landed 12:06,2026-08-02 05:48:56
CGK,arrivals,2026-08-01,12:15,12:00,CZ3037,CSN3037,CAN,Guangzhou Baiyun International Airport,China Southern Airlines,CZ,A21N,Airbus A321-251NX,B-32R2,Landed 12:00,2026-08-02 05:48:56
CGK,arrivals,2026-08-01,12:20,11:59,IP203,PAS203,SUB,Surabaya Juanda International Airport,Pelita Air,IP,A320,Airbus A320-214,PK-PWQ,Landed 11:59,2026-08-02 05:48:56
CGK,arrivals,2026-08-01,12:20,12:09,ID7154,BTK7154,SIN,Singapore Changi Airport,Batik Air,ID,A320,Airbus A320-232,PK-BLA,Landed 12:09,2026-08-02 05:48:56
CGK,arrivals,2026-08-01,12:20,12:20,GA431,GIA431,LOP,Lombok International Airport,Garuda Indonesia,GA,B738,Boeing 737-8U3,PK-GUG,Landed 12:20,2026-08-02 05:48:56
CGK,arrivals,2026-08-01,12:25,12:27,ID7010,BTK7010,KNO,Medan Kuala Namu International Airport,Batik Air,ID,A320,Airbus A320-214,PK-LUH,Landed 12:27,2026-08-02 05:48:56
CGK,arrivals,2026-08-01,12:25,,ID6861,,BTH,Batam Hang Nadim Airport,Batik Air,ID,32A,,,Canceled,2026-08-02 05:48:56
CGK,arrivals,2026-08-01,12:25,12:05,ID6567,BTK6567,MLG,Malang Abdul Rachman Saleh Airport,Batik Air,ID,A320,Airbus A320-214,PK-LUV,Landed 12:05,2026-08-02 05:48:56
CGK,arrivals,2026-08-01,12:25,11:56,GA665,GIA665,DJJ,Jayapura Sentani Airport,Garuda Indonesia,GA,B738,Boeing 737-86N,PK-GFS,Landed 11:56,2026-08-02 05:48:56
CGK,arrivals,2026-08-01,12:30,12:15,8B152,TNU152,SIN,Singapore Changi Airport,TransNusa,8B,A321,Airbus A321-211,PK-TLK,Landed 12:15,2026-08-02 05:48:56
CGK,arrivals,2026-08-01,12:30,12:37,VJ855,VJC855,SGN,Ho Chi Minh City International Airport,VietJet Air,VJ,A21N,Airbus A321-271NX,VN-A536,Landed 12:37,2026-08-02 05:48:56
CGK,arrivals,2026-08-01,12:35,12:33,SJ73,SJY073,PGK,Pangkal Pinang Depati Amir Airport,BBN Airlines Indonesia,0B,B738,Boeing 737-8BK,PK-BBF,Landed 12:33,2026-08-02 05:48:56
CGK,arrivals,2026-08-01,12:35,12:36,QG985,CTV985,PLM,Palembang International Airport,Citilink,QG,A320,Airbus A320-214,PK-GQA,Landed 12:36,2026-08-02 05:48:56
CGK,arrivals,2026-08-01,12:35,12:40,MF867,CXA867,XMN,Xiamen Gaoqi International Airport,Xiamen Air,MF,B38M,Boeing 737 MAX 8,B-20E0,Landed 12:40,2026-08-02 05:48:56
CGK,arrivals,2026-08-01,12:35,,JT122,,SUB,Surabaya Juanda International Airport,Lion Air,JT,739,,,Unknown,2026-08-02 05:48:56
CGK,arrivals,2026-08-01,12:35,12:54,JT697,LNI697,SUB,Surabaya Juanda International Airport,Lion Air,JT,B739,Boeing 737-9GP(ER),PK-LFK,Landed 12:54,2026-08-02 05:48:56
CGK,arrivals,2026-08-01,12:35,12:38,GA127,GIA127,DJB,Jambi Sultan Thaha Airport,Garuda Indonesia,GA,B738,Boeing 737-8U3,PK-GMA,Landed 12:38,2026-08-02 05:48:56
CGK,arrivals,2026-08-01,12:40,12:24,IU371,SJV371,BWX,Blimbingsari Airport,Super Air Jet,IU,A320,Airbus A320-232,PK-STG,Landed 12:24,2026-08-02 05:48:56
CGK,arrivals,2026-08-01,12:40,12:18,GA175,GIA175,PKU,Pekanbaru Sultan Syarif Kasim II Airport,Garuda Indonesia,GA,B738,Boeing 737-8U3,PK-GMD,Landed 12:18,2026-08-02 05:48:56
CGK,arrivals,2026-08-01,12:40,12:51,AK351,AXM351,KUL,Kuala Lumpur International Airport,AirAsia,AK,A320,Airbus A320-216,9M-AHT,Landed 12:51,2026-08-02 05:48:56
CGK,arrivals,2026-08-01,12:45,12:33,GA611,GIA611,UPG,Makassar Sultan Hasanuddin International Airport,Garuda Indonesia,GA,B738,Boeing 737-8U3,PK-GNH,Landed 12:33,2026-08-02 05:48:53
CGK,arrivals,2026-08-01,12:50,12:30,IU797,SJV797,KOE,Kupang El Tari Airport,Super Air Jet,IU,A320,Airbus A320-232,PK-SJR,Landed 12:30,2026-08-02 05:48:53
CGK,arrivals,2026-08-01,12:50,12:46,ID6351,BTK6351,SRG,Semarang Achmad Yani International Airport,Batik Air,ID,A320,Airbus A320-214,PK-BLC,Landed 12:46,2026-08-02 05:48:53
CGK,arrivals,2026-08-01,12:50,12:27,GA327,GIA327,SUB,Surabaya Juanda International Airport,Garuda Indonesia,GA,B738,Boeing 737-8BK,PK-GFG,Landed 12:27,2026-08-02 05:48:53
CGK,arrivals,2026-08-01,12:50,12:44,GA185,GIA185,KNO,Medan Kuala Namu International Airport,Garuda Indonesia,GA,B738,Boeing 737-8SH,PK-GUE,Landed 12:44,2026-08-02 05:48:53
CGK,arrivals,2026-08-01,12:55,,IU513,,BPN,Balikpapan Sepinggan Airport,Super Air Jet,IU,320,,,Canceled,2026-08-02 05:48:53
CGK,arrivals,2026-08-01,12:55,,ID6818,,YIA,Yogyakarta International Airport,Batik Air,ID,32A,,,Unknown,2026-08-02 05:48:53
CGK,arrivals,2026-08-01,12:55,13:05,ID6379,BTK6379,YIA,Yogyakarta International Airport,Batik Air,ID,A320,Airbus A320-232,PK-BKL,Landed 13:05,2026-08-02 05:48:53
CGK,arrivals,2026-08-01,12:55,12:51,GA407,GIA407,DPS,Denpasar Ngurah Rai International Airport,Garuda Indonesia,GA,B738,Boeing 737-81M,PK-GUC,Landed 12:51,2026-08-02 05:48:53
CGK,arrivals,2026-08-01,13:00,12:48,VN631,HVN631,SGN,Ho Chi Minh City International Airport,Vietnam Airlines,VN,A321,Airbus A321-231,VN-A396,Landed 12:48,2026-08-02 05:48:53
CGK,arrivals,2026-08-01,13:00,13:02,VJ929,VJC929,HAN,Hanoi Noi Bai International Airport,VietJet Air,VJ,A321,Airbus A321-211,VN-A532,Landed 13:02,2026-08-02 05:48:53
CGK,arrivals,2026-08-01,13:00,12:43,QG719,CTV719,SUB,Surabaya Juanda International Airport,Citilink,QG,A320,Airbus A320-214,PK-GQP,Landed 12:43,2026-08-02 05:48:53
CGK,arrivals,2026-08-01,13:00,12:48,QG447,CTV447,BPN,Balikpapan Sepinggan Airport,Citilink,QG,A320,Airbus A320-214,PK-GLT,Landed 12:48,2026-08-02 05:48:53
CGK,arrivals,2026-08-01,13:00,12:53,OD388,MXD388,KUL,Kuala Lumpur International Airport,Batik Air,ID,B38M,Boeing 737 MAX 8,9M-LRJ,Landed 12:53,2026-08-02 05:48:53
CGK,arrivals,2026-08-01,13:00,11:20,JT31,LNI031,DPS,Denpasar Ngurah Rai International Airport,Lion Air,JT,B739,Boeing 737-96N(ER),PK-LSY,Landed 11:20,2026-08-02 05:48:53
CGK,arrivals,2026-08-01,13:10,13:11,QG933,CTV933,PKU,Pekanbaru Sultan Syarif Kasim II Airport,Citilink,QG,A320,Airbus A320-214,PK-GLO,Landed 13:11,2026-08-02 05:48:53
CGK,arrivals,2026-08-01,13:10,12:57,QG491,CTV491,BDJ,Banjarmasin Syamsudin Noor Airport,Citilink,QG,A320,Airbus A320-214,PK-GQG,Landed 12:57,2026-08-02 05:48:53
CGK,arrivals,2026-08-01,13:10,13:18,CX777,CPA777,HKG,Hong Kong International Airport,Cathay Pacific,CX,A333,Airbus A330-343,B-HYI,Landed 13:18,2026-08-02 05:48:53
CGK,arrivals,2026-08-01,13:15,13:14,QG913,CTV913,KNO,Medan Kuala Namu International Airport,Citilink,QG,A320,Airbus A320-214,PK-GLU,Landed 13:14,2026-08-02 05:48:53
CGK,arrivals,2026-08-01,13:15,13:02,QG753,CTV753,MLG,Malang Abdul Rachman Saleh Airport,Citilink,QG,A320,Airbus A320-214,PK-GLM,Landed 13:02,2026-08-02 05:48:53
CGK,arrivals,2026-08-01,13:15,,JT713,,PNK,Pontianak Supadio Airport,Lion Air,JT,738,,,Unknown,2026-08-02 05:48:53
CGK,arrivals,2026-08-01,13:15,13:11,ID7780,BTK7780,SOQ,Sorong Dominique Edward Osok Airport,Batik Air,ID,A320,Airbus A320-214,PK-LAZ,Landed 13:11,2026-08-02 05:48:53
CGK,arrivals,2026-08-01,13:20,13:21,QG971,CTV971,PGK,Pangkal Pinang Depati Amir Airport,Citilink,QG,A20N,Airbus A320-251N,PK-GTA,Landed 13:21,2026-08-02 05:48:53
CGK,arrivals,2026-08-01,13:20,,IU831,,BKS,Bengkulu Fatmawati Soekarno Airport,Super Air Jet,IU,320,,,Canceled,2026-08-02 05:48:53
CGK,arrivals,2026-08-01,13:20,,IU823,,PGK,Pangkal Pinang Depati Amir Airport,Super Air Jet,IU,320,,,Canceled,2026-08-02 05:48:53
CGK,arrivals,2026-08-01,13:20,13:08,BR237,EVA237,TPE,Taipei Taoyuan International Airport,EVA Air,BR,B789,Boeing 787-9 Dreamliner,B-17890,Landed 13:08,2026-08-02 05:48:53
CGK,arrivals,2026-08-01,13:25,13:15,ID6339,BTK6339,SRG,Semarang Achmad Yani International Airport,Batik Air,ID,A320,Airbus A320-232,PK-BKM,Landed 13:15,2026-08-02 05:48:53
CGK,arrivals,2026-08-01,13:25,12:58,ID6825,BTK6825,TNJ,Tanjung Pinang Raja Haji Fisabilillah Airport,Batik Air,ID,A320,Airbus A320-233,PK-BKG,Landed 12:58,2026-08-02 05:48:53
CGK,arrivals,2026-08-01,13:25,13:28,SQ958,SIA958,SIN,Singapore Changi Airport,Singapore Airlines,SQ,A359,Airbus A350-941,9V-SME,Landed 13:28,2026-08-02 05:48:53
CGK,arrivals,2026-08-01,13:25,13:21,SJ581,SJY581,UPG,Makassar Sultan Hasanuddin International Airport,Sriwijaya Air,SJ,B735,Boeing 737-524,PK-CLE,Landed 13:21,2026-08-02 05:48:53
CGK,arrivals,2026-08-01,13:25,13:31,IU843,SJV843,DJB,Jambi Sultan Thaha Airport,Super Air Jet,IU,A320,Airbus A320-232,PK-SAQ,Landed 13:31,2026-08-02 05:48:53
CGK,arrivals,2026-08-01,13:25,12:59,IP603,PAS603,BPN,Balikpapan Sepinggan Airport,Pelita Air,IP,A320,Airbus A320-214,PK-PWC,Landed 12:59,2026-08-02 05:48:53
CGK,arrivals,2026-08-01,13:25,,ID6898,,SRG,Semarang Achmad Yani International Airport,Batik Air,ID,32A,,,Unknown,2026-08-02 05:48:53
CGK,arrivals,2026-08-01,13:25,,ID6266,,TKG,Bandar Lampung Radin Inten II Airport,Batik Air,ID,32A,,,Unknown,2026-08-02 05:48:53
CGK,arrivals,2026-08-01,13:25,,JT211,,KNO,Medan Kuala Namu International Airport,Lion Air,JT,739,,,Unknown,2026-08-02 05:48:53
CGK,arrivals,2026-08-01,13:25,13:26,ID6711,BTK6711,TKG,Bandar Lampung Radin Inten II Airport,Batik Air,ID,A320,Airbus A320-214,PK-LUK,Landed 13:26,2026-08-02 05:48:53
CGK,arrivals,2026-08-01,13:25,13:39,GA863,GIA863,HKG,Hong Kong International Airport,Garuda Indonesia,GA,B738,Boeing 737-81D,PK-GFR,Landed 13:39,2026-08-02 05:48:53
CGK,arrivals,2026-08-01,13:25,13:23,GA829,GIA829,SIN,Singapore Changi Airport,Garuda Indonesia,GA,B738,Boeing 737-8U3,PK-GFF,Landed 13:23,2026-08-02 05:48:53
CGK,arrivals,2026-08-01,13:30,,UL364,,CMB,Colombo Bandaranaike International Airport,SriLankan Airlines,UL,A21N,Airbus A321-251N,4R-ANE,Unknown,2026-08-02 05:48:53
CGK,arrivals,2026-08-01,13:30,13:26,TR308,TGW308,SIN,Singapore Changi Airport,Scoot,TR,A320,Airbus A320-232,9V-TRT,Landed 13:26,2026-08-02 05:48:53
CGK,arrivals,2026-08-01,13:30,13:08,QG641,CTV641,LOP,Lombok International Airport,Citilink,QG,A320,Airbus A320-214,PK-GQE,Landed 13:08,2026-08-02 05:48:53
CGK,arrivals,2026-08-01,13:30,14:40,ID6183,BTK6183,UPG,Makassar Sultan Hasanuddin International Airport,Batik Air,ID,B738,Boeing 737-8GP,PK-LBS,Landed 14:40,2026-08-02 05:48:53
CGK,arrivals,2026-08-01,13:30,13:34,GA581,GIA581,AAP,Samarinda AP Tumenggung Pranoto Airport,Garuda Indonesia,GA,B738,Boeing 737-8U3,PK-GFH,Landed 13:34,2026-08-02 05:48:53
CGK,arrivals,2026-08-01,13:35,13:34,QZ531,AWQ531,KCH,Kuching International Airport,AirAsia,AK,A320,Airbus A320-216,PK-AXT,Landed 13:34,2026-08-02 05:48:53
CGK,arrivals,2026-08-01,13:35,13:31,CI761,CAL761,TPE,Taipei Taoyuan International Airport,China Airlines,CI,A359,Airbus A350-941,B-18902,Landed 13:31,2026-08-02 05:48:53
CGK,arrivals,2026-08-01,13:35,13:40,ID7158,BTK7158,SIN,Singapore Changi Airport,Batik Air,ID,A320,Airbus A320-214,PK-BKY,Landed 13:40,2026-08-02 05:48:53
CGK,arrivals,2026-08-01,13:35,13:36,GA457,GIA457,KOE,Kupang El Tari Airport,Garuda Indonesia,GA,B738,Boeing 737-8U3,PK-GMY,Landed 13:36,2026-08-02 05:48:53
CGK,arrivals,2026-08-01,13:40,13:42,QG991,CTV991,BKS,Bengkulu Fatmawati Soekarno Airport,Citilink,QG,A320,Airbus A320-214,PK-GQC,Landed 13:42,2026-08-02 05:48:53
CGK,arrivals,2026-08-01,13:40,,IU879,,PLM,Palembang International Airport,Super Air Jet,IU,320,,,Canceled,2026-08-02 05:48:53
CGK,arrivals,2026-08-01,13:40,13:24,IP103,PAS103,DPS,Denpasar Ngurah Rai International Airport,Pelita Air,IP,A320,Airbus A320-214,PK-PWP,Landed 13:24,2026-08-02 05:48:53
CGK,arrivals,2026-08-01,13:40,13:18,ID6171,BTK6171,AMQ,Ambon Pattimura Airport,Batik Air,ID,A320,Airbus A320-214,PK-LUZ,Landed 13:18,2026-08-02 05:48:53
CGK,arrivals,2026-08-01,13:40,14:39,GA137,GIA137,PGK,Pangkal Pinang Depati Amir Airport,Garuda Indonesia (From Nature to Future Livery),GA,B738,Boeing 737-8U3,PK-GFX,Landed 14:39,2026-08-02 05:48:53
CGK,arrivals,2026-08-01,13:40,13:37,GA109,GIA109,PLM,Palembang International Airport,Garuda Indonesia,GA,B738,Boeing 737-8U3,PK-GMF,Landed 13:37,2026-08-02 05:48:53
CGK,arrivals,2026-08-01,13:50,14:19,SV820,SVA820,MED,Medina Prince Mohammad bin Abdulaziz Airport,Saudia,SV,B77W,Boeing 777-368(ER),HZ-AK16,Landed 14:19,2026-08-02 05:48:53
CGK,arrivals,2026-08-01,13:50,13:29,GA567,GIA567,BPN,Balikpapan Sepinggan Airport,Garuda Indonesia (Ayo Pakai Masker Livery),GA,B738,Boeing 737-81D,PK-GFQ,Landed 13:29,2026-08-02 05:48:53
CGK,arrivals,2026-08-01,13:50,13:46,GA413,GIA413,DPS,Denpasar Ngurah Rai International Airport,Garuda Indonesia,GA,B738,Boeing 737-8U3,PK-GUF,Landed 13:46,2026-08-02 05:48:53
CGK,arrivals,2026-08-01,13:55,14:29,IU603,SJV603,BPN,Balikpapan Sepinggan Airport,Super Air Jet,IU,A320,Airbus A320-232,PK-SAH,Landed 14:29,2026-08-02 05:48:53
CGK,arrivals,2026-08-01,13:55,13:57,ID6509,BTK6509,DPS,Denpasar Ngurah Rai International Airport,Batik Air,ID,A320,Airbus A320-214,PK-LUU,Landed 13:57,2026-08-02 05:48:53
CGK,arrivals,2026-08-01,13:55,13:44,GA155,GIA155,BTH,Batam Hang Nadim Airport,Garuda Indonesia,GA,B738,Boeing 737-8U3,PK-GMP,Landed 13:44,2026-08-02 05:48:53
CGK,arrivals,2026-08-01,13:55,13:54,GA149,GIA149,PDG,Padang Minangkabau International Airport,Garuda Indonesia,GA,B738,Boeing 737-8U3,PK-GMM,Landed 13:54,2026-08-02 05:48:53
CGK,arrivals,2026-08-01,14:00,11:54,JT715,LNI715,PNK,Pontianak Supadio Airport,Lion Air,JT,B738,Boeing 737-8GP,PK-LOP,Landed 11:54,2026-08-02 05:48:53
CGK,arrivals,2026-08-01,14:00,13:58,GA821,GIA821,KUL,Kuala Lumpur International Airport,Garuda Indonesia,GA,B738,Boeing 737-8U3,PK-GNR,Landed 13:58,2026-08-02 05:48:53
CGK,arrivals,2026-08-01,14:05,,IU627,,BDJ,Banjarmasin Syamsudin Noor Airport,Super Air Jet,IU,320,,,Canceled,2026-08-02 05:48:53
CGK,arrivals,2026-08-01,14:05,14:13,GA141,GIA141,BTJ,Banda Aceh International Airport,Garuda Indonesia,GA,B738,Boeing 737-8SA,PK-GUH,Landed 14:13,2026-08-02 05:48:53
CGK,arrivals,2026-08-01,14:10,14:14,ID6257,BTK6257,AAP,Samarinda AP Tumenggung Pranoto Airport,Batik Air,ID,A320,Airbus A320-214,PK-BLD,Landed 14:14,2026-08-02 05:48:53
CGK,arrivals,2026-08-01,14:10,16:19,JT35,LNI035,DPS,Denpasar Ngurah Rai International Airport,Lion Air,JT,B39M,Boeing 737 MAX 9,PK-LRH,Landed 16:19,2026-08-02 05:48:53
CGK,arrivals,2026-08-01,14:10,,ID6659,,LOP,Lombok International Airport,Batik Air,ID,32A,,,Canceled,2026-08-02 05:48:53
CGK,arrivals,2026-08-01,14:10,15:00,GA241,GIA241,SRG,Semarang Achmad Yani International Airport,Garuda Indonesia (Livin' by Mandiri Livery),GA,B738,Boeing 737-86N,PK-GFI,Landed 15:00,2026-08-02 05:48:53
CGK,arrivals,2026-08-01,14:15,14:06,QG975,CTV975,TNJ,Tanjung Pinang Raja Haji Fisabilillah Airport,Citilink,QG,A320,Airbus A320-214,PK-GLG,Landed 14:06,2026-08-02 05:48:53
CGK,arrivals,2026-08-01,14:20,14:24,ID6865,BTK6865,BTH,Batam Hang Nadim Airport,Batik Air,ID,A320,Airbus A320-214,PK-LAI,Landed 14:24,2026-08-02 05:48:53
CGK,arrivals,2026-08-01,14:20,13:44,QG437,CTV437,BPN,Balikpapan Sepinggan Airport,Citilink,QG,A320,Airbus A320-214,PK-GQM,Landed 13:44,2026-08-02 05:48:53
CGK,arrivals,2026-08-01,14:25,14:09,JT303,LNI303,KNO,Medan Kuala Namu International Airport,Lion Air,JT,B738,Boeing 737-8GP,PK-LJS,Landed 14:09,2026-08-02 05:48:53
CGK,arrivals,2026-08-01,14:25,14:23,GA409,GIA409,DPS,Denpasar Ngurah Rai International Airport,Garuda Indonesia,GA,B738,Boeing 737-8U3,PK-GNG,Landed 14:23,2026-08-02 05:48:53
CGK,arrivals,2026-08-01,14:30,14:00,8B5531,TNU5531,YIA,Yogyakarta International Airport,TransNusa,8B,A321,Airbus A321-211,PK-TLM,Landed 14:00,2026-08-02 05:48:53
CGK,arrivals,2026-08-01,14:30,14:45,AK384,AXM384,KUL,Kuala Lumpur International Airport,AirAsia,AK,A20N,Airbus A320-251N,9M-AGH,Landed 14:45,2026-08-02 05:48:53
CGK,arrivals,2026-08-01,14:40,15:04,8B5107,TNU5107,DPS,Denpasar Ngurah Rai International Airport,TransNusa,8B,A320,Airbus A320-214,PK-TLF,Landed 15:04,2026-08-02 05:48:53
CGK,arrivals,2026-08-01,14:40,,JT1943,,UPG,Makassar Sultan Hasanuddin International Airport,Lion Air,JT,739,,,Unknown,2026-08-02 05:48:53
CGK,arrivals,2026-08-01,14:40,,IU815,,PDG,Padang Minangkabau International Airport,Super Air Jet,IU,320,,,Canceled,2026-08-02 05:48:53
CGK,arrivals,2026-08-01,14:40,14:21,JT985,LNI985,UPG,Makassar Sultan Hasanuddin International Airport,Lion Air,JT,B738,Boeing 737-8GP,PK-LOI,Landed 14:21,2026-08-02 05:48:53
CGK,arrivals,2026-08-01,14:40,,JT173,,TKG,Bandar Lampung Radin Inten II Airport,Lion Air,JT,738,,,Canceled,2026-08-02 05:48:53
CGK,arrivals,2026-08-01,14:45,14:26,QG791,CTV791,SRG,Semarang Achmad Yani International Airport,Citilink,QG,A320,Airbus A320-214,PK-GQH,Landed 14:26,2026-08-02 05:48:53
CGK,arrivals,2026-08-01,14:45,,JT1949,,UPG,Makassar Sultan Hasanuddin International Airport,Lion Air,JT,739,,,Unknown,2026-08-02 05:48:53
CGK,arrivals,2026-08-01,14:45,,JT1897,,UPG,Makassar Sultan Hasanuddin International Airport,Lion Air,JT,738,,,Unknown,2026-08-02 05:48:53
CGK,arrivals,2026-08-01,14:45,,JT987,,UPG,Makassar Sultan Hasanuddin International Airport,Lion Air,JT,738,,,Unknown,2026-08-02 05:48:53
CGK,arrivals,2026-08-01,14:45,,JT372,,UPG,Makassar Sultan Hasanuddin International Airport,Lion Air,JT,739,,,Unknown,2026-08-02 05:48:53
CGK,arrivals,2026-08-01,14:45,14:32,ID6871,BTK6871,PLM,Palembang International Airport,Batik Air,ID,A320,Airbus A320-214,PK-LAY,Landed 14:32,2026-08-02 05:48:53
CGK,arrivals,2026-08-01,14:50,14:49,6E1601,IGO1601,BOM,Mumbai Chhatrapati Shivaji International Airport,IndiGo,6E,A20N,Airbus A320-251N,VT-IXD,Landed 14:49,2026-08-02 05:48:53
CGK,arrivals,2026-08-01,14:50,14:36,QG977,CTV977,TJQ,Tanjung Pandan Buluh Tumbang Airport,Citilink,QG,A320,Airbus A320-214,PK-GQS,Landed 14:36,2026-08-02 05:48:53
CGK,arrivals,2026-08-01,14:50,15:15,QG419,CTV419,PNK,Pontianak Supadio Airport,Citilink,QG,A20N,Airbus A320-251N,PK-GTF,Landed 15:15,2026-08-02 05:48:53
CGK,arrivals,2026-08-01,14:50,15:12,IN191,LKN191,PKN,Pangkalan Bun Iskandar Airport,Nam Air,IN,B735,Boeing 737-524,PK-NAU,Landed 15:12,2026-08-02 05:48:53
CGK,arrivals,2026-08-01,14:50,,IU681,,PNK,Pontianak Supadio Airport,Super Air Jet,IU,320,,,Canceled,2026-08-02 05:48:53
CGK,arrivals,2026-08-01,14:50,14:57,ID7532,BTK7532,SOC,Surakarta Adisumarmo International Airport,Batik Air,ID,A320,Airbus A320-214,PK-LAT,Landed 14:57,2026-08-02 05:48:53
CGK,arrivals,2026-08-01,14:55,14:35,QG687,CTV687,DPS,Denpasar Ngurah Rai International Airport,Citilink,QG,A320,Airbus A320-214,PK-GLK,Landed 14:35,2026-08-02 05:48:53
CGK,arrivals,2026-08-01,14:55,15:07,IU651,SJV651,PKY,Palangkaraya Tjilik Riwut Airport,Super Air Jet,IU,A320,Airbus A320-232,PK-SJI,Landed 15:07,2026-08-02 05:48:53
CGK,arrivals,2026-08-01,14:55,14:55,GA657,GIA657,DJJ,Jayapura Sentani Airport,Garuda Indonesia,GA,B738,Boeing 737-86N,PK-GFU,Landed 14:55,2026-08-02 05:48:53
CGK,arrivals,2026-08-01,15:00,14:56,QG943,CTV943,BTH,Batam Hang Nadim Airport,Citilink,QG,A320,Airbus A320-214,PK-GQF,Landed 14:56,2026-08-02 05:48:53
CGK,arrivals,2026-08-01,15:00,15:34,IU913,SJV913,PKU,Pekanbaru Sultan Syarif Kasim II Airport,Super Air Jet,IU,A320,Airbus A320-232,PK-SJW,Landed 15:34,2026-08-02 05:48:53
CGK,arrivals,2026-08-01,15:00,14:38,IP205,PAS205,SUB,Surabaya Juanda International Airport,Pelita Air,IP,A320,Airbus A320-214,PK-PWG,Landed 14:38,2026-08-02 05:48:53
CGK,arrivals,2026-08-01,15:00,14:32,GA209,GIA209,YIA,Yogyakarta International Airport,Garuda Indonesia,GA,B738,Boeing 737-8SH,PK-GUD,Landed 14:32,2026-08-02 05:48:53
CGK,arrivals,2026-08-01,15:05,14:42,MH721,MAS721,KUL,Kuala Lumpur International Airport,Malaysia Airlines,MH,B738,Boeing 737-8H6,9M-MXS,Landed 14:42,2026-08-02 05:48:50
CGK,arrivals,2026-08-01,15:05,14:53,IP343,PAS343,BTJ,Banda Aceh International Airport,Pelita Air,IP,A320,Airbus A320-214,PK-PWH,Landed 14:53,2026-08-02 05:48:53
CGK,arrivals,2026-08-01,15:10,,ID7160,,PEN,Penang International Airport,Batik Air,ID,738,,,Canceled,2026-08-02 05:48:50
CGK,arrivals,2026-08-01,15:10,15:30,ID6517,BTK6517,DPS,Denpasar Ngurah Rai International Airport,Batik Air,ID,A320,Airbus A320-214,PK-LUP,Landed 15:30,2026-08-02 05:48:50
CGK,arrivals,2026-08-01,15:15,15:23,ID6527,BTK6527,LBJ,Labuan Bajo Komodo Airport,Batik Air,ID,A320,Airbus A320-214,PK-LAM,Landed 15:23,2026-08-02 05:48:50
CGK,arrivals,2026-08-01,15:15,15:11,GA187,GIA187,KNO,Medan Kuala Namu International Airport,Garuda Indonesia,GA,B738,Boeing 737-8U3,PK-GFD,Landed 15:11,2026-08-02 05:48:50
CGK,arrivals,2026-08-01,15:15,14:58,GA75,GIA075,TKG,Bandar Lampung Radin Inten II Airport,Garuda Indonesia,GA,B738,Boeing 737-8U3,PK-GMC,Landed 14:58,2026-08-02 05:48:50
CGK,arrivals,2026-08-01,15:20,15:02,IP633,PAS633,PNK,Pontianak Supadio Airport,Pelita Air,IP,A320,Airbus A320-214,PK-PWO,Landed 15:02,2026-08-02 05:48:50
CGK,arrivals,2026-08-01,15:20,15:06,ID7283,BTK7283,KUL,Kuala Lumpur International Airport,Batik Air,ID,B738,Boeing 737-86N,PK-BGZ,Landed 15:06,2026-08-02 05:48:50
CGK,arrivals,2026-08-01,15:25,,SJ53,,TJQ,Tanjung Pandan Buluh Tumbang Airport,Sriwijaya Air,SJ,735,,,Unknown,2026-08-02 05:48:50
CGK,arrivals,2026-08-01,15:25,16:56,JT385,LNI385,KNO,Medan Kuala Namu International Airport,Lion Air,JT,B739,Boeing 737-9GP(ER),PK-LSK,Landed 16:56,2026-08-02 05:48:50
CGK,arrivals,2026-08-01,15:25,15:26,GA895,GIA895,PVG,Shanghai Pudong International Airport,Garuda Indonesia,GA,A333,Airbus A330-343,PK-GPW,Landed 15:26,2026-08-02 05:48:50
CGK,arrivals,2026-08-01,15:25,15:38,GA605,GIA605,UPG,Makassar Sultan Hasanuddin International Airport,Garuda Indonesia,GA,B738,Boeing 737-8U3,PK-GFP,Landed 15:38,2026-08-02 05:48:50
CGK,arrivals,2026-08-01,15:35,15:44,8B5285,TNU5285,SKJ,Singkawang Airport,TransNusa,8B,A320,Airbus A320-214,PK-TLP,Landed 15:44,2026-08-02 05:48:50
CGK,arrivals,2026-08-01,15:35,15:40,QR956,QTR956,DOH,Doha Hamad International Airport,Qatar Airways,QR,A359,Airbus A350-941,A7-ALN,Landed 15:40,2026-08-02 05:48:50
CGK,arrivals,2026-08-01,15:35,15:16,QG737,CTV737,SUB,Surabaya Juanda International Airport,Citilink,QG,A320,Airbus A320-214,PK-GLV,Landed 15:16,2026-08-02 05:48:50
CGK,arrivals,2026-08-01,15:35,15:29,ID6801,BTK6801,BUU,Muara Bungo Airport,Batik Air,ID,A320,Airbus A320-214,PK-LUI,Landed 15:29,2026-08-02 05:48:50
CGK,arrivals,2026-08-01,15:35,15:17,ID7156,BTK7156,SIN,Singapore Changi Airport,Batik Air,ID,B738,Boeing 737-8GP,PK-LZV,Landed 15:17,2026-08-02 05:48:50
CGK,arrivals,2026-08-01,15:40,17:29,EK356,UAE356,DXB,Dubai International Airport,Emirates,EK,B77W,Boeing 777-31H(ER),A6-ENW,Landed 17:29,2026-08-02 05:48:50
CGK,arrivals,2026-08-01,15:40,17:10,JT33,LNI033,DPS,Denpasar Ngurah Rai International Airport,Lion Air,JT,B738,Boeing 737-8GP,PK-LOP,Landed 17:10,2026-08-02 05:48:50
CGK,arrivals,2026-08-01,15:40,15:46,ID6657,BTK6657,LOP,Lombok International Airport,Batik Air,ID,A320,Airbus A320-214,PK-LZH,Landed 15:46,2026-08-02 05:48:50
CGK,arrivals,2026-08-01,15:40,15:20,GA879,GIA879,ICN,Seoul Incheon International Airport,Garuda Indonesia (74th Anniversary Livery),GA,A333,Airbus A330-343,PK-GPZ,Landed 15:20,2026-08-02 05:48:50
CGK,arrivals,2026-08-01,15:45,15:36,QG907,CTV907,BKS,Bengkulu Fatmawati Soekarno Airport,Citilink,QG,A320,Airbus A320-214,PK-GLP,Landed 15:36,2026-08-02 05:48:50
CGK,arrivals,2026-08-01,15:45,15:35,GA513,GIA513,PNK,Pontianak Supadio Airport,Garuda Indonesia,GA,B738,Boeing 737-8H6,PK-GUL,Landed 15:35,2026-08-02 05:48:50
CGK,arrivals,2026-08-01,15:45,15:31,8B674,TNU674,KUL,Kuala Lumpur International Airport,TransNusa,8B,A321,Airbus A321-211,PK-TLG,Landed 15:31,2026-08-02 05:48:50
CGK,arrivals,2026-08-01,15:50,15:26,QG453,CTV453,PKY,Palangkaraya Tjilik Riwut Airport,Citilink,QG,A320,Airbus A320-214,PK-GLL,Landed 15:26,2026-08-02 05:48:50
CGK,arrivals,2026-08-01,15:50,15:41,GA433,GIA433,LOP,Lombok International Airport,Garuda Indonesia,GA,B738,Boeing 737-86N,PK-GFJ,Landed 15:41,2026-08-02 05:48:50
CGK,arrivals,2026-08-01,15:55,16:04,QG997,CTV997,TKG,Bandar Lampung Radin Inten II Airport,Citilink,QG,A320,Airbus A320-214,PK-GQP,Landed 16:04,2026-08-02 05:48:50
CGK,arrivals,2026-08-01,16:00,15:57,SV818,SVA818,JED,Jeddah King Abdulaziz International Airport,Saudia,SV,B77W,Boeing 777-368(ER),HZ-AK11,Landed 15:57,2026-08-02 05:48:50
CGK,arrivals,2026-08-01,16:00,15:32,NH855,ANA855,HND,Tokyo Haneda International Airport,All Nippon Airways,NH,B789,Boeing 787-9 Dreamliner,JA879A,Landed 15:32,2026-08-02 05:48:50
CGK,arrivals,2026-08-01,16:00,15:59,ID6343,BTK6343,SRG,Semarang Achmad Yani International Airport,Batik Air,ID,A320,Airbus A320-214,PK-LUW,Landed 15:59,2026-08-02 05:48:50
CGK,arrivals,2026-08-01,16:00,15:43,ID6253,BTK6253,BPN,Balikpapan Sepinggan Airport,Batik Air,ID,A320,Airbus A320-214,PK-LUR,Landed 15:43,2026-08-02 05:48:50
CGK,arrivals,2026-08-01,16:05,15:55,SQ960,SIA960,SIN,Singapore Changi Airport,Singapore Airlines,SQ,A359,Airbus A350-941,9V-SHT,Landed 15:55,2026-08-02 05:48:50
CGK,arrivals,2026-08-01,16:05,16:56,QG681,CTV681,DPS,Denpasar Ngurah Rai International Airport,Citilink,QG,A320,Airbus A320-214,PK-GLY,Landed 16:56,2026-08-02 05:48:50
CGK,arrivals,2026-08-01,16:05,15:54,ID6675,BTK6675,TRK,Tarakan Juwata International Airport,Batik Air,ID,B738,Boeing 737-8GP,PK-LBW,Landed 15:54,2026-08-02 05:48:50
CGK,arrivals,2026-08-01,16:05,16:27,ID6345,BTK6345,YIA,Yogyakarta International Airport,Batik Air,ID,A320,Airbus A320-214,PK-LUH,Landed 16:27,2026-08-02 05:48:50
CGK,arrivals,2026-08-01,16:10,18:53,WY849,OMA849,MCT,Muscat International Airport,Oman Air,WY,B789,Boeing 787-9 Dreamliner,A4O-SL,Landed 18:53,2026-08-02 05:48:50
CGK,arrivals,2026-08-01,16:10,16:24,IN281,LKN281,DPS,Denpasar Ngurah Rai International Airport,Nam Air,IN,B735,Boeing 737-524,PK-NAQ,Landed 16:24,2026-08-02 05:48:50
CGK,arrivals,2026-08-01,16:10,15:51,QG423,CTV423,AAP,Samarinda AP Tumenggung Pranoto Airport,Citilink,QG,A320,Airbus A320-214,PK-GQK,Landed 15:51,2026-08-02 05:48:50
CGK,arrivals,2026-08-01,16:10,15:48,IP323,PAS323,PKU,Pekanbaru Sultan Syarif Kasim II Airport,Pelita Air,IP,A320,Airbus A320-214,PK-PWD,Landed 15:48,2026-08-02 05:48:50
CGK,arrivals,2026-08-01,16:10,15:52,IP313,PAS313,PLM,Palembang International Airport,Pelita Air,IP,A320,Airbus A320-232,PK-PWL,Landed 15:52,2026-08-02 05:48:50
CGK,arrivals,2026-08-01,16:10,19:56,IU687,SJV687,SKJ,Singkawang Airport,Super Air Jet,IU,A320,Airbus A320-232,PK-SJA,Landed 19:56,2026-08-02 05:48:50
CGK,arrivals,2026-08-01,16:10,16:05,GA317,GIA317,SUB,Surabaya Juanda International Airport,Garuda Indonesia (Pokémon Livery),GA,B738,Boeing 737-8U3,PK-GMU,Landed 16:05,2026-08-02 05:48:50
CGK,arrivals,2026-08-01,16:15,16:00,8B154,TNU154,SIN,Singapore Changi Airport,TransNusa,8B,A320,Airbus A320-214,PK-TLC,Landed 16:00,2026-08-02 05:48:50
CGK,arrivals,2026-08-01,16:15,,JT1853,,UPG,Makassar Sultan Hasanuddin International Airport,Lion Air,JT,739,,,Unknown,2026-08-02 05:48:50
CGK,arrivals,2026-08-01,16:15,,JT123,,TKG,Bandar Lampung Radin Inten II Airport,Lion Air,JT,739,,,Canceled,2026-08-02 05:48:50
CGK,arrivals,2026-08-01,16:15,15:57,JT797,LNI797,UPG,Makassar Sultan Hasanuddin International Airport,Lion Air,JT,B739,Boeing 737-9GP(ER),PK-LJG,Landed 15:57,2026-08-02 05:48:50
CGK,arrivals,2026-08-01,16:20,,JT1743,,UPG,Makassar Sultan Hasanuddin International Airport,Lion Air,JT,738,,,Unknown,2026-08-02 05:48:50
CGK,arrivals,2026-08-01,16:20,,JT939,,UPG,Makassar Sultan Hasanuddin International Airport,Lion Air,JT,738,,,Unknown,2026-08-02 05:48:50
CGK,arrivals,2026-08-01,16:20,,GA177,,PKU,Pekanbaru Sultan Syarif Kasim II Airport,Garuda Indonesia,GA,738,,,Canceled,2026-08-02 05:48:50
CGK,arrivals,2026-08-01,16:25,16:06,QZ243,AWQ243,JHB,Johor Bahru Senai International Airport,AirAsia (Lombok Livery),AK,A320,Airbus A320-216,PK-AXU,Landed 16:06,2026-08-02 05:48:50
CGK,arrivals,2026-08-01,16:25,16:23,IU959,SJV959,DTB,Siborong-Borong Silangit Airport,Super Air Jet,IU,A320,Airbus A320-232,PK-SJQ,Landed 16:23,2026-08-02 05:48:50
CGK,arrivals,2026-08-01,16:30,,3Y815,,SUB,Surabaya Juanda International Airport,My Indo Airlines,3Y,73Y,,,Unknown,2026-08-02 05:48:50
CGK,arrivals,2026-08-01,16:30,16:12,ID7367,BTK7367,SOC,Surakarta Adisumarmo International Airport,Batik Air,ID,A320,Airbus A320-214,PK-LUV,Landed 16:12,2026-08-02 05:48:50
CGK,arrivals,2026-08-01,16:30,,ID6862,,SOC,Surakarta Adisumarmo International Airport,Batik Air,ID,32A,,,Unknown,2026-08-02 05:48:50
CGK,arrivals,2026-08-01,16:30,,IU855,,BTH,Batam Hang Nadim Airport,Super Air Jet,IU,320,,,Canceled,2026-08-02 05:48:50
CGK,arrivals,2026-08-01,16:30,16:09,IU351,SJV351,SMQ,Sampit Airport,Super Air Jet,IU,A320,Airbus A320-232,PK-SAU,Landed 16:09,2026-08-02 05:48:50
CGK,arrivals,2026-08-01,16:30,16:16,GA713,GIA713,SYD,Sydney Kingsford Smith Airport,Garuda Indonesia (Pokémon Livery),GA,A333,Airbus A330-343,PK-GPY,Landed 16:16,2026-08-02 05:48:50
CGK,arrivals,2026-08-01,16:35,18:24,QZ205,AWQ205,KUL,Kuala Lumpur International Airport,AirAsia (Colours of Indonesia Livery),AK,A320,Airbus A320-216,PK-AXD,Landed 18:24,2026-08-02 05:48:50
CGK,arrivals,2026-08-01,16:35,16:31,QG919,CTV919,KNO,Medan Kuala Namu International Airport,Citilink,QG,A20N,Airbus A320-251N,PK-GTG,Landed 16:31,2026-08-02 05:48:50
CGK,arrivals,2026-08-01,16:35,16:18,QG779,CTV779,YIA,Yogyakarta International Airport,Citilink,QG,A320,Airbus A320-214,PK-GQN,Landed 16:18,2026-08-02 05:48:50
CGK,arrivals,2026-08-01,16:40,16:33,QG213,CTV213,UPG,Makassar Sultan Hasanuddin International Airport,Citilink,QG,A320,Airbus A320-214,PK-GLI,Landed 16:33,2026-08-02 05:48:50
CGK,arrivals,2026-08-01,16:40,,IU867,,PKU,Pekanbaru Sultan Syarif Kasim II Airport,Super Air Jet,IU,320,,,Canceled,2026-08-02 05:48:50
CGK,arrivals,2026-08-01,16:40,16:52,ID6565,BTK6565,MLG,Malang Abdul Rachman Saleh Airport,Batik Air,ID,A320,Airbus A320-214,PK-LUF,Landed 16:52,2026-08-02 05:48:50
CGK,arrivals,2026-08-01,16:45,16:44,QZ221,AWQ221,PEN,Penang International Airport,AirAsia,AK,A320,Airbus A320-216,PK-AZF,Landed 16:44,2026-08-02 05:48:50
CGK,arrivals,2026-08-01,16:45,,IU631,,BDJ,Banjarmasin Syamsudin Noor Airport,Super Air Jet,IU,320,,,Canceled,2026-08-02 05:48:50
CGK,arrivals,2026-08-01,16:45,16:39,IP109,PAS109,DPS,Denpasar Ngurah Rai International Airport,Pelita Air,IP,A320,Airbus A320-214,PK-PWK,Landed 16:39,2026-08-02 05:48:50
CGK,arrivals,2026-08-01,16:45,16:35,GA833,GIA833,SIN,Singapore Changi Airport,Garuda Indonesia,GA,B738,Boeing 737-8U3,PK-GMI,Landed 16:35,2026-08-02 05:48:50
CGK,arrivals,2026-08-01,16:45,16:35,GA411,GIA411,DPS,Denpasar Ngurah Rai International Airport,Garuda Indonesia,GA,B738,Boeing 737-8SH,PK-GUJ,Landed 16:35,2026-08-02 05:48:50
CGK,arrivals,2026-08-01,16:50,21:46,OD390,MXD390,KUL,Kuala Lumpur International Airport,Batik Air,ID,B738,Boeing 737-8U3,9M-LCW,Landed 21:46,2026-08-02 05:48:50
CGK,arrivals,2026-08-01,16:50,,IP243,,YIA,Yogyakarta International Airport,Pelita Air,IP,320,,,Unknown,2026-08-02 05:48:50
CGK,arrivals,2026-08-01,16:50,16:22,GA245,GIA245,SRG,Semarang Achmad Yani International Airport,Garuda Indonesia,GA,B738,Boeing 737-8U3,PK-GMD,Landed 16:22,2026-08-02 05:48:50
CGK,arrivals,2026-08-01,17:00,,SJ777,,TTE,Ternate Babullah Airport,Sriwijaya Air,SJ,735,,,Unknown,2026-08-02 05:48:50
CGK,arrivals,2026-08-01,17:00,17:07,SJ185,SJY185,PNK,Pontianak Supadio Airport,BBN Airlines Indonesia,0B,B738,Boeing 737-8BK,PK-BBF,Landed 17:07,2026-08-02 05:48:50
CGK,arrivals,2026-08-01,17:00,18:49,IU995,SJV995,BTJ,Banda Aceh International Airport,Super Air Jet,IU,A320,Airbus A320-232,PK-SJG,Landed 18:49,2026-08-02 05:48:50
CGK,arrivals,2026-08-01,17:00,17:01,IU927,SJV927,PLM,Palembang International Airport,Super Air Jet,IU,A320,Airbus A320-232,PK-STS,Landed 17:01,2026-08-02 05:48:50
CGK,arrivals,2026-08-01,17:00,16:43,IP355,PAS355,PDG,Padang Minangkabau International Airport,Pelita Air,IP,A320,Airbus A320-214,PK-PWJ,Landed 16:43,2026-08-02 05:48:50
CGK,arrivals,2026-08-01,17:05,,SJ593,,UPG,Makassar Sultan Hasanuddin International Airport,Sriwijaya Air,SJ,735,,,Unknown,2026-08-02 05:48:50
CGK,arrivals,2026-08-01,17:05,17:19,QG967,CTV967,DJB,Jambi Sultan Thaha Airport,Citilink,QG,A320,Airbus A320-214,PK-GLT,Landed 17:19,2026-08-02 05:48:50
CGK,arrivals,2026-08-01,17:05,16:45,JL725,JAL725,NRT,Tokyo Narita International Airport,Japan Airlines,JL,B763,Boeing 767-346(ER),JA617J,Landed 16:45,2026-08-02 05:48:50
CGK,arrivals,2026-08-01,17:05,16:39,ID7150,BTK7150,SIN,Singapore Changi Airport,Batik Air,ID,A320,Airbus A320-214,PK-LAO,Landed 16:39,2026-08-02 05:48:50
CGK,arrivals,2026-08-01,17:05,17:00,GA601,GIA601,MDC,Manado Sam Ratulangi International Airport,Garuda Indonesia,GA,B738,Boeing 737-8U3,PK-GMW,Landed 17:00,2026-08-02 05:48:50
CGK,arrivals,2026-08-01,17:05,16:47,GA113,GIA113,PLM,Palembang International Airport,Garuda Indonesia,GA,B738,Boeing 737-8SH,PK-GUE,Landed 16:47,2026-08-02 05:48:50
CGK,arrivals,2026-08-01,17:10,16:49,SQ962,SIA962,SIN,Singapore Changi Airport,Singapore Airlines,SQ,A359,Airbus A350-941,9V-SMA,Landed 16:49,2026-08-02 05:48:50
CGK,arrivals,2026-08-01,17:10,,QZ819,,DPS,Denpasar Ngurah Rai International Airport,AirAsia,AK,A320,Airbus A320-216,PK-AXY,Unknown,2026-08-02 05:48:50
CGK,arrivals,2026-08-01,17:10,17:14,IP143,PAS143,LOP,Lombok International Airport,Pelita Air,IP,A320,Airbus A320-216,PK-PWN,Landed 17:14,2026-08-02 05:48:50
CGK,arrivals,2026-08-01,17:10,17:08,ID7108,BTK7108,PDG,Padang Minangkabau International Airport,Batik Air,ID,B738,Boeing 737-8GP,PK-LDK,Landed 17:08,2026-08-02 05:48:50
CGK,arrivals,2026-08-01,17:10,17:48,ID6815,BTK6815,BKS,Bengkulu Fatmawati Soekarno Airport,Batik Air,ID,A320,Airbus A320-214,PK-LUK,Landed 17:48,2026-08-02 05:48:50
CGK,arrivals,2026-08-01,17:15,16:50,QG717,CTV717,SUB,Surabaya Juanda International Airport,Citilink,QG,A320,Airbus A320-214,PK-GQA,Landed 16:50,2026-08-02 05:48:50
CGK,arrivals,2026-08-01,17:15,17:25,ID6821,BTK6821,LLJ,Lubuklinggau Silampari Airport,Batik Air,ID,A320,Airbus A320-233,PK-BKG,Landed 17:25,2026-08-02 05:48:50
CGK,arrivals,2026-08-01,17:15,17:05,GA221,GIA221,SOC,Surakarta Adisumarmo International Airport,Garuda Indonesia,GA,B738,Boeing 737-8BK,PK-GFG,Landed 17:05,2026-08-02 05:48:50
CGK,arrivals,2026-08-01,17:20,17:22,QZ861,AWQ861,LBJ,Labuan Bajo Komodo Airport,AirAsia,AK,A320,Airbus A320-216,PK-AZL,Landed 17:22,2026-08-02 05:48:50
CGK,arrivals,2026-08-01,17:20,17:22,OD348,MXD348,SZB,Kuala Lumpur Subang Airport,Batik Air,ID,B738,Boeing 737-86N,9M-LDP,Landed 17:22,2026-08-02 05:48:50
CGK,arrivals,2026-08-01,17:20,17:12,IU841,SJV841,DJB,Jambi Sultan Thaha Airport,Super Air Jet,IU,A320,Airbus A320-232,PK-STG,Landed 17:12,2026-08-02 05:48:50
CGK,arrivals,2026-08-01,17:20,19:15,GA159,GIA159,BTH,Batam Hang Nadim Airport,Garuda Indonesia (Pocari Sweat Livery),GA,B738,Boeing 737-86N,PK-GNN,Unknown,2026-08-02 05:48:50
CGK,arrivals,2026-08-01,17:30,,JT373,,BTH,Batam Hang Nadim Airport,Lion Air,JT,739,,,Unknown,2026-08-02 05:48:50
CGK,arrivals,2026-08-01,17:30,17:14,ET628,ETH628,BKK,Bangkok Suvarnabhumi Airport,Ethiopian Airlines,ET,B789,Boeing 787-9 Dreamliner,ET-AUQ,Landed 17:14,2026-08-02 05:48:50
CGK,arrivals,2026-08-01,17:35,17:39,TK56,THY056,IST,Istanbul Airport,Turkish Airlines,TK,A359,Airbus A350-941,TC-LGA,Landed 17:39,2026-08-02 05:48:47
CGK,arrivals,2026-08-01,17:35,17:27,MH723,MAS723,KUL,Kuala Lumpur International Airport,Malaysia Airlines,MH,B38M,Boeing 737 MAX 8,9M-MVA,Landed 17:27,2026-08-02 05:48:50
CGK,arrivals,2026-08-01,17:35,17:42,IU811,SJV811,PDG,Padang Minangkabau International Airport,Super Air Jet,IU,A320,Airbus A320-232,PK-SJZ,Landed 17:42,2026-08-02 05:48:50
CGK,arrivals,2026-08-01,17:35,17:30,GA875,GIA875,HND,Tokyo Haneda International Airport,Garuda Indonesia (Ayo Pakai Masker Livery),GA,A333,Airbus A330-343,PK-GHC,Landed 17:30,2026-08-02 05:48:50
CGK,arrivals,2026-08-01,17:35,17:36,GA189,GIA189,KNO,Medan Kuala Namu International Airport,Garuda Indonesia,GA,B738,Boeing 737-8SA,PK-GUI,Landed 17:36,2026-08-02 05:48:50
CGK,arrivals,2026-08-01,17:40,17:33,QG415,CTV415,PNK,Pontianak Supadio Airport,Citilink,QG,A320,Airbus A320-214,PK-GLM,Landed 17:33,2026-08-02 05:48:47
CGK,arrivals,2026-08-01,17:40,17:17,ID7630,BTK7630,DMK,Bangkok Don Mueang International Airport,Batik Air,ID,A320,Airbus A320-214,PK-BKQ,Landed 17:17,2026-08-02 05:48:47
CGK,arrivals,2026-08-01,17:40,18:00,ID6883,BTK6883,KNO,Medan Kuala Namu International Airport,Batik Air,ID,A320,Airbus A320-232,PK-BKO,Landed 18:00,2026-08-02 05:48:47
CGK,arrivals,2026-08-01,17:40,17:41,ID6205,BTK6205,PKN,Pangkalan Bun Iskandar Airport,Batik Air,ID,A320,Airbus A320-232,PK-BKM,Landed 17:41,2026-08-02 05:48:47
CGK,arrivals,2026-08-01,17:40,17:34,GA647,GIA647,AMQ,Ambon Pattimura Airport,Garuda Indonesia,GA,B738,Boeing 737-81M,PK-GUA,Landed 17:34,2026-08-02 05:48:47
CGK,arrivals,2026-08-01,17:45,17:57,QG993,CTV993,TKG,Bandar Lampung Radin Inten II Airport,Citilink,QG,A320,Airbus A320-214,PK-GQF,Landed 17:57,2026-08-02 05:48:47
CGK,arrivals,2026-08-01,17:45,17:43,GA537,GIA537,BDJ,Banjarmasin Syamsudin Noor Airport,Garuda Indonesia,GA,B738,Boeing 737-8U3,PK-GMV,Landed 17:43,2026-08-02 05:48:47
CGK,arrivals,2026-08-01,17:50,17:27,QG793,CTV793,SRG,Semarang Achmad Yani International Airport,Citilink,QG,A320,Airbus A320-214,PK-GLG,Landed 17:27,2026-08-02 05:48:47
CGK,arrivals,2026-08-01,17:55,17:50,TG435,THA435,BKK,Bangkok Suvarnabhumi Airport,Thai Airways (Star Alliance Livery),TG,A359,Airbus A350-941,HS-THQ,Landed 17:50,2026-08-02 05:48:47
CGK,arrivals,2026-08-01,17:55,18:18,ID6855,BTK6855,PKU,Pekanbaru Sultan Syarif Kasim II Airport,Batik Air,ID,A320,Airbus A320-232,PK-BKL,Landed 18:18,2026-08-02 05:48:47
CGK,arrivals,2026-08-01,17:55,17:47,ID6401,BTK6401,SUB,Surabaya Juanda International Airport,Batik Air,ID,A320,Airbus A320-214,PK-BLC,Landed 17:47,2026-08-02 05:48:47
CGK,arrivals,2026-08-01,17:55,17:52,GA867,GIA867,BKK,Bangkok Suvarnabhumi Airport,Garuda Indonesia,GA,B738,Boeing 737-8U3,PK-GNM,Landed 17:52,2026-08-02 05:48:47
CGK,arrivals,2026-08-01,18:00,18:28,8B678,TNU678,KUL,Kuala Lumpur International Airport,TransNusa,8B,A321,Airbus A321-211,PK-TLK,Landed 18:28,2026-08-02 05:48:47
CGK,arrivals,2026-08-01,18:00,17:44,IN33,LKN033,BTH,Batam Hang Nadim Airport,Nam Air,IN,B735,Boeing 737-524,PK-NAT,Landed 17:44,2026-08-02 05:48:47
CGK,arrivals,2026-08-01,18:00,,IP303,,KNO,Medan Kuala Namu International Airport,Pelita Air,IP,320,,,Unknown,2026-08-02 05:48:47
CGK,arrivals,2026-08-01,18:05,,ID6771,,UPG,Makassar Sultan Hasanuddin International Airport,Batik Air,ID,32A,,,Unknown,2026-08-02 05:48:47
CGK,arrivals,2026-08-01,18:05,,ID6750,,UPG,Makassar Sultan Hasanuddin International Airport,Batik Air,ID,32A,,,Unknown,2026-08-02 05:48:47
CGK,arrivals,2026-08-01,18:05,,ID6295,,UPG,Makassar Sultan Hasanuddin International Airport,Batik Air,ID,32A,,,Unknown,2026-08-02 05:48:47
CGK,arrivals,2026-08-01,18:05,,ID6261,,UPG,Makassar Sultan Hasanuddin International Airport,Batik Air,ID,32A,,,Unknown,2026-08-02 05:48:47
CGK,arrivals,2026-08-01,18:05,17:38,ID6143,BTK6143,UPG,Makassar Sultan Hasanuddin International Airport,Batik Air,ID,A320,Airbus A320-232,PK-BLB,Landed 17:38,2026-08-02 05:48:47
CGK,arrivals,2026-08-01,18:10,17:54,QG969,CTV969,BTH,Batam Hang Nadim Airport,Citilink,QG,A320,Airbus A320-214,PK-GQE,Landed 17:54,2026-08-02 05:48:47
CGK,arrivals,2026-08-01,18:10,,JT941,,UPG,Makassar Sultan Hasanuddin International Airport,Lion Air,JT,738,,,Unknown,2026-08-02 05:48:47
CGK,arrivals,2026-08-01,18:10,,JT793,,UPG,Makassar Sultan Hasanuddin International Airport,Lion Air,JT,739,,,Unknown,2026-08-02 05:48:47
CGK,arrivals,2026-08-01,18:10,,JT23,,DPS,Denpasar Ngurah Rai International Airport,Lion Air,JT,739,,,Canceled,2026-08-02 05:48:47
CGK,arrivals,2026-08-01,18:10,18:09,IU767,SJV767,LOP,Lombok International Airport,Super Air Jet,IU,A320,Airbus A320-232,PK-SAV,Landed 18:09,2026-08-02 05:48:47
CGK,arrivals,2026-08-01,18:10,18:15,HU701,CHH701,HAK,Haikou Meilan International Airport,Hainan Airlines,HU,B38M,Boeing 737 MAX 8,B-225X,Landed 18:15,2026-08-02 05:48:47
CGK,arrivals,2026-08-01,18:10,17:53,GA563,GIA563,BPN,Balikpapan Sepinggan Airport,Garuda Indonesia,GA,B738,Boeing 737-8U3,PK-GNA,Landed 17:53,2026-08-02 05:48:47
CGK,arrivals,2026-08-01,18:15,17:56,SQ964,SIA964,SIN,Singapore Changi Airport,Singapore Airlines,SQ,B77W,Boeing 777-312(ER),9V-SWY,Landed 17:56,2026-08-02 05:48:47
CGK,arrivals,2026-08-01,18:15,18:05,QG959,CTV959,PDG,Padang Minangkabau International Airport,Citilink,QG,A20N,Airbus A320-251N,PK-GTA,Landed 18:05,2026-08-02 05:48:47
CGK,arrivals,2026-08-01,18:15,,JT881,,UPG,Makassar Sultan Hasanuddin International Airport,Lion Air,JT,738,,,Unknown,2026-08-02 05:48:47
CGK,arrivals,2026-08-01,18:15,18:31,KL809,KLM809,KUL,Kuala Lumpur International Airport,KLM,KL,B789,Boeing 787-9 Dreamliner,PH-BHC,Landed 18:31,2026-08-02 05:48:47
CGK,arrivals,2026-08-01,18:15,18:09,JT347,LNI347,PLM,Palembang International Airport,Lion Air,JT,B738,Boeing 737-8GP,PK-LOI,Landed 18:09,2026-08-02 05:48:47
CGK,arrivals,2026-08-01,18:15,17:59,GA213,GIA213,YIA,Yogyakarta International Airport,Garuda Indonesia,GA,B738,Boeing 737-8U3,PK-GUF,Landed 17:59,2026-08-02 05:48:47
CGK,arrivals,2026-08-01,18:20,18:13,IU819,SJV819,PGK,Pangkal Pinang Depati Amir Airport,Super Air Jet,IU,A320,Airbus A320-232,PK-SAQ,Landed 18:13,2026-08-02 05:48:47
CGK,arrivals,2026-08-01,18:20,19:09,AK386,AXM386,KUL,Kuala Lumpur International Airport,AirAsia,AK,A320,Airbus A320-214,9M-RCB,Landed 19:09,2026-08-02 05:48:47
CGK,arrivals,2026-08-01,18:20,23:58,9C7341,CQH7341,SZX,Shenzhen Bao'an International Airport,Spring Airlines,9C,A20N,Airbus A320-251N,B-30CN,Landed 23:58,2026-08-02 05:48:47
CGK,arrivals,2026-08-01,18:25,18:21,QG647,CTV647,LOP,Lombok International Airport,Citilink,QG,A320,Airbus A320-214,PK-GLU,Landed 18:21,2026-08-02 05:48:47
CGK,arrivals,2026-08-01,18:25,18:17,IU723,SJV723,LBJ,Labuan Bajo Komodo Airport,Super Air Jet,IU,A320,Airbus A320-232,PK-SJS,Landed 18:17,2026-08-02 05:48:47
CGK,arrivals,2026-08-01,18:25,18:35,GA419,GIA419,DPS,Denpasar Ngurah Rai International Airport,Garuda Indonesia,GA,B738,Boeing 737-8U3,PK-GMA,Landed 18:35,2026-08-02 05:48:47
CGK,arrivals,2026-08-01,18:30,,JT695,,SUB,Surabaya Juanda International Airport,Lion Air,JT,739,,,Unknown,2026-08-02 05:48:47
CGK,arrivals,2026-08-01,18:30,18:24,IP107,PAS107,DPS,Denpasar Ngurah Rai International Airport,Pelita Air,IP,A320,Airbus A320-214,PK-PWE,Landed 18:24,2026-08-02 05:48:47
CGK,arrivals,2026-08-01,18:30,18:13,JT581,LNI581,SUB,Surabaya Juanda International Airport,Lion Air,JT,B738,Boeing 737-8GP,PK-LOQ,Landed 18:13,2026-08-02 05:48:47
CGK,arrivals,2026-08-01,18:35,19:54,JT309,LNI309,KNO,Medan Kuala Namu International Airport,Lion Air,JT,B739,Boeing 737-9GP(ER),PK-LHP,Landed 19:54,2026-08-02 05:48:47
CGK,arrivals,2026-08-01,18:40,,RI101,,BTH,Batam Hang Nadim Airport,Rimbun Air,RI,73Y,,,Unknown,2026-08-02 05:48:47
CGK,arrivals,2026-08-01,18:40,18:19,GA315,GIA315,SUB,Surabaya Juanda International Airport,Garuda Indonesia,GA,B738,Boeing 737-8U3,PK-GMY,Landed 18:19,2026-08-02 05:48:47
CGK,arrivals,2026-08-01,18:40,18:21,GA147,GIA147,BTJ,Banda Aceh International Airport,Garuda Indonesia,GA,B738,Boeing 737-8U3,PK-GNC,Landed 18:21,2026-08-02 05:48:47
CGK,arrivals,2026-08-01,18:45,19:16,8B5166,TNU5166,LOP,Lombok International Airport,TransNusa,8B,A321,Airbus A321-211,PK-TLM,Landed 19:16,2026-08-02 05:48:47
CGK,arrivals,2026-08-01,18:45,18:32,SJ599,SJY599,UPG,Makassar Sultan Hasanuddin International Airport,Sriwijaya Air,SJ,B735,Boeing 737-524,PK-CLH,Landed 18:32,2026-08-02 05:48:47
CGK,arrivals,2026-08-01,18:45,19:34,IU609,SJV609,BPN,Balikpapan Sepinggan Airport,Super Air Jet,IU,A320,Airbus A320-232,PK-SAL,Landed 19:34,2026-08-02 05:48:47
CGK,arrivals,2026-08-01,18:45,,IN583,,UPG,Makassar Sultan Hasanuddin International Airport,Nam Air,IN,735,,,Unknown,2026-08-02 05:48:47
CGK,arrivals,2026-08-01,18:45,,IN79,,PGK,Pangkal Pinang Depati Amir Airport,Nam Air,IN,735,,,Unknown,2026-08-02 05:48:47
CGK,arrivals,2026-08-01,18:45,18:48,ID7040,BTK7040,SOC,Surakarta Adisumarmo International Airport,Batik Air,ID,A320,Airbus A320-214,PK-BLD,Landed 18:48,2026-08-02 05:48:47
CGK,arrivals,2026-08-01,18:45,19:05,ID6677,BTK6677,AAP,Samarinda AP Tumenggung Pranoto Airport,Batik Air,ID,A320,Airbus A320-214,PK-LAZ,Landed 19:05,2026-08-02 05:48:47
CGK,arrivals,2026-08-01,18:50,,RI185,,PDG,Padang Minangkabau International Airport,Rimbun Air,RI,73Y,,,Unknown,2026-08-02 05:48:47
CGK,arrivals,2026-08-01,18:50,19:26,QZ821,AWQ821,DPS,Denpasar Ngurah Rai International Airport,AirAsia,AK,A320,Airbus A320-216,PK-AZO,Landed 19:26,2026-08-02 05:48:47
CGK,arrivals,2026-08-01,18:50,18:40,QG965,CTV965,DJB,Jambi Sultan Thaha Airport,Citilink,QG,A320,Airbus A320-214,PK-GQS,Landed 18:40,2026-08-02 05:48:47
CGK,arrivals,2026-08-01,18:55,,8B5533,,YIA,Yogyakarta International Airport,TransNusa,8B,320,,,Unknown,2026-08-02 05:48:47
CGK,arrivals,2026-08-01,18:55,,SJ77,,PGK,Pangkal Pinang Depati Amir Airport,Sriwijaya Air,SJ,735,,,Unknown,2026-08-02 05:48:47
CGK,arrivals,2026-08-01,18:55,18:46,QG917,CTV917,KNO,Medan Kuala Namu International Airport,Citilink (Tiket.com Livery),QG,A320,Airbus A320-214,PK-GLZ,Landed 18:46,2026-08-02 05:48:47
CGK,arrivals,2026-08-01,18:55,19:28,GA509,GIA509,PNK,Pontianak Supadio Airport,Garuda Indonesia,GA,B738,Boeing 737-8SA,PK-GUH,Landed 19:28,2026-08-02 05:48:47
CGK,arrivals,2026-08-01,19:00,19:14,QG341,CTV341,UPG,Makassar Sultan Hasanuddin International Airport,Citilink,QG,A320,Airbus A320-214,PK-GLO,Landed 19:14,2026-08-02 05:48:47
CGK,arrivals,2026-08-01,19:00,18:45,QF41,QFA041,SYD,Sydney Kingsford Smith Airport,Qantas,QF,A332,Airbus A330-202,VH-EBQ,Landed 18:45,2026-08-02 05:48:47
CGK,arrivals,2026-08-01,19:00,18:59,IU259,SJV259,KDI,Kendari Haluoleo Airport,Super Air Jet (Our Super 50th Jet Livery),IU,A320,Airbus A320-232,PK-STQ,Landed 18:59,2026-08-02 05:48:47
CGK,arrivals,2026-08-01,19:00,,ID7579,,SUB,Surabaya Juanda International Airport,Batik Air,ID,32A,,,Canceled,2026-08-02 05:48:47
CGK,arrivals,2026-08-01,19:00,18:34,GA823,GIA823,SIN,Singapore Changi Airport,Garuda Indonesia,GA,B738,Boeing 737-8U3,PK-GFV,Landed 18:34,2026-08-02 05:48:47
CGK,arrivals,2026-08-01,19:05,19:15,MH725,MAS725,KUL,Kuala Lumpur International Airport,Malaysia Airlines (Retro Livery),MH,B738,Boeing 737-8H6,9M-MLV,Landed 19:15,2026-08-02 05:48:47
CGK,arrivals,2026-08-01,19:10,18:51,QG493,CTV493,BDJ,Banjarmasin Syamsudin Noor Airport,Citilink,QG,A320,Airbus A320-214,PK-GQM,Landed 18:51,2026-08-02 05:48:47
CGK,arrivals,2026-08-01,19:10,,IN281,,DPS,Denpasar Ngurah Rai International Airport,Nam Air,IN,735,,,Unknown,2026-08-02 05:48:47
CGK,arrivals,2026-08-01,19:10,,IN283,,DPS,Denpasar Ngurah Rai International Airport,Nam Air,IN,735,,,Unknown,2026-08-02 05:48:47
CGK,arrivals,2026-08-01,19:10,18:56,ID6281,BTK6281,MDC,Manado Sam Ratulangi International Airport,Batik Air,ID,B738,Boeing 737-8GP,PK-LBK,Landed 18:56,2026-08-02 05:48:47
CGK,arrivals,2026-08-01,19:10,18:57,GA165,GIA165,PDG,Padang Minangkabau International Airport,Garuda Indonesia (Ayo Pakai Masker Livery),GA,B738,Boeing 737-81D,PK-GFQ,Landed 18:57,2026-08-02 05:48:47
CGK,arrivals,2026-08-01,19:15,19:07,TR278,TGW278,SIN,Singapore Changi Airport,Scoot,TR,A320,Airbus A320-232,9V-TRT,Landed 19:07,2026-08-02 05:48:47
CGK,arrivals,2026-08-01,19:15,19:26,IU901,SJV901,PDG,Padang Minangkabau International Airport,Super Air Jet,IU,A320,Airbus A320-232,PK-SAH,Landed 19:26,2026-08-02 05:48:47
CGK,arrivals,2026-08-01,19:15,19:01,ID6293,BTK6293,UPG,Makassar Sultan Hasanuddin International Airport,Batik Air,ID,A320,Airbus A320-214,PK-LUJ,Landed 19:01,2026-08-02 05:48:47
CGK,arrivals,2026-08-01,19:20,19:18,SQ966,SIA966,SIN,Singapore Changi Airport,Singapore Airlines,SQ,A359,Airbus A350-941,9V-SHI,Landed 19:18,2026-08-02 05:48:47
CGK,arrivals,2026-08-01,19:20,18:53,GA237,GIA237,SRG,Semarang Achmad Yani International Airport,Garuda Indonesia,GA,B738,Boeing 737-8SH,PK-GUD,Landed 18:53,2026-08-02 05:48:47
CGK,arrivals,2026-08-01,19:25,,JT213,,KNO,Medan Kuala Namu International Airport,Lion Air,JT,739,,,Unknown,2026-08-02 05:48:47
CGK,arrivals,2026-08-01,19:25,19:44,IU701,SJV701,PNK,Pontianak Supadio Airport,Super Air Jet,IU,A320,Airbus A320-232,PK-STZ,Landed 19:44,2026-08-02 05:48:47
CGK,arrivals,2026-08-01,19:25,19:50,ID6353,BTK6353,SRG,Semarang Achmad Yani International Airport,Batik Air,ID,A320,Airbus A320-214,PK-LUV,Landed 19:50,2026-08-02 05:48:47
CGK,arrivals,2026-08-01,19:25,19:17,GA121,GIA121,KNO,Medan Kuala Namu International Airport,Garuda Indonesia,GA,B738,Boeing 737-8U3,PK-GUG,Landed 19:17,2026-08-02 05:48:47
CGK,arrivals,2026-08-01,19:30,19:13,QZ177,AWQ177,TKG,Bandar Lampung Radin Inten II Airport,AirAsia,AK,A320,Airbus A320-216,PK-AZF,Landed 19:13,2026-08-02 05:48:47
CGK,arrivals,2026-08-01,19:30,19:11,QG765,CTV765,SOC,Surakarta Adisumarmo International Airport,Citilink,QG,A320,Airbus A320-214,PK-GLL,Landed 19:11,2026-08-02 05:48:47
CGK,arrivals,2026-08-01,19:30,19:20,IU859,SJV859,BTH,Batam Hang Nadim Airport,Super Air Jet,IU,A320,Airbus A320-232,PK-SJF,Landed 19:20,2026-08-02 05:48:47
CGK,arrivals,2026-08-01,19:30,19:24,GA417,GIA417,DPS,Denpasar Ngurah Rai International Airport,Garuda Indonesia,GA,B738,Boeing 737-8U3,PK-GFH,Landed 19:24,2026-08-02 05:48:47
CGK,arrivals,2026-08-01,19:30,19:07,GA157,GIA157,BTH,Batam Hang Nadim Airport,Garuda Indonesia,GA,B738,Boeing 737-8U3,PK-GNR,Landed 19:07,2026-08-02 05:48:47
CGK,arrivals,2026-08-01,19:35,,IU847,,DJB,Jambi Sultan Thaha Airport,Super Air Jet,IU,320,,,Unknown,2026-08-02 05:48:47
CGK,arrivals,2026-08-01,19:35,19:37,GA119,GIA119,PLM,Palembang International Airport,Garuda Indonesia,GA,B738,Boeing 737-86N,PK-GFU,Landed 19:37,2026-08-02 05:48:47
CGK,arrivals,2026-08-01,19:40,,OD343,,PEN,Penang International Airport,Batik Air Malaysia,OD,738,,,Canceled,2026-08-02 05:48:47
CGK,arrivals,2026-08-01,19:40,20:16,CX719,CPA719,HKG,Hong Kong International Airport,Cathay Pacific,CX,B773,Boeing 777-367,B-HNH,Landed 20:16,2026-08-02 05:48:47
CGK,arrivals,2026-08-01,19:40,19:22,GA313,GIA313,SUB,Surabaya Juanda International Airport,Garuda Indonesia (Retro 1960 Livery),GA,B738,Boeing 737-8U3,PK-GFM,Landed 19:22,2026-08-02 05:48:47
CGK,arrivals,2026-08-01,19:40,19:28,GA179,GIA179,PKU,Pekanbaru Sultan Syarif Kasim II Airport,Garuda Indonesia,GA,B738,Boeing 737-8U3,PK-GNH,Landed 19:28,2026-08-02 05:48:47
CGK,arrivals,2026-08-01,19:45,19:59,GA717,GIA717,MEL,Melbourne Airport,Garuda Indonesia,GA,A333,Airbus A330-343,PK-GPU,Landed 19:59,2026-08-02 05:48:47
CGK,arrivals,2026-08-01,19:45,19:39,GA203,GIA203,YIA,Yogyakarta International Airport,Garuda Indonesia,GA,B738,Boeing 737-8U3,PK-GFW,Landed 19:39,2026-08-02 05:48:47
CGK,arrivals,2026-08-01,19:50,,IU903,,PDG,Padang Minangkabau International Airport,Super Air Jet,IU,320,,,Unknown,2026-08-02 05:48:47
CGK,arrivals,2026-08-01,19:50,20:54,ID6235,BTK6235,UPG,Makassar Sultan Hasanuddin International Airport,Batik Air,ID,B738,Boeing 737-8GP,PK-LBS,Landed 20:54,2026-08-02 05:48:47
CGK,arrivals,2026-08-01,19:55,,ID6555,,UPG,Makassar Sultan Hasanuddin International Airport,Batik Air,ID,32A,,,Canceled,2026-08-02 05:48:47
CGK,arrivals,2026-08-01,20:00,19:35,SL116,TLM116,DMK,Bangkok Don Mueang International Airport,Thai Lion Air,SL,B738,Boeing 737-8GP,HS-LGP,Landed 19:35,2026-08-02 05:48:44
CGK,arrivals,2026-08-01,20:00,19:50,QG979,CTV979,KNO,Medan Kuala Namu International Airport,Citilink,QG,A320,Airbus A320-214,PK-GQC,Landed 19:50,2026-08-02 05:48:44
CGK,arrivals,2026-08-01,20:00,19:42,QG689,CTV689,DPS,Denpasar Ngurah Rai International Airport,Citilink,QG,A320,Airbus A320-214,PK-GLS,Landed 19:42,2026-08-02 05:48:44
CGK,arrivals,2026-08-01,20:00,,IU911,,PKU,Pekanbaru Sultan Syarif Kasim II Airport,Super Air Jet,IU,320,,,Unknown,2026-08-02 05:48:47
CGK,arrivals,2026-08-01,20:00,19:31,IP207,PAS207,SUB,Surabaya Juanda International Airport,Pelita Air,IP,A320,Airbus A320-214,PK-PWQ,Landed 19:31,2026-08-02 05:48:47
CGK,arrivals,2026-08-01,20:00,,ID7058,,PLM,Palembang International Airport,Batik Air,ID,32A,,,Unknown,2026-08-02 05:48:47
CGK,arrivals,2026-08-01,20:05,21:29,ID6213,BTK6213,BDJ,Banjarmasin Syamsudin Noor Airport,Batik Air,ID,A320,Airbus A320-214,PK-BKY,Landed 21:29,2026-08-02 05:48:44
CGK,arrivals,2026-08-01,20:05,20:11,GA575,GIA575,BPN,Balikpapan Sepinggan Airport,Garuda Indonesia,GA,B738,Boeing 737-81M,PK-GUC,Landed 20:11,2026-08-02 05:48:44
CGK,arrivals,2026-08-01,20:10,19:53,TW155,TWB155,ICN,Seoul Incheon International Airport,T'Way Air,TW,A333,Airbus A330-343,HL8501,Landed 19:53,2026-08-02 05:48:44
CGK,arrivals,2026-08-01,20:10,20:14,OZ761,AAR761,ICN,Seoul Incheon International Airport,Asiana Airlines,OZ,A359,Airbus A350-941,HL8308,Landed 20:14,2026-08-02 05:48:44
CGK,arrivals,2026-08-01,20:10,19:58,IP325,PAS325,PKU,Pekanbaru Sultan Syarif Kasim II Airport,Pelita Air,IP,A320,Airbus A320-214,PK-PWG,Landed 19:58,2026-08-02 05:48:44
CGK,arrivals,2026-08-01,20:20,20:08,QG727,CTV727,SUB,Surabaya Juanda International Airport,Citilink,QG,A320,Airbus A320-214,PK-GQP,Landed 20:08,2026-08-02 05:48:44
CGK,arrivals,2026-08-01,20:20,20:44,AK353,AXMM353,KUL,Kuala Lumpur International Airport,AirAsia,AK,A320,Airbus A320-214,9M-AHV,Landed 20:44,2026-08-02 05:48:44
CGK,arrivals,2026-08-01,20:25,20:04,QG481,CTV481,BDJ,Banjarmasin Syamsudin Noor Airport,Citilink,QG,A320,Airbus A320-214,PK-GLV,Landed 20:04,2026-08-02 05:48:44
CGK,arrivals,2026-08-01,20:25,,ID6887,,KNO,Medan Kuala Namu International Airport,Batik Air,ID,32A,,,Unknown,2026-08-02 05:48:44
CGK,arrivals,2026-08-01,20:30,20:27,JT257,LNI257,PDG,Padang Minangkabau International Airport,Lion Air,JT,B739,Boeing 737-9GP(ER),PK-LHS,Landed 20:27,2026-08-02 05:48:44
CGK,arrivals,2026-08-01,20:35,,RI361,,KDI,Kendari Haluoleo Airport,Rimbun Air,RI,73Y,,,Unknown,2026-08-02 05:48:44
CGK,arrivals,2026-08-01,20:35,20:26,GA325,GIA325,SUB,Surabaya Juanda International Airport,Garuda Indonesia,GA,B738,Boeing 737-8U3,PK-GMP,Landed 20:26,2026-08-02 05:48:44
CGK,arrivals,2026-08-01,20:40,,JT1703,,UPG,Makassar Sultan Hasanuddin International Airport,Lion Air,JT,738,,,Unknown,2026-08-02 05:48:44
CGK,arrivals,2026-08-01,20:40,20:21,IP357,PAS357,PDG,Padang Minangkabau International Airport,Pelita Air,IP,A320,Airbus A320-214,PK-PWO,Landed 20:21,2026-08-02 05:48:44
CGK,arrivals,2026-08-01,20:40,,JT703,,UPG,Makassar Sultan Hasanuddin International Airport,Lion Air,JT,739,,,Unknown,2026-08-02 05:48:44
CGK,arrivals,2026-08-01,20:45,21:09,QG887,CTV887,KNO,Medan Kuala Namu International Airport,Citilink,QG,A20N,Airbus A320-251N,PK-GTF,Landed 21:09,2026-08-02 05:48:44
CGK,arrivals,2026-08-01,20:45,,IU605,,BPN,Balikpapan Sepinggan Airport,Super Air Jet,IU,320,,,Unknown,2026-08-02 05:48:44
CGK,arrivals,2026-08-01,20:45,20:29,ID6575,BTK6575,SUB,Surabaya Juanda International Airport,Batik Air,ID,B738,Boeing 737-8GP,PK-LZV,Landed 20:29,2026-08-02 05:48:44
CGK,arrivals,2026-08-01,20:45,20:34,GA837,GIA837,SIN,Singapore Changi Airport,Garuda Indonesia,GA,B738,Boeing 737-81D,PK-GFR,Landed 20:34,2026-08-02 05:48:44
CGK,arrivals,2026-08-01,20:50,20:38,IP307,PAS307,KNO,Medan Kuala Namu International Airport,Pelita Air,IP,A320,Airbus A320-214,PK-PWP,Landed 20:38,2026-08-02 05:48:44
CGK,arrivals,2026-08-01,20:55,20:30,QG513,CTV513,DMK,Bangkok Don Mueang International Airport,Citilink,QG,A320,Airbus A320-214,PK-GQQ,Landed 20:30,2026-08-02 05:48:44
CGK,arrivals,2026-08-01,20:55,20:41,JT391,LNI391,PKU,Pekanbaru Sultan Syarif Kasim II Airport,Lion Air,JT,B738,Boeing 737-8GP,PK-LJQ,Landed 20:41,2026-08-02 05:48:44
CGK,arrivals,2026-08-01,20:55,20:58,GA421,GIA421,DPS,Denpasar Ngurah Rai International Airport,Garuda Indonesia,GA,B738,Boeing 737-8U3,PK-GNG,Landed 20:58,2026-08-02 05:48:44
CGK,arrivals,2026-08-01,21:00,,RI161,,BTJ,Banda Aceh International Airport,Rimbun Air,RI,73Y,,,Unknown,2026-08-02 05:48:44
CGK,arrivals,2026-08-01,21:00,22:46,EY472,ETD472,AUH,Abu Dhabi Zayed International Airport,Etihad Airways,EY,B789,Boeing 787-9 Dreamliner,A6-BLL,Landed 22:46,2026-08-02 05:48:44
CGK,arrivals,2026-08-01,21:00,,JT685,,PNK,Pontianak Supadio Airport,Lion Air,JT,738,,,Unknown,2026-08-02 05:48:44
CGK,arrivals,2026-08-01,21:00,20:32,IP315,PAS315,PLM,Palembang International Airport,Pelita Air,IP,A320,Airbus A320-214,PK-PWJ,Landed 20:32,2026-08-02 05:48:44
CGK,arrivals,2026-08-01,21:05,21:40,QG955,CTV955,PDG,Padang Minangkabau International Airport,Citilink,QG,A320,Airbus A320-214,PK-GLY,Landed 21:40,2026-08-02 05:48:44
CGK,arrivals,2026-08-01,21:05,,JT371,,BTH,Batam Hang Nadim Airport,Lion Air,JT,739,,,Unknown,2026-08-02 05:48:44
CGK,arrivals,2026-08-01,21:10,20:47,QZ241,AWQ241,JHB,Johor Bahru Senai International Airport,AirAsia (Lombok Livery),AK,A320,Airbus A320-216,PK-AXU,Landed 20:47,2026-08-02 05:48:44
CGK,arrivals,2026-08-01,21:10,21:00,QG983,CTV983,PLM,Palembang International Airport,Citilink,QG,A20N,Airbus A320-251N,PK-GTG,Landed 21:00,2026-08-02 05:48:44
CGK,arrivals,2026-08-01,21:10,20:42,QG667,CTV667,DPS,Denpasar Ngurah Rai International Airport,Citilink,QG,A320,Airbus A320-214,PK-GLP,Landed 20:42,2026-08-02 05:48:44
CGK,arrivals,2026-08-01,21:10,21:16,ID6371,BTK6371,YIA,Yogyakarta International Airport,Batik Air,ID,A320,Airbus A320-233,PK-BKG,Landed 21:16,2026-08-02 05:48:44
CGK,arrivals,2026-08-01,21:15,21:22,8B698,TNU698,SZB,Kuala Lumpur Subang Airport,TransNusa,8B,A320,Airbus A320-214,PK-TLC,Landed 21:22,2026-08-02 05:48:44
CGK,arrivals,2026-08-01,21:20,21:18,QG945,CTV945,BTH,Batam Hang Nadim Airport,Citilink,QG,A320,Airbus A320-214,PK-GLI,Landed 21:18,2026-08-02 05:48:44
CGK,arrivals,2026-08-01,21:25,21:05,TR272,TGW272,SIN,Singapore Changi Airport,Scoot,TR,A20N,Airbus A320-271N,9V-TNE,Landed 21:05,2026-08-02 05:48:44
CGK,arrivals,2026-08-01,21:25,21:08,GA615,GIA615,UPG,Makassar Sultan Hasanuddin International Airport,Garuda Indonesia,GA,B738,Boeing 737-8U3,PK-GMF,Landed 21:08,2026-08-02 05:48:44
CGK,arrivals,2026-08-01,21:30,,IU905,,PDG,Padang Minangkabau International Airport,Super Air Jet,IU,320,,,Unknown,2026-08-02 05:48:44
CGK,arrivals,2026-08-01,21:30,21:05,IP809,PAS809,UPG,Makassar Sultan Hasanuddin International Airport,Pelita Air,IP,A320,Airbus A320-214,PK-PWH,Landed 21:05,2026-08-02 05:48:44
CGK,arrivals,2026-08-01,21:35,21:20,QG799,CTV799,SRG,Semarang Achmad Yani International Airport,Citilink,QG,A320,Airbus A320-214,PK-GQF,Landed 21:20,2026-08-02 05:48:44
CGK,arrivals,2026-08-01,21:40,,RI131,,PKU,Pekanbaru Sultan Syarif Kasim II Airport,Rimbun Air,RI,73Y,,,Unknown,2026-08-02 05:48:44
CGK,arrivals,2026-08-01,21:40,21:55,QR954,QTR954,DOH,Doha Hamad International Airport,Qatar Airways,QR,A359,Airbus A350-941,A7-ALW,Landed 21:55,2026-08-02 05:48:44
CGK,arrivals,2026-08-01,21:40,21:03,QG503,CTV503,KUL,Kuala Lumpur International Airport,Citilink,QG,A320,Airbus A320-214,PK-GQH,Landed 21:03,2026-08-02 05:48:44
CGK,arrivals,2026-08-01,21:40,21:32,IP105,PAS105,DPS,Denpasar Ngurah Rai International Airport,Pelita Air,IP,A320,Airbus A320-214,PK-PWD,Landed 21:32,2026-08-02 05:48:44
CGK,arrivals,2026-08-01,21:40,21:11,ID6269,BTK6269,UPG,Makassar Sultan Hasanuddin International Airport,Batik Air,ID,A320,Airbus A320-214,PK-LAJ,Landed 21:11,2026-08-02 05:48:44
CGK,arrivals,2026-08-01,21:40,21:58,GA415,GIA415,DPS,Denpasar Ngurah Rai International Airport,Garuda Indonesia,GA,B738,Boeing 737-8U3,PK-GFD,Landed 21:58,2026-08-02 05:48:44
CGK,arrivals,2026-08-01,21:40,21:32,8B680,TNU680,KUL,Kuala Lumpur International Airport,TransNusa,8B,A321,Airbus A321-211,PK-TLG,Landed 21:32,2026-08-02 05:48:44
CGK,arrivals,2026-08-01,21:45,,ID6763,,UPG,Makassar Sultan Hasanuddin International Airport,Batik Air,ID,32A,,,Unknown,2026-08-02 05:48:44
CGK,arrivals,2026-08-01,21:50,21:28,QG171,CTV171,SUB,Surabaya Juanda International Airport,Citilink (Tiket.com Livery),QG,A320,Airbus A320-214,PK-GLW,Landed 21:28,2026-08-02 05:48:44
CGK,arrivals,2026-08-01,21:50,21:52,MF8693,CXA8693,NKG,Nanjing Lukou International Airport,Xiamen Air,MF,B38M,Boeing 737 MAX 8,B-1118,Landed 21:52,2026-08-02 05:48:44
CGK,arrivals,2026-08-01,21:55,21:58,QZ211,AWQ211,KUL,Kuala Lumpur International Airport,AirAsia,AK,A320,Airbus A320-216,PK-AXT,Landed 21:58,2026-08-02 05:48:44
CGK,arrivals,2026-08-01,21:55,21:49,QG527,CTV527,SIN,Singapore Changi Airport,Citilink,QG,A320,Airbus A320-214,PK-GQK,Landed 21:49,2026-08-02 05:48:44
CGK,arrivals,2026-08-01,21:55,,IN221,,YIA,Yogyakarta International Airport,Nam Air,IN,735,,,Unknown,2026-08-02 05:48:44
CGK,arrivals,2026-08-01,22:05,21:52,ID7162,BTK7162,PEN,Penang International Airport,Batik Air,ID,B738,Boeing 737-86N,PK-BGZ,Landed 21:52,2026-08-02 05:48:44
CGK,arrivals,2026-08-01,22:10,22:41,JT15,LNI015,DPS,Denpasar Ngurah Rai International Airport,Lion Air,JT,B39M,Boeing 737 MAX 9,PK-LRH,Landed 22:41,2026-08-02 05:48:44
CGK,arrivals,2026-08-01,22:15,,8K804,,SIN,Singapore Changi Airport,Exploits Valley Air Services,8K,73P,,,Unknown,2026-08-02 05:48:44
CGK,arrivals,2026-08-01,22:15,22:30,SJ273,SJY273,DPS,Denpasar Ngurah Rai International Airport,BBN Airlines Indonesia,0B,B738,Boeing 737-8BK,PK-BBF,Landed 22:30,2026-08-02 05:48:44
CGK,arrivals,2026-08-01,22:15,22:14,GA193,GIA193,KNO,Medan Kuala Namu International Airport,Garuda Indonesia,GA,B738,Boeing 737-8H6,PK-GUL,Landed 22:14,2026-08-02 05:48:44
CGK,arrivals,2026-08-01,22:20,22:01,ID7152,BTK7152,SIN,Singapore Changi Airport,Batik Air,ID,A320,Airbus A320-214,PK-LZH,Landed 22:01,2026-08-02 05:48:44
CGK,arrivals,2026-08-01,22:20,,ID6231,,UPG,Makassar Sultan Hasanuddin International Airport,Batik Air,ID,32A,,,Canceled,2026-08-02 05:48:44
CGK,arrivals,2026-08-01,22:25,22:47,EK358,UAE358,DXB,Dubai International Airport,Emirates,EK,B77W,Boeing 777-31H(ER),A6-EGP,Landed 22:47,2026-08-02 05:48:44
CGK,arrivals,2026-08-01,22:30,22:52,MU5069,CES5069,PVG,Shanghai Pudong International Airport,China Eastern Airlines,MU,A332,Airbus A330-243,B-8226,Landed 22:52,2026-08-02 05:48:44
CGK,arrivals,2026-08-01,22:30,01:21,MF837,CXA837,XMN,Xiamen Gaoqi International Airport,Xiamen Air,MF,B38M,Boeing 737 MAX 8,B-227A,Landed 01:21,2026-08-02 05:48:44
CGK,arrivals,2026-08-01,22:30,23:09,JT383,LNI383,KNO,Medan Kuala Namu International Airport,Lion Air,JT,B739,Boeing 737-9GP(ER),PK-LSK,Landed 23:09,2026-08-02 05:48:44
CGK,arrivals,2026-08-01,22:40,22:34,SQ968,SIA968,SIN,Singapore Changi Airport,Singapore Airlines,SQ,A359,Airbus A350-941,9V-SHT,Landed 22:34,2026-08-02 05:48:44
CGK,arrivals,2026-08-01,22:40,22:25,QG427,CTV427,UPG,Makassar Sultan Hasanuddin International Airport,Citilink,QG,A320,Airbus A320-214,PK-GQN,Landed 22:25,2026-08-02 05:48:44
CGK,arrivals,2026-08-01,22:45,01:15,SV826,SVA826,JED,Jeddah King Abdulaziz International Airport,Saudia,SV,B77W,Boeing 777-3FG(ER),HZ-AK33,Landed 01:15,2026-08-02 05:48:44
CGK,arrivals,2026-08-01,22:45,22:29,GA839,GIA839,SIN,Singapore Changi Airport,Garuda Indonesia,GA,B738,Boeing 737-8U3,PK-GMI,Landed 22:29,2026-08-02 05:48:44
CGK,arrivals,2026-08-01,22:55,22:44,CX797,CPA797,HKG,Hong Kong International Airport,Cathay Pacific,CX,B773,Boeing 777-367,B-HNE,Landed 22:44,2026-08-02 05:48:44
CGK,arrivals,2026-08-01,23:00,22:56,CZ8353,CSN8353,SZX,Shenzhen Bao'an International Airport,China Southern Airlines,CZ,A21N,Airbus A321-253NX,B-30E7,Landed 22:56,2026-08-02 05:48:44
CGK,arrivals,2026-08-01,23:05,,RI203,,BDJ,Banjarmasin Syamsudin Noor Airport,Rimbun Air,RI,73Y,,,Unknown,2026-08-02 05:48:44
CGK,arrivals,2026-08-01,23:05,,RI3210,,UPG,Makassar Sultan Hasanuddin International Airport,Rimbun Air,RI,73Y,,,Unknown,2026-08-02 05:48:44
CGK,arrivals,2026-08-01,23:05,22:50,QG947,CTV947,BTH,Batam Hang Nadim Airport,Citilink,QG,A320,Airbus A320-214,PK-GLU,Landed 22:50,2026-08-02 05:48:44
CGK,arrivals,2026-08-01,23:05,22:52,MH727,MAS727,KUL,Kuala Lumpur International Airport,Malaysia Airlines,MH,B738,Boeing 737-8H6,9M-MXQ,Landed 22:52,2026-08-02 05:48:44
CGK,arrivals,2026-08-01,23:10,22:43,OD396,MXD396,KUL,Kuala Lumpur International Airport,Batik Air,ID,B738,Boeing 737-8GP,9M-LNR,Landed 22:43,2026-08-02 05:48:44
CGK,arrivals,2026-08-01,23:15,23:26,JT215,LNI215,KNO,Medan Kuala Namu International Airport,Lion Air,JT,B738,Boeing 737-8GP,PK-LOP,Landed 23:26,2026-08-02 05:48:44
CGK,arrivals,2026-08-01,23:25,23:29,SC2153,CDG2153,XMN,Xiamen Gaoqi International Airport,Shandong Airlines,SC,B38M,Boeing 737 MAX 8,B-1275,Landed 23:29,2026-08-02 05:48:44
CGK,arrivals,2026-08-01,23:25,00:04,CZ387,CSN387,CAN,Guangzhou Baiyun International Airport,China Southern Airlines,CZ,A21N,Airbus A321-251NX,B-32M7,Landed 00:04,2026-08-02 05:48:44
CGK,arrivals,2026-08-01,23:45,23:12,NH835,ANA835,NRT,Tokyo Narita International Airport,All Nippon Airways,NH,B789,Boeing 787-9 Dreamliner,JA898A,Landed 23:12,2026-08-02 05:48:44
CGK,arrivals,2026-08-01,23:50,00:14,MF855,CXA855,FOC,Fuzhou Changle International Airport,Xiamen Air,MF,B38M,Boeing 737 MAX 8,B-225F,Landed 00:14,2026-08-02 05:48:44
CGK,arrivals,2026-08-01,23:50,,8B5109,,DPS,Denpasar Ngurah Rai International Airport,TransNusa,8B,320,,,Unknown,2026-08-02 05:48:44
CGK,arrivals,2026-08-01,23:55,23:45,QG915,CTV915,KNO,Medan Kuala Namu International Airport,Citilink,QG,A320,Airbus A320-214,PK-GLM,Landed 23:45,2026-08-02 05:48:44
CGK,arrivals,2026-08-01,23:55,23:38,PR535,PAL535,MNL,Manila Ninoy Aquino International Airport,Philippine Airlines,PR,A321,Airbus A321-231,RP-C9905,Landed 23:38,2026-08-02 05:48:44
CGK,arrivals,2026-08-01,23:55,23:21,JL729,JAL729,NRT,Tokyo Narita International Airport,Japan Airlines,JL,B788,Boeing 787-8 Dreamliner,JA843J,Landed 23:21,2026-08-02 05:48:44
CGK,departures,2026-08-01,00:05,00:51,EY473,ETD473,AUH,Abu Dhabi Zayed International Airport,Etihad Airways,EY,B789,Boeing 787-9 Dreamliner,A6-BLM,Departed 00:51,2026-08-02 05:49:45
CGK,departures,2026-08-01,00:05,00:38,CX798,CPA798,HKG,Hong Kong International Airport,Cathay Pacific,CX,B773,Boeing 777-367,B-HNN,Departed 00:38,2026-08-02 05:49:45
CGK,departures,2026-08-01,00:10,,ID6288,,UPG,Makassar Sultan Hasanuddin International Airport,Batik Air,ID,32A,,,Canceled,2026-08-02 05:49:45
CGK,departures,2026-08-01,00:10,00:35,GA682,GIA682,SOQ,Sorong Dominique Edward Osok Airport,Garuda Indonesia,GA,B738,Boeing 737-86N,PK-GFJ,Departed 00:35,2026-08-02 05:49:45
CGK,departures,2026-08-01,00:20,00:43,CZ8354,CSN8354,SZX,Shenzhen Bao'an International Airport,China Southern Airlines,CZ,A21N,Airbus A321-253NX,B-30EC,Departed 00:43,2026-08-02 05:49:45
CGK,departures,2026-08-01,00:25,02:09,SC2154,CDG2154,XMN,Xiamen Gaoqi International Airport,Shandong Airlines,SC,B38M,Boeing 737 MAX 8,B-20D0,Departed 02:09,2026-08-02 05:49:45
CGK,departures,2026-08-01,00:25,00:44,ID6170,BTK6170,AMQ,Ambon Pattimura Airport,Batik Air,ID,A320,Airbus A320-214,PK-LUZ,Departed 00:44,2026-08-02 05:49:45
CGK,departures,2026-08-01,00:30,00:42,ID7797,BTK7797,SOQ,Sorong Dominique Edward Osok Airport,Batik Air,ID,A320,Airbus A320-214,PK-LAZ,Departed 00:42,2026-08-02 05:49:45
CGK,departures,2026-08-01,00:30,00:54,GA664,GIA664,DJJ,Jayapura Sentani Airport,Garuda Indonesia,GA,B738,Boeing 737-86N,PK-GFS,Departed 00:54,2026-08-02 05:49:45
CGK,departures,2026-08-01,00:30,01:00,5J760,CEB760,MNL,Manila Ninoy Aquino International Airport,Cebu Pacific,5J,A20N,Airbus A320-271N,RP-C4165,Departed 01:00,2026-08-02 05:49:45
CGK,departures,2026-08-01,00:40,02:52,SV827,SVA827,JED,Jeddah King Abdulaziz International Airport,Saudia,SV,B77W,Boeing 777-3FG(ER),HZ-AK33,Departed 02:52,2026-08-02 05:49:45
CGK,departures,2026-08-01,00:45,01:06,GA88,GIA088,AMS,Amsterdam Schiphol Airport,Garuda Indonesia,GA,B77W,Boeing 777-3U3(ER),PK-GIH,Departed 01:06,2026-08-02 05:49:45
CGK,departures,2026-08-01,00:45,00:57,ID6180,BTK6180,DJJ,Jayapura Sentani Airport,Batik Air,ID,B738,Boeing 737-8GP,PK-LDK,Departed 00:57,2026-08-02 05:49:45
CGK,departures,2026-08-01,00:45,02:35,EK359,UAE359,DXB,Dubai International Airport,Emirates,EK,B77W,Boeing 777-31H(ER),A6-ECV,Departed 02:35,2026-08-02 05:49:45
CGK,departures,2026-08-01,00:50,01:02,JT890,LNI890,AMQ,Ambon Pattimura Airport,Lion Air,JT,B738,Boeing 737-8GP,PK-LJQ,Departed 01:02,2026-08-02 05:49:45
CGK,departures,2026-08-01,00:55,01:07,QR955,QTR955,DOH,Doha Hamad International Airport,Qatar Airways,QR,A359,Airbus A350-941,A7-ALC,Departed 01:07,2026-08-02 05:49:45
CGK,departures,2026-08-01,00:55,02:13,PR536,PAL536,MNL,Manila Ninoy Aquino International Airport,Philippine Airlines,PR,A321,Airbus A321-231,RP-C9919,Departed 02:13,2026-08-02 05:49:45
CGK,departures,2026-08-01,01:00,01:10,QG300,CTV300,MDC,Manado Sam Ratulangi International Airport,Citilink,QG,A320,Airbus A320-214,PK-GQG,Departed 01:10,2026-08-02 05:49:45
CGK,departures,2026-08-01,01:10,02:32,JT3896,,UPG,Makassar Sultan Hasanuddin International Airport,Lion Air,JT,739,,,Unknown,2026-08-02 05:49:45
CGK,departures,2026-08-01,01:10,01:56,JT1944,,UPG,Makassar Sultan Hasanuddin International Airport,Lion Air,JT,739,,,Unknown,2026-08-02 05:49:45
CGK,departures,2026-08-01,01:10,,JT2792,,UPG,Makassar Sultan Hasanuddin International Airport,Lion Air,JT,738,,,Unknown,2026-08-02 05:49:45
CGK,departures,2026-08-01,01:10,,JT1852,,UPG,Makassar Sultan Hasanuddin International Airport,Lion Air,JT,738,,,Unknown,2026-08-02 05:49:45
CGK,departures,2026-08-01,01:10,01:10,JT986,,UPG,Makassar Sultan Hasanuddin International Airport,Lion Air,JT,738,,,Estimated dep 01:10*,2026-08-02 05:49:45
CGK,departures,2026-08-01,01:10,01:16,JT898,LNI898,UPG,Makassar Sultan Hasanuddin International Airport,Lion Air,JT,B739,Boeing 737-9GP(ER),PK-LHP,Departed 01:16,2026-08-02 05:49:45
CGK,departures,2026-08-01,01:15,02:42,GA648,GIA648,TTE,Ternate Babullah Airport,Garuda Indonesia (From Nature to Future Livery),GA,B738,Boeing 737-8U3,PK-GFX,Departed 02:42,2026-08-02 05:49:45
CGK,departures,2026-08-01,01:30,01:52,VN634,HVN634,HAN,Hanoi Noi Bai International Airport,Vietnam Airlines,VN,A321,Airbus A321-231,VN-A608,Departed 01:52,2026-08-02 05:49:45
CGK,departures,2026-08-01,01:30,,ID6274,,MDC,Manado Sam Ratulangi International Airport,Batik Air,ID,738,,,Canceled,2026-08-02 05:49:45
CGK,departures,2026-08-01,01:40,,QG210,,AMQ,Ambon Pattimura Airport,Citilink,QG,A320,Airbus A320-214,PK-GLS,Canceled,2026-08-02 05:49:45
CGK,departures,2026-08-01,01:45,01:54,CA978,CCA978,PEK,Beijing Capital International Airport,Air China,CA,A333,Airbus A330-343,B-5948,Departed 01:54,2026-08-02 05:49:45
CGK,departures,2026-08-01,01:55,02:03,GA716,GIA716,MEL,Melbourne Airport,Garuda Indonesia,GA,A333,Airbus A330-343,PK-GPU,Departed 02:03,2026-08-02 05:49:45
CGK,departures,2026-08-01,02:00,,ID6751,,UPG,Makassar Sultan Hasanuddin International Airport,Batik Air,ID,32A,,,Unknown,2026-08-02 05:49:45
CGK,departures,2026-08-01,02:00,,ID6770,,UPG,Makassar Sultan Hasanuddin International Airport,Batik Air,ID,32A,,,Unknown,2026-08-02 05:49:45
CGK,departures,2026-08-01,02:00,02:15,ID6742,BTK6742,MDC,Manado Sam Ratulangi International Airport,Batik Air,ID,B738,Boeing 737-8GP,PK-LZV,Departed 02:15,2026-08-02 05:49:45
CGK,departures,2026-08-01,02:00,02:11,ID6540,BTK6540,KOE,Kupang El Tari Airport,Batik Air,ID,A320,Airbus A320-214,PK-BLC,Departed 02:11,2026-08-02 05:49:45
CGK,departures,2026-08-01,02:00,02:06,ID6264,BTK6264,UPG,Makassar Sultan Hasanuddin International Airport,Batik Air,ID,A320,Airbus A320-214,PK-BKV,Departed 02:06,2026-08-02 05:49:45
CGK,departures,2026-08-01,02:05,02:18,QG602,CTV602,KOE,Kupang El Tari Airport,Citilink,QG,A320,Airbus A320-214,PK-GLK,Departed 02:18,2026-08-02 05:49:45
CGK,departures,2026-08-01,02:15,02:24,KE438,KAL438,ICN,Seoul Incheon International Airport,Korean Air,KE,B77W,Boeing 777-3B5(ER),HL8209,Departed 02:24,2026-08-02 05:49:45
CGK,departures,2026-08-01,02:20,02:38,GA622,GIA622,PLW,Palu Mutiara Airport,Garuda Indonesia,GA,B738,Boeing 737-8U3,PK-GNG,Departed 02:38,2026-08-02 05:49:45
CGK,departures,2026-08-01,02:30,02:33,ID6140,BTK6140,TTE,Ternate Babullah Airport,Batik Air,ID,A320,Airbus A320-214,PK-LUK,Departed 02:33,2026-08-02 05:49:45
CGK,departures,2026-08-01,02:30,04:18,3Y924,MYU924,SIN,Singapore Changi Airport,My Indo Airlines,3Y,B733,Boeing 737-39K(SF),PK-MYC,Departed 04:18,2026-08-02 05:49:45
CGK,departures,2026-08-01,02:30,02:46,ID6560,BTK6560,PLW,Palu Mutiara Airport,Batik Air,ID,A320,Airbus A320-214,PK-BLD,Departed 02:46,2026-08-02 05:49:45
CGK,departures,2026-08-01,03:00,03:59,CZ8056,CSN8056,SZX,Shenzhen Bao'an International Airport,China Southern Airlines,CZ,A20N,Airbus A320-251N,B-30F8,Departed 03:59,2026-08-02 05:49:45
CGK,departures,2026-08-01,03:20,03:31,ID6724,BTK6724,KDI,Kendari Haluoleo Airport,Batik Air,ID,B738,Boeing 737-8GP,PK-LBW,Departed 03:31,2026-08-02 05:49:45
CGK,departures,2026-08-01,03:30,03:45,JT690,LNI690,SUB,Surabaya Juanda International Airport,Lion Air,JT,B739,Boeing 737-9GP(ER),PK-LFK,Departed 03:45,2026-08-02 05:49:45
CGK,departures,2026-08-01,03:40,03:52,QG330,CTV330,KDI,Kendari Haluoleo Airport,Citilink,QG,A20N,Airbus A320-251N,PK-GTA,Departed 03:52,2026-08-02 05:49:45
CGK,departures,2026-08-01,03:55,04:23,ID6242,BTK6242,GTO,Gorontalo Jalaluddin Airport,Batik Air,ID,B738,Boeing 737-8GP,PK-LBK,Departed 04:23,2026-08-02 05:49:45
CGK,departures,2026-08-01,04:15,04:25,MH726,MAS726,KUL,Kuala Lumpur International Airport,Malaysia Airlines,MH,B738,Boeing 737-8H6,9M-MXO,Departed 04:25,2026-08-02 05:49:45
CGK,departures,2026-08-01,04:30,04:45,SJ594,SJY594,UPG,Makassar Sultan Hasanuddin International Airport,Sriwijaya Air,SJ,B735,Boeing 737-524,PK-CLF,Departed 04:45,2026-08-02 05:49:45
CGK,departures,2026-08-01,04:30,04:30,SJ592,,UPG,Makassar Sultan Hasanuddin International Airport,Sriwijaya Air,SJ,735,,,Estimated dep 04:30*,2026-08-02 05:49:45
CGK,departures,2026-08-01,04:30,04:50,JT20,LNI020,DPS,Denpasar Ngurah Rai International Airport,Lion Air,JT,B39M,Boeing 737 MAX 9,PK-LRH,Departed 04:50,2026-08-02 05:49:45
CGK,departures,2026-08-01,04:40,04:54,QG680,CTV680,DPS,Denpasar Ngurah Rai International Airport,Citilink,QG,A320,Airbus A320-214,PK-GLY,Departed 04:54,2026-08-02 05:49:45
CGK,departures,2026-08-01,04:45,04:47,ID6430,BTK6430,BEJ,Kalimarau Airport,Batik Air,ID,A320,Airbus A320-214,PK-LZH,Departed 04:47,2026-08-02 05:49:45
CGK,departures,2026-08-01,04:55,05:12,GA644,GIA644,GTO,Gorontalo Jalaluddin Airport,Garuda Indonesia,GA,B738,Boeing 737-8U3,PK-GMC,Departed 05:12,2026-08-02 05:49:45
CGK,departures,2026-08-01,05:00,05:00,8B5161,,LOP,Lombok International Airport,TransNusa,8B,320,,,Estimated dep 05:00*,2026-08-02 05:49:45
CGK,departures,2026-08-01,05:00,05:06,QZ200,AWQ200,KUL,Kuala Lumpur International Airport,AirAsia,AK,A320,Airbus A320-216,PK-AZO,Departed 05:06,2026-08-02 05:49:45
CGK,departures,2026-08-01,05:00,05:03,QG212,CTV212,UPG,Makassar Sultan Hasanuddin International Airport,Citilink,QG,A320,Airbus A320-214,PK-GLI,Departed 05:03,2026-08-02 05:49:45
CGK,departures,2026-08-01,05:00,05:10,IU604,SJV604,BPN,Balikpapan Sepinggan Airport,Super Air Jet,IU,A320,Airbus A320-232,PK-SJG,Departed 05:10,2026-08-02 05:49:45
CGK,departures,2026-08-01,05:00,,JT200,,KNO,Medan Kuala Namu International Airport,Lion Air,JT,739,,,Canceled,2026-08-02 05:49:45
CGK,departures,2026-08-01,05:10,05:23,QG436,CTV436,BPN,Balikpapan Sepinggan Airport,Citilink,QG,A320,Airbus A320-214,PK-GQM,Departed 05:23,2026-08-02 05:49:45
CGK,departures,2026-08-01,05:15,05:24,QG940,CTV940,BTH,Batam Hang Nadim Airport,Citilink,QG,A320,Airbus A320-214,PK-GLG,Departed 05:24,2026-08-02 05:49:45
CGK,departures,2026-08-01,05:15,05:16,OD397,MXD397,KUL,Kuala Lumpur International Airport,Batik Air,ID,B738,Boeing 737-8GP,9M-LNY,Departed 05:16,2026-08-02 05:49:45
CGK,departures,2026-08-01,05:15,,IU814,,PDG,Padang Minangkabau International Airport,Super Air Jet,IU,320,,,Canceled,2026-08-02 05:49:45
CGK,departures,2026-08-01,05:15,05:14,8B675,TNU675,KUL,Kuala Lumpur International Airport,TransNusa,8B,A321,Airbus A321-211,PK-TLG,Departed 05:14,2026-08-02 05:49:45
CGK,departures,2026-08-01,05:20,04:52,JT292,LNI292,PKU,Pekanbaru Sultan Syarif Kasim II Airport,Lion Air,JT,B739,Boeing 737-9GP(ER),PK-LSU,Departed 04:52,2026-08-02 05:49:45
CGK,departures,2026-08-01,05:25,05:34,SQ951,SIA951,SIN,Singapore Changi Airport,Singapore Airlines,SQ,A359,Airbus A350-941,9V-SHU,Departed 05:34,2026-08-02 05:49:45
CGK,departures,2026-08-01,05:25,,IU682,,PNK,Pontianak Supadio Airport,Super Air Jet,IU,320,,,Canceled,2026-08-02 05:49:45
CGK,departures,2026-08-01,05:25,05:33,IU940,SJV940,KNO,Medan Kuala Namu International Airport,Super Air Jet,IU,A320,Airbus A320-232,PK-SGD,Departed 05:33,2026-08-02 05:49:45
CGK,departures,2026-08-01,05:30,05:21,8B633,TNU633,PEN,Penang International Airport,TransNusa,8B,A320,Airbus A320-214,PK-TLC,Departed 05:21,2026-08-02 05:49:42
CGK,departures,2026-08-01,05:30,05:35,QG910,CTV910,KNO,Medan Kuala Namu International Airport,Citilink,QG,A320,Airbus A320-214,PK-GLL,Departed 05:35,2026-08-02 05:49:45
CGK,departures,2026-08-01,05:30,07:50,JT656,LNI656,LOP,Lombok International Airport,Lion Air,JT,B739,Boeing 737-9GP(ER),PK-LHP,Departed 07:50,2026-08-02 05:49:45
CGK,departures,2026-08-01,05:30,05:37,IU850,SJV850,BTH,Batam Hang Nadim Airport,Super Air Jet,IU,A320,Airbus A320-232,PK-SJQ,Departed 05:37,2026-08-02 05:49:45
CGK,departures,2026-08-01,05:30,05:56,IN282,,DPS,Denpasar Ngurah Rai International Airport,Nam Air,IN,B735,Boeing 737-524,PK-NAQ,Estimated dep 05:56*,2026-08-02 05:49:45
CGK,departures,2026-08-01,05:30,05:33,IN190,LKN190,PKN,Pangkalan Bun Iskandar Airport,Nam Air,IN,B735,Boeing 737-524,PK-NAU,Departed 05:33,2026-08-02 05:49:45
CGK,departures,2026-08-01,05:30,,ID6260,,UPG,Makassar Sultan Hasanuddin International Airport,Batik Air,ID,32A,,,Unknown,2026-08-02 05:49:45
CGK,departures,2026-08-01,05:30,05:43,ID6236,BTK6236,UPG,Makassar Sultan Hasanuddin International Airport,Batik Air,ID,A320,Airbus A320-214,PK-LUI,Departed 05:43,2026-08-02 05:49:45
CGK,departures,2026-08-01,05:30,06:35,GA604,GIA604,UPG,Makassar Sultan Hasanuddin International Airport,Garuda Indonesia,GA,B738,Boeing 737-8U3,PK-GFP,Departed 06:35,2026-08-02 05:49:45
CGK,departures,2026-08-01,05:45,05:51,QG936,CTV936,PKU,Pekanbaru Sultan Syarif Kasim II Airport,Citilink,QG,A320,Airbus A320-214,PK-GQC,Departed 05:51,2026-08-02 05:49:42
CGK,departures,2026-08-01,05:50,06:12,IP810,PAS810,KDI,Kendari Haluoleo Airport,Pelita Air,IP,A320,Airbus A320-232,PK-PWL,Departed 06:12,2026-08-02 05:49:42
CGK,departures,2026-08-01,05:50,06:07,GA824,GIA824,SIN,Singapore Changi Airport,Garuda Indonesia,GA,B738,Boeing 737-8U3,PK-GMI,Departed 06:07,2026-08-02 05:49:42
CGK,departures,2026-08-01,06:00,06:00,SJ776,,TTE,Ternate Babullah Airport,Sriwijaya Air,SJ,735,,,Estimated dep 06:00*,2026-08-02 05:49:42
CGK,departures,2026-08-01,06:00,06:08,SJ54,SJY054,TJQ,Tanjung Pandan Buluh Tumbang Airport,BBN Airlines Indonesia,0B,B738,Boeing 737-8BK,PK-BBF,Departed 06:08,2026-08-02 05:49:42
CGK,departures,2026-08-01,06:00,08:34,RI200,OEY200,BPN,Balikpapan Sepinggan Airport,Rimbun Cargo,RI,B733,Boeing 737-3J6(SF),PK-OTO,Departed 08:34,2026-08-02 05:49:42
CGK,departures,2026-08-01,06:00,06:10,QG980,CTV980,PLM,Palembang International Airport,Citilink,QG,A320,Airbus A320-214,PK-GLM,Departed 06:10,2026-08-02 05:49:42
CGK,departures,2026-08-01,06:00,06:32,IU628,SJV628,BDJ,Banjarmasin Syamsudin Noor Airport,Super Air Jet,IU,A320,Airbus A320-232,PK-STZ,Departed 06:32,2026-08-02 05:49:42
CGK,departures,2026-08-01,06:00,06:16,IU254,SJV254,PLW,Palu Mutiara Airport,Super Air Jet,IU,A320,Airbus A320-232,PK-SJS,Departed 06:16,2026-08-02 05:49:42
CGK,departures,2026-08-01,06:00,06:10,IP806,PAS806,UPG,Makassar Sultan Hasanuddin International Airport,Pelita Air,IP,A320,Airbus A320-214,PK-PWK,Departed 06:10,2026-08-02 05:49:42
CGK,departures,2026-08-01,06:00,06:00,IN170,,SMQ,Sampit Airport,Nam Air,IN,735,,,Estimated dep 06:00*,2026-08-02 05:49:42
CGK,departures,2026-08-01,06:00,06:00,IN172,,SMQ,Sampit Airport,Nam Air,IN,735,,,Estimated dep 06:00*,2026-08-02 05:49:42
CGK,departures,2026-08-01,06:00,06:19,ID6368,BTK6368,YIA,Yogyakarta International Airport,Batik Air,ID,A320,Airbus A320-232,PK-BKL,Departed 06:19,2026-08-02 05:49:42
CGK,departures,2026-08-01,06:00,05:59,ID6202,BTK6202,PKN,Pangkalan Bun Iskandar Airport,Batik Air,ID,A320,Airbus A320-214,PK-LAI,Departed 05:59,2026-08-02 05:49:42
CGK,departures,2026-08-01,06:00,,JT3334,,PLM,Palembang International Airport,Lion Air,JT,738,,,Canceled,2026-08-02 05:49:42
CGK,departures,2026-08-01,06:00,06:17,IU796,SJV796,KOE,Kupang El Tari Airport,Super Air Jet,IU,A320,Airbus A320-232,PK-SJR,Departed 06:17,2026-08-02 05:49:42
CGK,departures,2026-08-01,06:05,06:14,QG738,CTV738,SUB,Surabaya Juanda International Airport,Citilink,QG,A320,Airbus A320-214,PK-GQO,Departed 06:14,2026-08-02 05:49:42
CGK,departures,2026-08-01,06:10,06:15,QZ222,AWQ222,PEN,Penang International Airport,AirAsia,AK,A320,Airbus A320-216,PK-AZL,Departed 06:15,2026-08-02 05:49:42
CGK,departures,2026-08-01,06:10,06:18,QG952,CTV952,PDG,Padang Minangkabau International Airport,Citilink,QG,A320,Airbus A320-214,PK-GQK,Departed 06:18,2026-08-02 05:49:42
CGK,departures,2026-08-01,06:10,06:21,NH836,ANA836,NRT,Tokyo Narita International Airport,All Nippon Airways,NH,B789,Boeing 787-9 Dreamliner,JA885A,Departed 06:21,2026-08-02 05:49:42
CGK,departures,2026-08-01,06:10,06:22,IP350,PAS350,PDG,Padang Minangkabau International Airport,Pelita Air,IP,A320,Airbus A320-214,PK-PWO,Departed 06:22,2026-08-02 05:49:42
CGK,departures,2026-08-01,06:10,06:25,IP300,PAS300,KNO,Medan Kuala Namu International Airport,Pelita Air,IP,A320,Airbus A320-214,PK-PWJ,Departed 06:25,2026-08-02 05:49:42
CGK,departures,2026-08-01,06:15,06:30,GA150,GIA150,BTH,Batam Hang Nadim Airport,Garuda Indonesia,GA,B738,Boeing 737-8SH,PK-GUJ,Departed 06:30,2026-08-02 05:49:42
CGK,departures,2026-08-01,06:20,06:37,QG904,CTV904,TKG,Bandar Lampung Radin Inten II Airport,Citilink,QG,A320,Airbus A320-214,PK-GLO,Departed 06:37,2026-08-02 05:49:42
CGK,departures,2026-08-01,06:20,06:33,QG522,CTV522,SIN,Singapore Changi Airport,Citilink,QG,A320,Airbus A320-214,PK-GQQ,Departed 06:33,2026-08-02 05:49:42
CGK,departures,2026-08-01,06:20,,IU696,,PNK,Pontianak Supadio Airport,Super Air Jet,IU,320,,,Canceled,2026-08-02 05:49:42
CGK,departures,2026-08-01,06:20,,IP140,,LOP,Lombok International Airport,Pelita Air,IP,320,,,Unknown,2026-08-02 05:49:42
CGK,departures,2026-08-01,06:20,06:38,GA500,GIA500,PNK,Pontianak Supadio Airport,Garuda Indonesia,GA,B738,Boeing 737-8SH,PK-GUD,Departed 06:38,2026-08-02 05:49:42
CGK,departures,2026-08-01,06:30,06:29,QZ724,AWQ724,DTB,Siborong-Borong Silangit Airport,AirAsia (Dnars Indonesia Livery),AK,A320,Airbus A320-216,PK-AZN,Departed 06:29,2026-08-02 05:49:42
CGK,departures,2026-08-01,06:30,06:42,IU908,SJV908,PDG,Padang Minangkabau International Airport,Super Air Jet,IU,A320,Airbus A320-232,PK-SAV,Departed 06:42,2026-08-02 05:49:42
CGK,departures,2026-08-01,06:30,06:45,IU820,SJV820,PGK,Pangkal Pinang Depati Amir Airport,Super Air Jet,IU,A320,Airbus A320-232,PK-SAQ,Departed 06:45,2026-08-02 05:49:42
CGK,departures,2026-08-01,06:30,,IP200,,SUB,Surabaya Juanda International Airport,Pelita Air,IP,320,,,Unknown,2026-08-02 05:49:42
CGK,departures,2026-08-01,06:30,06:40,GA530,GIA530,BDJ,Banjarmasin Syamsudin Noor Airport,Garuda Indonesia (Livin' by Mandiri Livery),GA,B738,Boeing 737-86N,PK-GFI,Departed 06:40,2026-08-02 05:49:42
CGK,departures,2026-08-01,06:35,06:44,ID6338,BTK6338,SRG,Semarang Achmad Yani International Airport,Batik Air,ID,A320,Airbus A320-232,PK-BKM,Departed 06:44,2026-08-02 05:49:42
CGK,departures,2026-08-01,06:40,06:43,IP320,PAS320,PKU,Pekanbaru Sultan Syarif Kasim II Airport,Pelita Air,IP,A320,Airbus A320-214,PK-PWD,Departed 06:43,2026-08-02 05:49:42
CGK,departures,2026-08-01,06:40,,IU800,,TKG,Bandar Lampung Radin Inten II Airport,Super Air Jet,IU,320,,,Canceled,2026-08-02 05:49:42
CGK,departures,2026-08-01,06:45,06:52,QZ242,AWQ242,JHB,Johor Bahru Senai International Airport,AirAsia (Lombok Livery),AK,A320,Airbus A320-216,PK-AXU,Departed 06:52,2026-08-02 05:49:42
CGK,departures,2026-08-01,06:45,06:58,QG840,CTV840,BTH,Batam Hang Nadim Airport,Citilink,QG,A320,Airbus A320-214,PK-GQH,Departed 06:58,2026-08-02 05:49:42
CGK,departures,2026-08-01,06:45,06:47,IU956,SJV956,DTB,Siborong-Borong Silangit Airport,Super Air Jet,IU,A320,Airbus A320-232,PK-SJA,Departed 06:47,2026-08-02 05:49:42
CGK,departures,2026-08-01,06:45,07:00,GA456,GIA456,KOE,Kupang El Tari Airport,Garuda Indonesia,GA,B738,Boeing 737-8U3,PK-GMY,Departed 07:00,2026-08-02 05:49:42
CGK,departures,2026-08-01,06:50,07:08,MF8694,CXA8694,NKG,Nanjing Lukou International Airport,Xiamen Air,MF,B38M,Boeing 737 MAX 8,B-1118,Departed 07:08,2026-08-02 05:49:42
CGK,departures,2026-08-01,06:50,07:06,IP310,PAS310,PLM,Palembang International Airport,Pelita Air,IP,A320,Airbus A320-214,PK-PWG,Departed 07:06,2026-08-02 05:49:42
CGK,departures,2026-08-01,06:50,07:19,GA304,GIA304,SUB,Surabaya Juanda International Airport,Garuda Indonesia (Retro 1960 Livery),GA,B738,Boeing 737-8U3,PK-GFM,Departed 07:19,2026-08-02 05:49:42
CGK,departures,2026-08-01,06:55,07:00,QG884,CTV884,DTB,Siborong-Borong Silangit Airport,Citilink,QG,A320,Airbus A320-214,PK-GLP,Departed 07:00,2026-08-02 05:49:42
CGK,departures,2026-08-01,07:00,07:03,QG960,CTV960,DJB,Jambi Sultan Thaha Airport,Citilink,QG,A320,Airbus A320-214,PK-GQF,Departed 07:03,2026-08-02 05:49:42
CGK,departures,2026-08-01,07:00,07:09,QG480,CTV480,BDJ,Banjarmasin Syamsudin Noor Airport,Citilink,QG,A20N,Airbus A320-251N,PK-GTC,Departed 07:09,2026-08-02 05:49:42
CGK,departures,2026-08-01,07:00,07:17,NH872,ANA872,HND,Tokyo Haneda International Airport,All Nippon Airways,NH,B788,Boeing 787-8 Dreamliner,JA804A,Departed 07:17,2026-08-02 05:49:42
CGK,departures,2026-08-01,07:00,,IU924,,PLM,Palembang International Airport,Super Air Jet,IU,320,,,Canceled,2026-08-02 05:49:42
CGK,departures,2026-08-01,07:00,,IU846,,DJB,Jambi Sultan Thaha Airport,Super Air Jet,IU,320,,,Canceled,2026-08-02 05:49:42
CGK,departures,2026-08-01,07:00,,IU510,,BPN,Balikpapan Sepinggan Airport,Super Air Jet,IU,320,,,Canceled,2026-08-02 05:49:42
CGK,departures,2026-08-01,07:00,05:39,IU762,SJV762,LOP,Lombok International Airport,Super Air Jet,IU,A320,Airbus A320-232,PK-SJI,Departed 05:39,2026-08-02 05:49:42
CGK,departures,2026-08-01,07:00,07:13,ID7011,BTK7011,KNO,Medan Kuala Namu International Airport,Batik Air,ID,A320,Airbus A320-214,PK-LUH,Departed 07:13,2026-08-02 05:49:42
CGK,departures,2026-08-01,07:00,07:26,GA610,GIA610,UPG,Makassar Sultan Hasanuddin International Airport,Garuda Indonesia,GA,B738,Boeing 737-8U3,PK-GNH,Departed 07:26,2026-08-02 05:49:42
CGK,departures,2026-08-01,07:05,07:04,QZ178,AWQ178,TKG,Bandar Lampung Radin Inten II Airport,AirAsia,AK,A320,Airbus A320-216,PK-AXT,Departed 07:04,2026-08-02 05:49:42
CGK,departures,2026-08-01,07:05,07:24,MF856,CXA856,FOC,Fuzhou Changle International Airport,Xiamen Air,MF,B38M,Boeing 737 MAX 8,B-226U,Departed 07:24,2026-08-02 05:49:42
CGK,departures,2026-08-01,07:05,07:31,GA402,GIA402,DPS,Denpasar Ngurah Rai International Airport,Garuda Indonesia,GA,B738,Boeing 737-81M,PK-GUC,Departed 07:31,2026-08-02 05:49:42
CGK,departures,2026-08-01,07:05,07:22,GA182,GIA182,KNO,Medan Kuala Namu International Airport,Garuda Indonesia,GA,B738,Boeing 737-8SH,PK-GUE,Departed 07:22,2026-08-02 05:49:42
CGK,departures,2026-08-01,07:10,07:28,8B5104,TNU5104,DPS,Denpasar Ngurah Rai International Airport,TransNusa,8B,A320,Airbus A320-214,PK-TLP,Departed 07:28,2026-08-02 05:49:42
CGK,departures,2026-08-01,07:15,07:35,IP616,PAS616,BDJ,Banjarmasin Syamsudin Noor Airport,Pelita Air,IP,A320,Airbus A320-216,PK-PWN,Departed 07:35,2026-08-02 05:49:42
CGK,departures,2026-08-01,07:20,07:31,IP988,PAS988,SIN,Singapore Changi Airport,Pelita Air,IP,A320,Airbus A320-214,PK-PWE,Departed 07:31,2026-08-02 05:49:42
CGK,departures,2026-08-01,07:30,07:39,ID6228,BTK6228,PNK,Pontianak Supadio Airport,Batik Air,ID,A320,Airbus A320-214,PK-LAY,Departed 07:39,2026-08-02 05:49:42
CGK,departures,2026-08-01,07:30,07:47,GA950,GIA950,JED,Jeddah King Abdulaziz International Airport,Garuda Indonesia,GA,A339,Airbus A330-941,PK-GHH,Departed 07:47,2026-08-02 05:49:42
CGK,departures,2026-08-01,07:30,07:56,GA432,GIA432,LOP,Lombok International Airport,Garuda Indonesia,GA,B738,Boeing 737-8U3,PK-GUG,Departed 07:56,2026-08-02 05:49:42
CGK,departures,2026-08-01,07:30,08:03,GA140,GIA140,BTJ,Banda Aceh International Airport,Garuda Indonesia,GA,B738,Boeing 737-8SA,PK-GUH,Departed 08:03,2026-08-02 05:49:42
CGK,departures,2026-08-01,07:35,07:39,QG972,CTV972,PGK,Pangkal Pinang Depati Amir Airport,Citilink,QG,A20N,Airbus A320-251N,PK-GTG,Departed 07:39,2026-08-02 05:49:42
CGK,departures,2026-08-01,07:35,08:00,GA232,GIA232,SRG,Semarang Achmad Yani International Airport,Garuda Indonesia,GA,B738,Boeing 737-8SA,PK-GUI,Departed 08:00,2026-08-02 05:49:42
CGK,departures,2026-08-01,07:35,07:49,GA102,GIA102,PLM,Palembang International Airport,Garuda Indonesia,GA,B738,Boeing 737-8H6,PK-GUL,Departed 07:49,2026-08-02 05:49:42
CGK,departures,2026-08-01,07:40,,IU856,,BTH,Batam Hang Nadim Airport,Super Air Jet,IU,320,,,Canceled,2026-08-02 05:49:42
CGK,departures,2026-08-01,07:45,07:51,JT114,LNI114,JED,Jeddah King Abdulaziz International Airport,Garuda Indonesia,GA,A339,Airbus A330-941,PK-LET,Departed 07:51,2026-08-02 05:49:42
CGK,departures,2026-08-01,07:45,07:58,ID7153,BTK7153,SIN,Singapore Changi Airport,Batik Air,ID,A320,Airbus A320-232,PK-BLA,Departed 07:58,2026-08-02 05:49:42
CGK,departures,2026-08-01,07:50,08:27,GA580,GIA580,AAP,Samarinda AP Tumenggung Pranoto Airport,Garuda Indonesia,GA,B738,Boeing 737-8U3,PK-GFH,Departed 08:27,2026-08-02 05:49:42
CGK,departures,2026-08-01,07:50,08:07,GA302,GIA302,SUB,Surabaya Juanda International Airport,Garuda Indonesia (Pocari Sweat Livery),GA,B738,Boeing 737-86N,PK-GNN,Departed 08:07,2026-08-02 05:49:42
CGK,departures,2026-08-01,07:50,08:06,GA204,GIA204,YIA,Yogyakarta International Airport,Garuda Indonesia (Pokémon Livery),GA,B738,Boeing 737-8U3,PK-GMU,Departed 08:06,2026-08-02 05:49:42
CGK,departures,2026-08-01,07:55,07:53,8B151,TNU151,SIN,Singapore Changi Airport,TransNusa,8B,A321,Airbus A321-211,PK-TLK,Departed 07:53,2026-08-02 05:49:42
CGK,departures,2026-08-01,07:55,,IU812,,PDG,Padang Minangkabau International Airport,Super Air Jet,IU,320,,,Canceled,2026-08-02 05:49:42
CGK,departures,2026-08-01,07:55,08:19,GA172,GIA172,PKU,Pekanbaru Sultan Syarif Kasim II Airport,Garuda Indonesia,GA,B738,Boeing 737-8U3,PK-GMD,Departed 08:19,2026-08-02 05:49:42
CGK,departures,2026-08-01,08:00,08:15,IU834,SJV834,BKS,Bengkulu Fatmawati Soekarno Airport,Super Air Jet (Our Super 50th Jet Livery),IU,A320,Airbus A320-232,PK-STQ,Departed 08:15,2026-08-02 05:49:42
CGK,departures,2026-08-01,08:00,,RI310,,GTO,Gorontalo Jalaluddin Airport,Rimbun Air,RI,73Y,,,Unknown,2026-08-02 05:49:42
CGK,departures,2026-08-01,08:00,08:12,QG912,CTV912,KNO,Medan Kuala Namu International Airport,Citilink,QG,A320,Airbus A320-214,PK-GLU,Departed 08:12,2026-08-02 05:49:42
CGK,departures,2026-08-01,08:00,,IU512,,BPN,Balikpapan Sepinggan Airport,Super Air Jet,IU,320,,,Canceled,2026-08-02 05:49:42
CGK,departures,2026-08-01,08:00,08:22,ID7533,BTK7533,YIA,Yogyakarta International Airport,Batik Air,ID,A320,Airbus A320-214,PK-LAT,Departed 08:22,2026-08-02 05:49:42
CGK,departures,2026-08-01,08:00,08:28,ID6852,BTK6852,PKU,Pekanbaru Sultan Syarif Kasim II Airport,Batik Air,ID,A320,Airbus A320-214,PK-LUW,Departed 08:28,2026-08-02 05:49:42
CGK,departures,2026-08-01,08:00,08:02,ID6584,BTK6584,SUB,Surabaya Juanda International Airport,Batik Air,ID,A320,Airbus A320-214,PK-LAO,Departed 08:02,2026-08-02 05:49:42
CGK,departures,2026-08-01,08:00,08:13,CX718,CPA718,HKG,Hong Kong International Airport,Cathay Pacific,CX,B773,Boeing 777-367,B-HNP,Departed 08:13,2026-08-02 05:49:42
CGK,departures,2026-08-01,08:05,08:10,SQ953,SIA953,SIN,Singapore Changi Airport,Singapore Airlines,SQ,B77W,Boeing 777-312(ER),9V-SWV,Departed 08:10,2026-08-02 05:49:42
CGK,departures,2026-08-01,08:05,08:05,QG438,CTV438,BPN,Balikpapan Sepinggan Airport,Citilink,QG,A320,Airbus A320-214,PK-GLT,Departed 08:05,2026-08-02 05:49:42
CGK,departures,2026-08-01,08:05,08:15,QG762,CTV762,SOC,Surakarta Adisumarmo International Airport,Citilink,QG,A320,Airbus A320-214,PK-GQD,Departed 08:15,2026-08-02 05:49:42
CGK,departures,2026-08-01,08:05,,JT204,,KNO,Medan Kuala Namu International Airport,Lion Air,JT,739,,,Unknown,2026-08-02 05:49:42
CGK,departures,2026-08-01,08:20,,ID6860,,BTH,Batam Hang Nadim Airport,Batik Air,ID,32A,,,Canceled,2026-08-02 05:49:42
CGK,departures,2026-08-01,08:25,08:32,IP202,PAS202,SUB,Surabaya Juanda International Airport,Pelita Air,IP,A320,Airbus A320-214,PK-PWQ,Departed 08:32,2026-08-02 05:49:42
CGK,departures,2026-08-01,08:30,06:01,QZ806,,DPS,Denpasar Ngurah Rai International Airport,AirAsia,AK,A320,Airbus A320-216,PK-AZF,Estimated dep 06:01*,2026-08-02 05:49:42
CGK,departures,2026-08-01,08:30,12:29,JT30,LNI030,DPS,Denpasar Ngurah Rai International Airport,Lion Air,JT,B739,Boeing 737-96N(ER),PK-LSY,Departed 12:29,2026-08-02 05:49:42
CGK,departures,2026-08-01,08:30,08:34,IU370,SJV370,BWX,Blimbingsari Airport,Super Air Jet,IU,A320,Airbus A320-232,PK-STG,Departed 08:34,2026-08-02 05:49:42
CGK,departures,2026-08-01,08:30,08:50,GA820,GIA820,KUL,Kuala Lumpur International Airport,Garuda Indonesia,GA,B738,Boeing 737-8U3,PK-GNR,Departed 08:50,2026-08-02 05:49:42
CGK,departures,2026-08-01,08:30,08:54,GA406,GIA406,DPS,Denpasar Ngurah Rai International Airport,Garuda Indonesia,GA,B738,Boeing 737-8U3,PK-GUF,Departed 08:54,2026-08-02 05:49:42
CGK,departures,2026-08-01,08:30,08:37,GA76,GIA076,TKG,Bandar Lampung Radin Inten II Airport,Garuda Indonesia,GA,B738,Boeing 737-8U3,PK-GNC,Departed 08:37,2026-08-02 05:49:42
CGK,departures,2026-08-01,08:35,09:25,JT1994,,UPG,Makassar Sultan Hasanuddin International Airport,Lion Air,JT,738,,,Unknown,2026-08-02 05:49:39
CGK,departures,2026-08-01,08:35,14:27,JT892,LNI892,UPG,Makassar Sultan Hasanuddin International Airport,Lion Air,JT,B739,Boeing 737-9GP(ER),PK-LFK,Departed 14:27,2026-08-02 05:49:39
CGK,departures,2026-08-01,08:35,08:47,IU922,SJV922,PLM,Palembang International Airport,Super Air Jet,IU,A320,Airbus A320-232,PK-STS,Departed 08:47,2026-08-02 05:49:39
CGK,departures,2026-08-01,08:35,08:58,IP342,PAS342,BTJ,Banda Aceh International Airport,Pelita Air,IP,A320,Airbus A320-214,PK-PWH,Departed 08:58,2026-08-02 05:49:39
CGK,departures,2026-08-01,08:35,08:49,ID6566,BTK6566,MLG,Malang Abdul Rachman Saleh Airport,Batik Air,ID,A320,Airbus A320-214,PK-LUV,Departed 08:49,2026-08-02 05:49:39
CGK,departures,2026-08-01,08:35,08:45,GA828,GIA828,SIN,Singapore Changi Airport,Garuda Indonesia,GA,B738,Boeing 737-8U3,PK-GFF,Departed 08:45,2026-08-02 05:49:42
CGK,departures,2026-08-01,08:35,08:52,GA564,GIA564,BPN,Balikpapan Sepinggan Airport,Garuda Indonesia (Ayo Pakai Masker Livery),GA,B738,Boeing 737-81D,PK-GFQ,Departed 08:52,2026-08-02 05:49:42
CGK,departures,2026-08-01,08:35,09:04,AK381,AXM381,KUL,Kuala Lumpur International Airport,AirAsia,AK,A320,Airbus A320-214,9M-AFE,Departed 09:04,2026-08-02 05:49:42
CGK,departures,2026-08-01,08:45,09:06,GA222,GIA222,SOC,Surakarta Adisumarmo International Airport,Garuda Indonesia,GA,B738,Boeing 737-8U3,PK-GMV,Departed 09:06,2026-08-02 05:49:39
CGK,departures,2026-08-01,08:50,09:10,GA322,GIA322,SUB,Surabaya Juanda International Airport,Garuda Indonesia,GA,B738,Boeing 737-8BK,PK-GFG,Departed 09:10,2026-08-02 05:49:39
CGK,departures,2026-08-01,09:00,10:23,JT256,LNI256,PDG,Padang Minangkabau International Airport,Lion Air,JT,B739,Boeing 737-9GP(ER),PK-LHS,Departed 10:23,2026-08-02 05:49:39
CGK,departures,2026-08-01,09:00,09:16,QR959,QTR959,DOH,Doha Hamad International Airport,Qatar Airways (Oneworld Livery),QR,A359,Airbus A350-941,A7-ALZ,Departed 09:16,2026-08-02 05:49:39
CGK,departures,2026-08-01,09:00,09:01,QG640,CTV640,LOP,Lombok International Airport,Citilink,QG,A320,Airbus A320-214,PK-GQE,Departed 09:01,2026-08-02 05:49:39
CGK,departures,2026-08-01,09:00,09:12,QG490,CTV490,BDJ,Banjarmasin Syamsudin Noor Airport,Citilink,QG,A320,Airbus A320-214,PK-GQG,Departed 09:12,2026-08-02 05:49:39
CGK,departures,2026-08-01,09:00,09:00,OD399,MXD399,KUL,Kuala Lumpur International Airport,Batik Air,ID,B738,Boeing 737-8GP,9M-LNV,Departed 09:00,2026-08-02 05:49:39
CGK,departures,2026-08-01,09:00,09:05,JT241,,SUB,Surabaya Juanda International Airport,Lion Air,JT,739,,,Estimated dep 09:05*,2026-08-02 05:49:39
CGK,departures,2026-08-01,09:00,09:49,IU602,SJV602,BPN,Balikpapan Sepinggan Airport,Super Air Jet,IU,A320,Airbus A320-232,PK-SAH,Departed 09:49,2026-08-02 05:49:39
CGK,departures,2026-08-01,09:00,09:08,ID7157,BTK7157,SIN,Singapore Changi Airport,Batik Air,ID,A320,Airbus A320-214,PK-BKY,Departed 09:08,2026-08-02 05:49:39
CGK,departures,2026-08-01,09:00,,ID6762,,UPG,Makassar Sultan Hasanuddin International Airport,Batik Air,ID,32A,,,Unknown,2026-08-02 05:49:39
CGK,departures,2026-08-01,09:00,,ID6554,,UPG,Makassar Sultan Hasanuddin International Airport,Batik Air,ID,32A,,,Canceled,2026-08-02 05:49:39
CGK,departures,2026-08-01,09:00,09:19,ID6292,BTK6292,UPG,Makassar Sultan Hasanuddin International Airport,Batik Air,ID,A320,Airbus A320-214,PK-LUJ,Departed 09:19,2026-08-02 05:49:39
CGK,departures,2026-08-01,09:00,09:12,ID6804,BTK6804,DJB,Jambi Sultan Thaha Airport,Batik Air,ID,A320,Airbus A320-214,PK-LUF,Departed 09:12,2026-08-02 05:49:39
CGK,departures,2026-08-01,09:00,09:28,GA990,GIA990,JED,Jeddah King Abdulaziz International Airport,Garuda Indonesia,GA,B77W,Boeing 777-3U3(ER),PK-GIA,Departed 09:28,2026-08-02 05:49:39
CGK,departures,2026-08-01,09:05,09:34,QG932,CTV932,PKU,Pekanbaru Sultan Syarif Kasim II Airport,Citilink,QG,A320,Airbus A320-214,PK-GLO,Departed 09:34,2026-08-02 05:49:39
CGK,departures,2026-08-01,09:05,09:38,ID6256,BTK6256,AAP,Samarinda AP Tumenggung Pranoto Airport,Batik Air,ID,A320,Airbus A320-214,PK-BLD,Departed 09:38,2026-08-02 05:49:39
CGK,departures,2026-08-01,09:05,09:20,JT694,LNI694,SUB,Surabaya Juanda International Airport,Lion Air,JT,B738,Boeing 737-8GP,PK-LOQ,Departed 09:20,2026-08-02 05:49:39
CGK,departures,2026-08-01,09:05,09:31,GA126,GIA126,DJB,Jambi Sultan Thaha Airport,Garuda Indonesia,GA,B738,Boeing 737-8U3,PK-GMA,Departed 09:31,2026-08-02 05:49:39
CGK,departures,2026-08-01,09:10,09:44,SV817,SVA817,JED,Jeddah King Abdulaziz International Airport,Saudia,SV,B77W,Boeing 777-368(ER),HZ-AK17,Departed 09:44,2026-08-02 05:49:39
CGK,departures,2026-08-01,09:10,09:08,QG994,CTV994,TKG,Bandar Lampung Radin Inten II Airport,Citilink,QG,A320,Airbus A320-214,PK-GQS,Departed 09:08,2026-08-02 05:49:39
CGK,departures,2026-08-01,09:10,09:19,QG772,CTV772,YIA,Yogyakarta International Airport,Citilink,QG,A320,Airbus A320-214,PK-GQN,Departed 09:19,2026-08-02 05:49:39
CGK,departures,2026-08-01,09:10,09:40,MH712,MAS712,KUL,Kuala Lumpur International Airport,Malaysia Airlines,MH,B738,Boeing 737-8H6,9M-MXN,Departed 09:40,2026-08-02 05:49:39
CGK,departures,2026-08-01,09:10,09:21,IP102,PAS102,DPS,Denpasar Ngurah Rai International Airport,Pelita Air,IP,A320,Airbus A320-214,PK-PWP,Departed 09:21,2026-08-02 05:49:39
CGK,departures,2026-08-01,09:10,09:26,CZ388,CSN388,CAN,Guangzhou Baiyun International Airport,China Southern Airlines,CZ,A21N,Airbus A321-253NX,B-327G,Departed 09:26,2026-08-02 05:49:39
CGK,departures,2026-08-01,09:15,,8K801,,SIN,Singapore Changi Airport,Exploits Valley Air Services,8K,73P,,,Unknown,2026-08-02 05:49:39
CGK,departures,2026-08-01,09:15,09:22,QG718,CTV718,SUB,Surabaya Juanda International Airport,Citilink,QG,A320,Airbus A320-214,PK-GQP,Departed 09:22,2026-08-02 05:49:39
CGK,departures,2026-08-01,09:15,,ID7161,,PEN,Penang International Airport,Batik Air,ID,738,,,Canceled,2026-08-02 05:49:39
CGK,departures,2026-08-01,09:20,09:54,GA600,GIA600,MDC,Manado Sam Ratulangi International Airport,Garuda Indonesia,GA,B738,Boeing 737-8U3,PK-GMW,Departed 09:54,2026-08-02 05:49:39
CGK,departures,2026-08-01,09:25,09:51,SQ955,SIA955,SIN,Singapore Changi Airport,"Singapore Airlines (10,000th Airbus Sticker)",SQ,A359,Airbus A350-941,9V-SMF,Departed 09:51,2026-08-02 05:49:39
CGK,departures,2026-08-01,09:25,09:37,ID7631,BTK7631,DMK,Bangkok Don Mueang International Airport,Batik Air,ID,A320,Airbus A320-214,PK-BKQ,Departed 09:37,2026-08-02 05:49:39
CGK,departures,2026-08-01,09:25,09:32,ID6824,BTK6824,TNJ,Tanjung Pinang Raja Haji Fisabilillah Airport,Batik Air,ID,A320,Airbus A320-233,PK-BKG,Departed 09:32,2026-08-02 05:49:39
CGK,departures,2026-08-01,09:25,09:52,GA148,GIA148,PDG,Padang Minangkabau International Airport,Garuda Indonesia,GA,B738,Boeing 737-8U3,PK-GMM,Departed 09:52,2026-08-02 05:49:39
CGK,departures,2026-08-01,09:30,09:36,JT170,LNI170,TKG,Bandar Lampung Radin Inten II Airport,Lion Air,JT,B738,Boeing 737-8GP,PK-LKQ,Departed 09:36,2026-08-02 05:49:39
CGK,departures,2026-08-01,09:30,,ID6658,,LOP,Lombok International Airport,Batik Air,ID,32A,,,Canceled,2026-08-02 05:49:39
CGK,departures,2026-08-01,09:30,09:47,GA866,GIA866,BKK,Bangkok Suvarnabhumi Airport,Garuda Indonesia,GA,B738,Boeing 737-8U3,PK-GNM,Departed 09:47,2026-08-02 05:49:39
CGK,departures,2026-08-01,09:30,09:56,GA404,GIA404,DPS,Denpasar Ngurah Rai International Airport,Garuda Indonesia,GA,B738,Boeing 737-8U3,PK-GNG,Departed 09:56,2026-08-02 05:49:39
CGK,departures,2026-08-01,09:30,09:58,GA184,GIA184,KNO,Medan Kuala Namu International Airport,Garuda Indonesia,GA,B738,Boeing 737-8U3,PK-GFD,Departed 09:58,2026-08-02 05:49:39
CGK,departures,2026-08-01,09:35,10:02,TR275,TGW275,SIN,Singapore Changi Airport,Scoot,TR,A20N,Airbus A320-271N,9V-TNJ,Departed 10:02,2026-08-02 05:49:39
CGK,departures,2026-08-01,09:35,09:34,QZ530,AWQ530,KCH,Kuching International Airport,AirAsia,AK,A320,Airbus A320-216,PK-AXT,Departed 09:34,2026-08-02 05:49:39
CGK,departures,2026-08-01,09:35,09:50,QG752,CTV752,MLG,Malang Abdul Rachman Saleh Airport,Citilink,QG,A320,Airbus A320-214,PK-GLM,Departed 09:50,2026-08-02 05:49:39
CGK,departures,2026-08-01,09:35,,JT712,,PNK,Pontianak Supadio Airport,Lion Air,JT,738,,,Unknown,2026-08-02 05:49:39
CGK,departures,2026-08-01,09:35,09:42,GA152,GIA152,BTH,Batam Hang Nadim Airport,Garuda Indonesia,GA,B738,Boeing 737-8U3,PK-GMP,Departed 09:42,2026-08-02 05:49:39
CGK,departures,2026-08-01,09:40,09:46,SJ72,SJY072,PGK,Pangkal Pinang Depati Amir Airport,BBN Airlines Indonesia,0B,B738,Boeing 737-8BK,PK-BBF,Departed 09:46,2026-08-02 05:49:39
CGK,departures,2026-08-01,09:40,11:45,JT34,LNI034,DPS,Denpasar Ngurah Rai International Airport,Lion Air,JT,B39M,Boeing 737 MAX 9,PK-LRH,Departed 11:45,2026-08-02 05:49:39
CGK,departures,2026-08-01,09:40,10:07,GA646,GIA646,AMQ,Ambon Pattimura Airport,Garuda Indonesia,GA,B738,Boeing 737-81M,PK-GUA,Departed 10:07,2026-08-02 05:49:39
CGK,departures,2026-08-01,09:45,10:22,QZ802,AWQ802,DPS,Denpasar Ngurah Rai International Airport,AirAsia,AK,A320,Airbus A320-216,PK-AZO,Departed 10:22,2026-08-02 05:49:39
CGK,departures,2026-08-01,09:50,10:06,ID6526,BTK6526,LBJ,Labuan Bajo Komodo Airport,Batik Air,ID,A320,Airbus A320-214,PK-LAM,Departed 10:06,2026-08-02 05:49:39
CGK,departures,2026-08-01,09:50,09:57,QG984,CTV984,PLM,Palembang International Airport,Citilink,QG,A320,Airbus A320-214,PK-GQA,Departed 09:57,2026-08-02 05:49:39
CGK,departures,2026-08-01,09:50,10:14,JT1740,,UPG,Makassar Sultan Hasanuddin International Airport,Lion Air,JT,739,,,Estimated dep 10:14*,2026-08-02 05:49:39
CGK,departures,2026-08-01,09:50,09:50,JT2778,,UPG,Makassar Sultan Hasanuddin International Airport,Lion Air,JT,738,,,Estimated dep 09:50*,2026-08-02 05:49:39
CGK,departures,2026-08-01,09:50,10:00,JT1774,,UPG,Makassar Sultan Hasanuddin International Airport,Lion Air,JT,738,,,Estimated dep 10:00*,2026-08-02 05:49:39
CGK,departures,2026-08-01,09:50,,IU626,,BDJ,Banjarmasin Syamsudin Noor Airport,Super Air Jet,IU,320,,,Canceled,2026-08-02 05:49:39
CGK,departures,2026-08-01,09:50,,ID6819,,YIA,Yogyakarta International Airport,Batik Air,ID,32A,,,Unknown,2026-08-02 05:49:39
CGK,departures,2026-08-01,09:50,,ID6807,,SRG,Semarang Achmad Yani International Airport,Batik Air,ID,32A,,,Unknown,2026-08-02 05:49:39
CGK,departures,2026-08-01,09:50,10:00,JT774,LNI774,UPG,Makassar Sultan Hasanuddin International Airport,Lion Air,JT,B739,Boeing 737-9GP(ER),PK-LJG,Departed 10:00,2026-08-02 05:49:39
CGK,departures,2026-08-01,09:50,10:13,ID6378,BTK6378,YIA,Yogyakarta International Airport,Batik Air,ID,A320,Airbus A320-232,PK-BKL,Departed 10:13,2026-08-02 05:49:39
CGK,departures,2026-08-01,09:50,10:17,ID6350,BTK6350,SRG,Semarang Achmad Yani International Airport,Batik Air,ID,A320,Airbus A320-214,PK-BLC,Departed 10:17,2026-08-02 05:49:39
CGK,departures,2026-08-01,09:55,10:10,GA202,GIA202,YIA,Yogyakarta International Airport,Garuda Indonesia,GA,B738,Boeing 737-8U3,PK-GFW,Departed 10:10,2026-08-02 05:49:39
CGK,departures,2026-08-01,10:00,10:04,QG686,CTV686,DPS,Denpasar Ngurah Rai International Airport,Citilink,QG,A320,Airbus A320-214,PK-GLK,Departed 10:04,2026-08-02 05:49:39
CGK,departures,2026-08-01,10:00,,IU830,,BKS,Bengkulu Fatmawati Soekarno Airport,Super Air Jet,IU,320,,,Canceled,2026-08-02 05:49:39
CGK,departures,2026-08-01,10:00,10:01,ID7282,BTK7282,KUL,Kuala Lumpur International Airport,Batik Air,ID,B738,Boeing 737-86N,PK-BGZ,Departed 10:01,2026-08-02 05:49:39
CGK,departures,2026-08-01,10:05,11:46,JT206,LNI206,KNO,Medan Kuala Namu International Airport,Lion Air,JT,B739,Boeing 737-9GP(ER),PK-LSK,Departed 11:46,2026-08-02 05:49:39
CGK,departures,2026-08-01,10:05,10:27,IU842,SJV842,DJB,Jambi Sultan Thaha Airport,Super Air Jet,IU,A320,Airbus A320-232,PK-SAQ,Departed 10:27,2026-08-02 05:49:39
CGK,departures,2026-08-01,10:05,10:10,JT390,LNI390,PKU,Pekanbaru Sultan Syarif Kasim II Airport,Lion Air,JT,B738,Boeing 737-8GP,PK-LJQ,Departed 10:10,2026-08-02 05:49:39
CGK,departures,2026-08-01,10:15,,IU822,,PGK,Pangkal Pinang Depati Amir Airport,Super Air Jet,IU,320,,,Canceled,2026-08-02 05:49:39
CGK,departures,2026-08-01,10:15,10:25,ID6864,BTK6864,BTH,Batam Hang Nadim Airport,Batik Air,ID,A320,Airbus A320-214,PK-LAI,Departed 10:25,2026-08-02 05:49:39
CGK,departures,2026-08-01,10:20,10:30,ID6674,BTK6674,TRK,Tarakan Juwata International Airport,Batik Air,ID,B738,Boeing 737-8GP,PK-LBW,Departed 10:30,2026-08-02 05:49:39
CGK,departures,2026-08-01,10:20,11:49,GA136,GIA136,PGK,Pangkal Pinang Depati Amir Airport,Garuda Indonesia (From Nature to Future Livery),GA,B738,Boeing 737-8U3,PK-GFX,Departed 11:49,2026-08-02 05:49:39
CGK,departures,2026-08-01,10:25,10:32,QG974,CTV974,TNJ,Tanjung Pinang Raja Haji Fisabilillah Airport,Citilink,QG,A320,Airbus A320-214,PK-GLG,Departed 10:32,2026-08-02 05:49:39
CGK,departures,2026-08-01,10:25,10:40,QG970,CTV970,PGK,Pangkal Pinang Depati Amir Airport,Citilink,QG,A20N,Airbus A320-251N,PK-GTA,Departed 10:40,2026-08-02 05:49:39
CGK,departures,2026-08-01,10:25,,IU902,,PDG,Padang Minangkabau International Airport,Super Air Jet,IU,320,,,Canceled,2026-08-02 05:49:39
CGK,departures,2026-08-01,10:25,10:41,GA104,GIA104,PLM,Palembang International Airport,Garuda Indonesia,GA,B738,Boeing 737-8U3,PK-GMF,Departed 10:41,2026-08-02 05:49:39
CGK,departures,2026-08-01,10:30,11:10,8B5106,TNU5106,DPS,Denpasar Ngurah Rai International Airport,TransNusa,8B,A320,Airbus A320-214,PK-TLF,Departed 11:10,2026-08-02 05:49:39
CGK,departures,2026-08-01,10:30,10:42,QG990,CTV990,BKS,Bengkulu Fatmawati Soekarno Airport,Citilink,QG,A320,Airbus A320-214,PK-GQC,Departed 10:42,2026-08-02 05:49:39
CGK,departures,2026-08-01,10:30,10:29,IN32,LKN032,BTH,Batam Hang Nadim Airport,Nam Air,IN,B735,Boeing 737-524,PK-NAT,Departed 10:29,2026-08-02 05:49:39
CGK,departures,2026-08-01,10:40,10:48,8B5530,TNU5530,YIA,Yogyakarta International Airport,TransNusa,8B,A321,Airbus A321-211,PK-TLM,Departed 10:48,2026-08-02 05:49:39
CGK,departures,2026-08-01,10:40,12:40,IU994,SJV994,BTJ,Banda Aceh International Airport,Super Air Jet,IU,A320,Airbus A320-232,PK-SJG,Departed 12:40,2026-08-02 05:49:39
CGK,departures,2026-08-01,10:40,10:52,IP204,PAS204,SUB,Surabaya Juanda International Airport,Pelita Air,IP,A320,Airbus A320-214,PK-PWG,Departed 10:52,2026-08-02 05:49:39
CGK,departures,2026-08-01,10:40,11:05,ID6050,BTK6050,DPS,Denpasar Ngurah Rai International Airport,Batik Air,ID,A320,Airbus A320-214,PK-LUP,Departed 11:05,2026-08-02 05:49:39
CGK,departures,2026-08-01,10:45,,IU878,,PLM,Palembang International Airport,Super Air Jet,IU,320,,,Canceled,2026-08-02 05:49:39
CGK,departures,2026-08-01,10:50,11:30,IU650,SJV650,PKY,Palangkaraya Tjilik Riwut Airport,Super Air Jet,IU,A320,Airbus A320-232,PK-SJI,Departed 11:30,2026-08-02 05:49:39
CGK,departures,2026-08-01,10:50,12:23,GA238,GIA238,SRG,Semarang Achmad Yani International Airport,Garuda Indonesia (Livin' by Mandiri Livery),GA,B738,Boeing 737-86N,PK-GFI,Departed 12:23,2026-08-02 05:49:39
CGK,departures,2026-08-01,10:55,11:36,IU912,SJV912,PKU,Pekanbaru Sultan Syarif Kasim II Airport,Super Air Jet,IU,A320,Airbus A320-232,PK-SJW,Departed 11:36,2026-08-02 05:49:39
CGK,departures,2026-08-01,11:00,11:12,SQ957,SIA957,SIN,Singapore Changi Airport,Singapore Airlines,SQ,A359,Airbus A350-941,9V-SMA,Departed 11:12,2026-08-02 05:49:39
CGK,departures,2026-08-01,11:00,11:10,QG942,CTV942,BTH,Batam Hang Nadim Airport,Citilink,QG,A320,Airbus A320-214,PK-GQF,Departed 11:10,2026-08-02 05:49:39
CGK,departures,2026-08-01,11:00,10:59,ID7155,BTK7155,SIN,Singapore Changi Airport,Batik Air,ID,B738,Boeing 737-8GP,PK-LZV,Departed 10:59,2026-08-02 05:49:39
CGK,departures,2026-08-01,11:00,11:08,ID6656,BTK6656,LOP,Lombok International Airport,Batik Air,ID,A320,Airbus A320-214,PK-LZH,Departed 11:08,2026-08-02 05:49:39
CGK,departures,2026-08-01,11:00,11:02,ID6250,BTK6250,BPN,Balikpapan Sepinggan Airport,Batik Air,ID,A320,Airbus A320-214,PK-LUR,Departed 11:02,2026-08-02 05:49:39
CGK,departures,2026-08-01,11:00,11:16,GA430,GIA430,LOP,Lombok International Airport,Garuda Indonesia,GA,B738,Boeing 737-86N,PK-GFJ,Departed 11:16,2026-08-02 05:49:39
CGK,departures,2026-08-01,11:00,10:57,8B673,TNU673,KUL,Kuala Lumpur International Airport,TransNusa,8B,A321,Airbus A321-211,PK-TLG,Departed 10:57,2026-08-02 05:49:39
CGK,departures,2026-08-01,11:10,11:25,QZ220,AWQ220,PEN,Penang International Airport,AirAsia,AK,A320,Airbus A320-216,PK-AZF,Departed 11:25,2026-08-02 05:49:36
CGK,departures,2026-08-01,11:10,11:13,QG422,CTV422,AAP,Samarinda AP Tumenggung Pranoto Airport,Citilink,QG,A320,Airbus A320-214,PK-GQK,Departed 11:13,2026-08-02 05:49:36
CGK,departures,2026-08-01,11:10,11:33,MH710,MAS710,KUL,Kuala Lumpur International Airport,Malaysia Airlines,MH,B738,Boeing 737-8H6,9M-MLR,Departed 11:33,2026-08-02 05:49:36
CGK,departures,2026-08-01,11:10,12:12,IU680,SJV680,PNK,Pontianak Supadio Airport,Super Air Jet,IU,A320,Airbus A320-232,PK-STZ,Departed 12:12,2026-08-02 05:49:36
CGK,departures,2026-08-01,11:10,11:27,ID6710,BTK6710,TKG,Bandar Lampung Radin Inten II Airport,Batik Air,ID,A320,Airbus A320-214,PK-LUK,Departed 11:27,2026-08-02 05:49:39
CGK,departures,2026-08-01,11:10,13:52,ID6369,BTK6379,TKG,Bandar Lampung Radin Inten II Airport,Batik Air,ID,A320,Airbus A320-232,PK-BKL,Unknown,2026-08-02 05:49:39
CGK,departures,2026-08-01,11:10,12:59,JT24,LNI024,DPS,Denpasar Ngurah Rai International Airport,Lion Air,JT,B738,Boeing 737-8GP,PK-LOP,Departed 12:59,2026-08-02 05:49:39
CGK,departures,2026-08-01,11:10,11:40,GA992,GIA992,JED,Jeddah King Abdulaziz International Airport,Garuda Indonesia,GA,B77W,Boeing 777-3U3(ER),PK-GIC,Departed 11:40,2026-08-02 05:49:39
CGK,departures,2026-08-01,11:15,11:43,QG416,CTV416,PNK,Pontianak Supadio Airport,Citilink,QG,A20N,Airbus A320-251N,PK-GTF,Departed 11:43,2026-08-02 05:49:36
CGK,departures,2026-08-01,11:20,11:31,QG916,CTV916,KNO,Medan Kuala Namu International Airport,Citilink,QG,A20N,Airbus A320-251N,PK-GTG,Departed 11:31,2026-08-02 05:49:36
CGK,departures,2026-08-01,11:25,11:47,QG790,CTV790,SRG,Semarang Achmad Yani International Airport,Citilink,QG,A320,Airbus A320-214,PK-GQH,Departed 11:47,2026-08-02 05:49:36
CGK,departures,2026-08-01,11:25,11:43,IP632,PAS632,PNK,Pontianak Supadio Airport,Pelita Air,IP,A320,Airbus A320-214,PK-PWO,Departed 11:43,2026-08-02 05:49:36
CGK,departures,2026-08-01,11:30,11:52,IU958,SJV958,DTB,Siborong-Borong Silangit Airport,Super Air Jet,IU,A320,Airbus A320-232,PK-SJQ,Departed 11:52,2026-08-02 05:49:36
CGK,departures,2026-08-01,11:30,12:06,ID7531,BTK7531,SOC,Surakarta Adisumarmo International Airport,Batik Air,ID,A320,Airbus A320-214,PK-LAT,Departed 12:06,2026-08-02 05:49:36
CGK,departures,2026-08-01,11:30,11:44,GA208,GIA208,YIA,Yogyakarta International Airport,Garuda Indonesia,GA,B738,Boeing 737-8SH,PK-GUD,Departed 11:44,2026-08-02 05:49:36
CGK,departures,2026-08-01,11:35,12:01,GA186,GIA186,KNO,Medan Kuala Namu International Airport,Garuda Indonesia,GA,B738,Boeing 737-8SA,PK-GUI,Departed 12:01,2026-08-02 05:49:36
CGK,departures,2026-08-01,11:40,11:53,IP322,PAS322,PKU,Pekanbaru Sultan Syarif Kasim II Airport,Pelita Air,IP,A320,Airbus A320-214,PK-PWD,Departed 11:53,2026-08-02 05:49:36
CGK,departures,2026-08-01,11:45,12:14,QZ204,AWQ204,KUL,Kuala Lumpur International Airport,AirAsia (Dnars Indonesia Livery),AK,A320,Airbus A320-216,PK-AZN,Departed 12:14,2026-08-02 05:49:36
CGK,departures,2026-08-01,11:45,12:25,8B5286,TNU5286,SKJ,Singkawang Airport,TransNusa,8B,A320,Airbus A320-214,PK-TLP,Departed 12:25,2026-08-02 05:49:36
CGK,departures,2026-08-01,11:45,11:50,QG452,CTV452,PKY,Palangkaraya Tjilik Riwut Airport,Citilink,QG,A320,Airbus A320-214,PK-GLL,Departed 11:50,2026-08-02 05:49:36
CGK,departures,2026-08-01,11:45,12:04,GA512,GIA512,PNK,Pontianak Supadio Airport,Garuda Indonesia,GA,B738,Boeing 737-8H6,PK-GUL,Departed 12:04,2026-08-02 05:49:36
CGK,departures,2026-08-01,11:50,11:56,QG736,CTV736,SUB,Surabaya Juanda International Airport,Citilink,QG,A320,Airbus A320-214,PK-GQD,Departed 11:56,2026-08-02 05:49:36
CGK,departures,2026-08-01,11:50,12:09,ID6870,BTK6870,PLM,Palembang International Airport,Batik Air,ID,A320,Airbus A320-214,PK-LAY,Departed 12:09,2026-08-02 05:49:36
CGK,departures,2026-08-01,11:50,12:08,ID6280,BTK6280,MDC,Manado Sam Ratulangi International Airport,Batik Air,ID,B738,Boeing 737-8GP,PK-LBK,Departed 12:08,2026-08-02 05:49:36
CGK,departures,2026-08-01,11:50,12:16,GA832,GIA832,SIN,Singapore Changi Airport,Garuda Indonesia,GA,B738,Boeing 737-8U3,PK-GMI,Departed 12:16,2026-08-02 05:49:36
CGK,departures,2026-08-01,11:50,,GA174,,PKU,Pekanbaru Sultan Syarif Kasim II Airport,Garuda Indonesia,GA,738,,,Canceled,2026-08-02 05:49:36
CGK,departures,2026-08-01,11:55,11:56,8B153,TNU153,SIN,Singapore Changi Airport,TransNusa,8B,A320,Airbus A320-214,PK-TLC,Departed 11:56,2026-08-02 05:49:36
CGK,departures,2026-08-01,11:55,12:10,TR277,TGW277,SIN,Singapore Changi Airport,Scoot,TR,A20N,Airbus A320-271N,9V-TNF,Departed 12:10,2026-08-02 05:49:36
CGK,departures,2026-08-01,11:55,12:02,QG976,CTV976,TJQ,Tanjung Pandan Buluh Tumbang Airport,Citilink,QG,A320,Airbus A320-214,PK-GQS,Departed 12:02,2026-08-02 05:49:36
CGK,departures,2026-08-01,11:55,12:17,GA146,GIA146,BTJ,Banda Aceh International Airport,Garuda Indonesia,GA,B738,Boeing 737-8U3,PK-GNC,Departed 12:17,2026-08-02 05:49:36
CGK,departures,2026-08-01,12:00,12:19,ID6800,BTK6800,BUU,Muara Bungo Airport,Batik Air,ID,A320,Airbus A320-214,PK-LUI,Departed 12:19,2026-08-02 05:49:36
CGK,departures,2026-08-01,12:05,12:28,GA980,GIA980,JED,Jeddah King Abdulaziz International Airport,Garuda Indonesia (Ayo Pakai Masker Livery),GA,B77W,Boeing 777-3U3(ER),PK-GIJ,Departed 12:28,2026-08-02 05:49:36
CGK,departures,2026-08-01,12:10,12:34,GA312,GIA312,SUB,Surabaya Juanda International Airport,Garuda Indonesia (Pokémon Livery),GA,B738,Boeing 737-8U3,PK-GMU,Departed 12:34,2026-08-02 05:49:36
CGK,departures,2026-08-01,12:10,11:59,AK2354,AXM2354,KBR,Kota Bharu Sultan Ismail Petra Airport,AirAsia,AK,A320,Airbus A320-216,9M-AQA,Departed 11:59,2026-08-02 05:49:36
CGK,departures,2026-08-01,12:15,12:21,QZ860,AWQ860,LBJ,Labuan Bajo Komodo Airport,AirAsia,AK,A320,Airbus A320-216,PK-AZL,Departed 12:21,2026-08-02 05:49:36
CGK,departures,2026-08-01,12:15,12:49,MH716,MAS716,KUL,Kuala Lumpur International Airport,Malaysia Airlines,MH,B38M,Boeing 737 MAX 8,9M-MVK,Departed 12:49,2026-08-02 05:49:36
CGK,departures,2026-08-01,12:15,13:11,JX762,SJX762,TPE,Taipei Taoyuan International Airport,STARLUX,JX,A21N,Airbus A321-252NX,B-58201,Departed 13:11,2026-08-02 05:49:36
CGK,departures,2026-08-01,12:20,12:32,IP108,PAS108,DPS,Denpasar Ngurah Rai International Airport,Pelita Air,IP,A320,Airbus A320-214,PK-PWK,Departed 12:32,2026-08-02 05:49:36
CGK,departures,2026-08-01,12:25,12:50,QG906,CTV906,BKS,Bengkulu Fatmawati Soekarno Airport,Citilink,QG,A320,Airbus A320-214,PK-GLP,Departed 12:50,2026-08-02 05:49:36
CGK,departures,2026-08-01,12:25,,IU854,,BTH,Batam Hang Nadim Airport,Super Air Jet,IU,320,,,Canceled,2026-08-02 05:49:36
CGK,departures,2026-08-01,12:25,,JT172,,TKG,Bandar Lampung Radin Inten II Airport,Lion Air,JT,738,,,Canceled,2026-08-02 05:49:36
CGK,departures,2026-08-01,12:25,13:05,IU686,SJV686,SKJ,Singkawang Airport,Super Air Jet,IU,A320,Airbus A320-232,PK-SJA,Departed 13:05,2026-08-02 05:49:36
CGK,departures,2026-08-01,12:25,,IP302,,KNO,Medan Kuala Namu International Airport,Pelita Air,IP,320,,,Unknown,2026-08-02 05:49:36
CGK,departures,2026-08-01,12:30,12:42,QG512,CTV512,DMK,Bangkok Don Mueang International Airport,Citilink,QG,A320,Airbus A320-214,PK-GQQ,Departed 12:42,2026-08-02 05:49:36
CGK,departures,2026-08-01,12:30,,IU630,,BDJ,Banjarmasin Syamsudin Noor Airport,Super Air Jet,IU,320,,,Canceled,2026-08-02 05:49:36
CGK,departures,2026-08-01,12:30,12:30,ID7151,BTK7151,SIN,Singapore Changi Airport,Batik Air,ID,A320,Airbus A320-214,PK-LAO,Departed 12:30,2026-08-02 05:49:36
CGK,departures,2026-08-01,12:30,12:47,IP354,PAS354,PDG,Padang Minangkabau International Airport,Pelita Air,IP,A320,Airbus A320-214,PK-PWJ,Departed 12:47,2026-08-02 05:49:36
CGK,departures,2026-08-01,12:35,12:56,TG434,THA434,BKK,Bangkok Suvarnabhumi Airport,Thai Airways,TG,A333,Airbus A330-343,HS-TEX,Departed 12:56,2026-08-02 05:49:36
CGK,departures,2026-08-01,12:35,,IU866,,PKU,Pekanbaru Sultan Syarif Kasim II Airport,Super Air Jet,IU,320,,,Canceled,2026-08-02 05:49:36
CGK,departures,2026-08-01,12:35,12:52,IP142,PAS142,LOP,Lombok International Airport,Pelita Air,IP,A320,Airbus A320-216,PK-PWN,Departed 12:52,2026-08-02 05:49:36
CGK,departures,2026-08-01,12:35,12:40,IU350,SJV350,SMQ,Sampit Airport,Super Air Jet,IU,A320,Airbus A320-232,PK-SAU,Departed 12:40,2026-08-02 05:49:36
CGK,departures,2026-08-01,12:35,13:02,GA74,GIA074,TKG,Bandar Lampung Radin Inten II Airport,Garuda Indonesia,GA,B738,Boeing 737-8U3,PK-GMC,Departed 13:02,2026-08-02 05:49:36
CGK,departures,2026-08-01,12:40,,JT782,,UPG,Makassar Sultan Hasanuddin International Airport,Lion Air,JT,739,,,Canceled,2026-08-02 05:49:36
CGK,departures,2026-08-01,12:45,12:54,IU258,SJV258,KDI,Kendari Haluoleo Airport,Super Air Jet (Our Super 50th Jet Livery),IU,A320,Airbus A320-232,PK-STQ,Departed 12:54,2026-08-02 05:49:36
CGK,departures,2026-08-01,12:50,12:50,SJ52,,TJQ,Tanjung Pandan Buluh Tumbang Airport,Sriwijaya Air,SJ,735,,,Estimated dep 12:50*,2026-08-02 05:49:36
CGK,departures,2026-08-01,12:50,13:36,ID6342,BTK6342,SRG,Semarang Achmad Yani International Airport,Batik Air,ID,A320,Airbus A320-214,PK-LUW,Departed 13:36,2026-08-02 05:49:36
CGK,departures,2026-08-01,12:50,13:39,ID6564,BTK6564,MLG,Malang Abdul Rachman Saleh Airport,Batik Air,ID,A320,Airbus A320-214,PK-LUF,Departed 13:39,2026-08-02 05:49:36
CGK,departures,2026-08-01,12:50,13:12,GA560,GIA560,BPN,Balikpapan Sepinggan Airport,Garuda Indonesia,GA,B738,Boeing 737-8U3,PK-GNA,Departed 13:12,2026-08-02 05:49:36
CGK,departures,2026-08-01,12:55,13:44,8B677,TNU677,KUL,Kuala Lumpur International Airport,TransNusa,8B,A321,Airbus A321-211,PK-TLK,Departed 13:44,2026-08-02 05:49:36
CGK,departures,2026-08-01,12:55,13:14,ID7109,BTK7109,PDG,Padang Minangkabau International Airport,Batik Air,ID,B738,Boeing 737-8GP,PK-LDK,Departed 13:14,2026-08-02 05:49:36
CGK,departures,2026-08-01,13:00,,RI160,,BTJ,Banda Aceh International Airport,Rimbun Air,RI,73Y,,,Unknown,2026-08-02 05:49:36
CGK,departures,2026-08-01,13:00,13:04,QG918,CTV918,KNO,Medan Kuala Namu International Airport,Citilink (Tiket.com Livery),QG,A320,Airbus A320-214,PK-GLZ,Departed 13:04,2026-08-02 05:49:36
CGK,departures,2026-08-01,13:00,13:08,IU722,SJV722,LBJ,Labuan Bajo Komodo Airport,Super Air Jet,IU,A320,Airbus A320-232,PK-SJS,Departed 13:08,2026-08-02 05:49:36
CGK,departures,2026-08-01,13:00,13:15,IP602,PAS602,BPN,Balikpapan Sepinggan Airport,Pelita Air,IP,A320,Airbus A320-214,PK-PWQ,Departed 13:15,2026-08-02 05:49:36
CGK,departures,2026-08-01,13:00,13:21,GA156,GIA156,BTH,Batam Hang Nadim Airport,Garuda Indonesia (Pocari Sweat Livery),GA,B738,Boeing 737-86N,PK-GNN,Departed 13:21,2026-08-02 05:49:36
CGK,departures,2026-08-01,13:05,13:18,IP312,PAS312,PLM,Palembang International Airport,Pelita Air,IP,A320,Airbus A320-232,PK-PWL,Departed 13:18,2026-08-02 05:49:36
CGK,departures,2026-08-01,13:05,,ID6899,,YIA,Yogyakarta International Airport,Batik Air,ID,32A,,,Unknown,2026-08-02 05:49:36
CGK,departures,2026-08-01,13:05,13:41,ID6344,BTK6344,YIA,Yogyakarta International Airport,Batik Air,ID,A320,Airbus A320-214,PK-LUH,Departed 13:41,2026-08-02 05:49:36
CGK,departures,2026-08-01,13:10,13:50,GA532,GIA532,BDJ,Banjarmasin Syamsudin Noor Airport,Garuda Indonesia,GA,B738,Boeing 737-8U3,PK-GMV,Departed 13:50,2026-08-02 05:49:36
CGK,departures,2026-08-01,13:10,13:49,AK352,AXM352,KUL,Kuala Lumpur International Airport,AirAsia,AK,A320,Airbus A320-216,9M-AHT,Departed 13:49,2026-08-02 05:49:36
CGK,departures,2026-08-01,13:15,13:33,CZ3038,CSN3038,CAN,Guangzhou Baiyun International Airport,China Southern Airlines,CZ,A21N,Airbus A321-251NX,B-32R2,Departed 13:33,2026-08-02 05:49:36
CGK,departures,2026-08-01,13:15,13:29,JT210,LNI210,KNO,Medan Kuala Namu International Airport,Lion Air,JT,B739,Boeing 737-9GP(ER),PK-LHP,Departed 13:29,2026-08-02 05:49:36
CGK,departures,2026-08-01,13:20,,QZ808,,DPS,Denpasar Ngurah Rai International Airport,Indonesia AirAsia,QZ,320,,,Unknown,2026-08-02 05:49:36
CGK,departures,2026-08-01,13:20,13:45,IU810,SJV810,PDG,Padang Minangkabau International Airport,Super Air Jet,IU,A320,Airbus A320-232,PK-SJZ,Departed 13:45,2026-08-02 05:49:36
CGK,departures,2026-08-01,13:20,13:23,ID7366,BTK7366,SOC,Surakarta Adisumarmo International Airport,Batik Air,ID,A320,Airbus A320-214,PK-LUV,Departed 13:23,2026-08-02 05:49:36
CGK,departures,2026-08-01,13:25,13:52,SJ184,SJY184,PNK,Pontianak Supadio Airport,BBN Airlines Indonesia,0B,B738,Boeing 737-8BK,PK-BBF,Departed 13:52,2026-08-02 05:49:36
CGK,departures,2026-08-01,13:25,,RI184,,PDG,Padang Minangkabau International Airport,Rimbun Air,RI,73Y,,,Unknown,2026-08-02 05:49:36
CGK,departures,2026-08-01,13:25,14:34,JT370,,BTH,Batam Hang Nadim Airport,Lion Air,JT,739,,,Unknown,2026-08-02 05:49:36
CGK,departures,2026-08-01,13:25,,IP242,,YIA,Yogyakarta International Airport,Pelita Air,IP,320,,,Unknown,2026-08-02 05:49:36
CGK,departures,2026-08-01,13:25,13:46,GA242,GIA242,SRG,Semarang Achmad Yani International Airport,Garuda Indonesia,GA,B738,Boeing 737-8U3,PK-GMD,Departed 13:46,2026-08-02 05:49:36
CGK,departures,2026-08-01,13:30,13:52,VJ854,VJC854,SGN,Ho Chi Minh City International Airport,VietJet Air,VJ,A21N,Airbus A321-271NX,VN-A536,Departed 13:52,2026-08-02 05:49:36
CGK,departures,2026-08-01,13:30,13:35,QG716,CTV716,SUB,Surabaya Juanda International Airport,Citilink,QG,A320,Airbus A320-214,PK-GQA,Departed 13:35,2026-08-02 05:49:36
CGK,departures,2026-08-01,13:30,13:48,IU764,SJV764,LOP,Lombok International Airport,Super Air Jet,IU,A320,Airbus A320-232,PK-SAV,Departed 13:48,2026-08-02 05:49:36
CGK,departures,2026-08-01,13:30,13:54,ID6406,BTK6406,SUB,Surabaya Juanda International Airport,Batik Air,ID,A320,Airbus A320-214,PK-BLC,Departed 13:54,2026-08-02 05:49:36
CGK,departures,2026-08-01,13:30,14:03,GA422,GIA422,DPS,Denpasar Ngurah Rai International Airport,Garuda Indonesia,GA,B738,Boeing 737-8U3,PK-GMA,Departed 14:03,2026-08-02 05:49:36
CGK,departures,2026-08-01,13:35,13:40,QG778,CTV778,YIA,Yogyakarta International Airport,Citilink,QG,A320,Airbus A320-214,PK-GQN,Departed 13:40,2026-08-02 05:49:36
CGK,departures,2026-08-01,13:35,14:02,MF868,CXA868,XMN,Xiamen Gaoqi International Airport,Xiamen Air,MF,B38M,Boeing 737 MAX 8,B-20E0,Departed 14:02,2026-08-02 05:49:36
CGK,departures,2026-08-01,13:35,14:22,ID6854,BTK6854,PKU,Pekanbaru Sultan Syarif Kasim II Airport,Batik Air,ID,A320,Airbus A320-232,PK-BKL,Departed 14:22,2026-08-02 05:49:36
CGK,departures,2026-08-01,13:35,13:53,GA310,GIA310,SUB,Surabaya Juanda International Airport,Garuda Indonesia,GA,B738,Boeing 737-86N,PK-GFS,Departed 13:53,2026-08-02 05:49:36
CGK,departures,2026-08-01,13:35,13:56,GA118,GIA118,KNO,Medan Kuala Namu International Airport,Garuda Indonesia,GA,B738,Boeing 737-8U3,PK-GUG,Departed 13:56,2026-08-02 05:49:36
CGK,departures,2026-08-01,13:40,14:22,QG340,CTV340,UPG,Makassar Sultan Hasanuddin International Airport,Citilink,QG,A320,Airbus A320-214,PK-GLO,Departed 14:22,2026-08-02 05:49:36
CGK,departures,2026-08-01,13:40,,JT22,,DPS,Denpasar Ngurah Rai International Airport,Lion Air,JT,739,,,Canceled,2026-08-02 05:49:36
CGK,departures,2026-08-01,13:40,14:27,ID6676,BTK6676,AAP,Samarinda AP Tumenggung Pranoto Airport,Batik Air,ID,A320,Airbus A320-214,PK-LAZ,Departed 14:27,2026-08-02 05:49:36
CGK,departures,2026-08-01,13:45,14:05,GA108,GIA108,PLM,Palembang International Airport,Garuda Indonesia,GA,B738,Boeing 737-8SH,PK-GUE,Departed 14:05,2026-08-02 05:49:36
CGK,departures,2026-08-01,13:50,14:08,VN630,HVN630,SGN,Ho Chi Minh City International Airport,Vietnam Airlines,VN,A321,Airbus A321-231,VN-A396,Departed 14:08,2026-08-02 05:49:36
CGK,departures,2026-08-01,13:50,13:59,QG996,CTV996,TKG,Bandar Lampung Radin Inten II Airport,Citilink,QG,A320,Airbus A320-214,PK-GQP,Departed 13:59,2026-08-02 05:49:36
CGK,departures,2026-08-01,13:50,14:11,QG966,CTV966,DJB,Jambi Sultan Thaha Airport,Citilink,QG,A320,Airbus A320-214,PK-GLT,Departed 14:11,2026-08-02 05:49:36
CGK,departures,2026-08-01,13:50,14:02,QG446,CTV446,BPN,Balikpapan Sepinggan Airport,Citilink,QG,A320,Airbus A320-214,PK-GQG,Departed 14:02,2026-08-02 05:49:36
CGK,departures,2026-08-01,13:50,14:48,IU608,SJV608,BPN,Balikpapan Sepinggan Airport,Super Air Jet,IU,A320,Airbus A320-232,PK-SJC,Departed 14:48,2026-08-02 05:49:36
CGK,departures,2026-08-01,13:50,14:13,GA228,GIA228,SOC,Surakarta Adisumarmo International Airport,Garuda Indonesia,GA,B738,Boeing 737-8BK,PK-GFG,Departed 14:13,2026-08-02 05:49:36
CGK,departures,2026-08-01,13:55,14:15,QG646,CTV646,LOP,Lombok International Airport,Citilink,QG,A320,Airbus A320-214,PK-GLU,Departed 14:15,2026-08-02 05:49:36
CGK,departures,2026-08-01,13:55,,JT122,,TKG,Bandar Lampung Radin Inten II Airport,Lion Air,JT,739,,,Canceled,2026-08-02 05:49:36
CGK,departures,2026-08-01,13:55,14:44,ID6814,BTK6814,BKS,Bengkulu Fatmawati Soekarno Airport,Batik Air,ID,A320,Airbus A320-214,PK-LUK,Departed 14:44,2026-08-02 05:49:36
CGK,departures,2026-08-01,14:00,14:17,VJ928,VJC928,HAN,Hanoi Noi Bai International Airport,VietJet Air,VJ,A321,Airbus A321-211,VN-A532,Departed 14:17,2026-08-02 05:49:32
CGK,departures,2026-08-01,14:00,,RI100,,BTH,Batam Hang Nadim Airport,Rimbun Air,RI,73Y,,,Unknown,2026-08-02 05:49:32
CGK,departures,2026-08-01,14:00,14:25,QG958,CTV958,PDG,Padang Minangkabau International Airport,Citilink,QG,A20N,Airbus A320-251N,PK-GTA,Departed 14:25,2026-08-02 05:49:32
CGK,departures,2026-08-01,14:00,14:07,QG414,CTV414,PNK,Pontianak Supadio Airport,Citilink,QG,A320,Airbus A320-214,PK-GLM,Departed 14:07,2026-08-02 05:49:32
CGK,departures,2026-08-01,14:00,,OD342,,PEN,Penang International Airport,Batik Air Malaysia,OD,738,,,Canceled,2026-08-02 05:49:32
CGK,departures,2026-08-01,14:00,14:09,IU840,SJV840,DJB,Jambi Sultan Thaha Airport,Super Air Jet,IU,A320,Airbus A320-232,PK-STG,Departed 14:09,2026-08-02 05:49:32
CGK,departures,2026-08-01,14:00,14:11,IU802,SJV802,TJQ,Tanjung Pandan Buluh Tumbang Airport,Super Air Jet,IU,A320,Airbus A320-232,PK-SJR,Departed 14:11,2026-08-02 05:49:36
CGK,departures,2026-08-01,14:05,14:29,IU926,SJV926,PLM,Palembang International Airport,Super Air Jet,IU,A320,Airbus A320-232,PK-STS,Departed 14:29,2026-08-02 05:49:32
CGK,departures,2026-08-01,14:05,14:15,IP106,PAS106,DPS,Denpasar Ngurah Rai International Airport,Pelita Air,IP,A320,Airbus A320-214,PK-PWE,Departed 14:15,2026-08-02 05:49:32
CGK,departures,2026-08-01,14:05,14:35,ID6820,BTK6820,LLJ,Lubuklinggau Silampari Airport,Batik Air,ID,A320,Airbus A320-233,PK-BKG,Departed 14:35,2026-08-02 05:49:32
CGK,departures,2026-08-01,14:05,14:32,ID6204,BTK6204,PKN,Pangkalan Bun Iskandar Airport,Batik Air,ID,A320,Airbus A320-232,PK-BKM,Departed 14:32,2026-08-02 05:49:32
CGK,departures,2026-08-01,14:05,,JT212,,KNO,Medan Kuala Namu International Airport,Lion Air,JT,739,,,Unknown,2026-08-02 05:49:32
CGK,departures,2026-08-01,14:10,14:20,QG968,CTV968,BTH,Batam Hang Nadim Airport,Citilink,QG,A320,Airbus A320-214,PK-GQE,Departed 14:20,2026-08-02 05:49:32
CGK,departures,2026-08-01,14:15,14:41,TR309,TGW309,SIN,Singapore Changi Airport,Scoot,TR,A320,Airbus A320-232,9V-TRT,Departed 14:41,2026-08-02 05:49:32
CGK,departures,2026-08-01,14:20,15:00,SQ959,SIA959,SIN,Singapore Changi Airport,Singapore Airlines,SQ,A359,Airbus A350-941,9V-SME,Departed 15:00,2026-08-02 05:49:32
CGK,departures,2026-08-01,14:20,14:47,QG978,CTV978,KNO,Medan Kuala Namu International Airport,Citilink,QG,A320,Airbus A320-214,PK-GQC,Departed 14:47,2026-08-02 05:49:32
CGK,departures,2026-08-01,14:20,15:04,CX776,CPA776,HKG,Hong Kong International Airport,Cathay Pacific,CX,A333,Airbus A330-343,B-HYI,Departed 15:04,2026-08-02 05:49:32
CGK,departures,2026-08-01,14:25,15:09,UL365,ALK365,CMB,Colombo Bandaranaike International Airport,SriLankan Airlines,UL,A21N,Airbus A321-251N,4R-ANE,Departed 15:09,2026-08-02 05:49:32
CGK,departures,2026-08-01,14:25,14:54,SJ580,SJY580,UPG,Makassar Sultan Hasanuddin International Airport,Sriwijaya Air,SJ,B735,Boeing 737-524,PK-CLE,Departed 14:54,2026-08-02 05:49:32
CGK,departures,2026-08-01,14:25,14:36,IP206,PAS206,SUB,Surabaya Juanda International Airport,Pelita Air,IP,A320,Airbus A320-214,PK-PWC,Departed 14:36,2026-08-02 05:49:32
CGK,departures,2026-08-01,14:30,16:02,ID6266,BTK6266,UPG,Makassar Sultan Hasanuddin International Airport,Batik Air,ID,B738,Boeing 737-8GP,PK-LBS,Departed 16:02,2026-08-02 05:49:32
CGK,departures,2026-08-01,14:30,14:54,BR238,EVA238,TPE,Taipei Taoyuan International Airport,EVA Air,BR,B789,Boeing 787-9 Dreamliner,B-17890,Departed 14:54,2026-08-02 05:49:32
CGK,departures,2026-08-01,14:30,14:52,GA410,GIA410,DPS,Denpasar Ngurah Rai International Airport,Garuda Indonesia,GA,B738,Boeing 737-8U3,PK-GFH,Departed 14:52,2026-08-02 05:49:32
CGK,departures,2026-08-01,14:35,14:50,GA326,GIA326,SUB,Surabaya Juanda International Airport,Garuda Indonesia,GA,B738,Boeing 737-8U3,PK-GMY,Departed 14:50,2026-08-02 05:49:32
CGK,departures,2026-08-01,14:35,14:57,ID6508,BTK6508,DPS,Denpasar Ngurah Rai International Airport,Batik Air,ID,A320,Airbus A320-214,PK-LUU,Departed 14:57,2026-08-02 05:49:32
CGK,departures,2026-08-01,14:40,15:16,CI762,CAL762,TPE,Taipei Taoyuan International Airport,China Airlines,CI,A359,Airbus A350-941,B-18902,Departed 15:16,2026-08-02 05:49:32
CGK,departures,2026-08-01,14:40,15:18,JT714,LNI714,PNK,Pontianak Supadio Airport,Lion Air,JT,B738,Boeing 737-8GP,PK-LJS,Departed 15:18,2026-08-02 05:49:32
CGK,departures,2026-08-01,14:40,15:02,GA162,GIA162,PDG,Padang Minangkabau International Airport,Garuda Indonesia (Ayo Pakai Masker Livery),GA,B738,Boeing 737-81D,PK-GFQ,Departed 15:02,2026-08-02 05:49:32
CGK,departures,2026-08-01,14:45,15:12,GA212,GIA212,YIA,Yogyakarta International Airport,Garuda Indonesia,GA,B738,Boeing 737-8U3,PK-GUF,Departed 15:12,2026-08-02 05:49:32
CGK,departures,2026-08-01,14:50,15:11,GA572,GIA572,BPN,Balikpapan Sepinggan Airport,Garuda Indonesia,GA,B738,Boeing 737-81M,PK-GUC,Departed 15:11,2026-08-02 05:49:32
CGK,departures,2026-08-01,14:55,15:03,QG792,CTV792,SRG,Semarang Achmad Yani International Airport,Citilink,QG,A320,Airbus A320-214,PK-GLG,Departed 15:03,2026-08-02 05:49:32
CGK,departures,2026-08-01,14:55,15:22,GA550,GIA550,PKY,Palangkaraya Tjilik Riwut Airport,Garuda Indonesia,GA,B738,Boeing 737-8U3,PK-GMM,Departed 15:22,2026-08-02 05:49:32
CGK,departures,2026-08-01,14:55,15:43,GA504,GIA504,PNK,Pontianak Supadio Airport,Garuda Indonesia,GA,B738,Boeing 737-8SA,PK-GUH,Departed 15:43,2026-08-02 05:49:32
CGK,departures,2026-08-01,15:00,15:07,8B5165,TNU5165,LOP,Lombok International Airport,TransNusa,8B,A321,Airbus A321-211,PK-TLM,Departed 15:07,2026-08-02 05:49:32
CGK,departures,2026-08-01,15:00,,RI2000,,BPN,Balikpapan Sepinggan Airport,Rimbun Air,RI,73Y,,,Unknown,2026-08-02 05:49:32
CGK,departures,2026-08-01,15:00,15:07,QG482,CTV482,BDJ,Banjarmasin Syamsudin Noor Airport,Citilink,QG,A320,Airbus A320-214,PK-GQM,Departed 15:07,2026-08-02 05:49:32
CGK,departures,2026-08-01,15:00,15:45,IU900,SJV900,PDG,Padang Minangkabau International Airport,Super Air Jet,IU,A320,Airbus A320-232,PK-SAH,Departed 15:45,2026-08-02 05:49:32
CGK,departures,2026-08-01,15:00,15:53,ID6886,BTK6886,KNO,Medan Kuala Namu International Airport,Batik Air,ID,A320,Airbus A320-214,PK-LAI,Departed 15:53,2026-08-02 05:49:32
CGK,departures,2026-08-01,15:00,15:18,GA154,GIA154,BTH,Batam Hang Nadim Airport,Garuda Indonesia,GA,B738,Boeing 737-8U3,PK-GNR,Departed 15:18,2026-08-02 05:49:32
CGK,departures,2026-08-01,15:05,15:05,JT171,,SUB,Surabaya Juanda International Airport,Lion Air,JT,739,,,Estimated dep 15:05*,2026-08-02 05:49:32
CGK,departures,2026-08-01,15:05,15:08,JT692,LNI692,SUB,Surabaya Juanda International Airport,Lion Air,JT,B738,Boeing 737-8GP,PK-LKQ,Departed 15:08,2026-08-02 05:49:32
CGK,departures,2026-08-01,15:10,16:15,8B5108,TNU5108,DPS,Denpasar Ngurah Rai International Airport,TransNusa,8B,A320,Airbus A320-214,PK-TLF,Departed 16:15,2026-08-02 05:49:32
CGK,departures,2026-08-01,15:10,15:25,IP306,PAS306,KNO,Medan Kuala Namu International Airport,Pelita Air,IP,A320,Airbus A320-214,PK-PWP,Departed 15:25,2026-08-02 05:49:32
CGK,departures,2026-08-01,15:10,15:33,AK385,AXM385,KUL,Kuala Lumpur International Airport,AirAsia,AK,A20N,Airbus A320-251N,9M-AGH,Departed 15:33,2026-08-02 05:49:32
CGK,departures,2026-08-01,15:15,15:40,IU818,SJV818,PGK,Pangkal Pinang Depati Amir Airport,Super Air Jet,IU,A320,Airbus A320-232,PK-SAQ,Departed 15:40,2026-08-02 05:49:32
CGK,departures,2026-08-01,15:15,15:57,ID6818,BTK6818,BKS,Bengkulu Fatmawati Soekarno Airport,Batik Air,ID,A320,Airbus A320-214,PK-LUZ,Departed 15:57,2026-08-02 05:49:32
CGK,departures,2026-08-01,15:15,16:35,ID6898,BTK6898,BTJ,Banda Aceh International Airport,Batik Air,ID,A320,Airbus A320-214,PK-LUI,Departed 16:35,2026-08-02 05:49:32
CGK,departures,2026-08-01,15:15,15:27,GA176,GIA176,PKU,Pekanbaru Sultan Syarif Kasim II Airport,Garuda Indonesia,GA,B738,Boeing 737-8U3,PK-GNH,Departed 15:27,2026-08-02 05:49:32
CGK,departures,2026-08-01,15:20,,ID6711,,SUB,Surabaya Juanda International Airport,Batik Air,ID,32A,,,Unknown,2026-08-02 05:49:32
CGK,departures,2026-08-01,15:20,15:48,JT346,LNI346,PLM,Palembang International Airport,Lion Air,JT,B738,Boeing 737-8GP,PK-LOI,Departed 15:48,2026-08-02 05:49:32
CGK,departures,2026-08-01,15:20,,ID6578,,SUB,Surabaya Juanda International Airport,Batik Air,ID,32A,,,Canceled,2026-08-02 05:49:32
CGK,departures,2026-08-01,15:25,15:38,IU858,SJV858,BTH,Batam Hang Nadim Airport,Super Air Jet,IU,A320,Airbus A320-232,PK-SJF,Departed 15:38,2026-08-02 05:49:32
CGK,departures,2026-08-01,15:25,15:35,GA960,GIA960,MED,Medina Prince Mohammad bin Abdulaziz Airport,Garuda Indonesia (Retro Livery),GA,B77W,Boeing 777-3U3(ER),PK-GIK,Departed 15:35,2026-08-02 05:49:32
CGK,departures,2026-08-01,15:30,16:20,QG886,CTV886,KNO,Medan Kuala Namu International Airport,Citilink,QG,A20N,Airbus A320-251N,PK-GTF,Departed 16:20,2026-08-02 05:49:32
CGK,departures,2026-08-01,15:30,16:08,ID6200,BTK6200,PKY,Palangkaraya Tjilik Riwut Airport,Batik Air,ID,A320,Airbus A320-214,PK-LAT,Departed 16:08,2026-08-02 05:49:32
CGK,departures,2026-08-01,15:30,16:14,ID7041,BTK7041,SOC,Surakarta Adisumarmo International Airport,Batik Air,ID,A320,Airbus A320-214,PK-BLD,Departed 16:14,2026-08-02 05:49:32
CGK,departures,2026-08-01,15:30,15:47,GA612,GIA612,UPG,Makassar Sultan Hasanuddin International Airport,Garuda Indonesia,GA,B738,Boeing 737-8U3,PK-GMF,Departed 15:47,2026-08-02 05:49:32
CGK,departures,2026-08-01,15:35,15:41,QG964,CTV964,DJB,Jambi Sultan Thaha Airport,Citilink,QG,A320,Airbus A320-214,PK-GQS,Departed 15:41,2026-08-02 05:49:32
CGK,departures,2026-08-01,15:35,15:45,QG688,CTV688,DPS,Denpasar Ngurah Rai International Airport,Citilink,QG,A320,Airbus A320-214,PK-GLS,Departed 15:45,2026-08-02 05:49:32
CGK,departures,2026-08-01,15:35,,IU904,,PDG,Padang Minangkabau International Airport,Super Air Jet,IU,320,,,Canceled,2026-08-02 05:49:32
CGK,departures,2026-08-01,15:35,15:50,GA836,GIA836,SIN,Singapore Changi Airport,Garuda Indonesia,GA,B738,Boeing 737-81D,PK-GFR,Departed 15:50,2026-08-02 05:49:32
CGK,departures,2026-08-01,15:40,15:59,QG992,CTV992,TKG,Bandar Lampung Radin Inten II Airport,Citilink,QG,A320,Airbus A320-214,PK-GQF,Departed 15:59,2026-08-02 05:49:32
CGK,departures,2026-08-01,15:45,,IU698,,PNK,Pontianak Supadio Airport,Super Air Jet,IU,320,,,Canceled,2026-08-02 05:49:32
CGK,departures,2026-08-01,15:45,16:06,IP324,PAS324,PKU,Pekanbaru Sultan Syarif Kasim II Airport,Pelita Air,IP,A320,Airbus A320-214,PK-PWG,Departed 16:06,2026-08-02 05:49:32
CGK,departures,2026-08-01,15:45,16:05,GA234,GIA234,SRG,Semarang Achmad Yani International Airport,Garuda Indonesia,GA,B738,Boeing 737-8SH,PK-GUD,Departed 16:05,2026-08-02 05:49:32
CGK,departures,2026-08-01,15:50,16:19,SV821,SVA821,MED,Medina Prince Mohammad bin Abdulaziz Airport,Saudia,SV,B77W,Boeing 777-368(ER),HZ-AK16,Departed 16:19,2026-08-02 05:49:32
CGK,departures,2026-08-01,15:50,16:18,6E1602,IGO1602,BOM,Mumbai Chhatrapati Shivaji International Airport,IndiGo,6E,A20N,Airbus A320-251N,VT-IXD,Departed 16:18,2026-08-02 05:49:32
CGK,departures,2026-08-01,15:50,,IU606,,BPN,Balikpapan Sepinggan Airport,Super Air Jet,IU,320,,,Canceled,2026-08-02 05:49:32
CGK,departures,2026-08-01,15:50,17:30,ID6212,BTK6212,BDJ,Banjarmasin Syamsudin Noor Airport,Batik Air,ID,A320,Airbus A320-214,PK-BKY,Departed 17:30,2026-08-02 05:49:32
CGK,departures,2026-08-01,15:55,12:38,QZ814,,DPS,Denpasar Ngurah Rai International Airport,AirAsia,AK,A320,Airbus A320-214,PK-AZH,Estimated dep 12:38*,2026-08-02 05:49:32
CGK,departures,2026-08-01,15:55,15:55,QG502,CTV502,KUL,Kuala Lumpur International Airport,Citilink,QG,A320,Airbus A320-214,PK-GQH,Departed 15:55,2026-08-02 05:49:32
CGK,departures,2026-08-01,15:55,,IU910,,PKU,Pekanbaru Sultan Syarif Kasim II Airport,Super Air Jet,IU,320,,,Canceled,2026-08-02 05:49:32
CGK,departures,2026-08-01,15:55,16:11,IP808,PAS808,UPG,Makassar Sultan Hasanuddin International Airport,Pelita Air,IP,A320,Airbus A320-214,PK-PWH,Departed 16:11,2026-08-02 05:49:32
CGK,departures,2026-08-01,16:00,,RI130,,PKU,Pekanbaru Sultan Syarif Kasim II Airport,Rimbun Air,RI,73Y,,,Unknown,2026-08-02 05:49:32
CGK,departures,2026-08-01,16:00,16:13,GA320,GIA320,SUB,Surabaya Juanda International Airport,Garuda Indonesia,GA,B738,Boeing 737-8U3,PK-GMP,Departed 16:13,2026-08-02 05:49:32
CGK,departures,2026-08-01,16:05,16:05,8B5532,,YIA,Yogyakarta International Airport,TransNusa,8B,320,,,Estimated dep 16:05*,2026-08-02 05:49:32
CGK,departures,2026-08-01,16:05,16:10,MH720,MAS720,KUL,Kuala Lumpur International Airport,Malaysia Airlines,MH,B738,Boeing 737-8H6,9M-MXS,Departed 16:10,2026-08-02 05:49:32
CGK,departures,2026-08-01,16:05,18:19,JT300,LNI300,KNO,Medan Kuala Namu International Airport,Lion Air,JT,B739,Boeing 737-9GP(ER),PK-LSK,Departed 18:19,2026-08-02 05:49:32
CGK,departures,2026-08-01,16:05,16:05,IN78,,PGK,Pangkal Pinang Depati Amir Airport,Nam Air,IN,735,,,Estimated dep 16:05*,2026-08-02 05:49:32
CGK,departures,2026-08-01,16:10,16:24,IP356,PAS356,PDG,Padang Minangkabau International Airport,Pelita Air,IP,A320,Airbus A320-214,PK-PWO,Departed 16:24,2026-08-02 05:49:32
CGK,departures,2026-08-01,16:10,16:25,ID7163,BTK7163,PEN,Penang International Airport,Batik Air,ID,B738,Boeing 737-86N,PK-BGZ,Departed 16:25,2026-08-02 05:49:32
CGK,departures,2026-08-01,16:10,16:27,GA982,GIA982,JED,Jeddah King Abdulaziz International Airport,Garuda Indonesia (SkyTeam Livery),GA,B77W,Boeing 777-3U3(ER),PK-GII,Departed 16:27,2026-08-02 05:49:32
CGK,departures,2026-08-01,16:10,16:22,GA414,GIA414,DPS,Denpasar Ngurah Rai International Airport,Garuda Indonesia,GA,B738,Boeing 737-8U3,PK-GNG,Departed 16:22,2026-08-02 05:49:32
CGK,departures,2026-08-01,16:15,,8K801,,SIN,Singapore Changi Airport,Exploits Valley Air Services,8K,73P,,,Unknown,2026-08-02 05:49:32
CGK,departures,2026-08-01,16:15,16:15,SJ76,,PGK,Pangkal Pinang Depati Amir Airport,Sriwijaya Air,SJ,735,,,Estimated dep 16:15*,2026-08-02 05:49:32
CGK,departures,2026-08-01,16:15,16:26,QG492,CTV492,BDJ,Banjarmasin Syamsudin Noor Airport,Citilink,QG,A320,Airbus A320-214,PK-GLV,Departed 16:26,2026-08-02 05:49:32
CGK,departures,2026-08-01,16:25,17:33,ID6352,BTK6352,SRG,Semarang Achmad Yani International Airport,Batik Air,ID,A320,Airbus A320-214,PK-LUV,Departed 17:33,2026-08-02 05:49:32
CGK,departures,2026-08-01,16:30,16:33,QG764,CTV764,SOC,Surakarta Adisumarmo International Airport,Citilink,QG,A320,Airbus A320-214,PK-GLL,Departed 16:33,2026-08-02 05:49:32
CGK,departures,2026-08-01,16:30,16:46,GA114,GIA114,PLM,Palembang International Airport,Garuda Indonesia,GA,B738,Boeing 737-86N,PK-GFU,Departed 16:46,2026-08-02 05:49:32
CGK,departures,2026-08-01,16:35,17:09,QG174,CTV174,SUB,Surabaya Juanda International Airport,Citilink,QG,A320,Airbus A320-214,PK-GQP,Departed 17:09,2026-08-02 05:49:32
CGK,departures,2026-08-01,16:35,16:52,GA190,GIA190,KNO,Medan Kuala Namu International Airport,Garuda Indonesia,GA,B738,Boeing 737-8H6,PK-GUL,Departed 16:52,2026-08-02 05:49:32
CGK,departures,2026-08-01,16:40,16:51,QG662,CTV662,DPS,Denpasar Ngurah Rai International Airport,Citilink,QG,A320,Airbus A320-214,PK-GLP,Departed 16:51,2026-08-02 05:49:32
CGK,departures,2026-08-01,16:45,16:55,8B699,TNU699,SZB,Kuala Lumpur Subang Airport,TransNusa,8B,A320,Airbus A320-214,PK-TLC,Departed 16:55,2026-08-02 05:49:32
CGK,departures,2026-08-01,16:45,,ID6802,,DJB,Jambi Sultan Thaha Airport,Batik Air,ID,32A,,,Canceled,2026-08-02 05:49:32
CGK,departures,2026-08-01,16:45,17:14,GA616,GIA616,UPG,Makassar Sultan Hasanuddin International Airport,Garuda Indonesia (Livin' by Mandiri Livery),GA,B738,Boeing 737-86N,PK-GFI,Departed 17:14,2026-08-02 05:49:32
CGK,departures,2026-08-01,16:50,18:06,QG954,CTV954,PDG,Padang Minangkabau International Airport,Citilink,QG,A320,Airbus A320-214,PK-GLY,Departed 18:06,2026-08-02 05:49:32
CGK,departures,2026-08-01,16:50,,ID6296,,UPG,Makassar Sultan Hasanuddin International Airport,Batik Air,ID,32A,,,Canceled,2026-08-02 05:49:32
CGK,departures,2026-08-01,16:50,,IU768,,LOP,Lombok International Airport,Super Air Jet,IU,320,,,Unknown,2026-08-02 05:49:32
CGK,departures,2026-08-01,17:00,17:28,SQ961,SIA961,SIN,Singapore Changi Airport,Singapore Airlines,SQ,A359,Airbus A350-941,9V-SHT,Departed 17:28,2026-08-02 05:49:29
CGK,departures,2026-08-01,17:00,,JT684,,PNK,Pontianak Supadio Airport,Lion Air,JT,738,,,Unknown,2026-08-02 05:49:29
CGK,departures,2026-08-01,17:00,19:31,JT372,,BTH,Batam Hang Nadim Airport,Lion Air,JT,739,,,Unknown,2026-08-02 05:49:29
CGK,departures,2026-08-01,17:00,,ID7059,,PLM,Palembang International Airport,Batik Air,ID,32A,,,Canceled,2026-08-02 05:49:29
CGK,departures,2026-08-01,17:00,18:21,ID6882,,KNO,Medan Kuala Namu International Airport,Batik Air,ID,32A,,,Unknown,2026-08-02 05:49:29
CGK,departures,2026-08-01,17:00,17:02,ID6576,BTK6576,SUB,Surabaya Juanda International Airport,Batik Air,ID,B738,Boeing 737-8GP,PK-LZV,Departed 17:02,2026-08-02 05:49:32
CGK,departures,2026-08-01,17:00,17:17,GA420,GIA420,DPS,Denpasar Ngurah Rai International Airport,Garuda Indonesia,GA,B738,Boeing 737-8U3,PK-GFD,Departed 17:17,2026-08-02 05:49:32
CGK,departures,2026-08-01,17:00,16:59,8B679,TNU679,KUL,Kuala Lumpur International Airport,TransNusa,8B,A321,Airbus A321-211,PK-TLG,Departed 16:59,2026-08-02 05:49:32
CGK,departures,2026-08-01,17:05,17:21,QZ210,AWQ210,KUL,Kuala Lumpur International Airport,AirAsia,AK,A320,Airbus A320-216,PK-AXT,Departed 17:21,2026-08-02 05:49:29
CGK,departures,2026-08-01,17:05,18:34,JT208,LNI208,KNO,Medan Kuala Namu International Airport,Lion Air,JT,B738,Boeing 737-8GP,PK-LOP,Departed 18:34,2026-08-02 05:49:29
CGK,departures,2026-08-01,17:05,,JT173,,KNO,Medan Kuala Namu International Airport,Lion Air,JT,738,,,Unknown,2026-08-02 05:49:29
CGK,departures,2026-08-01,17:10,17:36,QG526,CTV526,SIN,Singapore Changi Airport,Citilink,QG,A320,Airbus A320-214,PK-GQK,Departed 17:36,2026-08-02 05:49:29
CGK,departures,2026-08-01,17:10,17:22,IP104,PAS104,DPS,Denpasar Ngurah Rai International Airport,Pelita Air,IP,A320,Airbus A320-214,PK-PWD,Departed 17:22,2026-08-02 05:49:29
CGK,departures,2026-08-01,17:15,17:11,QZ240,AWQ240,JHB,Johor Bahru Senai International Airport,AirAsia (Lombok Livery),AK,A320,Airbus A320-216,PK-AXU,Departed 17:11,2026-08-02 05:49:29
CGK,departures,2026-08-01,17:15,17:31,QG982,CTV982,PLM,Palembang International Airport,Citilink,QG,A20N,Airbus A320-251N,PK-GTG,Departed 17:31,2026-08-02 05:49:29
CGK,departures,2026-08-01,17:15,17:15,IU816,,PDG,Padang Minangkabau International Airport,Super Air Jet,IU,320,,,Estimated dep 17:15*,2026-08-02 05:49:29
CGK,departures,2026-08-01,17:15,17:26,IP210,PAS210,SUB,Surabaya Juanda International Airport,Pelita Air,IP,A320,Airbus A320-232,PK-PWL,Departed 17:26,2026-08-02 05:49:29
CGK,departures,2026-08-01,17:20,17:45,QG944,CTV944,BTH,Batam Hang Nadim Airport,Citilink,QG,A320,Airbus A320-214,PK-GLI,Departed 17:45,2026-08-02 05:49:29
CGK,departures,2026-08-01,17:20,17:37,QG426,CTV426,UPG,Makassar Sultan Hasanuddin International Airport,Citilink,QG,A320,Airbus A320-214,PK-GQN,Departed 17:37,2026-08-02 05:49:29
CGK,departures,2026-08-01,17:20,17:38,ID6806,BTK6806,DJB,Jambi Sultan Thaha Airport,Batik Air,ID,A320,Airbus A320-214,PK-LUW,Departed 17:38,2026-08-02 05:49:29
CGK,departures,2026-08-01,17:30,17:55,SV819,SVA819,JED,Jeddah King Abdulaziz International Airport,Saudia,SV,B77W,Boeing 777-368(ER),HZ-AK11,Departed 17:55,2026-08-02 05:49:29
CGK,departures,2026-08-01,17:30,17:40,QZ176,AWQ176,TKG,Bandar Lampung Radin Inten II Airport,AirAsia,AK,A320,Airbus A320-216,PK-AZF,Departed 17:40,2026-08-02 05:49:29
CGK,departures,2026-08-01,17:30,17:44,ID7368,BTK7368,SOC,Surakarta Adisumarmo International Airport,Batik Air,ID,A320,Airbus A320-214,PK-LUR,Departed 17:44,2026-08-02 05:49:29
CGK,departures,2026-08-01,17:30,17:43,GA246,GIA246,SRG,Semarang Achmad Yani International Airport,Garuda Indonesia (Pokémon Livery),GA,B738,Boeing 737-8U3,PK-GMU,Departed 17:43,2026-08-02 05:49:29
CGK,departures,2026-08-01,17:40,20:20,WY850,OMA850,MCT,Muscat International Airport,Oman Air,WY,B789,Boeing 787-9 Dreamliner,A4O-SL,Departed 20:20,2026-08-02 05:49:29
CGK,departures,2026-08-01,17:40,18:22,JT12,LNI012,DPS,Denpasar Ngurah Rai International Airport,Lion Air,JT,B39M,Boeing 737 MAX 9,PK-LRH,Departed 18:22,2026-08-02 05:49:29
CGK,departures,2026-08-01,17:40,,IU948,,KNO,Medan Kuala Namu International Airport,Super Air Jet,IU,320,,,Unknown,2026-08-02 05:49:29
CGK,departures,2026-08-01,17:40,19:44,EK357,UAE357,DXB,Dubai International Airport,Emirates,EK,B77W,Boeing 777-31H(ER),A6-ENW,Departed 19:44,2026-08-02 05:49:29
CGK,departures,2026-08-01,17:40,18:08,GA838,GIA838,SIN,Singapore Changi Airport,Garuda Indonesia,GA,B738,Boeing 737-8U3,PK-GMI,Departed 18:08,2026-08-02 05:49:29
CGK,departures,2026-08-01,17:45,17:46,ID7159,BTK7159,SIN,Singapore Changi Airport,Batik Air,ID,A320,Airbus A320-214,PK-LZH,Departed 17:46,2026-08-02 05:49:29
CGK,departures,2026-08-01,17:45,17:53,IP314,PAS314,PLM,Palembang International Airport,Pelita Air,IP,A320,Airbus A320-214,PK-PWJ,Departed 17:53,2026-08-02 05:49:29
CGK,departures,2026-08-01,17:50,18:12,QZ818,AWQ818,DPS,Denpasar Ngurah Rai International Airport,AirAsia,AK,A320,Airbus A320-216,PK-AXY,Departed 18:12,2026-08-02 05:49:29
CGK,departures,2026-08-01,17:50,18:16,QG412,CTV412,PNK,Pontianak Supadio Airport,Citilink,QG,A320,Airbus A320-214,PK-GLT,Departed 18:16,2026-08-02 05:49:29
CGK,departures,2026-08-01,17:50,17:51,OD391,MXD391,KUL,Kuala Lumpur International Airport,Batik Air,ID,B38M,Boeing 737 MAX 8,9M-LRJ,Departed 17:51,2026-08-02 05:49:29
CGK,departures,2026-08-01,17:50,17:59,GA72,GIA072,TKG,Bandar Lampung Radin Inten II Airport,Garuda Indonesia,GA,B738,Boeing 737-8SH,PK-GUJ,Departed 17:59,2026-08-02 05:49:29
CGK,departures,2026-08-01,18:00,18:31,SJ272,SJY272,DPS,Denpasar Ngurah Rai International Airport,BBN Airlines Indonesia,0B,B738,Boeing 737-8BK,PK-BBF,Departed 18:31,2026-08-02 05:49:29
CGK,departures,2026-08-01,18:00,18:10,GA576,GIA576,BPN,Balikpapan Sepinggan Airport,Garuda Indonesia,GA,B738,Boeing 737-8U3,PK-GMC,Departed 18:10,2026-08-02 05:49:29
CGK,departures,2026-08-01,18:05,18:29,SQ963,SIA963,SIN,Singapore Changi Airport,Singapore Airlines,SQ,A359,Airbus A350-941,9V-SMA,Departed 18:29,2026-08-02 05:49:29
CGK,departures,2026-08-01,18:05,,ID6801,,YIA,Yogyakarta International Airport,Batik Air,ID,32A,,,Unknown,2026-08-02 05:49:29
CGK,departures,2026-08-01,18:05,18:32,ID6374,BTK6374,YIA,Yogyakarta International Airport,Batik Air,ID,A320,Airbus A320-233,PK-BKG,Departed 18:32,2026-08-02 05:49:29
CGK,departures,2026-08-01,18:10,18:34,OD349,MXD349,SZB,Kuala Lumpur Subang Airport,Batik Air,ID,B738,Boeing 737-86N,9M-LDP,Departed 18:34,2026-08-02 05:49:29
CGK,departures,2026-08-01,18:10,18:25,EY475,ETD475,AUH,Abu Dhabi Zayed International Airport,Etihad Airways,EY,B78X,Boeing 787-10 Dreamliner,A6-BMJ,Departed 18:25,2026-08-02 05:49:29
CGK,departures,2026-08-01,18:10,19:30,JT308,LNI308,KNO,Medan Kuala Namu International Airport,Lion Air,JT,B738,Boeing 737-8GP,PK-LOQ,Departed 19:30,2026-08-02 05:49:29
CGK,departures,2026-08-01,18:10,18:19,IP328,PAS328,PKU,Pekanbaru Sultan Syarif Kasim II Airport,Pelita Air,IP,A320,Airbus A320-216,PK-PWN,Departed 18:19,2026-08-02 05:49:29
CGK,departures,2026-08-01,18:15,18:25,QG938,CTV938,PKU,Pekanbaru Sultan Syarif Kasim II Airport,Citilink,QG,A320,Airbus A320-214,PK-GQA,Departed 18:25,2026-08-02 05:49:29
CGK,departures,2026-08-01,18:15,18:21,IU600,SJV600,BPN,Balikpapan Sepinggan Airport,Super Air Jet,IU,A320,Airbus A320-232,PK-SJQ,Departed 18:21,2026-08-02 05:49:29
CGK,departures,2026-08-01,18:15,19:01,IU638,SJV638,BDJ,Banjarmasin Syamsudin Noor Airport,Super Air Jet,IU,A320,Airbus A320-232,PK-SJZ,Departed 19:01,2026-08-02 05:49:29
CGK,departures,2026-08-01,18:15,18:38,GA536,GIA536,BDJ,Banjarmasin Syamsudin Noor Airport,Garuda Indonesia,GA,B738,Boeing 737-8U3,PK-GMW,Departed 18:38,2026-08-02 05:49:29
CGK,departures,2026-08-01,18:20,18:36,IU690,SJV690,PNK,Pontianak Supadio Airport,Super Air Jet,IU,A320,Airbus A320-232,PK-STG,Departed 18:36,2026-08-02 05:49:29
CGK,departures,2026-08-01,18:25,18:46,MH722,MAS722,KUL,Kuala Lumpur International Airport,Malaysia Airlines,MH,B38M,Boeing 737 MAX 8,9M-MVA,Departed 18:46,2026-08-02 05:49:29
CGK,departures,2026-08-01,18:30,18:43,QR957,QTR957,DOH,Doha Hamad International Airport,Qatar Airways,QR,A359,Airbus A350-941,A7-ALN,Departed 18:43,2026-08-02 05:49:29
CGK,departures,2026-08-01,18:30,18:50,QG914,CTV914,KNO,Medan Kuala Namu International Airport,Citilink,QG,A320,Airbus A320-214,PK-GLM,Departed 18:50,2026-08-02 05:49:29
CGK,departures,2026-08-01,18:30,18:41,QG776,CTV776,YIA,Yogyakarta International Airport,Citilink,QG,A320,Airbus A320-214,PK-GLG,Departed 18:41,2026-08-02 05:49:29
CGK,departures,2026-08-01,18:30,19:07,GA426,GIA426,DPS,Denpasar Ngurah Rai International Airport,Garuda Indonesia,GA,B738,Boeing 737-8U3,PK-GMV,Departed 19:07,2026-08-02 05:49:29
CGK,departures,2026-08-01,18:40,18:54,QG798,CTV798,SRG,Semarang Achmad Yani International Airport,Citilink,QG,A320,Airbus A320-214,PK-GQF,Departed 18:54,2026-08-02 05:49:29
CGK,departures,2026-08-01,18:45,19:09,ID6142,BTK6142,UPG,Makassar Sultan Hasanuddin International Airport,Batik Air,ID,A320,Airbus A320-232,PK-BLB,Departed 19:09,2026-08-02 05:49:29
CGK,departures,2026-08-01,18:50,18:58,QG726,CTV726,SUB,Surabaya Juanda International Airport,Citilink,QG,A320,Airbus A320-214,PK-GQE,Departed 18:58,2026-08-02 05:49:29
CGK,departures,2026-08-01,18:50,19:18,JT352,LNI352,PDG,Padang Minangkabau International Airport,Lion Air,JT,B738,Boeing 737-8GP,PK-LOI,Departed 19:18,2026-08-02 05:49:29
CGK,departures,2026-08-01,18:50,18:50,IN220,,YIA,Yogyakarta International Airport,Nam Air,IN,735,,,Estimated dep 18:50*,2026-08-02 05:49:29
CGK,departures,2026-08-01,18:55,19:10,JT242,LNI242,TKG,Bandar Lampung Radin Inten II Airport,Lion Air,JT,B739,Boeing 737-9GP(ER),PK-LSU,Departed 19:10,2026-08-02 05:49:29
CGK,departures,2026-08-01,18:55,19:56,AK387,AXM387,KUL,Kuala Lumpur International Airport,AirAsia,AK,A320,Airbus A320-214,9M-RCB,Departed 19:56,2026-08-02 05:49:29
CGK,departures,2026-08-01,19:00,19:14,8B860,TNU860,CAN,Guangzhou Baiyun International Airport,TransNusa,8B,A320,Airbus A320-214,PK-TLD,Departed 19:14,2026-08-02 05:49:29
CGK,departures,2026-08-01,19:00,19:18,TG436,THA436,BKK,Bangkok Suvarnabhumi Airport,Thai Airways (Star Alliance Livery),TG,A359,Airbus A350-941,HS-THQ,Departed 19:18,2026-08-02 05:49:29
CGK,departures,2026-08-01,19:00,19:31,IU874,SJV874,PLM,Palembang International Airport,Super Air Jet,IU,A320,Airbus A320-232,PK-SJS,Departed 19:31,2026-08-02 05:49:29
CGK,departures,2026-08-01,19:00,19:05,IU914,SJV914,PKU,Pekanbaru Sultan Syarif Kasim II Airport,Super Air Jet,IU,A320,Airbus A320-232,PK-SAU,Departed 19:05,2026-08-02 05:49:29
CGK,departures,2026-08-01,19:00,19:15,ID6884,BTK6884,KNO,Medan Kuala Namu International Airport,Batik Air,ID,A320,Airbus A320-214,PK-LUP,Departed 19:15,2026-08-02 05:49:29
CGK,departures,2026-08-01,19:00,,ID6205,,KNO,Medan Kuala Namu International Airport,Batik Air,ID,32A,,,Unknown,2026-08-02 05:49:29
CGK,departures,2026-08-01,19:05,19:29,QG946,CTV946,BTH,Batam Hang Nadim Airport,Citilink,QG,A320,Airbus A320-214,PK-GLU,Departed 19:29,2026-08-02 05:49:29
CGK,departures,2026-08-01,19:15,19:33,HU702,CHH702,HAK,Haikou Meilan International Airport,Hainan Airlines,HU,B38M,Boeing 737 MAX 8,B-225X,Departed 19:33,2026-08-02 05:49:29
CGK,departures,2026-08-01,19:15,19:35,GA206,GIA206,YIA,Yogyakarta International Airport,Garuda Indonesia,GA,B738,Boeing 737-8U3,PK-GMD,Departed 19:35,2026-08-02 05:49:29
CGK,departures,2026-08-01,19:15,19:29,GA196,GIA196,KNO,Medan Kuala Namu International Airport,Garuda Indonesia (From Nature to Future Livery),GA,B738,Boeing 737-8U3,PK-GFX,Departed 19:29,2026-08-02 05:49:29
CGK,departures,2026-08-01,19:20,19:27,SQ965,SIA965,SIN,Singapore Changi Airport,Singapore Airlines,SQ,B77W,Boeing 777-312(ER),9V-SWY,Departed 19:27,2026-08-02 05:49:29
CGK,departures,2026-08-01,19:20,01:30,9C7342,CQH7342,SZX,Shenzhen Bao'an International Airport,Spring Airlines,9C,A20N,Airbus A320-251N,B-30CN,Departed 01:30,2026-08-02 05:49:29
CGK,departures,2026-08-01,19:25,15:20,QZ820,,DPS,Denpasar Ngurah Rai International Airport,AirAsia,AK,A320,Airbus A320-216,PK-AZO,Estimated dep 15:20*,2026-08-02 05:49:29
CGK,departures,2026-08-01,19:30,20:46,8B5110,TNU5110,DPS,Denpasar Ngurah Rai International Airport,TransNusa,8B,A320,Airbus A320-214,PK-TLO,Departed 20:46,2026-08-02 05:49:29
CGK,departures,2026-08-01,19:30,19:30,IN582,,UPG,Makassar Sultan Hasanuddin International Airport,Nam Air,IN,735,,,Estimated dep 19:30,2026-08-02 05:49:29
CGK,departures,2026-08-01,19:30,19:47,ID6862,BTK6862,BTH,Batam Hang Nadim Airport,Batik Air,ID,A320,Airbus A320-214,PK-BKQ,Departed 19:47,2026-08-02 05:49:29
CGK,departures,2026-08-01,19:30,,ID6143,,BTH,Batam Hang Nadim Airport,Batik Air,ID,32A,,,Unknown,2026-08-02 05:49:29
CGK,departures,2026-08-01,19:30,20:08,KL810,KLM810,KUL,Kuala Lumpur International Airport,KLM,KL,B789,Boeing 787-9 Dreamliner,PH-BHC,Departed 20:08,2026-08-02 05:49:29
CGK,departures,2026-08-01,19:30,19:38,IU624,SJV624,BDJ,Banjarmasin Syamsudin Noor Airport,Super Air Jet,IU,A320,Airbus A320-232,PK-SAV,Departed 19:38,2026-08-02 05:49:29
CGK,departures,2026-08-01,19:30,19:36,ID6362,BTK6362,SRG,Semarang Achmad Yani International Airport,Batik Air,ID,A320,Airbus A320-214,PK-LUK,Departed 19:36,2026-08-02 05:49:29
CGK,departures,2026-08-01,19:30,19:41,GA822,GIA822,SIN,Singapore Changi Airport,Garuda Indonesia,GA,B738,Boeing 737-8U3,PK-GNM,Departed 19:41,2026-08-02 05:49:29
CGK,departures,2026-08-01,19:45,19:53,8B155,TNU155,SIN,Singapore Changi Airport,TransNusa,8B,A321,Airbus A321-211,PK-TLK,Departed 19:53,2026-08-02 05:49:29
CGK,departures,2026-08-01,19:45,20:03,GA424,GIA424,DPS,Denpasar Ngurah Rai International Airport,Garuda Indonesia,GA,B738,Boeing 737-8U3,PK-GMA,Departed 20:03,2026-08-02 05:49:29
CGK,departures,2026-08-01,19:50,20:43,MH724,MAS724,KUL,Kuala Lumpur International Airport,Malaysia Airlines (Retro Livery),MH,B738,Boeing 737-8H6,9M-MLV,Departed 20:43,2026-08-02 05:49:29
CGK,departures,2026-08-01,20:00,20:14,TR279,TGW279,SIN,Singapore Changi Airport,Scoot,TR,A320,Airbus A320-232,9V-TRT,Departed 20:14,2026-08-02 05:49:29
CGK,departures,2026-08-01,20:00,20:04,QG986,CTV986,PLM,Palembang International Airport,Citilink,QG,A320,Airbus A320-214,PK-GQM,Departed 20:04,2026-08-02 05:49:29
CGK,departures,2026-08-01,20:00,20:06,QG882,CTV882,KNO,Medan Kuala Namu International Airport,Citilink,QG,A320,Airbus A320-214,PK-GQS,Departed 20:06,2026-08-02 05:49:29
CGK,departures,2026-08-01,20:00,,ID6821,,SUB,Surabaya Juanda International Airport,Batik Air,ID,32A,,,Unknown,2026-08-02 05:49:29
CGK,departures,2026-08-01,20:00,20:06,ID6588,BTK6588,SUB,Surabaya Juanda International Airport,Batik Air,ID,A320,Airbus A320-214,PK-LUJ,Departed 20:06,2026-08-02 05:49:29
CGK,departures,2026-08-01,20:05,21:06,JT306,LNI306,KNO,Medan Kuala Namu International Airport,Lion Air,JT,B739,Boeing 737-9GP(ER),PK-LHP,Departed 21:06,2026-08-02 05:49:29
CGK,departures,2026-08-01,20:10,20:27,GA324,GIA324,SUB,Surabaya Juanda International Airport,Garuda Indonesia,GA,B738,Boeing 737-8U3,PK-GFF,Departed 20:27,2026-08-02 05:49:29
CGK,departures,2026-08-01,20:15,20:39,SQ967,SIA967,SIN,Singapore Changi Airport,Singapore Airlines,SQ,A359,Airbus A350-941,9V-SHI,Departed 20:39,2026-08-02 05:49:29
CGK,departures,2026-08-01,20:30,20:35,QG216,CTV216,UPG,Makassar Sultan Hasanuddin International Airport,Citilink,QG,A20N,Airbus A320-251N,PK-GTA,Departed 20:35,2026-08-02 05:49:29
CGK,departures,2026-08-01,20:35,,3U9016,,TFU,Chengdu Tianfu International Airport,Sichuan Airlines,3U,321,,,Unknown,2026-08-02 05:49:29
CGK,departures,2026-08-01,20:35,20:59,ET629,ETH629,BKK,Bangkok Suvarnabhumi Airport,Ethiopian Airlines,ET,B789,Boeing 787-9 Dreamliner,ET-AUQ,Departed 20:59,2026-08-02 05:49:29
CGK,departures,2026-08-01,20:40,22:54,OD389,MXD389,KUL,Kuala Lumpur International Airport,Batik Air,ID,B738,Boeing 737-8U3,9M-LCW,Departed 22:54,2026-08-02 05:49:29
CGK,departures,2026-08-01,20:45,20:49,QF42,QFA042,SYD,Sydney Kingsford Smith Airport,Qantas,QF,A332,Airbus A330-202,VH-EBQ,Departed 20:49,2026-08-02 05:49:29
CGK,departures,2026-08-01,20:50,21:29,AK354,AXM354,KUL,Kuala Lumpur International Airport,AirAsia,AK,A320,Airbus A320-214,9M-AHV,Departed 21:29,2026-08-02 05:49:29
CGK,departures,2026-08-01,21:00,,3Y812,,KNO,Medan Kuala Namu International Airport,My Indo Airlines,3Y,73Y,,,Unknown,2026-08-02 05:49:26
CGK,departures,2026-08-01,21:00,21:01,TK57,THY057,IST,Istanbul Airport,Turkish Airlines,TK,A359,Airbus A350-941,TC-LGA,Departed 21:01,2026-08-02 05:49:29
CGK,departures,2026-08-01,21:00,,RI120,,KNO,Medan Kuala Namu International Airport,Rimbun Air,RI,73Y,,,Unknown,2026-08-02 05:49:29
CGK,departures,2026-08-01,21:00,,RI700,,LOP,Lombok International Airport,Rimbun Air,RI,73Y,,,Unknown,2026-08-02 05:49:29
CGK,departures,2026-08-01,21:00,21:01,QG728,CTV728,SUB,Surabaya Juanda International Airport,Citilink,QG,A320,Airbus A320-214,PK-GLO,Departed 21:01,2026-08-02 05:49:29
CGK,departures,2026-08-01,21:25,21:38,NH856,ANA856,HND,Tokyo Haneda International Airport,All Nippon Airways,NH,B789,Boeing 787-9 Dreamliner,JA879A,Departed 21:38,2026-08-02 05:49:26
CGK,departures,2026-08-01,21:25,21:27,GA652,GIA652,DPS,Denpasar Ngurah Rai International Airport,Garuda Indonesia,GA,B738,Boeing 737-8U3,PK-GFP,Departed 21:27,2026-08-02 05:49:26
CGK,departures,2026-08-01,21:30,22:08,OZ762,AAR762,ICN,Seoul Incheon International Airport,Asiana Airlines,OZ,A359,Airbus A350-941,HL8308,Departed 22:08,2026-08-02 05:49:26
CGK,departures,2026-08-01,21:30,21:30,JT940,,UPG,Makassar Sultan Hasanuddin International Airport,Lion Air,JT,738,,,Estimated dep 21:30*,2026-08-02 05:49:26
CGK,departures,2026-08-01,21:30,21:30,JT938,,UPG,Makassar Sultan Hasanuddin International Airport,Lion Air,JT,738,,,Estimated dep 21:30*,2026-08-02 05:49:26
CGK,departures,2026-08-01,21:30,,JT123,,UPG,Makassar Sultan Hasanuddin International Airport,Lion Air,JT,739,,,Unknown,2026-08-02 05:49:26
CGK,departures,2026-08-01,21:30,21:37,JT798,LNI798,UPG,Makassar Sultan Hasanuddin International Airport,Lion Air,JT,B739,Boeing 737-9GP(ER),PK-LJG,Departed 21:37,2026-08-02 05:49:26
CGK,departures,2026-08-01,21:50,22:14,TW156,TWB156,ICN,Seoul Incheon International Airport,T'Way Air,TW,A333,Airbus A330-343,HL8501,Departed 22:14,2026-08-02 05:49:26
CGK,departures,2026-08-01,21:50,22:06,JL726,JAL726,NRT,Tokyo Narita International Airport,Japan Airlines,JL,B763,Boeing 767-346(ER),JA617J,Departed 22:06,2026-08-02 05:49:26
CGK,departures,2026-08-01,22:00,22:00,JT984,,UPG,Makassar Sultan Hasanuddin International Airport,Lion Air,JT,739,,,Estimated dep 22:00*,2026-08-02 05:49:26
CGK,departures,2026-08-01,22:00,22:00,JT948,,UPG,Makassar Sultan Hasanuddin International Airport,Lion Air,JT,738,,,Estimated dep 22:00*,2026-08-02 05:49:26
CGK,departures,2026-08-01,22:15,22:22,TR273,TGW273,SIN,Singapore Changi Airport,Scoot,TR,A20N,Airbus A320-271N,9V-TNE,Departed 22:22,2026-08-02 05:49:26
CGK,departures,2026-08-01,22:15,22:10,SJ598,SJY598,UPG,Makassar Sultan Hasanuddin International Airport,Sriwijaya Air,SJ,B735,Boeing 737-524,PK-CLH,Departed 22:10,2026-08-02 05:49:26
CGK,departures,2026-08-01,23:00,,RI320,,UPG,Makassar Sultan Hasanuddin International Airport,Rimbun Air,RI,73Y,,,Unknown,2026-08-02 05:49:26
CGK,departures,2026-08-01,23:00,23:05,ID6182,BTK6182,UPG,Makassar Sultan Hasanuddin International Airport,Batik Air,ID,B738,Boeing 737-8GP,PK-LBW,Departed 23:05,2026-08-02 05:49:26
CGK,departures,2026-08-01,23:00,,ID6164,,UPG,Makassar Sultan Hasanuddin International Airport,Batik Air,ID,32A,,,Unknown,2026-08-02 05:49:26
CGK,departures,2026-08-01,23:15,01:44,GA878,GIA878,ICN,Seoul Incheon International Airport,Garuda Indonesia (Ayo Pakai Masker Livery),GA,A333,Airbus A330-343,PK-GHC,Departed 01:44,2026-08-02 05:49:26
CGK,departures,2026-08-01,23:15,23:41,GA656,GIA656,DJJ,Jayapura Sentani Airport,Garuda Indonesia,GA,B738,Boeing 737-8U3,PK-GFV,Departed 23:41,2026-08-02 05:49:26
CGK,departures,2026-08-01,23:20,23:47,MF8674,CXA8674,CKG,Chongqing Jiangbei International Airport,Xiamen Air,MF,B38M,Boeing 737 MAX 8,B-1118,Departed 23:47,2026-08-02 05:49:26
CGK,departures,2026-08-01,23:25,23:35,GA874,GIA874,HND,Tokyo Haneda International Airport,Garuda Indonesia (74th Anniversary Livery),GA,A333,Airbus A330-343,PK-GPZ,Departed 23:35,2026-08-02 05:49:26
CGK,departures,2026-08-01,23:30,,RI302,,MDC,Manado Sam Ratulangi International Airport,Rimbun Air,RI,73Y,,,Unknown,2026-08-02 05:49:26
CGK,departures,2026-08-01,23:30,00:13,MU5070,CES5070,PVG,Shanghai Pudong International Airport,China Eastern Airlines,MU,A332,Airbus A330-243,B-8226,Departed 00:13,2026-08-02 05:49:26
CGK,departures,2026-08-01,23:30,02:53,MF838,CXA838,XMN,Xiamen Gaoqi International Airport,Xiamen Air,MF,B38M,Boeing 737 MAX 8,B-227A,Departed 02:53,2026-08-02 05:49:26
CGK,departures,2026-08-01,23:50,00:16,GA860,GIA860,HKG,Hong Kong International Airport,Garuda Indonesia,GA,B738,Boeing 737-8U3,PK-GFD,Departed 00:16,2026-08-02 05:49:26
CGK,departures,2026-08-01,23:55,00:05,GA894,GIA894,PVG,Shanghai Pudong International Airport,Garuda Indonesia,GA,A333,Airbus A330-343,PK-GPU,Departed 00:05,2026-08-02 05:49:26
CGK,departures,2026-08-01,23:55,00:08,GA712,GIA712,SYD,Sydney Kingsford Smith Airport,Garuda Indonesia (Pokémon Livery),GA,A333,Airbus A330-343,PK-GPY,Departed 00:08,2026-08-02 05:49:26
DPS,arrivals,2026-08-01,06:05,06:27,HX707,CRK707,HKG,Hong Kong International Airport,Hong Kong Airlines,HX,A333,Airbus A330-343,B-LHI,Landed 07:27,2026-08-02 05:50:15
DPS,arrivals,2026-08-01,06:10,06:05,8B5889,TNU5889,MDC,Manado Sam Ratulangi International Airport,TransNusa,8B,A320,Airbus A320-214,PK-TLF,Landed 07:05,2026-08-02 05:50:15
DPS,arrivals,2026-08-01,06:15,05:57,ID6414,BTK6414,SUB,Surabaya Juanda International Airport,Batik Air,ID,A320,Airbus A320-214,PK-LUT,Landed 06:57,2026-08-02 05:50:15
DPS,arrivals,2026-08-01,06:20,,8B968,,CAN,Guangzhou Baiyun International Airport,TransNusa,8B,320,,,Unknown,2026-08-02 05:50:15
DPS,arrivals,2026-08-01,06:25,06:16,JT20,LNI020,CGK,Jakarta Soekarno Hatta International Airport,Lion Air,JT,B39M,Boeing 737 MAX 9,PK-LRH,Landed 07:16,2026-08-02 05:50:12
DPS,arrivals,2026-08-01,06:25,06:02,AI2145,AIC2145,DEL,Delhi Indira Gandhi International Airport,Air India,AI,A21N,Airbus A321-251NX(LR),VT-TVG,Landed 07:02,2026-08-02 05:50:12
DPS,arrivals,2026-08-01,06:35,06:24,QG680,CTV680,CGK,Jakarta Soekarno Hatta International Airport,Citilink,QG,A320,Airbus A320-214,PK-GLY,Landed 07:24,2026-08-02 05:50:12
DPS,arrivals,2026-08-01,06:35,06:21,QG692,CTV692,SUB,Surabaya Juanda International Airport,Citilink,QG,A20N,Airbus A320-251N,PK-GTF,Landed 07:21,2026-08-02 05:50:12
DPS,arrivals,2026-08-01,06:40,06:32,ID6761,BTK6761,UPG,Makassar Sultan Hasanuddin International Airport,Batik Air,ID,A320,Airbus A320-214,PK-BKV,Landed 07:32,2026-08-02 05:50:12
DPS,arrivals,2026-08-01,06:45,06:39,IW1851,WON1851,LOP,Lombok International Airport,Wings Air,IW,AT76,ATR 72-600,PK-WJM,Landed 07:39,2026-08-02 05:50:12
DPS,arrivals,2026-08-01,06:45,06:35,CZ8481,CSN8481,CAN,Guangzhou Baiyun International Airport,China Southern Airlines,CZ,A21N,Airbus A321-253NX,B-30FW,Landed 07:35,2026-08-02 05:50:12
DPS,arrivals,2026-08-01,06:50,06:43,5J279,CEB279,MNL,Manila Ninoy Aquino International Airport,Cebu Pacific,5J,A21N,Airbus A321-271NX,RP-C4140,Landed 07:43,2026-08-02 05:50:12
DPS,arrivals,2026-08-01,07:15,07:08,IW1853,WON1853,LOP,Lombok International Airport,Wings Air,IW,AT76,ATR 72-600,PK-WHR,Landed 08:08,2026-08-02 05:50:12
DPS,arrivals,2026-08-01,07:15,06:55,ID6553,BTK6553,KOE,Kupang El Tari Airport,Batik Air,ID,A320,Airbus A320-214,PK-LUU,Landed 07:55,2026-08-02 05:50:12
DPS,arrivals,2026-08-01,07:20,,IN282,,CGK,Jakarta Soekarno Hatta International Airport,Nam Air,IN,B735,Boeing 737-524,PK-NAQ,Unknown,2026-08-02 05:50:12
DPS,arrivals,2026-08-01,07:45,07:35,8B85,TNU085,PER,Perth Airport,TransNusa,8B,A320,Airbus A320-214,PK-TLN,Landed 08:35,2026-08-02 05:50:12
DPS,arrivals,2026-08-01,07:55,07:45,SQ934,SIA934,SIN,Singapore Changi Airport,Singapore Airlines,SQ,B78X,Boeing 787-10 Dreamliner,9V-SCL,Landed 08:45,2026-08-02 05:50:12
DPS,arrivals,2026-08-01,08:00,,QZ806,,CGK,Jakarta Soekarno Hatta International Airport,AirAsia,AK,A320,Airbus A320-216,PK-AZF,Unknown,2026-08-02 05:50:12
DPS,arrivals,2026-08-01,08:05,08:03,8B5251,TNU5251,LOP,Lombok International Airport,TransNusa,8B,AJ27,Comac ARJ-21-700,PK-TJC,Landed 09:03,2026-08-02 05:50:12
DPS,arrivals,2026-08-01,08:05,07:51,IW1859,WON1859,LOP,Lombok International Airport,Wings Air (60th ATR to Lion GroupLivery),IW,AT76,ATR 72-600,PK-WHS,Landed 08:51,2026-08-02 05:50:12
DPS,arrivals,2026-08-01,08:25,08:14,IU132,SJV132,SRG,Semarang Achmad Yani International Airport,Super Air Jet,IU,A320,Airbus A320-232,PK-SJD,Landed 09:14,2026-08-02 05:50:12
DPS,arrivals,2026-08-01,08:30,07:59,IU127,SJV127,SOC,Surakarta Adisumarmo International Airport,Super Air Jet,IU,A320,Airbus A320-232,PK-SJM,Landed 08:59,2026-08-02 05:50:12
DPS,arrivals,2026-08-01,08:45,09:02,8B5104,TNU5104,CGK,Jakarta Soekarno Hatta International Airport,TransNusa,8B,A320,Airbus A320-214,PK-TLP,Landed 10:02,2026-08-02 05:50:12
DPS,arrivals,2026-08-01,08:50,08:39,QZ645,AWQ645,LBJ,Labuan Bajo Komodo Airport,AirAsia,AK,A320,Airbus A320-214,PK-AZH,Landed 09:39,2026-08-02 05:50:12
DPS,arrivals,2026-08-01,08:55,08:47,8G181,DTL181,DIL,Dili Presidente Nicolau Lobato International Airport,Aero Dili,8G,A320,Airbus A320-232,4W-AAL,Landed 09:47,2026-08-02 05:50:12
DPS,arrivals,2026-08-01,08:55,08:50,JT990,LNI990,SUB,Surabaya Juanda International Airport,Lion Air,JT,B739,Boeing 737-9GP(ER),PK-LSO,Landed 09:50,2026-08-02 05:50:12
DPS,arrivals,2026-08-01,08:55,08:44,JT741,LNI741,UPG,Makassar Sultan Hasanuddin International Airport,Lion Air,JT,B739,Boeing 737-96N(ER),PK-LSY,Landed 09:44,2026-08-02 05:50:12
DPS,arrivals,2026-08-01,09:05,09:05,GA402,GIA402,CGK,Jakarta Soekarno Hatta International Airport,Garuda Indonesia,GA,B738,Boeing 737-81M,PK-GUC,Landed 10:05,2026-08-02 05:50:12
DPS,arrivals,2026-08-01,09:10,08:54,JQ125,JST125,ADL,Adelaide Airport,Jetstar,JQ,A21N,Airbus A321-251NX(LR),VH-OFY,Landed 09:54,2026-08-02 05:50:12
DPS,arrivals,2026-08-01,09:20,08:25,6E1605,IGO1605,BLR,Bengaluru Kempegowda International Airport,IndiGo,6E,A20N,Airbus A320-251N,VT-IOR,Landed 09:25,2026-08-02 05:50:12
DPS,arrivals,2026-08-01,09:20,08:57,TR280,TGW280,SIN,Singapore Changi Airport,Scoot,TR,B788,Boeing 787-8 Dreamliner,9V-OFL,Landed 09:57,2026-08-02 05:50:12
DPS,arrivals,2026-08-01,09:30,09:28,JQ110,JST110,PER,Perth Airport,Jetstar,JQ,A21N,Airbus A321-251NX(LR),VH-OFQ,Landed 10:28,2026-08-02 05:50:12
DPS,arrivals,2026-08-01,09:35,09:48,JQ31,JST031,MEL,Melbourne Airport,Jetstar,JQ,A21N,Airbus A321-251NX(LR),VH-OYT,Landed 10:48,2026-08-02 05:50:12
DPS,arrivals,2026-08-01,09:40,09:40,IW1855,WON1855,LOP,Lombok International Airport,Wings Air,IW,AT76,ATR 72-600,PK-WHR,Landed 10:40,2026-08-02 05:50:12
DPS,arrivals,2026-08-01,09:45,09:18,QZ549,AWQ549,PER,Perth Airport,AirAsia (Sustainable ASEAN Tourism Livery),AK,A320,Airbus A320-216,PK-AZS,Landed 10:18,2026-08-02 05:50:12
DPS,arrivals,2026-08-01,09:50,10:01,JQ39,JST039,SYD,Sydney Kingsford Smith Airport,Jetstar,JQ,A21N,Airbus A321-251NX(LR),VH-OYC,Landed 11:01,2026-08-02 05:50:12
DPS,arrivals,2026-08-01,09:55,09:43,AK370,AXM370,KUL,Kuala Lumpur International Airport,AirAsia (Resorts World Genting Livery),AK,A20N,Airbus A320-251N,9M-AGA,Landed 10:43,2026-08-02 05:50:12
DPS,arrivals,2026-08-01,10:00,09:58,SQ936,SIA936,SIN,Singapore Changi Airport,Singapore Airlines,SQ,B78X,Boeing 787-10 Dreamliner,9V-SCJ,Landed 10:58,2026-08-02 05:50:12
DPS,arrivals,2026-08-01,10:00,09:46,ID6332,BTK6332,LBJ,Labuan Bajo Komodo Airport,Batik Air,ID,A320,Airbus A320-214,PK-LUT,Landed 10:46,2026-08-02 05:50:12
DPS,arrivals,2026-08-01,10:05,10:32,OD192,MXD192,PER,Perth Airport,Batik Air,ID,B738,Boeing 737-86N,9M-LDK,Landed 11:32,2026-08-02 05:50:12
DPS,arrivals,2026-08-01,10:05,10:51,GA719,GIA719,MEL,Melbourne Airport,Garuda Indonesia (TravelGo Sticker),GA,A333,Airbus A330-343,PK-GPV,Landed 11:51,2026-08-02 05:50:12
DPS,arrivals,2026-08-01,10:10,,QZ808,,CGK,Jakarta Soekarno Hatta International Airport,Indonesia AirAsia,QZ,320,,,Unknown,2026-08-02 05:50:12
DPS,arrivals,2026-08-01,10:20,10:54,IN641,LKN641,TMC,Tambolaka Airport,Nam Air,IN,B735,Boeing 737-524,PK-NAQ,Landed 11:54,2026-08-02 05:50:12
DPS,arrivals,2026-08-01,10:20,,SJ7160,,UPG,Makassar Sultan Hasanuddin International Airport,Sriwijaya Air,SJ,735,,,Unknown,2026-08-02 05:50:12
DPS,arrivals,2026-08-01,10:20,10:09,IW1849,WON1849,LOP,Lombok International Airport,Wings Air,IW,AT76,ATR 72-600,PK-WJP,Landed 11:09,2026-08-02 05:50:12
DPS,arrivals,2026-08-01,10:20,10:13,IW1883,WON1883,SWQ,Sumbawa Besar Airport,Wings Air,IW,AT76,ATR 72-600,PK-WJM,Landed 11:13,2026-08-02 05:50:12
DPS,arrivals,2026-08-01,10:20,10:25,GA342,GIA342,SUB,Surabaya Juanda International Airport,Garuda Indonesia (Retro 1960 Livery),GA,B738,Boeing 737-8U3,PK-GFM,Landed 11:25,2026-08-02 05:50:12
DPS,arrivals,2026-08-01,10:25,10:05,OD178,MXD178,MEL,Melbourne Airport,Batik Air,ID,B38M,Boeing 737 MAX 8,9M-LRP,Landed 11:05,2026-08-02 05:50:12
DPS,arrivals,2026-08-01,10:25,14:02,JT30,LNI030,CGK,Jakarta Soekarno Hatta International Airport,Lion Air,JT,B739,Boeing 737-96N(ER),PK-LSY,Landed 15:02,2026-08-02 05:50:12
DPS,arrivals,2026-08-01,10:25,11:21,EY476,ETD476,AUH,Abu Dhabi Zayed International Airport,Etihad Airways,EY,B77W,Boeing 777-3FX(ER),A6-ETH,Landed 12:21,2026-08-02 05:50:12
DPS,arrivals,2026-08-01,10:30,10:21,GA406,GIA406,CGK,Jakarta Soekarno Hatta International Airport,Garuda Indonesia,GA,B738,Boeing 737-8U3,PK-GUF,Landed 11:21,2026-08-02 05:50:12
DPS,arrivals,2026-08-01,10:35,10:18,QG696,CTV696,SUB,Surabaya Juanda International Airport,Citilink,QG,A320,Airbus A320-214,PK-GLV,Landed 11:18,2026-08-02 05:50:12
DPS,arrivals,2026-08-01,10:40,10:35,FD396,AIQ396,DMK,Bangkok Don Mueang International Airport,AirAsia (Amazing New Chapters Livery),AK,A320,Airbus A320-216,HS-BBR,Landed 11:35,2026-08-02 05:50:12
DPS,arrivals,2026-08-01,10:50,10:57,JQ57,JST057,BNE,Brisbane Airport,Jetstar,JQ,A21N,Airbus A321-251NX(LR),VH-OLU,Landed 11:57,2026-08-02 05:50:12
DPS,arrivals,2026-08-01,11:00,10:44,SQ938,SIA938,SIN,Singapore Changi Airport,Singapore Airlines,SQ,B78X,Boeing 787-10 Dreamliner,9V-SCM,Landed 11:44,2026-08-02 05:50:12
DPS,arrivals,2026-08-01,11:00,,OD306,MXD306,KUL,Kuala Lumpur International Airport,Batik Air,ID,B738,Boeing 737-8U3,9M-LDF,Unknown,2026-08-02 05:50:12
DPS,arrivals,2026-08-01,11:00,10:48,IP102,PAS102,CGK,Jakarta Soekarno Hatta International Airport,Pelita Air,IP,A320,Airbus A320-214,PK-PWP,Landed 11:48,2026-08-02 05:50:12
DPS,arrivals,2026-08-01,11:05,11:01,OD172,MXD172,SYD,Sydney Kingsford Smith Airport,Batik Air (Visit Malaysia Truly Asia 2026 Livery),ID,B38M,Boeing 737 MAX 8,9M-LRM,Landed 12:01,2026-08-02 05:50:12
DPS,arrivals,2026-08-01,11:05,11:18,MH715,MAS715,KUL,Kuala Lumpur International Airport,Malaysia Airlines (Visit Malaysia 2026 Livery),MH,A333,Airbus A330-323,9M-MTJ,Landed 12:18,2026-08-02 05:50:12
DPS,arrivals,2026-08-01,11:10,11:14,8B5635,TNU5635,BMU,Bima Sultan Muhammad Salahudin Airport,TransNusa,8B,AJ27,Comac ARJ-21-700,PK-TJC,Landed 12:14,2026-08-02 05:50:12
DPS,arrivals,2026-08-01,11:10,11:08,SL258,TLM258,DMK,Bangkok Don Mueang International Airport,Thai Lion Air,SL,B738,Boeing 737-8GP,HS-LUP,Landed 12:08,2026-08-02 05:50:12
DPS,arrivals,2026-08-01,11:15,11:05,AK364,AXM364,KUL,Kuala Lumpur International Airport,AirAsia,AK,A21N,Airbus A321-251NX,9M-VAB,Landed 12:05,2026-08-02 05:50:12
DPS,arrivals,2026-08-01,11:20,11:11,ID6325,BTK6325,TMC,Tambolaka Airport,Batik Air,ID,A320,Airbus A320-214,PK-LUU,Landed 12:11,2026-08-02 05:50:12
DPS,arrivals,2026-08-01,11:25,11:23,GA404,GIA404,CGK,Jakarta Soekarno Hatta International Airport,Garuda Indonesia,GA,B738,Boeing 737-8U3,PK-GNG,Landed 12:23,2026-08-02 05:50:12
DPS,arrivals,2026-08-01,11:30,11:30,GA843,GIA843,SIN,Singapore Changi Airport,Garuda Indonesia,GA,B738,Boeing 737-8U3,PK-GFV,Landed 12:30,2026-08-02 05:50:12
DPS,arrivals,2026-08-01,11:35,11:51,QZ802,AWQ802,CGK,Jakarta Soekarno Hatta International Airport,AirAsia,AK,A320,Airbus A320-216,PK-AZO,Landed 12:51,2026-08-02 05:50:12
DPS,arrivals,2026-08-01,11:35,13:14,JT34,LNI034,CGK,Jakarta Soekarno Hatta International Airport,Lion Air,JT,B39M,Boeing 737 MAX 9,PK-LRH,Landed 14:14,2026-08-02 05:50:12
DPS,arrivals,2026-08-01,11:55,11:36,VJ849,VJC849,SGN,Ho Chi Minh City International Airport,VietJet Air,VJ,A21N,Airbus A321-271NX,VN-A524,Landed 12:36,2026-08-02 05:50:12
DPS,arrivals,2026-08-01,11:55,11:41,QG686,CTV686,CGK,Jakarta Soekarno Hatta International Airport,Citilink,QG,A320,Airbus A320-214,PK-GLK,Landed 12:41,2026-08-02 05:50:12
DPS,arrivals,2026-08-01,12:05,11:45,TR288,TGW288,SIN,Singapore Changi Airport,Scoot,TR,B789,Boeing 787-9 Dreamliner,9V-OJE,Landed 12:45,2026-08-02 05:50:12
DPS,arrivals,2026-08-01,12:15,12:29,JT804,LNI804,SUB,Surabaya Juanda International Airport,Lion Air,JT,B739,Boeing 737-9GP(ER),PK-LHR,Landed 13:29,2026-08-02 05:50:12
DPS,arrivals,2026-08-01,12:20,12:42,8B5106,TNU5106,CGK,Jakarta Soekarno Hatta International Airport,TransNusa,8B,A320,Airbus A320-214,PK-TLF,Landed 13:42,2026-08-02 05:50:12
DPS,arrivals,2026-08-01,12:25,13:58,JQ43,JST043,MEL,Melbourne Airport,Jetstar,JQ,A21N,Airbus A321-251NX(LR),VH-OYU,Landed 14:58,2026-08-02 05:50:12
DPS,arrivals,2026-08-01,12:30,12:51,8B552,TNU552,SIN,Singapore Changi Airport,TransNusa,8B,A320,Airbus A320-214,PK-TLA,Landed 13:51,2026-08-02 05:50:12
DPS,arrivals,2026-08-01,12:30,12:12,QG343,CTV343,UPG,Makassar Sultan Hasanuddin International Airport,Citilink,QG,A320,Airbus A320-214,PK-GQO,Landed 13:12,2026-08-02 05:50:12
DPS,arrivals,2026-08-01,12:30,12:03,AI2147,AIC2147,DEL,Delhi Indira Gandhi International Airport,Air India,AI,A21N,Airbus A321-251NX(LR),VT-TVH,Landed 13:03,2026-08-02 05:50:12
DPS,arrivals,2026-08-01,12:35,12:47,VJ893,VJC893,SGN,Ho Chi Minh City International Airport,VietJet Air,VJ,A21N,Airbus A321-271N,VN-A653,Landed 13:47,2026-08-02 05:50:12
DPS,arrivals,2026-08-01,12:35,12:35,JQ86,JST086,MCY,Sunshine Coast Airport,Jetstar,JQ,A21N,Airbus A321-251NX(LR),VH-OYX,Landed 13:35,2026-08-02 05:50:12
DPS,arrivals,2026-08-01,12:35,12:39,ID6050,BTK6050,CGK,Jakarta Soekarno Hatta International Airport,Batik Air,ID,A320,Airbus A320-214,PK-LUP,Landed 13:39,2026-08-02 05:50:12
DPS,arrivals,2026-08-01,12:40,12:26,ID7309,BTK7309,HLP,Jakarta Halim Perdanakusuma Airport,Batik Air,ID,A320,Airbus A320-214,PK-LAQ,Landed 13:26,2026-08-02 05:50:12
DPS,arrivals,2026-08-01,12:45,12:55,JT845,LNI845,BDJ,Banjarmasin Syamsudin Noor Airport,Lion Air,JT,B739,Boeing 737-9GP(ER),PK-LSL,Landed 13:55,2026-08-02 05:50:12
DPS,arrivals,2026-08-01,12:45,12:31,IU123,SJV123,YIA,Yogyakarta International Airport,Super Air Jet,IU,A320,Airbus A320-232,PK-SJD,Landed 13:31,2026-08-02 05:50:12
DPS,arrivals,2026-08-01,13:05,13:03,VA45,VOZ045,BNE,Brisbane Airport,Virgin Australia,VA,B38M,Boeing 737 MAX 8,VH-8IF,Landed 14:03,2026-08-02 05:50:12
DPS,arrivals,2026-08-01,13:05,14:27,QG501,CTV501,DIL,Dili Presidente Nicolau Lobato International Airport,Citilink,QG,A320,Airbus A320-214,PK-GLY,Landed 15:27,2026-08-02 05:50:12
DPS,arrivals,2026-08-01,13:05,14:31,JT24,LNI024,CGK,Jakarta Soekarno Hatta International Airport,Lion Air,JT,B738,Boeing 737-8GP,PK-LOP,Landed 15:31,2026-08-02 05:50:12
DPS,arrivals,2026-08-01,13:20,13:00,QZ647,AWQ647,LBJ,Labuan Bajo Komodo Airport,AirAsia,AK,A320,Airbus A320-216,PK-AZK,Landed 14:00,2026-08-02 05:50:12
DPS,arrivals,2026-08-01,13:20,13:11,IU704,SJV704,SUB,Surabaya Juanda International Airport,Super Air Jet,IU,A320,Airbus A320-232,PK-SGA,Landed 14:11,2026-08-02 05:50:12
DPS,arrivals,2026-08-01,13:30,,JT1855,,UPG,Makassar Sultan Hasanuddin International Airport,Lion Air,JT,738,,,Unknown,2026-08-02 05:50:12
DPS,arrivals,2026-08-01,13:30,,JT745,,UPG,Makassar Sultan Hasanuddin International Airport,Lion Air,JT,739,,,Canceled,2026-08-02 05:50:12
DPS,arrivals,2026-08-01,13:30,13:07,IU136,SJV136,KOE,Kupang El Tari Airport,Super Air Jet,IU,A320,Airbus A320-232,PK-SJM,Landed 14:07,2026-08-02 05:50:12
DPS,arrivals,2026-08-01,13:35,13:36,CI771,CAL771,TPE,Taipei Taoyuan International Airport,China Airlines (Zootopia 2 Livery),CI,B77W,Boeing 777-36N(ER),B-18055,Landed 14:36,2026-08-02 05:50:12
DPS,arrivals,2026-08-01,13:35,13:21,GA254,GIA254,YIA,Yogyakarta International Airport,Garuda Indonesia,GA,B738,Boeing 737-8U3,PK-GFW,Landed 14:21,2026-08-02 05:50:12
DPS,arrivals,2026-08-01,13:45,13:55,VA91,VOZ091,MEL,Melbourne Airport,Virgin Australia,VA,B38M,Boeing 737 MAX 8,VH-8IE,Landed 14:55,2026-08-02 05:50:12
DPS,arrivals,2026-08-01,13:45,13:52,GA715,GIA715,SYD,Sydney Kingsford Smith Airport,Garuda Indonesia,GA,A333,Airbus A330-343,PK-GHA,Landed 14:52,2026-08-02 05:50:12
DPS,arrivals,2026-08-01,13:50,,SJ7421,,TMC,Tambolaka Airport,Sriwijaya Air,SJ,735,,,Unknown,2026-08-02 05:50:12
DPS,arrivals,2026-08-01,13:50,13:30,QG668,CTV668,SUB,Surabaya Juanda International Airport,Citilink,QG,A320,Airbus A320-214,PK-GQU,Landed 14:30,2026-08-02 05:50:12
DPS,arrivals,2026-08-01,13:50,13:45,ID6330,BTK6330,LBJ,Labuan Bajo Komodo Airport,Batik Air,ID,A320,Airbus A320-214,PK-LUT,Landed 14:45,2026-08-02 05:50:12
DPS,arrivals,2026-08-01,13:55,13:33,TG431,THA431,BKK,Bangkok Suvarnabhumi Airport,Thai Airways,TG,A359,Airbus A350-941,HS-THN,Landed 14:33,2026-08-02 05:50:12
DPS,arrivals,2026-08-01,13:55,13:42,AK376,AXM376,KUL,Kuala Lumpur International Airport,AirAsia,AK,A320,Airbus A320-214,9M-AJG,Landed 14:42,2026-08-02 05:50:12
DPS,arrivals,2026-08-01,14:00,13:26,VN641,HVN641,SGN,Ho Chi Minh City International Airport,Vietnam Airlines,VN,A321,Airbus A321-231,VN-A334,Landed 14:26,2026-08-02 05:50:12
DPS,arrivals,2026-08-01,14:00,13:39,CX785,CPA785,HKG,Hong Kong International Airport,Cathay Pacific,CX,B773,Boeing 777-367,B-HNO,Landed 14:39,2026-08-02 05:50:12
DPS,arrivals,2026-08-01,14:10,13:48,8B5255,TNU5255,LOP,Lombok International Airport,TransNusa,8B,AJ27,Comac ARJ-21-700,PK-TJC,Landed 14:48,2026-08-02 05:50:12
DPS,arrivals,2026-08-01,14:10,14:04,IP108,PAS108,CGK,Jakarta Soekarno Hatta International Airport,Pelita Air,IP,A320,Airbus A320-214,PK-PWK,Landed 15:04,2026-08-02 05:50:12
DPS,arrivals,2026-08-01,14:15,14:15,BR255,EVA255,TPE,Taipei Taoyuan International Airport,EVA Air (Sanrio Characters Joyful Dream Livery),BR,A333,Airbus A330-302,B-16332,Landed 15:15,2026-08-02 05:50:12
DPS,arrivals,2026-08-01,14:20,14:08,IW2825,WON2825,BMU,Bima Sultan Muhammad Salahudin Airport,Wings Air,IW,AT76,ATR 72-600,PK-WJP,Landed 15:08,2026-08-02 05:50:08
DPS,arrivals,2026-08-01,14:25,14:19,QZ535,AWQ535,PER,Perth Airport,AirAsia,AK,A320,Airbus A320-216,PK-AXY,Landed 15:19,2026-08-02 05:50:08
DPS,arrivals,2026-08-01,14:25,,QZ814,,CGK,Jakarta Soekarno Hatta International Airport,AirAsia,AK,A320,Airbus A320-214,PK-AZH,Unknown,2026-08-02 05:50:08
DPS,arrivals,2026-08-01,14:30,14:35,MH851,MAS851,KUL,Kuala Lumpur International Airport,Malaysia Airlines,MH,B738,Boeing 737-8H6,9M-MXD,Landed 15:35,2026-08-02 05:50:08
DPS,arrivals,2026-08-01,14:35,14:23,HO1355,DKH1355,PVG,Shanghai Pudong International Airport,Juneyao Air (Chinese Peony Livery),HO,B789,Boeing 787-9 Dreamliner,B-209R,Landed 15:23,2026-08-02 05:50:08
DPS,arrivals,2026-08-01,15:00,14:52,IW1963,WON1963,LOP,Lombok International Airport,Wings Air,IW,AT76,ATR 72-600,PK-WJO,Landed 15:52,2026-08-02 05:50:08
DPS,arrivals,2026-08-01,15:00,,IU706,,SUB,Surabaya Juanda International Airport,Super Air Jet,IU,320,,,Canceled,2026-08-02 05:50:08
DPS,arrivals,2026-08-01,15:00,14:38,AK368,AXM368,KUL,Kuala Lumpur International Airport,AirAsia,AK,A21N,Airbus A321-251NX,9M-VAC,Landed 15:38,2026-08-02 05:50:08
DPS,arrivals,2026-08-01,15:10,14:55,GA252,GIA252,YIA,Yogyakarta International Airport,Garuda Indonesia (Retro 1960 Livery),GA,B738,Boeing 737-8U3,PK-GFM,Landed 15:55,2026-08-02 05:50:08
DPS,arrivals,2026-08-01,15:15,,IN641,,TMC,Tambolaka Airport,Nam Air,IN,735,,,Unknown,2026-08-02 05:50:08
DPS,arrivals,2026-08-01,15:20,14:49,NZ290,ANZ290,AKL,Auckland Airport,Air New Zealand,NZ,B789,Boeing 787-9 Dreamliner,ZK-NZQ,Landed 15:49,2026-08-02 05:50:08
DPS,arrivals,2026-08-01,15:25,15:17,VJ997,VJC997,HAN,Hanoi Noi Bai International Airport,VietJet Air,VJ,A21N,Airbus A321-271NX,VN-A554,Landed 16:17,2026-08-02 05:50:08
DPS,arrivals,2026-08-01,15:30,15:32,GA422,GIA422,CGK,Jakarta Soekarno Hatta International Airport,Garuda Indonesia,GA,B738,Boeing 737-8U3,PK-GMA,Landed 16:32,2026-08-02 05:50:08
DPS,arrivals,2026-08-01,15:35,16:03,TR242,TGW242,SIN,Singapore Changi Airport,Scoot,TR,A21N,Airbus A321-271NX,9V-NCL,Landed 17:03,2026-08-02 05:50:08
DPS,arrivals,2026-08-01,15:35,,JT22,,CGK,Jakarta Soekarno Hatta International Airport,Lion Air,JT,739,,,Canceled,2026-08-02 05:50:08
DPS,arrivals,2026-08-01,15:35,15:52,IW1965,WON1965,LOP,Lombok International Airport,Wings Air,IW,AT76,ATR 72-600,PK-WJU,Landed 16:52,2026-08-02 05:50:08
DPS,arrivals,2026-08-01,15:35,19:25,EK368,UAE368,DXB,Dubai International Airport,Emirates,EK,A388,Airbus A380-842,A6-EUY,Landed 20:25,2026-08-02 05:50:08
DPS,arrivals,2026-08-01,15:55,15:43,IP106,PAS106,CGK,Jakarta Soekarno Hatta International Airport,Pelita Air,IP,A320,Airbus A320-214,PK-PWE,Landed 16:43,2026-08-02 05:50:08
DPS,arrivals,2026-08-01,16:00,15:35,8B554,TNU554,SIN,Singapore Changi Airport,TransNusa,8B,A320,Airbus A320-214,PK-TLO,Landed 16:35,2026-08-02 05:50:08
DPS,arrivals,2026-08-01,16:00,16:00,OD193,MXD193,KUL,Kuala Lumpur International Airport,Batik Air,ID,B738,Boeing 737-8U3,9M-LDG,Landed 17:00,2026-08-02 05:50:08
DPS,arrivals,2026-08-01,16:25,15:56,GA881,GIA881,NRT,Tokyo Narita International Airport,Garuda Indonesia,GA,A333,Airbus A330-343,PK-GPT,Landed 16:56,2026-08-02 05:50:08
DPS,arrivals,2026-08-01,16:25,16:27,GA410,GIA410,CGK,Jakarta Soekarno Hatta International Airport,Garuda Indonesia,GA,B738,Boeing 737-8U3,PK-GFH,Landed 17:27,2026-08-02 05:50:08
DPS,arrivals,2026-08-01,16:30,16:31,ID6508,BTK6508,CGK,Jakarta Soekarno Hatta International Airport,Batik Air,ID,A320,Airbus A320-214,PK-LUU,Landed 17:31,2026-08-02 05:50:08
DPS,arrivals,2026-08-01,16:35,16:59,QR962,QTR962,DOH,Doha Hamad International Airport,Qatar Airways,QR,A35K,Airbus A350-1041,A7-AOD,Landed 17:59,2026-08-02 05:50:08
DPS,arrivals,2026-08-01,16:40,16:35,IW1857,WON1857,LOP,Lombok International Airport,Wings Air,IW,AT76,ATR 72-600,PK-WJP,Landed 17:35,2026-08-02 05:50:08
DPS,arrivals,2026-08-01,16:40,,IU131,,SRG,Semarang Achmad Yani International Airport,Super Air Jet,IU,320,,,Canceled,2026-08-02 05:50:08
DPS,arrivals,2026-08-01,16:40,16:23,CX783,CPA783,HKG,Hong Kong International Airport,Cathay Pacific,CX,A333,Airbus A330-343,B-HLN,Landed 17:23,2026-08-02 05:50:08
DPS,arrivals,2026-08-01,17:00,17:49,8B5108,TNU5108,CGK,Jakarta Soekarno Hatta International Airport,TransNusa,8B,A320,Airbus A320-214,PK-TLF,Landed 18:49,2026-08-02 05:50:08
DPS,arrivals,2026-08-01,17:00,17:07,TG439,THA439,BKK,Bangkok Suvarnabhumi Airport,Thai Airways,TG,A320,Airbus A320-232,HS-TXD,Landed 18:07,2026-08-02 05:50:08
DPS,arrivals,2026-08-01,17:05,16:38,8B5257,TNU5257,LOP,Lombok International Airport,TransNusa,8B,AJ27,Comac ARJ-21-700,PK-TJB,Landed 17:38,2026-08-02 05:50:08
DPS,arrivals,2026-08-01,17:05,16:43,8B81,TNU081,PER,Perth Airport,TransNusa,8B,A320,Airbus A320-214,PK-TLN,Landed 17:43,2026-08-02 05:50:08
DPS,arrivals,2026-08-01,17:05,16:54,ID6008,BTK6008,PER,Perth Airport,Batik Air,ID,A320,Airbus A320-214,PK-BKV,Landed 17:54,2026-08-02 05:50:08
DPS,arrivals,2026-08-01,17:10,,QZ820,,CGK,Jakarta Soekarno Hatta International Airport,AirAsia,AK,A320,Airbus A320-216,PK-AZO,Unknown,2026-08-02 05:50:08
DPS,arrivals,2026-08-01,17:30,17:12,QG688,CTV688,CGK,Jakarta Soekarno Hatta International Airport,Citilink,QG,A320,Airbus A320-214,PK-GLS,Landed 18:12,2026-08-02 05:50:08
DPS,arrivals,2026-08-01,17:30,17:02,MH853,MAS853,KUL,Kuala Lumpur International Airport,Malaysia Airlines,MH,B738,Boeing 737-8H6,9M-MSB,Landed 18:02,2026-08-02 05:50:08
DPS,arrivals,2026-08-01,17:35,17:24,QZ649,AWQ649,LBJ,Labuan Bajo Komodo Airport,AirAsia,AK,A320,Airbus A320-216,PK-AZK,Landed 18:24,2026-08-02 05:50:08
DPS,arrivals,2026-08-01,17:35,,IU121,,YIA,Yogyakarta International Airport,Super Air Jet,IU,320,,,Canceled,2026-08-02 05:50:08
DPS,arrivals,2026-08-01,17:40,17:18,ID7311,BTK7311,HLP,Jakarta Halim Perdanakusuma Airport,Batik Air,ID,A320,Airbus A320-214,PK-LAL,Landed 18:18,2026-08-02 05:50:08
DPS,arrivals,2026-08-01,17:45,18:30,TR282,TGW282,SIN,Singapore Changi Airport,Scoot,TR,B789,Boeing 787-9 Dreamliner,9V-OJG,Landed 19:30,2026-08-02 05:50:08
DPS,arrivals,2026-08-01,17:50,17:53,SQ944,SIA944,SIN,Singapore Changi Airport,Singapore Airlines,SQ,B78X,Boeing 787-10 Dreamliner,9V-SCF,Landed 18:53,2026-08-02 05:50:08
DPS,arrivals,2026-08-01,17:55,17:44,QG698,CTV698,SUB,Surabaya Juanda International Airport,Citilink,QG,A320,Airbus A320-214,PK-GLX,Landed 18:44,2026-08-02 05:50:08
DPS,arrivals,2026-08-01,18:05,18:03,TK66,THY066,IST,Istanbul Airport,Turkish Airlines,TK,A359,Airbus A350-941,TC-LGE,Landed 19:03,2026-08-02 05:50:08
DPS,arrivals,2026-08-01,18:10,17:57,GA414,GIA414,CGK,Jakarta Soekarno Hatta International Airport,Garuda Indonesia,GA,B738,Boeing 737-8U3,PK-GNG,Landed 18:57,2026-08-02 05:50:08
DPS,arrivals,2026-08-01,18:15,18:18,JT910,LNI910,SUB,Surabaya Juanda International Airport,Lion Air,JT,B739,Boeing 737-9GP(ER),PK-LFO,Landed 19:18,2026-08-02 05:50:08
DPS,arrivals,2026-08-01,18:15,,JT681,,SUB,Surabaya Juanda International Airport,Lion Air,JT,739,,,Unknown,2026-08-02 05:50:08
DPS,arrivals,2026-08-01,18:15,18:26,AK378,AXM378,KUL,Kuala Lumpur International Airport,AirAsia,AK,A320,Airbus A320-216,9M-RAO,Landed 19:26,2026-08-02 05:50:08
DPS,arrivals,2026-08-01,18:35,18:22,QG662,CTV662,CGK,Jakarta Soekarno Hatta International Airport,Citilink,QG,A320,Airbus A320-214,PK-GLP,Landed 19:22,2026-08-02 05:50:08
DPS,arrivals,2026-08-01,18:35,18:53,KL835,KLM835,SIN,Singapore Changi Airport,KLM,KL,B77W,Boeing 777-306(ER),PH-BVU,Landed 19:53,2026-08-02 05:50:08
DPS,arrivals,2026-08-01,18:40,18:42,OD177,MXD177,KUL,Kuala Lumpur International Airport,Batik Air (Visit Malaysia Truly Asia 2026 Livery),ID,B38M,Boeing 737 MAX 8,9M-LRV,Landed 19:42,2026-08-02 05:50:08
DPS,arrivals,2026-08-01,18:55,18:38,TK310,THY310,IST,Istanbul Airport,Turkish Airlines,TK,A359,Airbus A350-941,TC-LGU,Landed 19:38,2026-08-02 05:50:08
DPS,arrivals,2026-08-01,18:55,18:50,GA420,GIA420,CGK,Jakarta Soekarno Hatta International Airport,Garuda Indonesia,GA,B738,Boeing 737-8U3,PK-GFD,Landed 19:50,2026-08-02 05:50:08
DPS,arrivals,2026-08-01,19:00,19:05,QG194,CTV194,HLP,Jakarta Halim Perdanakusuma Airport,Citilink,QG,A320,Airbus A320-214,PK-GLQ,Landed 20:05,2026-08-02 05:50:08
DPS,arrivals,2026-08-01,19:00,18:56,JQ33,JST033,MEL,Melbourne Airport,Jetstar,JQ,A21N,Airbus A321-251NX(LR),VH-OFW,Landed 19:56,2026-08-02 05:50:08
DPS,arrivals,2026-08-01,19:05,18:59,IP104,PAS104,CGK,Jakarta Soekarno Hatta International Airport,Pelita Air,IP,A320,Airbus A320-214,PK-PWD,Landed 19:59,2026-08-02 05:50:08
DPS,arrivals,2026-08-01,19:10,18:47,ID6334,BTK6334,LBJ,Labuan Bajo Komodo Airport,Batik Air,ID,A320,Airbus A320-214,PK-LUT,Landed 19:47,2026-08-02 05:50:08
DPS,arrivals,2026-08-01,19:15,,JT945,,UPG,Makassar Sultan Hasanuddin International Airport,Lion Air,JT,738,,,Unknown,2026-08-02 05:50:08
DPS,arrivals,2026-08-01,19:15,19:20,JT747,LNI747,UPG,Makassar Sultan Hasanuddin International Airport,Lion Air,JT,B738,Boeing 737-8GP,PK-LKH,Landed 20:20,2026-08-02 05:50:08
DPS,arrivals,2026-08-01,19:15,,JT743,,UPG,Makassar Sultan Hasanuddin International Airport,Lion Air,JT,739,,,Unknown,2026-08-02 05:50:08
DPS,arrivals,2026-08-01,19:20,19:07,JQ116,JST116,PER,Perth Airport,Jetstar,JQ,A21N,Airbus A321-251NX(LR),VH-OFQ,Landed 20:07,2026-08-02 05:50:08
DPS,arrivals,2026-08-01,19:25,19:01,8B5259,TNU5259,LOP,Lombok International Airport,TransNusa,8B,AJ27,Comac ARJ-21-700,PK-TJB,Landed 20:01,2026-08-02 05:50:08
DPS,arrivals,2026-08-01,19:25,19:10,SQ946,SIA946,SIN,Singapore Changi Airport,Singapore Airlines,SQ,B78X,Boeing 787-10 Dreamliner,9V-SCJ,Landed 20:10,2026-08-02 05:50:08
DPS,arrivals,2026-08-01,19:30,18:45,QZ545,AWQ545,PER,Perth Airport,AirAsia (Sustainable ASEAN Tourism Livery),AK,A320,Airbus A320-216,PK-AZS,Landed 19:45,2026-08-02 05:50:08
DPS,arrivals,2026-08-01,19:35,19:52,JT12,LNI012,CGK,Jakarta Soekarno Hatta International Airport,Lion Air,JT,B39M,Boeing 737 MAX 9,PK-LRH,Landed 20:52,2026-08-02 05:50:08
DPS,arrivals,2026-08-01,19:40,19:48,QZ818,AWQ818,CGK,Jakarta Soekarno Hatta International Airport,AirAsia,AK,A320,Airbus A320-216,PK-AXY,Landed 20:48,2026-08-02 05:50:08
DPS,arrivals,2026-08-01,19:50,20:00,SJ272,SJY272,CGK,Jakarta Soekarno Hatta International Airport,BBN Airlines Indonesia,0B,B738,Boeing 737-8BK,PK-BBF,Landed 21:00,2026-08-02 05:50:08
DPS,arrivals,2026-08-01,19:50,19:33,QF43,QFA043,SYD,Sydney Kingsford Smith Airport,Qantas,QF,A333,Airbus A330-303,VH-QPI,Landed 20:33,2026-08-02 05:50:08
DPS,arrivals,2026-08-01,19:55,19:40,VA127,VOZ127,CBR,Canberra International Airport,Virgin Australia,VA,B738,Boeing 737-8FE,VH-YIY,Landed 20:40,2026-08-02 05:50:08
DPS,arrivals,2026-08-01,20:00,19:56,OD171,MXD171,KUL,Kuala Lumpur International Airport,Batik Air (Visit Malaysia Truly Asia 2026 Livery),ID,B38M,Boeing 737 MAX 8,9M-LRL,Landed 20:56,2026-08-02 05:50:08
DPS,arrivals,2026-08-01,20:00,19:44,JQ37,JST037,SYD,Sydney Kingsford Smith Airport,Jetstar,JQ,A21N,Airbus A321-251NX(LR),VH-OSE,Landed 20:44,2026-08-02 05:50:08
DPS,arrivals,2026-08-01,20:05,20:09,OD157,MXD157,KUL,Kuala Lumpur International Airport,Batik Air,ID,B38M,Boeing 737 MAX 8,9M-LRW,Landed 21:09,2026-08-02 05:50:08
DPS,arrivals,2026-08-01,20:30,20:35,GA426,GIA426,CGK,Jakarta Soekarno Hatta International Airport,Garuda Indonesia,GA,B738,Boeing 737-8U3,PK-GMV,Landed 21:35,2026-08-02 05:50:08
DPS,arrivals,2026-08-01,20:45,20:31,7C5303,JJA5303,ICN,Seoul Incheon International Airport,Jeju Air,7C,B38M,Boeing 737 MAX 8,HL8553,Landed 21:31,2026-08-02 05:50:08
DPS,arrivals,2026-08-01,20:45,20:25,AK374,AXM374,KUL,Kuala Lumpur International Airport,AirAsia,AK,A21N,Airbus A321-251NX,9M-VAH,Landed 21:25,2026-08-02 05:50:08
DPS,arrivals,2026-08-01,20:50,20:51,JQ35,JST035,MEL,Melbourne Airport,Jetstar,JQ,A21N,Airbus A321-251NX(LR),VH-OFV,Landed 21:51,2026-08-02 05:50:08
DPS,arrivals,2026-08-01,20:55,20:39,QG693,CTV693,SUB,Surabaya Juanda International Airport,Citilink,QG,A320,Airbus A320-214,PK-GQU,Landed 21:39,2026-08-02 05:50:08
DPS,arrivals,2026-08-01,21:00,20:46,QF45,QFA045,MEL,Melbourne Airport,Qantas,QF,B738,Boeing 737-838,VH-VZQ,Landed 21:46,2026-08-02 05:50:08
DPS,arrivals,2026-08-01,21:10,20:43,KE431,KAL431,ICN,Seoul Incheon International Airport,Korean Air,KE,B789,Boeing 787-9 Dreamliner,HL8082,Landed 21:43,2026-08-02 05:50:08
DPS,arrivals,2026-08-01,21:20,22:12,8B5110,TNU5110,CGK,Jakarta Soekarno Hatta International Airport,TransNusa,8B,A320,Airbus A320-214,PK-TLO,Landed 23:12,2026-08-02 05:50:08
DPS,arrivals,2026-08-01,21:20,20:58,JQ89,JST089,SIN,Singapore Changi Airport,Jetstar,JQ,A21N,Airbus A321-251NX(LR),VH-OYX,Landed 21:58,2026-08-02 05:50:08
DPS,arrivals,2026-08-01,21:30,21:06,VA65,VOZ065,SYD,Sydney Kingsford Smith Airport,Virgin Australia,VA,B38M,Boeing 737 MAX 8,VH-8IC,Landed 22:06,2026-08-02 05:50:08
DPS,arrivals,2026-08-01,21:35,21:24,JQ93,JST093,OOL,Gold Coast Airport,Jetstar,JQ,A20N,Airbus A320-251N,VH-A5C,Landed 22:24,2026-08-02 05:50:08
DPS,arrivals,2026-08-01,21:40,21:37,QR960,QTR960,DOH,Doha Hamad International Airport,Qatar Airways,QR,A35K,Airbus A350-1041,A7-AOE,Landed 22:37,2026-08-02 05:50:08
DPS,arrivals,2026-08-01,21:40,22:16,JQ127,JST127,ADL,Adelaide Airport,Jetstar,JQ,A21N,Airbus A321-251NX(LR),VH-OFY,Landed 23:16,2026-08-02 05:50:08
DPS,arrivals,2026-08-01,21:45,21:33,GA424,GIA424,CGK,Jakarta Soekarno Hatta International Airport,Garuda Indonesia,GA,B738,Boeing 737-8U3,PK-GMA,Landed 22:33,2026-08-02 05:50:08
DPS,arrivals,2026-08-01,21:45,22:51,EK398,UAE398,DXB,Dubai International Airport,Emirates,EK,A388,Airbus A380-842,A6-EUN,Landed 23:51,2026-08-02 05:50:08
DPS,arrivals,2026-08-01,22:05,23:05,MF891,CXA891,XMN,Xiamen Gaoqi International Airport,Xiamen Air,MF,B38M,Boeing 737 MAX 8,B-226E,Landed 00:05,2026-08-02 05:50:08
DPS,arrivals,2026-08-01,22:30,21:29,MU889,CES889,PKX,Beijing Daxing International Airport,China Eastern Airlines,MU,A333,Airbus A330-343,B-8863,Landed 22:29,2026-08-02 05:50:08
DPS,arrivals,2026-08-01,22:30,00:23,EY478,ETD478,AUH,Abu Dhabi Zayed International Airport,Etihad Airways,EY,B77W,Boeing 777-3FX(ER),A6-ETP,Landed 01:23,2026-08-02 05:50:08
DPS,arrivals,2026-08-01,22:40,22:20,QZ537,AWQ537,PER,Perth Airport,AirAsia,AK,A320,Airbus A320-216,PK-AZE,Landed 23:20,2026-08-02 05:50:08
DPS,arrivals,2026-08-01,22:40,00:39,CZ625,CSN625,CAN,Guangzhou Baiyun International Airport,China Southern Airlines,CZ,A21N,Airbus A321-251NX,B-32MP,Landed 01:39,2026-08-02 05:50:08
DPS,arrivals,2026-08-01,22:50,22:43,KE433,KAL433,ICN,Seoul Incheon International Airport,Korean Air,KE,B78X,Boeing 787-10 Dreamliner,HL8576,Landed 23:43,2026-08-02 05:50:08
DPS,arrivals,2026-08-01,22:55,22:31,8B83,TNU083,PER,Perth Airport,TransNusa,8B,A320,Airbus A320-214,PK-TLA,Landed 23:31,2026-08-02 05:50:08
DPS,arrivals,2026-08-01,22:55,22:37,PR537,PAL537,MNL,Manila Ninoy Aquino International Airport,Philippine Airlines,PR,A321,Airbus A321-231,RP-C9906,Landed 23:37,2026-08-02 05:50:08
DPS,arrivals,2026-08-01,22:55,23:26,MU5029,CES5029,PVG,Shanghai Pudong International Airport,China Eastern Airlines,MU,A333,Airbus A330-343,B-8968,Landed 00:26,2026-08-02 05:50:08
DPS,arrivals,2026-08-01,23:10,23:01,TR346,TGW346,SIN,Singapore Changi Airport,Scoot,TR,A320,Airbus A320-232,9V-TRU,Landed 00:01,2026-08-02 05:50:08
DPS,arrivals,2026-08-01,23:10,23:42,SQ948,SIA948,SIN,Singapore Changi Airport,Singapore Airlines (1000th 787 Dreamliner Sticker),SQ,B78X,Boeing 787-10 Dreamliner,9V-SCP,Landed 00:42,2026-08-02 05:50:08
DPS,arrivals,2026-08-01,23:20,22:56,GA652,GIA652,CGK,Jakarta Soekarno Hatta International Airport,Garuda Indonesia,GA,B738,Boeing 737-8U3,PK-GFP,Landed 23:56,2026-08-02 05:50:08
DPS,arrivals,2026-08-01,23:35,00:49,QZ247,AWQ247,HKT,Phuket International Airport,AirAsia,AK,A320,Airbus A320-214,PK-AZH,Landed 01:49,2026-08-02 05:50:08
DPS,arrivals,2026-08-01,23:40,23:47,JQ108,JST108,PER,Perth Airport,Jetstar,JQ,A21N,Airbus A321-251NX(LR),VH-OLQ,Landed 00:47,2026-08-02 05:50:08
DPS,arrivals,2026-08-01,23:55,23:39,NZ292,ANZ292,AKL,Auckland Airport,Air New Zealand,NZ,B789,Boeing 787-9 Dreamliner,ZK-NZC,Landed 00:39,2026-08-02 05:50:08
DPS,departures,2026-08-01,00:00,,SJ726,,UPG,Makassar Sultan Hasanuddin International Airport,Sriwijaya Air,SJ,738,,,Unknown,2026-08-02 05:50:41
DPS,departures,2026-08-01,00:00,23:58,QZ548,AWQ548,PER,Perth Airport,AirAsia (Sustainable ASEAN Tourism Livery),AK,A320,Airbus A320-216,PK-AZS,Departed 00:58,2026-08-02 05:50:41
DPS,departures,2026-08-01,00:05,00:27,TR347,TGW347,SIN,Singapore Changi Airport,Scoot,TR,A21N,Airbus A321-271NX,9V-NCF,Departed 01:27,2026-08-02 05:50:41
DPS,departures,2026-08-01,00:10,00:31,KE434,KAL434,ICN,Seoul Incheon International Airport,Korean Air,KE,B78X,Boeing 787-10 Dreamliner,HL8535,Departed 01:31,2026-08-02 05:50:41
DPS,departures,2026-08-01,00:30,00:25,8B5888,TNU5888,MDC,Manado Sam Ratulangi International Airport,TransNusa,8B,A320,Airbus A320-214,PK-TLF,Departed 01:25,2026-08-02 05:50:41
DPS,departures,2026-08-01,00:30,02:08,EY479,ETD479,AUH,Abu Dhabi Zayed International Airport,Etihad Airways,EY,B77W,Boeing 777-3FX(ER),A6-ETQ,Departed 03:08,2026-08-02 05:50:41
DPS,departures,2026-08-01,06:00,06:00,JT944,,UPG,Makassar Sultan Hasanuddin International Airport,Lion Air,JT,738,,,Estimated dep 07:00*,2026-08-02 05:50:38
DPS,departures,2026-08-01,06:00,08:33,QZ807,AWQ807,CGK,Jakarta Soekarno Hatta International Airport,AirAsia,AK,A320,Airbus A320-216,PK-AZF,Departed 09:33,2026-08-02 05:50:38
DPS,departures,2026-08-01,06:00,06:25,JT746,LNI746,UPG,Makassar Sultan Hasanuddin International Airport,Lion Air,JT,B739,Boeing 737-9GP(ER),PK-LSK,Departed 07:25,2026-08-02 05:50:38
DPS,departures,2026-08-01,06:00,06:22,JQ111,JST111,PER,Perth Airport,Jetstar,JQ,A21N,Airbus A321-251NX(LR),VH-OLQ,Departed 07:22,2026-08-02 05:50:38
DPS,departures,2026-08-01,06:00,06:14,IU705,SJV705,SUB,Surabaya Juanda International Airport,Super Air Jet,IU,A320,Airbus A320-232,PK-SGA,Departed 07:14,2026-08-02 05:50:41
DPS,departures,2026-08-01,06:00,06:17,GA401,GIA401,CGK,Jakarta Soekarno Hatta International Airport,Garuda Indonesia,GA,B738,Boeing 737-8U3,PK-GMV,Departed 07:17,2026-08-02 05:50:41
DPS,departures,2026-08-01,06:05,06:10,QZ534,AWQ534,PER,Perth Airport,AirAsia,AK,A320,Airbus A320-216,PK-AXY,Departed 07:10,2026-08-02 05:50:38
DPS,departures,2026-08-01,06:05,06:11,QG690,CTV690,SUB,Surabaya Juanda International Airport,Citilink,QG,A320,Airbus A320-214,PK-GLX,Departed 07:11,2026-08-02 05:50:38
DPS,departures,2026-08-01,06:10,06:07,QZ644,AWQ644,LBJ,Labuan Bajo Komodo Airport,AirAsia,AK,A320,Airbus A320-214,PK-AZH,Departed 07:07,2026-08-02 05:50:38
DPS,departures,2026-08-01,06:15,06:33,8B5250,TNU5250,LOP,Lombok International Airport,TransNusa,8B,AJ27,Comac ARJ-21-700,PK-TJC,Departed 07:33,2026-08-02 05:50:38
DPS,departures,2026-08-01,06:15,06:37,SQ949,SIA949,SIN,Singapore Changi Airport,Singapore Airlines (1000th 787 Dreamliner Sticker),SQ,B78X,Boeing 787-10 Dreamliner,9V-SCP,Departed 07:37,2026-08-02 05:50:38
DPS,departures,2026-08-01,06:30,06:41,8B551,TNU551,SIN,Singapore Changi Airport,TransNusa,8B,A320,Airbus A320-214,PK-TLA,Departed 07:41,2026-08-02 05:50:38
DPS,departures,2026-08-01,06:30,06:45,GA403,GIA403,CGK,Jakarta Soekarno Hatta International Airport,Garuda Indonesia,GA,B738,Boeing 737-8U3,PK-GNM,Departed 07:45,2026-08-02 05:50:38
DPS,departures,2026-08-01,06:55,07:02,ID6333,BTK6333,LBJ,Labuan Bajo Komodo Airport,Batik Air,ID,A320,Airbus A320-214,PK-LUT,Departed 08:02,2026-08-02 05:50:38
DPS,departures,2026-08-01,07:05,07:24,IW1858,WON1858,LOP,Lombok International Airport,Wings Air,IW,AT76,ATR 72-600,PK-WJO,Departed 08:24,2026-08-02 05:50:38
DPS,departures,2026-08-01,07:05,07:38,JT21,LNI021,CGK,Jakarta Soekarno Hatta International Airport,Lion Air,JT,B39M,Boeing 737 MAX 9,PK-LRH,Departed 08:38,2026-08-02 05:50:38
DPS,departures,2026-08-01,07:05,07:47,HX706,CRK706,HKG,Hong Kong International Airport,Hong Kong Airlines,HX,A333,Airbus A330-343,B-LHI,Departed 08:47,2026-08-02 05:50:38
DPS,departures,2026-08-01,07:15,07:31,QG691,CTV691,SUB,Surabaya Juanda International Airport,Citilink,QG,A20N,Airbus A320-251N,PK-GTF,Departed 08:31,2026-08-02 05:50:38
DPS,departures,2026-08-01,07:25,07:36,AI2146,AIC2146,DEL,Delhi Indira Gandhi International Airport,Air India,AI,A21N,Airbus A321-251NX(LR),VT-TVG,Departed 08:36,2026-08-02 05:50:38
DPS,departures,2026-08-01,07:30,12:43,QZ803,AWQ803,CGK,Jakarta Soekarno Hatta International Airport,AirAsia,AK,A320,Airbus A320-216,PK-AZO,Departed 13:43,2026-08-02 05:50:38
DPS,departures,2026-08-01,07:35,07:55,5J280,CEB280,MNL,Manila Ninoy Aquino International Airport,Cebu Pacific,5J,A21N,Airbus A321-271NX,RP-C4140,Departed 08:55,2026-08-02 05:50:38
DPS,departures,2026-08-01,07:40,07:52,CZ8482,CSN8482,CAN,Guangzhou Baiyun International Airport,China Southern Airlines,CZ,A21N,Airbus A321-253NX,B-30FW,Departed 08:52,2026-08-02 05:50:38
DPS,departures,2026-08-01,07:45,08:01,IW1854,WON1854,LOP,Lombok International Airport,Wings Air,IW,AT76,ATR 72-600,PK-WHR,Departed 09:01,2026-08-02 05:50:38
DPS,departures,2026-08-01,07:55,07:56,IW1882,WON1882,SWQ,Sumbawa Besar Airport,Wings Air,IW,AT76,ATR 72-600,PK-WJM,Departed 08:56,2026-08-02 05:50:38
DPS,departures,2026-08-01,08:00,08:05,QG500,CTV500,DIL,Dili Presidente Nicolau Lobato International Airport,Citilink,QG,A320,Airbus A320-214,PK-GLY,Departed 09:05,2026-08-02 05:50:38
DPS,departures,2026-08-01,08:10,08:29,IN640,LKN640,TMC,Tambolaka Airport,Nam Air,IN,B735,Boeing 737-524,PK-NAQ,Departed 09:29,2026-08-02 05:50:38
DPS,departures,2026-08-01,08:10,08:16,ID6324,BTK6324,TMC,Tambolaka Airport,Batik Air,ID,A320,Airbus A320-214,PK-LUU,Departed 09:16,2026-08-02 05:50:38
DPS,departures,2026-08-01,08:15,08:51,8B5105,TNU5105,CGK,Jakarta Soekarno Hatta International Airport,TransNusa,8B,A320,Airbus A320-214,PK-TLF,Departed 09:51,2026-08-02 05:50:38
DPS,departures,2026-08-01,08:25,08:31,IW1848,WON1848,LOP,Lombok International Airport,Wings Air (60th ATR to Lion GroupLivery),IW,AT76,ATR 72-600,PK-WHS,Departed 09:31,2026-08-02 05:50:38
DPS,departures,2026-08-01,08:30,08:40,ID6007,BTK6007,PER,Perth Airport,Batik Air,ID,A320,Airbus A320-214,PK-BKV,Departed 09:40,2026-08-02 05:50:38
DPS,departures,2026-08-01,08:35,08:55,8B5634,TNU5634,BMU,Bima Sultan Muhammad Salahudin Airport,TransNusa,8B,AJ27,Comac ARJ-21-700,PK-TJC,Departed 09:55,2026-08-02 05:50:38
DPS,departures,2026-08-01,08:40,08:43,8B80,TNU080,PER,Perth Airport,TransNusa,8B,A320,Airbus A320-214,PK-TLN,Departed 09:43,2026-08-02 05:50:38
DPS,departures,2026-08-01,09:05,09:10,SQ935,SIA935,SIN,Singapore Changi Airport,Singapore Airlines,SQ,B78X,Boeing 787-10 Dreamliner,9V-SCL,Departed 10:10,2026-08-02 05:50:38
DPS,departures,2026-08-01,09:10,09:19,IU122,SJV122,YIA,Yogyakarta International Airport,Super Air Jet,IU,A320,Airbus A320-232,PK-SJD,Departed 10:19,2026-08-02 05:50:38
DPS,departures,2026-08-01,09:15,09:29,IU137,SJV137,KOE,Kupang El Tari Airport,Super Air Jet,IU,A320,Airbus A320-232,PK-SJM,Departed 10:29,2026-08-02 05:50:38
DPS,departures,2026-08-01,09:20,09:14,8B553,TNU553,SIN,Singapore Changi Airport,TransNusa,8B,A320,Airbus A320-214,PK-TLO,Departed 10:14,2026-08-02 05:50:38
DPS,departures,2026-08-01,09:25,09:56,8B5101,TNU5101,CGK,Jakarta Soekarno Hatta International Airport,TransNusa,8B,A320,Airbus A320-214,PK-TLP,Departed 10:56,2026-08-02 05:50:38
DPS,departures,2026-08-01,09:35,09:49,8G182,DTL182,DIL,Dili Presidente Nicolau Lobato International Airport,Aero Dili,8G,A320,Airbus A320-232,4W-AAL,Departed 10:49,2026-08-02 05:50:38
DPS,departures,2026-08-01,09:35,09:53,JT805,LNI805,SUB,Surabaya Juanda International Airport,Lion Air,JT,B739,Boeing 737-9GP(ER),PK-LSO,Departed 10:53,2026-08-02 05:50:38
DPS,departures,2026-08-01,09:55,,JT744,,UPG,Makassar Sultan Hasanuddin International Airport,Lion Air,JT,739,,,Canceled,2026-08-02 05:50:38
DPS,departures,2026-08-01,10:10,10:19,IW1856,WON1856,LOP,Lombok International Airport,Wings Air,IW,AT76,ATR 72-600,PK-WHR,Departed 11:19,2026-08-02 05:50:38
DPS,departures,2026-08-01,10:15,10:30,JQ126,JST126,ADL,Adelaide Airport,Jetstar,JQ,A21N,Airbus A321-251NX(LR),VH-OFY,Departed 11:30,2026-08-02 05:50:38
DPS,departures,2026-08-01,10:20,10:26,6E1606,IGO1606,BLR,Bengaluru Kempegowda International Airport,IndiGo,6E,A20N,Airbus A320-251N,VT-IOR,Departed 11:26,2026-08-02 05:50:38
DPS,departures,2026-08-01,10:20,10:22,TR281,TGW281,SIN,Singapore Changi Airport,Scoot,TR,B788,Boeing 787-8 Dreamliner,9V-OFL,Departed 11:22,2026-08-02 05:50:38
DPS,departures,2026-08-01,10:25,10:33,QZ646,AWQ646,LBJ,Labuan Bajo Komodo Airport,AirAsia,AK,A320,Airbus A320-216,PK-AZK,Departed 11:33,2026-08-02 05:50:38
DPS,departures,2026-08-01,10:40,10:53,IW2824,WON2824,BMU,Bima Sultan Muhammad Salahudin Airport,Wings Air,IW,AT76,ATR 72-600,PK-WJP,Departed 11:53,2026-08-02 05:50:38
DPS,departures,2026-08-01,10:40,10:59,JQ109,JST109,PER,Perth Airport,Jetstar,JQ,A21N,Airbus A321-251NX(LR),VH-OFQ,Departed 11:59,2026-08-02 05:50:38
DPS,departures,2026-08-01,10:40,11:02,IW1964,WON1964,LOP,Lombok International Airport,Wings Air,IW,AT76,ATR 72-600,PK-WJM,Departed 12:02,2026-08-02 05:50:38
DPS,departures,2026-08-01,10:40,10:39,AK371,AXM371,KUL,Kuala Lumpur International Airport,AirAsia (Resorts World Genting Livery),AK,A20N,Airbus A320-251N,9M-AGA,Departed 11:39,2026-08-02 05:50:38
DPS,departures,2026-08-01,10:45,10:55,ID6331,BTK6331,LBJ,Labuan Bajo Komodo Airport,Batik Air,ID,A320,Airbus A320-214,PK-LUT,Departed 11:55,2026-08-02 05:50:38
DPS,departures,2026-08-01,10:55,,QZ809,,CGK,Jakarta Soekarno Hatta International Airport,Indonesia AirAsia,QZ,320,,,Unknown,2026-08-02 05:50:38
DPS,departures,2026-08-01,10:55,11:47,OD192,MXD192,KUL,Kuala Lumpur International Airport,Batik Air,ID,B738,Boeing 737-86N,9M-LDK,Departed 12:47,2026-08-02 05:50:38
DPS,departures,2026-08-01,10:55,11:16,GA407,GIA407,CGK,Jakarta Soekarno Hatta International Airport,Garuda Indonesia,GA,B738,Boeing 737-81M,PK-GUC,Departed 12:16,2026-08-02 05:50:38
DPS,departures,2026-08-01,11:00,11:06,QZ544,AWQ544,PER,Perth Airport,AirAsia (Sustainable ASEAN Tourism Livery),AK,A320,Airbus A320-216,PK-AZS,Departed 12:06,2026-08-02 05:50:38
DPS,departures,2026-08-01,11:05,11:09,QG697,CTV697,SUB,Surabaya Juanda International Airport,Citilink,QG,A320,Airbus A320-214,PK-GLV,Departed 12:09,2026-08-02 05:50:38
DPS,departures,2026-08-01,11:05,09:46,JT31,LNI031,CGK,Jakarta Soekarno Hatta International Airport,Lion Air,JT,B739,Boeing 737-96N(ER),PK-LSY,Departed 10:46,2026-08-02 05:50:38
DPS,departures,2026-08-01,11:05,11:26,JQ32,JST032,MEL,Melbourne Airport,Jetstar,JQ,A21N,Airbus A321-251NX(LR),VH-OYT,Departed 12:26,2026-08-02 05:50:38
DPS,departures,2026-08-01,11:05,11:32,GA253,GIA253,YIA,Yogyakarta International Airport,Garuda Indonesia (Retro 1960 Livery),GA,B738,Boeing 737-8U3,PK-GFM,Departed 12:32,2026-08-02 05:50:38
DPS,departures,2026-08-01,11:10,11:24,SQ937,SIA937,SIN,Singapore Changi Airport,Singapore Airlines,SQ,B78X,Boeing 787-10 Dreamliner,9V-SCJ,Departed 12:24,2026-08-02 05:50:38
DPS,departures,2026-08-01,11:10,,SJ7420,,TMC,Tambolaka Airport,Sriwijaya Air,SJ,735,,,Unknown,2026-08-02 05:50:38
DPS,departures,2026-08-01,11:10,11:43,FD397,AIQ397,DMK,Bangkok Don Mueang International Airport,AirAsia (Amazing New Chapters Livery),AK,A320,Airbus A320-216,HS-BBR,Departed 12:43,2026-08-02 05:50:38
DPS,departures,2026-08-01,11:20,11:37,JQ40,JST040,SYD,Sydney Kingsford Smith Airport,Jetstar,JQ,A21N,Airbus A321-251NX(LR),VH-OYC,Departed 12:37,2026-08-02 05:50:38
DPS,departures,2026-08-01,11:25,11:34,OD178,MXD178,KUL,Kuala Lumpur International Airport,Batik Air,ID,B38M,Boeing 737 MAX 8,9M-LRP,Departed 12:34,2026-08-02 05:50:38
DPS,departures,2026-08-01,11:40,12:04,8B5254,TNU5254,LOP,Lombok International Airport,TransNusa,8B,AJ27,Comac ARJ-21-700,PK-TJC,Departed 13:04,2026-08-02 05:50:38
DPS,departures,2026-08-01,11:45,11:49,IP103,PAS103,CGK,Jakarta Soekarno Hatta International Airport,Pelita Air,IP,A320,Airbus A320-214,PK-PWP,Departed 12:49,2026-08-02 05:50:38
DPS,departures,2026-08-01,11:50,12:09,GA413,GIA413,CGK,Jakarta Soekarno Hatta International Airport,Garuda Indonesia,GA,B738,Boeing 737-8U3,PK-GUF,Departed 13:09,2026-08-02 05:50:38
DPS,departures,2026-08-01,12:00,12:13,AK365,AXM365,KUL,Kuala Lumpur International Airport,AirAsia,AK,A21N,Airbus A321-251NX,9M-VAB,Departed 13:13,2026-08-02 05:50:38
DPS,departures,2026-08-01,12:00,16:33,OD307,MXD307,KUL,Kuala Lumpur International Airport,Batik Air,ID,B738,Boeing 737-8GP,9M-LNV,Departed 17:33,2026-08-02 05:50:38
DPS,departures,2026-08-01,12:00,12:24,ID6509,BTK6509,CGK,Jakarta Soekarno Hatta International Airport,Batik Air,ID,A320,Airbus A320-214,PK-LUU,Departed 13:24,2026-08-02 05:50:38
DPS,departures,2026-08-01,12:05,12:33,MH714,MAS714,KUL,Kuala Lumpur International Airport,Malaysia Airlines (Visit Malaysia 2026 Livery),MH,A333,Airbus A330-323,9M-MTJ,Departed 13:33,2026-08-02 05:50:38
DPS,departures,2026-08-01,12:10,13:01,OD172,MXD172,KUL,Kuala Lumpur International Airport,Batik Air (Visit Malaysia Truly Asia 2026 Livery),ID,B38M,Boeing 737 MAX 8,9M-LRM,Departed 14:01,2026-08-02 05:50:38
DPS,departures,2026-08-01,12:15,12:22,SQ939,SIA939,SIN,Singapore Changi Airport,Singapore Airlines,SQ,B78X,Boeing 787-10 Dreamliner,9V-SCM,Departed 13:22,2026-08-02 05:50:38
DPS,departures,2026-08-01,12:15,12:36,JQ58,JST058,BNE,Brisbane Airport,Jetstar,JQ,A21N,Airbus A321-251NX(LR),VH-OLU,Departed 13:36,2026-08-02 05:50:38
DPS,departures,2026-08-01,12:15,14:44,JT35,LNI035,CGK,Jakarta Soekarno Hatta International Airport,Lion Air,JT,B39M,Boeing 737 MAX 9,PK-LRH,Departed 15:44,2026-08-02 05:50:38
DPS,departures,2026-08-01,12:25,12:41,SL259,TLM259,DMK,Bangkok Don Mueang International Airport,Thai Lion Air,SL,B738,Boeing 737-8GP,HS-LUP,Departed 13:41,2026-08-02 05:50:38
DPS,departures,2026-08-01,12:25,12:49,GA409,GIA409,CGK,Jakarta Soekarno Hatta International Airport,Garuda Indonesia,GA,B738,Boeing 737-8U3,PK-GNG,Departed 13:49,2026-08-02 05:50:38
DPS,departures,2026-08-01,12:40,13:15,GA842,GIA842,SIN,Singapore Changi Airport,Garuda Indonesia,GA,B738,Boeing 737-8U3,PK-GFV,Departed 14:15,2026-08-02 05:50:38
DPS,departures,2026-08-01,12:50,13:31,8B5107,TNU5107,CGK,Jakarta Soekarno Hatta International Airport,TransNusa,8B,A320,Airbus A320-214,PK-TLF,Departed 14:31,2026-08-02 05:50:38
DPS,departures,2026-08-01,12:55,12:58,QG687,CTV687,CGK,Jakarta Soekarno Hatta International Airport,Citilink,QG,A320,Airbus A320-214,PK-GLK,Departed 13:58,2026-08-02 05:50:38
DPS,departures,2026-08-01,12:55,13:38,JT919,LNI919,SUB,Surabaya Juanda International Airport,Lion Air,JT,B739,Boeing 737-9GP(ER),PK-LHR,Departed 14:38,2026-08-02 05:50:38
DPS,departures,2026-08-01,13:00,13:04,VJ848,VJC848,SGN,Ho Chi Minh City International Airport,VietJet Air,VJ,A21N,Airbus A321-271NX,VN-A524,Departed 14:04,2026-08-02 05:50:38
DPS,departures,2026-08-01,13:00,13:09,QG342,CTV342,UPG,Makassar Sultan Hasanuddin International Airport,Citilink,QG,A320,Airbus A320-214,PK-GQO,Departed 14:09,2026-08-02 05:50:38
DPS,departures,2026-08-01,13:05,13:22,TR289,TGW289,SIN,Singapore Changi Airport,Scoot,TR,B789,Boeing 787-9 Dreamliner,9V-OJE,Departed 14:22,2026-08-02 05:50:38
DPS,departures,2026-08-01,13:10,09:54,QZ815,,CGK,Jakarta Soekarno Hatta International Airport,AirAsia,AK,A320,Airbus A320-214,PK-AZH,Estimated dep 10:54*,2026-08-02 05:50:38
DPS,departures,2026-08-01,13:15,13:53,ID6517,BTK6517,CGK,Jakarta Soekarno Hatta International Airport,Batik Air,ID,A320,Airbus A320-214,PK-LUP,Departed 14:53,2026-08-02 05:50:38
DPS,departures,2026-08-01,13:20,13:49,ID7308,BTK7308,HLP,Jakarta Halim Perdanakusuma Airport,Batik Air,ID,A320,Airbus A320-214,PK-LAQ,Departed 14:49,2026-08-02 05:50:38
DPS,departures,2026-08-01,13:25,13:40,IU130,SJV130,SRG,Semarang Achmad Yani International Airport,Super Air Jet,IU,A320,Airbus A320-232,PK-SJD,Departed 14:40,2026-08-02 05:50:38
DPS,departures,2026-08-01,13:35,13:59,VJ894,VJC894,SGN,Ho Chi Minh City International Airport,VietJet Air,VJ,A21N,Airbus A321-271N,VN-A653,Departed 14:59,2026-08-02 05:50:38
DPS,departures,2026-08-01,13:35,13:43,AI2148,AIC2148,DEL,Delhi Indira Gandhi International Airport,Air India,AI,A21N,Airbus A321-251NX(LR),VT-TVH,Departed 14:43,2026-08-02 05:50:38
DPS,departures,2026-08-01,13:45,15:38,JT33,LNI033,CGK,Jakarta Soekarno Hatta International Airport,Lion Air,JT,B738,Boeing 737-8GP,PK-LOP,Departed 16:38,2026-08-02 05:50:38
DPS,departures,2026-08-01,14:00,14:28,JT844,LNI844,BDJ,Banjarmasin Syamsudin Noor Airport,Lion Air,JT,B739,Boeing 737-9GP(ER),PK-LSL,Departed 15:28,2026-08-02 05:50:38
DPS,departures,2026-08-01,14:00,,IU120,,YIA,Yogyakarta International Airport,Super Air Jet,IU,320,,,Canceled,2026-08-02 05:50:38
DPS,departures,2026-08-01,14:05,15:26,QG681,CTV681,CGK,Jakarta Soekarno Hatta International Airport,Citilink,QG,A320,Airbus A320-214,PK-GLY,Departed 16:26,2026-08-02 05:50:38
DPS,departures,2026-08-01,14:05,14:20,JQ86,JST086,SIN,Singapore Changi Airport,Jetstar,JQ,A21N,Airbus A321-251NX(LR),VH-OYX,Departed 15:20,2026-08-02 05:50:38
DPS,departures,2026-08-01,14:10,15:44,JQ44,JST044,MEL,Melbourne Airport,Jetstar,JQ,A21N,Airbus A321-251NX(LR),VH-OYU,Departed 16:44,2026-08-02 05:50:38
DPS,departures,2026-08-01,14:10,14:16,IU128,SJV128,SOC,Surakarta Adisumarmo International Airport,Super Air Jet,IU,A320,Airbus A320-232,PK-SJM,Departed 15:16,2026-08-02 05:50:38
DPS,departures,2026-08-01,14:15,14:39,VA50,VOZ050,BNE,Brisbane Airport,Virgin Australia,VA,B38M,Boeing 737 MAX 8,VH-8IF,Departed 15:39,2026-08-02 05:50:38
DPS,departures,2026-08-01,14:15,14:33,QZ536,AWQ536,PER,Perth Airport,AirAsia,AK,A320,Airbus A320-216,PK-AZE,Departed 15:33,2026-08-02 05:50:38
DPS,departures,2026-08-01,14:25,14:24,8B82,TNU082,PER,Perth Airport,TransNusa,8B,A320,Airbus A320-214,PK-TLA,Departed 15:24,2026-08-02 05:50:38
DPS,departures,2026-08-01,14:25,14:42,AK377,AXM377,KUL,Kuala Lumpur International Airport,AirAsia,AK,A320,Airbus A320-214,9M-AJG,Departed 15:42,2026-08-02 05:50:38
DPS,departures,2026-08-01,14:30,14:46,IN281,LKN281,CGK,Jakarta Soekarno Hatta International Airport,Nam Air,IN,B735,Boeing 737-524,PK-NAQ,Departed 15:46,2026-08-02 05:50:35
DPS,departures,2026-08-01,14:30,14:36,QG669,CTV669,SUB,Surabaya Juanda International Airport,Citilink,QG,A320,Airbus A320-214,PK-GQU,Departed 15:36,2026-08-02 05:50:38
DPS,departures,2026-08-01,14:30,15:06,JT740,LNI740,UPG,Makassar Sultan Hasanuddin International Airport,Lion Air,JT,B739,Boeing 737-96N(ER),PK-LSY,Departed 16:06,2026-08-02 05:50:38
DPS,departures,2026-08-01,14:40,14:50,IW1850,WON1850,LOP,Lombok International Airport,Wings Air,IW,AT76,ATR 72-600,PK-WJP,Departed 15:50,2026-08-02 05:50:35
DPS,departures,2026-08-01,14:40,,SJ7161,,UPG,Makassar Sultan Hasanuddin International Airport,Sriwijaya Air,SJ,735,,,Unknown,2026-08-02 05:50:35
DPS,departures,2026-08-01,14:45,14:59,QZ648,AWQ648,LBJ,Labuan Bajo Komodo Airport,AirAsia,AK,A320,Airbus A320-216,PK-AZK,Departed 15:59,2026-08-02 05:50:35
DPS,departures,2026-08-01,14:45,15:01,GA411,GIA411,CGK,Jakarta Soekarno Hatta International Airport,Garuda Indonesia,GA,B738,Boeing 737-8SH,PK-GUJ,Departed 16:01,2026-08-02 05:50:35
DPS,departures,2026-08-01,14:50,15:21,VA92,VOZ092,MEL,Melbourne Airport,Virgin Australia,VA,B38M,Boeing 737 MAX 8,VH-8IE,Departed 16:21,2026-08-02 05:50:35
DPS,departures,2026-08-01,14:55,14:56,8B5256,TNU5256,LOP,Lombok International Airport,TransNusa,8B,AJ27,Comac ARJ-21-700,PK-TJB,Departed 15:56,2026-08-02 05:50:35
DPS,departures,2026-08-01,14:55,15:14,CI772,CAL772,TPE,Taipei Taoyuan International Airport,China Airlines (Zootopia 2 Livery),CI,B77W,Boeing 777-36N(ER),B-18055,Departed 16:14,2026-08-02 05:50:35
DPS,departures,2026-08-01,14:55,15:11,IP109,PAS109,CGK,Jakarta Soekarno Hatta International Airport,Pelita Air,IP,A320,Airbus A320-214,PK-PWK,Departed 16:11,2026-08-02 05:50:35
DPS,departures,2026-08-01,15:00,15:03,VN640,HVN640,SGN,Ho Chi Minh City International Airport,Vietnam Airlines,VN,A321,Airbus A321-231,VN-A334,Departed 16:03,2026-08-02 05:50:35
DPS,departures,2026-08-01,15:10,16:50,QZ246,AWQ246,HKT,Phuket International Airport,AirAsia,AK,A320,Airbus A320-214,PK-AZH,Departed 17:50,2026-08-02 05:50:35
DPS,departures,2026-08-01,15:15,15:19,CX784,CPA784,HKG,Hong Kong International Airport,Cathay Pacific,CX,B773,Boeing 777-367,B-HNO,Departed 16:19,2026-08-02 05:50:35
DPS,departures,2026-08-01,15:25,15:54,MH850,MAS850,KUL,Kuala Lumpur International Airport,Malaysia Airlines,MH,B738,Boeing 737-8H6,9M-MXD,Departed 16:54,2026-08-02 05:50:35
DPS,departures,2026-08-01,15:30,15:33,IW1852,WON1852,LOP,Lombok International Airport,Wings Air,IW,AT76,ATR 72-600,PK-WJO,Departed 16:33,2026-08-02 05:50:35
DPS,departures,2026-08-01,15:30,15:49,BR256,EVA256,TPE,Taipei Taoyuan International Airport,EVA Air (Sanrio Characters Joyful Dream Livery),BR,A333,Airbus A330-302,B-16332,Departed 16:49,2026-08-02 05:50:35
DPS,departures,2026-08-01,15:40,,IU703,,SUB,Surabaya Juanda International Airport,Super Air Jet,IU,320,,,Canceled,2026-08-02 05:50:35
DPS,departures,2026-08-01,15:40,15:57,AK369,AXM369,KUL,Kuala Lumpur International Airport,AirAsia,AK,A21N,Airbus A321-251NX,9M-VAC,Departed 16:57,2026-08-02 05:50:35
DPS,departures,2026-08-01,15:45,16:00,ID6335,BTK6335,LBJ,Labuan Bajo Komodo Airport,Batik Air,ID,A320,Airbus A320-214,PK-LUT,Departed 17:00,2026-08-02 05:50:35
DPS,departures,2026-08-01,15:45,16:19,GA255,GIA255,YIA,Yogyakarta International Airport,Garuda Indonesia,GA,B738,Boeing 737-8U3,PK-GFW,Departed 17:19,2026-08-02 05:50:35
DPS,departures,2026-08-01,15:50,16:17,HO1356,DKH1356,PVG,Shanghai Pudong International Airport,Juneyao Air (Chinese Peony Livery),HO,B789,Boeing 787-9 Dreamliner,B-209R,Departed 17:17,2026-08-02 05:50:35
DPS,departures,2026-08-01,15:55,16:14,TG432,THA432,BKK,Bangkok Suvarnabhumi Airport,Thai Airways,TG,A359,Airbus A350-941,HS-THN,Departed 17:14,2026-08-02 05:50:35
DPS,departures,2026-08-01,15:55,16:24,GA349,GIA349,SUB,Surabaya Juanda International Airport,Garuda Indonesia (Retro 1960 Livery),GA,B738,Boeing 737-8U3,PK-GFM,Departed 17:24,2026-08-02 05:50:35
DPS,departures,2026-08-01,16:05,16:39,IW1962,WON1962,LOP,Lombok International Airport,Wings Air,IW,AT76,ATR 72-600,PK-WJU,Departed 17:39,2026-08-02 05:50:35
DPS,departures,2026-08-01,16:15,,JT23,,CGK,Jakarta Soekarno Hatta International Airport,Lion Air,JT,739,,,Canceled,2026-08-02 05:50:35
DPS,departures,2026-08-01,16:25,16:55,GA419,GIA419,CGK,Jakarta Soekarno Hatta International Airport,Garuda Indonesia,GA,B738,Boeing 737-8U3,PK-GMA,Departed 17:55,2026-08-02 05:50:35
DPS,departures,2026-08-01,16:30,16:28,VJ998,VJC998,HAN,Hanoi Noi Bai International Airport,VietJet Air,VJ,A21N,Airbus A321-271NX,VN-A554,Departed 17:28,2026-08-02 05:50:35
DPS,departures,2026-08-01,16:35,17:27,TR243,TGW243,SIN,Singapore Changi Airport,Scoot,TR,A21N,Airbus A321-271NX,9V-NCL,Departed 18:27,2026-08-02 05:50:35
DPS,departures,2026-08-01,16:40,16:44,IP107,PAS107,CGK,Jakarta Soekarno Hatta International Airport,Pelita Air,IP,A320,Airbus A320-214,PK-PWE,Departed 17:44,2026-08-02 05:50:35
DPS,departures,2026-08-01,16:50,17:00,NZ291,ANZ291,AKL,Auckland Airport,Air New Zealand,NZ,B789,Boeing 787-9 Dreamliner,ZK-NZQ,Departed 18:00,2026-08-02 05:50:35
DPS,departures,2026-08-01,17:00,17:50,QZ821,AWQ821,CGK,Jakarta Soekarno Hatta International Airport,AirAsia,AK,A320,Airbus A320-216,PK-AZO,Departed 18:50,2026-08-02 05:50:35
DPS,departures,2026-08-01,17:10,17:04,OD193,MXD193,PER,Perth Airport,Batik Air,ID,B738,Boeing 737-8U3,9M-LDG,Departed 18:04,2026-08-02 05:50:35
DPS,departures,2026-08-01,17:25,18:05,ID6552,BTK6552,KOE,Kupang El Tari Airport,Batik Air,ID,A320,Airbus A320-214,PK-BKV,Departed 19:05,2026-08-02 05:50:35
DPS,departures,2026-08-01,17:30,,IN281,,CGK,Jakarta Soekarno Hatta International Airport,Nam Air,IN,735,,,Unknown,2026-08-02 05:50:35
DPS,departures,2026-08-01,17:30,,IN283,,CGK,Jakarta Soekarno Hatta International Airport,Nam Air,IN,735,,,Unknown,2026-08-02 05:50:35
DPS,departures,2026-08-01,17:30,17:46,GA417,GIA417,CGK,Jakarta Soekarno Hatta International Airport,Garuda Indonesia,GA,B738,Boeing 737-8U3,PK-GFH,Departed 18:46,2026-08-02 05:50:35
DPS,departures,2026-08-01,17:45,18:20,EY477,ETD477,AUH,Abu Dhabi Zayed International Airport,Etihad Airways,EY,B77W,Boeing 777-3FX(ER),A6-ETH,Departed 19:20,2026-08-02 05:50:35
DPS,departures,2026-08-01,17:50,18:02,CX782,CPA782,HKG,Hong Kong International Airport,Cathay Pacific,CX,A333,Airbus A330-343,B-HLN,Departed 19:02,2026-08-02 05:50:35
DPS,departures,2026-08-01,17:55,17:25,8B5258,TNU5258,LOP,Lombok International Airport,TransNusa,8B,AJ27,Comac ARJ-21-700,PK-TJB,Departed 18:25,2026-08-02 05:50:35
DPS,departures,2026-08-01,18:00,18:14,TG440,THA440,BKK,Bangkok Suvarnabhumi Airport,Thai Airways,TG,A320,Airbus A320-232,HS-TXD,Departed 19:14,2026-08-02 05:50:35
DPS,departures,2026-08-01,18:00,18:07,QG689,CTV689,CGK,Jakarta Soekarno Hatta International Airport,Citilink,QG,A320,Airbus A320-214,PK-GLS,Departed 19:07,2026-08-02 05:50:35
DPS,departures,2026-08-01,18:20,19:02,QR963,QTR963,DOH,Doha Hamad International Airport,Qatar Airways,QR,A35K,Airbus A350-1041,A7-AOD,Departed 20:02,2026-08-02 05:50:35
DPS,departures,2026-08-01,18:20,18:32,MH852,MAS852,KUL,Kuala Lumpur International Airport,Malaysia Airlines,MH,B738,Boeing 737-8H6,9M-MSB,Departed 19:32,2026-08-02 05:50:35
DPS,departures,2026-08-01,18:25,18:27,ID7310,BTK7310,HLP,Jakarta Halim Perdanakusuma Airport,Batik Air,ID,A320,Airbus A320-214,PK-LAL,Departed 19:27,2026-08-02 05:50:35
DPS,departures,2026-08-01,18:30,18:35,QG699,CTV699,SUB,Surabaya Juanda International Airport,Citilink,QG,A320,Airbus A320-214,PK-GLX,Departed 19:35,2026-08-02 05:50:35
DPS,departures,2026-08-01,18:45,19:49,TR283,TGW283,SIN,Singapore Changi Airport,Scoot,TR,B789,Boeing 787-9 Dreamliner,9V-OJG,Departed 20:49,2026-08-02 05:50:35
DPS,departures,2026-08-01,18:45,22:01,EK369,UAE369,DXB,Dubai International Airport,Emirates,EK,A388,Airbus A380-842,A6-EUY,Departed 23:01,2026-08-02 05:50:35
DPS,departures,2026-08-01,18:45,19:34,AK379,AXM379,KUL,Kuala Lumpur International Airport,AirAsia,AK,A320,Airbus A320-216,9M-RAO,Departed 20:34,2026-08-02 05:50:35
DPS,departures,2026-08-01,18:50,20:06,8B969,TNU969,CAN,Guangzhou Baiyun International Airport,TransNusa,8B,A320,Airbus A320-214,PK-TLN,Departed 21:06,2026-08-02 05:50:35
DPS,departures,2026-08-01,18:50,,IU133,,SRG,Semarang Achmad Yani International Airport,Super Air Jet,IU,320,,,Unknown,2026-08-02 05:50:35
DPS,departures,2026-08-01,18:55,19:26,JT923,LNI923,SUB,Surabaya Juanda International Airport,Lion Air,JT,B739,Boeing 737-9GP(ER),PK-LFO,Departed 20:26,2026-08-02 05:50:35
DPS,departures,2026-08-01,18:55,19:21,GA421,GIA421,CGK,Jakarta Soekarno Hatta International Airport,Garuda Indonesia,GA,B738,Boeing 737-8U3,PK-GNG,Departed 20:21,2026-08-02 05:50:35
DPS,departures,2026-08-01,19:00,19:29,SQ945,SIA945,SIN,Singapore Changi Airport,Singapore Airlines,SQ,B78X,Boeing 787-10 Dreamliner,9V-SCF,Departed 20:29,2026-08-02 05:50:35
DPS,departures,2026-08-01,19:10,19:12,QG667,CTV667,CGK,Jakarta Soekarno Hatta International Airport,Citilink,QG,A320,Airbus A320-214,PK-GLP,Departed 20:12,2026-08-02 05:50:35
DPS,departures,2026-08-01,19:30,19:54,QG195,CTV195,HLP,Jakarta Halim Perdanakusuma Airport,Citilink,QG,A320,Airbus A320-214,PK-GLQ,Departed 20:54,2026-08-02 05:50:35
DPS,departures,2026-08-01,19:30,19:36,ID6415,BTK6415,SUB,Surabaya Juanda International Airport,Batik Air,ID,A320,Airbus A320-214,PK-LUU,Departed 20:36,2026-08-02 05:50:35
DPS,departures,2026-08-01,19:40,20:27,GA415,GIA415,CGK,Jakarta Soekarno Hatta International Airport,Garuda Indonesia,GA,B738,Boeing 737-8U3,PK-GFD,Departed 21:27,2026-08-02 05:50:35
DPS,departures,2026-08-01,19:45,20:18,KL836,KLM836,SIN,Singapore Changi Airport,KLM,KL,B77W,Boeing 777-306(ER),PH-BVU,Departed 21:18,2026-08-02 05:50:35
DPS,departures,2026-08-01,19:50,20:01,IP105,PAS105,CGK,Jakarta Soekarno Hatta International Airport,Pelita Air,IP,A320,Airbus A320-214,PK-PWD,Departed 21:01,2026-08-02 05:50:35
DPS,departures,2026-08-01,20:00,20:04,TK67,THY067,IST,Istanbul Airport,Turkish Airlines,TK,A359,Airbus A350-941,TC-LGE,Departed 21:04,2026-08-02 05:50:35
DPS,departures,2026-08-01,20:00,20:12,OD177,MXD177,MEL,Melbourne Airport,Batik Air (Visit Malaysia Truly Asia 2026 Livery),ID,B38M,Boeing 737 MAX 8,9M-LRV,Departed 21:12,2026-08-02 05:50:35
DPS,departures,2026-08-01,20:05,15:47,QZ819,,CGK,Jakarta Soekarno Hatta International Airport,AirAsia,AK,A320,Airbus A320-216,PK-AXY,Estimated dep 16:47*,2026-08-02 05:50:35
DPS,departures,2026-08-01,20:15,21:07,JT15,LNI015,CGK,Jakarta Soekarno Hatta International Airport,Lion Air,JT,B39M,Boeing 737 MAX 9,PK-LRH,Departed 22:07,2026-08-02 05:50:35
DPS,departures,2026-08-01,20:20,20:40,JQ34,JST034,MEL,Melbourne Airport,Jetstar,JQ,A21N,Airbus A321-251NX(LR),VH-OFQ,Departed 21:40,2026-08-02 05:50:35
DPS,departures,2026-08-01,20:30,20:36,JQ117,JST117,PER,Perth Airport,Jetstar,JQ,A21N,Airbus A321-251NX(LR),VH-OFW,Departed 21:36,2026-08-02 05:50:35
DPS,departures,2026-08-01,20:30,20:32,ID6760,BTK6760,UPG,Makassar Sultan Hasanuddin International Airport,Batik Air,ID,A320,Airbus A320-214,PK-LUT,Departed 21:32,2026-08-02 05:50:35
DPS,departures,2026-08-01,20:35,21:00,SJ273,SJY273,CGK,Jakarta Soekarno Hatta International Airport,BBN Airlines Indonesia,0B,B738,Boeing 737-8BK,PK-BBF,Departed 22:00,2026-08-02 05:50:35
DPS,departures,2026-08-01,20:40,20:44,SQ947,SIA947,SIN,Singapore Changi Airport,Singapore Airlines,SQ,B78X,Boeing 787-10 Dreamliner,9V-SCJ,Departed 21:44,2026-08-02 05:50:35
DPS,departures,2026-08-01,20:45,20:47,TK311,THY311,IST,Istanbul Airport,Turkish Airlines,TK,A359,Airbus A350-941,TC-LGU,Departed 21:47,2026-08-02 05:50:35
DPS,departures,2026-08-01,21:00,21:41,OD157,MXD157,BNE,Brisbane Airport,Batik Air,ID,B38M,Boeing 737 MAX 8,9M-LRW,Departed 22:41,2026-08-02 05:50:35
DPS,departures,2026-08-01,21:05,21:52,GA718,GIA718,MEL,Melbourne Airport,Garuda Indonesia,GA,A333,Airbus A330-343,PK-GHA,Departed 22:52,2026-08-02 05:50:35
DPS,departures,2026-08-01,21:10,21:50,VA128,VOZ128,CBR,Canberra International Airport,Virgin Australia,VA,B738,Boeing 737-8FE,VH-YIY,Departed 22:50,2026-08-02 05:50:35
DPS,departures,2026-08-01,21:15,21:39,OD171,MXD171,SYD,Sydney Kingsford Smith Airport,Batik Air (Visit Malaysia Truly Asia 2026 Livery),ID,B38M,Boeing 737 MAX 8,9M-LRL,Departed 22:39,2026-08-02 05:50:35
DPS,departures,2026-08-01,21:15,21:34,AK375,AXM375,KUL,Kuala Lumpur International Airport,AirAsia,AK,A21N,Airbus A321-251NX,9M-VAH,Departed 22:34,2026-08-02 05:50:35
DPS,departures,2026-08-01,21:20,21:57,QF44,QFA044,SYD,Sydney Kingsford Smith Airport,Qantas,QF,A333,Airbus A330-303,VH-QPI,Departed 22:57,2026-08-02 05:50:35
DPS,departures,2026-08-01,21:35,21:47,JQ38,JST038,SYD,Sydney Kingsford Smith Airport,Jetstar,JQ,A21N,Airbus A321-251NX(LR),VH-OSE,Departed 22:47,2026-08-02 05:50:35
DPS,departures,2026-08-01,21:45,22:05,7C5304,JJA5304,ICN,Seoul Incheon International Airport,Jeju Air,7C,B38M,Boeing 737 MAX 8,HL8553,Departed 23:05,2026-08-02 05:50:35
DPS,departures,2026-08-01,22:05,22:22,QF46,QFA046,MEL,Melbourne Airport,Qantas,QF,B738,Boeing 737-838,VH-VZQ,Departed 23:22,2026-08-02 05:50:35
DPS,departures,2026-08-01,22:10,,8B5109,,CGK,Jakarta Soekarno Hatta International Airport,TransNusa,8B,320,,,Unknown,2026-08-02 05:50:35
DPS,departures,2026-08-01,22:25,22:33,JQ36,JST036,MEL,Melbourne Airport,Jetstar,JQ,A21N,Airbus A321-251NX(LR),VH-OFV,Departed 23:33,2026-08-02 05:50:35
DPS,departures,2026-08-01,22:25,22:45,GA714,GIA714,SYD,Sydney Kingsford Smith Airport,Garuda Indonesia,GA,A333,Airbus A330-343,PK-GPT,Departed 23:45,2026-08-02 05:50:35
DPS,departures,2026-08-01,22:35,22:47,VA68,VOZ068,SYD,Sydney Kingsford Smith Airport,Virgin Australia,VA,B38M,Boeing 737 MAX 8,VH-8IC,Departed 23:47,2026-08-02 05:50:35
DPS,departures,2026-08-01,22:45,22:53,KE432,KAL432,ICN,Seoul Incheon International Airport,Korean Air,KE,B789,Boeing 787-9 Dreamliner,HL8082,Departed 23:53,2026-08-02 05:50:35
DPS,departures,2026-08-01,22:45,22:57,JQ94,JST094,OOL,Gold Coast Airport,Jetstar,JQ,A20N,Airbus A320-251N,VH-A5C,Departed 23:57,2026-08-02 05:50:35
DPS,departures,2026-08-01,22:50,23:02,JQ89,JST089,NTL,Newcastle Airport,Jetstar,JQ,A21N,Airbus A321-251NX(LR),VH-OYX,Departed 00:02,2026-08-02 05:50:35
DPS,departures,2026-08-01,22:55,23:56,JQ128,JST128,ADL,Adelaide Airport,Jetstar,JQ,A21N,Airbus A321-251NX(LR),VH-OFY,Departed 00:56,2026-08-02 05:50:35
DPS,departures,2026-08-01,23:20,23:48,8B84,TNU084,PER,Perth Airport,TransNusa,8B,A320,Airbus A320-214,PK-TLF,Departed 00:48,2026-08-02 05:50:35
DPS,departures,2026-08-01,23:20,23:44,GA880,GIA880,NRT,Tokyo Narita International Airport,Garuda Indonesia (TravelGo Sticker),GA,A333,Airbus A330-343,PK-GPV,Departed 00:44,2026-08-02 05:50:35
DPS,departures,2026-08-01,23:30,23:50,MU890,CES890,PKX,Beijing Daxing International Airport,China Eastern Airlines,MU,A333,Airbus A330-343,B-8863,Departed 00:50,2026-08-02 05:50:35
DPS,departures,2026-08-01,23:30,00:29,MF892,CXA892,XMN,Xiamen Gaoqi International Airport,Xiamen Air,MF,B38M,Boeing 737 MAX 8,B-226E,Departed 01:29,2026-08-02 05:50:35
DPS,departures,2026-08-01,23:35,23:53,QR961,QTR961,DOH,Doha Hamad International Airport,Qatar Airways,QR,A35K,Airbus A350-1041,A7-AOE,Departed 00:53,2026-08-02 05:50:35
DPS,departures,2026-08-01,23:35,01:10,EK399,UAE399,DXB,Dubai International Airport,Emirates,EK,A388,Airbus A380-842,A6-EUN,Departed 02:10,2026-08-02 05:50:35
DPS,departures,2026-08-01,23:40,01:46,CZ626,CSN626,CAN,Guangzhou Baiyun International Airport,China Southern Airlines,CZ,A21N,Airbus A321-251NX,B-32MP,Departed 02:46,2026-08-02 05:50:35
DPS,departures,2026-08-01,23:55,00:11,PR538,PAL538,MNL,Manila Ninoy Aquino International Airport,Philippine Airlines,PR,A321,Airbus A321-231,RP-C9906,Departed 01:11,2026-08-02 05:50:35
DPS,departures,2026-08-01,23:55,00:40,MU5030,CES5030,PVG,Shanghai Pudong International Airport,China Eastern Airlines,MU,A333,Airbus A330-343,B-8968,Departed 01:40,2026-08-02 05:50:35
KNO,arrivals,2026-08-01,03:15,03:36,OV901,OMS901,MCT,Muscat International Airport,SalamAir,OV,A21N,Airbus A321-253NX(LR),A4O-OXA,Landed 03:36,2026-08-02 05:51:43
KNO,arrivals,2026-08-01,07:15,,JT200,,CGK,Jakarta Soekarno Hatta International Airport,Lion Air,JT,739,,,Canceled,2026-08-02 05:51:43
KNO,arrivals,2026-08-01,07:40,07:42,IW1265,WON1265,GNS,Gunung Sitoli Binaka Airport,Wings Air,IW,AT76,ATR 72-600,PK-WHF,Landed 07:42,2026-08-02 05:51:43
KNO,arrivals,2026-08-01,07:40,07:23,IU940,SJV940,CGK,Jakarta Soekarno Hatta International Airport,Super Air Jet,IU,A320,Airbus A320-232,PK-SGD,Landed 07:23,2026-08-02 05:51:43
KNO,arrivals,2026-08-01,07:50,07:31,QG910,CTV910,CGK,Jakarta Soekarno Hatta International Airport,Citilink,QG,A320,Airbus A320-214,PK-GLL,Landed 07:31,2026-08-02 05:51:43
KNO,arrivals,2026-08-01,08:00,07:55,SQ990,SIA990,SIN,Singapore Changi Airport,Singapore Airlines,SQ,B38M,Boeing 737 MAX 8,9V-MBG,Landed 07:55,2026-08-02 05:51:43
KNO,arrivals,2026-08-01,08:20,08:02,QZ107,AWQ107,PEN,Penang International Airport,AirAsia,AK,A320,Airbus A320-216,PK-AZT,Landed 08:02,2026-08-02 05:51:43
KNO,arrivals,2026-08-01,08:20,07:48,IW1213,WON1213,BTJ,Banda Aceh International Airport,Wings Air,IW,AT76,ATR 72-600,PK-WHT,Landed 07:48,2026-08-02 05:51:43
KNO,arrivals,2026-08-01,08:25,08:13,IW1267,WON1267,GNS,Gunung Sitoli Binaka Airport,Wings Air,IW,AT75,ATR 72-500,PK-WFT,Landed 08:13,2026-08-02 05:51:43
KNO,arrivals,2026-08-01,08:35,08:17,QG10,CTV010,HLP,Jakarta Halim Perdanakusuma Airport,Citilink (Tiket.com Livery),QG,A320,Airbus A320-214,PK-GLW,Landed 08:17,2026-08-02 05:51:43
KNO,arrivals,2026-08-01,08:35,08:22,IP300,PAS300,CGK,Jakarta Soekarno Hatta International Airport,Pelita Air,IP,A320,Airbus A320-214,PK-PWJ,Landed 08:22,2026-08-02 05:51:43
KNO,arrivals,2026-08-01,08:40,08:25,QZ125,AWQ125,KUL,Kuala Lumpur International Airport,AirAsia,AK,A320,Airbus A320-214,PK-AZI,Landed 08:25,2026-08-02 05:51:43
KNO,arrivals,2026-08-01,09:05,08:48,QG924,CTV924,BTH,Batam Hang Nadim Airport,Citilink Garuda Indonesia,QG,A320,Airbus A320-214,PK-GQT,Landed 08:48,2026-08-02 05:51:43
KNO,arrivals,2026-08-01,09:15,09:23,ID7263,BTK7263,KUL,Kuala Lumpur International Airport,Batik Air,ID,B738,Boeing 737-8GP,PK-LZZ,Landed 09:23,2026-08-02 05:51:43
KNO,arrivals,2026-08-01,09:15,,ID7263,,KUL,Kuala Lumpur International Airport,Batik Air,ID,B738,Boeing 737-8GP,PK-LZZ,Unknown,2026-08-02 05:51:43
KNO,arrivals,2026-08-01,09:15,09:07,ID7011,BTK7011,CGK,Jakarta Soekarno Hatta International Airport,Batik Air,ID,A320,Airbus A320-214,PK-LUH,Landed 09:07,2026-08-02 05:51:43
KNO,arrivals,2026-08-01,09:20,09:03,IU862,SJV862,PDG,Padang Minangkabau International Airport,Super Air Jet,IU,A320,Airbus A320-232,PK-SJU,Landed 09:03,2026-08-02 05:51:43
KNO,arrivals,2026-08-01,09:30,09:20,GA182,GIA182,CGK,Jakarta Soekarno Hatta International Airport,Garuda Indonesia,GA,B738,Boeing 737-8SH,PK-GUE,Landed 09:20,2026-08-02 05:51:43
KNO,arrivals,2026-08-01,09:40,,OD322,,KUL,Kuala Lumpur International Airport,Batik Air Malaysia,OD,738,,,Canceled,2026-08-02 05:51:43
KNO,arrivals,2026-08-01,10:20,10:07,QG912,CTV912,CGK,Jakarta Soekarno Hatta International Airport,Citilink,QG,A320,Airbus A320-214,PK-GLU,Landed 10:07,2026-08-02 05:51:43
KNO,arrivals,2026-08-01,10:20,,JT204,,CGK,Jakarta Soekarno Hatta International Airport,Lion Air,JT,739,,,Unknown,2026-08-02 05:51:43
KNO,arrivals,2026-08-01,10:30,10:18,IU964,SJV964,PLM,Palembang International Airport,Super Air Jet,IU,A320,Airbus A320-232,PK-SJP,Landed 10:18,2026-08-02 05:51:43
KNO,arrivals,2026-08-01,10:30,10:13,AK391,AXM391,KUL,Kuala Lumpur International Airport,AirAsia,AK,A320,Airbus A320-216,9M-AGP,Landed 10:13,2026-08-02 05:51:43
KNO,arrivals,2026-08-01,10:45,10:36,IW1249,WON1249,GNS,Gunung Sitoli Binaka Airport,Wings Air,IW,AT76,ATR 72-600,PK-WJV,Landed 10:36,2026-08-02 05:51:43
KNO,arrivals,2026-08-01,10:55,10:42,JT135,LNI135,PEN,Penang International Airport,Lion Air,JT,B738,Boeing 737-8GP,PK-LJS,Landed 10:42,2026-08-02 05:51:43
KNO,arrivals,2026-08-01,11:20,10:59,QZ103,AWQ103,PEN,Penang International Airport,AirAsia,AK,A320,Airbus A320-216,PK-AZT,Landed 10:59,2026-08-02 05:51:43
KNO,arrivals,2026-08-01,11:20,,QZ103,AWQ103,PEN,Penang International Airport,AirAsia,AK,A320,Airbus A320-216,PK-AZT,Unknown,2026-08-02 05:51:43
KNO,arrivals,2026-08-01,11:30,11:20,JT971,LNI971,BTH,Batam Hang Nadim Airport,Lion Air,JT,B739,Boeing 737-9GP(ER),PK-LFO,Landed 11:20,2026-08-02 05:51:43
KNO,arrivals,2026-08-01,11:55,11:51,GA184,GIA184,CGK,Jakarta Soekarno Hatta International Airport,Garuda Indonesia,GA,B738,Boeing 737-8U3,PK-GFD,Landed 11:51,2026-08-02 05:51:43
KNO,arrivals,2026-08-01,12:10,11:56,QZ121,AWQ121,KUL,Kuala Lumpur International Airport,AirAsia,AK,A320,Airbus A320-214,PK-AZI,Landed 11:56,2026-08-02 05:51:43
KNO,arrivals,2026-08-01,12:20,13:39,JT206,LNI206,CGK,Jakarta Soekarno Hatta International Airport,Lion Air,JT,B739,Boeing 737-9GP(ER),PK-LSK,Landed 13:39,2026-08-02 05:51:43
KNO,arrivals,2026-08-01,12:30,12:16,IW1247,WON1247,GNS,Gunung Sitoli Binaka Airport,Wings Air,IW,AT76,ATR 72-600,PK-WHT,Landed 12:16,2026-08-02 05:51:43
KNO,arrivals,2026-08-01,13:00,12:56,IU832,SJV832,PKU,Pekanbaru Sultan Syarif Kasim II Airport,Super Air Jet,IU,A320,Airbus A320-232,PK-SJU,Landed 12:56,2026-08-02 05:51:43
KNO,arrivals,2026-08-01,13:10,12:35,JT139,LNI139,PEN,Penang International Airport,Lion Air,JT,B739,Boeing 737-9GP(ER),PK-LSH,Landed 12:35,2026-08-02 05:51:43
KNO,arrivals,2026-08-01,13:40,13:24,QG916,CTV916,CGK,Jakarta Soekarno Hatta International Airport,Citilink,QG,A20N,Airbus A320-251N,PK-GTG,Landed 13:24,2026-08-02 05:51:43
KNO,arrivals,2026-08-01,13:45,13:36,IU362,SJV362,SUB,Surabaya Juanda International Airport,Super Air Jet,IU,A320,Airbus A320-232,PK-SAW,Landed 13:36,2026-08-02 05:51:43
KNO,arrivals,2026-08-01,14:00,14:01,GA186,GIA186,CGK,Jakarta Soekarno Hatta International Airport,Garuda Indonesia,GA,B738,Boeing 737-8SA,PK-GUI,Landed 14:01,2026-08-02 05:51:43
KNO,arrivals,2026-08-01,14:25,15:17,IW1241,WON1241,LKI,Sinabang Lasikin Airport,Wings Air,IW,AT76,ATR 72-600,PK-WHF,Landed 15:17,2026-08-02 05:51:43
KNO,arrivals,2026-08-01,14:35,14:45,AK397,AXM397,KUL,Kuala Lumpur International Airport,AirAsia,AK,A320,Airbus A320-216,9M-RAA,Landed 14:45,2026-08-02 05:51:43
KNO,arrivals,2026-08-01,14:50,15:16,ID7261,BTK7261,KUL,Kuala Lumpur International Airport,Batik Air,ID,B738,Boeing 737-8U3,PK-BGF,Landed 15:16,2026-08-02 05:51:43
KNO,arrivals,2026-08-01,14:50,,IP302,,CGK,Jakarta Soekarno Hatta International Airport,Pelita Air,IP,320,,,Unknown,2026-08-02 05:51:43
KNO,arrivals,2026-08-01,15:00,14:47,MH864,MAS864,KUL,Kuala Lumpur International Airport,Malaysia Airlines,MH,B738,Boeing 737-8H6,9M-MLU,Landed 14:47,2026-08-02 05:51:43
KNO,arrivals,2026-08-01,15:15,15:06,TR244,TGW244,SIN,Singapore Changi Airport,Scoot,TR,A320,Airbus A320-232,9V-TRV,Landed 15:06,2026-08-02 05:51:43
KNO,arrivals,2026-08-01,15:20,15:02,QG918,CTV918,CGK,Jakarta Soekarno Hatta International Airport,Citilink (Tiket.com Livery),QG,A320,Airbus A320-214,PK-GLZ,Landed 15:02,2026-08-02 05:51:43
KNO,arrivals,2026-08-01,15:30,15:20,QZ129,AWQ129,KUL,Kuala Lumpur International Airport,AirAsia,AK,A320,Airbus A320-216,PK-AZT,Landed 15:20,2026-08-02 05:51:43
KNO,arrivals,2026-08-01,15:30,15:24,JT210,LNI210,CGK,Jakarta Soekarno Hatta International Airport,Lion Air,JT,B739,Boeing 737-9GP(ER),PK-LHP,Landed 15:24,2026-08-02 05:51:43
KNO,arrivals,2026-08-01,16:00,,JT973,,BTH,Batam Hang Nadim Airport,Lion Air,JT,739,,,Unknown,2026-08-02 05:51:43
KNO,arrivals,2026-08-01,16:00,15:51,GA118,GIA118,CGK,Jakarta Soekarno Hatta International Airport,Garuda Indonesia,GA,B738,Boeing 737-8U3,PK-GUG,Landed 15:51,2026-08-02 05:51:43
KNO,arrivals,2026-08-01,16:05,16:01,QG922,CTV922,BTH,Batam Hang Nadim Airport,Citilink Garuda Indonesia,QG,A320,Airbus A320-214,PK-GQT,Landed 16:01,2026-08-02 05:51:43
KNO,arrivals,2026-08-01,16:20,,JT212,,CGK,Jakarta Soekarno Hatta International Airport,Lion Air,JT,739,,,Unknown,2026-08-02 05:51:43
KNO,arrivals,2026-08-01,16:35,16:23,JT133,LNI133,PEN,Penang International Airport,Lion Air,JT,B739,Boeing 737-9GP(ER),PK-LSH,Landed 16:23,2026-08-02 05:51:43
KNO,arrivals,2026-08-01,16:40,16:41,QG978,CTV978,CGK,Jakarta Soekarno Hatta International Airport,Citilink,QG,A320,Airbus A320-214,PK-GQC,Landed 16:41,2026-08-02 05:51:43
KNO,arrivals,2026-08-01,17:00,16:46,IW1269,WON1269,GNS,Gunung Sitoli Binaka Airport,Wings Air,IW,AT75,ATR 72-500,PK-WFT,Landed 16:46,2026-08-02 05:51:43
KNO,arrivals,2026-08-01,17:15,17:51,ID6886,BTK6886,CGK,Jakarta Soekarno Hatta International Airport,Batik Air,ID,A320,Airbus A320-214,PK-LAI,Landed 17:51,2026-08-02 05:51:43
KNO,arrivals,2026-08-01,17:25,17:41,AK393,AXM393,KUL,Kuala Lumpur International Airport,AirAsia,AK,A320,Airbus A320-216,9M-AJZ,Landed 17:41,2026-08-02 05:51:43
KNO,arrivals,2026-08-01,17:35,17:25,IP306,PAS306,CGK,Jakarta Soekarno Hatta International Airport,Pelita Air,IP,A320,Airbus A320-214,PK-PWP,Landed 17:25,2026-08-02 05:51:43
KNO,arrivals,2026-08-01,17:50,18:14,QG886,CTV886,CGK,Jakarta Soekarno Hatta International Airport,Citilink,QG,A20N,Airbus A320-251N,PK-GTF,Landed 18:14,2026-08-02 05:51:43
KNO,arrivals,2026-08-01,18:20,,QZ109,,PEN,Penang International Airport,AirAsia,AK,A320,Airbus A320-216,PK-AZT,Unknown,2026-08-02 05:51:43
KNO,arrivals,2026-08-01,18:20,18:07,QZ109,AWQ109,PEN,Penang International Airport,AirAsia,AK,A320,Airbus A320-216,PK-AZT,Landed 18:07,2026-08-02 05:51:43
KNO,arrivals,2026-08-01,18:20,20:15,JT300,LNI300,CGK,Jakarta Soekarno Hatta International Airport,Lion Air,JT,B739,Boeing 737-9GP(ER),PK-LSK,Landed 20:15,2026-08-02 05:51:43
KNO,arrivals,2026-08-01,19:00,18:58,GA190,GIA190,CGK,Jakarta Soekarno Hatta International Airport,Garuda Indonesia,GA,B738,Boeing 737-8H6,PK-GUL,Landed 18:58,2026-08-02 05:51:43
KNO,arrivals,2026-08-01,19:15,19:02,QZ131,AWQ131,KUL,Kuala Lumpur International Airport,AirAsia,AK,A320,Airbus A320-214,PK-AZI,Landed 19:02,2026-08-02 05:51:43
KNO,arrivals,2026-08-01,19:15,,ID6882,,CGK,Jakarta Soekarno Hatta International Airport,Batik Air,ID,32A,,,Unknown,2026-08-02 05:51:43
KNO,arrivals,2026-08-01,19:20,20:25,JT208,LNI208,CGK,Jakarta Soekarno Hatta International Airport,Lion Air,JT,B738,Boeing 737-8GP,PK-LOP,Landed 20:25,2026-08-02 05:51:43
KNO,arrivals,2026-08-01,19:20,,JT173,,CGK,Jakarta Soekarno Hatta International Airport,Lion Air,JT,738,,,Unknown,2026-08-02 05:51:43
KNO,arrivals,2026-08-01,19:35,19:34,SQ994,SIA994,SIN,Singapore Changi Airport,Singapore Airlines,SQ,B38M,Boeing 737 MAX 8,9V-MBG,Landed 19:34,2026-08-02 05:51:43
KNO,arrivals,2026-08-01,19:55,,IU948,,CGK,Jakarta Soekarno Hatta International Airport,Super Air Jet,IU,320,,,Unknown,2026-08-02 05:51:43
KNO,arrivals,2026-08-01,20:25,21:25,JT308,LNI308,CGK,Jakarta Soekarno Hatta International Airport,Lion Air,JT,B738,Boeing 737-8GP,PK-LOQ,Landed 21:25,2026-08-02 05:51:43
KNO,arrivals,2026-08-01,20:40,,OD326,,KUL,Kuala Lumpur International Airport,Batik Air Malaysia,OD,738,,,Unknown,2026-08-02 05:51:43
KNO,arrivals,2026-08-01,20:40,20:17,JT989,LNI989,BTH,Batam Hang Nadim Airport,Lion Air,JT,B738,Boeing 737-8GP,PK-LJS,Landed 20:17,2026-08-02 05:51:43
KNO,arrivals,2026-08-01,20:50,20:44,QG914,CTV914,CGK,Jakarta Soekarno Hatta International Airport,Citilink,QG,A320,Airbus A320-214,PK-GLM,Landed 20:44,2026-08-02 05:51:43
KNO,arrivals,2026-08-01,21:15,21:05,ID6884,BTK6884,CGK,Jakarta Soekarno Hatta International Airport,Batik Air,ID,A320,Airbus A320-214,PK-LUP,Landed 21:05,2026-08-02 05:51:43
KNO,arrivals,2026-08-01,21:15,,ID6205,,CGK,Jakarta Soekarno Hatta International Airport,Batik Air,ID,32A,,,Unknown,2026-08-02 05:51:43
KNO,arrivals,2026-08-01,21:40,,ID7265,,KUL,Kuala Lumpur International Airport,Batik Air,ID,738,,,Unknown,2026-08-02 05:51:43
KNO,arrivals,2026-08-01,21:40,21:20,GA196,GIA196,CGK,Jakarta Soekarno Hatta International Airport,Garuda Indonesia (From Nature to Future Livery),GA,B738,Boeing 737-8U3,PK-GFX,Landed 21:20,2026-08-02 05:51:43
KNO,arrivals,2026-08-01,22:20,22:01,QG882,CTV882,CGK,Jakarta Soekarno Hatta International Airport,Citilink,QG,A320,Airbus A320-214,PK-GQS,Landed 22:01,2026-08-02 05:51:43
KNO,arrivals,2026-08-01,22:20,23:01,JT306,LNI306,CGK,Jakarta Soekarno Hatta International Airport,Lion Air,JT,B739,Boeing 737-9GP(ER),PK-LHP,Landed 23:01,2026-08-02 05:51:43
KNO,arrivals,2026-08-01,22:35,,RI120,,CGK,Jakarta Soekarno Hatta International Airport,Rimbun Air,RI,73Y,,,Unknown,2026-08-02 05:51:43
KNO,arrivals,2026-08-01,23:15,,3Y812,,CGK,Jakarta Soekarno Hatta International Airport,My Indo Airlines,3Y,73Y,,,Unknown,2026-08-02 05:51:43
KNO,departures,2026-08-01,00:10,,RI121,,CGK,Jakarta Soekarno Hatta International Airport,Rimbun Air,RI,73Y,,,Unknown,2026-08-02 05:52:03
KNO,departures,2026-08-01,04:00,04:59,OV902,OMS902,MCT,Muscat International Airport,SalamAir,OV,A21N,Airbus A321-253NX(LR),A4O-OXA,Departed 04:59,2026-08-02 05:52:03
KNO,departures,2026-08-01,05:00,05:09,QG911,CTV911,CGK,Jakarta Soekarno Hatta International Airport,Citilink,QG,A320,Airbus A320-214,PK-GQD,Departed 05:09,2026-08-02 05:52:03
KNO,departures,2026-08-01,05:30,05:42,ID6885,BTK6885,CGK,Jakarta Soekarno Hatta International Airport,Batik Air,ID,A320,Airbus A320-214,PK-BKQ,Departed 05:42,2026-08-02 05:52:03
KNO,departures,2026-08-01,06:00,05:39,QZ106,AWQ106,PEN,Penang International Airport,AirAsia,AK,A320,Airbus A320-216,PK-AZT,Departed 05:39,2026-08-02 05:52:03
KNO,departures,2026-08-01,06:00,06:00,JT170,,CGK,Jakarta Soekarno Hatta International Airport,Lion Air,JT,738,,,Estimated dep 06:00*,2026-08-02 05:52:03
KNO,departures,2026-08-01,06:00,06:15,ID7264,BTK7264,KUL,Kuala Lumpur International Airport,Batik Air,ID,B738,Boeing 737-8GP,PK-LZZ,Departed 06:15,2026-08-02 05:52:03
KNO,departures,2026-08-01,06:00,06:12,JT209,LNI209,CGK,Jakarta Soekarno Hatta International Airport,Lion Air,JT,B738,Boeing 737-8GP,PK-LOQ,Departed 06:12,2026-08-02 05:52:03
KNO,departures,2026-08-01,06:00,06:10,GA183,GIA183,CGK,Jakarta Soekarno Hatta International Airport,Garuda Indonesia,GA,B738,Boeing 737-8U3,PK-GMM,Departed 06:10,2026-08-02 05:52:03
KNO,departures,2026-08-01,06:10,06:04,QZ124,AWQ124,KUL,Kuala Lumpur International Airport,AirAsia,AK,A320,Airbus A320-214,PK-AZI,Departed 06:04,2026-08-02 05:52:03
KNO,departures,2026-08-01,06:30,,JT970,,BTH,Batam Hang Nadim Airport,Lion Air,JT,738,,,Unknown,2026-08-02 05:52:03
KNO,departures,2026-08-01,06:30,06:42,JT988,LNI988,BTH,Batam Hang Nadim Airport,Lion Air,JT,B738,Boeing 737-8GP,PK-LOP,Departed 06:42,2026-08-02 05:52:03
KNO,departures,2026-08-01,06:55,,OD327,,KUL,Kuala Lumpur International Airport,Batik Air Malaysia,OD,738,,,Canceled,2026-08-02 05:52:03
KNO,departures,2026-08-01,07:00,07:04,IU899,SJV899,CGK,Jakarta Soekarno Hatta International Airport,Super Air Jet,IU,A320,Airbus A320-232,PK-SJZ,Departed 07:04,2026-08-02 05:52:03
KNO,departures,2026-08-01,07:00,07:01,IW1266,WON1266,GNS,Gunung Sitoli Binaka Airport,Wings Air,IW,AT76,ATR 72-600,PK-WJV,Departed 07:01,2026-08-02 05:52:03
KNO,departures,2026-08-01,08:00,,JT201,,CGK,Jakarta Soekarno Hatta International Airport,Lion Air,JT,739,,,Canceled,2026-08-02 05:52:03
KNO,departures,2026-08-01,08:05,09:24,IW1248,WON1248,GNS,Gunung Sitoli Binaka Airport,Wings Air,IW,AT76,ATR 72-600,PK-WHT,Departed 09:24,2026-08-02 05:52:03
KNO,departures,2026-08-01,08:10,08:15,JT134,LNI134,PEN,Penang International Airport,Lion Air,JT,B738,Boeing 737-8GP,PK-LJS,Departed 08:15,2026-08-02 05:52:03
KNO,departures,2026-08-01,08:20,08:31,QG883,CTV883,CGK,Jakarta Soekarno Hatta International Airport,Citilink,QG,A320,Airbus A320-214,PK-GLL,Departed 08:31,2026-08-02 05:52:03
KNO,departures,2026-08-01,08:20,08:26,IU996,SJV996,BTJ,Banda Aceh International Airport,Super Air Jet,IU,A320,Airbus A320-232,PK-SGD,Departed 08:26,2026-08-02 05:52:03
KNO,departures,2026-08-01,08:50,09:08,SQ991,SIA991,SIN,Singapore Changi Airport,Singapore Airlines,SQ,B38M,Boeing 737 MAX 8,9V-MBG,Departed 09:08,2026-08-02 05:52:03
KNO,departures,2026-08-01,09:00,08:49,QZ102,AWQ102,PEN,Penang International Airport,AirAsia,AK,A320,Airbus A320-216,PK-AZT,Departed 08:49,2026-08-02 05:52:03
KNO,departures,2026-08-01,09:20,09:11,QZ120,AWQ120,KUL,Kuala Lumpur International Airport,AirAsia,AK,A320,Airbus A320-214,PK-AZI,Departed 09:11,2026-08-02 05:52:03
KNO,departures,2026-08-01,09:20,09:20,QG11,CTV011,HLP,Jakarta Halim Perdanakusuma Airport,Citilink (Tiket.com Livery),QG,A320,Airbus A320-214,PK-GLW,Departed 09:20,2026-08-02 05:52:03
KNO,departures,2026-08-01,09:20,09:29,IP301,PAS301,CGK,Jakarta Soekarno Hatta International Airport,Pelita Air,IP,A320,Airbus A320-214,PK-PWJ,Departed 09:29,2026-08-02 05:52:03
KNO,departures,2026-08-01,09:35,09:50,QG925,CTV925,BTH,Batam Hang Nadim Airport,Citilink Garuda Indonesia,QG,A320,Airbus A320-214,PK-GQT,Departed 09:50,2026-08-02 05:52:03
KNO,departures,2026-08-01,09:50,09:56,IW1262,WON1262,GNS,Gunung Sitoli Binaka Airport,Wings Air,IW,AT75,ATR 72-500,PK-WFT,Departed 09:56,2026-08-02 05:52:03
KNO,departures,2026-08-01,10:00,10:22,IU833,SJV833,PKU,Pekanbaru Sultan Syarif Kasim II Airport,Super Air Jet,IU,A320,Airbus A320-232,PK-SJU,Departed 10:22,2026-08-02 05:52:03
KNO,departures,2026-08-01,10:00,10:19,ID7010,BTK7010,CGK,Jakarta Soekarno Hatta International Airport,Batik Air,ID,A320,Airbus A320-214,PK-LUH,Departed 10:19,2026-08-02 05:52:03
KNO,departures,2026-08-01,10:15,16:08,QZ108,,PEN,Penang International Airport,AirAsia,AK,A320,Airbus A320-216,PK-AZT,Unknown,2026-08-02 05:52:03
KNO,departures,2026-08-01,10:25,,OD323,,KUL,Kuala Lumpur International Airport,Batik Air Malaysia,OD,738,,,Canceled,2026-08-02 05:52:03
KNO,departures,2026-08-01,10:25,10:13,JT138,LNI138,PEN,Penang International Airport,Lion Air,JT,B739,Boeing 737-9GP(ER),PK-LSH,Departed 10:13,2026-08-02 05:52:03
KNO,departures,2026-08-01,10:25,10:43,GA185,GIA185,CGK,Jakarta Soekarno Hatta International Airport,Garuda Indonesia,GA,B738,Boeing 737-8SH,PK-GUE,Departed 10:43,2026-08-02 05:52:03
KNO,departures,2026-08-01,10:50,11:12,QG913,CTV913,CGK,Jakarta Soekarno Hatta International Airport,Citilink,QG,A320,Airbus A320-214,PK-GLU,Departed 11:12,2026-08-02 05:52:03
KNO,departures,2026-08-01,10:55,10:53,AK390,AXM390,KUL,Kuala Lumpur International Airport,AirAsia,AK,A320,Airbus A320-216,9M-AGP,Departed 10:53,2026-08-02 05:52:03
KNO,departures,2026-08-01,11:00,,JT211,,CGK,Jakarta Soekarno Hatta International Airport,Lion Air,JT,739,,,Unknown,2026-08-02 05:52:03
KNO,departures,2026-08-01,11:10,16:15,IW1244,WON1244,GNS,Gunung Sitoli Binaka Airport,Wings Air,IW,AT76,ATR 72-600,PK-WHF,Departed 16:15,2026-08-02 05:52:03
KNO,departures,2026-08-01,11:30,11:45,IU965,SJV965,PLM,Palembang International Airport,Super Air Jet,IU,A320,Airbus A320-232,PK-SJP,Departed 11:45,2026-08-02 05:52:03
KNO,departures,2026-08-01,11:45,12:19,IW1240,WON1240,LKI,Sinabang Lasikin Airport,Wings Air,IW,AT76,ATR 72-600,PK-WHF,Departed 12:19,2026-08-02 05:52:03
KNO,departures,2026-08-01,11:55,12:06,JT84,LNI084,JED,Jeddah King Abdulaziz International Airport,Lion Air,JT,A333,Airbus A330-343,PK-LEH,Departed 12:06,2026-08-02 05:52:03
KNO,departures,2026-08-01,12:00,12:10,JT303,LNI303,CGK,Jakarta Soekarno Hatta International Airport,Lion Air,JT,B738,Boeing 737-8GP,PK-LJS,Departed 12:10,2026-08-02 05:52:03
KNO,departures,2026-08-01,12:10,12:37,JT972,LNI972,BTH,Batam Hang Nadim Airport,Lion Air,JT,B739,Boeing 737-9GP(ER),PK-LFO,Departed 12:37,2026-08-02 05:52:03
KNO,departures,2026-08-01,12:50,13:10,GA187,GIA187,CGK,Jakarta Soekarno Hatta International Airport,Garuda Indonesia,GA,B738,Boeing 737-8U3,PK-GFD,Departed 13:10,2026-08-02 05:52:03
KNO,departures,2026-08-01,12:55,12:55,QZ128,AWQ128,KUL,Kuala Lumpur International Airport,AirAsia,AK,A320,Airbus A320-216,PK-AZT,Departed 12:55,2026-08-02 05:52:03
KNO,departures,2026-08-01,13:00,14:56,JT385,LNI385,CGK,Jakarta Soekarno Hatta International Airport,Lion Air,JT,B739,Boeing 737-9GP(ER),PK-LSK,Departed 14:56,2026-08-02 05:52:03
KNO,departures,2026-08-01,13:40,14:04,IU863,SJV863,PDG,Padang Minangkabau International Airport,Super Air Jet,IU,A320,Airbus A320-232,PK-SJU,Departed 14:04,2026-08-02 05:52:03
KNO,departures,2026-08-01,13:50,13:58,JT132,LNI132,PEN,Penang International Airport,Lion Air,JT,B739,Boeing 737-9GP(ER),PK-LSH,Departed 13:58,2026-08-02 05:52:03
KNO,departures,2026-08-01,13:55,08:49,QZ102,,PEN,Penang International Airport,AirAsia,AK,A320,Airbus A320-216,PK-AZT,Estimated dep 08:49*,2026-08-02 05:52:03
KNO,departures,2026-08-01,14:10,14:29,QG919,CTV919,CGK,Jakarta Soekarno Hatta International Airport,Citilink,QG,A20N,Airbus A320-251N,PK-GTG,Departed 14:29,2026-08-02 05:52:03
KNO,departures,2026-08-01,14:25,14:53,IU363,SJV363,SUB,Surabaya Juanda International Airport,Super Air Jet,IU,A320,Airbus A320-232,PK-STC,Departed 14:53,2026-08-02 05:52:03
KNO,departures,2026-08-01,14:45,,IW1260,,GNS,Gunung Sitoli Binaka Airport,Wings Air,IW,AT7,,,Unknown,2026-08-02 05:52:03
KNO,departures,2026-08-01,15:00,15:28,AK396,AXM396,KUL,Kuala Lumpur International Airport,AirAsia,AK,A320,Airbus A320-216,9M-RAA,Departed 15:28,2026-08-02 05:52:03
KNO,departures,2026-08-01,15:05,15:26,GA189,GIA189,CGK,Jakarta Soekarno Hatta International Airport,Garuda Indonesia,GA,B738,Boeing 737-8SA,PK-GUI,Departed 15:26,2026-08-02 05:52:03
KNO,departures,2026-08-01,15:15,15:55,ID6883,BTK6883,CGK,Jakarta Soekarno Hatta International Airport,Batik Air,ID,A320,Airbus A320-232,PK-BKO,Departed 15:55,2026-08-02 05:52:03
KNO,departures,2026-08-01,15:35,,IP303,,CGK,Jakarta Soekarno Hatta International Airport,Pelita Air,IP,320,,,Unknown,2026-08-02 05:52:03
KNO,departures,2026-08-01,15:45,15:53,MH865,MAS865,KUL,Kuala Lumpur International Airport,Malaysia Airlines,MH,B738,Boeing 737-8H6,9M-MLU,Departed 15:53,2026-08-02 05:52:03
KNO,departures,2026-08-01,15:50,16:30,ID7260,BTK7260,KUL,Kuala Lumpur International Airport,Batik Air,ID,B738,Boeing 737-8GP,PK-LZZ,Departed 16:30,2026-08-02 05:52:03
KNO,departures,2026-08-01,16:00,16:07,QZ108,AWQ108,PEN,Penang International Airport,AirAsia,AK,A320,Airbus A320-216,PK-AZT,Departed 16:07,2026-08-02 05:52:03
KNO,departures,2026-08-01,16:00,16:04,TR245,TGW245,SIN,Singapore Changi Airport,Scoot,TR,A320,Airbus A320-232,9V-TRV,Departed 16:04,2026-08-02 05:52:03
KNO,departures,2026-08-01,16:10,17:51,JT309,LNI309,CGK,Jakarta Soekarno Hatta International Airport,Lion Air,JT,B739,Boeing 737-9GP(ER),PK-LHP,Departed 17:51,2026-08-02 05:52:03
KNO,departures,2026-08-01,16:30,16:37,QG917,CTV917,CGK,Jakarta Soekarno Hatta International Airport,Citilink (Tiket.com Livery),QG,A320,Airbus A320-214,PK-GLZ,Departed 16:37,2026-08-02 05:52:03
KNO,departures,2026-08-01,16:35,16:57,QG923,CTV923,BTH,Batam Hang Nadim Airport,Citilink Garuda Indonesia,QG,A320,Airbus A320-214,PK-GQT,Departed 16:57,2026-08-02 05:52:03
KNO,departures,2026-08-01,16:40,,JT977,,BTH,Batam Hang Nadim Airport,Lion Air,JT,739,,,Canceled,2026-08-02 05:52:03
KNO,departures,2026-08-01,16:45,16:43,QZ130,AWQ130,KUL,Kuala Lumpur International Airport,AirAsia,AK,A320,Airbus A320-214,PK-AZI,Departed 16:43,2026-08-02 05:52:03
KNO,departures,2026-08-01,17:00,,JT213,,CGK,Jakarta Soekarno Hatta International Airport,Lion Air,JT,739,,,Unknown,2026-08-02 05:52:03
KNO,departures,2026-08-01,17:00,17:10,GA121,GIA121,CGK,Jakarta Soekarno Hatta International Airport,Garuda Indonesia,GA,B738,Boeing 737-8U3,PK-GUG,Departed 17:10,2026-08-02 05:52:03
KNO,departures,2026-08-01,17:20,17:43,JT963,LNI963,YIA,Yogyakarta International Airport,Lion Air,JT,B739,Boeing 737-9GP(ER),PK-LSH,Departed 17:43,2026-08-02 05:52:03
KNO,departures,2026-08-01,17:30,17:49,QG979,CTV979,CGK,Jakarta Soekarno Hatta International Airport,Citilink,QG,A320,Airbus A320-214,PK-GQC,Departed 17:49,2026-08-02 05:52:03
KNO,departures,2026-08-01,17:50,18:22,AK392,AXM392,KUL,Kuala Lumpur International Airport,AirAsia,AK,A320,Airbus A320-216,9M-AJZ,Departed 18:22,2026-08-02 05:52:03
KNO,departures,2026-08-01,18:00,,ID6887,,CGK,Jakarta Soekarno Hatta International Airport,Batik Air,ID,32A,,,Unknown,2026-08-02 05:52:03
KNO,departures,2026-08-01,18:20,19:11,QG887,CTV887,CGK,Jakarta Soekarno Hatta International Airport,Citilink,QG,A20N,Airbus A320-251N,PK-GTF,Departed 19:11,2026-08-02 05:52:03
KNO,departures,2026-08-01,18:20,18:36,IP307,PAS307,CGK,Jakarta Soekarno Hatta International Airport,Pelita Air,IP,A320,Airbus A320-214,PK-PWP,Departed 18:36,2026-08-02 05:52:03
KNO,departures,2026-08-01,18:25,,ID7262,,KUL,Kuala Lumpur International Airport,Batik Air,ID,738,,,Unknown,2026-08-02 05:52:03
KNO,departures,2026-08-01,19:00,21:10,JT383,LNI383,CGK,Jakarta Soekarno Hatta International Airport,Lion Air,JT,B739,Boeing 737-9GP(ER),PK-LSK,Departed 21:10,2026-08-02 05:52:03
KNO,departures,2026-08-01,19:50,20:07,GA193,GIA193,CGK,Jakarta Soekarno Hatta International Airport,Garuda Indonesia,GA,B738,Boeing 737-8H6,PK-GUL,Departed 20:07,2026-08-02 05:52:03
KNO,departures,2026-08-01,20:05,21:27,JT215,LNI215,CGK,Jakarta Soekarno Hatta International Airport,Lion Air,JT,B738,Boeing 737-8GP,PK-LOP,Departed 21:27,2026-08-02 05:52:03
KNO,departures,2026-08-01,20:25,20:40,SQ995,SIA995,SIN,Singapore Changi Airport,Singapore Airlines,SQ,B38M,Boeing 737 MAX 8,9V-MBG,Departed 20:40,2026-08-02 05:52:03
KNO,departures,2026-08-01,21:30,21:45,QG915,CTV915,CGK,Jakarta Soekarno Hatta International Airport,Citilink,QG,A320,Airbus A320-214,PK-GLM,Departed 21:45,2026-08-02 05:52:03
KUL,arrivals,2026-08-01,00:00,23:42,MH2639,MAS2639,BKI,Kota Kinabalu International Airport,Malaysia Airlines,MH,B738,Boeing 737-8H6,9M-MLP,Landed 00:42,2026-08-02 05:57:20
KUL,arrivals,2026-08-01,00:00,00:06,AK5131,AXM5131,BKI,Kota Kinabalu International Airport,AirAsia,AK,A320,Airbus A320-216,9M-RAI,Landed 01:06,2026-08-02 05:57:20
KUL,arrivals,2026-08-01,00:00,00:11,AK123,AXM123,SZX,Shenzhen Bao'an International Airport,AirAsia,AK,A320,Airbus A320-214,9M-AHV,Landed 01:11,2026-08-02 05:57:20
KUL,arrivals,2026-08-01,00:15,,MH6208,,SYD,Sydney Kingsford Smith Airport,Malaysia Airlines,MH,33X,,,Unknown,2026-08-02 05:57:16
KUL,arrivals,2026-08-01,00:15,00:17,PR529,PAL529,MNL,Manila Ninoy Aquino International Airport,Philippine Airlines,PR,A321,Airbus A321-231,RP-C9914,Landed 01:17,2026-08-02 05:57:16
KUL,arrivals,2026-08-01,00:20,00:40,AK375,AXM375,DPS,Denpasar Ngurah Rai International Airport,AirAsia,AK,A20N,Airbus A320-251N,9M-RAJ,Landed 01:40,2026-08-02 05:57:16
KUL,arrivals,2026-08-01,00:30,00:36,CX733,CPA733,HKG,Hong Kong International Airport,Cathay Pacific,CX,A21N,Airbus A321-251NX,B-HPJ,Landed 01:36,2026-08-02 05:57:16
KUL,arrivals,2026-08-01,00:30,,MH6113,,HKG,Hong Kong International Airport,Malaysia Airlines,MH,33X,,,Unknown,2026-08-02 05:57:16
KUL,arrivals,2026-08-01,00:30,01:11,MF857,CXA857,XMN,Xiamen Gaoqi International Airport,Xiamen Air,MF,B738,Boeing 737-85C,B-6483,Landed 02:11,2026-08-02 05:57:16
KUL,arrivals,2026-08-01,00:40,23:56,CZ8025,CSN8025,CGO,Zhengzhou Xinzheng International Airport,China Southern Airlines,CZ,B738,Boeing 737-81B,B-5715,Landed 00:56,2026-08-02 05:57:16
KUL,arrivals,2026-08-01,00:50,,QR8902,,DOH,Doha Hamad International Airport,Qatar Airways,QR,77X,,,Unknown,2026-08-02 05:57:16
KUL,arrivals,2026-08-01,01:00,01:04,MU859,CES859,KMG,Kunming Changshui International Airport,China Eastern Airlines,MU,B738,Boeing 737-89P,B-207X,Landed 02:04,2026-08-02 05:57:16
KUL,arrivals,2026-08-01,01:05,02:18,ZH333,CSZ333,SZX,Shenzhen Bao'an International Airport,Shenzhen Airlines,ZH,A320,Airbus A320-214,B-6377,Landed 03:18,2026-08-02 05:57:16
KUL,arrivals,2026-08-01,01:10,00:46,CZ5049,CSN5049,CSX,Changsha Huanghua International Airport,China Southern Airlines,CZ,A20N,Airbus A320-251N,B-32P2,Landed 01:46,2026-08-02 05:57:16
KUL,arrivals,2026-08-01,01:15,01:01,AK117,AXM117,CAN,Guangzhou Baiyun International Airport,AirAsia,AK,A21N,Airbus A321-251NX,9M-VAD,Landed 02:01,2026-08-02 05:57:16
KUL,arrivals,2026-08-01,01:25,01:43,AK607,AXM607,PER,Perth Airport,AirAsia,AK,A21N,Airbus A321-251NX,9M-VAG,Landed 02:43,2026-08-02 05:57:16
KUL,arrivals,2026-08-01,01:50,01:39,AK585,AXM585,MNL,Manila Ninoy Aquino International Airport,AirAsia,AK,A21N,Airbus A321-251NX,9M-VAC,Landed 02:39,2026-08-02 05:57:16
KUL,arrivals,2026-08-01,02:05,01:22,SC8077,CDG8077,TNA,Jinan Yaoqiang International Airport,Shandong Airlines,SC,B38M,Boeing 737 MAX 8,B-224R,Landed 02:22,2026-08-02 05:57:16
KUL,arrivals,2026-08-01,02:05,01:47,BG386,BBC386,DAC,Dhaka Shahjalal International Airport,Biman Bangladesh Airlines,BG,B738,Boeing 737-83N,S2-AFM,Landed 02:47,2026-08-02 05:57:16
KUL,arrivals,2026-08-01,02:30,01:56,MU2565,CES2565,WUH,Wuhan Tianhe International Airport,China Eastern Airlines,MU,B738,Boeing 737-89P,B-6017,Landed 02:56,2026-08-02 05:57:16
KUL,arrivals,2026-08-01,02:45,03:06,TK175,THY175,SYD,Sydney Kingsford Smith Airport,Turkish Airlines,TK,A359,Airbus A350-941,TC-LGT,Landed 04:06,2026-08-02 05:57:16
KUL,arrivals,2026-08-01,03:05,02:58,OD298,MXD298,CMB,Colombo Bandaranaike International Airport,Batik Air,ID,B38M,Boeing 737 MAX 8,9M-LRJ,Landed 03:58,2026-08-02 05:57:16
KUL,arrivals,2026-08-01,03:15,02:43,MH805,MAS805,MNL,Manila Ninoy Aquino International Airport,Malaysia Airlines,MH,B38M,Boeing 737 MAX 8,9M-MVD,Landed 03:43,2026-08-02 05:57:16
KUL,arrivals,2026-08-01,03:20,03:16,OD181,MXD181,KTM,Kathmandu Tribhuvan International Airport,Batik Air,ID,B38M,Boeing 737 MAX 8,9M-LRW,Landed 04:16,2026-08-02 05:57:16
KUL,arrivals,2026-08-01,03:20,03:01,D7353,XAX353,CSX,Changsha Huanghua International Airport,AirAsia,AK,A333,Airbus A330-343,9M-XXJ,Landed 04:01,2026-08-02 05:57:16
KUL,arrivals,2026-08-01,03:30,03:37,OD693,MXD693,CGO,Zhengzhou Xinzheng International Airport,Batik Air,ID,B38M,Boeing 737 MAX 8,9M-LRK,Landed 04:37,2026-08-02 05:57:16
KUL,arrivals,2026-08-01,03:30,02:47,MH71,MAS71,NRT,Tokyo Narita International Airport,Malaysia Airlines (Oneworld Livery),MH,A333,Airbus A330-323,9M-MTE,Landed 03:47,2026-08-02 05:57:16
KUL,arrivals,2026-08-01,03:40,04:09,OD165,MXD165,DAC,Dhaka Shahjalal International Airport,Batik Air (Visit Malaysia Truly Asia 2026 Livery),ID,B38M,Boeing 737 MAX 8,9M-LRL,Landed 05:09,2026-08-02 05:57:16
KUL,arrivals,2026-08-01,03:45,04:06,6E1031,IGO1031,MAA,Chennai International Airport,IndiGo,6E,A20N,Airbus A320-251N,VT-IPL,Landed 05:06,2026-08-02 05:57:16
KUL,arrivals,2026-08-01,03:45,03:31,OD224,MXD224,TRZ,Tiruchirappalli International Airport,Batik Air,ID,B738,Boeing 737-8GP,9M-LNV,Landed 04:31,2026-08-02 05:57:16
KUL,arrivals,2026-08-01,04:00,03:53,D7379,XAX379,TPE,Taipei Taoyuan International Airport,AirAsia,AK,A333,Airbus A330-343,9M-XXK,Landed 04:53,2026-08-02 05:57:16
KUL,arrivals,2026-08-01,04:05,07:09,OD194,MXD194,PER,Perth Airport,Batik Air,ID,B738,Boeing 737-8U3,9M-LCW,Landed 08:09,2026-08-02 05:57:16
KUL,arrivals,2026-08-01,04:05,03:54,AK46,AXM46,CMB,Colombo Bandaranaike International Airport,AirAsia (BIG Duty Free Livery),AK,A320,Airbus A320-214,9M-AHY,Landed 04:54,2026-08-02 05:57:16
KUL,arrivals,2026-08-01,04:10,03:50,AK151,AXM151,WUH,Wuhan Tianhe International Airport,AirAsia,AK,A20N,Airbus A320-251N,9M-AGS,Landed 04:50,2026-08-02 05:57:16
KUL,arrivals,2026-08-01,04:10,03:45,MH140,MAS140,SYD,Sydney Kingsford Smith Airport,Malaysia Airlines,MH,A333,Airbus A330-323,9M-MTH,Landed 04:45,2026-08-02 05:57:16
KUL,arrivals,2026-08-01,04:10,03:45,AK70,AXM70,DAC,Dhaka Shahjalal International Airport,AirAsia,AK,A21N,Airbus A321-251NX,9M-VAB,Landed 04:45,2026-08-02 05:57:16
KUL,arrivals,2026-08-01,04:10,03:42,AK22,AXM22,TRZ,Tiruchirappalli International Airport,AirAsia,AK,A20N,Airbus A320-251N,9M-AGL,Landed 04:42,2026-08-02 05:57:16
KUL,arrivals,2026-08-01,04:20,04:02,AK66,AXM66,HYD,Hyderabad Rajiv Gandhi International Airport,AirAsia (Find Yourself in Malaysia Livery),AK,A20N,Airbus A320-251N,9M-AGV,Landed 05:02,2026-08-02 05:57:16
KUL,arrivals,2026-08-01,04:30,04:09,AK38,AXM38,COK,Cochin International Airport,AirAsia,AK,A20N,Airbus A320-251N,9M-RAM,Landed 05:09,2026-08-02 05:57:16
KUL,arrivals,2026-08-01,04:35,04:20,AK64,AXM64,CCU,Kolkata Subhas Chandra Bose International Airport,AirAsia (Visit Truly Asia Malaysia 2020 Stickers),AK,A20N,Airbus A320-251N,9M-RAR,Landed 05:20,2026-08-02 05:57:16
KUL,arrivals,2026-08-01,04:40,04:11,MH115,MAS115,KTM,Kathmandu Tribhuvan International Airport,Malaysia Airlines,MH,B38M,Boeing 737 MAX 8,9M-MVO,Landed 05:11,2026-08-02 05:57:16
KUL,arrivals,2026-08-01,04:45,04:48,MH39,MAS039,ICN,Seoul Incheon International Airport,Malaysia Airlines (Malaysia Negaraku Livery),MH,A332,Airbus A330-223,9M-MTY,Landed 05:48,2026-08-02 05:57:16
KUL,arrivals,2026-08-01,04:45,05:13,AK119,AXM119,CAN,Guangzhou Baiyun International Airport,AirAsia,AK,A21N,Airbus A321-251NX,9M-VAH,Landed 06:13,2026-08-02 05:57:16
KUL,arrivals,2026-08-01,04:50,04:19,AI2386,AIC2386,DEL,Delhi Indira Gandhi International Airport,Air India,AI,A20N,Airbus A320-251N,VT-RTU,Landed 05:19,2026-08-02 05:57:16
KUL,arrivals,2026-08-01,05:00,05:49,OD206,MXD206,DEL,Delhi Indira Gandhi International Airport,Batik Air,ID,B738,Boeing 737-8U3,9M-LDG,Landed 06:49,2026-08-02 05:57:16
KUL,arrivals,2026-08-01,05:00,04:15,NH885,ANA885,HND,Tokyo Haneda International Airport,All Nippon Airways,NH,B788,Boeing 787-8 Dreamliner,JA835A,Landed 05:15,2026-08-02 05:57:16
KUL,arrivals,2026-08-01,05:00,03:58,MU7707,CES7707,NKG,Nanjing Lukou International Airport,China Eastern Airlines,MU,A20N,Airbus A320-251N,B-302H,Landed 04:58,2026-08-02 05:57:16
KUL,arrivals,2026-08-01,05:00,04:41,MH128,MAS128,MEL,Melbourne Airport,Malaysia Airlines,MH,A339,Airbus A330-941,9M-MNP,Landed 05:41,2026-08-02 05:57:16
KUL,arrivals,2026-08-01,05:05,04:51,FM863,CSH863,PVG,Shanghai Pudong International Airport,Shanghai Airlines,FM,B38M,Boeing 737 MAX 8,B-225G,Landed 05:51,2026-08-02 05:57:16
KUL,arrivals,2026-08-01,05:10,04:22,MH527,MAS527,TFU,Chengdu Tianfu International Airport,Malaysia Airlines,MH,B38M,Boeing 737 MAX 8,9M-MVF,Landed 05:22,2026-08-02 05:57:16
KUL,arrivals,2026-08-01,05:10,04:58,MH21,MAS21,CDG,Paris Charles de Gaulle Airport,Malaysia Airlines,MH,A359,Airbus A350-941,9M-MAB,Landed 05:58,2026-08-02 05:57:16
KUL,arrivals,2026-08-01,05:10,05:10,AK52,AXM52,BLR,Bengaluru Kempegowda International Airport,AirAsia,AK,A20N,Airbus A320-251N,9M-AGJ,Landed 06:10,2026-08-02 05:57:16
KUL,arrivals,2026-08-01,05:15,04:55,D7523,XAX523,HND,Tokyo Haneda International Airport,AirAsia,AK,A333,Airbus A330-343,9M-XBG,Landed 05:55,2026-08-02 05:57:16
KUL,arrivals,2026-08-01,05:20,05:25,MH178,MAS178,CMB,Colombo Bandaranaike International Airport,Malaysia Airlines,MH,B738,Boeing 737-8H6,9M-MXL,Landed 06:25,2026-08-02 05:57:16
KUL,arrivals,2026-08-01,05:20,04:51,AK12,AXM12,MAA,Chennai International Airport,AirAsia,AK,A20N,Airbus A320-251N,9M-AGQ,Landed 05:51,2026-08-02 05:57:16
KUL,arrivals,2026-08-01,05:30,05:08,MH181,MAS181,MAA,Chennai International Airport,Malaysia Airlines,MH,B38M,Boeing 737 MAX 8,9M-MVC,Landed 06:08,2026-08-02 05:57:16
KUL,arrivals,2026-08-01,05:35,05:16,OD671,MXD671,KMG,Kunming Changshui International Airport,Batik Air,ID,B38M,Boeing 737 MAX 8,9M-LRD,Landed 06:16,2026-08-02 05:57:16
KUL,arrivals,2026-08-01,05:45,05:52,MH523,MAS523,SZX,Shenzhen Bao'an International Airport,Malaysia Airlines,MH,B38M,Boeing 737 MAX 8,9M-MVI,Landed 06:52,2026-08-02 05:57:16
KUL,arrivals,2026-08-01,05:45,05:44,MH107,MAS107,AMD,Ahmedabad International Airport,Malaysia Airlines,MH,B38M,Boeing 737 MAX 8,9M-MVH,Landed 06:44,2026-08-02 05:57:16
KUL,arrivals,2026-08-01,05:50,05:54,OD643,MXD643,CSX,Changsha Huanghua International Airport,Batik Air,ID,B38M,Boeing 737 MAX 8,9M-LRT,Landed 06:54,2026-08-02 05:57:16
KUL,arrivals,2026-08-01,05:50,06:14,MH521,MAS521,CSX,Changsha Huanghua International Airport,Malaysia Airlines,MH,B38M,Boeing 737 MAX 8,9M-MVE,Landed 07:14,2026-08-02 05:57:16
KUL,arrivals,2026-08-01,05:50,05:39,MH486,MAS486,MLE,Male Velana International Airport,Malaysia Airlines,MH,B38M,Boeing 737 MAX 8,9M-MVL,Landed 06:39,2026-08-02 05:57:16
KUL,arrivals,2026-08-01,05:55,05:35,MH1137,MAS1137,PEN,Penang International Airport,Malaysia Airlines,MH,B738,Boeing 737-8H6,9M-MLU,Landed 06:35,2026-08-02 05:57:16
KUL,arrivals,2026-08-01,05:55,05:42,MH191,MAS191,DEL,Delhi Indira Gandhi International Airport,Malaysia Airlines (Malayan Tiger Livery),MH,A333,Airbus A330-323,9M-MTG,Landed 06:42,2026-08-02 05:57:16
KUL,arrivals,2026-08-01,06:00,06:39,OD161,MXD161,DAC,Dhaka Shahjalal International Airport,Batik Air,ID,A333,Airbus A330-343,9M-LFJ,Landed 07:39,2026-08-02 05:57:16
KUL,arrivals,2026-08-01,06:00,05:34,AK6115,AXM6115,PEN,Penang International Airport,AirAsia,AK,A320,Airbus A320-216,9M-AQA,Landed 06:34,2026-08-02 05:57:16
KUL,arrivals,2026-08-01,06:00,07:13,OD216,MXD216,BOM,Mumbai Chhatrapati Shivaji International Airport,Batik Air,ID,B738,Boeing 737-86N,9M-LDT,Landed 08:13,2026-08-02 05:57:16
KUL,arrivals,2026-08-01,06:00,05:37,AK68,AXM68,HYD,Hyderabad Rajiv Gandhi International Airport,AirAsia,AK,A20N,Airbus A320-251N,9M-AGO,Landed 06:37,2026-08-02 05:57:16
KUL,arrivals,2026-08-01,06:05,07:04,AK8,AXM8,TRV,Thiruvananthapuram International Airport,AirAsia,AK,A20N,Airbus A320-251N,9M-AGG,Landed 08:04,2026-08-02 05:57:16
KUL,arrivals,2026-08-01,06:10,06:11,MH109,MAS109,COK,Cochin International Airport,Malaysia Airlines,MH,B38M,Boeing 737 MAX 8,9M-MVA,Landed 07:11,2026-08-02 05:57:16
KUL,arrivals,2026-08-01,06:15,05:58,OD613,MXD613,CAN,Guangzhou Baiyun International Airport,Batik Air,ID,B38M,Boeing 737 MAX 8,9M-LRU,Landed 06:58,2026-08-02 05:57:16
KUL,arrivals,2026-08-01,06:15,06:01,MH185,MAS185,CCU,Kolkata Subhas Chandra Bose International Airport,Malaysia Airlines,MH,B38M,Boeing 737 MAX 8,9M-MVM,Landed 07:01,2026-08-02 05:57:16
KUL,arrivals,2026-08-01,06:15,06:57,D7347,XAX347,XIY,Xi'an Xianyang International Airport,AirAsia,AK,A333,Airbus A330-343,9M-XXZ,Landed 07:57,2026-08-02 05:57:16
KUL,arrivals,2026-08-01,06:15,06:14,D7331,XAX331,PVG,Shanghai Pudong International Airport,AirAsia,AK,A333,Airbus A330-343,9M-XXQ,Landed 07:14,2026-08-02 05:57:16
KUL,arrivals,2026-08-01,06:15,06:59,OD132,MXD132,LHE,Lahore Allama Iqbal International Airport,Batik Air,ID,A333,Airbus A330-343,9M-LFC,Landed 07:59,2026-08-02 05:57:16
KUL,arrivals,2026-08-01,06:15,05:32,MH3,MAS3,LHR,London Heathrow Airport,Malaysia Airlines (Malaysia Negaraku Livery),MH,A359,Airbus A350-941,9M-MAC,Landed 06:32,2026-08-02 05:57:16
KUL,arrivals,2026-08-01,06:20,06:06,UL318,ALK318,CMB,Colombo Bandaranaike International Airport,SriLankan Airlines,UL,A20N,Airbus A320-251N,4R-ANB,Landed 07:06,2026-08-02 05:57:16
KUL,arrivals,2026-08-01,06:20,06:04,MH199,MAS199,HYD,Hyderabad Rajiv Gandhi International Airport,Malaysia Airlines,MH,B38M,Boeing 737 MAX 8,9M-MVB,Landed 07:04,2026-08-02 05:57:16
KUL,arrivals,2026-08-01,06:20,07:45,AK129,AXM129,SZX,Shenzhen Bao'an International Airport,AirAsia,AK,A320,Airbus A320-214,9M-DAE,Landed 08:45,2026-08-02 05:57:16
KUL,arrivals,2026-08-01,06:25,06:08,MH726,MAS726,CGK,Jakarta Soekarno Hatta International Airport,Malaysia Airlines,MH,B738,Boeing 737-8H6,9M-MXO,Landed 07:08,2026-08-02 05:57:16
KUL,arrivals,2026-08-01,06:25,07:47,MH195,MAS195,BOM,Mumbai Chhatrapati Shivaji International Airport,Malaysia Airlines,MH,A333,Airbus A330-323,9M-MTN,Landed 08:47,2026-08-02 05:57:16
KUL,arrivals,2026-08-01,06:30,06:17,MH2547,MAS2547,KCH,Kuching International Airport,Malaysia Airlines (Malaysia Negaraku Livery),MH,B738,Boeing 737-8H6,9M-MXF,Landed 07:17,2026-08-02 05:57:16
KUL,arrivals,2026-08-01,06:30,06:27,MH193,MAS193,BLR,Bengaluru Kempegowda International Airport,Malaysia Airlines,MH,B38M,Boeing 737 MAX 8,9M-MVK,Landed 07:27,2026-08-02 05:57:16
KUL,arrivals,2026-08-01,06:35,06:20,MH1034,MAS1034,JHB,Johor Bahru Senai International Airport,Malaysia Airlines,MH,B738,Boeing 737-8H6,9M-MXQ,Landed 07:20,2026-08-02 05:57:16
KUL,arrivals,2026-08-01,06:35,06:04,D7183,XAX183,DEL,Delhi Indira Gandhi International Airport,AirAsia (UFC Livery),AK,A333,Airbus A330-343,9M-XXD,Landed 07:04,2026-08-02 05:57:16
KUL,arrivals,2026-08-01,06:40,07:59,OD232,MXD232,COK,Cochin International Airport,Batik Air,ID,B738,Boeing 737-8GP,9M-LNP,Landed 08:59,2026-08-02 05:57:16
KUL,arrivals,2026-08-01,06:45,07:28,MH387,MAS387,PVG,Shanghai Pudong International Airport,Malaysia Airlines,MH,A333,Airbus A330-323,9M-MTB,Landed 08:28,2026-08-02 05:57:16
KUL,arrivals,2026-08-01,06:55,06:51,QR844,QTR90C,DOH,Doha Hamad International Airport,Qatar Airways,QR,B77W,Boeing 777-3DZ(ER),A7-BAE,Landed 07:51,2026-08-02 05:57:16
KUL,arrivals,2026-08-01,07:00,06:33,MH2637,MAS2637,BKI,Kota Kinabalu International Airport,Malaysia Airlines,MH,B738,Boeing 737-8H6,9M-MXB,Landed 07:33,2026-08-02 05:57:16
KUL,arrivals,2026-08-01,07:00,06:44,MH197,MAS197,DAC,Dhaka Shahjalal International Airport,Malaysia Airlines,MH,B38M,Boeing 737 MAX 8,9M-MVJ,Landed 07:44,2026-08-02 05:57:16
KUL,arrivals,2026-08-01,07:00,06:48,MH126,MAS126,PER,Perth Airport,Malaysia Airlines,MH,A339,Airbus A330-941,9M-MNO,Landed 07:48,2026-08-02 05:57:16
KUL,arrivals,2026-08-01,07:05,06:54,QZ200,AWQ200,CGK,Jakarta Soekarno Hatta International Airport,AirAsia,AK,A320,Airbus A320-216,PK-AZO,Landed 07:54,2026-08-02 05:57:16
KUL,arrivals,2026-08-01,07:05,07:02,AK6052,AXM6052,JHB,Johor Bahru Senai International Airport,AirAsia (Watsons Livery),AK,A320,Airbus A320-214,9M-AHX,Landed 08:02,2026-08-02 05:57:16
KUL,arrivals,2026-08-01,07:05,06:39,AK6145,AXM6145,PEN,Penang International Airport,AirAsia (WeAreAllChampions Livery),AK,A320,Airbus A320-216,9M-AQF,Landed 07:39,2026-08-02 05:57:16
KUL,arrivals,2026-08-01,07:10,06:53,SQ104,SIA104,SIN,Singapore Changi Airport,Singapore Airlines,SQ,B38M,Boeing 737 MAX 8,9V-MBJ,Landed 07:53,2026-08-02 05:57:16
KUL,arrivals,2026-08-01,07:10,06:43,QZ124,AWQ124,KNO,Medan Kuala Namu International Airport,AirAsia,AK,A320,Airbus A320-214,PK-AZI,Landed 07:43,2026-08-02 05:57:16
KUL,arrivals,2026-08-01,07:10,07:02,ID7264,BTK7264,KNO,Medan Kuala Namu International Airport,Batik Air,ID,B738,Boeing 737-8GP,PK-LZZ,Landed 08:02,2026-08-02 05:57:16
KUL,arrivals,2026-08-01,07:10,16:09,WY821,OMA821,MCT,Muscat International Airport,Oman Air,WY,B789,Boeing 787-9 Dreamliner,A4O-SI,Landed 17:09,2026-08-02 05:57:16
KUL,arrivals,2026-08-01,07:10,07:07,TK62,THY45M,IST,Istanbul Airport,Turkish Airlines,TK,A359,Airbus A350-941,TC-LGR,Landed 08:07,2026-08-02 05:57:16
KUL,arrivals,2026-08-01,07:15,,MH6179,,CAN,Guangzhou Baiyun International Airport,Malaysia Airlines,MH,33X,,,Unknown,2026-08-02 05:57:16
KUL,arrivals,2026-08-01,07:20,06:56,8B675,TNU675,CGK,Jakarta Soekarno Hatta International Airport,TransNusa,8B,A321,Airbus A321-211,PK-TLG,Landed 07:56,2026-08-02 05:57:16
KUL,arrivals,2026-08-01,07:25,08:07,EY488,ETD73G,AUH,Abu Dhabi Zayed International Airport,Etihad Airways,EY,B789,Boeing 787-9 Dreamliner,A6-BLX,Landed 09:07,2026-08-02 05:57:16
KUL,arrivals,2026-08-01,07:30,07:04,OD397,MXD397,CGK,Jakarta Soekarno Hatta International Airport,Batik Air,ID,B738,Boeing 737-8GP,9M-LNY,Landed 08:04,2026-08-02 05:57:16
KUL,arrivals,2026-08-01,07:35,07:42,EK344,UAE65T,DXB,Dubai International Airport,Emirates,EK,B77W,Boeing 777-31H(ER),A6-EGO,Landed 08:42,2026-08-02 05:57:13
KUL,arrivals,2026-08-01,07:40,07:32,QZ320,AWQ320,SUB,Surabaya Juanda International Airport,AirAsia (Colours of Indonesia Livery),AK,A320,Airbus A320-216,PK-AXD,Landed 08:32,2026-08-02 05:57:13
KUL,arrivals,2026-08-01,07:40,07:23,MH2505,MAS2505,KCH,Kuching International Airport,Malaysia Airlines,MH,B738,Boeing 737-8H6,9M-MLS,Landed 08:23,2026-08-02 05:57:13
KUL,arrivals,2026-08-01,07:45,07:31,MH1133,MAS1133,PEN,Penang International Airport,Malaysia Airlines (Oneworld Livery),MH,B738,Boeing 737-8H6,9M-MXC,Landed 08:31,2026-08-02 05:57:13
KUL,arrivals,2026-08-01,07:45,07:41,D7605,XAX605,SAW,Istanbul Sabiha Gokcen International Airport,AirAsia,AK,A333,Airbus A330-343,9M-XXE,Landed 08:41,2026-08-02 05:57:13
KUL,arrivals,2026-08-01,07:50,07:12,AK5231,AXM5231,KCH,Kuching International Airport,AirAsia (Save Our Malayan Tiger Livery),AK,A320,Airbus A320-216,9M-AQZ,Landed 08:12,2026-08-02 05:57:13
KUL,arrivals,2026-08-01,08:00,07:38,MY5003,BNE5003,KCH,Kuching International Airport,AirBorneo,MY,B738,Boeing 737-8U3,9M-LCZ,Landed 08:38,2026-08-02 05:57:13
KUL,arrivals,2026-08-01,08:00,08:16,AK700,AXM700,SIN,Singapore Changi Airport,AirAsia,AK,A21N,Airbus A321-251NX,9M-VAD,Landed 09:16,2026-08-02 05:57:13
KUL,arrivals,2026-08-01,08:05,,OD327,,KNO,Medan Kuala Namu International Airport,Batik Air Malaysia,OD,738,,,Canceled,2026-08-02 05:57:13
KUL,arrivals,2026-08-01,08:10,07:50,MH797,MAS797,BKK,Bangkok Suvarnabhumi Airport,Malaysia Airlines,MH,B738,Boeing 737-8H6,9M-MSB,Landed 08:50,2026-08-02 05:57:13
KUL,arrivals,2026-08-01,08:10,08:10,AK6123,AXM6123,PEN,Penang International Airport,AirAsia,AK,A320,Airbus A320-216,9M-AJZ,Landed 09:10,2026-08-02 05:57:13
KUL,arrivals,2026-08-01,08:10,07:54,FY2952,FFM2952,PEN,Penang International Airport,Firefly,FY,B738,Boeing 737-8FZ,9M-MLG,Landed 08:54,2026-08-02 05:57:13
KUL,arrivals,2026-08-01,08:10,08:18,G9800,ABY800,SHJ,Sharjah International Airport,Air Arabia,G9,A21N,Airbus A321-251NX(LR),A6-ATC,Landed 09:18,2026-08-02 05:57:13
KUL,arrivals,2026-08-01,08:25,08:13,AK6049,AXM6049,JHB,Johor Bahru Senai International Airport,AirAsia,AK,A320,Airbus A320-216,9M-RAI,Landed 09:13,2026-08-02 05:57:13
KUL,arrivals,2026-08-01,08:30,08:15,MH1205,MAS1205,AOR,Alor Setar Sultan Abdul Halim Airport,Malaysia Airlines,MH,B738,Boeing 737-8H6,9M-MXG,Landed 09:15,2026-08-02 05:57:13
KUL,arrivals,2026-08-01,08:35,08:23,SQ106,SIA106,SIN,Singapore Changi Airport,Singapore Airlines,SQ,A359,Airbus A350-941,9V-SMR,Landed 09:23,2026-08-02 05:57:13
KUL,arrivals,2026-08-01,08:35,08:22,AK5111,AXM5111,BKI,Kota Kinabalu International Airport,AirAsia,AK,A320,Airbus A320-216,9M-RAT,Landed 09:22,2026-08-02 05:57:13
KUL,arrivals,2026-08-01,08:40,08:25,AK6225,AXM6225,TGG,Kuala Terengganu Sultan Mahmud Airport,AirAsia,AK,A320,Airbus A320-214,9M-RCG,Landed 09:25,2026-08-02 05:57:13
KUL,arrivals,2026-08-01,08:45,08:18,AK432,AXM432,PKU,Pekanbaru Sultan Syarif Kasim II Airport,AirAsia (Sarawak Livery),AK,A320,Airbus A320-216,9M-AJD,Landed 09:18,2026-08-02 05:57:13
KUL,arrivals,2026-08-01,08:50,08:37,AK6431,AXM6431,KBR,Kota Bharu Sultan Ismail Petra Airport,AirAsia,AK,A320,Airbus A320-216,9M-AGP,Landed 09:37,2026-08-02 05:57:13
KUL,arrivals,2026-08-01,08:50,08:30,AK6021,AXM6021,AOR,Alor Setar Sultan Abdul Halim Airport,AirAsia,AK,A320,Airbus A320-214,9M-RCB,Landed 09:30,2026-08-02 05:57:13
KUL,arrivals,2026-08-01,08:55,08:32,OD2101,MXD2101,PEN,Penang International Airport,Batik Air,ID,B738,Boeing 737-8GP,9M-LDC,Landed 09:32,2026-08-02 05:57:13
KUL,arrivals,2026-08-01,09:00,08:28,AK5205,AXM5205,KCH,Kuching International Airport,AirAsia,AK,A320,Airbus A320-216,9M-AGM,Landed 09:28,2026-08-02 05:57:13
KUL,arrivals,2026-08-01,09:05,08:53,AK402,AXM402,PDG,Padang Minangkabau International Airport,AirAsia,AK,A320,Airbus A320-216,9M-DAG,Landed 09:53,2026-08-02 05:57:13
KUL,arrivals,2026-08-01,09:15,09:15,SQ108,SIA108,SIN,Singapore Changi Airport,Singapore Airlines,SQ,B38M,Boeing 737 MAX 8,9V-MBI,Landed 10:15,2026-08-02 05:57:13
KUL,arrivals,2026-08-01,09:25,09:01,KT163,KTC163,KTI,Phnom Penh Techo International Airport,AirAsia,AK,A320,Airbus A320-214,XU-819,Landed 10:01,2026-08-02 05:57:13
KUL,arrivals,2026-08-01,09:25,09:24,AK702,AXM702,SIN,Singapore Changi Airport,AirAsia,AK,A320,Airbus A320-214,9M-AHV,Landed 10:24,2026-08-02 05:57:13
KUL,arrivals,2026-08-01,09:35,,MH805,,MNL,Manila Ninoy Aquino International Airport,Malaysia Airlines,MH,B38M,Boeing 737 MAX 8,9M-MVD,Unknown,2026-08-02 05:57:13
KUL,arrivals,2026-08-01,09:35,09:27,TR450,TGW450,SIN,Singapore Changi Airport,Scoot,TR,A320,Airbus A320-232,9V-TRO,Landed 10:27,2026-08-02 05:57:13
KUL,arrivals,2026-08-01,09:35,09:21,OD1007,MXD1007,BKI,Kota Kinabalu International Airport,Batik Air,ID,B738,Boeing 737-8GP,9M-LNR,Landed 10:21,2026-08-02 05:57:13
KUL,arrivals,2026-08-01,09:35,09:34,MH709,MAS709,MNL,Manila Ninoy Aquino International Airport,Malaysia Airlines,MH,B738,Boeing 737-8H6,9M-MXW,Landed 10:34,2026-08-02 05:57:13
KUL,arrivals,2026-08-01,09:40,09:43,AK5247,AXM5247,BTU,Bintulu Airport,AirAsia,AK,A320,Airbus A320-216,9M-RAE,Landed 10:43,2026-08-02 05:57:13
KUL,arrivals,2026-08-01,09:45,09:30,QZ324,AWQ324,SUB,Surabaya Juanda International Airport,AirAsia,AK,A320,Airbus A320-214,PK-AZJ,Landed 10:30,2026-08-02 05:57:13
KUL,arrivals,2026-08-01,09:50,09:29,MH1327,MAS1327,TGG,Kuala Terengganu Sultan Mahmud Airport,Malaysia Airlines,MH,B738,Boeing 737-8FZ,9M-MLK,Landed 10:29,2026-08-02 05:57:13
KUL,arrivals,2026-08-01,09:55,09:37,MH1143,MAS1143,PEN,Penang International Airport,Malaysia Airlines,MH,B738,Boeing 737-8FZ,9M-FFF,Landed 10:37,2026-08-02 05:57:13
KUL,arrivals,2026-08-01,09:55,09:39,AK471,AXM471,BTH,Batam Hang Nadim Airport,AirAsia,AK,A320,Airbus A320-214,9M-AJG,Landed 10:39,2026-08-02 05:57:13
KUL,arrivals,2026-08-01,09:55,09:35,AK5877,AXM5877,SBW,Sibu Airport,AirAsia (HYROX Livery),AK,A320,Airbus A320-216,9M-AHR,Landed 10:35,2026-08-02 05:57:13
KUL,arrivals,2026-08-01,10:00,09:53,AK422,AXM422,BTJ,Banda Aceh International Airport,AirAsia,AK,A320,Airbus A320-216,9M-AHT,Landed 10:53,2026-08-02 05:57:13
KUL,arrivals,2026-08-01,10:00,09:10,OD752,MXD752,TAS,Tashkent International Airport,Batik Air,ID,A333,Airbus A330-343,9M-LFD,Landed 10:10,2026-08-02 05:57:13
KUL,arrivals,2026-08-01,10:05,09:55,OD2303,MXD2303,KBR,Kota Bharu Sultan Ismail Petra Airport,Batik Air,ID,B38M,Boeing 737 MAX 8,9M-LRJ,Landed 10:55,2026-08-02 05:57:13
KUL,arrivals,2026-08-01,10:05,10:00,8M501,MMA501,RGN,Yangon International Airport,Myanmar Airways International,8M,A319,Airbus A319-115,XY-ALK,Landed 11:00,2026-08-02 05:57:13
KUL,arrivals,2026-08-01,10:10,09:57,PR525,PAL525,MNL,Manila Ninoy Aquino International Airport,Philippine Airlines,PR,A21N,Airbus A321-271N,RP-C9930,Landed 10:57,2026-08-02 05:57:13
KUL,arrivals,2026-08-01,10:10,10:03,MH1385,MAS1385,KBR,Kota Bharu Sultan Ismail Petra Airport,Malaysia Airlines,MH,B738,Boeing 737-8H6,9M-MLM,Landed 11:03,2026-08-02 05:57:13
KUL,arrivals,2026-08-01,10:10,09:52,MH604,MAS604,SIN,Singapore Changi Airport,Malaysia Airlines,MH,B38M,Boeing 737 MAX 8,9M-MVG,Landed 10:52,2026-08-02 05:57:13
KUL,arrivals,2026-08-01,10:10,10:03,AK6307,AXM6307,LGK,Langkawi International Airport,AirAsia,AK,A20N,Airbus A320-251N,9M-AGL,Landed 11:03,2026-08-02 05:57:13
KUL,arrivals,2026-08-01,10:10,10:01,AK819,AXM819,HKT,Phuket International Airport,AirAsia,AK,A320,Airbus A320-216,9M-AGY,Landed 11:01,2026-08-02 05:57:13
KUL,arrivals,2026-08-01,10:15,,8G921,,DIL,Dili Presidente Nicolau Lobato International Airport,Aero Dili,8G,A319,Airbus A319-115,4W-AAO,Unknown,2026-08-02 05:57:13
KUL,arrivals,2026-08-01,10:15,10:21,8G921,DTL921,DIL,Dili Presidente Nicolau Lobato International Airport,Aero Dili,8G,A319,Airbus A319-115,4W-AAO,Landed 11:21,2026-08-02 05:57:13
KUL,arrivals,2026-08-01,10:15,09:56,AK5203,AXM5203,KCH,Kuching International Airport,AirAsia,AK,A320,Airbus A320-216,9M-RAC,Landed 10:56,2026-08-02 05:57:13
KUL,arrivals,2026-08-01,10:15,09:48,AK891,AXM891,DMK,Bangkok Don Mueang International Airport,AirAsia,AK,A320,Airbus A320-216,9M-AQP,Landed 10:48,2026-08-02 05:57:13
KUL,arrivals,2026-08-01,10:20,09:58,QZ120,AWQ120,KNO,Medan Kuala Namu International Airport,AirAsia,AK,A320,Airbus A320-214,PK-AZI,Landed 10:58,2026-08-02 05:57:13
KUL,arrivals,2026-08-01,10:20,10:29,OD802,MXD802,SIN,Singapore Changi Airport,Batik Air,ID,B738,Boeing 737-8GP,9M-LDD,Landed 11:29,2026-08-02 05:57:13
KUL,arrivals,2026-08-01,10:20,10:01,BI871,RBA871,BWN,Brunei International Airport,Royal Brunei Airlines (50th Anniversary sticker),BI,A20N,Airbus A320-251N,V8-RBE,Landed 11:01,2026-08-02 05:57:13
KUL,arrivals,2026-08-01,10:20,10:06,SV828,SVA828,RUH,Riyadh King Khalid International Airport,Saudia,SV,B77W,Boeing 777-368(ER),HZ-AK23,Landed 11:06,2026-08-02 05:57:13
KUL,arrivals,2026-08-01,10:25,12:02,OD337,MXD337,PKU,Pekanbaru Sultan Syarif Kasim II Airport,Batik Air,ID,B738,Boeing 737-8GP,9M-LNQ,Landed 13:02,2026-08-02 05:57:13
KUL,arrivals,2026-08-01,10:25,10:12,AK704,AXM704,SIN,Singapore Changi Airport,AirAsia,AK,A21N,Airbus A321-251NX,9M-VAC,Landed 11:12,2026-08-02 05:57:13
KUL,arrivals,2026-08-01,10:30,10:38,AK5109,AXM5109,BKI,Kota Kinabalu International Airport,AirAsia (General Electric Livery),AK,A320,Airbus A320-216,9M-AQB,Landed 11:38,2026-08-02 05:57:13
KUL,arrivals,2026-08-01,10:35,10:16,AK6041,AXM6041,JHB,Johor Bahru Senai International Airport,AirAsia (Watsons Livery),AK,A320,Airbus A320-214,9M-AHX,Landed 11:16,2026-08-02 05:57:13
KUL,arrivals,2026-08-01,10:35,10:41,AK521,AXM521,SGN,Ho Chi Minh City International Airport,AirAsia,AK,A320,Airbus A320-216,9M-AQS,Landed 11:41,2026-08-02 05:57:13
KUL,arrivals,2026-08-01,10:35,10:52,AK381,AXM381,CGK,Jakarta Soekarno Hatta International Airport,AirAsia,AK,A320,Airbus A320-214,9M-AFE,Landed 11:52,2026-08-02 05:57:13
KUL,arrivals,2026-08-01,10:45,10:34,MH2543,MAS2543,KCH,Kuching International Airport,Malaysia Airlines,MH,B738,Boeing 737-8H6,9M-MXE,Landed 11:34,2026-08-02 05:57:13
KUL,arrivals,2026-08-01,10:50,11:01,ZH327,CSZ327,SZX,Shenzhen Bao'an International Airport,Shenzhen Airlines,ZH,B38M,Boeing 737 MAX 8,B-225K,Landed 12:01,2026-08-02 05:57:13
KUL,arrivals,2026-08-01,10:50,10:31,OD1633,MXD1633,KCH,Kuching International Airport,Batik Air,ID,B738,Boeing 737-8GP,9M-LNC,Landed 11:31,2026-08-02 05:57:13
KUL,arrivals,2026-08-01,10:50,10:41,MH1269,MAS1269,KUA,Kuantan Sultan Haji Ahmad Shah Airport,Malaysia Airlines,MH,B738,Boeing 737-8FZ,9M-MLL,Landed 11:41,2026-08-02 05:57:13
KUL,arrivals,2026-08-01,10:50,10:38,GA820,GIA820,CGK,Jakarta Soekarno Hatta International Airport,Garuda Indonesia,GA,B738,Boeing 737-8U3,PK-GNR,Landed 11:38,2026-08-02 05:57:13
KUL,arrivals,2026-08-01,10:55,10:48,AK6143,AXM6143,PEN,Penang International Airport,AirAsia,AK,A20N,Airbus A320-251N,9M-AGS,Landed 11:48,2026-08-02 05:57:13
KUL,arrivals,2026-08-01,10:55,10:20,AK5652,AXM5652,MYY,Miri Airport,AirAsia,AK,A320,Airbus A320-216,9M-DAB,Landed 11:20,2026-08-02 05:57:13
KUL,arrivals,2026-08-01,11:00,11:08,AK5745,AXM5745,TWU,Tawau Airport,AirAsia,AK,A320,Airbus A320-216,9M-RAO,Landed 12:08,2026-08-02 05:57:13
KUL,arrivals,2026-08-01,11:05,10:51,CX723,CPA723,HKG,Hong Kong International Airport,Cathay Pacific,CX,A333,Airbus A330-343,B-HLS,Landed 11:51,2026-08-02 05:57:13
KUL,arrivals,2026-08-01,11:10,10:47,MH2613,MAS2613,BKI,Kota Kinabalu International Airport,Malaysia Airlines,MH,B738,Boeing 737-8H6,9M-MLN,Landed 11:47,2026-08-02 05:57:13
KUL,arrivals,2026-08-01,11:10,11:11,MH1052,MAS1052,JHB,Johor Bahru Senai International Airport,Malaysia Airlines,MH,B738,Boeing 737-8H6,9M-MLS,Landed 12:11,2026-08-02 05:57:13
KUL,arrivals,2026-08-01,11:15,10:58,TG415,THA415,BKK,Bangkok Suvarnabhumi Airport,Thai Airways,TG,B789,Boeing 787-9 Dreamliner,HS-TWD,Landed 11:58,2026-08-02 05:57:13
KUL,arrivals,2026-08-01,11:15,10:44,OD399,MXD399,CGK,Jakarta Soekarno Hatta International Airport,Batik Air,ID,B738,Boeing 737-8GP,9M-LNV,Landed 11:44,2026-08-02 05:57:13
KUL,arrivals,2026-08-01,11:20,10:55,AK5193,AXM5193,SDK,Sandakan Airport,AirAsia,AK,A320,Airbus A320-214,9M-AJT,Landed 11:55,2026-08-02 05:57:13
KUL,arrivals,2026-08-01,11:25,11:25,MH712,MAS712,CGK,Jakarta Soekarno Hatta International Airport,Malaysia Airlines,MH,B738,Boeing 737-8H6,9M-MXN,Landed 12:25,2026-08-02 05:57:13
KUL,arrivals,2026-08-01,11:25,10:53,MH614,MAS614,SIN,Singapore Changi Airport,Malaysia Airlines,MH,B738,Boeing 737-8H6,9M-MXQ,Landed 11:53,2026-08-02 05:57:13
KUL,arrivals,2026-08-01,11:30,11:41,OD821,MXD821,ICN,Seoul Incheon International Airport,Batik Air,ID,B38M,Boeing 737 MAX 8,9M-LRF,Landed 12:41,2026-08-02 05:57:13
KUL,arrivals,2026-08-01,11:30,11:07,MH1433,MAS1433,LGK,Langkawi International Airport,Malaysia Airlines,MH,B738,Boeing 737-8H6,9M-MXB,Landed 12:07,2026-08-02 05:57:13
KUL,arrivals,2026-08-01,11:35,12:08,VJ825,VJC825,SGN,Ho Chi Minh City International Airport,VietJet Air,VJ,A321,Airbus A321-211,VN-A684,Landed 13:08,2026-08-02 05:57:13
KUL,arrivals,2026-08-01,11:35,,OD323,,KNO,Medan Kuala Namu International Airport,Batik Air Malaysia,OD,738,,,Canceled,2026-08-02 05:57:13
KUL,arrivals,2026-08-01,11:35,11:19,AK6223,AXM6223,TGG,Kuala Terengganu Sultan Mahmud Airport,AirAsia,AK,A320,Airbus A320-216,9M-RAI,Landed 12:19,2026-08-02 05:57:13
KUL,arrivals,2026-08-01,11:45,11:29,MH79,MAS079,HKG,Hong Kong International Airport,Malaysia Airlines,MH,B738,Boeing 737-8H6,9M-MXS,Landed 12:29,2026-08-02 05:57:13
KUL,arrivals,2026-08-01,11:45,11:03,CZ349,CSN349,CAN,Guangzhou Baiyun International Airport,China Southern Airlines,CZ,B789,Boeing 787-9 Dreamliner,B-209D,Landed 12:03,2026-08-02 05:57:13
KUL,arrivals,2026-08-01,11:45,11:38,AK430,AXM430,PKU,Pekanbaru Sultan Syarif Kasim II Airport,AirAsia,AK,A320,Airbus A320-216,9M-DAG,Landed 12:38,2026-08-02 05:57:13
KUL,arrivals,2026-08-01,11:50,,FY2531,,BKI,Kota Kinabalu International Airport,Firefly,FY,738,,,Unknown,2026-08-02 05:57:13
KUL,arrivals,2026-08-01,11:50,,FY2811,,KCH,Kuching International Airport,Firefly,FY,738,,,Unknown,2026-08-02 05:57:13
KUL,arrivals,2026-08-01,11:50,12:03,AK5105,AXM5105,BKI,Kota Kinabalu International Airport,AirAsia,AK,A21N,Airbus A321-251NX,9M-XVE,Landed 13:03,2026-08-02 05:57:13
KUL,arrivals,2026-08-01,11:50,11:25,AK544,AXM544,PQC,Phu Quoc International Airport,AirAsia (BIG Duty Free Livery),AK,A320,Airbus A320-214,9M-AHY,Landed 12:25,2026-08-02 05:57:13
KUL,arrivals,2026-08-01,11:55,11:52,D7219,XAX219,MEL,Melbourne Airport,AirAsia,AK,A333,Airbus A330-343,9M-XXG,Landed 12:52,2026-08-02 05:57:13
KUL,arrivals,2026-08-01,11:55,11:30,AK390,AXM390,KNO,Medan Kuala Namu International Airport,AirAsia,AK,A320,Airbus A320-216,9M-AGP,Landed 12:30,2026-08-02 05:57:13
KUL,arrivals,2026-08-01,12:00,,AK441,,BDJ,Banjarmasin Syamsudin Noor Airport,AirAsia (Persona 5 Royal Livery),AK,A320,Airbus A320-214,9M-AFF,Unknown,2026-08-02 05:57:13
KUL,arrivals,2026-08-01,12:00,11:54,OD2202,MXD2202,LGK,Langkawi International Airport,Batik Air,ID,B738,Boeing 737-8U3,9M-LDG,Landed 12:54,2026-08-02 05:57:13
KUL,arrivals,2026-08-01,12:00,11:58,MH787,MAS787,HKT,Phuket International Airport,Malaysia Airlines,MH,B738,Boeing 737-8H6,9M-MXY,Landed 12:58,2026-08-02 05:57:13
KUL,arrivals,2026-08-01,12:00,12:47,FM7221,CSH7221,PVG,Shanghai Pudong International Airport,Shanghai Airlines,FM,B38M,Boeing 737 MAX 8,B-1260,Landed 13:47,2026-08-02 05:57:13
KUL,arrivals,2026-08-01,12:00,12:31,AK461,AXM461,PLM,Palembang International Airport,AirAsia,AK,A20N,Airbus A320-251N,9M-AGQ,Landed 13:31,2026-08-02 05:57:13
KUL,arrivals,2026-08-01,12:00,11:45,AK441,AXM441,BDJ,Banjarmasin Syamsudin Noor Airport,AirAsia (Persona 5 Royal Livery),AK,A320,Airbus A320-214,9M-AFF,Landed 12:45,2026-08-02 05:57:13
KUL,arrivals,2026-08-01,12:05,11:21,MH842,MAS842,BPN,Balikpapan Sepinggan Airport,Malaysia Airlines,MH,B738,Boeing 737-8H6,9M-MXM,Landed 12:21,2026-08-02 05:57:13
KUL,arrivals,2026-08-01,12:05,11:21,HU7923,CHH7923,CKG,Chongqing Jiangbei International Airport,Hainan Airlines,HU,B38M,Boeing 737 MAX 8,B-207S,Landed 12:21,2026-08-02 05:57:13
KUL,arrivals,2026-08-01,12:05,11:34,MH159,MAS159,MED,Medina Prince Mohammad bin Abdulaziz Airport,Malaysia Airlines (Manchester United Livery),MH,A333,Airbus A330-323,9M-MTL,Landed 12:34,2026-08-02 05:57:13
KUL,arrivals,2026-08-01,12:10,12:34,OD357,MXD357,BTH,Batam Hang Nadim Airport,Batik Air,ID,B38M,Boeing 737 MAX 8,9M-LRD,Landed 13:34,2026-08-02 05:57:10
KUL,arrivals,2026-08-01,12:10,11:47,ID7282,BTK7282,CGK,Jakarta Soekarno Hatta International Airport,Batik Air,ID,B738,Boeing 737-86N,PK-BGZ,Landed 12:47,2026-08-02 05:57:10
KUL,arrivals,2026-08-01,12:10,11:42,AK553,AXM553,VTE,Vientiane Wattay International Airport,AirAsia,AK,A320,Airbus A320-216,9M-AGU,Landed 12:42,2026-08-02 05:57:10
KUL,arrivals,2026-08-01,12:10,12:09,AK517,AXM517,HAN,Hanoi Noi Bai International Airport,AirAsia,AK,A20N,Airbus A320-251N,9M-RAB,Landed 13:09,2026-08-02 05:57:13
KUL,arrivals,2026-08-01,12:15,12:13,AK706,AXM706,SIN,Singapore Changi Airport,AirAsia,AK,A21N,Airbus A321-251NX,9M-VAD,Landed 13:13,2026-08-02 05:57:10
KUL,arrivals,2026-08-01,12:15,12:49,KT165,KTC165,KTI,Phnom Penh Techo International Airport,AirAsia (Cambodia Livery),AK,A320,Airbus A320-214,XU-818,Landed 13:49,2026-08-02 05:57:10
KUL,arrivals,2026-08-01,12:15,11:52,8M503,MMA503,RGN,Yangon International Airport,Myanmar Airways International,8M,A319,Airbus A319-112,XY-ALZ,Landed 12:52,2026-08-02 05:57:10
KUL,arrivals,2026-08-01,12:20,12:06,AK5233,AXM5233,KCH,Kuching International Airport,AirAsia (Universiti Putra Malaysia Livery),AK,A320,Airbus A320-216,9M-AQD,Landed 13:06,2026-08-02 05:57:10
KUL,arrivals,2026-08-01,12:20,11:48,AK881,AXM881,DMK,Bangkok Don Mueang International Airport,AirAsia,AK,A20N,Airbus A320-251N,9M-AGH,Landed 12:48,2026-08-02 05:57:10
KUL,arrivals,2026-08-01,12:25,12:05,MH628,MAS628,SIN,Singapore Changi Airport,Malaysia Airlines,MH,B738,Boeing 737-8H6,9M-MSB,Landed 13:05,2026-08-02 05:57:10
KUL,arrivals,2026-08-01,12:25,14:32,CZ3047,CSN3047,CAN,Guangzhou Baiyun International Airport,China Southern Airlines,CZ,B38M,Boeing 737 MAX 8,B-226J,Landed 15:32,2026-08-02 05:57:10
KUL,arrivals,2026-08-01,12:25,12:31,CI721,CAL721,TPE,Taipei Taoyuan International Airport,China Airlines,CI,B77W,Boeing 777-309(ER),B-18001,Landed 13:31,2026-08-02 05:57:10
KUL,arrivals,2026-08-01,12:30,12:25,VJ1813,VJC1813,SGN,Ho Chi Minh City International Airport,VietJet Air,VJ,A321,Airbus A321-211,VN-A644,Landed 13:25,2026-08-02 05:57:10
KUL,arrivals,2026-08-01,12:30,12:29,OD804,MXD804,SIN,Singapore Changi Airport,Batik Air,ID,B738,Boeing 737-8GP,9M-LNY,Landed 13:29,2026-08-02 05:57:10
KUL,arrivals,2026-08-01,12:30,12:11,OD1003,MXD1003,BKI,Kota Kinabalu International Airport,Batik Air,ID,B738,Boeing 737-8GP,9M-LNZ,Landed 13:11,2026-08-02 05:57:10
KUL,arrivals,2026-08-01,12:30,15:53,CI5865,CAL5865,TPE,Taipei Taoyuan International Airport,China Airlines Cargo,CI,B744,Boeing 747-409F,B-18722,Landed 16:53,2026-08-02 05:57:10
KUL,arrivals,2026-08-01,12:30,12:42,AK5107,AXM5107,BKI,Kota Kinabalu International Airport,AirAsia,AK,A20N,Airbus A320-251N,9M-RAL,Landed 13:42,2026-08-02 05:57:10
KUL,arrivals,2026-08-01,12:30,14:51,AH3156,DAH3156,ALG,Algiers Houari Boumediene Airport,Air Algerie,AH,A339,Airbus A330-941,7T-VJF,Landed 15:51,2026-08-02 05:57:10
KUL,arrivals,2026-08-01,12:35,13:24,SQ114,SIA114,SIN,Singapore Changi Airport,Singapore Airlines,SQ,B38M,Boeing 737 MAX 8,9V-MBK,Landed 14:24,2026-08-02 05:57:10
KUL,arrivals,2026-08-01,12:40,,MH2743,,BTU,Bintulu Airport,Malaysia Airlines,MH,B738,Boeing 737-8H6,9M-MLU,Unknown,2026-08-02 05:57:10
KUL,arrivals,2026-08-01,12:40,12:22,MH870,MAS870,SUB,Surabaya Juanda International Airport,Malaysia Airlines (Malaysia Negaraku Livery),MH,B738,Boeing 737-8H6,9M-MXV,Landed 13:22,2026-08-02 05:57:10
KUL,arrivals,2026-08-01,12:40,13:10,MF847,CXA847,XMN,Xiamen Gaoqi International Airport,Xiamen Air,MF,B38M,Boeing 737 MAX 8,B-224X,Landed 14:10,2026-08-02 05:57:10
KUL,arrivals,2026-08-01,12:40,12:18,IU168,SJV168,BTJ,Banda Aceh International Airport,Super Air Jet,IU,A320,Airbus A320-232,PK-SGD,Landed 13:18,2026-08-02 05:57:10
KUL,arrivals,2026-08-01,12:45,12:36,ID7250,BTK7250,SUB,Surabaya Juanda International Airport,Batik Air,ID,B738,Boeing 737-8U3,PK-BGF,Landed 13:36,2026-08-02 05:57:10
KUL,arrivals,2026-08-01,12:45,12:46,AK491,AXM491,PNK,Pontianak Supadio Airport,AirAsia,AK,A320,Airbus A320-216,9M-AJZ,Landed 13:46,2026-08-02 05:57:10
KUL,arrivals,2026-08-01,12:45,12:38,AK833,AXM833,HKT,Phuket International Airport,AirAsia,AK,A320,Airbus A320-214,9M-RCG,Landed 13:38,2026-08-02 05:57:10
KUL,arrivals,2026-08-01,12:50,12:40,MH2661,MAS2661,TWU,Tawau Airport,Malaysia Airlines,MH,B738,Boeing 737-8H6,9M-MLT,Landed 13:40,2026-08-02 05:57:10
KUL,arrivals,2026-08-01,12:50,12:20,MH856,MAS856,YIA,Yogyakarta International Airport,Malaysia Airlines,MH,B738,Boeing 737-8H6,9M-MXX,Landed 13:20,2026-08-02 05:57:10
KUL,arrivals,2026-08-01,12:50,12:35,AK6321,AXM6321,LGK,Langkawi International Airport,AirAsia,AK,A320,Airbus A320-214,9M-RCB,Landed 13:35,2026-08-02 05:57:10
KUL,arrivals,2026-08-01,12:55,13:13,MH751,MAS751,SGN,Ho Chi Minh City International Airport,Malaysia Airlines,MH,B38M,Boeing 737 MAX 8,9M-MVA,Landed 14:13,2026-08-02 05:57:10
KUL,arrivals,2026-08-01,13:00,12:56,UL314,ALK314,CMB,Colombo Bandaranaike International Airport,SriLankan Airlines,UL,A20N,Airbus A320-251N,4R-ANA,Landed 13:56,2026-08-02 05:57:10
KUL,arrivals,2026-08-01,13:00,13:22,MH755,MAS755,KTI,Phnom Penh Techo International Airport,Malaysia Airlines,MH,B738,Boeing 737-8H6,9M-MXO,Landed 14:22,2026-08-02 05:57:10
KUL,arrivals,2026-08-01,13:00,12:52,AK5873,AXM5873,SBW,Sibu Airport,AirAsia (Universiti Teknologi Malaysia Livery),AK,A320,Airbus A320-216,9M-AJE,Landed 13:52,2026-08-02 05:57:10
KUL,arrivals,2026-08-01,13:00,12:56,AK331,AXM331,UPG,Makassar Sultan Hasanuddin International Airport,AirAsia,AK,A320,Airbus A320-216,9M-RAA,Landed 13:56,2026-08-02 05:57:10
KUL,arrivals,2026-08-01,13:05,13:01,AK407,AXM407,PDG,Padang Minangkabau International Airport,AirAsia (HYROX Livery),AK,A320,Airbus A320-216,9M-AHR,Landed 14:01,2026-08-02 05:57:10
KUL,arrivals,2026-08-01,13:10,13:04,MH2621,MAS2621,BKI,Kota Kinabalu International Airport,Malaysia Airlines,MH,B738,Boeing 737-8H6,9M-MXL,Landed 14:04,2026-08-02 05:57:10
KUL,arrivals,2026-08-01,13:10,13:13,AK867,AXM867,KBV,Krabi Airport,AirAsia (Sarawak Livery),AK,A320,Airbus A320-216,9M-AJD,Landed 14:13,2026-08-02 05:57:10
KUL,arrivals,2026-08-01,13:10,12:42,8B673,TNU673,CGK,Jakarta Soekarno Hatta International Airport,TransNusa,8B,A321,Airbus A321-211,PK-TLG,Landed 13:42,2026-08-02 05:57:10
KUL,arrivals,2026-08-01,13:15,13:28,QR854,QTR854,DOH,Doha Hamad International Airport,Qatar Airways (25 Years of Excellence Sticker),QR,B788,Boeing 787-8 Dreamliner,A7-BCX,Landed 14:28,2026-08-02 05:57:10
KUL,arrivals,2026-08-01,13:15,13:15,MH785,MAS785,BKK,Bangkok Suvarnabhumi Airport,Malaysia Airlines (Malaysia Negaraku Livery),MH,B738,Boeing 737-8H6,9M-MXU,Landed 14:15,2026-08-02 05:57:10
KUL,arrivals,2026-08-01,13:15,13:26,BR227,EVA227,TPE,Taipei Taoyuan International Airport,EVA Air,BR,B77W,Boeing 777-35E(ER),B-16711,Landed 14:26,2026-08-02 05:57:10
KUL,arrivals,2026-08-01,13:20,12:51,3U3995,CSC3995,TFU,Chengdu Tianfu International Airport,Sichuan Airlines,3U,A21N,Airbus A321-271NX(LR),B-32AW,Landed 13:51,2026-08-02 05:57:10
KUL,arrivals,2026-08-01,13:20,13:00,MU5095,CES5095,HGH,Hangzhou Xiaoshan International Airport,China Eastern Airlines,MU,A20N,Airbus A320-251N,B-30CZ,Landed 14:00,2026-08-02 05:57:10
KUL,arrivals,2026-08-01,13:20,13:17,MH710,MAS710,CGK,Jakarta Soekarno Hatta International Airport,Malaysia Airlines,MH,B738,Boeing 737-8H6,9M-MLR,Landed 14:17,2026-08-02 05:57:10
KUL,arrivals,2026-08-01,13:20,13:07,BS315,UBG315,DAC,Dhaka Shahjalal International Airport,US-Bangla Airlines,BS,A333,Airbus A330-343,S2-ALB,Landed 14:07,2026-08-02 05:57:10
KUL,arrivals,2026-08-01,13:25,13:10,FD308,AIQ308,HDY,Hat Yai International Airport,AirAsia,AK,A320,Airbus A320-216,HS-BBE,Landed 14:10,2026-08-02 05:57:10
KUL,arrivals,2026-08-01,13:25,13:29,AK6305,AXM6305,LGK,Langkawi International Airport,AirAsia,AK,A320,Airbus A320-216,9M-RAE,Landed 14:29,2026-08-02 05:57:10
KUL,arrivals,2026-08-01,13:25,13:07,AK6125,AXM6125,PEN,Penang International Airport,AirAsia,AK,A320,Airbus A320-216,9M-AGY,Landed 14:07,2026-08-02 05:57:10
KUL,arrivals,2026-08-01,13:25,19:02,EK346,UAE15K,DXB,Dubai International Airport,Emirates,EK,B77W,Boeing 777-31H(ER),A6-ENV,Landed 20:02,2026-08-02 05:57:10
KUL,arrivals,2026-08-01,13:30,,MH7573,,MYY,Miri Airport,Malaysia Airlines,MH,B738,Boeing 737-8H6,9M-MLP,Unknown,2026-08-02 05:57:10
KUL,arrivals,2026-08-01,13:30,13:20,MH2575,MAS2575,MYY,Miri Airport,Malaysia Airlines,MH,B738,Boeing 737-8H6,9M-MLP,Landed 14:20,2026-08-02 05:57:10
KUL,arrivals,2026-08-01,13:30,13:32,MH146,MAS146,MEL,Melbourne Airport,Malaysia Airlines,MH,A339,Airbus A330-941,9M-MNK,Landed 14:32,2026-08-02 05:57:10
KUL,arrivals,2026-08-01,13:30,14:10,JT156,LNI156,PDG,Padang Minangkabau International Airport,Lion Air,JT,B739,Boeing 737-9GP(ER),PK-LHS,Landed 15:10,2026-08-02 05:57:10
KUL,arrivals,2026-08-01,13:30,13:27,AK5199,AXM5199,SDK,Sandakan Airport,AirAsia (Find Yourself in Malaysia Livery),AK,A20N,Airbus A320-251N,9M-AGV,Landed 14:27,2026-08-02 05:57:10
KUL,arrivals,2026-08-01,13:35,13:23,AK10,AXM10,MAA,Chennai International Airport,AirAsia,AK,A20N,Airbus A320-251N,9M-RAJ,Landed 14:23,2026-08-02 05:57:10
KUL,arrivals,2026-08-01,13:40,13:35,MU873,CES873,KMG,Kunming Changshui International Airport,China Eastern Airlines,MU,A20N,Airbus A320-251N,B-308A,Landed 14:35,2026-08-02 05:57:10
KUL,arrivals,2026-08-01,13:40,13:37,MF8677,CXA8677,HGH,Hangzhou Xiaoshan International Airport,Xiamen Air,MF,B738,Boeing 737-85C,B-1915,Landed 14:37,2026-08-02 05:57:10
KUL,arrivals,2026-08-01,13:40,13:59,CZ5031,CSN5031,SZX,Shenzhen Bao'an International Airport,China Southern Airlines,CZ,A21N,Airbus A321-253NX,B-32GE,Landed 14:59,2026-08-02 05:57:10
KUL,arrivals,2026-08-01,13:40,14:05,AK6443,AXM6443,KBR,Kota Bharu Sultan Ismail Petra Airport,AirAsia,AK,A320,Airbus A320-216,9M-AQS,Landed 15:05,2026-08-02 05:57:10
KUL,arrivals,2026-08-01,13:40,13:37,AK710,AXM710,SIN,Singapore Changi Airport,AirAsia,AK,A320,Airbus A320-216,9M-AQP,Landed 14:37,2026-08-02 05:57:10
KUL,arrivals,2026-08-01,13:40,13:32,AK113,AXM113,CAN,Guangzhou Baiyun International Airport,AirAsia,AK,A20N,Airbus A320-251N,9M-AGE,Landed 14:32,2026-08-02 05:57:10
KUL,arrivals,2026-08-01,13:45,13:37,AK451,AXM451,SRG,Semarang Achmad Yani International Airport,AirAsia,AK,A20N,Airbus A320-251N,9M-AGG,Landed 14:37,2026-08-02 05:57:10
KUL,arrivals,2026-08-01,13:45,13:21,AK371,AXM371,DPS,Denpasar Ngurah Rai International Airport,AirAsia (Resorts World Genting Livery),AK,A20N,Airbus A320-251N,9M-AGA,Landed 14:21,2026-08-02 05:57:10
KUL,arrivals,2026-08-01,13:50,14:02,QZ204,AWQ204,CGK,Jakarta Soekarno Hatta International Airport,AirAsia (Dnars Indonesia Livery),AK,A320,Airbus A320-216,PK-AZN,Landed 15:02,2026-08-02 05:57:10
KUL,arrivals,2026-08-01,13:50,14:30,MY5005,BNE5005,KCH,Kuching International Airport,AirBorneo,MY,B738,Boeing 737-8U3,9M-LCV,Landed 15:30,2026-08-02 05:57:10
KUL,arrivals,2026-08-01,13:50,13:43,FM885,CSH885,PVG,Shanghai Pudong International Airport,Shanghai Airlines,FM,B789,Boeing 787-9 Dreamliner,B-20AJ,Landed 14:43,2026-08-02 05:57:10
KUL,arrivals,2026-08-01,13:50,13:56,JT160,LNI160,PKU,Pekanbaru Sultan Syarif Kasim II Airport,Lion Air,JT,B738,Boeing 737-8GP,PK-LJQ,Landed 14:56,2026-08-02 05:57:10
KUL,arrivals,2026-08-01,14:00,13:41,QZ128,AWQ128,KNO,Medan Kuala Namu International Airport,AirAsia,AK,A320,Airbus A320-216,PK-AZT,Landed 14:41,2026-08-02 05:57:10
KUL,arrivals,2026-08-01,14:00,15:07,QZ322,AWQ322,SUB,Surabaya Juanda International Airport,AirAsia (Colours of Indonesia Livery),AK,A320,Airbus A320-216,PK-AXD,Landed 16:07,2026-08-02 05:57:10
KUL,arrivals,2026-08-01,14:00,14:01,OD2204,MXD2204,LGK,Langkawi International Airport,Batik Air,ID,B738,Boeing 737-8GP,9M-LNR,Landed 15:01,2026-08-02 05:57:10
KUL,arrivals,2026-08-01,14:00,13:46,MH1447,MAS1447,LGK,Langkawi International Airport,Malaysia Airlines,MH,B738,Boeing 737-8FZ,9M-FFF,Landed 14:46,2026-08-02 05:57:10
KUL,arrivals,2026-08-01,14:00,13:39,MH606,MAS606,SIN,Singapore Changi Airport,Malaysia Airlines,MH,B738,Boeing 737-8H6,9M-MXG,Landed 14:39,2026-08-02 05:57:10
KUL,arrivals,2026-08-01,14:00,14:15,MH134,MAS134,BNE,Brisbane Airport,Malaysia Airlines,MH,A333,Airbus A330-323,9M-MTF,Landed 15:15,2026-08-02 05:57:10
KUL,arrivals,2026-08-01,14:05,13:55,OD523,MXD523,DMK,Bangkok Don Mueang International Airport,Batik Air,ID,B38M,Boeing 737 MAX 8,9M-LRW,Landed 14:55,2026-08-02 05:57:10
KUL,arrivals,2026-08-01,14:05,14:34,OD192,MXD192,DPS,Denpasar Ngurah Rai International Airport,Batik Air,ID,B738,Boeing 737-86N,9M-LDK,Landed 15:34,2026-08-02 05:57:10
KUL,arrivals,2026-08-01,14:05,13:45,KT175,KTC175,KOS,Sihanoukville International Airport,AirAsia,AK,A320,Airbus A320-214,XU-819,Landed 14:45,2026-08-02 05:57:10
KUL,arrivals,2026-08-01,14:10,14:03,RY6607,CJX6607,KHN,Nanchang Changbei International Airport,Jiangxi Air,RY,B738,Boeing 737-85C,B-5566,Landed 15:03,2026-08-02 05:57:10
KUL,arrivals,2026-08-01,14:10,13:56,AK643,AXM643,DAD,Da Nang International Airport,AirAsia,AK,A20N,Airbus A320-251N,9M-AGD,Landed 14:56,2026-08-02 05:57:10
KUL,arrivals,2026-08-01,14:15,14:15,QW907,QDA907,TAO,Qingdao Jiaodong International Airport,Qingdao Airlines,QW,A21N,Airbus A321-271NX,B-326M,Landed 15:15,2026-08-02 05:57:10
KUL,arrivals,2026-08-01,14:15,14:19,QR852,QTR73P,DOH,Doha Hamad International Airport,Qatar Airways,QR,B77W,Boeing 777-3DZ(ER),A7-BAX,Landed 15:19,2026-08-02 05:57:10
KUL,arrivals,2026-08-01,14:15,14:22,JT164,LNI164,LOP,Lombok International Airport,Lion Air,JT,B739,Boeing 737-9GP(ER),PK-LQT,Landed 15:22,2026-08-02 05:57:10
KUL,arrivals,2026-08-01,14:15,14:09,AK347,AXM347,YIA,Yogyakarta International Airport,AirAsia (De'Xandra Livery),AK,A320,Airbus A320-216,9M-AQM,Landed 15:09,2026-08-02 05:57:10
KUL,arrivals,2026-08-01,14:20,14:12,OD2103,MXD2103,PEN,Penang International Airport,Batik Air,ID,B738,Boeing 737-8GP,9M-LDD,Landed 15:12,2026-08-02 05:57:10
KUL,arrivals,2026-08-01,14:20,14:49,MH2611,MAS2611,BKI,Kota Kinabalu International Airport,Malaysia Airlines (Malaysia Negaraku Livery),MH,B738,Boeing 737-8H6,9M-MXF,Landed 15:49,2026-08-02 05:57:10
KUL,arrivals,2026-08-01,14:20,13:49,MH747,MAS747,DAD,Da Nang International Airport,Malaysia Airlines,MH,B38M,Boeing 737 MAX 8,9M-MVB,Landed 14:49,2026-08-02 05:57:10
KUL,arrivals,2026-08-01,14:20,14:33,AK712,AXM712,SIN,Singapore Changi Airport,AirAsia,AK,A320,Airbus A320-216,9M-RAO,Landed 15:33,2026-08-02 05:57:10
KUL,arrivals,2026-08-01,14:25,13:52,OD1723,MXD1723,BTU,Bintulu Airport,Batik Air,ID,B738,Boeing 737-8GP,9M-LNP,Landed 14:52,2026-08-02 05:57:10
KUL,arrivals,2026-08-01,14:25,,OD353,,SUB,Surabaya Juanda International Airport,Batik Air Malaysia,OD,7M8,,,Canceled,2026-08-02 05:57:10
KUL,arrivals,2026-08-01,14:25,14:25,MH2513,MAS2513,KCH,Kuching International Airport,Malaysia Airlines,MH,B738,Boeing 737-8H6,9M-MXH,Landed 15:25,2026-08-02 05:57:10
KUL,arrivals,2026-08-01,14:25,14:45,MH716,MAS716,CGK,Jakarta Soekarno Hatta International Airport,Malaysia Airlines,MH,B38M,Boeing 737 MAX 8,9M-MVK,Landed 15:45,2026-08-02 05:57:10
KUL,arrivals,2026-08-01,14:25,14:12,AK205,AXM205,CXR,Nha Trang Cam Ranh International Airport,AirAsia,AK,A320,Airbus A320-216,9M-RAT,Landed 15:12,2026-08-02 05:57:10
KUL,arrivals,2026-08-01,14:30,14:18,AK5113,AXM5113,BKI,Kota Kinabalu International Airport,AirAsia,AK,A20N,Airbus A320-251N,9M-AGF,Landed 15:18,2026-08-02 05:57:10
KUL,arrivals,2026-08-01,14:30,14:07,FY3611,FFM3611,KBV,Krabi Airport,Firefly,FY,B738,Boeing 737-8FZ,9M-MLH,Landed 15:07,2026-08-02 05:57:10
KUL,arrivals,2026-08-01,14:35,14:17,OD178,MXD178,DPS,Denpasar Ngurah Rai International Airport,Batik Air,ID,B38M,Boeing 737 MAX 8,9M-LRP,Landed 15:17,2026-08-02 05:57:10
KUL,arrivals,2026-08-01,14:35,14:23,AK6325,AXM6325,LGK,Langkawi International Airport,AirAsia,AK,A20N,Airbus A320-251N,9M-AGS,Landed 15:23,2026-08-02 05:57:10
KUL,arrivals,2026-08-01,14:35,14:58,AK127,AXM127,SZX,Shenzhen Bao'an International Airport,"AirAsia (3, 2,1, Take Off Livery)",AK,A21N,Airbus A321-251NX,9M-VAA,Landed 15:58,2026-08-02 05:57:10
KUL,arrivals,2026-08-01,14:40,14:38,OD122,MXD122,SYD,Sydney Kingsford Smith Airport,Batik Air,ID,A333,Airbus A330-343,9M-LFF,Landed 15:38,2026-08-02 05:57:10
KUL,arrivals,2026-08-01,14:40,14:24,CZ8011,CSN8011,CAN,Guangzhou Baiyun International Airport,China Southern Airlines,CZ,B38M,Boeing 737 MAX 8,B-1207,Landed 15:24,2026-08-02 05:57:10
KUL,arrivals,2026-08-01,14:40,14:42,AK529,AXM529,SGN,Ho Chi Minh City International Airport,AirAsia,AK,A320,Airbus A320-214,9M-AHV,Landed 15:42,2026-08-02 05:57:10
KUL,arrivals,2026-08-01,14:40,15:11,KL809,KLM809,AMS,Amsterdam Schiphol Airport,KLM,KL,B789,Boeing 787-9 Dreamliner,PH-BHC,Landed 16:11,2026-08-02 05:57:10
KUL,arrivals,2026-08-01,14:45,14:43,SQ116,SIA116,SIN,Singapore Changi Airport,Singapore Airlines,SQ,B38M,Boeing 737 MAX 8,9V-MBI,Landed 15:43,2026-08-02 05:57:06
KUL,arrivals,2026-08-01,14:45,14:36,MH53,MAS53,KIX,Osaka Kansai International Airport,Malaysia Airlines (Malaysia Negaraku Livery),MH,A332,Airbus A330-223,9M-MTZ,Landed 15:36,2026-08-02 05:57:10
KUL,arrivals,2026-08-01,14:50,14:47,MH1209,MAS1209,AOR,Alor Setar Sultan Abdul Halim Airport,Malaysia Airlines,MH,B738,Boeing 737-8FZ,9M-MLL,Landed 15:47,2026-08-02 05:57:06
KUL,arrivals,2026-08-01,14:55,14:27,SV834,SVA834,MED,Medina Prince Mohammad bin Abdulaziz Airport,Saudia (The Red Sea Stickers),SV,B78X,Boeing 787-10 Dreamliner,HZ-AR33,Landed 15:27,2026-08-02 05:57:06
KUL,arrivals,2026-08-01,14:55,14:55,AK139,AXM139,HKG,Hong Kong International Airport,AirAsia,AK,A20N,Airbus A320-251N,9M-RAK,Landed 15:55,2026-08-02 05:57:06
KUL,arrivals,2026-08-01,15:00,16:31,OD541,MXD541,HKT,Phuket International Airport,Batik Air,ID,B738,Boeing 737-8GP,9M-LNC,Landed 17:31,2026-08-02 05:57:06
KUL,arrivals,2026-08-01,15:00,19:13,OD307,MXD307,DPS,Denpasar Ngurah Rai International Airport,Batik Air,ID,B738,Boeing 737-8GP,9M-LNV,Landed 20:13,2026-08-02 05:57:06
KUL,arrivals,2026-08-01,15:00,15:19,MH714,MAS714,DPS,Denpasar Ngurah Rai International Airport,Malaysia Airlines (Visit Malaysia 2026 Livery),MH,A333,Airbus A330-323,9M-MTJ,Landed 16:19,2026-08-02 05:57:06
KUL,arrivals,2026-08-01,15:00,15:15,MH250,MAS250,SYD,Sydney Kingsford Smith Airport,Malaysia Airlines,MH,A339,Airbus A330-941,9M-MNG,Landed 16:15,2026-08-02 05:57:06
KUL,arrivals,2026-08-01,15:00,14:56,MH138,MAS138,ADL,Adelaide Airport,Malaysia Airlines,MH,A339,Airbus A330-941,9M-MNI,Landed 15:56,2026-08-02 05:57:06
KUL,arrivals,2026-08-01,15:00,15:28,AK6117,AXM6117,PEN,Penang International Airport,AirAsia,AK,A21N,Airbus A321-251NX,9M-XVE,Landed 16:28,2026-08-02 05:57:06
KUL,arrivals,2026-08-01,15:00,15:12,AK5643,AXM5643,MYY,Miri Airport,AirAsia,AK,A20N,Airbus A320-251N,9M-AGO,Landed 16:12,2026-08-02 05:57:06
KUL,arrivals,2026-08-01,15:05,15:01,AK365,AXM365,DPS,Denpasar Ngurah Rai International Airport,AirAsia,AK,A21N,Airbus A321-251NX,9M-VAB,Landed 16:01,2026-08-02 05:57:06
KUL,arrivals,2026-08-01,15:05,15:29,8B677,TNU677,CGK,Jakarta Soekarno Hatta International Airport,TransNusa,8B,A321,Airbus A321-211,PK-TLK,Landed 16:29,2026-08-02 05:57:06
KUL,arrivals,2026-08-01,15:05,15:05,MH1427,MAS1427,KBR,Kota Bharu Sultan Ismail Petra Airport,Malaysia Airlines,MH,B738,Boeing 737-8H6,9M-MXQ,Landed 16:05,2026-08-02 05:57:06
KUL,arrivals,2026-08-01,15:05,14:53,CZ8097,CSN8097,SZX,Shenzhen Bao'an International Airport,China Southern Airlines,CZ,A21N,Airbus A321-253NX,B-32GH,Landed 15:53,2026-08-02 05:57:06
KUL,arrivals,2026-08-01,15:10,14:58,JX725,SJX725,TPE,Taipei Taoyuan International Airport,STARLUX,JX,A21N,Airbus A321-252NX,B-58202,Landed 15:58,2026-08-02 05:57:06
KUL,arrivals,2026-08-01,15:10,15:10,AK825,AXM825,HKT,Phuket International Airport,AirAsia,AK,A320,Airbus A320-214,9M-AFE,Landed 16:10,2026-08-02 05:57:06
KUL,arrivals,2026-08-01,15:15,15:00,MH1437,MAS1437,LGK,Langkawi International Airport,Malaysia Airlines,MH,B738,Boeing 737-8H6,9M-MLS,Landed 16:00,2026-08-02 05:57:06
KUL,arrivals,2026-08-01,15:15,15:40,AK352,AXM352,CGK,Jakarta Soekarno Hatta International Airport,AirAsia,AK,A320,Airbus A320-216,9M-AHT,Landed 16:40,2026-08-02 05:57:06
KUL,arrivals,2026-08-01,15:15,15:04,AK157,AXM157,KWL,Guilin Liangjiang International Airport,AirAsia,AK,A20N,Airbus A320-251N,9M-RAM,Landed 16:04,2026-08-02 05:57:06
KUL,arrivals,2026-08-01,15:20,15:40,OD172,MXD172,DPS,Denpasar Ngurah Rai International Airport,Batik Air (Visit Malaysia Truly Asia 2026 Livery),ID,B38M,Boeing 737 MAX 8,9M-LRM,Landed 16:40,2026-08-02 05:57:06
KUL,arrivals,2026-08-01,15:20,,ID7268,,LOP,Lombok International Airport,Batik Air,ID,738,,,Canceled,2026-08-02 05:57:06
KUL,arrivals,2026-08-01,15:20,16:41,AK6043,AXM6043,JHB,Johor Bahru Senai International Airport,AirAsia,AK,A320,Airbus A320-216,9M-AQN,Landed 17:41,2026-08-02 05:57:06
KUL,arrivals,2026-08-01,15:25,15:15,AK6319,AXM6319,LGK,Langkawi International Airport,AirAsia (Persona 5 Royal Livery),AK,A320,Airbus A320-214,9M-AFF,Landed 16:15,2026-08-02 05:57:06
KUL,arrivals,2026-08-01,15:25,15:18,AK5209,AXM5209,KCH,Kuching International Airport,AirAsia,AK,A320,Airbus A320-216,9M-DAB,Landed 16:18,2026-08-02 05:57:06
KUL,arrivals,2026-08-01,15:30,15:07,MH319,MAS319,PKX,Beijing Daxing International Airport,Malaysia Airlines,MH,A333,Airbus A330-323,9M-MTK,Landed 16:07,2026-08-02 05:57:06
KUL,arrivals,2026-08-01,15:35,16:26,MH67,MAS067,ICN,Seoul Incheon International Airport,Malaysia Airlines,MH,A333,Airbus A330-323,9M-MTI,Landed 17:26,2026-08-02 05:57:06
KUL,arrivals,2026-08-01,15:40,15:56,OD503,MXD503,DAD,Da Nang International Airport,Batik Air (Visit Malaysia Truly Asia 2026 Livery),ID,B38M,Boeing 737 MAX 8,9M-LRL,Landed 16:56,2026-08-02 05:57:06
KUL,arrivals,2026-08-01,15:40,15:36,MH795,MAS795,HKT,Phuket International Airport,Malaysia Airlines,MH,B738,Boeing 737-8H6,9M-MLM,Landed 16:36,2026-08-02 05:57:06
KUL,arrivals,2026-08-01,15:40,15:49,CX725,CPA725,HKG,Hong Kong International Airport,Cathay Pacific,CX,A333,Airbus A330-343,B-HLR,Landed 16:49,2026-08-02 05:57:06
KUL,arrivals,2026-08-01,15:40,15:37,AK6229,AXM6229,TGG,Kuala Terengganu Sultan Mahmud Airport,AirAsia,AK,A320,Airbus A320-214,9M-RCB,Landed 16:37,2026-08-02 05:57:06
KUL,arrivals,2026-08-01,15:45,15:09,MH89,MAS89,NRT,Tokyo Narita International Airport,Malaysia Airlines,MH,A339,Airbus A330-941,9M-MNN,Landed 16:09,2026-08-02 05:57:06
KUL,arrivals,2026-08-01,15:45,16:13,MF897,CXA897,FOC,Fuzhou Changle International Airport,Xiamen Air,MF,B738,Boeing 737-85C,B-1964,Landed 17:13,2026-08-02 05:57:06
KUL,arrivals,2026-08-01,15:50,16:05,MH807,MAS807,MNL,Manila Ninoy Aquino International Airport,Malaysia Airlines (Retro Livery),MH,B738,Boeing 737-8H6,9M-MLV,Landed 17:05,2026-08-02 05:57:06
KUL,arrivals,2026-08-01,15:50,15:23,FY2693,FFM2693,TGG,Kuala Terengganu Sultan Mahmud Airport,Firefly,FY,B738,Boeing 737-8FZ,9M-MLF,Landed 16:23,2026-08-02 05:57:06
KUL,arrivals,2026-08-01,15:50,16:08,AK6441,AXM6441,KBR,Kota Bharu Sultan Ismail Petra Airport,AirAsia,AK,A320,Airbus A320-216,9M-AJZ,Landed 17:08,2026-08-02 05:57:06
KUL,arrivals,2026-08-01,15:55,16:04,MH2521,MAS2521,KCH,Kuching International Airport,Malaysia Airlines,MH,B738,Boeing 737-8H6,9M-MXT,Landed 17:04,2026-08-02 05:57:06
KUL,arrivals,2026-08-01,15:55,15:47,MH1149,MAS1149,PEN,Penang International Airport,Malaysia Airlines,MH,B738,Boeing 737-8H6,9M-MXN,Landed 16:47,2026-08-02 05:57:06
KUL,arrivals,2026-08-01,15:55,15:26,MH624,MAS624,SIN,Singapore Changi Airport,Malaysia Airlines,MH,B738,Boeing 737-8H6,9M-MXM,Landed 16:26,2026-08-02 05:57:06
KUL,arrivals,2026-08-01,15:55,15:34,AK883,AXM883,DMK,Bangkok Don Mueang International Airport,AirAsia,AK,A21N,Airbus A321-251NX,9M-VAH,Landed 16:34,2026-08-02 05:57:06
KUL,arrivals,2026-08-01,16:00,,MH6109,,HKG,Hong Kong International Airport,Malaysia Airlines,MH,33X,,,Unknown,2026-08-02 05:57:06
KUL,arrivals,2026-08-01,16:00,15:33,OD527,MXD527,DMK,Bangkok Don Mueang International Airport,Batik Air,ID,B38M,Boeing 737 MAX 8,9M-LRU,Landed 16:33,2026-08-02 05:57:06
KUL,arrivals,2026-08-01,16:00,17:30,CZ8301,CSN8301,CAN,Guangzhou Baiyun International Airport,China Southern Airlines,CZ,B38M,Boeing 737 MAX 8,B-20CA,Landed 18:30,2026-08-02 05:57:06
KUL,arrivals,2026-08-01,16:00,15:34,AK546,AXM546,PQC,Phu Quoc International Airport,AirAsia,AK,A320,Airbus A320-214,9M-DAE,Landed 16:34,2026-08-02 05:57:06
KUL,arrivals,2026-08-01,16:00,16:15,AK396,AXM396,KNO,Medan Kuala Namu International Airport,AirAsia,AK,A320,Airbus A320-216,9M-RAA,Landed 17:15,2026-08-02 05:57:06
KUL,arrivals,2026-08-01,16:05,15:43,AK6131,AXM6131,PEN,Penang International Airport,AirAsia (WeAreAllChampions Livery),AK,A320,Airbus A320-216,9M-AQF,Landed 16:43,2026-08-02 05:57:06
KUL,arrivals,2026-08-01,16:05,15:23,KR781,KME781,KTI,Phnom Penh Techo International Airport,Cambodia Airways,KR,A319,Airbus A319-112,XU-787,Landed 16:23,2026-08-02 05:57:06
KUL,arrivals,2026-08-01,16:05,15:57,D7533,XAX533,KIX,Osaka Kansai International Airport,AirAsia,AK,A333,Airbus A330-343,9M-XXY,Landed 16:57,2026-08-02 05:57:06
KUL,arrivals,2026-08-01,16:05,16:17,AK189,AXM189,MFM,Macau International Airport,AirAsia,AK,A20N,Airbus A320-251N,9M-AGW,Landed 17:17,2026-08-02 05:57:06
KUL,arrivals,2026-08-01,16:10,,TK6470,,IST,Istanbul Airport,Turkish Airlines,TK,A359,Airbus A350-941,TC-LGF,Unknown,2026-08-02 05:57:06
KUL,arrivals,2026-08-01,16:10,15:44,MH2711,MAS2711,SDK,Sandakan Airport,Malaysia Airlines (Oneworld Livery),MH,B738,Boeing 737-8H6,9M-MXC,Landed 16:44,2026-08-02 05:57:06
KUL,arrivals,2026-08-01,16:10,16:33,ET638,ETH638,SIN,Singapore Changi Airport,Ethiopian Airlines,ET,A359,Airbus A350-941,ET-AYA,Landed 17:33,2026-08-02 05:57:06
KUL,arrivals,2026-08-01,16:15,16:00,TK60,THY49A,IST,Istanbul Airport,Turkish Airlines,TK,A359,Airbus A350-941,TC-LGF,Landed 17:00,2026-08-02 05:57:06
KUL,arrivals,2026-08-01,16:15,16:11,AK714,AXM714,SIN,Singapore Changi Airport,AirAsia,AK,A20N,Airbus A320-251N,9M-AGQ,Landed 17:11,2026-08-02 05:57:06
KUL,arrivals,2026-08-01,16:20,16:30,AK5139,AXM5139,BKI,Kota Kinabalu International Airport,AirAsia,AK,A320,Airbus A320-216,9M-RAC,Landed 17:30,2026-08-02 05:57:06
KUL,arrivals,2026-08-01,16:20,16:19,AK6437,AXM6437,KBR,Kota Bharu Sultan Ismail Petra Airport,AirAsia,AK,A320,Airbus A320-216,9M-AQA,Landed 17:19,2026-08-02 05:57:06
KUL,arrivals,2026-08-01,16:25,16:03,TR472,TGW472,SIN,Singapore Changi Airport,Scoot,TR,A20N,Airbus A320-271N,9V-TNE,Landed 17:03,2026-08-02 05:57:06
KUL,arrivals,2026-08-01,16:25,16:52,9C6523,CQH6523,PVG,Shanghai Pudong International Airport,Spring Airlines,9C,A20N,Airbus A320-251N,B-324F,Landed 17:52,2026-08-02 05:57:06
KUL,arrivals,2026-08-01,16:30,17:12,MH789,MAS789,BKK,Bangkok Suvarnabhumi Airport,Malaysia Airlines,MH,B38M,Boeing 737 MAX 8,9M-MVN,Landed 18:12,2026-08-02 05:57:06
KUL,arrivals,2026-08-01,16:30,16:29,MH753,MAS753,HAN,Hanoi Noi Bai International Airport,Malaysia Airlines,MH,B38M,Boeing 737 MAX 8,9M-MVI,Landed 17:29,2026-08-02 05:57:06
KUL,arrivals,2026-08-01,16:30,17:00,AK6332,AXM6332,LGK,Langkawi International Airport,AirAsia,AK,A320,Airbus A320-216,9M-RAE,Landed 18:00,2026-08-02 05:57:06
KUL,arrivals,2026-08-01,16:35,19:07,AK5173,AXM5173,LBU,Labuan Airport,AirAsia (General Electric Livery),AK,A320,Airbus A320-216,9M-AQB,Landed 20:07,2026-08-02 05:57:06
KUL,arrivals,2026-08-01,16:40,16:40,OD572,MXD572,HAN,Hanoi Noi Bai International Airport,Batik Air,ID,B38M,Boeing 737 MAX 8,9M-LRT,Landed 17:40,2026-08-02 05:57:06
KUL,arrivals,2026-08-01,16:40,,MH6105,,HKG,Hong Kong International Airport,Malaysia Airlines,MH,33X,,,Unknown,2026-08-02 05:57:06
KUL,arrivals,2026-08-01,16:40,16:20,MH2641,MAS2641,BKI,Kota Kinabalu International Airport,Malaysia Airlines,MH,B738,Boeing 737-8H6,9M-MXW,Landed 17:20,2026-08-02 05:57:06
KUL,arrivals,2026-08-01,16:45,16:22,CA483,CCA483,TFU,Chengdu Tianfu International Airport,Air China,CA,A21N,Airbus A321-252NX,B-32NC,Landed 17:22,2026-08-02 05:57:06
KUL,arrivals,2026-08-01,16:45,16:26,AK5221,AXM5221,KCH,Kuching International Airport,AirAsia (100th Awesome Plane Livery),AK,A320,Airbus A320-216,9M-AQH,Landed 17:26,2026-08-02 05:57:06
KUL,arrivals,2026-08-01,16:50,,ZA663,,KOS,Sihanoukville International Airport,Sky Angkor Airlines,ZA,320,,,Unknown,2026-08-02 05:57:06
KUL,arrivals,2026-08-01,16:50,16:42,MH865,MAS865,KNO,Medan Kuala Namu International Airport,Malaysia Airlines,MH,B738,Boeing 737-8H6,9M-MLU,Landed 17:42,2026-08-02 05:57:06
KUL,arrivals,2026-08-01,16:50,16:46,AK428,AXM428,PKU,Pekanbaru Sultan Syarif Kasim II Airport,AirAsia,AK,A20N,Airbus A320-251N,9M-AGD,Landed 17:46,2026-08-02 05:57:06
KUL,arrivals,2026-08-01,16:50,16:36,MH1,MAS1,LHR,London Heathrow Airport,Malaysia Airlines (Malaysia Negaraku Livery),MH,A359,Airbus A350-941,9M-MAG,Landed 17:36,2026-08-02 05:57:06
KUL,arrivals,2026-08-01,16:50,16:23,BA33,BAW33,LHR,London Heathrow Airport,British Airways,BA,B789,Boeing 787-9 Dreamliner,G-ZBKR,Landed 17:23,2026-08-02 05:57:06
KUL,arrivals,2026-08-01,16:55,16:17,JL723,JAL723,NRT,Tokyo Narita International Airport,Japan Airlines,JL,B788,Boeing 787-8 Dreamliner,JA837J,Landed 17:17,2026-08-02 05:57:06
KUL,arrivals,2026-08-01,17:00,17:46,OD1635,MXD1635,KCH,Kuching International Airport,Batik Air,ID,B738,Boeing 737-8GP,9M-LNY,Landed 18:46,2026-08-02 05:57:06
KUL,arrivals,2026-08-01,17:00,18:52,OD808,MXD808,SIN,Singapore Changi Airport,Batik Air,ID,B738,Boeing 737-86N,9M-LDK,Landed 19:52,2026-08-02 05:57:06
KUL,arrivals,2026-08-01,17:00,17:06,ID7260,BTK7260,KNO,Medan Kuala Namu International Airport,Batik Air,ID,B738,Boeing 737-8GP,PK-LZZ,Landed 18:06,2026-08-02 05:57:06
KUL,arrivals,2026-08-01,17:00,16:38,AK6154,AXM6154,PEN,Penang International Airport,AirAsia (Find Yourself in Malaysia Livery),AK,A20N,Airbus A320-251N,9M-AGV,Landed 17:38,2026-08-02 05:57:06
KUL,arrivals,2026-08-01,17:05,18:05,AK5645,AXM5645,MYY,Miri Airport,AirAsia,AK,A20N,Airbus A320-251N,9M-RAB,Landed 19:05,2026-08-02 05:57:06
KUL,arrivals,2026-08-01,17:10,16:53,MH2517,MAS2517,KCH,Kuching International Airport,Malaysia Airlines,MH,B738,Boeing 737-8H6,9M-MXB,Landed 17:53,2026-08-02 05:57:06
KUL,arrivals,2026-08-01,17:10,,FY3693,,CEB,Cebu Mactan International Airport,Firefly,FY,738,,,Unknown,2026-08-02 05:57:06
KUL,arrivals,2026-08-01,17:15,17:03,TR468,TGW468,SIN,Singapore Changi Airport,Scoot,TR,A320,Airbus A320-232,9V-TRS,Landed 18:03,2026-08-02 05:57:06
KUL,arrivals,2026-08-01,17:15,17:23,MH103,MAS103,DAC,Dhaka Shahjalal International Airport,Malaysia Airlines,MH,B38M,Boeing 737 MAX 8,9M-MVD,Landed 18:23,2026-08-02 05:57:06
KUL,arrivals,2026-08-01,17:15,17:21,AK385,AXM385,CGK,Jakarta Soekarno Hatta International Airport,AirAsia,AK,A20N,Airbus A320-251N,9M-AGH,Landed 18:21,2026-08-02 05:57:06
KUL,arrivals,2026-08-01,17:20,16:56,MH183,MAS183,MAA,Chennai International Airport,Malaysia Airlines,MH,B38M,Boeing 737 MAX 8,9M-MVF,Landed 17:56,2026-08-02 05:57:06
KUL,arrivals,2026-08-01,17:20,17:51,AK6317,AXM6317,LGK,Langkawi International Airport,AirAsia,AK,A320,Airbus A320-214,9M-AHV,Landed 18:51,2026-08-02 05:57:06
KUL,arrivals,2026-08-01,17:25,17:14,VN679,HVM679,SGN,Ho Chi Minh City International Airport,Vietnam Airlines,VN,A321,Airbus A321-231,VN-A356,Landed 18:14,2026-08-02 05:57:06
KUL,arrivals,2026-08-01,17:25,17:13,AK75,AXM75,MLE,Male Velana International Airport,AirAsia,AK,A21N,Airbus A321-251NX,9M-VAG,Landed 18:13,2026-08-02 05:57:06
KUL,arrivals,2026-08-01,17:30,19:10,MH377,MAS377,CAN,Guangzhou Baiyun International Airport,Malaysia Airlines,MH,A332,Airbus A330-223,9M-MTW,Landed 20:10,2026-08-02 05:57:06
KUL,arrivals,2026-08-01,17:30,17:17,MH73,MAS073,HKG,Hong Kong International Airport,Malaysia Airlines,MH,B38M,Boeing 737 MAX 8,9M-MVO,Landed 18:17,2026-08-02 05:57:06
KUL,arrivals,2026-08-01,17:30,17:27,AK377,AXM377,DPS,Denpasar Ngurah Rai International Airport,AirAsia,AK,A320,Airbus A320-214,9M-AJG,Landed 18:27,2026-08-02 05:57:06
KUL,arrivals,2026-08-01,17:35,17:16,AK885,AXM885,DMK,Bangkok Don Mueang International Airport,AirAsia,AK,A320,Airbus A320-216,9M-AGU,Landed 18:16,2026-08-02 05:57:06
KUL,arrivals,2026-08-01,17:35,17:58,AK404,AXM404,PDG,Padang Minangkabau International Airport,AirAsia,AK,A20N,Airbus A320-251N,9M-AGS,Landed 18:58,2026-08-02 05:57:06
KUL,arrivals,2026-08-01,17:40,18:53,AK311,AXM311,LBJ,Labuan Bajo Komodo Airport,AirAsia,AK,A20N,Airbus A320-251N,9M-AGL,Landed 19:53,2026-08-02 05:57:06
KUL,arrivals,2026-08-01,17:45,17:58,ZH329,CSZ329,SZX,Shenzhen Bao'an International Airport,Shenzhen Airlines,ZH,B38M,Boeing 737 MAX 8,B-20DP,Landed 18:58,2026-08-02 05:57:06
KUL,arrivals,2026-08-01,17:45,17:35,MH105,MAS105,BLR,Bengaluru Kempegowda International Airport,Malaysia Airlines,MH,B38M,Boeing 737 MAX 8,9M-MVH,Landed 18:35,2026-08-02 05:57:06
KUL,arrivals,2026-08-01,17:45,17:34,AK6219,AXM6219,TGG,Kuala Terengganu Sultan Mahmud Airport,AirAsia (De'Xandra Livery),AK,A320,Airbus A320-216,9M-AQM,Landed 18:34,2026-08-02 05:57:06
KUL,arrivals,2026-08-01,17:50,17:25,QZ130,AWQ130,KNO,Medan Kuala Namu International Airport,AirAsia,AK,A320,Airbus A320-214,PK-AZI,Landed 18:25,2026-08-02 05:57:03
KUL,arrivals,2026-08-01,17:50,17:27,OD2406,MXD2406,JHB,Johor Bahru Senai International Airport,Batik Air,ID,B738,Boeing 737-8GP,9M-LDD,Landed 18:27,2026-08-02 05:57:03
KUL,arrivals,2026-08-01,17:50,17:20,MH1455,MAS1455,LGK,Langkawi International Airport,Malaysia Airlines,MH,B738,Boeing 737-8FZ,9M-MLK,Landed 18:20,2026-08-02 05:57:03
KUL,arrivals,2026-08-01,17:50,17:31,AK5211,AXM5211,KCH,Kuching International Airport,AirAsia (Legend Heroes Park Livery),AK,A320,Airbus A320-216,9M-AFV,Landed 18:31,2026-08-02 05:57:06
KUL,arrivals,2026-08-01,17:50,18:14,KT173,KTC173,SAI,Siem Reap Angkor International Airport,AirAsia (Cambodia Livery),AK,A320,Airbus A320-214,XU-818,Landed 19:14,2026-08-02 05:57:06
KUL,arrivals,2026-08-01,17:50,18:01,AK5871,AXM5871,SBW,Sibu Airport,AirAsia,AK,A320,Airbus A320-214,9M-RCG,Landed 19:01,2026-08-02 05:57:06
KUL,arrivals,2026-08-01,17:50,17:42,AK548,AXM548,PQC,Phu Quoc International Airport,AirAsia (HYROX Livery),AK,A320,Airbus A320-216,9M-AHR,Landed 18:42,2026-08-02 05:57:06
KUL,arrivals,2026-08-01,17:55,19:35,AK279,AXM279,BWN,Brunei International Airport,AirAsia (Sarawak Livery),AK,A320,Airbus A320-216,9M-AJD,Landed 20:35,2026-08-02 05:57:03
KUL,arrivals,2026-08-01,18:00,17:33,VN681,HVN681,HAN,Hanoi Noi Bai International Airport,Vietnam Airlines,VN,A21N,Airbus A321-272N,VN-A617,Landed 18:33,2026-08-02 05:57:03
KUL,arrivals,2026-08-01,18:00,17:49,MH2607,MAS2607,BKI,Kota Kinabalu International Airport,Malaysia Airlines,MH,B738,Boeing 737-8H6,9M-MXE,Landed 18:49,2026-08-02 05:57:03
KUL,arrivals,2026-08-01,18:00,18:00,MH705,MAS705,MNL,Manila Ninoy Aquino International Airport,Malaysia Airlines,MH,B38M,Boeing 737 MAX 8,9M-MVJ,Landed 19:00,2026-08-02 05:57:03
KUL,arrivals,2026-08-01,18:05,18:09,OD606,MXD606,HKG,Hong Kong International Airport,Batik Air,ID,B738,Boeing 737-86N,9M-LDT,Landed 19:09,2026-08-02 05:57:03
KUL,arrivals,2026-08-01,18:05,18:30,AK6433,AXM6433,KBR,Kota Bharu Sultan Ismail Petra Airport,AirAsia,AK,A20N,Airbus A320-251N,9M-AGO,Landed 19:30,2026-08-02 05:57:03
KUL,arrivals,2026-08-01,18:10,17:43,QG502,CTV502,CGK,Jakarta Soekarno Hatta International Airport,Citilink,QG,A320,Airbus A320-214,PK-GQH,Landed 18:43,2026-08-02 05:57:03
KUL,arrivals,2026-08-01,18:10,18:11,AK523,AXM523,SGN,Ho Chi Minh City International Airport,AirAsia (Universiti Teknologi Malaysia Livery),AK,A320,Airbus A320-216,9M-AJE,Landed 19:11,2026-08-02 05:57:03
KUL,arrivals,2026-08-01,18:10,19:54,AK513,AXM513,HAN,Hanoi Noi Bai International Airport,AirAsia,AK,A320,Airbus A320-216,9M-DAG,Landed 20:54,2026-08-02 05:57:03
KUL,arrivals,2026-08-01,18:15,18:55,FM865,CSH865,PVG,Shanghai Pudong International Airport,Shanghai Airlines,FM,B38M,Boeing 737 MAX 8,B-1381,Landed 19:55,2026-08-02 05:57:03
KUL,arrivals,2026-08-01,18:20,19:21,OD1005,MXD1005,BKI,Kota Kinabalu International Airport,Batik Air,ID,B38M,Boeing 737 MAX 8,9M-LRD,Landed 20:21,2026-08-02 05:57:03
KUL,arrivals,2026-08-01,18:20,,FY2954,,PEN,Penang International Airport,Firefly,FY,738,,,Unknown,2026-08-02 05:57:03
KUL,arrivals,2026-08-01,18:25,17:53,MH720,MAS720,CGK,Jakarta Soekarno Hatta International Airport,Malaysia Airlines,MH,B738,Boeing 737-8H6,9M-MXS,Landed 18:53,2026-08-02 05:57:03
KUL,arrivals,2026-08-01,18:25,18:16,MH608,MAS608,SIN,Singapore Changi Airport,Malaysia Airlines,MH,B738,Boeing 737-8H6,9M-MXG,Landed 19:16,2026-08-02 05:57:03
KUL,arrivals,2026-08-01,18:30,18:13,OD2107,MXD2107,PEN,Penang International Airport,Batik Air,ID,B738,Boeing 737-8GP,9M-LNP,Landed 19:13,2026-08-02 05:57:03
KUL,arrivals,2026-08-01,18:30,17:51,OD1907,MXD1907,SBW,Sibu Airport,Batik Air,ID,B738,Boeing 737-8GP,9M-LNZ,Landed 18:51,2026-08-02 05:57:03
KUL,arrivals,2026-08-01,18:30,18:27,MH1335,MAS1335,TGG,Kuala Terengganu Sultan Mahmud Airport,Malaysia Airlines,MH,B738,Boeing 737-8FZ,9M-MLL,Landed 19:27,2026-08-02 05:57:03
KUL,arrivals,2026-08-01,18:35,18:35,MH850,MAS850,DPS,Denpasar Ngurah Rai International Airport,Malaysia Airlines,MH,B738,Boeing 737-8H6,9M-MXD,Landed 19:35,2026-08-02 05:57:03
KUL,arrivals,2026-08-01,18:35,18:08,D7321,XAX321,TFU,Chengdu Tianfu International Airport,AirAsia,AK,A333,Airbus A330-343,9M-XXJ,Landed 19:08,2026-08-02 05:57:03
KUL,arrivals,2026-08-01,18:35,18:34,AK857,AXM857,CNX,Chiang Mai International Airport,AirAsia (BIG Duty Free Livery),AK,A320,Airbus A320-214,9M-AHY,Landed 19:34,2026-08-02 05:57:03
KUL,arrivals,2026-08-01,18:40,18:32,MH1397,MAS1397,KBR,Kota Bharu Sultan Ismail Petra Airport,Malaysia Airlines,MH,B738,Boeing 737-8FZ,9M-FFF,Landed 19:32,2026-08-02 05:57:03
KUL,arrivals,2026-08-01,18:40,18:22,MH759,MAS759,SGN,Ho Chi Minh City International Airport,Malaysia Airlines,MH,B38M,Boeing 737 MAX 8,9M-MVG,Landed 19:22,2026-08-02 05:57:03
KUL,arrivals,2026-08-01,18:45,18:25,SQ126,SIA126,SIN,Singapore Changi Airport,Singapore Airlines,SQ,A359,Airbus A350-941,9V-SHY,Landed 19:25,2026-08-02 05:57:03
KUL,arrivals,2026-08-01,18:45,18:37,AK369,AXM369,DPS,Denpasar Ngurah Rai International Airport,AirAsia,AK,A21N,Airbus A321-251NX,9M-VAC,Landed 19:37,2026-08-02 05:57:03
KUL,arrivals,2026-08-01,18:50,18:30,TG417,THA417,BKK,Bangkok Suvarnabhumi Airport,Thai Airways,TG,B788,Boeing 787-8 Dreamliner,HS-TQF,Landed 19:30,2026-08-02 05:57:03
KUL,arrivals,2026-08-01,18:50,18:40,MH2545,MAS2545,KCH,Kuching International Airport,Malaysia Airlines,MH,B738,Boeing 737-8H6,9M-MLP,Landed 19:40,2026-08-02 05:57:03
KUL,arrivals,2026-08-01,18:50,20:50,EY486,ETD7LE,AUH,Abu Dhabi Zayed International Airport,Etihad Airways,EY,B789,Boeing 787-9 Dreamliner,A6-BLY,Landed 21:50,2026-08-02 05:57:03
KUL,arrivals,2026-08-01,18:50,19:59,AK5117,AXM5117,BKI,Kota Kinabalu International Airport,AirAsia,AK,A20N,Airbus A320-251N,9M-RAL,Landed 20:59,2026-08-02 05:57:03
KUL,arrivals,2026-08-01,18:55,18:04,OD1727,MXD1727,BTU,Bintulu Airport,Batik Air,ID,B738,Boeing 737-8GP,9M-LNQ,Landed 19:04,2026-08-02 05:57:03
KUL,arrivals,2026-08-01,18:55,18:20,OD1901,MXD1901,TWU,Tawau Airport,Batik Air,ID,B738,Boeing 737-8U3,9M-LCW,Landed 19:20,2026-08-02 05:57:03
KUL,arrivals,2026-08-01,18:55,19:02,AK716,AXM716,SIN,Singapore Changi Airport,AirAsia,AK,A21N,Airbus A321-251NX,9M-VAB,Landed 20:02,2026-08-02 05:57:03
KUL,arrivals,2026-08-01,18:55,18:40,AK641,AXM641,DAD,Da Nang International Airport,AirAsia,AK,A320,Airbus A320-216,9M-AGP,Landed 19:40,2026-08-02 05:57:03
KUL,arrivals,2026-08-01,18:55,19:04,AK392,AXM392,KNO,Medan Kuala Namu International Airport,AirAsia,AK,A320,Airbus A320-216,9M-AJZ,Landed 20:04,2026-08-02 05:57:03
KUL,arrivals,2026-08-01,19:00,19:31,MH367,MAS367,TPE,Taipei Taoyuan International Airport,Malaysia Airlines (Oneworld Livery),MH,A333,Airbus A330-323,9M-MTE,Landed 20:31,2026-08-02 05:57:03
KUL,arrivals,2026-08-01,19:00,18:37,MH122,MAS122,SYD,Sydney Kingsford Smith Airport,Malaysia Airlines,MH,A339,Airbus A330-941,9M-MNL,Landed 19:37,2026-08-02 05:57:03
KUL,arrivals,2026-08-01,19:00,18:55,HU755,CHH755,HAK,Haikou Meilan International Airport,Hainan Airlines,HU,B38M,Boeing 737 MAX 8,B-1388,Landed 19:55,2026-08-02 05:57:03
KUL,arrivals,2026-08-01,19:05,18:49,WY823,OMA823,MCT,Muscat International Airport,Oman Air,WY,B38M,Boeing 737 MAX 8,A4O-MM,Landed 19:49,2026-08-02 05:57:03
KUL,arrivals,2026-08-01,19:05,19:28,MH484,MAS484,MLE,Male Velana International Airport,Malaysia Airlines,MH,B38M,Boeing 737 MAX 8,9M-MVE,Landed 20:28,2026-08-02 05:57:03
KUL,arrivals,2026-08-01,19:05,19:05,MH171,MAS171,KTM,Kathmandu Tribhuvan International Airport,Malaysia Airlines,MH,B38M,Boeing 737 MAX 8,9M-MVQ,Landed 20:05,2026-08-02 05:57:03
KUL,arrivals,2026-08-01,19:05,18:59,AK887,AXM887,DMK,Bangkok Don Mueang International Airport,AirAsia,AK,A20N,Airbus A320-251N,9M-RAJ,Landed 19:59,2026-08-02 05:57:03
KUL,arrivals,2026-08-01,19:05,18:43,8B679,TNU679,CGK,Jakarta Soekarno Hatta International Airport,TransNusa,8B,A321,Airbus A321-211,PK-TLG,Landed 19:43,2026-08-02 05:57:03
KUL,arrivals,2026-08-01,19:10,18:58,MH2593,MAS2593,MYY,Miri Airport,Malaysia Airlines (Malaysia Negaraku Livery),MH,B738,Boeing 737-8H6,9M-MXV,Landed 19:58,2026-08-02 05:57:03
KUL,arrivals,2026-08-01,19:10,18:46,MH148,MAS148,MEL,Melbourne Airport,Malaysia Airlines (Oneworld Livery),MH,A333,Airbus A330-323,9M-MTO,Landed 19:46,2026-08-02 05:57:03
KUL,arrivals,2026-08-01,19:10,18:50,AK6015,AXM6015,AOR,Alor Setar Sultan Abdul Halim Airport,AirAsia,AK,A320,Airbus A320-216,9M-DAB,Landed 19:50,2026-08-02 05:57:03
KUL,arrivals,2026-08-01,19:15,19:12,QZ210,AWQ210,CGK,Jakarta Soekarno Hatta International Airport,AirAsia,AK,A320,Airbus A320-216,PK-AXT,Landed 20:12,2026-08-02 05:57:03
KUL,arrivals,2026-08-01,19:20,19:10,AK420,AXM420,BTJ,Banda Aceh International Airport,AirAsia,AK,A20N,Airbus A320-251N,9M-RAK,Landed 20:10,2026-08-02 05:57:03
KUL,arrivals,2026-08-01,19:25,19:08,MH2645,MAS2645,BKI,Kota Kinabalu International Airport,Malaysia Airlines,MH,B738,Boeing 737-8H6,9M-MXY,Landed 20:08,2026-08-02 05:57:03
KUL,arrivals,2026-08-01,19:25,19:18,MH1155,MAS1155,PEN,Penang International Airport,Malaysia Airlines,MH,B738,Boeing 737-8H6,9M-MXQ,Landed 20:18,2026-08-02 05:57:03
KUL,arrivals,2026-08-01,19:25,19:24,MH616,MAS616,SIN,Singapore Changi Airport,Malaysia Airlines,MH,B738,Boeing 737-8H6,9M-MXH,Landed 20:24,2026-08-02 05:57:03
KUL,arrivals,2026-08-01,19:30,19:26,MH783,MAS783,BKK,Bangkok Suvarnabhumi Airport,Malaysia Airlines,MH,B38M,Boeing 737 MAX 8,9M-MVP,Landed 20:26,2026-08-02 05:57:03
KUL,arrivals,2026-08-01,19:30,19:33,MH144,MAS144,AKL,Auckland Airport,Malaysia Airlines,MH,A339,Airbus A330-941,9M-MNJ,Landed 20:33,2026-08-02 05:57:03
KUL,arrivals,2026-08-01,19:30,18:59,FY2893,FFM2893,JHB,Johor Bahru Senai International Airport,Firefly,FY,B738,Boeing 737-8FZ,9M-MLF,Landed 19:59,2026-08-02 05:57:03
KUL,arrivals,2026-08-01,19:35,19:35,MH2635,MAS2635,LBU,Labuan Airport,Malaysia Airlines,MH,B738,Boeing 737-8H6,9M-MLT,Landed 20:35,2026-08-02 05:57:03
KUL,arrivals,2026-08-01,19:35,,ID7262,,KNO,Medan Kuala Namu International Airport,Batik Air,ID,738,,,Unknown,2026-08-02 05:57:03
KUL,arrivals,2026-08-01,19:35,19:47,AK6439,AXM6439,KBR,Kota Bharu Sultan Ismail Petra Airport,AirAsia,AK,A320,Airbus A320-216,9M-RAC,Landed 20:47,2026-08-02 05:57:03
KUL,arrivals,2026-08-01,19:40,20:09,MH165,MAS165,DOH,Doha Hamad International Airport,Malaysia Airlines,MH,A359,Airbus A350-941,9M-MAH,Landed 21:09,2026-08-02 05:57:03
KUL,arrivals,2026-08-01,19:40,19:32,AK6033,AXM6033,JHB,Johor Bahru Senai International Airport,AirAsia (Find Yourself in Malaysia Livery),AK,A20N,Airbus A320-251N,9M-AGV,Landed 20:32,2026-08-02 05:57:03
KUL,arrivals,2026-08-01,19:45,19:43,MH791,MAS791,HKT,Phuket International Airport,Malaysia Airlines (Malaysia Negaraku Livery),MH,B738,Boeing 737-8H6,9M-MXF,Landed 20:43,2026-08-02 05:57:03
KUL,arrivals,2026-08-01,19:45,20:42,AK5213,AXM5213,KCH,Kuching International Airport,AirAsia,AK,A320,Airbus A320-214,9M-AFE,Landed 21:42,2026-08-02 05:57:03
KUL,arrivals,2026-08-01,19:45,20:12,AK5134,AXM5134,BKI,Kota Kinabalu International Airport,AirAsia,AK,A20N,Airbus A320-251N,9M-AGE,Landed 21:12,2026-08-02 05:57:03
KUL,arrivals,2026-08-01,19:50,,OD183,,KTM,Kathmandu Tribhuvan International Airport,Batik Air Malaysia,OD,7M8,,,Unknown,2026-08-02 05:57:03
KUL,arrivals,2026-08-01,19:55,19:42,CX729,CPA729,HKG,Hong Kong International Airport,Cathay Pacific,CX,A21N,Airbus A321-251NX,B-HPJ,Landed 20:42,2026-08-02 05:57:03
KUL,arrivals,2026-08-01,20:00,19:45,6E1037,IGO1037,BLR,Bengaluru Kempegowda International Airport,IndiGo,6E,A20N,Airbus A320-251N,VT-IIY,Landed 20:45,2026-08-02 05:57:03
KUL,arrivals,2026-08-01,20:00,19:47,MH389,MAS389,PVG,Shanghai Pudong International Airport,Malaysia Airlines,MH,A333,Airbus A330-323,9M-MTH,Landed 20:47,2026-08-02 05:57:03
KUL,arrivals,2026-08-01,20:00,19:51,AK349,AXM349,YIA,Yogyakarta International Airport,AirAsia (Resorts World Genting Livery),AK,A20N,Airbus A320-251N,9M-AGA,Landed 20:51,2026-08-02 05:57:03
KUL,arrivals,2026-08-01,20:05,19:37,OD391,MXD391,CGK,Jakarta Soekarno Hatta International Airport,Batik Air,ID,B38M,Boeing 737 MAX 8,9M-LRJ,Landed 20:37,2026-08-02 05:57:03
KUL,arrivals,2026-08-01,20:05,21:17,MH6208,MAS6208,SYD,Sydney Kingsford Smith Airport,MASkargo,MH,A332,Airbus A330-223F,9M-MUA,Landed 22:17,2026-08-02 05:57:03
KUL,arrivals,2026-08-01,20:05,19:56,MH2665,MAS2665,TWU,Tawau Airport,Malaysia Airlines,MH,B738,Boeing 737-8H6,9M-MXA,Landed 20:56,2026-08-02 05:57:03
KUL,arrivals,2026-08-01,20:10,20:03,SQ128,SIA128,SIN,Singapore Changi Airport,Singapore Airlines,SQ,B38M,Boeing 737 MAX 8,9V-MBY,Landed 21:03,2026-08-02 05:57:03
KUL,arrivals,2026-08-01,20:10,20:06,MH763,MAS763,KTI,Phnom Penh Techo International Airport,Malaysia Airlines,MH,B738,Boeing 737-8H6,9M-MLR,Landed 21:06,2026-08-02 05:57:03
KUL,arrivals,2026-08-01,20:10,20:07,AK169,AXM169,NNG,Nanning Wuxu International Airport,AirAsia,AK,A320,Airbus A320-216,9M-RAI,Landed 21:07,2026-08-02 05:57:03
KUL,arrivals,2026-08-01,20:15,19:53,OD529,MXD529,DMK,Bangkok Don Mueang International Airport,Batik Air,ID,B738,Boeing 737-8GP,9M-LNR,Landed 20:53,2026-08-02 05:57:03
KUL,arrivals,2026-08-01,20:15,20:11,MH175,MAS175,BOM,Mumbai Chhatrapati Shivaji International Airport,Malaysia Airlines,MH,B38M,Boeing 737 MAX 8,9M-MVC,Landed 21:11,2026-08-02 05:57:03
KUL,arrivals,2026-08-01,20:15,20:15,AK5749,AXM5749,TWU,Tawau Airport,AirAsia,AK,A320,Airbus A320-216,9M-AGY,Landed 21:15,2026-08-02 05:57:03
KUL,arrivals,2026-08-01,20:20,20:00,MH2669,MAS2669,SDK,Sandakan Airport,Malaysia Airlines,MH,B738,Boeing 737-8H6,9M-MXX,Landed 21:00,2026-08-02 05:57:03
KUL,arrivals,2026-08-01,20:25,22:08,QZ326,AWQ326,SUB,Surabaya Juanda International Airport,AirAsia (Dnars Indonesia Livery),AK,A320,Airbus A320-216,PK-AZN,Landed 23:08,2026-08-02 05:57:03
KUL,arrivals,2026-08-01,20:25,20:02,AK171,AXM171,KHH,Kaohsiung International Airport,AirAsia,AK,A20N,Airbus A320-251N,9M-AGN,Landed 21:02,2026-08-02 05:57:03
KUL,arrivals,2026-08-01,20:30,23:37,OD1637,MXD1637,KCH,Kuching International Airport,Batik Air,ID,B738,Boeing 737-86N,9M-LDK,Landed 00:37,2026-08-02 05:57:03
KUL,arrivals,2026-08-01,20:35,20:32,MH722,MAS722,CGK,Jakarta Soekarno Hatta International Airport,Malaysia Airlines,MH,B38M,Boeing 737 MAX 8,9M-MVA,Landed 21:32,2026-08-02 05:57:03
KUL,arrivals,2026-08-01,20:40,20:14,MH1459,MAS1459,LGK,Langkawi International Airport,Malaysia Airlines,MH,B738,Boeing 737-8H6,9M-MXM,Landed 21:14,2026-08-02 05:57:03
KUL,arrivals,2026-08-01,20:40,21:14,AK5195,AXM5195,SDK,Sandakan Airport,AirAsia,AK,A320,Airbus A320-216,9M-AQS,Landed 22:14,2026-08-02 05:57:03
KUL,arrivals,2026-08-01,20:45,20:38,TR466,TGW466,SIN,Singapore Changi Airport,Scoot,TR,A21N,Airbus A321-271NX,9V-NCH,Landed 21:38,2026-08-02 05:57:03
KUL,arrivals,2026-08-01,20:45,20:26,MH2631,MAS2631,BKI,Kota Kinabalu International Airport,Malaysia Airlines (Malaysia Negaraku Livery),MH,B738,Boeing 737-8H6,9M-MXU,Landed 21:26,2026-08-02 05:57:03
KUL,arrivals,2026-08-01,20:45,20:18,AK6323,AXM6323,LGK,Langkawi International Airport,AirAsia,AK,A20N,Airbus A320-251N,9M-AGD,Landed 21:18,2026-08-02 05:57:03
KUL,arrivals,2026-08-01,20:50,20:53,KE427,KAL427,ICN,Seoul Incheon International Airport,Korean Air,KE,A333,Airbus A330-323,HL8003,Landed 21:53,2026-08-02 05:57:03
KUL,arrivals,2026-08-01,20:50,20:30,CZ365,CSN365,CAN,Guangzhou Baiyun International Airport,China Southern Airlines,CZ,B38M,Boeing 737 MAX 8,B-1126,Landed 21:30,2026-08-02 05:57:03
KUL,arrivals,2026-08-01,20:50,23:33,EK342,UAE5JM,DXB,Dubai International Airport,Emirates,EK,A388,Airbus A380-861,A6-EDQ,Landed 00:33,2026-08-02 05:57:03
KUL,arrivals,2026-08-01,20:50,20:25,AK6129,AXM6129,PEN,Penang International Airport,AirAsia,AK,A320,Airbus A320-216,9M-AGU,Landed 21:25,2026-08-02 05:57:03
KUL,arrivals,2026-08-01,20:50,21:02,AK100,AXM100,KMG,Kunming Changshui International Airport,AirAsia,AK,A320,Airbus A320-214,9M-AJT,Landed 22:02,2026-08-02 05:57:03
KUL,arrivals,2026-08-01,20:55,20:45,MH775,MAS775,BKK,Bangkok Suvarnabhumi Airport,Malaysia Airlines,MH,B738,Boeing 737-8H6,9M-MXL,Landed 21:45,2026-08-02 05:57:03
KUL,arrivals,2026-08-01,20:55,20:22,MH124,MAS124,PER,Perth Airport,Malaysia Airlines,MH,B38M,Boeing 737 MAX 8,9M-MVS,Landed 21:22,2026-08-02 05:57:03
KUL,arrivals,2026-08-01,20:55,20:35,AK718,AXM718,SIN,Singapore Changi Airport,AirAsia,AK,A20N,Airbus A320-251N,9M-AGG,Landed 21:35,2026-08-02 05:57:03
KUL,arrivals,2026-08-01,21:00,20:50,AK893,AXM893,DMK,Bangkok Don Mueang International Airport,AirAsia (Persona 5 Royal Livery),AK,A320,Airbus A320-214,9M-AFF,Landed 21:50,2026-08-02 05:57:03
KUL,arrivals,2026-08-01,21:20,21:05,MH1165,MAS1165,PEN,Penang International Airport,Malaysia Airlines,MH,B738,Boeing 737-8FZ,9M-MLK,Landed 22:05,2026-08-02 05:57:00
KUL,arrivals,2026-08-01,21:20,21:10,MH852,MAS852,DPS,Denpasar Ngurah Rai International Airport,Malaysia Airlines,MH,B738,Boeing 737-8H6,9M-MSB,Landed 22:10,2026-08-02 05:57:03
KUL,arrivals,2026-08-01,21:20,21:14,MH610,MAS610,SIN,Singapore Changi Airport,Malaysia Airlines,MH,B738,Boeing 737-8H6,9M-MLU,Landed 22:14,2026-08-02 05:57:03
KUL,arrivals,2026-08-01,21:20,21:24,AK5647,AXM5647,MYY,Miri Airport,AirAsia,AK,A20N,Airbus A320-251N,9M-RAM,Landed 22:24,2026-08-02 05:57:03
KUL,arrivals,2026-08-01,21:20,21:41,AK387,AXM387,CGK,Jakarta Soekarno Hatta International Airport,AirAsia,AK,A320,Airbus A320-214,9M-RCB,Landed 22:41,2026-08-02 05:57:03
KUL,arrivals,2026-08-01,21:25,21:21,MH767,MAS767,SGN,Ho Chi Minh City International Airport,Malaysia Airlines,MH,B38M,Boeing 737 MAX 8,9M-MVB,Landed 22:21,2026-08-02 05:57:00
KUL,arrivals,2026-08-01,21:25,21:17,AK720,AXM720,SIN,Singapore Changi Airport,AirAsia,AK,A20N,Airbus A320-251N,9M-RAB,Landed 22:17,2026-08-02 05:57:00
KUL,arrivals,2026-08-01,21:30,23:04,OD806,MXD806,SIN,Singapore Changi Airport,Batik Air,ID,B738,Boeing 737-8GP,9M-LNQ,Landed 00:04,2026-08-02 05:57:00
KUL,arrivals,2026-08-01,21:35,22:21,9C6515,CQH6515,PVG,Shanghai Pudong International Airport,Spring Airlines,9C,A20N,Airbus A320-251N,B-30AR,Landed 23:21,2026-08-02 05:57:00
KUL,arrivals,2026-08-01,21:40,21:46,KL810,KLM810,CGK,Jakarta Soekarno Hatta International Airport,KLM,KL,B789,Boeing 787-9 Dreamliner,PH-BHC,Landed 22:46,2026-08-02 05:57:00
KUL,arrivals,2026-08-01,21:50,21:42,MH2597,MAS2597,KCH,Kuching International Airport,Malaysia Airlines,MH,B738,Boeing 737-8H6,9M-MXT,Landed 22:42,2026-08-02 05:57:00
KUL,arrivals,2026-08-01,21:50,21:29,AK6039,AXM6039,JHB,Johor Bahru Senai International Airport,AirAsia,AK,A320,Airbus A320-214,9M-RCG,Landed 22:29,2026-08-02 05:57:00
KUL,arrivals,2026-08-01,21:50,22:16,AK379,AXM379,DPS,Denpasar Ngurah Rai International Airport,AirAsia,AK,A320,Airbus A320-216,9M-RAO,Landed 23:16,2026-08-02 05:57:00
KUL,arrivals,2026-08-01,21:55,22:04,MH781,MAS781,BKK,Bangkok Suvarnabhumi Airport,Malaysia Airlines,MH,B738,Boeing 737-8H6,9M-MLS,Landed 23:04,2026-08-02 05:57:00
KUL,arrivals,2026-08-01,22:00,22:28,MH724,MAS724,CGK,Jakarta Soekarno Hatta International Airport,Malaysia Airlines (Retro Livery),MH,B738,Boeing 737-8H6,9M-MLV,Landed 23:28,2026-08-02 05:57:00
KUL,arrivals,2026-08-01,22:00,,FY2575,,TWU,Tawau Airport,Firefly,FY,738,,,Unknown,2026-08-02 05:57:00
KUL,arrivals,2026-08-01,22:00,21:39,CA871,CCA871,PEK,Beijing Capital International Airport,Air China,CA,B38M,Boeing 737 MAX 8,B-1395,Landed 22:39,2026-08-02 05:57:00
KUL,arrivals,2026-08-01,22:00,22:46,AK889,AXM889,DMK,Bangkok Don Mueang International Airport,AirAsia,AK,A320,Airbus A320-216,9M-AHT,Landed 23:46,2026-08-02 05:57:00
KUL,arrivals,2026-08-01,22:05,21:36,3U3993,CSC3993,TFU,Chengdu Tianfu International Airport,Sichuan Airlines,3U,A21N,Airbus A321-271N,B-30CS,Landed 22:36,2026-08-02 05:57:00
KUL,arrivals,2026-08-01,22:05,23:01,FM7265,CSH7265,PVG,Shanghai Pudong International Airport,Shanghai Airlines,FM,B38M,Boeing 737 MAX 8,B-1382,Landed 00:01,2026-08-02 05:57:00
KUL,arrivals,2026-08-01,22:05,21:55,FY2723,FFM2723,KBR,Kota Bharu Sultan Ismail Petra Airport,Firefly,FY,B738,Boeing 737-8FZ,9M-MLJ,Landed 22:55,2026-08-02 05:57:00
KUL,arrivals,2026-08-01,22:10,21:47,AK5747,AXM5747,TWU,Tawau Airport,AirAsia (Visit Truly Asia Malaysia 2020 Stickers),AK,A20N,Airbus A320-251N,9M-RAR,Landed 22:47,2026-08-02 05:57:00
KUL,arrivals,2026-08-01,22:15,22:39,MF8715,CXA8715,NKG,Nanjing Lukou International Airport,Xiamen Air,MF,B38M,Boeing 737 MAX 8,B-20DW,Landed 23:39,2026-08-02 05:57:00
KUL,arrivals,2026-08-01,22:40,23:09,3U3773,CSC3773,CKG,Chongqing Jiangbei International Airport,Sichuan Airlines,3U,A20N,Airbus A320-271N,B-328K,Landed 00:09,2026-08-02 05:57:00
KUL,arrivals,2026-08-01,22:40,22:50,MU2969,CES2969,NKG,Nanjing Lukou International Airport,China Eastern Airlines,MU,A20N,Airbus A320-251N,B-30ES,Landed 23:50,2026-08-02 05:57:00
KUL,arrivals,2026-08-01,22:50,,8K251,,SZX,Shenzhen Bao'an International Airport,Exploits Valley Air Services,8K,76F,,,Unknown,2026-08-02 05:57:00
KUL,arrivals,2026-08-01,22:50,00:54,MF823,CXA823,XMN,Xiamen Gaoqi International Airport,Xiamen Air,MF,B38M,Boeing 737 MAX 8,B-20E0,Landed 01:54,2026-08-02 05:57:00
KUL,arrivals,2026-08-01,22:55,00:39,OD389,MXD389,CGK,Jakarta Soekarno Hatta International Airport,Batik Air,ID,B738,Boeing 737-8U3,9M-LCW,Landed 01:39,2026-08-02 05:57:00
KUL,arrivals,2026-08-01,22:55,23:14,AK354,AXM354,CGK,Jakarta Soekarno Hatta International Airport,AirAsia,AK,A320,Airbus A320-214,9M-AHV,Landed 00:14,2026-08-02 05:57:00
KUL,arrivals,2026-08-01,23:05,22:35,NH815,ANA815,NRT,Tokyo Narita International Airport,All Nippon Airways,NH,B788,Boeing 787-8 Dreamliner,JA878A,Landed 23:35,2026-08-02 05:57:00
KUL,arrivals,2026-08-01,23:10,22:53,5J501,CEB501,MNL,Manila Ninoy Aquino International Airport,Cebu Pacific,5J,A21N,Airbus A321-271NX,RP-C4141,Landed 23:53,2026-08-02 05:57:00
KUL,arrivals,2026-08-01,23:15,23:49,CZ5035,CSN5035,CAN,Guangzhou Baiyun International Airport,China Southern Airlines,CZ,B38M,Boeing 737 MAX 8,B-20CU,Landed 00:49,2026-08-02 05:57:00
KUL,arrivals,2026-08-01,23:15,23:12,AK5219,AXM5219,KCH,Kuching International Airport,AirAsia,AK,A20N,Airbus A320-251N,9M-AGO,Landed 00:12,2026-08-02 05:57:00
KUL,arrivals,2026-08-01,23:20,23:17,AK5752,AXM5752,TWU,Tawau Airport,AirAsia,AK,A21N,Airbus A321-251NX,9M-XVE,Landed 00:17,2026-08-02 05:57:00
KUL,arrivals,2026-08-01,23:25,22:56,MU795,CES795,PKX,Beijing Daxing International Airport,China Eastern Airlines,MU,A20N,Airbus A320-251N,B-32C6,Landed 23:56,2026-08-02 05:57:00
KUL,arrivals,2026-08-01,23:30,01:05,CZ5079,CSN5079,SZX,Shenzhen Bao'an International Airport,China Southern Airlines,CZ,A20N,Airbus A320-251N,B-32N3,Landed 02:05,2026-08-02 05:57:00
KUL,arrivals,2026-08-01,23:35,23:30,SV840,SVA840,JED,Jeddah King Abdulaziz International Airport,Saudia,SV,B789,Boeing 787-9 Dreamliner,HZ-ARD,Landed 00:30,2026-08-02 05:57:00
KUL,arrivals,2026-08-01,23:35,00:14,AQ1271,JYH1271,CAN,Guangzhou Baiyun International Airport,9 Air,AQ,B738,Boeing 737-86X,B-1592,Landed 01:14,2026-08-02 05:57:00
KUL,arrivals,2026-08-01,23:45,23:28,AK897,AXM897,DMK,Bangkok Don Mueang International Airport,AirAsia (De'Xandra Livery),AK,A320,Airbus A320-216,9M-AQM,Landed 00:28,2026-08-02 05:57:00
KUL,arrivals,2026-08-01,23:55,00:21,FM861,CSH861,PVG,Shanghai Pudong International Airport,Shanghai Airlines,FM,B38M,Boeing 737 MAX 8,B-1261,Landed 01:21,2026-08-02 05:57:00
KUL,departures,2026-08-01,00:20,01:12,CZ5036,CSN5036,CAN,Guangzhou Baiyun International Airport,China Southern Airlines,CZ,B38M,Boeing 737 MAX 8,B-226J,Departed 02:12,2026-08-02 05:58:02
KUL,departures,2026-08-01,00:25,02:04,MU796,CES796,PKX,Beijing Daxing International Airport,China Eastern Airlines,MU,A20N,Airbus A320-251N,B-30CX,Departed 03:04,2026-08-02 05:58:02
KUL,departures,2026-08-01,00:30,01:29,CZ5080,CSN5080,SZX,Shenzhen Bao'an International Airport,China Southern Airlines,CZ,A321,Airbus A321-231,B-6630,Departed 02:29,2026-08-02 05:58:02
KUL,departures,2026-08-01,00:55,04:23,CV7545,CLX7545,GYD,Baku Heydar Aliyev International Airport,Cargolux,CV,B744,Boeing 747-4HAF(ER),LX-KCL,Departed 05:23,2026-08-02 05:58:02
KUL,departures,2026-08-01,01:00,,MH6207,,SYD,Sydney Kingsford Smith Airport,MASkargo,MH,A332,Airbus A330-223F,9M-MUA,Unknown,2026-08-02 05:58:02
KUL,departures,2026-08-01,01:15,01:41,PR530,PAL530,MNL,Manila Ninoy Aquino International Airport,Philippine Airlines,PR,A321,Airbus A321-231,RP-C9914,Departed 02:41,2026-08-02 05:58:02
KUL,departures,2026-08-01,01:15,01:43,EK343,UAE7Q,DXB,Dubai International Airport,Emirates,EK,A388,Airbus A380-861,A6-EDZ,Departed 02:43,2026-08-02 05:58:02
KUL,departures,2026-08-01,01:20,01:28,D7532,XAX532,KIX,Osaka Kansai International Airport,AirAsia,AK,A333,Airbus A330-343,9M-XXY,Departed 02:28,2026-08-02 05:58:02
KUL,departures,2026-08-01,01:30,02:35,MF858,CXA858,XMN,Xiamen Gaoqi International Airport,Xiamen Air,MF,B738,Boeing 737-85C,B-6483,Departed 03:35,2026-08-02 05:58:02
KUL,departures,2026-08-01,01:40,01:50,CZ8026,CSN8026,CGO,Zhengzhou Xinzheng International Airport,China Southern Airlines,CZ,B738,Boeing 737-81B,B-5715,Departed 02:50,2026-08-02 05:58:02
KUL,departures,2026-08-01,01:45,02:28,CX732,CPA732,HKG,Hong Kong International Airport,Cathay Pacific,CX,A21N,Airbus A321-251NX,B-HPJ,Departed 03:28,2026-08-02 05:58:02
KUL,departures,2026-08-01,01:55,02:15,AK170,AXM170,KHH,Kaohsiung International Airport,AirAsia,AK,A20N,Airbus A320-251N,9M-AGN,Departed 03:15,2026-08-02 05:58:02
KUL,departures,2026-08-01,02:00,02:23,MU860,CES860,KMG,Kunming Changshui International Airport,China Eastern Airlines,MU,B738,Boeing 737-89P,B-207X,Departed 03:23,2026-08-02 05:58:02
KUL,departures,2026-08-01,02:05,03:46,ZH334,CSZ334,SZX,Shenzhen Bao'an International Airport,Shenzhen Airlines,ZH,A320,Airbus A320-214,B-6377,Departed 04:46,2026-08-02 05:58:02
KUL,departures,2026-08-01,02:10,02:26,MH164,MAS164,DOH,Doha Hamad International Airport,Malaysia Airlines,MH,A359,Airbus A350-941,9M-MAH,Departed 03:26,2026-08-02 05:58:02
KUL,departures,2026-08-01,02:10,02:10,CZ5050,CSN5050,CSX,Changsha Huanghua International Airport,China Southern Airlines,CZ,A20N,Airbus A320-251N,B-32P2,Departed 03:10,2026-08-02 05:58:02
KUL,departures,2026-08-01,02:50,,QR8903,,DOH,Doha Hamad International Airport,Qatar Airways,QR,77X,,,Unknown,2026-08-02 05:58:02
KUL,departures,2026-08-01,03:00,,MH6108,,LBU,Labuan Airport,Malaysia Airlines,MH,33X,,,Unknown,2026-08-02 05:58:02
KUL,departures,2026-08-01,03:05,03:05,SC8078,CDG8078,TNA,Jinan Yaoqiang International Airport,Shandong Airlines,SC,B38M,Boeing 737 MAX 8,B-224R,Departed 04:05,2026-08-02 05:58:02
KUL,departures,2026-08-01,03:15,03:34,BG387,BBC387,DAC,Dhaka Shahjalal International Airport,Biman Bangladesh Airlines,BG,B738,Boeing 737-83N,S2-AFM,Departed 04:34,2026-08-02 05:58:02
KUL,departures,2026-08-01,03:30,03:32,MU2566,CES2566,WUH,Wuhan Tianhe International Airport,China Eastern Airlines,MU,B738,Boeing 737-89P,B-6017,Departed 04:32,2026-08-02 05:58:02
KUL,departures,2026-08-01,04:00,04:22,AK112,AXM112,CAN,Guangzhou Baiyun International Airport,AirAsia,AK,A20N,Airbus A320-251N,9M-AGE,Departed 05:22,2026-08-02 05:58:02
KUL,departures,2026-08-01,04:30,05:03,TK175,THY175,IST,Istanbul Airport,Turkish Airlines,TK,A359,Airbus A350-941,TC-LGT,Departed 06:03,2026-08-02 05:58:02
KUL,departures,2026-08-01,04:45,05:29,6E1032,IGO1032,MAA,Chennai International Airport,IndiGo,6E,A20N,Airbus A320-251N,VT-IPL,Departed 06:29,2026-08-02 05:58:02
KUL,departures,2026-08-01,05:00,05:11,MH843,MAS843,BPN,Balikpapan Sepinggan Airport,Malaysia Airlines,MH,B738,Boeing 737-8H6,9M-MXM,Departed 06:11,2026-08-02 05:58:02
KUL,departures,2026-08-01,05:00,05:12,AK5246,AXM5246,BTU,Bintulu Airport,AirAsia,AK,A320,Airbus A320-216,9M-RAE,Departed 06:12,2026-08-02 05:58:02
KUL,departures,2026-08-01,05:00,05:14,AK5108,AXM5108,BKI,Kota Kinabalu International Airport,AirAsia (General Electric Livery),AK,A320,Airbus A320-216,9M-AQB,Departed 06:14,2026-08-02 05:58:02
KUL,departures,2026-08-01,05:00,05:19,AK5744,AXM5744,TWU,Tawau Airport,AirAsia,AK,A320,Airbus A320-216,9M-RAO,Departed 06:19,2026-08-02 05:58:02
KUL,departures,2026-08-01,05:00,05:04,AK890,AXM890,DMK,Bangkok Don Mueang International Airport,AirAsia,AK,A320,Airbus A320-216,9M-AQP,Departed 06:04,2026-08-02 05:58:02
KUL,departures,2026-08-01,05:05,05:09,AK5192,AXM5192,SDK,Sandakan Airport,AirAsia,AK,A320,Airbus A320-214,9M-AJT,Departed 06:09,2026-08-02 05:58:02
KUL,departures,2026-08-01,05:05,05:16,AK516,AXM516,HAN,Hanoi Noi Bai International Airport,AirAsia,AK,A20N,Airbus A320-251N,9M-RAB,Departed 06:16,2026-08-02 05:58:02
KUL,departures,2026-08-01,05:10,05:20,AK701,AXM701,SIN,Singapore Changi Airport,AirAsia,AK,A21N,Airbus A321-251NX,9M-VAD,Departed 06:20,2026-08-02 05:58:02
KUL,departures,2026-08-01,05:10,05:18,AK11,AXM11,MAA,Chennai International Airport,AirAsia,AK,A20N,Airbus A320-251N,9M-RAJ,Departed 06:18,2026-08-02 05:58:02
KUL,departures,2026-08-01,05:10,05:21,AK126,AXM126,SZX,Shenzhen Bao'an International Airport,"AirAsia (3, 2,1, Take Off Livery)",AK,A21N,Airbus A321-251NX,9M-VAA,Departed 06:21,2026-08-02 05:58:02
KUL,departures,2026-08-01,05:25,05:27,AK5876,AXM5876,SBW,Sibu Airport,AirAsia (HYROX Livery),AK,A320,Airbus A320-216,9M-AHR,Departed 06:27,2026-08-02 05:58:02
KUL,departures,2026-08-01,05:30,05:38,AK5651,AXM5651,MYY,Miri Airport,AirAsia,AK,A320,Airbus A320-216,9M-DAB,Departed 06:38,2026-08-02 05:58:02
KUL,departures,2026-08-01,05:40,05:53,MH1204,MAS1204,AOR,Alor Setar Sultan Abdul Halim Airport,Malaysia Airlines,MH,B738,Boeing 737-8H6,9M-MXG,Departed 06:53,2026-08-02 05:58:02
KUL,departures,2026-08-01,05:40,05:42,AK6124,AXM6124,PEN,Penang International Airport,AirAsia,AK,A320,Airbus A320-216,9M-AJZ,Departed 06:42,2026-08-02 05:58:02
KUL,departures,2026-08-01,05:45,05:51,OD398,MXD398,CGK,Jakarta Soekarno Hatta International Airport,Batik Air,ID,B738,Boeing 737-8GP,9M-LNV,Departed 06:51,2026-08-02 05:58:02
KUL,departures,2026-08-01,05:50,,FY2530,,BKI,Kota Kinabalu International Airport,Firefly,FY,738,,,Unknown,2026-08-02 05:58:02
KUL,departures,2026-08-01,05:50,05:54,AI2385,AIC2385,DEL,Delhi Indira Gandhi International Airport,Air India,AI,A20N,Airbus A320-251N,VT-RTU,Departed 06:54,2026-08-02 05:58:02
KUL,departures,2026-08-01,06:00,06:02,AK5202,AXM5202,KCH,Kuching International Airport,AirAsia,AK,A320,Airbus A320-216,9M-RAC,Departed 07:02,2026-08-02 05:58:02
KUL,departures,2026-08-01,06:00,06:06,AK380,AXM380,CGK,Jakarta Soekarno Hatta International Airport,AirAsia,AK,A320,Airbus A320-214,9M-AFE,Departed 07:06,2026-08-02 05:58:02
KUL,departures,2026-08-01,06:00,06:10,AK330,AXM330,UPG,Makassar Sultan Hasanuddin International Airport,AirAsia,AK,A320,Airbus A320-216,9M-RAA,Departed 07:10,2026-08-02 05:58:02
KUL,departures,2026-08-01,06:05,06:15,FM864,CSH864,PVG,Shanghai Pudong International Airport,Shanghai Airlines,FM,B38M,Boeing 737 MAX 8,B-225G,Departed 07:15,2026-08-02 05:58:02
KUL,departures,2026-08-01,06:05,06:08,AK520,AXM520,SGN,Ho Chi Minh City International Airport,AirAsia,AK,A320,Airbus A320-216,9M-AQS,Departed 07:08,2026-08-02 05:58:02
KUL,departures,2026-08-01,06:10,06:19,MH857,MAS857,YIA,Yogyakarta International Airport,Malaysia Airlines,MH,B738,Boeing 737-8H6,9M-MXX,Departed 07:19,2026-08-02 05:58:02
KUL,departures,2026-08-01,06:10,06:15,AK552,AXM552,VTE,Vientiane Wattay International Airport,AirAsia,AK,A320,Airbus A320-216,9M-AGU,Departed 07:15,2026-08-02 05:58:02
KUL,departures,2026-08-01,06:15,06:20,NH816,ANA816,NRT,Tokyo Narita International Airport,All Nippon Airways,NH,B788,Boeing 787-8 Dreamliner,JA835A,Departed 07:20,2026-08-02 05:58:02
KUL,departures,2026-08-01,06:15,06:28,MH2660,MAS2660,TWU,Tawau Airport,Malaysia Airlines,MH,B738,Boeing 737-8H6,9M-MLT,Departed 07:28,2026-08-02 05:58:02
KUL,departures,2026-08-01,06:15,06:22,AK6430,AXM6430,KBR,Kota Bharu Sultan Ismail Petra Airport,AirAsia,AK,A320,Airbus A320-216,9M-AGP,Departed 07:22,2026-08-02 05:58:02
KUL,departures,2026-08-01,06:15,06:26,AK6224,AXM6224,TGG,Kuala Terengganu Sultan Mahmud Airport,AirAsia,AK,A320,Airbus A320-214,9M-RCG,Departed 07:26,2026-08-02 05:58:02
KUL,departures,2026-08-01,06:15,06:23,AK6048,AXM6048,JHB,Johor Bahru Senai International Airport,AirAsia,AK,A320,Airbus A320-216,9M-RAI,Departed 07:23,2026-08-02 05:58:02
KUL,departures,2026-08-01,06:15,06:31,AK156,AXM156,KWL,Guilin Liangjiang International Airport,AirAsia,AK,A20N,Airbus A320-251N,9M-RAM,Departed 07:31,2026-08-02 05:58:02
KUL,departures,2026-08-01,06:15,06:18,AK6020,AXM6020,AOR,Alor Setar Sultan Abdul Halim Airport,AirAsia,AK,A320,Airbus A320-214,9M-RCB,Departed 07:18,2026-08-02 05:58:02
KUL,departures,2026-08-01,06:15,06:29,AK5104,AXM5104,BKI,Kota Kinabalu International Airport,AirAsia,AK,A21N,Airbus A321-251NX,9M-XVE,Departed 07:29,2026-08-02 05:58:02
KUL,departures,2026-08-01,06:15,06:21,AK442,AXM442,BDJ,Banjarmasin Syamsudin Noor Airport,AirAsia (Persona 5 Royal Livery),AK,A320,Airbus A320-214,9M-AFF,Departed 07:21,2026-08-02 05:58:02
KUL,departures,2026-08-01,06:15,06:19,AK138,AXM138,HKG,Hong Kong International Airport,AirAsia,AK,A20N,Airbus A320-251N,9M-RAK,Departed 07:19,2026-08-02 05:58:02
KUL,departures,2026-08-01,06:20,,MH6205,,SYD,Sydney Kingsford Smith Airport,Malaysia Airlines,MH,33X,,,Unknown,2026-08-02 05:58:02
KUL,departures,2026-08-01,06:20,06:34,OD1632,MXD1632,KCH,Kuching International Airport,Batik Air,ID,B738,Boeing 737-8GP,9M-LNC,Departed 07:34,2026-08-02 05:58:02
KUL,departures,2026-08-01,06:20,06:36,MH2542,MAS2542,KCH,Kuching International Airport,Malaysia Airlines,MH,B738,Boeing 737-8H6,9M-MXE,Departed 07:36,2026-08-02 05:58:02
KUL,departures,2026-08-01,06:20,06:38,MH713,MAS713,CGK,Jakarta Soekarno Hatta International Airport,Malaysia Airlines,MH,B738,Boeing 737-8H6,9M-MXN,Departed 07:38,2026-08-02 05:58:02
KUL,departures,2026-08-01,06:20,06:31,AK703,AXM703,SIN,Singapore Changi Airport,AirAsia,AK,A320,Airbus A320-214,9M-AHV,Departed 07:31,2026-08-02 05:58:02
KUL,departures,2026-08-01,06:20,06:28,AK433,AXM433,PKU,Pekanbaru Sultan Syarif Kasim II Airport,AirAsia (Sarawak Livery),AK,A320,Airbus A320-216,9M-AJD,Departed 07:28,2026-08-02 05:58:02
KUL,departures,2026-08-01,06:20,06:25,AK403,AXM403,PDG,Padang Minangkabau International Airport,AirAsia,AK,A320,Airbus A320-216,9M-DAG,Departed 07:25,2026-08-02 05:58:02
KUL,departures,2026-08-01,06:25,06:50,MU7708,CES7708,NKG,Nanjing Lukou International Airport,China Eastern Airlines,MU,A20N,Airbus A320-251N,B-302H,Departed 07:50,2026-08-02 05:58:02
KUL,departures,2026-08-01,06:25,06:41,MH871,MAS871,SUB,Surabaya Juanda International Airport,Malaysia Airlines (Malaysia Negaraku Livery),MH,B738,Boeing 737-8H6,9M-MXV,Departed 07:41,2026-08-02 05:58:02
KUL,departures,2026-08-01,06:30,06:43,OD1002,MXD1002,BKI,Kota Kinabalu International Airport,Batik Air,ID,B738,Boeing 737-8GP,9M-LNZ,Departed 07:43,2026-08-02 05:58:02
KUL,departures,2026-08-01,06:35,06:44,AK818,AXM818,HKT,Phuket International Airport,AirAsia,AK,A320,Airbus A320-216,9M-AGY,Departed 07:44,2026-08-02 05:58:02
KUL,departures,2026-08-01,06:35,06:46,AK423,AXM423,BTJ,Banda Aceh International Airport,AirAsia,AK,A320,Airbus A320-216,9M-AHT,Departed 07:46,2026-08-02 05:58:02
KUL,departures,2026-08-01,06:40,06:41,AK6114,AXM6114,PEN,Penang International Airport,AirAsia,AK,A320,Airbus A320-216,9M-AGC,Departed 07:41,2026-08-02 05:58:02
KUL,departures,2026-08-01,06:45,06:54,AK370,AXM370,DPS,Denpasar Ngurah Rai International Airport,AirAsia (Resorts World Genting Livery),AK,A20N,Airbus A320-251N,9M-AGA,Departed 07:54,2026-08-02 05:58:02
KUL,departures,2026-08-01,06:50,06:52,MH601,MAS601,SIN,Singapore Changi Airport,Malaysia Airlines,MH,B38M,Boeing 737 MAX 8,9M-MVG,Departed 07:52,2026-08-02 05:58:02
KUL,departures,2026-08-01,07:00,07:09,OD2102,MXD2102,PEN,Penang International Airport,Batik Air,ID,B738,Boeing 737-8GP,9M-LDU,Departed 08:09,2026-08-02 05:58:02
KUL,departures,2026-08-01,07:00,07:14,OD2302,MXD2302,KBR,Kota Bharu Sultan Ismail Petra Airport,Batik Air,ID,B38M,Boeing 737 MAX 8,9M-LRJ,Departed 08:14,2026-08-02 05:58:02
KUL,departures,2026-08-01,07:00,07:21,MF824,CXA824,XMN,Xiamen Gaoqi International Airport,Xiamen Air,MF,B38M,Boeing 737 MAX 8,B-20DV,Departed 08:21,2026-08-02 05:58:02
KUL,departures,2026-08-01,07:00,07:11,AK5106,AXM5106,BKI,Kota Kinabalu International Airport,AirAsia,AK,A20N,Airbus A320-251N,9M-RAL,Departed 08:11,2026-08-02 05:58:02
KUL,departures,2026-08-01,07:05,07:36,MH2612,MAS2612,BKI,Kota Kinabalu International Airport,Malaysia Airlines,MH,B738,Boeing 737-8H6,9M-MXL,Departed 08:36,2026-08-02 05:58:02
KUL,departures,2026-08-01,07:05,07:18,MH1138,MAS1138,PEN,Penang International Airport,Malaysia Airlines,MH,B738,Boeing 737-8FZ,9M-FFF,Departed 08:18,2026-08-02 05:58:02
KUL,departures,2026-08-01,07:05,07:07,CZ366,CSN366,CAN,Guangzhou Baiyun International Airport,China Southern Airlines,CZ,B38M,Boeing 737 MAX 8,B-1175,Departed 08:07,2026-08-02 05:58:02
KUL,departures,2026-08-01,07:05,07:05,AK472,AXM472,BTH,Batam Hang Nadim Airport,AirAsia,AK,A320,Airbus A320-214,9M-AJG,Departed 08:05,2026-08-02 05:58:02
KUL,departures,2026-08-01,07:10,,MH6104,,HKG,Hong Kong International Airport,Malaysia Airlines,MH,33X,,,Unknown,2026-08-02 05:57:58
KUL,departures,2026-08-01,07:10,07:20,MH806,MAS806,MNL,Manila Ninoy Aquino International Airport,Malaysia Airlines (Retro Livery),MH,B738,Boeing 737-8H6,9M-MLV,Departed 08:20,2026-08-02 05:57:58
KUL,departures,2026-08-01,07:10,07:53,CX730,CPA730,HKG,Hong Kong International Airport,Cathay Pacific,CX,A21N,Airbus A321-251NX,B-HPE,Departed 08:53,2026-08-02 05:58:02
KUL,departures,2026-08-01,07:10,07:13,AK880,AXM880,DMK,Bangkok Don Mueang International Airport,AirAsia,AK,A20N,Airbus A320-251N,9M-AGH,Departed 08:13,2026-08-02 05:58:02
KUL,departures,2026-08-01,07:15,07:33,OD801,MXD801,SIN,Singapore Changi Airport,Batik Air,ID,B738,Boeing 737-8GP,9M-LDD,Departed 08:33,2026-08-02 05:57:58
KUL,departures,2026-08-01,07:15,07:31,MH1384,MAS1384,KBR,Kota Bharu Sultan Ismail Petra Airport,Malaysia Airlines,MH,B738,Boeing 737-8H6,9M-MLM,Departed 08:31,2026-08-02 05:57:58
KUL,departures,2026-08-01,07:15,07:28,MH1326,MAS1326,TGG,Kuala Terengganu Sultan Mahmud Airport,Malaysia Airlines,MH,B738,Boeing 737-8FZ,9M-MLK,Departed 08:28,2026-08-02 05:57:58
KUL,departures,2026-08-01,07:20,07:35,MH2742,MAS2742,BTU,Bintulu Airport,Malaysia Airlines,MH,B738,Boeing 737-8H6,9M-MLU,Departed 08:35,2026-08-02 05:57:58
KUL,departures,2026-08-01,07:25,07:24,AK6436,AXM6436,KBR,Kota Bharu Sultan Ismail Petra Airport,AirAsia,AK,A320,Airbus A320-216,9M-AQA,Departed 08:24,2026-08-02 05:57:58
KUL,departures,2026-08-01,07:30,,FY2812,,KCH,Kuching International Airport,Firefly,FY,738,,,Unknown,2026-08-02 05:57:58
KUL,departures,2026-08-01,07:30,07:38,AK6306,AXM6306,LGK,Langkawi International Airport,AirAsia,AK,A20N,Airbus A320-251N,9M-AGL,Departed 08:38,2026-08-02 05:57:58
KUL,departures,2026-08-01,07:30,07:37,AK705,AXM705,SIN,Singapore Changi Airport,AirAsia,AK,A21N,Airbus A321-251NX,9M-VAC,Departed 08:37,2026-08-02 05:57:58
KUL,departures,2026-08-01,07:35,07:48,QZ201,AWQ201,CGK,Jakarta Soekarno Hatta International Airport,AirAsia,AK,A320,Airbus A320-216,PK-AZO,Departed 08:48,2026-08-02 05:57:58
KUL,departures,2026-08-01,07:35,07:56,MH746,MAS746,DAD,Da Nang International Airport,Malaysia Airlines,MH,B38M,Boeing 737 MAX 8,9M-MVB,Departed 08:56,2026-08-02 05:57:58
KUL,departures,2026-08-01,07:35,07:51,AK74,AXM74,MLE,Male Velana International Airport,AirAsia,AK,A21N,Airbus A321-251NX,9M-VAG,Departed 08:51,2026-08-02 05:57:58
KUL,departures,2026-08-01,07:35,07:42,AK6144,AXM6144,PEN,Penang International Airport,AirAsia (WeAreAllChampions Livery),AK,A320,Airbus A320-216,9M-AQF,Departed 08:42,2026-08-02 05:57:58
KUL,departures,2026-08-01,07:35,07:35,AK5198,AXM5198,SDK,Sandakan Airport,AirAsia (Find Yourself in Malaysia Livery),AK,A20N,Airbus A320-251N,9M-AGV,Departed 08:35,2026-08-02 05:57:58
KUL,departures,2026-08-01,07:40,07:44,QZ125,AWQ125,KNO,Medan Kuala Namu International Airport,AirAsia,AK,A320,Airbus A320-214,PK-AZI,Departed 08:44,2026-08-02 05:57:58
KUL,departures,2026-08-01,07:40,07:47,AK543,AXM543,PQC,Phu Quoc International Airport,AirAsia (BIG Duty Free Livery),AK,A320,Airbus A320-214,9M-AHY,Departed 08:47,2026-08-02 05:57:58
KUL,departures,2026-08-01,07:45,08:07,MH388,MAS388,PVG,Shanghai Pudong International Airport,Malaysia Airlines,MH,A333,Airbus A330-323,9M-MTH,Departed 09:07,2026-08-02 05:57:58
KUL,departures,2026-08-01,07:45,08:40,KT164,KTC164,KTI,Phnom Penh Techo International Airport,AirAsia (Cambodia Livery),AK,A320,Airbus A320-214,XU-818,Departed 09:40,2026-08-02 05:57:58
KUL,departures,2026-08-01,07:45,07:58,AK188,AXM188,MFM,Macau International Airport,AirAsia,AK,A20N,Airbus A320-251N,9M-AGW,Departed 08:58,2026-08-02 05:57:58
KUL,departures,2026-08-01,07:50,08:12,UL319,ALK319,CMB,Colombo Bandaranaike International Airport,SriLankan Airlines,UL,A20N,Airbus A320-251N,4R-ANB,Departed 09:12,2026-08-02 05:57:58
KUL,departures,2026-08-01,07:50,08:00,AK6051,AXM6051,JHB,Johor Bahru Senai International Airport,AirAsia (Watsons Livery),AK,A320,Airbus A320-214,9M-AHX,Departed 09:00,2026-08-02 05:57:58
KUL,departures,2026-08-01,07:50,07:55,8B676,TNU676,CGK,Jakarta Soekarno Hatta International Airport,TransNusa,8B,A321,Airbus A321-211,PK-TLG,Departed 08:55,2026-08-02 05:57:58
KUL,departures,2026-08-01,07:55,08:09,SQ103,SIA103,SIN,Singapore Changi Airport,Singapore Airlines,SQ,B38M,Boeing 737 MAX 8,9V-MBJ,Departed 09:09,2026-08-02 05:57:58
KUL,departures,2026-08-01,07:55,08:11,MH2574,MAS2574,MYY,Miri Airport,Malaysia Airlines,MH,B738,Boeing 737-8H6,9M-MLP,Departed 09:11,2026-08-02 05:57:58
KUL,departures,2026-08-01,07:55,08:22,MH125,MAS125,PER,Perth Airport,Malaysia Airlines,MH,B38M,Boeing 737 MAX 8,9M-MVS,Departed 09:22,2026-08-02 05:57:58
KUL,departures,2026-08-01,08:00,12:24,OD306,MXD306,DPS,Denpasar Ngurah Rai International Airport,Batik Air,ID,B738,Boeing 737-8U3,9M-LDF,Unknown,2026-08-02 05:57:58
KUL,departures,2026-08-01,08:00,08:14,MH784,MH784,BKK,Bangkok Suvarnabhumi Airport,Malaysia Airlines (Malaysia Negaraku Livery),MH,B738,Boeing 737-8H6,9M-MXU,Departed 09:14,2026-08-02 05:57:58
KUL,departures,2026-08-01,08:00,08:46,MH754,MAS754,KTI,Phnom Penh Techo International Airport,Malaysia Airlines,MH,B738,Boeing 737-8H6,9M-MXO,Departed 09:46,2026-08-02 05:57:58
KUL,departures,2026-08-01,08:00,08:28,MH750,MAS750,SGN,Ho Chi Minh City International Airport,Malaysia Airlines,MH,B38M,Boeing 737 MAX 8,9M-MVA,Departed 09:28,2026-08-02 05:57:58
KUL,departures,2026-08-01,08:00,08:26,MH715,MAS715,DPS,Denpasar Ngurah Rai International Airport,Malaysia Airlines (Visit Malaysia 2026 Livery),MH,A333,Airbus A330-323,9M-MTJ,Departed 09:26,2026-08-02 05:57:58
KUL,departures,2026-08-01,08:00,08:30,MH711,MAS711,CGK,Jakarta Soekarno Hatta International Airport,Malaysia Airlines,MH,B738,Boeing 737-8H6,9M-MLR,Departed 09:30,2026-08-02 05:57:58
KUL,departures,2026-08-01,08:00,08:24,MH376,MAS376,CAN,Guangzhou Baiyun International Airport,Malaysia Airlines,MH,A332,Airbus A330-223,9M-MTW,Departed 09:24,2026-08-02 05:57:58
KUL,departures,2026-08-01,08:00,08:18,MH133,MAS133,AKL,Auckland Airport,Malaysia Airlines,MH,A339,Airbus A330-941,9M-MNP,Departed 09:18,2026-08-02 05:57:58
KUL,departures,2026-08-01,08:00,08:31,MH104,MAS104,BLR,Bengaluru Kempegowda International Airport,Malaysia Airlines,MH,B38M,Boeing 737 MAX 8,9M-MVH,Departed 09:31,2026-08-02 05:57:58
KUL,departures,2026-08-01,08:00,08:11,AK364,AXM364,DPS,Denpasar Ngurah Rai International Airport,AirAsia,AK,A21N,Airbus A321-251NX,9M-VAB,Departed 09:11,2026-08-02 05:57:58
KUL,departures,2026-08-01,08:00,08:16,D7320,XAX320,TFU,Chengdu Tianfu International Airport,AirAsia,AK,A333,Airbus A330-343,9M-XXJ,Departed 09:16,2026-08-02 05:57:58
KUL,departures,2026-08-01,08:00,08:04,AK5746,AXM5746,TWU,Tawau Airport,AirAsia (Visit Truly Asia Malaysia 2020 Stickers),AK,A20N,Airbus A320-251N,9M-RAR,Departed 09:04,2026-08-02 05:57:58
KUL,departures,2026-08-01,08:05,08:21,MH611,MAS611,SIN,Singapore Changi Airport,Malaysia Airlines,MH,B738,Boeing 737-8H6,9M-MXQ,Departed 09:21,2026-08-02 05:57:58
KUL,departures,2026-08-01,08:10,08:38,ID7263,BTK7263,KNO,Medan Kuala Namu International Airport,Batik Air,ID,B738,Boeing 737-8GP,PK-LZZ,Departed 09:38,2026-08-02 05:57:58
KUL,departures,2026-08-01,08:10,09:41,QZ321,AWQ321,SUB,Surabaya Juanda International Airport,AirAsia (Colours of Indonesia Livery),AK,A320,Airbus A320-216,PK-AXD,Departed 10:41,2026-08-02 05:57:58
KUL,departures,2026-08-01,08:10,08:36,MH786,MAS786,HKT,Phuket International Airport,Malaysia Airlines,MH,B738,Boeing 737-8H6,9M-MXY,Departed 09:36,2026-08-02 05:57:58
KUL,departures,2026-08-01,08:10,08:40,MH141,MAS141,SYD,Sydney Kingsford Smith Airport,Malaysia Airlines (Malayan Tiger Livery),MH,A333,Airbus A330-323,9M-MTG,Departed 09:40,2026-08-02 05:57:58
KUL,departures,2026-08-01,08:10,08:33,MH72,MAS072,HKG,Hong Kong International Airport,Malaysia Airlines,MH,B38M,Boeing 737 MAX 8,9M-MVO,Departed 09:33,2026-08-02 05:57:58
KUL,departures,2026-08-01,08:10,08:44,MH102,MAS102,DAC,Dhaka Shahjalal International Airport,Malaysia Airlines,MH,B38M,Boeing 737 MAX 8,9M-MVD,Departed 09:44,2026-08-02 05:57:58
KUL,departures,2026-08-01,08:10,,ID7267,,LOP,Lombok International Airport,Batik Air,ID,738,,,Canceled,2026-08-02 05:57:58
KUL,departures,2026-08-01,08:15,,OD352,,SUB,Surabaya Juanda International Airport,Batik Air Malaysia,OD,7M8,,,Canceled,2026-08-02 05:57:58
KUL,departures,2026-08-01,08:15,08:42,MH2610,MAS2610,BKI,Kota Kinabalu International Airport,Malaysia Airlines (Malaysia Negaraku Livery),MH,B738,Boeing 737-8H6,9M-MXF,Departed 09:42,2026-08-02 05:57:58
KUL,departures,2026-08-01,08:15,08:56,MH366,MAS366,TPE,Taipei Taoyuan International Airport,Malaysia Airlines (Oneworld Livery),MH,A333,Airbus A330-323,9M-MTE,Departed 09:56,2026-08-02 05:57:58
KUL,departures,2026-08-01,08:15,08:27,AK642,AXM642,DAD,Da Nang International Airport,AirAsia,AK,A20N,Airbus A320-251N,9M-AGD,Departed 09:27,2026-08-02 05:57:58
KUL,departures,2026-08-01,08:20,08:52,MH129,MAS129,MEL,Melbourne Airport,Malaysia Airlines,MH,A339,Airbus A330-941,9M-MNO,Departed 09:52,2026-08-02 05:57:58
KUL,departures,2026-08-01,08:20,08:46,D7378,XAX378,TPE,Taipei Taoyuan International Airport,AirAsia,AK,A333,Airbus A330-343,9M-XXK,Departed 09:46,2026-08-02 05:57:58
KUL,departures,2026-08-01,08:20,08:25,AK5204,AXM5204,KCH,Kuching International Airport,AirAsia (Save Our Malayan Tiger Livery),AK,A320,Airbus A320-216,9M-AQZ,Departed 09:25,2026-08-02 05:57:58
KUL,departures,2026-08-01,08:25,08:48,MH1432,MAS1432,LGK,Langkawi International Airport,Malaysia Airlines,MH,B738,Boeing 737-8H6,9M-MXB,Departed 09:48,2026-08-02 05:57:58
KUL,departures,2026-08-01,08:25,08:50,MH1268,MAS1268,KUA,Kuantan Sultan Haji Ahmad Shah Airport,Malaysia Airlines,MH,B738,Boeing 737-8FZ,9M-MLL,Departed 09:50,2026-08-02 05:57:58
KUL,departures,2026-08-01,08:25,08:54,MH182,MAS182,MAA,Chennai International Airport,Malaysia Airlines,MH,B38M,Boeing 737 MAX 8,9M-MVF,Departed 09:54,2026-08-02 05:57:58
KUL,departures,2026-08-01,08:25,09:03,MH174,MAS174,BOM,Mumbai Chhatrapati Shivaji International Airport,Malaysia Airlines,MH,B38M,Boeing 737 MAX 8,9M-MVC,Departed 10:03,2026-08-02 05:57:58
KUL,departures,2026-08-01,08:25,,FY3692,,CEB,Cebu Mactan International Airport,Firefly,FY,738,,,Unknown,2026-08-02 05:57:58
KUL,departures,2026-08-01,08:25,08:38,AK6142,AXM6142,PEN,Penang International Airport,AirAsia,AK,A20N,Airbus A320-251N,9M-AGS,Departed 09:38,2026-08-02 05:57:58
KUL,departures,2026-08-01,08:25,08:31,AK452,AXM452,SRG,Semarang Achmad Yani International Airport,AirAsia,AK,A20N,Airbus A320-251N,9M-AGG,Departed 09:31,2026-08-02 05:57:58
KUL,departures,2026-08-01,08:30,17:37,WY822,OMA822,MCT,Muscat International Airport,Oman Air,WY,B789,Boeing 787-9 Dreamliner,A4O-SI,Departed 18:37,2026-08-02 05:57:58
KUL,departures,2026-08-01,08:30,09:05,QR845,QTR36A,DOH,Doha Hamad International Airport,Qatar Airways,QR,B77W,Boeing 777-3DZ(ER),A7-BAE,Departed 10:05,2026-08-02 05:57:58
KUL,departures,2026-08-01,08:30,08:58,OD1900,MXD1900,TWU,Tawau Airport,Batik Air,ID,B738,Boeing 737-8U3,9M-LCW,Departed 09:58,2026-08-02 05:57:58
KUL,departures,2026-08-01,08:30,,OD322,,KNO,Medan Kuala Namu International Airport,Batik Air Malaysia,OD,738,,,Canceled,2026-08-02 05:57:58
KUL,departures,2026-08-01,08:30,09:00,MH1051,MAS1051,JHB,Johor Bahru Senai International Airport,Malaysia Airlines,MH,B738,Boeing 737-8H6,9M-MLS,Departed 10:00,2026-08-02 05:57:58
KUL,departures,2026-08-01,08:30,09:10,MH170,MAS170,KTM,Kathmandu Tribhuvan International Airport,Malaysia Airlines,MH,B38M,Boeing 737 MAX 8,9M-MVQ,Departed 10:10,2026-08-02 05:57:58
KUL,departures,2026-08-01,08:30,08:42,AK5872,AXM5872,SBW,Sibu Airport,AirAsia (Universiti Teknologi Malaysia Livery),AK,A320,Airbus A320-216,9M-AJE,Departed 09:42,2026-08-02 05:57:58
KUL,departures,2026-08-01,08:35,09:08,MH752,MAS752,HAN,Hanoi Noi Bai International Airport,Malaysia Airlines,MH,B38M,Boeing 737 MAX 8,9M-MVI,Departed 10:08,2026-08-02 05:57:58
KUL,departures,2026-08-01,08:35,09:31,AK462,AXM462,PLM,Palembang International Airport,AirAsia,AK,A20N,Airbus A320-251N,9M-AGQ,Departed 10:31,2026-08-02 05:57:58
KUL,departures,2026-08-01,08:40,08:49,AK346,AXM346,YIA,Yogyakarta International Airport,AirAsia (De'Xandra Livery),AK,A320,Airbus A320-216,9M-AQM,Departed 09:49,2026-08-02 05:57:58
KUL,departures,2026-08-01,08:45,09:02,MY5002,BNE5002,KCH,Kuching International Airport,AirBorneo,MY,B738,Boeing 737-8U3,9M-LCZ,Departed 10:02,2026-08-02 05:57:58
KUL,departures,2026-08-01,08:50,09:14,TK63,THY48L,IST,Istanbul Airport,Turkish Airlines,TK,A359,Airbus A350-941,TC-LGR,Departed 10:14,2026-08-02 05:57:58
KUL,departures,2026-08-01,08:50,09:12,OD522,MXD522,DMK,Bangkok Don Mueang International Airport,Batik Air,ID,B38M,Boeing 737 MAX 8,9M-LRW,Departed 10:12,2026-08-02 05:57:58
KUL,departures,2026-08-01,08:50,09:34,MH70,MAS70,NRT,Tokyo Narita International Airport,Malaysia Airlines,MH,A333,Airbus A330-323,9M-MTB,Departed 10:34,2026-08-02 05:57:58
KUL,departures,2026-08-01,08:50,09:16,MH4,MAS4,LHR,London Heathrow Airport,Malaysia Airlines (Malaysia Negaraku Livery),MH,A359,Airbus A350-941,9M-MAC,Departed 10:16,2026-08-02 05:57:58
KUL,departures,2026-08-01,08:50,10:02,EY489,ETD7NW,AUH,Abu Dhabi Zayed International Airport,Etihad Airways,EY,B789,Boeing 787-9 Dreamliner,A6-BLX,Departed 11:02,2026-08-02 05:57:58
KUL,departures,2026-08-01,09:00,09:24,OD1722,MXD1722,BTU,Bintulu Airport,Batik Air,ID,B738,Boeing 737-8GP,9M-LNP,Departed 10:24,2026-08-02 05:57:58
KUL,departures,2026-08-01,09:00,09:25,OD2201,MXD2201,LGK,Langkawi International Airport,Batik Air,ID,B738,Boeing 737-8U3,9M-LDG,Departed 10:25,2026-08-02 05:57:58
KUL,departures,2026-08-01,09:00,09:58,OD356,MXD356,BTH,Batam Hang Nadim Airport,Batik Air,ID,B38M,Boeing 737 MAX 8,9M-LRD,Departed 10:58,2026-08-02 05:57:58
KUL,departures,2026-08-01,09:00,09:47,MH717,MAS717,CGK,Jakarta Soekarno Hatta International Airport,Malaysia Airlines,MH,B38M,Boeing 737 MAX 8,9M-MVK,Departed 10:47,2026-08-02 05:57:58
KUL,departures,2026-08-01,09:00,09:48,G9801,ABY801,SHJ,Sharjah International Airport,Air Arabia,G9,A21N,Airbus A321-251NX(LR),A6-ATC,Departed 10:48,2026-08-02 05:57:58
KUL,departures,2026-08-01,09:00,09:06,AK492,AXM492,PNK,Pontianak Supadio Airport,AirAsia,AK,A320,Airbus A320-216,9M-AJZ,Departed 10:06,2026-08-02 05:57:58
KUL,departures,2026-08-01,09:05,09:19,AK6222,AXM6222,TGG,Kuala Terengganu Sultan Mahmud Airport,AirAsia,AK,A320,Airbus A320-216,9M-RAI,Departed 10:19,2026-08-02 05:57:58
KUL,departures,2026-08-01,09:10,09:27,OD571,MXD571,HAN,Hanoi Noi Bai International Airport,Batik Air,ID,B38M,Boeing 737 MAX 8,9M-LRT,Departed 10:27,2026-08-02 05:57:58
KUL,departures,2026-08-01,09:10,09:20,MH704,MAS704,MNL,Manila Ninoy Aquino International Airport,Malaysia Airlines,MH,B38M,Boeing 737 MAX 8,9M-MVJ,Departed 10:20,2026-08-02 05:57:58
KUL,departures,2026-08-01,09:10,09:29,MH485,MAS485,MLE,Male Velana International Airport,Malaysia Airlines,MH,B38M,Boeing 737 MAX 8,9M-MVE,Departed 10:29,2026-08-02 05:57:58
KUL,departures,2026-08-01,09:10,09:22,MH627,MAS627,SIN,Singapore Changi Airport,Malaysia Airlines,MH,B738,Boeing 737-8H6,9M-MSB,Departed 10:22,2026-08-02 05:57:58
KUL,departures,2026-08-01,09:10,09:44,AK5110,AXM5110,BKI,Kota Kinabalu International Airport,AirAsia,AK,A21N,Airbus A321-251NX,9M-VAF,Departed 10:44,2026-08-02 05:57:58
KUL,departures,2026-08-01,09:10,09:21,AK832,AXM832,HKT,Phuket International Airport,AirAsia,AK,A320,Airbus A320-214,9M-RCG,Departed 10:21,2026-08-02 05:57:58
KUL,departures,2026-08-01,09:10,09:16,AK204,AXM204,CXR,Nha Trang Cam Ranh International Airport,AirAsia,AK,A320,Airbus A320-216,9M-RAT,Departed 10:16,2026-08-02 05:57:58
KUL,departures,2026-08-01,09:15,09:45,OD605,MXD605,HKG,Hong Kong International Airport,Batik Air,ID,B738,Boeing 737-86N,9M-LDT,Departed 10:45,2026-08-02 05:57:58
KUL,departures,2026-08-01,09:20,,OD184,,KTM,Kathmandu Tribhuvan International Airport,Batik Air Malaysia,OD,7M8,,,Canceled,2026-08-02 05:57:58
KUL,departures,2026-08-01,09:20,09:42,EK345,UAE8Y,DXB,Dubai International Airport,Emirates,EK,B77W,Boeing 777-31H(ER),A6-EGO,Departed 10:42,2026-08-02 05:57:58
KUL,departures,2026-08-01,09:20,09:35,AK707,AXM707,SIN,Singapore Changi Airport,AirAsia,AK,A21N,Airbus A321-251NX,9M-VAD,Departed 10:35,2026-08-02 05:57:58
KUL,departures,2026-08-01,09:25,09:54,SQ105,SIA105,SIN,Singapore Changi Airport,Singapore Airlines,SQ,A359,Airbus A350-941,9V-SMR,Departed 10:54,2026-08-02 05:57:58
KUL,departures,2026-08-01,09:25,09:38,MH2710,MAS2710,SDK,Sandakan Airport,Malaysia Airlines (Oneworld Livery),MH,B738,Boeing 737-8H6,9M-MXC,Departed 10:38,2026-08-02 05:57:58
KUL,departures,2026-08-01,09:30,09:56,IA456,IAW456,BGW,Baghdad International Airport,Iraqi Airways,IA,B77L,Boeing 777-29M(LR),YI-AQZ,Departed 10:56,2026-08-02 05:57:55
KUL,departures,2026-08-01,09:30,09:40,OD803,MXD803,SIN,Singapore Changi Airport,Batik Air,ID,B738,Boeing 737-8GP,9M-LNY,Departed 10:40,2026-08-02 05:57:55
KUL,departures,2026-08-01,09:30,10:00,OD502,MXD502,DAD,Da Nang International Airport,Batik Air (Visit Malaysia Truly Asia 2026 Livery),ID,B38M,Boeing 737 MAX 8,9M-LRL,Departed 11:00,2026-08-02 05:57:58
KUL,departures,2026-08-01,09:30,09:48,AK6320,AXM6320,LGK,Langkawi International Airport,AirAsia,AK,A320,Airbus A320-214,9M-RCB,Departed 10:48,2026-08-02 05:57:58
KUL,departures,2026-08-01,09:30,09:30,AK5232,AXM5232,KCH,Kuching International Airport,AirAsia,AK,A320,Airbus A320-216,9M-AGM,Departed 10:30,2026-08-02 05:57:58
KUL,departures,2026-08-01,09:30,09:36,AK391,AXM391,KNO,Medan Kuala Namu International Airport,AirAsia,AK,A320,Airbus A320-216,9M-AGP,Departed 10:36,2026-08-02 05:57:58
KUL,departures,2026-08-01,09:35,09:54,AK431,AXM431,PKU,Pekanbaru Sultan Syarif Kasim II Airport,AirAsia,AK,A320,Airbus A320-216,9M-DAG,Departed 10:54,2026-08-02 05:57:55
KUL,departures,2026-08-01,09:40,09:52,MF8716,CXA8716,NKG,Nanjing Lukou International Airport,Xiamen Air,MF,B38M,Boeing 737 MAX 8,B-20DW,Departed 10:52,2026-08-02 05:57:55
KUL,departures,2026-08-01,09:45,11:06,AK310,AXM310,LBJ,Labuan Bajo Komodo Airport,AirAsia,AK,A20N,Airbus A320-251N,9M-AGL,Departed 12:06,2026-08-02 05:57:55
KUL,departures,2026-08-01,09:55,10:07,KT174,KTC174,KOS,Sihanoukville International Airport,AirAsia,AK,A320,Airbus A320-214,XU-819,Departed 11:07,2026-08-02 05:57:55
KUL,departures,2026-08-01,09:55,10:14,AK5642,AXM5642,MYY,Miri Airport,AirAsia,AK,A20N,Airbus A320-251N,9M-AGO,Departed 11:14,2026-08-02 05:57:55
KUL,departures,2026-08-01,09:55,10:04,AK866,AXM866,KBV,Krabi Airport,AirAsia (Sarawak Livery),AK,A320,Airbus A320-216,9M-AJD,Departed 11:04,2026-08-02 05:57:55
KUL,departures,2026-08-01,10:00,10:19,SQ107,SIA107,SIN,Singapore Changi Airport,Singapore Airlines,SQ,B38M,Boeing 737 MAX 8,9V-MBI,Departed 11:19,2026-08-02 05:57:55
KUL,departures,2026-08-01,10:00,10:09,MH2520,MAS2520,KCH,Kuching International Airport,Malaysia Airlines,MH,B738,Boeing 737-8H6,9M-MXH,Departed 11:09,2026-08-02 05:57:55
KUL,departures,2026-08-01,10:05,10:17,AK528,AXM528,SGN,Ho Chi Minh City International Airport,AirAsia,AK,A320,Airbus A320-214,9M-AHV,Departed 11:17,2026-08-02 05:57:55
KUL,departures,2026-08-01,10:15,10:21,QZ325,AWQ325,SUB,Surabaya Juanda International Airport,AirAsia,AK,A320,Airbus A320-214,PK-AZJ,Departed 11:21,2026-08-02 05:57:55
KUL,departures,2026-08-01,10:25,10:42,OD526,MXD526,DMK,Bangkok Don Mueang International Airport,Batik Air,ID,B38M,Boeing 737 MAX 8,9M-LRU,Departed 11:42,2026-08-02 05:57:55
KUL,departures,2026-08-01,10:25,10:33,AK406,AXM406,PDG,Padang Minangkabau International Airport,AirAsia (HYROX Livery),AK,A320,Airbus A320-216,9M-AHR,Departed 11:33,2026-08-02 05:57:55
KUL,departures,2026-08-01,10:30,10:41,FY3610,FFM3610,KBV,Krabi Airport,Firefly,FY,B738,Boeing 737-8FZ,9M-MLH,Departed 11:41,2026-08-02 05:57:55
KUL,departures,2026-08-01,10:30,11:04,AK351,AXM351,CGK,Jakarta Soekarno Hatta International Airport,AirAsia,AK,A320,Airbus A320-216,9M-AHT,Departed 12:04,2026-08-02 05:57:55
KUL,departures,2026-08-01,10:35,10:53,TR451,TGW451,SIN,Singapore Changi Airport,Scoot,TR,A320,Airbus A320-232,9V-TRO,Departed 11:53,2026-08-02 05:57:55
KUL,departures,2026-08-01,10:35,10:50,MH2646,MAS2646,BKI,Kota Kinabalu International Airport,Malaysia Airlines,MH,B738,Boeing 737-8H6,9M-MXW,Departed 11:50,2026-08-02 05:57:55
KUL,departures,2026-08-01,10:40,10:50,AK376,AXM376,DPS,Denpasar Ngurah Rai International Airport,AirAsia,AK,A320,Airbus A320-214,9M-AJG,Departed 11:50,2026-08-02 05:57:55
KUL,departures,2026-08-01,10:45,11:04,OD388,MXD388,CGK,Jakarta Soekarno Hatta International Airport,Batik Air,ID,B38M,Boeing 737 MAX 8,9M-LRJ,Departed 12:04,2026-08-02 05:57:55
KUL,departures,2026-08-01,10:45,10:56,MH603,MAS603,SIN,Singapore Changi Airport,Malaysia Airlines,MH,B738,Boeing 737-8H6,9M-MXG,Departed 11:56,2026-08-02 05:57:55
KUL,departures,2026-08-01,10:45,11:09,AK6304,AXM6304,LGK,Langkawi International Airport,AirAsia,AK,A320,Airbus A320-216,9M-RAE,Departed 12:09,2026-08-02 05:57:55
KUL,departures,2026-08-01,10:45,10:56,AK5140,AXM5140,BKI,Kota Kinabalu International Airport,AirAsia,AK,A320,Airbus A320-216,9M-RAC,Departed 11:56,2026-08-02 05:57:55
KUL,departures,2026-08-01,10:45,10:45,AK882,AXM882,DMK,Bangkok Don Mueang International Airport,AirAsia,AK,A21N,Airbus A321-251NX,9M-VAH,Departed 11:45,2026-08-02 05:57:55
KUL,departures,2026-08-01,10:50,10:59,AK6126,AXM6126,PEN,Penang International Airport,AirAsia,AK,A320,Airbus A320-216,9M-AGY,Departed 11:59,2026-08-02 05:57:55
KUL,departures,2026-08-01,10:55,11:07,MH1438,MAS1438,LGK,Langkawi International Airport,Malaysia Airlines,MH,B738,Boeing 737-8FZ,9M-FFF,Departed 12:07,2026-08-02 05:57:55
KUL,departures,2026-08-01,10:55,11:02,AK711,AXM711,SIN,Singapore Changi Airport,AirAsia,AK,A320,Airbus A320-216,9M-AQP,Departed 12:02,2026-08-02 05:57:55
KUL,departures,2026-08-01,11:00,11:11,OD2203,MXD2203,LGK,Langkawi International Airport,Batik Air,ID,B738,Boeing 737-8GP,9M-LNR,Departed 12:11,2026-08-02 05:57:55
KUL,departures,2026-08-01,11:00,12:05,OD540,MXD540,HKT,Phuket International Airport,Batik Air,ID,B738,Boeing 737-8GP,9M-LNC,Departed 13:05,2026-08-02 05:57:55
KUL,departures,2026-08-01,11:00,12:53,AK512,AXM512,HAN,Hanoi Noi Bai International Airport,AirAsia,AK,A320,Airbus A320-216,9M-DAG,Departed 13:53,2026-08-02 05:57:55
KUL,departures,2026-08-01,11:00,11:26,8G922,DTL922,DIL,Dili Presidente Nicolau Lobato International Airport,Aero Dili,8G,A319,Airbus A319-115,4W-AAO,Departed 12:26,2026-08-02 05:57:55
KUL,departures,2026-08-01,11:05,11:03,AK6040,AXM6040,JHB,Johor Bahru Senai International Airport,AirAsia (Watsons Livery),AK,A320,Airbus A320-214,9M-AHX,Departed 12:03,2026-08-02 05:57:55
KUL,departures,2026-08-01,11:05,11:42,AK6442,AXM6442,KBR,Kota Bharu Sultan Ismail Petra Airport,AirAsia,AK,A320,Airbus A320-216,9M-AQS,Departed 12:42,2026-08-02 05:57:55
KUL,departures,2026-08-01,11:05,11:23,8M502,MMA502,RGN,Yangon International Airport,Myanmar Airways International,8M,A319,Airbus A319-115,XY-ALK,Departed 12:23,2026-08-02 05:57:55
KUL,departures,2026-08-01,11:10,11:13,QZ121,AWQ121,KNO,Medan Kuala Namu International Airport,AirAsia,AK,A320,Airbus A320-214,PK-AZI,Departed 12:13,2026-08-02 05:57:55
KUL,departures,2026-08-01,11:10,11:59,MH788,MAS788,BKK,Bangkok Suvarnabhumi Airport,Malaysia Airlines,MH,B38M,Boeing 737 MAX 8,9M-MVN,Departed 12:59,2026-08-02 05:57:55
KUL,departures,2026-08-01,11:10,11:12,BI872,RBA872,BWN,Brunei International Airport,Royal Brunei Airlines (50th Anniversary sticker),BI,A20N,Airbus A320-251N,V8-RBE,Departed 12:12,2026-08-02 05:57:55
KUL,departures,2026-08-01,11:10,13:50,AK5172,AXM5172,LBU,Labuan Airport,AirAsia (General Electric Livery),AK,A320,Airbus A320-216,9M-AQB,Departed 14:50,2026-08-02 05:57:55
KUL,departures,2026-08-01,11:20,11:40,PR526,PAL526,MNL,Manila Ninoy Aquino International Airport,Philippine Airlines,PR,A21N,Airbus A321-271N,RP-C9930,Departed 12:40,2026-08-02 05:57:55
KUL,departures,2026-08-01,11:25,11:37,OD2104,MXD2104,PEN,Penang International Airport,Batik Air,ID,B738,Boeing 737-8GP,9M-LDD,Departed 12:37,2026-08-02 05:57:55
KUL,departures,2026-08-01,11:25,,MH6170,,KCH,Kuching International Airport,Malaysia Airlines,MH,33X,,,Unknown,2026-08-02 05:57:55
KUL,departures,2026-08-01,11:25,11:44,MH851,MAS851,DPS,Denpasar Ngurah Rai International Airport,Malaysia Airlines,MH,B738,Boeing 737-8H6,9M-MXD,Departed 12:44,2026-08-02 05:57:55
KUL,departures,2026-08-01,11:25,11:35,AK5208,AXM5208,KCH,Kuching International Airport,AirAsia,AK,A320,Airbus A320-216,9M-DAB,Departed 12:35,2026-08-02 05:57:55
KUL,departures,2026-08-01,11:30,11:49,MH2530,MAS2530,KCH,Kuching International Airport,Malaysia Airlines,MH,B738,Boeing 737-8H6,9M-MXT,Departed 12:49,2026-08-02 05:57:55
KUL,departures,2026-08-01,11:30,11:53,AK824,AXM824,HKT,Phuket International Airport,AirAsia,AK,A320,Airbus A320-214,9M-AFE,Departed 12:53,2026-08-02 05:57:55
KUL,departures,2026-08-01,11:40,12:01,AK727,AXM727,SIN,Singapore Changi Airport,AirAsia,AK,A320,Airbus A320-216,9M-RAO,Departed 13:01,2026-08-02 05:57:55
KUL,departures,2026-08-01,11:45,12:14,D7600,XAX600,ALA,Almaty International Airport,AirAsia,AK,A333,Airbus A330-343,9M-XBI,Departed 13:14,2026-08-02 05:57:55
KUL,departures,2026-08-01,11:50,12:25,ZH328,CSZ328,SZX,Shenzhen Bao'an International Airport,Shenzhen Airlines,ZH,B38M,Boeing 737 MAX 8,B-225K,Departed 13:25,2026-08-02 05:57:55
KUL,departures,2026-08-01,11:50,11:55,AK368,AXM368,DPS,Denpasar Ngurah Rai International Airport,AirAsia,AK,A21N,Airbus A321-251NX,9M-VAC,Departed 12:55,2026-08-02 05:57:55
KUL,departures,2026-08-01,11:50,12:11,GA821,GIA821,CGK,Jakarta Soekarno Hatta International Airport,Garuda Indonesia,GA,B738,Boeing 737-8U3,PK-GNR,Departed 13:11,2026-08-02 05:57:55
KUL,departures,2026-08-01,11:50,11:57,AK6324,AXM6324,LGK,Langkawi International Airport,AirAsia,AK,A20N,Airbus A320-251N,9M-AGS,Departed 12:57,2026-08-02 05:57:55
KUL,departures,2026-08-01,11:50,11:54,AK545,AXM545,PQC,Phu Quoc International Airport,AirAsia,AK,A320,Airbus A320-214,9M-DAE,Departed 12:54,2026-08-02 05:57:55
KUL,departures,2026-08-01,11:55,12:09,MH2614,MAS2614,BKI,Kota Kinabalu International Airport,Malaysia Airlines,MH,B738,Boeing 737-8H6,9M-MXE,Departed 13:09,2026-08-02 05:57:55
KUL,departures,2026-08-01,11:55,12:14,MH794,MAS794,HKT,Phuket International Airport,Malaysia Airlines,MH,B738,Boeing 737-8H6,9M-MLM,Departed 13:14,2026-08-02 05:57:55
KUL,departures,2026-08-01,11:55,12:02,MH38,MAS038,ICN,Seoul Incheon International Airport,Malaysia Airlines,MH,B38M,Boeing 737 MAX 8,9M-MVR,Departed 13:02,2026-08-02 05:57:55
KUL,departures,2026-08-01,12:00,12:18,SV829,SVA829,RUH,Riyadh King Khalid International Airport,Saudia,SV,B77W,Boeing 777-368(ER),HZ-AK23,Departed 13:18,2026-08-02 05:57:55
KUL,departures,2026-08-01,12:05,12:22,MH1426,MAS1426,KBR,Kota Bharu Sultan Ismail Petra Airport,Malaysia Airlines,MH,B738,Boeing 737-8H6,9M-MXQ,Departed 13:22,2026-08-02 05:57:55
KUL,departures,2026-08-01,12:05,12:16,MH1208,MAS1208,AOR,Alor Setar Sultan Abdul Halim Airport,Malaysia Airlines,MH,B738,Boeing 737-8FZ,9M-MLL,Departed 13:16,2026-08-02 05:57:55
KUL,departures,2026-08-01,12:05,13:14,AK5644,AXM5644,MYY,Miri Airport,AirAsia,AK,A20N,Airbus A320-251N,9M-RAB,Departed 14:14,2026-08-02 05:57:55
KUL,departures,2026-08-01,12:05,12:18,AK168,AXM168,NNG,Nanning Wuxu International Airport,AirAsia,AK,A320,Airbus A320-216,9M-RAI,Departed 13:18,2026-08-02 05:57:55
KUL,departures,2026-08-01,12:10,12:21,MH1436,MAS1436,LGK,Langkawi International Airport,Malaysia Airlines,MH,B738,Boeing 737-8H6,9M-MLS,Departed 13:21,2026-08-02 05:57:55
KUL,departures,2026-08-01,12:10,13:13,CX722,CPA722,HKG,Hong Kong International Airport,Cathay Pacific,CX,A333,Airbus A330-343,B-HLS,Departed 14:13,2026-08-02 05:57:55
KUL,departures,2026-08-01,12:10,12:30,AK101,AXM101,KMG,Kunming Changshui International Airport,AirAsia,AK,A320,Airbus A320-214,9M-AJT,Departed 13:30,2026-08-02 05:57:55
KUL,departures,2026-08-01,12:20,12:33,TG416,THA416,BKK,Bangkok Suvarnabhumi Airport,Thai Airways,TG,B789,Boeing 787-9 Dreamliner,HS-TWD,Departed 13:33,2026-08-02 05:57:55
KUL,departures,2026-08-01,12:20,12:53,AK384,AXM384,CGK,Jakarta Soekarno Hatta International Airport,AirAsia,AK,A20N,Airbus A320-251N,9M-AGH,Departed 13:53,2026-08-02 05:57:55
KUL,departures,2026-08-01,12:25,12:36,MH623,MAS623,SIN,Singapore Changi Airport,Malaysia Airlines,MH,B738,Boeing 737-8H6,9M-MXM,Departed 13:36,2026-08-02 05:57:55
KUL,departures,2026-08-01,12:25,13:02,AK6116,AXM6116,PEN,Penang International Airport,AirAsia,AK,A21N,Airbus A321-251NX,9M-XVE,Departed 14:02,2026-08-02 05:57:55
KUL,departures,2026-08-01,12:30,13:51,OD1004,MXD1004,BKI,Kota Kinabalu International Airport,Batik Air,ID,B38M,Boeing 737 MAX 8,9M-LRD,Departed 14:51,2026-08-02 05:57:55
KUL,departures,2026-08-01,12:30,13:54,OD1634,MXD1634,KCH,Kuching International Airport,Batik Air,ID,B738,Boeing 737-8GP,9M-LNY,Departed 14:54,2026-08-02 05:57:55
KUL,departures,2026-08-01,12:30,12:39,AK884,AXM884,DMK,Bangkok Don Mueang International Airport,AirAsia,AK,A320,Airbus A320-216,9M-AGU,Departed 13:39,2026-08-02 05:57:55
KUL,departures,2026-08-01,12:30,12:45,AK856,AXM856,CNX,Chiang Mai International Airport,AirAsia (BIG Duty Free Livery),AK,A320,Airbus A320-214,9M-AHY,Departed 13:45,2026-08-02 05:57:55
KUL,departures,2026-08-01,12:35,13:21,VJ826,VJC826,SGN,Ho Chi Minh City International Airport,VietJet Air,VJ,A321,Airbus A321-211,VN-A684,Departed 14:21,2026-08-02 05:57:55
KUL,departures,2026-08-01,12:40,12:43,AK6318,AXM6318,LGK,Langkawi International Airport,AirAsia (Persona 5 Royal Livery),AK,A320,Airbus A320-214,9M-AFF,Departed 13:43,2026-08-02 05:57:55
KUL,departures,2026-08-01,12:45,12:51,MH2536,MAS2536,KCH,Kuching International Airport,Malaysia Airlines,MH,B738,Boeing 737-8H6,9M-MXB,Departed 13:51,2026-08-02 05:57:55
KUL,departures,2026-08-01,12:45,12:56,MH721,MAS721,CGK,Jakarta Soekarno Hatta International Airport,Malaysia Airlines,MH,B738,Boeing 737-8H6,9M-MXS,Departed 13:56,2026-08-02 05:57:55
KUL,departures,2026-08-01,12:45,13:45,KT172,KTC172,SAI,Siem Reap Angkor International Airport,AirAsia (Cambodia Livery),AK,A320,Airbus A320-214,XU-818,Departed 14:45,2026-08-02 05:57:55
KUL,departures,2026-08-01,12:45,14:30,AK278,AXM278,BWN,Brunei International Airport,AirAsia (Sarawak Livery),AK,A320,Airbus A320-216,9M-AJD,Departed 15:30,2026-08-02 05:57:55
KUL,departures,2026-08-01,12:50,14:35,AK5210,AXM5210,KCH,Kuching International Airport,AirAsia,AK,A320,Airbus A320-216,9M-AQP,Departed 15:35,2026-08-02 05:57:55
KUL,departures,2026-08-01,13:00,14:49,AK6042,AXM6042,JHB,Johor Bahru Senai International Airport,AirAsia,AK,A320,Airbus A320-216,9M-AQN,Departed 15:49,2026-08-02 05:57:55
KUL,departures,2026-08-01,13:00,13:16,OD193,MXD193,DPS,Denpasar Ngurah Rai International Airport,Batik Air,ID,B738,Boeing 737-8U3,9M-LDG,Departed 14:16,2026-08-02 05:57:55
KUL,departures,2026-08-01,13:00,14:43,FM7222,CSH7222,PVG,Shanghai Pudong International Airport,Shanghai Airlines,FM,B38M,Boeing 737 MAX 8,B-1260,Departed 15:43,2026-08-02 05:57:55
KUL,departures,2026-08-01,13:00,13:11,CZ350,CSN350,CAN,Guangzhou Baiyun International Airport,China Southern Airlines,CZ,B789,Boeing 787-9 Dreamliner,B-209D,Departed 14:11,2026-08-02 05:57:55
KUL,departures,2026-08-01,13:00,13:06,AK640,AXM640,DAD,Da Nang International Airport,AirAsia,AK,A320,Airbus A320-216,9M-AGP,Departed 14:06,2026-08-02 05:57:55
KUL,departures,2026-08-01,13:05,13:04,MH1148,MAS1148,PEN,Penang International Airport,Malaysia Airlines,MH,B738,Boeing 737-8H6,9M-MXN,Departed 14:04,2026-08-02 05:57:55
KUL,departures,2026-08-01,13:05,13:19,ID7283,BTK7283,CGK,Jakarta Soekarno Hatta International Airport,Batik Air,ID,B738,Boeing 737-86N,PK-BGZ,Departed 14:19,2026-08-02 05:57:55
KUL,departures,2026-08-01,13:05,14:08,AK5116,AXM5116,BKI,Kota Kinabalu International Airport,AirAsia,AK,A20N,Airbus A320-251N,9M-RAL,Departed 15:08,2026-08-02 05:57:55
KUL,departures,2026-08-01,13:10,13:17,FY2953,FFM2953,PEN,Penang International Airport,Firefly,FY,B738,Boeing 737-8FZ,9M-MLG,Departed 14:17,2026-08-02 05:57:55
KUL,departures,2026-08-01,13:10,13:47,D7522,XAX522,HND,Tokyo Haneda International Airport,AirAsia (UFC Livery),AK,A333,Airbus A330-343,9M-XXD,Departed 14:47,2026-08-02 05:57:55
KUL,departures,2026-08-01,13:10,13:09,FY2692,FFM2692,TGG,Kuala Terengganu Sultan Mahmud Airport,Firefly,FY,B738,Boeing 737-8FZ,9M-MLF,Departed 14:09,2026-08-02 05:57:55
KUL,departures,2026-08-01,13:15,13:24,NH886,ANA886,HND,Tokyo Haneda International Airport,All Nippon Airways,NH,B788,Boeing 787-8 Dreamliner,JA834A,Departed 14:24,2026-08-02 05:57:55
KUL,departures,2026-08-01,13:15,13:43,AK6440,AXM6440,KBR,Kota Bharu Sultan Ismail Petra Airport,AirAsia,AK,A320,Airbus A320-216,9M-AJZ,Departed 14:43,2026-08-02 05:57:55
KUL,departures,2026-08-01,13:15,13:32,AK606,AXM606,PER,Perth Airport,AirAsia,AK,A21N,Airbus A321-251NX,9M-VAD,Departed 14:32,2026-08-02 05:57:55
KUL,departures,2026-08-01,13:15,13:24,HU7924,CHH7924,CKG,Chongqing Jiangbei International Airport,Hainan Airlines,HU,B38M,Boeing 737 MAX 8,B-207S,Departed 14:24,2026-08-02 05:57:55
KUL,departures,2026-08-01,13:15,13:27,AK6228,AXM6228,TGG,Kuala Terengganu Sultan Mahmud Airport,AirAsia,AK,A320,Airbus A320-214,9M-RCB,Departed 14:27,2026-08-02 05:57:55
KUL,departures,2026-08-01,13:15,13:42,AK5870,AXM5870,SBW,Sibu Airport,AirAsia,AK,A320,Airbus A320-214,9M-RCG,Departed 14:42,2026-08-02 05:57:55
KUL,departures,2026-08-01,13:15,13:30,8M504,MMA504,RGN,Yangon International Airport,Myanmar Airways International,8M,A319,Airbus A319-112,XY-ALZ,Departed 14:30,2026-08-02 05:57:55
KUL,departures,2026-08-01,13:20,13:36,MH2616,MAS2616,BKI,Kota Kinabalu International Airport,Malaysia Airlines,MH,B738,Boeing 737-8H6,9M-MXY,Departed 14:36,2026-08-02 05:57:55
KUL,departures,2026-08-01,13:25,13:41,OD1906,MXD1906,SBW,Sibu Airport,Batik Air,ID,B738,Boeing 737-8GP,9M-LNZ,Departed 14:41,2026-08-02 05:57:55
KUL,departures,2026-08-01,13:25,13:38,AK715,AXM715,SIN,Singapore Changi Airport,AirAsia,AK,A20N,Airbus A320-251N,9M-AGQ,Departed 14:38,2026-08-02 05:57:55
KUL,departures,2026-08-01,13:30,13:38,VJ1814,VJC1814,SGN,Ho Chi Minh City International Airport,VietJet Air,VJ,A321,Airbus A321-211,VN-A644,Departed 14:38,2026-08-02 05:57:52
KUL,departures,2026-08-01,13:30,13:34,OD1726,MXD1726,BTU,Bintulu Airport,Batik Air,ID,B738,Boeing 737-8GP,9M-LNQ,Departed 14:34,2026-08-02 05:57:52
KUL,departures,2026-08-01,13:30,13:32,MH758,MAS758,SGN,Ho Chi Minh City International Airport,Malaysia Airlines,MH,B38M,Boeing 737 MAX 8,9M-MVG,Departed 14:32,2026-08-02 05:57:55
KUL,departures,2026-08-01,13:35,14:55,SQ113,SIA113,SIN,Singapore Changi Airport,Singapore Airlines,SQ,B38M,Boeing 737 MAX 8,9V-MBK,Departed 15:55,2026-08-02 05:57:52
KUL,departures,2026-08-01,13:35,13:48,MH2664,MAS2664,TWU,Tawau Airport,Malaysia Airlines,MH,B738,Boeing 737-8H6,9M-MXA,Departed 14:48,2026-08-02 05:57:52
KUL,departures,2026-08-01,13:35,13:58,AK397,AXM397,KNO,Medan Kuala Namu International Airport,AirAsia,AK,A320,Airbus A320-216,9M-RAA,Departed 14:58,2026-08-02 05:57:52
KUL,departures,2026-08-01,13:40,,MH6170,,PVG,Shanghai Pudong International Airport,Malaysia Airlines,MH,33X,,,Unknown,2026-08-02 05:57:52
KUL,departures,2026-08-01,13:40,13:58,MH2594,MAS2594,MYY,Miri Airport,Malaysia Airlines (Malaysia Negaraku Livery),MH,B738,Boeing 737-8H6,9M-MXV,Departed 14:58,2026-08-02 05:57:52
KUL,departures,2026-08-01,13:40,15:16,MF848,CXA848,XMN,Xiamen Gaoqi International Airport,Xiamen Air,MF,B38M,Boeing 737 MAX 8,B-224X,Departed 16:16,2026-08-02 05:57:52
KUL,departures,2026-08-01,13:40,13:49,AK522,AXM522,SGN,Ho Chi Minh City International Airport,AirAsia (Universiti Teknologi Malaysia Livery),AK,A320,Airbus A320-216,9M-AJE,Departed 14:49,2026-08-02 05:57:52
KUL,departures,2026-08-01,13:40,13:46,8B674,TNU674,CGK,Jakarta Soekarno Hatta International Airport,TransNusa,8B,A321,Airbus A321-211,PK-TLG,Departed 14:46,2026-08-02 05:57:52
KUL,departures,2026-08-01,13:45,14:32,ID7261,BTK7261,KNO,Medan Kuala Namu International Airport,Batik Air,ID,B738,Boeing 737-8U3,PK-BGF,Departed 15:32,2026-08-02 05:57:52
KUL,departures,2026-08-01,13:45,15:50,CZ3048,CSN3048,CAN,Guangzhou Baiyun International Airport,China Southern Airlines,CZ,B38M,Boeing 737 MAX 8,B-226J,Departed 16:50,2026-08-02 05:57:52
KUL,departures,2026-08-01,13:45,14:27,CI722,CAL722,TPE,Taipei Taoyuan International Airport,China Airlines,CI,B77W,Boeing 777-309(ER),B-18001,Departed 15:27,2026-08-02 05:57:52
KUL,departures,2026-08-01,13:45,14:03,AK547,AXM547,PQC,Phu Quoc International Airport,AirAsia (HYROX Livery),AK,A320,Airbus A320-216,9M-AHR,Departed 15:03,2026-08-02 05:57:52
KUL,departures,2026-08-01,13:50,14:13,MH2668,MAS2668,SDK,Sandakan Airport,Malaysia Airlines,MH,B738,Boeing 737-8H6,9M-MXX,Departed 15:13,2026-08-02 05:57:52
KUL,departures,2026-08-01,13:50,14:11,MH2634,MAS2634,LBU,Labuan Airport,Malaysia Airlines,MH,B738,Boeing 737-8H6,9M-MLT,Departed 15:11,2026-08-02 05:57:52
KUL,departures,2026-08-01,13:50,14:23,MH156,MAS156,JED,Jeddah King Abdulaziz International Airport,Malaysia Airlines (Malaysia Negaraku Livery),MH,A332,Airbus A330-223,9M-MTY,Departed 15:23,2026-08-02 05:57:52
KUL,departures,2026-08-01,13:55,14:01,MH864,MAS864,KNO,Medan Kuala Namu International Airport,Malaysia Airlines,MH,B738,Boeing 737-8H6,9M-MLU,Departed 15:01,2026-08-02 05:57:52
KUL,departures,2026-08-01,13:55,14:06,FD309,AIQ309,HDY,Hat Yai International Airport,AirAsia,AK,A320,Airbus A320-216,HS-BBE,Departed 15:06,2026-08-02 05:57:52
KUL,departures,2026-08-01,13:55,14:37,AK6331,AXM6331,LGK,Langkawi International Airport,AirAsia,AK,A320,Airbus A320-216,9M-RAE,Departed 15:37,2026-08-02 05:57:52
KUL,departures,2026-08-01,14:00,14:36,UL315,ALK315,CMB,Colombo Bandaranaike International Airport,SriLankan Airlines,UL,A20N,Airbus A320-251N,4R-ANA,Departed 15:36,2026-08-02 05:57:52
KUL,departures,2026-08-01,14:00,16:13,OD807,MXD807,SIN,Singapore Changi Airport,Batik Air,ID,B738,Boeing 737-86N,9M-LDK,Departed 17:13,2026-08-02 05:57:52
KUL,departures,2026-08-01,14:00,14:13,AK5748,AXM5748,TWU,Tawau Airport,AirAsia,AK,A320,Airbus A320-216,9M-AGY,Departed 15:13,2026-08-02 05:57:52
KUL,departures,2026-08-01,14:00,14:25,AK886,AXM886,DMK,Bangkok Don Mueang International Airport,AirAsia,AK,A20N,Airbus A320-251N,9M-RAJ,Departed 15:25,2026-08-02 05:57:52
KUL,departures,2026-08-01,14:05,14:33,MH782,MAS782,BKK,Bangkok Suvarnabhumi Airport,Malaysia Airlines,MH,B38M,Boeing 737 MAX 8,9M-MVP,Departed 15:33,2026-08-02 05:57:52
KUL,departures,2026-08-01,14:10,14:21,MH853,MAS853,DPS,Denpasar Ngurah Rai International Airport,Malaysia Airlines,MH,B738,Boeing 737-8H6,9M-MSB,Departed 15:21,2026-08-02 05:57:52
KUL,departures,2026-08-01,14:10,14:39,AK5133,AXM5133,BKI,Kota Kinabalu International Airport,AirAsia,AK,A20N,Airbus A320-251N,9M-AGE,Departed 15:39,2026-08-02 05:57:52
KUL,departures,2026-08-01,14:15,14:26,AK6153,AXM6153,PEN,Penang International Airport,AirAsia (Find Yourself in Malaysia Livery),AK,A20N,Airbus A320-251N,9M-AGV,Departed 15:26,2026-08-02 05:57:52
KUL,departures,2026-08-01,14:20,14:59,3U3996,CSC3996,TFU,Chengdu Tianfu International Airport,Sichuan Airlines,3U,A21N,Airbus A321-271NX(LR),B-32AW,Departed 15:59,2026-08-02 05:57:52
KUL,departures,2026-08-01,14:20,14:46,MU5096,CES5096,HGH,Hangzhou Xiaoshan International Airport,China Eastern Airlines,MU,A20N,Airbus A320-251N,B-30CZ,Departed 15:46,2026-08-02 05:57:52
KUL,departures,2026-08-01,14:25,16:39,QZ205,AWQ205,CGK,Jakarta Soekarno Hatta International Airport,AirAsia (Colours of Indonesia Livery),AK,A320,Airbus A320-216,PK-AXD,Departed 17:39,2026-08-02 05:57:52
KUL,departures,2026-08-01,14:25,15:07,OD528,MXD528,DMK,Bangkok Don Mueang International Airport,Batik Air,ID,B738,Boeing 737-8GP,9M-LNR,Departed 16:07,2026-08-02 05:57:52
KUL,departures,2026-08-01,14:25,14:40,MH2544,MAS2544,KCH,Kuching International Airport,Malaysia Airlines,MH,B738,Boeing 737-8H6,9M-MLP,Departed 15:40,2026-08-02 05:57:52
KUL,departures,2026-08-01,14:25,15:22,AK5194,AXM5194,SDK,Sandakan Airport,AirAsia,AK,A320,Airbus A320-216,9M-AQS,Departed 16:22,2026-08-02 05:57:52
KUL,departures,2026-08-01,14:25,14:34,AK348,AXM348,YIA,Yogyakarta International Airport,AirAsia (Resorts World Genting Livery),AK,A20N,Airbus A320-251N,9M-AGA,Departed 15:34,2026-08-02 05:57:52
KUL,departures,2026-08-01,14:30,14:37,QZ129,AWQ129,KNO,Medan Kuala Namu International Airport,AirAsia,AK,A320,Airbus A320-216,PK-AZT,Departed 15:37,2026-08-02 05:57:52
KUL,departures,2026-08-01,14:30,16:42,QZ323,AWQ323,SUB,Surabaya Juanda International Airport,AirAsia (Dnars Indonesia Livery),AK,A320,Airbus A320-216,PK-AZN,Departed 17:42,2026-08-02 05:57:52
KUL,departures,2026-08-01,14:30,17:40,CI5866,CAL5866,HAN,Hanoi Noi Bai International Airport,China Airlines Cargo,CI,B744,Boeing 747-409F,B-18722,Departed 18:40,2026-08-02 05:57:52
KUL,departures,2026-08-01,14:30,15:04,BR228,EVA228,TPE,Taipei Taoyuan International Airport,EVA Air,BR,B77W,Boeing 777-35E(ER),B-16711,Departed 16:04,2026-08-02 05:57:52
KUL,departures,2026-08-01,14:30,16:54,AH3157,DAH3157,ALG,Algiers Houari Boumediene Airport,Air Algerie,AH,A339,Airbus A330-941,7T-VJF,Departed 17:54,2026-08-02 05:57:52
KUL,departures,2026-08-01,14:30,15:38,AK6316,AXM6316,LGK,Langkawi International Airport,AirAsia,AK,A320,Airbus A320-214,9M-AHV,Departed 16:38,2026-08-02 05:57:52
KUL,departures,2026-08-01,14:35,20:05,OD390,MXD390,CGK,Jakarta Soekarno Hatta International Airport,Batik Air,ID,B738,Boeing 737-8U3,9M-LCW,Departed 21:05,2026-08-02 05:57:52
KUL,departures,2026-08-01,14:35,15:28,MY5004,BNE5004,KCH,Kuching International Airport,AirBorneo,MY,B738,Boeing 737-8U3,9M-LCV,Departed 16:28,2026-08-02 05:57:52
KUL,departures,2026-08-01,14:40,15:02,MU874,CES874,KMG,Kunming Changshui International Airport,China Eastern Airlines,MU,A20N,Airbus A320-251N,B-308A,Departed 16:02,2026-08-02 05:57:52
KUL,departures,2026-08-01,14:40,14:53,MH2640,MAS2640,BKI,Kota Kinabalu International Airport,Malaysia Airlines (Malaysia Negaraku Livery),MH,B738,Boeing 737-8H6,9M-MXU,Departed 15:53,2026-08-02 05:57:52
KUL,departures,2026-08-01,14:40,15:37,MF8678,CXA8678,HGH,Hangzhou Xiaoshan International Airport,Xiamen Air,MF,B738,Boeing 737-85C,B-1915,Departed 16:37,2026-08-02 05:57:52
KUL,departures,2026-08-01,14:40,15:19,CZ5032,CSN5032,SZX,Shenzhen Bao'an International Airport,China Southern Airlines,CZ,A21N,Airbus A321-253NX,B-32GE,Departed 16:19,2026-08-02 05:57:52
KUL,departures,2026-08-01,14:40,15:01,AK429,AXM429,PKU,Pekanbaru Sultan Syarif Kasim II Airport,AirAsia,AK,A20N,Airbus A320-251N,9M-AGD,Departed 16:01,2026-08-02 05:57:52
KUL,departures,2026-08-01,14:50,15:01,MH1446,MAS1446,LGK,Langkawi International Airport,Malaysia Airlines,MH,B738,Boeing 737-8FZ,9M-MLK,Departed 16:01,2026-08-02 05:57:52
KUL,departures,2026-08-01,14:50,15:25,BS316,UBG316,DAC,Dhaka Shahjalal International Airport,US-Bangla Airlines,BS,A333,Airbus A330-343,S2-ALB,Departed 16:25,2026-08-02 05:57:52
KUL,departures,2026-08-01,14:50,14:49,KT162,KTC162,KTI,Phnom Penh Techo International Airport,AirAsia,AK,A320,Airbus A320-214,XU-819,Departed 15:49,2026-08-02 05:57:52
KUL,departures,2026-08-01,14:50,15:32,AK405,AXM405,PDG,Padang Minangkabau International Airport,AirAsia,AK,A20N,Airbus A320-251N,9M-AGS,Departed 16:32,2026-08-02 05:57:52
KUL,departures,2026-08-01,14:55,15:09,AK122,AXM122,SZX,Shenzhen Bao'an International Airport,AirAsia,AK,A320,Airbus A320-216,9M-RAT,Departed 16:09,2026-08-02 05:57:52
KUL,departures,2026-08-01,15:00,15:23,OD2405,MXD2405,JHB,Johor Bahru Senai International Airport,Batik Air,ID,B738,Boeing 737-8GP,9M-LDD,Departed 16:23,2026-08-02 05:57:52
KUL,departures,2026-08-01,15:00,15:41,MH774,MAS774,BKK,Bangkok Suvarnabhumi Airport,Malaysia Airlines,MH,B738,Boeing 737-8H6,9M-MXL,Departed 16:41,2026-08-02 05:57:52
KUL,departures,2026-08-01,15:00,15:33,FM886,CSH886,PVG,Shanghai Pudong International Airport,Shanghai Airlines,FM,B789,Boeing 787-9 Dreamliner,B-20AJ,Departed 16:33,2026-08-02 05:57:52
KUL,departures,2026-08-01,15:00,15:13,AK5112,AXM5112,BKI,Kota Kinabalu International Airport,AirAsia,AK,A20N,Airbus A320-251N,9M-AGF,Departed 16:13,2026-08-02 05:57:52
KUL,departures,2026-08-01,15:05,15:34,AK378,AXM378,DPS,Denpasar Ngurah Rai International Airport,AirAsia,AK,A320,Airbus A320-216,9M-RAO,Departed 16:34,2026-08-02 05:57:52
KUL,departures,2026-08-01,15:10,15:43,MH723,MAS723,CGK,Jakarta Soekarno Hatta International Airport,Malaysia Airlines,MH,B38M,Boeing 737 MAX 8,9M-MVA,Departed 16:43,2026-08-02 05:57:52
KUL,departures,2026-08-01,15:10,15:11,MH605,MAS605,SIN,Singapore Changi Airport,Malaysia Airlines,MH,B738,Boeing 737-8H6,9M-MXG,Departed 16:11,2026-08-02 05:57:52
KUL,departures,2026-08-01,15:10,15:11,AK6218,AXM6218,TGG,Kuala Terengganu Sultan Mahmud Airport,AirAsia (De'Xandra Livery),AK,A320,Airbus A320-216,9M-AQM,Departed 16:11,2026-08-02 05:57:52
KUL,departures,2026-08-01,15:15,16:00,QW908,QDA908,TAO,Qingdao Jiaodong International Airport,Qingdao Airlines,QW,A21N,Airbus A321-271NX,B-326M,Departed 17:00,2026-08-02 05:57:52
KUL,departures,2026-08-01,15:20,15:55,RY6608,CJX6608,KHN,Nanchang Changbei International Airport,Jiangxi Air,RY,B738,Boeing 737-85C,B-5566,Departed 16:55,2026-08-02 05:57:52
KUL,departures,2026-08-01,15:20,15:36,OD2108,MXD2108,PEN,Penang International Airport,Batik Air,ID,B738,Boeing 737-8GP,9M-LNP,Departed 16:36,2026-08-02 05:57:52
KUL,departures,2026-08-01,15:25,16:00,OD701,MXD701,JED,Jeddah King Abdulaziz International Airport,Batik Air,ID,A333,Airbus A330-343,9M-LFJ,Departed 17:00,2026-08-02 05:57:52
KUL,departures,2026-08-01,15:30,16:14,SQ115,SIA115,SIN,Singapore Changi Airport,Singapore Airlines,SQ,B38M,Boeing 737 MAX 8,9V-MBI,Departed 17:14,2026-08-02 05:57:52
KUL,departures,2026-08-01,15:30,16:02,OD177,MXD177,DPS,Denpasar Ngurah Rai International Airport,Batik Air (Visit Malaysia Truly Asia 2026 Livery),ID,B38M,Boeing 737 MAX 8,9M-LRV,Departed 17:02,2026-08-02 05:57:52
KUL,departures,2026-08-01,15:30,15:45,MH762,MAS762,KTI,Phnom Penh Techo International Airport,Malaysia Airlines,MH,B738,Boeing 737-8H6,9M-MLR,Departed 16:45,2026-08-02 05:57:52
KUL,departures,2026-08-01,15:30,,FY2574,,TWU,Tawau Airport,Firefly,FY,738,,,Unknown,2026-08-02 05:57:52
KUL,departures,2026-08-01,15:35,16:48,8B678,TNU678,CGK,Jakarta Soekarno Hatta International Airport,TransNusa,8B,A321,Airbus A321-211,PK-TLK,Departed 17:48,2026-08-02 05:57:52
KUL,departures,2026-08-01,15:35,15:54,D7700,XAX700,JED,Jeddah King Abdulaziz International Airport,AirAsia,AK,A333,Airbus A330-343,9M-XXZ,Departed 16:54,2026-08-02 05:57:52
KUL,departures,2026-08-01,15:35,16:08,AK116,AXM116,CAN,Guangzhou Baiyun International Airport,"AirAsia (3, 2,1, Take Off Livery)",AK,A21N,Airbus A321-251NX,9M-VAA,Departed 17:08,2026-08-02 05:57:52
KUL,departures,2026-08-01,15:40,16:19,JT165,LNI165,LOP,Lombok International Airport,Lion Air,JT,B739,Boeing 737-9GP(ER),PK-LQT,Departed 17:19,2026-08-02 05:57:52
KUL,departures,2026-08-01,15:40,16:04,AK6432,AXM6432,KBR,Kota Bharu Sultan Ismail Petra Airport,AirAsia,AK,A20N,Airbus A320-251N,9M-AGO,Departed 17:04,2026-08-02 05:57:52
KUL,departures,2026-08-01,15:40,16:35,AK5212,AXM5212,KCH,Kuching International Airport,AirAsia,AK,A320,Airbus A320-214,9M-AFE,Departed 17:35,2026-08-02 05:57:52
KUL,departures,2026-08-01,15:45,15:58,MH1396,MAS1396,KBR,Kota Bharu Sultan Ismail Petra Airport,Malaysia Airlines,MH,B738,Boeing 737-8FZ,9M-FFF,Departed 16:58,2026-08-02 05:57:52
KUL,departures,2026-08-01,15:45,16:10,MH1336,MAS1336,TGG,Kuala Terengganu Sultan Mahmud Airport,Malaysia Airlines,MH,B738,Boeing 737-8FZ,9M-MLL,Departed 17:10,2026-08-02 05:57:52
KUL,departures,2026-08-01,15:45,16:20,AK717,AXM717,SIN,Singapore Changi Airport,AirAsia,AK,A21N,Airbus A321-251NX,9M-VAB,Departed 17:20,2026-08-02 05:57:52
KUL,departures,2026-08-01,15:50,16:05,MH158,MAS158,MED,Medina Prince Mohammad bin Abdulaziz Airport,Malaysia Airlines,MH,A333,Airbus A330-323,9M-MTF,Departed 17:05,2026-08-02 05:57:52
KUL,departures,2026-08-01,15:50,16:47,D7306,XAX306,HGH,Hangzhou Xiaoshan International Airport,AirAsia,AK,A333,Airbus A330-343,9M-XBG,Departed 17:47,2026-08-02 05:57:52
KUL,departures,2026-08-01,15:50,16:06,AK421,AXM421,BTJ,Banda Aceh International Airport,AirAsia,AK,A20N,Airbus A320-251N,9M-RAK,Departed 17:06,2026-08-02 05:57:52
KUL,departures,2026-08-01,15:55,16:08,CZ8012,CSN8012,CAN,Guangzhou Baiyun International Airport,China Southern Airlines,CZ,B38M,Boeing 737 MAX 8,B-1207,Departed 17:08,2026-08-02 05:57:52
KUL,departures,2026-08-01,15:55,16:17,AK892,AXM892,DMK,Bangkok Don Mueang International Airport,AirAsia (Persona 5 Royal Livery),AK,A320,Airbus A320-214,9M-AFF,Departed 17:17,2026-08-02 05:57:52
KUL,departures,2026-08-01,16:00,19:56,OD1636,MXD1636,KCH,Kuching International Airport,Batik Air,ID,B738,Boeing 737-86N,9M-LDK,Departed 20:56,2026-08-02 05:57:52
KUL,departures,2026-08-01,16:00,17:11,OD135,MXD135,KHI,Karachi Jinnah International Airport,Batik Air,ID,B38M,Boeing 737 MAX 8,9M-LRU,Departed 18:11,2026-08-02 05:57:52
KUL,departures,2026-08-01,16:00,16:21,MH790,MAS790,HKT,Phuket International Airport,Malaysia Airlines (Malaysia Negaraku Livery),MH,B738,Boeing 737-8H6,9M-MXF,Departed 17:21,2026-08-02 05:57:52
KUL,departures,2026-08-01,16:00,16:23,MH613,MAS613,SIN,Singapore Changi Airport,Malaysia Airlines,MH,B738,Boeing 737-8H6,9M-MXH,Departed 17:23,2026-08-02 05:57:52
KUL,departures,2026-08-01,16:05,16:56,KL809,KLM809,CGK,Jakarta Soekarno Hatta International Airport,KLM,KL,B789,Boeing 787-9 Dreamliner,PH-BHC,Departed 17:56,2026-08-02 05:57:52
KUL,departures,2026-08-01,16:10,17:28,AK386,AXM386,CGK,Jakarta Soekarno Hatta International Airport,AirAsia,AK,A320,Airbus A320-214,9M-RCB,Departed 18:28,2026-08-02 05:57:52
KUL,departures,2026-08-01,16:15,16:33,CZ8098,CSN8098,SZX,Shenzhen Bao'an International Airport,China Southern Airlines,CZ,A21N,Airbus A321-253NX,B-32GH,Departed 17:33,2026-08-02 05:57:52
KUL,departures,2026-08-01,16:20,16:39,MH766,MAS766,SGN,Ho Chi Minh City International Airport,Malaysia Airlines,MH,B38M,Boeing 737 MAX 8,9M-MVB,Departed 17:39,2026-08-02 05:57:52
KUL,departures,2026-08-01,16:20,08:37,ID7263,,KNO,Medan Kuala Namu International Airport,Batik Air,ID,B738,Boeing 737-8GP,PK-LZZ,Estimated dep 09:37*,2026-08-02 05:57:52
KUL,departures,2026-08-01,16:20,16:25,JX726,SJX726,TPE,Taipei Taoyuan International Airport,STARLUX,JX,A21N,Airbus A321-252NX,B-58202,Departed 17:25,2026-08-02 05:57:52
KUL,departures,2026-08-01,16:20,16:35,AK5646,AXM5646,MYY,Miri Airport,AirAsia,AK,A20N,Airbus A320-251N,9M-RAM,Departed 17:35,2026-08-02 05:57:52
KUL,departures,2026-08-01,16:25,16:50,MH804,MAS804,MNL,Manila Ninoy Aquino International Airport,Malaysia Airlines,MH,B738,Boeing 737-8H6,9M-MLM,Departed 17:50,2026-08-02 05:57:52
KUL,departures,2026-08-01,16:25,17:01,AK393,AXM393,KNO,Medan Kuala Namu International Airport,AirAsia,AK,A320,Airbus A320-216,9M-AJZ,Departed 18:01,2026-08-02 05:57:52
KUL,departures,2026-08-01,16:30,01:51,AQ1272,,CAN,Guangzhou Baiyun International Airport,9 Air,AQ,B738,Boeing 737-86X,B-1592,Unknown,2026-08-02 05:57:52
KUL,departures,2026-08-01,16:30,16:46,IU169,SJV169,BTJ,Banda Aceh International Airport,Super Air Jet,IU,A320,Airbus A320-232,PK-SGD,Departed 17:46,2026-08-02 05:57:52
KUL,departures,2026-08-01,16:35,16:41,SV835,SVA835,JED,Jeddah King Abdulaziz International Airport,Saudia (The Red Sea Stickers),SV,B78X,Boeing 787-10 Dreamliner,HZ-AR33,Departed 17:41,2026-08-02 05:57:49
KUL,departures,2026-08-01,16:35,16:58,OD705,MXD705,JED,Jeddah King Abdulaziz International Airport,Batik Air,ID,A333,Airbus A330-343,9M-LFH,Departed 17:58,2026-08-02 05:57:49
KUL,departures,2026-08-01,16:35,16:44,MH1152,MAS1152,PEN,Penang International Airport,Malaysia Airlines,MH,B738,Boeing 737-8H6,9M-MXQ,Departed 17:44,2026-08-02 05:57:49
KUL,departures,2026-08-01,16:35,16:54,D7352,XAX352,CSX,Changsha Huanghua International Airport,AirAsia (10 Xciting Years Livery),AK,A333,Airbus A330-343,9M-XXF,Departed 17:54,2026-08-02 05:57:52
KUL,departures,2026-08-01,16:35,16:37,AK6014,AXM6014,AOR,Alor Setar Sultan Abdul Halim Airport,AirAsia,AK,A320,Airbus A320-216,9M-DAB,Departed 17:37,2026-08-02 05:57:52
KUL,departures,2026-08-01,16:40,17:04,JT157,LNI157,PDG,Padang Minangkabau International Airport,Lion Air,JT,B739,Boeing 737-9GP(ER),PK-LHS,Departed 18:04,2026-08-02 05:57:49
KUL,departures,2026-08-01,16:40,17:15,CX724,CPA724,HKG,Hong Kong International Airport,Cathay Pacific,CX,A333,Airbus A330-343,B-HLR,Departed 18:15,2026-08-02 05:57:49
KUL,departures,2026-08-01,16:45,17:06,MH780,MAS780,BKK,Bangkok Suvarnabhumi Airport,Malaysia Airlines,MH,B738,Boeing 737-8H6,9M-MLS,Departed 18:06,2026-08-02 05:57:49
KUL,departures,2026-08-01,16:45,17:55,MF898,CXA898,FOC,Fuzhou Changle International Airport,Xiamen Air,MF,B738,Boeing 737-85C,B-1964,Departed 18:55,2026-08-02 05:57:49
KUL,departures,2026-08-01,16:45,17:22,AK6130,AXM6130,PEN,Penang International Airport,AirAsia,AK,A320,Airbus A320-216,9M-AQA,Departed 18:22,2026-08-02 05:57:49
KUL,departures,2026-08-01,16:50,17:19,OD171,MXD171,DPS,Denpasar Ngurah Rai International Airport,Batik Air (Visit Malaysia Truly Asia 2026 Livery),ID,B38M,Boeing 737 MAX 8,9M-LRL,Departed 18:19,2026-08-02 05:57:49
KUL,departures,2026-08-01,16:50,17:32,MH725,MAS725,CGK,Jakarta Soekarno Hatta International Airport,Malaysia Airlines (Retro Livery),MH,B738,Boeing 737-8H6,9M-MLV,Departed 18:32,2026-08-02 05:57:49
KUL,departures,2026-08-01,16:50,16:52,FY2892,FFM2892,JHB,Johor Bahru Senai International Airport,Firefly,FY,B738,Boeing 737-8FZ,9M-MLF,Departed 17:52,2026-08-02 05:57:49
KUL,departures,2026-08-01,16:55,17:28,OD157,MXD157,DPS,Denpasar Ngurah Rai International Airport,Batik Air,ID,B38M,Boeing 737 MAX 8,9M-LRW,Departed 18:28,2026-08-02 05:57:49
KUL,departures,2026-08-01,17:00,19:07,OD678,MXD678,XMN,Xiamen Gaoqi International Airport,Batik Air,ID,B738,Boeing 737-8GP,9M-LNY,Departed 20:07,2026-08-02 05:57:49
KUL,departures,2026-08-01,17:00,18:44,CZ8302,CSN8302,CAN,Guangzhou Baiyun International Airport,China Southern Airlines,CZ,B38M,Boeing 737 MAX 8,B-20CA,Departed 19:44,2026-08-02 05:57:49
KUL,departures,2026-08-01,17:00,17:24,AK6438,AXM6438,KBR,Kota Bharu Sultan Ismail Petra Airport,AirAsia,AK,A320,Airbus A320-216,9M-RAC,Departed 18:24,2026-08-02 05:57:49
KUL,departures,2026-08-01,17:00,17:35,AK888,AXM888,DMK,Bangkok Don Mueang International Airport,AirAsia,AK,A320,Airbus A320-216,9M-AHT,Departed 18:35,2026-08-02 05:57:49
KUL,departures,2026-08-01,17:00,17:18,AK584,AXM584,MNL,Manila Ninoy Aquino International Airport,AirAsia,AK,A20N,Airbus A320-251N,9M-AGQ,Departed 18:18,2026-08-02 05:57:49
KUL,departures,2026-08-01,17:05,17:45,OD205,MXD205,DEL,Delhi Indira Gandhi International Airport,Batik Air,ID,B738,Boeing 737-8GP,9M-LNC,Departed 18:45,2026-08-02 05:57:49
KUL,departures,2026-08-01,17:05,17:21,AK5751,AXM5751,TWU,Tawau Airport,AirAsia,AK,A21N,Airbus A321-251NX,9M-XVE,Departed 18:21,2026-08-02 05:57:49
KUL,departures,2026-08-01,17:10,17:33,OD182,MXD182,KTM,Kathmandu Tribhuvan International Airport,Batik Air,ID,B38M,Boeing 737 MAX 8,9M-LRK,Departed 18:33,2026-08-02 05:57:49
KUL,departures,2026-08-01,17:10,17:23,JT161,LNI161,PKU,Pekanbaru Sultan Syarif Kasim II Airport,Lion Air,JT,B738,Boeing 737-8GP,PK-LJQ,Departed 18:23,2026-08-02 05:57:49
KUL,departures,2026-08-01,17:10,17:46,AK150,AXM150,WUH,Wuhan Tianhe International Airport,AirAsia,AK,A20N,Airbus A320-251N,9M-AGW,Departed 18:46,2026-08-02 05:57:49
KUL,departures,2026-08-01,17:15,17:30,AK5220,AXM5220,KCH,Kuching International Airport,AirAsia (100th Awesome Plane Livery),AK,A320,Airbus A320-216,9M-AQH,Departed 18:30,2026-08-02 05:57:49
KUL,departures,2026-08-01,17:15,17:18,KR782,KME782,KTI,Phnom Penh Techo International Airport,Cambodia Airways,KR,A319,Airbus A319-112,XU-787,Departed 18:18,2026-08-02 05:57:49
KUL,departures,2026-08-01,17:25,18:06,9C6524,CQH6524,PVG,Shanghai Pudong International Airport,Spring Airlines,9C,A20N,Airbus A320-251N,B-324F,Departed 19:06,2026-08-02 05:57:49
KUL,departures,2026-08-01,17:25,17:39,TR473,TGW473,SIN,Singapore Changi Airport,Scoot,TR,A20N,Airbus A320-271N,9V-TNE,Departed 18:39,2026-08-02 05:57:49
KUL,departures,2026-08-01,17:25,17:36,MH2528,MAS2528,KCH,Kuching International Airport,Malaysia Airlines,MH,B738,Boeing 737-8H6,9M-MXT,Departed 18:36,2026-08-02 05:57:49
KUL,departures,2026-08-01,17:30,18:28,OD131,MXD131,LHE,Lahore Allama Iqbal International Airport,Batik Air,ID,A333,Airbus A330-343,9M-LFC,Departed 19:28,2026-08-02 05:57:49
KUL,departures,2026-08-01,17:30,17:47,MH1450,MAS1450,LGK,Langkawi International Airport,Malaysia Airlines,MH,B738,Boeing 737-8H6,9M-MXM,Departed 18:47,2026-08-02 05:57:49
KUL,departures,2026-08-01,17:30,17:36,AK6032,AXM6032,JHB,Johor Bahru Senai International Airport,AirAsia (Find Yourself in Malaysia Livery),AK,A20N,Airbus A320-251N,9M-AGV,Departed 18:36,2026-08-02 05:57:49
KUL,departures,2026-08-01,17:35,17:43,AK374,AXM374,DPS,Denpasar Ngurah Rai International Airport,AirAsia,AK,A21N,Airbus A321-251NX,9M-VAH,Departed 18:43,2026-08-02 05:57:49
KUL,departures,2026-08-01,17:40,18:22,D7330,XAX330,PVG,Shanghai Pudong International Airport,AirAsia,AK,A333,Airbus A330-343,9M-XXY,Departed 19:22,2026-08-02 05:57:49
KUL,departures,2026-08-01,17:45,18:14,OD698,MXD698,TPE,Taipei Taoyuan International Airport,Batik Air,ID,B38M,Boeing 737 MAX 8,9M-LRT,Departed 19:14,2026-08-02 05:57:49
KUL,departures,2026-08-01,17:45,17:49,CA484,CCA484,TFU,Chengdu Tianfu International Airport,Air China,CA,A21N,Airbus A321-252NX,B-32NC,Departed 18:49,2026-08-02 05:57:49
KUL,departures,2026-08-01,17:50,,ZA664,,KOS,Sihanoukville International Airport,Sky Angkor Airlines,ZA,320,,,Unknown,2026-08-02 05:57:49
KUL,departures,2026-08-01,17:50,18:16,MH190,MAS190,DEL,Delhi Indira Gandhi International Airport,Malaysia Airlines (Manchester United Livery),MH,A333,Airbus A330-323,9M-MTL,Departed 19:16,2026-08-02 05:57:49
KUL,departures,2026-08-01,17:50,18:03,MH118,MAS118,ATQ,Amritsar International Airport,Malaysia Airlines,MH,B38M,Boeing 737 MAX 8,9M-MVK,Departed 19:03,2026-08-02 05:57:49
KUL,departures,2026-08-01,17:50,17:59,AK719,AXM719,SIN,Singapore Changi Airport,AirAsia,AK,A20N,Airbus A320-251N,9M-AGG,Departed 18:59,2026-08-02 05:57:49
KUL,departures,2026-08-01,17:55,18:12,MH2638,MAS2638,BKI,Kota Kinabalu International Airport,Malaysia Airlines,MH,B738,Boeing 737-8H6,9M-MXW,Departed 19:12,2026-08-02 05:57:49
KUL,departures,2026-08-01,18:00,18:08,MH526,MAS526,TFU,Chengdu Tianfu International Airport,Malaysia Airlines,MH,B38M,Boeing 737 MAX 8,9M-MVI,Departed 19:08,2026-08-02 05:57:49
KUL,departures,2026-08-01,18:00,18:30,ID7251,BTK7251,SUB,Surabaya Juanda International Airport,Batik Air,ID,B738,Boeing 737-8GP,PK-LZZ,Departed 19:30,2026-08-02 05:57:49
KUL,departures,2026-08-01,18:00,19:00,AK353,AXMM353,CGK,Jakarta Soekarno Hatta International Airport,AirAsia,AK,A320,Airbus A320-214,9M-AHV,Departed 20:00,2026-08-02 05:57:49
KUL,departures,2026-08-01,18:05,18:09,AK6322,AXM6322,LGK,Langkawi International Airport,AirAsia,AK,A20N,Airbus A320-251N,9M-AGD,Departed 19:09,2026-08-02 05:57:49
KUL,departures,2026-08-01,18:10,,TK6470,,SGN,Ho Chi Minh City International Airport,Turkish Airlines,TK,77X,,,Unknown,2026-08-02 05:57:49
KUL,departures,2026-08-01,18:10,18:25,MH607,MAS607,SIN,Singapore Changi Airport,Malaysia Airlines,MH,B738,Boeing 737-8H6,9M-MLU,Departed 19:25,2026-08-02 05:57:49
KUL,departures,2026-08-01,18:10,20:56,EK347,UAE39Y,DXB,Dubai International Airport,Emirates,EK,B77W,Boeing 777-31H(ER),A6-ENV,Departed 21:56,2026-08-02 05:57:49
KUL,departures,2026-08-01,18:15,18:27,TR469,TGW469,SIN,Singapore Changi Airport,Scoot,TR,A320,Airbus A320-232,9V-TRS,Departed 19:27,2026-08-02 05:57:49
KUL,departures,2026-08-01,18:15,18:16,AK6128,AXM6128,PEN,Penang International Airport,AirAsia,AK,A320,Airbus A320-216,9M-AGU,Departed 19:16,2026-08-02 05:57:49
KUL,departures,2026-08-01,18:20,18:24,QZ131,AWQ131,KNO,Medan Kuala Namu International Airport,AirAsia,AK,A320,Airbus A320-214,PK-AZI,Departed 19:24,2026-08-02 05:57:49
KUL,departures,2026-08-01,18:20,18:36,QR853,QTR1C,DOH,Doha Hamad International Airport,Qatar Airways,QR,B77W,Boeing 777-3DZ(ER),A7-BAX,Departed 19:36,2026-08-02 05:57:49
KUL,departures,2026-08-01,18:25,18:39,VN678,HVN678,SGN,Ho Chi Minh City International Airport,Vietnam Airlines,VN,A321,Airbus A321-231,VN-A356,Departed 19:39,2026-08-02 05:57:49
KUL,departures,2026-08-01,18:25,18:56,AK721,AXM721,SIN,Singapore Changi Airport,AirAsia,AK,A20N,Airbus A320-251N,9M-RAB,Departed 19:56,2026-08-02 05:57:49
KUL,departures,2026-08-01,18:30,20:28,OD805,MXD805,SIN,Singapore Changi Airport,Batik Air,ID,B738,Boeing 737-8GP,9M-LNQ,Departed 21:28,2026-08-02 05:57:49
KUL,departures,2026-08-01,18:30,18:35,MH2522,MAS2522,KCH,Kuching International Airport,Malaysia Airlines,MH,B738,Boeing 737-8H6,9M-MXR,Departed 19:35,2026-08-02 05:57:49
KUL,departures,2026-08-01,18:30,18:41,MH1162,MAS1162,PEN,Penang International Airport,Malaysia Airlines,MH,B738,Boeing 737-8FZ,9M-MLK,Departed 19:41,2026-08-02 05:57:49
KUL,departures,2026-08-01,18:30,18:51,MH127,MAS127,PER,Perth Airport,Malaysia Airlines (Malaysia Negaraku Livery),MH,A332,Airbus A330-223,9M-MTZ,Departed 19:51,2026-08-02 05:57:49
KUL,departures,2026-08-01,18:30,18:50,AK5130,AXM5130,BKI,Kota Kinabalu International Airport,AirAsia,AK,A320,Airbus A320-216,9M-RAE,Departed 19:50,2026-08-02 05:57:49
KUL,departures,2026-08-01,18:35,19:03,MH386,MAS386,PVG,Shanghai Pudong International Airport,Malaysia Airlines,MH,A333,Airbus A330-323,9M-MTI,Departed 20:03,2026-08-02 05:57:49
KUL,departures,2026-08-01,18:35,19:05,MH194,MAS194,BOM,Mumbai Chhatrapati Shivaji International Airport,Malaysia Airlines (Visit Malaysia 2026 Livery),MH,A333,Airbus A330-323,9M-MTJ,Departed 20:05,2026-08-02 05:57:49
KUL,departures,2026-08-01,18:35,18:42,AK5234,AXM5234,KCH,Kuching International Airport,AirAsia,AK,A320,Airbus A320-214,9M-DAE,Departed 19:42,2026-08-02 05:57:49
KUL,departures,2026-08-01,18:40,,MH6242,,MAA,Chennai International Airport,MASkargo,MH,A332,Airbus A330-223F,9M-MUA,Unknown,2026-08-02 05:57:49
KUL,departures,2026-08-01,18:40,18:44,AK896,AXM896,DMK,Bangkok Don Mueang International Airport,AirAsia (De'Xandra Livery),AK,A320,Airbus A320-216,9M-AQM,Departed 19:44,2026-08-02 05:57:49
KUL,departures,2026-08-01,18:40,19:09,AK524,AXM524,SGN,Ho Chi Minh City International Airport,AirAsia,AK,A320,Airbus A320-216,9M-RAA,Departed 20:09,2026-08-02 05:57:49
KUL,departures,2026-08-01,18:45,19:23,ZH330,CSZ330,SZX,Shenzhen Bao'an International Airport,Shenzhen Airlines,ZH,B38M,Boeing 737 MAX 8,B-20DP,Departed 20:23,2026-08-02 05:57:49
KUL,departures,2026-08-01,18:45,00:09,OD1006,MXD1006,BKI,Kota Kinabalu International Airport,Batik Air,ID,B738,Boeing 737-8GP,9M-LNQ,Departed 01:09,2026-08-02 05:57:49
KUL,departures,2026-08-01,18:45,19:15,OD297,MXD297,CMB,Colombo Bandaranaike International Airport,Batik Air,ID,B738,Boeing 737-8GP,9M-LDD,Departed 20:15,2026-08-02 05:57:49
KUL,departures,2026-08-01,18:50,18:59,MH78,MAS078,HKG,Hong Kong International Airport,Malaysia Airlines,MH,B738,Boeing 737-8H6,9M-MXB,Departed 19:59,2026-08-02 05:57:49
KUL,departures,2026-08-01,18:55,19:34,OD166,MXD166,DAC,Dhaka Shahjalal International Airport,Batik Air,ID,B38M,Boeing 737 MAX 8,9M-LRP,Departed 20:34,2026-08-02 05:57:49
KUL,departures,2026-08-01,19:00,19:11,VN680,HVN680,HAN,Hanoi Noi Bai International Airport,Vietnam Airlines,VN,A21N,Airbus A321-272N,VN-A617,Departed 20:11,2026-08-02 05:57:49
KUL,departures,2026-08-01,19:00,19:41,OD616,MXD616,PVG,Shanghai Pudong International Airport,Batik Air,ID,B738,Boeing 737-86N,9M-LDT,Departed 20:41,2026-08-02 05:57:49
KUL,departures,2026-08-01,19:00,19:13,OD336,MXD336,PKU,Pekanbaru Sultan Syarif Kasim II Airport,Batik Air,ID,B738,Boeing 737-8GP,9M-LNZ,Departed 20:13,2026-08-02 05:57:49
KUL,departures,2026-08-01,19:00,19:21,MH520,MAS520,CSX,Changsha Huanghua International Airport,Malaysia Airlines,MH,B38M,Boeing 737 MAX 8,9M-MVF,Departed 20:21,2026-08-02 05:57:49
KUL,departures,2026-08-01,19:00,19:17,MH251,MAS251,SYD,Sydney Kingsford Smith Airport,Malaysia Airlines,MH,A339,Airbus A330-941,9M-MNI,Departed 20:17,2026-08-02 05:57:49
KUL,departures,2026-08-01,19:00,19:13,D7808,XAX808,CKG,Chongqing Jiangbei International Airport,AirAsia,AK,A333,Airbus A330-343,9M-XXW,Departed 20:13,2026-08-02 05:57:49
KUL,departures,2026-08-01,19:10,19:20,QG503,CTV503,CGK,Jakarta Soekarno Hatta International Airport,Citilink,QG,A320,Airbus A320-214,PK-GQH,Departed 20:20,2026-08-02 05:57:49
KUL,departures,2026-08-01,19:10,19:33,OD223,MXD223,TRZ,Tiruchirappalli International Airport,Batik Air,ID,B738,Boeing 737-8GP,9M-LNP,Departed 20:33,2026-08-02 05:57:49
KUL,departures,2026-08-01,19:10,19:25,FY2722,FFM2722,KBR,Kota Bharu Sultan Ismail Petra Airport,Firefly,FY,B738,Boeing 737-8FZ,9M-MLJ,Departed 20:25,2026-08-02 05:57:49
KUL,departures,2026-08-01,19:15,20:21,FM866,CSH866,PVG,Shanghai Pudong International Airport,Shanghai Airlines,FM,B38M,Boeing 737 MAX 8,B-1381,Departed 21:21,2026-08-02 05:57:49
KUL,departures,2026-08-01,19:15,19:30,AK5218,AXM5218,KCH,Kuching International Airport,AirAsia,AK,A20N,Airbus A320-251N,9M-AGO,Departed 20:30,2026-08-02 05:57:49
KUL,departures,2026-08-01,19:15,19:16,AK6038,AXM6038,JHB,Johor Bahru Senai International Airport,AirAsia,AK,A320,Airbus A320-214,9M-RCG,Departed 20:16,2026-08-02 05:57:49
KUL,departures,2026-08-01,19:15,19:36,AK118,AXM118,CAN,Guangzhou Baiyun International Airport,AirAsia (HYROX Livery),AK,A320,Airbus A320-216,9M-AHR,Departed 20:36,2026-08-02 05:57:49
KUL,departures,2026-08-01,19:25,19:37,AK39,AXM39,COK,Cochin International Airport,AirAsia,AK,A320,Airbus A320-214,9M-AJG,Departed 20:37,2026-08-02 05:57:49
KUL,departures,2026-08-01,19:30,19:30,3U9004,,XIY,Xi'an Xianyang International Airport,Sichuan Airlines,3U,321,,,Estimated dep 20:30*,2026-08-02 05:57:49
KUL,departures,2026-08-01,19:30,,OD326,,KNO,Medan Kuala Namu International Airport,Batik Air Malaysia,OD,738,,,Unknown,2026-08-02 05:57:49
KUL,departures,2026-08-01,19:30,19:48,MH147,MAS147,MEL,Melbourne Airport,Malaysia Airlines,MH,A339,Airbus A330-941,9M-MNG,Departed 20:48,2026-08-02 05:57:49
KUL,departures,2026-08-01,19:35,19:57,AK23,AXM23,TRZ,Tiruchirappalli International Airport,AirAsia,AK,A20N,Airbus A320-251N,9M-AGL,Departed 20:57,2026-08-02 05:57:49
KUL,departures,2026-08-01,19:35,19:50,8B680,TNU680,CGK,Jakarta Soekarno Hatta International Airport,TransNusa,8B,A321,Airbus A321-211,PK-TLG,Departed 20:50,2026-08-02 05:57:49
KUL,departures,2026-08-01,19:40,20:02,SQ125,SIA125,SIN,Singapore Changi Airport,Singapore Airlines,SQ,A359,Airbus A350-941,9V-SHY,Departed 21:02,2026-08-02 05:57:49
KUL,departures,2026-08-01,19:40,20:35,OD295,MXD295,MLE,Male Velana International Airport,Batik Air,ID,B738,Boeing 737-8GP,9M-LNV,Departed 21:35,2026-08-02 05:57:49
KUL,departures,2026-08-01,19:40,19:58,MH135,MAS135,BNE,Brisbane Airport,Malaysia Airlines,MH,A333,Airbus A330-323,9M-MTN,Departed 20:58,2026-08-02 05:57:49
KUL,departures,2026-08-01,19:45,20:13,QZ211,AWQ211,CGK,Jakarta Soekarno Hatta International Airport,AirAsia,AK,A320,Airbus A320-216,PK-AXT,Departed 21:13,2026-08-02 05:57:49
KUL,departures,2026-08-01,19:45,19:55,AK63,AXM63,CCU,Kolkata Subhas Chandra Bose International Airport,AirAsia (BIG Duty Free Livery),AK,A320,Airbus A320-214,9M-AHY,Departed 20:55,2026-08-02 05:57:49
KUL,departures,2026-08-01,19:55,19:55,3U9026,,CKG,Chongqing Jiangbei International Airport,Sichuan Airlines,3U,320,,,Estimated dep 20:55*,2026-08-02 05:57:49
KUL,departures,2026-08-01,19:55,20:00,TG418,THA418,BKK,Bangkok Suvarnabhumi Airport,Thai Airways,TG,B788,Boeing 787-8 Dreamliner,HS-TQF,Departed 21:00,2026-08-02 05:57:49
KUL,departures,2026-08-01,19:55,20:03,AK47,AXM47,CMB,Colombo Bandaranaike International Airport,AirAsia,AK,A20N,Airbus A320-251N,9M-RAJ,Departed 21:03,2026-08-02 05:57:49
KUL,departures,2026-08-01,20:00,20:12,MH2628,MAS2628,BKI,Kota Kinabalu International Airport,Malaysia Airlines (Malaysia Negaraku Livery),MH,B738,Boeing 737-8H6,9M-MXV,Departed 21:12,2026-08-02 05:57:49
KUL,departures,2026-08-01,20:05,20:19,MH1166,MAS1166,PEN,Penang International Airport,Malaysia Airlines,MH,B738,Boeing 737-8H6,9M-MXN,Departed 21:19,2026-08-02 05:57:49
KUL,departures,2026-08-01,20:05,20:23,MH522,MAS522,SZX,Shenzhen Bao'an International Airport,Malaysia Airlines,MH,B38M,Boeing 737 MAX 8,9M-MVH,Departed 21:23,2026-08-02 05:57:49
KUL,departures,2026-08-01,20:05,20:15,HU756,CHH756,HAK,Haikou Meilan International Airport,Hainan Airlines,HU,B38M,Boeing 737 MAX 8,B-1388,Departed 21:15,2026-08-02 05:57:49
KUL,departures,2026-08-01,20:10,20:16,TH3507,RMY3507,HKG,Hong Kong International Airport,Raya Airways,TH,A321,Airbus A321-211(PCF),9M-BZC,Departed 21:16,2026-08-02 05:57:49
KUL,departures,2026-08-01,20:15,,MH6070,,MNL,Manila Ninoy Aquino International Airport,Malaysia Airlines,MH,33X,,,Unknown,2026-08-02 05:57:46
KUL,departures,2026-08-01,20:15,20:26,MH2532,MAS2532,KCH,Kuching International Airport,Malaysia Airlines,MH,B738,Boeing 737-8H6,9M-MLP,Departed 21:26,2026-08-02 05:57:46
KUL,departures,2026-08-01,20:25,20:43,WY824,OMA824,MCT,Muscat International Airport,Oman Air,WY,B38M,Boeing 737 MAX 8,A4O-MM,Departed 21:43,2026-08-02 05:57:46
KUL,departures,2026-08-01,20:25,20:36,AK69,AXM69,HYD,Hyderabad Rajiv Gandhi International Airport,AirAsia (Find Yourself in Malaysia Livery),AK,A20N,Airbus A320-251N,9M-AGV,Departed 21:36,2026-08-02 05:57:46
KUL,departures,2026-08-01,20:30,20:37,OD672,MXD672,TFU,Chengdu Tianfu International Airport,Batik Air,ID,B38M,Boeing 737 MAX 8,9M-LRF,Departed 21:37,2026-08-02 05:57:46
KUL,departures,2026-08-01,20:30,20:52,MH198,MAS198,HYD,Hyderabad Rajiv Gandhi International Airport,Malaysia Airlines,MH,B38M,Boeing 737 MAX 8,9M-MVN,Departed 21:52,2026-08-02 05:57:46
KUL,departures,2026-08-01,20:30,20:49,MH145,MAS145,AKL,Auckland Airport,Malaysia Airlines,MH,A339,Airbus A330-941,9M-MNM,Departed 21:49,2026-08-02 05:57:46
KUL,departures,2026-08-01,20:30,20:44,MH180,MAS180,MAA,Chennai International Airport,Malaysia Airlines,MH,B38M,Boeing 737 MAX 8,9M-MVJ,Departed 21:44,2026-08-02 05:57:46
KUL,departures,2026-08-01,20:35,23:17,ID7265,,KNO,Medan Kuala Namu International Airport,Batik Air,ID,738,,,Unknown,2026-08-02 05:57:46
KUL,departures,2026-08-01,20:40,21:12,AK103,AXM103,KMG,Kunming Changshui International Airport,AirAsia,AK,A20N,Airbus A320-251N,9M-AGD,Departed 22:12,2026-08-02 05:57:46
KUL,departures,2026-08-01,20:45,20:52,AK13,AXM13,MAA,Chennai International Airport,AirAsia (Sarawak Livery),AK,A320,Airbus A320-216,9M-AJD,Departed 21:52,2026-08-02 05:57:46
KUL,departures,2026-08-01,20:50,20:50,YG9004,,HGH,Hangzhou Xiaoshan International Airport,YTO Cargo Airlines,YG,75F,,,Estimated dep 21:50*,2026-08-02 05:57:46
KUL,departures,2026-08-01,20:50,21:07,QR855,QTR855,DOH,Doha Hamad International Airport,Qatar Airways (25 Years of Excellence Sticker),QR,B788,Boeing 787-8 Dreamliner,A7-BCX,Departed 22:07,2026-08-02 05:57:46
KUL,departures,2026-08-01,20:50,20:54,OD670,MXD670,KMG,Kunming Changshui International Airport,Batik Air,ID,B38M,Boeing 737 MAX 8,9M-LRD,Departed 21:54,2026-08-02 05:57:46
KUL,departures,2026-08-01,20:50,21:05,MH727,MAS727,CGK,Jakarta Soekarno Hatta International Airport,Malaysia Airlines,MH,B738,Boeing 737-8H6,9M-MXQ,Departed 22:05,2026-08-02 05:57:46
KUL,departures,2026-08-01,20:55,21:20,6E1038,IGO1038,BLR,Bengaluru Kempegowda International Airport,IndiGo,6E,A20N,Airbus A320-251N,VT-IIY,Departed 22:20,2026-08-02 05:57:46
KUL,departures,2026-08-01,20:55,02:43,QZ327,AWQ327,SUB,Surabaya Juanda International Airport,AirAsia (Dnars Indonesia Livery),AK,A320,Airbus A320-216,PK-AZN,Departed 03:43,2026-08-02 05:57:46
KUL,departures,2026-08-01,20:55,20:59,OD396,MXD396,CGK,Jakarta Soekarno Hatta International Airport,Batik Air,ID,B738,Boeing 737-8GP,9M-LNR,Departed 21:59,2026-08-02 05:57:46
KUL,departures,2026-08-01,20:55,22:26,EY487,ETD3JC,AUH,Abu Dhabi Zayed International Airport,Etihad Airways,EY,B789,Boeing 787-9 Dreamliner,A6-BLY,Departed 23:26,2026-08-02 05:57:46
KUL,departures,2026-08-01,21:00,21:14,SQ127,SIA127,SIN,Singapore Changi Airport,Singapore Airlines,SQ,B38M,Boeing 737 MAX 8,9V-MBY,Departed 22:14,2026-08-02 05:57:46
KUL,departures,2026-08-01,21:00,21:03,MH2626,MAS2626,BKI,Kota Kinabalu International Airport,Malaysia Airlines,MH,B738,Boeing 737-8H6,9M-MXY,Departed 22:03,2026-08-02 05:57:46
KUL,departures,2026-08-01,21:00,21:30,MH192,MAS192,BLR,Bengaluru Kempegowda International Airport,Malaysia Airlines,MH,B38M,Boeing 737 MAX 8,9M-MVM,Departed 22:30,2026-08-02 05:57:46
KUL,departures,2026-08-01,21:00,21:22,MH179,MAS179,CMB,Colombo Bandaranaike International Airport,Malaysia Airlines,MH,B38M,Boeing 737 MAX 8,9M-MVD,Departed 22:22,2026-08-02 05:57:46
KUL,departures,2026-08-01,21:00,21:17,MH108,MAS108,COK,Cochin International Airport,Malaysia Airlines,MH,B38M,Boeing 737 MAX 8,9M-MVE,Departed 22:17,2026-08-02 05:57:46
KUL,departures,2026-08-01,21:00,,FY2955,,PEN,Penang International Airport,Firefly,FY,738,,,Unknown,2026-08-02 05:57:46
KUL,departures,2026-08-01,21:00,21:06,D7222,XAX222,SYD,Sydney Kingsford Smith Airport,AirAsia,AK,A333,Airbus A330-343,9M-XXJ,Departed 22:06,2026-08-02 05:57:46
KUL,departures,2026-08-01,21:05,21:26,MH184,MAS184,CCU,Kolkata Subhas Chandra Bose International Airport,Malaysia Airlines,MH,B38M,Boeing 737 MAX 8,9M-MVO,Departed 22:26,2026-08-02 05:57:46
KUL,departures,2026-08-01,21:10,,AK604,,PER,Perth Airport,AirAsia,AK,A21N,Airbus A321-251NX,9M-VAG,Unknown,2026-08-02 05:57:46
KUL,departures,2026-08-01,21:10,21:12,AK604,AXM604,PER,Perth Airport,AirAsia,AK,A21N,Airbus A321-251NX,9M-VAG,Departed 22:12,2026-08-02 05:57:46
KUL,departures,2026-08-01,21:20,21:59,OD162,MXD162,DAC,Dhaka Shahjalal International Airport,Batik Air (Visit Malaysia Truly Asia 2026 Livery),ID,B38M,Boeing 737 MAX 8,9M-LRM,Departed 22:59,2026-08-02 05:57:46
KUL,departures,2026-08-01,21:25,21:57,MH139,MAS139,ADL,Adelaide Airport,Malaysia Airlines,MH,A339,Airbus A330-941,9M-MNL,Departed 22:57,2026-08-02 05:57:46
KUL,departures,2026-08-01,21:25,21:54,MH149,MAS149,MEL,Melbourne Airport,Malaysia Airlines,MH,A339,Airbus A330-941,9M-MNJ,Departed 22:54,2026-08-02 05:57:46
KUL,departures,2026-08-01,21:25,21:43,MH52,MAS52,KIX,Osaka Kansai International Airport,Malaysia Airlines,MH,A333,Airbus A330-323,9M-MTH,Departed 22:43,2026-08-02 05:57:46
KUL,departures,2026-08-01,21:45,21:45,TH8801,,NNG,Nanning Wuxu International Airport,Raya Airways,TH,767,,,Estimated dep 22:45*,2026-08-02 05:57:46
KUL,departures,2026-08-01,21:45,21:56,TR467,TGW467,SIN,Singapore Changi Airport,Scoot,TR,A21N,Airbus A321-271NX,9V-NCH,Departed 22:56,2026-08-02 05:57:46
KUL,departures,2026-08-01,21:50,22:08,JL724,JAL724,NRT,Tokyo Narita International Airport,Japan Airlines,JL,B788,Boeing 787-8 Dreamliner,JA837J,Departed 23:08,2026-08-02 05:57:46
KUL,departures,2026-08-01,21:50,22:11,BA34,BAW34,LHR,London Heathrow Airport,British Airways,BA,B789,Boeing 787-9 Dreamliner,G-ZBKR,Departed 23:11,2026-08-02 05:57:46
KUL,departures,2026-08-01,22:00,22:16,MH196,MAS196,DAC,Dhaka Shahjalal International Airport,Malaysia Airlines,MH,B38M,Boeing 737 MAX 8,9M-MVC,Departed 23:16,2026-08-02 05:57:46
KUL,departures,2026-08-01,22:00,22:17,MH204,MAS204,TRV,Thiruvananthapuram International Airport,Malaysia Airlines,MH,B38M,Boeing 737 MAX 8,9M-MVA,Departed 23:17,2026-08-02 05:57:46
KUL,departures,2026-08-01,22:00,22:23,MH208,MAS208,AMD,Ahmedabad International Airport,Malaysia Airlines,MH,B38M,Boeing 737 MAX 8,9M-MVL,Departed 23:23,2026-08-02 05:57:46
KUL,departures,2026-08-01,22:05,,MH6012,,HKG,Hong Kong International Airport,Malaysia Airlines,MH,33X,,,Unknown,2026-08-02 05:57:46
KUL,departures,2026-08-01,22:05,22:14,MH609,MAS609,SIN,Singapore Changi Airport,Malaysia Airlines,MH,B738,Boeing 737-8H6,9M-MLT,Departed 23:14,2026-08-02 05:57:46
KUL,departures,2026-08-01,22:15,22:19,ET639,ETH639,SIN,Singapore Changi Airport,Ethiopian Airlines,ET,A359,Airbus A350-941,ET-AYA,Departed 23:19,2026-08-02 05:57:46
KUL,departures,2026-08-01,22:20,22:44,MH2,MAS2,LHR,London Heathrow Airport,Malaysia Airlines (Malaysia Negaraku Livery),MH,A359,Airbus A350-941,9M-MAG,Departed 23:44,2026-08-02 05:57:46
KUL,departures,2026-08-01,22:20,23:09,KE428,KAL428,ICN,Seoul Incheon International Airport,Korean Air,KE,A333,Airbus A330-323,HL8003,Departed 00:09,2026-08-02 05:57:46
KUL,departures,2026-08-01,22:25,22:52,TK61,THY39V,IST,Istanbul Airport,Turkish Airlines,TK,A359,Airbus A350-941,TC-LGF,Departed 23:52,2026-08-02 05:57:46
KUL,departures,2026-08-01,22:30,22:40,MH88,MAS88,NRT,Tokyo Narita International Airport,Malaysia Airlines,MH,A339,Airbus A330-941,9M-MNN,Estimated dep 23:40*,2026-08-02 05:57:46
KUL,departures,2026-08-01,22:30,22:56,MH66,MAS066,ICN,Seoul Incheon International Airport,Malaysia Airlines,MH,A333,Airbus A330-323,9M-MTK,Departed 23:56,2026-08-02 05:57:46
KUL,departures,2026-08-01,22:30,22:58,MH20,MAS20,CDG,Paris Charles de Gaulle Airport,Malaysia Airlines,MH,A359,Airbus A350-941,9M-MAB,Departed 23:58,2026-08-02 05:57:46
KUL,departures,2026-08-01,22:30,22:50,D7504,XAX504,ICN,Seoul Incheon International Airport,AirAsia,AK,A333,Airbus A330-343,9M-XXE,Departed 23:50,2026-08-02 05:57:46
KUL,departures,2026-08-01,22:35,23:35,9C6516,CQH6516,PVG,Shanghai Pudong International Airport,Spring Airlines,9C,A20N,Airbus A320-251N,B-30AR,Departed 00:35,2026-08-02 05:57:46
KUL,departures,2026-08-01,22:35,22:40,MH1194,MAS1194,PEN,Penang International Airport,Malaysia Airlines,MH,B738,Boeing 737-8H6,9M-MLU,Departed 23:40,2026-08-02 05:57:46
KUL,departures,2026-08-01,22:40,23:13,MH318,MAS318,PKX,Beijing Daxing International Airport,Malaysia Airlines (Oneworld Livery),MH,A333,Airbus A330-323,9M-MTE,Departed 00:13,2026-08-02 05:57:46
KUL,departures,2026-08-01,22:45,23:15,MH123,MAS123,SYD,Sydney Kingsford Smith Airport,Malaysia Airlines,MH,A339,Airbus A330-941,9M-MNK,Departed 00:15,2026-08-02 05:57:46
KUL,departures,2026-08-01,22:55,23:37,KL810,KLM810,AMS,Amsterdam Schiphol Airport,KLM,KL,B789,Boeing 787-9 Dreamliner,PH-BHC,Departed 00:37,2026-08-02 05:57:46
KUL,departures,2026-08-01,23:05,04:07,OD191,MXD191,PER,Perth Airport,Batik Air,ID,B738,Boeing 737-8U3,9M-LCW,Departed 05:07,2026-08-02 05:57:46
KUL,departures,2026-08-01,23:05,00:29,FM7266,CSH7266,PVG,Shanghai Pudong International Airport,Shanghai Airlines,FM,B38M,Boeing 737 MAX 8,B-1382,Departed 01:29,2026-08-02 05:57:46
KUL,departures,2026-08-01,23:10,23:17,OD872,MXD872,NRT,Tokyo Narita International Airport,Batik Air,ID,A333,Airbus A330-343,9M-LFF,Departed 00:17,2026-08-02 05:57:46
KUL,departures,2026-08-01,23:15,23:21,CA872,CCA872,PEK,Beijing Capital International Airport,Air China,CA,B38M,Boeing 737 MAX 8,B-1395,Departed 00:21,2026-08-02 05:57:46
KUL,departures,2026-08-01,23:20,23:23,3U3994,CSC3994,TFU,Chengdu Tianfu International Airport,Sichuan Airlines,3U,A21N,Airbus A321-271N,B-30CS,Departed 00:23,2026-08-02 05:57:46
KUL,departures,2026-08-01,23:30,23:44,AK114,AXM114,CAN,Guangzhou Baiyun International Airport,AirAsia,AK,A320,Airbus A320-216,9M-AGP,Departed 00:44,2026-08-02 05:57:46
KUL,departures,2026-08-01,23:40,23:59,MU2970,CES2970,NKG,Nanjing Lukou International Airport,China Eastern Airlines,MU,A20N,Airbus A320-251N,B-30ES,Departed 00:59,2026-08-02 05:57:46
KUL,departures,2026-08-01,23:45,00:27,3U3774,CSC3774,CKG,Chongqing Jiangbei International Airport,Sichuan Airlines,3U,A20N,Airbus A320-271N,B-328K,Departed 01:27,2026-08-02 05:57:46
KUL,departures,2026-08-01,23:55,00:15,5J502,CEB502,MNL,Manila Ninoy Aquino International Airport,Cebu Pacific,5J,A21N,Airbus A321-271NX,RP-C4141,Departed 01:15,2026-08-02 05:57:46
PKU,arrivals,2026-08-01,07:00,06:19,JT292,LNI292,CGK,Jakarta Soekarno Hatta International Airport,Lion Air,JT,B739,Boeing 737-9GP(ER),PK-LSU,Landed 06:19,2026-08-02 05:52:27
PKU,arrivals,2026-08-01,07:15,06:59,AK433,AXM433,KUL,Kuala Lumpur International Airport,AirAsia (Sarawak Livery),AK,A320,Airbus A320-216,9M-AJD,Landed 06:59,2026-08-02 05:52:27
PKU,arrivals,2026-08-01,07:30,07:16,QG936,CTV936,CGK,Jakarta Soekarno Hatta International Airport,Citilink,QG,A320,Airbus A320-214,PK-GQC,Landed 07:16,2026-08-02 05:52:27
PKU,arrivals,2026-08-01,08:25,08:15,IP320,PAS320,CGK,Jakarta Soekarno Hatta International Airport,Pelita Air,IP,A320,Airbus A320-214,PK-PWD,Landed 08:15,2026-08-02 05:52:27
PKU,arrivals,2026-08-01,08:45,,JT246,,BTH,Batam Hang Nadim Airport,Lion Air,JT,738,,,Unknown,2026-08-02 05:52:27
PKU,arrivals,2026-08-01,08:45,08:42,JT239,LNI239,BTH,Batam Hang Nadim Airport,Lion Air,JT,B739,Boeing 737-9GP(ER),PK-LFZ,Landed 08:42,2026-08-02 05:52:27
PKU,arrivals,2026-08-01,09:40,09:51,ID6852,BTK6852,CGK,Jakarta Soekarno Hatta International Airport,Batik Air,ID,A320,Airbus A320-214,PK-LUW,Landed 09:51,2026-08-02 05:52:27
PKU,arrivals,2026-08-01,09:40,09:42,GA172,GIA172,CGK,Jakarta Soekarno Hatta International Airport,Garuda Indonesia,GA,B738,Boeing 737-8U3,PK-GMD,Landed 09:42,2026-08-02 05:52:27
PKU,arrivals,2026-08-01,10:25,10:04,TR256,TGW256,SIN,Singapore Changi Airport,Scoot,TR,E290,Embraer E190-E2,9V-THJ,Landed 10:04,2026-08-02 05:52:27
PKU,arrivals,2026-08-01,10:30,10:23,AK431,AXM431,KUL,Kuala Lumpur International Airport,AirAsia,AK,A320,Airbus A320-216,9M-DAG,Landed 10:23,2026-08-02 05:52:27
PKU,arrivals,2026-08-01,10:50,10:59,QG932,CTV932,CGK,Jakarta Soekarno Hatta International Airport,Citilink,QG,A320,Airbus A320-214,PK-GLO,Landed 10:59,2026-08-02 05:52:27
PKU,arrivals,2026-08-01,11:10,11:12,IU833,SJV833,KNO,Medan Kuala Namu International Airport,Super Air Jet,IU,A320,Airbus A320-232,PK-SJU,Landed 11:12,2026-08-02 05:52:27
PKU,arrivals,2026-08-01,11:25,11:29,JT982,LNI982,SUB,Surabaya Juanda International Airport,Lion Air,JT,B738,Boeing 737-8GP,PK-LJR,Landed 11:29,2026-08-02 05:52:27
PKU,arrivals,2026-08-01,11:45,11:49,JT390,LNI390,CGK,Jakarta Soekarno Hatta International Airport,Lion Air,JT,B738,Boeing 737-8GP,PK-LJQ,Landed 11:49,2026-08-02 05:52:27
PKU,arrivals,2026-08-01,12:35,12:59,IU912,SJV912,CGK,Jakarta Soekarno Hatta International Airport,Super Air Jet,IU,A320,Airbus A320-232,PK-SJW,Landed 12:59,2026-08-02 05:52:27
PKU,arrivals,2026-08-01,12:40,12:30,QG934,CTV934,BTH,Batam Hang Nadim Airport,Citilink Garuda Indonesia,QG,A320,Airbus A320-214,PK-GQT,Landed 12:30,2026-08-02 05:52:27
PKU,arrivals,2026-08-01,13:30,13:18,IP322,PAS322,CGK,Jakarta Soekarno Hatta International Airport,Pelita Air,IP,A320,Airbus A320-214,PK-PWD,Landed 13:18,2026-08-02 05:52:27
PKU,arrivals,2026-08-01,13:40,,GA174,,CGK,Jakarta Soekarno Hatta International Airport,Garuda Indonesia,GA,738,,,Canceled,2026-08-02 05:52:27
PKU,arrivals,2026-08-01,14:15,,IU866,,CGK,Jakarta Soekarno Hatta International Airport,Super Air Jet,IU,320,,,Canceled,2026-08-02 05:52:27
PKU,arrivals,2026-08-01,15:15,15:42,ID6854,BTK6854,CGK,Jakarta Soekarno Hatta International Airport,Batik Air,ID,A320,Airbus A320-232,PK-BKL,Landed 15:42,2026-08-02 05:52:27
PKU,arrivals,2026-08-01,15:35,15:33,AK429,AXM429,KUL,Kuala Lumpur International Airport,AirAsia,AK,A20N,Airbus A320-251N,9M-AGD,Landed 15:33,2026-08-02 05:52:27
PKU,arrivals,2026-08-01,15:50,15:59,JT237,LNI237,BTH,Batam Hang Nadim Airport,Lion Air,JT,B739,Boeing 737-9GP(ER),PK-LFZ,Landed 15:59,2026-08-02 05:52:27
PKU,arrivals,2026-08-01,17:00,16:53,GA176,GIA176,CGK,Jakarta Soekarno Hatta International Airport,Garuda Indonesia,GA,B738,Boeing 737-8U3,PK-GNH,Landed 16:53,2026-08-02 05:52:27
PKU,arrivals,2026-08-01,17:35,,IU910,,CGK,Jakarta Soekarno Hatta International Airport,Super Air Jet,IU,320,,,Canceled,2026-08-02 05:52:27
PKU,arrivals,2026-08-01,17:35,17:30,IP324,PAS324,CGK,Jakarta Soekarno Hatta International Airport,Pelita Air,IP,A320,Airbus A320-214,PK-PWG,Landed 17:30,2026-08-02 05:52:27
PKU,arrivals,2026-08-01,17:50,,RI130,,CGK,Jakarta Soekarno Hatta International Airport,Rimbun Air,RI,73Y,,,Unknown,2026-08-02 05:52:27
PKU,arrivals,2026-08-01,18:10,18:01,JT161,LNI161,KUL,Kuala Lumpur International Airport,Lion Air,JT,B738,Boeing 737-8GP,PK-LJQ,Landed 18:01,2026-08-02 05:52:27
PKU,arrivals,2026-08-01,18:30,,IU837,,BTH,Batam Hang Nadim Airport,Super Air Jet,IU,320,,,Unknown,2026-08-02 05:52:27
PKU,arrivals,2026-08-01,18:35,18:24,QG32,CTV032,HLP,Jakarta Halim Perdanakusuma Airport,Citilink,QG,A320,Airbus A320-214,PK-GQD,Landed 18:24,2026-08-02 05:52:27
PKU,arrivals,2026-08-01,19:55,19:51,OD336,MXD336,KUL,Kuala Lumpur International Airport,Batik Air,ID,B738,Boeing 737-8GP,9M-LNZ,Landed 19:51,2026-08-02 05:52:27
PKU,arrivals,2026-08-01,20:00,19:46,QG938,CTV938,CGK,Jakarta Soekarno Hatta International Airport,Citilink,QG,A320,Airbus A320-214,PK-GQA,Landed 19:46,2026-08-02 05:52:27
PKU,arrivals,2026-08-01,20:00,19:38,IP328,PAS328,CGK,Jakarta Soekarno Hatta International Airport,Pelita Air,IP,A320,Airbus A320-216,PK-PWN,Landed 19:38,2026-08-02 05:52:27
PKU,arrivals,2026-08-01,20:20,20:35,JT276,LNI276,YIA,Yogyakarta International Airport,Lion Air,JT,B739,Boeing 737-9GP(ER),PK-LSL,Landed 20:35,2026-08-02 05:52:27
PKU,arrivals,2026-08-01,20:40,20:24,IU914,SJV914,CGK,Jakarta Soekarno Hatta International Airport,Super Air Jet,IU,A320,Airbus A320-232,PK-SAU,Landed 20:24,2026-08-02 05:52:27
PKU,departures,2026-08-01,06:00,06:09,IP329,PAS329,CGK,Jakarta Soekarno Hatta International Airport,Pelita Air,IP,A320,Airbus A320-214,PK-PWP,Departed 06:09,2026-08-02 05:52:52
PKU,departures,2026-08-01,06:00,06:32,IU919,SJV919,CGK,Jakarta Soekarno Hatta International Airport,Super Air Jet,IU,A320,Airbus A320-232,PK-SAH,Departed 06:32,2026-08-02 05:52:52
PKU,departures,2026-08-01,06:10,06:25,QG937,CTV937,CGK,Jakarta Soekarno Hatta International Airport,Citilink,QG,A320,Airbus A320-214,PK-GQE,Departed 06:25,2026-08-02 05:52:52
PKU,departures,2026-08-01,06:10,06:35,JT279,LNI279,YIA,Yogyakarta International Airport,Lion Air,JT,B739,Boeing 737-9GP(ER),PK-LSL,Departed 06:35,2026-08-02 05:52:52
PKU,departures,2026-08-01,07:40,08:30,JT393,LNI393,CGK,Jakarta Soekarno Hatta International Airport,Lion Air,JT,B739,Boeing 737-9GP(ER),PK-LSU,Departed 08:30,2026-08-02 05:52:52
PKU,departures,2026-08-01,07:50,07:41,AK432,AXM432,KUL,Kuala Lumpur International Airport,AirAsia (Sarawak Livery),AK,A320,Airbus A320-216,9M-AJD,Departed 07:41,2026-08-02 05:52:52
PKU,departures,2026-08-01,08:00,08:12,QG939,CTV939,CGK,Jakarta Soekarno Hatta International Airport,Citilink,QG,A320,Airbus A320-214,PK-GQC,Departed 08:12,2026-08-02 05:52:52
PKU,departures,2026-08-01,09:10,09:05,IP321,PAS321,CGK,Jakarta Soekarno Hatta International Airport,Pelita Air,IP,A320,Airbus A320-214,PK-PWD,Departed 09:05,2026-08-02 05:52:52
PKU,departures,2026-08-01,09:25,09:39,JT238,LNI238,BTH,Batam Hang Nadim Airport,Lion Air,JT,B739,Boeing 737-9GP(ER),PK-LFZ,Departed 09:39,2026-08-02 05:52:52
PKU,departures,2026-08-01,09:30,11:17,OD337,MXD337,KUL,Kuala Lumpur International Airport,Batik Air,ID,B738,Boeing 737-8GP,9M-LNQ,Departed 11:17,2026-08-02 05:52:52
PKU,departures,2026-08-01,10:20,10:51,ID6857,BTK6857,CGK,Jakarta Soekarno Hatta International Airport,Batik Air,ID,A320,Airbus A320-214,PK-LUW,Departed 10:51,2026-08-02 05:52:52
PKU,departures,2026-08-01,10:45,10:48,GA175,GIA175,CGK,Jakarta Soekarno Hatta International Airport,Garuda Indonesia,GA,B738,Boeing 737-8U3,PK-GMD,Departed 10:48,2026-08-02 05:52:52
PKU,departures,2026-08-01,10:55,11:06,AK430,AXM430,KUL,Kuala Lumpur International Airport,AirAsia,AK,A320,Airbus A320-216,9M-DAG,Departed 11:06,2026-08-02 05:52:52
PKU,departures,2026-08-01,11:00,11:03,TR257,TGW257,SIN,Singapore Changi Airport,Scoot,TR,E290,Embraer E190-E2,9V-THJ,Departed 11:03,2026-08-02 05:52:52
PKU,departures,2026-08-01,11:20,11:44,QG933,CTV933,CGK,Jakarta Soekarno Hatta International Airport,Citilink,QG,A320,Airbus A320-214,PK-GLO,Departed 11:44,2026-08-02 05:52:52
PKU,departures,2026-08-01,11:50,12:04,IU832,SJV832,KNO,Medan Kuala Namu International Airport,Super Air Jet,IU,A320,Airbus A320-232,PK-SJU,Departed 12:04,2026-08-02 05:52:52
PKU,departures,2026-08-01,12:10,12:36,JT983,LNI983,SUB,Surabaya Juanda International Airport,Lion Air,JT,B738,Boeing 737-8GP,PK-LJR,Departed 12:36,2026-08-02 05:52:52
PKU,departures,2026-08-01,12:45,13:04,JT160,LNI160,KUL,Kuala Lumpur International Airport,Lion Air,JT,B738,Boeing 737-8GP,PK-LJQ,Departed 13:04,2026-08-02 05:52:52
PKU,departures,2026-08-01,13:10,13:24,QG935,CTV935,BTH,Batam Hang Nadim Airport,Citilink Garuda Indonesia,QG,A320,Airbus A320-214,PK-GQT,Departed 13:24,2026-08-02 05:52:52
PKU,departures,2026-08-01,13:15,14:02,IU913,SJV913,CGK,Jakarta Soekarno Hatta International Airport,Super Air Jet,IU,A320,Airbus A320-232,PK-SJW,Departed 14:02,2026-08-02 05:52:52
PKU,departures,2026-08-01,14:20,14:20,IP323,PAS323,CGK,Jakarta Soekarno Hatta International Airport,Pelita Air,IP,A320,Airbus A320-214,PK-PWD,Departed 14:20,2026-08-02 05:52:52
PKU,departures,2026-08-01,14:25,,GA177,,CGK,Jakarta Soekarno Hatta International Airport,Garuda Indonesia,GA,738,,,Canceled,2026-08-02 05:52:52
PKU,departures,2026-08-01,14:55,,IU867,,CGK,Jakarta Soekarno Hatta International Airport,Super Air Jet,IU,320,,,Canceled,2026-08-02 05:52:52
PKU,departures,2026-08-01,16:00,16:10,AK428,AXM428,KUL,Kuala Lumpur International Airport,AirAsia,AK,A20N,Airbus A320-251N,9M-AGD,Departed 16:10,2026-08-02 05:52:52
PKU,departures,2026-08-01,16:10,16:48,ID6855,BTK6855,CGK,Jakarta Soekarno Hatta International Airport,Batik Air,ID,A320,Airbus A320-232,PK-BKL,Departed 16:48,2026-08-02 05:52:52
PKU,departures,2026-08-01,16:30,16:57,JT236,LNI236,BTH,Batam Hang Nadim Airport,Lion Air,JT,B739,Boeing 737-9GP(ER),PK-LFZ,Departed 16:57,2026-08-02 05:52:52
PKU,departures,2026-08-01,17:45,17:54,GA179,GIA179,CGK,Jakarta Soekarno Hatta International Airport,Garuda Indonesia,GA,B738,Boeing 737-8U3,PK-GNH,Departed 17:54,2026-08-02 05:52:52
PKU,departures,2026-08-01,18:15,,IU911,,CGK,Jakarta Soekarno Hatta International Airport,Super Air Jet,IU,320,,,Unknown,2026-08-02 05:52:52
PKU,departures,2026-08-01,18:20,18:27,IP325,PAS325,CGK,Jakarta Soekarno Hatta International Airport,Pelita Air,IP,A320,Airbus A320-214,PK-PWG,Departed 18:27,2026-08-02 05:52:52
PKU,departures,2026-08-01,19:05,19:08,QG33,CTV033,HLP,Jakarta Halim Perdanakusuma Airport,Citilink,QG,A320,Airbus A320-214,PK-GQD,Departed 19:08,2026-08-02 05:52:52
PKU,departures,2026-08-01,19:10,,IU836,,BTH,Batam Hang Nadim Airport,Super Air Jet,IU,320,,,Unknown,2026-08-02 05:52:52
PKU,departures,2026-08-01,19:10,19:12,JT391,LNI391,CGK,Jakarta Soekarno Hatta International Airport,Lion Air,JT,B738,Boeing 737-8GP,PK-LJQ,Departed 19:12,2026-08-02 05:52:52
PKU,departures,2026-08-01,19:50,,RI131,,CGK,Jakarta Soekarno Hatta International Airport,Rimbun Air,RI,73Y,,,Unknown,2026-08-02 05:52:52
SIN,arrivals,2026-08-01,00:05,00:50,TR273,TGW273,CGK,Jakarta Soekarno Hatta International Airport,Scoot,TR,A320,Airbus A320-232,9V-TRT,Landed 01:50,2026-08-02 05:55:54
SIN,arrivals,2026-08-01,00:10,00:03,TR51,TGW51,ATH,Athens Eleftherios Venizelos,Scoot,TR,B788,Boeing 787-8 Dreamliner,9V-OFK,Landed 01:03,2026-08-02 05:55:54
SIN,arrivals,2026-08-01,00:15,00:14,3S530,BOX530,LEJ,Leipzig Halle Airport,AeroLogic,3S,B77L,Boeing 777-FZN,D-AALG,Landed 01:14,2026-08-02 05:55:51
SIN,arrivals,2026-08-01,00:30,01:25,MU9647,CES9647,KMG,Kunming Changshui International Airport,China Eastern Airlines,MU,B738,Boeing 737-89P,B-1306,Landed 02:25,2026-08-02 05:55:51
SIN,arrivals,2026-08-01,00:35,00:40,O3301,CSS301,SZX,Shenzhen Bao'an International Airport,SF Airlines,O3,B763,Boeing 767-338(ER)(BCF),B-1589,Landed 01:40,2026-08-02 05:55:51
SIN,arrivals,2026-08-01,00:40,01:29,MF8675,CXA8675,XMN,Xiamen Gaoqi International Airport,Xiamen Air,MF,B38M,Boeing 737 MAX 8,B-224X,Landed 02:29,2026-08-02 05:55:51
SIN,arrivals,2026-08-01,00:45,00:26,6E1007,IGO1007,TRZ,Tiruchirappalli International Airport,IndiGo,6E,A20N,Airbus A320-251N,VT-IXA,Landed 01:26,2026-08-02 05:55:51
SIN,arrivals,2026-08-01,00:55,01:34,MU897,CES897,HGH,Hangzhou Xiaoshan International Airport,China Eastern Airlines,MU,A20N,Airbus A320-251N,B-308X,Landed 02:34,2026-08-02 05:55:51
SIN,arrivals,2026-08-01,01:00,01:07,ZH227,CSZ227,SZX,Shenzhen Bao'an International Airport,Shenzhen Airlines,ZH,A20N,Airbus A320-251N,B-32QX,Landed 02:07,2026-08-02 05:55:51
SIN,arrivals,2026-08-01,01:25,01:12,FM843,CSH843,PVG,Shanghai Pudong International Airport,Shanghai Airlines,FM,B38M,Boeing 737 MAX 8,B-1381,Landed 02:12,2026-08-02 05:55:51
SIN,arrivals,2026-08-01,01:30,01:17,GS7963,GCR7963,KWE,Guiyang Longdongbao International Airport,Tianjin Airlines,GS,A320,Airbus A320-232,B-300S,Landed 02:17,2026-08-02 05:55:51
SIN,arrivals,2026-08-01,01:55,04:30,HO1561,DKH1561,WUX,Wuxi Sunan Shuofang International Airport,Juneyao Air,HO,A20N,Airbus A320-271N,B-320Z,Landed 05:30,2026-08-02 05:55:51
SIN,arrivals,2026-08-01,02:05,01:44,TR15,TGW15,SYD,Sydney Kingsford Smith Airport,Scoot,TR,B789,Boeing 787-9 Dreamliner,9V-OJG,Landed 02:44,2026-08-02 05:55:51
SIN,arrivals,2026-08-01,02:05,02:51,CZ8489,CSN8489,CAN,Guangzhou Baiyun International Airport,China Southern Airlines,CZ,A21N,Airbus A321-251NX,B-32M9,Landed 03:51,2026-08-02 05:55:51
SIN,arrivals,2026-08-01,02:10,01:53,HU447,CHH447,HAK,Haikou Meilan International Airport,Hainan Airlines,HU,B38M,Boeing 737 MAX 8,B-228E,Landed 02:53,2026-08-02 05:55:51
SIN,arrivals,2026-08-01,02:30,02:14,8M237,MMA237,RGN,Yangon International Airport,Myanmar Airways International,8M,A319,Airbus A319-112,XY-AGR,Landed 03:14,2026-08-02 05:55:51
SIN,arrivals,2026-08-01,02:40,02:25,6E1001,IGO1001,MAA,Chennai International Airport,IndiGo,6E,A21N,Airbus A321-252NX,VT-NCG,Landed 03:25,2026-08-02 05:55:51
SIN,arrivals,2026-08-01,02:40,01:58,TR39,TGW39,MEL,Melbourne Airport,Scoot,TR,B789,Boeing 787-9 Dreamliner,9V-OJA,Landed 02:58,2026-08-02 05:55:51
SIN,arrivals,2026-08-01,02:45,02:35,PN6443,CHB6443,CKG,Chongqing Jiangbei International Airport,West Air,PN,A19N,Airbus A319-153N,B-32MF,Landed 03:35,2026-08-02 05:55:51
SIN,arrivals,2026-08-01,02:50,02:39,TR347,TGW347,DPS,Denpasar Ngurah Rai International Airport,Scoot,TR,A21N,Airbus A321-271NX,9V-NCF,Landed 03:39,2026-08-02 05:55:51
SIN,arrivals,2026-08-01,03:00,04:10,CI6865,CAL6865,TPE,Taipei Taoyuan International Airport,China Airlines Cargo,CI,B744,Boeing 747-409F,B-18721,Landed 05:10,2026-08-02 05:55:51
SIN,arrivals,2026-08-01,03:05,05:22,TR189,TGW189,HGH,Hangzhou Xiaoshan International Airport,Scoot,TR,B788,Boeing 787-8 Dreamliner,9V-OFA,Landed 06:22,2026-08-02 05:55:51
SIN,arrivals,2026-08-01,03:10,03:58,CZ5085,CSN5085,SZX,Shenzhen Bao'an International Airport,China Southern Airlines,CZ,A20N,Airbus A320-251N,B-32H3,Landed 04:58,2026-08-02 05:55:51
SIN,arrivals,2026-08-01,03:35,,SQ7601,,NRT,Tokyo Narita International Airport,Singapore Airlines,SQ,74Y,,,Unknown,2026-08-02 05:55:51
SIN,arrivals,2026-08-01,03:35,03:47,KZ263,NCA263,NRT,Tokyo Narita International Airport,Nippon Cargo Airlines,KZ,B748,Boeing 747-8KZF,JA15KZ,Landed 04:47,2026-08-02 05:55:51
SIN,arrivals,2026-08-01,03:40,03:17,SQ7441,SIA7441,SYD,Sydney Kingsford Smith Airport,DHL,D0,B77L,Boeing 777-F,9V-DHC,Landed 04:17,2026-08-02 05:55:51
SIN,arrivals,2026-08-01,03:40,03:39,TR125,TGW125,CSX,Changsha Huanghua International Airport,Scoot,TR,A21N,Airbus A321-271NX,9V-NCI,Landed 04:39,2026-08-02 05:55:51
SIN,arrivals,2026-08-01,03:40,03:10,6E1247,IGO1247,BLR,Bengaluru Kempegowda International Airport,IndiGo,6E,A20N,Airbus A320-251N,VT-IQW,Landed 04:10,2026-08-02 05:55:51
SIN,arrivals,2026-08-01,03:40,03:24,BS307,UBG307,DAC,Dhaka Shahjalal International Airport,US-Bangla Airlines,BS,B738,Boeing 737-8GJ,S2-AJE,Landed 04:24,2026-08-02 05:55:51
SIN,arrivals,2026-08-01,03:45,03:26,SQ623,SIA623,KIX,Osaka Kansai International Airport,Singapore Airlines,SQ,B78X,Boeing 787-10 Dreamliner,9V-SCL,Landed 04:26,2026-08-02 05:55:51
SIN,arrivals,2026-08-01,03:55,03:28,6E1027,IGO1027,HYD,Hyderabad Rajiv Gandhi International Airport,IndiGo,6E,A320,Airbus A320-232,VT-IFK,Landed 04:28,2026-08-02 05:55:51
SIN,arrivals,2026-08-01,04:00,03:41,KE647,KAL647,ICN,Seoul Incheon International Airport,Korean Air,KE,A333,Airbus A330-323,HL8003,Landed 04:41,2026-08-02 05:55:51
SIN,arrivals,2026-08-01,04:10,04:20,SQ839,SIA839,HGH,Hangzhou Xiaoshan International Airport,Singapore Airlines,SQ,A359,Airbus A350-941,9V-SHF,Landed 05:20,2026-08-02 05:55:51
SIN,arrivals,2026-08-01,04:10,04:50,SQ252,SIA252,DRW,Darwin International Airport,Singapore Airlines,SQ,B38M,Boeing 737 MAX 8,9V-MBS,Landed 05:50,2026-08-02 05:55:51
SIN,arrivals,2026-08-01,04:15,03:38,9C8551,CQH8551,PVG,Shanghai Pudong International Airport,Spring Airlines,9C,A20N,Airbus A320-251N,B-32MS,Landed 04:38,2026-08-02 05:55:51
SIN,arrivals,2026-08-01,04:15,03:52,MU543,CES543,PVG,Shanghai Pudong International Airport,China Eastern Airlines,MU,B77W,Boeing 777-39P(ER),B-2025,Landed 04:52,2026-08-02 05:55:51
SIN,arrivals,2026-08-01,04:15,04:43,AC19,ACA19,YVR,Vancouver International Airport,Air Canada,AC,B789,Boeing 787-9 Dreamliner,C-FEGI,Landed 05:43,2026-08-02 05:55:51
SIN,arrivals,2026-08-01,04:20,04:25,TR875,TGW875,TPE,Taipei Taoyuan International Airport,Scoot,TR,B789,Boeing 787-9 Dreamliner,9V-OJK,Landed 05:25,2026-08-02 05:55:51
SIN,arrivals,2026-08-01,04:25,03:33,SQ635,SIA635,HND,Tokyo Haneda International Airport,Singapore Airlines,SQ,B78X,Boeing 787-10 Dreamliner,9V-SCK,Landed 04:33,2026-08-02 05:55:51
SIN,arrivals,2026-08-01,04:30,05:59,3Y924,MYU924,CGK,Jakarta Soekarno Hatta International Airport,My Indo Airlines,3Y,B733,Boeing 737-39K(SF),PK-MYC,Landed 06:59,2026-08-02 05:55:51
SIN,arrivals,2026-08-01,04:30,04:27,SQ853,SIA853,CAN,Guangzhou Baiyun International Airport,Singapore Airlines,SQ,B38M,Boeing 737 MAX 8,9V-MBN,Landed 05:27,2026-08-02 05:55:51
SIN,arrivals,2026-08-01,04:30,04:24,CX659,CPA659,HKG,Hong Kong International Airport,Cathay Pacific,CX,A333,Airbus A330-342,B-LAE,Landed 05:24,2026-08-02 05:55:51
SIN,arrivals,2026-08-01,04:30,04:12,SQ323,SIA323,AMS,Amsterdam Schiphol Airport,Singapore Airlines (Star Alliance Livery),SQ,B77W,Boeing 777-312(ER),9V-SWJ,Landed 05:12,2026-08-02 05:55:51
SIN,arrivals,2026-08-01,04:30,04:00,SQ218,SIA218,MEL,Melbourne Airport,Singapore Airlines,SQ,A359,Airbus A350-941,9V-SHM,Landed 05:00,2026-08-02 05:55:51
SIN,arrivals,2026-08-01,04:30,04:38,SQ33,SIA33,SFO,San Francisco International Airport,Singapore Airlines,SQ,A359,Airbus A350-941,9V-SGE,Landed 05:38,2026-08-02 05:55:51
SIN,arrivals,2026-08-01,04:30,03:55,SQ23,SIA23,JFK,New York John F. Kennedy International Airport,Singapore Airlines,SQ,A359,Airbus A350-941,9V-SGC,Landed 04:55,2026-08-02 05:55:51
SIN,arrivals,2026-08-01,04:40,05:44,TR121,TGW121,WUH,Wuhan Tianhe International Airport,Scoot,TR,B788,Boeing 787-8 Dreamliner,9V-OFE,Landed 06:44,2026-08-02 05:55:51
SIN,arrivals,2026-08-01,04:45,04:56,TR581,TGW581,CEB,Cebu Mactan International Airport,Scoot,TR,A20N,Airbus A320-271N,9V-TNK,Landed 05:56,2026-08-02 05:55:51
SIN,arrivals,2026-08-01,04:45,04:16,SQ305,SIA305,LHR,London Heathrow Airport,Singapore Airlines,SQ,A359,Airbus A350-941,9V-SMB,Landed 05:16,2026-08-02 05:55:51
SIN,arrivals,2026-08-01,04:45,04:41,SQ246,SIA246,BNE,Brisbane Airport,Singapore Airlines,SQ,A359,Airbus A350-941,9V-SHI,Landed 05:41,2026-08-02 05:55:51
SIN,arrivals,2026-08-01,04:55,04:52,SQ825,SIA825,PVG,Shanghai Pudong International Airport,Singapore Airlines,SQ,B78X,Boeing 787-10 Dreamliner,9V-SCZ,Landed 05:52,2026-08-02 05:55:51
SIN,arrivals,2026-08-01,05:00,04:48,TR873,TGW873,TPE,Taipei Taoyuan International Airport,Scoot,TR,B788,Boeing 787-8 Dreamliner,9V-OFL,Landed 05:48,2026-08-02 05:55:51
SIN,arrivals,2026-08-01,05:00,04:54,SQ447,SIA447,DAC,Dhaka Shahjalal International Airport,Singapore Airlines,SQ,B78X,Boeing 787-10 Dreamliner,9V-SDB,Landed 05:54,2026-08-02 05:55:51
SIN,arrivals,2026-08-01,05:00,04:34,SQ365,SIA365,FCO,Rome Leonardo da Vinci Fiumicino Airport,Singapore Airlines,SQ,A359,Airbus A350-941,9V-SMM,Landed 05:34,2026-08-02 05:55:51
SIN,arrivals,2026-08-01,05:05,05:08,SQ335,SIA335,CDG,Paris Charles de Gaulle Airport,Singapore Airlines,SQ,B77W,Boeing 777-312(ER),9V-SWT,Landed 06:08,2026-08-02 05:55:51
SIN,arrivals,2026-08-01,05:10,05:00,SQ857,SIA857,SZX,Shenzhen Bao'an International Airport,Singapore Airlines,SQ,B38M,Boeing 737 MAX 8,9V-MBH,Landed 06:00,2026-08-02 05:55:51
SIN,arrivals,2026-08-01,05:10,05:05,JL35,JAL35,HND,Tokyo Haneda International Airport,Japan Airlines,JL,B763,Boeing 767-346(ER),JA618J,Landed 06:05,2026-08-02 05:55:51
SIN,arrivals,2026-08-01,05:10,05:36,SQ511,SIA511,BLR,Bengaluru Kempegowda International Airport,Singapore Airlines,SQ,A359,Airbus A350-941,9V-SHV,Landed 06:36,2026-08-02 05:55:51
SIN,arrivals,2026-08-01,05:10,05:14,SQ529,SIA529,MAA,Chennai International Airport,Singapore Airlines,SQ,B78X,Boeing 787-10 Dreamliner,9V-SCV,Landed 06:14,2026-08-02 05:55:51
SIN,arrivals,2026-08-01,05:10,04:45,SQ403,SIA403,DEL,Delhi Indira Gandhi International Airport,Singapore Airlines,SQ,A388,Airbus A380-841,9V-SKT,Landed 05:45,2026-08-02 05:55:51
SIN,arrivals,2026-08-01,05:15,05:29,UA1,UAL1,SFO,San Francisco International Airport,United Airlines,UA,B789,Boeing 787-9 Dreamliner,N61106,Landed 06:29,2026-08-02 05:55:51
SIN,arrivals,2026-08-01,05:15,05:30,TR785,TGW785,VTZ,Visakhapatnam Airport,Scoot,TR,A320,Airbus A320-232,9V-TRO,Landed 06:30,2026-08-02 05:55:51
SIN,arrivals,2026-08-01,05:15,05:40,SQ535,SIA535,COK,Cochin International Airport,Singapore Airlines,SQ,B38M,Boeing 737 MAX 8,9V-MBE,Landed 06:40,2026-08-02 05:55:51
SIN,arrivals,2026-08-01,05:15,05:03,SQ441,SIA441,KTM,Kathmandu Tribhuvan International Airport,Singapore Airlines,SQ,B38M,Boeing 737 MAX 8,9V-MBY,Landed 06:03,2026-08-02 05:55:51
SIN,arrivals,2026-08-01,05:20,05:17,SQ479,SIA479,JNB,Johannesburg OR Tambo International Airport,Singapore Airlines,SQ,A359,Airbus A350-941,9V-SJD,Landed 06:17,2026-08-02 05:55:51
SIN,arrivals,2026-08-01,05:20,04:55,SQ345,SIA345,ZRH,Zurich Airport,Singapore Airlines,SQ,B77W,Boeing 777-312(ER),9V-SWL,Landed 05:55,2026-08-02 05:55:51
SIN,arrivals,2026-08-01,05:25,05:21,SQ801,SIA801,PEK,Beijing Capital International Airport,Singapore Airlines,SQ,B78X,Boeing 787-10 Dreamliner,9V-SCJ,Landed 06:21,2026-08-02 05:55:51
SIN,arrivals,2026-08-01,05:25,05:13,SQ351,SIA351,CPH,Copenhagen Airport,"Singapore Airlines (10,000th Airbus Sticker)",SQ,A359,Airbus A350-941,9V-SMF,Landed 06:13,2026-08-02 05:55:51
SIN,arrivals,2026-08-01,05:25,05:19,SQ309,SIA309,LGW,London Gatwick Airport,Singapore Airlines,SQ,A359,Airbus A350-941,9V-SJB,Landed 06:19,2026-08-02 05:55:51
SIN,arrivals,2026-08-01,05:30,05:51,TR731,TGW731,TRV,Thiruvananthapuram International Airport,Scoot,TR,A21N,Airbus A321-271NX,9V-NCJ,Landed 06:51,2026-08-02 05:55:51
SIN,arrivals,2026-08-01,05:30,05:54,SQ517,SIA517,CCU,Kolkata Subhas Chandra Bose International Airport,Singapore Airlines,SQ,B38M,Boeing 737 MAX 8,9V-MBF,Landed 06:54,2026-08-02 05:55:51
SIN,arrivals,2026-08-01,05:35,05:34,SQ216,SIA216,PER,Perth Airport,Singapore Airlines,SQ,B78X,Boeing 787-10 Dreamliner,9V-SCD,Landed 06:34,2026-08-02 05:55:51
SIN,arrivals,2026-08-01,05:35,06:00,TR741,TGW741,CJB,Coimbatore International Airport,Scoot,TR,A21N,Airbus A321-271NX,9V-NCC,Landed 07:00,2026-08-02 05:55:51
SIN,arrivals,2026-08-01,05:40,09:02,NH843,ANA843,HND,Tokyo Haneda International Airport,All Nippon Airways,NH,B78X,Boeing 787-10 Dreamliner,JA900A,Landed 10:02,2026-08-02 05:55:51
SIN,arrivals,2026-08-01,05:40,05:57,SQ523,SIA523,HYD,Hyderabad Rajiv Gandhi International Airport,Singapore Airlines,SQ,A359,Airbus A350-941,9V-SHS,Landed 06:57,2026-08-02 05:55:51
SIN,arrivals,2026-08-01,05:40,05:46,SQ327,SIA327,MUC,Munich Airport,Singapore Airlines,SQ,A359,Airbus A350-941,9V-SJG,Landed 06:46,2026-08-02 05:55:51
SIN,arrivals,2026-08-01,05:45,05:49,SQ387,SIA387,BCN,Barcelona El Prat Airport,Singapore Airlines,SQ,A359,Airbus A350-941,9V-SMA,Landed 06:49,2026-08-02 05:55:51
SIN,arrivals,2026-08-01,05:45,05:38,NZ282,ANZ282,AKL,Auckland Airport,Air New Zealand,NZ,B77W,Boeing 777-319(ER),ZK-OKO,Landed 06:38,2026-08-02 05:55:51
SIN,arrivals,2026-08-01,05:50,05:25,CA975,CCA975,PEK,Beijing Capital International Airport,Air China,CA,A333,Airbus A330-343,B-6513,Landed 06:25,2026-08-02 05:55:51
SIN,arrivals,2026-08-01,05:50,06:03,TR779,TGW779,MAA,Chennai International Airport,Scoot,TR,B788,Boeing 787-8 Dreamliner,9V-OFM,Landed 07:03,2026-08-02 05:55:51
SIN,arrivals,2026-08-01,05:50,05:42,SQ25,SIA25,FRA,Frankfurt Airport,Singapore Airlines,SQ,B77W,Boeing 777-312(ER),9V-SWS,Landed 06:42,2026-08-02 05:55:51
SIN,arrivals,2026-08-01,06:00,05:52,SQ355,SIA355,MXP,Milan Malpensa Airport,Singapore Airlines,SQ,A359,Airbus A350-941,9V-SME,Landed 06:52,2026-08-02 05:55:51
SIN,arrivals,2026-08-01,06:00,05:32,SQ301,SIA301,MAN,Manchester Airport,Singapore Airlines,SQ,A359,Airbus A350-941,9V-SMR,Landed 06:32,2026-08-02 05:55:51
SIN,arrivals,2026-08-01,06:10,06:31,SQ505,SIA505,AMD,Ahmedabad International Airport,Singapore Airlines,SQ,A359,Airbus A350-941,9V-SHA,Landed 07:31,2026-08-02 05:55:51
SIN,arrivals,2026-08-01,06:10,06:10,SQ437,SIA437,MLE,Male Velana International Airport,Singapore Airlines,SQ,A359,Airbus A350-941,9V-SHK,Landed 07:10,2026-08-02 05:55:51
SIN,arrivals,2026-08-01,06:15,06:19,AK701,AXM701,KUL,Kuala Lumpur International Airport,AirAsia,AK,A21N,Airbus A321-251NX,9M-VAD,Landed 07:19,2026-08-02 05:55:51
SIN,arrivals,2026-08-01,06:20,07:19,TR135,TGW135,XIY,Xi'an Xianyang International Airport,Scoot,TR,A20N,Airbus A320-271N,9V-TNF,Landed 08:19,2026-08-02 05:55:51
SIN,arrivals,2026-08-01,06:20,06:26,SQ469,SIA469,CMB,Colombo Bandaranaike International Airport,Singapore Airlines,SQ,B78X,Boeing 787-10 Dreamliner,9V-SCI,Landed 07:26,2026-08-02 05:55:51
SIN,arrivals,2026-08-01,06:25,06:38,AI2380,AIC2380,DEL,Delhi Indira Gandhi International Airport,Air India,AI,A20N,Airbus A320-251N,VT-TQJ,Landed 07:38,2026-08-02 05:55:51
SIN,arrivals,2026-08-01,06:30,06:16,SQ819,SIA819,CKG,Chongqing Jiangbei International Airport,Singapore Airlines,SQ,B38M,Boeing 737 MAX 8,9V-MBI,Landed 07:16,2026-08-02 05:55:51
SIN,arrivals,2026-08-01,06:30,06:06,SQ317,SIA317,LHR,London Heathrow Airport,Singapore Airlines,SQ,A388,Airbus A380-841,9V-SKS,Landed 07:06,2026-08-02 05:55:51
SIN,arrivals,2026-08-01,06:40,06:23,SQ423,SIA423,BOM,Mumbai Chhatrapati Shivaji International Airport,Singapore Airlines,SQ,B77W,Boeing 777-312(ER),9V-SWQ,Landed 07:23,2026-08-02 05:55:51
SIN,arrivals,2026-08-01,06:40,06:33,SQ37,SIA37,LAX,Los Angeles International Airport,Singapore Airlines,SQ,A359,Airbus A350-941,9V-SJC,Landed 07:33,2026-08-02 05:55:51
SIN,arrivals,2026-08-01,06:45,06:36,AI2105,AIC2105,BOM,Mumbai Chhatrapati Shivaji International Airport,Air India,AI,A21N,Airbus A321-251NX,VT-TVB,Landed 07:36,2026-08-02 05:55:51
SIN,arrivals,2026-08-01,07:10,06:54,SQ951,SIA951,CGK,Jakarta Soekarno Hatta International Airport,Singapore Airlines,SQ,A359,Airbus A350-941,9V-SHU,Landed 07:54,2026-08-02 05:55:51
SIN,arrivals,2026-08-01,07:15,07:03,SQ537,SIA537,COK,Cochin International Airport,Singapore Airlines,SQ,B38M,Boeing 737 MAX 8,9V-MBC,Landed 08:03,2026-08-02 05:55:51
SIN,arrivals,2026-08-01,07:20,07:39,TR883,TGW883,HND,Tokyo Haneda International Airport,Scoot,TR,B788,Boeing 787-8 Dreamliner,9V-OFC,Landed 08:39,2026-08-02 05:55:51
SIN,arrivals,2026-08-01,07:25,07:30,LD317,AHK317,HKG,Hong Kong International Airport,DHL,D0,A332,Airbus A330-243F,B-LKB,Landed 08:30,2026-08-02 05:55:51
SIN,arrivals,2026-08-01,07:30,07:26,UL306,ALK306,CMB,Colombo Bandaranaike International Airport,SriLankan Airlines,UL,A320,Airbus A320-232,4R-ABL,Landed 08:26,2026-08-02 05:55:51
SIN,arrivals,2026-08-01,07:30,07:16,AK703,AXM703,KUL,Kuala Lumpur International Airport,AirAsia,AK,A320,Airbus A320-214,9M-AHV,Landed 08:16,2026-08-02 05:55:51
SIN,arrivals,2026-08-01,07:35,07:09,TR767,TGW767,TRZ,Tiruchirappalli International Airport,Scoot,TR,A21N,Airbus A321-271NX,9V-NCM,Landed 08:09,2026-08-02 05:55:48
SIN,arrivals,2026-08-01,07:35,07:29,SQ7857,SIA7857,PVG,Shanghai Pudong International Airport,Singapore Airlines Cargo,SQ,B744,Boeing 747-412F(SCD),9V-SFQ,Landed 08:29,2026-08-02 05:55:48
SIN,arrivals,2026-08-01,07:35,07:36,GA824,GIA824,CGK,Jakarta Soekarno Hatta International Airport,Garuda Indonesia,GA,B738,Boeing 737-8U3,PK-GMI,Landed 08:36,2026-08-02 05:55:51
SIN,arrivals,2026-08-01,07:35,07:42,EK314,UAE314,DXB,Dubai International Airport,Emirates,EK,B77W,Boeing 777-31H(ER),A6-EGR,Landed 08:42,2026-08-02 05:55:51
SIN,arrivals,2026-08-01,07:45,07:55,TK168,THY168,IST,Istanbul Airport,Turkish Airlines,TK,A359,Airbus A350-941,TC-LGG,Landed 08:55,2026-08-02 05:55:48
SIN,arrivals,2026-08-01,08:05,07:38,PR511,PAL511,MNL,Manila Ninoy Aquino International Airport,Philippine Airlines,PR,A321,Airbus A321-231,RP-C9929,Landed 08:38,2026-08-02 05:55:48
SIN,arrivals,2026-08-01,08:05,07:41,MH601,MAS601,KUL,Kuala Lumpur International Airport,Malaysia Airlines,MH,B38M,Boeing 737 MAX 8,9M-MVG,Landed 08:41,2026-08-02 05:55:48
SIN,arrivals,2026-08-01,08:10,08:00,QG522,CTV522,CGK,Jakarta Soekarno Hatta International Airport,Citilink,QG,A320,Airbus A320-214,PK-GQQ,Landed 09:00,2026-08-02 05:55:48
SIN,arrivals,2026-08-01,08:15,07:58,AI2118,AIC2118,DEL,Delhi Indira Gandhi International Airport,Air India,AI,A20N,Airbus A320-251N,VT-RTS,Landed 08:58,2026-08-02 05:55:48
SIN,arrivals,2026-08-01,08:20,08:18,OD801,MXD801,KUL,Kuala Lumpur International Airport,Batik Air,ID,B738,Boeing 737-8GP,9M-LDD,Landed 09:18,2026-08-02 05:55:48
SIN,arrivals,2026-08-01,08:20,07:33,SQ313,SIA313,LGW,London Gatwick Airport,Singapore Airlines,SQ,A359,Airbus A350-941,9V-SMT,Landed 08:33,2026-08-02 05:55:48
SIN,arrivals,2026-08-01,08:30,07:51,TR255,TGW255,PLM,Palembang International Airport,Scoot,TR,E290,Embraer E190-E2,9V-THJ,Landed 08:51,2026-08-02 05:55:48
SIN,arrivals,2026-08-01,08:30,08:58,TK208,THY208,IST,Istanbul Airport,Turkish Airlines,TK,A359,Airbus A350-941,TC-LGP,Landed 09:58,2026-08-02 05:55:48
SIN,arrivals,2026-08-01,08:40,08:22,AK705,AXM705,KUL,Kuala Lumpur International Airport,AirAsia,AK,A21N,Airbus A321-251NX,9M-VAC,Landed 09:22,2026-08-02 05:55:48
SIN,arrivals,2026-08-01,08:40,09:35,EY498,ETD498,AUH,Abu Dhabi Zayed International Airport,Etihad Airways,EY,B789,Boeing 787-9 Dreamliner,A6-BLB,Landed 10:35,2026-08-02 05:55:48
SIN,arrivals,2026-08-01,08:45,08:28,6E1339,IGO1339,BOM,Mumbai Chhatrapati Shivaji International Airport,IndiGo,6E,A21N,Airbus A321-251NX,VT-NHB,Landed 09:28,2026-08-02 05:55:48
SIN,arrivals,2026-08-01,08:50,08:20,5J817,CEB817,MNL,Manila Ninoy Aquino International Airport,Cebu Pacific,5J,A21N,Airbus A321-271NX,RP-C4119,Landed 09:20,2026-08-02 05:55:48
SIN,arrivals,2026-08-01,08:55,09:01,8B551,TNU551,DPS,Denpasar Ngurah Rai International Airport,TransNusa,8B,A320,Airbus A320-214,PK-TLA,Landed 10:01,2026-08-02 05:55:48
SIN,arrivals,2026-08-01,09:00,09:24,3Y934,MYU934,SUB,Surabaya Juanda International Airport,My Indo Airlines,3Y,B734,Boeing 737-4Q8(SF),PK-MYN,Landed 10:24,2026-08-02 05:55:48
SIN,arrivals,2026-08-01,09:00,08:49,SQ949,SIA949,DPS,Denpasar Ngurah Rai International Airport,Singapore Airlines (1000th 787 Dreamliner Sticker),SQ,B78X,Boeing 787-10 Dreamliner,9V-SCP,Landed 09:49,2026-08-02 05:55:48
SIN,arrivals,2026-08-01,09:05,08:47,TR481,TGW481,IPH,Ipoh Sultan Azlan Shah Airport,Scoot,TR,A20N,Airbus A320-271N,9V-TNL,Landed 09:47,2026-08-02 05:55:48
SIN,arrivals,2026-08-01,09:05,08:31,TR439,TGW439,KCH,Kuching International Airport,Scoot,TR,A320,Airbus A320-232,9V-TRT,Landed 09:31,2026-08-02 05:55:48
SIN,arrivals,2026-08-01,09:10,08:51,6E1025,IGO1025,MAA,Chennai International Airport,IndiGo,6E,A21N,Airbus A321-252NX,VT-NCL,Landed 09:51,2026-08-02 05:55:48
SIN,arrivals,2026-08-01,09:10,09:25,TR569,TGW569,CRK,Angeles City Clark International Airport,Scoot,TR,A21N,Airbus A321-271NX,9V-NCL,Landed 10:25,2026-08-02 05:55:48
SIN,arrivals,2026-08-01,09:10,08:54,SQ103,SIA103,KUL,Kuala Lumpur International Airport,Singapore Airlines,SQ,B38M,Boeing 737 MAX 8,9V-MBJ,Landed 09:54,2026-08-02 05:55:48
SIN,arrivals,2026-08-01,09:10,08:57,IP988,PAS988,CGK,Jakarta Soekarno Hatta International Airport,Pelita Air,IP,A320,Airbus A320-214,PK-PWE,Landed 09:57,2026-08-02 05:55:48
SIN,arrivals,2026-08-01,09:15,09:18,VJ813,VJC813,SGN,Ho Chi Minh City International Airport,VietJet Air,VJ,A321,Airbus A321-211,VN-A683,Landed 10:18,2026-08-02 05:55:48
SIN,arrivals,2026-08-01,09:15,09:07,MH611,MAS611,KUL,Kuala Lumpur International Airport,Malaysia Airlines,MH,B738,Boeing 737-8H6,9M-MXQ,Landed 10:07,2026-08-02 05:55:48
SIN,arrivals,2026-08-01,09:20,09:20,TR561,TGW561,DVO,Davao City Francisco Bangoy International Airport,Scoot,TR,A21N,Airbus A321-271NX,9V-NCH,Landed 10:20,2026-08-02 05:55:48
SIN,arrivals,2026-08-01,09:30,09:47,TR589,TGW589,MNL,Manila Ninoy Aquino International Airport,Scoot,TR,B788,Boeing 787-8 Dreamliner,9V-OFI,Landed 10:47,2026-08-02 05:55:48
SIN,arrivals,2026-08-01,09:30,09:22,ID7153,BTK7153,CGK,Jakarta Soekarno Hatta International Airport,Batik Air,ID,A320,Airbus A320-232,PK-BLA,Landed 10:22,2026-08-02 05:55:48
SIN,arrivals,2026-08-01,09:32,10:02,7L631,AZG631,GYD,Baku Heydar Aliyev International Airport,Silk Way West Airlines,7L,B744,Boeing 747-4R7F,4K-SW888,Landed 11:02,2026-08-02 05:55:48
SIN,arrivals,2026-08-01,09:40,09:14,TR299,TGW299,KJT,Majalengka Kertajati International Airport,Scoot,TR,E290,Embraer E190-E2,9V-THB,Landed 10:14,2026-08-02 05:55:48
SIN,arrivals,2026-08-01,09:40,09:39,IX690,AXB690,TRZ,Tiruchirappalli International Airport,Air India Express (Ellora-Ajanta Caves Livery),IX,B738,Boeing 737-8HG,VT-AYA,Landed 10:39,2026-08-02 05:55:48
SIN,arrivals,2026-08-01,09:45,09:19,8B151,TNU151,CGK,Jakarta Soekarno Hatta International Airport,TransNusa,8B,A321,Airbus A321-211,PK-TLK,Landed 10:19,2026-08-02 05:55:48
SIN,arrivals,2026-08-01,09:50,09:28,SQ953,SIA953,CGK,Jakarta Soekarno Hatta International Airport,Singapore Airlines,SQ,B77W,Boeing 777-312(ER),9V-SWV,Landed 10:28,2026-08-02 05:55:48
SIN,arrivals,2026-08-01,09:55,09:30,TR29,TGW29,PER,Perth Airport,Scoot,TR,B789,Boeing 787-9 Dreamliner,9V-OJC,Landed 10:30,2026-08-02 05:55:48
SIN,arrivals,2026-08-01,09:55,09:41,AK1721,AXM1721,PEN,Penang International Airport,AirAsia,AK,A320,Airbus A320-216,9M-AJN,Landed 10:41,2026-08-02 05:55:48
SIN,arrivals,2026-08-01,10:00,,8K801,,CGK,Jakarta Soekarno Hatta International Airport,Exploits Valley Air Services,8K,73P,,,Unknown,2026-08-02 05:55:48
SIN,arrivals,2026-08-01,10:00,09:37,TR319,TGW319,MDC,Manado Sam Ratulangi International Airport,Scoot,TR,E290,Embraer E190-E2,9V-THI,Landed 10:37,2026-08-02 05:55:48
SIN,arrivals,2026-08-01,10:00,09:27,HU747,CHH747,HAK,Haikou Meilan International Airport,Hainan Airlines,HU,B738,Boeing 737-84P,B-5337,Landed 10:27,2026-08-02 05:55:48
SIN,arrivals,2026-08-01,10:05,09:32,TR431,TGW431,PEN,Penang International Airport,Scoot,TR,A320,Airbus A320-232,9V-TRS,Landed 10:32,2026-08-02 05:55:48
SIN,arrivals,2026-08-01,10:05,09:33,TR201,TGW201,SRG,Semarang Achmad Yani International Airport,Scoot,TR,A320,Airbus A320-232,9V-TRU,Landed 10:33,2026-08-02 05:55:48
SIN,arrivals,2026-08-01,10:10,09:50,SQ915,SIA915,MNL,Manila Ninoy Aquino International Airport,Singapore Airlines,SQ,B78X,Boeing 787-10 Dreamliner,9V-SCB,Landed 10:50,2026-08-02 05:55:48
SIN,arrivals,2026-08-01,10:10,09:56,SL100,TLM100,DMK,Bangkok Don Mueang International Airport,Thai Lion Air,SL,B738,Boeing 737-8GP,HS-LUJ,Landed 10:56,2026-08-02 05:55:48
SIN,arrivals,2026-08-01,10:10,09:42,TK518,THY518,IST,Istanbul Airport,Turkish Airlines,TK,B789,Boeing 787-9 Dreamliner,TC-LLR,Landed 10:42,2026-08-02 05:55:48
SIN,arrivals,2026-08-01,10:15,10:15,TG403,THA403,BKK,Bangkok Suvarnabhumi Airport,Thai Airways,TG,A359,Airbus A350-941,HS-THL,Landed 11:15,2026-08-02 05:55:48
SIN,arrivals,2026-08-01,10:15,09:45,AK1775,AXM1775,KCH,Kuching International Airport,AirAsia (100th Awesome Plane Livery),AK,A320,Airbus A320-216,9M-AQH,Landed 10:45,2026-08-02 05:55:48
SIN,arrivals,2026-08-01,10:20,10:08,GA828,GIA828,CGK,Jakarta Soekarno Hatta International Airport,Garuda Indonesia,GA,B738,Boeing 737-8U3,PK-GFF,Landed 11:08,2026-08-02 05:55:48
SIN,arrivals,2026-08-01,10:20,09:58,BI421,RBA421,BWN,Brunei International Airport,Royal Brunei Airlines,BI,A20N,Airbus A320-251N,V8-RBA,Landed 10:58,2026-08-02 05:55:48
SIN,arrivals,2026-08-01,10:25,10:17,SQ991,SIA991,KNO,Medan Kuala Namu International Airport,Singapore Airlines,SQ,B38M,Boeing 737 MAX 8,9V-MBG,Landed 11:17,2026-08-02 05:55:48
SIN,arrivals,2026-08-01,10:25,10:05,MH627,MAS627,KUL,Kuala Lumpur International Airport,Malaysia Airlines,MH,B738,Boeing 737-8H6,9M-MSB,Landed 11:05,2026-08-02 05:55:48
SIN,arrivals,2026-08-01,10:30,10:22,OD803,MXD803,KUL,Kuala Lumpur International Airport,Batik Air,ID,B738,Boeing 737-8GP,9M-LNY,Landed 11:22,2026-08-02 05:55:48
SIN,arrivals,2026-08-01,10:35,10:40,TR641,TGW641,USM,Koh Samui Airport,Scoot,TR,E290,Embraer E190-E2,9V-THA,Landed 11:40,2026-08-02 05:55:48
SIN,arrivals,2026-08-01,10:35,10:19,AK707,AXM707,KUL,Kuala Lumpur International Airport,AirAsia,AK,A21N,Airbus A321-251NX,9M-VAD,Landed 11:19,2026-08-02 05:55:48
SIN,arrivals,2026-08-01,10:40,10:25,MU5081,CES5081,KMG,Kunming Changshui International Airport,China Eastern Airlines,MU,B38M,Boeing 737 MAX 8,B-1380,Landed 11:25,2026-08-02 05:55:48
SIN,arrivals,2026-08-01,10:45,10:31,SQ248,SIA248,MEL,Melbourne Airport,Singapore Airlines,SQ,A359,Airbus A350-941,9V-SHL,Landed 11:31,2026-08-02 05:55:48
SIN,arrivals,2026-08-01,10:45,11:40,SQ224,SIA224,PER,Perth Airport,Singapore Airlines,SQ,B78X,Boeing 787-10 Dreamliner,9V-SCG,Landed 12:40,2026-08-02 05:55:48
SIN,arrivals,2026-08-01,10:45,10:33,SQ131,SIA131,PEN,Penang International Airport,Singapore Airlines,SQ,B38M,Boeing 737 MAX 8,9V-MBY,Landed 11:33,2026-08-02 05:55:48
SIN,arrivals,2026-08-01,10:45,10:45,SQ105,SIA105,KUL,Kuala Lumpur International Airport,Singapore Airlines,SQ,A359,Airbus A350-941,9V-SMR,Landed 11:45,2026-08-02 05:55:48
SIN,arrivals,2026-08-01,10:45,10:29,ID7157,BTK7157,CGK,Jakarta Soekarno Hatta International Airport,Batik Air,ID,A320,Airbus A320-214,PK-BKY,Landed 11:29,2026-08-02 05:55:48
SIN,arrivals,2026-08-01,10:45,10:43,CX691,CPA691,HKG,Hong Kong International Airport,Cathay Pacific,CX,A359,Airbus A350-941,B-LRA,Landed 11:43,2026-08-02 05:55:48
SIN,arrivals,2026-08-01,10:55,10:49,VN661,HVN661,HAN,Hanoi Noi Bai International Airport,Vietnam Airlines,VN,A321,Airbus A321-231,VN-A608,Landed 11:49,2026-08-02 05:55:48
SIN,arrivals,2026-08-01,10:55,11:11,BR225,EVA225,TPE,Taipei Taoyuan International Airport,EVA Air (Sanrio Characters Livery),BR,B77W,Boeing 777-36N(ER),B-16722,Landed 12:11,2026-08-02 05:55:48
SIN,arrivals,2026-08-01,11:00,18:05,RH371,HKC371,HKG,Hong Kong International Airport,Hong Kong Air Cargo,RH,A332,Airbus A330-243F,B-LNZ,Landed 19:05,2026-08-02 05:55:48
SIN,arrivals,2026-08-01,11:00,,TK6270,,IST,Istanbul Airport,Turkish Airlines,TK,77X,,,Unknown,2026-08-02 05:55:48
SIN,arrivals,2026-08-01,11:05,11:04,VJ811,VJC811,SGN,Ho Chi Minh City International Airport,VietJet Air,VJ,A21N,Airbus A321-271NX,VN-A500,Landed 12:04,2026-08-02 05:55:48
SIN,arrivals,2026-08-01,11:10,11:13,CZ8117,CSN8117,SZX,Shenzhen Bao'an International Airport,China Southern Airlines,CZ,A21N,Airbus A321-253NX,B-30E7,Landed 12:13,2026-08-02 05:55:48
SIN,arrivals,2026-08-01,11:10,11:02,VN651,HVN651,SGN,Ho Chi Minh City International Airport,Vietnam Airlines,VN,A321,Airbus A321-231,VN-A338,Landed 12:02,2026-08-02 05:55:48
SIN,arrivals,2026-08-01,11:10,10:36,AI2115,AIC2115,DEL,Delhi Indira Gandhi International Airport,Air India,AI,A20N,Airbus A320-251N,VT-EXP,Landed 11:36,2026-08-02 05:55:48
SIN,arrivals,2026-08-01,11:15,11:15,SQ955,SIA955,CGK,Jakarta Soekarno Hatta International Airport,"Singapore Airlines (10,000th Airbus Sticker)",SQ,A359,Airbus A350-941,9V-SMF,Landed 12:15,2026-08-02 05:55:48
SIN,arrivals,2026-08-01,11:15,10:56,SQ107,SIA107,KUL,Kuala Lumpur International Airport,Singapore Airlines,SQ,B38M,Boeing 737 MAX 8,9V-MBI,Landed 11:56,2026-08-02 05:55:48
SIN,arrivals,2026-08-01,11:20,11:22,ZH239,CSZ239,SZX,Shenzhen Bao'an International Airport,Shenzhen Airlines,ZH,B38M,Boeing 737 MAX 8,B-20ES,Landed 12:22,2026-08-02 05:55:48
SIN,arrivals,2026-08-01,11:20,11:19,TR503,TGW503,SGN,Ho Chi Minh City International Airport,Scoot,TR,A21N,Airbus A321-271NX,9V-NCE,Landed 12:19,2026-08-02 05:55:48
SIN,arrivals,2026-08-01,11:25,11:27,TR275,TGW275,CGK,Jakarta Soekarno Hatta International Airport,Scoot,TR,A20N,Airbus A320-271N,9V-TNJ,Landed 12:27,2026-08-02 05:55:48
SIN,arrivals,2026-08-01,11:25,11:24,CX759,CPA759,HKG,Hong Kong International Airport,Cathay Pacific,CX,B77W,Boeing 777-367(ER),B-KQF,Landed 12:24,2026-08-02 05:55:48
SIN,arrivals,2026-08-01,11:30,11:17,CZ353,CSN353,CAN,Guangzhou Baiyun International Airport,China Southern Airlines,CZ,A359,Airbus A350-941,B-30AL,Landed 12:17,2026-08-02 05:55:48
SIN,arrivals,2026-08-01,11:35,11:44,CI753,CAL753,TPE,Taipei Taoyuan International Airport,China Airlines,CI,A359,Airbus A350-941,B-18919,Landed 12:44,2026-08-02 05:55:48
SIN,arrivals,2026-08-01,11:40,11:39,TR427,TGW427,PEN,Penang International Airport,Scoot,TR,A21N,Airbus A321-271NX,9V-NCB,Landed 12:39,2026-08-02 05:55:48
SIN,arrivals,2026-08-01,11:40,11:36,SQ153,SIA153,KTI,Phnom Penh Techo International Airport,Singapore Airlines,SQ,B38M,Boeing 737 MAX 8,9V-MBW,Landed 12:36,2026-08-02 05:55:48
SIN,arrivals,2026-08-01,11:45,11:00,TR659,TGW659,HKT,Phuket International Airport,Scoot,TR,A21N,Airbus A321-271NX,9V-NCK,Landed 12:00,2026-08-02 05:55:48
SIN,arrivals,2026-08-01,11:45,11:18,SQ935,SIA935,DPS,Denpasar Ngurah Rai International Airport,Singapore Airlines,SQ,B78X,Boeing 787-10 Dreamliner,9V-SCL,Landed 12:18,2026-08-02 05:55:48
SIN,arrivals,2026-08-01,11:45,11:28,SQ705,SIA705,BKK,Bangkok Suvarnabhumi Airport,Singapore Airlines,SQ,B78X,Boeing 787-10 Dreamliner,9V-SCK,Landed 12:28,2026-08-02 05:55:48
SIN,arrivals,2026-08-01,11:45,11:34,GF165,GFA165,BAH,Bahrain International Airport,Gulf Air,GF,B789,Boeing 787-9 Dreamliner,A9C-FE,Landed 12:34,2026-08-02 05:55:48
SIN,arrivals,2026-08-01,11:50,11:37,TR451,TGW451,KUL,Kuala Lumpur International Airport,Scoot,TR,A320,Airbus A320-232,9V-TRO,Landed 12:37,2026-08-02 05:55:48
SIN,arrivals,2026-08-01,11:50,11:53,JX771,SJX771,TPE,Taipei Taoyuan International Airport,STARLUX,JX,A359,Airbus A350-941,B-58502,Landed 12:53,2026-08-02 05:55:48
SIN,arrivals,2026-08-01,11:50,11:21,8M231,MMA231,RGN,Yangon International Airport,Myanmar Airways International,8M,A320,Airbus A320-214,XY-ALT,Landed 12:21,2026-08-02 05:55:48
SIN,arrivals,2026-08-01,11:55,11:43,SQ899,SIA899,HKG,Hong Kong International Airport,Singapore Airlines,SQ,A359,Airbus A350-941,9V-SHH,Landed 12:43,2026-08-02 05:55:48
SIN,arrivals,2026-08-01,11:55,11:32,MH603,MAS603,KUL,Kuala Lumpur International Airport,Malaysia Airlines,MH,B738,Boeing 737-8H6,9M-MXG,Landed 12:32,2026-08-02 05:55:48
SIN,arrivals,2026-08-01,12:00,11:06,SQ725,SIA725,HKT,Phuket International Airport,Singapore Airlines,SQ,B38M,Boeing 737 MAX 8,9V-MBB,Landed 12:06,2026-08-02 05:55:48
SIN,arrivals,2026-08-01,12:00,11:46,MF8739,CXA8739,CSX,Changsha Huanghua International Airport,Xiamen Air,MF,B738,Boeing 737-85C,B-6490,Landed 12:46,2026-08-02 05:55:48
SIN,arrivals,2026-08-01,12:00,11:56,CK287,CKK287,PVG,Shanghai Pudong International Airport,China Cargo Airlines,CK,B77L,Boeing 777-F,B-222K,Landed 12:56,2026-08-02 05:55:48
SIN,arrivals,2026-08-01,12:00,11:49,AK711,AXM711,KUL,Kuala Lumpur International Airport,AirAsia,AK,A320,Airbus A320-216,9M-AQP,Landed 12:49,2026-08-02 05:55:48
SIN,arrivals,2026-08-01,12:00,11:51,SQ481,SIA481,JNB,Johannesburg OR Tambo International Airport,Singapore Airlines,SQ,A359,Airbus A350-941,9V-SMZ,Landed 12:51,2026-08-02 05:55:48
SIN,arrivals,2026-08-01,12:10,11:48,TR257,TGW257,PKU,Pekanbaru Sultan Syarif Kasim II Airport,Scoot,TR,E290,Embraer E190-E2,9V-THJ,Landed 12:48,2026-08-02 05:55:48
SIN,arrivals,2026-08-01,12:10,11:55,SQ615,SIA615,PUS,Busan Gimhae International Airport,Singapore Airlines,SQ,B38M,Boeing 737 MAX 8,9V-MBA,Landed 12:55,2026-08-02 05:55:48
SIN,arrivals,2026-08-01,12:15,11:30,8B553,TNU553,DPS,Denpasar Ngurah Rai International Airport,TransNusa,8B,A320,Airbus A320-214,PK-TLO,Landed 12:30,2026-08-02 05:55:48
SIN,arrivals,2026-08-01,12:15,11:59,PR507,PAL507,MNL,Manila Ninoy Aquino International Airport,Philippine Airlines,PR,A21N,Airbus A321-271N,RP-C9934,Landed 12:59,2026-08-02 05:55:48
SIN,arrivals,2026-08-01,12:15,12:03,MU2069,CES2069,XIY,Xi'an Xianyang International Airport,China Eastern Airlines,MU,A20N,Airbus A320-251N,B-325T,Landed 13:03,2026-08-02 05:55:48
SIN,arrivals,2026-08-01,12:20,12:18,AK1723,AXM1723,PEN,Penang International Airport,AirAsia (WeAreAllChampions Livery),AK,A320,Airbus A320-216,9M-AQF,Landed 13:18,2026-08-02 05:55:48
SIN,arrivals,2026-08-01,12:20,12:07,9G721,SPQ721,PQC,Phu Quoc International Airport,Sun PhuQuoc Airways,9G,A21N,Airbus A321-251NX,VN-A285,Landed 13:07,2026-08-02 05:55:48
SIN,arrivals,2026-08-01,12:25,12:10,SQ827,SIA827,PVG,Shanghai Pudong International Airport,Singapore Airlines,SQ,A359,Airbus A350-941,9V-SHO,Landed 13:10,2026-08-02 05:55:45
SIN,arrivals,2026-08-01,12:25,,BR6043,,PEN,Penang International Airport,EVA Air,BR,77X,,,Unknown,2026-08-02 05:55:48
SIN,arrivals,2026-08-01,12:30,12:02,SQ133,SIA133,PEN,Penang International Airport,Singapore Airlines,SQ,B38M,Boeing 737 MAX 8,9V-MBN,Landed 13:02,2026-08-02 05:55:45
SIN,arrivals,2026-08-01,12:30,12:00,CA489,CCA489,CKG,Chongqing Jiangbei International Airport,Air China,CA,B38M,Boeing 737 MAX 8,B-1180,Landed 13:00,2026-08-02 05:55:45
SIN,arrivals,2026-08-01,12:40,12:49,MF8703,CXA8703,HGH,Hangzhou Xiaoshan International Airport,Xiamen Air,MF,B738,Boeing 737-86N,B-5386,Landed 13:49,2026-08-02 05:55:45
SIN,arrivals,2026-08-01,12:40,12:45,AK727,AXM727,KUL,Kuala Lumpur International Airport,AirAsia,AK,A320,Airbus A320-216,9M-RAO,Landed 13:45,2026-08-02 05:55:45
SIN,arrivals,2026-08-01,12:45,12:20,ID7155,BTK7155,CGK,Jakarta Soekarno Hatta International Airport,Batik Air,ID,B738,Boeing 737-8GP,PK-LZV,Landed 13:20,2026-08-02 05:55:45
SIN,arrivals,2026-08-01,12:50,12:30,SQ957,SIA957,CGK,Jakarta Soekarno Hatta International Airport,Singapore Airlines,SQ,A359,Airbus A350-941,9V-SMA,Landed 13:30,2026-08-02 05:55:45
SIN,arrivals,2026-08-01,12:50,12:23,SQ923,SIA923,SUB,Surabaya Juanda International Airport,Singapore Airlines,SQ,A359,Airbus A350-941,9V-SHT,Landed 13:23,2026-08-02 05:55:45
SIN,arrivals,2026-08-01,12:50,12:27,SQ212,SIA212,SYD,Sydney Kingsford Smith Airport,Singapore Airlines,SQ,B77W,Boeing 777-312(ER),9V-SWK,Landed 13:27,2026-08-02 05:55:45
SIN,arrivals,2026-08-01,12:50,13:20,MF851,CXA851,XMN,Xiamen Gaoqi International Airport,Xiamen Air,MF,B738,Boeing 737-85C,B-6483,Landed 14:20,2026-08-02 05:55:45
SIN,arrivals,2026-08-01,12:55,13:14,VJ915,VJC915,HAN,Hanoi Noi Bai International Airport,VietJet Air,VJ,A321,Airbus A321-211,VN-A673,Landed 14:14,2026-08-02 05:55:45
SIN,arrivals,2026-08-01,12:55,13:41,TR249,TGW249,YIA,Yogyakarta International Airport,Scoot,TR,A21N,Airbus A321-271NX,9V-NCF,Landed 14:41,2026-08-02 05:55:45
SIN,arrivals,2026-08-01,12:55,12:37,SQ163,SIA163,SAI,Siem Reap Angkor International Airport,Singapore Airlines,SQ,B38M,Boeing 737 MAX 8,9V-MBT,Landed 13:37,2026-08-02 05:55:45
SIN,arrivals,2026-08-01,12:55,13:00,BR215,EVA215,TPE,Taipei Taoyuan International Airport,EVA Air,BR,B77W,Boeing 777-35E(ER),B-16706,Landed 14:00,2026-08-02 05:55:45
SIN,arrivals,2026-08-01,13:00,12:43,TR297,TGW297,SUB,Surabaya Juanda International Airport,Scoot,TR,A20N,Airbus A320-271N,9V-TNI,Landed 13:43,2026-08-02 05:55:45
SIN,arrivals,2026-08-01,13:00,13:17,MF865,CXA865,FOC,Fuzhou Changle International Airport,Xiamen Air,MF,B38M,Boeing 737 MAX 8,B-227C,Landed 14:17,2026-08-02 05:55:45
SIN,arrivals,2026-08-01,13:05,12:56,TR661,TGW661,USM,Koh Samui Airport,Scoot,TR,E290,Embraer E190-E2,9V-THD,Landed 13:56,2026-08-02 05:55:45
SIN,arrivals,2026-08-01,13:05,13:02,FD357,AIQ357,DMK,Bangkok Don Mueang International Airport,AirAsia,AK,A21N,Airbus A321-251NX,HS-EAC,Landed 14:02,2026-08-02 05:55:45
SIN,arrivals,2026-08-01,13:05,14:27,EK348,UAE348,DXB,Dubai International Airport,Emirates,EK,B77W,Boeing 777-31H(ER),A6-ECJ,Landed 15:27,2026-08-02 05:55:45
SIN,arrivals,2026-08-01,13:10,12:33,TR281,TGW281,DPS,Denpasar Ngurah Rai International Airport,Scoot,TR,B788,Boeing 787-8 Dreamliner,9V-OFL,Landed 13:33,2026-08-02 05:55:45
SIN,arrivals,2026-08-01,13:15,13:43,VJ887,VJC887,SGN,Ho Chi Minh City International Airport,VietJet Air,VJ,A321,Airbus A321-211,VN-A642,Landed 14:43,2026-08-02 05:55:45
SIN,arrivals,2026-08-01,13:20,13:09,SQ607,SIA607,ICN,Seoul Incheon International Airport,Singapore Airlines,SQ,B78X,Boeing 787-10 Dreamliner,9V-SCC,Landed 14:09,2026-08-02 05:55:45
SIN,arrivals,2026-08-01,13:25,13:05,TR625,TGW625,BKK,Bangkok Suvarnabhumi Airport,Scoot,TR,B788,Boeing 787-8 Dreamliner,9V-OFE,Landed 14:05,2026-08-02 05:55:45
SIN,arrivals,2026-08-01,13:25,13:07,BS309,UBG309,DAC,Dhaka Shahjalal International Airport,US-Bangla Airlines,BS,B738,Boeing 737-8AL,S2-AJG,Landed 14:07,2026-08-02 05:55:45
SIN,arrivals,2026-08-01,13:30,13:24,TG413,THA413,BKK,Bangkok Suvarnabhumi Airport,Thai Airways,TG,A21N,Airbus A321-251NX,HS-TOF,Landed 14:24,2026-08-02 05:55:45
SIN,arrivals,2026-08-01,13:30,13:12,SQ147,SIA147,BWN,Brunei International Airport,Singapore Airlines,SQ,B38M,Boeing 737 MAX 8,9V-MBE,Landed 14:12,2026-08-02 05:55:45
SIN,arrivals,2026-08-01,13:35,13:10,TR885,TGW885,NRT,Tokyo Narita International Airport,Scoot,TR,B789,Boeing 787-9 Dreamliner,9V-OJB,Landed 14:10,2026-08-02 05:55:45
SIN,arrivals,2026-08-01,13:35,13:52,GA832,GIA832,CGK,Jakarta Soekarno Hatta International Airport,Garuda Indonesia,GA,B738,Boeing 737-8U3,PK-GMI,Landed 14:52,2026-08-02 05:55:45
SIN,arrivals,2026-08-01,13:40,13:23,8B153,TNU153,CGK,Jakarta Soekarno Hatta International Airport,TransNusa,8B,A320,Airbus A320-214,PK-TLC,Landed 14:23,2026-08-02 05:55:45
SIN,arrivals,2026-08-01,13:40,13:26,TR491,TGW491,BKI,Kota Kinabalu International Airport,Scoot,TR,A21N,Airbus A321-271NX,9V-NCC,Landed 14:26,2026-08-02 05:55:45
SIN,arrivals,2026-08-01,13:40,13:15,MH623,MAS623,KUL,Kuala Lumpur International Airport,Malaysia Airlines,MH,B738,Boeing 737-8H6,9M-MXM,Landed 14:15,2026-08-02 05:55:45
SIN,arrivals,2026-08-01,13:40,13:33,BG584,BBC584,DAC,Dhaka Shahjalal International Airport,Biman Bangladesh Airlines,BG,B738,Boeing 737-8E9,S2-AHO,Landed 14:33,2026-08-02 05:55:45
SIN,arrivals,2026-08-01,13:40,13:19,AK1773,AXM1773,KCH,Kuching International Airport,AirAsia (❤️ Singapore Livery),AK,A320,Airbus A320-216,9M-AHZ,Landed 14:19,2026-08-02 05:55:45
SIN,arrivals,2026-08-01,13:45,13:45,TR277,TGW277,CGK,Jakarta Soekarno Hatta International Airport,Scoot,TR,A20N,Airbus A320-271N,9V-TNF,Landed 14:45,2026-08-02 05:55:45
SIN,arrivals,2026-08-01,13:45,14:10,TR101,TGW101,CAN,Guangzhou Baiyun International Airport,Scoot,TR,B789,Boeing 787-9 Dreamliner,9V-OJG,Landed 15:10,2026-08-02 05:55:45
SIN,arrivals,2026-08-01,13:45,13:37,GJ8057,CDC8057,HGH,Hangzhou Xiaoshan International Airport,Loong Air,GJ,A20N,Airbus A320-251N,B-1078,Landed 14:37,2026-08-02 05:55:45
SIN,arrivals,2026-08-01,13:50,13:59,VN663,HVN663,HAN,Hanoi Noi Bai International Airport,Vietnam Airlines,VN,A21N,Airbus A321-272N,VN-A505,Landed 14:59,2026-08-02 05:55:45
SIN,arrivals,2026-08-01,13:50,13:28,SQ278,SIA278,ADL,Adelaide Airport,Singapore Airlines,SQ,B78X,Boeing 787-10 Dreamliner,9V-SCF,Landed 14:28,2026-08-02 05:55:45
SIN,arrivals,2026-08-01,13:50,14:09,ET638,ETH638,ADD,Addis Ababa Bole Airport,Ethiopian Airlines,ET,A359,Airbus A350-941,ET-AYA,Landed 15:09,2026-08-02 05:55:45
SIN,arrivals,2026-08-01,13:55,13:40,SQ937,SIA937,DPS,Denpasar Ngurah Rai International Airport,Singapore Airlines,SQ,B78X,Boeing 787-10 Dreamliner,9V-SCJ,Landed 14:40,2026-08-02 05:55:45
SIN,arrivals,2026-08-01,13:55,13:31,SQ727,SIA727,HKT,Phuket International Airport,Singapore Airlines,SQ,B38M,Boeing 737 MAX 8,9V-MBH,Landed 14:31,2026-08-02 05:55:45
SIN,arrivals,2026-08-01,13:55,13:53,HO1601,DKH1601,PVG,Shanghai Pudong International Airport,Juneyao Air (Colorful Petals Livery),HO,A21N,Airbus A321-271NX,B-30EQ,Landed 14:53,2026-08-02 05:55:45
SIN,arrivals,2026-08-01,14:00,13:35,TR341,TGW341,PNK,Pontianak Supadio Airport,Scoot,TR,E290,Embraer E190-E2,9V-THB,Landed 14:35,2026-08-02 05:55:45
SIN,arrivals,2026-08-01,14:00,13:49,SQ655,SIA655,FUK,Fukuoka Airport,Singapore Airlines,SQ,B78X,Boeing 787-10 Dreamliner,9V-SCU,Landed 14:49,2026-08-02 05:55:45
SIN,arrivals,2026-08-01,14:00,13:30,SQ631,SIA631,HND,Tokyo Haneda International Airport,Singapore Airlines,SQ,A359,Airbus A350-941,9V-SHD,Landed 14:30,2026-08-02 05:55:45
SIN,arrivals,2026-08-01,14:00,15:29,EK354,UAE354,DXB,Dubai International Airport,Emirates,EK,B77W,Boeing 777-31H(ER),A6-EPS,Landed 16:29,2026-08-02 05:55:45
SIN,arrivals,2026-08-01,14:00,13:38,CA403,CCA403,TFU,Chengdu Tianfu International Airport,Air China,CA,A21N,Airbus A321-252NX,B-32NV,Landed 14:38,2026-08-02 05:55:45
SIN,arrivals,2026-08-01,14:05,14:04,TR227,TGW227,PDG,Padang Minangkabau International Airport,Scoot,TR,A20N,Airbus A320-271N,9V-TNM,Landed 15:04,2026-08-02 05:55:45
SIN,arrivals,2026-08-01,14:05,13:48,SQ805,SIA805,PEK,Beijing Capital International Airport,Singapore Airlines,SQ,B77W,Boeing 777-312(ER),9V-SWB,Landed 14:48,2026-08-02 05:55:45
SIN,arrivals,2026-08-01,14:05,14:01,CX739,CPA739,HKG,Hong Kong International Airport,Cathay Pacific,CX,A359,Airbus A350-941,B-LRU,Landed 15:01,2026-08-02 05:55:45
SIN,arrivals,2026-08-01,14:10,15:30,TR187,TGW187,TAO,Qingdao Jiaodong International Airport,Scoot,TR,B788,Boeing 787-8 Dreamliner,9V-OFH,Landed 16:30,2026-08-02 05:55:45
SIN,arrivals,2026-08-01,14:10,13:54,SQ761,SIA761,RGN,Yangon International Airport,Singapore Airlines,SQ,B38M,Boeing 737 MAX 8,9V-MBU,Landed 14:54,2026-08-02 05:55:45
SIN,arrivals,2026-08-01,14:15,13:58,TR139,TGW139,TSN,Tianjin Binhai International Airport,Scoot,TR,B788,Boeing 787-8 Dreamliner,9V-OFN,Landed 14:58,2026-08-02 05:55:45
SIN,arrivals,2026-08-01,14:15,14:14,TR119,TGW119,HAK,Haikou Meilan International Airport,Scoot,TR,A21N,Airbus A321-271NX,9V-NCI,Landed 15:14,2026-08-02 05:55:45
SIN,arrivals,2026-08-01,14:15,13:56,SQ238,SIA238,MEL,Melbourne Airport,Singapore Airlines,SQ,B77W,Boeing 777-312(ER),9V-SWY,Landed 14:56,2026-08-02 05:55:45
SIN,arrivals,2026-08-01,14:15,14:06,ID7151,BTK7151,CGK,Jakarta Soekarno Hatta International Airport,Batik Air,ID,A320,Airbus A320-214,PK-LAO,Landed 15:06,2026-08-02 05:55:45
SIN,arrivals,2026-08-01,14:20,14:12,SQ177,SIA177,SGN,Ho Chi Minh City International Airport,Singapore Airlines,SQ,B78X,Boeing 787-10 Dreamliner,9V-SCR,Landed 15:12,2026-08-02 05:55:45
SIN,arrivals,2026-08-01,14:25,14:25,TR475,TGW475,SZB,Kuala Lumpur Subang Airport,Scoot,TR,A20N,Airbus A320-271N,9V-TNL,Landed 15:25,2026-08-02 05:55:45
SIN,arrivals,2026-08-01,14:25,14:22,SQ256,SIA256,BNE,Brisbane Airport,Singapore Airlines,SQ,A359,Airbus A350-941,9V-SHR,Landed 15:22,2026-08-02 05:55:45
SIN,arrivals,2026-08-01,14:30,14:17,9C8597,CQH8597,PVG,Shanghai Pudong International Airport,Spring Airlines,9C,A20N,Airbus A320-251N,B-327Z,Landed 15:17,2026-08-02 05:55:45
SIN,arrivals,2026-08-01,14:30,14:08,TR421,TGW421,MKZ,Malacca International Airport,Scoot,TR,E290,Embraer E190-E2,9V-THI,Landed 15:08,2026-08-02 05:55:45
SIN,arrivals,2026-08-01,14:40,14:40,3U3909,CSC3909,TFU,Chengdu Tianfu International Airport,Sichuan Airlines,3U,A21N,Airbus A321-271NX(LR),B-325F,Landed 15:40,2026-08-02 05:55:45
SIN,arrivals,2026-08-01,14:40,18:30,SQ7951,SIA7951,BOM,Mumbai Chhatrapati Shivaji International Airport,Singapore Airlines Cargo,SQ,B744,Boeing 747-412F(SCD),9V-SFK,Landed 19:30,2026-08-02 05:55:45
SIN,arrivals,2026-08-01,14:40,14:29,AK715,AXM715,KUL,Kuala Lumpur International Airport,AirAsia,AK,A20N,Airbus A320-251N,9M-AGQ,Landed 15:29,2026-08-02 05:55:45
SIN,arrivals,2026-08-01,14:40,14:23,CX791,CPA791,HKG,Hong Kong International Airport,Cathay Pacific,CX,A359,Airbus A350-941,B-LRR,Landed 15:23,2026-08-02 05:55:45
SIN,arrivals,2026-08-01,14:40,14:55,KL835,KLM835,AMS,Amsterdam Schiphol Airport,KLM,KL,B77W,Boeing 777-306(ER),PH-BVU,Landed 15:55,2026-08-02 05:55:45
SIN,arrivals,2026-08-01,14:45,14:34,QR948,QTR948,DOH,Doha Hamad International Airport,Qatar Airways,QR,A35K,Airbus A350-1041,A7-ANJ,Landed 15:34,2026-08-02 05:55:45
SIN,arrivals,2026-08-01,14:45,15:11,MU567,CES567,PVG,Shanghai Pudong International Airport,China Eastern Airlines,MU,A359,Airbus A350-941,B-304N,Landed 16:11,2026-08-02 05:55:45
SIN,arrivals,2026-08-01,14:50,14:02,SQ811,SIA811,PKX,Beijing Daxing International Airport,Singapore Airlines,SQ,B78X,Boeing 787-10 Dreamliner,9V-SDA,Landed 15:02,2026-08-02 05:55:45
SIN,arrivals,2026-08-01,14:50,15:40,SQ113,SIA113,KUL,Kuala Lumpur International Airport,Singapore Airlines,SQ,B38M,Boeing 737 MAX 8,9V-MBK,Landed 16:40,2026-08-02 05:55:45
SIN,arrivals,2026-08-01,14:55,14:36,TR485,TGW485,IPH,Ipoh Sultan Azlan Shah Airport,Scoot,TR,A320,Airbus A320-232,9V-TRS,Landed 15:36,2026-08-02 05:55:45
SIN,arrivals,2026-08-01,14:55,14:37,SQ171,SIA171,DAD,Da Nang International Airport,Singapore Airlines,SQ,B38M,Boeing 737 MAX 8,9V-MBR,Landed 15:37,2026-08-02 05:55:45
SIN,arrivals,2026-08-01,14:55,14:31,KB540,DRK540,GAU,Guwahati International Airport,Drukair,KB,A319,Airbus A319-115,A5-RGF,Landed 15:31,2026-08-02 05:55:45
SIN,arrivals,2026-08-01,15:00,14:32,SQ939,SIA939,DPS,Denpasar Ngurah Rai International Airport,Singapore Airlines,SQ,B78X,Boeing 787-10 Dreamliner,9V-SCM,Landed 15:32,2026-08-02 05:55:45
SIN,arrivals,2026-08-01,15:00,14:57,SQ671,SIA671,NGO,Nagoya Chubu Centrair International Airport,Singapore Airlines,SQ,B78X,Boeing 787-10 Dreamliner,9V-SCE,Landed 15:57,2026-08-02 05:55:45
SIN,arrivals,2026-08-01,15:00,16:59,OD807,MXD807,KUL,Kuala Lumpur International Airport,Batik Air,ID,B738,Boeing 737-86N,9M-LDK,Landed 17:59,2026-08-02 05:55:45
SIN,arrivals,2026-08-01,15:00,15:10,NX908,AMU908,MFM,Macau International Airport,Air Macau,NX,A320,Airbus A320-232,B-MCH,Landed 16:10,2026-08-02 05:55:45
SIN,arrivals,2026-08-01,15:00,16:05,CA825,CCA825,PVG,Shanghai Pudong International Airport,Air China (Star Alliance Livery),CA,A359,Airbus A350-941,B-308M,Landed 17:05,2026-08-02 05:55:45
SIN,arrivals,2026-08-01,15:05,14:42,BA11,BAW11,LHR,London Heathrow Airport,British Airways,BA,B77W,Boeing 777-336(ER),G-STBF,Landed 15:42,2026-08-02 05:55:45
SIN,arrivals,2026-08-01,15:09,15:42,FX169,FDX169,ANC,Anchorage Ted Stevens International Airport,FedEx,FX,B77L,Boeing 777-FS2,N866FD,Landed 16:42,2026-08-02 05:55:45
SIN,arrivals,2026-08-01,15:10,15:19,TR647,TGW647,HDY,Hat Yai International Airport,Scoot,TR,E290,Embraer E190-E2,9V-THA,Landed 16:19,2026-08-02 05:55:45
SIN,arrivals,2026-08-01,15:20,14:49,SQ325,SIA325,FRA,Frankfurt Airport,Singapore Airlines,SQ,A388,Airbus A380-841,9V-SKN,Landed 15:49,2026-08-02 05:55:45
SIN,arrivals,2026-08-01,15:25,15:27,MU6077,CES6077,NGB,Ningbo Lishe International Airport,China Eastern Airlines,MU,A20N,Airbus A320-251N,B-323Z,Landed 16:27,2026-08-02 05:55:45
SIN,arrivals,2026-08-01,15:25,14:45,SQ619,SIA619,KIX,Osaka Kansai International Airport,Singapore Airlines,SQ,B78X,Boeing 787-10 Dreamliner,9V-SCN,Landed 15:45,2026-08-02 05:55:45
SIN,arrivals,2026-08-01,15:25,15:01,PG963,BKP963,USM,Koh Samui Airport,Bangkok Airways,PG,A319,Airbus A319-132,HS-PGY,Landed 16:01,2026-08-02 05:55:45
SIN,arrivals,2026-08-01,15:25,15:18,MU7705,CES7705,NKG,Nanjing Lukou International Airport,China Eastern Airlines,MU,A20N,Airbus A320-251N,B-320H,Landed 16:18,2026-08-02 05:55:45
SIN,arrivals,2026-08-01,15:25,14:50,CA889,CCA889,PEK,Beijing Capital International Airport,Air China,CA,B789,Boeing 787-9 Dreamliner,B-7899,Landed 15:50,2026-08-02 05:55:45
SIN,arrivals,2026-08-01,15:25,15:41,GA842,GIA842,DPS,Denpasar Ngurah Rai International Airport,Garuda Indonesia,GA,B738,Boeing 737-8U3,PK-GFV,Landed 16:41,2026-08-02 05:55:45
SIN,arrivals,2026-08-01,15:30,15:14,SQ875,SIA875,HKG,Hong Kong International Airport,Singapore Airlines,SQ,A359,Airbus A350-941,9V-SHF,Landed 16:14,2026-08-02 05:55:45
SIN,arrivals,2026-08-01,15:30,15:07,LH780,DLH780,FRA,Frankfurt Airport,Lufthansa,LH,B744,Boeing 747-430,D-ABVM,Landed 16:07,2026-08-02 05:55:45
SIN,arrivals,2026-08-01,15:35,15:55,LH768,DLH768,MUC,Munich Airport,Lufthansa,LH,A359,Airbus A350-941,D-AIXK,Landed 16:55,2026-08-02 05:55:45
SIN,arrivals,2026-08-01,15:40,15:38,6E1029,IGO1029,VGA,Vijayawada Airport,IndiGo,6E,A320,Airbus A320-232,VT-IFK,Landed 16:38,2026-08-02 05:55:45
SIN,arrivals,2026-08-01,15:40,16:56,ZH229,CSZ229,SZX,Shenzhen Bao'an International Airport,Shenzhen Airlines,ZH,A320,Airbus A320-232,B-1841,Landed 17:56,2026-08-02 05:55:45
SIN,arrivals,2026-08-01,15:40,15:25,TR697,TGW697,CNX,Chiang Mai International Airport,Scoot,TR,A20N,Airbus A320-271N,9V-TNK,Landed 16:25,2026-08-02 05:55:45
SIN,arrivals,2026-08-01,15:40,15:51,TR571,TGW571,CEB,Cebu Mactan International Airport,Scoot,TR,A21N,Airbus A321-271NX,9V-NCA,Landed 16:51,2026-08-02 05:55:45
SIN,arrivals,2026-08-01,15:45,15:23,SQ319,SIA319,LHR,London Heathrow Airport,Singapore Airlines,SQ,A388,Airbus A380-841,9V-SKQ,Landed 16:23,2026-08-02 05:55:45
SIN,arrivals,2026-08-01,15:45,14:53,SQ21,SIA21,EWR,New York Newark Liberty International Airport,Singapore Airlines,SQ,A359,Airbus A350-941,9V-SGA,Landed 15:53,2026-08-02 05:55:45
SIN,arrivals,2026-08-01,15:50,15:48,SQ913,SIA913,MNL,Manila Ninoy Aquino International Airport,Singapore Airlines,SQ,A359,Airbus A350-941,9V-SHI,Landed 16:48,2026-08-02 05:55:45
SIN,arrivals,2026-08-01,15:50,16:54,CZ3039,CSN3039,CAN,Guangzhou Baiyun International Airport,China Southern Airlines,CZ,A21N,Airbus A321-271N,B-1089,Landed 17:54,2026-08-02 05:55:45
SIN,arrivals,2026-08-01,15:55,15:46,VJ973,VJC973,DAD,Da Nang International Airport,VietJet Air,VJ,A321,Airbus A321-211,VN-A535,Landed 16:46,2026-08-02 05:55:41
SIN,arrivals,2026-08-01,15:55,15:21,TR551,TGW551,VTE,Vientiane Wattay International Airport,Scoot,TR,E290,Embraer E190-E2,9V-THG,Landed 16:21,2026-08-02 05:55:41
SIN,arrivals,2026-08-01,15:55,15:34,TR289,TGW289,DPS,Denpasar Ngurah Rai International Airport,Scoot,TR,B789,Boeing 787-9 Dreamliner,9V-OJE,Landed 16:34,2026-08-02 05:55:41
SIN,arrivals,2026-08-01,15:55,15:44,SQ637,SIA637,NRT,Tokyo Narita International Airport,Singapore Airlines,SQ,B78X,Boeing 787-10 Dreamliner,9V-SCW,Landed 16:44,2026-08-02 05:55:41
SIN,arrivals,2026-08-01,15:55,15:53,SQ135,SIA135,PEN,Penang International Airport,Singapore Airlines,SQ,B38M,Boeing 737 MAX 8,9V-MBV,Landed 16:53,2026-08-02 05:55:41
SIN,arrivals,2026-08-01,15:55,15:32,QF81,QFA81,SYD,Sydney Kingsford Smith Airport,Qantas,QF,A333,Airbus A330-303,VH-QPF,Landed 16:32,2026-08-02 05:55:45
SIN,arrivals,2026-08-01,16:00,16:23,NZ284,ANZ284,AKL,Auckland Airport,Air New Zealand (Black Livery),NZ,B77W,Boeing 777-319(ER),ZK-OKQ,Landed 17:23,2026-08-02 05:55:41
SIN,arrivals,2026-08-01,16:00,16:30,MU6049,CES6049,PVG,Shanghai Pudong International Airport,China Eastern Airlines,MU,A359,Airbus A350-941,B-306Y,Landed 17:30,2026-08-02 05:55:41
SIN,arrivals,2026-08-01,16:05,16:41,TG407,THA407,BKK,Bangkok Suvarnabhumi Airport,Thai Airways,TG,A21N,Airbus A321-251NX,HS-TOB,Landed 17:41,2026-08-02 05:55:41
SIN,arrivals,2026-08-01,16:05,16:03,SQ721,SIA721,BKK,Bangkok Suvarnabhumi Airport,Singapore Airlines,SQ,A359,Airbus A350-941,9V-SHQ,Landed 17:03,2026-08-02 05:55:41
SIN,arrivals,2026-08-01,16:10,16:16,SQ191,SIA191,HAN,Hanoi Noi Bai International Airport,Singapore Airlines,SQ,A359,Airbus A350-941,9V-SHA,Landed 17:16,2026-08-02 05:55:41
SIN,arrivals,2026-08-01,16:10,15:56,5J805,CEB805,MNL,Manila Ninoy Aquino International Airport,Cebu Pacific,5J,A321,Airbus A321-211,RP-C4112,Landed 16:56,2026-08-02 05:55:41
SIN,arrivals,2026-08-01,16:10,16:18,LX176,SWR176,ZRH,Zurich Airport,Swiss,LX,B77W,Boeing 777-3DE(ER),HB-JNG,Landed 17:18,2026-08-02 05:55:41
SIN,arrivals,2026-08-01,16:15,16:25,TR309,TGW309,CGK,Jakarta Soekarno Hatta International Airport,Scoot,TR,A320,Airbus A320-232,9V-TRT,Landed 17:25,2026-08-02 05:55:41
SIN,arrivals,2026-08-01,16:15,15:50,SQ401,SIA401,DEL,Delhi Indira Gandhi International Airport,Singapore Airlines,SQ,B78X,Boeing 787-10 Dreamliner,9V-SCQ,Landed 16:50,2026-08-02 05:55:41
SIN,arrivals,2026-08-01,16:15,15:58,NH841,ANA841,HND,Tokyo Haneda International Airport,All Nippon Airways,NH,B789,Boeing 787-9 Dreamliner,JA922A,Landed 16:58,2026-08-02 05:55:41
SIN,arrivals,2026-08-01,16:15,16:00,CI757,CAL757,KHH,Kaohsiung International Airport,Mandarin Airlines,AE,B738,Boeing 737-8Q8,B-18653,Landed 17:00,2026-08-02 05:55:41
SIN,arrivals,2026-08-01,16:20,16:07,6E1163,IGO1163,BOM,Mumbai Chhatrapati Shivaji International Airport,IndiGo,6E,A21N,Airbus A321-252NX,VT-NCC,Landed 17:07,2026-08-02 05:55:41
SIN,arrivals,2026-08-01,16:25,16:11,VN655,HVN655,SGN,Ho Chi Minh City International Airport,Vietnam Airlines,VN,A321,Airbus A321-231,VN-A392,Landed 17:11,2026-08-02 05:55:41
SIN,arrivals,2026-08-01,16:25,16:01,TR645,TGW645,HKT,Phuket International Airport,Scoot,TR,A21N,Airbus A321-271NX,9V-NCM,Landed 17:01,2026-08-02 05:55:41
SIN,arrivals,2026-08-01,16:25,16:34,SQ959,SIA959,CGK,Jakarta Soekarno Hatta International Airport,Singapore Airlines,SQ,A359,Airbus A350-941,9V-SME,Landed 17:34,2026-08-02 05:55:41
SIN,arrivals,2026-08-01,16:25,16:37,QF51,QFA51,BNE,Brisbane Airport,Qantas,QF,A332,Airbus A330-203,VH-EBL,Landed 17:37,2026-08-02 05:55:41
SIN,arrivals,2026-08-01,16:30,16:51,SQ232,SIA232,SYD,Sydney Kingsford Smith Airport,Singapore Airlines,SQ,A388,Airbus A380-841,9V-SKR,Landed 17:51,2026-08-02 05:55:41
SIN,arrivals,2026-08-01,16:30,16:21,MH605,MAS605,KUL,Kuala Lumpur International Airport,Malaysia Airlines,MH,B738,Boeing 737-8H6,9M-MXG,Landed 17:21,2026-08-02 05:55:41
SIN,arrivals,2026-08-01,16:30,16:12,QF2,QFA2,LHR,London Heathrow Airport,Qantas,QF,A388,Airbus A380-842,VH-OQD,Landed 17:12,2026-08-02 05:55:41
SIN,arrivals,2026-08-01,16:35,17:18,SQ27,SIA27,SEA,Seattle Tacoma International Airport,Singapore Airlines,SQ,A359,Airbus A350-941,9V-SJF,Landed 18:18,2026-08-02 05:55:41
SIN,arrivals,2026-08-01,16:40,16:46,6E1457,IGO1457,BLR,Bengaluru Kempegowda International Airport,IndiGo,6E,A20N,Airbus A320-251N,VT-IPC,Landed 17:46,2026-08-02 05:55:41
SIN,arrivals,2026-08-01,16:40,16:32,SQ525,SIA525,MAA,Chennai International Airport,Singapore Airlines,SQ,A359,Airbus A350-941,9V-SHV,Landed 17:32,2026-08-02 05:55:41
SIN,arrivals,2026-08-01,16:40,16:36,SQ298,SIA298,CHC,Christchurch International Airport,Singapore Airlines,SQ,A359,Airbus A350-941,9V-SMS,Landed 17:36,2026-08-02 05:55:41
SIN,arrivals,2026-08-01,16:40,16:42,SQ337,SIA337,CDG,Paris Charles de Gaulle Airport,Singapore Airlines,SQ,A359,Airbus A350-941,9V-SMN,Landed 17:42,2026-08-02 05:55:41
SIN,arrivals,2026-08-01,16:45,16:39,6E1013,IGO1013,DEL,Delhi Indira Gandhi International Airport,IndiGo,6E,A21N,Airbus A321-251NX,VT-NHT,Landed 17:39,2026-08-02 05:55:41
SIN,arrivals,2026-08-01,16:45,16:28,JL37,JAL37,HND,Tokyo Haneda International Airport,Japan Airlines,JL,B789,Boeing 787-9 Dreamliner,JA878J,Landed 17:28,2026-08-02 05:55:41
SIN,arrivals,2026-08-01,16:50,17:13,SQ917,SIA917,MNL,Manila Ninoy Aquino International Airport,Singapore Airlines,SQ,A359,Airbus A350-941,9V-SMM,Landed 18:13,2026-08-02 05:55:41
SIN,arrivals,2026-08-01,16:50,16:26,SQ155,SIA155,KTI,Phnom Penh Techo International Airport,Singapore Airlines,SQ,B38M,Boeing 737 MAX 8,9V-MBG,Landed 17:26,2026-08-02 05:55:41
SIN,arrivals,2026-08-01,16:50,16:49,QF71,QFA71,PER,Perth Airport,Qantas,QF,A332,Airbus A330-202,VH-EBC,Landed 17:49,2026-08-02 05:55:41
SIN,arrivals,2026-08-01,16:55,16:45,TR477,TGW477,LGK,Langkawi International Airport,Scoot,TR,A320,Airbus A320-232,9V-TRO,Landed 17:45,2026-08-02 05:55:41
SIN,arrivals,2026-08-01,16:55,17:06,TK54,THY54,IST,Istanbul Airport,Turkish Airlines,TK,B77W,Boeing 777-3F2(ER),TC-JJO,Landed 18:06,2026-08-02 05:55:41
SIN,arrivals,2026-08-01,16:55,17:03,SQ115,SIA115,KUL,Kuala Lumpur International Airport,Singapore Airlines,SQ,B38M,Boeing 737 MAX 8,9V-MBI,Landed 18:03,2026-08-02 05:55:41
SIN,arrivals,2026-08-01,17:00,16:53,JQ86,JST086,DPS,Denpasar Ngurah Rai International Airport,Jetstar,JQ,A21N,Airbus A321-251NX(LR),VH-OYX,Landed 17:53,2026-08-02 05:55:41
SIN,arrivals,2026-08-01,17:00,18:40,CZ3043,CSN3043,CAN,Guangzhou Baiyun International Airport,China Southern Airlines,CZ,A21N,Airbus A321-271N,B-1088,Landed 19:40,2026-08-02 05:55:41
SIN,arrivals,2026-08-01,17:05,17:11,AK717,AXM717,KUL,Kuala Lumpur International Airport,AirAsia,AK,A21N,Airbus A321-251NX,9M-VAB,Landed 18:11,2026-08-02 05:55:41
SIN,arrivals,2026-08-01,17:10,17:01,VJ889,VJC889,DAD,Da Nang International Airport,VietJet Air,VJ,A321,Airbus A321-211,VN-A683,Landed 18:01,2026-08-02 05:55:41
SIN,arrivals,2026-08-01,17:10,16:48,TR115,TGW115,NNG,Nanning Wuxu International Airport,Scoot,TR,A20N,Airbus A320-271N,9V-TNG,Landed 17:48,2026-08-02 05:55:41
SIN,arrivals,2026-08-01,17:10,17:26,SQ851,SIA851,CAN,Guangzhou Baiyun International Airport,Singapore Airlines,SQ,B78X,Boeing 787-10 Dreamliner,9V-SCV,Landed 18:26,2026-08-02 05:55:41
SIN,arrivals,2026-08-01,17:15,17:04,QF35,QFA35,MEL,Melbourne Airport,Qantas,QF,A332,Airbus A330-202,VH-EBK,Landed 18:04,2026-08-02 05:55:41
SIN,arrivals,2026-08-01,17:15,17:16,MH613,MAS613,KUL,Kuala Lumpur International Airport,Malaysia Airlines,MH,B738,Boeing 737-8H6,9M-MXH,Landed 18:16,2026-08-02 05:55:41
SIN,arrivals,2026-08-01,17:20,17:08,SQ883,SIA883,HKG,Hong Kong International Airport,Singapore Airlines,SQ,A359,Airbus A350-941,9V-SHS,Landed 18:08,2026-08-02 05:55:41
SIN,arrivals,2026-08-01,17:20,16:57,SQ731,SIA731,HKT,Phuket International Airport,Singapore Airlines,SQ,B38M,Boeing 737 MAX 8,9V-MBY,Landed 17:57,2026-08-02 05:55:41
SIN,arrivals,2026-08-01,17:25,17:27,SQ869,SIA869,XMN,Xiamen Gaoqi International Airport,Singapore Airlines,SQ,B38M,Boeing 737 MAX 8,9V-MBM,Landed 18:27,2026-08-02 05:55:41
SIN,arrivals,2026-08-01,17:25,17:54,SQ463,SIA463,CMB,Colombo Bandaranaike International Airport,Singapore Airlines,SQ,B38M,Boeing 737 MAX 8,9V-MBF,Landed 18:54,2026-08-02 05:55:41
SIN,arrivals,2026-08-01,17:25,17:19,GA836,GIA836,CGK,Jakarta Soekarno Hatta International Airport,Garuda Indonesia,GA,B738,Boeing 737-81D,PK-GFR,Landed 18:19,2026-08-02 05:55:41
SIN,arrivals,2026-08-01,17:30,,8K804,,BKK,Bangkok Suvarnabhumi Airport,K-Mile Air,8K,B734,Boeing 737-46Q(SF),HS-KMB,Unknown,2026-08-02 05:55:41
SIN,arrivals,2026-08-01,17:30,17:23,VJ983,VJC983,PQC,Phu Quoc International Airport,VietJet Air,VJ,A21N,Airbus A321-271NX,VN-A500,Landed 18:23,2026-08-02 05:55:41
SIN,arrivals,2026-08-01,17:30,17:21,TR245,TGW245,KNO,Medan Kuala Namu International Airport,Scoot,TR,A320,Airbus A320-232,9V-TRV,Landed 18:21,2026-08-02 05:55:41
SIN,arrivals,2026-08-01,17:30,17:24,AY131,FIN131,HEL,Helsinki Vantaa Airport,Finnair,AY,A359,Airbus A350-941,OH-LWT,Landed 18:24,2026-08-02 05:55:41
SIN,arrivals,2026-08-01,17:30,17:09,SQ321,SIA321,LHR,London Heathrow Airport,Singapore Airlines,SQ,B77W,Boeing 777-312(ER),9V-SWH,Landed 18:09,2026-08-02 05:55:41
SIN,arrivals,2026-08-01,17:30,17:49,AF256,AFR256,CDG,Paris Charles de Gaulle Airport,Air France,AF,B77W,Boeing 777-328(ER),F-GSQL,Landed 18:49,2026-08-02 05:55:41
SIN,arrivals,2026-08-01,17:35,17:39,UA29,UAL29,SFO,San Francisco International Airport,United Airlines,UA,B789,Boeing 787-9 Dreamliner,N24980,Landed 18:39,2026-08-02 05:55:41
SIN,arrivals,2026-08-01,17:40,17:14,BA15,BAW15,LHR,London Heathrow Airport,British Airways,BA,B789,Boeing 787-9 Dreamliner,G-ZBKI,Landed 18:14,2026-08-02 05:55:41
SIN,arrivals,2026-08-01,17:45,17:36,TR553,TGW553,SGN,Ho Chi Minh City International Airport,Scoot,TR,A21N,Airbus A321-271NX,9V-NCH,Landed 18:36,2026-08-02 05:55:41
SIN,arrivals,2026-08-01,17:55,19:03,UL308,ALK308,CMB,Colombo Bandaranaike International Airport,SriLankan Airlines,UL,A332,Airbus A330-243,4R-ALS,Landed 20:03,2026-08-02 05:55:41
SIN,arrivals,2026-08-01,17:55,17:47,TR639,TGW639,BKK,Bangkok Suvarnabhumi Airport,Scoot,TR,A320,Airbus A320-232,9V-TRU,Landed 18:47,2026-08-02 05:55:41
SIN,arrivals,2026-08-01,17:55,17:46,TR487,TGW487,IPH,Ipoh Sultan Azlan Shah Airport,Scoot,TR,A20N,Airbus A320-271N,9V-TNI,Landed 18:46,2026-08-02 05:55:41
SIN,arrivals,2026-08-01,17:55,17:52,TR425,TGW425,PEN,Penang International Airport,Scoot,TR,A21N,Airbus A321-271NX,9V-NCK,Landed 18:52,2026-08-02 05:55:41
SIN,arrivals,2026-08-01,17:55,17:31,SQ183,SIA183,SGN,Ho Chi Minh City International Airport,Singapore Airlines,SQ,A359,Airbus A350-941,9V-SMB,Landed 18:31,2026-08-02 05:55:41
SIN,arrivals,2026-08-01,17:55,18:06,PR501,PAL501,MNL,Manila Ninoy Aquino International Airport,Philippine Airlines,PR,A321,Airbus A321-231,RP-C9915,Landed 19:06,2026-08-02 05:55:41
SIN,arrivals,2026-08-01,18:00,,8K801,,CGK,Jakarta Soekarno Hatta International Airport,Exploits Valley Air Services,8K,73P,,,Unknown,2026-08-02 05:55:41
SIN,arrivals,2026-08-01,18:00,17:50,SQ877,SIA877,TPE,Taipei Taoyuan International Airport,Singapore Airlines,SQ,B78X,Boeing 787-10 Dreamliner,9V-SCS,Landed 18:50,2026-08-02 05:55:41
SIN,arrivals,2026-08-01,18:00,18:03,SQ709,SIA709,BKK,Bangkok Suvarnabhumi Airport,Singapore Airlines (1000th 787 Dreamliner Sticker),SQ,B78X,Boeing 787-10 Dreamliner,9V-SCP,Landed 19:03,2026-08-02 05:55:41
SIN,arrivals,2026-08-01,18:00,17:43,SQ509,SIA509,BLR,Bengaluru Kempegowda International Airport,Singapore Airlines,SQ,A359,Airbus A350-941,9V-SHK,Landed 18:43,2026-08-02 05:55:41
SIN,arrivals,2026-08-01,18:05,17:59,TR59,TGW59,MEL,Melbourne Airport,Scoot (Pokémon Livery),TR,B789,Boeing 787-9 Dreamliner,9V-OJJ,Landed 18:59,2026-08-02 05:55:41
SIN,arrivals,2026-08-01,18:05,18:15,SQ519,SIA519,HYD,Hyderabad Rajiv Gandhi International Airport,Singapore Airlines,SQ,B38M,Boeing 737 MAX 8,9V-MBQ,Landed 19:15,2026-08-02 05:55:41
SIN,arrivals,2026-08-01,18:05,17:42,CX635,CPA635,HKG,Hong Kong International Airport,Cathay Pacific,CX,A359,Airbus A350-941,B-LRL,Landed 18:42,2026-08-02 05:55:41
SIN,arrivals,2026-08-01,18:10,18:08,SQ254,SIA254,DRW,Darwin International Airport,Singapore Airlines,SQ,B38M,Boeing 737 MAX 8,9V-MBS,Landed 19:08,2026-08-02 05:55:41
SIN,arrivals,2026-08-01,18:10,18:01,SQ226,SIA226,PER,Perth Airport,Singapore Airlines,SQ,A359,Airbus A350-941,9V-SHN,Landed 19:01,2026-08-02 05:55:41
SIN,arrivals,2026-08-01,18:10,17:57,SQ31,SIA31,SFO,San Francisco International Airport,Singapore Airlines,SQ,A359,Airbus A350-941,9V-SMW,Landed 18:57,2026-08-02 05:55:41
SIN,arrivals,2026-08-01,18:15,18:11,KE643,KAL643,ICN,Seoul Incheon International Airport,Korean Air,KE,B77W,Boeing 777-3B5(ER),HL8216,Landed 19:11,2026-08-02 05:55:41
SIN,arrivals,2026-08-01,18:20,18:32,PG961,BKP961,USM,Koh Samui Airport,Bangkok Airways,PG,A319,Airbus A319-132,HS-PGN,Landed 19:32,2026-08-02 05:55:41
SIN,arrivals,2026-08-01,18:25,18:17,SQ7403,SIA7403,HNL,Honolulu International Airport,DHL,D0,B77L,Boeing 777-F,9V-DHA,Landed 19:17,2026-08-02 05:55:41
SIN,arrivals,2026-08-01,18:25,18:13,SQ893,SIA893,HKG,Hong Kong International Airport,Singapore Airlines,SQ,B77W,Boeing 777-312(ER),9V-SWG,Landed 19:13,2026-08-02 05:55:41
SIN,arrivals,2026-08-01,18:25,18:18,SQ901,SIA901,CEB,Cebu Mactan International Airport,Singapore Airlines,SQ,B38M,Boeing 737 MAX 8,9V-MBC,Landed 19:18,2026-08-02 05:55:41
SIN,arrivals,2026-08-01,18:30,18:24,TR473,TGW473,KUL,Kuala Lumpur International Airport,Scoot,TR,A20N,Airbus A320-271N,9V-TNE,Landed 19:24,2026-08-02 05:55:41
SIN,arrivals,2026-08-01,18:30,18:28,TR11,TGW11,SYD,Sydney Kingsford Smith Airport,Scoot,TR,B788,Boeing 787-8 Dreamliner,9V-OFB,Landed 19:28,2026-08-02 05:55:41
SIN,arrivals,2026-08-01,18:30,18:21,PX392,ANG392,POM,Port Moresby Jacksons International Airport,Air Niugini,PX,B763,Boeing 767-341(ER),P2-PXV,Landed 19:21,2026-08-02 05:55:41
SIN,arrivals,2026-08-01,18:40,18:34,TG409,THA409,BKK,Bangkok Suvarnabhumi Airport,Thai Airways,TG,A359,Airbus A350-941,HS-THG,Landed 19:34,2026-08-02 05:55:41
SIN,arrivals,2026-08-01,18:40,18:10,QF219,QFA219,PER,Perth Airport,Qantas,QF,B789,Boeing 787-9 Dreamliner,VH-ZNI,Landed 19:10,2026-08-02 05:55:41
SIN,arrivals,2026-08-01,18:40,18:27,CZ8047,CSN8047,SZX,Shenzhen Bao'an International Airport,China Southern Airlines,CZ,A21N,Airbus A321-251NX,B-32N7,Landed 19:27,2026-08-02 05:55:41
SIN,arrivals,2026-08-01,18:45,,GM306,,BPN,Balikpapan Sepinggan Airport,Asia Cargo Airlines,GM,73F,,,Unknown,2026-08-02 05:55:41
SIN,arrivals,2026-08-01,18:45,19:00,ZH249,CSZ249,SZX,Shenzhen Bao'an International Airport,Shenzhen Airlines,ZH,A333,Airbus A330-343,B-303N,Landed 20:00,2026-08-02 05:55:41
SIN,arrivals,2026-08-01,18:50,18:47,WY891,OMA891,MCT,Muscat International Airport,Oman Air,WY,B38M,Boeing 737 MAX 8,A4O-MA,Landed 19:47,2026-08-02 05:55:41
SIN,arrivals,2026-08-01,18:50,18:51,SQ961,SIA961,CGK,Jakarta Soekarno Hatta International Airport,Singapore Airlines,SQ,A359,Airbus A350-941,9V-SHT,Landed 19:51,2026-08-02 05:55:41
SIN,arrivals,2026-08-01,18:50,18:37,SQ421,SIA421,BOM,Mumbai Chhatrapati Shivaji International Airport,Singapore Airlines,SQ,B78X,Boeing 787-10 Dreamliner,9V-SDB,Landed 19:37,2026-08-02 05:55:41
SIN,arrivals,2026-08-01,18:50,18:22,SQ137,SIA137,PEN,Penang International Airport,Singapore Airlines,SQ,B38M,Boeing 737 MAX 8,9V-MBE,Landed 19:22,2026-08-02 05:55:41
SIN,arrivals,2026-08-01,18:55,18:45,SQ927,SIA927,SUB,Surabaya Juanda International Airport,Singapore Airlines,SQ,B38M,Boeing 737 MAX 8,9V-MBA,Landed 19:45,2026-08-02 05:55:41
SIN,arrivals,2026-08-01,18:55,18:42,8M233,MMA233,RGN,Yangon International Airport,Myanmar Airways International,8M,A319,Airbus A319-115,XY-ALK,Landed 19:42,2026-08-02 05:55:41
SIN,arrivals,2026-08-01,19:00,19:06,VN657,HVN657,SGN,Ho Chi Minh City International Airport,Vietnam Airlines,VN,A321,Airbus A321-231,VN-A603,Landed 20:06,2026-08-02 05:55:41
SIN,arrivals,2026-08-01,19:00,18:58,QG526,CTV526,CGK,Jakarta Soekarno Hatta International Airport,Citilink,QG,A320,Airbus A320-214,PK-GQK,Landed 19:58,2026-08-02 05:55:41
SIN,arrivals,2026-08-01,19:00,18:49,AK719,AXM719,KUL,Kuala Lumpur International Airport,AirAsia,AK,A20N,Airbus A320-251N,9M-AGG,Landed 19:49,2026-08-02 05:55:41
SIN,arrivals,2026-08-01,19:05,18:44,TR601,TGW601,BKK,Bangkok Suvarnabhumi Airport,Scoot,TR,A20N,Airbus A320-271N,9V-TNJ,Landed 19:44,2026-08-02 05:55:41
SIN,arrivals,2026-08-01,19:10,18:55,MU565,CES565,PVG,Shanghai Pudong International Airport,China Eastern Airlines,MU,B789,Boeing 787-9 Dreamliner,B-220D,Landed 19:55,2026-08-02 05:55:41
SIN,arrivals,2026-08-01,19:15,18:37,TR685,TGW685,KBV,Krabi Airport,Scoot,TR,E290,Embraer E190-E2,9V-THB,Landed 19:37,2026-08-02 05:55:41
SIN,arrivals,2026-08-01,19:20,18:53,SQ831,SIA831,PVG,Shanghai Pudong International Airport,Singapore Airlines,SQ,B77W,Boeing 777-312(ER),9V-SNB,Landed 19:53,2026-08-02 05:55:38
SIN,arrivals,2026-08-01,19:25,19:02,TR259,TGW259,LOP,Lombok International Airport,Scoot,TR,E290,Embraer E190-E2,9V-THJ,Landed 20:02,2026-08-02 05:55:38
SIN,arrivals,2026-08-01,19:25,19:46,TR243,TGW243,DPS,Denpasar Ngurah Rai International Airport,Scoot,TR,A21N,Airbus A321-271NX,9V-NCL,Landed 20:46,2026-08-02 05:55:38
SIN,arrivals,2026-08-01,19:25,19:14,MY363,BNE363,KCH,Kuching International Airport,AirBorneo,MY,B738,Boeing 737-8U3,9M-LCV,Landed 20:14,2026-08-02 05:55:38
SIN,arrivals,2026-08-01,19:25,19:11,MH607,MAS607,KUL,Kuala Lumpur International Airport,Malaysia Airlines,MH,B738,Boeing 737-8H6,9M-MLU,Landed 20:11,2026-08-02 05:55:38
SIN,arrivals,2026-08-01,19:30,19:13,TR469,TGW469,KUL,Kuala Lumpur International Airport,Scoot,TR,A320,Airbus A320-232,9V-TRS,Landed 20:13,2026-08-02 05:55:38
SIN,arrivals,2026-08-01,19:30,19:09,SQ919,SIA919,MNL,Manila Ninoy Aquino International Airport,Singapore Airlines,SQ,B38M,Boeing 737 MAX 8,9V-MBO,Landed 20:09,2026-08-02 05:55:38
SIN,arrivals,2026-08-01,19:30,21:12,OD805,MXD805,KUL,Kuala Lumpur International Airport,Batik Air,ID,B738,Boeing 737-8GP,9M-LNQ,Landed 22:12,2026-08-02 05:55:38
SIN,arrivals,2026-08-01,19:30,19:08,ID7159,BTK7159,CGK,Jakarta Soekarno Hatta International Airport,Batik Air,ID,A320,Airbus A320-214,PK-LZH,Landed 20:08,2026-08-02 05:55:38
SIN,arrivals,2026-08-01,19:30,19:30,GA838,GIA838,CGK,Jakarta Soekarno Hatta International Airport,Garuda Indonesia,GA,B738,Boeing 737-8U3,PK-GMI,Landed 20:30,2026-08-02 05:55:38
SIN,arrivals,2026-08-01,19:35,19:20,BI423,RBA423,BWN,Brunei International Airport,Royal Brunei Airlines,BI,A20N,Airbus A320-251N,V8-RBF,Landed 20:20,2026-08-02 05:55:38
SIN,arrivals,2026-08-01,19:40,19:16,SQ173,SIA173,DAD,Da Nang International Airport,Singapore Airlines,SQ,B38M,Boeing 737 MAX 8,9V-MBB,Landed 20:16,2026-08-02 05:55:38
SIN,arrivals,2026-08-01,19:45,19:18,TR867,TGW867,TPE,Taipei Taoyuan International Airport,Scoot,TR,B789,Boeing 787-9 Dreamliner,9V-OJI,Landed 20:18,2026-08-02 05:55:38
SIN,arrivals,2026-08-01,19:45,19:51,SQ763,SIA763,RGN,Yangon International Airport,Singapore Airlines,SQ,B38M,Boeing 737 MAX 8,9V-MBW,Landed 20:51,2026-08-02 05:55:38
SIN,arrivals,2026-08-01,19:45,19:23,SQ195,SIA195,HAN,Hanoi Noi Bai International Airport,Singapore Airlines,SQ,B38M,Boeing 737 MAX 8,9V-MBJ,Landed 20:23,2026-08-02 05:55:38
SIN,arrivals,2026-08-01,19:45,19:36,SQ236,SIA236,BNE,Brisbane Airport,Singapore Airlines,SQ,A359,Airbus A350-941,9V-SHC,Landed 20:36,2026-08-02 05:55:38
SIN,arrivals,2026-08-01,19:45,19:28,SL104,TLM104,DMK,Bangkok Don Mueang International Airport,Thai Lion Air,SL,B738,Boeing 737-8GP,HS-LGR,Landed 20:28,2026-08-02 05:55:38
SIN,arrivals,2026-08-01,19:45,19:39,AK721,AXM721,KUL,Kuala Lumpur International Airport,AirAsia,AK,A20N,Airbus A320-251N,9M-RAB,Landed 20:39,2026-08-02 05:55:38
SIN,arrivals,2026-08-01,19:50,19:44,CX711,CPA711,HKG,Hong Kong International Airport,Cathay Pacific,CX,A333,Airbus A330-343,B-LBB,Landed 20:44,2026-08-02 05:55:38
SIN,arrivals,2026-08-01,19:55,19:53,SQ963,SIA963,CGK,Jakarta Soekarno Hatta International Airport,Singapore Airlines,SQ,A359,Airbus A350-941,9V-SMA,Landed 20:53,2026-08-02 05:55:38
SIN,arrivals,2026-08-01,20:00,02:01,9C6277,CQH6277,CAN,Guangzhou Baiyun International Airport,Spring Airlines,9C,A320,Airbus A320-214,B-8647,Landed 03:01,2026-08-02 05:55:38
SIN,arrivals,2026-08-01,20:00,19:34,SQ286,SIA286,AKL,Auckland Airport,Singapore Airlines,SQ,B77W,Boeing 777-312(ER),9V-SWR,Landed 20:34,2026-08-02 05:55:38
SIN,arrivals,2026-08-01,20:00,19:32,QF47,QFA47,DRW,Darwin International Airport,Qantas,QF,B738,Boeing 737-838,VH-VZM,Landed 20:32,2026-08-02 05:55:38
SIN,arrivals,2026-08-01,20:00,19:25,BA16,BAW16,SYD,Sydney Kingsford Smith Airport,British Airways,BA,B789,Boeing 787-9 Dreamliner,G-ZBKF,Landed 20:25,2026-08-02 05:55:38
SIN,arrivals,2026-08-01,20:00,20:00,AK1729,AXM1729,PEN,Penang International Airport,AirAsia,AK,A320,Airbus A320-216,9M-AQA,Landed 21:00,2026-08-02 05:55:38
SIN,arrivals,2026-08-01,20:05,19:48,SQ735,SIA735,HKT,Phuket International Airport,Singapore Airlines,SQ,B38M,Boeing 737 MAX 8,9V-MBH,Landed 20:48,2026-08-02 05:55:38
SIN,arrivals,2026-08-01,20:05,19:49,SQ431,SIA431,MLE,Male Velana International Airport,Singapore Airlines,SQ,A359,Airbus A350-941,9V-SMP,Landed 20:49,2026-08-02 05:55:38
SIN,arrivals,2026-08-01,20:10,19:42,TR695,TGW695,USM,Koh Samui Airport,Scoot,TR,E290,Embraer E190-E2,9V-THD,Landed 20:42,2026-08-02 05:55:38
SIN,arrivals,2026-08-01,20:15,20:04,TR525,TGW525,PQC,Phu Quoc International Airport,Scoot,TR,E290,Embraer E190-E2,9V-THI,Landed 21:04,2026-08-02 05:55:38
SIN,arrivals,2026-08-01,20:15,20:08,SQ228,SIA228,MEL,Melbourne Airport,Singapore Airlines,SQ,A388,Airbus A380-841,9V-SKZ,Landed 21:08,2026-08-02 05:55:38
SIN,arrivals,2026-08-01,20:15,19:56,SQ222,SIA222,SYD,Sydney Kingsford Smith Airport,Singapore Airlines,SQ,A388,Airbus A380-841,9V-SKW,Landed 20:56,2026-08-02 05:55:38
SIN,arrivals,2026-08-01,20:15,20:28,QR944,QTR944,DOH,Doha Hamad International Airport,Qatar Airways,QR,A359,Airbus A350-941,A7-AML,Landed 21:28,2026-08-02 05:55:38
SIN,arrivals,2026-08-01,20:15,19:57,QF1,QFA1,SYD,Sydney Kingsford Smith Airport,Qantas,QF,A388,Airbus A380-842,VH-OQC,Landed 20:57,2026-08-02 05:55:38
SIN,arrivals,2026-08-01,20:20,20:02,6E1343,IGO1343,MAA,Chennai International Airport,IndiGo,6E,A21N,Airbus A321-252NX,VT-NCL,Landed 21:02,2026-08-02 05:55:38
SIN,arrivals,2026-08-01,20:20,20:31,TR517,TGW517,SGN,Ho Chi Minh City International Airport,Scoot,TR,A20N,Airbus A320-271N,9V-TNF,Landed 21:31,2026-08-02 05:55:38
SIN,arrivals,2026-08-01,20:25,20:12,TR821,TGW821,KIX,Osaka Kansai International Airport,Scoot,TR,B789,Boeing 787-9 Dreamliner,9V-OJH,Landed 21:12,2026-08-02 05:55:38
SIN,arrivals,2026-08-01,20:30,20:06,TW161,TWB161,ICN,Seoul Incheon International Airport,T'Way Air,TW,A333,Airbus A330-343,HL8561,Landed 21:06,2026-08-02 05:55:38
SIN,arrivals,2026-08-01,20:30,20:24,OZ751,AAR751,ICN,Seoul Incheon International Airport,Asiana Airlines,OZ,A359,Airbus A350-941,HL7578,Landed 21:24,2026-08-02 05:55:38
SIN,arrivals,2026-08-01,20:35,20:17,QF53,QFA53,BNE,Brisbane Airport,Qantas,QF,A332,Airbus A330-202,VH-EBA,Landed 21:17,2026-08-02 05:55:38
SIN,arrivals,2026-08-01,20:45,20:26,TR675,TGW675,CNX,Chiang Mai International Airport,Scoot,TR,A21N,Airbus A321-271NX,9V-NCB,Landed 21:26,2026-08-02 05:55:38
SIN,arrivals,2026-08-01,20:45,00:54,EK352,UAE352,DXB,Dubai International Airport,Emirates,EK,A388,Airbus A380-861,A6-EDZ,Landed 01:54,2026-08-02 05:55:38
SIN,arrivals,2026-08-01,20:50,20:57,SQ125,SIA125,KUL,Kuala Lumpur International Airport,Singapore Airlines,SQ,A359,Airbus A350-941,9V-SHY,Landed 21:57,2026-08-02 05:55:38
SIN,arrivals,2026-08-01,20:55,20:39,SQ711,SIA711,BKK,Bangkok Suvarnabhumi Airport,Singapore Airlines,SQ,B78X,Boeing 787-10 Dreamliner,9V-SCK,Landed 21:39,2026-08-02 05:55:38
SIN,arrivals,2026-08-01,20:55,20:46,MU545,CES545,PVG,Shanghai Pudong International Airport,China Eastern Airlines,MU,B77W,Boeing 777-39P(ER),B-7367,Landed 21:46,2026-08-02 05:55:38
SIN,arrivals,2026-08-01,20:55,20:15,CA969,CCA969,PEK,Beijing Capital International Airport,Air China,CA,B789,Boeing 787-9 Dreamliner,B-1466,Landed 21:15,2026-08-02 05:55:38
SIN,arrivals,2026-08-01,21:00,20:52,SQ601,SIA601,ICN,Seoul Incheon International Airport,Singapore Airlines,SQ,B78X,Boeing 787-10 Dreamliner,9V-SCD,Landed 21:52,2026-08-02 05:55:38
SIN,arrivals,2026-08-01,21:00,20:42,SQ157,SIA157,KTI,Phnom Penh Techo International Airport,Singapore Airlines,SQ,B38M,Boeing 737 MAX 8,9V-MBN,Landed 21:42,2026-08-02 05:55:38
SIN,arrivals,2026-08-01,21:05,20:47,SQ965,SIA965,CGK,Jakarta Soekarno Hatta International Airport,Singapore Airlines,SQ,B77W,Boeing 777-312(ER),9V-SWY,Landed 21:47,2026-08-02 05:55:38
SIN,arrivals,2026-08-01,21:05,20:37,QF37,QFA37,MEL,Melbourne Airport,Qantas,QF,A332,Airbus A330-202,VH-EBJ,Landed 21:37,2026-08-02 05:55:38
SIN,arrivals,2026-08-01,21:10,20:48,SQ214,SIA214,PER,Perth Airport,Singapore Airlines,SQ,A359,Airbus A350-941,9V-SHU,Landed 21:48,2026-08-02 05:55:38
SIN,arrivals,2026-08-01,21:15,20:51,SQ879,SIA879,TPE,Taipei Taoyuan International Airport,Singapore Airlines,SQ,B78X,Boeing 787-10 Dreamliner,9V-SDC,Landed 21:51,2026-08-02 05:55:38
SIN,arrivals,2026-08-01,21:15,22:30,MF885,CXA885,XMN,Xiamen Gaoqi International Airport,Xiamen Air,MF,B738,Boeing 737-86N,B-5383,Landed 23:30,2026-08-02 05:55:38
SIN,arrivals,2026-08-01,21:15,21:05,GA822,GIA822,CGK,Jakarta Soekarno Hatta International Airport,Garuda Indonesia,GA,B738,Boeing 737-8U3,PK-GNM,Landed 22:05,2026-08-02 05:55:38
SIN,arrivals,2026-08-01,21:20,21:32,TR611,TGW611,BKK,Bangkok Suvarnabhumi Airport,Scoot,TR,B788,Boeing 787-8 Dreamliner,9V-OFE,Landed 22:32,2026-08-02 05:55:38
SIN,arrivals,2026-08-01,21:20,21:48,TR181,TGW181,NKG,Nanjing Lukou International Airport,Scoot,TR,B788,Boeing 787-8 Dreamliner,9V-OFA,Landed 22:48,2026-08-02 05:55:38
SIN,arrivals,2026-08-01,21:20,20:54,SQ921,SIA921,MNL,Manila Ninoy Aquino International Airport,Singapore Airlines,SQ,A359,Airbus A350-941,9V-SHL,Landed 21:54,2026-08-02 05:55:38
SIN,arrivals,2026-08-01,21:20,21:08,SQ833,SIA833,PVG,Shanghai Pudong International Airport,Singapore Airlines,SQ,A388,Airbus A380-841,9V-SKM,Landed 22:08,2026-08-02 05:55:38
SIN,arrivals,2026-08-01,21:25,21:14,8B155,TNU155,CGK,Jakarta Soekarno Hatta International Airport,TransNusa,8B,A321,Airbus A321-211,PK-TLK,Landed 22:14,2026-08-02 05:55:38
SIN,arrivals,2026-08-01,21:30,21:43,TR519,TGW519,DAD,Da Nang International Airport,Scoot,TR,A21N,Airbus A321-271NX,9V-NCC,Landed 22:43,2026-08-02 05:55:38
SIN,arrivals,2026-08-01,21:30,21:26,TG401,THA401,BKK,Bangkok Suvarnabhumi Airport,Thai Airways,TG,A320,Airbus A320-232,HS-TXU,Landed 22:26,2026-08-02 05:55:38
SIN,arrivals,2026-08-01,21:30,21:04,HO1575,DKH1575,PVG,Shanghai Pudong International Airport,Juneyao Air,HO,A20N,Airbus A320-271N,B-323D,Landed 22:04,2026-08-02 05:55:38
SIN,arrivals,2026-08-01,21:35,21:16,TR905,TGW905,MFM,Macau International Airport,Scoot,TR,A20N,Airbus A320-271N,9V-TNH,Landed 22:16,2026-08-02 05:55:38
SIN,arrivals,2026-08-01,21:40,22:02,TR283,TGW283,DPS,Denpasar Ngurah Rai International Airport,Scoot,TR,B789,Boeing 787-9 Dreamliner,9V-OJG,Landed 23:02,2026-08-02 05:55:38
SIN,arrivals,2026-08-01,21:40,21:39,SQ945,SIA945,DPS,Denpasar Ngurah Rai International Airport,Singapore Airlines,SQ,B78X,Boeing 787-10 Dreamliner,9V-SCF,Landed 22:39,2026-08-02 05:55:38
SIN,arrivals,2026-08-01,21:40,21:28,SQ895,SIA895,HKG,Hong Kong International Airport,Singapore Airlines,SQ,A359,Airbus A350-941,9V-SMR,Landed 22:28,2026-08-02 05:55:38
SIN,arrivals,2026-08-01,21:40,21:24,SQ185,SIA185,SGN,Ho Chi Minh City International Airport,Singapore Airlines,SQ,B78X,Boeing 787-10 Dreamliner,9V-SDA,Landed 22:24,2026-08-02 05:55:38
SIN,arrivals,2026-08-01,21:45,21:10,TR649,TGW649,USM,Koh Samui Airport,Scoot,TR,E290,Embraer E190-E2,9V-THA,Landed 22:10,2026-08-02 05:55:38
SIN,arrivals,2026-08-01,21:45,21:18,SQ929,SIA929,SUB,Surabaya Juanda International Airport,Singapore Airlines,SQ,B38M,Boeing 737 MAX 8,9V-MBU,Landed 22:18,2026-08-02 05:55:38
SIN,arrivals,2026-08-01,21:50,21:34,TR279,TGW279,CGK,Jakarta Soekarno Hatta International Airport,Scoot,TR,A320,Airbus A320-232,9V-TRT,Landed 22:34,2026-08-02 05:55:38
SIN,arrivals,2026-08-01,21:55,21:29,SQ621,SIA621,KIX,Osaka Kansai International Airport,Singapore Airlines,SQ,B78X,Boeing 787-10 Dreamliner,9V-SCY,Landed 22:29,2026-08-02 05:55:38
SIN,arrivals,2026-08-01,22:00,,QR8064,,DOH,Doha Hamad International Airport,Qatar Airways,QR,77X,,,Unknown,2026-08-02 05:55:38
SIN,arrivals,2026-08-01,22:00,21:45,SQ193,SIA193,HAN,Hanoi Noi Bai International Airport,Singapore Airlines,SQ,B38M,Boeing 737 MAX 8,9V-MBT,Landed 22:45,2026-08-02 05:55:38
SIN,arrivals,2026-08-01,22:00,22:10,SQ141,SIA141,PEN,Penang International Airport,Singapore Airlines,SQ,B38M,Boeing 737 MAX 8,9V-MBR,Landed 23:10,2026-08-02 05:55:38
SIN,arrivals,2026-08-01,22:05,21:54,SQ995,SIA995,KNO,Medan Kuala Namu International Airport,Singapore Airlines,SQ,B38M,Boeing 737 MAX 8,9V-MBG,Landed 22:54,2026-08-02 05:55:38
SIN,arrivals,2026-08-01,22:05,22:00,SQ967,SIA967,CGK,Jakarta Soekarno Hatta International Airport,Singapore Airlines,SQ,A359,Airbus A350-941,9V-SHI,Landed 23:00,2026-08-02 05:55:38
SIN,arrivals,2026-08-01,22:05,21:36,SQ633,SIA633,HND,Tokyo Haneda International Airport,Singapore Airlines,SQ,B77W,Boeing 777-312(ER),9V-SWL,Landed 22:36,2026-08-02 05:55:38
SIN,arrivals,2026-08-01,22:05,22:06,SQ276,SIA276,ADL,Adelaide Airport,Singapore Airlines,SQ,B78X,Boeing 787-10 Dreamliner,9V-SCZ,Landed 23:06,2026-08-02 05:55:38
SIN,arrivals,2026-08-01,22:05,21:50,7C2661,JJA2661,PUS,Busan Gimhae International Airport,Jeju Air,7C,B738,Boeing 737-8AS,HL8061,Landed 22:50,2026-08-02 05:55:38
SIN,arrivals,2026-08-01,22:10,22:48,TR417,TGW417,BKI,Kota Kinabalu International Airport,Scoot,TR,A21N,Airbus A321-271NX,9V-NCA,Landed 23:48,2026-08-02 05:55:38
SIN,arrivals,2026-08-01,22:15,21:52,TR267,TGW267,SUB,Surabaya Juanda International Airport,Scoot,TR,A20N,Airbus A320-271N,9V-TNL,Landed 22:52,2026-08-02 05:55:38
SIN,arrivals,2026-08-01,22:15,21:41,SQ843,SIA843,TFU,Chengdu Tianfu International Airport,Singapore Airlines,SQ,B78X,Boeing 787-10 Dreamliner,9V-SCB,Landed 22:41,2026-08-02 05:55:38
SIN,arrivals,2026-08-01,22:20,21:57,SQ127,SIA127,KUL,Kuala Lumpur International Airport,Singapore Airlines,SQ,B38M,Boeing 737 MAX 8,9V-MBY,Landed 22:57,2026-08-02 05:55:38
SIN,arrivals,2026-08-01,22:25,23:35,TR591,TGW591,MNL,Manila Ninoy Aquino International Airport,Scoot,TR,A21N,Airbus A321-271NX,9V-NCI,Landed 00:35,2026-08-02 05:55:38
SIN,arrivals,2026-08-01,22:25,22:05,SQ739,SIA739,HKT,Phuket International Airport,Singapore Airlines,SQ,B38M,Boeing 737 MAX 8,9V-MBK,Landed 23:05,2026-08-02 05:55:38
SIN,arrivals,2026-08-01,22:25,22:23,KL836,KLM836,DPS,Denpasar Ngurah Rai International Airport,KLM,KL,B77W,Boeing 777-306(ER),PH-BVU,Landed 23:23,2026-08-02 05:55:38
SIN,arrivals,2026-08-01,22:30,22:11,SQ7867,SIA7867,HKG,Hong Kong International Airport,Singapore Airlines Cargo,SQ,B744,Boeing 747-412F(SCD),9V-SFQ,Landed 23:11,2026-08-02 05:55:38
SIN,arrivals,2026-08-01,22:30,23:27,CZ351,CSN351,CAN,Guangzhou Baiyun International Airport,China Southern Airlines,CZ,A21N,Airbus A321-271N,B-1087,Landed 00:27,2026-08-02 05:55:38
SIN,arrivals,2026-08-01,22:35,22:08,PR509,PAL509,MNL,Manila Ninoy Aquino International Airport,Philippine Airlines,PR,A321,Airbus A321-231,RP-C9903,Landed 23:08,2026-08-02 05:55:38
SIN,arrivals,2026-08-01,22:40,22:32,7C2623,JJA2623,ICN,Seoul Incheon International Airport,Jeju Air,7C,B38M,Boeing 737 MAX 8,HL8552,Landed 23:32,2026-08-02 05:55:38
SIN,arrivals,2026-08-01,22:40,22:13,SQ713,SIA713,BKK,Bangkok Suvarnabhumi Airport,Singapore Airlines,SQ,B78X,Boeing 787-10 Dreamliner,9V-SCC,Landed 23:13,2026-08-02 05:55:38
SIN,arrivals,2026-08-01,22:40,22:16,MU5031,CES5031,PKX,Beijing Daxing International Airport,China Eastern Airlines,MU,A20N,Airbus A320-251N,B-32A9,Landed 23:16,2026-08-02 05:55:38
SIN,arrivals,2026-08-01,22:45,22:37,TR435,TGW435,KCH,Kuching International Airport,Scoot,TR,A20N,Airbus A320-271N,9V-TNI,Landed 23:37,2026-08-02 05:55:38
SIN,arrivals,2026-08-01,22:45,22:25,TR9,TGW9,PER,Perth Airport,Scoot,TR,B788,Boeing 787-8 Dreamliner,9V-OFD,Landed 23:25,2026-08-02 05:55:38
SIN,arrivals,2026-08-01,22:45,22:18,EK349,UAE349,KTI,Phnom Penh Techo International Airport,Emirates,EK,B77W,Boeing 777-31H(ER),A6-ECJ,Landed 23:18,2026-08-02 05:55:38
SIN,arrivals,2026-08-01,22:45,22:46,IX682,AXB682,TRZ,Tiruchirappalli International Airport,Air India Express (Ellora-Ajanta Caves Livery),IX,B738,Boeing 737-8HG,VT-AYA,Landed 23:46,2026-08-02 05:55:38
SIN,arrivals,2026-08-01,22:50,23:33,TR129,TGW129,SWA,Jieyang Chaoshan International Airport,Scoot,TR,A21N,Airbus A321-271NX,9V-NCE,Landed 00:33,2026-08-02 05:55:38
SIN,arrivals,2026-08-01,22:55,22:21,TR653,TGW653,HKT,Phuket International Airport,Scoot,TR,A320,Airbus A320-232,9V-TRP,Landed 23:21,2026-08-02 05:55:38
SIN,arrivals,2026-08-01,22:55,22:44,TR499,TGW499,PEN,Penang International Airport,Scoot,TR,A21N,Airbus A321-271NX,9V-NCK,Landed 23:44,2026-08-02 05:55:38
SIN,arrivals,2026-08-01,22:55,23:02,KE645,KAL645,ICN,Seoul Incheon International Airport,Korean Air,KE,B77W,Boeing 777-3B5(ER),HL7203,Landed 00:02,2026-08-02 05:55:38
SIN,arrivals,2026-08-01,23:05,22:40,TR627,TGW627,BKK,Bangkok Suvarnabhumi Airport,Scoot,TR,A20N,Airbus A320-271N,9V-TNM,Landed 23:40,2026-08-02 05:55:35
SIN,arrivals,2026-08-01,23:05,22:42,TR467,TGW467,KUL,Kuala Lumpur International Airport,Scoot,TR,A21N,Airbus A321-271NX,9V-NCH,Landed 23:42,2026-08-02 05:55:35
SIN,arrivals,2026-08-01,23:05,22:35,MM773,APJ773,KIX,Osaka Kansai International Airport,Peach,MM,A21N,Airbus A321-251NX(LR),JA902P,Landed 23:35,2026-08-02 05:55:38
SIN,arrivals,2026-08-01,23:10,22:57,SQ266,SIA266,BNE,Brisbane Airport,Singapore Airlines,SQ,A359,Airbus A350-941,9V-SHB,Landed 23:57,2026-08-02 05:55:35
SIN,arrivals,2026-08-01,23:10,22:28,SC8061,CDG8061,TNA,Jinan Yaoqiang International Airport,Shandong Airlines,SC,B38M,Boeing 737 MAX 8,B-1120,Landed 23:28,2026-08-02 05:55:35
SIN,arrivals,2026-08-01,23:10,22:51,MH609,MAS609,KUL,Kuala Lumpur International Airport,Malaysia Airlines,MH,B738,Boeing 737-8H6,9M-MLT,Landed 23:51,2026-08-02 05:55:35
SIN,arrivals,2026-08-01,23:10,22:59,5J803,CEB803,MNL,Manila Ninoy Aquino International Airport,Cebu Pacific,5J,A339,Airbus A330-941,RP-C3910,Landed 23:59,2026-08-02 05:55:35
SIN,arrivals,2026-08-01,23:10,23:13,3U3919,CSC3919,TFU,Chengdu Tianfu International Airport,Sichuan Airlines,3U,A20N,Airbus A320-271N,B-321D,Landed 00:13,2026-08-02 05:55:35
SIN,arrivals,2026-08-01,23:15,22:52,SQ947,SIA947,DPS,Denpasar Ngurah Rai International Airport,Singapore Airlines,SQ,B78X,Boeing 787-10 Dreamliner,9V-SCJ,Landed 23:52,2026-08-02 05:55:35
SIN,arrivals,2026-08-01,23:15,23:09,SQ208,SIA208,MEL,Melbourne Airport,Singapore Airlines,SQ,A359,Airbus A350-941,9V-SJB,Landed 00:09,2026-08-02 05:55:35
SIN,arrivals,2026-08-01,23:15,23:10,SQ242,SIA242,SYD,Sydney Kingsford Smith Airport,Singapore Airlines,SQ,A359,Airbus A350-941,9V-SHM,Landed 00:10,2026-08-02 05:55:35
SIN,arrivals,2026-08-01,23:20,23:07,JL711,JAL711,NRT,Tokyo Narita International Airport,Japan Airlines,JL,B763,Boeing 767-346(ER),JA616J,Landed 00:07,2026-08-02 05:55:35
SIN,arrivals,2026-08-01,23:30,23:04,OQ2095,CQN2095,CKG,Chongqing Jiangbei International Airport,Chongqing Airlines,OQ,A20N,Airbus A320-251N,B-302J,Landed 00:04,2026-08-02 05:55:35
SIN,arrivals,2026-08-01,23:35,23:29,SQ835,SIA835,PVG,Shanghai Pudong International Airport,Singapore Airlines,SQ,B78X,Boeing 787-10 Dreamliner,9V-SCI,Landed 00:29,2026-08-02 05:55:35
SIN,arrivals,2026-08-01,23:35,23:42,SQ719,SIA719,BKK,Bangkok Suvarnabhumi Airport,Singapore Airlines,SQ,B78X,Boeing 787-10 Dreamliner,9V-SCM,Landed 00:42,2026-08-02 05:55:35
SIN,arrivals,2026-08-01,23:35,22:55,ET639,ETH639,KUL,Kuala Lumpur International Airport,Ethiopian Airlines,ET,A359,Airbus A350-941,ET-AYA,Landed 23:55,2026-08-02 05:55:35
SIN,arrivals,2026-08-01,23:35,23:23,CI755,CAL755,TPE,Taipei Taoyuan International Airport,China Airlines,CI,A21N,Airbus A321-271NX,B-18108,Landed 00:23,2026-08-02 05:55:35
SIN,arrivals,2026-08-01,23:45,23:30,NH801,AJX801,NRT,Tokyo Narita International Airport,All Nippon Airways,NH,B789,Boeing 787-9 Dreamliner,JA924A,Landed 00:30,2026-08-02 05:55:35
SIN,arrivals,2026-08-01,23:45,23:55,CX715,CPA715,HKG,Hong Kong International Airport,Cathay Pacific,CX,A333,Airbus A330-343,B-LBC,Landed 00:55,2026-08-02 05:55:35
SIN,arrivals,2026-08-01,23:55,23:38,SQ11,SIA11,NRT,Tokyo Narita International Airport,Singapore Airlines,SQ,B77W,Boeing 777-312(ER),9V-SNC,Landed 00:38,2026-08-02 05:55:35
SIN,departures,2026-08-01,00:00,00:20,TR866,TGW866,TPE,Taipei Taoyuan International Airport,Scoot,TR,B789,Boeing 787-9 Dreamliner,9V-OJI,Departed 01:20,2026-08-02 05:56:32
SIN,departures,2026-08-01,00:05,00:36,SQ306,SIA306,LHR,London Heathrow Airport,Singapore Airlines,SQ,A359,Airbus A350-941,9V-SMU,Departed 01:36,2026-08-02 05:56:32
SIN,departures,2026-08-01,00:10,00:23,3U3920,CSC3920,TFU,Chengdu Tianfu International Airport,Sichuan Airlines,3U,A20N,Airbus A320-271N,B-321E,Departed 01:23,2026-08-02 05:56:32
SIN,departures,2026-08-01,00:10,00:31,SQ800,SIA800,PEK,Beijing Capital International Airport,Singapore Airlines,SQ,B77W,Boeing 777-312(ER),9V-SWB,Departed 01:31,2026-08-02 05:56:32
SIN,departures,2026-08-01,00:10,00:59,5J804,CEB804,MNL,Manila Ninoy Aquino International Airport,Cebu Pacific,5J,A21N,Airbus A321-271NX,RP-C4143,Departed 01:59,2026-08-02 05:56:32
SIN,departures,2026-08-01,00:15,00:38,SQ478,SIA478,JNB,Johannesburg OR Tambo International Airport,Singapore Airlines,SQ,A359,Airbus A350-941,9V-SMC,Departed 01:38,2026-08-02 05:56:32
SIN,departures,2026-08-01,00:15,00:31,SQ826,SIA826,PVG,Shanghai Pudong International Airport,Singapore Airlines,SQ,A359,Airbus A350-941,9V-SHO,Departed 01:31,2026-08-02 05:56:32
SIN,departures,2026-08-01,00:15,00:30,SC8062,CDG8062,TNA,Jinan Yaoqiang International Airport,Shandong Airlines,SC,B38M,Boeing 737 MAX 8,B-205C,Departed 01:30,2026-08-02 05:56:32
SIN,departures,2026-08-01,00:20,00:53,SQ672,SIA672,NGO,Nagoya Chubu Centrair International Airport,Singapore Airlines,SQ,B78X,Boeing 787-10 Dreamliner,9V-SCE,Departed 01:53,2026-08-02 05:56:32
SIN,departures,2026-08-01,00:20,00:44,SQ656,SIA656,FUK,Fukuoka Airport,Singapore Airlines,SQ,B78X,Boeing 787-10 Dreamliner,9V-SCU,Departed 01:44,2026-08-02 05:56:32
SIN,departures,2026-08-01,00:20,13:51,5Y8991,GTI8991,TPE,Taipei Taoyuan International Airport,Atlas Air,5Y,B748,Boeing 747-87UF,N859GT,Departed 14:51,2026-08-02 05:56:32
SIN,departures,2026-08-01,00:25,00:51,SQ618,SIA618,KIX,Osaka Kansai International Airport,Singapore Airlines,SQ,B78X,Boeing 787-10 Dreamliner,9V-SCN,Departed 01:51,2026-08-02 05:56:32
SIN,departures,2026-08-01,00:25,00:41,SQ346,SIA346,ZRH,Zurich Airport,Singapore Airlines,SQ,B77W,Boeing 777-312(ER),9V-SWZ,Departed 01:41,2026-08-02 05:56:32
SIN,departures,2026-08-01,00:25,01:02,MM774,APJ774,KIX,Osaka Kansai International Airport,Peach,MM,A21N,Airbus A321-251NX(LR),JA901P,Departed 02:02,2026-08-02 05:56:32
SIN,departures,2026-08-01,00:25,01:48,KE646,KAL646,ICN,Seoul Incheon International Airport,Korean Air,KE,B77W,Boeing 777-300(ER),HL8346,Departed 02:48,2026-08-02 05:56:32
SIN,departures,2026-08-01,00:25,00:25,5J548,CEB548,CEB,Cebu Mactan International Airport,Cebu Pacific,5J,A320,Airbus A320-214,RP-C4102,Departed 01:25,2026-08-02 05:56:32
SIN,departures,2026-08-01,00:30,01:00,TR138,TGW138,TSN,Tianjin Binhai International Airport,Scoot,TR,B788,Boeing 787-8 Dreamliner,9V-OFN,Departed 02:00,2026-08-02 05:56:32
SIN,departures,2026-08-01,00:30,02:40,TR186,TGW186,TAO,Qingdao Jiaodong International Airport,Scoot,TR,B788,Boeing 787-8 Dreamliner,9V-OFH,Departed 03:40,2026-08-02 05:56:32
SIN,departures,2026-08-01,00:30,00:57,OQ2096,CQN2096,CKG,Chongqing Jiangbei International Airport,Chongqing Airlines,OQ,A20N,Airbus A320-251N,B-302K,Departed 01:57,2026-08-02 05:56:32
SIN,departures,2026-08-01,00:40,01:13,EK349,UAE349,DXB,Dubai International Airport,Emirates,EK,B77W,Boeing 777-31H(ER),A6-EGF,Departed 02:13,2026-08-02 05:56:32
SIN,departures,2026-08-01,00:45,01:26,SQ237,SIA237,MEL,Melbourne Airport,Singapore Airlines,SQ,A388,Airbus A380-841,9V-SKZ,Departed 02:26,2026-08-02 05:56:32
SIN,departures,2026-08-01,00:45,01:18,CX714,CPA714,HKG,Hong Kong International Airport,Cathay Pacific,CX,A333,Airbus A330-343,B-HWM,Departed 02:18,2026-08-02 05:56:32
SIN,departures,2026-08-01,00:50,02:01,TR588,TGW588,MNL,Manila Ninoy Aquino International Airport,Scoot,TR,B788,Boeing 787-8 Dreamliner,9V-OFI,Departed 03:01,2026-08-02 05:56:32
SIN,departures,2026-08-01,00:55,01:51,TR568,TGW568,CRK,Angeles City Clark International Airport,Scoot,TR,A21N,Airbus A321-271NX,9V-NCL,Departed 02:51,2026-08-02 05:56:32
SIN,departures,2026-08-01,00:55,01:19,JL38,JAL38,HND,Tokyo Haneda International Airport,Japan Airlines,JL,B763,Boeing 767-346(ER),JA620J,Departed 02:19,2026-08-02 05:56:32
SIN,departures,2026-08-01,01:00,01:35,TR560,TGW560,DVO,Davao City Francisco Bangoy International Airport,Scoot,TR,A21N,Airbus A321-271NX,9V-NCH,Departed 02:35,2026-08-02 05:56:32
SIN,departures,2026-08-01,01:00,01:40,ET639,ETH639,ADD,Addis Ababa Bole Airport,Ethiopian Airlines,ET,A359,Airbus A350-941,ET-AUA,Departed 02:40,2026-08-02 05:56:32
SIN,departures,2026-08-01,01:00,01:23,CI756,CAL756,TPE,Taipei Taoyuan International Airport,China Airlines,CI,A21N,Airbus A321-271NX,B-18108,Departed 02:23,2026-08-02 05:56:32
SIN,departures,2026-08-01,01:10,01:41,TR10,TGW10,SYD,Sydney Kingsford Smith Airport,Scoot,TR,B788,Boeing 787-8 Dreamliner,9V-OFB,Departed 02:41,2026-08-02 05:56:32
SIN,departures,2026-08-01,01:10,01:36,SQ302,SIA302,MAN,Manchester Airport,Singapore Airlines,SQ,A359,Airbus A350-941,9V-SMQ,Departed 02:36,2026-08-02 05:56:32
SIN,departures,2026-08-01,01:15,01:46,SQ392,SIA392,IST,Istanbul Airport,Singapore Airlines,SQ,A359,Airbus A350-941,9V-SMH,Departed 02:46,2026-08-02 05:56:32
SIN,departures,2026-08-01,01:20,01:43,SV857,SVA857,JED,Jeddah King Abdulaziz International Airport,Saudia,SV,B78X,Boeing 787-10 Dreamliner,HZ-AR26,Departed 02:43,2026-08-02 05:56:32
SIN,departures,2026-08-01,01:30,,5Y8991,,TPE,Taipei Taoyuan International Airport,Atlas Air,5Y,74F,,,Unknown,2026-08-02 05:56:32
SIN,departures,2026-08-01,01:30,01:49,TR58,TGW58,MEL,Melbourne Airport,Scoot (Pokémon Livery),TR,B789,Boeing 787-9 Dreamliner,9V-OJJ,Departed 02:49,2026-08-02 05:56:32
SIN,departures,2026-08-01,01:30,02:08,SQ314,SIA314,LGW,London Gatwick Airport,Singapore Airlines,SQ,A359,Airbus A350-941,9V-SMD,Departed 03:08,2026-08-02 05:56:32
SIN,departures,2026-08-01,01:30,02:43,MU9648,CES9648,KMG,Kunming Changshui International Airport,China Eastern Airlines,MU,B738,Boeing 737-89P,B-1306,Departed 03:43,2026-08-02 05:56:32
SIN,departures,2026-08-01,01:35,01:59,SQ402,SIA402,DEL,Delhi Indira Gandhi International Airport,Singapore Airlines,SQ,B78X,Boeing 787-10 Dreamliner,9V-SCQ,Departed 02:59,2026-08-02 05:56:32
SIN,departures,2026-08-01,01:40,02:56,MF8676,CXA8676,XMN,Xiamen Gaoqi International Airport,Xiamen Air,MF,B38M,Boeing 737 MAX 8,B-224X,Departed 03:56,2026-08-02 05:56:32
SIN,departures,2026-08-01,01:45,02:07,6E1008,IGO1008,TRZ,Tiruchirappalli International Airport,IndiGo,6E,A20N,Airbus A320-251N,VT-IXA,Departed 03:07,2026-08-02 05:56:32
SIN,departures,2026-08-01,01:45,02:04,TR60,TGW60,VIE,Vienna International Airport,Scoot,TR,B788,Boeing 787-8 Dreamliner,9V-OFK,Departed 03:04,2026-08-02 05:56:32
SIN,departures,2026-08-01,01:55,02:11,TR318,TGW318,MDC,Manado Sam Ratulangi International Airport,Scoot,TR,E290,Embraer E190-E2,9V-THI,Departed 03:11,2026-08-02 05:56:32
SIN,departures,2026-08-01,02:00,02:19,ZH228,CSZ228,SZX,Shenzhen Bao'an International Airport,Shenzhen Airlines,ZH,A20N,Airbus A320-251N,B-32QX,Departed 03:19,2026-08-02 05:56:32
SIN,departures,2026-08-01,02:00,02:59,MU898,CES898,HGH,Hangzhou Xiaoshan International Airport,China Eastern Airlines,MU,A20N,Airbus A320-251N,B-308X,Departed 03:59,2026-08-02 05:56:32
SIN,departures,2026-08-01,02:15,02:32,QR945,QTR945,DOH,Doha Hamad International Airport,Qatar Airways,QR,A359,Airbus A350-941,A7-AMG,Departed 03:32,2026-08-02 05:56:32
SIN,departures,2026-08-01,02:25,02:48,FM844,CSH844,PVG,Shanghai Pudong International Airport,Shanghai Airlines,FM,B38M,Boeing 737 MAX 8,B-1381,Departed 03:48,2026-08-02 05:56:32
SIN,departures,2026-08-01,02:30,04:05,O3302,CSS302,SZX,Shenzhen Bao'an International Airport,SF Airlines,O3,B763,Boeing 767-338(ER)(BCF),B-1589,Departed 05:05,2026-08-02 05:56:32
SIN,departures,2026-08-01,02:40,02:44,GS7964,GCR7964,KWE,Guiyang Longdongbao International Airport,Tianjin Airlines,GS,A320,Airbus A320-232,B-300S,Departed 03:44,2026-08-02 05:56:32
SIN,departures,2026-08-01,02:55,05:48,HO1562,DKH1562,WUX,Wuxi Sunan Shuofang International Airport,Juneyao Air,HO,A20N,Airbus A320-271N,B-320Z,Departed 06:48,2026-08-02 05:56:32
SIN,departures,2026-08-01,03:10,04:17,CZ8490,CSN8490,CAN,Guangzhou Baiyun International Airport,China Southern Airlines,CZ,A21N,Airbus A321-251NX,B-32M9,Departed 05:17,2026-08-02 05:56:32
SIN,departures,2026-08-01,03:15,03:34,SQ7980,SIA7980,HKG,Hong Kong International Airport,Singapore Airlines Cargo,SQ,B744,Boeing 747-412F(SCD),9V-SFO,Departed 04:34,2026-08-02 05:56:32
SIN,departures,2026-08-01,03:20,,GM19,,HLP,Jakarta Halim Perdanakusuma Airport,Asia Cargo Airlines,GM,73F,,,Unknown,2026-08-02 05:56:32
SIN,departures,2026-08-01,03:30,04:02,8M238,MMA238,RGN,Yangon International Airport,Myanmar Airways International,8M,A319,Airbus A319-112,XY-AGR,Departed 05:02,2026-08-02 05:56:32
SIN,departures,2026-08-01,03:40,04:24,6E1002,IGO1002,MAA,Chennai International Airport,IndiGo,6E,A21N,Airbus A321-252NX,VT-NCG,Departed 05:24,2026-08-02 05:56:32
SIN,departures,2026-08-01,03:40,03:48,HU7910,CHH7910,HAK,Haikou Meilan International Airport,Hainan Airlines,HU,B38M,Boeing 737 MAX 8,B-228E,Departed 04:48,2026-08-02 05:56:32
SIN,departures,2026-08-01,03:45,04:03,PN6444,CHB6444,CKG,Chongqing Jiangbei International Airport,West Air,PN,A19N,Airbus A319-153N,B-32MF,Departed 05:03,2026-08-02 05:56:32
SIN,departures,2026-08-01,04:10,05:23,CZ5086,CSN5086,SZX,Shenzhen Bao'an International Airport,China Southern Airlines,CZ,A20N,Airbus A320-251N,B-32H3,Departed 06:23,2026-08-02 05:56:32
SIN,departures,2026-08-01,04:15,04:38,TR100,TGW100,CAN,Guangzhou Baiyun International Airport,Scoot,TR,B789,Boeing 787-9 Dreamliner,9V-OJG,Departed 05:38,2026-08-02 05:56:32
SIN,departures,2026-08-01,04:40,04:49,6E1248,IGO1248,BLR,Bengaluru Kempegowda International Airport,IndiGo,6E,A20N,Airbus A320-251N,VT-IQW,Departed 05:49,2026-08-02 05:56:32
SIN,departures,2026-08-01,04:40,04:56,BS308,UBG308,DAC,Dhaka Shahjalal International Airport,US-Bangla Airlines,BS,B738,Boeing 737-8GJ,S2-AJE,Departed 05:56,2026-08-02 05:56:32
SIN,departures,2026-08-01,04:55,05:07,6E1030,IGO1030,VGA,Vijayawada Airport,IndiGo,6E,A320,Airbus A320-232,VT-IFK,Departed 06:07,2026-08-02 05:56:32
SIN,departures,2026-08-01,04:55,05:11,TR298,TGW298,KJT,Majalengka Kertajati International Airport,Scoot,TR,E290,Embraer E190-E2,9V-THB,Departed 06:11,2026-08-02 05:56:32
SIN,departures,2026-08-01,04:55,05:01,TR254,TGW254,PLM,Palembang International Airport,Scoot,TR,E290,Embraer E190-E2,9V-THJ,Departed 06:01,2026-08-02 05:56:32
SIN,departures,2026-08-01,04:55,,SQ7394,,SHJ,Sharjah International Airport,Singapore Airlines,SQ,74Y,,,Unknown,2026-08-02 05:56:32
SIN,departures,2026-08-01,04:55,05:17,SQ7352,SIA7352,BLR,Bengaluru Kempegowda International Airport,Singapore Airlines Cargo,SQ,B744,Boeing 747-412F(SCD),9V-SFN,Departed 06:17,2026-08-02 05:56:32
SIN,departures,2026-08-01,05:00,05:09,TR438,TGW438,KCH,Kuching International Airport,Scoot,TR,A320,Airbus A320-232,9V-TRT,Departed 06:09,2026-08-02 05:56:32
SIN,departures,2026-08-01,05:00,04:58,TR200,TGW200,SRG,Semarang Achmad Yani International Airport,Scoot,TR,A320,Airbus A320-232,9V-TRU,Departed 05:58,2026-08-02 05:56:32
SIN,departures,2026-08-01,05:00,,CI6866,,PEN,Penang International Airport,China Airlines,CI,744,,,Unknown,2026-08-02 05:56:32
SIN,departures,2026-08-01,05:15,05:36,9C8552,CQH8552,PVG,Shanghai Pudong International Airport,Spring Airlines,9C,A20N,Airbus A320-251N,B-32MS,Departed 06:36,2026-08-02 05:56:32
SIN,departures,2026-08-01,05:15,05:29,NH802,AJX802,NRT,Tokyo Narita International Airport,All Nippon Airways,NH,B789,Boeing 787-9 Dreamliner,JA896A,Departed 06:29,2026-08-02 05:56:32
SIN,departures,2026-08-01,05:20,05:31,SQ950,SIA950,CGK,Jakarta Soekarno Hatta International Airport,Singapore Airlines,SQ,B77W,Boeing 777-312(ER),9V-SWV,Departed 06:31,2026-08-02 05:56:32
SIN,departures,2026-08-01,05:20,05:34,SQ934,SIA934,DPS,Denpasar Ngurah Rai International Airport,Singapore Airlines,SQ,B78X,Boeing 787-10 Dreamliner,9V-SCL,Departed 06:34,2026-08-02 05:56:32
SIN,departures,2026-08-01,05:25,06:25,KZ263,NCA263,BKK,Bangkok Suvarnabhumi Airport,Nippon Cargo Airlines,KZ,B748,Boeing 747-8KZF,JA15KZ,Departed 07:25,2026-08-02 05:56:32
SIN,departures,2026-08-01,05:35,05:49,TR480,TGW480,IPH,Ipoh Sultan Azlan Shah Airport,Scoot,TR,A20N,Airbus A320-271N,9V-TNL,Departed 06:49,2026-08-02 05:56:32
SIN,departures,2026-08-01,05:40,05:55,SQ706,SIA706,BKK,Bangkok Suvarnabhumi Airport,Singapore Airlines,SQ,B78X,Boeing 787-10 Dreamliner,9V-SCK,Departed 06:55,2026-08-02 05:56:32
SIN,departures,2026-08-01,05:55,06:02,TR820,TGW820,KIX,Osaka Kansai International Airport,Scoot,TR,B789,Boeing 787-9 Dreamliner,9V-OJH,Departed 07:02,2026-08-02 05:56:32
SIN,departures,2026-08-01,06:00,06:17,TR892,TGW892,TPE,Taipei Taoyuan International Airport,Scoot,TR,B788,Boeing 787-8 Dreamliner,9V-OFG,Departed 07:17,2026-08-02 05:56:32
SIN,departures,2026-08-01,06:00,06:28,TR640,TGW640,USM,Koh Samui Airport,Scoot,TR,E290,Embraer E190-E2,9V-THA,Departed 07:28,2026-08-02 05:56:32
SIN,departures,2026-08-01,06:00,06:21,TR502,TGW502,SGN,Ho Chi Minh City International Airport,Scoot,TR,A21N,Airbus A321-271NX,9V-NCE,Departed 07:21,2026-08-02 05:56:32
SIN,departures,2026-08-01,06:00,06:08,TR430,TGW430,PEN,Penang International Airport,Scoot,TR,A320,Airbus A320-232,9V-TRS,Departed 07:08,2026-08-02 05:56:32
SIN,departures,2026-08-01,06:00,06:34,TR118,TGW118,HAK,Haikou Meilan International Airport,Scoot,TR,A21N,Airbus A321-271NX,9V-NCI,Departed 07:34,2026-08-02 05:56:32
SIN,departures,2026-08-01,06:00,06:06,SQ104,SIA104,KUL,Kuala Lumpur International Airport,Singapore Airlines,SQ,B38M,Boeing 737 MAX 8,9V-MBJ,Departed 07:06,2026-08-02 05:56:32
SIN,departures,2026-08-01,06:00,07:54,AC20,ACA20,YVR,Vancouver International Airport,Air Canada,AC,B789,Boeing 787-9 Dreamliner,C-FEGI,Departed 08:54,2026-08-02 05:56:32
SIN,departures,2026-08-01,06:15,06:35,SQ241,SIA241,SYD,Sydney Kingsford Smith Airport,Singapore Airlines,SQ,A359,Airbus A350-941,9V-SHM,Departed 07:35,2026-08-02 05:56:32
SIN,departures,2026-08-01,06:15,06:31,SQ213,SIA213,PER,Perth Airport,Singapore Airlines,SQ,A359,Airbus A350-941,9V-SHN,Departed 07:31,2026-08-02 05:56:32
SIN,departures,2026-08-01,06:20,06:40,SQ265,SIA265,BNE,Brisbane Airport,Singapore Airlines,SQ,A359,Airbus A350-941,9V-SHB,Departed 07:40,2026-08-02 05:56:32
SIN,departures,2026-08-01,06:20,06:39,CX710,CPA710,HKG,Hong Kong International Airport,Cathay Pacific,CX,A333,Airbus A330-342,B-LAE,Departed 07:39,2026-08-02 05:56:32
SIN,departures,2026-08-01,06:25,06:37,SQ874,SIA874,HKG,Hong Kong International Airport,Singapore Airlines,SQ,A359,Airbus A350-941,9V-SHF,Departed 07:37,2026-08-02 05:56:32
SIN,departures,2026-08-01,06:30,06:48,TR658,TGW658,HKT,Phuket International Airport,Scoot,TR,A21N,Airbus A321-271NX,9V-NCK,Departed 07:48,2026-08-02 05:56:32
SIN,departures,2026-08-01,06:30,06:42,TR280,TGW280,DPS,Denpasar Ngurah Rai International Airport,Scoot,TR,B788,Boeing 787-8 Dreamliner,9V-OFL,Departed 07:42,2026-08-02 05:56:32
SIN,departures,2026-08-01,06:30,06:44,SQ990,SIA990,KNO,Medan Kuala Namu International Airport,Singapore Airlines,SQ,B38M,Boeing 737 MAX 8,9V-MBG,Departed 07:44,2026-08-02 05:56:32
SIN,departures,2026-08-01,06:30,06:55,KE648,KAL648,ICN,Seoul Incheon International Airport,Korean Air,KE,A333,Airbus A330-323,HL8003,Departed 07:55,2026-08-02 05:56:32
SIN,departures,2026-08-01,06:40,07:00,SQ952,SIA952,CGK,Jakarta Soekarno Hatta International Airport,"Singapore Airlines (10,000th Airbus Sticker)",SQ,A359,Airbus A350-941,9V-SMF,Departed 08:00,2026-08-02 05:56:32
SIN,departures,2026-08-01,06:40,06:57,SQ632,SIA632,HND,Tokyo Haneda International Airport,Singapore Airlines,SQ,B77W,Boeing 777-312(ER),9V-SWL,Departed 07:57,2026-08-02 05:56:32
SIN,departures,2026-08-01,06:40,07:19,SQ524,SIA524,MAA,Chennai International Airport,Singapore Airlines,SQ,A359,Airbus A350-941,9V-SHV,Departed 08:19,2026-08-02 05:56:32
SIN,departures,2026-08-01,06:40,06:54,SQ154,SIA154,KTI,Phnom Penh Techo International Airport,Singapore Airlines,SQ,B38M,Boeing 737 MAX 8,9V-MBW,Departed 07:54,2026-08-02 05:56:32
SIN,departures,2026-08-01,06:45,07:14,SQ828,SIA828,PVG,Shanghai Pudong International Airport,Singapore Airlines,SQ,B77W,Boeing 777-312(ER),9V-SNB,Departed 08:14,2026-08-02 05:56:32
SIN,departures,2026-08-01,06:50,07:18,TR274,TGW274,CGK,Jakarta Soekarno Hatta International Airport,Scoot,TR,A20N,Airbus A320-271N,9V-TNJ,Departed 08:18,2026-08-02 05:56:29
SIN,departures,2026-08-01,06:50,07:10,SQ922,SIA922,SUB,Surabaya Juanda International Airport,Singapore Airlines,SQ,A359,Airbus A350-941,9V-SHT,Departed 08:10,2026-08-02 05:56:29
SIN,departures,2026-08-01,06:50,07:16,SQ914,SIA914,MNL,Manila Ninoy Aquino International Airport,Singapore Airlines,SQ,A359,Airbus A350-941,9V-SHI,Departed 08:16,2026-08-02 05:56:29
SIN,departures,2026-08-01,06:50,07:08,SQ868,SIA868,XMN,Xiamen Gaoqi International Airport,Singapore Airlines,SQ,B38M,Boeing 737 MAX 8,9V-MBM,Departed 08:08,2026-08-02 05:56:32
SIN,departures,2026-08-01,06:50,07:02,SQ726,SIA726,HKT,Phuket International Airport,Singapore Airlines,SQ,B38M,Boeing 737 MAX 8,9V-MBB,Departed 08:02,2026-08-02 05:56:32
SIN,departures,2026-08-01,06:50,07:04,SQ422,SIA422,BOM,Mumbai Chhatrapati Shivaji International Airport,Singapore Airlines,SQ,B78X,Boeing 787-10 Dreamliner,9V-SDB,Departed 08:04,2026-08-02 05:56:32
SIN,departures,2026-08-01,06:50,07:31,SQ207,SIA207,MEL,Melbourne Airport,Singapore Airlines,SQ,A359,Airbus A350-941,9V-SJB,Departed 08:31,2026-08-02 05:56:32
SIN,departures,2026-08-01,06:55,07:26,SQ762,SIA762,RGN,Yangon International Airport,Singapore Airlines,SQ,B38M,Boeing 737 MAX 8,9V-MBU,Departed 08:26,2026-08-02 05:56:29
SIN,departures,2026-08-01,06:55,07:27,AK700,AXM700,KUL,Kuala Lumpur International Airport,AirAsia,AK,A21N,Airbus A321-251NX,9M-VAD,Departed 08:27,2026-08-02 05:56:29
SIN,departures,2026-08-01,07:00,07:37,3Y923,MYU923,CGK,Jakarta Soekarno Hatta International Airport,My Indo Airlines,3Y,B733,Boeing 737-39K(SF),PK-MYC,Departed 08:37,2026-08-02 05:56:29
SIN,departures,2026-08-01,07:00,07:29,TG402,THA402,BKK,Bangkok Suvarnabhumi Airport,Thai Airways,TG,A320,Airbus A320-232,HS-TXT,Departed 08:29,2026-08-02 05:56:29
SIN,departures,2026-08-01,07:00,07:21,SQ850,SIA850,CAN,Guangzhou Baiyun International Airport,Singapore Airlines,SQ,B78X,Boeing 787-10 Dreamliner,9V-SCV,Departed 08:21,2026-08-02 05:56:29
SIN,departures,2026-08-01,07:00,07:12,SQ132,SIA132,PEN,Penang International Airport,Singapore Airlines,SQ,B38M,Boeing 737 MAX 8,9V-MBY,Departed 08:12,2026-08-02 05:56:29
SIN,departures,2026-08-01,07:00,07:59,CZ352,CSN352,CAN,Guangzhou Baiyun International Airport,China Southern Airlines,CZ,A21N,Airbus A321-271N,B-1088,Departed 08:59,2026-08-02 05:56:29
SIN,departures,2026-08-01,07:05,07:39,TR570,TGW570,CEB,Cebu Mactan International Airport,Scoot,TR,A21N,Airbus A321-271NX,9V-NCA,Departed 08:39,2026-08-02 05:56:29
SIN,departures,2026-08-01,07:05,07:35,TR248,TGW248,YIA,Yogyakarta International Airport,Scoot,TR,A21N,Airbus A321-271NX,9V-NCF,Departed 08:35,2026-08-02 05:56:29
SIN,departures,2026-08-01,07:05,07:22,JL712,JAL712,NRT,Tokyo Narita International Airport,Japan Airlines,JL,B763,Boeing 767-346(ER),JA618J,Departed 08:22,2026-08-02 05:56:29
SIN,departures,2026-08-01,07:10,07:32,SQ600,SIA600,ICN,Seoul Incheon International Airport,Singapore Airlines,SQ,B78X,Boeing 787-10 Dreamliner,9V-SCD,Departed 08:32,2026-08-02 05:56:29
SIN,departures,2026-08-01,07:20,07:44,TR624,TGW624,BKK,Bangkok Suvarnabhumi Airport,Scoot,TR,B788,Boeing 787-8 Dreamliner,9V-OFE,Departed 08:44,2026-08-02 05:56:29
SIN,departures,2026-08-01,07:20,07:56,TR296,TGW296,SUB,Surabaya Juanda International Airport,Scoot,TR,A20N,Airbus A320-271N,9V-TNI,Departed 08:56,2026-08-02 05:56:29
SIN,departures,2026-08-01,07:20,07:41,SQ936,SIA936,DPS,Denpasar Ngurah Rai International Airport,Singapore Airlines,SQ,B78X,Boeing 787-10 Dreamliner,9V-SCJ,Departed 08:41,2026-08-02 05:56:29
SIN,departures,2026-08-01,07:20,07:46,SQ876,SIA876,TPE,Taipei Taoyuan International Airport,Singapore Airlines,SQ,B78X,Boeing 787-10 Dreamliner,9V-SCS,Departed 08:46,2026-08-02 05:56:29
SIN,departures,2026-08-01,07:20,07:50,SQ277,SIA277,ADL,Adelaide Airport,Singapore Airlines,SQ,B78X,Boeing 787-10 Dreamliner,9V-SCZ,Departed 08:50,2026-08-02 05:56:29
SIN,departures,2026-08-01,07:25,07:48,SQ164,SIA164,SAI,Siem Reap Angkor International Airport,Singapore Airlines,SQ,B38M,Boeing 737 MAX 8,9V-MBT,Departed 08:48,2026-08-02 05:56:29
SIN,departures,2026-08-01,07:25,07:42,SQ106,SIA106,KUL,Kuala Lumpur International Airport,Singapore Airlines,SQ,A359,Airbus A350-941,9V-SMR,Departed 08:42,2026-08-02 05:56:29
SIN,departures,2026-08-01,07:25,08:16,AI2381,AIC2381,DEL,Delhi Indira Gandhi International Airport,Air India,AI,A20N,Airbus A320-251N,VT-TQJ,Departed 09:16,2026-08-02 05:56:29
SIN,departures,2026-08-01,07:30,07:52,SQ518,SIA518,HYD,Hyderabad Rajiv Gandhi International Airport,Singapore Airlines,SQ,B38M,Boeing 737 MAX 8,9V-MBQ,Departed 08:52,2026-08-02 05:56:29
SIN,departures,2026-08-01,07:30,07:57,SQ253,SIA253,DRW,Darwin International Airport,Singapore Airlines,SQ,B38M,Boeing 737 MAX 8,9V-MBS,Departed 08:57,2026-08-02 05:56:29
SIN,departures,2026-08-01,07:35,08:07,NZ281,ANZ281,AKL,Auckland Airport,Air New Zealand,NZ,B77W,Boeing 777-319(ER),ZK-OKO,Departed 09:07,2026-08-02 05:56:29
SIN,departures,2026-08-01,07:40,08:00,TR426,TGW426,PEN,Penang International Airport,Scoot,TR,A21N,Airbus A321-271NX,9V-NCB,Departed 09:00,2026-08-02 05:56:29
SIN,departures,2026-08-01,07:40,08:02,SQ882,SIA882,HKG,Hong Kong International Airport,Singapore Airlines,SQ,A359,Airbus A350-941,9V-SHS,Departed 09:02,2026-08-02 05:56:29
SIN,departures,2026-08-01,07:40,08:05,SQ620,SIA620,KIX,Osaka Kansai International Airport,Singapore Airlines,SQ,B78X,Boeing 787-10 Dreamliner,9V-SCY,Departed 09:05,2026-08-02 05:56:29
SIN,departures,2026-08-01,07:40,08:03,SQ508,SIA508,BLR,Bengaluru Kempegowda International Airport,Singapore Airlines,SQ,A359,Airbus A350-941,9V-SHK,Departed 09:03,2026-08-02 05:56:29
SIN,departures,2026-08-01,07:45,08:12,UA2,UAL2,SFO,San Francisco International Airport,United Airlines,UA,B789,Boeing 787-9 Dreamliner,N61106,Departed 09:12,2026-08-02 05:56:29
SIN,departures,2026-08-01,07:45,08:09,TR490,TGW490,BKI,Kota Kinabalu International Airport,Scoot,TR,A21N,Airbus A321-271NX,9V-NCC,Departed 09:09,2026-08-02 05:56:29
SIN,departures,2026-08-01,07:45,08:21,AI2106,AIC2106,BOM,Mumbai Chhatrapati Shivaji International Airport,Air India,AI,A21N,Airbus A321-251NX,VT-TVB,Departed 09:21,2026-08-02 05:56:29
SIN,departures,2026-08-01,07:50,08:14,SQ910,SIA910,MNL,Manila Ninoy Aquino International Airport,Singapore Airlines,SQ,A359,Airbus A350-941,9V-SMM,Departed 09:14,2026-08-02 05:56:29
SIN,departures,2026-08-01,07:55,08:11,MF886,CXA886,XMN,Xiamen Gaoqi International Airport,Xiamen Air,MF,B738,Boeing 737-85C,B-5789,Departed 09:11,2026-08-02 05:56:29
SIN,departures,2026-08-01,08:00,08:18,TR114,TGW114,NNG,Nanning Wuxu International Airport,Scoot,TR,A20N,Airbus A320-271N,9V-TNG,Departed 09:18,2026-08-02 05:56:29
SIN,departures,2026-08-01,08:00,08:23,SQ308,SIA308,LHR,London Heathrow Airport,Singapore Airlines,SQ,A388,Airbus A380-841,9V-SKY,Departed 09:23,2026-08-02 05:56:29
SIN,departures,2026-08-01,08:00,08:26,SQ192,SIA192,HAN,Hanoi Noi Bai International Airport,Singapore Airlines,SQ,A359,Airbus A350-941,9V-SHA,Departed 09:26,2026-08-02 05:56:29
SIN,departures,2026-08-01,08:00,08:20,SQ148,SIA148,BWN,Brunei International Airport,Singapore Airlines,SQ,B38M,Boeing 737 MAX 8,9V-MBE,Departed 09:20,2026-08-02 05:56:29
SIN,departures,2026-08-01,08:00,08:27,SQ28,SIA28,SEA,Seattle Tacoma International Airport,Singapore Airlines,SQ,A359,Airbus A350-941,9V-SJG,Departed 09:27,2026-08-02 05:56:29
SIN,departures,2026-08-01,08:00,08:28,CA976,CCA976,PEK,Beijing Capital International Airport,Air China,CA,A333,Airbus A330-343,B-6513,Departed 09:28,2026-08-02 05:56:29
SIN,departures,2026-08-01,08:05,08:32,SQ956,SIA956,CGK,Jakarta Soekarno Hatta International Airport,Singapore Airlines,SQ,A359,Airbus A350-941,9V-SMA,Departed 09:32,2026-08-02 05:56:29
SIN,departures,2026-08-01,08:05,08:43,SQ32,SIA32,SFO,San Francisco International Airport,Singapore Airlines,SQ,A359,Airbus A350-941,9V-SJI,Departed 09:43,2026-08-02 05:56:29
SIN,departures,2026-08-01,08:10,08:30,SQ108,SIA108,KUL,Kuala Lumpur International Airport,Singapore Airlines,SQ,B38M,Boeing 737 MAX 8,9V-MBI,Departed 09:30,2026-08-02 05:56:29
SIN,departures,2026-08-01,08:10,08:39,AK702,AXM702,KUL,Kuala Lumpur International Airport,AirAsia,AK,A320,Airbus A320-214,9M-AHV,Departed 09:39,2026-08-02 05:56:29
SIN,departures,2026-08-01,08:15,08:36,TR696,TGW696,CNX,Chiang Mai International Airport,Scoot,TR,A20N,Airbus A320-271N,9V-TNK,Departed 09:36,2026-08-02 05:56:29
SIN,departures,2026-08-01,08:15,08:34,SQ938,SIA938,DPS,Denpasar Ngurah Rai International Airport,Singapore Airlines,SQ,B78X,Boeing 787-10 Dreamliner,9V-SCM,Departed 09:34,2026-08-02 05:56:29
SIN,departures,2026-08-01,08:15,08:37,SQ172,SIA172,DAD,Da Nang International Airport,Singapore Airlines,SQ,B38M,Boeing 737 MAX 8,9V-MBR,Departed 09:37,2026-08-02 05:56:29
SIN,departures,2026-08-01,08:20,08:40,TR660,TGW660,USM,Koh Samui Airport,Scoot,TR,E290,Embraer E190-E2,9V-THD,Departed 09:40,2026-08-02 05:56:29
SIN,departures,2026-08-01,08:20,08:42,TR450,TGW450,KUL,Kuala Lumpur International Airport,Scoot,TR,A320,Airbus A320-232,9V-TRO,Departed 09:42,2026-08-02 05:56:29
SIN,departures,2026-08-01,08:25,08:59,SQ12,SIA12,NRT,Tokyo Narita International Airport,Singapore Airlines,SQ,B77W,Boeing 777-312(ER),9V-SWQ,Departed 09:59,2026-08-02 05:56:29
SIN,departures,2026-08-01,08:30,08:46,TR874,TGW874,TPE,Taipei Taoyuan International Airport,Scoot,TR,B789,Boeing 787-9 Dreamliner,9V-OJK,Departed 09:46,2026-08-02 05:56:29
SIN,departures,2026-08-01,08:30,08:55,SQ830,SIA830,PVG,Shanghai Pudong International Airport,Singapore Airlines,SQ,A388,Airbus A380-841,9V-SKM,Departed 09:55,2026-08-02 05:56:29
SIN,departures,2026-08-01,08:30,09:02,SQ462,SIA462,CMB,Colombo Bandaranaike International Airport,Singapore Airlines,SQ,B38M,Boeing 737 MAX 8,9V-MBF,Departed 10:02,2026-08-02 05:56:29
SIN,departures,2026-08-01,08:30,08:48,SQ223,SIA223,PER,Perth Airport,Singapore Airlines,SQ,A359,Airbus A350-941,9V-SHU,Departed 09:48,2026-08-02 05:56:29
SIN,departures,2026-08-01,08:35,08:57,SQ211,SIA211,SYD,Sydney Kingsford Smith Airport,Singapore Airlines,SQ,B77W,Boeing 777-312(ER),9V-SWS,Departed 09:57,2026-08-02 05:56:29
SIN,departures,2026-08-01,08:35,08:50,SQ134,SIA134,PEN,Penang International Airport,Singapore Airlines,SQ,B38M,Boeing 737 MAX 8,9V-MBN,Departed 09:50,2026-08-02 05:56:29
SIN,departures,2026-08-01,08:35,09:05,GA843,GIA843,DPS,Denpasar Ngurah Rai International Airport,Garuda Indonesia,GA,B738,Boeing 737-8U3,PK-GFV,Departed 10:05,2026-08-02 05:56:29
SIN,departures,2026-08-01,08:35,08:51,GA825,GIA825,CGK,Jakarta Soekarno Hatta International Airport,Garuda Indonesia,GA,B738,Boeing 737-8U3,PK-GMI,Departed 09:51,2026-08-02 05:56:29
SIN,departures,2026-08-01,08:40,08:54,SQ178,SIA178,SGN,Ho Chi Minh City International Airport,Singapore Airlines,SQ,B78X,Boeing 787-10 Dreamliner,9V-SCR,Departed 09:54,2026-08-02 05:56:29
SIN,departures,2026-08-01,08:45,09:10,UL307,ALK307,CMB,Colombo Bandaranaike International Airport,SriLankan Airlines,UL,A320,Airbus A320-232,4R-ABL,Departed 10:10,2026-08-02 05:56:29
SIN,departures,2026-08-01,08:45,09:08,TR14,TGW14,SYD,Sydney Kingsford Smith Airport,Scoot,TR,B788,Boeing 787-8 Dreamliner,9V-OFM,Departed 10:08,2026-08-02 05:56:29
SIN,departures,2026-08-01,08:45,09:06,SQ728,SIA728,HKT,Phuket International Airport,Singapore Airlines,SQ,B38M,Boeing 737 MAX 8,9V-MBH,Departed 10:06,2026-08-02 05:56:29
SIN,departures,2026-08-01,08:45,09:19,CX658,CPA658,HKG,Hong Kong International Airport,Cathay Pacific,CX,A333,Airbus A330-342,B-LAJ,Departed 10:19,2026-08-02 05:56:29
SIN,departures,2026-08-01,08:50,09:18,SQ892,SIA892,HKG,Hong Kong International Airport,Singapore Airlines,SQ,B77W,Boeing 777-312(ER),9V-SWG,Departed 10:18,2026-08-02 05:56:29
SIN,departures,2026-08-01,08:55,09:26,SQ245,SIA245,BNE,Brisbane Airport,Singapore Airlines,SQ,A359,Airbus A350-941,9V-SHG,Departed 10:26,2026-08-02 05:56:29
SIN,departures,2026-08-01,08:55,09:03,MH604,MAS604,KUL,Kuala Lumpur International Airport,Malaysia Airlines,MH,B38M,Boeing 737 MAX 8,9M-MVG,Departed 10:03,2026-08-02 05:56:29
SIN,departures,2026-08-01,09:00,09:17,TR550,TGW550,VTE,Vientiane Wattay International Airport,Scoot,TR,E290,Embraer E190-E2,9V-THG,Departed 10:17,2026-08-02 05:56:29
SIN,departures,2026-08-01,09:00,09:15,TR276,TGW276,CGK,Jakarta Soekarno Hatta International Airport,Scoot,TR,A20N,Airbus A320-271N,9V-TNF,Departed 10:15,2026-08-02 05:56:29
SIN,departures,2026-08-01,09:05,09:23,PR502,PAL502,MNL,Manila Ninoy Aquino International Airport,Philippine Airlines,PR,A321,Airbus A321-231,RP-C9929,Departed 10:23,2026-08-02 05:56:29
SIN,departures,2026-08-01,09:10,09:22,QG523,CTV523,CGK,Jakarta Soekarno Hatta International Airport,Citilink,QG,A320,Airbus A320-214,PK-GQQ,Departed 10:22,2026-08-02 05:56:29
SIN,departures,2026-08-01,09:10,09:32,MU546,CES546,PVG,Shanghai Pudong International Airport,China Eastern Airlines,MU,B77W,Boeing 777-39P(ER),B-2025,Departed 10:32,2026-08-02 05:56:29
SIN,departures,2026-08-01,09:15,09:35,TR288,TGW288,DPS,Denpasar Ngurah Rai International Airport,Scoot,TR,B789,Boeing 787-9 Dreamliner,9V-OJE,Departed 10:35,2026-08-02 05:56:29
SIN,departures,2026-08-01,09:15,09:29,TR256,TGW256,PKU,Pekanbaru Sultan Syarif Kasim II Airport,Scoot,TR,E290,Embraer E190-E2,9V-THJ,Departed 10:29,2026-08-02 05:56:29
SIN,departures,2026-08-01,09:20,09:30,SQ432,SIA432,MLE,Male Velana International Airport,Singapore Airlines,SQ,A359,Airbus A350-941,9V-SMP,Departed 10:30,2026-08-02 05:56:29
SIN,departures,2026-08-01,09:20,09:44,OD802,MXD802,KUL,Kuala Lumpur International Airport,Batik Air,ID,B738,Boeing 737-8GP,9M-LDD,Departed 10:44,2026-08-02 05:56:29
SIN,departures,2026-08-01,09:20,09:25,AK704,AXM704,KUL,Kuala Lumpur International Airport,AirAsia,AK,A21N,Airbus A321-251NX,9M-VAC,Departed 10:25,2026-08-02 05:56:29
SIN,departures,2026-08-01,09:25,10:03,TK168,THY168,MEL,Melbourne Airport,Turkish Airlines,TK,A359,Airbus A350-941,TC-LGG,Departed 11:03,2026-08-02 05:56:29
SIN,departures,2026-08-01,09:30,09:46,TR180,TGW180,NKG,Nanjing Lukou International Airport,Scoot,TR,B788,Boeing 787-8 Dreamliner,9V-OFA,Departed 10:46,2026-08-02 05:56:29
SIN,departures,2026-08-01,09:30,09:42,AI2119,AIC2119,DEL,Delhi Indira Gandhi International Airport,Air India,AI,A20N,Airbus A320-251N,VT-RTS,Departed 10:42,2026-08-02 05:56:29
SIN,departures,2026-08-01,09:35,09:59,EK315,UAE315,DXB,Dubai International Airport,Emirates,EK,B77W,Boeing 777-31H(ER),A6-EGR,Departed 10:59,2026-08-02 05:56:29
SIN,departures,2026-08-01,09:45,10:17,6E1340,IGO1340,BOM,Mumbai Chhatrapati Shivaji International Airport,IndiGo,6E,A21N,Airbus A321-251NX,VT-NHB,Departed 11:17,2026-08-02 05:56:29
SIN,departures,2026-08-01,09:50,10:01,SQ722,SIA722,BKK,Bangkok Suvarnabhumi Airport,Singapore Airlines,SQ,A359,Airbus A350-941,9V-SHQ,Departed 11:01,2026-08-02 05:56:29
SIN,departures,2026-08-01,09:50,10:16,5J818,CEB818,MNL,Manila Ninoy Aquino International Airport,Cebu Pacific,5J,A21N,Airbus A321-271NX,RP-C4119,Departed 11:16,2026-08-02 05:56:29
SIN,departures,2026-08-01,09:55,10:24,8B552,TNU552,DPS,Denpasar Ngurah Rai International Airport,TransNusa,8B,A320,Airbus A320-214,PK-TLA,Departed 11:24,2026-08-02 05:56:29
SIN,departures,2026-08-01,10:00,10:33,3Y935,MYU935,SRG,Semarang Achmad Yani International Airport,My Indo Airlines,3Y,B734,Boeing 737-4Q8(SF),PK-MYN,Departed 11:33,2026-08-02 05:56:29
SIN,departures,2026-08-01,10:00,10:12,SQ900,SIA900,CEB,Cebu Mactan International Airport,Singapore Airlines,SQ,B38M,Boeing 737 MAX 8,9V-MBC,Departed 11:12,2026-08-02 05:56:29
SIN,departures,2026-08-01,10:05,10:14,TR38,TGW38,MEL,Melbourne Airport,Scoot,TR,B789,Boeing 787-9 Dreamliner,9V-OJA,Departed 11:14,2026-08-02 05:56:29
SIN,departures,2026-08-01,10:05,10:39,NH842,ANA842,HND,Tokyo Haneda International Airport,All Nippon Airways,NH,B78X,Boeing 787-10 Dreamliner,JA900A,Departed 11:39,2026-08-02 05:56:29
SIN,departures,2026-08-01,10:05,10:10,MH614,MAS614,KUL,Kuala Lumpur International Airport,Malaysia Airlines,MH,B738,Boeing 737-8H6,9M-MXQ,Departed 11:10,2026-08-02 05:56:29
SIN,departures,2026-08-01,10:10,10:31,6E1026,IGO1026,MAA,Chennai International Airport,IndiGo,6E,A21N,Airbus A321-252NX,VT-NCL,Departed 11:31,2026-08-02 05:56:29
SIN,departures,2026-08-01,10:10,10:59,TK209,THY209,IST,Istanbul Airport,Turkish Airlines,TK,A359,Airbus A350-941,TC-LGP,Departed 11:59,2026-08-02 05:56:29
SIN,departures,2026-08-01,10:10,10:22,SQ334,SIA334,AMS,Amsterdam Schiphol Airport,Singapore Airlines,SQ,A359,Airbus A350-941,9V-SJC,Departed 11:22,2026-08-02 05:56:29
SIN,departures,2026-08-01,10:10,10:21,SQ217,SIA217,MEL,Melbourne Airport,Singapore Airlines,SQ,A359,Airbus A350-941,9V-SHJ,Departed 11:21,2026-08-02 05:56:29
SIN,departures,2026-08-01,10:10,10:19,IP989,PAS989,CGK,Jakarta Soekarno Hatta International Airport,Pelita Air,IP,A320,Airbus A320-214,PK-PWE,Departed 11:19,2026-08-02 05:56:29
SIN,departures,2026-08-01,10:15,10:29,VJ970,VJC970,DAD,Da Nang International Airport,VietJet Air,VJ,A321,Airbus A321-211,VN-A683,Departed 11:29,2026-08-02 05:56:29
SIN,departures,2026-08-01,10:15,,SQ7294,,MEL,Melbourne Airport,Singapore Airlines,SQ,74Y,,,Canceled,2026-08-02 05:56:29
SIN,departures,2026-08-01,10:25,10:27,TR340,TGW340,PNK,Pontianak Supadio Airport,Scoot,TR,E290,Embraer E190-E2,9V-THB,Departed 11:27,2026-08-02 05:56:29
SIN,departures,2026-08-01,10:25,10:26,AK1720,AXM1720,PEN,Penang International Airport,AirAsia,AK,A320,Airbus A320-216,9M-AJN,Departed 11:26,2026-08-02 05:56:29
SIN,departures,2026-08-01,10:30,10:45,ID7154,BTK7154,CGK,Jakarta Soekarno Hatta International Airport,Batik Air,ID,A320,Airbus A320-232,PK-BLA,Departed 11:45,2026-08-02 05:56:29
SIN,departures,2026-08-01,10:40,10:53,TR226,TGW226,PDG,Padang Minangkabau International Airport,Scoot,TR,A20N,Airbus A320-271N,9V-TNM,Departed 11:53,2026-08-02 05:56:26
SIN,departures,2026-08-01,10:40,11:09,IX689,AXB689,TRZ,Tiruchirappalli International Airport,Air India Express (Ellora-Ajanta Caves Livery),IX,B738,Boeing 737-8HG,VT-AYA,Departed 12:09,2026-08-02 05:56:29
SIN,departures,2026-08-01,10:45,10:55,8B152,TNU152,CGK,Jakarta Soekarno Hatta International Airport,TransNusa,8B,A321,Airbus A321-211,PK-TLK,Departed 11:55,2026-08-02 05:56:26
SIN,departures,2026-08-01,10:45,11:01,SQ878,SIA878,TPE,Taipei Taoyuan International Airport,Singapore Airlines,SQ,B78X,Boeing 787-10 Dreamliner,9V-SDC,Departed 12:01,2026-08-02 05:56:26
SIN,departures,2026-08-01,10:45,10:46,AK1776,AXM1776,KCH,Kuching International Airport,AirAsia (100th Awesome Plane Livery),AK,A320,Airbus A320-216,9M-AQH,Departed 11:46,2026-08-02 05:56:26
SIN,departures,2026-08-01,10:55,11:03,SQ912,SIA912,MNL,Manila Ninoy Aquino International Airport,Singapore Airlines,SQ,B38M,Boeing 737 MAX 8,9V-MBO,Departed 12:03,2026-08-02 05:56:26
SIN,departures,2026-08-01,11:00,11:41,TR8,TGW8,PER,Perth Airport,Scoot,TR,B788,Boeing 787-8 Dreamliner,9V-OFD,Departed 12:41,2026-08-02 05:56:26
SIN,departures,2026-08-01,11:05,11:31,TR474,TGW474,SZB,Kuala Lumpur Subang Airport,Scoot,TR,A20N,Airbus A320-271N,9V-TNL,Departed 12:31,2026-08-02 05:56:26
SIN,departures,2026-08-01,11:05,11:05,HU748,CHH748,HAK,Haikou Meilan International Airport,Hainan Airlines,HU,B738,Boeing 737-84P,B-5337,Departed 12:05,2026-08-02 05:56:26
SIN,departures,2026-08-01,11:10,11:46,TR644,TGW644,HKT,Phuket International Airport,Scoot,TR,A21N,Airbus A321-271NX,9V-NCM,Departed 12:46,2026-08-02 05:56:26
SIN,departures,2026-08-01,11:10,11:22,SQ196,SIA196,HAN,Hanoi Noi Bai International Airport,Singapore Airlines,SQ,B38M,Boeing 737 MAX 8,9V-MBJ,Departed 12:22,2026-08-02 05:56:26
SIN,departures,2026-08-01,11:10,11:30,SQ24,SIA24,JFK,New York John F. Kennedy International Airport,Singapore Airlines,SQ,A359,Airbus A350-941,9V-SGD,Departed 12:30,2026-08-02 05:56:26
SIN,departures,2026-08-01,11:10,11:33,SL101,TLM101,DMK,Bangkok Don Mueang International Airport,Thai Lion Air,SL,B738,Boeing 737-8GP,HS-LUJ,Departed 12:33,2026-08-02 05:56:26
SIN,departures,2026-08-01,11:10,11:26,AK706,AXM706,KUL,Kuala Lumpur International Airport,AirAsia,AK,A21N,Airbus A321-251NX,9M-VAD,Departed 12:26,2026-08-02 05:56:26
SIN,departures,2026-08-01,11:10,11:24,BI422,RBA422,BWN,Brunei International Airport,Royal Brunei Airlines,BI,A20N,Airbus A320-251N,V8-RBA,Departed 12:24,2026-08-02 05:56:26
SIN,departures,2026-08-01,11:15,12:06,TR646,TGW646,HDY,Hat Yai International Airport,Scoot,TR,E290,Embraer E190-E2,9V-THA,Departed 13:06,2026-08-02 05:56:26
SIN,departures,2026-08-01,11:15,11:21,MH628,MAS628,KUL,Kuala Lumpur International Airport,Malaysia Airlines,MH,B738,Boeing 737-8H6,9M-MSB,Departed 12:21,2026-08-02 05:56:26
SIN,departures,2026-08-01,11:25,11:43,TR872,TGW872,TPE,Taipei Taoyuan International Airport,Scoot,TR,B789,Boeing 787-9 Dreamliner,9V-OJD,Departed 12:43,2026-08-02 05:56:26
SIN,departures,2026-08-01,11:25,11:48,TG404,THA404,BKK,Bangkok Suvarnabhumi Airport,Thai Airways,TG,A359,Airbus A350-941,HS-THL,Departed 12:48,2026-08-02 05:56:26
SIN,departures,2026-08-01,11:25,11:40,SQ842,SIA842,TFU,Chengdu Tianfu International Airport,Singapore Airlines,SQ,B78X,Boeing 787-10 Dreamliner,9V-SCB,Departed 12:40,2026-08-02 05:56:26
SIN,departures,2026-08-01,11:25,12:38,SQ114,SIA114,KUL,Kuala Lumpur International Airport,Singapore Airlines,SQ,B38M,Boeing 737 MAX 8,9V-MBK,Departed 13:38,2026-08-02 05:56:26
SIN,departures,2026-08-01,11:25,11:50,SQ156,SIA156,KTI,Phnom Penh Techo International Airport,Singapore Airlines,SQ,B38M,Boeing 737 MAX 8,9V-MBG,Departed 12:50,2026-08-02 05:56:26
SIN,departures,2026-08-01,11:25,11:55,GA829,GIA829,CGK,Jakarta Soekarno Hatta International Airport,Garuda Indonesia,GA,B738,Boeing 737-8U3,PK-GFF,Departed 12:55,2026-08-02 05:56:26
SIN,departures,2026-08-01,11:30,11:59,TR420,TGW420,MKZ,Malacca International Airport,Scoot,TR,E290,Embraer E190-E2,9V-THI,Departed 12:59,2026-08-02 05:56:26
SIN,departures,2026-08-01,11:30,11:37,OD804,MXD804,KUL,Kuala Lumpur International Airport,Batik Air,ID,B738,Boeing 737-8GP,9M-LNY,Departed 12:37,2026-08-02 05:56:26
SIN,departures,2026-08-01,11:35,11:47,TR484,TGW484,IPH,Ipoh Sultan Azlan Shah Airport,Scoot,TR,A320,Airbus A320-232,9V-TRS,Departed 12:47,2026-08-02 05:56:26
SIN,departures,2026-08-01,11:35,12:00,TR308,TGW308,CGK,Jakarta Soekarno Hatta International Airport,Scoot,TR,A320,Airbus A320-232,9V-TRT,Departed 13:00,2026-08-02 05:56:26
SIN,departures,2026-08-01,11:35,12:03,SQ958,SIA958,CGK,Jakarta Soekarno Hatta International Airport,Singapore Airlines,SQ,A359,Airbus A350-941,9V-SME,Departed 13:03,2026-08-02 05:56:26
SIN,departures,2026-08-01,11:35,12:02,SQ832,SIA832,PVG,Shanghai Pudong International Airport,Singapore Airlines,SQ,B78X,Boeing 787-10 Dreamliner,9V-SCI,Departed 13:02,2026-08-02 05:56:26
SIN,departures,2026-08-01,11:35,12:12,SQ326,SIA326,FRA,Frankfurt Airport,Singapore Airlines,SQ,A388,Airbus A380-841,9V-SKT,Departed 13:12,2026-08-02 05:56:26
SIN,departures,2026-08-01,11:35,11:56,SQ318,SIA318,LHR,London Heathrow Airport,Singapore Airlines (Star Alliance Livery),SQ,B77W,Boeing 777-312(ER),9V-SWJ,Departed 12:56,2026-08-02 05:56:26
SIN,departures,2026-08-01,11:40,12:07,MU5082,CES5082,KMG,Kunming Changshui International Airport,China Eastern Airlines,MU,B38M,Boeing 737 MAX 8,B-1380,Departed 13:07,2026-08-02 05:56:26
SIN,departures,2026-08-01,11:45,12:22,SQ710,SIA710,BKK,Bangkok Suvarnabhumi Airport,Singapore Airlines (1000th 787 Dreamliner Sticker),SQ,B78X,Boeing 787-10 Dreamliner,9V-SCP,Departed 13:22,2026-08-02 05:56:26
SIN,departures,2026-08-01,11:45,12:08,ID7158,BTK7158,CGK,Jakarta Soekarno Hatta International Airport,Batik Air,ID,A320,Airbus A320-214,PK-BKY,Departed 13:08,2026-08-02 05:56:26
SIN,departures,2026-08-01,11:45,12:40,CX652,CPA652,HKG,Hong Kong International Airport,Cathay Pacific,CX,A359,Airbus A350-941,B-LRA,Departed 13:40,2026-08-02 05:56:26
SIN,departures,2026-08-01,11:50,12:15,TR638,TGW638,BKK,Bangkok Suvarnabhumi Airport,Scoot,TR,A320,Airbus A320-232,9V-TRU,Departed 13:15,2026-08-02 05:56:26
SIN,departures,2026-08-01,11:50,12:19,TK519,THY519,IST,Istanbul Airport,Turkish Airlines,TK,B789,Boeing 787-9 Dreamliner,TC-LLR,Departed 13:19,2026-08-02 05:56:26
SIN,departures,2026-08-01,11:55,02:50,8K801,,BKK,Bangkok Suvarnabhumi Airport,K-Mile Air,8K,B734,Boeing 737-46Q(SF),HS-KMB,Unknown,2026-08-02 05:56:26
SIN,departures,2026-08-01,11:55,12:24,SQ7868,SIA7868,HKG,Hong Kong International Airport,Singapore Airlines Cargo,SQ,B744,Boeing 747-412F(SCD),9V-SFQ,Departed 13:24,2026-08-02 05:56:26
SIN,departures,2026-08-01,12:00,12:16,SQ136,SIA136,PEN,Penang International Airport,Singapore Airlines,SQ,B38M,Boeing 737 MAX 8,9V-MBV,Departed 13:16,2026-08-02 05:56:26
SIN,departures,2026-08-01,12:05,12:27,VN660,HVN660,HAN,Hanoi Noi Bai International Airport,Vietnam Airlines,VN,A321,Airbus A321-231,VN-A608,Departed 13:27,2026-08-02 05:56:26
SIN,departures,2026-08-01,12:05,12:17,VJ984,VJC984,PQC,Phu Quoc International Airport,VietJet Air,VJ,A21N,Airbus A321-271NX,VN-A500,Departed 13:17,2026-08-02 05:56:26
SIN,departures,2026-08-01,12:05,12:30,SQ894,SIA894,HKG,Hong Kong International Airport,Singapore Airlines,SQ,A359,Airbus A350-941,9V-SMR,Departed 13:30,2026-08-02 05:56:26
SIN,departures,2026-08-01,12:10,12:21,VN650,HVN650,SGN,Ho Chi Minh City International Airport,Vietnam Airlines,VN,A321,Airbus A321-231,VN-A338,Departed 13:21,2026-08-02 05:56:26
SIN,departures,2026-08-01,12:10,12:55,BR226,EVA226,TPE,Taipei Taoyuan International Airport,EVA Air (Sanrio Characters Livery),BR,B77W,Boeing 777-36N(ER),B-16722,Departed 13:55,2026-08-02 05:56:26
SIN,departures,2026-08-01,12:10,12:29,AI2116,AIC2116,DEL,Delhi Indira Gandhi International Airport,Air India,AI,A20N,Airbus A320-251N,VT-EXP,Departed 13:29,2026-08-02 05:56:26
SIN,departures,2026-08-01,12:15,12:26,SQ732,SIA732,HKT,Phuket International Airport,Singapore Airlines,SQ,B38M,Boeing 737 MAX 8,9V-MBY,Departed 13:26,2026-08-02 05:56:26
SIN,departures,2026-08-01,12:25,12:43,TR552,TGW552,SGN,Ho Chi Minh City International Airport,Scoot,TR,A21N,Airbus A321-271NX,9V-NCH,Departed 13:43,2026-08-02 05:56:26
SIN,departures,2026-08-01,12:25,12:52,CZ8118,CSN8118,SZX,Shenzhen Bao'an International Airport,China Southern Airlines,CZ,A21N,Airbus A321-253NX,B-30E7,Departed 13:52,2026-08-02 05:56:26
SIN,departures,2026-08-01,12:25,13:26,CX758,CPA758,HKG,Hong Kong International Airport,Cathay Pacific,CX,B77W,Boeing 777-367(ER),B-KQF,Departed 14:26,2026-08-02 05:56:26
SIN,departures,2026-08-01,12:30,19:55,RH372,HKC372,HKG,Hong Kong International Airport,Hong Kong Air Cargo,RH,A332,Airbus A330-243F,B-LNZ,Departed 20:55,2026-08-02 05:56:26
SIN,departures,2026-08-01,12:30,13:01,ZH240,CSZ240,SZX,Shenzhen Bao'an International Airport,Shenzhen Airlines,ZH,B38M,Boeing 737 MAX 8,B-20ES,Departed 14:01,2026-08-02 05:56:26
SIN,departures,2026-08-01,12:30,12:48,SQ916,SIA916,MNL,Manila Ninoy Aquino International Airport,Singapore Airlines,SQ,A359,Airbus A350-941,9V-SHL,Departed 13:48,2026-08-02 05:56:26
SIN,departures,2026-08-01,12:30,12:46,SQ184,SIA184,SGN,Ho Chi Minh City International Airport,Singapore Airlines,SQ,A359,Airbus A350-941,9V-SMB,Departed 13:46,2026-08-02 05:56:26
SIN,departures,2026-08-01,12:35,12:49,SQ338,SIA338,CDG,Paris Charles de Gaulle Airport,"Singapore Airlines (10,000th Airbus Sticker)",SQ,A359,Airbus A350-941,9V-SMF,Departed 13:49,2026-08-02 05:56:26
SIN,departures,2026-08-01,12:35,12:45,AK710,AXM710,KUL,Kuala Lumpur International Airport,AirAsia,AK,A320,Airbus A320-216,9M-AQP,Departed 13:45,2026-08-02 05:56:26
SIN,departures,2026-08-01,12:40,12:59,TR476,TGW476,LGK,Langkawi International Airport,Scoot,TR,A320,Airbus A320-232,9V-TRO,Departed 13:59,2026-08-02 05:56:26
SIN,departures,2026-08-01,12:40,13:16,SQ764,SIA764,RGN,Yangon International Airport,Singapore Airlines,SQ,B38M,Boeing 737 MAX 8,9V-MBW,Departed 14:16,2026-08-02 05:56:26
SIN,departures,2026-08-01,12:40,12:53,MH606,MAS606,KUL,Kuala Lumpur International Airport,Malaysia Airlines,MH,B738,Boeing 737-8H6,9M-MXG,Departed 13:53,2026-08-02 05:56:26
SIN,departures,2026-08-01,12:45,13:13,CZ354,CSN354,CAN,Guangzhou Baiyun International Airport,China Southern Airlines,CZ,A359,Airbus A350-941,B-30AL,Departed 14:13,2026-08-02 05:56:26
SIN,departures,2026-08-01,12:50,13:10,TR904,TGW904,MFM,Macau International Airport,Scoot,TR,A20N,Airbus A320-271N,9V-TNH,Departed 14:10,2026-08-02 05:56:26
SIN,departures,2026-08-01,12:50,13:07,AK1722,AXM1722,PEN,Penang International Airport,AirAsia (WeAreAllChampions Livery),AK,A320,Airbus A320-216,9M-AQF,Departed 14:07,2026-08-02 05:56:26
SIN,departures,2026-08-01,12:50,13:00,8M232,MMA232,RGN,Yangon International Airport,Myanmar Airways International,8M,A320,Airbus A320-214,XY-ALT,Departed 14:00,2026-08-02 05:56:26
SIN,departures,2026-08-01,12:55,13:08,SQ634,SIA634,HND,Tokyo Haneda International Airport,Singapore Airlines,SQ,B78X,Boeing 787-10 Dreamliner,9V-SCL,Departed 14:08,2026-08-02 05:56:26
SIN,departures,2026-08-01,12:55,13:34,CI754,CAL754,TPE,Taipei Taoyuan International Airport,China Airlines,CI,A359,Airbus A350-941,B-18919,Departed 14:34,2026-08-02 05:56:26
SIN,departures,2026-08-01,13:00,13:28,TR600,TGW600,BKK,Bangkok Suvarnabhumi Airport,Scoot,TR,A20N,Airbus A320-271N,9V-TNJ,Departed 14:28,2026-08-02 05:56:26
SIN,departures,2026-08-01,13:00,13:43,TR242,TGW242,DPS,Denpasar Ngurah Rai International Airport,Scoot,TR,A21N,Airbus A321-271NX,9V-NCL,Departed 14:43,2026-08-02 05:56:26
SIN,departures,2026-08-01,13:00,13:17,TR258,TGW258,LOP,Lombok International Airport,Scoot,TR,E290,Embraer E190-E2,9V-THJ,Departed 14:17,2026-08-02 05:56:26
SIN,departures,2026-08-01,13:00,13:19,SQ174,SIA174,DAD,Da Nang International Airport,Singapore Airlines,SQ,B38M,Boeing 737 MAX 8,9V-MBB,Departed 14:19,2026-08-02 05:56:26
SIN,departures,2026-08-01,13:00,13:32,MF8740,CXA8740,CSX,Changsha Huanghua International Airport,Xiamen Air,MF,B738,Boeing 737-85C,B-6490,Departed 14:32,2026-08-02 05:56:26
SIN,departures,2026-08-01,13:10,14:15,7L632,AZG632,GYD,Baku Heydar Aliyev International Airport,Silk Way West Airlines,7L,B744,Boeing 747-4R7F,4K-SW888,Departed 15:15,2026-08-02 05:56:26
SIN,departures,2026-08-01,13:10,13:35,JX772,SJX772,TPE,Taipei Taoyuan International Airport,STARLUX,JX,A359,Airbus A350-941,B-58502,Departed 14:35,2026-08-02 05:56:26
SIN,departures,2026-08-01,13:10,13:48,AK712,AXM712,KUL,Kuala Lumpur International Airport,AirAsia,AK,A320,Airbus A320-216,9M-RAO,Departed 14:48,2026-08-02 05:56:26
SIN,departures,2026-08-01,13:15,13:20,8B554,TNU554,DPS,Denpasar Ngurah Rai International Airport,TransNusa,8B,A320,Airbus A320-214,PK-TLO,Departed 14:20,2026-08-02 05:56:26
SIN,departures,2026-08-01,13:15,13:41,MU2070,CES2070,XIY,Xi'an Xianyang International Airport,China Eastern Airlines,MU,A20N,Airbus A320-251N,B-325T,Departed 14:41,2026-08-02 05:56:26
SIN,departures,2026-08-01,13:20,13:38,SQ926,SIA926,SUB,Surabaya Juanda International Airport,Singapore Airlines,SQ,B38M,Boeing 737 MAX 8,9V-MBA,Departed 14:38,2026-08-02 05:56:26
SIN,departures,2026-08-01,13:20,13:29,9G720,SPQ720,PQC,Phu Quoc International Airport,Sun PhuQuoc Airways,9G,A21N,Airbus A321-251NX,VN-A285,Departed 14:29,2026-08-02 05:56:26
SIN,departures,2026-08-01,13:25,13:59,TR128,TGW128,SWA,Jieyang Chaoshan International Airport,Scoot,TR,A21N,Airbus A321-271NX,9V-NCE,Departed 14:59,2026-08-02 05:56:26
SIN,departures,2026-08-01,13:30,13:57,TR674,TGW674,CNX,Chiang Mai International Airport,Scoot,TR,A21N,Airbus A321-271NX,9V-NCB,Departed 14:57,2026-08-02 05:56:26
SIN,departures,2026-08-01,13:30,13:50,SQ116,SIA116,KUL,Kuala Lumpur International Airport,Singapore Airlines,SQ,B38M,Boeing 737 MAX 8,9V-MBI,Departed 14:50,2026-08-02 05:56:26
SIN,departures,2026-08-01,13:30,13:54,PR508,PAL508,MNL,Manila Ninoy Aquino International Airport,Philippine Airlines,PR,A21N,Airbus A321-271N,RP-C9934,Departed 14:54,2026-08-02 05:56:26
SIN,departures,2026-08-01,13:40,16:03,TR590,TGW590,MNL,Manila Ninoy Aquino International Airport,Scoot,TR,A21N,Airbus A321-271NX,9V-NCI,Departed 17:03,2026-08-02 05:56:26
SIN,departures,2026-08-01,13:40,14:03,FD356,AIQ356,DMK,Bangkok Don Mueang International Airport,AirAsia,AK,A21N,Airbus A321-251NX,HS-EAC,Departed 15:03,2026-08-02 05:56:26
SIN,departures,2026-08-01,13:45,14:00,TR244,TGW244,KNO,Medan Kuala Namu International Airport,Scoot,TR,A320,Airbus A320-232,9V-TRV,Departed 15:00,2026-08-02 05:56:26
SIN,departures,2026-08-01,13:45,13:56,ID7156,BTK7156,CGK,Jakarta Soekarno Hatta International Airport,Batik Air,ID,B738,Boeing 737-8GP,PK-LZV,Departed 14:56,2026-08-02 05:56:26
SIN,departures,2026-08-01,13:50,14:12,MF8704,CXA8704,HGH,Hangzhou Xiaoshan International Airport,Xiamen Air,MF,B738,Boeing 737-86N,B-5386,Departed 15:12,2026-08-02 05:56:26
SIN,departures,2026-08-01,13:55,14:30,VJ916,VJC916,HAN,Hanoi Noi Bai International Airport,VietJet Air,VJ,A321,Airbus A321-211,VN-A673,Departed 15:30,2026-08-02 05:56:26
SIN,departures,2026-08-01,13:55,14:10,TR424,TGW424,PEN,Penang International Airport,Scoot,TR,A21N,Airbus A321-271NX,9V-NCK,Departed 15:10,2026-08-02 05:56:26
SIN,departures,2026-08-01,13:55,14:13,SQ606,SIA606,ICN,Seoul Incheon International Airport,Singapore Airlines,SQ,A359,Airbus A350-941,9V-SHH,Departed 15:13,2026-08-02 05:56:26
SIN,departures,2026-08-01,14:00,,TK6270,,BKK,Bangkok Suvarnabhumi Airport,Turkish Airlines,TK,77X,,,Unknown,2026-08-02 05:56:26
SIN,departures,2026-08-01,14:00,14:18,SQ194,SIA194,HAN,Hanoi Noi Bai International Airport,Singapore Airlines,SQ,B38M,Boeing 737 MAX 8,9V-MBT,Departed 15:18,2026-08-02 05:56:26
SIN,departures,2026-08-01,14:00,14:05,CA490,CCA490,CKG,Chongqing Jiangbei International Airport,Air China,CA,B38M,Boeing 737 MAX 8,B-1180,Departed 15:05,2026-08-02 05:56:26
SIN,departures,2026-08-01,14:05,14:59,MF866,CXA866,FOC,Fuzhou Changle International Airport,Xiamen Air,MF,B38M,Boeing 737 MAX 8,B-227C,Departed 15:59,2026-08-02 05:56:26
SIN,departures,2026-08-01,14:10,14:32,SQ960,SIA960,CGK,Jakarta Soekarno Hatta International Airport,Singapore Airlines,SQ,A359,Airbus A350-941,9V-SHT,Departed 15:32,2026-08-02 05:56:26
SIN,departures,2026-08-01,14:15,14:49,MF852,CXA852,XMN,Xiamen Gaoqi International Airport,Xiamen Air,MF,B738,Boeing 737-85C,B-6483,Departed 15:49,2026-08-02 05:56:26
SIN,departures,2026-08-01,14:20,14:38,BR216,EVA216,TPE,Taipei Taoyuan International Airport,EVA Air,BR,B77W,Boeing 777-35E(ER),B-16706,Departed 15:38,2026-08-02 05:56:26
SIN,departures,2026-08-01,14:20,14:26,AK1774,AXM1774,KCH,Kuching International Airport,AirAsia (❤️ Singapore Livery),AK,A320,Airbus A320-216,9M-AHZ,Departed 15:26,2026-08-02 05:56:26
SIN,departures,2026-08-01,14:25,15:12,VJ882,VJC882,SGN,Ho Chi Minh City International Airport,VietJet Air,VJ,A321,Airbus A321-211,VN-A642,Departed 16:12,2026-08-02 05:56:26
SIN,departures,2026-08-01,14:25,14:44,TR486,TGW486,IPH,Ipoh Sultan Azlan Shah Airport,Scoot,TR,A20N,Airbus A320-271N,9V-TNI,Departed 15:44,2026-08-02 05:56:26
SIN,departures,2026-08-01,14:25,14:40,BS310,UBG310,DAC,Dhaka Shahjalal International Airport,US-Bangla Airlines,BS,B738,Boeing 737-8AL,S2-AJG,Departed 15:40,2026-08-02 05:56:26
SIN,departures,2026-08-01,14:25,,BR6044,,TPE,Taipei Taoyuan International Airport,EVA Air,BR,77X,,,Unknown,2026-08-02 05:56:26
SIN,departures,2026-08-01,14:30,14:36,8B154,TNU154,CGK,Jakarta Soekarno Hatta International Airport,TransNusa,8B,A320,Airbus A320-214,PK-TLC,Departed 15:36,2026-08-02 05:56:22
SIN,departures,2026-08-01,14:35,14:43,MH624,MAS624,KUL,Kuala Lumpur International Airport,Malaysia Airlines,MH,B738,Boeing 737-8H6,9M-MXM,Departed 15:43,2026-08-02 05:56:22
SIN,departures,2026-08-01,14:40,14:54,TR684,TGW684,KBV,Krabi Airport,Scoot,TR,E290,Embraer E190-E2,9V-THB,Departed 15:54,2026-08-02 05:56:22
SIN,departures,2026-08-01,14:40,15:49,TR518,TGW518,DAD,Da Nang International Airport,Scoot,TR,A21N,Airbus A321-271NX,9V-NCC,Departed 16:49,2026-08-02 05:56:22
SIN,departures,2026-08-01,14:40,16:26,EK348,UAE348,KTI,Phnom Penh Techo International Airport,Emirates,EK,B77W,Boeing 777-31H(ER),A6-ECJ,Departed 17:26,2026-08-02 05:56:22
SIN,departures,2026-08-01,14:45,15:20,SQ712,SIA712,BKK,Bangkok Suvarnabhumi Airport,Singapore Airlines,SQ,B78X,Boeing 787-10 Dreamliner,9V-SCK,Departed 16:20,2026-08-02 05:56:22
SIN,departures,2026-08-01,14:45,15:24,GJ8058,CDC8058,HGH,Hangzhou Xiaoshan International Airport,Loong Air,GJ,A20N,Airbus A320-251N,B-1078,Departed 16:24,2026-08-02 05:56:22
SIN,departures,2026-08-01,14:45,15:10,GA833,GIA833,CGK,Jakarta Soekarno Hatta International Airport,Garuda Indonesia,GA,B738,Boeing 737-8U3,PK-GMI,Departed 16:10,2026-08-02 05:56:22
SIN,departures,2026-08-01,14:50,16:20,VN662,HVN662,HAN,Hanoi Noi Bai International Airport,Vietnam Airlines,VN,A21N,Airbus A321-272N,VN-A505,Departed 17:20,2026-08-02 05:56:22
SIN,departures,2026-08-01,14:50,15:44,ET638,ETH638,KUL,Kuala Lumpur International Airport,Ethiopian Airlines,ET,A359,Airbus A350-941,ET-AYA,Departed 16:44,2026-08-02 05:56:22
SIN,departures,2026-08-01,14:50,15:22,BG585,BBC585,DAC,Dhaka Shahjalal International Airport,Biman Bangladesh Airlines,BG,B738,Boeing 737-8E9,S2-AHO,Departed 16:22,2026-08-02 05:56:22
SIN,departures,2026-08-01,14:55,15:37,TG414,THA414,BKK,Bangkok Suvarnabhumi Airport,Thai Airways,TG,A21N,Airbus A321-251NX,HS-TOF,Departed 16:37,2026-08-02 05:56:22
SIN,departures,2026-08-01,14:55,15:05,SQ138,SIA138,PEN,Penang International Airport,Singapore Airlines,SQ,B38M,Boeing 737 MAX 8,9V-MBE,Departed 16:05,2026-08-02 05:56:22
SIN,departures,2026-08-01,15:00,15:42,TR516,TGW516,SGN,Ho Chi Minh City International Airport,Scoot,TR,A20N,Airbus A320-271N,9V-TNF,Departed 16:42,2026-08-02 05:56:22
SIN,departures,2026-08-01,15:00,15:17,TR472,TGW472,KUL,Kuala Lumpur International Airport,Scoot,TR,A20N,Airbus A320-271N,9V-TNE,Departed 16:17,2026-08-02 05:56:22
SIN,departures,2026-08-01,15:00,16:14,TR282,TGW282,DPS,Denpasar Ngurah Rai International Airport,Scoot,TR,B789,Boeing 787-9 Dreamliner,9V-OJG,Departed 17:14,2026-08-02 05:56:22
SIN,departures,2026-08-01,15:00,15:18,CA404,CCA404,TFU,Chengdu Tianfu International Airport,Air China,CA,A21N,Airbus A321-252NX,B-32NV,Departed 16:18,2026-08-02 05:56:22
SIN,departures,2026-08-01,15:05,15:46,CX734,CPA734,HKG,Hong Kong International Airport,Cathay Pacific,CX,A359,Airbus A350-941,B-LRU,Departed 16:46,2026-08-02 05:56:22
SIN,departures,2026-08-01,15:10,15:35,SQ944,SIA944,DPS,Denpasar Ngurah Rai International Airport,Singapore Airlines,SQ,B78X,Boeing 787-10 Dreamliner,9V-SCF,Departed 16:35,2026-08-02 05:56:22
SIN,departures,2026-08-01,15:10,15:40,HO1602,DKH1602,PVG,Shanghai Pudong International Airport,Juneyao Air (Colorful Petals Livery),HO,A21N,Airbus A321-271NX,B-30EQ,Departed 16:40,2026-08-02 05:56:22
SIN,departures,2026-08-01,15:10,15:25,AK714,AXM714,KUL,Kuala Lumpur International Airport,AirAsia,AK,A20N,Airbus A320-251N,9M-AGQ,Departed 16:25,2026-08-02 05:56:22
SIN,departures,2026-08-01,15:15,16:25,TR610,TGW610,BKK,Bangkok Suvarnabhumi Airport,Scoot,TR,B788,Boeing 787-8 Dreamliner,9V-OFE,Departed 17:25,2026-08-02 05:56:22
SIN,departures,2026-08-01,15:15,15:27,SQ962,SIA962,CGK,Jakarta Soekarno Hatta International Airport,Singapore Airlines,SQ,A359,Airbus A350-941,9V-SMA,Departed 16:27,2026-08-02 05:56:22
SIN,departures,2026-08-01,15:15,15:30,SQ736,SIA736,HKT,Phuket International Airport,Singapore Airlines,SQ,B38M,Boeing 737 MAX 8,9V-MBH,Departed 16:30,2026-08-02 05:56:22
SIN,departures,2026-08-01,15:15,15:15,ID7150,BTK7150,CGK,Jakarta Soekarno Hatta International Airport,Batik Air,ID,A320,Airbus A320-214,PK-LAO,Departed 16:15,2026-08-02 05:56:22
SIN,departures,2026-08-01,15:25,15:39,TR694,TGW694,USM,Koh Samui Airport,Scoot,TR,E290,Embraer E190-E2,9V-THD,Departed 16:39,2026-08-02 05:56:22
SIN,departures,2026-08-01,15:30,16:04,9C8598,CQH8598,PVG,Shanghai Pudong International Airport,Spring Airlines,9C,A20N,Airbus A320-251N,B-327Z,Departed 17:04,2026-08-02 05:56:22
SIN,departures,2026-08-01,15:30,15:47,TR188,TGW188,HGH,Hangzhou Xiaoshan International Airport,Scoot,TR,B789,Boeing 787-9 Dreamliner,9V-OJB,Departed 16:47,2026-08-02 05:56:22
SIN,departures,2026-08-01,15:30,15:52,SQ158,SIA158,KTI,Phnom Penh Techo International Airport,Singapore Airlines,SQ,B38M,Boeing 737 MAX 8,9V-MBN,Departed 16:52,2026-08-02 05:56:22
SIN,departures,2026-08-01,15:30,,CX78,,PEN,Penang International Airport,Cathay Pacific,CX,74Y,,,Unknown,2026-08-02 05:56:22
SIN,departures,2026-08-01,15:40,16:17,TR524,TGW524,PQC,Phu Quoc International Airport,Scoot,TR,E290,Embraer E190-E2,9V-THI,Departed 17:17,2026-08-02 05:56:22
SIN,departures,2026-08-01,15:40,15:57,SQ806,SIA806,PEK,Beijing Capital International Airport,Singapore Airlines,SQ,B78X,Boeing 787-10 Dreamliner,9V-SCG,Departed 16:57,2026-08-02 05:56:22
SIN,departures,2026-08-01,15:45,15:59,SQ406,SIA406,DEL,Delhi Indira Gandhi International Airport,Singapore Airlines,SQ,A388,Airbus A380-841,9V-SKS,Departed 16:59,2026-08-02 05:56:22
SIN,departures,2026-08-01,15:55,16:10,SQ928,SIA928,SUB,Surabaya Juanda International Airport,Singapore Airlines,SQ,B38M,Boeing 737 MAX 8,9V-MBU,Departed 17:10,2026-08-02 05:56:22
SIN,departures,2026-08-01,15:55,17:05,MU568,CES568,PVG,Shanghai Pudong International Airport,China Eastern Airlines,MU,A359,Airbus A350-941,B-304N,Departed 18:05,2026-08-02 05:56:22
SIN,departures,2026-08-01,16:00,16:09,3U3910,CSC3910,TFU,Chengdu Tianfu International Airport,Sichuan Airlines,3U,A21N,Airbus A321-271NX(LR),B-325F,Departed 17:09,2026-08-02 05:56:22
SIN,departures,2026-08-01,16:00,16:19,TR468,TGW468,KUL,Kuala Lumpur International Airport,Scoot,TR,A320,Airbus A320-232,9V-TRS,Departed 17:19,2026-08-02 05:56:22
SIN,departures,2026-08-01,16:00,18:08,OD808,MXD808,KUL,Kuala Lumpur International Airport,Batik Air,ID,B738,Boeing 737-86N,9M-LDK,Departed 19:08,2026-08-02 05:56:22
SIN,departures,2026-08-01,16:00,16:41,KL835,KLM835,DPS,Denpasar Ngurah Rai International Airport,KLM,KL,B77W,Boeing 777-306(ER),PH-BVU,Departed 17:41,2026-08-02 05:56:22
SIN,departures,2026-08-01,16:05,16:23,NX907,AMU907,MFM,Macau International Airport,Air Macau,NX,A320,Airbus A320-232,B-MCH,Departed 17:23,2026-08-02 05:56:22
SIN,departures,2026-08-01,16:10,16:55,SQ836,SIA836,PVG,Shanghai Pudong International Airport,Singapore Airlines,SQ,B78X,Boeing 787-10 Dreamliner,9V-SCU,Departed 17:55,2026-08-02 05:56:22
SIN,departures,2026-08-01,16:15,16:42,TR882,TGW882,HND,Tokyo Haneda International Airport,Scoot,TR,B788,Boeing 787-8 Dreamliner,9V-OFL,Departed 17:42,2026-08-02 05:56:22
SIN,departures,2026-08-01,16:15,17:38,TR416,TGW416,BKI,Kota Kinabalu International Airport,Scoot,TR,A21N,Airbus A321-271NX,9V-NCA,Departed 18:38,2026-08-02 05:56:22
SIN,departures,2026-08-01,16:15,16:37,SQ186,SIA186,SGN,Ho Chi Minh City International Airport,Singapore Airlines,SQ,B78X,Boeing 787-10 Dreamliner,9V-SDA,Departed 17:37,2026-08-02 05:56:22
SIN,departures,2026-08-01,16:20,16:35,SQ964,SIA964,CGK,Jakarta Soekarno Hatta International Airport,Singapore Airlines,SQ,B77W,Boeing 777-312(ER),9V-SWY,Departed 17:35,2026-08-02 05:56:22
SIN,departures,2026-08-01,16:20,16:22,PG968,BKP968,USM,Koh Samui Airport,Bangkok Airways,PG,A319,Airbus A319-132,HS-PGY,Departed 17:22,2026-08-02 05:56:22
SIN,departures,2026-08-01,16:30,16:49,TR266,TGW266,SUB,Surabaya Juanda International Airport,Scoot,TR,A20N,Airbus A320-271N,9V-TNL,Departed 17:49,2026-08-02 05:56:22
SIN,departures,2026-08-01,16:30,17:03,SQ714,SIA714,BKK,Bangkok Suvarnabhumi Airport,Singapore Airlines,SQ,B78X,Boeing 787-10 Dreamliner,9V-SCC,Departed 18:03,2026-08-02 05:56:22
SIN,departures,2026-08-01,16:30,16:48,MU7706,CES7706,NKG,Nanjing Lukou International Airport,China Eastern Airlines,MU,A20N,Airbus A320-251N,B-320H,Departed 17:48,2026-08-02 05:56:22
SIN,departures,2026-08-01,16:30,16:44,MU6078,CES6078,NGB,Ningbo Lishe International Airport,China Eastern Airlines,MU,A20N,Airbus A320-251N,B-323Z,Departed 17:44,2026-08-02 05:56:22
SIN,departures,2026-08-01,16:30,17:53,CA826,CCA826,PVG,Shanghai Pudong International Airport,Air China (Star Alliance Livery),CA,A359,Airbus A350-941,B-308M,Departed 18:53,2026-08-02 05:56:22
SIN,departures,2026-08-01,16:40,17:24,SQ838,SIA838,HGH,Hangzhou Xiaoshan International Airport,Singapore Airlines,SQ,A359,Airbus A350-941,9V-SHR,Departed 18:24,2026-08-02 05:56:22
SIN,departures,2026-08-01,16:45,16:51,SQ946,SIA946,DPS,Denpasar Ngurah Rai International Airport,Singapore Airlines,SQ,B78X,Boeing 787-10 Dreamliner,9V-SCJ,Departed 17:51,2026-08-02 05:56:22
SIN,departures,2026-08-01,16:50,18:29,CZ3040,CSN3040,CAN,Guangzhou Baiyun International Airport,China Southern Airlines,CZ,A21N,Airbus A321-271N,B-1089,Departed 19:29,2026-08-02 05:56:22
SIN,departures,2026-08-01,16:55,17:02,VJ814,VJC814,SGN,Ho Chi Minh City International Airport,VietJet Air,VJ,A321,Airbus A321-211,VN-A535,Departed 18:02,2026-08-02 05:56:22
SIN,departures,2026-08-01,16:55,17:09,TR648,TGW648,USM,Koh Samui Airport,Scoot,TR,E290,Embraer E190-E2,9V-THA,Departed 18:09,2026-08-02 05:56:22
SIN,departures,2026-08-01,16:55,17:07,CA890,CCA890,PEK,Beijing Capital International Airport,Air China,CA,B789,Boeing 787-9 Dreamliner,B-7899,Departed 18:07,2026-08-02 05:56:22
SIN,departures,2026-08-01,17:00,17:17,TR626,TGW626,BKK,Bangkok Suvarnabhumi Airport,Scoot,TR,A20N,Airbus A320-271N,9V-TNM,Departed 18:17,2026-08-02 05:56:22
SIN,departures,2026-08-01,17:00,17:12,GA823,GIA823,CGK,Jakarta Soekarno Hatta International Airport,Garuda Indonesia,GA,B738,Boeing 737-8U3,PK-GFV,Departed 18:12,2026-08-02 05:56:22
SIN,departures,2026-08-01,17:00,17:20,CX716,CPA716,HKG,Hong Kong International Airport,Cathay Pacific,CX,A359,Airbus A350-941,B-LRR,Departed 18:20,2026-08-02 05:56:22
SIN,departures,2026-08-01,17:10,18:10,ZH230,CSZ230,SZX,Shenzhen Bao'an International Airport,Shenzhen Airlines,ZH,A320,Airbus A320-232,B-1841,Departed 19:10,2026-08-02 05:56:22
SIN,departures,2026-08-01,17:10,17:26,TR124,TGW124,CSX,Changsha Huanghua International Airport,Scoot,TR,A20N,Airbus A320-271N,9V-TNK,Departed 18:26,2026-08-02 05:56:22
SIN,departures,2026-08-01,17:10,17:18,5J806,CEB806,MNL,Manila Ninoy Aquino International Airport,Cebu Pacific,5J,A321,Airbus A321-211,RP-C4112,Departed 18:18,2026-08-02 05:56:22
SIN,departures,2026-08-01,17:15,17:43,TR278,TGW278,CGK,Jakarta Soekarno Hatta International Airport,Scoot,TR,A320,Airbus A320-232,9V-TRT,Departed 18:43,2026-08-02 05:56:22
SIN,departures,2026-08-01,17:15,17:59,TG408,THA408,BKK,Bangkok Suvarnabhumi Airport,Thai Airways,TG,A21N,Airbus A321-251NX,HS-TOB,Departed 18:59,2026-08-02 05:56:22
SIN,departures,2026-08-01,17:15,17:33,MH608,MAS608,KUL,Kuala Lumpur International Airport,Malaysia Airlines,MH,B738,Boeing 737-8H6,9M-MXG,Departed 18:33,2026-08-02 05:56:22
SIN,departures,2026-08-01,17:15,17:34,CI758,CAL758,KHH,Kaohsiung International Airport,Mandarin Airlines,AE,B738,Boeing 737-8Q8,B-18653,Departed 18:34,2026-08-02 05:56:22
SIN,departures,2026-08-01,17:25,17:39,VN654,HVN654,SGN,Ho Chi Minh City International Airport,Vietnam Airlines,VN,A321,Airbus A321-231,VN-A392,Departed 18:39,2026-08-02 05:56:22
SIN,departures,2026-08-01,17:25,18:00,MU6050,CES6050,PVG,Shanghai Pudong International Airport,China Eastern Airlines,MU,A359,Airbus A350-941,B-306Y,Departed 19:00,2026-08-02 05:56:22
SIN,departures,2026-08-01,17:30,21:28,SQ7896,SIA7896,PVG,Shanghai Pudong International Airport,Singapore Airlines Cargo,SQ,B744,Boeing 747-412F(SCD),9V-SFK,Departed 22:28,2026-08-02 05:56:22
SIN,departures,2026-08-01,17:30,17:52,SQ966,SIA966,CGK,Jakarta Soekarno Hatta International Airport,Singapore Airlines,SQ,A359,Airbus A350-941,9V-SHI,Departed 18:52,2026-08-02 05:56:22
SIN,departures,2026-08-01,17:30,17:57,SQ740,SIA740,HKT,Phuket International Airport,Singapore Airlines,SQ,B38M,Boeing 737 MAX 8,9V-MBK,Departed 18:57,2026-08-02 05:56:22
SIN,departures,2026-08-01,17:30,18:04,SQ720,SIA720,BKK,Bangkok Suvarnabhumi Airport,Singapore Airlines,SQ,B78X,Boeing 787-10 Dreamliner,9V-SCM,Departed 19:04,2026-08-02 05:56:22
SIN,departures,2026-08-01,17:30,17:41,SQ126,SIA126,KUL,Kuala Lumpur International Airport,Singapore Airlines,SQ,A359,Airbus A350-941,9V-SHY,Departed 18:41,2026-08-02 05:56:22
SIN,departures,2026-08-01,17:35,17:55,SQ504,SIA504,AMD,Ahmedabad International Airport,Singapore Airlines,SQ,A359,Airbus A350-941,9V-SHF,Departed 18:55,2026-08-02 05:56:22
SIN,departures,2026-08-01,17:40,18:05,TR120,TGW120,WUH,Wuhan Tianhe International Airport,Scoot,TR,B788,Boeing 787-8 Dreamliner,9V-OFI,Departed 19:05,2026-08-02 05:56:22
SIN,departures,2026-08-01,17:45,18:20,TR182,TGW182,NKG,Nanjing Lukou International Airport,Scoot,TR,B789,Boeing 787-9 Dreamliner,9V-OJE,Departed 19:20,2026-08-02 05:56:22
SIN,departures,2026-08-01,17:45,18:02,SQ215,SIA215,PER,Perth Airport,Singapore Airlines,SQ,B78X,Boeing 787-10 Dreamliner,9V-SCQ,Departed 19:02,2026-08-02 05:56:22
SIN,departures,2026-08-01,17:45,18:27,NZ283,ANZ283,AKL,Auckland Airport,Air New Zealand (Black Livery),NZ,B77W,Boeing 777-319(ER),ZK-OKQ,Departed 19:27,2026-08-02 05:56:22
SIN,departures,2026-08-01,17:45,18:13,AK716,AXM716,KUL,Kuala Lumpur International Airport,AirAsia,AK,A21N,Airbus A321-251NX,9M-VAB,Departed 19:13,2026-08-02 05:56:22
SIN,departures,2026-08-01,17:50,18:09,TR652,TGW652,HKT,Phuket International Airport,Scoot,TR,A320,Airbus A320-232,9V-TRP,Departed 19:09,2026-08-02 05:56:22
SIN,departures,2026-08-01,17:50,18:15,SQ442,SIA442,KTM,Kathmandu Tribhuvan International Airport,Singapore Airlines,SQ,B38M,Boeing 737 MAX 8,9V-MBV,Departed 19:15,2026-08-02 05:56:22
SIN,departures,2026-08-01,17:50,18:21,SQ424,SIA424,BOM,Mumbai Chhatrapati Shivaji International Airport,Singapore Airlines,SQ,B77W,Boeing 777-312(ER),9V-SWB,Departed 19:21,2026-08-02 05:56:22
SIN,departures,2026-08-01,17:55,18:12,6E1028,IGO1028,HYD,Hyderabad Rajiv Gandhi International Airport,IndiGo,6E,A320,Airbus A320-232,VT-IFK,Departed 19:12,2026-08-02 05:56:22
SIN,departures,2026-08-01,18:00,,7L634,,DWC,Dubai World Central International Airport,Silk Way West Airlines,7L,74F,,,Unknown,2026-08-02 05:56:22
SIN,departures,2026-08-01,18:00,18:31,SQ994,SIA994,KNO,Medan Kuala Namu International Airport,Singapore Airlines,SQ,B38M,Boeing 737 MAX 8,9V-MBG,Departed 19:31,2026-08-02 05:56:22
SIN,departures,2026-08-01,18:00,18:34,SQ898,SIA898,HKG,Hong Kong International Airport,Singapore Airlines,SQ,A359,Airbus A350-941,9V-SHO,Departed 19:34,2026-08-02 05:56:22
SIN,departures,2026-08-01,18:00,20:12,CZ3044,CSN3044,CAN,Guangzhou Baiyun International Airport,China Southern Airlines,CZ,A21N,Airbus A321-271N,B-1088,Departed 21:12,2026-08-02 05:56:22
SIN,departures,2026-08-01,18:05,18:36,TR134,TGW134,XIY,Xi'an Xianyang International Airport,Scoot,TR,A20N,Airbus A320-271N,9V-TNG,Departed 19:36,2026-08-02 05:56:22
SIN,departures,2026-08-01,18:10,18:41,SQ142,SIA142,PEN,Penang International Airport,Singapore Airlines,SQ,B38M,Boeing 737 MAX 8,9V-MBR,Departed 19:41,2026-08-02 05:56:22
SIN,departures,2026-08-01,18:15,18:24,VJ890,VJC890,DAD,Da Nang International Airport,VietJet Air,VJ,A321,Airbus A321-211,VN-A683,Departed 19:24,2026-08-02 05:56:22
SIN,departures,2026-08-01,18:15,18:39,MH616,MAS616,KUL,Kuala Lumpur International Airport,Malaysia Airlines,MH,B738,Boeing 737-8H6,9M-MXH,Departed 19:39,2026-08-02 05:56:22
SIN,departures,2026-08-01,18:20,18:45,SQ247,SIA247,MEL,Melbourne Airport,Singapore Airlines,SQ,A359,Airbus A350-941,9V-SHS,Departed 19:45,2026-08-02 05:56:22
SIN,departures,2026-08-01,18:25,18:42,JQ89,JST089,DPS,Denpasar Ngurah Rai International Airport,Jetstar,JQ,A21N,Airbus A321-251NX(LR),VH-OYX,Departed 19:42,2026-08-02 05:56:22
SIN,departures,2026-08-01,18:30,18:32,VJ812,VJC812,SGN,Ho Chi Minh City International Airport,VietJet Air,VJ,A21N,Airbus A321-271NX,VN-A500,Departed 19:32,2026-08-02 05:56:22
SIN,departures,2026-08-01,18:30,19:11,QF2,QFA2,SYD,Sydney Kingsford Smith Airport,Qantas,QF,A388,Airbus A380-842,VH-OQD,Departed 20:11,2026-08-02 05:56:22
SIN,departures,2026-08-01,18:32,18:26,FX5986,FDX5986,ANC,Anchorage Ted Stevens International Airport,FedEx,FX,B77L,Boeing 777-FS2,N866FD,Departed 19:26,2026-08-02 05:56:22
SIN,departures,2026-08-01,18:35,18:49,SQ918,SIA918,MNL,Manila Ninoy Aquino International Airport,Singapore Airlines,SQ,B78X,Boeing 787-10 Dreamliner,9V-SCW,Departed 19:49,2026-08-02 05:56:22
SIN,departures,2026-08-01,18:35,18:44,QF72,QFA72,PER,Perth Airport,Qantas,QF,A332,Airbus A330-202,VH-EBC,Departed 19:44,2026-08-02 05:56:22
SIN,departures,2026-08-01,18:40,18:53,6E1458,IGO1458,BLR,Bengaluru Kempegowda International Airport,IndiGo,6E,A20N,Airbus A320-251N,VT-IPC,Departed 19:53,2026-08-02 05:56:19
SIN,departures,2026-08-01,18:40,19:02,QR947,QTR947,DOH,Doha Hamad International Airport,Qatar Airways,QR,A35K,Airbus A350-1041,A7-ANJ,Departed 20:02,2026-08-02 05:56:22
SIN,departures,2026-08-01,18:45,19:09,6E1164,IGO1164,BOM,Mumbai Chhatrapati Shivaji International Airport,IndiGo,6E,A21N,Airbus A321-252NX,VT-NCC,Departed 20:09,2026-08-02 05:56:19
SIN,departures,2026-08-01,18:45,19:06,6E1014,IGO1014,DEL,Delhi Indira Gandhi International Airport,IndiGo,6E,A21N,Airbus A321-251NX,VT-NHT,Departed 20:06,2026-08-02 05:56:19
SIN,departures,2026-08-01,18:45,19:05,GA837,GIA837,CGK,Jakarta Soekarno Hatta International Airport,Garuda Indonesia,GA,B738,Boeing 737-81D,PK-GFR,Departed 20:05,2026-08-02 05:56:19
SIN,departures,2026-08-01,18:50,19:08,SQ852,SIA852,CAN,Guangzhou Baiyun International Airport,Singapore Airlines,SQ,B38M,Boeing 737 MAX 8,9V-MBP,Departed 20:08,2026-08-02 05:56:19
SIN,departures,2026-08-01,18:50,19:13,SQ297,SIA297,CHC,Christchurch International Airport,Singapore Airlines,SQ,A359,Airbus A350-941,9V-SMM,Departed 20:13,2026-08-02 05:56:19
SIN,departures,2026-08-01,18:55,19:27,TR498,TGW498,PEN,Penang International Airport,Scoot,TR,A21N,Airbus A321-271NX,9V-NCK,Departed 20:27,2026-08-02 05:56:19
SIN,departures,2026-08-01,18:55,19:19,TR434,TGW434,KCH,Kuching International Airport,Scoot,TR,A20N,Airbus A320-271N,9V-TNI,Departed 20:19,2026-08-02 05:56:19
SIN,departures,2026-08-01,18:55,19:24,SQ34,SIA34,SFO,San Francisco International Airport,Singapore Airlines,SQ,A359,Airbus A350-941,9V-SGC,Departed 20:24,2026-08-02 05:56:19
SIN,departures,2026-08-01,19:00,19:15,TK6915,THY55D,IST,Istanbul Airport,Turkish Airlines,TK,B77W,Boeing 777-3F2(ER),TC-JJE,Departed 20:15,2026-08-02 05:56:19
SIN,departures,2026-08-01,19:00,19:21,SQ534,SIA534,COK,Cochin International Airport,Singapore Airlines,SQ,B38M,Boeing 737 MAX 8,9V-MBM,Departed 20:21,2026-08-02 05:56:19
SIN,departures,2026-08-01,19:00,19:38,SQ522,SIA522,HYD,Hyderabad Rajiv Gandhi International Airport,Singapore Airlines,SQ,B38M,Boeing 737 MAX 8,9V-MBF,Departed 20:38,2026-08-02 05:56:19
SIN,departures,2026-08-01,19:00,19:18,SQ128,SIA128,KUL,Kuala Lumpur International Airport,Singapore Airlines,SQ,B38M,Boeing 737 MAX 8,9V-MBY,Departed 20:18,2026-08-02 05:56:19
SIN,departures,2026-08-01,19:00,20:19,PR512,PAL512,MNL,Manila Ninoy Aquino International Airport,Philippine Airlines,PR,A321,Airbus A321-231,RP-C9915,Departed 21:19,2026-08-02 05:56:19
SIN,departures,2026-08-01,19:00,19:29,GF166,GFA166,BAH,Bahrain International Airport,Gulf Air,GF,B789,Boeing 787-9 Dreamliner,A9C-FE,Departed 20:29,2026-08-02 05:56:19
SIN,departures,2026-08-01,19:05,19:26,SQ818,SIA818,CKG,Chongqing Jiangbei International Airport,Singapore Airlines,SQ,B38M,Boeing 737 MAX 8,9V-MBI,Departed 20:26,2026-08-02 05:56:19
SIN,departures,2026-08-01,19:05,19:36,SQ510,SIA510,BLR,Bengaluru Kempegowda International Airport,Singapore Airlines,SQ,A359,Airbus A350-941,9V-SHK,Departed 20:36,2026-08-02 05:56:19
SIN,departures,2026-08-01,19:05,19:22,CX636,CPA636,HKG,Hong Kong International Airport,Cathay Pacific,CX,A359,Airbus A350-941,B-LRL,Departed 20:22,2026-08-02 05:56:19
SIN,departures,2026-08-01,19:10,20:42,UL309,ALK309,CMB,Colombo Bandaranaike International Airport,SriLankan Airlines,UL,A332,Airbus A330-243,4R-ALS,Departed 21:42,2026-08-02 05:56:19
SIN,departures,2026-08-01,19:15,19:34,QF36,QFA36,MEL,Melbourne Airport,Qantas,QF,A332,Airbus A330-202,VH-EBK,Departed 20:34,2026-08-02 05:56:19
SIN,departures,2026-08-01,19:15,19:32,PG962,BKP962,USM,Koh Samui Airport,Bangkok Airways,PG,A319,Airbus A319-132,HS-PGN,Departed 20:32,2026-08-02 05:56:19
SIN,departures,2026-08-01,19:20,19:34,BA15,BAW15,SYD,Sydney Kingsford Smith Airport,British Airways,BA,B789,Boeing 787-9 Dreamliner,G-ZBKI,Departed 20:34,2026-08-02 05:56:19
SIN,departures,2026-08-01,19:25,19:45,TR272,TGW272,CGK,Jakarta Soekarno Hatta International Airport,Scoot,TR,A20N,Airbus A320-271N,9V-TNE,Departed 20:45,2026-08-02 05:56:19
SIN,departures,2026-08-01,19:25,19:41,SQ438,SIA438,MLE,Male Velana International Airport,Singapore Airlines,SQ,A359,Airbus A350-941,9V-SHN,Departed 20:41,2026-08-02 05:56:19
SIN,departures,2026-08-01,19:25,19:43,SQ528,SIA528,MAA,Chennai International Airport,Singapore Airlines,SQ,B78X,Boeing 787-10 Dreamliner,9V-SCN,Departed 20:43,2026-08-02 05:56:19
SIN,departures,2026-08-01,19:30,,8K804,,CGK,Jakarta Soekarno Hatta International Airport,Exploits Valley Air Services,8K,73P,,,Unknown,2026-08-02 05:56:19
SIN,departures,2026-08-01,19:30,19:49,TR730,TGW730,TRV,Thiruvananthapuram International Airport,Scoot,TR,A320,Airbus A320-232,9V-TRO,Departed 20:49,2026-08-02 05:56:19
SIN,departures,2026-08-01,19:30,21:13,TR740,TGW740,CJB,Coimbatore International Airport,Scoot,TR,A21N,Airbus A321-271NX,9V-NCM,Departed 22:13,2026-08-02 05:56:19
SIN,departures,2026-08-01,19:30,19:51,TR466,TGW466,KUL,Kuala Lumpur International Airport,Scoot,TR,A21N,Airbus A321-271NX,9V-NCH,Departed 20:51,2026-08-02 05:56:19
SIN,departures,2026-08-01,19:30,20:02,QF52,QFA52,BNE,Brisbane Airport,Qantas,QF,A332,Airbus A330-203,VH-EBL,Departed 21:02,2026-08-02 05:56:19
SIN,departures,2026-08-01,19:35,20:21,UA28,UAL28,SFO,San Francisco International Airport,United Airlines,UA,B789,Boeing 787-9 Dreamliner,N24980,Departed 21:21,2026-08-02 05:56:19
SIN,departures,2026-08-01,19:40,19:56,SQ446,SIA446,DAC,Dhaka Shahjalal International Airport,Singapore Airlines,SQ,B78X,Boeing 787-10 Dreamliner,9V-SCT,Departed 20:56,2026-08-02 05:56:19
SIN,departures,2026-08-01,19:40,20:17,SQ516,SIA516,CCU,Kolkata Subhas Chandra Bose International Airport,Singapore Airlines,SQ,B38M,Boeing 737 MAX 8,9V-MBQ,Departed 21:17,2026-08-02 05:56:19
SIN,departures,2026-08-01,19:40,20:22,PX393,ANG393,POM,Port Moresby Jacksons International Airport,Air Niugini,PX,B763,Boeing 767-341(ER),P2-PXV,Departed 21:22,2026-08-02 05:56:19
SIN,departures,2026-08-01,19:45,19:59,TR784,TGW784,VTZ,Visakhapatnam Airport,Scoot,TR,A320,Airbus A320-232,9V-TRV,Departed 20:59,2026-08-02 05:56:19
SIN,departures,2026-08-01,19:45,20:04,SQ856,SIA856,SZX,Shenzhen Bao'an International Airport,Singapore Airlines,SQ,B38M,Boeing 737 MAX 8,9V-MBS,Departed 21:04,2026-08-02 05:56:19
SIN,departures,2026-08-01,19:45,20:07,SQ221,SIA221,SYD,Sydney Kingsford Smith Airport,Singapore Airlines,SQ,A388,Airbus A380-841,9V-SKV,Departed 21:07,2026-08-02 05:56:19
SIN,departures,2026-08-01,19:45,20:06,SQ38,SIA38,LAX,Los Angeles International Airport,Singapore Airlines,SQ,A359,Airbus A350-941,9V-SJF,Departed 21:06,2026-08-02 05:56:19
SIN,departures,2026-08-01,19:45,19:46,AK718,AXM718,KUL,Kuala Lumpur International Airport,AirAsia,AK,A20N,Airbus A320-251N,9M-AGG,Departed 20:46,2026-08-02 05:56:19
SIN,departures,2026-08-01,19:50,20:40,WY892,OMA892,MCT,Muscat International Airport,Oman Air,WY,B38M,Boeing 737 MAX 8,A4O-MA,Departed 21:40,2026-08-02 05:56:19
SIN,departures,2026-08-01,19:50,20:10,TG410,THA410,BKK,Bangkok Suvarnabhumi Airport,Thai Airways,TG,A359,Airbus A350-941,HS-THG,Departed 21:10,2026-08-02 05:56:19
SIN,departures,2026-08-01,19:50,20:14,CZ8048,CSN8048,SZX,Shenzhen Bao'an International Airport,China Southern Airlines,CZ,A21N,Airbus A321-251NX,B-32N7,Departed 21:14,2026-08-02 05:56:19
SIN,departures,2026-08-01,19:55,02:50,8K801,KMI801,BKK,Bangkok Suvarnabhumi Airport,K-Mile Air,8K,B734,Boeing 737-46Q(SF),HS-KMB,Departed 03:50,2026-08-02 05:56:19
SIN,departures,2026-08-01,20:00,20:24,ZH250,CSZ250,SZX,Shenzhen Bao'an International Airport,Shenzhen Airlines,ZH,A333,Airbus A330-343,B-303N,Departed 21:24,2026-08-02 05:56:19
SIN,departures,2026-08-01,20:00,20:27,VN656,HVN656,SGN,Ho Chi Minh City International Airport,Vietnam Airlines,VN,A321,Airbus A321-231,VN-A603,Departed 21:27,2026-08-02 05:56:19
SIN,departures,2026-08-01,20:00,20:26,QG527,CTV527,CGK,Jakarta Soekarno Hatta International Airport,Citilink,QG,A320,Airbus A320-214,PK-GQK,Departed 21:26,2026-08-02 05:56:19
SIN,departures,2026-08-01,20:00,20:29,EY499,ETD499,AUH,Abu Dhabi Zayed International Airport,Etihad Airways,EY,B789,Boeing 787-9 Dreamliner,A6-BLB,Departed 21:29,2026-08-02 05:56:19
SIN,departures,2026-08-01,20:00,20:35,EK355,UAE355,DXB,Dubai International Airport,Emirates,EK,B77W,Boeing 777-31H(ER),A6-EPS,Departed 21:35,2026-08-02 05:56:19
SIN,departures,2026-08-01,20:00,20:16,8M234,MMA234,RGN,Yangon International Airport,Myanmar Airways International,8M,A319,Airbus A319-115,XY-ALK,Departed 21:16,2026-08-02 05:56:19
SIN,departures,2026-08-01,20:15,20:00,MY364,BNE364,KCH,Kuching International Airport,AirBorneo,MY,B738,Boeing 737-8U3,9M-LCV,Departed 21:00,2026-08-02 05:56:19
SIN,departures,2026-08-01,20:15,20:32,MH610,MAS610,KUL,Kuala Lumpur International Airport,Malaysia Airlines,MH,B738,Boeing 737-8H6,9M-MLU,Departed 21:32,2026-08-02 05:56:19
SIN,departures,2026-08-01,20:20,20:39,TR346,TGW346,DPS,Denpasar Ngurah Rai International Airport,Scoot,TR,A320,Airbus A320-232,9V-TRU,Departed 21:39,2026-08-02 05:56:19
SIN,departures,2026-08-01,20:20,20:33,AK720,AXM720,KUL,Kuala Lumpur International Airport,AirAsia,AK,A20N,Airbus A320-251N,9M-RAB,Departed 21:33,2026-08-02 05:56:19
SIN,departures,2026-08-01,20:25,20:44,TR580,TGW580,CEB,Cebu Mactan International Airport,Scoot,TR,E290,Embraer E190-E2,9V-THG,Departed 21:44,2026-08-02 05:56:19
SIN,departures,2026-08-01,20:25,20:54,QF82,QFA82,SYD,Sydney Kingsford Smith Airport,Qantas,QF,A333,Airbus A330-303,VH-QPF,Departed 21:54,2026-08-02 05:56:19
SIN,departures,2026-08-01,20:25,20:50,BI424,RBA424,BWN,Brunei International Airport,Royal Brunei Airlines,BI,A20N,Airbus A320-251N,V8-RBF,Departed 21:50,2026-08-02 05:56:19
SIN,departures,2026-08-01,20:30,22:24,OD806,MXD806,KUL,Kuala Lumpur International Airport,Batik Air,ID,B738,Boeing 737-8GP,9M-LNQ,Departed 23:24,2026-08-02 05:56:19
SIN,departures,2026-08-01,20:30,20:37,ID7152,BTK7152,CGK,Jakarta Soekarno Hatta International Airport,Batik Air,ID,A320,Airbus A320-214,PK-LZH,Departed 21:37,2026-08-02 05:56:19
SIN,departures,2026-08-01,20:30,20:47,LD326,AHK326,HKG,Hong Kong International Airport,DHL,D0,A332,Airbus A330-243F,B-LKB,Departed 21:47,2026-08-02 05:56:19
SIN,departures,2026-08-01,20:35,21:26,SQ948,SIA948,DPS,Denpasar Ngurah Rai International Airport,Singapore Airlines (1000th 787 Dreamliner Sticker),SQ,B78X,Boeing 787-10 Dreamliner,9V-SCP,Departed 22:26,2026-08-02 05:56:19
SIN,departures,2026-08-01,20:35,20:58,SQ235,SIA235,BNE,Brisbane Airport,Singapore Airlines,SQ,A359,Airbus A350-941,9V-SHQ,Departed 21:58,2026-08-02 05:56:19
SIN,departures,2026-08-01,20:35,20:56,AY132,FIN132,HEL,Helsinki Vantaa Airport,Finnair,AY,A359,Airbus A350-941,OH-LWT,Departed 21:56,2026-08-02 05:56:19
SIN,departures,2026-08-01,20:40,21:36,TR758,TGW758,TRZ,Tiruchirappalli International Airport,Scoot,TR,A21N,Airbus A321-271NX,9V-NCL,Departed 22:36,2026-08-02 05:56:19
SIN,departures,2026-08-01,20:40,20:51,AK1730,AXM1730,PEN,Penang International Airport,AirAsia,AK,A320,Airbus A320-216,9M-AQA,Departed 21:51,2026-08-02 05:56:19
SIN,departures,2026-08-01,20:45,20:53,SL105,TLM105,DMK,Bangkok Don Mueang International Airport,Thai Lion Air,SL,B738,Boeing 737-8GP,HS-LGR,Departed 21:53,2026-08-02 05:56:19
SIN,departures,2026-08-01,20:45,21:07,GA839,GIA839,CGK,Jakarta Soekarno Hatta International Airport,Garuda Indonesia,GA,B738,Boeing 737-8U3,PK-GMI,Departed 22:07,2026-08-02 05:56:19
SIN,departures,2026-08-01,20:50,21:05,QF219,QFA219,LHR,London Heathrow Airport,Qantas,QF,B789,Boeing 787-9 Dreamliner,VH-ZNI,Departed 22:05,2026-08-02 05:56:19
SIN,departures,2026-08-01,20:50,21:01,JL36,JAL36,HND,Tokyo Haneda International Airport,Japan Airlines,JL,B789,Boeing 787-9 Dreamliner,JA878J,Departed 22:01,2026-08-02 05:56:19
SIN,departures,2026-08-01,20:55,21:11,SQ968,SIA968,CGK,Jakarta Soekarno Hatta International Airport,Singapore Airlines,SQ,A359,Airbus A350-941,9V-SHT,Departed 22:11,2026-08-02 05:56:19
SIN,departures,2026-08-01,21:00,03:39,9C6278,CQH6278,CAN,Guangzhou Baiyun International Airport,Spring Airlines,9C,A320,Airbus A320-214,B-8647,Departed 04:39,2026-08-02 05:56:19
SIN,departures,2026-08-01,21:00,21:15,TR160,TGW160,KMG,Kunming Changshui International Airport,Scoot,TR,A20N,Airbus A320-271N,9V-TNJ,Departed 22:15,2026-08-02 05:56:19
SIN,departures,2026-08-01,21:00,21:10,NH844,ANA844,HND,Tokyo Haneda International Airport,All Nippon Airways,NH,B789,Boeing 787-9 Dreamliner,JA922A,Departed 22:10,2026-08-02 05:56:19
SIN,departures,2026-08-01,21:00,21:24,KE644,KAL644,ICN,Seoul Incheon International Airport,Korean Air,KE,B77W,Boeing 777-3B5(ER),HL8216,Departed 22:24,2026-08-02 05:56:19
SIN,departures,2026-08-01,21:05,21:20,SQ536,SIA536,COK,Cochin International Airport,Singapore Airlines,SQ,B38M,Boeing 737 MAX 8,9V-MBO,Departed 22:20,2026-08-02 05:56:19
SIN,departures,2026-08-01,21:05,21:43,QF48,QFA48,DRW,Darwin International Airport,Qantas,QF,B738,Boeing 737-838,VH-VZM,Departed 22:43,2026-08-02 05:56:19
SIN,departures,2026-08-01,21:10,21:22,SQ227,SIA227,MEL,Melbourne Airport,Singapore Airlines,SQ,B77W,Boeing 777-312(ER),9V-SWH,Departed 22:22,2026-08-02 05:56:19
SIN,departures,2026-08-01,21:20,21:34,6E1344,IGO1344,MAA,Chennai International Airport,IndiGo,6E,A21N,Airbus A321-252NX,VT-NCL,Departed 22:34,2026-08-02 05:56:19
SIN,departures,2026-08-01,21:20,21:41,SQ468,SIA468,CMB,Colombo Bandaranaike International Airport,Singapore Airlines,SQ,B78X,Boeing 787-10 Dreamliner,9V-SDB,Departed 22:41,2026-08-02 05:56:19
SIN,departures,2026-08-01,21:20,21:38,AF257,AFR257,CDG,Paris Charles de Gaulle Airport,Air France,AF,B77W,Boeing 777-328(ER),F-GSQL,Departed 22:38,2026-08-02 05:56:19
SIN,departures,2026-08-01,21:40,22:06,BA16,BAW16,LHR,London Heathrow Airport,British Airways,BA,B789,Boeing 787-9 Dreamliner,G-ZBKF,Departed 23:06,2026-08-02 05:56:19
SIN,departures,2026-08-01,21:45,22:03,LH769,DLH769,MUC,Munich Airport,Lufthansa,LH,A359,Airbus A350-941,D-AIXK,Departed 23:03,2026-08-02 05:56:19
SIN,departures,2026-08-01,21:50,22:00,SQ636,SIA636,HND,Tokyo Haneda International Airport,Singapore Airlines,SQ,A359,Airbus A350-941,9V-SHC,Departed 23:00,2026-08-02 05:56:19
SIN,departures,2026-08-01,21:50,21:58,SQ285,SIA285,AKL,Auckland Airport,Singapore Airlines,SQ,B77W,Boeing 777-312(ER),9V-SNB,Departed 22:58,2026-08-02 05:56:19
SIN,departures,2026-08-01,21:50,22:11,OZ752,AAR752,ICN,Seoul Incheon International Airport,Asiana Airlines,OZ,A359,Airbus A350-941,HL7578,Departed 23:11,2026-08-02 05:56:19
SIN,departures,2026-08-01,21:55,22:15,TR766,TGW766,TRZ,Tiruchirappalli International Airport,Scoot,TR,A21N,Airbus A321-271NX,9V-NCB,Departed 23:15,2026-08-02 05:56:19
SIN,departures,2026-08-01,22:00,22:18,TW162,TWB162,ICN,Seoul Incheon International Airport,T'Way Air,TW,A333,Airbus A330-343,HL8561,Departed 23:18,2026-08-02 05:56:19
SIN,departures,2026-08-01,22:00,22:26,SQ322,SIA322,LHR,London Heathrow Airport,Singapore Airlines,SQ,A388,Airbus A380-841,9V-SKQ,Departed 23:26,2026-08-02 05:56:19
SIN,departures,2026-08-01,22:05,22:29,TK55,THY55,IST,Istanbul Airport,Turkish Airlines,TK,B77W,Boeing 777-3F2(ER),TC-JJO,Departed 23:29,2026-08-02 05:56:19
SIN,departures,2026-08-01,22:05,22:31,SQ616,SIA616,PUS,Busan Gimhae International Airport,Singapore Airlines,SQ,B38M,Boeing 737 MAX 8,9V-MBE,Departed 23:31,2026-08-02 05:56:19
SIN,departures,2026-08-01,22:10,22:34,QF54,QFA54,BNE,Brisbane Airport,Qantas,QF,A332,Airbus A330-202,VH-EBA,Departed 23:34,2026-08-02 05:56:19
SIN,departures,2026-08-01,22:10,22:36,MU566,CES566,PVG,Shanghai Pudong International Airport,China Eastern Airlines,MU,B789,Boeing 787-9 Dreamliner,B-220D,Departed 23:36,2026-08-02 05:56:19
SIN,departures,2026-08-01,22:20,22:38,8B156,TNU156,CGK,Jakarta Soekarno Hatta International Airport,TransNusa,8B,A321,Airbus A321-211,PK-TLK,Departed 23:38,2026-08-02 05:56:19
SIN,departures,2026-08-01,22:20,22:48,QF1,QFA1,LHR,London Heathrow Airport,Qantas,QF,A388,Airbus A380-842,VH-OQC,Departed 23:48,2026-08-02 05:56:19
SIN,departures,2026-08-01,22:20,22:58,BA12,BAW12,LHR,London Heathrow Airport,British Airways,BA,B77W,Boeing 777-336(ER),G-STBF,Departed 23:58,2026-08-02 05:56:19
SIN,departures,2026-08-01,22:25,22:42,SQ279,SIA279,ADL,Adelaide Airport,Singapore Airlines,SQ,B78X,Boeing 787-10 Dreamliner,9V-SCK,Departed 23:42,2026-08-02 05:56:19
SIN,departures,2026-08-01,22:25,22:50,CA970,CCA970,PEK,Beijing Capital International Airport,Air China,CA,B789,Boeing 787-9 Dreamliner,B-1466,Departed 23:50,2026-08-02 05:56:19
SIN,departures,2026-08-01,22:25,23:16,LX177,SWR177,ZRH,Zurich Airport,Swiss,LX,B77W,Boeing 777-3DE(ER),HB-JNG,Departed 00:16,2026-08-02 05:56:19
SIN,departures,2026-08-01,22:30,22:52,SQ356,SIA356,MXP,Milan Malpensa Airport,Singapore Airlines,SQ,A359,Airbus A350-941,9V-SMA,Departed 23:52,2026-08-02 05:56:19
SIN,departures,2026-08-01,22:30,22:44,QF38,QFA38,MEL,Melbourne Airport,Qantas,QF,A332,Airbus A330-202,VH-EBJ,Departed 23:44,2026-08-02 05:56:19
SIN,departures,2026-08-01,22:35,22:53,SQ388,SIA388,BCN,Barcelona El Prat Airport,Singapore Airlines,SQ,A359,Airbus A350-941,9V-SME,Departed 23:53,2026-08-02 05:56:16
SIN,departures,2026-08-01,22:35,22:55,SQ22,SIA22,EWR,New York Newark Liberty International Airport,Singapore Airlines,SQ,A359,Airbus A350-941,9V-SGA,Departed 23:55,2026-08-02 05:56:19
SIN,departures,2026-08-01,22:40,22:56,LH781,DLH781,FRA,Frankfurt Airport,Lufthansa,LH,B744,Boeing 747-430,D-ABVM,Departed 23:56,2026-08-02 05:56:16
SIN,departures,2026-08-01,22:45,23:04,HO1576,DKH1576,PVG,Shanghai Pudong International Airport,Juneyao Air,HO,A20N,Airbus A320-271N,B-323D,Departed 00:04,2026-08-02 05:56:16
SIN,departures,2026-08-01,22:55,23:06,SQ638,SIA638,NRT,Tokyo Narita International Airport,Singapore Airlines,SQ,B78X,Boeing 787-10 Dreamliner,9V-SCD,Departed 00:06,2026-08-02 05:56:16
SIN,departures,2026-08-01,22:55,23:14,SQ312,SIA312,LGW,London Gatwick Airport,Singapore Airlines,SQ,A359,Airbus A350-941,9V-SMR,Departed 00:14,2026-08-02 05:56:16
SIN,departures,2026-08-01,22:55,23:24,SQ324,SIA324,AMS,Amsterdam Schiphol Airport,Singapore Airlines,SQ,B77W,Boeing 777-312(ER),9V-SWG,Departed 00:24,2026-08-02 05:56:16
SIN,departures,2026-08-01,22:55,23:18,SQ26,SIA26,FRA,Frankfurt Airport,Singapore Airlines,SQ,B77W,Boeing 777-312(ER),9V-SWT,Departed 00:18,2026-08-02 05:56:16
SIN,departures,2026-08-01,23:05,23:32,SQ328,SIA328,MUC,Munich Airport,Singapore Airlines,SQ,A359,Airbus A350-941,9V-SMI,Departed 00:32,2026-08-02 05:56:16
SIN,departures,2026-08-01,23:05,23:35,SQ352,SIA352,CPH,Copenhagen Airport,Singapore Airlines,SQ,A359,Airbus A350-941,9V-SMW,Departed 00:35,2026-08-02 05:56:16
SIN,departures,2026-08-01,23:10,23:22,SQ225,SIA225,PER,Perth Airport,Singapore Airlines,SQ,B78X,Boeing 787-10 Dreamliner,9V-SDC,Departed 00:22,2026-08-02 05:56:16
SIN,departures,2026-08-01,23:15,23:36,SQ336,SIA336,CDG,Paris Charles de Gaulle Airport,Singapore Airlines,SQ,B77W,Boeing 777-312(ER),9V-SWV,Departed 00:36,2026-08-02 05:56:16
SIN,departures,2026-08-01,23:15,23:30,7C2662,JJA2662,PUS,Busan Gimhae International Airport,Jeju Air,7C,B738,Boeing 737-8AS,HL8061,Departed 00:30,2026-08-02 05:56:16
SIN,departures,2026-08-01,23:20,23:34,SQ608,SIA608,ICN,Seoul Incheon International Airport,Singapore Airlines,SQ,B78X,Boeing 787-10 Dreamliner,9V-SDA,Departed 00:34,2026-08-02 05:56:16
SIN,departures,2026-08-01,23:30,00:04,SQ810,SIA810,PKX,Beijing Daxing International Airport,Singapore Airlines,SQ,B78X,Boeing 787-10 Dreamliner,9V-SCY,Departed 01:04,2026-08-02 05:56:16
SIN,departures,2026-08-01,23:35,23:52,TR828,TGW828,CJU,Jeju International Airport,Scoot,TR,A20N,Airbus A320-271N,9V-TNF,Departed 00:52,2026-08-02 05:56:16
SIN,departures,2026-08-01,23:35,23:45,PR510,PAL510,MNL,Manila Ninoy Aquino International Airport,Philippine Airlines,PR,A321,Airbus A321-231,RP-C9903,Departed 00:45,2026-08-02 05:56:16
SIN,departures,2026-08-01,23:45,23:56,SQ255,SIA255,BNE,Brisbane Airport,Singapore Airlines,SQ,A359,Airbus A350-941,9V-SHY,Departed 00:56,2026-08-02 05:56:16
SIN,departures,2026-08-01,23:45,00:06,SQ231,SIA231,SYD,Sydney Kingsford Smith Airport,Singapore Airlines,SQ,A388,Airbus A380-841,9V-SKW,Departed 01:06,2026-08-02 05:56:16
SIN,departures,2026-08-01,23:45,00:11,IX681,AXB681,TRZ,Tiruchirappalli International Airport,Air India Express (Ellora-Ajanta Caves Livery),IX,B738,Boeing 737-8HG,VT-AYA,Departed 01:11,2026-08-02 05:56:16
SIN,departures,2026-08-01,23:50,00:03,7C2624,JJA2624,ICN,Seoul Incheon International Airport,Jeju Air,7C,B38M,Boeing 737 MAX 8,HL8552,Departed 01:03,2026-08-02 05:56:16
SIN,departures,2026-08-01,23:50,03:31,EK353,UAE353,DXB,Dubai International Airport,Emirates,EK,A388,Airbus A380-861,A6-EDZ,Departed 04:31,2026-08-02 05:56:16
SIN,departures,2026-08-01,23:55,,QR8064,,HKG,Hong Kong International Airport,Qatar Airways,QR,77X,,,Unknown,2026-08-02 05:56:16
SIN,departures,2026-08-01,23:55,00:09,MU5032,CES5032,PKX,Beijing Daxing International Airport,China Eastern Airlines,MU,A20N,Airbus A320-251N,B-32A9,Departed 01:09,2026-08-02 05:56:16
SIN,departures,2026-08-01,23:55,00:15,MU544,CES544,PVG,Shanghai Pudong International Airport,China Eastern Airlines,MU,B77W,Boeing 777-39P(ER),B-7367,Departed 01:15,2026-08-02 05:56:16
SIN,departures,2026-08-01,23:55,00:30,KL836,KLM836,AMS,Amsterdam Schiphol Airport,KLM,KL,B77W,Boeing 777-306(ER),PH-BVU,Departed 01:30,2026-08-02 05:56:16
SUB,arrivals,2026-08-01,05:00,05:20,JT690,LNI690,CGK,Jakarta Soekarno Hatta International Airport,Lion Air,JT,B739,Boeing 737-9GP(ER),PK-LFK,Landed 05:20,2026-08-02 05:53:14
SUB,arrivals,2026-08-01,06:05,05:59,JT865,LNI865,LOP,Lombok International Airport,Lion Air,JT,B739,Boeing 737-9GP(ER),PK-LHR,Landed 05:59,2026-08-02 05:53:14
SUB,arrivals,2026-08-01,06:30,06:14,JT363,LNI363,BPN,Balikpapan Sepinggan Airport,Lion Air,JT,B739,Boeing 737-9GP(ER),PK-LHS,Landed 06:14,2026-08-02 05:53:14
SUB,arrivals,2026-08-01,06:50,06:41,ID7511,BTK7511,HLP,Jakarta Halim Perdanakusuma Airport,Batik Air,ID,A320,Airbus A320-214,PK-BKU,Landed 06:41,2026-08-02 05:53:14
SUB,arrivals,2026-08-01,07:00,06:57,IU705,SJV705,DPS,Denpasar Ngurah Rai International Airport,Super Air Jet,IU,A320,Airbus A320-232,PK-SGA,Landed 06:57,2026-08-02 05:53:14
SUB,arrivals,2026-08-01,07:00,06:48,JT693,LNI693,KOE,Kupang El Tari Airport,Lion Air,JT,B739,Boeing 737-9GP(ER),PK-LSO,Landed 06:48,2026-08-02 05:53:14
SUB,arrivals,2026-08-01,07:10,06:54,JT315,LNI315,BDJ,Banjarmasin Syamsudin Noor Airport,Lion Air (50th 737-900ER Livery),JT,B739,Boeing 737-9GP(ER),PK-LHY,Landed 06:54,2026-08-02 05:53:14
SUB,arrivals,2026-08-01,07:15,06:51,QG690,CTV690,DPS,Denpasar Ngurah Rai International Airport,Citilink,QG,A320,Airbus A320-214,PK-GLX,Landed 06:51,2026-08-02 05:53:14
SUB,arrivals,2026-08-01,07:15,07:01,JT267,LNI267,TRK,Tarakan Juwata International Airport,Lion Air,JT,B739,Boeing 737-9GP(ER),PK-LSR,Landed 07:01,2026-08-02 05:53:14
SUB,arrivals,2026-08-01,07:40,07:35,JT837,LNI837,PNK,Pontianak Supadio Airport,Lion Air,JT,B738,Boeing 737-8GP,PK-LJR,Landed 07:35,2026-08-02 05:53:14
SUB,arrivals,2026-08-01,07:45,07:24,QG738,CTV738,CGK,Jakarta Soekarno Hatta International Airport,Citilink,QG,A320,Airbus A320-214,PK-GQO,Landed 07:24,2026-08-02 05:53:14
SUB,arrivals,2026-08-01,08:05,,IP200,,CGK,Jakarta Soekarno Hatta International Airport,Pelita Air,IP,320,,,Unknown,2026-08-02 05:53:14
SUB,arrivals,2026-08-01,08:25,08:06,QG691,CTV691,DPS,Denpasar Ngurah Rai International Airport,Citilink,QG,A20N,Airbus A320-251N,PK-GTF,Landed 08:06,2026-08-02 05:53:14
SUB,arrivals,2026-08-01,08:25,,JT981,,UPG,Makassar Sultan Hasanuddin International Airport,Lion Air,JT,738,,,Unknown,2026-08-02 05:53:14
SUB,arrivals,2026-08-01,08:25,08:11,JT801,LNI801,UPG,Makassar Sultan Hasanuddin International Airport,Lion Air,JT,B739,Boeing 737-9GP(ER),PK-LQT,Landed 08:11,2026-08-02 05:53:14
SUB,arrivals,2026-08-01,08:25,,JT781,,UPG,Makassar Sultan Hasanuddin International Airport,Lion Air,JT,738,,,Unknown,2026-08-02 05:53:14
SUB,arrivals,2026-08-01,08:30,08:16,IU649,SJV649,BPN,Balikpapan Sepinggan Airport,Super Air Jet,IU,A320,Airbus A320-232,PK-SJE,Landed 08:16,2026-08-02 05:53:14
SUB,arrivals,2026-08-01,08:30,08:34,GA304,GIA304,CGK,Jakarta Soekarno Hatta International Airport,Garuda Indonesia (Retro 1960 Livery),GA,B738,Boeing 737-8U3,PK-GFM,Landed 08:34,2026-08-02 05:53:14
SUB,arrivals,2026-08-01,08:35,08:14,QG178,CTV178,HLP,Jakarta Halim Perdanakusuma Airport,Citilink,QG,A320,Airbus A320-214,PK-GLQ,Landed 08:14,2026-08-02 05:53:14
SUB,arrivals,2026-08-01,08:45,08:21,QG435,CTV435,BPN,Balikpapan Sepinggan Airport,Citilink,QG,A320,Airbus A320-214,PK-GQU,Landed 08:21,2026-08-02 05:53:14
SUB,arrivals,2026-08-01,08:50,08:31,QG671,CTV671,LOP,Lombok International Airport,Citilink,QG,A320,Airbus A320-214,PK-GLR,Landed 08:31,2026-08-02 05:53:14
SUB,arrivals,2026-08-01,08:50,,IU715,,LOP,Lombok International Airport,Super Air Jet,IU,320,,,Canceled,2026-08-02 05:53:14
SUB,arrivals,2026-08-01,08:55,08:24,QG485,CTV485,BDJ,Banjarmasin Syamsudin Noor Airport,Citilink,QG,A320,Airbus A320-214,PK-GLV,Landed 08:24,2026-08-02 05:53:14
SUB,arrivals,2026-08-01,09:10,08:59,SQ922,SIA922,SIN,Singapore Changi Airport,Singapore Airlines,SQ,A359,Airbus A350-941,9V-SHT,Landed 08:59,2026-08-02 05:53:14
SUB,arrivals,2026-08-01,09:10,08:56,MH871,MAS871,KUL,Kuala Lumpur International Airport,Malaysia Airlines (Malaysia Negaraku Livery),MH,B738,Boeing 737-8H6,9M-MXV,Landed 08:56,2026-08-02 05:53:14
SUB,arrivals,2026-08-01,09:30,09:08,ID6584,BTK6584,CGK,Jakarta Soekarno Hatta International Airport,Batik Air,ID,A320,Airbus A320-214,PK-LAO,Landed 09:08,2026-08-02 05:53:14
SUB,arrivals,2026-08-01,09:30,09:13,GA302,GIA302,CGK,Jakarta Soekarno Hatta International Airport,Garuda Indonesia (Pocari Sweat Livery),GA,B738,Boeing 737-86N,PK-GNN,Landed 09:13,2026-08-02 05:53:14
SUB,arrivals,2026-08-01,09:50,09:47,TR296,TGW296,SIN,Singapore Changi Airport,Scoot,TR,A20N,Airbus A320-271N,9V-TNI,Landed 09:47,2026-08-02 05:53:14
SUB,arrivals,2026-08-01,09:50,09:51,IU719,SJV719,LOP,Lombok International Airport,Super Air Jet (Xpora Livery),IU,A320,Airbus A320-232,PK-SAE,Landed 09:51,2026-08-02 05:53:14
SUB,arrivals,2026-08-01,09:55,09:36,IP202,PAS202,CGK,Jakarta Soekarno Hatta International Airport,Pelita Air,IP,A320,Airbus A320-214,PK-PWQ,Landed 09:36,2026-08-02 05:53:14
SUB,arrivals,2026-08-01,10:00,,IU641,,AAP,Samarinda AP Tumenggung Pranoto Airport,Super Air Jet,IU,320,,,Canceled,2026-08-02 05:53:14
SUB,arrivals,2026-08-01,10:15,10:00,ID7513,BTK7513,HLP,Jakarta Halim Perdanakusuma Airport,Batik Air,ID,A320,Airbus A320-232,PK-BKR,Landed 10:00,2026-08-02 05:53:14
SUB,arrivals,2026-08-01,10:25,,JT241,,CGK,Jakarta Soekarno Hatta International Airport,Lion Air,JT,739,,,Unknown,2026-08-02 05:53:14
SUB,arrivals,2026-08-01,10:25,10:33,JT697,LNI697,KOE,Kupang El Tari Airport,Lion Air,JT,B739,Boeing 737-9GP(ER),PK-LFK,Landed 10:33,2026-08-02 05:53:14
SUB,arrivals,2026-08-01,10:25,10:14,GA322,GIA322,CGK,Jakarta Soekarno Hatta International Airport,Garuda Indonesia,GA,B738,Boeing 737-8BK,PK-GFG,Landed 10:14,2026-08-02 05:53:14
SUB,arrivals,2026-08-01,10:30,10:19,JT791,LNI791,UPG,Makassar Sultan Hasanuddin International Airport,Lion Air,JT,B739,Boeing 737-9GP(ER),PK-LHR,Landed 10:19,2026-08-02 05:53:14
SUB,arrivals,2026-08-01,10:35,,JT1707,,UPG,Makassar Sultan Hasanuddin International Airport,Lion Air,JT,739,,,Unknown,2026-08-02 05:53:14
SUB,arrivals,2026-08-01,10:35,10:41,JT805,LNI805,DPS,Denpasar Ngurah Rai International Airport,Lion Air,JT,B739,Boeing 737-9GP(ER),PK-LSO,Landed 10:41,2026-08-02 05:53:14
SUB,arrivals,2026-08-01,10:35,,JT680,,UPG,Makassar Sultan Hasanuddin International Airport,Lion Air,JT,738,,,Unknown,2026-08-02 05:53:14
SUB,arrivals,2026-08-01,10:35,10:25,JT694,LNI694,CGK,Jakarta Soekarno Hatta International Airport,Lion Air,JT,B738,Boeing 737-8GP,PK-LOQ,Landed 10:25,2026-08-02 05:53:14
SUB,arrivals,2026-08-01,10:45,11:55,QZ321,AWQ321,KUL,Kuala Lumpur International Airport,AirAsia (Colours of Indonesia Livery),AK,A320,Airbus A320-216,PK-AXD,Landed 11:55,2026-08-02 05:53:14
SUB,arrivals,2026-08-01,10:55,10:28,QG718,CTV718,CGK,Jakarta Soekarno Hatta International Airport,Citilink,QG,A320,Airbus A320-214,PK-GQP,Landed 10:28,2026-08-02 05:53:14
SUB,arrivals,2026-08-01,10:55,,OD352,,KUL,Kuala Lumpur International Airport,Batik Air Malaysia,OD,7M8,,,Canceled,2026-08-02 05:53:14
SUB,arrivals,2026-08-01,10:55,,JT970,,BTH,Batam Hang Nadim Airport,Lion Air,JT,739,,,Canceled,2026-08-02 05:53:14
SUB,arrivals,2026-08-01,10:55,,ID7517,,HLP,Jakarta Halim Perdanakusuma Airport,Batik Air,ID,32A,,,Canceled,2026-08-02 05:53:14
SUB,arrivals,2026-08-01,10:55,10:37,ID6134,BTK6134,PKN,Pangkalan Bun Iskandar Airport,Batik Air,ID,A320,Airbus A320-214,PK-LUG,Landed 10:37,2026-08-02 05:53:14
SUB,arrivals,2026-08-01,11:20,11:04,QZ393,AWQ393,JHB,Johor Bahru Senai International Airport,AirAsia (Lombok Livery),AK,A320,Airbus A320-216,PK-AXU,Landed 11:04,2026-08-02 05:53:14
SUB,arrivals,2026-08-01,11:20,11:13,JT223,LNI223,BDJ,Banjarmasin Syamsudin Noor Airport,Lion Air,JT,B739,Boeing 737-9GP(ER),PK-LSR,Landed 11:13,2026-08-02 05:53:14
SUB,arrivals,2026-08-01,11:20,10:54,IW1804,WON1804,SMQ,Sampit Airport,Wings Air,IW,AT76,ATR 72-600,PK-WGV,Landed 10:54,2026-08-02 05:53:14
SUB,arrivals,2026-08-01,11:20,,IN671,,TMC,Tambolaka Airport,Nam Air,IN,735,,,Unknown,2026-08-02 05:53:14
SUB,arrivals,2026-08-01,11:25,11:08,QG351,CTV351,UPG,Makassar Sultan Hasanuddin International Airport,Citilink,QG,A320,Airbus A320-214,PK-GLI,Landed 11:08,2026-08-02 05:53:14
SUB,arrivals,2026-08-01,11:40,11:31,IU611,SJV611,BPN,Balikpapan Sepinggan Airport,Super Air Jet,IU,A320,Airbus A320-232,PK-SGA,Landed 11:31,2026-08-02 05:53:14
SUB,arrivals,2026-08-01,11:45,11:21,QG461,CTV461,AAP,Samarinda AP Tumenggung Pranoto Airport,Citilink,QG,A320,Airbus A320-214,PK-GLX,Landed 11:21,2026-08-02 05:53:14
SUB,arrivals,2026-08-01,12:10,11:52,QG487,CTV487,BDJ,Banjarmasin Syamsudin Noor Airport,Citilink,QG,A320,Airbus A320-214,PK-GQU,Landed 11:52,2026-08-02 05:53:14
SUB,arrivals,2026-08-01,12:15,11:48,QG697,CTV697,DPS,Denpasar Ngurah Rai International Airport,Citilink,QG,A320,Airbus A320-214,PK-GLV,Landed 11:48,2026-08-02 05:53:14
SUB,arrivals,2026-08-01,12:15,11:58,IP204,PAS204,CGK,Jakarta Soekarno Hatta International Airport,Pelita Air,IP,A320,Airbus A320-214,PK-PWG,Landed 11:58,2026-08-02 05:53:14
SUB,arrivals,2026-08-01,12:20,,JT1787,,UPG,Makassar Sultan Hasanuddin International Airport,Lion Air,JT,738,,,Unknown,2026-08-02 05:53:11
SUB,arrivals,2026-08-01,12:20,,JT949,,UPG,Makassar Sultan Hasanuddin International Airport,Lion Air,JT,738,,,Unknown,2026-08-02 05:53:14
SUB,arrivals,2026-08-01,12:20,12:02,JT787,LNI787,UPG,Makassar Sultan Hasanuddin International Airport,Lion Air,JT,B739,Boeing 737-9GP(ER),PK-LJI,Landed 12:02,2026-08-02 05:53:14
SUB,arrivals,2026-08-01,12:30,19:57,AK387,AWQ387,PEN,Penang International Airport,AirAsia,AK,A320,Airbus A320-214,PK-AZJ,Landed 19:57,2026-08-02 05:53:11
SUB,arrivals,2026-08-01,12:30,17:01,JT869,LNI869,TTE,Ternate Babullah Airport,Lion Air,JT,B738,Boeing 737-8GP,PK-LPK,Landed 17:01,2026-08-02 05:53:11
SUB,arrivals,2026-08-01,13:00,12:37,QZ325,AWQ325,KUL,Kuala Lumpur International Airport,AirAsia,AK,A320,Airbus A320-214,PK-AZJ,Landed 12:37,2026-08-02 05:53:11
SUB,arrivals,2026-08-01,13:10,13:32,IU653,SJV653,AAP,Samarinda AP Tumenggung Pranoto Airport,Super Air Jet,IU,A320,Airbus A320-232,PK-SJV,Landed 13:32,2026-08-02 05:53:11
SUB,arrivals,2026-08-01,13:20,13:29,IU617,SJV617,BPN,Balikpapan Sepinggan Airport,Super Air Jet,IU,A320,Airbus A320-232,PK-SJE,Landed 13:29,2026-08-02 05:53:11
SUB,arrivals,2026-08-01,13:30,12:59,QG736,CTV736,CGK,Jakarta Soekarno Hatta International Airport,Citilink,QG,A320,Airbus A320-214,PK-GQD,Landed 12:59,2026-08-02 05:53:11
SUB,arrivals,2026-08-01,13:30,,IU635,,BDJ,Banjarmasin Syamsudin Noor Airport,Super Air Jet,IU,320,,,Canceled,2026-08-02 05:53:11
SUB,arrivals,2026-08-01,13:40,13:35,MF8721,CXA8721,FOC,Fuzhou Changle International Airport,Xiamen Air,MF,B738,Boeing 737-85C,B-6489,Landed 13:35,2026-08-02 05:53:11
SUB,arrivals,2026-08-01,13:50,13:56,IU717,SJV717,LOP,Lombok International Airport,Super Air Jet (Xpora Livery),IU,A320,Airbus A320-232,PK-SAE,Landed 13:56,2026-08-02 05:53:11
SUB,arrivals,2026-08-01,13:50,13:38,GA312,GIA312,CGK,Jakarta Soekarno Hatta International Airport,Garuda Indonesia (Pokémon Livery),GA,B738,Boeing 737-8U3,PK-GMU,Landed 13:38,2026-08-02 05:53:11
SUB,arrivals,2026-08-01,13:55,14:26,JT919,LNI919,DPS,Denpasar Ngurah Rai International Airport,Lion Air,JT,B739,Boeing 737-9GP(ER),PK-LHR,Landed 14:26,2026-08-02 05:53:11
SUB,arrivals,2026-08-01,14:00,13:42,QG176,CTV176,HLP,Jakarta Halim Perdanakusuma Airport,Citilink (Tiket.com Livery),QG,A320,Airbus A320-214,PK-GLW,Landed 13:42,2026-08-02 05:53:11
SUB,arrivals,2026-08-01,14:15,14:08,3Y935,MYU935,SRG,Semarang Achmad Yani International Airport,My Indo Airlines,3Y,B734,Boeing 737-4Q8(SF),PK-MYN,Landed 14:08,2026-08-02 05:53:11
SUB,arrivals,2026-08-01,14:20,14:24,QG495,CTV495,BDJ,Banjarmasin Syamsudin Noor Airport,Citilink,QG,A20N,Airbus A320-251N,PK-GTC,Landed 14:24,2026-08-02 05:53:11
SUB,arrivals,2026-08-01,14:25,13:53,IW1896,WON1896,SRG,Semarang Achmad Yani International Airport,Wings Air,IW,AT76,ATR 72-600,PK-WGV,Landed 13:53,2026-08-02 05:53:11
SUB,arrivals,2026-08-01,14:30,14:16,QG949,CTV949,BTH,Batam Hang Nadim Airport,Citilink,QG,A320,Airbus A320-214,PK-GLR,Landed 14:16,2026-08-02 05:53:11
SUB,arrivals,2026-08-01,14:30,14:12,JT749,LNI749,MDC,Manado Sam Ratulangi International Airport,Lion Air,JT,B739,Boeing 737-9GP(ER),PK-LHQ,Landed 14:12,2026-08-02 05:53:11
SUB,arrivals,2026-08-01,14:35,14:21,JT879,LNI879,AMQ,Ambon Pattimura Airport,Lion Air,JT,B739,Boeing 737-9GP(ER),PK-LFY,Landed 14:21,2026-08-02 05:53:11
SUB,arrivals,2026-08-01,14:50,14:56,IU675,SJV675,PKY,Palangkaraya Tjilik Riwut Airport,Super Air Jet,IU,A320,Airbus A320-232,PK-STA,Landed 14:56,2026-08-02 05:53:11
SUB,arrivals,2026-08-01,14:50,14:47,JT983,LNI983,PKU,Pekanbaru Sultan Syarif Kasim II Airport,Lion Air,JT,B738,Boeing 737-8GP,PK-LJR,Landed 14:47,2026-08-02 05:53:11
SUB,arrivals,2026-08-01,14:55,14:52,JT707,LNI707,UPG,Makassar Sultan Hasanuddin International Airport,Lion Air (50th 737-900ER Livery),JT,B739,Boeing 737-9GP(ER),PK-LHY,Landed 14:52,2026-08-02 05:53:11
SUB,arrivals,2026-08-01,15:00,,JT1985,,UPG,Makassar Sultan Hasanuddin International Airport,Lion Air,JT,739,,,Unknown,2026-08-02 05:53:11
SUB,arrivals,2026-08-01,15:00,,JT1801,,UPG,Makassar Sultan Hasanuddin International Airport,Lion Air,JT,738,,,Unknown,2026-08-02 05:53:11
SUB,arrivals,2026-08-01,15:00,,JT897,,UPG,Makassar Sultan Hasanuddin International Airport,Lion Air,JT,738,,,Unknown,2026-08-02 05:53:11
SUB,arrivals,2026-08-01,15:00,,JT838,,UPG,Makassar Sultan Hasanuddin International Airport,Lion Air,JT,739,,,Unknown,2026-08-02 05:53:11
SUB,arrivals,2026-08-01,15:00,14:36,ID7501,BTK7501,HLP,Jakarta Halim Perdanakusuma Airport,Batik Air,ID,A320,Airbus A320-214,PK-BKU,Landed 14:36,2026-08-02 05:53:11
SUB,arrivals,2026-08-01,15:00,15:04,ID6406,BTK6406,CGK,Jakarta Soekarno Hatta International Airport,Batik Air,ID,A320,Airbus A320-214,PK-BLC,Landed 15:04,2026-08-02 05:53:11
SUB,arrivals,2026-08-01,15:10,14:41,QG716,CTV716,CGK,Jakarta Soekarno Hatta International Airport,Citilink,QG,A320,Airbus A320-214,PK-GQA,Landed 14:41,2026-08-02 05:53:11
SUB,arrivals,2026-08-01,15:15,15:00,GA310,GIA310,CGK,Jakarta Soekarno Hatta International Airport,Garuda Indonesia,GA,B738,Boeing 737-86N,PK-GFS,Landed 15:00,2026-08-02 05:53:11
SUB,arrivals,2026-08-01,15:30,,IN193,,PKN,Pangkalan Bun Iskandar Airport,Nam Air,IN,735,,,Unknown,2026-08-02 05:53:11
SUB,arrivals,2026-08-01,15:40,15:33,SQ926,SIA926,SIN,Singapore Changi Airport,Singapore Airlines,SQ,B38M,Boeing 737 MAX 8,9V-MBA,Landed 15:33,2026-08-02 05:53:11
SUB,arrivals,2026-08-01,15:40,15:24,QG669,CTV669,DPS,Denpasar Ngurah Rai International Airport,Citilink,QG,A320,Airbus A320-214,PK-GQU,Landed 15:24,2026-08-02 05:53:11
SUB,arrivals,2026-08-01,15:50,,QG457,,PKY,Palangkaraya Tjilik Riwut Airport,Citilink,QG,A320,Airbus A320-214,PK-GLT,Canceled,2026-08-02 05:53:11
SUB,arrivals,2026-08-01,15:55,15:48,JT695,LNI695,KOE,Kupang El Tari Airport,Lion Air,JT,B738,Boeing 737-8GP,PK-LOQ,Landed 15:48,2026-08-02 05:53:11
SUB,arrivals,2026-08-01,16:00,15:40,IP206,PAS206,CGK,Jakarta Soekarno Hatta International Airport,Pelita Air,IP,A320,Airbus A320-214,PK-PWC,Landed 15:40,2026-08-02 05:53:11
SUB,arrivals,2026-08-01,16:15,15:56,GA326,GIA326,CGK,Jakarta Soekarno Hatta International Airport,Garuda Indonesia,GA,B738,Boeing 737-8U3,PK-GMY,Landed 15:56,2026-08-02 05:53:11
SUB,arrivals,2026-08-01,16:15,16:08,QG417,CTV417,PNK,Pontianak Supadio Airport,Citilink,QG,A320,Airbus A320-214,PK-GLX,Landed 16:08,2026-08-02 05:53:11
SUB,arrivals,2026-08-01,16:35,16:36,JT972,LNI972,BTH,Batam Hang Nadim Airport,Lion Air,JT,B739,Boeing 737-9GP(ER),PK-LFO,Landed 16:36,2026-08-02 05:53:11
SUB,arrivals,2026-08-01,16:35,,JT171,,CGK,Jakarta Soekarno Hatta International Airport,Lion Air,JT,739,,,Unknown,2026-08-02 05:53:11
SUB,arrivals,2026-08-01,16:35,16:11,JT692,LNI692,CGK,Jakarta Soekarno Hatta International Airport,Lion Air,JT,B738,Boeing 737-8GP,PK-LKQ,Landed 16:11,2026-08-02 05:53:11
SUB,arrivals,2026-08-01,16:40,16:20,QG353,CTV353,UPG,Makassar Sultan Hasanuddin International Airport,Citilink,QG,A320,Airbus A320-214,PK-GQO,Landed 16:20,2026-08-02 05:53:11
SUB,arrivals,2026-08-01,16:40,16:32,JT681,LNI681,PKY,Palangkaraya Tjilik Riwut Airport,Lion Air,JT,B739,Boeing 737-9GP(ER),PK-LJI,Landed 16:32,2026-08-02 05:53:11
SUB,arrivals,2026-08-01,16:40,,IU703,,DPS,Denpasar Ngurah Rai International Airport,Super Air Jet,IU,320,,,Canceled,2026-08-02 05:53:11
SUB,arrivals,2026-08-01,16:50,,ID6711,,CGK,Jakarta Soekarno Hatta International Airport,Batik Air,ID,32A,,,Unknown,2026-08-02 05:53:11
SUB,arrivals,2026-08-01,16:50,,ID6578,,CGK,Jakarta Soekarno Hatta International Airport,Batik Air,ID,32A,,,Canceled,2026-08-02 05:53:11
SUB,arrivals,2026-08-01,17:10,18:58,QZ323,AWQ323,KUL,Kuala Lumpur International Airport,AirAsia (Dnars Indonesia Livery),AK,A320,Airbus A320-216,PK-AZN,Landed 18:58,2026-08-02 05:53:11
SUB,arrivals,2026-08-01,17:10,17:08,GA349,GIA349,DPS,Denpasar Ngurah Rai International Airport,Garuda Indonesia (Retro 1960 Livery),GA,B738,Boeing 737-8U3,PK-GFM,Landed 17:08,2026-08-02 05:53:11
SUB,arrivals,2026-08-01,17:15,,IU615,,BPN,Balikpapan Sepinggan Airport,Super Air Jet,IU,320,,,Canceled,2026-08-02 05:53:11
SUB,arrivals,2026-08-01,17:15,17:25,ID7515,BTK7515,HLP,Jakarta Halim Perdanakusuma Airport,Batik Air,ID,A320,Airbus A320-214,PK-LAQ,Landed 17:25,2026-08-02 05:53:11
SUB,arrivals,2026-08-01,17:20,,JT687,,PKY,Palangkaraya Tjilik Riwut Airport,Lion Air,JT,738,,,Canceled,2026-08-02 05:53:11
SUB,arrivals,2026-08-01,17:25,,SJ563,,UPG,Makassar Sultan Hasanuddin International Airport,Sriwijaya Air,SJ,735,,,Unknown,2026-08-02 05:53:11
SUB,arrivals,2026-08-01,17:35,17:37,IU363,SJV363,KNO,Medan Kuala Namu International Airport,Super Air Jet,IU,A320,Airbus A320-232,PK-STC,Landed 17:37,2026-08-02 05:53:11
SUB,arrivals,2026-08-01,17:35,17:17,IP622,PAS622,BPN,Balikpapan Sepinggan Airport,Pelita Air,IP,A320,Airbus A320-214,PK-PWQ,Landed 17:17,2026-08-02 05:53:11
SUB,arrivals,2026-08-01,17:40,17:21,GA320,GIA320,CGK,Jakarta Soekarno Hatta International Airport,Garuda Indonesia,GA,B738,Boeing 737-8U3,PK-GMP,Landed 17:21,2026-08-02 05:53:11
SUB,arrivals,2026-08-01,17:50,,JT997,,UPG,Makassar Sultan Hasanuddin International Airport,Lion Air,JT,738,,,Unknown,2026-08-02 05:53:11
SUB,arrivals,2026-08-01,17:50,,JT1945,,UPG,Makassar Sultan Hasanuddin International Airport,Lion Air,JT,738,,,Unknown,2026-08-02 05:53:11
SUB,arrivals,2026-08-01,17:50,,JT1885,,UPG,Makassar Sultan Hasanuddin International Airport,Lion Air,JT,738,,,Unknown,2026-08-02 05:53:11
SUB,arrivals,2026-08-01,17:50,,JT1797,,UPG,Makassar Sultan Hasanuddin International Airport,Lion Air,JT,739,,,Unknown,2026-08-02 05:53:11
SUB,arrivals,2026-08-01,17:50,,JT1881,,UPG,Makassar Sultan Hasanuddin International Airport,Lion Air,JT,739,,,Unknown,2026-08-02 05:53:11
SUB,arrivals,2026-08-01,17:50,,JT853,,UPG,Makassar Sultan Hasanuddin International Airport,Lion Air,JT,739,,,Unknown,2026-08-02 05:53:11
SUB,arrivals,2026-08-01,17:50,20:01,JT885,LNI885,UPG,Makassar Sultan Hasanuddin International Airport,Lion Air,JT,B739,Boeing 737-9GP(ER),PK-LFW,Landed 20:01,2026-08-02 05:53:11
SUB,arrivals,2026-08-01,18:00,,ID7503,,HLP,Jakarta Halim Perdanakusuma Airport,Batik Air,ID,32A,,,Canceled,2026-08-02 05:53:11
SUB,arrivals,2026-08-01,18:10,17:50,IU2725,SJV2725,LBJ,Labuan Bajo Komodo Airport,Super Air Jet,IU,A320,Airbus A320-232,PK-SAO,Landed 17:50,2026-08-02 05:53:11
SUB,arrivals,2026-08-01,18:15,18:15,QG174,CTV174,CGK,Jakarta Soekarno Hatta International Airport,Citilink,QG,A320,Airbus A320-214,PK-GQP,Landed 18:15,2026-08-02 05:53:11
SUB,arrivals,2026-08-01,18:15,19:20,CX629,CPA629,HKG,Hong Kong International Airport,Cathay Pacific,CX,A333,Airbus A330-343,B-HWM,Landed 19:20,2026-08-02 05:53:11
SUB,arrivals,2026-08-01,18:20,18:10,SQ928,SIA928,SIN,Singapore Changi Airport,Singapore Airlines,SQ,B38M,Boeing 737 MAX 8,9V-MBU,Landed 18:10,2026-08-02 05:53:11
SUB,arrivals,2026-08-01,18:20,18:33,JT361,LNI361,BPN,Balikpapan Sepinggan Airport,Lion Air,JT,B739,Boeing 737-9GP(ER),PK-LHR,Landed 18:33,2026-08-02 05:53:11
SUB,arrivals,2026-08-01,18:30,18:07,ID6576,BTK6576,CGK,Jakarta Soekarno Hatta International Airport,Batik Air,ID,B738,Boeing 737-8GP,PK-LZV,Landed 18:07,2026-08-02 05:53:11
SUB,arrivals,2026-08-01,18:35,18:38,JT311,LNI311,BDJ,Banjarmasin Syamsudin Noor Airport,Lion Air (50th 737-900ER Livery),JT,B739,Boeing 737-9GP(ER),PK-LHY,Landed 18:38,2026-08-02 05:53:11
SUB,arrivals,2026-08-01,18:40,18:54,QG355,CTV355,UPG,Makassar Sultan Hasanuddin International Airport,Citilink,QG,A20N,Airbus A320-251N,PK-GTC,Landed 18:54,2026-08-02 05:53:11
SUB,arrivals,2026-08-01,18:50,18:30,IP210,PAS210,CGK,Jakarta Soekarno Hatta International Airport,Pelita Air,IP,A320,Airbus A320-232,PK-PWL,Landed 18:30,2026-08-02 05:53:11
SUB,arrivals,2026-08-01,18:55,18:41,QG431,CTV431,BPN,Balikpapan Sepinggan Airport,Citilink (Tiket.com Livery),QG,A320,Airbus A320-214,PK-GLW,Landed 18:41,2026-08-02 05:53:11
SUB,arrivals,2026-08-01,19:00,18:45,TR266,TGW266,SIN,Singapore Changi Airport,Scoot,TR,A20N,Airbus A320-271N,9V-TNL,Landed 18:45,2026-08-02 05:53:11
SUB,arrivals,2026-08-01,19:05,18:50,QG489,CTV489,BDJ,Banjarmasin Syamsudin Noor Airport,Citilink,QG,A320,Airbus A320-214,PK-GQU,Landed 18:50,2026-08-02 05:53:11
SUB,arrivals,2026-08-01,19:20,20:50,SJ567,SJY567,UPG,Makassar Sultan Hasanuddin International Airport,Sriwijaya Air,SJ,B735,Boeing 737-524,PK-CLF,Landed 20:50,2026-08-02 05:53:11
SUB,arrivals,2026-08-01,19:25,19:11,QG673,CTV673,LOP,Lombok International Airport,Citilink,QG,A320,Airbus A320-214,PK-GLR,Landed 19:11,2026-08-02 05:53:11
SUB,arrivals,2026-08-01,19:40,19:26,QG699,CTV699,DPS,Denpasar Ngurah Rai International Airport,Citilink,QG,A320,Airbus A320-214,PK-GLX,Landed 19:26,2026-08-02 05:53:11
SUB,arrivals,2026-08-01,19:55,20:12,JT923,LNI923,DPS,Denpasar Ngurah Rai International Airport,Lion Air,JT,B739,Boeing 737-9GP(ER),PK-LFO,Landed 20:12,2026-08-02 05:53:11
SUB,arrivals,2026-08-01,19:55,,ID8555,,UPG,Makassar Sultan Hasanuddin International Airport,Batik Air,ID,32A,,,Canceled,2026-08-02 05:53:11
SUB,arrivals,2026-08-01,19:55,,ID8261,,UPG,Makassar Sultan Hasanuddin International Airport,Batik Air,ID,32A,,,Unknown,2026-08-02 05:53:11
SUB,arrivals,2026-08-01,19:55,,ID8183,,UPG,Makassar Sultan Hasanuddin International Airport,Batik Air,ID,32A,,,Unknown,2026-08-02 05:53:11
SUB,arrivals,2026-08-01,19:55,,ID8763,,UPG,Makassar Sultan Hasanuddin International Airport,Batik Air,ID,32A,,,Unknown,2026-08-02 05:53:11
SUB,arrivals,2026-08-01,19:55,,ID8293,,UPG,Makassar Sultan Hasanuddin International Airport,Batik Air,ID,32A,,,Unknown,2026-08-02 05:53:11
SUB,arrivals,2026-08-01,19:55,,ID8750,,UPG,Makassar Sultan Hasanuddin International Airport,Batik Air,ID,32A,,,Unknown,2026-08-02 05:53:11
SUB,arrivals,2026-08-01,19:55,19:40,ID6137,BTK6137,UPG,Makassar Sultan Hasanuddin International Airport,Batik Air,ID,A320,Airbus A320-214,PK-BKP,Landed 19:40,2026-08-02 05:53:11
SUB,arrivals,2026-08-01,20:00,22:20,IU341,SJV341,PNK,Pontianak Supadio Airport,Super Air Jet,IU,A320,Airbus A320-232,PK-STG,Landed 22:20,2026-08-02 05:53:11
SUB,arrivals,2026-08-01,20:30,20:04,QG726,CTV726,CGK,Jakarta Soekarno Hatta International Airport,Citilink,QG,A320,Airbus A320-214,PK-GQE,Landed 20:04,2026-08-02 05:53:11
SUB,arrivals,2026-08-01,20:30,20:16,ID6415,BTK6415,DPS,Denpasar Ngurah Rai International Airport,Batik Air,ID,A320,Airbus A320-214,PK-LUU,Landed 20:16,2026-08-02 05:53:11
SUB,arrivals,2026-08-01,20:45,20:08,QG172,CTV172,HLP,Jakarta Halim Perdanakusuma Airport,Citilink,QG,A320,Airbus A320-214,PK-GQO,Landed 20:08,2026-08-02 05:53:11
SUB,arrivals,2026-08-01,20:45,20:47,ID7251,BTK7251,KUL,Kuala Lumpur International Airport,Batik Air,ID,B738,Boeing 737-8GP,PK-LZZ,Landed 20:47,2026-08-02 05:53:11
SUB,arrivals,2026-08-01,21:30,,ID6821,,CGK,Jakarta Soekarno Hatta International Airport,Batik Air,ID,32A,,,Unknown,2026-08-02 05:53:11
SUB,arrivals,2026-08-01,21:30,21:11,ID6588,BTK6588,CGK,Jakarta Soekarno Hatta International Airport,Batik Air,ID,A320,Airbus A320-214,PK-LUJ,Landed 21:11,2026-08-02 05:53:11
SUB,arrivals,2026-08-01,21:40,21:17,ID7521,BTK7521,HLP,Jakarta Halim Perdanakusuma Airport,Batik Air,ID,A320,Airbus A320-214,PK-LAQ,Landed 21:17,2026-08-02 05:53:11
SUB,arrivals,2026-08-01,21:50,21:32,GA324,GIA324,CGK,Jakarta Soekarno Hatta International Airport,Garuda Indonesia,GA,B738,Boeing 737-8U3,PK-GFF,Landed 21:32,2026-08-02 05:53:11
SUB,arrivals,2026-08-01,22:00,22:48,CZ8137,CSN8137,CAN,Guangzhou Baiyun International Airport,China Southern Airlines,CZ,A21N,Airbus A321-251NX,B-32M5,Landed 22:48,2026-08-02 05:53:11
SUB,arrivals,2026-08-01,22:40,22:05,QG728,CTV728,CGK,Jakarta Soekarno Hatta International Airport,Citilink,QG,A320,Airbus A320-214,PK-GLO,Landed 22:05,2026-08-02 05:53:11
SUB,arrivals,2026-08-01,23:30,05:08,QZ327,AWQ327,KUL,Kuala Lumpur International Airport,AirAsia (Dnars Indonesia Livery),AK,A320,Airbus A320-216,PK-AZN,Landed 05:08,2026-08-02 05:53:11
SUB,departures,2026-08-01,05:00,05:11,JT878,LNI878,AMQ,Ambon Pattimura Airport,Lion Air,JT,B739,Boeing 737-9GP(ER),PK-LFY,Departed 05:11,2026-08-02 05:53:38
SUB,departures,2026-08-01,05:00,06:15,ID7508,BTK7508,HLP,Jakarta Halim Perdanakusuma Airport,Batik Air,ID,A320,Airbus A320-232,PK-BKR,Departed 06:15,2026-08-02 05:53:38
SUB,departures,2026-08-01,05:05,05:14,QZ320,AWQ320,KUL,Kuala Lumpur International Airport,AirAsia (Colours of Indonesia Livery),AK,A320,Airbus A320-216,PK-AXD,Departed 05:14,2026-08-02 05:53:38
SUB,departures,2026-08-01,05:05,05:02,QG430,CTV430,BPN,Balikpapan Sepinggan Airport,Citilink,QG,A320,Airbus A320-214,PK-GQU,Departed 05:02,2026-08-02 05:53:38
SUB,departures,2026-08-01,05:05,,JT742,,UPG,Makassar Sultan Hasanuddin International Airport,Lion Air,JT,738,,,Unknown,2026-08-02 05:53:38
SUB,departures,2026-08-01,05:05,05:16,JT786,LNI786,UPG,Makassar Sultan Hasanuddin International Airport,Lion Air,JT,B739,Boeing 737-9GP(ER),PK-LQS,Departed 05:16,2026-08-02 05:53:38
SUB,departures,2026-08-01,05:05,05:21,ID6391,BTK6391,CGK,Jakarta Soekarno Hatta International Airport,Batik Air,ID,A320,Airbus A320-214,PK-LAY,Departed 05:21,2026-08-02 05:53:38
SUB,departures,2026-08-01,05:10,05:08,GA974,GIA974,JED,Jeddah King Abdulaziz International Airport,Garuda Indonesia,GA,A339,Airbus A330-941,PK-GHI,Departed 05:08,2026-08-02 05:53:38
SUB,departures,2026-08-01,05:15,05:23,ID6414,BTK6414,DPS,Denpasar Ngurah Rai International Airport,Batik Air,ID,A320,Airbus A320-214,PK-LUT,Departed 05:23,2026-08-02 05:53:38
SUB,departures,2026-08-01,05:30,05:44,QG692,CTV692,DPS,Denpasar Ngurah Rai International Airport,Citilink,QG,A20N,Airbus A320-251N,PK-GTF,Departed 05:44,2026-08-02 05:53:38
SUB,departures,2026-08-01,05:45,06:07,JT690,LNI690,KOE,Kupang El Tari Airport,Lion Air,JT,B739,Boeing 737-9GP(ER),PK-LFK,Departed 06:07,2026-08-02 05:53:38
SUB,departures,2026-08-01,06:00,06:05,QG670,CTV670,LOP,Lombok International Airport,Citilink,QG,A320,Airbus A320-214,PK-GLR,Departed 06:05,2026-08-02 05:53:38
SUB,departures,2026-08-01,06:00,05:55,QG484,CTV484,BDJ,Banjarmasin Syamsudin Noor Airport,Citilink,QG,A320,Airbus A320-214,PK-GLV,Departed 05:55,2026-08-02 05:53:38
SUB,departures,2026-08-01,06:00,06:03,JT868,LNI868,TTE,Ternate Babullah Airport,Lion Air,JT,B738,Boeing 737-8GP,PK-LPK,Departed 06:03,2026-08-02 05:53:38
SUB,departures,2026-08-01,06:00,,IU714,,LOP,Lombok International Airport,Super Air Jet,IU,320,,,Canceled,2026-08-02 05:53:38
SUB,departures,2026-08-01,06:00,,IU640,,AAP,Samarinda AP Tumenggung Pranoto Airport,Super Air Jet,IU,320,,,Canceled,2026-08-02 05:53:38
SUB,departures,2026-08-01,06:00,06:01,BI796,RBA796,BWN,Brunei International Airport,Royal Brunei Airlines (Brunei Tourism Livery),BI,A20N,Airbus A320-251N,V8-RBD,Departed 06:01,2026-08-02 05:53:38
SUB,departures,2026-08-01,06:10,06:09,IP213,PAS213,CGK,Jakarta Soekarno Hatta International Airport,Pelita Air,IP,A320,Airbus A320-214,PK-PWQ,Departed 06:09,2026-08-02 05:53:38
SUB,departures,2026-08-01,06:10,13:33,QZ386,AWQ386,PEN,Penang International Airport,AirAsia,AK,A320,Airbus A320-214,PK-AZJ,Departed 13:33,2026-08-02 05:53:38
SUB,departures,2026-08-01,06:45,07:26,3Y934,MYU934,SIN,Singapore Changi Airport,My Indo Airlines,3Y,B734,Boeing 737-4Q8(SF),PK-MYN,Departed 07:26,2026-08-02 05:53:38
SUB,departures,2026-08-01,06:45,06:52,JT882,LNI882,UPG,Makassar Sultan Hasanuddin International Airport,Lion Air,JT,B739,Boeing 737-9GP(ER),PK-LHR,Departed 06:52,2026-08-02 05:53:38
SUB,departures,2026-08-01,06:50,06:45,JT1892,,UPG,Makassar Sultan Hasanuddin International Airport,Lion Air,JT,738,,,Estimated dep 06:45*,2026-08-02 05:53:38
SUB,departures,2026-08-01,06:50,,JT1942,,UPG,Makassar Sultan Hasanuddin International Airport,Lion Air,JT,739,,,Unknown,2026-08-02 05:53:38
SUB,departures,2026-08-01,06:50,06:50,JT994,,UPG,Makassar Sultan Hasanuddin International Airport,Lion Air,JT,738,,,Estimated dep 06:50*,2026-08-02 05:53:38
SUB,departures,2026-08-01,06:50,06:45,JT854,,UPG,Makassar Sultan Hasanuddin International Airport,Lion Air,JT,739,,,Estimated dep 06:45*,2026-08-02 05:53:38
SUB,departures,2026-08-01,07:00,07:14,IU718,SJV718,LOP,Lombok International Airport,Super Air Jet (Xpora Livery),IU,A320,Airbus A320-232,PK-SAE,Departed 07:14,2026-08-02 05:53:38
SUB,departures,2026-08-01,07:05,07:03,QZ324,AWQ324,KUL,Kuala Lumpur International Airport,AirAsia,AK,A320,Airbus A320-214,PK-AZJ,Departed 07:03,2026-08-02 05:53:38
SUB,departures,2026-08-01,07:05,07:12,GA305,GIA305,CGK,Jakarta Soekarno Hatta International Airport,Garuda Indonesia,GA,B738,Boeing 737-8U3,PK-GMP,Departed 07:12,2026-08-02 05:53:38
SUB,departures,2026-08-01,07:10,07:11,JT971,,BTH,Batam Hang Nadim Airport,Lion Air,JT,739,,,Estimated dep 07:11*,2026-08-02 05:53:38
SUB,departures,2026-08-01,07:30,07:44,ID7510,BTK7510,HLP,Jakarta Halim Perdanakusuma Airport,Batik Air,ID,A320,Airbus A320-214,PK-BKU,Departed 07:44,2026-08-02 05:53:38
SUB,departures,2026-08-01,07:35,07:36,QG175,CTV175,CGK,Jakarta Soekarno Hatta International Airport,Citilink,QG,A320,Airbus A320-214,PK-GQA,Departed 07:36,2026-08-02 05:53:38
SUB,departures,2026-08-01,07:40,07:32,IW1805,WON1805,SMQ,Sampit Airport,Wings Air,IW,AT76,ATR 72-600,PK-WGV,Departed 07:32,2026-08-02 05:53:38
SUB,departures,2026-08-01,07:40,07:49,IU674,SJV674,PKY,Palangkaraya Tjilik Riwut Airport,Super Air Jet,IU,A320,Airbus A320-232,PK-STA,Departed 07:49,2026-08-02 05:53:38
SUB,departures,2026-08-01,07:40,07:51,JT693,LNI693,CGK,Jakarta Soekarno Hatta International Airport,Lion Air,JT,B739,Boeing 737-9GP(ER),PK-LHS,Departed 07:51,2026-08-02 05:53:38
SUB,departures,2026-08-01,07:50,07:54,QG460,CTV460,AAP,Samarinda AP Tumenggung Pranoto Airport,Citilink,QG,A320,Airbus A320-214,PK-GLX,Departed 07:54,2026-08-02 05:53:38
SUB,departures,2026-08-01,07:50,07:55,ID6135,BTK6135,PKN,Pangkalan Bun Iskandar Airport,Batik Air,ID,A320,Airbus A320-214,PK-LUG,Departed 07:55,2026-08-02 05:53:38
SUB,departures,2026-08-01,07:55,07:58,JT102,LNI102,JED,Jeddah King Abdulaziz International Airport,Lion Air,JT,A339,Airbus A330-941,PK-LEI,Departed 07:58,2026-08-02 05:53:38
SUB,departures,2026-08-01,07:55,08:08,JT990,LNI990,DPS,Denpasar Ngurah Rai International Airport,Lion Air,JT,B739,Boeing 737-9GP(ER),PK-LSO,Departed 08:08,2026-08-02 05:53:38
SUB,departures,2026-08-01,07:55,08:01,IU610,SJV610,BPN,Balikpapan Sepinggan Airport,Super Air Jet,IU,A320,Airbus A320-232,PK-SGA,Departed 08:01,2026-08-02 05:53:38
SUB,departures,2026-08-01,08:00,07:46,CZ8138,CSN8138,CAN,Guangzhou Baiyun International Airport,China Southern Airlines,CZ,A21N,Airbus A321-253NX,B-30F6,Departed 07:46,2026-08-02 05:53:38
SUB,departures,2026-08-01,08:10,08:49,CX780,CPA780,HKG,Hong Kong International Airport,Cathay Pacific,CX,A333,Airbus A330-342,B-LAF,Departed 08:49,2026-08-02 05:53:38
SUB,departures,2026-08-01,08:20,08:25,JT222,LNI222,BDJ,Banjarmasin Syamsudin Noor Airport,Lion Air,JT,B739,Boeing 737-9GP(ER),PK-LSR,Departed 08:25,2026-08-02 05:53:38
SUB,departures,2026-08-01,08:20,08:28,GA323,GIA323,CGK,Jakarta Soekarno Hatta International Airport,Garuda Indonesia,GA,B738,Boeing 737-8U3,PK-GNA,Departed 08:28,2026-08-02 05:53:38
SUB,departures,2026-08-01,08:50,,IP201,,CGK,Jakarta Soekarno Hatta International Airport,Pelita Air,IP,320,,,Unknown,2026-08-02 05:53:38
SUB,departures,2026-08-01,08:55,09:05,QG354,CTV354,UPG,Makassar Sultan Hasanuddin International Airport,Citilink,QG,A320,Airbus A320-214,PK-GQO,Departed 09:05,2026-08-02 05:53:38
SUB,departures,2026-08-01,09:00,09:18,QG739,CTV739,CGK,Jakarta Soekarno Hatta International Airport,Citilink,QG,A20N,Airbus A320-251N,PK-GTF,Departed 09:18,2026-08-02 05:53:38
SUB,departures,2026-08-01,09:00,09:16,JT982,LNI982,PKU,Pekanbaru Sultan Syarif Kasim II Airport,Lion Air,JT,B738,Boeing 737-8GP,PK-LJR,Departed 09:16,2026-08-02 05:53:38
SUB,departures,2026-08-01,09:05,09:14,JT642,LNI642,LOP,Lombok International Airport,Lion Air,JT,B739,Boeing 737-9GP(ER),PK-LQT,Departed 09:14,2026-08-02 05:53:38
SUB,departures,2026-08-01,09:10,09:23,IU652,SJV652,AAP,Samarinda AP Tumenggung Pranoto Airport,Super Air Jet,IU,A320,Airbus A320-232,PK-SJV,Departed 09:23,2026-08-02 05:53:38
SUB,departures,2026-08-01,09:15,09:20,QG486,CTV486,BDJ,Banjarmasin Syamsudin Noor Airport,Citilink,QG,A320,Airbus A320-214,PK-GQU,Departed 09:20,2026-08-02 05:53:38
SUB,departures,2026-08-01,09:20,09:30,QG948,CTV948,BTH,Batam Hang Nadim Airport,Citilink,QG,A320,Airbus A320-214,PK-GLR,Departed 09:30,2026-08-02 05:53:38
SUB,departures,2026-08-01,09:20,09:49,GA342,GIA342,DPS,Denpasar Ngurah Rai International Airport,Garuda Indonesia (Retro 1960 Livery),GA,B738,Boeing 737-8U3,PK-GFM,Departed 09:49,2026-08-02 05:53:38
SUB,departures,2026-08-01,09:30,09:37,QG696,CTV696,DPS,Denpasar Ngurah Rai International Airport,Citilink,QG,A320,Airbus A320-214,PK-GLV,Departed 09:37,2026-08-02 05:53:38
SUB,departures,2026-08-01,09:35,09:41,QG179,CTV179,HLP,Jakarta Halim Perdanakusuma Airport,Citilink,QG,A320,Airbus A320-214,PK-GLQ,Departed 09:41,2026-08-02 05:53:38
SUB,departures,2026-08-01,09:35,09:39,IU614,SJV614,BPN,Balikpapan Sepinggan Airport,Super Air Jet,IU,A320,Airbus A320-232,PK-SJE,Departed 09:39,2026-08-02 05:53:38
SUB,departures,2026-08-01,10:00,10:02,MH870,MAS870,KUL,Kuala Lumpur International Airport,Malaysia Airlines (Malaysia Negaraku Livery),MH,B738,Boeing 737-8H6,9M-MXV,Departed 10:02,2026-08-02 05:53:38
SUB,departures,2026-08-01,10:05,10:15,ID7250,BTK7250,KUL,Kuala Lumpur International Airport,Batik Air,ID,B738,Boeing 737-8U3,PK-BGF,Departed 10:15,2026-08-02 05:53:38
SUB,departures,2026-08-01,10:10,11:20,ID6820,,CGK,Jakarta Soekarno Hatta International Airport,Batik Air,ID,32A,,,Unknown,2026-08-02 05:53:38
SUB,departures,2026-08-01,10:10,10:10,ID6585,BTK6585,CGK,Jakarta Soekarno Hatta International Airport,Batik Air,ID,A320,Airbus A320-214,PK-LAO,Departed 10:10,2026-08-02 05:53:38
SUB,departures,2026-08-01,10:15,09:43,GA303,GIA303,CGK,Jakarta Soekarno Hatta International Airport,Garuda Indonesia (Pocari Sweat Livery),GA,B738,Boeing 737-86N,PK-GNN,Departed 09:43,2026-08-02 05:53:38
SUB,departures,2026-08-01,10:25,10:34,SQ923,SIA923,SIN,Singapore Changi Airport,Singapore Airlines,SQ,A359,Airbus A350-941,9V-SHT,Departed 10:34,2026-08-02 05:53:38
SUB,departures,2026-08-01,10:30,,IU634,,BDJ,Banjarmasin Syamsudin Noor Airport,Super Air Jet,IU,320,,,Canceled,2026-08-02 05:53:38
SUB,departures,2026-08-01,10:35,10:50,TR297,TGW297,SIN,Singapore Changi Airport,Scoot,TR,A20N,Airbus A320-271N,9V-TNI,Departed 10:50,2026-08-02 05:53:38
SUB,departures,2026-08-01,10:40,10:55,IU362,SJV362,KNO,Medan Kuala Namu International Airport,Super Air Jet,IU,A320,Airbus A320-232,PK-SAW,Departed 10:55,2026-08-02 05:53:38
SUB,departures,2026-08-01,10:45,10:49,IP203,PAS203,CGK,Jakarta Soekarno Hatta International Airport,Pelita Air,IP,A320,Airbus A320-214,PK-PWQ,Departed 10:49,2026-08-02 05:53:38
SUB,departures,2026-08-01,10:55,11:14,ID7516,BTK7516,HLP,Jakarta Halim Perdanakusuma Airport,Batik Air,ID,A320,Airbus A320-232,PK-BKR,Departed 11:14,2026-08-02 05:53:38
SUB,departures,2026-08-01,11:00,11:09,IU716,SJV716,LOP,Lombok International Airport,Super Air Jet (Xpora Livery),IU,A320,Airbus A320-232,PK-SAE,Departed 11:09,2026-08-02 05:53:38
SUB,departures,2026-08-01,11:05,,JT122,,CGK,Jakarta Soekarno Hatta International Airport,Lion Air,JT,739,,,Unknown,2026-08-02 05:53:35
SUB,departures,2026-08-01,11:05,11:39,JT697,LNI697,CGK,Jakarta Soekarno Hatta International Airport,Lion Air,JT,B739,Boeing 737-9GP(ER),PK-LFK,Departed 11:39,2026-08-02 05:53:38
SUB,departures,2026-08-01,11:10,11:23,JT706,LNI706,UPG,Makassar Sultan Hasanuddin International Airport,Lion Air (50th 737-900ER Livery),JT,B739,Boeing 737-9GP(ER),PK-LHY,Departed 11:23,2026-08-02 05:53:35
SUB,departures,2026-08-01,11:10,11:16,GA327,GIA327,CGK,Jakarta Soekarno Hatta International Airport,Garuda Indonesia,GA,B738,Boeing 737-8BK,PK-GFG,Departed 11:16,2026-08-02 05:53:35
SUB,departures,2026-08-01,11:15,12:24,JT1780,,UPG,Makassar Sultan Hasanuddin International Airport,Lion Air,JT,739,,,Unknown,2026-08-02 05:53:35
SUB,departures,2026-08-01,11:15,11:15,JT998,,UPG,Makassar Sultan Hasanuddin International Airport,Lion Air,JT,738,,,Estimated dep 11:15*,2026-08-02 05:53:35
SUB,departures,2026-08-01,11:15,13:48,JT980,,UPG,Makassar Sultan Hasanuddin International Airport,Lion Air,JT,738,,,Unknown,2026-08-02 05:53:35
SUB,departures,2026-08-01,11:15,11:53,JT804,LNI804,DPS,Denpasar Ngurah Rai International Airport,Lion Air,JT,B739,Boeing 737-9GP(ER),PK-LHR,Departed 11:53,2026-08-02 05:53:35
SUB,departures,2026-08-01,11:15,11:10,JT837,,UPG,Makassar Sultan Hasanuddin International Airport,Lion Air,JT,738,,,Estimated dep 11:10*,2026-08-02 05:53:35
SUB,departures,2026-08-01,11:15,11:25,JT694,LNI694,KOE,Kupang El Tari Airport,Lion Air,JT,B738,Boeing 737-8GP,PK-LOQ,Departed 11:25,2026-08-02 05:53:35
SUB,departures,2026-08-01,11:20,12:46,QZ322,AWQ322,KUL,Kuala Lumpur International Airport,AirAsia (Colours of Indonesia Livery),AK,A320,Airbus A320-216,PK-AXD,Departed 12:46,2026-08-02 05:53:35
SUB,departures,2026-08-01,11:25,11:34,QG719,CTV719,CGK,Jakarta Soekarno Hatta International Airport,Citilink,QG,A320,Airbus A320-214,PK-GQP,Departed 11:34,2026-08-02 05:53:35
SUB,departures,2026-08-01,11:35,11:36,JT104,LNI104,JED,Jeddah King Abdulaziz International Airport,Lion Air,JT,A339,Airbus A330-941,PK-LEQ,Departed 11:36,2026-08-02 05:53:35
SUB,departures,2026-08-01,11:35,,ID7520,,HLP,Jakarta Halim Perdanakusuma Airport,Batik Air,ID,32A,,,Canceled,2026-08-02 05:53:35
SUB,departures,2026-08-01,11:40,11:42,JT973,LNI973,BTH,Batam Hang Nadim Airport,Lion Air,JT,B739,Boeing 737-9GP(ER),PK-LSO,Departed 11:42,2026-08-02 05:53:35
SUB,departures,2026-08-01,11:45,,OD353,,KUL,Kuala Lumpur International Airport,Batik Air Malaysia,OD,7M8,,,Canceled,2026-08-02 05:53:35
SUB,departures,2026-08-01,11:50,11:59,QZ392,AWQ392,JHB,Johor Bahru Senai International Airport,AirAsia (Lombok Livery),AK,A320,Airbus A320-216,PK-AXU,Departed 11:59,2026-08-02 05:53:35
SUB,departures,2026-08-01,11:50,11:45,IW1897,WON1897,SRG,Semarang Achmad Yani International Airport,Wings Air,IW,AT76,ATR 72-600,PK-WGV,Departed 11:45,2026-08-02 05:53:35
SUB,departures,2026-08-01,11:55,12:03,QG350,CTV350,UPG,Makassar Sultan Hasanuddin International Airport,Citilink,QG,A320,Airbus A320-214,PK-GLI,Departed 12:03,2026-08-02 05:53:35
SUB,departures,2026-08-01,12:05,,IN670,,TMC,Tambolaka Airport,Nam Air,IN,735,,,Unknown,2026-08-02 05:53:35
SUB,departures,2026-08-01,12:20,12:20,QG418,CTV418,PNK,Pontianak Supadio Airport,Citilink,QG,A320,Airbus A320-214,PK-GLX,Departed 12:20,2026-08-02 05:53:35
SUB,departures,2026-08-01,12:20,12:33,IU704,SJV704,DPS,Denpasar Ngurah Rai International Airport,Super Air Jet,IU,A320,Airbus A320-232,PK-SGA,Departed 12:33,2026-08-02 05:53:35
SUB,departures,2026-08-01,12:25,15:30,JT996,,UPG,Makassar Sultan Hasanuddin International Airport,Lion Air,JT,738,,,Unknown,2026-08-02 05:53:35
SUB,departures,2026-08-01,12:25,12:30,JT780,LNI780,UPG,Makassar Sultan Hasanuddin International Airport,Lion Air,JT,B739,Boeing 737-9GP(ER),PK-LSR,Departed 12:30,2026-08-02 05:53:35
SUB,departures,2026-08-01,12:40,,QG456,,PKY,Palangkaraya Tjilik Riwut Airport,Citilink,QG,A320,Airbus A320-214,PK-GLT,Canceled,2026-08-02 05:53:35
SUB,departures,2026-08-01,12:45,12:50,QG668,CTV668,DPS,Denpasar Ngurah Rai International Airport,Citilink,QG,A320,Airbus A320-214,PK-GQU,Departed 12:50,2026-08-02 05:53:35
SUB,departures,2026-08-01,13:25,13:24,IP205,PAS205,CGK,Jakarta Soekarno Hatta International Airport,Pelita Air,IP,A320,Airbus A320-214,PK-PWG,Departed 13:24,2026-08-02 05:53:35
SUB,departures,2026-08-01,13:30,13:30,JT805,,PKY,Palangkaraya Tjilik Riwut Airport,Lion Air,JT,739,,,Estimated dep 13:30*,2026-08-02 05:53:35
SUB,departures,2026-08-01,13:30,13:40,JT680,LNI680,PKY,Palangkaraya Tjilik Riwut Airport,Lion Air,JT,B739,Boeing 737-9GP(ER),PK-LJI,Departed 13:40,2026-08-02 05:53:35
SUB,departures,2026-08-01,13:50,14:37,IU618,SJV618,BPN,Balikpapan Sepinggan Airport,Super Air Jet,IU,A320,Airbus A320-232,PK-SJV,Departed 14:37,2026-08-02 05:53:35
SUB,departures,2026-08-01,14:00,14:03,QG737,CTV737,CGK,Jakarta Soekarno Hatta International Airport,Citilink,QG,A320,Airbus A320-214,PK-GLV,Departed 14:03,2026-08-02 05:53:35
SUB,departures,2026-08-01,14:00,,IU706,,DPS,Denpasar Ngurah Rai International Airport,Super Air Jet,IU,320,,,Canceled,2026-08-02 05:53:35
SUB,departures,2026-08-01,14:10,,JT686,,PKY,Palangkaraya Tjilik Riwut Airport,Lion Air,JT,738,,,Canceled,2026-08-02 05:53:35
SUB,departures,2026-08-01,14:30,14:17,IU2726,SJV2726,LBJ,Labuan Bajo Komodo Airport,Super Air Jet,IU,A320,Airbus A320-232,PK-SAO,Departed 14:17,2026-08-02 05:53:35
SUB,departures,2026-08-01,14:35,14:49,QG177,CTV177,HLP,Jakarta Halim Perdanakusuma Airport,Citilink,QG,A320,Airbus A320-214,PK-GQD,Departed 14:49,2026-08-02 05:53:35
SUB,departures,2026-08-01,14:35,15:19,JT364,LNI364,BPN,Balikpapan Sepinggan Airport,Lion Air,JT,B739,Boeing 737-9GP(ER),PK-LHR,Departed 15:19,2026-08-02 05:53:35
SUB,departures,2026-08-01,14:35,14:54,GA317,GIA317,CGK,Jakarta Soekarno Hatta International Airport,Garuda Indonesia (Pokémon Livery),GA,B738,Boeing 737-8U3,PK-GMU,Departed 14:54,2026-08-02 05:53:35
SUB,departures,2026-08-01,14:40,14:42,MF8722,CXA8722,FOC,Fuzhou Changle International Airport,Xiamen Air,MF,B738,Boeing 737-85C,B-6489,Departed 14:42,2026-08-02 05:53:35
SUB,departures,2026-08-01,14:55,15:31,QG352,CTV352,UPG,Makassar Sultan Hasanuddin International Airport,Citilink,QG,A20N,Airbus A320-251N,PK-GTC,Departed 15:31,2026-08-02 05:53:35
SUB,departures,2026-08-01,15:05,15:08,QG434,CTV434,BPN,Balikpapan Sepinggan Airport,Citilink (Tiket.com Livery),QG,A320,Airbus A320-214,PK-GLW,Departed 15:08,2026-08-02 05:53:35
SUB,departures,2026-08-01,15:10,15:29,JT748,LNI748,MDC,Manado Sam Ratulangi International Airport,Lion Air,JT,B739,Boeing 737-9GP(ER),PK-LHQ,Departed 15:29,2026-08-02 05:53:35
SUB,departures,2026-08-01,15:15,,3Y815,,CGK,Jakarta Soekarno Hatta International Airport,My Indo Airlines,3Y,73Y,,,Unknown,2026-08-02 05:53:35
SUB,departures,2026-08-01,15:35,15:59,JT312,LNI312,BDJ,Banjarmasin Syamsudin Noor Airport,Lion Air (50th 737-900ER Livery),JT,B739,Boeing 737-9GP(ER),PK-LHY,Departed 15:59,2026-08-02 05:53:35
SUB,departures,2026-08-01,15:40,15:49,ID7512,BTK7512,HLP,Jakarta Halim Perdanakusuma Airport,Batik Air,ID,A320,Airbus A320-214,PK-BKU,Departed 15:49,2026-08-02 05:53:35
SUB,departures,2026-08-01,15:40,15:41,QG717,CTV717,CGK,Jakarta Soekarno Hatta International Airport,Citilink,QG,A320,Airbus A320-214,PK-GQA,Departed 15:41,2026-08-02 05:53:35
SUB,departures,2026-08-01,16:00,15:53,IW1880,WON1880,BWX,Blimbingsari Airport,Wings Air,IW,AT76,ATR 72-600,PK-WGV,Departed 15:53,2026-08-02 05:53:35
SUB,departures,2026-08-01,16:00,16:09,IU340,SJV340,PNK,Pontianak Supadio Airport,Super Air Jet,IU,A320,Airbus A320-232,PK-STA,Departed 16:09,2026-08-02 05:53:35
SUB,departures,2026-08-01,16:00,,IN192,,PKN,Pangkalan Bun Iskandar Airport,Nam Air,IN,735,,,Unknown,2026-08-02 05:53:35
SUB,departures,2026-08-01,16:10,16:13,QG488,CTV488,BDJ,Banjarmasin Syamsudin Noor Airport,Citilink,QG,A320,Airbus A320-214,PK-GQU,Departed 16:13,2026-08-02 05:53:35
SUB,departures,2026-08-01,16:25,16:37,ID6401,BTK6401,CGK,Jakarta Soekarno Hatta International Airport,Batik Air,ID,A320,Airbus A320-214,PK-BLC,Departed 16:37,2026-08-02 05:53:35
SUB,departures,2026-08-01,16:30,16:41,SQ927,SIA927,SIN,Singapore Changi Airport,Singapore Airlines,SQ,B38M,Boeing 737 MAX 8,9V-MBA,Departed 16:41,2026-08-02 05:53:35
SUB,departures,2026-08-01,16:35,16:45,QG672,CTV672,LOP,Lombok International Airport,Citilink,QG,A320,Airbus A320-214,PK-GLR,Departed 16:45,2026-08-02 05:53:35
SUB,departures,2026-08-01,16:45,16:48,IP623,PAS623,BPN,Balikpapan Sepinggan Airport,Pelita Air,IP,A320,Airbus A320-214,PK-PWC,Departed 16:48,2026-08-02 05:53:35
SUB,departures,2026-08-01,16:50,17:06,QG698,CTV698,DPS,Denpasar Ngurah Rai International Airport,Citilink,QG,A320,Airbus A320-214,PK-GLX,Departed 17:06,2026-08-02 05:53:35
SUB,departures,2026-08-01,17:00,19:14,JT695,,CGK,Jakarta Soekarno Hatta International Airport,Lion Air,JT,739,,,Unknown,2026-08-02 05:53:35
SUB,departures,2026-08-01,17:00,17:02,JT581,LNI581,CGK,Jakarta Soekarno Hatta International Airport,Lion Air,JT,B738,Boeing 737-8GP,PK-LOQ,Departed 17:02,2026-08-02 05:53:35
SUB,departures,2026-08-01,17:00,17:04,GA315,GIA315,CGK,Jakarta Soekarno Hatta International Airport,Garuda Indonesia,GA,B738,Boeing 737-8U3,PK-GMY,Departed 17:04,2026-08-02 05:53:35
SUB,departures,2026-08-01,17:15,17:18,QG173,CTV173,HLP,Jakarta Halim Perdanakusuma Airport,Citilink,QG,A320,Airbus A320-214,PK-GQO,Departed 17:18,2026-08-02 05:53:35
SUB,departures,2026-08-01,17:15,17:42,JT910,LNI910,DPS,Denpasar Ngurah Rai International Airport,Lion Air,JT,B739,Boeing 737-9GP(ER),PK-LFO,Departed 17:42,2026-08-02 05:53:35
SUB,departures,2026-08-01,17:15,17:15,JT681,,DPS,Denpasar Ngurah Rai International Airport,Lion Air,JT,739,,,Estimated dep 17:15*,2026-08-02 05:53:35
SUB,departures,2026-08-01,17:15,17:27,JT692,LNI692,KOE,Kupang El Tari Airport,Lion Air,JT,B738,Boeing 737-8GP,PK-LJR,Departed 17:27,2026-08-02 05:53:35
SUB,departures,2026-08-01,17:20,17:39,JT316,LNI316,BDJ,Banjarmasin Syamsudin Noor Airport,Lion Air,JT,B739,Boeing 737-9GP(ER),PK-LFY,Departed 17:39,2026-08-02 05:53:35
SUB,departures,2026-08-01,17:30,,ID7579,,CGK,Jakarta Soekarno Hatta International Airport,Batik Air,ID,32A,,,Canceled,2026-08-02 05:53:35
SUB,departures,2026-08-01,17:45,19:51,QZ326,AWQ326,KUL,Kuala Lumpur International Airport,AirAsia (Dnars Indonesia Livery),AK,A320,Airbus A320-216,PK-AZN,Departed 19:51,2026-08-02 05:53:35
SUB,departures,2026-08-01,17:55,,IU616,,BPN,Balikpapan Sepinggan Airport,Super Air Jet,IU,320,,,Unknown,2026-08-02 05:53:35
SUB,departures,2026-08-01,17:55,18:16,ID7514,BTK7514,HLP,Jakarta Halim Perdanakusuma Airport,Batik Air,ID,A320,Airbus A320-214,PK-LAQ,Departed 18:16,2026-08-02 05:53:35
SUB,departures,2026-08-01,18:00,18:03,JT838,LNI838,PNK,Pontianak Supadio Airport,Lion Air,JT,B738,Boeing 737-8GP,PK-LPK,Departed 18:03,2026-08-02 05:53:35
SUB,departures,2026-08-01,18:00,18:11,GA313,GIA313,CGK,Jakarta Soekarno Hatta International Airport,Garuda Indonesia (Retro 1960 Livery),GA,B738,Boeing 737-8U3,PK-GFM,Departed 18:11,2026-08-02 05:53:35
SUB,departures,2026-08-01,18:10,,SJ566,,UPG,Makassar Sultan Hasanuddin International Airport,Sriwijaya Air,SJ,735,,,Unknown,2026-08-02 05:53:35
SUB,departures,2026-08-01,18:25,18:20,IP207,PAS207,CGK,Jakarta Soekarno Hatta International Airport,Pelita Air,IP,A320,Airbus A320-214,PK-PWQ,Departed 18:20,2026-08-02 05:53:35
SUB,departures,2026-08-01,18:40,,ID7502,,HLP,Jakarta Halim Perdanakusuma Airport,Batik Air,ID,32A,,,Unknown,2026-08-02 05:53:35
SUB,departures,2026-08-01,18:40,19:27,JT260,LNI260,BPN,Balikpapan Sepinggan Airport,Lion Air (50th 737-900ER Livery),JT,B739,Boeing 737-9GP(ER),PK-LHY,Departed 19:27,2026-08-02 05:53:35
SUB,departures,2026-08-01,18:45,18:59,QG727,CTV727,CGK,Jakarta Soekarno Hatta International Airport,Citilink,QG,A320,Airbus A320-214,PK-GQP,Departed 18:59,2026-08-02 05:53:35
SUB,departures,2026-08-01,19:00,19:00,JT1984,,UPG,Makassar Sultan Hasanuddin International Airport,Lion Air,JT,739,,,Estimated dep 19:00*,2026-08-02 05:53:35
SUB,departures,2026-08-01,19:00,19:19,JT1948,,UPG,Makassar Sultan Hasanuddin International Airport,Lion Air,JT,738,,,Estimated dep 19:19*,2026-08-02 05:53:35
SUB,departures,2026-08-01,19:00,19:20,JT3794,,UPG,Makassar Sultan Hasanuddin International Airport,Lion Air,JT,739,,,Estimated dep 19:20*,2026-08-02 05:53:35
SUB,departures,2026-08-01,19:00,19:00,JT1880,,UPG,Makassar Sultan Hasanuddin International Airport,Lion Air,JT,738,,,Estimated dep 19:00*,2026-08-02 05:53:35
SUB,departures,2026-08-01,19:00,19:42,JT880,LNI880,UPG,Makassar Sultan Hasanuddin International Airport,Lion Air,JT,B739,Boeing 737-9GP(ER),PK-LJI,Departed 19:42,2026-08-02 05:53:35
SUB,departures,2026-08-01,19:00,22:01,JT687,,UPG,Makassar Sultan Hasanuddin International Airport,Lion Air,JT,739,,,Unknown,2026-08-02 05:53:35
SUB,departures,2026-08-01,19:00,19:14,GA325,GIA325,CGK,Jakarta Soekarno Hatta International Airport,Garuda Indonesia,GA,B738,Boeing 737-8U3,PK-GMP,Departed 19:14,2026-08-02 05:53:35
SUB,departures,2026-08-01,19:10,19:44,QG494,CTV494,BDJ,Banjarmasin Syamsudin Noor Airport,Citilink,QG,A20N,Airbus A320-251N,PK-GTC,Departed 19:44,2026-08-02 05:53:35
SUB,departures,2026-08-01,19:15,19:23,SQ929,SIA929,SIN,Singapore Changi Airport,Singapore Airlines,SQ,B38M,Boeing 737 MAX 8,9V-MBU,Departed 19:23,2026-08-02 05:53:35
SUB,departures,2026-08-01,19:15,19:21,ID6575,BTK6575,CGK,Jakarta Soekarno Hatta International Airport,Batik Air,ID,B738,Boeing 737-8GP,PK-LZV,Departed 19:21,2026-08-02 05:53:35
SUB,departures,2026-08-01,19:50,19:53,TR267,TGW267,SIN,Singapore Changi Airport,Scoot,TR,A20N,Airbus A320-271N,9V-TNL,Departed 19:53,2026-08-02 05:53:35
SUB,departures,2026-08-01,19:50,19:58,QG693,CTV693,DPS,Denpasar Ngurah Rai International Airport,Citilink,QG,A320,Airbus A320-214,PK-GQU,Departed 19:58,2026-08-02 05:53:35
SUB,departures,2026-08-01,20:05,21:53,SJ562,SJY562,UPG,Makassar Sultan Hasanuddin International Airport,Sriwijaya Air,SJ,B735,Boeing 737-524,PK-CLF,Departed 21:53,2026-08-02 05:53:35
SUB,departures,2026-08-01,20:15,20:17,QG171,CTV171,CGK,Jakarta Soekarno Hatta International Airport,Citilink (Tiket.com Livery),QG,A320,Airbus A320-214,PK-GLW,Departed 20:17,2026-08-02 05:53:35
SUB,departures,2026-08-01,22:00,23:21,ID8182,,UPG,Makassar Sultan Hasanuddin International Airport,Batik Air,ID,32A,,,Unknown,2026-08-02 05:53:35
SUB,departures,2026-08-01,22:00,23:22,ID8770,,UPG,Makassar Sultan Hasanuddin International Airport,Batik Air,ID,32A,,,Unknown,2026-08-02 05:53:35
SUB,departures,2026-08-01,22:00,23:22,ID8260,,UPG,Makassar Sultan Hasanuddin International Airport,Batik Air,ID,32A,,,Unknown,2026-08-02 05:53:35
SUB,departures,2026-08-01,22:00,22:08,ID6136,BTK6136,UPG,Makassar Sultan Hasanuddin International Airport,Batik Air,ID,A320,Airbus A320-214,PK-BKP,Departed 22:08,2026-08-02 05:53:35
UPG,arrivals,2026-08-01,00:00,23:39,QG250,CTV250,CGK,Jakarta Soekarno Hatta International Airport,Citilink,QG,A320,Airbus A320-214,PK-GLN,Landed 00:39,2026-08-02 05:54:04
UPG,arrivals,2026-08-01,00:20,,JT948,,CGK,Jakarta Soekarno Hatta International Airport,Lion Air,JT,738,,,Unknown,2026-08-02 05:54:04
UPG,arrivals,2026-08-01,00:25,00:13,JT984,LNI984,CGK,Jakarta Soekarno Hatta International Airport,Lion Air,JT,B738,Boeing 737-8GP,PK-LOI,Landed 01:13,2026-08-02 05:54:04
UPG,arrivals,2026-08-01,00:40,00:32,SJ598,SJY598,CGK,Jakarta Soekarno Hatta International Airport,Sriwijaya Air,SJ,B735,Boeing 737-524,PK-CLE,Landed 01:32,2026-08-02 05:54:04
UPG,arrivals,2026-08-01,00:40,,RI320,,CGK,Jakarta Soekarno Hatta International Airport,Rimbun Air,RI,73Y,,,Unknown,2026-08-02 05:54:04
UPG,arrivals,2026-08-01,01:20,,SJ726,,DPS,Denpasar Ngurah Rai International Airport,Sriwijaya Air,SJ,738,,,Unknown,2026-08-02 05:54:04
UPG,arrivals,2026-08-01,01:20,,ID6164,,CGK,Jakarta Soekarno Hatta International Airport,Batik Air,ID,32A,,,Unknown,2026-08-02 05:54:04
UPG,arrivals,2026-08-01,01:25,01:13,ID6182,BTK6182,CGK,Jakarta Soekarno Hatta International Airport,Batik Air,ID,B738,Boeing 737-8GP,PK-LBS,Landed 02:13,2026-08-02 05:54:04
UPG,arrivals,2026-08-01,02:35,,ID6288,,CGK,Jakarta Soekarno Hatta International Airport,Batik Air,ID,32A,,,Canceled,2026-08-02 05:54:04
UPG,arrivals,2026-08-01,03:35,,JT3896,,CGK,Jakarta Soekarno Hatta International Airport,Lion Air,JT,739,,,Unknown,2026-08-02 05:54:04
UPG,arrivals,2026-08-01,03:35,,JT1944,,CGK,Jakarta Soekarno Hatta International Airport,Lion Air,JT,739,,,Unknown,2026-08-02 05:54:04
UPG,arrivals,2026-08-01,03:35,,JT2792,,CGK,Jakarta Soekarno Hatta International Airport,Lion Air,JT,738,,,Unknown,2026-08-02 05:54:04
UPG,arrivals,2026-08-01,03:35,,JT1852,,CGK,Jakarta Soekarno Hatta International Airport,Lion Air,JT,738,,,Unknown,2026-08-02 05:54:04
UPG,arrivals,2026-08-01,03:35,,JT986,,CGK,Jakarta Soekarno Hatta International Airport,Lion Air,JT,738,,,Unknown,2026-08-02 05:54:04
UPG,arrivals,2026-08-01,03:35,03:16,JT898,LNI898,CGK,Jakarta Soekarno Hatta International Airport,Lion Air,JT,B739,Boeing 737-9GP(ER),PK-LHP,Landed 04:16,2026-08-02 05:54:04
UPG,arrivals,2026-08-01,04:25,,ID6751,,CGK,Jakarta Soekarno Hatta International Airport,Batik Air,ID,32A,,,Unknown,2026-08-02 05:54:01
UPG,arrivals,2026-08-01,04:25,,ID6770,,CGK,Jakarta Soekarno Hatta International Airport,Batik Air,ID,32A,,,Unknown,2026-08-02 05:54:01
UPG,arrivals,2026-08-01,04:25,04:08,ID6264,BTK6264,CGK,Jakarta Soekarno Hatta International Airport,Batik Air,ID,A320,Airbus A320-214,PK-BKV,Landed 05:08,2026-08-02 05:54:01
UPG,arrivals,2026-08-01,05:50,05:49,JT981,LNI981,TTE,Ternate Babullah Airport,Lion Air,JT,B738,Boeing 737-8GP,PK-LQY,Landed 06:49,2026-08-02 05:54:01
UPG,arrivals,2026-08-01,06:10,,JT3871,,PLW,Palu Mutiara Airport,Lion Air,JT,738,,,Unknown,2026-08-02 05:54:01
UPG,arrivals,2026-08-01,06:10,06:02,JT781,LNI781,PLW,Palu Mutiara Airport,Lion Air,JT,B739,Boeing 737-9GP(ER),PK-LJI,Landed 07:02,2026-08-02 05:54:01
UPG,arrivals,2026-08-01,06:10,,JT641,,PLW,Palu Mutiara Airport,Lion Air,JT,739,,,Unknown,2026-08-02 05:54:01
UPG,arrivals,2026-08-01,06:30,,ID6267,,AMQ,Ambon Pattimura Airport,Batik Air,ID,32A,,,Unknown,2026-08-02 05:54:01
UPG,arrivals,2026-08-01,06:30,06:34,ID6165,BTK6165,AMQ,Ambon Pattimura Airport,Batik Air,ID,A320,Airbus A320-214,PK-LAJ,Landed 07:34,2026-08-02 05:54:01
UPG,arrivals,2026-08-01,06:35,,JT742,,SUB,Surabaya Juanda International Airport,Lion Air,JT,738,,,Unknown,2026-08-02 05:54:01
UPG,arrivals,2026-08-01,06:35,06:38,JT786,LNI786,SUB,Surabaya Juanda International Airport,Lion Air,JT,B739,Boeing 737-9GP(ER),PK-LQS,Landed 07:38,2026-08-02 05:54:01
UPG,arrivals,2026-08-01,06:40,,JT2891,,MDC,Manado Sam Ratulangi International Airport,Lion Air,JT,738,,,Unknown,2026-08-02 05:54:01
UPG,arrivals,2026-08-01,06:40,06:19,IW1305,WON1305,BUW,Bau-Bau Betoambari Airport,Wings Air,IW,AT75,ATR 72-500,PK-WFS,Landed 07:19,2026-08-02 05:54:01
UPG,arrivals,2026-08-01,06:40,06:26,IU532,SJV532,BPN,Balikpapan Sepinggan Airport,Super Air Jet,IU,A320,Airbus A320-232,PK-STR,Landed 07:26,2026-08-02 05:54:01
UPG,arrivals,2026-08-01,06:45,,JT791,,MDC,Manado Sam Ratulangi International Airport,Lion Air,JT,739,,,Unknown,2026-08-02 05:54:01
UPG,arrivals,2026-08-01,06:45,06:30,JT741,LNI741,MDC,Manado Sam Ratulangi International Airport,Lion Air,JT,B739,Boeing 737-96N(ER),PK-LSY,Landed 07:30,2026-08-02 05:54:01
UPG,arrivals,2026-08-01,06:50,06:45,SJ594,SJY594,CGK,Jakarta Soekarno Hatta International Airport,Sriwijaya Air,SJ,B735,Boeing 737-524,PK-CLF,Landed 07:45,2026-08-02 05:54:01
UPG,arrivals,2026-08-01,06:50,,SJ592,,CGK,Jakarta Soekarno Hatta International Airport,Sriwijaya Air,SJ,735,,,Unknown,2026-08-02 05:54:01
UPG,arrivals,2026-08-01,06:55,06:49,JT991,LNI991,KDI,Kendari Haluoleo Airport,Lion Air,JT,B738,Boeing 737-8GP,PK-LOR,Landed 07:49,2026-08-02 05:54:01
UPG,arrivals,2026-08-01,06:55,,JT1707,,KDI,Kendari Haluoleo Airport,Lion Air,JT,739,,,Unknown,2026-08-02 05:54:01
UPG,arrivals,2026-08-01,07:25,,JT944,,DPS,Denpasar Ngurah Rai International Airport,Lion Air,JT,738,,,Unknown,2026-08-02 05:54:01
UPG,arrivals,2026-08-01,07:25,07:24,JT746,LNI746,DPS,Denpasar Ngurah Rai International Airport,Lion Air,JT,B739,Boeing 737-9GP(ER),PK-LSK,Landed 08:24,2026-08-02 05:54:01
UPG,arrivals,2026-08-01,07:30,07:06,QG212,CTV212,CGK,Jakarta Soekarno Hatta International Airport,Citilink,QG,A320,Airbus A320-214,PK-GLI,Landed 08:06,2026-08-02 05:54:01
UPG,arrivals,2026-08-01,07:55,,ID6260,,CGK,Jakarta Soekarno Hatta International Airport,Batik Air,ID,32A,,,Unknown,2026-08-02 05:54:01
UPG,arrivals,2026-08-01,07:55,07:43,ID6236,BTK6236,CGK,Jakarta Soekarno Hatta International Airport,Batik Air,ID,A320,Airbus A320-214,PK-LUI,Landed 08:43,2026-08-02 05:54:01
UPG,arrivals,2026-08-01,08:00,,SJ903,,SOQ,Sorong Dominique Edward Osok Airport,Sriwijaya Air,SJ,735,,,Unknown,2026-08-02 05:54:01
UPG,arrivals,2026-08-01,08:00,08:45,GA604,GIA604,CGK,Jakarta Soekarno Hatta International Airport,Garuda Indonesia,GA,B738,Boeing 737-8U3,PK-GFP,Landed 09:45,2026-08-02 05:54:01
UPG,arrivals,2026-08-01,08:10,08:11,IU220,SJV220,MKW,Manokwari Rendani Airport,Super Air Jet,IU,A320,Airbus A320-232,PK-STF,Landed 09:11,2026-08-02 05:54:01
UPG,arrivals,2026-08-01,08:15,08:01,IW1297,WON1297,MOH,Morowali Maleo Airport,Wings Air,IW,AT75,ATR 72-500,PK-WFI,Landed 09:01,2026-08-02 05:54:01
UPG,arrivals,2026-08-01,08:15,08:05,JT882,LNI882,SUB,Surabaya Juanda International Airport,Lion Air,JT,B739,Boeing 737-9GP(ER),PK-LHR,Landed 09:05,2026-08-02 05:54:01
UPG,arrivals,2026-08-01,08:20,,JT1892,,SUB,Surabaya Juanda International Airport,Lion Air,JT,738,,,Unknown,2026-08-02 05:54:01
UPG,arrivals,2026-08-01,08:20,,JT1942,,SUB,Surabaya Juanda International Airport,Lion Air,JT,739,,,Unknown,2026-08-02 05:54:01
UPG,arrivals,2026-08-01,08:20,,JT994,,SUB,Surabaya Juanda International Airport,Lion Air,JT,738,,,Unknown,2026-08-02 05:54:01
UPG,arrivals,2026-08-01,08:20,,JT854,,SUB,Surabaya Juanda International Airport,Lion Air,JT,739,,,Unknown,2026-08-02 05:54:01
UPG,arrivals,2026-08-01,08:25,07:49,IW1207,WON1207,KXB,Kolaka Sangia Nibandera Airport,Wings Air,IW,AT75,ATR 72-500,PK-WFU,Landed 08:49,2026-08-02 05:54:01
UPG,arrivals,2026-08-01,08:25,08:16,IP806,PAS806,CGK,Jakarta Soekarno Hatta International Airport,Pelita Air,IP,A320,Airbus A320-214,PK-PWK,Landed 09:16,2026-08-02 05:54:01
UPG,arrivals,2026-08-01,08:55,,JT1949,,MKQ,Merauke Mopah International Airport,Lion Air,JT,738,,,Unknown,2026-08-02 05:54:01
UPG,arrivals,2026-08-01,09:00,08:52,QG251,CTV251,DJJ,Jayapura Sentani Airport,Citilink (Tiket.com Livery),QG,A320,Airbus A320-214,PK-GLZ,Landed 09:52,2026-08-02 05:54:01
UPG,arrivals,2026-08-01,09:00,09:20,JT949,LNI949,MKQ,Merauke Mopah International Airport,Lion Air,JT,B738,Boeing 737-8GP,PK-LQZ,Landed 10:20,2026-08-02 05:54:01
UPG,arrivals,2026-08-01,09:20,09:11,AK330,AXM330,KUL,Kuala Lumpur International Airport,AirAsia,AK,A320,Airbus A320-216,9M-RAA,Landed 10:11,2026-08-02 05:54:01
UPG,arrivals,2026-08-01,09:25,,JT1943,,SOQ,Sorong Dominique Edward Osok Airport,Lion Air,JT,738,,,Unknown,2026-08-02 05:54:01
UPG,arrivals,2026-08-01,09:25,,JT943,,SOQ,Sorong Dominique Edward Osok Airport,Lion Air,JT,738,,,Canceled,2026-08-02 05:54:01
UPG,arrivals,2026-08-01,09:30,09:27,IW1351,WON1351,LLO,Palopo Lagaligo Airport,Wings Air,IW,AT76,ATR 72-600,PK-WHP,Landed 10:27,2026-08-02 05:54:01
UPG,arrivals,2026-08-01,09:30,09:32,GA610,GIA610,CGK,Jakarta Soekarno Hatta International Airport,Garuda Indonesia,GA,B738,Boeing 737-8U3,PK-GNH,Landed 10:32,2026-08-02 05:54:01
UPG,arrivals,2026-08-01,09:45,09:40,IW1303,WON1303,MJU,Mamuju Tampa Padang Airport,Wings Air,IW,AT75,ATR 72-500,PK-WFW,Landed 10:40,2026-08-02 05:54:01
UPG,arrivals,2026-08-01,09:50,09:46,JT987,LNI987,KDI,Kendari Haluoleo Airport,Lion Air,JT,B739,Boeing 737-9GP(ER),PK-LJI,Landed 10:46,2026-08-02 05:54:01
UPG,arrivals,2026-08-01,09:50,,JT707,,KDI,Kendari Haluoleo Airport,Lion Air,JT,739,,,Unknown,2026-08-02 05:54:01
UPG,arrivals,2026-08-01,10:10,,SJ697,,TTE,Ternate Babullah Airport,Sriwijaya Air,SJ,738,,,Unknown,2026-08-02 05:54:01
UPG,arrivals,2026-08-01,10:10,10:03,SJ699,SJY699,TTE,Ternate Babullah Airport,Sriwijaya Air,SJ,B735,Boeing 737-524,PK-CLE,Landed 11:03,2026-08-02 05:54:01
UPG,arrivals,2026-08-01,10:10,,ID8750,,KDI,Kendari Haluoleo Airport,Batik Air,ID,32A,,,Unknown,2026-08-02 05:54:01
UPG,arrivals,2026-08-01,10:10,10:00,ID6750,BTK6750,KDI,Kendari Haluoleo Airport,Batik Air,ID,A320,Airbus A320-214,PK-BKT,Landed 11:00,2026-08-02 05:54:01
UPG,arrivals,2026-08-01,10:10,09:54,IU573,SJV573,BUW,Bau-Bau Betoambari Airport,Super Air Jet,IU,A320,Airbus A320-232,PK-STR,Landed 10:54,2026-08-02 05:54:01
UPG,arrivals,2026-08-01,10:15,,JT1787,,PLW,Palu Mutiara Airport,Lion Air,JT,739,,,Unknown,2026-08-02 05:54:01
UPG,arrivals,2026-08-01,10:15,,JT1855,,PLW,Palu Mutiara Airport,Lion Air,JT,738,,,Unknown,2026-08-02 05:54:01
UPG,arrivals,2026-08-01,10:15,,JT855,,PLW,Palu Mutiara Airport,Lion Air,JT,738,,,Unknown,2026-08-02 05:54:01
UPG,arrivals,2026-08-01,10:20,,ID8183,,DJJ,Jayapura Sentani Airport,Batik Air,ID,32A,,,Unknown,2026-08-02 05:54:01
UPG,arrivals,2026-08-01,10:20,10:16,ID6183,BTK6183,DJJ,Jayapura Sentani Airport,Batik Air,ID,B738,Boeing 737-8GP,PK-LBS,Landed 11:16,2026-08-02 05:54:01
UPG,arrivals,2026-08-01,10:25,10:23,SJ539,SJY539,MOH,Morowali Maleo Airport,Sriwijaya Air,SJ,B735,Boeing 737-524,PK-CLF,Landed 11:23,2026-08-02 05:54:01
UPG,arrivals,2026-08-01,10:25,10:09,IW1329,WON1329,MOH,Morowali Maleo Airport,Wings Air,IW,AT75,ATR 72-500,PK-WFS,Landed 11:09,2026-08-02 05:54:01
UPG,arrivals,2026-08-01,10:30,10:20,QG354,CTV354,SUB,Surabaya Juanda International Airport,Citilink,QG,A320,Airbus A320-214,PK-GQO,Landed 11:20,2026-08-02 05:54:01
UPG,arrivals,2026-08-01,11:00,,JT1994,,CGK,Jakarta Soekarno Hatta International Airport,Lion Air,JT,738,,,Unknown,2026-08-02 05:54:01
UPG,arrivals,2026-08-01,11:00,16:30,JT892,LNI892,CGK,Jakarta Soekarno Hatta International Airport,Lion Air,JT,B739,Boeing 737-9GP(ER),PK-LFK,Landed 17:30,2026-08-02 05:54:01
UPG,arrivals,2026-08-01,11:05,,JT1897,,TTE,Ternate Babullah Airport,Lion Air,JT,738,,,Unknown,2026-08-02 05:54:01
UPG,arrivals,2026-08-01,11:05,10:43,JT897,LNI897,TTE,Ternate Babullah Airport,Lion Air,JT,B738,Boeing 737-8GP,PK-LKH,Landed 11:43,2026-08-02 05:54:01
UPG,arrivals,2026-08-01,11:10,10:50,IW1205,WON1205,KXB,Kolaka Sangia Nibandera Airport,Wings Air,IW,AT75,ATR 72-500,PK-WFU,Landed 11:50,2026-08-02 05:54:01
UPG,arrivals,2026-08-01,11:20,,JT744,,DPS,Denpasar Ngurah Rai International Airport,Lion Air,JT,739,,,Canceled,2026-08-02 05:54:01
UPG,arrivals,2026-08-01,11:20,,ID6762,,CGK,Jakarta Soekarno Hatta International Airport,Batik Air,ID,32A,,,Unknown,2026-08-02 05:54:01
UPG,arrivals,2026-08-01,11:25,,ID6554,,CGK,Jakarta Soekarno Hatta International Airport,Batik Air,ID,32A,,,Canceled,2026-08-02 05:54:01
UPG,arrivals,2026-08-01,11:30,11:33,ID6771,BTK6771,MDC,Manado Sam Ratulangi International Airport,Batik Air,ID,A320,Airbus A320-214,PK-BKP,Landed 12:33,2026-08-02 05:54:01
UPG,arrivals,2026-08-01,11:30,11:21,ID6292,BTK6292,CGK,Jakarta Soekarno Hatta International Airport,Batik Air,ID,A320,Airbus A320-214,PK-LUJ,Landed 12:21,2026-08-02 05:54:01
UPG,arrivals,2026-08-01,11:30,,KS504,,KSR,Selayar Islands H. Aroeppala Airport,Aeroitalia Regional,KS,ATR,,,Unknown,2026-08-02 05:54:01
UPG,arrivals,2026-08-01,11:40,,JT1985,,TIM,Timika Airport,Lion Air,JT,739,,,Unknown,2026-08-02 05:54:01
UPG,arrivals,2026-08-01,11:45,11:17,JT985,LNI985,TIM,Timika Airport,Lion Air,JT,B738,Boeing 737-8GP,PK-LOI,Landed 12:17,2026-08-02 05:54:01
UPG,arrivals,2026-08-01,11:50,,SJ533,,PSJ,Poso Kasiguncu Airport,Sriwijaya Air,SJ,735,,,Unknown,2026-08-02 05:54:01
UPG,arrivals,2026-08-01,12:05,12:32,GA605,GIA605,KDI,Kendari Haluoleo Airport,Garuda Indonesia,GA,B738,Boeing 737-8U3,PK-GFP,Landed 13:32,2026-08-02 05:54:01
UPG,arrivals,2026-08-01,12:10,12:15,JT640,LNI640,YIA,Yogyakarta International Airport,Lion Air,JT,B739,Boeing 737-9GP(ER),PK-LQS,Landed 13:15,2026-08-02 05:54:01
UPG,arrivals,2026-08-01,12:10,12:02,IW1327,WON1327,MOH,Morowali Maleo Airport,Wings Air,IW,AT75,ATR 72-500,PK-WFI,Landed 13:02,2026-08-02 05:54:01
UPG,arrivals,2026-08-01,12:15,,JT1740,,CGK,Jakarta Soekarno Hatta International Airport,Lion Air,JT,739,,,Unknown,2026-08-02 05:54:01
UPG,arrivals,2026-08-01,12:15,,JT2778,,CGK,Jakarta Soekarno Hatta International Airport,Lion Air,JT,738,,,Unknown,2026-08-02 05:54:01
UPG,arrivals,2026-08-01,12:15,,JT1774,,CGK,Jakarta Soekarno Hatta International Airport,Lion Air,JT,738,,,Unknown,2026-08-02 05:54:01
UPG,arrivals,2026-08-01,12:15,12:06,JT774,LNI774,CGK,Jakarta Soekarno Hatta International Airport,Lion Air,JT,B739,Boeing 737-9GP(ER),PK-LJG,Landed 13:06,2026-08-02 05:54:01
UPG,arrivals,2026-08-01,12:20,,ID6137,,LUW,Luwuk Bubung Airport,Batik Air,ID,32A,,,Unknown,2026-08-02 05:54:01
UPG,arrivals,2026-08-01,12:20,11:58,JT939,LNI939,BIK,Biak Frans Kaisiepo Airport,Lion Air (80th 737NG Livery),JT,B738,Boeing 737-8GP,PK-LKP,Landed 12:58,2026-08-02 05:54:01
UPG,arrivals,2026-08-01,12:20,12:11,ID6295,BTK6295,LUW,Luwuk Bubung Airport,Batik Air,ID,A320,Airbus A320-214,PK-LAJ,Landed 13:11,2026-08-02 05:54:01
UPG,arrivals,2026-08-01,12:25,,JT1743,,MDC,Manado Sam Ratulangi International Airport,Lion Air,JT,738,,,Unknown,2026-08-02 05:54:01
UPG,arrivals,2026-08-01,12:25,,JT1801,,MDC,Manado Sam Ratulangi International Airport,Lion Air,JT,738,,,Unknown,2026-08-02 05:54:01
UPG,arrivals,2026-08-01,12:25,,JT1643,,MDC,Manado Sam Ratulangi International Airport,Lion Air,JT,738,,,Unknown,2026-08-02 05:54:01
UPG,arrivals,2026-08-01,12:25,,JT743,,MDC,Manado Sam Ratulangi International Airport,Lion Air,JT,738,,,Canceled,2026-08-02 05:54:01
UPG,arrivals,2026-08-01,12:40,,SJ589,,TIM,Timika Airport,Sriwijaya Air,SJ,738,,,Unknown,2026-08-02 05:54:01
UPG,arrivals,2026-08-01,12:40,12:36,JT706,LNI706,SUB,Surabaya Juanda International Airport,Lion Air (50th 737-900ER Livery),JT,B739,Boeing 737-9GP(ER),PK-LHY,Landed 13:36,2026-08-02 05:54:01
UPG,arrivals,2026-08-01,12:45,,JT1780,,SUB,Surabaya Juanda International Airport,Lion Air,JT,739,,,Unknown,2026-08-02 05:54:01
UPG,arrivals,2026-08-01,12:45,,JT998,,SUB,Surabaya Juanda International Airport,Lion Air,JT,738,,,Unknown,2026-08-02 05:54:01
UPG,arrivals,2026-08-01,12:45,,JT980,,SUB,Surabaya Juanda International Airport,Lion Air,JT,738,,,Unknown,2026-08-02 05:54:01
UPG,arrivals,2026-08-01,12:45,,JT837,,SUB,Surabaya Juanda International Airport,Lion Air,JT,738,,,Unknown,2026-08-02 05:54:01
UPG,arrivals,2026-08-01,12:50,,SJ785,,TIM,Timika Airport,Sriwijaya Air,SJ,735,,,Unknown,2026-08-02 05:54:01
UPG,arrivals,2026-08-01,13:00,,IW1307,,BUW,Bau-Bau Betoambari Airport,Wings Air,IW,AT7,,,Canceled,2026-08-02 05:54:01
UPG,arrivals,2026-08-01,13:10,,JT1853,,PLW,Palu Mutiara Airport,Lion Air,JT,739,,,Unknown,2026-08-02 05:54:01
UPG,arrivals,2026-08-01,13:10,12:57,JT853,LNI853,PLW,Palu Mutiara Airport,Lion Air,JT,B738,Boeing 737-8GP,PK-LQY,Landed 13:57,2026-08-02 05:54:01
UPG,arrivals,2026-08-01,13:15,,JT1881,,AMQ,Ambon Pattimura Airport,Lion Air,JT,738,,,Unknown,2026-08-02 05:54:01
UPG,arrivals,2026-08-01,13:15,,JT881,,AMQ,Ambon Pattimura Airport,Lion Air,JT,738,,,Canceled,2026-08-02 05:54:01
UPG,arrivals,2026-08-01,13:20,,JT1797,,DJJ,Jayapura Sentani Airport,Lion Air,JT,739,,,Unknown,2026-08-02 05:53:58
UPG,arrivals,2026-08-01,13:20,12:46,JT797,LNI797,DJJ,Jayapura Sentani Airport,Lion Air,JT,B739,Boeing 737-9GP(ER),PK-LFW,Landed 13:46,2026-08-02 05:53:58
UPG,arrivals,2026-08-01,13:25,,SJ599,,TTE,Ternate Babullah Airport,Sriwijaya Air,SJ,738,,,Unknown,2026-08-02 05:53:58
UPG,arrivals,2026-08-01,13:30,13:15,QG350,CTV350,SUB,Surabaya Juanda International Airport,Citilink,QG,A320,Airbus A320-214,PK-GLI,Landed 14:15,2026-08-02 05:53:58
UPG,arrivals,2026-08-01,13:30,,IW1941,,MOF,Maumere Frans Seda Airport,Wings Air,IW,AT7,,,Unknown,2026-08-02 05:53:58
UPG,arrivals,2026-08-01,13:55,,JT996,,SUB,Surabaya Juanda International Airport,Lion Air,JT,738,,,Unknown,2026-08-02 05:53:58
UPG,arrivals,2026-08-01,13:55,13:38,JT780,LNI780,SUB,Surabaya Juanda International Airport,Lion Air,JT,B739,Boeing 737-9GP(ER),PK-LSR,Landed 14:38,2026-08-02 05:53:58
UPG,arrivals,2026-08-01,14:00,13:25,IW1209,WON1209,KXB,Kolaka Sangia Nibandera Airport,Wings Air,IW,AT75,ATR 72-500,PK-WFU,Landed 14:25,2026-08-02 05:53:58
UPG,arrivals,2026-08-01,14:05,,IW1299,,MOH,Morowali Maleo Airport,Wings Air,IW,AT7,,,Canceled,2026-08-02 05:53:58
UPG,arrivals,2026-08-01,14:25,,JT885,,KDI,Kendari Haluoleo Airport,Lion Air,JT,738,,,Unknown,2026-08-02 05:53:58
UPG,arrivals,2026-08-01,14:25,,JT993,,KDI,Kendari Haluoleo Airport,Lion Air,JT,738,,,Canceled,2026-08-02 05:53:58
UPG,arrivals,2026-08-01,14:30,14:20,QG342,CTV342,DPS,Denpasar Ngurah Rai International Airport,Citilink,QG,A320,Airbus A320-214,PK-GQO,Landed 15:20,2026-08-02 05:53:58
UPG,arrivals,2026-08-01,14:55,,SJ901,,NBX,Nabire Airport,Sriwijaya Air,SJ,735,,,Unknown,2026-08-02 05:53:58
UPG,arrivals,2026-08-01,15:05,14:51,JT941,LNI941,SOQ,Sorong Dominique Edward Osok Airport,Lion Air,JT,B738,Boeing 737-8GP,PK-LOJ,Landed 15:51,2026-08-02 05:53:58
UPG,arrivals,2026-08-01,15:05,,JT782,,CGK,Jakarta Soekarno Hatta International Airport,Lion Air,JT,739,,,Canceled,2026-08-02 05:53:58
UPG,arrivals,2026-08-01,15:10,,ID8261,,TIM,Timika Airport,Batik Air,ID,32A,,,Unknown,2026-08-02 05:53:58
UPG,arrivals,2026-08-01,15:10,14:44,ID6261,BTK6261,TIM,Timika Airport,Batik Air,ID,A320,Airbus A320-232,PK-BLB,Landed 15:44,2026-08-02 05:53:58
UPG,arrivals,2026-08-01,15:15,14:54,SJ702,SJY702,DJJ,Jayapura Sentani Airport,Sriwijaya Air,SJ,B735,Boeing 737-524,PK-CLH,Landed 15:54,2026-08-02 05:53:58
UPG,arrivals,2026-08-01,15:15,,JT1885,,GTO,Gorontalo Jalaluddin Airport,Lion Air,JT,738,,,Unknown,2026-08-02 05:53:58
UPG,arrivals,2026-08-01,15:15,17:46,JT793,LNI793,GTO,Gorontalo Jalaluddin Airport,Lion Air,JT,B739,Boeing 737-9GP(ER),PK-LFW,Landed 18:46,2026-08-02 05:53:58
UPG,arrivals,2026-08-01,15:15,,ID8293,,LUW,Luwuk Bubung Airport,Batik Air,ID,32A,,,Unknown,2026-08-02 05:53:58
UPG,arrivals,2026-08-01,15:15,,ID6235,,LUW,Luwuk Bubung Airport,Batik Air,ID,32A,,,Unknown,2026-08-02 05:53:58
UPG,arrivals,2026-08-01,15:15,15:08,ID6293,BTK6293,LUW,Luwuk Bubung Airport,Batik Air,ID,A320,Airbus A320-214,PK-LUJ,Landed 16:08,2026-08-02 05:53:58
UPG,arrivals,2026-08-01,15:20,,ID8555,,PLW,Palu Mutiara Airport,Batik Air,ID,32A,,,Canceled,2026-08-02 05:53:58
UPG,arrivals,2026-08-01,15:20,,ID6555,,PLW,Palu Mutiara Airport,Batik Air,ID,32A,,,Canceled,2026-08-02 05:53:58
UPG,arrivals,2026-08-01,15:30,15:36,JT997,LNI997,KDI,Kendari Haluoleo Airport,Lion Air,JT,B739,Boeing 737-9GP(ER),PK-LQS,Landed 16:36,2026-08-02 05:53:58
UPG,arrivals,2026-08-01,15:35,,SJ535,,RAQ,Raha Sugimanuru Airport,Sriwijaya Air,SJ,735,,,Unknown,2026-08-02 05:53:58
UPG,arrivals,2026-08-01,15:40,,JT1945,,SOQ,Sorong Dominique Edward Osok Airport,Lion Air,JT,738,,,Unknown,2026-08-02 05:53:58
UPG,arrivals,2026-08-01,15:40,,JT1703,,SOQ,Sorong Dominique Edward Osok Airport,Lion Air,JT,739,,,Unknown,2026-08-02 05:53:58
UPG,arrivals,2026-08-01,15:40,15:24,JT945,LNI945,SOQ,Sorong Dominique Edward Osok Airport,Lion Air,JT,B738,Boeing 737-8GP,PK-LQZ,Landed 16:24,2026-08-02 05:53:58
UPG,arrivals,2026-08-01,15:45,16:35,IW1333,WON1333,MOH,Morowali Maleo Airport,Wings Air,IW,AT75,ATR 72-500,PK-WFW,Landed 17:35,2026-08-02 05:53:58
UPG,arrivals,2026-08-01,15:50,15:31,IW1325,WON1325,MOH,Morowali Maleo Airport,Wings Air,IW,AT76,ATR 72-600,PK-WGY,Landed 16:31,2026-08-02 05:53:58
UPG,arrivals,2026-08-01,15:55,16:05,JT740,LNI740,DPS,Denpasar Ngurah Rai International Airport,Lion Air,JT,B739,Boeing 737-96N(ER),PK-LSY,Landed 17:05,2026-08-02 05:53:58
UPG,arrivals,2026-08-01,16:00,,SJ7161,,DPS,Denpasar Ngurah Rai International Airport,Sriwijaya Air,SJ,735,,,Unknown,2026-08-02 05:53:58
UPG,arrivals,2026-08-01,16:05,,IW1301,,MJU,Mamuju Tampa Padang Airport,Wings Air,IW,AT7,,,Canceled,2026-08-02 05:53:58
UPG,arrivals,2026-08-01,16:10,18:15,SJ552,SJY552,BEJ,Kalimarau Airport,Sriwijaya Air,SJ,B735,Boeing 737-524,PK-CLF,Landed 19:15,2026-08-02 05:53:58
UPG,arrivals,2026-08-01,16:10,16:22,QG340,CTV340,CGK,Jakarta Soekarno Hatta International Airport,Citilink,QG,A320,Airbus A320-214,PK-GLO,Landed 17:22,2026-08-02 05:53:58
UPG,arrivals,2026-08-01,16:15,,JT524,,BDJ,Banjarmasin Syamsudin Noor Airport,Lion Air,JT,739,,,Canceled,2026-08-02 05:53:58
UPG,arrivals,2026-08-01,16:20,,SJ913,,SOQ,Sorong Dominique Edward Osok Airport,Sriwijaya Air,SJ,735,,,Unknown,2026-08-02 05:53:58
UPG,arrivals,2026-08-01,16:30,16:43,QG352,CTV352,SUB,Surabaya Juanda International Airport,Citilink,QG,A20N,Airbus A320-251N,PK-GTC,Landed 17:43,2026-08-02 05:53:58
UPG,arrivals,2026-08-01,16:30,,JT848,,KOE,Kupang El Tari Airport,Lion Air,JT,738,,,Canceled,2026-08-02 05:53:58
UPG,arrivals,2026-08-01,16:45,,JT995,,KDI,Kendari Haluoleo Airport,Lion Air,JT,738,,,Canceled,2026-08-02 05:53:58
UPG,arrivals,2026-08-01,16:50,16:55,SJ580,SJY580,CGK,Jakarta Soekarno Hatta International Airport,Sriwijaya Air,SJ,B735,Boeing 737-524,PK-CLE,Landed 17:55,2026-08-02 05:53:58
UPG,arrivals,2026-08-01,16:50,16:26,IW1868,WON1868,BMU,Bima Sultan Muhammad Salahudin Airport,Wings Air,IW,AT76,ATR 72-600,PK-WJS,Landed 17:26,2026-08-02 05:53:58
UPG,arrivals,2026-08-01,16:55,18:07,ID6266,BTK6266,CGK,Jakarta Soekarno Hatta International Airport,Batik Air,ID,B738,Boeing 737-8GP,PK-LBS,Landed 19:07,2026-08-02 05:53:58
UPG,arrivals,2026-08-01,17:15,16:58,JT908,LNI908,SRG,Semarang Achmad Yani International Airport,Lion Air,JT,B738,Boeing 737-8GP,PK-LKH,Landed 17:58,2026-08-02 05:53:58
UPG,arrivals,2026-08-01,17:25,,ID8763,,MDC,Manado Sam Ratulangi International Airport,Batik Air,ID,32A,,,Unknown,2026-08-02 05:53:58
UPG,arrivals,2026-08-01,17:30,17:13,ID6763,BTK6763,MDC,Manado Sam Ratulangi International Airport,Batik Air,ID,A320,Airbus A320-214,PK-BKP,Landed 18:13,2026-08-02 05:53:58
UPG,arrivals,2026-08-01,17:50,17:32,IU534,SJV534,BPN,Balikpapan Sepinggan Airport,Super Air Jet,IU,A320,Airbus A320-232,PK-STR,Landed 18:32,2026-08-02 05:53:58
UPG,arrivals,2026-08-01,18:00,17:41,QG429,CTV429,BPN,Balikpapan Sepinggan Airport,Citilink,QG,A320,Airbus A320-214,PK-GQG,Landed 18:41,2026-08-02 05:53:58
UPG,arrivals,2026-08-01,18:00,17:54,GA612,GIA612,CGK,Jakarta Soekarno Hatta International Airport,Garuda Indonesia,GA,B738,Boeing 737-8U3,PK-GMF,Landed 18:54,2026-08-02 05:53:58
UPG,arrivals,2026-08-01,18:20,,ID6316,,BPN,Balikpapan Sepinggan Airport,Batik Air,ID,32A,,,Unknown,2026-08-02 05:53:58
UPG,arrivals,2026-08-01,18:20,18:01,ID6232,BTK6232,BPN,Balikpapan Sepinggan Airport,Batik Air,ID,A320,Airbus A320-214,PK-BKT,Landed 19:01,2026-08-02 05:53:58
UPG,arrivals,2026-08-01,18:20,18:18,IP808,PAS808,CGK,Jakarta Soekarno Hatta International Airport,Pelita Air,IP,A320,Airbus A320-214,PK-PWH,Landed 19:18,2026-08-02 05:53:58
UPG,arrivals,2026-08-01,19:15,,ID6296,,CGK,Jakarta Soekarno Hatta International Airport,Batik Air,ID,32A,,,Canceled,2026-08-02 05:53:58
UPG,arrivals,2026-08-01,19:15,19:15,GA616,GIA616,CGK,Jakarta Soekarno Hatta International Airport,Garuda Indonesia (Livin' by Mandiri Livery),GA,B738,Boeing 737-86N,PK-GFI,Landed 20:15,2026-08-02 05:53:58
UPG,arrivals,2026-08-01,19:40,,SJ566,,SUB,Surabaya Juanda International Airport,Sriwijaya Air,SJ,735,,,Unknown,2026-08-02 05:53:58
UPG,arrivals,2026-08-01,19:45,,SJ5520,,BEJ,Kalimarau Airport,Sriwijaya Air,SJ,735,,,Unknown,2026-08-02 05:53:58
UPG,arrivals,2026-08-01,19:50,19:44,QG426,CTV426,CGK,Jakarta Soekarno Hatta International Airport,Citilink,QG,A320,Airbus A320-214,PK-GQN,Landed 20:44,2026-08-02 05:53:58
UPG,arrivals,2026-08-01,20:00,,JT675,,BPN,Balikpapan Sepinggan Airport,Lion Air,JT,738,,,Unknown,2026-08-02 05:53:58
UPG,arrivals,2026-08-01,20:30,,JT1984,,SUB,Surabaya Juanda International Airport,Lion Air,JT,739,,,Unknown,2026-08-02 05:53:58
UPG,arrivals,2026-08-01,20:30,,JT1948,,SUB,Surabaya Juanda International Airport,Lion Air,JT,738,,,Unknown,2026-08-02 05:53:58
UPG,arrivals,2026-08-01,20:30,,JT3794,,SUB,Surabaya Juanda International Airport,Lion Air,JT,739,,,Unknown,2026-08-02 05:53:58
UPG,arrivals,2026-08-01,20:30,,JT1880,,SUB,Surabaya Juanda International Airport,Lion Air,JT,738,,,Unknown,2026-08-02 05:53:58
UPG,arrivals,2026-08-01,20:30,20:52,JT880,LNI880,SUB,Surabaya Juanda International Airport,Lion Air,JT,B739,Boeing 737-9GP(ER),PK-LJI,Landed 21:52,2026-08-02 05:53:58
UPG,arrivals,2026-08-01,20:30,,JT687,,SUB,Surabaya Juanda International Airport,Lion Air,JT,739,,,Unknown,2026-08-02 05:53:58
UPG,arrivals,2026-08-01,21:10,21:13,ID6142,BTK6142,CGK,Jakarta Soekarno Hatta International Airport,Batik Air,ID,A320,Airbus A320-232,PK-BLB,Landed 22:13,2026-08-02 05:53:58
UPG,arrivals,2026-08-01,21:25,,RI370,,SRG,Semarang Achmad Yani International Airport,Rimbun Air,RI,73Y,,,Unknown,2026-08-02 05:53:58
UPG,arrivals,2026-08-01,21:35,23:05,SJ562,SJY562,SUB,Surabaya Juanda International Airport,Sriwijaya Air,SJ,B735,Boeing 737-524,PK-CLF,Landed 00:05,2026-08-02 05:53:58
UPG,arrivals,2026-08-01,21:55,,IN582,,CGK,Jakarta Soekarno Hatta International Airport,Nam Air,IN,735,,,Unknown,2026-08-02 05:53:58
UPG,arrivals,2026-08-01,21:55,21:43,JT664,LNI664,YIA,Yogyakarta International Airport,Lion Air,JT,B738,Boeing 737-8GP,PK-LQZ,Landed 22:43,2026-08-02 05:53:58
UPG,arrivals,2026-08-01,21:55,21:31,ID6760,BTK6760,DPS,Denpasar Ngurah Rai International Airport,Batik Air,ID,A320,Airbus A320-214,PK-LUT,Landed 22:31,2026-08-02 05:53:58
UPG,arrivals,2026-08-01,22:05,22:12,SJ713,SJY713,YIA,Yogyakarta International Airport,Sriwijaya Air,SJ,B735,Boeing 737-524,PK-CLE,Landed 23:12,2026-08-02 05:53:58
UPG,arrivals,2026-08-01,22:25,22:07,QG783,CTV783,YIA,Yogyakarta International Airport,Citilink,QG,A320,Airbus A320-214,PK-GLN,Landed 23:07,2026-08-02 05:53:58
UPG,arrivals,2026-08-01,23:00,22:43,QG216,CTV216,CGK,Jakarta Soekarno Hatta International Airport,Citilink,QG,A20N,Airbus A320-251N,PK-GTA,Landed 23:43,2026-08-02 05:53:58
UPG,arrivals,2026-08-01,23:30,,ID8182,,SUB,Surabaya Juanda International Airport,Batik Air,ID,32A,,,Unknown,2026-08-02 05:53:58
UPG,arrivals,2026-08-01,23:30,,ID8770,,SUB,Surabaya Juanda International Airport,Batik Air,ID,32A,,,Unknown,2026-08-02 05:53:58
UPG,arrivals,2026-08-01,23:30,,ID8260,,SUB,Surabaya Juanda International Airport,Batik Air,ID,32A,,,Unknown,2026-08-02 05:53:58
UPG,arrivals,2026-08-01,23:30,23:19,ID6136,BTK6136,SUB,Surabaya Juanda International Airport,Batik Air,ID,A320,Airbus A320-214,PK-BKP,Landed 00:19,2026-08-02 05:53:58
UPG,arrivals,2026-08-01,23:50,,JT938,,CGK,Jakarta Soekarno Hatta International Airport,Lion Air,JT,738,,,Unknown,2026-08-02 05:53:58
UPG,arrivals,2026-08-01,23:50,,JT123,,CGK,Jakarta Soekarno Hatta International Airport,Lion Air,JT,739,,,Unknown,2026-08-02 05:53:58
UPG,arrivals,2026-08-01,23:55,,JT940,,CGK,Jakarta Soekarno Hatta International Airport,Lion Air,JT,738,,,Unknown,2026-08-02 05:53:58
UPG,arrivals,2026-08-01,23:55,23:35,JT798,LNI798,CGK,Jakarta Soekarno Hatta International Airport,Lion Air,JT,B739,Boeing 737-9GP(ER),PK-LJG,Landed 00:35,2026-08-02 05:53:58
UPG,departures,2026-08-01,00:35,00:35,JT3794,,DJJ,Jayapura Sentani Airport,Lion Air,JT,739,,,Estimated dep 01:35*,2026-08-02 05:54:32
UPG,departures,2026-08-01,00:35,01:00,JT798,LNI798,DJJ,Jayapura Sentani Airport,Lion Air,JT,B739,Boeing 737-9GP(ER),PK-LFW,Departed 02:00,2026-08-02 05:54:32
UPG,departures,2026-08-01,01:10,01:18,JT1984,,TIM,Timika Airport,Lion Air,JT,739,,,Estimated dep 02:18*,2026-08-02 05:54:32
UPG,departures,2026-08-01,01:10,01:18,JT984,LNI984,TIM,Timika Airport,Lion Air,JT,B738,Boeing 737-8GP,PK-LOI,Departed 02:18,2026-08-02 05:54:32
UPG,departures,2026-08-01,01:20,01:35,QG250,CTV250,DJJ,Jayapura Sentani Airport,Citilink (Tiket.com Livery),QG,A320,Airbus A320-214,PK-GLZ,Departed 02:35,2026-08-02 05:54:32
UPG,departures,2026-08-01,01:35,02:10,JT1948,,MKQ,Merauke Mopah International Airport,Lion Air,JT,738,,,Estimated dep 03:10*,2026-08-02 05:54:32
UPG,departures,2026-08-01,01:35,02:10,JT948,LNI948,MKQ,Merauke Mopah International Airport,Lion Air,JT,B738,Boeing 737-8GP,PK-LQZ,Departed 03:10,2026-08-02 05:54:32
UPG,departures,2026-08-01,01:40,01:48,JT940,LNI940,SOQ,Sorong Dominique Edward Osok Airport,Lion Air,JT,B738,Boeing 737-8GP,PK-LOJ,Departed 02:48,2026-08-02 05:54:32
UPG,departures,2026-08-01,01:55,,RI321,,CGK,Jakarta Soekarno Hatta International Airport,Rimbun Air,RI,73Y,,,Unknown,2026-08-02 05:54:32
UPG,departures,2026-08-01,02:00,02:00,JT1880,,BIK,Biak Frans Kaisiepo Airport,Lion Air,JT,738,,,Estimated dep 03:00*,2026-08-02 05:54:32
UPG,departures,2026-08-01,02:00,02:03,JT938,LNI938,BIK,Biak Frans Kaisiepo Airport,Lion Air (80th 737NG Livery),JT,B738,Boeing 737-8GP,PK-LKP,Departed 03:03,2026-08-02 05:54:32
UPG,departures,2026-08-01,02:10,,SJ5898,,TIM,Timika Airport,Sriwijaya Air,SJ,738,,,Unknown,2026-08-02 05:54:32
UPG,departures,2026-08-01,02:10,02:12,SJ588,SJY588,TIM,Timika Airport,Sriwijaya Air,SJ,B735,Boeing 737-524,PK-CLH,Departed 03:12,2026-08-02 05:54:32
UPG,departures,2026-08-01,02:15,02:30,SJ900,,NBX,Nabire Airport,NAM Air,IN,B735,Boeing 737-524,PK-NAS,Estimated dep 03:30*,2026-08-02 05:54:32
UPG,departures,2026-08-01,02:20,,SJ701,,DJJ,Jayapura Sentani Airport,Sriwijaya Air,SJ,738,,,Unknown,2026-08-02 05:54:32
UPG,departures,2026-08-01,02:20,,ID6136,,AMQ,Ambon Pattimura Airport,Batik Air,ID,32A,,,Unknown,2026-08-02 05:54:32
UPG,departures,2026-08-01,02:20,02:41,IU221,SJV221,MKW,Manokwari Rendani Airport,Super Air Jet,IU,A320,Airbus A320-232,PK-STF,Departed 03:41,2026-08-02 05:54:32
UPG,departures,2026-08-01,02:20,02:26,ID6164,BTK6164,AMQ,Ambon Pattimura Airport,Batik Air,ID,A320,Airbus A320-214,PK-LAJ,Departed 03:26,2026-08-02 05:54:32
UPG,departures,2026-08-01,02:30,02:36,SJ698,SJY698,TTE,Ternate Babullah Airport,Sriwijaya Air,SJ,B735,Boeing 737-524,PK-CLE,Departed 03:36,2026-08-02 05:54:32
UPG,departures,2026-08-01,02:30,,SJ696,,TTE,Ternate Babullah Airport,Sriwijaya Air,SJ,738,,,Unknown,2026-08-02 05:54:32
UPG,departures,2026-08-01,02:30,,ID8182,,DJJ,Jayapura Sentani Airport,Batik Air,ID,32A,,,Unknown,2026-08-02 05:54:32
UPG,departures,2026-08-01,02:30,02:45,ID6182,BTK6182,DJJ,Jayapura Sentani Airport,Batik Air,ID,B738,Boeing 737-8GP,PK-LBS,Departed 03:45,2026-08-02 05:54:32
UPG,departures,2026-08-01,02:45,,SJ902,,SOQ,Sorong Dominique Edward Osok Airport,Sriwijaya Air,SJ,735,,,Unknown,2026-08-02 05:54:32
UPG,departures,2026-08-01,04:15,08:17,JT1944,,SOQ,Sorong Dominique Edward Osok Airport,Lion Air,JT,738,,,Unknown,2026-08-02 05:54:32
UPG,departures,2026-08-01,04:15,,JT942,,SOQ,Sorong Dominique Edward Osok Airport,Lion Air,JT,738,,,Canceled,2026-08-02 05:54:32
UPG,departures,2026-08-01,04:35,04:35,JT873,LNI873,CGK,Jakarta Soekarno Hatta International Airport,Lion Air,JT,B739,Boeing 737-9GP(ER),PK-LHP,Departed 05:35,2026-08-02 05:54:32
UPG,departures,2026-08-01,04:45,,SJ784,,WMX,Wamena Airport,Sriwijaya Air,SJ,735,,,Unknown,2026-08-02 05:54:32
UPG,departures,2026-08-01,05:00,05:02,JT3896,,TTE,Ternate Babullah Airport,Lion Air,JT,738,,,Estimated dep 06:02*,2026-08-02 05:54:32
UPG,departures,2026-08-01,05:00,05:02,JT896,LNI896,TTE,Ternate Babullah Airport,Lion Air,JT,B738,Boeing 737-8GP,PK-LKH,Departed 06:02,2026-08-02 05:54:32
UPG,departures,2026-08-01,05:10,05:19,IW1296,WON1296,MOH,Morowali Maleo Airport,Wings Air,IW,AT75,ATR 72-500,PK-WFI,Departed 06:19,2026-08-02 05:54:32
UPG,departures,2026-08-01,05:15,05:15,JT880,,AMQ,Ambon Pattimura Airport,Lion Air,JT,738,,,Estimated dep 06:15*,2026-08-02 05:54:32
UPG,departures,2026-08-01,05:15,,JT888,,AMQ,Ambon Pattimura Airport,Lion Air,JT,738,,,Canceled,2026-08-02 05:54:32
UPG,departures,2026-08-01,05:20,05:22,ID6761,BTK6761,DPS,Denpasar Ngurah Rai International Airport,Batik Air,ID,A320,Airbus A320-214,PK-BKV,Departed 06:22,2026-08-02 05:54:32
UPG,departures,2026-08-01,05:25,,ID6864,,CGK,Jakarta Soekarno Hatta International Airport,Batik Air,ID,32A,,,Unknown,2026-08-02 05:54:29
UPG,departures,2026-08-01,05:25,05:36,ID6265,BTK6265,CGK,Jakarta Soekarno Hatta International Airport,Batik Air,ID,A320,Airbus A320-214,PK-LUF,Departed 06:36,2026-08-02 05:54:32
UPG,departures,2026-08-01,06:00,06:03,QG780,CTV780,YIA,Yogyakarta International Airport,Citilink,QG,A320,Airbus A320-214,PK-GLN,Departed 07:03,2026-08-02 05:54:29
UPG,departures,2026-08-01,06:00,05:52,IW1206,WON1206,KXB,Kolaka Sangia Nibandera Airport,Wings Air,IW,AT75,ATR 72-500,PK-WFU,Departed 06:52,2026-08-02 05:54:29
UPG,departures,2026-08-01,06:05,05:58,IW1332,WON1332,MOH,Morowali Maleo Airport,Wings Air,IW,AT76,ATR 72-600,PK-WGY,Departed 06:58,2026-08-02 05:54:29
UPG,departures,2026-08-01,06:15,06:21,GA617,GIA617,CGK,Jakarta Soekarno Hatta International Airport,Garuda Indonesia,GA,B738,Boeing 737-8U3,PK-GFD,Departed 07:21,2026-08-02 05:54:29
UPG,departures,2026-08-01,06:30,06:46,JT92,LNI092,JED,Jeddah King Abdulaziz International Airport,Lion Air,JT,A339,Airbus A330-941,PK-LES,Departed 07:46,2026-08-02 05:54:29
UPG,departures,2026-08-01,06:50,06:50,JT981,,SUB,Surabaya Juanda International Airport,Lion Air,JT,738,,,Estimated dep 07:50*,2026-08-02 05:54:29
UPG,departures,2026-08-01,06:50,07:00,JT801,LNI801,SUB,Surabaya Juanda International Airport,Lion Air,JT,B739,Boeing 737-9GP(ER),PK-LQT,Departed 08:00,2026-08-02 05:54:29
UPG,departures,2026-08-01,06:50,06:50,JT781,,SUB,Surabaya Juanda International Airport,Lion Air,JT,738,,,Estimated dep 07:50*,2026-08-02 05:54:29
UPG,departures,2026-08-01,07:05,07:33,IW1302,WON1302,MJU,Mamuju Tampa Padang Airport,Wings Air,IW,AT75,ATR 72-500,PK-WFW,Departed 08:33,2026-08-02 05:54:29
UPG,departures,2026-08-01,07:10,,JT1852,,PLW,Palu Mutiara Airport,Lion Air,JT,738,,,Unknown,2026-08-02 05:54:29
UPG,departures,2026-08-01,07:10,,JT852,,PLW,Palu Mutiara Airport,Lion Air,JT,738,,,Unknown,2026-08-02 05:54:29
UPG,departures,2026-08-01,07:10,07:27,IW1350,WON1350,LLO,Palopo Lagaligo Airport,Wings Air,IW,AT76,ATR 72-600,PK-WHP,Departed 08:27,2026-08-02 05:54:29
UPG,departures,2026-08-01,07:15,07:31,JT986,LNI986,KDI,Kendari Haluoleo Airport,Lion Air,JT,B739,Boeing 737-9GP(ER),PK-LJI,Departed 08:31,2026-08-02 05:54:29
UPG,departures,2026-08-01,07:15,07:15,JT786,,KDI,Kendari Haluoleo Airport,Lion Air,JT,739,,,Estimated dep 08:15*,2026-08-02 05:54:29
UPG,departures,2026-08-01,07:20,,ID8770,,MDC,Manado Sam Ratulangi International Airport,Batik Air,ID,32A,,,Unknown,2026-08-02 05:54:29
UPG,departures,2026-08-01,07:20,07:50,ID6770,BTK6770,MDC,Manado Sam Ratulangi International Airport,Batik Air,ID,A320,Airbus A320-214,PK-BKP,Departed 08:50,2026-08-02 05:54:29
UPG,departures,2026-08-01,07:20,07:25,IW1328,WON1328,MOH,Morowali Maleo Airport,Wings Air,IW,AT75,ATR 72-500,PK-WFS,Departed 08:25,2026-08-02 05:54:29
UPG,departures,2026-08-01,07:20,07:36,IU572,SJV572,BUW,Bau-Bau Betoambari Airport,Super Air Jet,IU,A320,Airbus A320-232,PK-STR,Departed 08:36,2026-08-02 05:54:29
UPG,departures,2026-08-01,07:30,07:45,ID6751,BTK6751,KDI,Kendari Haluoleo Airport,Batik Air,ID,A320,Airbus A320-214,PK-BKT,Departed 08:45,2026-08-02 05:54:29
UPG,departures,2026-08-01,07:35,07:39,JT741,LNI741,DPS,Denpasar Ngurah Rai International Airport,Lion Air,JT,B739,Boeing 737-96N(ER),PK-LSY,Departed 08:39,2026-08-02 05:54:29
UPG,departures,2026-08-01,07:40,07:58,SJ538,SJY538,MOH,Morowali Maleo Airport,Sriwijaya Air,SJ,B735,Boeing 737-524,PK-CLF,Departed 08:58,2026-08-02 05:54:29
UPG,departures,2026-08-01,07:40,07:56,JT641,LNI641,YIA,Yogyakarta International Airport,Lion Air,JT,B739,Boeing 737-9GP(ER),PK-LQS,Departed 08:56,2026-08-02 05:54:29
UPG,departures,2026-08-01,08:10,09:29,JT2792,,MDC,Manado Sam Ratulangi International Airport,Lion Air,JT,738,,,Unknown,2026-08-02 05:54:29
UPG,departures,2026-08-01,08:10,,JT742,,MDC,Manado Sam Ratulangi International Airport,Lion Air,JT,738,,,Canceled,2026-08-02 05:54:29
UPG,departures,2026-08-01,08:10,,JT746,,MDC,Manado Sam Ratulangi International Airport,Lion Air,JT,739,,,Unknown,2026-08-02 05:54:29
UPG,departures,2026-08-01,08:15,08:24,JT871,LNI871,CGK,Jakarta Soekarno Hatta International Airport,Lion Air,JT,B739,Boeing 737-9GP(ER),PK-LSK,Departed 09:24,2026-08-02 05:54:29
UPG,departures,2026-08-01,08:30,08:30,JT3871,,CGK,Jakarta Soekarno Hatta International Airport,Lion Air,JT,738,,,Estimated dep 09:30*,2026-08-02 05:54:29
UPG,departures,2026-08-01,08:30,08:30,JT2891,,CGK,Jakarta Soekarno Hatta International Airport,Lion Air,JT,738,,,Estimated dep 09:30*,2026-08-02 05:54:29
UPG,departures,2026-08-01,08:30,08:31,JT991,,CGK,Jakarta Soekarno Hatta International Airport,Lion Air,JT,739,,,Estimated dep 09:31*,2026-08-02 05:54:29
UPG,departures,2026-08-01,08:45,,ID8260,,TIM,Timika Airport,Batik Air,ID,32A,,,Unknown,2026-08-02 05:54:29
UPG,departures,2026-08-01,08:45,08:53,ID6260,BTK6260,TIM,Timika Airport,Batik Air,ID,A320,Airbus A320-232,PK-BLB,Departed 09:53,2026-08-02 05:54:29
UPG,departures,2026-08-01,08:45,10:01,GA604,GIA604,KDI,Kendari Haluoleo Airport,Garuda Indonesia,GA,B738,Boeing 737-8U3,PK-GFP,Departed 11:01,2026-08-02 05:54:29
UPG,departures,2026-08-01,08:50,08:55,IW1204,WON1204,KXB,Kolaka Sangia Nibandera Airport,Wings Air,IW,AT75,ATR 72-500,PK-WFU,Departed 09:55,2026-08-02 05:54:29
UPG,departures,2026-08-01,08:50,09:21,IU535,SJV535,BPN,Balikpapan Sepinggan Airport,Super Air Jet,IU,A320,Airbus A320-232,PK-STF,Departed 10:21,2026-08-02 05:54:29
UPG,departures,2026-08-01,08:55,09:03,JT791,LNI791,SUB,Surabaya Juanda International Airport,Lion Air,JT,B739,Boeing 737-9GP(ER),PK-LHR,Departed 10:03,2026-08-02 05:54:29
UPG,departures,2026-08-01,09:00,,SJ7160,,DPS,Denpasar Ngurah Rai International Airport,Sriwijaya Air,SJ,735,,,Unknown,2026-08-02 05:54:29
UPG,departures,2026-08-01,09:00,11:41,SJ553,SJY553,BEJ,Kalimarau Airport,Sriwijaya Air,SJ,B735,Boeing 737-524,PK-CLF,Departed 12:41,2026-08-02 05:54:29
UPG,departures,2026-08-01,09:00,,SJ532,,PSJ,Poso Kasiguncu Airport,Sriwijaya Air,SJ,735,,,Unknown,2026-08-02 05:54:29
UPG,departures,2026-08-01,09:00,09:00,JT1707,,SUB,Surabaya Juanda International Airport,Lion Air,JT,739,,,Estimated dep 10:00*,2026-08-02 05:54:29
UPG,departures,2026-08-01,09:00,09:00,JT680,,SUB,Surabaya Juanda International Airport,Lion Air,JT,738,,,Estimated dep 10:00*,2026-08-02 05:54:29
UPG,departures,2026-08-01,09:05,09:05,IW1326,WON1326,MOH,Morowali Maleo Airport,Wings Air,IW,AT75,ATR 72-500,PK-WFI,Departed 10:05,2026-08-02 05:54:29
UPG,departures,2026-08-01,09:05,09:23,ID6267,BTK6267,CGK,Jakarta Soekarno Hatta International Airport,Batik Air,ID,A320,Airbus A320-214,PK-LUI,Departed 10:23,2026-08-02 05:54:29
UPG,departures,2026-08-01,09:10,09:12,IP807,PAS807,CGK,Jakarta Soekarno Hatta International Airport,Pelita Air,IP,A320,Airbus A320-214,PK-PWK,Departed 10:12,2026-08-02 05:54:29
UPG,departures,2026-08-01,09:15,,ID6236,,LUW,Luwuk Bubung Airport,Batik Air,ID,32A,,,Unknown,2026-08-02 05:54:29
UPG,departures,2026-08-01,09:15,09:36,ID6264,,LUW,Luwuk Bubung Airport,Batik Air,ID,32A,,,Estimated dep 10:36*,2026-08-02 05:54:29
UPG,departures,2026-08-01,09:15,09:28,ID6294,BTK6294,LUW,Luwuk Bubung Airport,Batik Air,ID,A320,Airbus A320-214,PK-LAJ,Departed 10:28,2026-08-02 05:54:29
UPG,departures,2026-08-01,09:20,,KS503,,KSR,Selayar Islands H. Aroeppala Airport,Aeroitalia Regional,KS,ATR,,,Unknown,2026-08-02 05:54:29
UPG,departures,2026-08-01,09:45,10:04,QG251,CTV251,CGK,Jakarta Soekarno Hatta International Airport,Citilink (Tiket.com Livery),QG,A320,Airbus A320-214,PK-GLZ,Departed 11:04,2026-08-02 05:54:29
UPG,departures,2026-08-01,09:45,09:56,QG351,CTV351,SUB,Surabaya Juanda International Airport,Citilink,QG,A320,Airbus A320-214,PK-GLI,Departed 10:56,2026-08-02 05:54:29
UPG,departures,2026-08-01,09:50,10:06,AK331,AXM331,KUL,Kuala Lumpur International Airport,AirAsia,AK,A320,Airbus A320-216,9M-RAA,Departed 11:06,2026-08-02 05:54:29
UPG,departures,2026-08-01,09:55,,IW1940,,MOF,Maumere Frans Seda Airport,Wings Air,IW,AT7,,,Unknown,2026-08-02 05:54:29
UPG,departures,2026-08-01,10:05,10:10,JT854,LNI854,PLW,Palu Mutiara Airport,Lion Air,JT,B738,Boeing 737-8GP,PK-LQY,Departed 11:10,2026-08-02 05:54:29
UPG,departures,2026-08-01,10:10,,IW1308,,BUW,Bau-Bau Betoambari Airport,Wings Air,IW,AT7,,,Canceled,2026-08-02 05:54:29
UPG,departures,2026-08-01,10:15,10:38,GA611,GIA611,CGK,Jakarta Soekarno Hatta International Airport,Garuda Indonesia,GA,B738,Boeing 737-8U3,PK-GNH,Departed 11:38,2026-08-02 05:54:29
UPG,departures,2026-08-01,10:25,,JT1942,,SOQ,Sorong Dominique Edward Osok Airport,Lion Air,JT,738,,,Unknown,2026-08-02 05:54:29
UPG,departures,2026-08-01,10:25,10:31,JT944,LNI944,SOQ,Sorong Dominique Edward Osok Airport,Lion Air,JT,B738,Boeing 737-8GP,PK-LQZ,Departed 11:31,2026-08-02 05:54:29
UPG,departures,2026-08-01,10:45,,JT1787,,SUB,Surabaya Juanda International Airport,Lion Air,JT,738,,,Unknown,2026-08-02 05:54:29
UPG,departures,2026-08-01,10:45,10:45,JT949,,SUB,Surabaya Juanda International Airport,Lion Air,JT,738,,,Estimated dep 11:45*,2026-08-02 05:54:29
UPG,departures,2026-08-01,10:45,10:46,JT787,LNI787,SUB,Surabaya Juanda International Airport,Lion Air,JT,B739,Boeing 737-9GP(ER),PK-LJI,Departed 11:46,2026-08-02 05:54:29
UPG,departures,2026-08-01,10:50,10:51,IU531,SJV531,BPN,Balikpapan Sepinggan Airport,Super Air Jet,IU,A320,Airbus A320-232,PK-STR,Departed 11:51,2026-08-02 05:54:29
UPG,departures,2026-08-01,10:50,,ID6317,,BPN,Balikpapan Sepinggan Airport,Batik Air,ID,32A,,,Unknown,2026-08-02 05:54:29
UPG,departures,2026-08-01,10:50,10:54,ID6233,BTK6233,BPN,Balikpapan Sepinggan Airport,Batik Air,ID,A320,Airbus A320-214,PK-BKT,Departed 11:54,2026-08-02 05:54:29
UPG,departures,2026-08-01,11:00,11:07,QG343,CTV343,DPS,Denpasar Ngurah Rai International Airport,Citilink,QG,A320,Airbus A320-214,PK-GQO,Departed 12:07,2026-08-02 05:54:29
UPG,departures,2026-08-01,11:00,,IW1298,,MOH,Morowali Maleo Airport,Wings Air,IW,AT7,,,Canceled,2026-08-02 05:54:29
UPG,departures,2026-08-01,11:10,11:22,SJ581,SJY581,CGK,Jakarta Soekarno Hatta International Airport,Sriwijaya Air,SJ,B735,Boeing 737-524,PK-CLE,Departed 12:22,2026-08-02 05:54:29
UPG,departures,2026-08-01,11:15,12:44,ID6183,BTK6183,CGK,Jakarta Soekarno Hatta International Airport,Batik Air,ID,B738,Boeing 737-8GP,PK-LBS,Departed 13:44,2026-08-02 05:54:29
UPG,departures,2026-08-01,11:35,11:34,IW1208,WON1208,KXB,Kolaka Sangia Nibandera Airport,Wings Air,IW,AT75,ATR 72-500,PK-WFU,Departed 12:34,2026-08-02 05:54:29
UPG,departures,2026-08-01,11:40,12:30,JT1892,,GTO,Gorontalo Jalaluddin Airport,Lion Air,JT,738,,,Unknown,2026-08-02 05:54:29
UPG,departures,2026-08-01,11:40,14:33,JT892,LNI892,GTO,Gorontalo Jalaluddin Airport,Lion Air,JT,B739,Boeing 737-9GP(ER),PK-LFW,Departed 15:33,2026-08-02 05:54:29
UPG,departures,2026-08-01,11:45,,JT992,,KDI,Kendari Haluoleo Airport,Lion Air,JT,738,,,Canceled,2026-08-02 05:54:29
UPG,departures,2026-08-01,11:45,,JT882,,KDI,Kendari Haluoleo Airport,Lion Air,JT,739,,,Unknown,2026-08-02 05:54:29
UPG,departures,2026-08-01,11:54,11:54,JT868,LNI868,TTE,Ternate Babullah Airport,Lion Air,JT,B738,Boeing 737-8GP,PK-LPK,Departed 12:54,2026-08-02 05:54:29
UPG,departures,2026-08-01,12:05,12:21,ID6292,BTK6292,LUW,Luwuk Bubung Airport,Batik Air,ID,A320,Airbus A320-214,PK-LUJ,Departed 13:21,2026-08-02 05:54:29
UPG,departures,2026-08-01,12:10,17:24,JT1855,,DPS,Denpasar Ngurah Rai International Airport,Lion Air,JT,738,,,Unknown,2026-08-02 05:54:29
UPG,departures,2026-08-01,12:10,,JT745,,DPS,Denpasar Ngurah Rai International Airport,Lion Air,JT,739,,,Canceled,2026-08-02 05:54:29
UPG,departures,2026-08-01,12:15,,ID6554,,PLW,Palu Mutiara Airport,Batik Air,ID,32A,,,Canceled,2026-08-02 05:54:29
UPG,departures,2026-08-01,12:25,,JT1943,,CGK,Jakarta Soekarno Hatta International Airport,Lion Air,JT,739,,,Unknown,2026-08-02 05:54:29
UPG,departures,2026-08-01,12:25,12:25,JT1949,,CGK,Jakarta Soekarno Hatta International Airport,Lion Air,JT,739,,,Estimated dep 13:25*,2026-08-02 05:54:29
UPG,departures,2026-08-01,12:25,12:25,JT1897,,CGK,Jakarta Soekarno Hatta International Airport,Lion Air,JT,738,,,Estimated dep 13:25*,2026-08-02 05:54:29
UPG,departures,2026-08-01,12:25,12:25,JT987,,CGK,Jakarta Soekarno Hatta International Airport,Lion Air,JT,738,,,Estimated dep 13:25*,2026-08-02 05:54:29
UPG,departures,2026-08-01,12:25,,JT372,,CGK,Jakarta Soekarno Hatta International Airport,Lion Air,JT,739,,,Unknown,2026-08-02 05:54:29
UPG,departures,2026-08-01,12:25,12:26,JT985,LNI985,CGK,Jakarta Soekarno Hatta International Airport,Lion Air,JT,B738,Boeing 737-8GP,PK-LOI,Departed 13:26,2026-08-02 05:54:29
UPG,departures,2026-08-01,12:35,,SJ5521,,BEJ,Kalimarau Airport,Sriwijaya Air,SJ,735,,,Unknown,2026-08-02 05:54:29
UPG,departures,2026-08-01,12:45,13:42,IW1324,WON1324,MOH,Morowali Maleo Airport,Wings Air,IW,AT75,ATR 72-500,PK-WFW,Departed 14:42,2026-08-02 05:54:29
UPG,departures,2026-08-01,12:50,12:50,JT1994,,KDI,Kendari Haluoleo Airport,Lion Air,JT,738,,,Estimated dep 13:50*,2026-08-02 05:54:29
UPG,departures,2026-08-01,12:50,13:19,JT994,LNI994,KDI,Kendari Haluoleo Airport,Lion Air,JT,B739,Boeing 737-9GP(ER),PK-LQS,Departed 14:19,2026-08-02 05:54:29
UPG,departures,2026-08-01,13:00,,SJ534,,RAQ,Raha Sugimanuru Airport,Sriwijaya Air,SJ,735,,,Unknown,2026-08-02 05:54:29
UPG,departures,2026-08-01,13:00,,JT849,,KOE,Kupang El Tari Airport,Lion Air,JT,738,,,Canceled,2026-08-02 05:54:29
UPG,departures,2026-08-01,13:00,13:34,GA605,GIA605,CGK,Jakarta Soekarno Hatta International Airport,Garuda Indonesia,GA,B738,Boeing 737-8U3,PK-GFP,Departed 14:34,2026-08-02 05:54:29
UPG,departures,2026-08-01,13:05,,JT523,,BDJ,Banjarmasin Syamsudin Noor Airport,Lion Air,JT,739,,,Canceled,2026-08-02 05:54:29
UPG,departures,2026-08-01,13:05,13:10,JT909,LNI909,SRG,Semarang Achmad Yani International Airport,Lion Air,JT,B738,Boeing 737-8GP,PK-LKH,Departed 14:10,2026-08-02 05:54:29
UPG,departures,2026-08-01,13:10,13:16,ID6762,BTK6762,MDC,Manado Sam Ratulangi International Airport,Batik Air,ID,A320,Airbus A320-214,PK-BKP,Departed 14:16,2026-08-02 05:54:29
UPG,departures,2026-08-01,13:20,13:40,JT707,LNI707,SUB,Surabaya Juanda International Airport,Lion Air (50th 737-900ER Livery),JT,B739,Boeing 737-9GP(ER),PK-LHY,Departed 14:40,2026-08-02 05:54:29
UPG,departures,2026-08-01,13:25,13:20,JT1985,,SUB,Surabaya Juanda International Airport,Lion Air,JT,739,,,Estimated dep 14:20*,2026-08-02 05:54:29
UPG,departures,2026-08-01,13:25,,JT1801,,SUB,Surabaya Juanda International Airport,Lion Air,JT,738,,,Unknown,2026-08-02 05:54:29
UPG,departures,2026-08-01,13:25,13:25,JT897,,SUB,Surabaya Juanda International Airport,Lion Air,JT,738,,,Estimated dep 14:25*,2026-08-02 05:54:29
UPG,departures,2026-08-01,13:25,13:20,JT838,,SUB,Surabaya Juanda International Airport,Lion Air,JT,739,,,Estimated dep 14:20*,2026-08-02 05:54:29
UPG,departures,2026-08-01,13:25,,IW1300,,MJU,Mamuju Tampa Padang Airport,Wings Air,IW,AT7,,,Canceled,2026-08-02 05:54:29
UPG,departures,2026-08-01,13:55,13:44,IW1869,WON1869,BMU,Bima Sultan Muhammad Salahudin Airport,Wings Air,IW,AT76,ATR 72-600,PK-WHP,Departed 14:44,2026-08-02 05:54:29
UPG,departures,2026-08-01,14:00,14:00,JT2778,,TTE,Ternate Babullah Airport,Lion Air,JT,738,,,Estimated dep 15:00*,2026-08-02 05:54:26
UPG,departures,2026-08-01,14:00,14:00,JT1853,,CGK,Jakarta Soekarno Hatta International Airport,Lion Air,JT,739,,,Estimated dep 15:00*,2026-08-02 05:54:26
UPG,departures,2026-08-01,14:00,,JT1743,,CGK,Jakarta Soekarno Hatta International Airport,Lion Air,JT,738,,,Unknown,2026-08-02 05:54:26
UPG,departures,2026-08-01,14:00,14:15,JT980,LNI980,TTE,Ternate Babullah Airport,Lion Air,JT,B738,Boeing 737-8GP,PK-LQY,Departed 15:15,2026-08-02 05:54:26
UPG,departures,2026-08-01,14:00,14:00,JT939,,CGK,Jakarta Soekarno Hatta International Airport,Lion Air,JT,738,,,Estimated dep 15:00*,2026-08-02 05:54:26
UPG,departures,2026-08-01,14:00,13:59,JT797,LNI797,CGK,Jakarta Soekarno Hatta International Airport,Lion Air,JT,B739,Boeing 737-9GP(ER),PK-LJG,Departed 14:59,2026-08-02 05:54:26
UPG,departures,2026-08-01,14:10,,JT998,,KDI,Kendari Haluoleo Airport,Lion Air,JT,738,,,Canceled,2026-08-02 05:54:26
UPG,departures,2026-08-01,14:20,14:35,QG213,CTV213,CGK,Jakarta Soekarno Hatta International Airport,Citilink,QG,A320,Airbus A320-214,PK-GLI,Departed 15:35,2026-08-02 05:54:26
UPG,departures,2026-08-01,14:35,14:35,JT1774,,PLW,Palu Mutiara Airport,Lion Air,JT,738,,,Estimated dep 15:35*,2026-08-02 05:54:26
UPG,departures,2026-08-01,14:35,14:45,JT780,LNI780,PLW,Palu Mutiara Airport,Lion Air,JT,B739,Boeing 737-9GP(ER),PK-LSR,Departed 15:45,2026-08-02 05:54:26
UPG,departures,2026-08-01,14:45,14:37,IW1306,WON1306,BUW,Bau-Bau Betoambari Airport,Wings Air,IW,AT75,ATR 72-500,PK-WFU,Departed 15:37,2026-08-02 05:54:26
UPG,departures,2026-08-01,14:50,,SJ593,,CGK,Jakarta Soekarno Hatta International Airport,Sriwijaya Air,SJ,735,,,Unknown,2026-08-02 05:54:26
UPG,departures,2026-08-01,15:00,15:09,QG353,CTV353,SUB,Surabaya Juanda International Airport,Citilink,QG,A320,Airbus A320-214,PK-GQO,Departed 16:09,2026-08-02 05:54:26
UPG,departures,2026-08-01,15:50,,ID6771,,CGK,Jakarta Soekarno Hatta International Airport,Batik Air,ID,32A,,,Unknown,2026-08-02 05:54:26
UPG,departures,2026-08-01,15:50,,ID6750,,CGK,Jakarta Soekarno Hatta International Airport,Batik Air,ID,32A,,,Unknown,2026-08-02 05:54:26
UPG,departures,2026-08-01,15:50,,ID6295,,CGK,Jakarta Soekarno Hatta International Airport,Batik Air,ID,32A,,,Unknown,2026-08-02 05:54:26
UPG,departures,2026-08-01,15:50,,ID6261,,CGK,Jakarta Soekarno Hatta International Airport,Batik Air,ID,32A,,,Unknown,2026-08-02 05:54:26
UPG,departures,2026-08-01,15:50,15:45,ID6143,BTK6143,CGK,Jakarta Soekarno Hatta International Airport,Batik Air,ID,A320,Airbus A320-232,PK-BLB,Departed 16:45,2026-08-02 05:54:26
UPG,departures,2026-08-01,15:55,,SJ563,,SUB,Surabaya Juanda International Airport,Sriwijaya Air,SJ,735,,,Unknown,2026-08-02 05:54:26
UPG,departures,2026-08-01,15:55,17:18,JT941,,CGK,Jakarta Soekarno Hatta International Airport,Lion Air,JT,738,,,Unknown,2026-08-02 05:54:26
UPG,departures,2026-08-01,15:55,,JT881,,CGK,Jakarta Soekarno Hatta International Airport,Lion Air,JT,738,,,Unknown,2026-08-02 05:54:26
UPG,departures,2026-08-01,15:55,18:06,JT793,,CGK,Jakarta Soekarno Hatta International Airport,Lion Air,JT,739,,,Unknown,2026-08-02 05:54:26
UPG,departures,2026-08-01,16:15,16:45,JT997,,SUB,Surabaya Juanda International Airport,Lion Air,JT,738,,,Estimated dep 17:45*,2026-08-02 05:54:26
UPG,departures,2026-08-01,16:15,22:20,JT1945,,SUB,Surabaya Juanda International Airport,Lion Air,JT,738,,,Unknown,2026-08-02 05:54:26
UPG,departures,2026-08-01,16:15,17:21,JT996,LNI996,KDI,Kendari Haluoleo Airport,Lion Air,JT,B739,Boeing 737-9GP(ER),PK-LQS,Departed 18:21,2026-08-02 05:54:26
UPG,departures,2026-08-01,16:15,20:18,JT1885,,SUB,Surabaya Juanda International Airport,Lion Air,JT,738,,,Unknown,2026-08-02 05:54:26
UPG,departures,2026-08-01,16:15,19:20,JT1797,,SUB,Surabaya Juanda International Airport,Lion Air,JT,739,,,Unknown,2026-08-02 05:54:26
UPG,departures,2026-08-01,16:15,19:22,JT1881,,SUB,Surabaya Juanda International Airport,Lion Air,JT,739,,,Unknown,2026-08-02 05:54:26
UPG,departures,2026-08-01,16:15,19:20,JT853,,SUB,Surabaya Juanda International Airport,Lion Air,JT,739,,,Unknown,2026-08-02 05:54:26
UPG,departures,2026-08-01,16:15,18:49,JT885,LNI885,SUB,Surabaya Juanda International Airport,Lion Air,JT,B739,Boeing 737-9GP(ER),PK-LFW,Departed 19:49,2026-08-02 05:54:26
UPG,departures,2026-08-01,16:30,16:32,SJ599,SJY599,CGK,Jakarta Soekarno Hatta International Airport,Sriwijaya Air,SJ,B735,Boeing 737-524,PK-CLH,Departed 17:32,2026-08-02 05:54:26
UPG,departures,2026-08-01,16:30,,IN583,,CGK,Jakarta Soekarno Hatta International Airport,Nam Air,IN,735,,,Unknown,2026-08-02 05:54:26
UPG,departures,2026-08-01,16:35,16:50,JT1780,,MDC,Manado Sam Ratulangi International Airport,Lion Air,JT,739,,,Estimated dep 17:50*,2026-08-02 05:54:26
UPG,departures,2026-08-01,16:35,16:48,JT1740,,MDC,Manado Sam Ratulangi International Airport,Lion Air,JT,739,,,Estimated dep 17:48*,2026-08-02 05:54:26
UPG,departures,2026-08-01,16:35,17:23,JT740,LNI740,MDC,Manado Sam Ratulangi International Airport,Lion Air,JT,B739,Boeing 737-9GP(ER),PK-LFK,Departed 18:23,2026-08-02 05:54:26
UPG,departures,2026-08-01,16:40,17:14,QG341,CTV341,CGK,Jakarta Soekarno Hatta International Airport,Citilink,QG,A320,Airbus A320-214,PK-GLO,Departed 18:14,2026-08-02 05:54:26
UPG,departures,2026-08-01,17:00,17:33,QG355,CTV355,SUB,Surabaya Juanda International Airport,Citilink,QG,A20N,Airbus A320-251N,PK-GTC,Departed 18:33,2026-08-02 05:54:26
UPG,departures,2026-08-01,17:00,,JT662,,BPN,Balikpapan Sepinggan Airport,Lion Air,JT,738,,,Canceled,2026-08-02 05:54:26
UPG,departures,2026-08-01,17:00,17:03,ID6293,BTK6293,CGK,Jakarta Soekarno Hatta International Airport,Batik Air,ID,A320,Airbus A320-214,PK-LUJ,Departed 18:03,2026-08-02 05:54:26
UPG,departures,2026-08-01,17:15,19:15,JT1643,,YIA,Yogyakarta International Airport,Lion Air,JT,739,,,Unknown,2026-08-02 05:54:26
UPG,departures,2026-08-01,17:15,17:07,JT665,LNI665,YIA,Yogyakarta International Airport,Lion Air,JT,B738,Boeing 737-8GP,PK-LQZ,Departed 18:07,2026-08-02 05:54:26
UPG,departures,2026-08-01,17:35,,ID6555,,CGK,Jakarta Soekarno Hatta International Airport,Batik Air,ID,32A,,,Canceled,2026-08-02 05:54:26
UPG,departures,2026-08-01,17:35,19:00,ID6235,BTK6235,CGK,Jakarta Soekarno Hatta International Airport,Batik Air,ID,B738,Boeing 737-8GP,PK-LBS,Departed 20:00,2026-08-02 05:54:26
UPG,departures,2026-08-01,17:50,19:35,SJ567,SJY567,SUB,Surabaya Juanda International Airport,Sriwijaya Air,SJ,B735,Boeing 737-524,PK-CLF,Departed 20:35,2026-08-02 05:54:26
UPG,departures,2026-08-01,17:55,19:21,JT945,,DPS,Denpasar Ngurah Rai International Airport,Lion Air,JT,738,,,Unknown,2026-08-02 05:54:26
UPG,departures,2026-08-01,17:55,18:19,JT747,LNI747,DPS,Denpasar Ngurah Rai International Airport,Lion Air,JT,B738,Boeing 737-8GP,PK-LKH,Departed 19:19,2026-08-02 05:54:26
UPG,departures,2026-08-01,17:55,19:20,JT743,,DPS,Denpasar Ngurah Rai International Airport,Lion Air,JT,739,,,Unknown,2026-08-02 05:54:26
UPG,departures,2026-08-01,18:20,,ID8555,,SUB,Surabaya Juanda International Airport,Batik Air,ID,32A,,,Canceled,2026-08-02 05:54:26
UPG,departures,2026-08-01,18:20,,ID8261,,SUB,Surabaya Juanda International Airport,Batik Air,ID,32A,,,Unknown,2026-08-02 05:54:26
UPG,departures,2026-08-01,18:20,,ID8183,,SUB,Surabaya Juanda International Airport,Batik Air,ID,32A,,,Unknown,2026-08-02 05:54:26
UPG,departures,2026-08-01,18:20,,ID8763,,SUB,Surabaya Juanda International Airport,Batik Air,ID,32A,,,Unknown,2026-08-02 05:54:26
UPG,departures,2026-08-01,18:20,,ID8293,,SUB,Surabaya Juanda International Airport,Batik Air,ID,32A,,,Unknown,2026-08-02 05:54:26
UPG,departures,2026-08-01,18:20,,ID8750,,SUB,Surabaya Juanda International Airport,Batik Air,ID,32A,,,Unknown,2026-08-02 05:54:26
UPG,departures,2026-08-01,18:20,18:30,ID6137,BTK6137,SUB,Surabaya Juanda International Airport,Batik Air,ID,A320,Airbus A320-214,PK-BKP,Departed 19:30,2026-08-02 05:54:26
UPG,departures,2026-08-01,18:25,19:36,JT1703,,CGK,Jakarta Soekarno Hatta International Airport,Lion Air,JT,738,,,Unknown,2026-08-02 05:54:26
UPG,departures,2026-08-01,18:25,19:15,JT703,,CGK,Jakarta Soekarno Hatta International Airport,Lion Air,JT,739,,,Unknown,2026-08-02 05:54:26
UPG,departures,2026-08-01,18:30,18:35,QG428,CTV428,BPN,Balikpapan Sepinggan Airport,Citilink,QG,A320,Airbus A320-214,PK-GQG,Departed 19:35,2026-08-02 05:54:26
UPG,departures,2026-08-01,18:50,19:08,GA615,GIA615,CGK,Jakarta Soekarno Hatta International Airport,Garuda Indonesia,GA,B738,Boeing 737-8U3,PK-GMF,Departed 20:08,2026-08-02 05:54:26
UPG,departures,2026-08-01,19:05,19:10,IP809,PAS809,CGK,Jakarta Soekarno Hatta International Airport,Pelita Air,IP,A320,Airbus A320-214,PK-PWH,Departed 20:10,2026-08-02 05:54:26
UPG,departures,2026-08-01,19:25,22:12,ID6763,,CGK,Jakarta Soekarno Hatta International Airport,Batik Air,ID,32A,,,Unknown,2026-08-02 05:54:26
UPG,departures,2026-08-01,19:25,19:19,ID6269,BTK6269,CGK,Jakarta Soekarno Hatta International Airport,Batik Air,ID,A320,Airbus A320-214,PK-LAJ,Departed 20:19,2026-08-02 05:54:26
UPG,departures,2026-08-01,20:00,,RI3210,,CGK,Jakarta Soekarno Hatta International Airport,Rimbun Air,RI,73Y,,,Unknown,2026-08-02 05:54:26
UPG,departures,2026-08-01,20:05,,ID6231,,CGK,Jakarta Soekarno Hatta International Airport,Batik Air,ID,32A,,,Canceled,2026-08-02 05:54:26
UPG,departures,2026-08-01,20:20,20:31,QG427,CTV427,CGK,Jakarta Soekarno Hatta International Airport,Citilink,QG,A320,Airbus A320-214,PK-GQN,Departed 21:31,2026-08-02 05:54:26
UPG,departures,2026-08-01,23:30,23:49,QG217,CTV217,CGK,Jakarta Soekarno Hatta International Airport,Citilink,QG,A20N,Airbus A320-251N,PK-GTA,Departed 00:49,2026-08-02 05:54:26
YIA,arrivals,2026-08-01,06:40,06:31,IU777,SJV777,LOP,Lombok International Airport,Super Air Jet,IU,A320,Airbus A320-232,PK-SJJ,Landed 06:31,2026-08-02 05:54:53
YIA,arrivals,2026-08-01,07:10,07:02,ID6368,BTK6368,CGK,Jakarta Soekarno Hatta International Airport,Batik Air,ID,A320,Airbus A320-232,PK-BKL,Landed 07:02,2026-08-02 05:54:53
YIA,arrivals,2026-08-01,07:25,,IU665,,BDJ,Banjarmasin Syamsudin Noor Airport,Super Air Jet,IU,320,,,Canceled,2026-08-02 05:54:53
YIA,arrivals,2026-08-01,07:50,07:28,JT668,LNI668,BPN,Balikpapan Sepinggan Airport,Lion Air,JT,B739,Boeing 737-9GP(ER),PK-LSJ,Landed 07:28,2026-08-02 05:54:53
YIA,arrivals,2026-08-01,07:50,07:34,IP646,PAS646,BPN,Balikpapan Sepinggan Airport,Pelita Air,IP,A320,Airbus A320-214,PK-PWC,Landed 07:34,2026-08-02 05:54:53
YIA,arrivals,2026-08-01,08:00,07:47,QG780,CTV780,UPG,Makassar Sultan Hasanuddin International Airport,Citilink,QG,A320,Airbus A320-214,PK-GLN,Landed 07:47,2026-08-02 05:54:53
YIA,arrivals,2026-08-01,08:20,08:35,JT279,LNI279,PKU,Pekanbaru Sultan Syarif Kasim II Airport,Lion Air,JT,B739,Boeing 737-9GP(ER),PK-LSL,Landed 08:35,2026-08-02 05:54:53
YIA,arrivals,2026-08-01,08:55,08:29,MH857,MAS857,KUL,Kuala Lumpur International Airport,Malaysia Airlines,MH,B738,Boeing 737-8H6,9M-MXX,Landed 08:29,2026-08-02 05:54:53
YIA,arrivals,2026-08-01,09:10,09:15,ID7533,BTK7533,CGK,Jakarta Soekarno Hatta International Airport,Batik Air,ID,A320,Airbus A320-214,PK-LAT,Landed 09:15,2026-08-02 05:54:53
YIA,arrivals,2026-08-01,09:10,08:48,GA204,GIA204,CGK,Jakarta Soekarno Hatta International Airport,Garuda Indonesia (Pokémon Livery),GA,B738,Boeing 737-8U3,PK-GMU,Landed 08:48,2026-08-02 05:54:53
YIA,arrivals,2026-08-01,09:30,09:28,TR248,TGW248,SIN,Singapore Changi Airport,Scoot,TR,A21N,Airbus A321-271NX,9V-NCF,Landed 09:28,2026-08-02 05:54:53
YIA,arrivals,2026-08-01,09:35,09:35,JT641,LNI641,UPG,Makassar Sultan Hasanuddin International Airport,Lion Air,JT,B739,Boeing 737-9GP(ER),PK-LQS,Landed 09:35,2026-08-02 05:54:53
YIA,arrivals,2026-08-01,10:25,10:10,QG772,CTV772,CGK,Jakarta Soekarno Hatta International Airport,Citilink,QG,A320,Airbus A320-214,PK-GQN,Landed 10:10,2026-08-02 05:54:53
YIA,arrivals,2026-08-01,10:40,10:27,IU122,SJV122,DPS,Denpasar Ngurah Rai International Airport,Super Air Jet,IU,A320,Airbus A320-232,PK-SJD,Landed 10:27,2026-08-02 05:54:53
YIA,arrivals,2026-08-01,11:00,,ID6819,,CGK,Jakarta Soekarno Hatta International Airport,Batik Air,ID,32A,,,Unknown,2026-08-02 05:54:53
YIA,arrivals,2026-08-01,11:00,11:07,ID6378,BTK6378,CGK,Jakarta Soekarno Hatta International Airport,Batik Air,ID,A320,Airbus A320-232,PK-BKL,Landed 11:07,2026-08-02 05:54:53
YIA,arrivals,2026-08-01,11:15,10:57,GA202,GIA202,CGK,Jakarta Soekarno Hatta International Airport,Garuda Indonesia,GA,B738,Boeing 737-8U3,PK-GFW,Landed 10:57,2026-08-02 05:54:53
YIA,arrivals,2026-08-01,11:20,11:10,AK346,AXM346,KUL,Kuala Lumpur International Airport,AirAsia (De'Xandra Livery),AK,A320,Airbus A320-216,9M-AQM,Landed 11:10,2026-08-02 05:54:53
YIA,arrivals,2026-08-01,11:50,11:35,8B5530,TNU5530,CGK,Jakarta Soekarno Hatta International Airport,TransNusa,8B,A321,Airbus A321-211,PK-TLM,Landed 11:35,2026-08-02 05:54:53
YIA,arrivals,2026-08-01,12:50,12:35,GA208,GIA208,CGK,Jakarta Soekarno Hatta International Airport,Garuda Indonesia,GA,B738,Boeing 737-8SH,PK-GUD,Landed 12:35,2026-08-02 05:54:53
YIA,arrivals,2026-08-01,12:55,12:42,GA253,GIA253,DPS,Denpasar Ngurah Rai International Airport,Garuda Indonesia (Retro 1960 Livery),GA,B738,Boeing 737-8U3,PK-GFM,Landed 12:42,2026-08-02 05:54:53
YIA,arrivals,2026-08-01,13:10,14:08,IU966,SJV966,PDG,Padang Minangkabau International Airport,Super Air Jet,IU,A320,Airbus A320-232,PK-SAL,Landed 14:08,2026-08-02 05:54:53
YIA,arrivals,2026-08-01,13:30,,JT670,,BPN,Balikpapan Sepinggan Airport,Lion Air,JT,739,,,Canceled,2026-08-02 05:54:53
YIA,arrivals,2026-08-01,13:40,13:21,QG787,CTV787,BTH,Batam Hang Nadim Airport,Citilink,QG,A320,Airbus A320-214,PK-GLN,Landed 13:21,2026-08-02 05:54:53
YIA,arrivals,2026-08-01,14:14,,ID6899,,CGK,Jakarta Soekarno Hatta International Airport,Batik Air,ID,32A,,,Unknown,2026-08-02 05:54:53
YIA,arrivals,2026-08-01,14:15,14:44,ID6344,BTK6344,CGK,Jakarta Soekarno Hatta International Airport,Batik Air,ID,A320,Airbus A320-214,PK-LUH,Landed 14:44,2026-08-02 05:54:53
YIA,arrivals,2026-08-01,14:45,,IP242,,CGK,Jakarta Soekarno Hatta International Airport,Pelita Air,IP,320,,,Unknown,2026-08-02 05:54:53
YIA,arrivals,2026-08-01,14:50,14:37,QG778,CTV778,CGK,Jakarta Soekarno Hatta International Airport,Citilink,QG,A320,Airbus A320-214,PK-GQN,Landed 14:37,2026-08-02 05:54:53
YIA,arrivals,2026-08-01,15:30,,IU120,,DPS,Denpasar Ngurah Rai International Airport,Super Air Jet,IU,320,,,Canceled,2026-08-02 05:54:53
YIA,arrivals,2026-08-01,16:05,15:59,GA212,GIA212,CGK,Jakarta Soekarno Hatta International Airport,Garuda Indonesia,GA,B738,Boeing 737-8U3,PK-GUF,Landed 15:59,2026-08-02 05:54:53
YIA,arrivals,2026-08-01,17:05,16:45,IU950,SJV950,BTH,Batam Hang Nadim Airport,Super Air Jet,IU,A320,Airbus A320-232,PK-SJJ,Landed 16:45,2026-08-02 05:54:53
YIA,arrivals,2026-08-01,17:05,16:54,AK348,AXM348,KUL,Kuala Lumpur International Airport,AirAsia (Resorts World Genting Livery),AK,A20N,Airbus A320-251N,9M-AGA,Landed 16:54,2026-08-02 05:54:53
YIA,arrivals,2026-08-01,17:15,,8B5532,,CGK,Jakarta Soekarno Hatta International Airport,TransNusa,8B,320,,,Unknown,2026-08-02 05:54:53
YIA,arrivals,2026-08-01,17:35,17:45,JT521,LNI521,BDJ,Banjarmasin Syamsudin Noor Airport,Lion Air,JT,B739,Boeing 737-9GP(ER),PK-LSL,Landed 17:45,2026-08-02 05:54:53
YIA,arrivals,2026-08-01,17:35,17:29,GA255,GIA255,DPS,Denpasar Ngurah Rai International Airport,Garuda Indonesia,GA,B738,Boeing 737-8U3,PK-GFW,Landed 17:29,2026-08-02 05:54:53
YIA,arrivals,2026-08-01,18:15,18:25,IU677,SJV677,BPN,Balikpapan Sepinggan Airport,Super Air Jet,IU,A320,Airbus A320-232,PK-SJL,Landed 18:25,2026-08-02 05:54:53
YIA,arrivals,2026-08-01,19:10,,JT1643,,UPG,Makassar Sultan Hasanuddin International Airport,Lion Air,JT,739,,,Unknown,2026-08-02 05:54:53
YIA,arrivals,2026-08-01,19:10,18:39,JT665,LNI665,UPG,Makassar Sultan Hasanuddin International Airport,Lion Air,JT,B738,Boeing 737-8GP,PK-LQZ,Landed 18:39,2026-08-02 05:54:53
YIA,arrivals,2026-08-01,19:15,,ID6801,,CGK,Jakarta Soekarno Hatta International Airport,Batik Air,ID,32A,,,Unknown,2026-08-02 05:54:53
YIA,arrivals,2026-08-01,19:15,19:22,ID6374,BTK6374,CGK,Jakarta Soekarno Hatta International Airport,Batik Air,ID,A320,Airbus A320-233,PK-BKG,Landed 19:22,2026-08-02 05:54:53
YIA,arrivals,2026-08-01,19:40,19:16,QG785,CTV785,BPN,Balikpapan Sepinggan Airport,Citilink,QG,A320,Airbus A320-214,PK-GLN,Landed 19:16,2026-08-02 05:54:53
YIA,arrivals,2026-08-01,19:45,19:30,QG776,CTV776,CGK,Jakarta Soekarno Hatta International Airport,Citilink,QG,A320,Airbus A320-214,PK-GLG,Landed 19:30,2026-08-02 05:54:53
YIA,arrivals,2026-08-01,20:00,,IN220,,CGK,Jakarta Soekarno Hatta International Airport,Nam Air,IN,735,,,Unknown,2026-08-02 05:54:53
YIA,arrivals,2026-08-01,20:10,20:08,JT963,LNI963,KNO,Medan Kuala Namu International Airport,Lion Air,JT,B739,Boeing 737-9GP(ER),PK-LSH,Landed 20:08,2026-08-02 05:54:53
YIA,arrivals,2026-08-01,20:25,20:43,IU661,SJV661,PNK,Pontianak Supadio Airport,Super Air Jet,IU,A320,Airbus A320-232,PK-SJP,Landed 20:43,2026-08-02 05:54:53
YIA,arrivals,2026-08-01,20:35,20:25,GA206,GIA206,CGK,Jakarta Soekarno Hatta International Airport,Garuda Indonesia,GA,B738,Boeing 737-8U3,PK-GMD,Landed 20:25,2026-08-02 05:54:53
YIA,departures,2026-08-01,06:30,06:39,IU933,SJV933,PLM,Palembang International Airport,Super Air Jet,IU,A320,Airbus A320-232,PK-SJP,Departed 06:39,2026-08-02 05:55:15
YIA,departures,2026-08-01,06:50,06:57,GA207,GIA207,CGK,Jakarta Soekarno Hatta International Airport,Garuda Indonesia,GA,B738,Boeing 737-8U3,PK-GMW,Departed 06:57,2026-08-02 05:55:15
YIA,departures,2026-08-01,07:10,07:12,QG775,CTV775,CGK,Jakarta Soekarno Hatta International Airport,Citilink,QG,A320,Airbus A320-214,PK-GQN,Departed 07:12,2026-08-02 05:55:15
YIA,departures,2026-08-01,07:30,07:36,IU951,SJV951,BTH,Batam Hang Nadim Airport,Super Air Jet,IU,A320,Airbus A320-232,PK-SJJ,Departed 07:36,2026-08-02 05:55:15
YIA,departures,2026-08-01,07:55,08:06,ID6369,BTK6369,CGK,Jakarta Soekarno Hatta International Airport,Batik Air,ID,A320,Airbus A320-232,PK-BKL,Departed 08:06,2026-08-02 05:55:15
YIA,departures,2026-08-01,08:05,08:14,IU967,SJV967,PDG,Padang Minangkabau International Airport,Super Air Jet,IU,A320,Airbus A320-232,PK-SAL,Departed 08:14,2026-08-02 05:55:15
YIA,departures,2026-08-01,08:35,08:37,IP647,PAS647,BPN,Balikpapan Sepinggan Airport,Pelita Air,IP,A320,Airbus A320-214,PK-PWC,Departed 08:37,2026-08-02 05:55:15
YIA,departures,2026-08-01,08:45,08:40,QG786,CTV786,BTH,Batam Hang Nadim Airport,Citilink,QG,A320,Airbus A320-214,PK-GLN,Departed 08:40,2026-08-02 05:55:15
YIA,departures,2026-08-01,09:00,09:41,JT522,LNI522,BDJ,Banjarmasin Syamsudin Noor Airport,Lion Air,JT,B739,Boeing 737-9GP(ER),PK-LSL,Departed 09:41,2026-08-02 05:55:15
YIA,departures,2026-08-01,09:05,09:12,JT669,LNI669,BPN,Balikpapan Sepinggan Airport,Lion Air,JT,B739,Boeing 737-9GP(ER),PK-LSJ,Departed 09:12,2026-08-02 05:55:15
YIA,departures,2026-08-01,09:50,10:03,ID7540,BTK7540,CGK,Jakarta Soekarno Hatta International Airport,Batik Air,ID,A320,Airbus A320-214,PK-LAT,Departed 10:03,2026-08-02 05:55:15
YIA,departures,2026-08-01,09:50,,ID6800,,CGK,Jakarta Soekarno Hatta International Airport,Batik Air,ID,32A,,,Unknown,2026-08-02 05:55:15
YIA,departures,2026-08-01,09:55,10:12,GA205,GIA205,CGK,Jakarta Soekarno Hatta International Airport,Garuda Indonesia (Pokémon Livery),GA,B738,Boeing 737-8U3,PK-GMU,Departed 10:12,2026-08-02 05:55:15
YIA,departures,2026-08-01,10:10,09:55,MH856,MAS856,KUL,Kuala Lumpur International Airport,Malaysia Airlines,MH,B738,Boeing 737-8H6,9M-MXX,Departed 09:55,2026-08-02 05:55:15
YIA,departures,2026-08-01,10:15,10:37,JT640,LNI640,UPG,Makassar Sultan Hasanuddin International Airport,Lion Air,JT,B739,Boeing 737-9GP(ER),PK-LQS,Departed 10:37,2026-08-02 05:55:15
YIA,departures,2026-08-01,10:30,11:41,TR249,TGW249,SIN,Singapore Changi Airport,Scoot,TR,A21N,Airbus A321-271NX,9V-NCF,Departed 11:41,2026-08-02 05:55:15
YIA,departures,2026-08-01,10:55,11:09,QG773,CTV773,CGK,Jakarta Soekarno Hatta International Airport,Citilink,QG,A320,Airbus A320-214,PK-GQN,Departed 11:09,2026-08-02 05:55:15
YIA,departures,2026-08-01,11:20,11:28,IU123,SJV123,DPS,Denpasar Ngurah Rai International Airport,Super Air Jet,IU,A320,Airbus A320-232,PK-SJD,Departed 11:28,2026-08-02 05:55:15
YIA,departures,2026-08-01,11:45,12:21,ID6818,,CGK,Jakarta Soekarno Hatta International Airport,Batik Air,ID,32A,,,Estimated dep 12:21*,2026-08-02 05:55:15
YIA,departures,2026-08-01,11:45,12:07,ID6379,BTK6379,CGK,Jakarta Soekarno Hatta International Airport,Batik Air,ID,A320,Airbus A320-232,PK-BKL,Departed 12:07,2026-08-02 05:55:15
YIA,departures,2026-08-01,11:45,11:55,AK347,AXM347,KUL,Kuala Lumpur International Airport,AirAsia (De'Xandra Livery),AK,A320,Airbus A320-216,9M-AQM,Departed 11:55,2026-08-02 05:55:15
YIA,departures,2026-08-01,12:05,12:12,GA254,GIA254,DPS,Denpasar Ngurah Rai International Airport,Garuda Indonesia,GA,B738,Boeing 737-8U3,PK-GFW,Departed 12:12,2026-08-02 05:55:15
YIA,departures,2026-08-01,13:20,13:07,8B5531,TNU5531,CGK,Jakarta Soekarno Hatta International Airport,TransNusa,8B,A321,Airbus A321-211,PK-TLM,Departed 13:07,2026-08-02 05:55:15
YIA,departures,2026-08-01,13:35,13:38,GA209,GIA209,CGK,Jakarta Soekarno Hatta International Airport,Garuda Indonesia,GA,B738,Boeing 737-8SH,PK-GUD,Departed 13:38,2026-08-02 05:55:15
YIA,departures,2026-08-01,13:40,13:50,GA252,GIA252,DPS,Denpasar Ngurah Rai International Airport,Garuda Indonesia (Retro 1960 Livery),GA,B738,Boeing 737-8U3,PK-GFM,Departed 13:50,2026-08-02 05:55:15
YIA,departures,2026-08-01,13:50,15:13,IU676,SJV676,BPN,Balikpapan Sepinggan Airport,Super Air Jet,IU,A320,Airbus A320-232,PK-SAL,Departed 15:13,2026-08-02 05:55:15
YIA,departures,2026-08-01,14:10,,JT661,,BPN,Balikpapan Sepinggan Airport,Lion Air,JT,739,,,Canceled,2026-08-02 05:55:15
YIA,departures,2026-08-01,14:45,14:51,QG784,CTV784,BPN,Balikpapan Sepinggan Airport,Citilink,QG,A320,Airbus A320-214,PK-GLN,Departed 14:51,2026-08-02 05:55:15
YIA,departures,2026-08-01,14:55,15:31,ID6345,BTK6345,CGK,Jakarta Soekarno Hatta International Airport,Batik Air,ID,A320,Airbus A320-214,PK-LUH,Departed 15:31,2026-08-02 05:55:15
YIA,departures,2026-08-01,15:20,15:26,QG779,CTV779,CGK,Jakarta Soekarno Hatta International Airport,Citilink,QG,A320,Airbus A320-214,PK-GQN,Departed 15:26,2026-08-02 05:55:15
YIA,departures,2026-08-01,15:30,,IP243,,CGK,Jakarta Soekarno Hatta International Airport,Pelita Air,IP,320,,,Unknown,2026-08-02 05:55:15
YIA,departures,2026-08-01,16:10,,IU121,,DPS,Denpasar Ngurah Rai International Airport,Super Air Jet,IU,320,,,Canceled,2026-08-02 05:55:15
YIA,departures,2026-08-01,16:15,16:23,IU660,SJV660,PNK,Pontianak Supadio Airport,Super Air Jet,IU,A320,Airbus A320-232,PK-SJP,Departed 16:23,2026-08-02 05:55:15
YIA,departures,2026-08-01,16:50,17:07,GA213,GIA213,CGK,Jakarta Soekarno Hatta International Airport,Garuda Indonesia,GA,B738,Boeing 737-8U3,PK-GUF,Departed 17:07,2026-08-02 05:55:15
YIA,departures,2026-08-01,17:30,17:31,AK349,AXM349,KUL,Kuala Lumpur International Airport,AirAsia (Resorts World Genting Livery),AK,A20N,Airbus A320-251N,9M-AGA,Departed 17:31,2026-08-02 05:55:15
YIA,departures,2026-08-01,17:45,,8B5533,,CGK,Jakarta Soekarno Hatta International Airport,TransNusa,8B,320,,,Unknown,2026-08-02 05:55:15
YIA,departures,2026-08-01,17:45,17:47,IU778,SJV778,LOP,Lombok International Airport,Super Air Jet,IU,A320,Airbus A320-232,PK-SJJ,Departed 17:47,2026-08-02 05:55:15
YIA,departures,2026-08-01,18:15,18:45,JT276,LNI276,PKU,Pekanbaru Sultan Syarif Kasim II Airport,Lion Air,JT,B739,Boeing 737-9GP(ER),PK-LSL,Departed 18:45,2026-08-02 05:55:15
YIA,departures,2026-08-01,18:20,18:41,GA203,GIA203,CGK,Jakarta Soekarno Hatta International Airport,Garuda Indonesia,GA,B738,Boeing 737-8U3,PK-GFW,Departed 18:41,2026-08-02 05:55:15
YIA,departures,2026-08-01,18:55,,IU664,,BDJ,Banjarmasin Syamsudin Noor Airport,Super Air Jet,IU,320,,,Unknown,2026-08-02 05:55:15
YIA,departures,2026-08-01,20:00,20:05,JT664,LNI664,UPG,Makassar Sultan Hasanuddin International Airport,Lion Air,JT,B738,Boeing 737-8GP,PK-LQZ,Departed 20:05,2026-08-02 05:55:15
YIA,departures,2026-08-01,20:00,20:21,ID6371,BTK6371,CGK,Jakarta Soekarno Hatta International Airport,Batik Air,ID,A320,Airbus A320-233,PK-BKG,Departed 20:21,2026-08-02 05:55:15
YIA,departures,2026-08-01,20:10,20:12,QG783,CTV783,UPG,Makassar Sultan Hasanuddin International Airport,Citilink,QG,A320,Airbus A320-214,PK-GLN,Departed 20:12,2026-08-02 05:55:15
YIA,departures,2026-08-01,20:15,20:28,SJ713,SJY713,UPG,Makassar Sultan Hasanuddin International Airport,Sriwijaya Air,SJ,B735,Boeing 737-524,PK-CLE,Departed 20:28,2026-08-02 05:55:15
YIA,departures,2026-08-01,20:45,,IN221,,CGK,Jakarta Soekarno Hatta International Airport,Nam Air,IN,735,,,Unknown,2026-08-02 05:55:15
