bandara,tipe,tanggal,waktu_jadwal,waktu_aktual,nomor_flight,callsign,asal_tujuan_iata,asal_tujuan_nama,maskapai,maskapai_iata,kode_pesawat,nama_pesawat,registrasi,status,scraped_at
BPN,arrivals,2026-08-05,06:00,05:55,3Y931,MYU931,SIN,Singapore Changi Airport,My Indo Airlines,3Y,B733,Boeing 737-37K(SF),PK-MYD,Landed 06:55,2026-08-06 05:55:32
BPN,arrivals,2026-08-05,06:20,06:23,IW1394,WON1394,BDJ,Banjarmasin Syamsudin Noor Airport,Wings Air,IW,AT76,ATR 72-600,PK-WGP,Landed 07:23,2026-08-06 05:55:32
BPN,arrivals,2026-08-05,06:45,06:34,QG430,CTV430,SUB,Surabaya Juanda International Airport,Citilink,QG,A320,Airbus A320-214,PK-GLL,Landed 07:34,2026-08-06 05:55:32
BPN,arrivals,2026-08-05,07:00,06:45,IU579,SJV579,BEJ,Kalimarau Airport,Super Air Jet,IU,A320,Airbus A320-232,PK-SAQ,Landed 07:45,2026-08-06 05:55:32
BPN,arrivals,2026-08-05,07:10,07:06,IU604,SJV604,CGK,Jakarta Soekarno Hatta International Airport,Super Air Jet,IU,A320,Airbus A320-232,PK-SAH,Landed 08:06,2026-08-06 05:55:32
BPN,arrivals,2026-08-05,07:30,,RI200,,CGK,Jakarta Soekarno Hatta International Airport,Rimbun Air,RI,73Y,,,Unknown,2026-08-06 05:55:32
BPN,arrivals,2026-08-05,07:30,07:21,QG436,CTV436,CGK,Jakarta Soekarno Hatta International Airport,Citilink,QG,A320,Airbus A320-214,PK-GLX,Landed 08:21,2026-08-06 05:55:32
BPN,arrivals,2026-08-05,09:10,,GM61,,HLP,Jakarta Halim Perdanakusuma Airport,Asia Cargo Airlines,GM,73F,,,Unknown,2026-08-06 05:55:32
BPN,arrivals,2026-08-05,09:10,,IU510,,CGK,Jakarta Soekarno Hatta International Airport,Super Air Jet,IU,320,,,Canceled,2026-08-06 05:55:32
BPN,arrivals,2026-08-05,09:30,09:21,IU610,SJV610,SUB,Surabaya Juanda International Airport,Super Air Jet,IU,A320,Airbus A320-232,PK-SJE,Landed 10:21,2026-08-06 05:55:32
BPN,arrivals,2026-08-05,09:30,14:02,JT624,LNI624,SRG,Semarang Achmad Yani International Airport,Lion Air,JT,B739,Boeing 737-9GP(ER),PK-LSU,Landed 15:02,2026-08-06 05:55:32
BPN,arrivals,2026-08-05,09:40,09:30,IW1368,WON1368,PKY,Palangkaraya Tjilik Riwut Airport,Wings Air,IW,AT76,ATR 72-600,PK-WGP,Landed 10:30,2026-08-06 05:55:32
BPN,arrivals,2026-08-05,10:00,10:02,IU535,SJV535,UPG,Makassar Sultan Hasanuddin International Airport,Super Air Jet,IU,A320,Airbus A320-232,PK-SGD,Landed 11:02,2026-08-06 05:55:32
BPN,arrivals,2026-08-05,10:10,,IU512,,CGK,Jakarta Soekarno Hatta International Airport,Super Air Jet,IU,320,,,Canceled,2026-08-06 05:55:32
BPN,arrivals,2026-08-05,10:25,10:17,IP647,PAS647,YIA,Yogyakarta International Airport,Pelita Air,IP,A320,Airbus A320-214,PK-PWG,Landed 11:17,2026-08-06 05:55:32
BPN,arrivals,2026-08-05,10:25,10:10,QG438,CTV438,CGK,Jakarta Soekarno Hatta International Airport,Citilink,QG,A320,Airbus A320-214,PK-GQS,Landed 11:10,2026-08-06 05:55:32
BPN,arrivals,2026-08-05,10:50,10:44,GA564,GIA564,CGK,Jakarta Soekarno Hatta International Airport,Garuda Indonesia,GA,B738,Boeing 737-8U3,PK-GNH,Landed 11:44,2026-08-06 05:55:32
BPN,arrivals,2026-08-05,11:00,11:01,JT669,LNI669,YIA,Yogyakarta International Airport,Lion Air,JT,B739,Boeing 737-9GP(ER),PK-LFK,Landed 12:01,2026-08-06 05:55:32
BPN,arrivals,2026-08-05,11:00,10:37,IU693,SJV693,TRK,Tarakan Juwata International Airport,Super Air Jet,IU,A320,Airbus A320-232,PK-SAQ,Landed 11:37,2026-08-06 05:55:32
BPN,arrivals,2026-08-05,11:10,,IU614,,SUB,Surabaya Juanda International Airport,Super Air Jet,IU,320,,,Canceled,2026-08-06 05:55:32
BPN,arrivals,2026-08-05,11:10,11:07,IU602,SJV602,CGK,Jakarta Soekarno Hatta International Airport,Super Air Jet,IU,A320,Airbus A320-232,PK-STD,Landed 12:07,2026-08-06 05:55:32
BPN,arrivals,2026-08-05,11:20,10:57,QG401,CTV401,TRK,Tarakan Juwata International Airport,Citilink,QG,A320,Airbus A320-214,PK-GLX,Landed 11:57,2026-08-06 05:55:32
BPN,arrivals,2026-08-05,12:00,11:53,IU531,SJV531,UPG,Makassar Sultan Hasanuddin International Airport,Super Air Jet,IU,A320,Airbus A320-232,PK-SGB,Landed 12:53,2026-08-06 05:55:32
BPN,arrivals,2026-08-05,12:00,,ID6317,,UPG,Makassar Sultan Hasanuddin International Airport,Batik Air,ID,32A,,,Unknown,2026-08-06 05:55:32
BPN,arrivals,2026-08-05,12:00,12:24,ID6233,BTK6233,UPG,Makassar Sultan Hasanuddin International Airport,Batik Air,ID,A320,Airbus A320-214,PK-BKY,Landed 13:24,2026-08-06 05:55:32
BPN,arrivals,2026-08-05,12:05,,KS521,,APD,Bone Arung Palakka Airport,Aeroitalia Regional,KS,ATR,,,Unknown,2026-08-06 05:55:32
BPN,arrivals,2026-08-05,12:20,11:59,IU529,SJV529,MDC,Manado Sam Ratulangi International Airport,Super Air Jet,IU,A320,Airbus A320-232,PK-SJL,Landed 12:59,2026-08-06 05:55:32
BPN,arrivals,2026-08-05,12:55,12:48,IW1396,WON1396,BDJ,Banjarmasin Syamsudin Noor Airport,Wings Air,IW,AT76,ATR 72-600,PK-WGP,Landed 13:48,2026-08-06 05:55:32
BPN,arrivals,2026-08-05,13:10,12:59,ID6250,BTK6250,CGK,Jakarta Soekarno Hatta International Airport,Batik Air,ID,B738,Boeing 737-8GP,PK-LDJ,Landed 13:59,2026-08-06 05:55:32
BPN,arrivals,2026-08-05,13:20,,SJ135,,BEJ,Kalimarau Airport,Sriwijaya Air,SJ,735,,,Unknown,2026-08-06 05:55:32
BPN,arrivals,2026-08-05,13:40,13:32,IU695,SJV695,TRK,Tarakan Juwata International Airport,Super Air Jet,IU,A320,Airbus A320-232,PK-SGD,Landed 14:32,2026-08-06 05:55:32
BPN,arrivals,2026-08-05,14:15,13:58,QG1493,CTV1493,BDJ,Banjarmasin Syamsudin Noor Airport,Citilink,QG,AT76,ATR 72-600,PK-GJT,Landed 14:58,2026-08-06 05:55:32
BPN,arrivals,2026-08-05,14:20,16:00,JT660,LNI660,DPS,Denpasar Ngurah Rai International Airport,Lion Air,JT,B739,Boeing 737-9GP(ER),PK-LFK,Unknown,2026-08-06 05:55:32
BPN,arrivals,2026-08-05,15:15,14:59,IU581,SJV581,BEJ,Kalimarau Airport,Super Air Jet,IU,A320,Airbus A320-232,PK-SAQ,Landed 15:59,2026-08-06 05:55:32
BPN,arrivals,2026-08-05,15:15,15:21,IP602,PAS602,CGK,Jakarta Soekarno Hatta International Airport,Pelita Air,IP,A320,Airbus A320-214,PK-PWJ,Unknown,2026-08-06 05:55:32
BPN,arrivals,2026-08-05,15:15,,IW1475,,GHS,West Kutai Melalan Airport,Wings Air,IW,AT7,,,Unknown,2026-08-06 05:55:32
BPN,arrivals,2026-08-05,15:25,15:23,IU618,SJV618,SUB,Surabaya Juanda International Airport,Super Air Jet,IU,A320,Airbus A320-232,PK-STS,Landed 16:23,2026-08-06 05:55:32
BPN,arrivals,2026-08-05,15:40,15:19,IU534,SJV534,TRK,Tarakan Juwata International Airport,Super Air Jet,IU,A320,Airbus A320-232,PK-SGB,Unknown,2026-08-06 05:55:32
BPN,arrivals,2026-08-05,15:45,15:23,IU676,SJV676,YIA,Yogyakarta International Airport,Super Air Jet,IU,A320,Airbus A320-232,PK-SJQ,Unknown,2026-08-06 05:55:32
BPN,arrivals,2026-08-05,16:00,16:00,IU608,SJV608,CGK,Jakarta Soekarno Hatta International Airport,Super Air Jet,IU,A320,Airbus A320-232,PK-SJP,Landed 17:00,2026-08-06 05:55:32
BPN,arrivals,2026-08-05,16:05,,JT661,,YIA,Yogyakarta International Airport,Lion Air,JT,739,,,Canceled,2026-08-06 05:55:32
BPN,arrivals,2026-08-05,16:10,16:12,QG446,CTV446,CGK,Jakarta Soekarno Hatta International Airport,Citilink,QG,A320,Airbus A320-214,PK-GQS,Landed 17:12,2026-08-06 05:55:32
BPN,arrivals,2026-08-05,16:10,16:18,JT364,LNI364,SUB,Surabaya Juanda International Airport,Lion Air,JT,B739,Boeing 737-9GP(ER),PK-LJI,Unknown,2026-08-06 05:55:32
BPN,arrivals,2026-08-05,16:30,,RI2000,,CGK,Jakarta Soekarno Hatta International Airport,Rimbun Air,RI,73Y,,,Unknown,2026-08-06 05:55:32
BPN,arrivals,2026-08-05,16:30,16:45,ID6316,BTK6316,PNK,Pontianak Supadio Airport,Batik Air,ID,A320,Airbus A320-214,PK-BKY,Landed 17:45,2026-08-06 05:55:32
BPN,arrivals,2026-08-05,16:45,16:36,QG434,CTV434,SUB,Surabaya Juanda International Airport,Citilink,QG,A320,Airbus A320-214,PK-GLU,Landed 17:36,2026-08-06 05:55:32
BPN,arrivals,2026-08-05,16:50,,IU284,,LOP,Lombok International Airport,Super Air Jet,IU,320,,,Canceled,2026-08-06 05:55:32
BPN,arrivals,2026-08-05,17:05,16:41,QG784,CTV784,YIA,Yogyakarta International Airport,Citilink (Tiket.com Livery),QG,A320,Airbus A320-214,PK-GLZ,Landed 17:41,2026-08-06 05:55:32
BPN,arrivals,2026-08-05,17:05,17:08,GA572,GIA572,CGK,Jakarta Soekarno Hatta International Airport,Garuda Indonesia (Ayo Pakai Masker Livery),GA,B738,Boeing 737-81D,PK-GFQ,Landed 18:08,2026-08-06 05:55:32
BPN,arrivals,2026-08-05,17:15,17:32,IW1384,WON1384,BDJ,Banjarmasin Syamsudin Noor Airport,Wings Air,IW,AT76,ATR 72-600,PK-WJL,Landed 18:32,2026-08-06 05:55:32
BPN,arrivals,2026-08-05,17:45,,QG1495,,BDJ,Banjarmasin Syamsudin Noor Airport,Citilink,QG,ATR,,,Unknown,2026-08-06 05:55:32
BPN,arrivals,2026-08-05,17:50,17:26,AK483,AXM483,KUL,Kuala Lumpur International Airport,AirAsia (Longjack Orang Kampung Livery),AK,A320,Airbus A320-216,9M-AJA,Landed 18:26,2026-08-06 05:55:32
BPN,arrivals,2026-08-05,18:00,,IU606,,CGK,Jakarta Soekarno Hatta International Airport,Super Air Jet,IU,320,,,Canceled,2026-08-06 05:55:32
BPN,arrivals,2026-08-05,18:10,,JT662,,UPG,Makassar Sultan Hasanuddin International Airport,Lion Air,JT,738,,,Canceled,2026-08-06 05:55:32
BPN,arrivals,2026-08-05,18:20,18:05,IP623,PAS623,SUB,Surabaya Juanda International Airport,Pelita Air,IP,A320,Airbus A320-232,PK-PWL,Landed 19:05,2026-08-06 05:55:32
BPN,arrivals,2026-08-05,19:30,,IU616,,SUB,Surabaya Juanda International Airport,Super Air Jet,IU,320,,,Unknown,2026-08-06 05:55:32
BPN,arrivals,2026-08-05,19:30,19:26,BI771,RBA771,BWN,Brunei International Airport,Royal Brunei Airlines (50th Anniversary sticker),BI,A20N,Airbus A320-251N,V8-RBE,Landed 20:26,2026-08-06 05:55:32
BPN,arrivals,2026-08-05,19:50,19:41,QG428,CTV428,UPG,Makassar Sultan Hasanuddin International Airport,Citilink,QG,A320,Airbus A320-214,PK-GQS,Landed 20:41,2026-08-06 05:55:32
BPN,arrivals,2026-08-05,20:15,21:09,JT260,LNI260,SUB,Surabaya Juanda International Airport,Lion Air,JT,B739,Boeing 737-9GP(ER),PK-LHR,Landed 22:09,2026-08-06 05:55:32
BPN,arrivals,2026-08-05,20:15,20:20,GA576,GIA576,CGK,Jakarta Soekarno Hatta International Airport,Garuda Indonesia,GA,B738,Boeing 737-8U3,PK-GMV,Landed 21:20,2026-08-06 05:55:32
BPN,arrivals,2026-08-05,20:25,20:14,IU600,SJV600,CGK,Jakarta Soekarno Hatta International Airport,Super Air Jet,IU,A320,Airbus A320-232,PK-SJF,Landed 21:14,2026-08-06 05:55:32
BPN,departures,2026-08-05,05:00,05:08,JT363,LNI363,SUB,Surabaya Juanda International Airport,Lion Air,JT,B739,Boeing 737-9GP(ER),PK-LHQ,Departed 06:08,2026-08-06 05:55:55
BPN,departures,2026-08-05,05:00,05:12,IU601,SJV601,CGK,Jakarta Soekarno Hatta International Airport,Super Air Jet,IU,A320,Airbus A320-232,PK-STG,Departed 06:12,2026-08-06 05:55:55
BPN,departures,2026-08-05,05:10,05:15,QG439,CTV439,CGK,Jakarta Soekarno Hatta International Airport,Citilink,QG,A320,Airbus A320-214,PK-GQS,Departed 06:15,2026-08-06 05:55:55
BPN,departures,2026-08-05,05:20,05:33,GA561,GIA561,CGK,Jakarta Soekarno Hatta International Airport,Garuda Indonesia,GA,B738,Boeing 737-8U3,PK-GMF,Departed 06:33,2026-08-06 05:55:55
BPN,departures,2026-08-05,05:30,05:36,IU532,SJV532,UPG,Makassar Sultan Hasanuddin International Airport,Super Air Jet,IU,A320,Airbus A320-232,PK-SGD,Departed 06:36,2026-08-06 05:55:55
BPN,departures,2026-08-05,06:00,05:56,JT668,LNI668,YIA,Yogyakarta International Airport,Lion Air,JT,B739,Boeing 737-9GP(ER),PK-LSO,Departed 06:56,2026-08-06 05:55:55
BPN,departures,2026-08-05,06:00,06:09,IP646,PAS646,YIA,Yogyakarta International Airport,Pelita Air,IP,A320,Airbus A320-214,PK-PWG,Departed 07:09,2026-08-06 05:55:55
BPN,departures,2026-08-05,06:00,06:06,QG1492,CTV1492,BDJ,Banjarmasin Syamsudin Noor Airport,Citilink,QG,AT76,ATR 72-600,PK-GJT,Departed 07:06,2026-08-06 05:55:55
BPN,departures,2026-08-05,06:45,06:58,IW1369,WON1369,PKY,Palangkaraya Tjilik Riwut Airport,Wings Air,IW,AT76,ATR 72-600,PK-WGP,Departed 07:58,2026-08-06 05:55:55
BPN,departures,2026-08-05,07:00,07:08,IU649,SJV649,SUB,Surabaya Juanda International Airport,Super Air Jet,IU,A320,Airbus A320-232,PK-STS,Departed 08:08,2026-08-06 05:55:55
BPN,departures,2026-08-05,07:15,07:23,QG435,CTV435,SUB,Surabaya Juanda International Airport,Citilink,QG,A320,Airbus A320-214,PK-GLL,Departed 08:23,2026-08-06 05:55:55
BPN,departures,2026-08-05,07:50,08:10,IU607,SJV607,CGK,Jakarta Soekarno Hatta International Airport,Super Air Jet,IU,A320,Airbus A320-232,PK-SAH,Departed 09:10,2026-08-06 05:55:55
BPN,departures,2026-08-05,08:00,08:01,IU694,SJV694,TRK,Tarakan Juwata International Airport,Super Air Jet,IU,A320,Airbus A320-232,PK-SAQ,Departed 09:01,2026-08-06 05:55:55
BPN,departures,2026-08-05,08:15,08:08,QG400,CTV400,TRK,Tarakan Juwata International Airport,Citilink,QG,A320,Airbus A320-214,PK-GLX,Departed 09:08,2026-08-06 05:55:55
BPN,departures,2026-08-05,10:00,,IU511,,CGK,Jakarta Soekarno Hatta International Airport,Super Air Jet,IU,320,,,Canceled,2026-08-06 05:55:55
BPN,departures,2026-08-05,10:05,10:14,IW1395,WON1395,BDJ,Banjarmasin Syamsudin Noor Airport,Wings Air,IW,AT76,ATR 72-600,PK-WGP,Departed 11:14,2026-08-06 05:55:55
BPN,departures,2026-08-05,10:10,,IU611,,SUB,Surabaya Juanda International Airport,Super Air Jet,IU,320,,,Canceled,2026-08-06 05:55:55
BPN,departures,2026-08-05,10:10,12:07,JT663,LNI663,DPS,Denpasar Ngurah Rai International Airport,Lion Air,JT,B739,Boeing 737-9GP(ER),PK-LFK,Departed 13:07,2026-08-06 05:55:55
BPN,departures,2026-08-05,10:40,10:51,IU535,SJV535,TRK,Tarakan Juwata International Airport,Super Air Jet,IU,A320,Airbus A320-232,PK-SGD,Departed 11:51,2026-08-06 05:55:55
BPN,departures,2026-08-05,10:50,,IU513,,CGK,Jakarta Soekarno Hatta International Airport,Super Air Jet,IU,320,,,Canceled,2026-08-06 05:55:55
BPN,departures,2026-08-05,10:55,11:04,QG447,CTV447,CGK,Jakarta Soekarno Hatta International Airport,Citilink,QG,A320,Airbus A320-214,PK-GQS,Departed 12:04,2026-08-06 05:55:55
BPN,departures,2026-08-05,11:10,11:15,IP603,PAS603,CGK,Jakarta Soekarno Hatta International Airport,Pelita Air,IP,A320,Airbus A320-214,PK-PWG,Departed 12:15,2026-08-06 05:55:55
BPN,departures,2026-08-05,11:35,11:49,GA567,GIA567,CGK,Jakarta Soekarno Hatta International Airport,Garuda Indonesia,GA,B738,Boeing 737-8U3,PK-GNH,Departed 12:49,2026-08-06 05:55:55
BPN,departures,2026-08-05,11:40,,JT670,,YIA,Yogyakarta International Airport,Lion Air,JT,739,,,Canceled,2026-08-06 05:55:55
BPN,departures,2026-08-05,11:50,12:13,IU617,SJV617,SUB,Surabaya Juanda International Airport,Super Air Jet,IU,A320,Airbus A320-232,PK-STD,Departed 13:13,2026-08-06 05:55:55
BPN,departures,2026-08-05,11:50,11:55,IU603,SJV603,CGK,Jakarta Soekarno Hatta International Airport,Super Air Jet,IU,A320,Airbus A320-232,PK-SJE,Departed 12:55,2026-08-06 05:55:55
BPN,departures,2026-08-05,12:05,12:01,QG437,CTV437,CGK,Jakarta Soekarno Hatta International Airport,Citilink,QG,A320,Airbus A320-214,PK-GLX,Departed 13:01,2026-08-06 05:55:55
BPN,departures,2026-08-05,12:30,12:26,IU578,SJV578,BEJ,Kalimarau Airport,Super Air Jet,IU,A320,Airbus A320-232,PK-SAQ,Departed 13:26,2026-08-06 05:55:55
BPN,departures,2026-08-05,12:35,,KS522,,APD,Bone Arung Palakka Airport,Aeroitalia Regional,KS,ATR,,,Unknown,2026-08-06 05:55:55
BPN,departures,2026-08-05,12:40,12:49,IU692,SJV692,TRK,Tarakan Juwata International Airport,Super Air Jet,IU,A320,Airbus A320-232,PK-SGB,Departed 13:49,2026-08-06 05:55:55
BPN,departures,2026-08-05,12:40,13:11,ID6317,BTK6317,PNK,Pontianak Supadio Airport,Batik Air,ID,A320,Airbus A320-214,PK-BKY,Departed 14:11,2026-08-06 05:55:55
BPN,departures,2026-08-05,13:00,,IU285,,LOP,Lombok International Airport,Super Air Jet,IU,320,,,Canceled,2026-08-06 05:55:55
BPN,departures,2026-08-05,13:20,,IW1476,,GHS,West Kutai Melalan Airport,Wings Air,IW,AT7,,,Unknown,2026-08-06 05:55:55
BPN,departures,2026-08-05,13:55,13:58,ID6253,BTK6253,CGK,Jakarta Soekarno Hatta International Airport,Batik Air,ID,B738,Boeing 737-8GP,PK-LDJ,Departed 14:58,2026-08-06 05:55:55
BPN,departures,2026-08-05,14:00,,SJ134,,BEJ,Kalimarau Airport,Sriwijaya Air,SJ,735,,,Unknown,2026-08-06 05:55:55
BPN,departures,2026-08-05,14:40,,QG1494,,BDJ,Banjarmasin Syamsudin Noor Airport,Citilink,QG,ATR,,,Unknown,2026-08-06 05:55:55
BPN,departures,2026-08-05,15:00,15:06,JT625,LNI625,SRG,Semarang Achmad Yani International Airport,Lion Air,JT,B739,Boeing 737-9GP(ER),PK-LSU,Departed 16:06,2026-08-06 05:55:55
BPN,departures,2026-08-05,15:40,15:50,IW1397,WON1397,BDJ,Banjarmasin Syamsudin Noor Airport,Wings Air,IW,AT76,ATR 72-600,PK-WGP,Departed 16:50,2026-08-06 05:55:55
BPN,departures,2026-08-05,15:45,,IU615,,SUB,Surabaya Juanda International Airport,Super Air Jet,IU,320,,,Canceled,2026-08-06 05:55:55
BPN,departures,2026-08-05,16:00,16:23,IP622,PAS622,SUB,Surabaya Juanda International Airport,Pelita Air,IP,A320,Airbus A320-214,PK-PWJ,Departed 17:23,2026-08-06 05:55:55
BPN,departures,2026-08-05,16:25,16:26,IU677,SJV677,YIA,Yogyakarta International Airport,Super Air Jet,IU,A320,Airbus A320-232,PK-SJQ,Departed 17:26,2026-08-06 05:55:55
BPN,departures,2026-08-05,16:30,,GM306,,SIN,Singapore Changi Airport,Asia Cargo Airlines,GM,73F,,,Unknown,2026-08-06 05:55:55
BPN,departures,2026-08-05,16:40,16:50,IU609,SJV609,CGK,Jakarta Soekarno Hatta International Airport,Super Air Jet,IU,A320,Airbus A320-232,PK-STS,Departed 17:50,2026-08-06 05:55:55
BPN,departures,2026-08-05,16:40,16:37,IU534,SJV534,UPG,Makassar Sultan Hasanuddin International Airport,Super Air Jet,IU,A320,Airbus A320-232,PK-SGB,Departed 17:37,2026-08-06 05:55:55
BPN,departures,2026-08-05,16:40,17:00,QG429,CTV429,UPG,Makassar Sultan Hasanuddin International Airport,Citilink,QG,A320,Airbus A320-214,PK-GQS,Departed 18:00,2026-08-06 05:55:55
BPN,departures,2026-08-05,16:50,17:28,JT361,LNI361,SUB,Surabaya Juanda International Airport,Lion Air,JT,B739,Boeing 737-9GP(ER),PK-LFK,Departed 18:28,2026-08-06 05:55:55
BPN,departures,2026-08-05,17:10,,ID6316,,UPG,Makassar Sultan Hasanuddin International Airport,Batik Air,ID,32A,,,Unknown,2026-08-06 05:55:55
BPN,departures,2026-08-05,17:10,17:40,ID6232,BTK6232,UPG,Makassar Sultan Hasanuddin International Airport,Batik Air,ID,A320,Airbus A320-214,PK-BKY,Departed 18:40,2026-08-06 05:55:55
BPN,departures,2026-08-05,17:15,17:18,QG431,CTV431,SUB,Surabaya Juanda International Airport,Citilink,QG,A320,Airbus A320-214,PK-GLU,Departed 18:18,2026-08-06 05:55:55
BPN,departures,2026-08-05,17:30,17:33,IU580,SJV580,BEJ,Kalimarau Airport,Super Air Jet,IU,A320,Airbus A320-232,PK-SAQ,Departed 18:33,2026-08-06 05:55:55
BPN,departures,2026-08-05,17:30,17:35,IU528,SJV528,MDC,Manado Sam Ratulangi International Airport,Super Air Jet,IU,A320,Airbus A320-232,PK-SJL,Departed 18:35,2026-08-06 05:55:55
BPN,departures,2026-08-05,17:35,17:45,QG785,CTV785,YIA,Yogyakarta International Airport,Citilink (Tiket.com Livery),QG,A320,Airbus A320-214,PK-GLZ,Departed 18:45,2026-08-06 05:55:55
BPN,departures,2026-08-05,17:40,18:12,IW1385,WON1385,BDJ,Banjarmasin Syamsudin Noor Airport,Wings Air,IW,AT76,ATR 72-600,PK-WJL,Departed 19:12,2026-08-06 05:55:55
BPN,departures,2026-08-05,17:45,,RI202,,BDJ,Banjarmasin Syamsudin Noor Airport,Rimbun Air,RI,73Y,,,Unknown,2026-08-06 05:55:55
BPN,departures,2026-08-05,17:50,18:18,GA575,GIA575,CGK,Jakarta Soekarno Hatta International Airport,Garuda Indonesia (Ayo Pakai Masker Livery),GA,B738,Boeing 737-81D,PK-GFQ,Departed 19:18,2026-08-06 05:55:55
BPN,departures,2026-08-05,18:15,18:09,AK482,AXM482,KUL,Kuala Lumpur International Airport,AirAsia (Longjack Orang Kampung Livery),AK,A320,Airbus A320-216,9M-AJA,Departed 19:09,2026-08-06 05:55:55
BPN,departures,2026-08-05,18:40,,IU605,,CGK,Jakarta Soekarno Hatta International Airport,Super Air Jet,IU,320,,,Unknown,2026-08-06 05:55:55
BPN,departures,2026-08-05,18:50,,JT675,,UPG,Makassar Sultan Hasanuddin International Airport,Lion Air,JT,738,,,Unknown,2026-08-06 05:55:55
BPN,departures,2026-08-05,20:20,,BI772,,BWN,Brunei International Airport,Royal Brunei Airlines (50th Anniversary sticker),BI,A20N,Airbus A320-251N,V8-RBE,Unknown,2026-08-06 05:55:55
BPN,departures,2026-08-05,20:20,20:27,BI772,RBA772,BWN,Brunei International Airport,Royal Brunei Airlines (50th Anniversary sticker),BI,A20N,Airbus A320-251N,V8-RBE,Departed 21:27,2026-08-06 05:55:55
BPN,departures,2026-08-05,21:15,,3Y932,,SIN,Singapore Changi Airport,My Indo Airlines,3Y,73Y,,,Unknown,2026-08-06 05:55:55
CGK,arrivals,2026-08-05,00:10,00:21,8B156,TNU156,SIN,Singapore Changi Airport,TransNusa,8B,A321,Airbus A321-211,PK-TLM,Landed 00:21,2026-08-06 05:53:18
CGK,arrivals,2026-08-05,00:45,00:30,KE437,KAL437,ICN,Seoul Incheon International Airport,Korean Air,KE,B77W,Boeing 777-3B5(ER),HL8010,Landed 00:30,2026-08-06 05:53:18
CGK,arrivals,2026-08-05,01:50,01:35,QG217,CTV217,UPG,Makassar Sultan Hasanuddin International Airport,Citilink,QG,A20N,Airbus A320-251N,PK-GTA,Landed 01:35,2026-08-06 05:53:18
CGK,arrivals,2026-08-05,02:00,01:18,CZ8055,CSN8055,SZX,Shenzhen Bao'an International Airport,China Southern Airlines,CZ,A20N,Airbus A320-251N,B-30F8,Landed 01:18,2026-08-06 05:53:18
CGK,arrivals,2026-08-05,02:00,,RI701,,LOP,Lombok International Airport,Rimbun Air,RI,73Y,,,Unknown,2026-08-06 05:53:18
CGK,arrivals,2026-08-05,02:20,,RI121,,KNO,Medan Kuala Namu International Airport,Rimbun Air,RI,73Y,,,Unknown,2026-08-06 05:53:18
CGK,arrivals,2026-08-05,04:00,03:46,ID6081,BTK6081,PER,Perth Airport,Batik Air,ID,A320,Airbus A320-214,PK-BKV,Landed 03:46,2026-08-06 05:53:18
CGK,arrivals,2026-08-05,04:40,03:42,ID7622,BTK7622,NNG,Nanning Wuxu International Airport,Batik Air,ID,B738,Boeing 737-86N,PK-BGZ,Landed 03:42,2026-08-06 05:53:18
CGK,arrivals,2026-08-05,05:05,04:21,NH871,ANA871,HND,Tokyo Haneda International Airport,All Nippon Airways,NH,B788,Boeing 787-8 Dreamliner,JA815A,Landed 04:21,2026-08-06 05:53:18
CGK,arrivals,2026-08-05,05:20,,RI321,,UPG,Makassar Sultan Hasanuddin International Airport,Rimbun Air,RI,73Y,,,Unknown,2026-08-06 05:53:18
CGK,arrivals,2026-08-05,05:20,04:24,MF8673,CXA8673,CKG,Chongqing Jiangbei International Airport,Xiamen Air,MF,B38M,Boeing 737 MAX 8,B-1289,Landed 04:24,2026-08-06 05:53:18
CGK,arrivals,2026-08-05,06:35,06:17,ID6391,BTK6391,SUB,Surabaya Juanda International Airport,Batik Air,ID,A320,Airbus A320-214,PK-LAZ,Landed 06:17,2026-08-06 05:53:18
CGK,arrivals,2026-08-05,06:40,06:05,8B861,TNU861,CAN,Guangzhou Baiyun International Airport,TransNusa,8B,A320,Airbus A320-214,PK-TLC,Landed 06:05,2026-08-06 05:53:18
CGK,arrivals,2026-08-05,06:45,,8K804,,SIN,Singapore Changi Airport,Exploits Valley Air Services,8K,73P,,,Unknown,2026-08-06 05:53:18
CGK,arrivals,2026-08-05,06:45,06:39,IU639,SJV639,BDJ,Banjarmasin Syamsudin Noor Airport,Super Air Jet,IU,A320,Airbus A320-232,PK-SJW,Landed 06:39,2026-08-06 05:53:18
CGK,arrivals,2026-08-05,06:50,,JT873,,UPG,Makassar Sultan Hasanuddin International Airport,Lion Air,JT,7M9,,,Canceled,2026-08-06 05:53:18
CGK,arrivals,2026-08-05,06:55,06:34,QG483,CTV483,BDJ,Banjarmasin Syamsudin Noor Airport,Citilink,QG,A320,Airbus A320-214,PK-GQA,Landed 06:34,2026-08-06 05:53:18
CGK,arrivals,2026-08-05,07:00,06:43,SQ950,SIA950,SIN,Singapore Changi Airport,Singapore Airlines,SQ,B77W,Boeing 777-312(ER),9V-SWG,Landed 06:43,2026-08-06 05:53:18
CGK,arrivals,2026-08-05,07:00,,IU769,,LOP,Lombok International Airport,Super Air Jet,IU,320,,,Canceled,2026-08-06 05:53:18
CGK,arrivals,2026-08-05,07:05,06:48,IU601,SJV601,BPN,Balikpapan Sepinggan Airport,Super Air Jet,IU,A320,Airbus A320-232,PK-STG,Landed 06:48,2026-08-06 05:53:18
CGK,arrivals,2026-08-05,07:10,06:51,IU921,SJV921,PLM,Palembang International Airport,Super Air Jet,IU,A320,Airbus A320-232,PK-SJR,Landed 06:51,2026-08-06 05:53:18
CGK,arrivals,2026-08-05,07:20,07:01,ID6819,BTK6819,BKS,Bengkulu Fatmawati Soekarno Airport,Batik Air,ID,A320,Airbus A320-214,PK-LUI,Landed 07:01,2026-08-06 05:53:15
CGK,arrivals,2026-08-05,07:20,07:14,ID6807,BTK6807,DJB,Jambi Sultan Thaha Airport,Batik Air,ID,A320,Airbus A320-214,PK-LAT,Landed 07:14,2026-08-06 05:53:15
CGK,arrivals,2026-08-05,07:20,07:09,QG987,CTV987,PLM,Palembang International Airport,Citilink,QG,A320,Airbus A320-214,PK-GLY,Landed 07:09,2026-08-06 05:53:15
CGK,arrivals,2026-08-05,07:25,07:12,QG911,CTV911,KNO,Medan Kuala Namu International Airport,Citilink,QG,A20N,Airbus A320-251N,PK-GTG,Landed 07:12,2026-08-06 05:53:15
CGK,arrivals,2026-08-05,07:25,06:53,QG439,CTV439,BPN,Balikpapan Sepinggan Airport,Citilink,QG,A320,Airbus A320-214,PK-GQS,Landed 06:53,2026-08-06 05:53:15
CGK,arrivals,2026-08-05,07:30,07:17,QR958,QTR958,DOH,Doha Hamad International Airport,Qatar Airways,QR,A359,Airbus A350-941,A7-ALD,Landed 07:17,2026-08-06 05:53:15
CGK,arrivals,2026-08-05,07:35,07:10,GA561,GIA561,BPN,Balikpapan Sepinggan Airport,Garuda Indonesia,GA,B738,Boeing 737-8U3,PK-GMF,Landed 07:10,2026-08-06 05:53:15
CGK,arrivals,2026-08-05,07:35,07:21,SV816,SVA816,JED,Jeddah King Abdulaziz International Airport,Saudia,SV,B77W,Boeing 777-3FG(ER),HZ-AK34,Landed 07:21,2026-08-06 05:53:15
CGK,arrivals,2026-08-05,07:40,07:13,IP213,PAS213,SUB,Surabaya Juanda International Airport,Pelita Air,IP,A320,Airbus A320-214,PK-PWC,Landed 07:13,2026-08-06 05:53:15
CGK,arrivals,2026-08-05,07:40,07:20,ID6265,BTK6265,UPG,Makassar Sultan Hasanuddin International Airport,Batik Air,ID,A320,Airbus A320-214,PK-LAM,Landed 07:20,2026-08-06 05:53:15
CGK,arrivals,2026-08-05,07:40,07:28,GA101,GIA101,PLM,Palembang International Airport,Garuda Indonesia,GA,B738,Boeing 737-8U3,PK-GNH,Landed 07:28,2026-08-06 05:53:15
CGK,arrivals,2026-08-05,07:45,07:34,IP329,PAS329,PKU,Pekanbaru Sultan Syarif Kasim II Airport,Pelita Air,IP,A320,Airbus A320-232,PK-PWL,Landed 07:34,2026-08-06 05:53:15
CGK,arrivals,2026-08-05,07:45,,ID6864,,UPG,Makassar Sultan Hasanuddin International Airport,Batik Air,ID,32A,,,Unknown,2026-08-06 05:53:15
CGK,arrivals,2026-08-05,07:45,07:42,IU919,SJV919,PKU,Pekanbaru Sultan Syarif Kasim II Airport,Super Air Jet,IU,A320,Airbus A320-232,PK-STD,Landed 07:42,2026-08-06 05:53:15
CGK,arrivals,2026-08-05,07:50,07:37,IU691,SJV691,PNK,Pontianak Supadio Airport,Super Air Jet,IU,A320,Airbus A320-232,PK-SJS,Landed 07:37,2026-08-06 05:53:15
CGK,arrivals,2026-08-05,07:50,07:48,JT241,LNI241,TKG,Bandar Lampung Radin Inten II Airport,Lion Air,JT,B739,Boeing 737-9GP(ER),PK-LSK,Landed 07:48,2026-08-06 05:53:15
CGK,arrivals,2026-08-05,07:50,07:25,GA533,GIA533,BDJ,Banjarmasin Syamsudin Noor Airport,Garuda Indonesia (Pokémon Livery),GA,B738,Boeing 737-8U3,PK-GMU,Landed 07:25,2026-08-06 05:53:15
CGK,arrivals,2026-08-05,07:55,07:48,JT353,LNI353,PDG,Padang Minangkabau International Airport,Lion Air,JT,B738,Boeing 737-8GP,PK-LOI,Landed 07:48,2026-08-06 05:53:15
CGK,arrivals,2026-08-05,07:55,,IU625,,BDJ,Banjarmasin Syamsudin Noor Airport,Super Air Jet,IU,320,,,Canceled,2026-08-06 05:53:15
CGK,arrivals,2026-08-05,07:55,07:31,ID6885,BTK6885,KNO,Medan Kuala Namu International Airport,Batik Air,ID,A320,Airbus A320-214,PK-BKU,Landed 07:31,2026-08-06 05:53:15
CGK,arrivals,2026-08-05,08:00,,3Y6011,,HKG,Hong Kong International Airport,My Indo Airlines,3Y,73Y,,,Unknown,2026-08-06 05:53:15
CGK,arrivals,2026-08-05,08:00,10:26,QZ807,AWQ807,DPS,Denpasar Ngurah Rai International Airport,AirAsia (Colours of Indonesia Livery),AK,A320,Airbus A320-216,PK-AXD,Landed 10:26,2026-08-06 05:53:15
CGK,arrivals,2026-08-05,08:00,07:38,QG937,CTV937,PKU,Pekanbaru Sultan Syarif Kasim II Airport,Citilink Garuda Indonesia,QG,A320,Airbus A320-214,PK-GQT,Landed 07:38,2026-08-06 05:53:15
CGK,arrivals,2026-08-05,08:00,08:00,GA401,GIA401,DPS,Denpasar Ngurah Rai International Airport,Garuda Indonesia,GA,B738,Boeing 737-8U3,PK-GMC,Landed 08:00,2026-08-06 05:53:15
CGK,arrivals,2026-08-05,08:05,07:50,GA73,GIA073,TKG,Bandar Lampung Radin Inten II Airport,Garuda Indonesia (Retro 1960 Livery),GA,B738,Boeing 737-8U3,PK-GFM,Landed 07:50,2026-08-06 05:53:15
CGK,arrivals,2026-08-05,08:05,07:55,AK380,AXM380,KUL,Kuala Lumpur International Airport,AirAsia (BIG Duty Free Livery),AK,A320,Airbus A320-214,9M-AHY,Landed 07:55,2026-08-06 05:53:15
CGK,arrivals,2026-08-05,08:10,,ID6804,,SRG,Semarang Achmad Yani International Airport,Batik Air,ID,32A,,,Unknown,2026-08-06 05:53:15
CGK,arrivals,2026-08-05,08:10,07:56,ID7369,BTK7369,SRG,Semarang Achmad Yani International Airport,Batik Air,ID,A320,Airbus A320-214,PK-BKT,Landed 07:56,2026-08-06 05:53:15
CGK,arrivals,2026-08-05,08:15,07:53,QG301,CTV301,MDC,Manado Sam Ratulangi International Airport,Citilink,QG,A320,Airbus A320-214,PK-GLR,Landed 07:53,2026-08-06 05:53:15
CGK,arrivals,2026-08-05,08:15,07:45,GA207,GIA207,YIA,Yogyakarta International Airport,Garuda Indonesia,GA,B738,Boeing 737-8U3,PK-GFV,Landed 07:45,2026-08-06 05:53:15
CGK,arrivals,2026-08-05,08:20,07:59,GA231,GIA231,SRG,Semarang Achmad Yani International Airport,Garuda Indonesia,GA,B738,Boeing 737-8BK,PK-GFG,Landed 07:59,2026-08-06 05:53:15
CGK,arrivals,2026-08-05,08:25,08:06,SQ952,SIA952,SIN,Singapore Changi Airport,Singapore Airlines,SQ,A359,Airbus A350-941,9V-SJH,Landed 08:06,2026-08-06 05:53:15
CGK,arrivals,2026-08-05,08:25,,JT170,,KNO,Medan Kuala Namu International Airport,Lion Air,JT,738,,,Unknown,2026-08-06 05:53:15
CGK,arrivals,2026-08-05,08:25,08:10,JT209,LNI209,KNO,Medan Kuala Namu International Airport,Lion Air,JT,B738,Boeing 737-8GP,PK-LOQ,Landed 08:10,2026-08-06 05:53:15
CGK,arrivals,2026-08-05,08:25,08:13,ID6561,BTK6561,PLW,Palu Mutiara Airport,Batik Air,ID,A320,Airbus A320-214,PK-BLD,Landed 08:13,2026-08-06 05:53:15
CGK,arrivals,2026-08-05,08:25,08:04,ID6375,BTK6375,SOC,Surakarta Adisumarmo International Airport,Batik Air,ID,A320,Airbus A320-214,PK-LUU,Landed 08:04,2026-08-06 05:53:15
CGK,arrivals,2026-08-05,08:25,08:23,QG905,CTV905,TKG,Bandar Lampung Radin Inten II Airport,Citilink,QG,A20N,Airbus A320-251N,PK-GTA,Landed 08:23,2026-08-06 05:53:15
CGK,arrivals,2026-08-05,08:25,08:02,QG775,CTV775,YIA,Yogyakarta International Airport,Citilink,QG,A20N,Airbus A320-251N,PK-GTF,Landed 08:02,2026-08-06 05:53:15
CGK,arrivals,2026-08-05,08:25,08:16,MH713,MAS713,KUL,Kuala Lumpur International Airport,Malaysia Airlines,MH,B38M,Boeing 737 MAX 8,9M-MVM,Landed 08:16,2026-08-06 05:53:15
CGK,arrivals,2026-08-05,08:25,08:03,GA183,GIA183,KNO,Medan Kuala Namu International Airport,Garuda Indonesia,GA,B738,Boeing 737-8U3,PK-GNG,Landed 08:03,2026-08-06 05:53:15
CGK,arrivals,2026-08-05,08:30,08:23,QG603,CTV603,KOE,Kupang El Tari Airport,Citilink,QG,A320,Airbus A320-214,PK-GQH,Landed 08:23,2026-08-06 05:53:15
CGK,arrivals,2026-08-05,08:30,08:07,QG413,CTV413,PNK,Pontianak Supadio Airport,Citilink,QG,A320,Airbus A320-214,PK-GQP,Landed 08:07,2026-08-06 05:53:15
CGK,arrivals,2026-08-05,08:30,08:09,GA403,GIA403,DPS,Denpasar Ngurah Rai International Airport,Garuda Indonesia,GA,B738,Boeing 737-8U3,PK-GMD,Landed 08:09,2026-08-06 05:53:15
CGK,arrivals,2026-08-05,08:40,08:20,ID6201,BTK6201,PKY,Palangkaraya Tjilik Riwut Airport,Batik Air,ID,A320,Airbus A320-214,PK-LUH,Landed 08:20,2026-08-06 05:53:15
CGK,arrivals,2026-08-05,08:40,08:26,GA623,GIA623,PLW,Palu Mutiara Airport,Garuda Indonesia,GA,B738,Boeing 737-8U3,PK-GMP,Landed 08:26,2026-08-06 05:53:15
CGK,arrivals,2026-08-05,08:40,08:14,GA305,GIA305,SUB,Surabaya Juanda International Airport,Garuda Indonesia,GA,B738,Boeing 737-8H6,PK-GUL,Landed 08:14,2026-08-06 05:53:15
CGK,arrivals,2026-08-05,08:45,08:33,TR274,TGW274,SIN,Singapore Changi Airport,Scoot,TR,A320,Airbus A320-232,9V-TRT,Landed 08:33,2026-08-06 05:53:15
CGK,arrivals,2026-08-05,08:45,08:25,ID6863,BTK6863,BTH,Batam Hang Nadim Airport,Batik Air,ID,A320,Airbus A320-214,PK-LAW,Landed 08:25,2026-08-06 05:53:15
CGK,arrivals,2026-08-05,08:45,08:17,GA617,GIA617,UPG,Makassar Sultan Hasanuddin International Airport,Garuda Indonesia,GA,B738,Boeing 737-8U3,PK-GFP,Landed 08:17,2026-08-06 05:53:15
CGK,arrivals,2026-08-05,08:50,,SJ55,,TJQ,Tanjung Pandan Buluh Tumbang Airport,Sriwijaya Air,SJ,735,,,Unknown,2026-08-06 05:53:15
CGK,arrivals,2026-08-05,08:50,08:46,QG981,CTV981,PLM,Palembang International Airport,Citilink,QG,A320,Airbus A320-214,PK-GLN,Landed 08:46,2026-08-06 05:53:15
CGK,arrivals,2026-08-05,08:50,,JT889,,AMQ,Ambon Pattimura Airport,Lion Air,JT,738,,,Canceled,2026-08-06 05:53:15
CGK,arrivals,2026-08-05,08:55,08:48,ID6541,BTK6541,KOE,Kupang El Tari Airport,Batik Air,ID,A320,Airbus A320-233,PK-BKG,Landed 08:48,2026-08-06 05:53:15
CGK,arrivals,2026-08-05,08:55,,JT335,,PLM,Palembang International Airport,Lion Air,JT,739,,,Canceled,2026-08-06 05:53:15
CGK,arrivals,2026-08-05,08:55,,IU801,,TKG,Bandar Lampung Radin Inten II Airport,Super Air Jet,IU,320,,,Canceled,2026-08-06 05:53:15
CGK,arrivals,2026-08-05,08:55,08:34,GA551,GIA551,PKY,Palangkaraya Tjilik Riwut Airport,Garuda Indonesia (Ayo Pakai Masker Livery),GA,B738,Boeing 737-81D,PK-GFQ,Landed 08:34,2026-08-06 05:53:15
CGK,arrivals,2026-08-05,09:00,08:37,ID6271,BTK6271,MDC,Manado Sam Ratulangi International Airport,Batik Air,ID,B738,Boeing 737-8GP,PK-LZV,Landed 08:37,2026-08-06 05:53:15
CGK,arrivals,2026-08-05,09:00,09:08,3Y923,MYU923,SIN,Singapore Changi Airport,My Indo Airlines,3Y,B733,Boeing 737-39K(SF),PK-MYC,Landed 09:08,2026-08-06 05:53:15
CGK,arrivals,2026-08-05,09:00,08:56,JT21,LNI021,DPS,Denpasar Ngurah Rai International Airport,Lion Air,JT,B39M,Boeing 737 MAX 9,PK-LRH,Landed 08:56,2026-08-06 05:53:15
CGK,arrivals,2026-08-05,09:05,09:13,ID6369,BTK6369,YIA,Yogyakarta International Airport,Batik Air,ID,A320,Airbus A320-232,PK-BKL,Landed 09:13,2026-08-06 05:53:15
CGK,arrivals,2026-08-05,09:05,08:55,QZ179,AWQ179,TKG,Bandar Lampung Radin Inten II Airport,AirAsia,AK,A320,Airbus A320-214,PK-AZA,Landed 08:55,2026-08-06 05:53:15
CGK,arrivals,2026-08-05,09:05,,IU683,,PNK,Pontianak Supadio Airport,Super Air Jet,IU,320,,,Canceled,2026-08-06 05:53:15
CGK,arrivals,2026-08-05,09:10,,JT176,,SUB,Surabaya Juanda International Airport,Lion Air,JT,739,,,Unknown,2026-08-06 05:53:15
CGK,arrivals,2026-08-05,09:10,08:46,QG175,CTV175,SUB,Surabaya Juanda International Airport,Citilink,QG,A320,Airbus A320-214,PK-GQF,Landed 08:46,2026-08-06 05:53:15
CGK,arrivals,2026-08-05,09:10,08:52,JT693,LNI693,SUB,Surabaya Juanda International Airport,Lion Air,JT,B738,Boeing 737-8GP,PK-LOR,Landed 08:52,2026-08-06 05:53:15
CGK,arrivals,2026-08-05,09:10,09:32,EY474,ETD474,AUH,Abu Dhabi Zayed International Airport,Etihad Airways,EY,B78X,Boeing 787-10 Dreamliner,A6-BMD,Landed 09:32,2026-08-06 05:53:15
CGK,arrivals,2026-08-05,09:15,,TH1021,,KUL,Kuala Lumpur International Airport,Raya Airways,TH,767,,,Unknown,2026-08-06 05:53:15
CGK,arrivals,2026-08-05,09:15,,TH1021,,SZB,Kuala Lumpur Subang Airport,Raya Airways,TH,76X,,,Unknown,2026-08-06 05:53:15
CGK,arrivals,2026-08-05,09:15,09:00,QG211,CTV211,AMQ,Ambon Pattimura Airport,Citilink (Tiket.com Livery),QG,A320,Airbus A320-214,PK-GLW,Landed 09:00,2026-08-06 05:53:15
CGK,arrivals,2026-08-05,09:20,14:20,AK803,AWQ803,DPS,Denpasar Ngurah Rai International Airport,AirAsia (Sustainable ASEAN Tourism Livery),AK,A320,Airbus A320-216,PK-AZS,Landed 14:20,2026-08-06 05:53:15
CGK,arrivals,2026-08-05,09:25,09:46,JT393,LNI393,PKU,Pekanbaru Sultan Syarif Kasim II Airport,Lion Air,JT,B739,Boeing 737-9GP(ER),PK-LQS,Landed 09:46,2026-08-06 05:53:15
CGK,arrivals,2026-08-05,09:25,09:03,IU899,SJV899,KNO,Medan Kuala Namu International Airport,Super Air Jet,IU,A320,Airbus A320-232,PK-SJA,Landed 09:03,2026-08-06 05:53:15
CGK,arrivals,2026-08-05,09:25,09:03,QG941,CTV941,BTH,Batam Hang Nadim Airport,Citilink,QG,A320,Airbus A320-214,PK-GQK,Landed 09:03,2026-08-06 05:53:15
CGK,arrivals,2026-08-05,09:30,09:15,8B5162,TNU5162,LOP,Lombok International Airport,TransNusa,8B,A321,Airbus A321-211,PK-TLM,Landed 09:15,2026-08-06 05:53:15
CGK,arrivals,2026-08-05,09:30,,IU817,,PDG,Padang Minangkabau International Airport,Super Air Jet,IU,320,,,Canceled,2026-08-06 05:53:15
CGK,arrivals,2026-08-05,09:30,12:32,CI5869,CAL5869,TPE,Taipei Taoyuan International Airport,China Airlines Cargo,CI,B744,Boeing 747-409F,B-18720,Landed 12:32,2026-08-06 05:53:15
CGK,arrivals,2026-08-05,09:30,09:08,AK1573,AXM1573,PEN,Penang International Airport,AirAsia (Legend Heroes Park Livery),AK,A320,Airbus A320-216,9M-AFV,Landed 09:08,2026-08-06 05:53:15
CGK,arrivals,2026-08-05,09:35,09:19,IU821,SJV821,PGK,Pangkal Pinang Depati Amir Airport,Super Air Jet,IU,A320,Airbus A320-232,PK-SJI,Landed 09:19,2026-08-06 05:53:15
CGK,arrivals,2026-08-05,09:35,09:07,ID6743,BTK6743,MDC,Manado Sam Ratulangi International Airport,Batik Air,ID,B738,Boeing 737-8GP,PK-LDJ,Landed 09:07,2026-08-06 05:53:15
CGK,arrivals,2026-08-05,09:35,11:50,ID6203,BTK6203,PKN,Pangkalan Bun Iskandar Airport,Batik Air,ID,A320,Airbus A320-214,PK-LAL,Landed 11:50,2026-08-06 05:53:15
CGK,arrivals,2026-08-05,09:35,09:18,GA649,GIA649,TTE,Ternate Babullah Airport,Garuda Indonesia,GA,B738,Boeing 737-8U3,PK-GUG,Landed 09:18,2026-08-06 05:53:15
CGK,arrivals,2026-08-05,09:40,09:10,ID6723,BTK6723,KDI,Kendari Haluoleo Airport,Batik Air (Book Cabin Sticker),ID,A320,Airbus A320-214,PK-LAF,Landed 09:10,2026-08-06 05:53:15
CGK,arrivals,2026-08-05,09:40,09:14,QZ201,AWQ201,KUL,Kuala Lumpur International Airport,AirAsia (Sustainable ASEAN Tourism Livery),AK,A320,Airbus A320-216,PK-AZS,Landed 09:14,2026-08-06 05:53:15
CGK,arrivals,2026-08-05,09:40,09:30,QG331,CTV331,KDI,Kendari Haluoleo Airport,Citilink,QG,A320,Airbus A320-214,PK-GQJ,Landed 09:30,2026-08-06 05:53:15
CGK,arrivals,2026-08-05,09:40,09:21,GA607,GIA607,MDC,Manado Sam Ratulangi International Airport,Garuda Indonesia,GA,B738,Boeing 737-8U3,PK-GNM,Landed 09:21,2026-08-06 05:53:15
CGK,arrivals,2026-08-05,09:45,09:29,IU851,SJV851,BTH,Batam Hang Nadim Airport,Super Air Jet,IU,A320,Airbus A320-232,PK-SAL,Landed 09:29,2026-08-06 05:53:15
CGK,arrivals,2026-08-05,09:50,09:29,QG939,CTV939,PKU,Pekanbaru Sultan Syarif Kasim II Airport,Citilink,QG,A320,Airbus A320-214,PK-GLQ,Landed 09:29,2026-08-06 05:53:15
CGK,arrivals,2026-08-05,09:50,09:23,GA993,GIA993,JED,Jeddah King Abdulaziz International Airport,Garuda Indonesia,GA,B77W,Boeing 777-3U3(ER),PK-GIC,Landed 09:23,2026-08-06 05:53:15
CGK,arrivals,2026-08-05,09:55,09:43,SQ956,SIA956,SIN,Singapore Changi Airport,Singapore Airlines,SQ,A359,Airbus A350-941,9V-SMZ,Landed 09:43,2026-08-06 05:53:15
CGK,arrivals,2026-08-05,09:55,09:46,IU607,SJV607,BPN,Balikpapan Sepinggan Airport,Super Air Jet,IU,A320,Airbus A320-232,PK-SAH,Landed 09:46,2026-08-06 05:53:15
CGK,arrivals,2026-08-05,09:55,09:35,IP311,PAS311,PLM,Palembang International Airport,Pelita Air,IP,A320,Airbus A320-214,PK-PWH,Landed 09:35,2026-08-06 05:53:15
CGK,arrivals,2026-08-05,09:55,09:41,ID6899,BTK6899,BTJ,Banda Aceh International Airport,Batik Air,ID,A320,Airbus A320-214,PK-LUP,Landed 09:41,2026-08-06 05:53:15
CGK,arrivals,2026-08-05,10:00,09:35,8B5105,TNU5105,DPS,Denpasar Ngurah Rai International Airport,TransNusa,8B,A320,Airbus A320-214,PK-TLF,Landed 09:35,2026-08-06 05:53:15
CGK,arrivals,2026-08-05,10:00,09:38,IU871,SJV871,PLM,Palembang International Airport,Super Air Jet,IU,A320,Airbus A320-232,PK-SJF,Landed 09:38,2026-08-06 05:53:15
CGK,arrivals,2026-08-05,10:00,,ID6710,,SUB,Surabaya Juanda International Airport,Batik Air,ID,32A,,,Unknown,2026-08-06 05:53:15
CGK,arrivals,2026-08-05,10:00,11:38,ID6573,BTK6573,SUB,Surabaya Juanda International Airport,Batik Air,ID,A320,Airbus A320-214,PK-LUI,Landed 11:38,2026-08-06 05:53:15
CGK,arrivals,2026-08-05,10:00,,IU697,,PNK,Pontianak Supadio Airport,Super Air Jet,IU,320,,,Canceled,2026-08-06 05:53:15
CGK,arrivals,2026-08-05,10:00,09:26,GA323,GIA323,SUB,Surabaya Juanda International Airport,Garuda Indonesia,GA,B738,Boeing 737-8U3,PK-GMW,Landed 09:26,2026-08-06 05:53:15
CGK,arrivals,2026-08-05,10:00,10:08,8B676,TNU676,KUL,Kuala Lumpur International Airport,TransNusa,8B,A321,Airbus A321-211,PK-TLK,Landed 10:08,2026-08-06 05:53:15
CGK,arrivals,2026-08-05,10:00,09:59,GA981,GIA981,JED,Jeddah King Abdulaziz International Airport,Garuda Indonesia (Ayo Pakai Masker Livery),GA,B77W,Boeing 777-3U3(ER),PK-GIJ,Landed 09:59,2026-08-06 05:53:15
CGK,arrivals,2026-08-05,10:10,,JT647,,LOP,Lombok International Airport,Lion Air,JT,738,,,Canceled,2026-08-06 05:53:12
CGK,arrivals,2026-08-05,10:10,09:49,GA683,GIA683,SOQ,Sorong Dominique Edward Osok Airport,Garuda Indonesia,GA,B738,Boeing 737-8U3,PK-GMV,Landed 09:49,2026-08-06 05:53:12
CGK,arrivals,2026-08-05,10:15,10:24,IU629,SJV629,BDJ,Banjarmasin Syamsudin Noor Airport,Super Air Jet,IU,A320,Airbus A320-232,PK-SAU,Landed 10:24,2026-08-06 05:53:12
CGK,arrivals,2026-08-05,10:15,10:12,ID6141,BTK6141,TTE,Ternate Babullah Airport,Batik Air,ID,A320,Airbus A320-214,PK-BLC,Landed 10:12,2026-08-06 05:53:12
CGK,arrivals,2026-08-05,10:15,10:16,MH711,MAS711,KUL,Kuala Lumpur International Airport,Malaysia Airlines,MH,B738,Boeing 737-8H6,9M-MLP,Landed 10:16,2026-08-06 05:53:12
CGK,arrivals,2026-08-05,10:15,10:30,IU803,SJV803,TJQ,Tanjung Pandan Buluh Tumbang Airport,Super Air Jet,IU,A320,Airbus A320-232,PK-SGC,Landed 10:30,2026-08-06 05:53:12
CGK,arrivals,2026-08-05,10:15,10:32,GA503,GIA503,PNK,Pontianak Supadio Airport,Garuda Indonesia,GA,B738,Boeing 737-8SH,PK-GUD,Landed 10:32,2026-08-06 05:53:12
CGK,arrivals,2026-08-05,10:20,,3U9015,,TFU,Chengdu Tianfu International Airport,Sichuan Airlines,3U,33F,,,Unknown,2026-08-06 05:53:12
CGK,arrivals,2026-08-05,10:20,10:02,ID6431,BTK6431,BEJ,Kalimarau Airport,Batik Air,ID,A320,Airbus A320-214,PK-LUW,Landed 10:02,2026-08-06 05:53:12
CGK,arrivals,2026-08-05,10:20,10:13,QG961,CTV961,DJB,Jambi Sultan Thaha Airport,Citilink,QG,A320,Airbus A320-214,PK-GLK,Landed 10:13,2026-08-06 05:53:12
CGK,arrivals,2026-08-05,10:25,10:16,IP201,PAS201,SUB,Surabaya Juanda International Airport,Pelita Air,IP,A320,Airbus A320-214,PK-PWK,Landed 10:16,2026-08-06 05:53:12
CGK,arrivals,2026-08-05,10:25,09:47,JT201,LNI201,KNO,Medan Kuala Namu International Airport,Lion Air,JT,B738,Boeing 737-8GP,PK-LJQ,Landed 09:47,2026-08-06 05:53:12
CGK,arrivals,2026-08-05,10:25,10:42,SV820,SVA820,JED,Jeddah King Abdulaziz International Airport,Saudia,SV,B77W,Boeing 777-368(ER),HZ-AK16,Landed 10:42,2026-08-06 05:53:12
CGK,arrivals,2026-08-05,10:30,,JT2891,,UPG,Makassar Sultan Hasanuddin International Airport,Lion Air,JT,738,,,Unknown,2026-08-06 05:53:12
CGK,arrivals,2026-08-05,10:30,,JT3871,,UPG,Makassar Sultan Hasanuddin International Airport,Lion Air,JT,738,,,Unknown,2026-08-06 05:53:12
CGK,arrivals,2026-08-05,10:30,,JT991,,UPG,Makassar Sultan Hasanuddin International Airport,Lion Air,JT,739,,,Unknown,2026-08-06 05:53:12
CGK,arrivals,2026-08-05,10:30,10:19,QG953,CTV953,PDG,Padang Minangkabau International Airport,Citilink,QG,A320,Airbus A320-214,PK-GQG,Landed 10:19,2026-08-06 05:53:12
CGK,arrivals,2026-08-05,10:30,10:21,JT871,LNI871,UPG,Makassar Sultan Hasanuddin International Airport,Lion Air,JT,B739,Boeing 737-9GP(ER),PK-LFY,Landed 10:21,2026-08-06 05:53:12
CGK,arrivals,2026-08-05,10:30,10:06,ID6243,BTK6243,GTO,Gorontalo Jalaluddin Airport,Batik Air,ID,A320,Airbus A320-232,PK-BKJ,Landed 10:06,2026-08-06 05:53:12
CGK,arrivals,2026-08-05,10:30,10:35,GA153,GIA153,BTH,Batam Hang Nadim Airport,Garuda Indonesia,GA,B738,Boeing 737-8U3,PK-GMA,Landed 10:35,2026-08-06 05:53:12
CGK,arrivals,2026-08-05,10:35,10:19,QG739,CTV739,SUB,Surabaya Juanda International Airport,Citilink,QG,A320,Airbus A320-214,PK-GLP,Landed 10:19,2026-08-06 05:53:12
CGK,arrivals,2026-08-05,10:35,10:27,GA825,GIA825,SIN,Singapore Changi Airport,Garuda Indonesia,GA,B738,Boeing 737-8U3,PK-GMI,Landed 10:27,2026-08-06 05:53:12
CGK,arrivals,2026-08-05,10:40,10:24,IP351,PAS351,PDG,Padang Minangkabau International Airport,Pelita Air,IP,A320,Airbus A320-216,PK-PWN,Landed 10:24,2026-08-06 05:53:12
CGK,arrivals,2026-08-05,10:40,10:22,QG973,CTV973,PGK,Pangkal Pinang Depati Amir Airport,Citilink,QG,A320,Airbus A320-214,PK-GQA,Landed 10:22,2026-08-06 05:53:12
CGK,arrivals,2026-08-05,10:45,,RI331,,PLW,Palu Mutiara Airport,Rimbun Air,RI,73Y,,,Unknown,2026-08-06 05:53:12
CGK,arrivals,2026-08-05,10:45,10:38,IU907,SJV907,PDG,Padang Minangkabau International Airport,Super Air Jet,IU,A320,Airbus A320-232,PK-SAW,Landed 10:38,2026-08-06 05:53:12
CGK,arrivals,2026-08-05,10:45,10:31,GA107,GIA107,PLM,Palembang International Airport,Garuda Indonesia,GA,B738,Boeing 737-8SH,PK-GUJ,Landed 10:31,2026-08-06 05:53:12
CGK,arrivals,2026-08-05,10:45,10:40,QG883,CTV883,KNO,Medan Kuala Namu International Airport,Citilink,QG,A320,Airbus A320-214,PK-GLT,Landed 10:40,2026-08-06 05:53:12
CGK,arrivals,2026-08-05,10:45,10:45,QG841,CTV841,BTH,Batam Hang Nadim Airport,Citilink,QG,A320,Airbus A320-214,PK-GLI,Landed 10:45,2026-08-06 05:53:12
CGK,arrivals,2026-08-05,10:50,10:29,GA235,GIA235,SRG,Semarang Achmad Yani International Airport,Garuda Indonesia,GA,B738,Boeing 737-8SA,PK-GUI,Landed 10:29,2026-08-06 05:53:12
CGK,arrivals,2026-08-05,10:55,10:41,IP321,PAS321,PKU,Pekanbaru Sultan Syarif Kasim II Airport,Pelita Air,IP,A320,Airbus A320-214,PK-PWP,Landed 10:41,2026-08-06 05:53:12
CGK,arrivals,2026-08-05,10:55,,IP141,,LOP,Lombok International Airport,Pelita Air,IP,320,,,Unknown,2026-08-06 05:53:12
CGK,arrivals,2026-08-05,10:55,10:50,TR276,TGW276,SIN,Singapore Changi Airport,Scoot,TR,A20N,Airbus A320-271N,9V-TNI,Landed 10:50,2026-08-06 05:53:12
CGK,arrivals,2026-08-05,11:00,10:47,8B632,TNU632,PEN,Penang International Airport,TransNusa,8B,A320,Airbus A320-214,PK-TLD,Landed 10:47,2026-08-06 05:53:12
CGK,arrivals,2026-08-05,11:00,,ID6800,,YIA,Yogyakarta International Airport,Batik Air,ID,32A,,,Unknown,2026-08-06 05:53:12
CGK,arrivals,2026-08-05,11:00,10:56,ID7540,BTK7540,YIA,Yogyakarta International Airport,Batik Air,ID,A320,Airbus A320-214,PK-LAT,Landed 10:56,2026-08-06 05:53:12
CGK,arrivals,2026-08-05,11:05,11:07,QG763,CTV763,SOC,Surakarta Adisumarmo International Airport,Citilink,QG,A20N,Airbus A320-251N,PK-GTG,Landed 11:07,2026-08-06 05:53:12
CGK,arrivals,2026-08-05,11:05,11:01,QG523,CTV523,SIN,Singapore Changi Airport,Citilink,QG,A320,Airbus A320-214,PK-GQQ,Landed 11:01,2026-08-06 05:53:12
CGK,arrivals,2026-08-05,11:05,10:46,GA535,GIA535,BDJ,Banjarmasin Syamsudin Noor Airport,Garuda Indonesia,GA,B738,Boeing 737-86N,PK-GFS,Landed 10:46,2026-08-06 05:53:12
CGK,arrivals,2026-08-05,11:10,11:17,QZ725,AWQ725,DTB,Siborong-Borong Silangit Airport,AirAsia,AK,A320,Airbus A320-216,PK-AXT,Landed 11:17,2026-08-06 05:53:12
CGK,arrivals,2026-08-05,11:10,10:38,AK243,AWQ241P,JHB,Johor Bahru Senai International Airport,AirAsia,AK,A320,Airbus A320-216,PK-AZO,Landed 10:38,2026-08-06 05:53:12
CGK,arrivals,2026-08-05,11:10,11:09,ID6229,BTK6229,PNK,Pontianak Supadio Airport,Batik Air,ID,A320,Airbus A320-232,PK-BKR,Landed 11:09,2026-08-06 05:53:12
CGK,arrivals,2026-08-05,11:10,10:56,GA163,GIA163,PDG,Padang Minangkabau International Airport,Garuda Indonesia,GA,B738,Boeing 737-8U3,PK-GUF,Landed 10:56,2026-08-06 05:53:12
CGK,arrivals,2026-08-05,11:15,11:05,8B5101,TNU5101,DPS,Denpasar Ngurah Rai International Airport,TransNusa,8B,A320,Airbus A320-214,PK-TLO,Landed 11:05,2026-08-06 05:53:12
CGK,arrivals,2026-08-05,11:15,10:49,JX761,SJX761,TPE,Taipei Taoyuan International Airport,STARLUX,JX,A21N,Airbus A321-252NX,B-58213,Landed 10:49,2026-08-06 05:53:12
CGK,arrivals,2026-08-05,11:15,11:13,QG995,CTV995,TKG,Bandar Lampung Radin Inten II Airport,Citilink,QG,A320,Airbus A320-214,PK-GLG,Landed 11:13,2026-08-06 05:53:12
CGK,arrivals,2026-08-05,11:20,11:06,IU835,SJV835,BKS,Bengkulu Fatmawati Soekarno Airport,Super Air Jet,IU,A320,Airbus A320-232,PK-SJR,Landed 11:06,2026-08-06 05:53:12
CGK,arrivals,2026-08-05,11:20,11:16,ID6267,BTK6267,UPG,Makassar Sultan Hasanuddin International Airport,Batik Air,ID,A320,Airbus A320-214,PK-BKQ,Landed 11:16,2026-08-06 05:53:12
CGK,arrivals,2026-08-05,11:20,11:10,GA205,GIA205,YIA,Yogyakarta International Airport,Garuda Indonesia,GA,B738,Boeing 737-8SA,PK-GUH,Landed 11:10,2026-08-06 05:53:12
CGK,arrivals,2026-08-05,11:30,10:53,3Y815,MYU815,SUB,Surabaya Juanda International Airport,My Indo Airlines,3Y,B734,Boeing 737-4Q8(SF),PK-MYN,Landed 10:53,2026-08-06 05:53:12
CGK,arrivals,2026-08-05,11:30,,IU923,,PLM,Palembang International Airport,Super Air Jet,IU,320,,,Canceled,2026-08-06 05:53:12
CGK,arrivals,2026-08-05,11:30,,JT35,,DPS,Denpasar Ngurah Rai International Airport,Lion Air,JT,739,,,Unknown,2026-08-06 05:53:12
CGK,arrivals,2026-08-05,11:35,11:40,TG433,THA433,BKK,Bangkok Suvarnabhumi Airport,Thai Airways,TG,A333,Airbus A330-343,HS-TEV,Landed 11:40,2026-08-06 05:53:12
CGK,arrivals,2026-08-05,11:35,11:22,IP807,PAS807,UPG,Makassar Sultan Hasanuddin International Airport,Pelita Air,IP,A320,Airbus A320-214,PK-PWQ,Landed 11:22,2026-08-06 05:53:12
CGK,arrivals,2026-08-05,11:40,11:25,IU957,SJV957,DTB,Siborong-Borong Silangit Airport,Super Air Jet,IU,A320,Airbus A320-232,PK-STR,Landed 11:25,2026-08-06 05:53:12
CGK,arrivals,2026-08-05,11:40,,ID6820,,SUB,Surabaya Juanda International Airport,Batik Air,ID,32A,,,Unknown,2026-08-06 05:53:12
CGK,arrivals,2026-08-05,11:40,11:54,QZ223,AWQ223,PEN,Penang International Airport,AirAsia,AK,A320,Airbus A320-216,PK-AZL,Landed 11:54,2026-08-06 05:53:12
CGK,arrivals,2026-08-05,11:40,11:34,IU763,SJV763,LOP,Lombok International Airport,Super Air Jet,IU,A320,Airbus A320-232,PK-SJP,Landed 11:34,2026-08-06 05:53:12
CGK,arrivals,2026-08-05,11:40,11:32,ID6585,BTK6585,SUB,Surabaya Juanda International Airport,Batik Air,ID,B738,Boeing 737-86N,PK-BGZ,Landed 11:32,2026-08-06 05:53:12
CGK,arrivals,2026-08-05,11:40,11:40,GA645,GIA645,GTO,Gorontalo Jalaluddin Airport,Garuda Indonesia (Pocari Sweat Livery),GA,B738,Boeing 737-86N,PK-GNN,Landed 11:40,2026-08-06 05:53:12
CGK,arrivals,2026-08-05,11:45,12:01,IP617,PAS617,BDJ,Banjarmasin Syamsudin Noor Airport,Pelita Air,IP,A320,Airbus A320-214,PK-PWO,Landed 12:01,2026-08-06 05:53:12
CGK,arrivals,2026-08-05,11:45,11:36,QG885,CTV885,DTB,Siborong-Borong Silangit Airport,Citilink,QG,A320,Airbus A320-214,PK-GQN,Landed 11:36,2026-08-06 05:53:12
CGK,arrivals,2026-08-05,11:45,13:01,JT171,LNI171,TKG,Bandar Lampung Radin Inten II Airport,Lion Air,JT,B738,Boeing 737-8GP,PK-LJQ,Landed 13:01,2026-08-06 05:53:12
CGK,arrivals,2026-08-05,11:45,,IU857,,BTH,Batam Hang Nadim Airport,Super Air Jet,IU,320,,,Canceled,2026-08-06 05:53:12
CGK,arrivals,2026-08-05,11:45,11:29,IP301,PAS301,KNO,Medan Kuala Namu International Airport,Pelita Air,IP,A320,Airbus A320-214,PK-PWD,Landed 11:29,2026-08-06 05:53:12
CGK,arrivals,2026-08-05,11:55,11:45,OD346,MXD346,SZB,Kuala Lumpur Subang Airport,Batik Air,ID,B738,Boeing 737-8GP,9M-LNC,Landed 11:45,2026-08-06 05:53:12
CGK,arrivals,2026-08-05,11:55,11:43,IU255,SJV255,PLW,Palu Mutiara Airport,Super Air Jet (Our Super 50th Jet Livery),IU,A320,Airbus A320-232,PK-STQ,Landed 11:43,2026-08-06 05:53:12
CGK,arrivals,2026-08-05,11:55,11:46,GA303,GIA303,SUB,Surabaya Juanda International Airport,Garuda Indonesia,GA,B738,Boeing 737-8U3,PK-GNA,Landed 11:46,2026-08-06 05:53:12
CGK,arrivals,2026-08-05,12:00,11:42,IP989,PAS989,SIN,Singapore Changi Airport,Pelita Air,IP,A320,Airbus A320-214,PK-PWE,Landed 11:42,2026-08-06 05:53:12
CGK,arrivals,2026-08-05,12:05,14:08,ID6857,BTK6857,PKU,Pekanbaru Sultan Syarif Kasim II Airport,Batik Air,ID,A320,Airbus A320-214,PK-LUR,Landed 14:08,2026-08-06 05:53:12
CGK,arrivals,2026-08-05,12:05,11:51,QG251,CTV251,UPG,Makassar Sultan Hasanuddin International Airport,Citilink,QG,A320,Airbus A320-214,PK-GLM,Landed 11:51,2026-08-06 05:53:12
CGK,arrivals,2026-08-05,12:05,,IU511,,BPN,Balikpapan Sepinggan Airport,Super Air Jet,IU,320,,,Canceled,2026-08-06 05:53:12
CGK,arrivals,2026-08-05,12:05,11:56,GA225,GIA225,SOC,Surakarta Adisumarmo International Airport,Garuda Indonesia (Pokémon Livery),GA,B738,Boeing 737-8U3,PK-GMU,Landed 11:56,2026-08-06 05:53:12
CGK,arrivals,2026-08-05,12:10,11:53,IP811,PAS811,KDI,Kendari Haluoleo Airport,Pelita Air,IP,A320,Airbus A320-214,PK-PWJ,Landed 11:53,2026-08-06 05:53:12
CGK,arrivals,2026-08-05,12:10,12:06,QG773,CTV773,YIA,Yogyakarta International Airport,Citilink,QG,A20N,Airbus A320-251N,PK-GTF,Landed 12:06,2026-08-06 05:53:12
CGK,arrivals,2026-08-05,12:10,,IU813,,PDG,Padang Minangkabau International Airport,Super Air Jet,IU,320,,,Canceled,2026-08-06 05:53:12
CGK,arrivals,2026-08-05,12:10,12:18,ID6805,BTK6805,DJB,Jambi Sultan Thaha Airport,Batik Air,ID,A320,Airbus A320-214,PK-BKT,Landed 12:18,2026-08-06 05:53:12
CGK,arrivals,2026-08-05,12:15,12:35,CZ3037,CSN3037,CAN,Guangzhou Baiyun International Airport,China Southern Airlines,CZ,A21N,Airbus A321-251NX,B-32M7,Landed 12:35,2026-08-06 05:53:12
CGK,arrivals,2026-08-05,12:15,11:58,ID6181,BTK6181,DJJ,Jayapura Sentani Airport,Batik Air,ID,B738,Boeing 737-8GP,PK-LDK,Landed 11:58,2026-08-06 05:53:12
CGK,arrivals,2026-08-05,12:20,,IP203,,SUB,Surabaya Juanda International Airport,Pelita Air,IP,320,,,Unknown,2026-08-06 05:53:12
CGK,arrivals,2026-08-05,12:20,12:04,ID7154,BTK7154,SIN,Singapore Changi Airport,Batik Air,ID,A320,Airbus A320-214,PK-BKP,Landed 12:04,2026-08-06 05:53:12
CGK,arrivals,2026-08-05,12:20,12:03,GA431,GIA431,LOP,Lombok International Airport,Garuda Indonesia,GA,B738,Boeing 737-86N,PK-GFU,Landed 12:03,2026-08-06 05:53:12
CGK,arrivals,2026-08-05,12:20,12:09,BI735,RBA735,BWN,Brunei International Airport,Royal Brunei Airlines (Brunei Tourism Livery),BI,A20N,Airbus A320-251N,V8-RBD,Landed 12:09,2026-08-06 05:53:12
CGK,arrivals,2026-08-05,12:25,,SJ75,,PGK,Pangkal Pinang Depati Amir Airport,Sriwijaya Air,SJ,735,,,Unknown,2026-08-06 05:53:12
CGK,arrivals,2026-08-05,12:25,12:33,ID7010,BTK7010,KNO,Medan Kuala Namu International Airport,Batik Air,ID,A320,Airbus A320-232,PK-BKM,Landed 12:33,2026-08-06 05:53:12
CGK,arrivals,2026-08-05,12:25,,ID6861,,BTH,Batam Hang Nadim Airport,Batik Air,ID,32A,,,Canceled,2026-08-06 05:53:12
CGK,arrivals,2026-08-05,12:25,12:01,ID6567,BTK6567,MLG,Malang Abdul Rachman Saleh Airport,Batik Air,ID,A320,Airbus A320-214,PK-LAZ,Landed 12:01,2026-08-06 05:53:12
CGK,arrivals,2026-08-05,12:30,12:13,8B152,TNU152,SIN,Singapore Changi Airport,TransNusa,8B,A321,Airbus A321-211,PK-TLG,Landed 12:13,2026-08-06 05:53:12
CGK,arrivals,2026-08-05,12:30,12:48,VJ855,VJC855,SGN,Ho Chi Minh City International Airport,VietJet Air,VJ,A21N,Airbus A321-271NX,VN-A549,Landed 12:48,2026-08-06 05:53:12
CGK,arrivals,2026-08-05,12:35,,IN79,,PGK,Pangkal Pinang Depati Amir Airport,Nam Air,IN,B735,Boeing 737-524,PK-NAU,Unknown,2026-08-06 05:53:12
CGK,arrivals,2026-08-05,12:35,11:58,MF867,CXA867,XMN,Xiamen Gaoqi International Airport,Xiamen Air,MF,B38M,Boeing 737 MAX 8,B-20DW,Landed 11:58,2026-08-06 05:53:12
CGK,arrivals,2026-08-05,12:35,12:22,JT697,LNI697,SUB,Surabaya Juanda International Airport,Lion Air,JT,B738,Boeing 737-8GP,PK-LPK,Landed 12:22,2026-08-06 05:53:12
CGK,arrivals,2026-08-05,12:35,12:25,IN79,LKN079,PGK,Pangkal Pinang Depati Amir Airport,Nam Air,IN,B735,Boeing 737-524,PK-NAU,Landed 12:25,2026-08-06 05:53:12
CGK,arrivals,2026-08-05,12:35,,SJ73,,PGK,Pangkal Pinang Depati Amir Airport,Sriwijaya Air,SJ,735,,,Unknown,2026-08-06 05:53:12
CGK,arrivals,2026-08-05,12:35,12:40,QG985,CTV985,PLM,Palembang International Airport,Citilink,QG,A320,Airbus A320-214,PK-GQH,Landed 12:40,2026-08-06 05:53:12
CGK,arrivals,2026-08-05,12:35,12:30,GA127,GIA127,DJB,Jambi Sultan Thaha Airport,Garuda Indonesia,GA,B738,Boeing 737-8BK,PK-GFG,Landed 12:30,2026-08-06 05:53:12
CGK,arrivals,2026-08-05,12:40,12:25,IU371,SJV371,BWX,Blimbingsari Airport,Super Air Jet,IU,A320,Airbus A320-232,PK-SJS,Landed 12:25,2026-08-06 05:53:12
CGK,arrivals,2026-08-05,12:40,12:21,GA175,GIA175,PKU,Pekanbaru Sultan Syarif Kasim II Airport,Garuda Indonesia,GA,B738,Boeing 737-8U3,PK-GNR,Landed 12:21,2026-08-06 05:53:12
CGK,arrivals,2026-08-05,12:40,12:27,AK351,AXM351,KUL,Kuala Lumpur International Airport,AirAsia,AK,A20N,Airbus A320-251N,9M-RAM,Landed 12:27,2026-08-06 05:53:12
CGK,arrivals,2026-08-05,12:45,12:30,GA611,GIA611,UPG,Makassar Sultan Hasanuddin International Airport,Garuda Indonesia (Livin' by Mandiri Livery),GA,B738,Boeing 737-86N,PK-GFI,Landed 12:30,2026-08-06 05:53:09
CGK,arrivals,2026-08-05,12:50,12:41,ID6351,BTK6351,SRG,Semarang Achmad Yani International Airport,Batik Air,ID,A320,Airbus A320-233,PK-BKG,Landed 12:41,2026-08-06 05:53:09
CGK,arrivals,2026-08-05,12:50,,QZ809,,DPS,Denpasar Ngurah Rai International Airport,Indonesia AirAsia,QZ,320,,,Unknown,2026-08-06 05:53:09
CGK,arrivals,2026-08-05,12:50,12:28,IU797,SJV797,KOE,Kupang El Tari Airport,Super Air Jet,IU,A320,Airbus A320-232,PK-SJT,Landed 12:28,2026-08-06 05:53:09
CGK,arrivals,2026-08-05,12:50,12:37,GA327,GIA327,SUB,Surabaya Juanda International Airport,Garuda Indonesia (Retro 1960 Livery),GA,B738,Boeing 737-8U3,PK-GFM,Landed 12:37,2026-08-06 05:53:09
CGK,arrivals,2026-08-05,12:50,12:52,GA185,GIA185,KNO,Medan Kuala Namu International Airport,Garuda Indonesia,GA,B738,Boeing 737-8SH,PK-GUE,Landed 12:52,2026-08-06 05:53:09
CGK,arrivals,2026-08-05,12:55,,IU513,,BPN,Balikpapan Sepinggan Airport,Super Air Jet,IU,320,,,Canceled,2026-08-06 05:53:09
CGK,arrivals,2026-08-05,12:55,,ID6818,,YIA,Yogyakarta International Airport,Batik Air,ID,32A,,,Unknown,2026-08-06 05:53:09
CGK,arrivals,2026-08-05,12:55,13:18,WY849,OMA849,MCT,Muscat International Airport,Oman Air,WY,B789,Boeing 787-9 Dreamliner,A4O-SL,Landed 13:18,2026-08-06 05:53:09
CGK,arrivals,2026-08-05,12:55,13:18,ID6379,BTK6379,YIA,Yogyakarta International Airport,Batik Air,ID,A320,Airbus A320-232,PK-BKL,Landed 13:18,2026-08-06 05:53:09
CGK,arrivals,2026-08-05,12:55,12:44,GA407,GIA407,DPS,Denpasar Ngurah Rai International Airport,Garuda Indonesia,GA,B738,Boeing 737-81D,PK-GFR,Landed 12:44,2026-08-06 05:53:09
CGK,arrivals,2026-08-05,13:00,12:55,VN631,HVN631,SGN,Ho Chi Minh City International Airport,Vietnam Airlines,VN,A321,Airbus A321-231,VN-A608,Landed 12:55,2026-08-06 05:53:09
CGK,arrivals,2026-08-05,13:00,12:45,VJ929,VJC929,HAN,Hanoi Noi Bai International Airport,VietJet Air,VJ,A21N,Airbus A321-271NX,VN-A500,Landed 12:45,2026-08-06 05:53:09
CGK,arrivals,2026-08-05,13:00,12:49,QG719,CTV719,SUB,Surabaya Juanda International Airport,Citilink,QG,A320,Airbus A320-214,PK-GQP,Landed 12:49,2026-08-06 05:53:09
CGK,arrivals,2026-08-05,13:00,12:51,QG447,CTV447,BPN,Balikpapan Sepinggan Airport,Citilink,QG,A320,Airbus A320-214,PK-GQS,Landed 12:51,2026-08-06 05:53:09
CGK,arrivals,2026-08-05,13:00,12:50,OD388,MXD388,KUL,Kuala Lumpur International Airport,Batik Air,ID,B738,Boeing 737-8GP,9M-LNZ,Landed 12:50,2026-08-06 05:53:09
CGK,arrivals,2026-08-05,13:00,,JT31,,DPS,Denpasar Ngurah Rai International Airport,Lion Air,JT,B739,Boeing 737-9GP(ER),PK-LFW,Unknown,2026-08-06 05:53:09
CGK,arrivals,2026-08-05,13:05,,SJ61,,DJB,Jambi Sultan Thaha Airport,Sriwijaya Air,SJ,735,,,Unknown,2026-08-06 05:53:09
CGK,arrivals,2026-08-05,13:10,13:41,QG933,CTV933,PKU,Pekanbaru Sultan Syarif Kasim II Airport,Citilink,QG,A20N,Airbus A320-251N,PK-GTA,Landed 13:41,2026-08-06 05:53:09
CGK,arrivals,2026-08-05,13:10,12:54,QG491,CTV491,BDJ,Banjarmasin Syamsudin Noor Airport,Citilink,QG,A320,Airbus A320-214,PK-GLR,Landed 12:54,2026-08-06 05:53:09
CGK,arrivals,2026-08-05,13:10,12:43,CX777,CPA777,HKG,Hong Kong International Airport,Cathay Pacific,CX,A333,Airbus A330-343,B-LAO,Landed 12:43,2026-08-06 05:53:09
CGK,arrivals,2026-08-05,13:15,,JT713,,PNK,Pontianak Supadio Airport,Lion Air,JT,738,,,Unknown,2026-08-06 05:53:09
CGK,arrivals,2026-08-05,13:15,13:04,QG913,CTV913,KNO,Medan Kuala Namu International Airport,Citilink,QG,A320,Airbus A320-214,PK-GLY,Landed 13:04,2026-08-06 05:53:09
CGK,arrivals,2026-08-05,13:15,13:02,QG753,CTV753,MLG,Malang Abdul Rachman Saleh Airport,Citilink,QG,A320,Airbus A320-214,PK-GLN,Landed 13:02,2026-08-06 05:53:09
CGK,arrivals,2026-08-05,13:15,12:47,ID7780,BTK7780,SOQ,Sorong Dominique Edward Osok Airport,Batik Air,ID,A320,Airbus A320-214,PK-LUJ,Landed 12:47,2026-08-06 05:53:09
CGK,arrivals,2026-08-05,13:20,,IU823,,PGK,Pangkal Pinang Depati Amir Airport,Super Air Jet,IU,320,,,Canceled,2026-08-06 05:53:09
CGK,arrivals,2026-08-05,13:20,12:57,BR237,EVA237,TPE,Taipei Taoyuan International Airport,EVA Air,BR,B789,Boeing 787-9 Dreamliner,B-17887,Landed 12:57,2026-08-06 05:53:09
CGK,arrivals,2026-08-05,13:20,13:07,QG971,CTV971,PGK,Pangkal Pinang Depati Amir Airport,Citilink (Tiket.com Livery),QG,A320,Airbus A320-214,PK-GLW,Landed 13:07,2026-08-06 05:53:09
CGK,arrivals,2026-08-05,13:20,,IU831,,BKS,Bengkulu Fatmawati Soekarno Airport,Super Air Jet,IU,320,,,Canceled,2026-08-06 05:53:09
CGK,arrivals,2026-08-05,13:20,14:14,GA961,GIA961,MED,Medina Prince Mohammad bin Abdulaziz Airport,Garuda Indonesia,GA,B77W,Boeing 777-3U3(ER),PK-GIH,Landed 14:14,2026-08-06 05:53:09
CGK,arrivals,2026-08-05,13:25,13:13,ID6339,BTK6339,SRG,Semarang Achmad Yani International Airport,Batik Air,ID,A320,Airbus A320-214,PK-BKV,Landed 13:13,2026-08-06 05:53:09
CGK,arrivals,2026-08-05,13:25,13:22,ID6825,BTK6825,TNJ,Tanjung Pinang Raja Haji Fisabilillah Airport,Batik Air,ID,A320,Airbus A320-214,PK-LUH,Landed 13:22,2026-08-06 05:53:09
CGK,arrivals,2026-08-05,13:25,13:11,SQ958,SIA958,SIN,Singapore Changi Airport,Singapore Airlines,SQ,A359,Airbus A350-941,9V-SME,Landed 13:11,2026-08-06 05:53:09
CGK,arrivals,2026-08-05,13:25,,SJ5981,,UPG,Makassar Sultan Hasanuddin International Airport,BBN Airlines Indonesia,0B,B738,Boeing 737-8BK,PK-BBF,Unknown,2026-08-06 05:53:09
CGK,arrivals,2026-08-05,13:25,,SJ5891,,UPG,Makassar Sultan Hasanuddin International Airport,Sriwijaya Air,SJ,738,,,Unknown,2026-08-06 05:53:09
CGK,arrivals,2026-08-05,13:25,,JT211,,KNO,Medan Kuala Namu International Airport,Lion Air,JT,739,,,Unknown,2026-08-06 05:53:09
CGK,arrivals,2026-08-05,13:25,,IU843,,DJB,Jambi Sultan Thaha Airport,Super Air Jet,IU,320,,,Canceled,2026-08-06 05:53:09
CGK,arrivals,2026-08-05,13:25,12:59,IP603,PAS603,BPN,Balikpapan Sepinggan Airport,Pelita Air,IP,A320,Airbus A320-214,PK-PWG,Landed 12:59,2026-08-06 05:53:09
CGK,arrivals,2026-08-05,13:25,,ID6898,,SRG,Semarang Achmad Yani International Airport,Batik Air,ID,32A,,,Unknown,2026-08-06 05:53:09
CGK,arrivals,2026-08-05,13:25,,ID6266,,TKG,Bandar Lampung Radin Inten II Airport,Batik Air,ID,32A,,,Unknown,2026-08-06 05:53:09
CGK,arrivals,2026-08-05,13:25,14:23,SJ581,SJY581,UPG,Makassar Sultan Hasanuddin International Airport,BBN Airlines Indonesia,0B,B738,Boeing 737-8BK,PK-BBF,Landed 14:23,2026-08-06 05:53:09
CGK,arrivals,2026-08-05,13:25,14:17,ID6711,BTK6711,TKG,Bandar Lampung Radin Inten II Airport,Batik Air,ID,A320,Airbus A320-214,PK-BLC,Landed 14:17,2026-08-06 05:53:09
CGK,arrivals,2026-08-05,13:25,13:30,GA863,GIA863,HKG,Hong Kong International Airport,Garuda Indonesia,GA,B738,Boeing 737-86N,PK-GFJ,Landed 13:30,2026-08-06 05:53:09
CGK,arrivals,2026-08-05,13:25,13:14,GA829,GIA829,SIN,Singapore Changi Airport,Garuda Indonesia,GA,B738,Boeing 737-81M,PK-GUC,Landed 13:14,2026-08-06 05:53:09
CGK,arrivals,2026-08-05,13:30,,ID6750,,UPG,Makassar Sultan Hasanuddin International Airport,Batik Air,ID,32A,,,Unknown,2026-08-06 05:53:09
CGK,arrivals,2026-08-05,13:30,13:15,ID6183,BTK6183,UPG,Makassar Sultan Hasanuddin International Airport,Batik Air,ID,B738,Boeing 737-8GP,PK-LBW,Landed 13:15,2026-08-06 05:53:09
CGK,arrivals,2026-08-05,13:30,14:03,UL364,ALK364,CMB,Colombo Bandaranaike International Airport,SriLankan Airlines,UL,A20N,Airbus A320-251N,4R-ANA,Landed 14:03,2026-08-06 05:53:09
CGK,arrivals,2026-08-05,13:30,13:57,TR308,TGW308,SIN,Singapore Changi Airport,Scoot,TR,A320,Airbus A320-232,9V-TRU,Landed 13:57,2026-08-06 05:53:09
CGK,arrivals,2026-08-05,13:30,13:23,QG641,CTV641,LOP,Lombok International Airport,Citilink Garuda Indonesia,QG,A320,Airbus A320-214,PK-GQT,Landed 13:23,2026-08-06 05:53:09
CGK,arrivals,2026-08-05,13:30,,IN171,,SMQ,Sampit Airport,Nam Air,IN,735,,,Unknown,2026-08-06 05:53:09
CGK,arrivals,2026-08-05,13:30,13:21,GA581,GIA581,AAP,Samarinda AP Tumenggung Pranoto Airport,Garuda Indonesia,GA,B738,Boeing 737-8U3,PK-GFD,Landed 13:21,2026-08-06 05:53:09
CGK,arrivals,2026-08-05,13:35,13:06,CI761,CAL761,TPE,Taipei Taoyuan International Airport,China Airlines,CI,A359,Airbus A350-941,B-18915,Landed 13:06,2026-08-06 05:53:09
CGK,arrivals,2026-08-05,13:35,13:25,ID7158,BTK7158,SIN,Singapore Changi Airport,Batik Air,ID,A320,Airbus A320-214,PK-LUY,Landed 13:25,2026-08-06 05:53:09
CGK,arrivals,2026-08-05,13:35,13:26,GA457,GIA457,KOE,Kupang El Tari Airport,Garuda Indonesia,GA,B738,Boeing 737-81M,PK-GUA,Landed 13:26,2026-08-06 05:53:09
CGK,arrivals,2026-08-05,13:40,13:35,IU879,SJV879,PLM,Palembang International Airport,Super Air Jet,IU,A320,Airbus A320-232,PK-SAH,Landed 13:35,2026-08-06 05:53:09
CGK,arrivals,2026-08-05,13:40,13:28,IP103,PAS103,DPS,Denpasar Ngurah Rai International Airport,Pelita Air,IP,A320,Airbus A320-232,PK-PWL,Landed 13:28,2026-08-06 05:53:09
CGK,arrivals,2026-08-05,13:40,14:00,QZ531,AWQ531,KCH,Kuching International Airport,AirAsia,AK,A320,Airbus A320-214,PK-AZA,Landed 14:00,2026-08-06 05:53:09
CGK,arrivals,2026-08-05,13:40,13:29,QG991,CTV991,BKS,Bengkulu Fatmawati Soekarno Airport,Citilink,QG,A320,Airbus A320-214,PK-GLQ,Landed 13:29,2026-08-06 05:53:09
CGK,arrivals,2026-08-05,13:40,13:43,ID6171,BTK6171,AMQ,Ambon Pattimura Airport,Batik Air,ID,A320,Airbus A320-214,PK-LUT,Landed 13:43,2026-08-06 05:53:09
CGK,arrivals,2026-08-05,13:40,13:31,GA137,GIA137,PGK,Pangkal Pinang Depati Amir Airport,Garuda Indonesia (Ayo Pakai Masker Livery),GA,B738,Boeing 737-81D,PK-GFQ,Landed 13:31,2026-08-06 05:53:09
CGK,arrivals,2026-08-05,13:40,13:38,GA109,GIA109,PLM,Palembang International Airport,Garuda Indonesia,GA,B738,Boeing 737-8U3,PK-GUG,Landed 13:38,2026-08-06 05:53:09
CGK,arrivals,2026-08-05,13:50,13:33,GA567,GIA567,BPN,Balikpapan Sepinggan Airport,Garuda Indonesia,GA,B738,Boeing 737-8U3,PK-GNH,Landed 13:33,2026-08-06 05:53:09
CGK,arrivals,2026-08-05,13:55,13:36,IU603,SJV603,BPN,Balikpapan Sepinggan Airport,Super Air Jet,IU,A320,Airbus A320-232,PK-SJE,Landed 13:36,2026-08-06 05:53:09
CGK,arrivals,2026-08-05,13:55,13:46,ID6509,BTK6509,DPS,Denpasar Ngurah Rai International Airport,Batik Air,ID,A320,Airbus A320-214,PK-LAI,Landed 13:46,2026-08-06 05:53:09
CGK,arrivals,2026-08-05,13:55,14:03,GA413,GIA413,DPS,Denpasar Ngurah Rai International Airport,Garuda Indonesia,GA,B738,Boeing 737-8U3,PK-GFV,Landed 14:03,2026-08-06 05:53:09
CGK,arrivals,2026-08-05,13:55,13:54,GA155,GIA155,BTH,Batam Hang Nadim Airport,Garuda Indonesia,GA,B738,Boeing 737-8U3,PK-GMP,Landed 13:54,2026-08-06 05:53:09
CGK,arrivals,2026-08-05,13:55,13:47,GA149,GIA149,PDG,Padang Minangkabau International Airport,Garuda Indonesia,GA,B738,Boeing 737-8U3,PK-GNG,Landed 13:47,2026-08-06 05:53:09
CGK,arrivals,2026-08-05,14:00,13:44,JT715,LNI715,PNK,Pontianak Supadio Airport,Lion Air,JT,B738,Boeing 737-8GP,PK-LOP,Landed 13:44,2026-08-06 05:53:09
CGK,arrivals,2026-08-05,14:00,13:52,GA821,GIA821,KUL,Kuala Lumpur International Airport,Garuda Indonesia,GA,B738,Boeing 737-8U3,PK-GMF,Landed 13:52,2026-08-06 05:53:09
CGK,arrivals,2026-08-05,14:05,,IU627,,BDJ,Banjarmasin Syamsudin Noor Airport,Super Air Jet,IU,320,,,Canceled,2026-08-06 05:53:09
CGK,arrivals,2026-08-05,14:05,13:51,IU357,SJV357,DHX,Kediri Dhoho International Airport,Super Air Jet,IU,A320,Airbus A320-232,PK-SJA,Landed 13:51,2026-08-06 05:53:09
CGK,arrivals,2026-08-05,14:05,,GA141,,BTJ,Banda Aceh International Airport,Garuda Indonesia,GA,738,,,Canceled,2026-08-06 05:53:09
CGK,arrivals,2026-08-05,14:05,14:11,GA983,GIA983,JED,Jeddah King Abdulaziz International Airport,Garuda Indonesia (SkyTeam Livery),GA,B77W,Boeing 777-3U3(ER),PK-GII,Landed 14:11,2026-08-06 05:53:09
CGK,arrivals,2026-08-05,14:10,14:04,ID6257,BTK6257,AAP,Samarinda AP Tumenggung Pranoto Airport,Batik Air,ID,A320,Airbus A320-214,PK-BLD,Landed 14:04,2026-08-06 05:53:09
CGK,arrivals,2026-08-05,14:10,,ID6659,,LOP,Lombok International Airport,Batik Air,ID,32A,,,Canceled,2026-08-06 05:53:09
CGK,arrivals,2026-08-05,14:10,13:40,GA241,GIA241,SRG,Semarang Achmad Yani International Airport,Garuda Indonesia,GA,B738,Boeing 737-8U3,PK-GNM,Landed 13:40,2026-08-06 05:53:09
CGK,arrivals,2026-08-05,14:15,14:06,QG975,CTV975,TNJ,Tanjung Pinang Raja Haji Fisabilillah Airport,Citilink,QG,A320,Airbus A320-214,PK-GQK,Landed 14:06,2026-08-06 05:53:09
CGK,arrivals,2026-08-05,14:20,15:25,ID6865,BTK6865,BTH,Batam Hang Nadim Airport,Batik Air,ID,A320,Airbus A320-214,PK-LUW,Landed 15:25,2026-08-06 05:53:09
CGK,arrivals,2026-08-05,14:20,13:50,QG437,CTV437,BPN,Balikpapan Sepinggan Airport,Citilink,QG,A320,Airbus A320-214,PK-GLX,Landed 13:50,2026-08-06 05:53:09
CGK,arrivals,2026-08-05,14:25,14:25,JT303,LNI303,KNO,Medan Kuala Namu International Airport,Lion Air,JT,B739,Boeing 737-9GP(ER),PK-LQT,Landed 14:25,2026-08-06 05:53:09
CGK,arrivals,2026-08-05,14:25,14:27,GA409,GIA409,DPS,Denpasar Ngurah Rai International Airport,Garuda Indonesia,GA,B738,Boeing 737-8U3,PK-GMY,Landed 14:27,2026-08-06 05:53:09
CGK,arrivals,2026-08-05,14:25,14:20,CX3241,CPA3241,HKG,Hong Kong International Airport,Cathay Cargo,CX,B744,Boeing 747-467F(ER),B-LIF,Landed 14:20,2026-08-06 05:53:09
CGK,arrivals,2026-08-05,14:30,14:01,8B5531,TNU5531,YIA,Yogyakarta International Airport,TransNusa,8B,A321,Airbus A321-211,PK-TLM,Landed 14:01,2026-08-06 05:53:09
CGK,arrivals,2026-08-05,14:30,14:16,AK384,AXM384,KUL,Kuala Lumpur International Airport,AirAsia,AK,A20N,Airbus A320-251N,9M-RAB,Landed 14:16,2026-08-06 05:53:09
CGK,arrivals,2026-08-05,14:40,14:58,8B5107,TNU5107,DPS,Denpasar Ngurah Rai International Airport,TransNusa,8B,A320,Airbus A320-214,PK-TLF,Landed 14:58,2026-08-06 05:53:09
CGK,arrivals,2026-08-05,14:40,,JT1943,,UPG,Makassar Sultan Hasanuddin International Airport,Lion Air,JT,739,,,Unknown,2026-08-06 05:53:09
CGK,arrivals,2026-08-05,14:40,,IU815,,PDG,Padang Minangkabau International Airport,Super Air Jet,IU,320,,,Canceled,2026-08-06 05:53:09
CGK,arrivals,2026-08-05,14:40,14:46,JT985,LNI985,UPG,Makassar Sultan Hasanuddin International Airport,Lion Air,JT,B739,Boeing 737-9GP(ER),PK-LJG,Landed 14:46,2026-08-06 05:53:09
CGK,arrivals,2026-08-05,14:40,,JT173,,TKG,Bandar Lampung Radin Inten II Airport,Lion Air,JT,738,,,Canceled,2026-08-06 05:53:09
CGK,arrivals,2026-08-05,14:45,,JT1897,,UPG,Makassar Sultan Hasanuddin International Airport,Lion Air,JT,738,,,Unknown,2026-08-06 05:53:09
CGK,arrivals,2026-08-05,14:45,,JT1949,,UPG,Makassar Sultan Hasanuddin International Airport,Lion Air,JT,739,,,Unknown,2026-08-06 05:53:09
CGK,arrivals,2026-08-05,14:45,,JT987,,UPG,Makassar Sultan Hasanuddin International Airport,Lion Air,JT,738,,,Unknown,2026-08-06 05:53:09
CGK,arrivals,2026-08-05,14:45,,JT372,,UPG,Makassar Sultan Hasanuddin International Airport,Lion Air,JT,739,,,Unknown,2026-08-06 05:53:09
CGK,arrivals,2026-08-05,14:45,14:30,QG791,CTV791,SRG,Semarang Achmad Yani International Airport,Citilink,QG,A320,Airbus A320-214,PK-GLI,Landed 14:30,2026-08-06 05:53:09
CGK,arrivals,2026-08-05,14:45,14:27,ID6871,BTK6871,PLM,Palembang International Airport,Batik Air,ID,A320,Airbus A320-232,PK-BKJ,Landed 14:27,2026-08-06 05:53:09
CGK,arrivals,2026-08-05,14:50,14:32,6E1601,IGO1601,BOM,Mumbai Chhatrapati Shivaji International Airport,IndiGo,6E,A20N,Airbus A320-251N,VT-ION,Landed 14:32,2026-08-06 05:53:09
CGK,arrivals,2026-08-05,14:50,14:35,QG977,CTV977,TJQ,Tanjung Pandan Buluh Tumbang Airport,Citilink,QG,A320,Airbus A320-214,PK-GLG,Landed 14:35,2026-08-06 05:53:09
CGK,arrivals,2026-08-05,14:50,14:52,QG419,CTV419,PNK,Pontianak Supadio Airport,Citilink,QG,A320,Airbus A320-214,PK-GLP,Landed 14:52,2026-08-06 05:53:09
CGK,arrivals,2026-08-05,14:50,14:56,ID7532,BTK7532,SOC,Surakarta Adisumarmo International Airport,Batik Air,ID,A320,Airbus A320-214,PK-LAT,Landed 14:56,2026-08-06 05:53:09
CGK,arrivals,2026-08-05,14:55,18:56,IU651,SJV651,PKY,Palangkaraya Tjilik Riwut Airport,Super Air Jet,IU,A320,Airbus A320-232,PK-SJE,Landed 18:56,2026-08-06 05:53:06
CGK,arrivals,2026-08-05,14:55,14:39,QG687,CTV687,DPS,Denpasar Ngurah Rai International Airport,Citilink,QG,A320,Airbus A320-214,PK-GQF,Landed 14:39,2026-08-06 05:53:09
CGK,arrivals,2026-08-05,15:00,14:42,IP205,PAS205,SUB,Surabaya Juanda International Airport,Pelita Air,IP,A320,Airbus A320-214,PK-PWH,Landed 14:42,2026-08-06 05:53:06
CGK,arrivals,2026-08-05,15:00,14:56,QG943,CTV943,BTH,Batam Hang Nadim Airport,Citilink,QG,A320,Airbus A320-214,PK-GLK,Landed 14:56,2026-08-06 05:53:06
CGK,arrivals,2026-08-05,15:00,,IU913,,PKU,Pekanbaru Sultan Syarif Kasim II Airport,Super Air Jet,IU,320,,,Canceled,2026-08-06 05:53:06
CGK,arrivals,2026-08-05,15:00,14:50,GA209,GIA209,YIA,Yogyakarta International Airport,Garuda Indonesia,GA,B738,Boeing 737-8SH,PK-GUD,Landed 14:50,2026-08-06 05:53:06
CGK,arrivals,2026-08-05,15:05,14:38,IP343,PAS343,BTJ,Banda Aceh International Airport,Pelita Air,IP,A320,Airbus A320-214,PK-PWC,Landed 14:38,2026-08-06 05:53:06
CGK,arrivals,2026-08-05,15:05,,QZ815,,DPS,Denpasar Ngurah Rai International Airport,AirAsia,AK,A320,Airbus A320-216,PK-AXY,Unknown,2026-08-06 05:53:06
CGK,arrivals,2026-08-05,15:05,14:44,MH721,MAS721,KUL,Kuala Lumpur International Airport,Malaysia Airlines (Malayan Tiger Livery),MH,A333,Airbus A330-323,9M-MTG,Landed 14:44,2026-08-06 05:53:06
CGK,arrivals,2026-08-05,15:05,14:53,GA6572,GIA6572,DJJ,Jayapura Sentani Airport,Garuda Indonesia,GA,B738,Boeing 737-8U3,PK-GNQ,Landed 14:53,2026-08-06 05:53:06
CGK,arrivals,2026-08-05,15:10,,ID7160,,PEN,Penang International Airport,Batik Air,ID,738,,,Unknown,2026-08-06 05:53:06
CGK,arrivals,2026-08-05,15:10,15:25,ID6517,BTK6517,DPS,Denpasar Ngurah Rai International Airport,Batik Air,ID,A320,Airbus A320-214,PK-LUP,Landed 15:25,2026-08-06 05:53:06
CGK,arrivals,2026-08-05,15:15,15:13,ID6527,BTK6527,LBJ,Labuan Bajo Komodo Airport,Batik Air,ID,A320,Airbus A320-214,PK-LAM,Landed 15:13,2026-08-06 05:53:06
CGK,arrivals,2026-08-05,15:15,15:18,GA187,GIA187,KNO,Medan Kuala Namu International Airport,Garuda Indonesia,GA,B738,Boeing 737-8H6,PK-GUL,Landed 15:18,2026-08-06 05:53:06
CGK,arrivals,2026-08-05,15:15,15:03,GA75,GIA075,TKG,Bandar Lampung Radin Inten II Airport,Garuda Indonesia (Pocari Sweat Livery),GA,B738,Boeing 737-86N,PK-GNN,Landed 15:03,2026-08-06 05:53:06
CGK,arrivals,2026-08-05,15:20,15:08,IP633,PAS633,PNK,Pontianak Supadio Airport,Pelita Air,IP,A320,Airbus A320-216,PK-PWN,Landed 15:08,2026-08-06 05:53:06
CGK,arrivals,2026-08-05,15:20,14:47,ID7283,BTK7283,KUL,Kuala Lumpur International Airport,Batik Air,ID,B738,Boeing 737-8GP,PK-LZV,Landed 14:47,2026-08-06 05:53:06
CGK,arrivals,2026-08-05,15:25,,SJ53,,TJQ,Tanjung Pandan Buluh Tumbang Airport,Sriwijaya Air,SJ,735,,,Unknown,2026-08-06 05:53:06
CGK,arrivals,2026-08-05,15:25,15:21,JT385,LNI385,KNO,Medan Kuala Namu International Airport,Lion Air,JT,B39M,Boeing 737 MAX 9,PK-LRH,Landed 15:21,2026-08-06 05:53:06
CGK,arrivals,2026-08-05,15:25,16:40,GA895,GIA895,PVG,Shanghai Pudong International Airport,Garuda Indonesia,GA,A333,Airbus A330-343,PK-GPU,Landed 16:40,2026-08-06 05:53:06
CGK,arrivals,2026-08-05,15:25,15:18,GA605,GIA605,UPG,Makassar Sultan Hasanuddin International Airport,Garuda Indonesia (From Nature to Future Livery),GA,B738,Boeing 737-8U3,PK-GFX,Landed 15:18,2026-08-06 05:53:06
CGK,arrivals,2026-08-05,15:30,15:37,GA653,GIA653,DPS,Denpasar Ngurah Rai International Airport,Garuda Indonesia,GA,B738,Boeing 737-8U3,PK-GNC,Landed 15:37,2026-08-06 05:53:06
CGK,arrivals,2026-08-05,15:35,15:31,8B5285,TNU5285,SKJ,Singkawang Airport,TransNusa,8B,A320,Airbus A320-214,PK-TLO,Landed 15:31,2026-08-06 05:53:06
CGK,arrivals,2026-08-05,15:35,,IP313,,PLM,Palembang International Airport,Pelita Air,IP,320,,,Unknown,2026-08-06 05:53:06
CGK,arrivals,2026-08-05,15:35,16:09,ID6801,BTK6801,BUU,Muara Bungo Airport,Batik Air,ID,A320,Airbus A320-214,PK-LAL,Landed 16:09,2026-08-06 05:53:06
CGK,arrivals,2026-08-05,15:35,15:36,QR956,QTR956,DOH,Doha Hamad International Airport,Qatar Airways,QR,A359,Airbus A350-941,A7-AME,Landed 15:36,2026-08-06 05:53:06
CGK,arrivals,2026-08-05,15:35,15:40,QG737,CTV737,SUB,Surabaya Juanda International Airport,Citilink,QG,A20N,Airbus A320-251N,PK-GTG,Landed 15:40,2026-08-06 05:53:06
CGK,arrivals,2026-08-05,15:35,,ID7156,,SIN,Singapore Changi Airport,Batik Air,ID,738,,,Canceled,2026-08-06 05:53:06
CGK,arrivals,2026-08-05,15:40,15:13,EK356,UAE356,DXB,Dubai International Airport,Emirates,EK,B77W,Boeing 777-31H(ER),A6-ENF,Landed 15:13,2026-08-06 05:53:06
CGK,arrivals,2026-08-05,15:40,,JT33,,DPS,Denpasar Ngurah Rai International Airport,Lion Air,JT,738,,,Canceled,2026-08-06 05:53:06
CGK,arrivals,2026-08-05,15:40,16:02,ID6657,BTK6657,LOP,Lombok International Airport,Batik Air,ID,A320,Airbus A320-214,PK-BKU,Landed 16:02,2026-08-06 05:53:06
CGK,arrivals,2026-08-05,15:40,15:20,GA879,GIA879,ICN,Seoul Incheon International Airport,Garuda Indonesia (Retro Livery),GA,A333,Airbus A330-343,PK-GHD,Landed 15:20,2026-08-06 05:53:06
CGK,arrivals,2026-08-05,15:45,15:39,GA513,GIA513,PNK,Pontianak Supadio Airport,Garuda Indonesia,GA,B738,Boeing 737-8SH,PK-GUJ,Landed 15:39,2026-08-06 05:53:06
CGK,arrivals,2026-08-05,15:45,15:31,QG907,CTV907,BKS,Bengkulu Fatmawati Soekarno Airport,Citilink,QG,A320,Airbus A320-214,PK-GLT,Landed 15:31,2026-08-06 05:53:06
CGK,arrivals,2026-08-05,15:45,15:41,8B674,TNU674,KUL,Kuala Lumpur International Airport,TransNusa,8B,A321,Airbus A321-211,PK-TLK,Landed 15:41,2026-08-06 05:53:06
CGK,arrivals,2026-08-05,15:46,15:59,,SWW1C,GYD,Baku Heydar Aliyev International Airport,Swiss Private Jet,,GLEX,Bombardier Global 6000,HB-JLC,Landed 15:59,2026-08-06 05:53:06
CGK,arrivals,2026-08-05,15:50,15:28,QG453,CTV453,PKY,Palangkaraya Tjilik Riwut Airport,Citilink,QG,A320,Airbus A320-214,PK-GQG,Landed 15:28,2026-08-06 05:53:06
CGK,arrivals,2026-08-05,15:50,15:44,GA433,GIA433,LOP,Lombok International Airport,Garuda Indonesia,GA,B738,Boeing 737-8U3,PK-GMW,Landed 15:44,2026-08-06 05:53:06
CGK,arrivals,2026-08-05,15:55,15:55,QG997,CTV997,TKG,Bandar Lampung Radin Inten II Airport,Citilink,QG,A320,Airbus A320-214,PK-GQP,Landed 15:55,2026-08-06 05:53:06
CGK,arrivals,2026-08-05,16:00,15:32,NH855,ANA855,HND,Tokyo Haneda International Airport,All Nippon Airways,NH,B789,Boeing 787-9 Dreamliner,JA882A,Landed 15:32,2026-08-06 05:53:06
CGK,arrivals,2026-08-05,16:00,15:42,ID6253,BTK6253,BPN,Balikpapan Sepinggan Airport,Batik Air,ID,B738,Boeing 737-8GP,PK-LDJ,Landed 15:42,2026-08-06 05:53:06
CGK,arrivals,2026-08-05,16:00,16:12,SV818,SVA818,JED,Jeddah King Abdulaziz International Airport,Saudia,SV,B77W,Boeing 777-368(ER),HZ-AK12,Landed 16:12,2026-08-06 05:53:06
CGK,arrivals,2026-08-05,16:00,17:16,SJ599,SJY599,UPG,Makassar Sultan Hasanuddin International Airport,Sriwijaya Air,SJ,B735,Boeing 737-524,PK-CLE,Landed 17:16,2026-08-06 05:53:06
CGK,arrivals,2026-08-05,16:00,15:50,ID6343,BTK6343,SRG,Semarang Achmad Yani International Airport,Batik Air,ID,A320,Airbus A320-214,PK-LUI,Landed 15:50,2026-08-06 05:53:06
CGK,arrivals,2026-08-05,16:05,16:02,SQ960,SIA960,SIN,Singapore Changi Airport,Singapore Airlines,SQ,A359,Airbus A350-941,9V-SHV,Landed 16:02,2026-08-06 05:53:06
CGK,arrivals,2026-08-05,16:05,15:55,ID6675,BTK6675,TRK,Tarakan Juwata International Airport,Batik Air (Book Cabin Sticker),ID,A320,Airbus A320-214,PK-LAF,Landed 15:55,2026-08-06 05:53:06
CGK,arrivals,2026-08-05,16:05,15:53,QG681,CTV681,DPS,Denpasar Ngurah Rai International Airport,Citilink,QG,A320,Airbus A320-214,PK-GQM,Landed 15:53,2026-08-06 05:53:06
CGK,arrivals,2026-08-05,16:05,16:33,ID6345,BTK6345,YIA,Yogyakarta International Airport,Batik Air,ID,A320,Airbus A320-214,PK-BKP,Landed 16:33,2026-08-06 05:53:06
CGK,arrivals,2026-08-05,16:10,17:30,IU687,SJV687,SKJ,Singkawang Airport,Super Air Jet,IU,A320,Airbus A320-232,PK-SJR,Landed 17:30,2026-08-06 05:53:06
CGK,arrivals,2026-08-05,16:10,15:51,IP323,PAS323,PKU,Pekanbaru Sultan Syarif Kasim II Airport,Pelita Air,IP,A320,Airbus A320-214,PK-PWP,Landed 15:51,2026-08-06 05:53:06
CGK,arrivals,2026-08-05,16:10,16:07,QG423,CTV423,AAP,Samarinda AP Tumenggung Pranoto Airport,Citilink,QG,A320,Airbus A320-214,PK-GQJ,Landed 16:07,2026-08-06 05:53:06
CGK,arrivals,2026-08-05,16:10,16:08,GA317,GIA317,SUB,Surabaya Juanda International Airport,Garuda Indonesia,GA,B738,Boeing 737-86N,PK-GFS,Landed 16:08,2026-08-06 05:53:06
CGK,arrivals,2026-08-05,16:15,16:19,8B154,TNU154,SIN,Singapore Changi Airport,TransNusa,8B,A320,Airbus A320-214,PK-TLD,Landed 16:19,2026-08-06 05:53:06
CGK,arrivals,2026-08-05,16:15,,JT1853,,UPG,Makassar Sultan Hasanuddin International Airport,Lion Air,JT,739,,,Unknown,2026-08-06 05:53:06
CGK,arrivals,2026-08-05,16:15,16:16,JT797,LNI797,UPG,Makassar Sultan Hasanuddin International Airport,Lion Air,JT,B738,Boeing 737-8GP,PK-LOI,Landed 16:16,2026-08-06 05:53:06
CGK,arrivals,2026-08-05,16:15,,JT175,,TKG,Bandar Lampung Radin Inten II Airport,Lion Air,JT,739,,,Canceled,2026-08-06 05:53:06
CGK,arrivals,2026-08-05,16:20,,JT1743,,UPG,Makassar Sultan Hasanuddin International Airport,Lion Air,JT,738,,,Unknown,2026-08-06 05:53:06
CGK,arrivals,2026-08-05,16:20,16:28,GA177,GIA177,PKU,Pekanbaru Sultan Syarif Kasim II Airport,Garuda Indonesia,GA,B738,Boeing 737-8U3,PK-GMV,Landed 16:28,2026-08-06 05:53:06
CGK,arrivals,2026-08-05,16:25,16:22,IU959,SJV959,DTB,Siborong-Borong Silangit Airport,Super Air Jet,IU,A320,Airbus A320-232,PK-SAW,Landed 16:22,2026-08-06 05:53:06
CGK,arrivals,2026-08-05,16:25,16:36,IP109,PAS109,DPS,Denpasar Ngurah Rai International Airport,Pelita Air,IP,A320,Airbus A320-214,PK-PWK,Landed 16:36,2026-08-06 05:53:06
CGK,arrivals,2026-08-05,16:30,,ID6862,,SOC,Surakarta Adisumarmo International Airport,Batik Air,ID,32A,,,Unknown,2026-08-06 05:53:06
CGK,arrivals,2026-08-05,16:30,17:13,IU855,SJV855,BTH,Batam Hang Nadim Airport,Super Air Jet,IU,A320,Airbus A320-232,PK-SJC,Landed 17:13,2026-08-06 05:53:06
CGK,arrivals,2026-08-05,16:30,16:05,IU351,SJV351,SMQ,Sampit Airport,Super Air Jet,IU,A320,Airbus A320-232,PK-SJF,Landed 16:05,2026-08-06 05:53:06
CGK,arrivals,2026-08-05,16:30,16:31,ID7367,BTK7367,SOC,Surakarta Adisumarmo International Airport,Batik Air,ID,A320,Airbus A320-232,PK-BKM,Landed 16:31,2026-08-06 05:53:06
CGK,arrivals,2026-08-05,16:30,16:28,GA713,GIA713,SYD,Sydney Kingsford Smith Airport,Garuda Indonesia (Pokémon Livery),GA,A333,Airbus A330-343,PK-GPY,Landed 16:28,2026-08-06 05:53:06
CGK,arrivals,2026-08-05,16:35,16:43,QZ205,AWQ205,KUL,Kuala Lumpur International Airport,AirAsia,AK,A320,Airbus A320-216,PK-AZO,Landed 16:43,2026-08-06 05:53:06
CGK,arrivals,2026-08-05,16:35,16:30,QG919,CTV919,KNO,Medan Kuala Namu International Airport,Citilink,QG,A320,Airbus A320-214,PK-GQA,Landed 16:30,2026-08-06 05:53:06
CGK,arrivals,2026-08-05,16:35,16:38,QG779,CTV779,YIA,Yogyakarta International Airport,Citilink,QG,A320,Airbus A320-214,PK-GQH,Landed 16:38,2026-08-06 05:53:06
CGK,arrivals,2026-08-05,16:40,16:23,QG213,CTV213,UPG,Makassar Sultan Hasanuddin International Airport,Citilink,QG,A20N,Airbus A320-251N,PK-GTC,Landed 16:23,2026-08-06 05:53:06
CGK,arrivals,2026-08-05,16:40,16:49,IU867,SJV867,PKU,Pekanbaru Sultan Syarif Kasim II Airport,Super Air Jet,IU,A320,Airbus A320-232,PK-SAL,Landed 16:49,2026-08-06 05:53:06
CGK,arrivals,2026-08-05,16:40,17:06,ID6565,BTK6565,MLG,Malang Abdul Rachman Saleh Airport,Batik Air,ID,A320,Airbus A320-214,PK-BKT,Landed 17:06,2026-08-06 05:53:06
CGK,arrivals,2026-08-05,16:45,,IU631,,BDJ,Banjarmasin Syamsudin Noor Airport,Super Air Jet,IU,320,,,Canceled,2026-08-06 05:53:06
CGK,arrivals,2026-08-05,16:45,16:33,GA833,GIA833,SIN,Singapore Changi Airport,Garuda Indonesia,GA,B738,Boeing 737-8U3,PK-GMI,Landed 16:33,2026-08-06 05:53:06
CGK,arrivals,2026-08-05,16:45,16:55,GA411,GIA411,DPS,Denpasar Ngurah Rai International Airport,Garuda Indonesia,GA,B738,Boeing 737-8U3,PK-GMA,Landed 16:55,2026-08-06 05:53:06
CGK,arrivals,2026-08-05,16:50,,IP243,,YIA,Yogyakarta International Airport,Pelita Air,IP,320,,,Unknown,2026-08-06 05:53:06
CGK,arrivals,2026-08-05,16:50,16:45,OD390,MXD390,KUL,Kuala Lumpur International Airport,Batik Air,ID,B738,Boeing 737-86N,9M-LDT,Landed 16:45,2026-08-06 05:53:06
CGK,arrivals,2026-08-05,16:50,16:25,GA245,GIA245,SRG,Semarang Achmad Yani International Airport,Garuda Indonesia,GA,B738,Boeing 737-86N,PK-GFU,Landed 16:25,2026-08-06 05:53:06
CGK,arrivals,2026-08-05,17:00,,SJ777,,TTE,Ternate Babullah Airport,Sriwijaya Air,SJ,735,,,Unknown,2026-08-06 05:53:06
CGK,arrivals,2026-08-05,17:00,,SJ185,,PNK,Pontianak Supadio Airport,Sriwijaya Air,SJ,735,,,Unknown,2026-08-06 05:53:06
CGK,arrivals,2026-08-05,17:00,17:09,QZ527,AWQ527,BKI,Kota Kinabalu International Airport,AirAsia (Colours of Indonesia Livery),AK,A320,Airbus A320-216,PK-AXD,Landed 17:09,2026-08-06 05:53:06
CGK,arrivals,2026-08-05,17:00,16:51,IU995,SJV995,BTJ,Banda Aceh International Airport,Super Air Jet,IU,A320,Airbus A320-232,PK-SJW,Landed 16:51,2026-08-06 05:53:06
CGK,arrivals,2026-08-05,17:00,18:57,IU927,SJV927,PLM,Palembang International Airport,Super Air Jet,IU,A320,Airbus A320-232,PK-SAV,Landed 18:57,2026-08-06 05:53:06
CGK,arrivals,2026-08-05,17:00,16:40,IP355,PAS355,PDG,Padang Minangkabau International Airport,Pelita Air,IP,A320,Airbus A320-214,PK-PWQ,Landed 16:40,2026-08-06 05:53:06
CGK,arrivals,2026-08-05,17:05,16:35,JL725,JAL725,NRT,Tokyo Narita International Airport,Japan Airlines,JL,B763,Boeing 767-346(ER),JA607J,Landed 16:35,2026-08-06 05:53:06
CGK,arrivals,2026-08-05,17:05,17:02,QG967,CTV967,DJB,Jambi Sultan Thaha Airport,Citilink,QG,A320,Airbus A320-214,PK-GLM,Landed 17:02,2026-08-06 05:53:06
CGK,arrivals,2026-08-05,17:05,17:11,ID7150,BTK7150,SIN,Singapore Changi Airport,Batik Air,ID,A320,Airbus A320-232,PK-BKR,Landed 17:11,2026-08-06 05:53:06
CGK,arrivals,2026-08-05,17:05,16:51,GA601,GIA601,MDC,Manado Sam Ratulangi International Airport,Garuda Indonesia,GA,B738,Boeing 737-8U3,PK-GMM,Landed 16:51,2026-08-06 05:53:06
CGK,arrivals,2026-08-05,17:05,16:57,GA113,GIA113,PLM,Palembang International Airport,Garuda Indonesia,GA,B738,Boeing 737-8SH,PK-GUE,Landed 16:57,2026-08-06 05:53:06
CGK,arrivals,2026-08-05,17:10,16:54,SQ962,SIA962,SIN,Singapore Changi Airport,Singapore Airlines,SQ,A359,Airbus A350-941,9V-SMZ,Landed 16:54,2026-08-06 05:53:06
CGK,arrivals,2026-08-05,17:10,17:35,IP143,PAS143,LOP,Lombok International Airport,Pelita Air,IP,A320,Airbus A320-214,PK-PWO,Landed 17:35,2026-08-06 05:53:06
CGK,arrivals,2026-08-05,17:10,17:00,ID7108,BTK7108,PDG,Padang Minangkabau International Airport,Batik Air,ID,B738,Boeing 737-8GP,PK-LDK,Landed 17:00,2026-08-06 05:53:06
CGK,arrivals,2026-08-05,17:10,17:05,ID6815,BTK6815,BKS,Bengkulu Fatmawati Soekarno Airport,Batik Air,ID,A320,Airbus A320-214,PK-LUJ,Landed 17:05,2026-08-06 05:53:06
CGK,arrivals,2026-08-05,17:15,17:38,ID6821,BTK6821,LLJ,Lubuklinggau Silampari Airport,Batik Air,ID,A320,Airbus A320-214,PK-LAI,Landed 17:38,2026-08-06 05:53:06
CGK,arrivals,2026-08-05,17:15,16:58,QG717,CTV717,SUB,Surabaya Juanda International Airport,Citilink,QG,A20N,Airbus A320-251N,PK-GTF,Landed 16:58,2026-08-06 05:53:06
CGK,arrivals,2026-08-05,17:15,17:02,GA221,GIA221,SOC,Surakarta Adisumarmo International Airport,Garuda Indonesia,GA,B738,Boeing 737-81D,PK-GFR,Landed 17:02,2026-08-06 05:53:06
CGK,arrivals,2026-08-05,17:20,,JT939,,UPG,Makassar Sultan Hasanuddin International Airport,Lion Air,JT,738,,,Unknown,2026-08-06 05:53:06
CGK,arrivals,2026-08-05,17:20,17:41,QZ861,AWQ861,LBJ,Labuan Bajo Komodo Airport,AirAsia,AK,A320,Airbus A320-216,PK-AZL,Landed 17:41,2026-08-06 05:53:06
CGK,arrivals,2026-08-05,17:20,17:24,IU841,SJV841,DJB,Jambi Sultan Thaha Airport,Super Air Jet,IU,A320,Airbus A320-232,PK-SJS,Landed 17:24,2026-08-06 05:53:06
CGK,arrivals,2026-08-05,17:20,17:08,GA159,GIA159,BTH,Batam Hang Nadim Airport,Garuda Indonesia,GA,B738,Boeing 737-8U3,PK-GNA,Landed 17:08,2026-08-06 05:53:06
CGK,arrivals,2026-08-05,17:30,,JT373,,BTH,Batam Hang Nadim Airport,Lion Air,JT,739,,,Unknown,2026-08-06 05:53:06
CGK,arrivals,2026-08-05,17:35,17:15,TK56,THY056,IST,Istanbul Airport,Turkish Airlines,TK,A359,Airbus A350-941,TC-LGM,Landed 17:15,2026-08-06 05:53:03
CGK,arrivals,2026-08-05,17:35,17:20,MH723,MAS723,KUL,Kuala Lumpur International Airport,Malaysia Airlines,MH,B38M,Boeing 737 MAX 8,9M-MVR,Landed 17:20,2026-08-06 05:53:03
CGK,arrivals,2026-08-05,17:35,19:28,IU811,SJV811,PDG,Padang Minangkabau International Airport,Super Air Jet,IU,A320,Airbus A320-232,PK-SJH,Landed 19:28,2026-08-06 05:53:03
CGK,arrivals,2026-08-05,17:35,17:13,GA875,GIA875,HND,Tokyo Haneda International Airport,Garuda Indonesia,GA,A333,Airbus A330-343,PK-GPW,Landed 17:13,2026-08-06 05:53:03
CGK,arrivals,2026-08-05,17:35,17:18,GA189,GIA189,KNO,Medan Kuala Namu International Airport,Garuda Indonesia,GA,B738,Boeing 737-8SA,PK-GUI,Landed 17:18,2026-08-06 05:53:06
CGK,arrivals,2026-08-05,17:40,17:32,ID7630,BTK7630,DMK,Bangkok Don Mueang International Airport,Batik Air,ID,A320,Airbus A320-214,PK-LAW,Landed 17:32,2026-08-06 05:53:03
CGK,arrivals,2026-08-05,17:40,,QG415,,PNK,Pontianak Supadio Airport,Citilink,QG,320,,,Canceled,2026-08-06 05:53:03
CGK,arrivals,2026-08-05,17:40,18:04,ID6205,BTK6205,PKN,Pangkalan Bun Iskandar Airport,Batik Air,ID,A320,Airbus A320-233,PK-BKG,Landed 18:04,2026-08-06 05:53:03
CGK,arrivals,2026-08-05,17:40,17:26,GA647,GIA647,AMQ,Ambon Pattimura Airport,Garuda Indonesia,GA,B738,Boeing 737-8U3,PK-GFP,Landed 17:26,2026-08-06 05:53:03
CGK,arrivals,2026-08-05,17:45,,IN291,,PKN,Pangkalan Bun Iskandar Airport,Nam Air,IN,735,,,Unknown,2026-08-06 05:53:03
CGK,arrivals,2026-08-05,17:45,18:01,QG993,CTV993,TKG,Bandar Lampung Radin Inten II Airport,Citilink,QG,A320,Airbus A320-214,PK-GLI,Landed 18:01,2026-08-06 05:53:03
CGK,arrivals,2026-08-05,17:45,18:00,GA537,GIA537,BDJ,Banjarmasin Syamsudin Noor Airport,Garuda Indonesia (Pokémon Livery),GA,B738,Boeing 737-8U3,PK-GMU,Landed 18:00,2026-08-06 05:53:03
CGK,arrivals,2026-08-05,17:50,17:39,QG793,CTV793,SRG,Semarang Achmad Yani International Airport,Citilink,QG,A320,Airbus A320-214,PK-GLQ,Landed 17:39,2026-08-06 05:53:03
CGK,arrivals,2026-08-05,17:55,17:57,ID6401,BTK6401,SUB,Surabaya Juanda International Airport,Batik Air,ID,A320,Airbus A320-214,PK-BKQ,Landed 17:57,2026-08-06 05:53:03
CGK,arrivals,2026-08-05,17:55,17:48,TG435,THA435,BKK,Bangkok Suvarnabhumi Airport,Thai Airways,TG,A359,Airbus A350-941,HS-THX,Landed 17:48,2026-08-06 05:53:03
CGK,arrivals,2026-08-05,17:55,18:43,ID6855,BTK6855,PKU,Pekanbaru Sultan Syarif Kasim II Airport,Batik Air,ID,A320,Airbus A320-232,PK-BKL,Landed 18:43,2026-08-06 05:53:03
CGK,arrivals,2026-08-05,17:55,17:45,GA867,GIA867,BKK,Bangkok Suvarnabhumi Airport,Garuda Indonesia,GA,B738,Boeing 737-8U3,PK-GMD,Landed 17:45,2026-08-06 05:53:03
CGK,arrivals,2026-08-05,18:00,17:58,8B678,TNU678,KUL,Kuala Lumpur International Airport,TransNusa,8B,A321,Airbus A321-211,PK-TLG,Landed 17:58,2026-08-06 05:53:03
CGK,arrivals,2026-08-05,18:00,17:41,IP303,PAS303,KNO,Medan Kuala Namu International Airport,Pelita Air,IP,A320,Airbus A320-214,PK-PWD,Landed 17:41,2026-08-06 05:53:03
CGK,arrivals,2026-08-05,18:00,,IN91,,BUU,Muara Bungo Airport,Nam Air,IN,735,,,Unknown,2026-08-06 05:53:03
CGK,arrivals,2026-08-05,18:05,21:12,IN191,LKN191,PKN,Pangkalan Bun Iskandar Airport,NAM Air,IN,B735,Boeing 737-524,PK-NAS,Landed 21:12,2026-08-06 05:53:03
CGK,arrivals,2026-08-05,18:05,,ID6771,,UPG,Makassar Sultan Hasanuddin International Airport,Batik Air,ID,32A,,,Unknown,2026-08-06 05:53:03
CGK,arrivals,2026-08-05,18:05,,ID6295,,UPG,Makassar Sultan Hasanuddin International Airport,Batik Air,ID,32A,,,Unknown,2026-08-06 05:53:03
CGK,arrivals,2026-08-05,18:05,18:27,ID6143,BTK6143,UPG,Makassar Sultan Hasanuddin International Airport,Batik Air,ID,A320,Airbus A320-232,PK-BLA,Landed 18:27,2026-08-06 05:53:03
CGK,arrivals,2026-08-05,18:10,,SJ77,,PGK,Pangkal Pinang Depati Amir Airport,Sriwijaya Air,SJ,735,,,Unknown,2026-08-06 05:53:03
CGK,arrivals,2026-08-05,18:10,,JT941,,UPG,Makassar Sultan Hasanuddin International Airport,Lion Air,JT,738,,,Unknown,2026-08-06 05:53:03
CGK,arrivals,2026-08-05,18:10,,JT793,,UPG,Makassar Sultan Hasanuddin International Airport,Lion Air,JT,739,,,Unknown,2026-08-06 05:53:03
CGK,arrivals,2026-08-05,18:10,18:18,IU767,SJV767,LOP,Lombok International Airport,Super Air Jet,IU,A320,Airbus A320-232,PK-STG,Landed 18:18,2026-08-06 05:53:03
CGK,arrivals,2026-08-05,18:10,18:17,QG969,CTV969,BTH,Batam Hang Nadim Airport,Citilink Garuda Indonesia,QG,A320,Airbus A320-214,PK-GQT,Landed 18:17,2026-08-06 05:53:03
CGK,arrivals,2026-08-05,18:10,18:11,JT23,LNI023,DPS,Denpasar Ngurah Rai International Airport,Lion Air,JT,B738,Boeing 737-8GP,PK-LJQ,Landed 18:11,2026-08-06 05:53:03
CGK,arrivals,2026-08-05,18:15,,SJ5811,,UPG,Makassar Sultan Hasanuddin International Airport,Sriwijaya Air,SJ,735,,,Unknown,2026-08-06 05:53:03
CGK,arrivals,2026-08-05,18:15,17:55,SQ964,SIA964,SIN,Singapore Changi Airport,Singapore Airlines,SQ,B77W,Boeing 777-312(ER),9V-SWT,Landed 17:55,2026-08-06 05:53:03
CGK,arrivals,2026-08-05,18:15,,JT881,,UPG,Makassar Sultan Hasanuddin International Airport,Lion Air,JT,738,,,Unknown,2026-08-06 05:53:03
CGK,arrivals,2026-08-05,18:15,18:11,QG959,CTV959,PDG,Padang Minangkabau International Airport,Citilink (Tiket.com Livery),QG,A320,Airbus A320-214,PK-GLW,Landed 18:11,2026-08-06 05:53:03
CGK,arrivals,2026-08-05,18:15,,JT347,,PLM,Palembang International Airport,Lion Air,JT,738,,,Canceled,2026-08-06 05:53:03
CGK,arrivals,2026-08-05,18:15,17:54,GA213,GIA213,YIA,Yogyakarta International Airport,Garuda Indonesia,GA,B738,Boeing 737-8U3,PK-GUG,Landed 17:54,2026-08-06 05:53:03
CGK,arrivals,2026-08-05,18:20,18:07,IU819,SJV819,PGK,Pangkal Pinang Depati Amir Airport,Super Air Jet,IU,A320,Airbus A320-232,PK-SJA,Landed 18:07,2026-08-06 05:53:03
CGK,arrivals,2026-08-05,18:20,18:04,AK386,AXM386,KUL,Kuala Lumpur International Airport,AirAsia,AK,A320,Airbus A320-216,9M-AGP,Landed 18:04,2026-08-06 05:53:03
CGK,arrivals,2026-08-05,18:20,18:21,9C7341,CQH7341,SZX,Shenzhen Bao'an International Airport,Spring Airlines,9C,A20N,Airbus A320-251N,B-32D6,Landed 18:21,2026-08-06 05:53:03
CGK,arrivals,2026-08-05,18:25,18:34,QG647,CTV647,LOP,Lombok International Airport,Citilink,QG,A320,Airbus A320-214,PK-GLR,Landed 18:34,2026-08-06 05:53:03
CGK,arrivals,2026-08-05,18:25,18:36,IU723,SJV723,LBJ,Labuan Bajo Komodo Airport,Super Air Jet (Our Super 50th Jet Livery),IU,A320,Airbus A320-232,PK-STQ,Landed 18:36,2026-08-06 05:53:03
CGK,arrivals,2026-08-05,18:25,18:15,GA419,GIA419,DPS,Denpasar Ngurah Rai International Airport,Garuda Indonesia (Livin' by Mandiri Livery),GA,B738,Boeing 737-86N,PK-GFI,Landed 18:15,2026-08-06 05:53:03
CGK,arrivals,2026-08-05,18:30,,JT695,,SUB,Surabaya Juanda International Airport,Lion Air,JT,739,,,Unknown,2026-08-06 05:53:03
CGK,arrivals,2026-08-05,18:30,,JT581,,SUB,Surabaya Juanda International Airport,Lion Air,JT,738,,,Unknown,2026-08-06 05:53:03
CGK,arrivals,2026-08-05,18:30,18:24,IP107,PAS107,DPS,Denpasar Ngurah Rai International Airport,Pelita Air,IP,A320,Airbus A320-214,PK-PWE,Landed 18:24,2026-08-06 05:53:03
CGK,arrivals,2026-08-05,18:35,19:05,JT309,LNI309,KNO,Medan Kuala Namu International Airport,Lion Air,JT,B738,Boeing 737-8GP,PK-LPK,Landed 19:05,2026-08-06 05:53:03
CGK,arrivals,2026-08-05,18:40,,RI101,,BTH,Batam Hang Nadim Airport,Rimbun Air,RI,73Y,,,Unknown,2026-08-06 05:53:03
CGK,arrivals,2026-08-05,18:40,,GA315,,SUB,Surabaya Juanda International Airport,Garuda Indonesia,GA,738,,,Canceled,2026-08-06 05:53:03
CGK,arrivals,2026-08-05,18:40,18:46,GA147,GIA147,BTJ,Banda Aceh International Airport,Garuda Indonesia,GA,B738,Boeing 737-8U3,PK-GUF,Landed 18:46,2026-08-06 05:53:03
CGK,arrivals,2026-08-05,18:45,,8B5166,,LOP,Lombok International Airport,TransNusa,8B,320,,,Unknown,2026-08-06 05:53:03
CGK,arrivals,2026-08-05,18:45,18:36,IU609,SJV609,BPN,Balikpapan Sepinggan Airport,Super Air Jet,IU,A320,Airbus A320-232,PK-STS,Landed 18:36,2026-08-06 05:53:03
CGK,arrivals,2026-08-05,18:45,02:05,IN583,LKN583,UPG,Makassar Sultan Hasanuddin International Airport,Nam Air,IN,B735,Boeing 737-524,PK-NAQ,Landed 02:05,2026-08-06 05:53:03
CGK,arrivals,2026-08-05,18:45,18:47,ID7040,BTK7040,SOC,Surakarta Adisumarmo International Airport,Batik Air,ID,A320,Airbus A320-214,PK-LUR,Landed 18:47,2026-08-06 05:53:03
CGK,arrivals,2026-08-05,18:45,18:31,ID6677,BTK6677,AAP,Samarinda AP Tumenggung Pranoto Airport,Batik Air,ID,A320,Airbus A320-214,PK-LAZ,Landed 18:31,2026-08-06 05:53:03
CGK,arrivals,2026-08-05,18:50,,RI185,,PDG,Padang Minangkabau International Airport,Rimbun Air,RI,73Y,,,Unknown,2026-08-06 05:53:03
CGK,arrivals,2026-08-05,18:50,19:32,QZ821,AWQ821,DPS,Denpasar Ngurah Rai International Airport,AirAsia,AK,A320,Airbus A320-216,PK-AZF,Landed 19:32,2026-08-06 05:53:03
CGK,arrivals,2026-08-05,18:50,18:49,QG965,CTV965,DJB,Jambi Sultan Thaha Airport,Citilink,QG,A320,Airbus A320-214,PK-GQK,Landed 18:49,2026-08-06 05:53:03
CGK,arrivals,2026-08-05,18:55,18:49,8B5533,TNU5533,YIA,Yogyakarta International Airport,TransNusa,8B,A321,Airbus A321-211,PK-TLM,Landed 18:49,2026-08-06 05:53:03
CGK,arrivals,2026-08-05,18:55,18:40,QG917,CTV917,KNO,Medan Kuala Namu International Airport,Citilink,QG,A320,Airbus A320-214,PK-GQN,Landed 18:40,2026-08-06 05:53:03
CGK,arrivals,2026-08-05,18:55,20:47,GA509,GIA509,PNK,Pontianak Supadio Airport,Garuda Indonesia,GA,B738,Boeing 737-8SA,PK-GUH,Landed 20:47,2026-08-06 05:53:03
CGK,arrivals,2026-08-05,19:00,,IU259,,KDI,Kendari Haluoleo Airport,Super Air Jet,IU,320,,,Unknown,2026-08-06 05:53:03
CGK,arrivals,2026-08-05,19:00,19:30,QG341,CTV341,UPG,Makassar Sultan Hasanuddin International Airport,Citilink,QG,A320,Airbus A320-214,PK-GLN,Landed 19:30,2026-08-06 05:53:03
CGK,arrivals,2026-08-05,19:00,19:21,QF41,QFA041,SYD,Sydney Kingsford Smith Airport,Qantas,QF,A332,Airbus A330-202,VH-EBD,Landed 19:21,2026-08-06 05:53:03
CGK,arrivals,2026-08-05,19:00,18:59,ID7579,BTK7579,SUB,Surabaya Juanda International Airport,Batik Air,ID,A320,Airbus A320-214,PK-BLD,Landed 18:59,2026-08-06 05:53:03
CGK,arrivals,2026-08-05,19:00,18:26,GA823,GIA823,SIN,Singapore Changi Airport,Garuda Indonesia,GA,B738,Boeing 737-8U3,PK-GFW,Landed 18:26,2026-08-06 05:53:03
CGK,arrivals,2026-08-05,19:05,18:54,MH725,MAS725,KUL,Kuala Lumpur International Airport,Malaysia Airlines,MH,B738,Boeing 737-8H6,9M-MXO,Landed 18:54,2026-08-06 05:53:03
CGK,arrivals,2026-08-05,19:10,19:07,IN281,LKN281,DPS,Denpasar Ngurah Rai International Airport,Nam Air,IN,B735,Boeing 737-524,PK-NAT,Landed 19:07,2026-08-06 05:53:03
CGK,arrivals,2026-08-05,19:10,19:01,QZ475,AWQ475,KTI,Phnom Penh Techo International Airport,AirAsia,AK,A320,Airbus A320-216,PK-AXT,Landed 19:01,2026-08-06 05:53:03
CGK,arrivals,2026-08-05,19:10,18:51,QG493,CTV493,BDJ,Banjarmasin Syamsudin Noor Airport,Citilink,QG,A320,Airbus A320-214,PK-GLX,Landed 18:51,2026-08-06 05:53:03
CGK,arrivals,2026-08-05,19:10,19:27,ID6281,BTK6281,MDC,Manado Sam Ratulangi International Airport,Batik Air,ID,B738,Boeing 737-86N,PK-BGZ,Landed 19:27,2026-08-06 05:53:03
CGK,arrivals,2026-08-05,19:10,19:11,GA165,GIA165,PDG,Padang Minangkabau International Airport,Garuda Indonesia,GA,B738,Boeing 737-8U3,PK-GNH,Landed 19:11,2026-08-06 05:53:03
CGK,arrivals,2026-08-05,19:15,19:40,TR278,TGW278,SIN,Singapore Changi Airport,Scoot,TR,A320,Airbus A320-232,9V-TRU,Landed 19:40,2026-08-06 05:53:03
CGK,arrivals,2026-08-05,19:15,,ID6261,,UPG,Makassar Sultan Hasanuddin International Airport,Batik Air,ID,32A,,,Unknown,2026-08-06 05:53:03
CGK,arrivals,2026-08-05,19:15,19:15,QF39,QFA039,MEL,Melbourne Airport,Qantas,QF,A332,Airbus A330-203,VH-EBL,Landed 19:15,2026-08-06 05:53:03
CGK,arrivals,2026-08-05,19:15,,IU901,,PDG,Padang Minangkabau International Airport,Super Air Jet,IU,320,,,Unknown,2026-08-06 05:53:03
CGK,arrivals,2026-08-05,19:15,19:05,ID6293,BTK6293,UPG,Makassar Sultan Hasanuddin International Airport,Batik Air,ID,A320,Airbus A320-214,PK-LUU,Landed 19:05,2026-08-06 05:53:03
CGK,arrivals,2026-08-05,19:20,19:08,SQ966,SIA966,SIN,Singapore Changi Airport,Singapore Airlines,SQ,A359,Airbus A350-941,9V-SHJ,Landed 19:08,2026-08-06 05:53:03
CGK,arrivals,2026-08-05,19:20,19:03,GA237,GIA237,SRG,Semarang Achmad Yani International Airport,Garuda Indonesia,GA,B738,Boeing 737-8U3,PK-GMY,Landed 19:03,2026-08-06 05:53:03
CGK,arrivals,2026-08-05,19:25,,JT213,,KNO,Medan Kuala Namu International Airport,Lion Air,JT,739,,,Unknown,2026-08-06 05:53:03
CGK,arrivals,2026-08-05,19:25,19:19,ID6353,BTK6353,SRG,Semarang Achmad Yani International Airport,Batik Air,ID,A320,Airbus A320-232,PK-BKJ,Landed 19:19,2026-08-06 05:53:03
CGK,arrivals,2026-08-05,19:25,19:33,GA121,GIA121,KNO,Medan Kuala Namu International Airport,Garuda Indonesia,GA,B738,Boeing 737-8BK,PK-GFG,Landed 19:33,2026-08-06 05:53:03
CGK,arrivals,2026-08-05,19:30,19:20,IU859,SJV859,BTH,Batam Hang Nadim Airport,Super Air Jet,IU,A320,Airbus A320-232,PK-SAH,Landed 19:20,2026-08-06 05:53:03
CGK,arrivals,2026-08-05,19:30,19:17,QZ177,AWQ177,TKG,Bandar Lampung Radin Inten II Airport,AirAsia,AK,A320,Airbus A320-214,PK-AZA,Landed 19:17,2026-08-06 05:53:03
CGK,arrivals,2026-08-05,19:30,19:14,QG765,CTV765,SOC,Surakarta Adisumarmo International Airport,Citilink,QG,A320,Airbus A320-214,PK-GQG,Landed 19:14,2026-08-06 05:53:03
CGK,arrivals,2026-08-05,19:30,19:12,GA417,GIA417,DPS,Denpasar Ngurah Rai International Airport,Garuda Indonesia (Retro 1960 Livery),GA,B738,Boeing 737-8U3,PK-GFM,Landed 19:12,2026-08-06 05:53:03
CGK,arrivals,2026-08-05,19:30,,GA157,,BTH,Batam Hang Nadim Airport,Garuda Indonesia,GA,738,,,Canceled,2026-08-06 05:53:03
CGK,arrivals,2026-08-05,19:35,,IU847,,DJB,Jambi Sultan Thaha Airport,Super Air Jet,IU,320,,,Unknown,2026-08-06 05:53:03
CGK,arrivals,2026-08-05,19:35,,GA119,,PLM,Palembang International Airport,Garuda Indonesia,GA,738,,,Canceled,2026-08-06 05:53:03
CGK,arrivals,2026-08-05,19:40,19:13,CX719,CPA719,HKG,Hong Kong International Airport,Cathay Pacific,CX,B773,Boeing 777-31H,B-HNV,Landed 19:13,2026-08-06 05:53:03
CGK,arrivals,2026-08-05,19:40,19:50,GA313,GIA313,SUB,Surabaya Juanda International Airport,Garuda Indonesia,GA,B738,Boeing 737-8U3,PK-GFF,Landed 19:50,2026-08-06 05:53:03
CGK,arrivals,2026-08-05,19:40,,GA179,,PKU,Pekanbaru Sultan Syarif Kasim II Airport,Garuda Indonesia,GA,738,,,Canceled,2026-08-06 05:53:03
CGK,arrivals,2026-08-05,19:45,19:25,GA203,GIA203,YIA,Yogyakarta International Airport,Garuda Indonesia,GA,B738,Boeing 737-8U3,PK-GMC,Landed 19:25,2026-08-06 05:53:03
CGK,arrivals,2026-08-05,19:50,,IU903,,PDG,Padang Minangkabau International Airport,Super Air Jet,IU,320,,,Unknown,2026-08-06 05:53:03
CGK,arrivals,2026-08-05,19:50,19:56,ID6235,BTK6235,UPG,Makassar Sultan Hasanuddin International Airport,Batik Air,ID,B738,Boeing 737-8GP,PK-LBW,Landed 19:56,2026-08-06 05:53:03
CGK,arrivals,2026-08-05,19:55,,ID6555,,UPG,Makassar Sultan Hasanuddin International Airport,Batik Air,ID,32A,,,Unknown,2026-08-06 05:53:03
CGK,arrivals,2026-08-05,20:00,19:40,IP207,PAS207,SUB,Surabaya Juanda International Airport,Pelita Air,IP,A320,Airbus A320-214,PK-PWJ,Landed 19:40,2026-08-06 05:53:03
CGK,arrivals,2026-08-05,20:00,19:58,SL116,TLM116,DMK,Bangkok Don Mueang International Airport,Thai Lion Air,SL,B738,Boeing 737-8GP,HS-LGR,Landed 19:58,2026-08-06 05:53:03
CGK,arrivals,2026-08-05,20:00,19:37,QG979,CTV979,KNO,Medan Kuala Namu International Airport,Citilink,QG,A320,Airbus A320-214,PK-GLY,Landed 19:37,2026-08-06 05:53:03
CGK,arrivals,2026-08-05,20:00,19:44,QG689,CTV689,DPS,Denpasar Ngurah Rai International Airport,Citilink,QG,A20N,Airbus A320-251N,PK-GTA,Landed 19:44,2026-08-06 05:53:03
CGK,arrivals,2026-08-05,20:00,,IU911,,PKU,Pekanbaru Sultan Syarif Kasim II Airport,Super Air Jet,IU,320,,,Unknown,2026-08-06 05:53:03
CGK,arrivals,2026-08-05,20:05,20:36,ID6213,BTK6213,BDJ,Banjarmasin Syamsudin Noor Airport,Batik Air,ID,A320,Airbus A320-214,PK-LUP,Landed 20:36,2026-08-06 05:52:59
CGK,arrivals,2026-08-05,20:05,20:02,GA575,GIA575,BPN,Balikpapan Sepinggan Airport,Garuda Indonesia (Ayo Pakai Masker Livery),GA,B738,Boeing 737-81D,PK-GFQ,Landed 20:02,2026-08-06 05:52:59
CGK,arrivals,2026-08-05,20:10,20:09,TW155,TWB155,ICN,Seoul Incheon International Airport,T'Way Air,TW,A333,Airbus A330-343,HL8502,Landed 20:09,2026-08-06 05:52:59
CGK,arrivals,2026-08-05,20:10,19:51,OZ761,AAR761,ICN,Seoul Incheon International Airport,Asiana Airlines,OZ,A359,Airbus A350-941,HL8521,Landed 19:51,2026-08-06 05:52:59
CGK,arrivals,2026-08-05,20:10,19:55,IP325,PAS325,PKU,Pekanbaru Sultan Syarif Kasim II Airport,Pelita Air,IP,A320,Airbus A320-214,PK-PWH,Landed 19:55,2026-08-06 05:52:59
CGK,arrivals,2026-08-05,20:15,20:39,IU701,SJV701,PNK,Pontianak Supadio Airport,Super Air Jet,IU,A320,Airbus A320-232,PK-SJI,Landed 20:39,2026-08-06 05:52:59
CGK,arrivals,2026-08-05,20:20,20:18,QG727,CTV727,SUB,Surabaya Juanda International Airport,Citilink,QG,A320,Airbus A320-214,PK-GQP,Landed 20:18,2026-08-06 05:52:59
CGK,arrivals,2026-08-05,20:20,19:43,AK353,AXM353,KUL,Kuala Lumpur International Airport,AirAsia (Allstars Livery),AK,A320,Airbus A320-214,9M-AFD,Landed 19:43,2026-08-06 05:52:59
CGK,arrivals,2026-08-05,20:25,21:01,QG481,CTV481,BDJ,Banjarmasin Syamsudin Noor Airport,Citilink,QG,A20N,Airbus A320-251N,PK-GTG,Landed 21:01,2026-08-06 05:52:59
CGK,arrivals,2026-08-05,20:25,20:50,ID6887,BTK6887,KNO,Medan Kuala Namu International Airport,Batik Air,ID,A320,Airbus A320-214,PK-LUY,Landed 20:50,2026-08-06 05:52:59
CGK,arrivals,2026-08-05,20:30,21:34,JT257,LNI257,PDG,Padang Minangkabau International Airport,Lion Air,JT,B739,Boeing 737-9GP(ER),PK-LSJ,Landed 21:34,2026-08-06 05:52:59
CGK,arrivals,2026-08-05,20:35,,RI361,,KDI,Kendari Haluoleo Airport,Rimbun Air,RI,73Y,,,Unknown,2026-08-06 05:52:59
CGK,arrivals,2026-08-05,20:35,20:14,GA325,GIA325,SUB,Surabaya Juanda International Airport,Garuda Indonesia,GA,B738,Boeing 737-8H6,PK-GUL,Landed 20:14,2026-08-06 05:52:59
CGK,arrivals,2026-08-05,20:40,20:25,IP357,PAS357,PDG,Padang Minangkabau International Airport,Pelita Air,IP,A320,Airbus A320-216,PK-PWN,Landed 20:25,2026-08-06 05:52:59
CGK,arrivals,2026-08-05,20:40,,JT703,,UPG,Makassar Sultan Hasanuddin International Airport,Lion Air,JT,738,,,Unknown,2026-08-06 05:52:59
CGK,arrivals,2026-08-05,20:45,,IU605,,BPN,Balikpapan Sepinggan Airport,Super Air Jet,IU,320,,,Unknown,2026-08-06 05:52:59
CGK,arrivals,2026-08-05,20:45,20:56,ID6575,BTK6575,SUB,Surabaya Juanda International Airport,Batik Air,ID,A320,Airbus A320-232,PK-BKM,Landed 20:56,2026-08-06 05:52:59
CGK,arrivals,2026-08-05,20:45,20:20,GA837,GIA837,SIN,Singapore Changi Airport,Garuda Indonesia,GA,B738,Boeing 737-86N,PK-GFJ,Landed 20:20,2026-08-06 05:52:59
CGK,arrivals,2026-08-05,20:50,20:43,IP307,PAS307,KNO,Medan Kuala Namu International Airport,Pelita Air,IP,A320,Airbus A320-214,PK-PWG,Landed 20:43,2026-08-06 05:52:59
CGK,arrivals,2026-08-05,20:50,,SJ225,,YIA,Yogyakarta International Airport,Sriwijaya Air,SJ,735,,,Unknown,2026-08-06 05:52:59
CGK,arrivals,2026-08-05,20:55,21:14,QG513,CTV513,DMK,Bangkok Don Mueang International Airport,Citilink,QG,A320,Airbus A320-214,PK-GQQ,Landed 21:14,2026-08-06 05:52:59
CGK,arrivals,2026-08-05,20:55,21:24,JT391,LNI391,PKU,Pekanbaru Sultan Syarif Kasim II Airport,Lion Air,JT,B739,Boeing 737-9GP(ER),PK-LQS,Landed 21:24,2026-08-06 05:52:59
CGK,arrivals,2026-08-05,20:55,21:03,GA421,GIA421,DPS,Denpasar Ngurah Rai International Airport,Garuda Indonesia,GA,B738,Boeing 737-8U3,PK-GFD,Landed 21:03,2026-08-06 05:52:59
CGK,arrivals,2026-08-05,21:00,,RI161,,BTJ,Banda Aceh International Airport,Rimbun Air,RI,73Y,,,Unknown,2026-08-06 05:52:59
CGK,arrivals,2026-08-05,21:00,,JT685,,PNK,Pontianak Supadio Airport,Lion Air,JT,738,,,Unknown,2026-08-06 05:52:59
CGK,arrivals,2026-08-05,21:00,20:34,IP315,PAS315,PLM,Palembang International Airport,Pelita Air,IP,A320,Airbus A320-214,PK-PWQ,Landed 20:34,2026-08-06 05:52:59
CGK,arrivals,2026-08-05,21:05,21:07,QG955,CTV955,PDG,Padang Minangkabau International Airport,Citilink,QG,A320,Airbus A320-214,PK-GQJ,Landed 21:07,2026-08-06 05:52:59
CGK,arrivals,2026-08-05,21:05,,JT371,,BTH,Batam Hang Nadim Airport,Lion Air,JT,7M9,,,Unknown,2026-08-06 05:52:59
CGK,arrivals,2026-08-05,21:10,21:15,ID6371,BTK6371,YIA,Yogyakarta International Airport,Batik Air,ID,A320,Airbus A320-214,PK-BLC,Landed 21:15,2026-08-06 05:52:59
CGK,arrivals,2026-08-05,21:10,20:57,QG983,CTV983,PLM,Palembang International Airport,Citilink,QG,A320,Airbus A320-214,PK-GQA,Landed 20:57,2026-08-06 05:52:59
CGK,arrivals,2026-08-05,21:10,21:08,QG667,CTV667,DPS,Denpasar Ngurah Rai International Airport,Citilink,QG,A320,Airbus A320-214,PK-GLT,Landed 21:08,2026-08-06 05:52:59
CGK,arrivals,2026-08-05,21:15,21:31,8B698,TNU698,SZB,Kuala Lumpur Subang Airport,TransNusa,8B,A320,Airbus A320-214,PK-TLO,Landed 21:31,2026-08-06 05:52:59
CGK,arrivals,2026-08-05,21:20,21:04,QG945,CTV945,BTH,Batam Hang Nadim Airport,Citilink,QG,A20N,Airbus A320-251N,PK-GTC,Landed 21:04,2026-08-06 05:52:59
CGK,arrivals,2026-08-05,21:20,21:21,QG887,CTV887,KNO,Medan Kuala Namu International Airport,Citilink,QG,A320,Airbus A320-214,PK-GLP,Landed 21:21,2026-08-06 05:52:59
CGK,arrivals,2026-08-05,21:25,21:42,JT383,LNI383,KNO,Medan Kuala Namu International Airport,Lion Air,JT,B39M,Boeing 737 MAX 9,PK-LRH,Landed 21:42,2026-08-06 05:52:59
CGK,arrivals,2026-08-05,21:25,21:12,TR272,TGW272,SIN,Singapore Changi Airport,Scoot,TR,A320,Airbus A320-232,9V-TRP,Landed 21:12,2026-08-06 05:52:59
CGK,arrivals,2026-08-05,21:25,20:59,GA615,GIA615,UPG,Makassar Sultan Hasanuddin International Airport,Garuda Indonesia,GA,B738,Boeing 737-8U3,PK-GMP,Landed 20:59,2026-08-06 05:52:59
CGK,arrivals,2026-08-05,21:30,,IU905,,PDG,Padang Minangkabau International Airport,Super Air Jet,IU,320,,,Unknown,2026-08-06 05:52:59
CGK,arrivals,2026-08-05,21:30,21:28,IP809,PAS809,UPG,Makassar Sultan Hasanuddin International Airport,Pelita Air,IP,A320,Airbus A320-214,PK-PWC,Landed 21:28,2026-08-06 05:52:59
CGK,arrivals,2026-08-05,21:35,21:19,QG799,CTV799,SRG,Semarang Achmad Yani International Airport,Citilink,QG,A320,Airbus A320-214,PK-GLI,Landed 21:19,2026-08-06 05:52:59
CGK,arrivals,2026-08-05,21:40,,RI131,,PKU,Pekanbaru Sultan Syarif Kasim II Airport,Rimbun Air,RI,73Y,,,Unknown,2026-08-06 05:52:59
CGK,arrivals,2026-08-05,21:40,21:50,IP105,PAS105,DPS,Denpasar Ngurah Rai International Airport,Pelita Air,IP,A320,Airbus A320-214,PK-PWK,Landed 21:50,2026-08-06 05:52:59
CGK,arrivals,2026-08-05,21:40,21:39,QR954,QTR954,DOH,Doha Hamad International Airport,Qatar Airways,QR,A359,Airbus A350-941,A7-ALR,Landed 21:39,2026-08-06 05:52:59
CGK,arrivals,2026-08-05,21:40,21:09,QG503,CTV503,KUL,Kuala Lumpur International Airport,Citilink,QG,A320,Airbus A320-214,PK-GQF,Landed 21:09,2026-08-06 05:52:59
CGK,arrivals,2026-08-05,21:40,22:36,ID6269,BTK6269,UPG,Makassar Sultan Hasanuddin International Airport,Batik Air,ID,A320,Airbus A320-214,PK-LUZ,Landed 22:36,2026-08-06 05:52:59
CGK,arrivals,2026-08-05,21:40,23:03,GA415,GIA415,DPS,Denpasar Ngurah Rai International Airport,Garuda Indonesia,GA,B738,Boeing 737-8U3,PK-GMM,Landed 23:03,2026-08-06 05:52:59
CGK,arrivals,2026-08-05,21:40,21:55,8B680,TNU680,KUL,Kuala Lumpur International Airport,TransNusa,8B,A321,Airbus A321-211,PK-TLK,Landed 21:55,2026-08-06 05:52:59
CGK,arrivals,2026-08-05,21:45,,ID6763,,UPG,Makassar Sultan Hasanuddin International Airport,Batik Air,ID,32A,,,Unknown,2026-08-06 05:52:59
CGK,arrivals,2026-08-05,21:50,21:18,MF8683,CXA8683,WUH,Wuhan Tianhe International Airport,Xiamen Air,MF,B38M,Boeing 737 MAX 8,B-1289,Landed 21:18,2026-08-06 05:52:59
CGK,arrivals,2026-08-05,21:50,21:31,QG171,CTV171,SUB,Surabaya Juanda International Airport,Citilink,QG,A320,Airbus A320-214,PK-GLV,Landed 21:31,2026-08-06 05:52:59
CGK,arrivals,2026-08-05,21:55,,QZ819,,DPS,Denpasar Ngurah Rai International Airport,AirAsia,AK,A320,Airbus A320-216,PK-AXY,Unknown,2026-08-06 05:52:59
CGK,arrivals,2026-08-05,21:55,,IN221,,YIA,Yogyakarta International Airport,Nam Air,IN,735,,,Unknown,2026-08-06 05:52:59
CGK,arrivals,2026-08-05,21:55,21:53,QZ211,AWQ211,KUL,Kuala Lumpur International Airport,AirAsia,AK,A320,Airbus A320-216,PK-AZO,Landed 21:53,2026-08-06 05:52:59
CGK,arrivals,2026-08-05,21:55,21:59,QG527,CTV527,SIN,Singapore Changi Airport,Citilink,QG,A320,Airbus A320-214,PK-GQM,Landed 21:59,2026-08-06 05:52:59
CGK,arrivals,2026-08-05,22:00,21:46,JT3293,LNI3293,PKU,Pekanbaru Sultan Syarif Kasim II Airport,Lion Air,JT,B738,Boeing 737-8GP,PK-LOQ,Landed 21:46,2026-08-06 05:52:59
CGK,arrivals,2026-08-05,22:05,21:28,ID7162,BTK7162,PEN,Penang International Airport,Batik Air,ID,B738,Boeing 737-8GP,PK-LZV,Landed 21:28,2026-08-06 05:52:59
CGK,arrivals,2026-08-05,22:10,22:05,JT15,LNI015,DPS,Denpasar Ngurah Rai International Airport,Lion Air (80th 737NG Livery),JT,B738,Boeing 737-8GP,PK-LKP,Landed 22:05,2026-08-06 05:52:59
CGK,arrivals,2026-08-05,22:15,22:28,IN7273,LKN7273,DPS,Denpasar Ngurah Rai International Airport,Nam Air,IN,B735,Boeing 737-524,PK-NAU,Landed 22:28,2026-08-06 05:52:59
CGK,arrivals,2026-08-05,22:15,,SJ273,,DPS,Denpasar Ngurah Rai International Airport,Sriwijaya Air,SJ,735,,,Unknown,2026-08-06 05:52:59
CGK,arrivals,2026-08-05,22:15,21:52,GA193,GIA193,KNO,Medan Kuala Namu International Airport,Garuda Indonesia,GA,B738,Boeing 737-8U3,PK-GNM,Landed 21:52,2026-08-06 05:52:59
CGK,arrivals,2026-08-05,22:20,,ID6231,,UPG,Makassar Sultan Hasanuddin International Airport,Batik Air,ID,32A,,,Canceled,2026-08-06 05:52:59
CGK,arrivals,2026-08-05,22:20,22:31,ID7152,BTK7152,SIN,Singapore Changi Airport,Batik Air,ID,A320,Airbus A320-232,PK-BKR,Landed 22:31,2026-08-06 05:52:59
CGK,arrivals,2026-08-05,22:25,22:08,EK358,UAE358,DXB,Dubai International Airport,Emirates,EK,B77W,Boeing 777-36N(ER),A6-EBY,Landed 22:08,2026-08-06 05:52:59
CGK,arrivals,2026-08-05,22:30,22:07,MU5069,CES5069,PVG,Shanghai Pudong International Airport,China Eastern (SkyTeam Livery),MU,A332,Airbus A330-243,B-5908,Landed 22:07,2026-08-06 05:52:59
CGK,arrivals,2026-08-05,22:30,23:53,MF837,CXA837,XMN,Xiamen Gaoqi International Airport,Xiamen Air,MF,B38M,Boeing 737 MAX 8,B-225F,Landed 23:53,2026-08-06 05:52:59
CGK,arrivals,2026-08-05,22:30,,JT215,,KNO,Medan Kuala Namu International Airport,Lion Air,JT,738,,,Unknown,2026-08-06 05:52:59
CGK,arrivals,2026-08-05,22:40,22:25,SQ968,SIA968,SIN,Singapore Changi Airport,Singapore Airlines,SQ,A359,Airbus A350-941,9V-SHY,Landed 22:25,2026-08-06 05:52:59
CGK,arrivals,2026-08-05,22:40,22:25,QG427,CTV427,UPG,Makassar Sultan Hasanuddin International Airport,Citilink,QG,A320,Airbus A320-214,PK-GQH,Landed 22:25,2026-08-06 05:52:59
CGK,arrivals,2026-08-05,22:45,22:34,SV826,SVA826,JED,Jeddah King Abdulaziz International Airport,Saudia,SV,B77W,Boeing 777-368(ER),HZ-AK22,Landed 22:34,2026-08-06 05:52:59
CGK,arrivals,2026-08-05,22:45,22:28,GA839,GIA839,SIN,Singapore Changi Airport,Garuda Indonesia,GA,B738,Boeing 737-8U3,PK-GMI,Landed 22:28,2026-08-06 05:52:59
CGK,arrivals,2026-08-05,22:55,22:55,CX797,CPA797,HKG,Hong Kong International Airport,Cathay Pacific,CX,B773,Boeing 777-367,B-HNM,Landed 22:55,2026-08-06 05:52:59
CGK,arrivals,2026-08-05,23:00,23:10,CZ8353,CSN8353,SZX,Shenzhen Bao'an International Airport,China Southern Airlines,CZ,A21N,Airbus A321-253NX,B-32GP,Landed 23:10,2026-08-06 05:52:59
CGK,arrivals,2026-08-05,23:05,,RI3210,,UPG,Makassar Sultan Hasanuddin International Airport,Rimbun Air,RI,73Y,,,Unknown,2026-08-06 05:52:59
CGK,arrivals,2026-08-05,23:05,,RI203,,BDJ,Banjarmasin Syamsudin Noor Airport,Rimbun Air,RI,73Y,,,Unknown,2026-08-06 05:52:59
CGK,arrivals,2026-08-05,23:05,22:59,QG947,CTV947,BTH,Batam Hang Nadim Airport,Citilink,QG,A320,Airbus A320-214,PK-GLR,Landed 22:59,2026-08-06 05:52:59
CGK,arrivals,2026-08-05,23:05,22:53,MH727,MAS727,KUL,Kuala Lumpur International Airport,Malaysia Airlines (Malaysia Negaraku Livery),MH,B738,Boeing 737-8H6,9M-MXF,Landed 22:53,2026-08-06 05:52:59
CGK,arrivals,2026-08-05,23:10,23:13,OD396,MXD396,KUL,Kuala Lumpur International Airport,Batik Air,ID,B738,Boeing 737-86N,9M-LDT,Landed 23:13,2026-08-06 05:52:59
CGK,arrivals,2026-08-05,23:25,23:30,SC2153,CDG2153,XMN,Xiamen Gaoqi International Airport,Shandong Airlines,SC,B38M,Boeing 737 MAX 8,B-20D0,Landed 23:30,2026-08-06 05:52:59
CGK,arrivals,2026-08-05,23:25,22:48,CZ387,CSN387,CAN,Guangzhou Baiyun International Airport,China Southern Airlines,CZ,A21N,Airbus A321-253NX,B-320Y,Landed 22:48,2026-08-06 05:52:59
CGK,arrivals,2026-08-05,23:35,23:06,QZ529,AWQ529,BWN,Brunei International Airport,AirAsia (Lombok Livery),AK,A320,Airbus A320-216,PK-AXU,Landed 23:06,2026-08-06 05:52:59
CGK,arrivals,2026-08-05,23:45,23:21,NH835,ANA835,NRT,Tokyo Narita International Airport,All Nippon Airways,NH,B789,Boeing 787-9 Dreamliner,JA888A,Landed 23:21,2026-08-06 05:52:59
CGK,arrivals,2026-08-05,23:45,23:57,5J759,CEB759,MNL,Manila Ninoy Aquino International Airport,Cebu Pacific,5J,A20N,Airbus A320-271N,RP-C4135,Landed 23:57,2026-08-06 05:52:59
CGK,arrivals,2026-08-05,23:50,,8B5109,,DPS,Denpasar Ngurah Rai International Airport,TransNusa,8B,320,,,Unknown,2026-08-06 05:52:59
CGK,arrivals,2026-08-05,23:50,00:35,MF855,CXA855,FOC,Fuzhou Changle International Airport,Xiamen Air,MF,B38M,Boeing 737 MAX 8,B-227A,Landed 00:35,2026-08-06 05:52:59
CGK,arrivals,2026-08-05,23:55,23:42,PR535,PAL535,MNL,Manila Ninoy Aquino International Airport,Philippine Airlines,PR,A321,Airbus A321-231,RP-C9906,Landed 23:42,2026-08-06 05:52:59
CGK,arrivals,2026-08-05,23:55,23:36,QG915,CTV915,KNO,Medan Kuala Namu International Airport,Citilink,QG,A320,Airbus A320-214,PK-GLK,Landed 23:36,2026-08-06 05:52:59
CGK,arrivals,2026-08-05,23:55,23:17,JL729,JAL729,NRT,Tokyo Narita International Airport,Japan Airlines,JL,B788,Boeing 787-8 Dreamliner,JA837J,Landed 23:17,2026-08-06 05:52:59
CGK,departures,2026-08-05,00:05,00:23,EY473,ETD473,AUH,Abu Dhabi Zayed International Airport,Etihad Airways,EY,B789,Boeing 787-9 Dreamliner,A6-BLL,Departed 00:23,2026-08-06 05:54:07
CGK,departures,2026-08-05,00:05,00:39,CX798,CPA798,HKG,Hong Kong International Airport,Cathay Pacific,CX,B773,Boeing 777-367,B-HNO,Departed 00:39,2026-08-06 05:54:07
CGK,departures,2026-08-05,00:10,00:32,ID6288,BTK6288,UPG,Makassar Sultan Hasanuddin International Airport,Batik Air,ID,A320,Airbus A320-232,PK-BLA,Departed 00:32,2026-08-06 05:54:07
CGK,departures,2026-08-05,00:10,00:30,GA682,GIA682,SOQ,Sorong Dominique Edward Osok Airport,Garuda Indonesia,GA,B738,Boeing 737-8U3,PK-GMV,Departed 00:30,2026-08-06 05:54:07
CGK,departures,2026-08-05,00:20,00:41,CZ8354,CSN8354,SZX,Shenzhen Bao'an International Airport,China Southern Airlines,CZ,A21N,Airbus A321-253NX,B-32DG,Departed 00:41,2026-08-06 05:54:07
CGK,departures,2026-08-05,00:25,03:34,SC2154,CDG2154,XMN,Xiamen Gaoqi International Airport,Shandong Airlines,SC,B38M,Boeing 737 MAX 8,B-224S,Departed 03:34,2026-08-06 05:54:07
CGK,departures,2026-08-05,00:25,00:36,ID6170,BTK6170,AMQ,Ambon Pattimura Airport,Batik Air,ID,A320,Airbus A320-214,PK-LUT,Departed 00:36,2026-08-06 05:54:07
CGK,departures,2026-08-05,00:30,00:51,ID7797,BTK7797,SOQ,Sorong Dominique Edward Osok Airport,Batik Air,ID,A320,Airbus A320-214,PK-LUJ,Departed 00:51,2026-08-06 05:54:07
CGK,departures,2026-08-05,00:40,,3U9006,,XIY,Xi'an Xianyang International Airport,Sichuan Airlines,3U,321,,,Unknown,2026-08-06 05:54:07
CGK,departures,2026-08-05,00:40,00:57,SV827,SVA827,JED,Jeddah King Abdulaziz International Airport,Saudia,SV,B77W,Boeing 777-368(ER),HZ-AK14,Departed 00:57,2026-08-06 05:54:07
CGK,departures,2026-08-05,00:45,00:56,ID6180,BTK6180,DJJ,Jayapura Sentani Airport,Batik Air,ID,B738,Boeing 737-8GP,PK-LDK,Departed 00:56,2026-08-06 05:54:07
CGK,departures,2026-08-05,00:45,01:34,EK359,UAE359,DXB,Dubai International Airport,Emirates,EK,B77W,Boeing 777-36N(ER),A6-ECM,Departed 01:34,2026-08-06 05:54:07
CGK,departures,2026-08-05,00:50,02:11,MS978,MSR978,CAI,Cairo International Airport,Egyptair (Egyptian Football Association sticker),MS,B789,Boeing 787-9 Dreamliner,SU-GET,Departed 02:11,2026-08-06 05:54:07
CGK,departures,2026-08-05,00:50,,JT890,,AMQ,Ambon Pattimura Airport,Lion Air,JT,738,,,Canceled,2026-08-06 05:54:07
CGK,departures,2026-08-05,00:55,01:05,PR536,PAL536,MNL,Manila Ninoy Aquino International Airport,Philippine Airlines,PR,A321,Airbus A321-231,RP-C9907,Departed 01:05,2026-08-06 05:54:07
CGK,departures,2026-08-05,00:55,01:00,QR955,QTR955,DOH,Doha Hamad International Airport,Qatar Airways,QR,A359,Airbus A350-941,A7-ALX,Departed 01:00,2026-08-06 05:54:07
CGK,departures,2026-08-05,01:00,01:02,CI764,CAL764,TPE,Taipei Taoyuan International Airport,China Airlines,CI,A21N,Airbus A321-271NX,B-18122,Departed 01:02,2026-08-06 05:54:07
CGK,departures,2026-08-05,01:00,01:10,QG300,CTV300,MDC,Manado Sam Ratulangi International Airport,Citilink,QG,A320,Airbus A320-214,PK-GLR,Departed 01:10,2026-08-06 05:54:07
CGK,departures,2026-08-05,01:10,01:39,GA88,GIA088,AMS,Amsterdam Schiphol Airport,Garuda Indonesia (Retro Livery),GA,B77W,Boeing 777-3U3(ER),PK-GIK,Departed 01:39,2026-08-06 05:54:07
CGK,departures,2026-08-05,01:10,,JT3896,,UPG,Makassar Sultan Hasanuddin International Airport,Lion Air,JT,739,,,Unknown,2026-08-06 05:54:07
CGK,departures,2026-08-05,01:10,,JT1944,,UPG,Makassar Sultan Hasanuddin International Airport,Lion Air,JT,739,,,Unknown,2026-08-06 05:54:07
CGK,departures,2026-08-05,01:10,,JT1852,,UPG,Makassar Sultan Hasanuddin International Airport,Lion Air,JT,738,,,Unknown,2026-08-06 05:54:07
CGK,departures,2026-08-05,01:10,03:30,JT2792,,UPG,Makassar Sultan Hasanuddin International Airport,Lion Air,JT,738,,,Unknown,2026-08-06 05:54:07
CGK,departures,2026-08-05,01:10,,JT986,,UPG,Makassar Sultan Hasanuddin International Airport,Lion Air,JT,738,,,Unknown,2026-08-06 05:54:07
CGK,departures,2026-08-05,01:10,,JT898,,UPG,Makassar Sultan Hasanuddin International Airport,Lion Air,JT,7M9,,,Canceled,2026-08-06 05:54:07
CGK,departures,2026-08-05,01:15,01:24,GA648,GIA648,TTE,Ternate Babullah Airport,Garuda Indonesia,GA,B738,Boeing 737-8U3,PK-GUG,Departed 01:24,2026-08-06 05:54:07
CGK,departures,2026-08-05,01:25,01:56,3Y924,MYU924,SIN,Singapore Changi Airport,My Indo Airlines,3Y,B734,Boeing 737-4Q8(SF),PK-MYN,Departed 01:56,2026-08-06 05:54:07
CGK,departures,2026-08-05,01:30,,3U9005,,XIY,Xi'an Xianyang International Airport,Sichuan Airlines,3U,321,,,Unknown,2026-08-06 05:54:07
CGK,departures,2026-08-05,01:30,01:44,ID6274,BTK6274,MDC,Manado Sam Ratulangi International Airport,Batik Air,ID,B738,Boeing 737-8GP,PK-LZV,Departed 01:44,2026-08-06 05:54:07
CGK,departures,2026-08-05,01:40,01:48,QG210,CTV210,AMQ,Ambon Pattimura Airport,Citilink (Tiket.com Livery),QG,A320,Airbus A320-214,PK-GLW,Departed 01:48,2026-08-06 05:54:07
CGK,departures,2026-08-05,02:00,02:20,ID6264,BTK6264,UPG,Makassar Sultan Hasanuddin International Airport,Batik Air,ID,A320,Airbus A320-214,PK-BKY,Departed 02:20,2026-08-06 05:54:07
CGK,departures,2026-08-05,02:00,,ID6770,,UPG,Makassar Sultan Hasanuddin International Airport,Batik Air,ID,32A,,,Unknown,2026-08-06 05:54:07
CGK,departures,2026-08-05,02:00,,ID6751,,UPG,Makassar Sultan Hasanuddin International Airport,Batik Air,ID,32A,,,Unknown,2026-08-06 05:54:07
CGK,departures,2026-08-05,02:00,02:19,ID6742,BTK6742,MDC,Manado Sam Ratulangi International Airport,Batik Air,ID,B738,Boeing 737-8GP,PK-LDJ,Departed 02:19,2026-08-06 05:54:07
CGK,departures,2026-08-05,02:00,02:05,ID6540,BTK6540,KOE,Kupang El Tari Airport,Batik Air,ID,A320,Airbus A320-233,PK-BKG,Departed 02:05,2026-08-06 05:54:07
CGK,departures,2026-08-05,02:05,02:13,QG602,CTV602,KOE,Kupang El Tari Airport,Citilink,QG,A320,Airbus A320-214,PK-GQH,Departed 02:13,2026-08-06 05:54:07
CGK,departures,2026-08-05,02:15,02:16,KE438,KAL438,ICN,Seoul Incheon International Airport,Korean Air,KE,B77W,Boeing 777-3B5(ER),HL8010,Departed 02:16,2026-08-06 05:54:07
CGK,departures,2026-08-05,02:20,02:28,GA622,GIA622,PLW,Palu Mutiara Airport,Garuda Indonesia,GA,B738,Boeing 737-8U3,PK-GMP,Departed 02:28,2026-08-06 05:54:07
CGK,departures,2026-08-05,02:30,02:35,ID6140,BTK6140,TTE,Ternate Babullah Airport,Batik Air,ID,A320,Airbus A320-214,PK-BLC,Departed 02:35,2026-08-06 05:54:07
CGK,departures,2026-08-05,02:30,02:37,ID6560,BTK6560,PLW,Palu Mutiara Airport,Batik Air,ID,A320,Airbus A320-214,PK-BLD,Departed 02:37,2026-08-06 05:54:07
CGK,departures,2026-08-05,03:00,02:59,CZ8056,CSN8056,SZX,Shenzhen Bao'an International Airport,China Southern Airlines,CZ,A20N,Airbus A320-251N,B-30F8,Departed 02:59,2026-08-06 05:54:07
CGK,departures,2026-08-05,03:20,03:30,ID6724,BTK6724,KDI,Kendari Haluoleo Airport,Batik Air (Book Cabin Sticker),ID,A320,Airbus A320-214,PK-LAF,Departed 03:30,2026-08-06 05:54:07
CGK,departures,2026-08-05,03:30,03:47,JT690,LNI690,SUB,Surabaya Juanda International Airport,Lion Air,JT,B738,Boeing 737-8GP,PK-LPK,Departed 03:47,2026-08-06 05:54:07
CGK,departures,2026-08-05,03:40,04:32,3Y9900,MYU9900,SIN,Singapore Changi Airport,My Indo Airlines,3Y,B733,Boeing 737-39K(SF),PK-MYC,Departed 04:32,2026-08-06 05:54:07
CGK,departures,2026-08-05,03:40,03:59,QG330,CTV330,KDI,Kendari Haluoleo Airport,Citilink,QG,A320,Airbus A320-214,PK-GQJ,Departed 03:59,2026-08-06 05:54:07
CGK,departures,2026-08-05,03:55,04:01,ID6242,BTK6242,GTO,Gorontalo Jalaluddin Airport,Batik Air,ID,A320,Airbus A320-232,PK-BKJ,Departed 04:01,2026-08-06 05:54:07
CGK,departures,2026-08-05,04:15,04:11,MH726,MAS726,KUL,Kuala Lumpur International Airport,Malaysia Airlines,MH,B738,Boeing 737-8H6,9M-MXE,Departed 04:11,2026-08-06 05:54:07
CGK,departures,2026-08-05,04:30,04:43,JT20,LNI020,DPS,Denpasar Ngurah Rai International Airport,Lion Air,JT,B39M,Boeing 737 MAX 9,PK-LRH,Departed 04:43,2026-08-06 05:54:07
CGK,departures,2026-08-05,04:40,04:51,QG680,CTV680,DPS,Denpasar Ngurah Rai International Airport,Citilink,QG,A320,Airbus A320-214,PK-GQM,Departed 04:51,2026-08-06 05:54:07
CGK,departures,2026-08-05,04:45,04:59,ID6430,BTK6430,BEJ,Kalimarau Airport,Batik Air,ID,A320,Airbus A320-214,PK-LUW,Departed 04:59,2026-08-06 05:54:07
CGK,departures,2026-08-05,04:55,05:11,GA644,GIA644,GTO,Gorontalo Jalaluddin Airport,Garuda Indonesia (Pocari Sweat Livery),GA,B738,Boeing 737-86N,PK-GNN,Departed 05:11,2026-08-06 05:54:07
CGK,departures,2026-08-05,05:00,05:09,8B5161,TNU5161,LOP,Lombok International Airport,TransNusa,8B,A321,Airbus A321-211,PK-TLM,Departed 05:09,2026-08-06 05:54:07
CGK,departures,2026-08-05,05:00,05:07,QZ200,AWQ200,KUL,Kuala Lumpur International Airport,AirAsia (Sustainable ASEAN Tourism Livery),AK,A320,Airbus A320-216,PK-AZS,Departed 05:07,2026-08-06 05:54:07
CGK,departures,2026-08-05,05:00,05:15,IU604,SJV604,BPN,Balikpapan Sepinggan Airport,Super Air Jet,IU,A320,Airbus A320-232,PK-SAH,Departed 05:15,2026-08-06 05:54:07
CGK,departures,2026-08-05,05:00,05:13,QG212,CTV212,UPG,Makassar Sultan Hasanuddin International Airport,Citilink,QG,A20N,Airbus A320-251N,PK-GTC,Departed 05:13,2026-08-06 05:54:07
CGK,departures,2026-08-05,05:00,04:46,JT200,LNI200,KNO,Medan Kuala Namu International Airport,Lion Air,JT,B738,Boeing 737-8GP,PK-LJQ,Departed 04:46,2026-08-06 05:54:07
CGK,departures,2026-08-05,05:10,05:26,QG436,CTV436,BPN,Balikpapan Sepinggan Airport,Citilink,QG,A320,Airbus A320-214,PK-GLX,Departed 05:26,2026-08-06 05:54:07
CGK,departures,2026-08-05,05:15,,IU814,,PDG,Padang Minangkabau International Airport,Super Air Jet,IU,320,,,Canceled,2026-08-06 05:54:07
CGK,departures,2026-08-05,05:15,05:30,QG940,CTV940,BTH,Batam Hang Nadim Airport,Citilink,QG,A320,Airbus A320-214,PK-GQK,Departed 05:30,2026-08-06 05:54:07
CGK,departures,2026-08-05,05:15,05:20,8B675,TNU675,KUL,Kuala Lumpur International Airport,TransNusa,8B,A321,Airbus A321-211,PK-TLK,Departed 05:20,2026-08-06 05:54:07
CGK,departures,2026-08-05,05:20,05:35,JT292,LNI292,PKU,Pekanbaru Sultan Syarif Kasim II Airport,Lion Air,JT,B739,Boeing 737-9GP(ER),PK-LQS,Departed 05:35,2026-08-06 05:54:07
CGK,departures,2026-08-05,05:25,05:28,SQ951,SIA951,SIN,Singapore Changi Airport,Singapore Airlines,SQ,A359,Airbus A350-941,9V-SHL,Departed 05:28,2026-08-06 05:54:07
CGK,departures,2026-08-05,05:25,,IU682,,PNK,Pontianak Supadio Airport,Super Air Jet,IU,320,,,Canceled,2026-08-06 05:54:07
CGK,departures,2026-08-05,05:30,05:32,8B633,TNU633,PEN,Penang International Airport,TransNusa,8B,A320,Airbus A320-214,PK-TLD,Departed 05:32,2026-08-06 05:54:07
CGK,departures,2026-08-05,05:30,,JT656,,LOP,Lombok International Airport,Lion Air,JT,738,,,Canceled,2026-08-06 05:54:07
CGK,departures,2026-08-05,05:30,,IU850,,BTH,Batam Hang Nadim Airport,Super Air Jet,IU,320,,,Canceled,2026-08-06 05:54:07
CGK,departures,2026-08-05,05:30,05:55,IN190,LKN190,PKN,Pangkalan Bun Iskandar Airport,NAM Air,IN,B735,Boeing 737-524,PK-NAS,Departed 05:55,2026-08-06 05:54:07
CGK,departures,2026-08-05,05:30,,ID6260,,UPG,Makassar Sultan Hasanuddin International Airport,Batik Air,ID,32A,,,Unknown,2026-08-06 05:54:07
CGK,departures,2026-08-05,05:30,05:41,QG910,CTV910,KNO,Medan Kuala Namu International Airport,Citilink,QG,A320,Airbus A320-214,PK-GLT,Departed 05:41,2026-08-06 05:54:07
CGK,departures,2026-08-05,05:30,05:53,ID6236,BTK6236,UPG,Makassar Sultan Hasanuddin International Airport,Batik Air,ID,A320,Airbus A320-214,PK-BKQ,Departed 05:53,2026-08-06 05:54:07
CGK,departures,2026-08-05,05:30,05:49,GA604,GIA604,UPG,Makassar Sultan Hasanuddin International Airport,Garuda Indonesia (From Nature to Future Livery),GA,B738,Boeing 737-8U3,PK-GFX,Departed 05:49,2026-08-06 05:54:07
CGK,departures,2026-08-05,05:45,05:49,QG936,CTV936,PKU,Pekanbaru Sultan Syarif Kasim II Airport,Citilink,QG,A320,Airbus A320-214,PK-GLQ,Departed 05:49,2026-08-06 05:54:07
CGK,departures,2026-08-05,05:50,06:11,IP810,PAS810,KDI,Kendari Haluoleo Airport,Pelita Air,IP,A320,Airbus A320-214,PK-PWJ,Departed 06:11,2026-08-06 05:54:07
CGK,departures,2026-08-05,05:50,05:59,GA824,GIA824,SIN,Singapore Changi Airport,Garuda Indonesia,GA,B738,Boeing 737-8U3,PK-GMI,Departed 05:59,2026-08-06 05:54:07
CGK,departures,2026-08-05,06:00,08:27,ID6572,BTK6572,SUB,Surabaya Juanda International Airport,Batik Air,ID,A320,Airbus A320-214,PK-LUI,Departed 08:27,2026-08-06 05:54:04
CGK,departures,2026-08-05,06:00,,SJ74,,PGK,Pangkal Pinang Depati Amir Airport,Sriwijaya Air,SJ,735,,,Unknown,2026-08-06 05:54:04
CGK,departures,2026-08-05,06:00,,RI200,,BPN,Balikpapan Sepinggan Airport,Rimbun Air,RI,73Y,,,Unknown,2026-08-06 05:54:04
CGK,departures,2026-08-05,06:00,06:00,SJ776,,TTE,Ternate Babullah Airport,Sriwijaya Air,SJ,735,,,Estimated dep 06:00*,2026-08-06 05:54:04
CGK,departures,2026-08-05,06:00,06:28,IU628,SJV628,BDJ,Banjarmasin Syamsudin Noor Airport,Super Air Jet,IU,A320,Airbus A320-232,PK-SAU,Departed 06:28,2026-08-06 05:54:07
CGK,departures,2026-08-05,06:00,06:04,IU254,SJV254,PLW,Palu Mutiara Airport,Super Air Jet (Our Super 50th Jet Livery),IU,A320,Airbus A320-232,PK-STQ,Departed 06:04,2026-08-06 05:54:07
CGK,departures,2026-08-05,06:00,06:14,IP806,PAS806,UPG,Makassar Sultan Hasanuddin International Airport,Pelita Air,IP,A320,Airbus A320-214,PK-PWQ,Departed 06:14,2026-08-06 05:54:07
CGK,departures,2026-08-05,06:00,06:00,IN170,,SMQ,Sampit Airport,Nam Air,IN,735,,,Estimated dep 06:00*,2026-08-06 05:54:07
CGK,departures,2026-08-05,06:00,06:32,ID6368,BTK6368,YIA,Yogyakarta International Airport,Batik Air,ID,A320,Airbus A320-232,PK-BKL,Departed 06:32,2026-08-06 05:54:07
CGK,departures,2026-08-05,06:00,06:18,ID6202,BTK6202,PKN,Pangkalan Bun Iskandar Airport,Batik Air,ID,A320,Airbus A320-214,PK-LAL,Departed 06:18,2026-08-06 05:54:07
CGK,departures,2026-08-05,06:00,06:00,SJ54,,TJQ,Tanjung Pandan Buluh Tumbang Airport,Sriwijaya Air,SJ,735,,,Estimated dep 06:00*,2026-08-06 05:54:07
CGK,departures,2026-08-05,06:00,06:09,QG980,CTV980,PLM,Palembang International Airport,Citilink,QG,A320,Airbus A320-214,PK-GLN,Departed 06:09,2026-08-06 05:54:07
CGK,departures,2026-08-05,06:00,,JT334,,PLM,Palembang International Airport,Lion Air,JT,739,,,Canceled,2026-08-06 05:54:07
CGK,departures,2026-08-05,06:00,06:21,IU796,SJV796,KOE,Kupang El Tari Airport,Super Air Jet,IU,A320,Airbus A320-232,PK-SJT,Departed 06:21,2026-08-06 05:54:07
CGK,departures,2026-08-05,06:05,06:23,QG738,CTV738,SUB,Surabaya Juanda International Airport,Citilink,QG,A320,Airbus A320-214,PK-GLP,Departed 06:23,2026-08-06 05:54:04
CGK,departures,2026-08-05,06:10,06:36,NH836,ANA836,NRT,Tokyo Narita International Airport,All Nippon Airways,NH,B789,Boeing 787-9 Dreamliner,JA897A,Departed 06:36,2026-08-06 05:54:04
CGK,departures,2026-08-05,06:10,06:29,IP350,PAS350,PDG,Padang Minangkabau International Airport,Pelita Air,IP,A320,Airbus A320-216,PK-PWN,Departed 06:29,2026-08-06 05:54:04
CGK,departures,2026-08-05,06:10,06:37,QZ222,AWQ222,PEN,Penang International Airport,AirAsia,AK,A320,Airbus A320-216,PK-AZL,Departed 06:37,2026-08-06 05:54:04
CGK,departures,2026-08-05,06:10,06:31,QG952,CTV952,PDG,Padang Minangkabau International Airport,Citilink,QG,A320,Airbus A320-214,PK-GQG,Departed 06:31,2026-08-06 05:54:04
CGK,departures,2026-08-05,06:10,06:26,IP300,PAS300,KNO,Medan Kuala Namu International Airport,Pelita Air,IP,A320,Airbus A320-214,PK-PWD,Departed 06:26,2026-08-06 05:54:04
CGK,departures,2026-08-05,06:15,06:35,GA150,GIA150,BTH,Batam Hang Nadim Airport,Garuda Indonesia,GA,B738,Boeing 737-8U3,PK-GMA,Departed 06:35,2026-08-06 05:54:04
CGK,departures,2026-08-05,06:20,06:54,GA500,GIA500,PNK,Pontianak Supadio Airport,Garuda Indonesia,GA,B738,Boeing 737-8SH,PK-GUD,Departed 06:54,2026-08-06 05:54:04
CGK,departures,2026-08-05,06:20,,IU696,,PNK,Pontianak Supadio Airport,Super Air Jet,IU,320,,,Canceled,2026-08-06 05:54:04
CGK,departures,2026-08-05,06:20,,IP140,,LOP,Lombok International Airport,Pelita Air,IP,320,,,Unknown,2026-08-06 05:54:04
CGK,departures,2026-08-05,06:20,06:45,QG904,CTV904,TKG,Bandar Lampung Radin Inten II Airport,Citilink,QG,A20N,Airbus A320-251N,PK-GTA,Departed 06:45,2026-08-06 05:54:04
CGK,departures,2026-08-05,06:20,06:39,QG522,CTV522,SIN,Singapore Changi Airport,Citilink,QG,A320,Airbus A320-214,PK-GQQ,Departed 06:39,2026-08-06 05:54:04
CGK,departures,2026-08-05,06:30,06:44,IU908,SJV908,PDG,Padang Minangkabau International Airport,Super Air Jet,IU,A320,Airbus A320-232,PK-SAW,Departed 06:44,2026-08-06 05:54:04
CGK,departures,2026-08-05,06:30,06:50,IU820,SJV820,PGK,Pangkal Pinang Depati Amir Airport,Super Air Jet,IU,A320,Airbus A320-232,PK-SJI,Departed 06:50,2026-08-06 05:54:04
CGK,departures,2026-08-05,06:30,06:41,IP200,PAS200,SUB,Surabaya Juanda International Airport,Pelita Air,IP,A320,Airbus A320-214,PK-PWK,Departed 06:41,2026-08-06 05:54:04
CGK,departures,2026-08-05,06:30,06:43,QZ724,AWQ724,DTB,Siborong-Borong Silangit Airport,AirAsia,AK,A320,Airbus A320-216,PK-AXT,Departed 06:43,2026-08-06 05:54:04
CGK,departures,2026-08-05,06:30,06:46,GA530,GIA530,BDJ,Banjarmasin Syamsudin Noor Airport,Garuda Indonesia,GA,B738,Boeing 737-86N,PK-GFS,Departed 06:46,2026-08-06 05:54:04
CGK,departures,2026-08-05,06:35,06:54,ID6338,BTK6338,SRG,Semarang Achmad Yani International Airport,Batik Air,ID,A320,Airbus A320-214,PK-BKV,Departed 06:54,2026-08-06 05:54:04
CGK,departures,2026-08-05,06:40,06:50,IP320,PAS320,PKU,Pekanbaru Sultan Syarif Kasim II Airport,Pelita Air,IP,A320,Airbus A320-214,PK-PWP,Departed 06:50,2026-08-06 05:54:04
CGK,departures,2026-08-05,06:40,,IU800,,TKG,Bandar Lampung Radin Inten II Airport,Super Air Jet,IU,320,,,Canceled,2026-08-06 05:54:04
CGK,departures,2026-08-05,06:40,06:56,GA160,GIA160,PDG,Padang Minangkabau International Airport,Garuda Indonesia,GA,B738,Boeing 737-8U3,PK-GUF,Departed 06:56,2026-08-06 05:54:04
CGK,departures,2026-08-05,06:45,06:57,IU956,SJV956,DTB,Siborong-Borong Silangit Airport,Super Air Jet,IU,A320,Airbus A320-232,PK-STR,Departed 06:57,2026-08-06 05:54:04
CGK,departures,2026-08-05,06:45,06:52,QZ242,AWQ242,JHB,Johor Bahru Senai International Airport,AirAsia,AK,A320,Airbus A320-216,PK-AZO,Departed 06:52,2026-08-06 05:54:04
CGK,departures,2026-08-05,06:45,06:58,QG840,CTV840,BTH,Batam Hang Nadim Airport,Citilink,QG,A320,Airbus A320-214,PK-GLI,Departed 06:58,2026-08-06 05:54:04
CGK,departures,2026-08-05,06:45,07:02,GA456,GIA456,KOE,Kupang El Tari Airport,Garuda Indonesia,GA,B738,Boeing 737-81M,PK-GUA,Departed 07:02,2026-08-06 05:54:04
CGK,departures,2026-08-05,06:50,07:00,GA304,GIA304,SUB,Surabaya Juanda International Airport,Garuda Indonesia,GA,B738,Boeing 737-8U3,PK-GFF,Departed 07:00,2026-08-06 05:54:04
CGK,departures,2026-08-05,06:50,07:11,MF8684,CXA8684,WUH,Wuhan Tianhe International Airport,Xiamen Air,MF,B38M,Boeing 737 MAX 8,B-1289,Departed 07:11,2026-08-06 05:54:04
CGK,departures,2026-08-05,06:50,06:56,IP310,PAS310,PLM,Palembang International Airport,Pelita Air,IP,A320,Airbus A320-214,PK-PWH,Departed 06:56,2026-08-06 05:54:04
CGK,departures,2026-08-05,06:55,07:03,QG884,CTV884,DTB,Siborong-Borong Silangit Airport,Citilink,QG,A320,Airbus A320-214,PK-GQN,Departed 07:03,2026-08-06 05:54:04
CGK,departures,2026-08-05,07:00,07:07,NH872,ANA872,HND,Tokyo Haneda International Airport,All Nippon Airways,NH,B788,Boeing 787-8 Dreamliner,JA815A,Departed 07:07,2026-08-06 05:54:04
CGK,departures,2026-08-05,07:00,07:09,IU924,SJV924,PLM,Palembang International Airport,Super Air Jet,IU,A320,Airbus A320-232,PK-SJF,Departed 07:09,2026-08-06 05:54:04
CGK,departures,2026-08-05,07:00,07:16,IU762,SJV762,LOP,Lombok International Airport,Super Air Jet,IU,A320,Airbus A320-232,PK-SJP,Departed 07:16,2026-08-06 05:54:04
CGK,departures,2026-08-05,07:00,,IU510,,BPN,Balikpapan Sepinggan Airport,Super Air Jet,IU,320,,,Canceled,2026-08-06 05:54:04
CGK,departures,2026-08-05,07:00,07:07,QG960,CTV960,DJB,Jambi Sultan Thaha Airport,Citilink,QG,A320,Airbus A320-214,PK-GLK,Departed 07:07,2026-08-06 05:54:04
CGK,departures,2026-08-05,07:00,07:11,QG480,CTV480,BDJ,Banjarmasin Syamsudin Noor Airport,Citilink,QG,A320,Airbus A320-214,PK-GQO,Departed 07:11,2026-08-06 05:54:04
CGK,departures,2026-08-05,07:00,,IU846,,DJB,Jambi Sultan Thaha Airport,Super Air Jet,IU,320,,,Canceled,2026-08-06 05:54:04
CGK,departures,2026-08-05,07:00,07:14,ID7011,BTK7011,KNO,Medan Kuala Namu International Airport,Batik Air,ID,A320,Airbus A320-232,PK-BLB,Departed 07:14,2026-08-06 05:54:04
CGK,departures,2026-08-05,07:00,07:16,GA610,GIA610,UPG,Makassar Sultan Hasanuddin International Airport,Garuda Indonesia (Livin' by Mandiri Livery),GA,B738,Boeing 737-86N,PK-GFI,Departed 07:16,2026-08-06 05:54:04
CGK,departures,2026-08-05,07:05,07:29,MF856,CXA856,FOC,Fuzhou Changle International Airport,Xiamen Air,MF,B38M,Boeing 737 MAX 8,B-226U,Departed 07:29,2026-08-06 05:54:04
CGK,departures,2026-08-05,07:05,07:21,QZ178,AWQ178,TKG,Bandar Lampung Radin Inten II Airport,AirAsia,AK,A320,Airbus A320-214,PK-AZA,Departed 07:21,2026-08-06 05:54:04
CGK,departures,2026-08-05,07:05,07:23,GA402,GIA402,DPS,Denpasar Ngurah Rai International Airport,Garuda Indonesia,GA,B738,Boeing 737-81D,PK-GFR,Departed 07:23,2026-08-06 05:54:04
CGK,departures,2026-08-05,07:05,07:21,GA182,GIA182,KNO,Medan Kuala Namu International Airport,Garuda Indonesia,GA,B738,Boeing 737-8SH,PK-GUE,Departed 07:21,2026-08-06 05:54:04
CGK,departures,2026-08-05,07:10,07:14,8B5104,TNU5104,DPS,Denpasar Ngurah Rai International Airport,TransNusa,8B,A320,Airbus A320-214,PK-TLO,Departed 07:14,2026-08-06 05:54:04
CGK,departures,2026-08-05,07:15,07:18,IP616,PAS616,BDJ,Banjarmasin Syamsudin Noor Airport,Pelita Air,IP,A320,Airbus A320-214,PK-PWO,Departed 07:18,2026-08-06 05:54:04
CGK,departures,2026-08-05,07:20,07:27,IP988,PAS988,SIN,Singapore Changi Airport,Pelita Air,IP,A320,Airbus A320-214,PK-PWE,Departed 07:27,2026-08-06 05:54:04
CGK,departures,2026-08-05,07:30,07:48,ID6228,BTK6228,PNK,Pontianak Supadio Airport,Batik Air,ID,A320,Airbus A320-232,PK-BKR,Departed 07:48,2026-08-06 05:54:04
CGK,departures,2026-08-05,07:30,07:38,GA432,GIA432,LOP,Lombok International Airport,Garuda Indonesia,GA,B738,Boeing 737-86N,PK-GFU,Departed 07:38,2026-08-06 05:54:04
CGK,departures,2026-08-05,07:30,,GA140,,BTJ,Banda Aceh International Airport,Garuda Indonesia,GA,738,,,Canceled,2026-08-06 05:54:04
CGK,departures,2026-08-05,07:35,07:42,GA102,GIA102,PLM,Palembang International Airport,Garuda Indonesia,GA,B738,Boeing 737-8SH,PK-GUJ,Departed 07:42,2026-08-06 05:54:04
CGK,departures,2026-08-05,07:35,07:38,QG972,CTV972,PGK,Pangkal Pinang Depati Amir Airport,Citilink,QG,A320,Airbus A320-214,PK-GQA,Departed 07:38,2026-08-06 05:54:04
CGK,departures,2026-08-05,07:35,07:43,GA232,GIA232,SRG,Semarang Achmad Yani International Airport,Garuda Indonesia,GA,B738,Boeing 737-8SA,PK-GUI,Departed 07:43,2026-08-06 05:54:04
CGK,departures,2026-08-05,07:40,,IU856,,BTH,Batam Hang Nadim Airport,Super Air Jet,IU,320,,,Canceled,2026-08-06 05:54:04
CGK,departures,2026-08-05,07:45,07:45,ID7153,BTK7153,SIN,Singapore Changi Airport,Batik Air,ID,A320,Airbus A320-214,PK-BKP,Departed 07:45,2026-08-06 05:54:04
CGK,departures,2026-08-05,07:50,08:02,GA580,GIA580,AAP,Samarinda AP Tumenggung Pranoto Airport,Garuda Indonesia,GA,B738,Boeing 737-8U3,PK-GFD,Departed 08:02,2026-08-06 05:54:04
CGK,departures,2026-08-05,07:50,08:06,GA302,GIA302,SUB,Surabaya Juanda International Airport,Garuda Indonesia,GA,B738,Boeing 737-8U3,PK-GNA,Departed 08:06,2026-08-06 05:54:04
CGK,departures,2026-08-05,07:50,07:57,GA204,GIA204,YIA,Yogyakarta International Airport,Garuda Indonesia,GA,B738,Boeing 737-8SA,PK-GUH,Departed 07:57,2026-08-06 05:54:04
CGK,departures,2026-08-05,07:55,07:51,8B151,TNU151,SIN,Singapore Changi Airport,TransNusa,8B,A321,Airbus A321-211,PK-TLG,Departed 07:51,2026-08-06 05:54:04
CGK,departures,2026-08-05,07:55,,IU812,,PDG,Padang Minangkabau International Airport,Super Air Jet,IU,320,,,Canceled,2026-08-06 05:54:04
CGK,departures,2026-08-05,07:55,08:12,GA172,GIA172,PKU,Pekanbaru Sultan Syarif Kasim II Airport,Garuda Indonesia,GA,B738,Boeing 737-8U3,PK-GNR,Departed 08:12,2026-08-06 05:54:04
CGK,departures,2026-08-05,08:00,,RI310,,GTO,Gorontalo Jalaluddin Airport,Rimbun Air,RI,73Y,,,Unknown,2026-08-06 05:54:04
CGK,departures,2026-08-05,08:00,,IU512,,BPN,Balikpapan Sepinggan Airport,Super Air Jet,IU,320,,,Canceled,2026-08-06 05:54:04
CGK,departures,2026-08-05,08:00,09:53,ID6852,BTK6852,PKU,Pekanbaru Sultan Syarif Kasim II Airport,Batik Air,ID,A320,Airbus A320-214,PK-LUR,Departed 09:53,2026-08-06 05:54:04
CGK,departures,2026-08-05,08:00,08:15,ID7533,BTK7533,YIA,Yogyakarta International Airport,Batik Air,ID,A320,Airbus A320-214,PK-LAT,Departed 08:15,2026-08-06 05:54:04
CGK,departures,2026-08-05,08:00,08:15,CX718,CPA718,HKG,Hong Kong International Airport,Cathay Pacific,CX,B773,Boeing 777-367,B-HNP,Departed 08:15,2026-08-06 05:54:04
CGK,departures,2026-08-05,08:00,08:22,SL117,TLM117,DMK,Bangkok Don Mueang International Airport,Thai Lion Air,SL,B738,Boeing 737-8GP,HS-LGI,Departed 08:22,2026-08-06 05:54:04
CGK,departures,2026-08-05,08:00,08:08,QG912,CTV912,KNO,Medan Kuala Namu International Airport,Citilink,QG,A320,Airbus A320-214,PK-GLY,Departed 08:08,2026-08-06 05:54:04
CGK,departures,2026-08-05,08:00,08:08,IU834,SJV834,BKS,Bengkulu Fatmawati Soekarno Airport,Super Air Jet,IU,A320,Airbus A320-232,PK-SJR,Departed 08:08,2026-08-06 05:54:04
CGK,departures,2026-08-05,08:00,08:13,ID6584,BTK6584,SUB,Surabaya Juanda International Airport,Batik Air,ID,B738,Boeing 737-86N,PK-BGZ,Departed 08:13,2026-08-06 05:54:04
CGK,departures,2026-08-05,08:05,08:18,SQ953,SIA953,SIN,Singapore Changi Airport,Singapore Airlines,SQ,B77W,Boeing 777-312(ER),9V-SWG,Departed 08:18,2026-08-06 05:54:04
CGK,departures,2026-08-05,08:05,,JT204,,KNO,Medan Kuala Namu International Airport,Lion Air,JT,739,,,Unknown,2026-08-06 05:54:04
CGK,departures,2026-08-05,08:05,08:18,QG762,CTV762,SOC,Surakarta Adisumarmo International Airport,Citilink,QG,A20N,Airbus A320-251N,PK-GTG,Departed 08:18,2026-08-06 05:54:04
CGK,departures,2026-08-05,08:05,08:11,QG438,CTV438,BPN,Balikpapan Sepinggan Airport,Citilink,QG,A320,Airbus A320-214,PK-GQS,Departed 08:11,2026-08-06 05:54:04
CGK,departures,2026-08-05,08:20,,ID6860,,BTH,Batam Hang Nadim Airport,Batik Air,ID,32A,,,Canceled,2026-08-06 05:54:04
CGK,departures,2026-08-05,08:25,,IP202,,SUB,Surabaya Juanda International Airport,Pelita Air,IP,320,,,Unknown,2026-08-06 05:54:04
CGK,departures,2026-08-05,08:30,06:25,AK806,AWQ806,DPS,Denpasar Ngurah Rai International Airport,AirAsia (Colours of Indonesia Livery),AK,A320,Airbus A320-216,PK-AXD,Departed 06:25,2026-08-06 05:54:04
CGK,departures,2026-08-05,08:30,08:46,IU370,SJV370,BWX,Blimbingsari Airport,Super Air Jet,IU,A320,Airbus A320-232,PK-SJS,Departed 08:46,2026-08-06 05:54:04
CGK,departures,2026-08-05,08:30,,JT30,,DPS,Denpasar Ngurah Rai International Airport,Lion Air,JT,739,,,Canceled,2026-08-06 05:54:04
CGK,departures,2026-08-05,08:30,08:47,GA820,GIA820,KUL,Kuala Lumpur International Airport,Garuda Indonesia,GA,B738,Boeing 737-8U3,PK-GMF,Departed 08:47,2026-08-06 05:54:04
CGK,departures,2026-08-05,08:35,08:35,JT1994,,UPG,Makassar Sultan Hasanuddin International Airport,Lion Air,JT,738,,,Estimated dep 08:35*,2026-08-06 05:54:04
CGK,departures,2026-08-05,08:35,09:16,JT892,LNI892,UPG,Makassar Sultan Hasanuddin International Airport,Lion Air,JT,B739,Boeing 737-9GP(ER),PK-LSK,Departed 09:16,2026-08-06 05:54:04
CGK,departures,2026-08-05,08:35,,IU922,,PLM,Palembang International Airport,Super Air Jet,IU,320,,,Canceled,2026-08-06 05:54:04
CGK,departures,2026-08-05,08:35,08:36,IP342,PAS342,BTJ,Banda Aceh International Airport,Pelita Air,IP,A320,Airbus A320-214,PK-PWC,Departed 08:36,2026-08-06 05:54:04
CGK,departures,2026-08-05,08:35,08:37,ID6566,BTK6566,MLG,Malang Abdul Rachman Saleh Airport,Batik Air,ID,A320,Airbus A320-214,PK-LAZ,Departed 08:37,2026-08-06 05:54:04
CGK,departures,2026-08-05,08:35,08:40,GA828,GIA828,SIN,Singapore Changi Airport,Garuda Indonesia,GA,B738,Boeing 737-81M,PK-GUC,Departed 08:40,2026-08-06 05:54:04
CGK,departures,2026-08-05,08:35,08:48,GA564,GIA564,BPN,Balikpapan Sepinggan Airport,Garuda Indonesia,GA,B738,Boeing 737-8U3,PK-GNH,Departed 08:48,2026-08-06 05:54:04
CGK,departures,2026-08-05,08:35,08:44,AK381,AXM381,KUL,Kuala Lumpur International Airport,AirAsia (BIG Duty Free Livery),AK,A320,Airbus A320-214,9M-AHY,Departed 08:44,2026-08-06 05:54:04
CGK,departures,2026-08-05,08:45,08:57,GA222,GIA222,SOC,Surakarta Adisumarmo International Airport,Garuda Indonesia (Pokémon Livery),GA,B738,Boeing 737-8U3,PK-GMU,Departed 08:57,2026-08-06 05:54:04
CGK,departures,2026-08-05,08:50,09:18,ID6804,BTK6804,DJB,Jambi Sultan Thaha Airport,Batik Air,ID,A320,Airbus A320-214,PK-BKT,Departed 09:18,2026-08-06 05:54:04
CGK,departures,2026-08-05,08:50,09:02,GA322,GIA322,SUB,Surabaya Juanda International Airport,Garuda Indonesia (Retro 1960 Livery),GA,B738,Boeing 737-8U3,PK-GFM,Departed 09:02,2026-08-06 05:54:04
CGK,departures,2026-08-05,09:00,09:07,JT256,LNI256,PDG,Padang Minangkabau International Airport,Lion Air,JT,B739,Boeing 737-9GP(ER),PK-LSJ,Departed 09:07,2026-08-06 05:54:01
CGK,departures,2026-08-05,09:00,09:14,IU602,SJV602,BPN,Balikpapan Sepinggan Airport,Super Air Jet,IU,A320,Airbus A320-232,PK-STD,Departed 09:14,2026-08-06 05:54:04
CGK,departures,2026-08-05,09:00,09:08,QR959,QTR959,DOH,Doha Hamad International Airport,Qatar Airways,QR,A359,Airbus A350-941,A7-ALD,Departed 09:08,2026-08-06 05:54:04
CGK,departures,2026-08-05,09:00,09:14,QG640,CTV640,LOP,Lombok International Airport,Citilink Garuda Indonesia,QG,A320,Airbus A320-214,PK-GQT,Departed 09:14,2026-08-06 05:54:04
CGK,departures,2026-08-05,09:00,08:58,QG490,CTV490,BDJ,Banjarmasin Syamsudin Noor Airport,Citilink,QG,A320,Airbus A320-214,PK-GLR,Departed 08:58,2026-08-06 05:54:04
CGK,departures,2026-08-05,09:00,09:10,OD399,MXD399,KUL,Kuala Lumpur International Airport,Batik Air,ID,B738,Boeing 737-86N,9M-LDK,Departed 09:10,2026-08-06 05:54:04
CGK,departures,2026-08-05,09:00,09:19,JT3292,LNI3292,PKU,Pekanbaru Sultan Syarif Kasim II Airport,Lion Air,JT,B738,Boeing 737-8GP,PK-LOQ,Departed 09:19,2026-08-06 05:54:04
CGK,departures,2026-08-05,09:00,09:15,ID7157,BTK7157,SIN,Singapore Changi Airport,Batik Air,ID,A320,Airbus A320-214,PK-LUY,Departed 09:15,2026-08-06 05:54:04
CGK,departures,2026-08-05,09:05,10:04,JT694,LNI694,SUB,Surabaya Juanda International Airport,Lion Air,JT,B738,Boeing 737-8GP,PK-LOR,Departed 10:04,2026-08-06 05:54:01
CGK,departures,2026-08-05,09:05,09:50,JT241,,SUB,Surabaya Juanda International Airport,Lion Air,JT,739,,,Estimated dep 09:50*,2026-08-06 05:54:01
CGK,departures,2026-08-05,09:05,,ID6762,,UPG,Makassar Sultan Hasanuddin International Airport,Batik Air,ID,32A,,,Unknown,2026-08-06 05:54:01
CGK,departures,2026-08-05,09:05,,ID6554,,UPG,Makassar Sultan Hasanuddin International Airport,Batik Air,ID,32A,,,Unknown,2026-08-06 05:54:01
CGK,departures,2026-08-05,09:05,09:32,ID6256,BTK6256,AAP,Samarinda AP Tumenggung Pranoto Airport,Batik Air,ID,A320,Airbus A320-214,PK-BLD,Departed 09:32,2026-08-06 05:54:01
CGK,departures,2026-08-05,09:05,09:31,QG932,CTV932,PKU,Pekanbaru Sultan Syarif Kasim II Airport,Citilink,QG,A20N,Airbus A320-251N,PK-GTA,Departed 09:31,2026-08-06 05:54:01
CGK,departures,2026-08-05,09:05,09:34,ID6292,BTK6292,UPG,Makassar Sultan Hasanuddin International Airport,Batik Air,ID,A320,Airbus A320-214,PK-LUU,Departed 09:34,2026-08-06 05:54:01
CGK,departures,2026-08-05,09:05,09:26,GA126,GIA126,DJB,Jambi Sultan Thaha Airport,Garuda Indonesia,GA,B738,Boeing 737-8BK,PK-GFG,Departed 09:26,2026-08-06 05:54:01
CGK,departures,2026-08-05,09:10,06:00,SJ74,,PGK,Pangkal Pinang Depati Amir Airport,Sriwijaya Air,SJ,735,,,Estimated dep 06:00,2026-08-06 05:54:01
CGK,departures,2026-08-05,09:10,09:17,IP102,PAS102,DPS,Denpasar Ngurah Rai International Airport,Pelita Air,IP,A320,Airbus A320-232,PK-PWL,Departed 09:17,2026-08-06 05:54:01
CGK,departures,2026-08-05,09:10,09:23,CZ388,CSN388,CAN,Guangzhou Baiyun International Airport,China Southern Airlines,CZ,A21N,Airbus A321-253NX,B-322A,Departed 09:23,2026-08-06 05:54:01
CGK,departures,2026-08-05,09:10,09:29,SV817,SVA817,JED,Jeddah King Abdulaziz International Airport,Saudia,SV,B77W,Boeing 777-3FG(ER),HZ-AK34,Departed 09:29,2026-08-06 05:54:01
CGK,departures,2026-08-05,09:10,09:22,QG994,CTV994,TKG,Bandar Lampung Radin Inten II Airport,Citilink,QG,A320,Airbus A320-214,PK-GLG,Departed 09:22,2026-08-06 05:54:01
CGK,departures,2026-08-05,09:10,09:23,QG772,CTV772,YIA,Yogyakarta International Airport,Citilink,QG,A20N,Airbus A320-251N,PK-GTF,Departed 09:23,2026-08-06 05:54:01
CGK,departures,2026-08-05,09:10,09:31,MH712,MAS712,KUL,Kuala Lumpur International Airport,Malaysia Airlines,MH,B38M,Boeing 737 MAX 8,9M-MVM,Departed 09:31,2026-08-06 05:54:01
CGK,departures,2026-08-05,09:15,09:25,QG718,CTV718,SUB,Surabaya Juanda International Airport,Citilink,QG,A320,Airbus A320-214,PK-GQP,Departed 09:25,2026-08-06 05:54:01
CGK,departures,2026-08-05,09:15,,ID7161,,PEN,Penang International Airport,Batik Air,ID,738,,,Unknown,2026-08-06 05:54:01
CGK,departures,2026-08-05,09:15,09:34,GA406,GIA406,DPS,Denpasar Ngurah Rai International Airport,Garuda Indonesia,GA,B738,Boeing 737-8U3,PK-GFV,Departed 09:34,2026-08-06 05:54:01
CGK,departures,2026-08-05,09:20,09:46,GA600,GIA600,MDC,Manado Sam Ratulangi International Airport,Garuda Indonesia,GA,B738,Boeing 737-8U3,PK-GMM,Departed 09:46,2026-08-06 05:54:01
CGK,departures,2026-08-05,09:20,09:38,GA202,GIA202,YIA,Yogyakarta International Airport,Garuda Indonesia,GA,B738,Boeing 737-8U3,PK-GMC,Departed 09:38,2026-08-06 05:54:01
CGK,departures,2026-08-05,09:25,09:37,SQ955,SIA955,SIN,Singapore Changi Airport,Singapore Airlines,SQ,A359,Airbus A350-941,9V-SJH,Departed 09:37,2026-08-06 05:54:01
CGK,departures,2026-08-05,09:25,09:50,ID7631,BTK7631,DMK,Bangkok Don Mueang International Airport,Batik Air,ID,A320,Airbus A320-214,PK-LAW,Departed 09:50,2026-08-06 05:54:01
CGK,departures,2026-08-05,09:25,09:36,ID6824,BTK6824,TNJ,Tanjung Pinang Raja Haji Fisabilillah Airport,Batik Air,ID,A320,Airbus A320-214,PK-LUH,Departed 09:36,2026-08-06 05:54:01
CGK,departures,2026-08-05,09:25,09:43,GA148,GIA148,PDG,Padang Minangkabau International Airport,Garuda Indonesia,GA,B738,Boeing 737-8U3,PK-GNG,Departed 09:43,2026-08-06 05:54:01
CGK,departures,2026-08-05,09:30,10:58,JT170,LNI170,TKG,Bandar Lampung Radin Inten II Airport,Lion Air,JT,B738,Boeing 737-8GP,PK-LJQ,Departed 10:58,2026-08-06 05:54:01
CGK,departures,2026-08-05,09:30,,ID6658,,LOP,Lombok International Airport,Batik Air,ID,32A,,,Canceled,2026-08-06 05:54:01
CGK,departures,2026-08-05,09:30,09:55,GA866,GIA866,BKK,Bangkok Suvarnabhumi Airport,Garuda Indonesia,GA,B738,Boeing 737-8U3,PK-GMD,Departed 09:55,2026-08-06 05:54:01
CGK,departures,2026-08-05,09:30,09:54,GA404,GIA404,DPS,Denpasar Ngurah Rai International Airport,Garuda Indonesia,GA,B738,Boeing 737-8U3,PK-GMY,Departed 09:54,2026-08-06 05:54:01
CGK,departures,2026-08-05,09:30,10:04,GA184,GIA184,KNO,Medan Kuala Namu International Airport,Garuda Indonesia,GA,B738,Boeing 737-8H6,PK-GUL,Departed 10:04,2026-08-06 05:54:01
CGK,departures,2026-08-05,09:35,09:51,TR275,TGW275,SIN,Singapore Changi Airport,Scoot,TR,A320,Airbus A320-232,9V-TRT,Departed 09:51,2026-08-06 05:54:01
CGK,departures,2026-08-05,09:35,,JT712,,PNK,Pontianak Supadio Airport,Lion Air,JT,738,,,Unknown,2026-08-06 05:54:01
CGK,departures,2026-08-05,09:35,09:59,QZ530,AWQ530,KCH,Kuching International Airport,AirAsia,AK,A320,Airbus A320-214,PK-AZA,Departed 09:59,2026-08-06 05:54:01
CGK,departures,2026-08-05,09:35,09:51,QG752,CTV752,MLG,Malang Abdul Rachman Saleh Airport,Citilink,QG,A320,Airbus A320-214,PK-GLN,Departed 09:51,2026-08-06 05:54:01
CGK,departures,2026-08-05,09:35,09:57,GA152,GIA152,BTH,Batam Hang Nadim Airport,Garuda Indonesia,GA,B738,Boeing 737-8U3,PK-GMP,Departed 09:57,2026-08-06 05:54:01
CGK,departures,2026-08-05,09:40,09:40,SJ60,,DJB,Jambi Sultan Thaha Airport,Sriwijaya Air,SJ,735,,,Estimated dep 09:40*,2026-08-06 05:54:01
CGK,departures,2026-08-05,09:40,09:39,IN78,LKN078,PGK,Pangkal Pinang Depati Amir Airport,Nam Air,IN,B735,Boeing 737-524,PK-NAU,Departed 09:39,2026-08-06 05:54:01
CGK,departures,2026-08-05,09:40,09:40,SJ72,,PGK,Pangkal Pinang Depati Amir Airport,Sriwijaya Air,SJ,735,,,Estimated dep 09:40*,2026-08-06 05:54:01
CGK,departures,2026-08-05,09:40,12:58,JT34,LNI034,DPS,Denpasar Ngurah Rai International Airport,Lion Air,JT,B739,Boeing 737-9GP(ER),PK-LFW,Departed 12:58,2026-08-06 05:54:01
CGK,departures,2026-08-05,09:40,10:02,GA646,GIA646,AMQ,Ambon Pattimura Airport,Garuda Indonesia,GA,B738,Boeing 737-8U3,PK-GFP,Departed 10:02,2026-08-06 05:54:01
CGK,departures,2026-08-05,09:45,10:21,QZ802,AWQ802,DPS,Denpasar Ngurah Rai International Airport,AirAsia (Sustainable ASEAN Tourism Livery),AK,A320,Airbus A320-216,PK-AZS,Departed 10:21,2026-08-06 05:54:01
CGK,departures,2026-08-05,09:50,10:02,ID6526,BTK6526,LBJ,Labuan Bajo Komodo Airport,Batik Air,ID,A320,Airbus A320-214,PK-LAM,Departed 10:02,2026-08-06 05:54:01
CGK,departures,2026-08-05,09:50,09:50,JT2778,,UPG,Makassar Sultan Hasanuddin International Airport,Lion Air,JT,738,,,Estimated dep 09:50*,2026-08-06 05:54:01
CGK,departures,2026-08-05,09:50,11:32,JT1774,,UPG,Makassar Sultan Hasanuddin International Airport,Lion Air,JT,738,,,Unknown,2026-08-06 05:54:01
CGK,departures,2026-08-05,09:50,12:48,JT1740,,UPG,Makassar Sultan Hasanuddin International Airport,Lion Air,JT,739,,,Unknown,2026-08-06 05:54:01
CGK,departures,2026-08-05,09:50,,IU626,,BDJ,Banjarmasin Syamsudin Noor Airport,Super Air Jet,IU,320,,,Canceled,2026-08-06 05:54:01
CGK,departures,2026-08-05,09:50,,ID6819,,YIA,Yogyakarta International Airport,Batik Air,ID,32A,,,Unknown,2026-08-06 05:54:01
CGK,departures,2026-08-05,09:50,,ID6807,,SRG,Semarang Achmad Yani International Airport,Batik Air,ID,32A,,,Unknown,2026-08-06 05:54:01
CGK,departures,2026-08-05,09:50,10:43,ID6378,BTK6378,YIA,Yogyakarta International Airport,Batik Air,ID,A320,Airbus A320-232,PK-BKL,Departed 10:43,2026-08-06 05:54:01
CGK,departures,2026-08-05,09:50,10:10,ID6350,BTK6350,SRG,Semarang Achmad Yani International Airport,Batik Air,ID,A320,Airbus A320-233,PK-BKG,Departed 10:10,2026-08-06 05:54:01
CGK,departures,2026-08-05,09:50,10:01,QG984,CTV984,PLM,Palembang International Airport,Citilink,QG,A320,Airbus A320-214,PK-GQH,Departed 10:01,2026-08-06 05:54:01
CGK,departures,2026-08-05,09:50,09:54,JT774,LNI774,UPG,Makassar Sultan Hasanuddin International Airport,Lion Air,JT,B738,Boeing 737-8GP,PK-LOI,Departed 09:54,2026-08-06 05:54:01
CGK,departures,2026-08-05,10:00,,IU830,,BKS,Bengkulu Fatmawati Soekarno Airport,Super Air Jet,IU,320,,,Canceled,2026-08-06 05:54:01
CGK,departures,2026-08-05,10:00,10:13,ID7282,BTK7282,KUL,Kuala Lumpur International Airport,Batik Air,ID,B738,Boeing 737-8GP,PK-LZV,Departed 10:13,2026-08-06 05:54:01
CGK,departures,2026-08-05,10:00,10:06,AK1572,AXM1572,PEN,Penang International Airport,AirAsia (Legend Heroes Park Livery),AK,A320,Airbus A320-216,9M-AFV,Departed 10:06,2026-08-06 05:54:01
CGK,departures,2026-08-05,10:00,10:09,QG686,CTV686,DPS,Denpasar Ngurah Rai International Airport,Citilink,QG,A320,Airbus A320-214,PK-GQF,Departed 10:09,2026-08-06 05:54:01
CGK,departures,2026-08-05,10:05,10:17,JT206,LNI206,KNO,Medan Kuala Namu International Airport,Lion Air,JT,B39M,Boeing 737 MAX 9,PK-LRH,Departed 10:17,2026-08-06 05:54:01
CGK,departures,2026-08-05,10:05,,IU842,,DJB,Jambi Sultan Thaha Airport,Super Air Jet,IU,320,,,Canceled,2026-08-06 05:54:01
CGK,departures,2026-08-05,10:05,11:07,JT390,LNI390,PKU,Pekanbaru Sultan Syarif Kasim II Airport,Lion Air,JT,B739,Boeing 737-9GP(ER),PK-LQS,Departed 11:07,2026-08-06 05:54:01
CGK,departures,2026-08-05,10:15,,IU822,,PGK,Pangkal Pinang Depati Amir Airport,Super Air Jet,IU,320,,,Canceled,2026-08-06 05:54:01
CGK,departures,2026-08-05,10:15,11:25,ID6864,BTK6864,BTH,Batam Hang Nadim Airport,Batik Air,ID,A320,Airbus A320-214,PK-LUW,Departed 11:25,2026-08-06 05:54:01
CGK,departures,2026-08-05,10:20,10:24,ID6674,BTK6674,TRK,Tarakan Juwata International Airport,Batik Air (Book Cabin Sticker),ID,A320,Airbus A320-214,PK-LAF,Departed 10:24,2026-08-06 05:54:01
CGK,departures,2026-08-05,10:20,10:40,GA136,GIA136,PGK,Pangkal Pinang Depati Amir Airport,Garuda Indonesia (Ayo Pakai Masker Livery),GA,B738,Boeing 737-81D,PK-GFQ,Departed 10:40,2026-08-06 05:54:01
CGK,departures,2026-08-05,10:25,,IU902,,PDG,Padang Minangkabau International Airport,Super Air Jet,IU,320,,,Canceled,2026-08-06 05:54:01
CGK,departures,2026-08-05,10:25,10:49,IU356,SJV356,DHX,Kediri Dhoho International Airport,Super Air Jet,IU,A320,Airbus A320-232,PK-SJA,Departed 10:49,2026-08-06 05:54:01
CGK,departures,2026-08-05,10:25,10:28,QG974,CTV974,TNJ,Tanjung Pinang Raja Haji Fisabilillah Airport,Citilink,QG,A320,Airbus A320-214,PK-GQK,Departed 10:28,2026-08-06 05:54:01
CGK,departures,2026-08-05,10:25,10:33,QG970,CTV970,PGK,Pangkal Pinang Depati Amir Airport,Citilink (Tiket.com Livery),QG,A320,Airbus A320-214,PK-GLW,Departed 10:33,2026-08-06 05:54:01
CGK,departures,2026-08-05,10:25,10:46,GA104,GIA104,PLM,Palembang International Airport,Garuda Indonesia,GA,B738,Boeing 737-8U3,PK-GUG,Departed 10:46,2026-08-06 05:54:01
CGK,departures,2026-08-05,10:30,10:51,TUN5106,TNU5106,DPS,Denpasar Ngurah Rai International Airport,TransNusa,8B,A320,Airbus A320-214,PK-TLF,Departed 10:51,2026-08-06 05:54:01
CGK,departures,2026-08-05,10:30,10:36,QG990,CTV990,BKS,Bengkulu Fatmawati Soekarno Airport,Citilink,QG,A320,Airbus A320-214,PK-GLQ,Departed 10:36,2026-08-06 05:54:01
CGK,departures,2026-08-05,10:40,10:55,8B5530,TNU5530,YIA,Yogyakarta International Airport,TransNusa,8B,A321,Airbus A321-211,PK-TLM,Departed 10:55,2026-08-06 05:54:01
CGK,departures,2026-08-05,10:40,10:57,IU994,SJV994,BTJ,Banda Aceh International Airport,Super Air Jet,IU,A320,Airbus A320-232,PK-SJW,Departed 10:57,2026-08-06 05:54:01
CGK,departures,2026-08-05,10:40,11:00,IP204,PAS204,SUB,Surabaya Juanda International Airport,Pelita Air,IP,A320,Airbus A320-214,PK-PWH,Departed 11:00,2026-08-06 05:54:01
CGK,departures,2026-08-05,10:40,11:05,ID6050,BTK6050,DPS,Denpasar Ngurah Rai International Airport,Batik Air,ID,A320,Airbus A320-214,PK-LUP,Departed 11:05,2026-08-06 05:54:01
CGK,departures,2026-08-05,10:45,10:58,IU878,SJV878,PLM,Palembang International Airport,Super Air Jet,IU,A320,Airbus A320-232,PK-SAH,Departed 10:58,2026-08-06 05:54:01
CGK,departures,2026-08-05,10:50,11:10,IU650,SJV650,PKY,Palangkaraya Tjilik Riwut Airport,Super Air Jet,IU,A320,Airbus A320-232,PK-SJZ,Departed 11:10,2026-08-06 05:54:01
CGK,departures,2026-08-05,10:50,11:02,GA238,GIA238,SRG,Semarang Achmad Yani International Airport,Garuda Indonesia,GA,B738,Boeing 737-8U3,PK-GNM,Departed 11:02,2026-08-06 05:54:01
CGK,departures,2026-08-05,10:55,,TH1022,,SZB,Kuala Lumpur Subang Airport,Raya Airways,TH,76X,,,Unknown,2026-08-06 05:54:01
CGK,departures,2026-08-05,10:55,,IU912,,PKU,Pekanbaru Sultan Syarif Kasim II Airport,Super Air Jet,IU,320,,,Canceled,2026-08-06 05:54:01
CGK,departures,2026-08-05,11:00,11:22,SQ957,SIA957,SIN,Singapore Changi Airport,Singapore Airlines,SQ,A359,Airbus A350-941,9V-SMZ,Departed 11:22,2026-08-06 05:54:01
CGK,departures,2026-08-05,11:00,,ID7155,,SIN,Singapore Changi Airport,Batik Air,ID,738,,,Canceled,2026-08-06 05:54:01
CGK,departures,2026-08-05,11:00,11:36,ID6656,BTK6656,LOP,Lombok International Airport,Batik Air,ID,A320,Airbus A320-214,PK-BKU,Departed 11:36,2026-08-06 05:54:01
CGK,departures,2026-08-05,11:00,11:07,ID6250,BTK6250,BPN,Balikpapan Sepinggan Airport,Batik Air,ID,B738,Boeing 737-8GP,PK-LDJ,Departed 11:07,2026-08-06 05:54:01
CGK,departures,2026-08-05,11:00,11:14,QG942,CTV942,BTH,Batam Hang Nadim Airport,Citilink,QG,A320,Airbus A320-214,PK-GLK,Departed 11:14,2026-08-06 05:54:01
CGK,departures,2026-08-05,11:00,11:19,GA430,GIA430,LOP,Lombok International Airport,Garuda Indonesia,GA,B738,Boeing 737-8U3,PK-GMW,Departed 11:19,2026-08-06 05:54:01
CGK,departures,2026-08-05,11:00,11:12,8B673,TNU673,KUL,Kuala Lumpur International Airport,TransNusa,8B,A321,Airbus A321-211,PK-TLK,Departed 11:12,2026-08-06 05:54:01
CGK,departures,2026-08-05,11:10,,JT24,,DPS,Denpasar Ngurah Rai International Airport,Lion Air,JT,738,,,Canceled,2026-08-06 05:54:01
CGK,departures,2026-08-05,11:10,11:17,ID6710,BTK6710,TKG,Bandar Lampung Radin Inten II Airport,Batik Air,ID,A320,Airbus A320-214,PK-BLC,Departed 11:17,2026-08-06 05:54:01
CGK,departures,2026-08-05,11:10,,ID6369,,TKG,Bandar Lampung Radin Inten II Airport,Batik Air,ID,32A,,,Unknown,2026-08-06 05:54:01
CGK,departures,2026-08-05,11:10,11:32,QZ526,AWQ526,BKI,Kota Kinabalu International Airport,AirAsia (Colours of Indonesia Livery),AK,A320,Airbus A320-216,PK-AXD,Departed 11:32,2026-08-06 05:54:01
CGK,departures,2026-08-05,11:10,11:24,QG422,CTV422,AAP,Samarinda AP Tumenggung Pranoto Airport,Citilink,QG,A320,Airbus A320-214,PK-GQJ,Departed 11:24,2026-08-06 05:54:01
CGK,departures,2026-08-05,11:10,11:38,MH710,MAS710,KUL,Kuala Lumpur International Airport,Malaysia Airlines,MH,B738,Boeing 737-8H6,9M-MLP,Departed 11:38,2026-08-06 05:54:01
CGK,departures,2026-08-05,11:10,11:34,IU680,SJV680,PNK,Pontianak Supadio Airport,Super Air Jet,IU,A320,Airbus A320-232,PK-SJI,Departed 11:34,2026-08-06 05:54:01
CGK,departures,2026-08-05,11:10,11:28,GA992,GIA992,JED,Jeddah King Abdulaziz International Airport,Garuda Indonesia (Republic of Indonesia Livery),GA,B77W,Boeing 777-3U3(ER),PK-GIF,Departed 11:28,2026-08-06 05:54:01
CGK,departures,2026-08-05,11:15,11:27,QG416,CTV416,PNK,Pontianak Supadio Airport,Citilink,QG,A320,Airbus A320-214,PK-GLP,Departed 11:27,2026-08-06 05:54:01
CGK,departures,2026-08-05,11:20,11:31,QG916,CTV916,KNO,Medan Kuala Namu International Airport,Citilink,QG,A320,Airbus A320-214,PK-GQA,Departed 11:31,2026-08-06 05:54:01
CGK,departures,2026-08-05,11:25,11:41,IP632,PAS632,PNK,Pontianak Supadio Airport,Pelita Air,IP,A320,Airbus A320-216,PK-PWN,Departed 11:41,2026-08-06 05:54:01
CGK,departures,2026-08-05,11:25,11:25,IN290,,PKN,Pangkalan Bun Iskandar Airport,Nam Air,IN,735,,,Estimated dep 11:25*,2026-08-06 05:54:01
CGK,departures,2026-08-05,11:25,11:44,QG790,CTV790,SRG,Semarang Achmad Yani International Airport,Citilink,QG,A320,Airbus A320-214,PK-GLI,Departed 11:44,2026-08-06 05:54:01
CGK,departures,2026-08-05,11:30,11:52,IU958,SJV958,DTB,Siborong-Borong Silangit Airport,Super Air Jet,IU,A320,Airbus A320-232,PK-SAW,Departed 11:52,2026-08-06 05:53:58
CGK,departures,2026-08-05,11:30,14:12,CI5870,,HAN,Hanoi Noi Bai International Airport,China Airlines Cargo,CI,B744,Boeing 747-409F,B-18720,Unknown,2026-08-06 05:53:58
CGK,departures,2026-08-05,11:30,11:59,GA208,GIA208,YIA,Yogyakarta International Airport,Garuda Indonesia,GA,B738,Boeing 737-8SH,PK-GUD,Departed 11:59,2026-08-06 05:54:01
CGK,departures,2026-08-05,11:35,11:48,GA186,GIA186,KNO,Medan Kuala Namu International Airport,Garuda Indonesia,GA,B738,Boeing 737-8SA,PK-GUI,Departed 11:48,2026-08-06 05:53:58
CGK,departures,2026-08-05,11:40,11:55,IP322,PAS322,PKU,Pekanbaru Sultan Syarif Kasim II Airport,Pelita Air,IP,A320,Airbus A320-214,PK-PWP,Departed 11:55,2026-08-06 05:53:58
CGK,departures,2026-08-05,11:40,12:09,ID7531,BTK7531,SOC,Surakarta Adisumarmo International Airport,Batik Air,ID,A320,Airbus A320-214,PK-LAT,Departed 12:09,2026-08-06 05:53:58
CGK,departures,2026-08-05,11:40,,ID6863,,SOC,Surakarta Adisumarmo International Airport,Batik Air,ID,32A,,,Unknown,2026-08-06 05:53:58
CGK,departures,2026-08-05,11:45,12:12,8B5286,TNU5286,SKJ,Singkawang Airport,TransNusa,8B,A320,Airbus A320-214,PK-TLO,Departed 12:12,2026-08-06 05:53:58
CGK,departures,2026-08-05,11:45,12:09,GA512,GIA512,PNK,Pontianak Supadio Airport,Garuda Indonesia,GA,B738,Boeing 737-8SH,PK-GUJ,Departed 12:09,2026-08-06 05:53:58
CGK,departures,2026-08-05,11:45,12:05,QZ204,AWQ204,KUL,Kuala Lumpur International Airport,AirAsia,AK,A320,Airbus A320-216,PK-AZO,Departed 12:05,2026-08-06 05:53:58
CGK,departures,2026-08-05,11:45,11:52,QG452,CTV452,PKY,Palangkaraya Tjilik Riwut Airport,Citilink,QG,A320,Airbus A320-214,PK-GQG,Departed 11:52,2026-08-06 05:53:58
CGK,departures,2026-08-05,11:50,12:14,QG736,CTV736,SUB,Surabaya Juanda International Airport,Citilink,QG,A20N,Airbus A320-251N,PK-GTG,Departed 12:14,2026-08-06 05:53:58
CGK,departures,2026-08-05,11:50,12:01,ID6870,BTK6870,PLM,Palembang International Airport,Batik Air,ID,A320,Airbus A320-232,PK-BKJ,Departed 12:01,2026-08-06 05:53:58
CGK,departures,2026-08-05,11:50,12:42,ID6280,BTK6280,MDC,Manado Sam Ratulangi International Airport,Batik Air,ID,B738,Boeing 737-86N,PK-BGZ,Departed 12:42,2026-08-06 05:53:58
CGK,departures,2026-08-05,11:50,12:04,GA990,GIA990,JED,Jeddah King Abdulaziz International Airport,Garuda Indonesia,GA,B77W,Boeing 777-3U3(ER),PK-GIC,Departed 12:04,2026-08-06 05:53:58
CGK,departures,2026-08-05,11:50,12:16,GA832,GIA832,SIN,Singapore Changi Airport,Garuda Indonesia,GA,B738,Boeing 737-8U3,PK-GMI,Departed 12:16,2026-08-06 05:53:58
CGK,departures,2026-08-05,11:50,12:20,GA174,GIA174,PKU,Pekanbaru Sultan Syarif Kasim II Airport,Garuda Indonesia,GA,B738,Boeing 737-8U3,PK-GMV,Departed 12:20,2026-08-06 05:53:58
CGK,departures,2026-08-05,11:55,12:14,8B153,TNU153,SIN,Singapore Changi Airport,TransNusa,8B,A320,Airbus A320-214,PK-TLD,Departed 12:14,2026-08-06 05:53:58
CGK,departures,2026-08-05,11:55,12:17,TR277,TGW277,SIN,Singapore Changi Airport,Scoot,TR,A20N,Airbus A320-271N,9V-TNI,Departed 12:17,2026-08-06 05:53:58
CGK,departures,2026-08-05,11:55,12:07,QG976,CTV976,TJQ,Tanjung Pandan Buluh Tumbang Airport,Citilink,QG,A320,Airbus A320-214,PK-GLG,Departed 12:07,2026-08-06 05:53:58
CGK,departures,2026-08-05,11:55,12:30,GA146,GIA146,BTJ,Banda Aceh International Airport,Garuda Indonesia,GA,B738,Boeing 737-8U3,PK-GUF,Departed 12:30,2026-08-06 05:53:58
CGK,departures,2026-08-05,12:00,12:19,IP108,PAS108,DPS,Denpasar Ngurah Rai International Airport,Pelita Air,IP,A320,Airbus A320-214,PK-PWK,Departed 12:19,2026-08-06 05:53:58
CGK,departures,2026-08-05,12:00,12:56,ID6800,BTK6800,BUU,Muara Bungo Airport,Batik Air,ID,A320,Airbus A320-214,PK-LAL,Departed 12:56,2026-08-06 05:53:58
CGK,departures,2026-08-05,12:00,12:36,QZ474,AWQ474,KTI,Phnom Penh Techo International Airport,AirAsia,AK,A320,Airbus A320-216,PK-AXT,Departed 12:36,2026-08-06 05:53:58
CGK,departures,2026-08-05,12:05,12:22,GA980,GIA980,JED,Jeddah King Abdulaziz International Airport,Garuda Indonesia (Ayo Pakai Masker Livery),GA,B77W,Boeing 777-3U3(ER),PK-GIJ,Departed 12:22,2026-08-06 05:53:58
CGK,departures,2026-08-05,12:10,12:25,GA312,GIA312,SUB,Surabaya Juanda International Airport,Garuda Indonesia,GA,B738,Boeing 737-86N,PK-GFS,Departed 12:25,2026-08-06 05:53:58
CGK,departures,2026-08-05,12:15,12:28,JX762,SJX762,TPE,Taipei Taoyuan International Airport,STARLUX,JX,A21N,Airbus A321-252NX,B-58213,Departed 12:28,2026-08-06 05:53:58
CGK,departures,2026-08-05,12:15,12:52,QZ860,AWQ860,LBJ,Labuan Bajo Komodo Airport,AirAsia,AK,A320,Airbus A320-216,PK-AZL,Departed 12:52,2026-08-06 05:53:58
CGK,departures,2026-08-05,12:25,13:20,IU854,SJV854,BTH,Batam Hang Nadim Airport,Super Air Jet,IU,A320,Airbus A320-232,PK-SJC,Departed 13:20,2026-08-06 05:53:58
CGK,departures,2026-08-05,12:25,14:14,IU686,SJV686,SKJ,Singkawang Airport,Super Air Jet,IU,A320,Airbus A320-232,PK-SJR,Departed 14:14,2026-08-06 05:53:58
CGK,departures,2026-08-05,12:25,12:49,IP302,PAS302,KNO,Medan Kuala Namu International Airport,Pelita Air,IP,A320,Airbus A320-214,PK-PWD,Departed 12:49,2026-08-06 05:53:58
CGK,departures,2026-08-05,12:25,12:36,QG906,CTV906,BKS,Bengkulu Fatmawati Soekarno Airport,Citilink,QG,A320,Airbus A320-214,PK-GLT,Departed 12:36,2026-08-06 05:53:58
CGK,departures,2026-08-05,12:25,,JT172,,TKG,Bandar Lampung Radin Inten II Airport,Lion Air,JT,738,,,Canceled,2026-08-06 05:53:58
CGK,departures,2026-08-05,12:30,,IU630,,BDJ,Banjarmasin Syamsudin Noor Airport,Super Air Jet,IU,320,,,Canceled,2026-08-06 05:53:58
CGK,departures,2026-08-05,12:30,,IP312,,PLM,Palembang International Airport,Pelita Air,IP,320,,,Unknown,2026-08-06 05:53:58
CGK,departures,2026-08-05,12:30,12:39,QG512,CTV512,DMK,Bangkok Don Mueang International Airport,Citilink,QG,A320,Airbus A320-214,PK-GQQ,Departed 12:39,2026-08-06 05:53:58
CGK,departures,2026-08-05,12:30,12:47,IP354,PAS354,PDG,Padang Minangkabau International Airport,Pelita Air,IP,A320,Airbus A320-214,PK-PWQ,Departed 12:47,2026-08-06 05:53:58
CGK,departures,2026-08-05,12:30,12:44,ID7151,BTK7151,SIN,Singapore Changi Airport,Batik Air,ID,A320,Airbus A320-232,PK-BKR,Departed 12:44,2026-08-06 05:53:58
CGK,departures,2026-08-05,12:35,13:07,TG434,THA434,BKK,Bangkok Suvarnabhumi Airport,Thai Airways,TG,A333,Airbus A330-343,HS-TEV,Departed 13:07,2026-08-06 05:53:58
CGK,departures,2026-08-05,12:35,12:38,IU350,SJV350,SMQ,Sampit Airport,Super Air Jet,IU,A320,Airbus A320-232,PK-SJF,Departed 12:38,2026-08-06 05:53:58
CGK,departures,2026-08-05,12:35,13:23,IP142,PAS142,LOP,Lombok International Airport,Pelita Air,IP,A320,Airbus A320-214,PK-PWO,Departed 13:23,2026-08-06 05:53:58
CGK,departures,2026-08-05,12:35,12:54,IU866,SJV866,PKU,Pekanbaru Sultan Syarif Kasim II Airport,Super Air Jet,IU,A320,Airbus A320-232,PK-SAL,Departed 12:54,2026-08-06 05:53:58
CGK,departures,2026-08-05,12:35,13:00,GA74,GIA074,TKG,Bandar Lampung Radin Inten II Airport,Garuda Indonesia (Pocari Sweat Livery),GA,B738,Boeing 737-86N,PK-GNN,Departed 13:00,2026-08-06 05:53:58
CGK,departures,2026-08-05,12:40,,JT782,,UPG,Makassar Sultan Hasanuddin International Airport,Lion Air,JT,739,,,Canceled,2026-08-06 05:53:58
CGK,departures,2026-08-05,12:45,,IU258,,KDI,Kendari Haluoleo Airport,Super Air Jet,IU,320,,,Canceled,2026-08-06 05:53:58
CGK,departures,2026-08-05,12:45,13:10,GA156,GIA156,BTH,Batam Hang Nadim Airport,Garuda Indonesia,GA,B738,Boeing 737-8U3,PK-GNA,Departed 13:10,2026-08-06 05:53:58
CGK,departures,2026-08-05,12:50,12:50,SJ52,,TJQ,Tanjung Pandan Buluh Tumbang Airport,Sriwijaya Air,SJ,735,,,Estimated dep 12:50*,2026-08-06 05:53:58
CGK,departures,2026-08-05,12:50,13:02,ID6342,BTK6342,SRG,Semarang Achmad Yani International Airport,Batik Air,ID,A320,Airbus A320-214,PK-LUI,Departed 13:02,2026-08-06 05:53:58
CGK,departures,2026-08-05,12:50,13:42,ID6564,BTK6564,MLG,Malang Abdul Rachman Saleh Airport,Batik Air,ID,A320,Airbus A320-214,PK-BKT,Departed 13:42,2026-08-06 05:53:58
CGK,departures,2026-08-05,12:55,13:30,8B677,TNU677,KUL,Kuala Lumpur International Airport,TransNusa,8B,A321,Airbus A321-211,PK-TLG,Departed 13:30,2026-08-06 05:53:58
CGK,departures,2026-08-05,12:55,13:16,OD347,MXD347,SZB,Kuala Lumpur Subang Airport,Batik Air,ID,B738,Boeing 737-8GP,9M-LNC,Departed 13:16,2026-08-06 05:53:58
CGK,departures,2026-08-05,12:55,13:13,ID7109,BTK7109,PDG,Padang Minangkabau International Airport,Batik Air,ID,B738,Boeing 737-8GP,PK-LDK,Departed 13:13,2026-08-06 05:53:58
CGK,departures,2026-08-05,13:00,,RI160,,BTJ,Banda Aceh International Airport,Rimbun Air,RI,73Y,,,Unknown,2026-08-06 05:53:58
CGK,departures,2026-08-05,13:00,13:28,IP602,PAS602,BPN,Balikpapan Sepinggan Airport,Pelita Air,IP,A320,Airbus A320-214,PK-PWJ,Departed 13:28,2026-08-06 05:53:58
CGK,departures,2026-08-05,13:00,13:05,QG918,CTV918,KNO,Medan Kuala Namu International Airport,Citilink,QG,A320,Airbus A320-214,PK-GQN,Departed 13:05,2026-08-06 05:53:58
CGK,departures,2026-08-05,13:00,13:25,IU722,SJV722,LBJ,Labuan Bajo Komodo Airport,Super Air Jet (Our Super 50th Jet Livery),IU,A320,Airbus A320-232,PK-STQ,Departed 13:25,2026-08-06 05:53:58
CGK,departures,2026-08-05,13:05,,ID6899,,YIA,Yogyakarta International Airport,Batik Air,ID,32A,,,Unknown,2026-08-06 05:53:58
CGK,departures,2026-08-05,13:05,13:33,ID6344,BTK6344,YIA,Yogyakarta International Airport,Batik Air,ID,A320,Airbus A320-214,PK-BKP,Departed 13:33,2026-08-06 05:53:58
CGK,departures,2026-08-05,13:10,13:36,GA532,GIA532,BDJ,Banjarmasin Syamsudin Noor Airport,Garuda Indonesia (Pokémon Livery),GA,B738,Boeing 737-8U3,PK-GMU,Departed 13:36,2026-08-06 05:53:58
CGK,departures,2026-08-05,13:10,13:42,BI736,RBA736,BWN,Brunei International Airport,Royal Brunei Airlines (Brunei Tourism Livery),BI,A20N,Airbus A320-251N,V8-RBD,Departed 13:42,2026-08-06 05:53:58
CGK,departures,2026-08-05,13:10,13:18,AK352,AXM352,KUL,Kuala Lumpur International Airport,AirAsia,AK,A20N,Airbus A320-251N,9M-RAM,Departed 13:18,2026-08-06 05:53:58
CGK,departures,2026-08-05,13:15,13:55,JT210,LNI210,KNO,Medan Kuala Namu International Airport,Lion Air,JT,B738,Boeing 737-8GP,PK-LPK,Departed 13:55,2026-08-06 05:53:58
CGK,departures,2026-08-05,13:15,14:06,CZ3038,CSN3038,CAN,Guangzhou Baiyun International Airport,China Southern Airlines,CZ,A21N,Airbus A321-251NX,B-32M7,Departed 14:06,2026-08-06 05:53:58
CGK,departures,2026-08-05,13:20,13:46,IU810,SJV810,PDG,Padang Minangkabau International Airport,Super Air Jet,IU,A320,Airbus A320-232,PK-SJH,Departed 13:46,2026-08-06 05:53:58
CGK,departures,2026-08-05,13:20,13:20,QZ808,,DPS,Denpasar Ngurah Rai International Airport,Indonesia AirAsia,QZ,320,,,Estimated dep 13:20*,2026-08-06 05:53:58
CGK,departures,2026-08-05,13:20,13:51,ID7366,BTK7366,SOC,Surakarta Adisumarmo International Airport,Batik Air,ID,A320,Airbus A320-232,PK-BKM,Departed 13:51,2026-08-06 05:53:58
CGK,departures,2026-08-05,13:25,,RI184,,PDG,Padang Minangkabau International Airport,Rimbun Air,RI,73Y,,,Unknown,2026-08-06 05:53:58
CGK,departures,2026-08-05,13:25,,JT370,,BTH,Batam Hang Nadim Airport,Lion Air,JT,739,,,Unknown,2026-08-06 05:53:58
CGK,departures,2026-08-05,13:25,,IP242,,YIA,Yogyakarta International Airport,Pelita Air,IP,320,,,Unknown,2026-08-06 05:53:58
CGK,departures,2026-08-05,13:25,13:25,SJ184,,PNK,Pontianak Supadio Airport,Sriwijaya Air,SJ,735,,,Estimated dep 13:25*,2026-08-06 05:53:58
CGK,departures,2026-08-05,13:25,13:40,GA242,GIA242,SRG,Semarang Achmad Yani International Airport,Garuda Indonesia,GA,B738,Boeing 737-86N,PK-GFU,Departed 13:40,2026-08-06 05:53:58
CGK,departures,2026-08-05,13:30,13:48,VJ854,VJC854,SGN,Ho Chi Minh City International Airport,VietJet Air,VJ,A21N,Airbus A321-271NX,VN-A549,Departed 13:48,2026-08-06 05:53:58
CGK,departures,2026-08-05,13:30,13:49,IU764,SJV764,LOP,Lombok International Airport,Super Air Jet,IU,A320,Airbus A320-232,PK-STG,Departed 13:49,2026-08-06 05:53:58
CGK,departures,2026-08-05,13:30,13:59,ID6406,BTK6406,SUB,Surabaya Juanda International Airport,Batik Air,ID,A320,Airbus A320-214,PK-BKQ,Departed 13:59,2026-08-06 05:53:58
CGK,departures,2026-08-05,13:30,13:38,QG716,CTV716,SUB,Surabaya Juanda International Airport,Citilink,QG,A20N,Airbus A320-251N,PK-GTF,Departed 13:38,2026-08-06 05:53:58
CGK,departures,2026-08-05,13:30,13:55,GA422,GIA422,DPS,Denpasar Ngurah Rai International Airport,Garuda Indonesia (Livin' by Mandiri Livery),GA,B738,Boeing 737-86N,PK-GFI,Departed 13:55,2026-08-06 05:53:58
CGK,departures,2026-08-05,13:35,13:45,QG778,CTV778,YIA,Yogyakarta International Airport,Citilink,QG,A320,Airbus A320-214,PK-GQH,Departed 13:45,2026-08-06 05:53:58
CGK,departures,2026-08-05,13:35,13:54,MF868,CXA868,XMN,Xiamen Gaoqi International Airport,Xiamen Air,MF,B38M,Boeing 737 MAX 8,B-20DW,Departed 13:54,2026-08-06 05:53:58
CGK,departures,2026-08-05,13:35,14:42,ID6854,BTK6854,PKU,Pekanbaru Sultan Syarif Kasim II Airport,Batik Air,ID,A320,Airbus A320-232,PK-BKL,Departed 14:42,2026-08-06 05:53:58
CGK,departures,2026-08-05,13:35,14:05,GA310,GIA310,SUB,Surabaya Juanda International Airport,Garuda Indonesia,GA,B738,Boeing 737-8U3,PK-GNR,Departed 14:05,2026-08-06 05:53:58
CGK,departures,2026-08-05,13:35,13:58,GA118,GIA118,KNO,Medan Kuala Namu International Airport,Garuda Indonesia,GA,B738,Boeing 737-8BK,PK-GFG,Departed 13:58,2026-08-06 05:53:58
CGK,departures,2026-08-05,13:40,14:36,QG340,CTV340,UPG,Makassar Sultan Hasanuddin International Airport,Citilink,QG,A320,Airbus A320-214,PK-GLN,Departed 14:36,2026-08-06 05:53:58
CGK,departures,2026-08-05,13:40,14:04,JT22,LNI022,DPS,Denpasar Ngurah Rai International Airport,Lion Air,JT,B738,Boeing 737-8GP,PK-LJQ,Departed 14:04,2026-08-06 05:53:58
CGK,departures,2026-08-05,13:40,13:52,ID6676,BTK6676,AAP,Samarinda AP Tumenggung Pranoto Airport,Batik Air,ID,A320,Airbus A320-214,PK-LAZ,Departed 13:52,2026-08-06 05:53:58
CGK,departures,2026-08-05,13:45,14:20,GA108,GIA108,PLM,Palembang International Airport,Garuda Indonesia,GA,B738,Boeing 737-8SH,PK-GUE,Departed 14:20,2026-08-06 05:53:58
CGK,departures,2026-08-05,13:50,14:39,VN630,HVN630,SGN,Ho Chi Minh City International Airport,Vietnam Airlines,VN,A321,Airbus A321-231,VN-A608,Departed 14:39,2026-08-06 05:53:58
CGK,departures,2026-08-05,13:50,14:10,IU608,SJV608,BPN,Balikpapan Sepinggan Airport,Super Air Jet,IU,A320,Airbus A320-232,PK-SJP,Departed 14:10,2026-08-06 05:53:58
CGK,departures,2026-08-05,13:50,14:10,QG996,CTV996,TKG,Bandar Lampung Radin Inten II Airport,Citilink,QG,A320,Airbus A320-214,PK-GQP,Departed 14:10,2026-08-06 05:53:58
CGK,departures,2026-08-05,13:50,14:01,QG966,CTV966,DJB,Jambi Sultan Thaha Airport,Citilink,QG,A320,Airbus A320-214,PK-GLM,Departed 14:01,2026-08-06 05:53:58
CGK,departures,2026-08-05,13:50,14:18,QG446,CTV446,BPN,Balikpapan Sepinggan Airport,Citilink,QG,A320,Airbus A320-214,PK-GQS,Departed 14:18,2026-08-06 05:53:58
CGK,departures,2026-08-05,13:50,14:13,GA228,GIA228,SOC,Surakarta Adisumarmo International Airport,Garuda Indonesia,GA,B738,Boeing 737-81D,PK-GFR,Departed 14:13,2026-08-06 05:53:58
CGK,departures,2026-08-05,13:55,14:28,QG646,CTV646,LOP,Lombok International Airport,Citilink,QG,A320,Airbus A320-214,PK-GLR,Departed 14:28,2026-08-06 05:53:58
CGK,departures,2026-08-05,13:55,,JT176,,TKG,Bandar Lampung Radin Inten II Airport,Lion Air,JT,739,,,Canceled,2026-08-06 05:53:58
CGK,departures,2026-08-05,13:55,14:08,ID6814,BTK6814,BKS,Bengkulu Fatmawati Soekarno Airport,Batik Air,ID,A320,Airbus A320-214,PK-LUJ,Departed 14:08,2026-08-06 05:53:58
CGK,departures,2026-08-05,14:00,,RI100,,BTH,Batam Hang Nadim Airport,Rimbun Air,RI,73Y,,,Unknown,2026-08-06 05:53:58
CGK,departures,2026-08-05,14:00,14:02,VJ928,VJC928,HAN,Hanoi Noi Bai International Airport,VietJet Air,VJ,A21N,Airbus A321-271NX,VN-A500,Departed 14:02,2026-08-06 05:53:58
CGK,departures,2026-08-05,14:00,,SJ76,,PGK,Pangkal Pinang Depati Amir Airport,Sriwijaya Air,SJ,735,,,Unknown,2026-08-06 05:53:58
CGK,departures,2026-08-05,14:00,14:21,IU840,SJV840,DJB,Jambi Sultan Thaha Airport,Super Air Jet,IU,A320,Airbus A320-232,PK-SJS,Departed 14:21,2026-08-06 05:53:58
CGK,departures,2026-08-05,14:00,14:16,IU802,SJV802,TJQ,Tanjung Pandan Buluh Tumbang Airport,Super Air Jet,IU,A320,Airbus A320-232,PK-SJT,Departed 14:16,2026-08-06 05:53:58
CGK,departures,2026-08-05,14:00,14:21,QG958,CTV958,PDG,Padang Minangkabau International Airport,Citilink (Tiket.com Livery),QG,A320,Airbus A320-214,PK-GLW,Departed 14:21,2026-08-06 05:53:58
CGK,departures,2026-08-05,14:00,,QG414,,PNK,Pontianak Supadio Airport,Citilink,QG,A320,Airbus A320-214,PK-GLN,Canceled,2026-08-06 05:53:58
CGK,departures,2026-08-05,14:05,16:28,IU926,SJV926,PLM,Palembang International Airport,Super Air Jet,IU,A320,Airbus A320-232,PK-SAV,Departed 16:28,2026-08-06 05:53:55
CGK,departures,2026-08-05,14:05,,JT212,,KNO,Medan Kuala Namu International Airport,Lion Air,JT,739,,,Unknown,2026-08-06 05:53:55
CGK,departures,2026-08-05,14:05,14:24,IP106,PAS106,DPS,Denpasar Ngurah Rai International Airport,Pelita Air,IP,A320,Airbus A320-214,PK-PWE,Departed 14:24,2026-08-06 05:53:55
CGK,departures,2026-08-05,14:05,15:05,ID6820,BTK6820,LLJ,Lubuklinggau Silampari Airport,Batik Air,ID,A320,Airbus A320-214,PK-LAI,Departed 15:05,2026-08-06 05:53:55
CGK,departures,2026-08-05,14:05,15:00,ID6204,BTK6204,PKN,Pangkalan Bun Iskandar Airport,Batik Air,ID,A320,Airbus A320-233,PK-BKG,Departed 15:00,2026-08-06 05:53:55
CGK,departures,2026-08-05,14:10,14:42,QG968,CTV968,BTH,Batam Hang Nadim Airport,Citilink Garuda Indonesia,QG,A320,Airbus A320-214,PK-GQT,Departed 14:42,2026-08-06 05:53:55
CGK,departures,2026-08-05,14:15,14:11,OD389,MXD389,KUL,Kuala Lumpur International Airport,Batik Air,ID,B738,Boeing 737-8GP,9M-LNZ,Departed 14:11,2026-08-06 05:53:55
CGK,departures,2026-08-05,14:15,15:10,TR309,TGW309,SIN,Singapore Changi Airport,Scoot,TR,A320,Airbus A320-232,9V-TRU,Departed 15:10,2026-08-06 05:53:55
CGK,departures,2026-08-05,14:20,14:50,SQ959,SIA959,SIN,Singapore Changi Airport,Singapore Airlines,SQ,A359,Airbus A350-941,9V-SME,Departed 14:50,2026-08-06 05:53:55
CGK,departures,2026-08-05,14:20,14:20,IN90,,BUU,Muara Bungo Airport,Nam Air,IN,735,,,Estimated dep 14:20*,2026-08-06 05:53:55
CGK,departures,2026-08-05,14:20,14:39,QG978,CTV978,KNO,Medan Kuala Namu International Airport,Citilink,QG,A320,Airbus A320-214,PK-GLY,Departed 14:39,2026-08-06 05:53:55
CGK,departures,2026-08-05,14:20,14:36,CX776,CPA776,HKG,Hong Kong International Airport,Cathay Pacific,CX,A333,Airbus A330-343,B-LAO,Departed 14:36,2026-08-06 05:53:55
CGK,departures,2026-08-05,14:25,14:43,IP206,PAS206,SUB,Surabaya Juanda International Airport,Pelita Air,IP,A320,Airbus A320-232,PK-PWL,Departed 14:43,2026-08-06 05:53:55
CGK,departures,2026-08-05,14:25,14:55,WY850,OMA850,MCT,Muscat International Airport,Oman Air,WY,B789,Boeing 787-9 Dreamliner,A4O-SL,Departed 14:55,2026-08-06 05:53:55
CGK,departures,2026-08-05,14:25,15:25,UL365,ALK365,CMB,Colombo Bandaranaike International Airport,SriLankan Airlines,UL,A20N,Airbus A320-251N,4R-ANA,Departed 15:25,2026-08-06 05:53:55
CGK,departures,2026-08-05,14:25,15:52,SJ580,SJY580,UPG,Makassar Sultan Hasanuddin International Airport,BBN Airlines Indonesia,0B,B738,Boeing 737-8BK,PK-BBF,Departed 15:52,2026-08-06 05:53:55
CGK,departures,2026-08-05,14:30,14:53,ID6266,BTK6266,UPG,Makassar Sultan Hasanuddin International Airport,Batik Air,ID,B738,Boeing 737-8GP,PK-LBW,Departed 14:53,2026-08-06 05:53:55
CGK,departures,2026-08-05,14:30,14:46,BR238,EVA238,TPE,Taipei Taoyuan International Airport,EVA Air,BR,B789,Boeing 787-9 Dreamliner,B-17887,Departed 14:46,2026-08-06 05:53:55
CGK,departures,2026-08-05,14:30,14:48,GA410,GIA410,DPS,Denpasar Ngurah Rai International Airport,Garuda Indonesia (Retro 1960 Livery),GA,B738,Boeing 737-8U3,PK-GFM,Departed 14:48,2026-08-06 05:53:55
CGK,departures,2026-08-05,14:35,14:58,ID6508,BTK6508,DPS,Denpasar Ngurah Rai International Airport,Batik Air,ID,A320,Airbus A320-214,PK-LUT,Departed 14:58,2026-08-06 05:53:55
CGK,departures,2026-08-05,14:35,,GA326,,SUB,Surabaya Juanda International Airport,Garuda Indonesia,GA,738,,,Canceled,2026-08-06 05:53:55
CGK,departures,2026-08-05,14:40,14:53,JT714,LNI714,PNK,Pontianak Supadio Airport,Lion Air,JT,B738,Boeing 737-8GP,PK-LOP,Departed 14:53,2026-08-06 05:53:55
CGK,departures,2026-08-05,14:40,15:02,CI762,CAL762,TPE,Taipei Taoyuan International Airport,China Airlines,CI,A359,Airbus A350-941,B-18915,Departed 15:02,2026-08-06 05:53:55
CGK,departures,2026-08-05,14:40,15:09,GA162,GIA162,PDG,Padang Minangkabau International Airport,Garuda Indonesia,GA,B738,Boeing 737-8U3,PK-GNH,Departed 15:09,2026-08-06 05:53:55
CGK,departures,2026-08-05,14:45,15:06,GA212,GIA212,YIA,Yogyakarta International Airport,Garuda Indonesia,GA,B738,Boeing 737-8U3,PK-GUG,Departed 15:06,2026-08-06 05:53:55
CGK,departures,2026-08-05,14:50,15:15,GA572,GIA572,BPN,Balikpapan Sepinggan Airport,Garuda Indonesia (Ayo Pakai Masker Livery),GA,B738,Boeing 737-81D,PK-GFQ,Departed 15:15,2026-08-06 05:53:55
CGK,departures,2026-08-05,14:55,15:05,QG792,CTV792,SRG,Semarang Achmad Yani International Airport,Citilink,QG,A320,Airbus A320-214,PK-GLQ,Departed 15:05,2026-08-06 05:53:55
CGK,departures,2026-08-05,14:55,15:13,GA550,GIA550,PKY,Palangkaraya Tjilik Riwut Airport,Garuda Indonesia,GA,B738,Boeing 737-81M,PK-GUA,Departed 15:13,2026-08-06 05:53:55
CGK,departures,2026-08-05,14:55,17:11,GA504,GIA504,PNK,Pontianak Supadio Airport,Garuda Indonesia,GA,B738,Boeing 737-8SA,PK-GUH,Departed 17:11,2026-08-06 05:53:55
CGK,departures,2026-08-05,15:00,,RI2000,,BPN,Balikpapan Sepinggan Airport,Rimbun Air,RI,73Y,,,Unknown,2026-08-06 05:53:55
CGK,departures,2026-08-05,15:00,15:00,8B5165,,LOP,Lombok International Airport,TransNusa,8B,320,,,Estimated dep 15:00*,2026-08-06 05:53:55
CGK,departures,2026-08-05,15:00,,IU900,,PDG,Padang Minangkabau International Airport,Super Air Jet,IU,320,,,Canceled,2026-08-06 05:53:55
CGK,departures,2026-08-05,15:00,15:28,ID6886,BTK6886,KNO,Medan Kuala Namu International Airport,Batik Air,ID,A320,Airbus A320-214,PK-LUY,Departed 15:28,2026-08-06 05:53:55
CGK,departures,2026-08-05,15:00,14:59,QG482,CTV482,BDJ,Banjarmasin Syamsudin Noor Airport,Citilink,QG,A320,Airbus A320-214,PK-GLX,Departed 14:59,2026-08-06 05:53:55
CGK,departures,2026-08-05,15:00,,GA154,,BTH,Batam Hang Nadim Airport,Garuda Indonesia,GA,738,,,Canceled,2026-08-06 05:53:55
CGK,departures,2026-08-05,15:05,,JT171,,SUB,Surabaya Juanda International Airport,Lion Air,JT,739,,,Unknown,2026-08-06 05:53:55
CGK,departures,2026-08-05,15:05,,JT692,,SUB,Surabaya Juanda International Airport,Lion Air,JT,739,,,Unknown,2026-08-06 05:53:55
CGK,departures,2026-08-05,15:10,16:17,8B5108,TNU5108,DPS,Denpasar Ngurah Rai International Airport,TransNusa,8B,A320,Airbus A320-214,PK-TLF,Departed 16:17,2026-08-06 05:53:55
CGK,departures,2026-08-05,15:10,15:17,IP306,PAS306,KNO,Medan Kuala Namu International Airport,Pelita Air,IP,A320,Airbus A320-214,PK-PWG,Departed 15:17,2026-08-06 05:53:55
CGK,departures,2026-08-05,15:10,15:08,AK385,AXM385,KUL,Kuala Lumpur International Airport,AirAsia,AK,A20N,Airbus A320-251N,9M-RAB,Departed 15:08,2026-08-06 05:53:55
CGK,departures,2026-08-05,15:15,15:19,IU818,SJV818,PGK,Pangkal Pinang Depati Amir Airport,Super Air Jet,IU,A320,Airbus A320-232,PK-SJA,Departed 15:19,2026-08-06 05:53:55
CGK,departures,2026-08-05,15:15,15:21,ID6818,BTK6818,BKS,Bengkulu Fatmawati Soekarno Airport,Batik Air,ID,A320,Airbus A320-214,PK-LUH,Departed 15:21,2026-08-06 05:53:55
CGK,departures,2026-08-05,15:15,15:32,ID6898,BTK6898,BTJ,Banda Aceh International Airport,Batik Air,ID,A320,Airbus A320-214,PK-BKV,Departed 15:32,2026-08-06 05:53:55
CGK,departures,2026-08-05,15:15,,CX3242,,PEN,Penang International Airport,Cathay Pacific,CX,74Y,,,Unknown,2026-08-06 05:53:55
CGK,departures,2026-08-05,15:15,,GA176,,PKU,Pekanbaru Sultan Syarif Kasim II Airport,Garuda Indonesia,GA,738,,,Canceled,2026-08-06 05:53:55
CGK,departures,2026-08-05,15:20,,ID6711,,SUB,Surabaya Juanda International Airport,Batik Air,ID,32A,,,Unknown,2026-08-06 05:53:55
CGK,departures,2026-08-05,15:20,15:34,ID6578,BTK6578,SUB,Surabaya Juanda International Airport,Batik Air,ID,A320,Airbus A320-214,PK-BLD,Departed 15:34,2026-08-06 05:53:55
CGK,departures,2026-08-05,15:20,,JT346,,PLM,Palembang International Airport,Lion Air,JT,738,,,Canceled,2026-08-06 05:53:55
CGK,departures,2026-08-05,15:25,15:37,IU858,SJV858,BTH,Batam Hang Nadim Airport,Super Air Jet,IU,A320,Airbus A320-232,PK-SAH,Departed 15:37,2026-08-06 05:53:55
CGK,departures,2026-08-05,15:25,16:19,GA960,GIA960,MED,Medina Prince Mohammad bin Abdulaziz Airport,Garuda Indonesia,GA,B77W,Boeing 777-3U3(ER),PK-GIH,Departed 16:19,2026-08-06 05:53:55
CGK,departures,2026-08-05,15:30,14:00,SJ76,,PGK,Pangkal Pinang Depati Amir Airport,Sriwijaya Air,SJ,735,,,Estimated dep 14:00,2026-08-06 05:53:55
CGK,departures,2026-08-05,15:30,16:01,ID6200,BTK6200,PKY,Palangkaraya Tjilik Riwut Airport,Batik Air,ID,A320,Airbus A320-214,PK-LAT,Departed 16:01,2026-08-06 05:53:55
CGK,departures,2026-08-05,15:30,16:14,QG886,CTV886,KNO,Medan Kuala Namu International Airport,Citilink,QG,A320,Airbus A320-214,PK-GLP,Departed 16:14,2026-08-06 05:53:55
CGK,departures,2026-08-05,15:30,16:15,ID7041,BTK7041,SOC,Surakarta Adisumarmo International Airport,Batik Air,ID,A320,Airbus A320-214,PK-LUR,Departed 16:15,2026-08-06 05:53:55
CGK,departures,2026-08-05,15:30,15:45,GA612,GIA612,UPG,Makassar Sultan Hasanuddin International Airport,Garuda Indonesia,GA,B738,Boeing 737-8U3,PK-GMP,Departed 15:45,2026-08-06 05:53:55
CGK,departures,2026-08-05,15:35,,IU904,,PDG,Padang Minangkabau International Airport,Super Air Jet,IU,320,,,Canceled,2026-08-06 05:53:55
CGK,departures,2026-08-05,15:35,15:40,QG964,CTV964,DJB,Jambi Sultan Thaha Airport,Citilink,QG,A320,Airbus A320-214,PK-GQK,Departed 15:40,2026-08-06 05:53:55
CGK,departures,2026-08-05,15:35,15:42,QG688,CTV688,DPS,Denpasar Ngurah Rai International Airport,Citilink,QG,A20N,Airbus A320-251N,PK-GTA,Departed 15:42,2026-08-06 05:53:55
CGK,departures,2026-08-05,15:35,15:52,GA836,GIA836,SIN,Singapore Changi Airport,Garuda Indonesia,GA,B738,Boeing 737-86N,PK-GFJ,Departed 15:52,2026-08-06 05:53:55
CGK,departures,2026-08-05,15:40,16:03,QG992,CTV992,TKG,Bandar Lampung Radin Inten II Airport,Citilink,QG,A320,Airbus A320-214,PK-GLI,Departed 16:03,2026-08-06 05:53:55
CGK,departures,2026-08-05,15:45,16:03,IP324,PAS324,PKU,Pekanbaru Sultan Syarif Kasim II Airport,Pelita Air,IP,A320,Airbus A320-214,PK-PWH,Departed 16:03,2026-08-06 05:53:55
CGK,departures,2026-08-05,15:45,16:08,GA234,GIA234,SRG,Semarang Achmad Yani International Airport,Garuda Indonesia,GA,B738,Boeing 737-8U3,PK-GMY,Departed 16:08,2026-08-06 05:53:55
CGK,departures,2026-08-05,15:50,15:58,6E1602,IGO1602,BOM,Mumbai Chhatrapati Shivaji International Airport,IndiGo,6E,A20N,Airbus A320-251N,VT-ION,Departed 15:58,2026-08-06 05:53:55
CGK,departures,2026-08-05,15:50,16:09,SV821,SVA821,MED,Medina Prince Mohammad bin Abdulaziz Airport,Saudia,SV,B77W,Boeing 777-368(ER),HZ-AK16,Departed 16:09,2026-08-06 05:53:55
CGK,departures,2026-08-05,15:50,,IU606,,BPN,Balikpapan Sepinggan Airport,Super Air Jet,IU,320,,,Canceled,2026-08-06 05:53:55
CGK,departures,2026-08-05,15:50,16:36,ID6212,BTK6212,BDJ,Banjarmasin Syamsudin Noor Airport,Batik Air,ID,A320,Airbus A320-214,PK-LUP,Departed 16:36,2026-08-06 05:53:55
CGK,departures,2026-08-05,15:55,17:03,CX3241,,PEN,Penang International Airport,Cathay Cargo,CX,B744,Boeing 747-467F(ER),B-LIF,Unknown,2026-08-06 05:53:55
CGK,departures,2026-08-05,15:55,12:33,QZ814,,DPS,Denpasar Ngurah Rai International Airport,AirAsia,AK,A320,Airbus A320-216,PK-AXY,Estimated dep 12:33*,2026-08-06 05:53:55
CGK,departures,2026-08-05,15:55,16:05,QG502,CTV502,KUL,Kuala Lumpur International Airport,Citilink,QG,A320,Airbus A320-214,PK-GQF,Departed 16:05,2026-08-06 05:53:55
CGK,departures,2026-08-05,15:55,,IU910,,PKU,Pekanbaru Sultan Syarif Kasim II Airport,Super Air Jet,IU,320,,,Canceled,2026-08-06 05:53:55
CGK,departures,2026-08-05,15:55,16:11,IP808,PAS808,UPG,Makassar Sultan Hasanuddin International Airport,Pelita Air,IP,A320,Airbus A320-214,PK-PWC,Departed 16:11,2026-08-06 05:53:55
CGK,departures,2026-08-05,15:55,17:03,CX3342,CPA3342,PEN,Penang International Airport,Cathay Cargo,CX,B744,Boeing 747-467F(ER),B-LIF,Departed 17:03,2026-08-06 05:53:55
CGK,departures,2026-08-05,16:00,,RI130,,PKU,Pekanbaru Sultan Syarif Kasim II Airport,Rimbun Air,RI,73Y,,,Unknown,2026-08-06 05:53:55
CGK,departures,2026-08-05,16:00,,3Y6014,,KNO,Medan Kuala Namu International Airport,My Indo Airlines,3Y,73Y,,,Unknown,2026-08-06 05:53:55
CGK,departures,2026-08-05,16:00,16:38,GA320,GIA320,SUB,Surabaya Juanda International Airport,Garuda Indonesia,GA,B738,Boeing 737-8H6,PK-GUL,Departed 16:38,2026-08-06 05:53:55
CGK,departures,2026-08-05,16:05,,IN78,,PGK,Pangkal Pinang Depati Amir Airport,Nam Air,IN,735,,,Unknown,2026-08-06 05:53:55
CGK,departures,2026-08-05,16:05,16:23,8B5532,TNU5532,YIA,Yogyakarta International Airport,TransNusa,8B,A321,Airbus A321-211,PK-TLM,Departed 16:23,2026-08-06 05:53:55
CGK,departures,2026-08-05,16:05,16:52,JT300,LNI300,KNO,Medan Kuala Namu International Airport,Lion Air,JT,B39M,Boeing 737 MAX 9,PK-LRH,Departed 16:52,2026-08-06 05:53:55
CGK,departures,2026-08-05,16:05,16:20,MH720,MAS720,KUL,Kuala Lumpur International Airport,Malaysia Airlines (Malayan Tiger Livery),MH,A333,Airbus A330-323,9M-MTG,Departed 16:20,2026-08-06 05:53:55
CGK,departures,2026-08-05,16:10,16:25,IP356,PAS356,PDG,Padang Minangkabau International Airport,Pelita Air,IP,A320,Airbus A320-216,PK-PWN,Departed 16:25,2026-08-06 05:53:55
CGK,departures,2026-08-05,16:10,16:13,ID7163,BTK7163,PEN,Penang International Airport,Batik Air,ID,B738,Boeing 737-8GP,PK-LZV,Departed 16:13,2026-08-06 05:53:55
CGK,departures,2026-08-05,16:10,16:34,GA982,GIA982,JED,Jeddah King Abdulaziz International Airport,Garuda Indonesia (SkyTeam Livery),GA,B77W,Boeing 777-3U3(ER),PK-GII,Departed 16:34,2026-08-06 05:53:55
CGK,departures,2026-08-05,16:10,16:36,GA414,GIA414,DPS,Denpasar Ngurah Rai International Airport,Garuda Indonesia,GA,B738,Boeing 737-8U3,PK-GFD,Departed 16:36,2026-08-06 05:53:55
CGK,departures,2026-08-05,16:15,16:55,QG492,CTV492,BDJ,Banjarmasin Syamsudin Noor Airport,Citilink,QG,A20N,Airbus A320-251N,PK-GTG,Departed 16:55,2026-08-06 05:53:55
CGK,departures,2026-08-05,16:25,16:40,ID6352,BTK6352,SRG,Semarang Achmad Yani International Airport,Batik Air,ID,A320,Airbus A320-232,PK-BKJ,Departed 16:40,2026-08-06 05:53:55
CGK,departures,2026-08-05,16:30,,GA114,,PLM,Palembang International Airport,Garuda Indonesia,GA,738,,,Canceled,2026-08-06 05:53:55
CGK,departures,2026-08-05,16:30,16:47,QG764,CTV764,SOC,Surakarta Adisumarmo International Airport,Citilink,QG,A320,Airbus A320-214,PK-GQG,Departed 16:47,2026-08-06 05:53:55
CGK,departures,2026-08-05,16:35,17:06,QG174,CTV174,SUB,Surabaya Juanda International Airport,Citilink,QG,A320,Airbus A320-214,PK-GQP,Departed 17:06,2026-08-06 05:53:55
CGK,departures,2026-08-05,16:35,16:44,GA190,GIA190,KNO,Medan Kuala Namu International Airport,Garuda Indonesia,GA,B738,Boeing 737-8U3,PK-GNM,Departed 16:44,2026-08-06 05:53:55
CGK,departures,2026-08-05,16:40,16:58,QG662,CTV662,DPS,Denpasar Ngurah Rai International Airport,Citilink,QG,A320,Airbus A320-214,PK-GLT,Departed 16:58,2026-08-06 05:53:55
CGK,departures,2026-08-05,16:45,17:06,8B699,TNU699,SZB,Kuala Lumpur Subang Airport,TransNusa,8B,A320,Airbus A320-214,PK-TLO,Departed 17:06,2026-08-06 05:53:55
CGK,departures,2026-08-05,16:45,,ID6802,,DJB,Jambi Sultan Thaha Airport,Batik Air,ID,32A,,,Canceled,2026-08-06 05:53:55
CGK,departures,2026-08-05,16:45,17:09,GA616,GIA616,UPG,Makassar Sultan Hasanuddin International Airport,Garuda Indonesia,GA,B738,Boeing 737-8U3,PK-GNQ,Departed 17:09,2026-08-06 05:53:55
CGK,departures,2026-08-05,16:50,16:50,IU768,,LOP,Lombok International Airport,Super Air Jet,IU,320,,,Estimated dep 16:50*,2026-08-06 05:53:55
CGK,departures,2026-08-05,16:50,17:16,QG954,CTV954,PDG,Padang Minangkabau International Airport,Citilink,QG,A320,Airbus A320-214,PK-GQJ,Departed 17:16,2026-08-06 05:53:55
CGK,departures,2026-08-05,16:50,,ID6296,,UPG,Makassar Sultan Hasanuddin International Airport,Batik Air,ID,32A,,,Canceled,2026-08-06 05:53:55
CGK,departures,2026-08-05,16:55,,8K801,,SIN,Singapore Changi Airport,Exploits Valley Air Services,8K,73P,,,Unknown,2026-08-06 05:53:55
CGK,departures,2026-08-05,17:00,17:26,SQ961,SIA961,SIN,Singapore Changi Airport,Singapore Airlines,SQ,A359,Airbus A350-941,9V-SHV,Departed 17:26,2026-08-06 05:53:51
CGK,departures,2026-08-05,17:00,,JT684,,PNK,Pontianak Supadio Airport,Lion Air,JT,738,,,Unknown,2026-08-06 05:53:51
CGK,departures,2026-08-05,17:00,,JT372,,BTH,Batam Hang Nadim Airport,Lion Air,JT,739,,,Unknown,2026-08-06 05:53:51
CGK,departures,2026-08-05,17:00,17:40,ID6576,BTK6576,SUB,Surabaya Juanda International Airport,Batik Air,ID,A320,Airbus A320-232,PK-BKM,Departed 17:40,2026-08-06 05:53:55
CGK,departures,2026-08-05,17:00,18:49,GA420,GIA420,DPS,Denpasar Ngurah Rai International Airport,Garuda Indonesia,GA,B738,Boeing 737-8U3,PK-GMM,Departed 18:49,2026-08-06 05:53:55
CGK,departures,2026-08-05,17:00,17:19,8B679,TNU679,KUL,Kuala Lumpur International Airport,TransNusa,8B,A321,Airbus A321-211,PK-TLK,Departed 17:19,2026-08-06 05:53:55
CGK,departures,2026-08-05,17:05,,JT173,,KNO,Medan Kuala Namu International Airport,Lion Air,JT,738,,,Unknown,2026-08-06 05:53:51
CGK,departures,2026-08-05,17:05,17:35,QZ210,AWQ210,KUL,Kuala Lumpur International Airport,AirAsia,AK,A320,Airbus A320-216,PK-AZO,Departed 17:35,2026-08-06 05:53:51
CGK,departures,2026-08-05,17:05,20:13,JT208,LNI208,KNO,Medan Kuala Namu International Airport,Lion Air,JT,B738,Boeing 737-8GP,PK-LPK,Departed 20:13,2026-08-06 05:53:51
CGK,departures,2026-08-05,17:10,17:48,IP104,PAS104,DPS,Denpasar Ngurah Rai International Airport,Pelita Air,IP,A320,Airbus A320-214,PK-PWK,Departed 17:48,2026-08-06 05:53:51
CGK,departures,2026-08-05,17:10,17:17,QG526,CTV526,SIN,Singapore Changi Airport,Citilink,QG,A320,Airbus A320-214,PK-GQM,Departed 17:17,2026-08-06 05:53:51
CGK,departures,2026-08-05,17:15,,IU816,,PDG,Padang Minangkabau International Airport,Super Air Jet,IU,320,,,Unknown,2026-08-06 05:53:51
CGK,departures,2026-08-05,17:15,17:31,IP210,PAS210,SUB,Surabaya Juanda International Airport,Pelita Air,IP,A320,Airbus A320-214,PK-PWP,Departed 17:31,2026-08-06 05:53:51
CGK,departures,2026-08-05,17:15,17:22,QG982,CTV982,PLM,Palembang International Airport,Citilink,QG,A320,Airbus A320-214,PK-GQA,Departed 17:22,2026-08-06 05:53:51
CGK,departures,2026-08-05,17:20,18:02,ID6806,BTK6806,DJB,Jambi Sultan Thaha Airport,Batik Air (Book Cabin Sticker),ID,A320,Airbus A320-214,PK-LAF,Departed 18:02,2026-08-06 05:53:51
CGK,departures,2026-08-05,17:20,17:33,QG944,CTV944,BTH,Batam Hang Nadim Airport,Citilink,QG,A20N,Airbus A320-251N,PK-GTC,Departed 17:33,2026-08-06 05:53:51
CGK,departures,2026-08-05,17:20,17:35,QG426,CTV426,UPG,Makassar Sultan Hasanuddin International Airport,Citilink,QG,A320,Airbus A320-214,PK-GQH,Departed 17:35,2026-08-06 05:53:51
CGK,departures,2026-08-05,17:30,18:06,ID7368,BTK7368,SOC,Surakarta Adisumarmo International Airport,Batik Air,ID,A320,Airbus A320-214,PK-BKT,Departed 18:06,2026-08-06 05:53:51
CGK,departures,2026-08-05,17:30,18:08,SV819,SVA819,JED,Jeddah King Abdulaziz International Airport,Saudia,SV,B77W,Boeing 777-368(ER),HZ-AK12,Departed 18:08,2026-08-06 05:53:51
CGK,departures,2026-08-05,17:30,17:29,QZ176,AWQ176,TKG,Bandar Lampung Radin Inten II Airport,AirAsia,AK,A320,Airbus A320-214,PK-AZA,Departed 17:29,2026-08-06 05:53:51
CGK,departures,2026-08-05,17:30,18:13,GA246,GIA246,SRG,Semarang Achmad Yani International Airport,Garuda Indonesia,GA,B738,Boeing 737-8U3,PK-GNC,Departed 18:13,2026-08-06 05:53:51
CGK,departures,2026-08-05,17:40,17:46,JT12,LNI012,DPS,Denpasar Ngurah Rai International Airport,Lion Air,JT,B738,Boeing 737-8GP,PK-LOI,Departed 17:46,2026-08-06 05:53:51
CGK,departures,2026-08-05,17:40,17:46,IU948,SJV948,KNO,Medan Kuala Namu International Airport,Super Air Jet,IU,A320,Airbus A320-232,PK-SAW,Departed 17:46,2026-08-06 05:53:51
CGK,departures,2026-08-05,17:40,17:54,EK357,UAE357,DXB,Dubai International Airport,Emirates,EK,B77W,Boeing 777-31H(ER),A6-ENF,Departed 17:54,2026-08-06 05:53:51
CGK,departures,2026-08-05,17:40,17:57,GA838,GIA838,SIN,Singapore Changi Airport,Garuda Indonesia,GA,B738,Boeing 737-8U3,PK-GMI,Departed 17:57,2026-08-06 05:53:51
CGK,departures,2026-08-05,17:45,17:45,SJ224,,YIA,Yogyakarta International Airport,Sriwijaya Air,SJ,735,,,Estimated dep 17:45*,2026-08-06 05:53:51
CGK,departures,2026-08-05,17:45,18:00,IP314,PAS314,PLM,Palembang International Airport,Pelita Air,IP,A320,Airbus A320-214,PK-PWQ,Departed 18:00,2026-08-06 05:53:51
CGK,departures,2026-08-05,17:45,18:30,ID7159,BTK7159,SIN,Singapore Changi Airport,Batik Air,ID,A320,Airbus A320-232,PK-BKR,Departed 18:30,2026-08-06 05:53:51
CGK,departures,2026-08-05,17:50,17:51,QZ818,AWQ818,DPS,Denpasar Ngurah Rai International Airport,AirAsia,AK,A320,Airbus A320-216,PK-AXY,Departed 17:51,2026-08-06 05:53:51
CGK,departures,2026-08-05,17:50,18:09,QG412,CTV412,PNK,Pontianak Supadio Airport,Citilink,QG,A320,Airbus A320-214,PK-GLM,Departed 18:09,2026-08-06 05:53:51
CGK,departures,2026-08-05,17:50,17:50,OD391,MXD391,KUL,Kuala Lumpur International Airport,Batik Air,ID,B738,Boeing 737-86N,9M-LDT,Departed 17:50,2026-08-06 05:53:51
CGK,departures,2026-08-05,17:50,18:05,GA72,GIA072,TKG,Bandar Lampung Radin Inten II Airport,Garuda Indonesia,GA,B738,Boeing 737-86N,PK-GFU,Departed 18:05,2026-08-06 05:53:51
CGK,departures,2026-08-05,18:00,18:27,IN7272,LKN7272,DPS,Denpasar Ngurah Rai International Airport,Nam Air,IN,B735,Boeing 737-524,PK-NAU,Departed 18:27,2026-08-06 05:53:51
CGK,departures,2026-08-05,18:00,18:00,SJ272,,DPS,Denpasar Ngurah Rai International Airport,Sriwijaya Air,SJ,735,,,Estimated dep 18:00*,2026-08-06 05:53:51
CGK,departures,2026-08-05,18:00,18:18,GA576,GIA576,BPN,Balikpapan Sepinggan Airport,Garuda Indonesia,GA,B738,Boeing 737-8U3,PK-GMV,Departed 18:18,2026-08-06 05:53:51
CGK,departures,2026-08-05,18:05,18:26,SQ963,SIA963,SIN,Singapore Changi Airport,Singapore Airlines,SQ,A359,Airbus A350-941,9V-SMZ,Departed 18:26,2026-08-06 05:53:51
CGK,departures,2026-08-05,18:05,,ID6801,,YIA,Yogyakarta International Airport,Batik Air,ID,32A,,,Unknown,2026-08-06 05:53:51
CGK,departures,2026-08-05,18:05,18:28,ID6374,BTK6374,YIA,Yogyakarta International Airport,Batik Air,ID,A320,Airbus A320-214,PK-BLC,Departed 18:28,2026-08-06 05:53:51
CGK,departures,2026-08-05,18:10,,JT308,,KNO,Medan Kuala Namu International Airport,Lion Air,JT,739,,,Unknown,2026-08-06 05:53:51
CGK,departures,2026-08-05,18:10,18:43,IP328,PAS328,PKU,Pekanbaru Sultan Syarif Kasim II Airport,Pelita Air,IP,A320,Airbus A320-214,PK-PWO,Departed 18:43,2026-08-06 05:53:51
CGK,departures,2026-08-05,18:10,18:20,EY475,ETD475,AUH,Abu Dhabi Zayed International Airport,Etihad Airways,EY,B78X,Boeing 787-10 Dreamliner,A6-BMD,Departed 18:20,2026-08-06 05:53:51
CGK,departures,2026-08-05,18:15,18:24,IU600,SJV600,BPN,Balikpapan Sepinggan Airport,Super Air Jet,IU,A320,Airbus A320-232,PK-SJF,Departed 18:24,2026-08-06 05:53:51
CGK,departures,2026-08-05,18:15,18:11,QZ528,AWQ528,BWN,Brunei International Airport,AirAsia (Lombok Livery),AK,A320,Airbus A320-216,PK-AXU,Departed 18:11,2026-08-06 05:53:51
CGK,departures,2026-08-05,18:15,18:23,QG938,CTV938,PKU,Pekanbaru Sultan Syarif Kasim II Airport,Citilink,QG,A20N,Airbus A320-251N,PK-GTF,Departed 18:23,2026-08-06 05:53:51
CGK,departures,2026-08-05,18:15,18:39,IU638,SJV638,BDJ,Banjarmasin Syamsudin Noor Airport,Super Air Jet,IU,A320,Airbus A320-232,PK-SJR,Departed 18:39,2026-08-06 05:53:51
CGK,departures,2026-08-05,18:15,18:36,GA536,GIA536,BDJ,Banjarmasin Syamsudin Noor Airport,Garuda Indonesia,GA,B738,Boeing 737-86N,PK-GFS,Departed 18:36,2026-08-06 05:53:51
CGK,departures,2026-08-05,18:20,18:38,IU690,SJV690,PNK,Pontianak Supadio Airport,Super Air Jet,IU,A320,Airbus A320-232,PK-SJS,Departed 18:38,2026-08-06 05:53:51
CGK,departures,2026-08-05,18:25,18:42,MH722,MAS722,KUL,Kuala Lumpur International Airport,Malaysia Airlines,MH,B38M,Boeing 737 MAX 8,9M-MVR,Departed 18:42,2026-08-06 05:53:51
CGK,departures,2026-08-05,18:30,18:33,QR957,QTR957,DOH,Doha Hamad International Airport,Qatar Airways,QR,A359,Airbus A350-941,A7-AME,Departed 18:33,2026-08-06 05:53:51
CGK,departures,2026-08-05,18:30,18:41,QG914,CTV914,KNO,Medan Kuala Namu International Airport,Citilink,QG,A320,Airbus A320-214,PK-GLK,Departed 18:41,2026-08-06 05:53:51
CGK,departures,2026-08-05,18:30,18:37,QG776,CTV776,YIA,Yogyakarta International Airport,Citilink,QG,A320,Airbus A320-214,PK-GLQ,Departed 18:37,2026-08-06 05:53:51
CGK,departures,2026-08-05,18:30,19:25,GA426,GIA426,DPS,Denpasar Ngurah Rai International Airport,Garuda Indonesia (Pokémon Livery),GA,B738,Boeing 737-8U3,PK-GMU,Departed 19:25,2026-08-06 05:53:51
CGK,departures,2026-08-05,18:30,18:46,GA112,GIA112,PLM,Palembang International Airport,Garuda Indonesia,GA,B738,Boeing 737-81D,PK-GFR,Departed 18:46,2026-08-06 05:53:51
CGK,departures,2026-08-05,18:40,18:55,QG798,CTV798,SRG,Semarang Achmad Yani International Airport,Citilink,QG,A320,Airbus A320-214,PK-GLI,Departed 18:55,2026-08-06 05:53:51
CGK,departures,2026-08-05,18:45,19:38,ID6142,BTK6142,UPG,Makassar Sultan Hasanuddin International Airport,Batik Air,ID,A320,Airbus A320-214,PK-BKP,Departed 19:38,2026-08-06 05:53:51
CGK,departures,2026-08-05,18:50,20:30,JT352,LNI352,PDG,Padang Minangkabau International Airport,Lion Air,JT,B739,Boeing 737-9GP(ER),PK-LQT,Departed 20:30,2026-08-06 05:53:51
CGK,departures,2026-08-05,18:50,18:50,IN220,,YIA,Yogyakarta International Airport,Nam Air,IN,735,,,Estimated dep 18:50*,2026-08-06 05:53:51
CGK,departures,2026-08-05,18:50,19:15,QG726,CTV726,SUB,Surabaya Juanda International Airport,Citilink Garuda Indonesia,QG,A320,Airbus A320-214,PK-GQT,Departed 19:15,2026-08-06 05:53:51
CGK,departures,2026-08-05,18:55,19:41,JT242,LNI242,TKG,Bandar Lampung Radin Inten II Airport,Lion Air,JT,B738,Boeing 737-8GP,PK-LJQ,Departed 19:41,2026-08-06 05:53:51
CGK,departures,2026-08-05,18:55,18:56,AK387,AXM387,KUL,Kuala Lumpur International Airport,AirAsia,AK,A320,Airbus A320-216,9M-AGP,Departed 18:56,2026-08-06 05:53:51
CGK,departures,2026-08-05,19:00,,SJ5810,,UPG,Makassar Sultan Hasanuddin International Airport,Sriwijaya Air,SJ,735,,,Unknown,2026-08-06 05:53:51
CGK,departures,2026-08-05,19:00,19:26,8B860,TNU860,CAN,Guangzhou Baiyun International Airport,TransNusa,8B,A320,Airbus A320-214,PK-TLD,Departed 19:26,2026-08-06 05:53:51
CGK,departures,2026-08-05,19:00,19:22,IU874,SJV874,PLM,Palembang International Airport,Super Air Jet,IU,A320,Airbus A320-232,PK-STG,Departed 19:22,2026-08-06 05:53:51
CGK,departures,2026-08-05,19:00,19:09,ID6884,BTK6884,KNO,Medan Kuala Namu International Airport,Batik Air,ID,A320,Airbus A320-214,PK-BKU,Departed 19:09,2026-08-06 05:53:51
CGK,departures,2026-08-05,19:00,,ID6205,,KNO,Medan Kuala Namu International Airport,Batik Air,ID,32A,,,Unknown,2026-08-06 05:53:51
CGK,departures,2026-08-05,19:00,19:15,TG436,THA436,BKK,Bangkok Suvarnabhumi Airport,Thai Airways,TG,A359,Airbus A350-941,HS-THX,Departed 19:15,2026-08-06 05:53:51
CGK,departures,2026-08-05,19:00,19:07,IU914,SJV914,PKU,Pekanbaru Sultan Syarif Kasim II Airport,Super Air Jet,IU,A320,Airbus A320-232,PK-SJW,Departed 19:07,2026-08-06 05:53:51
CGK,departures,2026-08-05,19:05,19:34,QG946,CTV946,BTH,Batam Hang Nadim Airport,Citilink,QG,A320,Airbus A320-214,PK-GLR,Departed 19:34,2026-08-06 05:53:51
CGK,departures,2026-08-05,19:15,19:33,GA206,GIA206,YIA,Yogyakarta International Airport,Garuda Indonesia (Livin' by Mandiri Livery),GA,B738,Boeing 737-86N,PK-GFI,Departed 19:33,2026-08-06 05:53:51
CGK,departures,2026-08-05,19:15,19:40,GA196,GIA196,KNO,Medan Kuala Namu International Airport,Garuda Indonesia,GA,B738,Boeing 737-8U3,PK-GUG,Departed 19:40,2026-08-06 05:53:51
CGK,departures,2026-08-05,19:20,19:30,SQ965,SIA965,SIN,Singapore Changi Airport,Singapore Airlines,SQ,B77W,Boeing 777-312(ER),9V-SWT,Departed 19:30,2026-08-06 05:53:51
CGK,departures,2026-08-05,19:20,20:31,9C7342,CQH7342,SZX,Shenzhen Bao'an International Airport,Spring Airlines,9C,A20N,Airbus A320-251N,B-32D6,Departed 20:31,2026-08-06 05:53:51
CGK,departures,2026-08-05,19:25,15:30,QZ820,AWQ820,DPS,Denpasar Ngurah Rai International Airport,AirAsia (Sustainable ASEAN Tourism Livery),AK,A320,Airbus A320-216,PK-AZS,Departed 15:30,2026-08-06 05:53:51
CGK,departures,2026-08-05,19:30,21:48,IN582,LKN582,UPG,Makassar Sultan Hasanuddin International Airport,Nam Air,IN,B735,Boeing 737-524,PK-NAT,Departed 21:48,2026-08-06 05:53:51
CGK,departures,2026-08-05,19:30,21:31,8B5110,TNU5110,DPS,Denpasar Ngurah Rai International Airport,TransNusa,8B,A320,Airbus A320-214,PK-TLC,Departed 21:31,2026-08-06 05:53:51
CGK,departures,2026-08-05,19:30,19:54,ID6862,BTK6862,BTH,Batam Hang Nadim Airport,Batik Air,ID,A320,Airbus A320-214,PK-BKQ,Departed 19:54,2026-08-06 05:53:51
CGK,departures,2026-08-05,19:30,19:41,ID6362,BTK6362,SRG,Semarang Achmad Yani International Airport,Batik Air,ID,A320,Airbus A320-214,PK-LUJ,Departed 19:41,2026-08-06 05:53:51
CGK,departures,2026-08-05,19:30,22:18,ID6143,,BTH,Batam Hang Nadim Airport,Batik Air,ID,32A,,,Unknown,2026-08-06 05:53:51
CGK,departures,2026-08-05,19:30,19:30,IU624,,BDJ,Banjarmasin Syamsudin Noor Airport,Super Air Jet,IU,320,,,Estimated dep 19:30*,2026-08-06 05:53:51
CGK,departures,2026-08-05,19:30,19:44,GA822,GIA822,SIN,Singapore Changi Airport,Garuda Indonesia,GA,B738,Boeing 737-8U3,PK-GMD,Departed 19:44,2026-08-06 05:53:51
CGK,departures,2026-08-05,19:45,19:46,8B155,TNU155,SIN,Singapore Changi Airport,TransNusa,8B,A321,Airbus A321-211,PK-TLM,Departed 19:46,2026-08-06 05:53:51
CGK,departures,2026-08-05,19:45,20:18,GA424,GIA424,DPS,Denpasar Ngurah Rai International Airport,Garuda Indonesia,GA,B738,Boeing 737-8U3,PK-GUF,Departed 20:18,2026-08-06 05:53:51
CGK,departures,2026-08-05,19:50,20:03,MH724,MAS724,KUL,Kuala Lumpur International Airport,Malaysia Airlines,MH,B738,Boeing 737-8H6,9M-MXO,Departed 20:03,2026-08-06 05:53:51
CGK,departures,2026-08-05,20:00,20:51,TR279,TGW279,SIN,Singapore Changi Airport,Scoot,TR,A320,Airbus A320-232,9V-TRU,Departed 20:51,2026-08-06 05:53:51
CGK,departures,2026-08-05,20:00,,ID6821,,SUB,Surabaya Juanda International Airport,Batik Air,ID,32A,,,Unknown,2026-08-06 05:53:51
CGK,departures,2026-08-05,20:00,20:00,QG986,CTV986,PLM,Palembang International Airport,Citilink (Tiket.com Livery),QG,A320,Airbus A320-214,PK-GLW,Departed 20:00,2026-08-06 05:53:51
CGK,departures,2026-08-05,20:00,20:11,QG882,CTV882,KNO,Medan Kuala Namu International Airport,Citilink,QG,A320,Airbus A320-214,PK-GQK,Departed 20:11,2026-08-06 05:53:51
CGK,departures,2026-08-05,20:00,20:12,ID6588,BTK6588,SUB,Surabaya Juanda International Airport,Batik Air,ID,A320,Airbus A320-214,PK-LAM,Departed 20:12,2026-08-06 05:53:51
CGK,departures,2026-08-05,20:05,22:36,JT306,LNI306,KNO,Medan Kuala Namu International Airport,Lion Air,JT,B739,Boeing 737-9GP(ER),PK-LQS,Departed 22:36,2026-08-06 05:53:51
CGK,departures,2026-08-05,20:10,20:38,GA324,GIA324,SUB,Surabaya Juanda International Airport,Garuda Indonesia,GA,B738,Boeing 737-8SH,PK-GUD,Departed 20:38,2026-08-06 05:53:51
CGK,departures,2026-08-05,20:15,20:27,SQ967,SIA967,SIN,Singapore Changi Airport,Singapore Airlines,SQ,A359,Airbus A350-941,9V-SHJ,Departed 20:27,2026-08-06 05:53:51
CGK,departures,2026-08-05,20:30,20:36,QG216,CTV216,UPG,Makassar Sultan Hasanuddin International Airport,Citilink,QG,A320,Airbus A320-214,PK-GQG,Departed 20:36,2026-08-06 05:53:51
CGK,departures,2026-08-05,20:35,,3U9044,,TFU,Chengdu Tianfu International Airport,Sichuan Airlines,3U,33F,,,Unknown,2026-08-06 05:53:51
CGK,departures,2026-08-05,20:35,,3U9016,,TFU,Chengdu Tianfu International Airport,Sichuan Airlines,3U,321,,,Unknown,2026-08-06 05:53:51
CGK,departures,2026-08-05,20:45,21:06,QF42,QFA042,SYD,Sydney Kingsford Smith Airport,Qantas,QF,A332,Airbus A330-202,VH-EBD,Departed 21:06,2026-08-06 05:53:51
CGK,departures,2026-08-05,20:50,20:42,AK354,AXM354,KUL,Kuala Lumpur International Airport,AirAsia (Allstars Livery),AK,A320,Airbus A320-214,9M-AFD,Departed 20:42,2026-08-06 05:53:51
CGK,departures,2026-08-05,21:00,,RI700,,LOP,Lombok International Airport,Rimbun Air,RI,73Y,,,Unknown,2026-08-06 05:53:51
CGK,departures,2026-08-05,21:00,,RI120,,KNO,Medan Kuala Namu International Airport,Rimbun Air,RI,73Y,,,Unknown,2026-08-06 05:53:51
CGK,departures,2026-08-05,21:00,21:01,TK57,THY057,IST,Istanbul Airport,Turkish Airlines,TK,A359,Airbus A350-941,TC-LGM,Departed 21:01,2026-08-06 05:53:51
CGK,departures,2026-08-05,21:00,21:10,QG728,CTV728,SUB,Surabaya Juanda International Airport,Citilink,QG,A320,Airbus A320-214,PK-GLN,Departed 21:10,2026-08-06 05:53:51
CGK,departures,2026-08-05,21:00,21:12,QF40,QFA040,MEL,Melbourne Airport,Qantas,QF,A332,Airbus A330-203,VH-EBL,Departed 21:12,2026-08-06 05:53:51
CGK,departures,2026-08-05,21:15,21:48,IN582,LKN582,UPG,Makassar Sultan Hasanuddin International Airport,Nam Air,IN,B735,Boeing 737-524,PK-NAT,Departed 21:48,2026-08-06 05:53:51
CGK,departures,2026-08-05,21:15,04:30,SJ592,,UPG,Makassar Sultan Hasanuddin International Airport,Sriwijaya Air,SJ,735,,,Unknown,2026-08-06 05:53:51
CGK,departures,2026-08-05,21:25,21:42,NH856,ANA856,HND,Tokyo Haneda International Airport,All Nippon Airways,NH,B789,Boeing 787-9 Dreamliner,JA882A,Departed 21:42,2026-08-06 05:53:48
CGK,departures,2026-08-05,21:30,21:57,OZ762,AAR762,ICN,Seoul Incheon International Airport,Asiana Airlines,OZ,A359,Airbus A350-941,HL8521,Departed 21:57,2026-08-06 05:53:48
CGK,departures,2026-08-05,21:30,,JT938,,UPG,Makassar Sultan Hasanuddin International Airport,Lion Air,JT,738,,,Unknown,2026-08-06 05:53:48
CGK,departures,2026-08-05,21:30,21:30,JT940,,UPG,Makassar Sultan Hasanuddin International Airport,Lion Air,JT,738,,,Estimated dep 21:30*,2026-08-06 05:53:48
CGK,departures,2026-08-05,21:30,21:32,JT798,LNI798,UPG,Makassar Sultan Hasanuddin International Airport,Lion Air,JT,B739,Boeing 737-9GP(ER),PK-LJG,Departed 21:32,2026-08-06 05:53:48
CGK,departures,2026-08-05,21:50,22:08,TW156,TWB156,ICN,Seoul Incheon International Airport,T'Way Air,TW,A333,Airbus A330-343,HL8502,Departed 22:08,2026-08-06 05:53:48
CGK,departures,2026-08-05,21:50,22:01,JL726,JAL726,NRT,Tokyo Narita International Airport,Japan Airlines,JL,B763,Boeing 767-346(ER),JA607J,Departed 22:01,2026-08-06 05:53:48
CGK,departures,2026-08-05,22:00,22:00,JT948,,UPG,Makassar Sultan Hasanuddin International Airport,Lion Air,JT,738,,,Estimated dep 22:00*,2026-08-06 05:53:48
CGK,departures,2026-08-05,22:00,22:00,JT984,,UPG,Makassar Sultan Hasanuddin International Airport,Lion Air,JT,739,,,Estimated dep 22:00*,2026-08-06 05:53:48
CGK,departures,2026-08-05,22:15,22:29,SJ598,SJY598,UPG,Makassar Sultan Hasanuddin International Airport,Sriwijaya Air,SJ,B735,Boeing 737-524,PK-CLE,Departed 22:29,2026-08-06 05:53:48
CGK,departures,2026-08-05,22:15,22:26,TR273,TGW273,SIN,Singapore Changi Airport,Scoot,TR,A320,Airbus A320-232,9V-TRP,Departed 22:26,2026-08-06 05:53:48
CGK,departures,2026-08-05,22:30,22:30,8B862,,CAN,Guangzhou Baiyun International Airport,TransNusa,8B,320,,,Estimated dep 22:30*,2026-08-06 05:53:48
CGK,departures,2026-08-05,23:00,,RI320,,UPG,Makassar Sultan Hasanuddin International Airport,Rimbun Air,RI,73Y,,,Unknown,2026-08-06 05:53:48
CGK,departures,2026-08-05,23:00,23:07,ID6182,BTK6182,UPG,Makassar Sultan Hasanuddin International Airport,Batik Air,ID,B738,Boeing 737-8GP,PK-LBW,Departed 23:07,2026-08-06 05:53:48
CGK,departures,2026-08-05,23:00,,ID6164,,UPG,Makassar Sultan Hasanuddin International Airport,Batik Air,ID,32A,,,Unknown,2026-08-06 05:53:48
CGK,departures,2026-08-05,23:15,23:27,GA878,GIA878,ICN,Seoul Incheon International Airport,Garuda Indonesia (Pokémon Livery),GA,A333,Airbus A330-343,PK-GPY,Departed 23:27,2026-08-06 05:53:48
CGK,departures,2026-08-05,23:15,23:30,GA656,GIA656,DJJ,Jayapura Sentani Airport,Garuda Indonesia,GA,B738,Boeing 737-8U3,PK-GMA,Departed 23:30,2026-08-06 05:53:48
CGK,departures,2026-08-05,23:20,23:24,MF8674,CXA8674,CKG,Chongqing Jiangbei International Airport,Xiamen Air,MF,B38M,Boeing 737 MAX 8,B-1289,Departed 23:24,2026-08-06 05:53:48
CGK,departures,2026-08-05,23:20,23:20,3U9042,,TFU,Chengdu Tianfu International Airport,Sichuan Airlines,3U,33F,,,Estimated dep 23:20*,2026-08-06 05:53:48
CGK,departures,2026-08-05,23:25,23:32,GA874,GIA874,HND,Tokyo Haneda International Airport,Garuda Indonesia,GA,A333,Airbus A330-343,PK-GPW,Departed 23:32,2026-08-06 05:53:48
CGK,departures,2026-08-05,23:30,,RI302,,MDC,Manado Sam Ratulangi International Airport,Rimbun Air,RI,73Y,,,Unknown,2026-08-06 05:53:48
CGK,departures,2026-08-05,23:30,23:37,MU5070,CES5070,PVG,Shanghai Pudong International Airport,China Eastern (SkyTeam Livery),MU,A332,Airbus A330-243,B-5908,Departed 23:37,2026-08-06 05:53:48
CGK,departures,2026-08-05,23:30,01:23,MF838,CXA838,XMN,Xiamen Gaoqi International Airport,Xiamen Air,MF,B38M,Boeing 737 MAX 8,B-225F,Departed 01:23,2026-08-06 05:53:48
CGK,departures,2026-08-05,23:50,00:18,GA860,GIA860,HKG,Hong Kong International Airport,Garuda Indonesia,GA,B738,Boeing 737-86N,PK-GFJ,Departed 00:18,2026-08-06 05:53:48
CGK,departures,2026-08-05,23:55,,8K801,,SIN,Singapore Changi Airport,Exploits Valley Air Services,8K,73P,,,Unknown,2026-08-06 05:53:48
CGK,departures,2026-08-05,23:55,00:21,GA894,GIA894,PVG,Shanghai Pudong International Airport,Garuda Indonesia,GA,A333,Airbus A330-343,PK-GPU,Departed 00:21,2026-08-06 05:53:48
CGK,departures,2026-08-05,23:55,00:11,GA712,GIA712,SYD,Sydney Kingsford Smith Airport,Garuda Indonesia (Retro Livery),GA,A333,Airbus A330-343,PK-GHD,Departed 00:11,2026-08-06 05:53:48
DPS,arrivals,2026-08-05,05:20,,SJ727,,UPG,Makassar Sultan Hasanuddin International Airport,Sriwijaya Air,SJ,738,,,Unknown,2026-08-06 05:54:39
DPS,arrivals,2026-08-05,06:05,06:06,HX707,CRK707,HKG,Hong Kong International Airport,Hong Kong Airlines,HX,A333,Airbus A330-343,B-LHJ,Landed 07:06,2026-08-06 05:54:39
DPS,arrivals,2026-08-05,06:10,06:10,8B5889,TNU5889,MDC,Manado Sam Ratulangi International Airport,TransNusa,8B,A320,Airbus A320-214,PK-TLF,Landed 07:10,2026-08-06 05:54:39
DPS,arrivals,2026-08-05,06:15,06:13,ID6414,BTK6414,SUB,Surabaya Juanda International Airport,Batik Air,ID,A320,Airbus A320-214,PK-LUF,Landed 07:13,2026-08-06 05:54:39
DPS,arrivals,2026-08-05,06:20,06:14,8B968,TNU968,CAN,Guangzhou Baiyun International Airport,TransNusa,8B,A320,Airbus A320-214,PK-TLN,Landed 07:14,2026-08-06 05:54:39
DPS,arrivals,2026-08-05,06:25,06:21,JT20,LNI020,CGK,Jakarta Soekarno Hatta International Airport,Lion Air,JT,B39M,Boeing 737 MAX 9,PK-LRH,Landed 07:21,2026-08-06 05:54:36
DPS,arrivals,2026-08-05,06:35,06:18,QG692,CTV692,SUB,Surabaya Juanda International Airport,Citilink,QG,A320,Airbus A320-214,PK-GLO,Landed 07:18,2026-08-06 05:54:36
DPS,arrivals,2026-08-05,06:35,06:24,QG680,CTV680,CGK,Jakarta Soekarno Hatta International Airport,Citilink,QG,A320,Airbus A320-214,PK-GQM,Landed 07:24,2026-08-06 05:54:36
DPS,arrivals,2026-08-05,06:45,06:57,IW1851,WON1851,LOP,Lombok International Airport,Wings Air (60th ATR to Lion GroupLivery),IW,AT76,ATR 72-600,PK-WHS,Landed 07:57,2026-08-06 05:54:36
DPS,arrivals,2026-08-05,06:45,06:49,CZ8481,CSN8481,CAN,Guangzhou Baiyun International Airport,China Southern Airlines,CZ,A21N,Airbus A321-251NX,B-32PU,Landed 07:49,2026-08-06 05:54:36
DPS,arrivals,2026-08-05,06:50,07:13,5J279,CEB279,MNL,Manila Ninoy Aquino International Airport,Cebu Pacific,5J,A21N,Airbus A321-271NX,RP-C4143,Landed 08:13,2026-08-06 05:54:36
DPS,arrivals,2026-08-05,07:05,06:45,SU296,AFL296,SVO,Moscow Sheremetyevo International Airport,Aeroflot,SU,A359,Airbus A350-941,RA-73154,Landed 07:45,2026-08-06 05:54:36
DPS,arrivals,2026-08-05,07:15,07:18,IW1853,WON1853,LOP,Lombok International Airport,Wings Air,IW,AT76,ATR 72-600,PK-WHP,Landed 08:18,2026-08-06 05:54:36
DPS,arrivals,2026-08-05,07:45,07:39,8B85,TNU085,PER,Perth Airport,TransNusa,8B,A320,Airbus A320-214,PK-TLP,Landed 08:39,2026-08-06 05:54:36
DPS,arrivals,2026-08-05,07:55,07:57,SQ934,SIA934,SIN,Singapore Changi Airport,Singapore Airlines,SQ,B78X,Boeing 787-10 Dreamliner,9V-SCK,Landed 08:57,2026-08-06 05:54:36
DPS,arrivals,2026-08-05,08:05,08:18,8B5251,TNU5251,LOP,Lombok International Airport,TransNusa,8B,AJ27,Comac ARJ-21-700,PK-TJB,Landed 09:18,2026-08-06 05:54:36
DPS,arrivals,2026-08-05,08:05,08:09,IW1859,WON1859,LOP,Lombok International Airport,Wings Air,IW,AT76,ATR 72-600,PK-WHQ,Landed 09:09,2026-08-06 05:54:36
DPS,arrivals,2026-08-05,08:25,08:22,IU132,SJV132,SRG,Semarang Achmad Yani International Airport,Super Air Jet,IU,A320,Airbus A320-232,PK-SJJ,Landed 09:22,2026-08-06 05:54:36
DPS,arrivals,2026-08-05,08:30,08:14,IU127,SJV127,SOC,Surakarta Adisumarmo International Airport,Super Air Jet,IU,A320,Airbus A320-232,PK-SJM,Landed 09:14,2026-08-06 05:54:36
DPS,arrivals,2026-08-05,08:45,08:44,8B5104,TNU5104,CGK,Jakarta Soekarno Hatta International Airport,TransNusa,8B,A320,Airbus A320-214,PK-TLO,Landed 09:44,2026-08-06 05:54:36
DPS,arrivals,2026-08-05,08:50,08:56,QZ645,AWQ645,LBJ,Labuan Bajo Komodo Airport,AirAsia,AK,A320,Airbus A320-216,PK-AXY,Landed 09:56,2026-08-06 05:54:36
DPS,arrivals,2026-08-05,08:55,08:52,8G181,DTL181,DIL,Dili Presidente Nicolau Lobato International Airport,Aero Dili,8G,A319,Airbus A319-115,4W-AAO,Landed 09:52,2026-08-06 05:54:36
DPS,arrivals,2026-08-05,08:55,08:36,QG196,CTV196,HLP,Jakarta Halim Perdanakusuma Airport,Citilink,QG,A320,Airbus A320-214,PK-GLS,Landed 09:36,2026-08-06 05:54:36
DPS,arrivals,2026-08-05,08:55,,JT990,,SUB,Surabaya Juanda International Airport,Lion Air,JT,739,,,Canceled,2026-08-06 05:54:36
DPS,arrivals,2026-08-05,08:55,08:49,JT741,LNI741,UPG,Makassar Sultan Hasanuddin International Airport,Lion Air,JT,B739,Boeing 737-9GP(ER),PK-LFW,Landed 09:49,2026-08-06 05:54:36
DPS,arrivals,2026-08-05,09:05,08:59,GA402,GIA402,CGK,Jakarta Soekarno Hatta International Airport,Garuda Indonesia,GA,B738,Boeing 737-81D,PK-GFR,Landed 09:59,2026-08-06 05:54:36
DPS,arrivals,2026-08-05,09:10,12:48,JQ125,JST125,ADL,Adelaide Airport,Jetstar,JQ,A21N,Airbus A321-251NX(LR),VH-OFY,Landed 13:48,2026-08-06 05:54:36
DPS,arrivals,2026-08-05,09:20,09:05,6E1605,IGO1605,BLR,Bengaluru Kempegowda International Airport,IndiGo,6E,A20N,Airbus A320-251N,VT-IQX,Landed 10:05,2026-08-06 05:54:36
DPS,arrivals,2026-08-05,09:20,09:12,TR280,TGW280,SIN,Singapore Changi Airport,Scoot,TR,B788,Boeing 787-8 Dreamliner,9V-OFE,Landed 10:12,2026-08-06 05:54:36
DPS,arrivals,2026-08-05,09:30,09:21,JQ110,JST110,PER,Perth Airport,Jetstar,JQ,A21N,Airbus A321-251NX(LR),VH-OFL,Landed 10:21,2026-08-06 05:54:36
DPS,arrivals,2026-08-05,09:35,09:48,JQ31,JST031,MEL,Melbourne Airport,Jetstar,JQ,A21N,Airbus A321-251NX(LR),VH-OFW,Landed 10:48,2026-08-06 05:54:36
DPS,arrivals,2026-08-05,09:40,09:34,IW1855,WON1855,LOP,Lombok International Airport,Wings Air (60th ATR to Lion GroupLivery),IW,AT76,ATR 72-600,PK-WHS,Landed 10:34,2026-08-06 05:54:36
DPS,arrivals,2026-08-05,09:45,09:26,QZ549,AWQ549,PER,Perth Airport,AirAsia,AK,A320,Airbus A320-216,PK-AZK,Landed 10:26,2026-08-06 05:54:36
DPS,arrivals,2026-08-05,09:50,09:36,JQ39,JST039,SYD,Sydney Kingsford Smith Airport,Jetstar,JQ,A21N,Airbus A321-251NX(LR),VH-OYW,Landed 10:36,2026-08-06 05:54:36
DPS,arrivals,2026-08-05,10:00,10:19,SQ936,SIA936,SIN,Singapore Changi Airport,Singapore Airlines,SQ,B78X,Boeing 787-10 Dreamliner,9V-SCB,Landed 11:19,2026-08-06 05:54:36
DPS,arrivals,2026-08-05,10:00,09:52,ID6332,BTK6332,LBJ,Labuan Bajo Komodo Airport,Batik Air,ID,A320,Airbus A320-214,PK-LAQ,Landed 10:52,2026-08-06 05:54:36
DPS,arrivals,2026-08-05,10:05,09:43,OD192,MXD192,PER,Perth Airport,Batik Air,ID,B738,Boeing 737-86N,9M-LDT,Landed 10:43,2026-08-06 05:54:36
DPS,arrivals,2026-08-05,10:05,10:32,GA719,GIA719,MEL,Melbourne Airport,Garuda Indonesia,GA,A333,Airbus A330-343,PK-GHA,Landed 11:32,2026-08-06 05:54:36
DPS,arrivals,2026-08-05,10:20,10:46,IW1849,WON1849,LOP,Lombok International Airport,Wings Air,IW,AT76,ATR 72-600,PK-WHQ,Landed 11:46,2026-08-06 05:54:36
DPS,arrivals,2026-08-05,10:20,10:23,IW1883,WON1883,SWQ,Sumbawa Besar Airport,Wings Air,IW,AT76,ATR 72-600,PK-WHP,Landed 11:23,2026-08-06 05:54:36
DPS,arrivals,2026-08-05,10:20,10:16,GA342,GIA342,SUB,Surabaya Juanda International Airport,Garuda Indonesia,GA,B738,Boeing 737-8U3,PK-GFF,Landed 11:16,2026-08-06 05:54:36
DPS,arrivals,2026-08-05,10:25,10:06,OD178,MXD178,MEL,Melbourne Airport,Batik Air,ID,B38M,Boeing 737 MAX 8,9M-LRW,Landed 11:06,2026-08-06 05:54:36
DPS,arrivals,2026-08-05,10:25,,JT30,,CGK,Jakarta Soekarno Hatta International Airport,Lion Air,JT,739,,,Canceled,2026-08-06 05:54:36
DPS,arrivals,2026-08-05,10:25,11:16,EY476,ETD476,AUH,Abu Dhabi Zayed International Airport,Etihad Airways,EY,B77W,Boeing 777-3FX(ER),A6-ETJ,Landed 12:16,2026-08-06 05:54:36
DPS,arrivals,2026-08-05,10:30,,AK806,AWQ806,CGK,Jakarta Soekarno Hatta International Airport,AirAsia (Colours of Indonesia Livery),AK,A320,Airbus A320-216,PK-AXD,Unknown,2026-08-06 05:54:36
DPS,arrivals,2026-08-05,10:30,11:23,OD158,MXD158,BNE,Brisbane Airport,Batik Air,ID,B38M,Boeing 737 MAX 8,9M-LRP,Landed 12:23,2026-08-06 05:54:36
DPS,arrivals,2026-08-05,10:35,10:26,QG696,CTV696,SUB,Surabaya Juanda International Airport,Citilink,QG,A320,Airbus A320-214,PK-GLV,Landed 11:26,2026-08-06 05:54:36
DPS,arrivals,2026-08-05,10:40,10:42,FD396,AIQ396,DMK,Bangkok Don Mueang International Airport,AirAsia,AK,A320,Airbus A320-216,HS-BBP,Landed 11:42,2026-08-06 05:54:36
DPS,arrivals,2026-08-05,10:50,10:35,JQ57,JST057,BNE,Brisbane Airport,Jetstar,JQ,A21N,Airbus A321-251NX(LR),VH-OYD,Landed 11:35,2026-08-06 05:54:36
DPS,arrivals,2026-08-05,10:50,10:39,QZ643,AWQ643,LBJ,Labuan Bajo Komodo Airport,AirAsia,AK,A320,Airbus A320-214,PK-AZH,Landed 11:39,2026-08-06 05:54:36
DPS,arrivals,2026-08-05,11:00,11:19,SQ938,SIA938,SIN,Singapore Changi Airport,Singapore Airlines,SQ,B78X,Boeing 787-10 Dreamliner,9V-SCT,Landed 12:19,2026-08-06 05:54:36
DPS,arrivals,2026-08-05,11:00,11:29,OD306,MXD306,KUL,Kuala Lumpur International Airport,Batik Air,ID,B738,Boeing 737-8U3,9M-LDF,Landed 12:29,2026-08-06 05:54:36
DPS,arrivals,2026-08-05,11:00,10:49,IP102,PAS102,CGK,Jakarta Soekarno Hatta International Airport,Pelita Air,IP,A320,Airbus A320-232,PK-PWL,Landed 11:49,2026-08-06 05:54:36
DPS,arrivals,2026-08-05,11:05,11:04,OD172,MXD172,SYD,Sydney Kingsford Smith Airport,Batik Air (Visit Malaysia Truly Asia 2026 Livery),ID,B38M,Boeing 737 MAX 8,9M-LRL,Landed 12:04,2026-08-06 05:54:36
DPS,arrivals,2026-08-05,11:05,11:00,MH715,MAS715,KUL,Kuala Lumpur International Airport,Malaysia Airlines,MH,A339,Airbus A330-941,9M-MNN,Landed 12:00,2026-08-06 05:54:36
DPS,arrivals,2026-08-05,11:10,11:37,8B5635,TNU5635,BMU,Bima Sultan Muhammad Salahudin Airport,TransNusa,8B,AJ27,Comac ARJ-21-700,PK-TJB,Landed 12:37,2026-08-06 05:54:36
DPS,arrivals,2026-08-05,11:15,10:56,AK364,AXM364,KUL,Kuala Lumpur International Airport,AirAsia,AK,A21N,Airbus A321-251NX,9M-VAB,Landed 11:56,2026-08-06 05:54:36
DPS,arrivals,2026-08-05,11:15,11:08,GA406,GIA406,CGK,Jakarta Soekarno Hatta International Airport,Garuda Indonesia,GA,B738,Boeing 737-8U3,PK-GFV,Landed 12:08,2026-08-06 05:54:36
DPS,arrivals,2026-08-05,11:20,11:12,ID6325,BTK6325,TMC,Tambolaka Airport,Batik Air,ID,A320,Airbus A320-214,PK-LAI,Landed 12:12,2026-08-06 05:54:36
DPS,arrivals,2026-08-05,11:25,11:33,GA404,GIA404,CGK,Jakarta Soekarno Hatta International Airport,Garuda Indonesia,GA,B738,Boeing 737-8U3,PK-GMY,Landed 12:33,2026-08-06 05:54:36
DPS,arrivals,2026-08-05,11:30,11:26,GA843,GIA843,SIN,Singapore Changi Airport,Garuda Indonesia,GA,B738,Boeing 737-8U3,PK-GFW,Landed 12:26,2026-08-06 05:54:36
DPS,arrivals,2026-08-05,11:35,11:49,QZ802,AWQ802,CGK,Jakarta Soekarno Hatta International Airport,AirAsia (Sustainable ASEAN Tourism Livery),AK,A320,Airbus A320-216,PK-AZS,Landed 12:49,2026-08-06 05:54:36
DPS,arrivals,2026-08-05,11:35,,SJ741,,WGP,Waingapu Mau Hau Airport,Sriwijaya Air,SJ,735,,,Unknown,2026-08-06 05:54:36
DPS,arrivals,2026-08-05,11:35,14:44,JT34,LNI034,CGK,Jakarta Soekarno Hatta International Airport,Lion Air,JT,B739,Boeing 737-9GP(ER),PK-LFW,Landed 15:44,2026-08-06 05:54:36
DPS,arrivals,2026-08-05,11:55,11:41,QG686,CTV686,CGK,Jakarta Soekarno Hatta International Airport,Citilink,QG,A320,Airbus A320-214,PK-GQF,Landed 12:41,2026-08-06 05:54:36
DPS,arrivals,2026-08-05,11:55,13:36,JT663,LNI663,BPN,Balikpapan Sepinggan Airport,Lion Air,JT,B739,Boeing 737-9GP(ER),PK-LFK,Landed 14:36,2026-08-06 05:54:36
DPS,arrivals,2026-08-05,12:05,,ID8332,,LBJ,Labuan Bajo Komodo Airport,Batik Air,ID,32A,,,Canceled,2026-08-06 05:54:36
DPS,arrivals,2026-08-05,12:05,11:46,TR288,TGW288,SIN,Singapore Changi Airport,Scoot,TR,B788,Boeing 787-8 Dreamliner,9V-OFK,Landed 12:46,2026-08-06 05:54:36
DPS,arrivals,2026-08-05,12:15,12:06,JT804,LNI804,SUB,Surabaya Juanda International Airport,Lion Air,JT,B739,Boeing 737-9GP(ER),PK-LJI,Landed 13:06,2026-08-06 05:54:36
DPS,arrivals,2026-08-05,12:20,12:19,TUN5106,TNU5106,CGK,Jakarta Soekarno Hatta International Airport,TransNusa,8B,A320,Airbus A320-214,PK-TLF,Landed 13:19,2026-08-06 05:54:36
DPS,arrivals,2026-08-05,12:25,12:38,JQ43,JST043,MEL,Melbourne Airport,Jetstar,JQ,A21N,Airbus A321-251NX(LR),VH-OLU,Landed 13:38,2026-08-06 05:54:36
DPS,arrivals,2026-08-05,12:30,12:51,8B552,TNU552,SIN,Singapore Changi Airport,TransNusa,8B,A320,Airbus A320-214,PK-TLA,Landed 13:51,2026-08-06 05:54:36
DPS,arrivals,2026-08-05,12:30,12:13,AI2147,AIC2147,DEL,Delhi Indira Gandhi International Airport,Air India,AI,A21N,Airbus A321-251NX(LR),VT-TVG,Landed 13:13,2026-08-06 05:54:36
DPS,arrivals,2026-08-05,12:30,12:16,QG343,CTV343,UPG,Makassar Sultan Hasanuddin International Airport,Citilink,QG,A320,Airbus A320-214,PK-GLO,Landed 13:16,2026-08-06 05:54:36
DPS,arrivals,2026-08-05,12:35,13:11,JQ88,JST088,NTL,Newcastle Airport,Jetstar,JQ,A21N,Airbus A321-251NX(LR),VH-OYK,Landed 14:11,2026-08-06 05:54:36
DPS,arrivals,2026-08-05,12:35,12:42,VJ893,VJC893,SGN,Ho Chi Minh City International Airport,VietJet Air,VJ,A21N,Airbus A321-271NX,VN-A201,Landed 13:42,2026-08-06 05:54:36
DPS,arrivals,2026-08-05,12:35,12:33,ID6050,BTK6050,CGK,Jakarta Soekarno Hatta International Airport,Batik Air,ID,A320,Airbus A320-214,PK-LUP,Landed 13:33,2026-08-06 05:54:36
DPS,arrivals,2026-08-05,12:40,12:31,ID7309,BTK7309,HLP,Jakarta Halim Perdanakusuma Airport,Batik Air,ID,A320,Airbus A320-214,PK-LAO,Landed 13:31,2026-08-06 05:54:36
DPS,arrivals,2026-08-05,12:45,12:45,JT845,LNI845,BDJ,Banjarmasin Syamsudin Noor Airport,Lion Air,JT,B739,Boeing 737-9GP(ER),PK-LSO,Landed 13:45,2026-08-06 05:54:36
DPS,arrivals,2026-08-05,12:45,13:32,JQ83,JST083,DRW,Darwin International Airport,Jetstar,JQ,A21N,Airbus A321-251NX(LR),VH-OYP,Landed 14:32,2026-08-06 05:54:36
DPS,arrivals,2026-08-05,12:45,12:27,IU123,SJV123,YIA,Yogyakarta International Airport,Super Air Jet,IU,A320,Airbus A320-232,PK-SJM,Landed 13:27,2026-08-06 05:54:36
DPS,arrivals,2026-08-05,12:45,12:54,GA653,GIA653,TIM,Timika Airport,Garuda Indonesia,GA,B738,Boeing 737-8U3,PK-GNC,Landed 13:54,2026-08-06 05:54:36
DPS,arrivals,2026-08-05,12:55,13:01,GA254,GIA254,YIA,Yogyakarta International Airport,Garuda Indonesia,GA,B738,Boeing 737-8U3,PK-GMC,Landed 14:01,2026-08-06 05:54:36
DPS,arrivals,2026-08-05,13:05,13:08,VA45,VOZ045,BNE,Brisbane Airport,Virgin Australia,VA,B38M,Boeing 737 MAX 8,VH-8IM,Landed 14:08,2026-08-06 05:54:36
DPS,arrivals,2026-08-05,13:05,,JT24,,CGK,Jakarta Soekarno Hatta International Airport,Lion Air,JT,738,,,Canceled,2026-08-06 05:54:36
DPS,arrivals,2026-08-05,13:05,13:05,QG501,CTV501,DIL,Dili Presidente Nicolau Lobato International Airport,Citilink,QG,A320,Airbus A320-214,PK-GQM,Landed 14:05,2026-08-06 05:54:36
DPS,arrivals,2026-08-05,13:20,13:19,QZ647,AWQ647,LBJ,Labuan Bajo Komodo Airport,AirAsia,AK,A320,Airbus A320-216,PK-AZK,Landed 14:19,2026-08-06 05:54:36
DPS,arrivals,2026-08-05,13:20,13:15,IU704,SJV363,SUB,Surabaya Juanda International Airport,Super Air Jet,IU,A320,Airbus A320-232,PK-STC,Landed 14:15,2026-08-06 05:54:36
DPS,arrivals,2026-08-05,13:20,14:09,IU136,SJV136,KOE,Kupang El Tari Airport,Super Air Jet,IU,A320,Airbus A320-232,PK-SJJ,Landed 15:09,2026-08-06 05:54:36
DPS,arrivals,2026-08-05,13:30,,JT1855,,UPG,Makassar Sultan Hasanuddin International Airport,Lion Air,JT,738,,,Unknown,2026-08-06 05:54:36
DPS,arrivals,2026-08-05,13:30,,JT745,,UPG,Makassar Sultan Hasanuddin International Airport,Lion Air,JT,739,,,Canceled,2026-08-06 05:54:36
DPS,arrivals,2026-08-05,13:35,12:58,CI771,CAL771,TPE,Taipei Taoyuan International Airport,China Airlines,CI,B77W,Boeing 777-309(ER),B-18006,Landed 13:58,2026-08-06 05:54:36
DPS,arrivals,2026-08-05,13:45,14:12,VA91,VOZ091,MEL,Melbourne Airport,Virgin Australia,VA,B38M,Boeing 737 MAX 8,VH-8ID,Landed 15:12,2026-08-06 05:54:36
DPS,arrivals,2026-08-05,13:45,14:03,GA715,GIA715,SYD,Sydney Kingsford Smith Airport,Garuda Indonesia,GA,A333,Airbus A330-343,PK-GPT,Landed 15:03,2026-08-06 05:54:36
DPS,arrivals,2026-08-05,13:50,14:06,IP108,PAS108,CGK,Jakarta Soekarno Hatta International Airport,Pelita Air,IP,A320,Airbus A320-214,PK-PWK,Landed 15:06,2026-08-06 05:54:36
DPS,arrivals,2026-08-05,13:50,,SJ743,,TMC,Tambolaka Airport,Nam Air,IN,B735,Boeing 737-524,PK-NAT,Unknown,2026-08-06 05:54:36
DPS,arrivals,2026-08-05,13:50,13:44,QG668,CTV668,SUB,Surabaya Juanda International Airport,Citilink,QG,A320,Airbus A320-214,PK-GLV,Landed 14:44,2026-08-06 05:54:36
DPS,arrivals,2026-08-05,13:50,13:52,ID6330,BTK6330,LBJ,Labuan Bajo Komodo Airport,Batik Air,ID,A320,Airbus A320-214,PK-LAQ,Landed 14:52,2026-08-06 05:54:36
DPS,arrivals,2026-08-05,13:55,13:40,TG431,THA431,BKK,Bangkok Suvarnabhumi Airport,Thai Airways,TG,A359,Airbus A350-941,HS-THF,Landed 14:40,2026-08-06 05:54:36
DPS,arrivals,2026-08-05,13:55,,SJ716,SJY716,UPG,Makassar Sultan Hasanuddin International Airport,Sriwijaya Air,SJ,B735,Boeing 737-524,PK-CLF,Unknown,2026-08-06 05:54:36
DPS,arrivals,2026-08-05,13:55,13:59,AK376,AXM376,KUL,Kuala Lumpur International Airport,AirAsia,AK,A320,Airbus A320-216,9M-RAU,Landed 14:59,2026-08-06 05:54:36
DPS,arrivals,2026-08-05,14:00,14:28,VN641,HVN641,SGN,Ho Chi Minh City International Airport,Vietnam Airlines,VN,A321,Airbus A321-231,VN-A395,Landed 15:28,2026-08-06 05:54:36
DPS,arrivals,2026-08-05,14:00,13:55,CX785,CPA785,HKG,Hong Kong International Airport,Cathay Pacific,CX,B773,Boeing 777-367,B-HNO,Landed 14:55,2026-08-06 05:54:36
DPS,arrivals,2026-08-05,14:10,14:31,8B5255,TNU5255,LOP,Lombok International Airport,TransNusa,8B,AJ27,Comac ARJ-21-700,PK-TJB,Landed 15:31,2026-08-06 05:54:36
DPS,arrivals,2026-08-05,14:15,14:15,BR255,EVA255,TPE,Taipei Taoyuan International Airport,EVA Air (Hello Kitty - Sanrio Characters Livery),BR,A333,Airbus A330-302,B-16333,Landed 15:15,2026-08-06 05:54:36
DPS,arrivals,2026-08-05,14:20,14:37,IW1825,WON1825,BMU,Bima Sultan Muhammad Salahudin Airport,Wings Air,IW,AT76,ATR 72-600,PK-WHP,Landed 15:37,2026-08-06 05:54:32
DPS,arrivals,2026-08-05,14:25,14:25,QZ535,AWQ535,PER,Perth Airport,AirAsia,AK,A320,Airbus A320-216,PK-AZF,Landed 15:25,2026-08-06 05:54:32
DPS,arrivals,2026-08-05,14:30,14:41,MH851,MAS851,KUL,Kuala Lumpur International Airport,Malaysia Airlines,MH,B38M,Boeing 737 MAX 8,9M-MVP,Landed 15:41,2026-08-06 05:54:32
DPS,arrivals,2026-08-05,14:35,14:34,HO1355,DKH1355,PVG,Shanghai Pudong International Airport,Juneyao Air (Colorful Petals Livery),HO,B789,Boeing 787-9 Dreamliner,B-20EQ,Landed 15:34,2026-08-06 05:54:32
DPS,arrivals,2026-08-05,15:00,15:28,IW1963,WON1963,LOP,Lombok International Airport,Wings Air (60th ATR to Lion GroupLivery),IW,AT76,ATR 72-600,PK-WHS,Landed 16:28,2026-08-06 05:54:32
DPS,arrivals,2026-08-05,15:00,15:18,IU706,SJV706,SUB,Surabaya Juanda International Airport,Super Air Jet,IU,A320,Airbus A320-232,PK-STD,Landed 16:18,2026-08-06 05:54:32
DPS,arrivals,2026-08-05,15:00,14:52,AK368,AXM368,KUL,Kuala Lumpur International Airport,AirAsia,AK,A21N,Airbus A321-251NX,9M-VAC,Landed 15:52,2026-08-06 05:54:32
DPS,arrivals,2026-08-05,15:10,15:06,GA252,GIA252,YIA,Yogyakarta International Airport,Garuda Indonesia,GA,B738,Boeing 737-8U3,PK-GFF,Landed 16:06,2026-08-06 05:54:32
DPS,arrivals,2026-08-05,15:15,,QZ808,,CGK,Jakarta Soekarno Hatta International Airport,Indonesia AirAsia,QZ,320,,,Unknown,2026-08-06 05:54:32
DPS,arrivals,2026-08-05,15:20,15:09,NZ290,ANZ290,AKL,Auckland Airport,Air New Zealand,NZ,B789,Boeing 787-9 Dreamliner,ZK-NZH,Landed 16:09,2026-08-06 05:54:32
DPS,arrivals,2026-08-05,15:20,15:32,IU272,SJV272,PNK,Pontianak Supadio Airport,Super Air Jet,IU,A320,Airbus A320-232,PK-SJI,Landed 16:32,2026-08-06 05:54:32
DPS,arrivals,2026-08-05,15:30,15:24,GA422,GIA422,CGK,Jakarta Soekarno Hatta International Airport,Garuda Indonesia (Livin' by Mandiri Livery),GA,B738,Boeing 737-86N,PK-GFI,Landed 16:24,2026-08-06 05:54:32
DPS,arrivals,2026-08-05,15:35,15:42,TR242,TGW242,SIN,Singapore Changi Airport,Scoot,TR,A21N,Airbus A321-271NX,9V-NCB,Landed 16:42,2026-08-06 05:54:32
DPS,arrivals,2026-08-05,15:35,15:34,JT22,LNI022,CGK,Jakarta Soekarno Hatta International Airport,Lion Air,JT,B738,Boeing 737-8GP,PK-LJQ,Landed 16:34,2026-08-06 05:54:32
DPS,arrivals,2026-08-05,15:35,16:45,EK368,UAE368,DXB,Dubai International Airport,Emirates,EK,A388,Airbus A380-842,A6-EUY,Landed 17:45,2026-08-06 05:54:32
DPS,arrivals,2026-08-05,15:55,15:50,IP106,PAS106,CGK,Jakarta Soekarno Hatta International Airport,Pelita Air,IP,A320,Airbus A320-214,PK-PWE,Landed 16:50,2026-08-06 05:54:32
DPS,arrivals,2026-08-05,16:00,15:38,8B554,TNU554,SIN,Singapore Changi Airport,TransNusa,8B,A320,Airbus A320-214,PK-TLN,Landed 16:38,2026-08-06 05:54:32
DPS,arrivals,2026-08-05,16:00,19:01,OD193,MXD193,KUL,Kuala Lumpur International Airport,Batik Air,ID,B738,Boeing 737-8U3,9M-LDG,Landed 20:01,2026-08-06 05:54:32
DPS,arrivals,2026-08-05,16:00,16:24,ID8336,BTK8336,LBJ,Labuan Bajo Komodo Airport,Batik Air,ID,A320,Airbus A320-214,PK-LUF,Landed 17:24,2026-08-06 05:54:32
DPS,arrivals,2026-08-05,16:25,16:34,GA881,GIA881,NRT,Tokyo Narita International Airport,Garuda Indonesia (TravelGo Sticker),GA,A333,Airbus A330-343,PK-GPV,Landed 17:34,2026-08-06 05:54:32
DPS,arrivals,2026-08-05,16:25,16:28,GA410,GIA410,CGK,Jakarta Soekarno Hatta International Airport,Garuda Indonesia (Retro 1960 Livery),GA,B738,Boeing 737-8U3,PK-GFM,Landed 17:28,2026-08-06 05:54:32
DPS,arrivals,2026-08-05,16:30,16:38,ID6508,BTK6508,CGK,Jakarta Soekarno Hatta International Airport,Batik Air,ID,A320,Airbus A320-214,PK-LUT,Landed 17:38,2026-08-06 05:54:32
DPS,arrivals,2026-08-05,16:35,16:57,QR962,QTR962,DOH,Doha Hamad International Airport,Qatar Airways,QR,A35K,Airbus A350-1041,A7-AOE,Landed 17:57,2026-08-06 05:54:32
DPS,arrivals,2026-08-05,16:40,17:19,IW1857,WON1857,LOP,Lombok International Airport,Wings Air,IW,AT76,ATR 72-600,PK-WHP,Landed 18:19,2026-08-06 05:54:32
DPS,arrivals,2026-08-05,16:40,16:30,IN641,LKN641,TMC,Tambolaka Airport,Nam Air,IN,B735,Boeing 737-524,PK-NAT,Landed 17:30,2026-08-06 05:54:32
DPS,arrivals,2026-08-05,16:40,,IU131,,SRG,Semarang Achmad Yani International Airport,Super Air Jet,IU,320,,,Canceled,2026-08-06 05:54:32
DPS,arrivals,2026-08-05,16:40,16:50,CX783,CPA783,HKG,Hong Kong International Airport,Cathay Pacific,CX,A333,Airbus A330-343,B-HLT,Landed 17:50,2026-08-06 05:54:32
DPS,arrivals,2026-08-05,17:00,17:47,8B5108,TNU5108,CGK,Jakarta Soekarno Hatta International Airport,TransNusa,8B,A320,Airbus A320-214,PK-TLF,Landed 18:47,2026-08-06 05:54:32
DPS,arrivals,2026-08-05,17:00,16:53,TG439,THA439,BKK,Bangkok Suvarnabhumi Airport,Thai Airways,TG,A320,Airbus A320-232,HS-TXH,Landed 17:53,2026-08-06 05:54:32
DPS,arrivals,2026-08-05,17:05,16:41,8B5257,TNU5257,LOP,Lombok International Airport,TransNusa,8B,AJ27,Comac ARJ-21-700,PK-TJC,Landed 17:41,2026-08-06 05:54:32
DPS,arrivals,2026-08-05,17:05,17:00,8B81,TNU081,PER,Perth Airport,TransNusa,8B,A320,Airbus A320-214,PK-TLP,Landed 18:00,2026-08-06 05:54:32
DPS,arrivals,2026-08-05,17:30,17:12,QG688,CTV688,CGK,Jakarta Soekarno Hatta International Airport,Citilink,QG,A20N,Airbus A320-251N,PK-GTA,Landed 18:12,2026-08-06 05:54:32
DPS,arrivals,2026-08-05,17:30,17:07,MH853,MAS853,KUL,Kuala Lumpur International Airport,Malaysia Airlines,MH,B38M,Boeing 737 MAX 8,9M-MVC,Landed 18:07,2026-08-06 05:54:32
DPS,arrivals,2026-08-05,17:35,18:30,IU121,SJV121,YIA,Yogyakarta International Airport,Super Air Jet,IU,A320,Airbus A320-232,PK-STC,Landed 19:30,2026-08-06 05:54:32
DPS,arrivals,2026-08-05,17:40,17:23,ID7311,BTK7311,HLP,Jakarta Halim Perdanakusuma Airport,Batik Air,ID,A320,Airbus A320-214,PK-LUV,Landed 18:23,2026-08-06 05:54:32
DPS,arrivals,2026-08-05,17:45,17:35,TR282,TGW282,SIN,Singapore Changi Airport,Scoot,TR,B788,Boeing 787-8 Dreamliner,9V-OFE,Landed 18:35,2026-08-06 05:54:32
DPS,arrivals,2026-08-05,17:50,17:50,SQ944,SIA944,SIN,Singapore Changi Airport,Singapore Airlines,SQ,B78X,Boeing 787-10 Dreamliner,9V-SCB,Landed 18:50,2026-08-06 05:54:32
DPS,arrivals,2026-08-05,17:55,,QZ814,,CGK,Jakarta Soekarno Hatta International Airport,AirAsia,AK,A320,Airbus A320-216,PK-AXY,Unknown,2026-08-06 05:54:32
DPS,arrivals,2026-08-05,17:55,17:55,QG698,CTV698,SUB,Surabaya Juanda International Airport,Citilink,QG,A320,Airbus A320-214,PK-GQD,Landed 18:55,2026-08-06 05:54:32
DPS,arrivals,2026-08-05,18:05,17:46,TK66,THY066,IST,Istanbul Airport,Turkish Airlines,TK,A359,Airbus A350-941,TC-LHI,Landed 18:46,2026-08-06 05:54:32
DPS,arrivals,2026-08-05,18:10,18:04,GA414,GIA414,CGK,Jakarta Soekarno Hatta International Airport,Garuda Indonesia,GA,B738,Boeing 737-8U3,PK-GFD,Landed 19:04,2026-08-06 05:54:32
DPS,arrivals,2026-08-05,18:15,18:15,JT910,LNI910,SUB,Surabaya Juanda International Airport,Lion Air,JT,B739,Boeing 737-9GP(ER),PK-LSR,Landed 19:15,2026-08-06 05:54:32
DPS,arrivals,2026-08-05,18:15,,JT681,,SUB,Surabaya Juanda International Airport,Lion Air,JT,739,,,Unknown,2026-08-06 05:54:32
DPS,arrivals,2026-08-05,18:15,17:58,AK378,AXM378,KUL,Kuala Lumpur International Airport,AirAsia,AK,A20N,Airbus A320-251N,9M-AGS,Landed 18:58,2026-08-06 05:54:32
DPS,arrivals,2026-08-05,18:35,18:24,KL835,KLM835,SIN,Singapore Changi Airport,KLM (Orange Pride‬ Livery),KL,B77W,Boeing 777-306(ER),PH-BVA,Landed 19:24,2026-08-06 05:54:32
DPS,arrivals,2026-08-05,18:35,18:32,QG662,CTV662,CGK,Jakarta Soekarno Hatta International Airport,Citilink,QG,A320,Airbus A320-214,PK-GLT,Landed 19:32,2026-08-06 05:54:32
DPS,arrivals,2026-08-05,18:40,19:15,OD177,MXD177,KUL,Kuala Lumpur International Airport,Batik Air (Visit Malaysia Truly Asia 2026 Livery),ID,B38M,Boeing 737 MAX 8,9M-LRM,Landed 20:15,2026-08-06 05:54:32
DPS,arrivals,2026-08-05,18:55,20:19,GA420,GIA420,CGK,Jakarta Soekarno Hatta International Airport,Garuda Indonesia,GA,B738,Boeing 737-8U3,PK-GMM,Landed 21:19,2026-08-06 05:54:32
DPS,arrivals,2026-08-05,19:00,19:04,JQ33,JST033,MEL,Melbourne Airport,Jetstar,JQ,A21N,Airbus A321-251NX(LR),VH-OFS,Landed 20:04,2026-08-06 05:54:32
DPS,arrivals,2026-08-05,19:00,18:57,SV856,SVA856,SIN,Singapore Changi Airport,Saudia,SV,B78X,Boeing 787-10 Dreamliner,HZ-AR25,Landed 19:57,2026-08-06 05:54:32
DPS,arrivals,2026-08-05,19:00,18:39,QG194,CTV194,HLP,Jakarta Halim Perdanakusuma Airport,Citilink,QG,A320,Airbus A320-214,PK-GLS,Landed 19:39,2026-08-06 05:54:32
DPS,arrivals,2026-08-05,19:05,19:22,IP104,PAS104,CGK,Jakarta Soekarno Hatta International Airport,Pelita Air,IP,A320,Airbus A320-214,PK-PWK,Landed 20:22,2026-08-06 05:54:32
DPS,arrivals,2026-08-05,19:10,18:50,ID6334,BTK6334,LBJ,Labuan Bajo Komodo Airport,Batik Air,ID,A320,Airbus A320-214,PK-LAQ,Landed 19:50,2026-08-06 05:54:32
DPS,arrivals,2026-08-05,19:15,19:30,JT747,LNI747,UPG,Makassar Sultan Hasanuddin International Airport,Lion Air (80th 737NG Livery),JT,B738,Boeing 737-8GP,PK-LKP,Landed 20:30,2026-08-06 05:54:32
DPS,arrivals,2026-08-05,19:15,,JT743,,UPG,Makassar Sultan Hasanuddin International Airport,Lion Air,JT,739,,,Unknown,2026-08-06 05:54:32
DPS,arrivals,2026-08-05,19:25,19:08,8B5259,TNU5259,LOP,Lombok International Airport,TransNusa,8B,AJ27,Comac ARJ-21-700,PK-TJC,Landed 20:08,2026-08-06 05:54:32
DPS,arrivals,2026-08-05,19:25,19:38,SQ946,SIA946,SIN,Singapore Changi Airport,Singapore Airlines,SQ,B78X,Boeing 787-10 Dreamliner,9V-SCC,Landed 20:38,2026-08-06 05:54:32
DPS,arrivals,2026-08-05,19:30,19:43,QZ545,AWQ545,PER,Perth Airport,AirAsia,AK,A320,Airbus A320-216,PK-AZE,Landed 20:43,2026-08-06 05:54:32
DPS,arrivals,2026-08-05,19:35,19:18,JT12,LNI012,CGK,Jakarta Soekarno Hatta International Airport,Lion Air,JT,B738,Boeing 737-8GP,PK-LOI,Landed 20:18,2026-08-06 05:54:32
DPS,arrivals,2026-08-05,19:40,19:25,QZ818,AWQ818,CGK,Jakarta Soekarno Hatta International Airport,AirAsia,AK,A320,Airbus A320-216,PK-AXY,Landed 20:25,2026-08-06 05:54:32
DPS,arrivals,2026-08-05,19:50,19:54,IN7272,LKN7272,CGK,Jakarta Soekarno Hatta International Airport,Nam Air,IN,B735,Boeing 737-524,PK-NAU,Landed 20:54,2026-08-06 05:54:32
DPS,arrivals,2026-08-05,19:50,19:46,JQ59,JST059,BNE,Brisbane Airport,Jetstar,JQ,A21N,Airbus A321-251NX(LR),VH-OYC,Landed 20:46,2026-08-06 05:54:32
DPS,arrivals,2026-08-05,19:50,,SJ272,,CGK,Jakarta Soekarno Hatta International Airport,Sriwijaya Air,SJ,735,,,Unknown,2026-08-06 05:54:32
DPS,arrivals,2026-08-05,19:50,19:57,QF43,QFA043,SYD,Sydney Kingsford Smith Airport,Qantas,QF,A332,Airbus A330-202,VH-EBA,Landed 20:57,2026-08-06 05:54:32
DPS,arrivals,2026-08-05,19:55,19:33,VA127,VOZ127,CBR,Canberra International Airport,Virgin Australia,VA,B738,Boeing 737-8FE,VH-YIU,Landed 20:33,2026-08-06 05:54:32
DPS,arrivals,2026-08-05,20:00,20:03,OD171,MXD171,KUL,Kuala Lumpur International Airport,Batik Air,ID,B38M,Boeing 737 MAX 8,9M-LRP,Landed 21:03,2026-08-06 05:54:32
DPS,arrivals,2026-08-05,20:00,20:07,JQ37,JST037,SYD,Sydney Kingsford Smith Airport,Jetstar,JQ,A21N,Airbus A321-251NX(LR),VH-OSE,Landed 21:07,2026-08-06 05:54:32
DPS,arrivals,2026-08-05,20:30,21:01,GA426,GIA426,CGK,Jakarta Soekarno Hatta International Airport,Garuda Indonesia (Pokémon Livery),GA,B738,Boeing 737-8U3,PK-GMU,Landed 22:01,2026-08-06 05:54:32
DPS,arrivals,2026-08-05,20:45,20:42,7C5303,JJA5303,ICN,Seoul Incheon International Airport,Jeju Air,7C,B38M,Boeing 737 MAX 8,HL8552,Landed 21:42,2026-08-06 05:54:32
DPS,arrivals,2026-08-05,20:45,20:46,JQ90,JST090,CNS,Cairns Airport,Jetstar,JQ,A320,Airbus A320-232,VH-VFT,Landed 21:46,2026-08-06 05:54:32
DPS,arrivals,2026-08-05,20:45,20:49,AK374,AXM374,KUL,Kuala Lumpur International Airport,AirAsia (Let’s Fly To Terengganu Livery),AK,A320,Airbus A320-216,9M-AJS,Landed 21:49,2026-08-06 05:54:32
DPS,arrivals,2026-08-05,20:50,20:27,JQ49,JST049,AVV,Melbourne Avalon International Airport,Jetstar,JQ,A21N,Airbus A321-251NX(LR),VH-OFQ,Landed 21:27,2026-08-06 05:54:32
DPS,arrivals,2026-08-05,20:55,20:31,QG693,CTV693,SUB,Surabaya Juanda International Airport,Citilink,QG,A320,Airbus A320-214,PK-GLU,Landed 21:31,2026-08-06 05:54:32
DPS,arrivals,2026-08-05,21:00,20:56,VA95,VOZ095,MEL,Melbourne Airport,Virgin Australia,VA,B38M,Boeing 737 MAX 8,VH-8IB,Landed 21:56,2026-08-06 05:54:32
DPS,arrivals,2026-08-05,21:00,21:13,QF45,QFA045,MEL,Melbourne Airport,Qantas,QF,B738,Boeing 737-838,VH-VZF,Landed 22:13,2026-08-06 05:54:32
DPS,arrivals,2026-08-05,21:05,20:53,3U3985,CSC3985,TFU,Chengdu Tianfu International Airport,Sichuan Airlines,3U,A21N,Airbus A321-271NX(LR),B-325F,Landed 21:53,2026-08-06 05:54:32
DPS,arrivals,2026-08-05,21:10,20:35,KE431,KAL431,ICN,Seoul Incheon International Airport,Korean Air,KE,B789,Boeing 787-9 Dreamliner,HL8082,Landed 21:35,2026-08-06 05:54:32
DPS,arrivals,2026-08-05,21:15,21:47,VA83,VOZ083,OOL,Gold Coast Airport,Virgin Australia,VA,B38M,Boeing 737 MAX 8,VH-8IC,Landed 22:47,2026-08-06 05:54:32
DPS,arrivals,2026-08-05,21:20,23:05,8B5110,TNU5110,CGK,Jakarta Soekarno Hatta International Airport,TransNusa,8B,A320,Airbus A320-214,PK-TLC,Landed 00:05,2026-08-06 05:54:32
DPS,arrivals,2026-08-05,21:20,21:04,JQ87,JST087,SIN,Singapore Changi Airport,Jetstar,JQ,A21N,Airbus A321-251NX(LR),VH-OYK,Landed 22:04,2026-08-06 05:54:32
DPS,arrivals,2026-08-05,21:25,17:04,QZ820,AWQ820,CGK,Jakarta Soekarno Hatta International Airport,AirAsia (Sustainable ASEAN Tourism Livery),AK,A320,Airbus A320-216,PK-AZS,Landed 18:04,2026-08-06 05:54:32
DPS,arrivals,2026-08-05,21:30,21:08,VA65,VOZ065,SYD,Sydney Kingsford Smith Airport,Virgin Australia,VA,B38M,Boeing 737 MAX 8,VH-8II,Landed 22:08,2026-08-06 05:54:32
DPS,arrivals,2026-08-05,21:40,21:43,QR960,QTR960,DOH,Doha Hamad International Airport,Qatar Airways,QR,A35K,Airbus A350-1041,A7-AOG,Landed 22:43,2026-08-06 05:54:32
DPS,arrivals,2026-08-05,21:40,22:05,JQ127,JST127,ADL,Adelaide Airport,Jetstar,JQ,A21N,Airbus A321-251NX(LR),VH-OYW,Landed 23:05,2026-08-06 05:54:32
DPS,arrivals,2026-08-05,21:45,21:52,GA424,GIA424,CGK,Jakarta Soekarno Hatta International Airport,Garuda Indonesia,GA,B738,Boeing 737-8U3,PK-GUF,Landed 22:52,2026-08-06 05:54:32
DPS,arrivals,2026-08-05,21:45,22:01,EK398,UAE398,DXB,Dubai International Airport,Emirates,EK,A388,Airbus A380-842,A6-EUQ,Landed 23:01,2026-08-06 05:54:32
DPS,arrivals,2026-08-05,21:55,21:39,BX601,ABL601,PUS,Busan Gimhae International Airport,Air Busan,BX,A21N,Airbus A321-251NX(LR),HL8394,Landed 22:39,2026-08-06 05:54:32
DPS,arrivals,2026-08-05,22:05,21:56,MF891,CXA891,XMN,Xiamen Gaoqi International Airport,Xiamen Air,MF,B38M,Boeing 737 MAX 8,B-224X,Landed 22:56,2026-08-06 05:54:32
DPS,arrivals,2026-08-05,22:30,22:16,EY478,ETD478,AUH,Abu Dhabi Zayed International Airport,Etihad Airways,EY,B77W,Boeing 777-3FX(ER),A6-ETH,Landed 23:16,2026-08-06 05:54:32
DPS,arrivals,2026-08-05,22:40,22:42,QZ537,AWQ537,PER,Perth Airport,AirAsia,AK,A320,Airbus A320-216,PK-AZK,Landed 23:42,2026-08-06 05:54:32
DPS,arrivals,2026-08-05,22:40,22:21,CZ625,CSN625,CAN,Guangzhou Baiyun International Airport,China Southern Airlines,CZ,A21N,Airbus A321-251NX,B-32KY,Landed 23:21,2026-08-06 05:54:32
DPS,arrivals,2026-08-05,22:50,22:31,KE433,KAL433,ICN,Seoul Incheon International Airport,Korean Air,KE,B78X,Boeing 787-10 Dreamliner,HL8576,Landed 23:31,2026-08-06 05:54:32
DPS,arrivals,2026-08-05,22:55,23:13,PR537,PAL537,MNL,Manila Ninoy Aquino International Airport,Philippine Airlines,PR,A321,Airbus A321-231,RP-C9919,Landed 00:13,2026-08-06 05:54:32
DPS,arrivals,2026-08-05,22:55,22:36,MU5029,CES5029,PVG,Shanghai Pudong International Airport,China Eastern Airlines,MU,A333,Airbus A330-343,B-304A,Landed 23:36,2026-08-06 05:54:32
DPS,arrivals,2026-08-05,23:00,00:25,5J281,CEB281,MNL,Manila Ninoy Aquino International Airport,Cebu Pacific,5J,A321,Airbus A321-211,RP-C4111,Landed 01:25,2026-08-06 05:54:32
DPS,arrivals,2026-08-05,23:05,22:57,TR346,TGW346,SIN,Singapore Changi Airport,Scoot,TR,A21N,Airbus A321-271NX,9V-NCN,Landed 23:57,2026-08-06 05:54:32
DPS,arrivals,2026-08-05,23:10,22:51,SQ948,SIA948,SIN,Singapore Changi Airport,Singapore Airlines,SQ,B78X,Boeing 787-10 Dreamliner,9V-SDC,Landed 23:51,2026-08-06 05:54:32
DPS,arrivals,2026-08-05,23:10,23:18,JQ106,JST106,PER,Perth Airport,Jetstar,JQ,A21N,Airbus A321-251NX(LR),VH-OFP,Landed 00:18,2026-08-06 05:54:32
DPS,arrivals,2026-08-05,23:35,23:24,QZ247,AWQ247,HKT,Phuket International Airport,AirAsia,AK,A320,Airbus A320-214,PK-AZH,Landed 00:24,2026-08-06 05:54:32
DPS,arrivals,2026-08-05,23:55,23:31,8B83,TNU083,PER,Perth Airport,TransNusa,8B,A320,Airbus A320-214,PK-TLA,Landed 00:31,2026-08-06 05:54:32
DPS,departures,2026-08-05,00:05,00:22,TR347,TGW347,SIN,Singapore Changi Airport,Scoot,TR,A21N,Airbus A321-271NX,9V-NCD,Departed 01:22,2026-08-06 05:55:08
DPS,departures,2026-08-05,00:05,00:20,GA652,GIA652,TIM,Timika Airport,Garuda Indonesia,GA,B738,Boeing 737-8U3,PK-GNC,Departed 01:20,2026-08-06 05:55:08
DPS,departures,2026-08-05,00:10,00:16,KE434,KAL434,ICN,Seoul Incheon International Airport,Korean Air,KE,B78X,Boeing 787-10 Dreamliner,HL8734,Departed 01:16,2026-08-06 05:55:08
DPS,departures,2026-08-05,00:30,00:37,8B5888,TNU5888,MDC,Manado Sam Ratulangi International Airport,TransNusa,8B,A320,Airbus A320-214,PK-TLF,Departed 01:37,2026-08-06 05:55:08
DPS,departures,2026-08-05,00:30,00:44,EY479,ETD479,AUH,Abu Dhabi Zayed International Airport,Etihad Airways,EY,B77W,Boeing 777-3FX(ER),A6-ETQ,Departed 01:44,2026-08-06 05:55:08
DPS,departures,2026-08-05,06:00,08:50,QZ807,AWQ807,CGK,Jakarta Soekarno Hatta International Airport,AirAsia (Colours of Indonesia Livery),AK,A320,Airbus A320-216,PK-AXD,Departed 09:50,2026-08-06 05:55:08
DPS,departures,2026-08-05,06:00,06:01,JT746,LNI746,UPG,Makassar Sultan Hasanuddin International Airport,Lion Air (80th 737NG Livery),JT,B738,Boeing 737-8GP,PK-LKP,Departed 07:01,2026-08-06 05:55:08
DPS,departures,2026-08-05,06:00,06:36,JQ82,JST082,DRW,Darwin International Airport,Jetstar,JQ,A21N,Airbus A321-251NX(LR),VH-OYP,Departed 07:36,2026-08-06 05:55:08
DPS,departures,2026-08-05,06:00,06:03,IU705,SJV705,SUB,Surabaya Juanda International Airport,Super Air Jet,IU,A320,Airbus A320-232,PK-STF,Departed 07:03,2026-08-06 05:55:08
DPS,departures,2026-08-05,06:00,06:26,GA401,GIA401,CGK,Jakarta Soekarno Hatta International Airport,Garuda Indonesia,GA,B738,Boeing 737-8U3,PK-GMC,Departed 07:26,2026-08-06 05:55:08
DPS,departures,2026-08-05,06:05,06:07,QZ534,AWQ534,PER,Perth Airport,AirAsia,AK,A320,Airbus A320-216,PK-AZF,Departed 07:07,2026-08-06 05:55:05
DPS,departures,2026-08-05,06:05,06:19,QG690,CTV690,SUB,Surabaya Juanda International Airport,Citilink,QG,A320,Airbus A320-214,PK-GQD,Departed 07:19,2026-08-06 05:55:08
DPS,departures,2026-08-05,06:10,06:22,QZ644,AWQ644,LBJ,Labuan Bajo Komodo Airport,AirAsia,AK,A320,Airbus A320-216,PK-AXY,Departed 07:22,2026-08-06 05:55:05
DPS,departures,2026-08-05,06:15,06:33,8B5250,TNU5250,LOP,Lombok International Airport,TransNusa,8B,AJ27,Comac ARJ-21-700,PK-TJB,Departed 07:33,2026-08-06 05:55:05
DPS,departures,2026-08-05,06:15,06:28,SQ949,SIA949,SIN,Singapore Changi Airport,Singapore Airlines,SQ,B78X,Boeing 787-10 Dreamliner,9V-SCF,Departed 07:28,2026-08-06 05:55:05
DPS,departures,2026-08-05,06:30,06:34,8B551,TNU551,SIN,Singapore Changi Airport,TransNusa,8B,A320,Airbus A320-214,PK-TLA,Departed 07:34,2026-08-06 05:55:05
DPS,departures,2026-08-05,06:30,06:39,GA403,GIA403,CGK,Jakarta Soekarno Hatta International Airport,Garuda Indonesia,GA,B738,Boeing 737-8U3,PK-GMD,Departed 07:39,2026-08-06 05:55:05
DPS,departures,2026-08-05,06:55,07:05,ID6333,BTK6333,LBJ,Labuan Bajo Komodo Airport,Batik Air,ID,A320,Airbus A320-214,PK-LAQ,Departed 08:05,2026-08-06 05:55:05
DPS,departures,2026-08-05,07:05,07:01,IW1858,WON1858,LOP,Lombok International Airport,Wings Air,IW,AT76,ATR 72-600,PK-WJP,Departed 08:01,2026-08-06 05:55:05
DPS,departures,2026-08-05,07:05,07:28,JT21,LNI021,CGK,Jakarta Soekarno Hatta International Airport,Lion Air,JT,B39M,Boeing 737 MAX 9,PK-LRH,Departed 08:28,2026-08-06 05:55:05
DPS,departures,2026-08-05,07:05,07:26,HX706,CRK706,HKG,Hong Kong International Airport,Hong Kong Airlines,HX,A333,Airbus A330-343,B-LHJ,Departed 08:26,2026-08-06 05:55:05
DPS,departures,2026-08-05,07:15,07:20,QG691,CTV691,SUB,Surabaya Juanda International Airport,Citilink,QG,A320,Airbus A320-214,PK-GLO,Departed 08:20,2026-08-06 05:55:05
DPS,departures,2026-08-05,07:30,12:49,AK803,AWQ803,CGK,Jakarta Soekarno Hatta International Airport,AirAsia (Sustainable ASEAN Tourism Livery),AK,A320,Airbus A320-216,PK-AZS,Departed 13:49,2026-08-06 05:55:05
DPS,departures,2026-08-05,07:35,08:24,5J280,CEB280,MNL,Manila Ninoy Aquino International Airport,Cebu Pacific,5J,A21N,Airbus A321-271NX,RP-C4143,Departed 09:24,2026-08-06 05:55:05
DPS,departures,2026-08-05,07:40,07:59,CZ8482,CSN8482,CAN,Guangzhou Baiyun International Airport,China Southern Airlines,CZ,A21N,Airbus A321-251NX,B-32PU,Departed 08:59,2026-08-06 05:55:05
DPS,departures,2026-08-05,07:45,07:47,IW1854,WON1854,LOP,Lombok International Airport,Wings Air (60th ATR to Lion GroupLivery),IW,AT76,ATR 72-600,PK-WHS,Departed 08:47,2026-08-06 05:55:05
DPS,departures,2026-08-05,07:55,08:04,IW1882,WON1882,SWQ,Sumbawa Besar Airport,Wings Air,IW,AT76,ATR 72-600,PK-WHP,Departed 09:04,2026-08-06 05:55:05
DPS,departures,2026-08-05,08:00,08:01,QZ642,AWQ642,LBJ,Labuan Bajo Komodo Airport,AirAsia,AK,A320,Airbus A320-214,PK-AZH,Departed 09:01,2026-08-06 05:55:05
DPS,departures,2026-08-05,08:00,08:07,QG500,CTV500,DIL,Dili Presidente Nicolau Lobato International Airport,Citilink,QG,A320,Airbus A320-214,PK-GQM,Departed 09:07,2026-08-06 05:55:05
DPS,departures,2026-08-05,08:10,08:37,IN640,LKN640,TMC,Tambolaka Airport,Nam Air,IN,B735,Boeing 737-524,PK-NAT,Departed 09:37,2026-08-06 05:55:05
DPS,departures,2026-08-05,08:10,08:26,ID6324,BTK6324,TMC,Tambolaka Airport,Batik Air,ID,A320,Airbus A320-214,PK-LAI,Departed 09:26,2026-08-06 05:55:05
DPS,departures,2026-08-05,08:10,,SJ740,,WGP,Waingapu Mau Hau Airport,Sriwijaya Air,SJ,735,,,Unknown,2026-08-06 05:55:05
DPS,departures,2026-08-05,08:15,08:11,8B5105,TNU5105,CGK,Jakarta Soekarno Hatta International Airport,TransNusa,8B,A320,Airbus A320-214,PK-TLF,Departed 09:11,2026-08-06 05:55:05
DPS,departures,2026-08-05,08:25,08:54,IW1848,WON1848,LOP,Lombok International Airport,Wings Air,IW,AT76,ATR 72-600,PK-WHQ,Departed 09:54,2026-08-06 05:55:05
DPS,departures,2026-08-05,08:35,09:02,8B5634,TNU5634,BMU,Bima Sultan Muhammad Salahudin Airport,TransNusa,8B,AJ27,Comac ARJ-21-700,PK-TJB,Departed 10:02,2026-08-06 05:55:05
DPS,departures,2026-08-05,08:40,08:39,8B80,TNU080,PER,Perth Airport,TransNusa,8B,A320,Airbus A320-214,PK-TLP,Departed 09:39,2026-08-06 05:55:05
DPS,departures,2026-08-05,09:00,,ID8333,,LBJ,Labuan Bajo Komodo Airport,Batik Air,ID,32A,,,Canceled,2026-08-06 05:55:05
DPS,departures,2026-08-05,09:05,09:23,SQ935,SIA935,SIN,Singapore Changi Airport,Singapore Airlines,SQ,B78X,Boeing 787-10 Dreamliner,9V-SCK,Departed 10:23,2026-08-06 05:55:05
DPS,departures,2026-08-05,09:05,09:13,SU297,AFL297,SVO,Moscow Sheremetyevo International Airport,Aeroflot,SU,A359,Airbus A350-941,RA-73154,Departed 10:13,2026-08-06 05:55:05
DPS,departures,2026-08-05,09:05,09:37,IU137,SJV137,KOE,Kupang El Tari Airport,Super Air Jet,IU,A320,Airbus A320-232,PK-SJJ,Departed 10:37,2026-08-06 05:55:05
DPS,departures,2026-08-05,09:10,09:16,IU122,SJV122,YIA,Yogyakarta International Airport,Super Air Jet,IU,A320,Airbus A320-232,PK-SJM,Departed 10:16,2026-08-06 05:55:05
DPS,departures,2026-08-05,09:20,09:27,8B553,TNU553,SIN,Singapore Changi Airport,TransNusa,8B,A320,Airbus A320-214,PK-TLN,Departed 10:27,2026-08-06 05:55:05
DPS,departures,2026-08-05,09:25,09:31,8B5101,TNU5101,CGK,Jakarta Soekarno Hatta International Airport,TransNusa,8B,A320,Airbus A320-214,PK-TLO,Departed 10:31,2026-08-06 05:55:05
DPS,departures,2026-08-05,09:25,09:30,QG197,CTV197,HLP,Jakarta Halim Perdanakusuma Airport,Citilink,QG,A320,Airbus A320-214,PK-GLS,Departed 10:30,2026-08-06 05:55:05
DPS,departures,2026-08-05,09:35,09:56,8G182,DTL182,DIL,Dili Presidente Nicolau Lobato International Airport,Aero Dili,8G,A319,Airbus A319-115,4W-AAO,Departed 10:56,2026-08-06 05:55:05
DPS,departures,2026-08-05,09:35,,JT805,,SUB,Surabaya Juanda International Airport,Lion Air,JT,739,,,Canceled,2026-08-06 05:55:05
DPS,departures,2026-08-05,09:55,,JT744,,UPG,Makassar Sultan Hasanuddin International Airport,Lion Air,JT,739,,,Canceled,2026-08-06 05:55:05
DPS,departures,2026-08-05,10:10,10:20,IW1856,WON1856,LOP,Lombok International Airport,Wings Air (60th ATR to Lion GroupLivery),IW,AT76,ATR 72-600,PK-WHS,Departed 11:20,2026-08-06 05:55:05
DPS,departures,2026-08-05,10:15,11:05,JQ126,JST126,ADL,Adelaide Airport,Jetstar,JQ,A21N,Airbus A321-251NX(LR),VH-OYW,Departed 12:05,2026-08-06 05:55:05
DPS,departures,2026-08-05,10:20,10:24,6E1606,IGO1606,BLR,Bengaluru Kempegowda International Airport,IndiGo,6E,A20N,Airbus A320-251N,VT-IQX,Departed 11:24,2026-08-06 05:55:05
DPS,departures,2026-08-05,10:20,10:43,TR281,TGW281,SIN,Singapore Changi Airport,Scoot,TR,B788,Boeing 787-8 Dreamliner,9V-OFE,Departed 11:43,2026-08-06 05:55:05
DPS,departures,2026-08-05,10:25,10:36,QZ646,AWQ646,LBJ,Labuan Bajo Komodo Airport,AirAsia,AK,A320,Airbus A320-216,PK-AZK,Departed 11:36,2026-08-06 05:55:05
DPS,departures,2026-08-05,10:40,10:51,JQ109,JST109,PER,Perth Airport,Jetstar,JQ,A21N,Airbus A321-251NX(LR),VH-OFL,Departed 11:51,2026-08-06 05:55:05
DPS,departures,2026-08-05,10:40,11:09,IW1824,WON1824,BMU,Bima Sultan Muhammad Salahudin Airport,Wings Air,IW,AT76,ATR 72-600,PK-WHP,Departed 12:09,2026-08-06 05:55:05
DPS,departures,2026-08-05,10:40,11:24,IW1964,WON1964,LOP,Lombok International Airport,Wings Air,IW,AT76,ATR 72-600,PK-WHQ,Departed 12:24,2026-08-06 05:55:05
DPS,departures,2026-08-05,10:45,10:57,ID6331,BTK6331,LBJ,Labuan Bajo Komodo Airport,Batik Air,ID,A320,Airbus A320-214,PK-LAQ,Departed 11:57,2026-08-06 05:55:05
DPS,departures,2026-08-05,10:55,,QZ809,,CGK,Jakarta Soekarno Hatta International Airport,Indonesia AirAsia,QZ,320,,,Unknown,2026-08-06 05:55:05
DPS,departures,2026-08-05,10:55,11:01,OD192,MXD192,KUL,Kuala Lumpur International Airport,Batik Air,ID,B738,Boeing 737-86N,9M-LDT,Departed 12:01,2026-08-06 05:55:05
DPS,departures,2026-08-05,10:55,11:13,GA407,GIA407,CGK,Jakarta Soekarno Hatta International Airport,Garuda Indonesia,GA,B738,Boeing 737-81D,PK-GFR,Departed 12:13,2026-08-06 05:55:05
DPS,departures,2026-08-05,11:00,11:34,QZ544,AWQ544,PER,Perth Airport,AirAsia,AK,A320,Airbus A320-216,PK-AZE,Departed 12:34,2026-08-06 05:55:05
DPS,departures,2026-08-05,11:05,11:17,JQ32,JST032,MEL,Melbourne Airport,Jetstar,JQ,A21N,Airbus A321-251NX(LR),VH-OFW,Departed 12:17,2026-08-06 05:55:05
DPS,departures,2026-08-05,11:05,11:20,QG697,CTV697,SUB,Surabaya Juanda International Airport,Citilink,QG,A320,Airbus A320-214,PK-GLV,Departed 12:20,2026-08-06 05:55:05
DPS,departures,2026-08-05,11:05,11:34,JT31,,CGK,Jakarta Soekarno Hatta International Airport,Lion Air,JT,B739,Boeing 737-9GP(ER),PK-LFW,Estimated dep 12:34*,2026-08-06 05:55:05
DPS,departures,2026-08-05,11:05,11:30,GA253,GIA253,YIA,Yogyakarta International Airport,Garuda Indonesia,GA,B738,Boeing 737-8U3,PK-GFF,Departed 12:30,2026-08-06 05:55:05
DPS,departures,2026-08-05,11:10,11:38,SQ937,SIA937,SIN,Singapore Changi Airport,Singapore Airlines,SQ,B78X,Boeing 787-10 Dreamliner,9V-SCB,Departed 12:38,2026-08-06 05:55:05
DPS,departures,2026-08-05,11:10,11:43,FD397,AIQ397,DMK,Bangkok Don Mueang International Airport,AirAsia,AK,A320,Airbus A320-216,HS-BBP,Departed 12:43,2026-08-06 05:55:05
DPS,departures,2026-08-05,11:10,,SJ742,,TMC,Tambolaka Airport,Sriwijaya Air,SJ,735,,,Unknown,2026-08-06 05:55:05
DPS,departures,2026-08-05,11:20,12:20,JQ40,JST040,SYD,Sydney Kingsford Smith Airport,Jetstar,JQ,A21N,Airbus A321-251NX(LR),VH-OYD,Departed 13:20,2026-08-06 05:55:05
DPS,departures,2026-08-05,11:25,11:51,OD178,MXD178,KUL,Kuala Lumpur International Airport,Batik Air,ID,B38M,Boeing 737 MAX 8,9M-LRW,Departed 12:51,2026-08-06 05:55:05
DPS,departures,2026-08-05,11:40,12:34,8B5254,TNU5254,LOP,Lombok International Airport,TransNusa,8B,AJ27,Comac ARJ-21-700,PK-TJB,Departed 13:34,2026-08-06 05:55:05
DPS,departures,2026-08-05,11:45,11:56,IP103,PAS103,CGK,Jakarta Soekarno Hatta International Airport,Pelita Air,IP,A320,Airbus A320-232,PK-PWL,Departed 12:56,2026-08-06 05:55:05
DPS,departures,2026-08-05,11:45,12:55,OD158,MXD158,KUL,Kuala Lumpur International Airport,Batik Air,ID,B38M,Boeing 737 MAX 8,9M-LRP,Departed 13:55,2026-08-06 05:55:05
DPS,departures,2026-08-05,12:00,12:08,AK365,AXM365,KUL,Kuala Lumpur International Airport,AirAsia,AK,A21N,Airbus A321-251NX,9M-VAB,Departed 13:08,2026-08-06 05:55:05
DPS,departures,2026-08-05,12:00,12:43,OD307,MXD307,KUL,Kuala Lumpur International Airport,Batik Air,ID,B738,Boeing 737-8U3,9M-LDF,Departed 13:43,2026-08-06 05:55:05
DPS,departures,2026-08-05,12:00,12:10,ID6509,BTK6509,CGK,Jakarta Soekarno Hatta International Airport,Batik Air,ID,A320,Airbus A320-214,PK-LAI,Departed 13:10,2026-08-06 05:55:05
DPS,departures,2026-08-05,12:00,12:23,GA413,GIA413,CGK,Jakarta Soekarno Hatta International Airport,Garuda Indonesia,GA,B738,Boeing 737-8U3,PK-GFV,Departed 13:23,2026-08-06 05:55:05
DPS,departures,2026-08-05,12:05,12:17,MH714,MAS714,KUL,Kuala Lumpur International Airport,Malaysia Airlines,MH,A339,Airbus A330-941,9M-MNN,Departed 13:17,2026-08-06 05:55:05
DPS,departures,2026-08-05,12:10,12:28,OD172,MXD172,KUL,Kuala Lumpur International Airport,Batik Air (Visit Malaysia Truly Asia 2026 Livery),ID,B38M,Boeing 737 MAX 8,9M-LRL,Departed 13:28,2026-08-06 05:55:05
DPS,departures,2026-08-05,12:15,12:39,SQ939,SIA939,SIN,Singapore Changi Airport,Singapore Airlines,SQ,B78X,Boeing 787-10 Dreamliner,9V-SCT,Departed 13:39,2026-08-06 05:55:05
DPS,departures,2026-08-05,12:15,14:23,JQ58,JST058,BNE,Brisbane Airport,Jetstar,JQ,A21N,Airbus A321-251NX(LR),VH-OFY,Departed 15:23,2026-08-06 05:55:05
DPS,departures,2026-08-05,12:15,09:54,JT35,,CGK,Jakarta Soekarno Hatta International Airport,Lion Air,JT,739,,,Estimated dep 10:54*,2026-08-06 05:55:05
DPS,departures,2026-08-05,12:25,12:52,GA409,GIA409,CGK,Jakarta Soekarno Hatta International Airport,Garuda Indonesia,GA,B738,Boeing 737-8U3,PK-GMY,Departed 13:52,2026-08-06 05:55:05
DPS,departures,2026-08-05,12:35,14:39,JT660,LNI660,BPN,Balikpapan Sepinggan Airport,Lion Air,JT,B739,Boeing 737-9GP(ER),PK-LFK,Departed 15:39,2026-08-06 05:55:05
DPS,departures,2026-08-05,12:40,13:12,GA842,GIA842,SIN,Singapore Changi Airport,Garuda Indonesia,GA,B738,Boeing 737-8U3,PK-GFW,Departed 14:12,2026-08-06 05:55:05
DPS,departures,2026-08-05,12:50,13:24,8B5107,TNU5107,CGK,Jakarta Soekarno Hatta International Airport,TransNusa,8B,A320,Airbus A320-214,PK-TLF,Departed 14:24,2026-08-06 05:55:05
DPS,departures,2026-08-05,12:50,13:20,ID8337,BTK8337,LBJ,Labuan Bajo Komodo Airport,Batik Air,ID,A320,Airbus A320-214,PK-LUF,Departed 14:20,2026-08-06 05:55:05
DPS,departures,2026-08-05,12:55,13:06,QG687,CTV687,CGK,Jakarta Soekarno Hatta International Airport,Citilink,QG,A320,Airbus A320-214,PK-GQF,Departed 14:06,2026-08-06 05:55:05
DPS,departures,2026-08-05,12:55,13:29,JT919,LNI919,SUB,Surabaya Juanda International Airport,Lion Air,JT,B739,Boeing 737-9GP(ER),PK-LJI,Departed 14:29,2026-08-06 05:55:05
DPS,departures,2026-08-05,13:00,13:16,QG342,CTV342,UPG,Makassar Sultan Hasanuddin International Airport,Citilink,QG,A320,Airbus A320-214,PK-GLO,Departed 14:16,2026-08-06 05:55:05
DPS,departures,2026-08-05,13:05,13:33,TR289,TGW289,SIN,Singapore Changi Airport,Scoot,TR,B788,Boeing 787-8 Dreamliner,9V-OFK,Departed 14:33,2026-08-06 05:55:05
DPS,departures,2026-08-05,13:10,09:59,QZ815,,CGK,Jakarta Soekarno Hatta International Airport,AirAsia,AK,A320,Airbus A320-216,PK-AXY,Estimated dep 10:59*,2026-08-06 05:55:05
DPS,departures,2026-08-05,13:15,13:53,ID6517,BTK6517,CGK,Jakarta Soekarno Hatta International Airport,Batik Air,ID,A320,Airbus A320-214,PK-LUP,Departed 14:53,2026-08-06 05:55:05
DPS,departures,2026-08-05,13:20,13:37,ID7308,BTK7308,HLP,Jakarta Halim Perdanakusuma Airport,Batik Air,ID,A320,Airbus A320-214,PK-LAO,Departed 14:37,2026-08-06 05:55:05
DPS,departures,2026-08-05,13:25,13:41,IU130,SJV130,SRG,Semarang Achmad Yani International Airport,Super Air Jet,IU,A320,Airbus A320-232,PK-SJM,Departed 14:41,2026-08-06 05:55:05
DPS,departures,2026-08-05,13:30,14:00,GA653,GIA653,CGK,Jakarta Soekarno Hatta International Airport,Garuda Indonesia,GA,B738,Boeing 737-8U3,PK-GNC,Departed 15:00,2026-08-06 05:55:05
DPS,departures,2026-08-05,13:35,14:04,AI2148,AIC2148,DEL,Delhi Indira Gandhi International Airport,Air India,AI,A21N,Airbus A321-251NX(LR),VT-TVG,Departed 15:04,2026-08-06 05:55:05
DPS,departures,2026-08-05,13:35,13:49,VJ894,VJC894,SGN,Ho Chi Minh City International Airport,VietJet Air,VJ,A21N,Airbus A321-271NX,VN-A201,Departed 14:49,2026-08-06 05:55:05
DPS,departures,2026-08-05,13:45,,JT33,,CGK,Jakarta Soekarno Hatta International Airport,Lion Air,JT,738,,,Canceled,2026-08-06 05:55:05
DPS,departures,2026-08-05,13:55,14:45,JQ88,JST088,SIN,Singapore Changi Airport,Jetstar,JQ,A21N,Airbus A321-251NX(LR),VH-OYK,Departed 15:45,2026-08-06 05:55:05
DPS,departures,2026-08-05,14:00,14:10,JT844,LNI844,BDJ,Banjarmasin Syamsudin Noor Airport,Lion Air,JT,B739,Boeing 737-9GP(ER),PK-LSO,Departed 15:10,2026-08-06 05:55:05
DPS,departures,2026-08-05,14:00,14:35,IU120,SJV363,YIA,Yogyakarta International Airport,Super Air Jet,IU,A320,Airbus A320-232,PK-STC,Departed 15:35,2026-08-06 05:55:05
DPS,departures,2026-08-05,14:00,15:07,JQ107,JST107,PER,Perth Airport,Jetstar,JQ,A21N,Airbus A321-251NX(LR),VH-OYP,Departed 16:07,2026-08-06 05:55:05
DPS,departures,2026-08-05,14:00,15:04,IU128,SJV128,SOC,Surakarta Adisumarmo International Airport,Super Air Jet,IU,A320,Airbus A320-232,PK-SJJ,Departed 16:04,2026-08-06 05:55:05
DPS,departures,2026-08-05,14:05,14:16,QG681,CTV681,CGK,Jakarta Soekarno Hatta International Airport,Citilink,QG,A320,Airbus A320-214,PK-GQM,Departed 15:16,2026-08-06 05:55:05
DPS,departures,2026-08-05,14:10,14:32,JQ44,JST044,MEL,Melbourne Airport,Jetstar,JQ,A21N,Airbus A321-251NX(LR),VH-OLU,Departed 15:32,2026-08-06 05:55:05
DPS,departures,2026-08-05,14:15,14:42,VA50,VOZ050,BNE,Brisbane Airport,Virgin Australia,VA,B38M,Boeing 737 MAX 8,VH-8IM,Departed 15:42,2026-08-06 05:55:05
DPS,departures,2026-08-05,14:15,14:49,QZ536,AWQ536,PER,Perth Airport,AirAsia,AK,A320,Airbus A320-216,PK-AZK,Departed 15:49,2026-08-06 05:55:05
DPS,departures,2026-08-05,14:25,15:11,AK377,AXM377,KUL,Kuala Lumpur International Airport,AirAsia,AK,A320,Airbus A320-216,9M-RAU,Departed 16:11,2026-08-06 05:55:05
DPS,departures,2026-08-05,14:30,14:56,QG669,CTV669,SUB,Surabaya Juanda International Airport,Citilink,QG,A320,Airbus A320-214,PK-GLV,Departed 15:56,2026-08-06 05:55:05
DPS,departures,2026-08-05,14:30,15:47,JT740,LNI740,UPG,Makassar Sultan Hasanuddin International Airport,Lion Air,JT,B739,Boeing 737-9GP(ER),PK-LFW,Departed 16:47,2026-08-06 05:55:05
DPS,departures,2026-08-05,14:35,15:02,IP109,PAS109,CGK,Jakarta Soekarno Hatta International Airport,Pelita Air,IP,A320,Airbus A320-214,PK-PWK,Departed 16:02,2026-08-06 05:55:05
DPS,departures,2026-08-05,14:40,15:29,IW1850,WON1850,LOP,Lombok International Airport,Wings Air,IW,AT76,ATR 72-600,PK-WHP,Departed 16:29,2026-08-06 05:55:02
DPS,departures,2026-08-05,14:40,15:55,SJ717,,UPG,Makassar Sultan Hasanuddin International Airport,Sriwijaya Air,SJ,735,,,Unknown,2026-08-06 05:55:02
DPS,departures,2026-08-05,14:45,15:22,GA411,GIA411,CGK,Jakarta Soekarno Hatta International Airport,Garuda Indonesia,GA,B738,Boeing 737-8U3,PK-GMA,Departed 16:22,2026-08-06 05:55:02
DPS,departures,2026-08-05,14:50,15:51,VA92,VOZ092,MEL,Melbourne Airport,Virgin Australia,VA,B38M,Boeing 737 MAX 8,VH-8ID,Departed 16:51,2026-08-06 05:55:02
DPS,departures,2026-08-05,14:55,15:00,8B5256,TNU5256,LOP,Lombok International Airport,TransNusa,8B,AJ27,Comac ARJ-21-700,PK-TJC,Departed 16:00,2026-08-06 05:55:02
DPS,departures,2026-08-05,14:55,14:58,CI772,CAL772,TPE,Taipei Taoyuan International Airport,China Airlines,CI,B77W,Boeing 777-309(ER),B-18006,Departed 15:58,2026-08-06 05:55:02
DPS,departures,2026-08-05,15:00,15:39,VN640,HVN640,SGN,Ho Chi Minh City International Airport,Vietnam Airlines,VN,A321,Airbus A321-231,VN-A395,Departed 16:39,2026-08-06 05:55:02
DPS,departures,2026-08-05,15:10,15:25,QZ246,AWQ246,HKT,Phuket International Airport,AirAsia,AK,A320,Airbus A320-214,PK-AZH,Departed 16:25,2026-08-06 05:55:02
DPS,departures,2026-08-05,15:15,15:36,CX784,CPA784,HKG,Hong Kong International Airport,Cathay Pacific,CX,B773,Boeing 777-367,B-HNO,Departed 16:36,2026-08-06 05:55:02
DPS,departures,2026-08-05,15:25,15:43,8B82,TNU082,PER,Perth Airport,TransNusa,8B,A320,Airbus A320-214,PK-TLA,Departed 16:43,2026-08-06 05:55:02
DPS,departures,2026-08-05,15:25,16:16,MH850,MAS850,KUL,Kuala Lumpur International Airport,Malaysia Airlines,MH,B38M,Boeing 737 MAX 8,9M-MVP,Departed 17:16,2026-08-06 05:55:02
DPS,departures,2026-08-05,15:30,16:26,IW1852,WON1852,LOP,Lombok International Airport,Wings Air (60th ATR to Lion GroupLivery),IW,AT76,ATR 72-600,PK-WHS,Departed 17:26,2026-08-06 05:55:02
DPS,departures,2026-08-05,15:30,15:57,BR256,EVA256,TPE,Taipei Taoyuan International Airport,EVA Air (Hello Kitty - Sanrio Characters Livery),BR,A333,Airbus A330-302,B-16333,Departed 16:57,2026-08-06 05:55:02
DPS,departures,2026-08-05,15:40,16:46,IU703,SJV703,SUB,Surabaya Juanda International Airport,Super Air Jet,IU,A320,Airbus A320-232,PK-STD,Departed 17:46,2026-08-06 05:55:02
DPS,departures,2026-08-05,15:40,16:20,AK369,AXM369,KUL,Kuala Lumpur International Airport,AirAsia,AK,A21N,Airbus A321-251NX,9M-VAC,Departed 17:20,2026-08-06 05:55:02
DPS,departures,2026-08-05,15:45,15:53,ID6335,BTK6335,LBJ,Labuan Bajo Komodo Airport,Batik Air,ID,A320,Airbus A320-214,PK-LAQ,Departed 16:53,2026-08-06 05:55:02
DPS,departures,2026-08-05,15:45,15:55,GA255,GIA255,YIA,Yogyakarta International Airport,Garuda Indonesia,GA,B738,Boeing 737-8U3,PK-GMC,Departed 16:55,2026-08-06 05:55:02
DPS,departures,2026-08-05,15:50,16:18,HO1356,DKH1356,PVG,Shanghai Pudong International Airport,Juneyao Air (Colorful Petals Livery),HO,B789,Boeing 787-9 Dreamliner,B-20EQ,Departed 17:18,2026-08-06 05:55:02
DPS,departures,2026-08-05,15:55,16:00,TG432,THA432,BKK,Bangkok Suvarnabhumi Airport,Thai Airways,TG,A359,Airbus A350-941,HS-THF,Departed 17:00,2026-08-06 05:55:02
DPS,departures,2026-08-05,15:55,16:32,GA349,GIA349,SUB,Surabaya Juanda International Airport,Garuda Indonesia,GA,B738,Boeing 737-8U3,PK-GFF,Departed 17:32,2026-08-06 05:55:02
DPS,departures,2026-08-05,16:00,16:36,IU273,SJV273,PNK,Pontianak Supadio Airport,Super Air Jet,IU,A320,Airbus A320-232,PK-SJI,Departed 17:36,2026-08-06 05:55:02
DPS,departures,2026-08-05,16:15,16:40,JT23,LNI023,CGK,Jakarta Soekarno Hatta International Airport,Lion Air,JT,B738,Boeing 737-8GP,PK-LJQ,Departed 17:40,2026-08-06 05:55:02
DPS,departures,2026-08-05,16:25,16:42,GA419,GIA419,CGK,Jakarta Soekarno Hatta International Airport,Garuda Indonesia (Livin' by Mandiri Livery),GA,B738,Boeing 737-86N,PK-GFI,Departed 17:42,2026-08-06 05:55:02
DPS,departures,2026-08-05,16:35,16:59,TR243,TGW243,SIN,Singapore Changi Airport,Scoot,TR,A21N,Airbus A321-271NX,9V-NCB,Departed 17:59,2026-08-06 05:55:02
DPS,departures,2026-08-05,16:40,16:51,IP107,PAS107,CGK,Jakarta Soekarno Hatta International Airport,Pelita Air,IP,A320,Airbus A320-214,PK-PWE,Departed 17:51,2026-08-06 05:55:02
DPS,departures,2026-08-05,16:50,16:55,NZ291,ANZ291,AKL,Auckland Airport,Air New Zealand,NZ,B789,Boeing 787-9 Dreamliner,ZK-NZH,Departed 17:55,2026-08-06 05:55:02
DPS,departures,2026-08-05,17:00,18:01,QZ821,AWQ821,CGK,Jakarta Soekarno Hatta International Airport,AirAsia,AK,A320,Airbus A320-216,PK-AZF,Departed 19:01,2026-08-06 05:55:02
DPS,departures,2026-08-05,17:10,20:22,OD193,MXD193,PER,Perth Airport,Batik Air,ID,B738,Boeing 737-8U3,9M-LDG,Departed 21:22,2026-08-06 05:55:02
DPS,departures,2026-08-05,17:25,17:45,ID6552,BTK6552,KOE,Kupang El Tari Airport,Batik Air,ID,A320,Airbus A320-214,PK-LUT,Departed 18:45,2026-08-06 05:55:02
DPS,departures,2026-08-05,17:30,17:37,IN281,LKN281,CGK,Jakarta Soekarno Hatta International Airport,Nam Air,IN,B735,Boeing 737-524,PK-NAT,Departed 18:37,2026-08-06 05:55:02
DPS,departures,2026-08-05,17:30,17:39,GA417,GIA417,CGK,Jakarta Soekarno Hatta International Airport,Garuda Indonesia (Retro 1960 Livery),GA,B738,Boeing 737-8U3,PK-GFM,Departed 18:39,2026-08-06 05:55:02
DPS,departures,2026-08-05,17:45,18:06,EY477,ETD477,AUH,Abu Dhabi Zayed International Airport,Etihad Airways,EY,B77W,Boeing 777-3FX(ER),A6-ETJ,Departed 19:06,2026-08-06 05:55:02
DPS,departures,2026-08-05,17:50,18:12,CX782,CPA782,HKG,Hong Kong International Airport,Cathay Pacific,CX,A333,Airbus A330-343,B-HLT,Departed 19:12,2026-08-06 05:55:02
DPS,departures,2026-08-05,17:55,17:27,8B5258,TNU5258,LOP,Lombok International Airport,TransNusa,8B,AJ27,Comac ARJ-21-700,PK-TJC,Departed 18:27,2026-08-06 05:55:02
DPS,departures,2026-08-05,18:00,18:18,TG440,THA440,BKK,Bangkok Suvarnabhumi Airport,Thai Airways,TG,A320,Airbus A320-232,HS-TXH,Departed 19:18,2026-08-06 05:55:02
DPS,departures,2026-08-05,18:00,18:10,QG689,CTV689,CGK,Jakarta Soekarno Hatta International Airport,Citilink,QG,A20N,Airbus A320-251N,PK-GTA,Departed 19:10,2026-08-06 05:55:02
DPS,departures,2026-08-05,18:20,18:41,QR963,QTR963,DOH,Doha Hamad International Airport,Qatar Airways,QR,A35K,Airbus A350-1041,A7-AOE,Departed 19:41,2026-08-06 05:55:02
DPS,departures,2026-08-05,18:20,18:27,MH852,MAS852,KUL,Kuala Lumpur International Airport,Malaysia Airlines,MH,B38M,Boeing 737 MAX 8,9M-MVC,Departed 19:27,2026-08-06 05:55:02
DPS,departures,2026-08-05,18:25,18:33,ID7310,BTK7310,HLP,Jakarta Halim Perdanakusuma Airport,Batik Air,ID,A320,Airbus A320-214,PK-LUV,Departed 19:33,2026-08-06 05:55:02
DPS,departures,2026-08-05,18:30,18:47,QG699,CTV699,SUB,Surabaya Juanda International Airport,Citilink,QG,A320,Airbus A320-214,PK-GQD,Departed 19:47,2026-08-06 05:55:02
DPS,departures,2026-08-05,18:45,18:54,TR283,TGW283,SIN,Singapore Changi Airport,Scoot,TR,B788,Boeing 787-8 Dreamliner,9V-OFE,Departed 19:54,2026-08-06 05:55:02
DPS,departures,2026-08-05,18:45,19:10,EK369,UAE369,DXB,Dubai International Airport,Emirates,EK,A388,Airbus A380-842,A6-EUY,Departed 20:10,2026-08-06 05:55:02
DPS,departures,2026-08-05,18:45,18:58,AK379,AXM379,KUL,Kuala Lumpur International Airport,AirAsia,AK,A20N,Airbus A320-251N,9M-AGS,Departed 19:58,2026-08-06 05:55:02
DPS,departures,2026-08-05,18:50,18:50,8B969,,CAN,Guangzhou Baiyun International Airport,TransNusa,8B,320,,,Estimated dep 19:50*,2026-08-06 05:55:02
DPS,departures,2026-08-05,18:50,,IU133,,SRG,Semarang Achmad Yani International Airport,Super Air Jet,IU,320,,,Unknown,2026-08-06 05:55:02
DPS,departures,2026-08-05,18:55,19:23,JT923,LNI923,SUB,Surabaya Juanda International Airport,Lion Air,JT,B739,Boeing 737-9GP(ER),PK-LSR,Departed 20:23,2026-08-06 05:55:02
DPS,departures,2026-08-05,18:55,19:27,GA421,GIA421,CGK,Jakarta Soekarno Hatta International Airport,Garuda Indonesia,GA,B738,Boeing 737-8U3,PK-GFD,Departed 20:27,2026-08-06 05:55:02
DPS,departures,2026-08-05,19:00,19:19,SQ945,SIA945,SIN,Singapore Changi Airport,Singapore Airlines,SQ,B78X,Boeing 787-10 Dreamliner,9V-SCB,Departed 20:19,2026-08-06 05:55:02
DPS,departures,2026-08-05,19:10,19:35,QG667,CTV667,CGK,Jakarta Soekarno Hatta International Airport,Citilink,QG,A320,Airbus A320-214,PK-GLT,Departed 20:35,2026-08-06 05:55:02
DPS,departures,2026-08-05,19:30,19:44,ID6415,BTK6415,SUB,Surabaya Juanda International Airport,Batik Air,ID,A320,Airbus A320-214,PK-LUF,Departed 20:44,2026-08-06 05:55:02
DPS,departures,2026-08-05,19:30,19:39,QG195,CTV195,HLP,Jakarta Halim Perdanakusuma Airport,Citilink,QG,A320,Airbus A320-214,PK-GLS,Departed 20:39,2026-08-06 05:55:02
DPS,departures,2026-08-05,19:40,21:29,GA415,GIA415,CGK,Jakarta Soekarno Hatta International Airport,Garuda Indonesia,GA,B738,Boeing 737-8U3,PK-GMM,Departed 22:29,2026-08-06 05:55:02
DPS,departures,2026-08-05,19:45,20:04,KL836,KLM836,SIN,Singapore Changi Airport,KLM (Orange Pride‬ Livery),KL,B77W,Boeing 777-306(ER),PH-BVA,Departed 21:04,2026-08-06 05:55:02
DPS,departures,2026-08-05,19:50,20:15,IP105,PAS105,CGK,Jakarta Soekarno Hatta International Airport,Pelita Air,IP,A320,Airbus A320-214,PK-PWK,Departed 21:15,2026-08-06 05:55:02
DPS,departures,2026-08-05,20:00,19:59,TK67,THY067,IST,Istanbul Airport,Turkish Airlines,TK,A359,Airbus A350-941,TC-LHI,Departed 20:59,2026-08-06 05:55:02
DPS,departures,2026-08-05,20:00,20:37,OD177,MXD177,MEL,Melbourne Airport,Batik Air (Visit Malaysia Truly Asia 2026 Livery),ID,B38M,Boeing 737 MAX 8,9M-LRM,Departed 21:37,2026-08-06 05:55:02
DPS,departures,2026-08-05,20:05,15:19,QZ819,,CGK,Jakarta Soekarno Hatta International Airport,AirAsia,AK,A320,Airbus A320-216,PK-AXY,Estimated dep 16:19*,2026-08-06 05:55:02
DPS,departures,2026-08-05,20:15,20:33,JT15,LNI015,CGK,Jakarta Soekarno Hatta International Airport,Lion Air (80th 737NG Livery),JT,B738,Boeing 737-8GP,PK-LKP,Departed 21:33,2026-08-06 05:55:02
DPS,departures,2026-08-05,20:20,20:43,JQ34,JST034,MEL,Melbourne Airport,Jetstar,JQ,A21N,Airbus A321-251NX(LR),VH-OFS,Departed 21:43,2026-08-06 05:55:02
DPS,departures,2026-08-05,20:30,,ID6760,,UPG,Makassar Sultan Hasanuddin International Airport,Batik Air,ID,32A,,,Unknown,2026-08-06 05:55:02
DPS,departures,2026-08-05,20:35,20:55,IN7273,LKN7273,CGK,Jakarta Soekarno Hatta International Airport,Nam Air,IN,B735,Boeing 737-524,PK-NAU,Departed 21:55,2026-08-06 05:55:02
DPS,departures,2026-08-05,20:35,,SJ273,,CGK,Jakarta Soekarno Hatta International Airport,Sriwijaya Air,SJ,735,,,Unknown,2026-08-06 05:55:02
DPS,departures,2026-08-05,20:40,21:02,SQ947,SIA947,SIN,Singapore Changi Airport,Singapore Airlines,SQ,B78X,Boeing 787-10 Dreamliner,9V-SCC,Departed 22:02,2026-08-06 05:55:02
DPS,departures,2026-08-05,20:55,21:09,SV857,SVA857,SIN,Singapore Changi Airport,Saudia,SV,B78X,Boeing 787-10 Dreamliner,HZ-AR25,Departed 22:09,2026-08-06 05:55:02
DPS,departures,2026-08-05,21:05,21:23,GA718,GIA718,MEL,Melbourne Airport,Garuda Indonesia,GA,A333,Airbus A330-343,PK-GHA,Departed 22:23,2026-08-06 05:55:02
DPS,departures,2026-08-05,21:10,21:49,JQ60,JST060,BNE,Brisbane Airport,Jetstar,JQ,A21N,Airbus A321-251NX(LR),VH-OSE,Departed 22:49,2026-08-06 05:55:02
DPS,departures,2026-08-05,21:10,21:20,VA128,VOZ128,CBR,Canberra International Airport,Virgin Australia,VA,B738,Boeing 737-8FE,VH-YIU,Departed 22:20,2026-08-06 05:55:02
DPS,departures,2026-08-05,21:15,21:32,OD171,MXD171,SYD,Sydney Kingsford Smith Airport,Batik Air,ID,B38M,Boeing 737 MAX 8,9M-LRP,Departed 22:32,2026-08-06 05:55:02
DPS,departures,2026-08-05,21:15,21:58,AK375,AXM375,KUL,Kuala Lumpur International Airport,AirAsia (Let’s Fly To Terengganu Livery),AK,A320,Airbus A320-216,9M-AJS,Departed 22:58,2026-08-06 05:55:02
DPS,departures,2026-08-05,21:20,21:44,QF44,QFA044,SYD,Sydney Kingsford Smith Airport,Qantas,QF,A332,Airbus A330-202,VH-EBA,Departed 22:44,2026-08-06 05:55:02
DPS,departures,2026-08-05,21:35,21:53,JQ38,JST038,SYD,Sydney Kingsford Smith Airport,Jetstar,JQ,A21N,Airbus A321-251NX(LR),VH-OYC,Departed 22:53,2026-08-06 05:55:02
DPS,departures,2026-08-05,21:45,22:07,7C5304,JJA5304,ICN,Seoul Incheon International Airport,Jeju Air,7C,B38M,Boeing 737 MAX 8,HL8552,Departed 23:07,2026-08-06 05:55:02
DPS,departures,2026-08-05,22:00,22:25,JQ91,JST091,CNS,Cairns Airport,Jetstar,JQ,A320,Airbus A320-232,VH-VFT,Departed 23:25,2026-08-06 05:55:02
DPS,departures,2026-08-05,22:05,22:23,VA96,VOZ096,MEL,Melbourne Airport,Virgin Australia,VA,B38M,Boeing 737 MAX 8,VH-8IB,Departed 23:23,2026-08-06 05:55:02
DPS,departures,2026-08-05,22:05,22:43,QF46,QFA046,MEL,Melbourne Airport,Qantas,QF,B738,Boeing 737-838,VH-VZF,Departed 23:43,2026-08-06 05:55:02
DPS,departures,2026-08-05,22:10,,8B5109,,CGK,Jakarta Soekarno Hatta International Airport,TransNusa,8B,320,,,Unknown,2026-08-06 05:55:02
DPS,departures,2026-08-05,22:10,22:27,3U3986,CSC3986,TFU,Chengdu Tianfu International Airport,Sichuan Airlines,3U,A21N,Airbus A321-271NX(LR),B-325F,Departed 23:27,2026-08-06 05:55:02
DPS,departures,2026-08-05,22:20,23:25,VA82,VOZ082,OOL,Gold Coast Airport,Virgin Australia,VA,B38M,Boeing 737 MAX 8,VH-8IC,Departed 00:25,2026-08-06 05:55:02
DPS,departures,2026-08-05,22:25,22:37,JQ50,JST050,AVV,Melbourne Avalon International Airport,Jetstar,JQ,A21N,Airbus A321-251NX(LR),VH-OFQ,Departed 23:37,2026-08-06 05:55:02
DPS,departures,2026-08-05,22:25,22:59,GA714,GIA714,SYD,Sydney Kingsford Smith Airport,Garuda Indonesia,GA,A333,Airbus A330-343,PK-GPT,Departed 23:59,2026-08-06 05:55:02
DPS,departures,2026-08-05,22:35,22:55,VA68,VOZ068,SYD,Sydney Kingsford Smith Airport,Virgin Australia,VA,B38M,Boeing 737 MAX 8,VH-8II,Departed 23:55,2026-08-06 05:55:02
DPS,departures,2026-08-05,22:45,22:53,KE432,KAL432,ICN,Seoul Incheon International Airport,Korean Air,KE,B789,Boeing 787-9 Dreamliner,HL8082,Departed 23:53,2026-08-06 05:55:02
DPS,departures,2026-08-05,22:50,23:43,JQ87,JST087,MCY,Sunshine Coast Airport,Jetstar,JQ,A21N,Airbus A321-251NX(LR),VH-OYW,Departed 00:43,2026-08-06 05:55:02
DPS,departures,2026-08-05,22:55,23:07,JQ128,JST128,ADL,Adelaide Airport,Jetstar,JQ,A21N,Airbus A321-251NX(LR),VH-OYK,Departed 00:07,2026-08-06 05:55:02
DPS,departures,2026-08-05,23:05,23:27,BX602,ABL602,PUS,Busan Gimhae International Airport,Air Busan,BX,A21N,Airbus A321-251NX(LR),HL8394,Departed 00:27,2026-08-06 05:55:02
DPS,departures,2026-08-05,23:20,23:36,8B84,TNU084,PER,Perth Airport,TransNusa,8B,A320,Airbus A320-214,PK-TLP,Departed 00:36,2026-08-06 05:55:02
DPS,departures,2026-08-05,23:20,23:33,GA880,GIA880,NRT,Tokyo Narita International Airport,Garuda Indonesia (TravelGo Sticker),GA,A333,Airbus A330-343,PK-GPV,Departed 00:33,2026-08-06 05:55:02
DPS,departures,2026-08-05,23:30,23:41,MF892,CXA892,XMN,Xiamen Gaoqi International Airport,Xiamen Air,MF,B38M,Boeing 737 MAX 8,B-224X,Departed 00:41,2026-08-06 05:55:02
DPS,departures,2026-08-05,23:35,00:06,EK399,UAE399,DXB,Dubai International Airport,Emirates,EK,A388,Airbus A380-842,A6-EUQ,Departed 01:06,2026-08-06 05:55:02
DPS,departures,2026-08-05,23:35,23:48,QR961,QTR961,DOH,Doha Hamad International Airport,Qatar Airways,QR,A35K,Airbus A350-1041,A7-AOG,Departed 00:48,2026-08-06 05:55:02
DPS,departures,2026-08-05,23:40,23:55,CZ626,CSN626,CAN,Guangzhou Baiyun International Airport,China Southern Airlines,CZ,A21N,Airbus A321-251NX,B-32KY,Departed 00:55,2026-08-06 05:55:02
DPS,departures,2026-08-05,23:55,00:37,PR538,PAL538,MNL,Manila Ninoy Aquino International Airport,Philippine Airlines,PR,A321,Airbus A321-231,RP-C9919,Departed 01:37,2026-08-06 05:55:02
DPS,departures,2026-08-05,23:55,00:02,MU5030,CES5030,PVG,Shanghai Pudong International Airport,China Eastern Airlines,MU,A333,Airbus A330-343,B-304A,Departed 01:02,2026-08-06 05:55:02
KNO,arrivals,2026-08-05,02:55,03:19,OV901,OMS901,MCT,Muscat International Airport,SalamAir,OV,A21N,Airbus A321-253NX(LR),A4O-OXI,Landed 03:19,2026-08-06 05:56:18
KNO,arrivals,2026-08-05,07:15,06:41,JT200,LNI200,CGK,Jakarta Soekarno Hatta International Airport,Lion Air,JT,B738,Boeing 737-8GP,PK-LJQ,Landed 06:41,2026-08-06 05:56:18
KNO,arrivals,2026-08-05,07:40,07:28,IW1265,WON1265,GNS,Gunung Sitoli Binaka Airport,Wings Air,IW,AT76,ATR 72-600,PK-WJV,Landed 07:28,2026-08-06 05:56:18
KNO,arrivals,2026-08-05,07:50,07:35,QG910,CTV910,CGK,Jakarta Soekarno Hatta International Airport,Citilink,QG,A320,Airbus A320-214,PK-GLT,Landed 07:35,2026-08-06 05:56:18
KNO,arrivals,2026-08-05,08:00,07:15,3Y224,MYU224,PEN,Penang International Airport,My Indo Airlines,3Y,B734,Boeing 737-4B7(SF),PK-MYV,Landed 07:15,2026-08-06 05:56:18
KNO,arrivals,2026-08-05,08:00,07:44,SQ990,SIA990,SIN,Singapore Changi Airport,Singapore Airlines,SQ,B38M,Boeing 737 MAX 8,9V-MBW,Landed 07:44,2026-08-06 05:56:18
KNO,arrivals,2026-08-05,08:20,07:54,QZ107,AWQ107,PEN,Penang International Airport,AirAsia,AK,A320,Airbus A320-216,PK-AZT,Landed 07:54,2026-08-06 05:56:18
KNO,arrivals,2026-08-05,08:25,,IW1267,,GNS,Gunung Sitoli Binaka Airport,Wings Air,IW,AT7,,,Canceled,2026-08-06 05:56:18
KNO,arrivals,2026-08-05,08:35,08:19,QG10,CTV010,HLP,Jakarta Halim Perdanakusuma Airport,Citilink,QG,A320,Airbus A320-214,PK-GQE,Landed 08:19,2026-08-06 05:56:18
KNO,arrivals,2026-08-05,08:35,08:23,IP300,PAS300,CGK,Jakarta Soekarno Hatta International Airport,Pelita Air,IP,A320,Airbus A320-214,PK-PWD,Landed 08:23,2026-08-06 05:56:18
KNO,arrivals,2026-08-05,08:40,08:30,QZ125,AWQ125,KUL,Kuala Lumpur International Airport,AirAsia,AK,A320,Airbus A320-214,PK-AZI,Landed 08:30,2026-08-06 05:56:18
KNO,arrivals,2026-08-05,09:05,08:55,QG924,CTV924,BTH,Batam Hang Nadim Airport,Citilink,QG,A320,Airbus A320-214,PK-GQU,Landed 08:55,2026-08-06 05:56:18
KNO,arrivals,2026-08-05,09:15,09:18,ID7263,BTK7263,KUL,Kuala Lumpur International Airport,Batik Air,ID,B738,Boeing 737-8GP,PK-LZZ,Landed 09:18,2026-08-06 05:56:18
KNO,arrivals,2026-08-05,09:15,09:06,ID7011,BTK7011,CGK,Jakarta Soekarno Hatta International Airport,Batik Air,ID,A320,Airbus A320-232,PK-BLB,Landed 09:06,2026-08-06 05:56:18
KNO,arrivals,2026-08-05,09:20,09:00,IU862,SJV862,PDG,Padang Minangkabau International Airport,Super Air Jet,IU,A320,Airbus A320-232,PK-SJU,Landed 09:00,2026-08-06 05:56:18
KNO,arrivals,2026-08-05,09:30,09:27,GA182,GIA182,CGK,Jakarta Soekarno Hatta International Airport,Garuda Indonesia,GA,B738,Boeing 737-8SH,PK-GUE,Landed 09:27,2026-08-06 05:56:18
KNO,arrivals,2026-08-05,09:45,09:32,JT964,LNI964,YIA,Yogyakarta International Airport,Lion Air,JT,B739,Boeing 737-9GP(ER),PK-LSH,Landed 09:32,2026-08-06 05:56:18
KNO,arrivals,2026-08-05,10:20,,JT204,,CGK,Jakarta Soekarno Hatta International Airport,Lion Air,JT,739,,,Unknown,2026-08-06 05:56:18
KNO,arrivals,2026-08-05,10:20,10:02,QG912,CTV912,CGK,Jakarta Soekarno Hatta International Airport,Citilink,QG,A320,Airbus A320-214,PK-GLY,Landed 10:02,2026-08-06 05:56:18
KNO,arrivals,2026-08-05,10:30,10:09,IU964,SJV964,PLM,Palembang International Airport,Super Air Jet,IU,A320,Airbus A320-232,PK-SAO,Landed 10:09,2026-08-06 05:56:18
KNO,arrivals,2026-08-05,10:30,10:13,AK391,AXM391,KUL,Kuala Lumpur International Airport,AirAsia,AK,A20N,Airbus A320-251N,9M-AGN,Landed 10:13,2026-08-06 05:56:18
KNO,arrivals,2026-08-05,10:45,10:47,IW1249,WON1249,GNS,Gunung Sitoli Binaka Airport,Wings Air,IW,AT76,ATR 72-600,PK-WHT,Landed 10:47,2026-08-06 05:56:18
KNO,arrivals,2026-08-05,10:50,11:57,JT85,LNI085,JED,Jeddah King Abdulaziz International Airport,Lion Air,JT,A339,Airbus A330-941,PK-LEU,Landed 11:57,2026-08-06 05:56:18
KNO,arrivals,2026-08-05,10:55,10:54,JT135,LNI135,PEN,Penang International Airport,Lion Air,JT,B739,Boeing 737-9GP(ER),PK-LQT,Landed 10:54,2026-08-06 05:56:18
KNO,arrivals,2026-08-05,11:20,10:58,QZ103,AWQ103,PEN,Penang International Airport,AirAsia,AK,A320,Airbus A320-216,PK-AZT,Landed 10:58,2026-08-06 05:56:18
KNO,arrivals,2026-08-05,11:20,11:03,IW1251,WON1251,LSW,Lhokseumawe Malikus Saleh Airport,Wings Air,IW,AT76,ATR 72-600,PK-WJV,Landed 11:03,2026-08-06 05:56:18
KNO,arrivals,2026-08-05,11:30,,JT971,,BTH,Batam Hang Nadim Airport,Lion Air,JT,739,,,Unknown,2026-08-06 05:56:18
KNO,arrivals,2026-08-05,11:55,12:04,GA184,GIA184,CGK,Jakarta Soekarno Hatta International Airport,Garuda Indonesia,GA,B738,Boeing 737-8H6,PK-GUL,Landed 12:04,2026-08-06 05:56:18
KNO,arrivals,2026-08-05,12:10,11:48,QZ121,AWQ121,KUL,Kuala Lumpur International Airport,AirAsia,AK,A320,Airbus A320-214,PK-AZI,Landed 11:48,2026-08-06 05:56:18
KNO,arrivals,2026-08-05,12:20,12:10,JT206,LNI206,CGK,Jakarta Soekarno Hatta International Airport,Lion Air,JT,B39M,Boeing 737 MAX 9,PK-LRH,Landed 12:10,2026-08-06 05:56:18
KNO,arrivals,2026-08-05,12:35,12:22,IW1217,WON1217,BTJ,Banda Aceh International Airport,Wings Air,IW,AT75,ATR 72-500,PK-WFT,Landed 12:22,2026-08-06 05:56:18
KNO,arrivals,2026-08-05,13:00,13:33,IU832,SJV832,PKU,Pekanbaru Sultan Syarif Kasim II Airport,Super Air Jet,IU,A320,Airbus A320-232,PK-SJU,Landed 13:33,2026-08-06 05:56:18
KNO,arrivals,2026-08-05,13:10,12:54,JT139,LNI139,PEN,Penang International Airport,Lion Air,JT,B739,Boeing 737-9GP(ER),PK-LSH,Landed 12:54,2026-08-06 05:56:18
KNO,arrivals,2026-08-05,13:25,16:14,QZ155,AWQ155,DMK,Bangkok Don Mueang International Airport,AirAsia,AK,A320,Airbus A320-216,PK-AZT,Landed 16:14,2026-08-06 05:56:18
KNO,arrivals,2026-08-05,13:40,13:26,QG916,CTV916,CGK,Jakarta Soekarno Hatta International Airport,Citilink,QG,A320,Airbus A320-214,PK-GQA,Landed 13:26,2026-08-06 05:56:18
KNO,arrivals,2026-08-05,14:00,13:44,GA186,GIA186,CGK,Jakarta Soekarno Hatta International Airport,Garuda Indonesia,GA,B738,Boeing 737-8SA,PK-GUI,Landed 13:44,2026-08-06 05:56:18
KNO,arrivals,2026-08-05,14:05,14:00,IW1259,WON1259,FLZ,Sibolga Ferdinand Lumban Tobing Airport,Wings Air,IW,AT76,ATR 72-600,PK-WJV,Landed 14:00,2026-08-06 05:56:18
KNO,arrivals,2026-08-05,14:35,14:04,ID7146,BTK7146,SIN,Singapore Changi Airport,Batik Air,ID,A320,Airbus A320-232,PK-BLB,Landed 14:04,2026-08-06 05:56:18
KNO,arrivals,2026-08-05,14:35,14:38,AK397,AXM397,KUL,Kuala Lumpur International Airport,AirAsia (WeAreAllChampions Livery),AK,A320,Airbus A320-216,9M-AQF,Landed 14:38,2026-08-06 05:56:18
KNO,arrivals,2026-08-05,14:50,14:44,IP302,PAS302,CGK,Jakarta Soekarno Hatta International Airport,Pelita Air,IP,A320,Airbus A320-214,PK-PWD,Landed 14:44,2026-08-06 05:56:18
KNO,arrivals,2026-08-05,15:00,14:53,MH864,MAS864,KUL,Kuala Lumpur International Airport,Malaysia Airlines,MH,B738,Boeing 737-8H6,9M-MLM,Landed 14:53,2026-08-06 05:56:18
KNO,arrivals,2026-08-05,15:15,15:21,TR244,TGW244,SIN,Singapore Changi Airport,Scoot,TR,A20N,Airbus A320-271N,9V-TNK,Landed 15:21,2026-08-06 05:56:18
KNO,arrivals,2026-08-05,15:20,15:03,QG918,CTV918,CGK,Jakarta Soekarno Hatta International Airport,Citilink,QG,A320,Airbus A320-214,PK-GQN,Landed 15:03,2026-08-06 05:56:18
KNO,arrivals,2026-08-05,15:30,15:51,JT210,LNI210,CGK,Jakarta Soekarno Hatta International Airport,Lion Air,JT,B738,Boeing 737-8GP,PK-LPK,Landed 15:51,2026-08-06 05:56:18
KNO,arrivals,2026-08-05,15:30,15:08,QZ129,AWQ129,KUL,Kuala Lumpur International Airport,AirAsia,AK,A320,Airbus A320-214,PK-AZI,Landed 15:08,2026-08-06 05:56:18
KNO,arrivals,2026-08-05,15:40,15:29,IW1247,WON1247,GNS,Gunung Sitoli Binaka Airport,Wings Air,IW,AT75,ATR 72-500,PK-WFT,Landed 15:29,2026-08-06 05:56:18
KNO,arrivals,2026-08-05,16:00,15:59,JT973,LNI973,BTH,Batam Hang Nadim Airport,Lion Air,JT,B739,Boeing 737-9GP(ER),PK-LFZ,Landed 15:59,2026-08-06 05:56:18
KNO,arrivals,2026-08-05,16:00,15:56,GA118,GIA118,CGK,Jakarta Soekarno Hatta International Airport,Garuda Indonesia,GA,B738,Boeing 737-8BK,PK-GFG,Landed 15:56,2026-08-06 05:56:18
KNO,arrivals,2026-08-05,16:05,16:06,QG922,CTV922,BTH,Batam Hang Nadim Airport,Citilink,QG,A320,Airbus A320-214,PK-GQU,Landed 16:06,2026-08-06 05:56:18
KNO,arrivals,2026-08-05,16:20,,JT212,,CGK,Jakarta Soekarno Hatta International Airport,Lion Air,JT,739,,,Unknown,2026-08-06 05:56:18
KNO,arrivals,2026-08-05,16:30,,SQS141,,LKI,Sinabang Lasikin Airport,Susi Air,,CNC,,,Unknown,2026-08-06 05:56:18
KNO,arrivals,2026-08-05,16:35,16:23,JT133,LNI133,PEN,Penang International Airport,Lion Air,JT,B739,Boeing 737-9GP(ER),PK-LSH,Landed 16:23,2026-08-06 05:56:18
KNO,arrivals,2026-08-05,16:40,16:38,QG978,CTV978,CGK,Jakarta Soekarno Hatta International Airport,Citilink,QG,A320,Airbus A320-214,PK-GLY,Landed 16:38,2026-08-06 05:56:18
KNO,arrivals,2026-08-05,17:00,,IW1269,,GNS,Gunung Sitoli Binaka Airport,Wings Air,IW,AT7,,,Canceled,2026-08-06 05:56:18
KNO,arrivals,2026-08-05,17:05,18:13,ID7261,BTK7261,KUL,Kuala Lumpur International Airport,Batik Air,ID,B738,Boeing 737-8U3,PK-BGF,Landed 18:13,2026-08-06 05:56:18
KNO,arrivals,2026-08-05,17:15,17:19,ID6886,BTK6886,CGK,Jakarta Soekarno Hatta International Airport,Batik Air,ID,A320,Airbus A320-214,PK-LUY,Landed 17:19,2026-08-06 05:56:18
KNO,arrivals,2026-08-05,17:25,17:31,AK393,AXM393,KUL,Kuala Lumpur International Airport,AirAsia,AK,A320,Airbus A320-216,9M-DAB,Landed 17:31,2026-08-06 05:56:18
KNO,arrivals,2026-08-05,17:35,17:10,IP306,PAS306,CGK,Jakarta Soekarno Hatta International Airport,Pelita Air,IP,A320,Airbus A320-214,PK-PWG,Landed 17:10,2026-08-06 05:56:18
KNO,arrivals,2026-08-05,17:50,18:17,QG886,CTV886,CGK,Jakarta Soekarno Hatta International Airport,Citilink,QG,A320,Airbus A320-214,PK-GLP,Landed 18:17,2026-08-06 05:56:18
KNO,arrivals,2026-08-05,18:15,,3Y6014,,CGK,Jakarta Soekarno Hatta International Airport,My Indo Airlines,3Y,73Y,,,Unknown,2026-08-06 05:56:18
KNO,arrivals,2026-08-05,18:20,18:03,QZ109,AWQ109,PEN,Penang International Airport,AirAsia,AK,A320,Airbus A320-214,PK-AZI,Landed 18:03,2026-08-06 05:56:18
KNO,arrivals,2026-08-05,18:20,18:49,JT300,LNI300,CGK,Jakarta Soekarno Hatta International Airport,Lion Air,JT,B39M,Boeing 737 MAX 9,PK-LRH,Landed 18:49,2026-08-06 05:56:18
KNO,arrivals,2026-08-05,19:00,18:37,GA190,GIA190,CGK,Jakarta Soekarno Hatta International Airport,Garuda Indonesia,GA,B738,Boeing 737-8U3,PK-GNM,Landed 18:37,2026-08-06 05:56:18
KNO,arrivals,2026-08-05,19:15,19:00,QZ131,AWQ131,KUL,Kuala Lumpur International Airport,AirAsia,AK,A320,Airbus A320-216,PK-AZT,Landed 19:00,2026-08-06 05:56:18
KNO,arrivals,2026-08-05,19:20,,JT173,,CGK,Jakarta Soekarno Hatta International Airport,Lion Air,JT,738,,,Unknown,2026-08-06 05:56:18
KNO,arrivals,2026-08-05,19:20,22:13,JT208,LNI208,CGK,Jakarta Soekarno Hatta International Airport,Lion Air,JT,B738,Boeing 737-8GP,PK-LPK,Landed 22:13,2026-08-06 05:56:18
KNO,arrivals,2026-08-05,19:35,19:31,SQ994,SIA994,SIN,Singapore Changi Airport,Singapore Airlines,SQ,B38M,Boeing 737 MAX 8,9V-MBM,Landed 19:31,2026-08-06 05:56:18
KNO,arrivals,2026-08-05,19:55,19:42,IU948,SJV948,CGK,Jakarta Soekarno Hatta International Airport,Super Air Jet,IU,A320,Airbus A320-232,PK-SAW,Landed 19:42,2026-08-06 05:56:18
KNO,arrivals,2026-08-05,20:25,,JT308,,CGK,Jakarta Soekarno Hatta International Airport,Lion Air,JT,739,,,Unknown,2026-08-06 05:56:18
KNO,arrivals,2026-08-05,20:40,20:13,JT989,LNI989,BTH,Batam Hang Nadim Airport,Lion Air,JT,B738,Boeing 737-8GP,PK-LOP,Landed 20:13,2026-08-06 05:56:18
KNO,arrivals,2026-08-05,20:50,20:41,QG914,CTV914,CGK,Jakarta Soekarno Hatta International Airport,Citilink,QG,A320,Airbus A320-214,PK-GLK,Landed 20:41,2026-08-06 05:56:18
KNO,arrivals,2026-08-05,21:15,21:04,ID6884,BTK6884,CGK,Jakarta Soekarno Hatta International Airport,Batik Air,ID,A320,Airbus A320-214,PK-BKU,Landed 21:04,2026-08-06 05:56:18
KNO,arrivals,2026-08-05,21:15,,ID6205,,CGK,Jakarta Soekarno Hatta International Airport,Batik Air,ID,32A,,,Unknown,2026-08-06 05:56:18
KNO,arrivals,2026-08-05,21:25,,ID7265,,KUL,Kuala Lumpur International Airport,Batik Air,ID,738,,,Unknown,2026-08-06 05:56:18
KNO,arrivals,2026-08-05,21:40,21:35,GA196,GIA196,CGK,Jakarta Soekarno Hatta International Airport,Garuda Indonesia,GA,B738,Boeing 737-8U3,PK-GUG,Landed 21:35,2026-08-06 05:56:18
KNO,arrivals,2026-08-05,22:20,00:34,JT306,LNI306,CGK,Jakarta Soekarno Hatta International Airport,Lion Air,JT,B739,Boeing 737-9GP(ER),PK-LQS,Landed 00:34,2026-08-06 05:56:18
KNO,arrivals,2026-08-05,22:20,22:07,QG882,CTV882,CGK,Jakarta Soekarno Hatta International Airport,Citilink,QG,A320,Airbus A320-214,PK-GQK,Landed 22:07,2026-08-06 05:56:18
KNO,arrivals,2026-08-05,22:35,,RI120,,CGK,Jakarta Soekarno Hatta International Airport,Rimbun Air,RI,73Y,,,Unknown,2026-08-06 05:56:18
KNO,departures,2026-08-05,00:10,,RI121,,CGK,Jakarta Soekarno Hatta International Airport,Rimbun Air,RI,73Y,,,Unknown,2026-08-06 05:56:41
KNO,departures,2026-08-05,03:40,04:39,OV902,OMS902,MCT,Muscat International Airport,SalamAir,OV,A21N,Airbus A321-253NX(LR),A4O-OXI,Departed 04:39,2026-08-06 05:56:41
KNO,departures,2026-08-05,05:00,05:09,QG911,CTV911,CGK,Jakarta Soekarno Hatta International Airport,Citilink,QG,A20N,Airbus A320-251N,PK-GTG,Departed 05:09,2026-08-06 05:56:41
KNO,departures,2026-08-05,05:30,05:34,ID6885,BTK6885,CGK,Jakarta Soekarno Hatta International Airport,Batik Air,ID,A320,Airbus A320-214,PK-BKU,Departed 05:34,2026-08-06 05:56:41
KNO,departures,2026-08-05,06:00,05:45,QZ106,AWQ106,PEN,Penang International Airport,AirAsia,AK,A320,Airbus A320-216,PK-AZT,Departed 05:45,2026-08-06 05:56:41
KNO,departures,2026-08-05,06:00,06:00,JT170,,CGK,Jakarta Soekarno Hatta International Airport,Lion Air,JT,738,,,Estimated dep 06:00*,2026-08-06 05:56:41
KNO,departures,2026-08-05,06:00,06:12,JT209,LNI209,CGK,Jakarta Soekarno Hatta International Airport,Lion Air,JT,B738,Boeing 737-8GP,PK-LOQ,Departed 06:12,2026-08-06 05:56:41
KNO,departures,2026-08-05,06:00,06:09,ID7264,BTK7264,KUL,Kuala Lumpur International Airport,Batik Air,ID,B738,Boeing 737-8GP,PK-LZZ,Departed 06:09,2026-08-06 05:56:41
KNO,departures,2026-08-05,06:00,06:04,GA183,GIA183,CGK,Jakarta Soekarno Hatta International Airport,Garuda Indonesia,GA,B738,Boeing 737-8U3,PK-GNG,Departed 06:04,2026-08-06 05:56:41
KNO,departures,2026-08-05,06:10,06:14,QZ124,AWQ124,KUL,Kuala Lumpur International Airport,AirAsia,AK,A320,Airbus A320-214,PK-AZI,Departed 06:14,2026-08-06 05:56:41
KNO,departures,2026-08-05,06:30,06:30,JT970,,BTH,Batam Hang Nadim Airport,Lion Air,JT,738,,,Estimated dep 06:30*,2026-08-06 05:56:41
KNO,departures,2026-08-05,06:30,,SQS140,,LKI,Sinabang Lasikin Airport,Susi Air,,CNC,,,Unknown,2026-08-06 05:56:41
KNO,departures,2026-08-05,06:30,06:43,JT988,LNI988,BTH,Batam Hang Nadim Airport,Lion Air,JT,B738,Boeing 737-8GP,PK-LOP,Departed 06:43,2026-08-06 05:56:41
KNO,departures,2026-08-05,07:00,07:05,IU899,SJV899,CGK,Jakarta Soekarno Hatta International Airport,Super Air Jet,IU,A320,Airbus A320-232,PK-SJA,Departed 07:05,2026-08-06 05:56:41
KNO,departures,2026-08-05,07:00,,IW1266,,GNS,Gunung Sitoli Binaka Airport,Wings Air,IW,AT7,,,Canceled,2026-08-06 05:56:41
KNO,departures,2026-08-05,08:00,07:48,JT201,LNI201,CGK,Jakarta Soekarno Hatta International Airport,Lion Air,JT,B738,Boeing 737-8GP,PK-LJQ,Departed 07:48,2026-08-06 05:56:41
KNO,departures,2026-08-05,08:05,08:23,IW1248,WON1248,GNS,Gunung Sitoli Binaka Airport,Wings Air,IW,AT76,ATR 72-600,PK-WHT,Departed 08:23,2026-08-06 05:56:41
KNO,departures,2026-08-05,08:10,08:10,JT134,LNI134,PEN,Penang International Airport,Lion Air,JT,B739,Boeing 737-9GP(ER),PK-LQT,Departed 08:10,2026-08-06 05:56:41
KNO,departures,2026-08-05,08:20,08:30,QG883,CTV883,CGK,Jakarta Soekarno Hatta International Airport,Citilink,QG,A320,Airbus A320-214,PK-GLT,Departed 08:30,2026-08-06 05:56:41
KNO,departures,2026-08-05,08:45,11:59,QZ154,AWQ154,DMK,Bangkok Don Mueang International Airport,AirAsia,AK,A320,Airbus A320-216,PK-AZT,Departed 11:59,2026-08-06 05:56:41
KNO,departures,2026-08-05,08:45,08:56,IW1250,WON1250,LSW,Lhokseumawe Malikus Saleh Airport,Wings Air,IW,AT76,ATR 72-600,PK-WJV,Departed 08:56,2026-08-06 05:56:41
KNO,departures,2026-08-05,08:50,09:01,SQ991,SIA991,SIN,Singapore Changi Airport,Singapore Airlines,SQ,B38M,Boeing 737 MAX 8,9V-MBW,Departed 09:01,2026-08-06 05:56:41
KNO,departures,2026-08-05,08:50,09:06,IW1214,WON1214,BTJ,Banda Aceh International Airport,Wings Air,IW,AT75,ATR 72-500,PK-WFT,Departed 09:06,2026-08-06 05:56:41
KNO,departures,2026-08-05,09:00,09:08,QZ102,AWQ102,PEN,Penang International Airport,AirAsia,AK,A320,Airbus A320-216,PK-AZT,Departed 09:08,2026-08-06 05:56:41
KNO,departures,2026-08-05,09:20,09:19,QZ120,AWQ120,KUL,Kuala Lumpur International Airport,AirAsia,AK,A320,Airbus A320-214,PK-AZI,Departed 09:19,2026-08-06 05:56:41
KNO,departures,2026-08-05,09:20,09:40,QG11,CTV011,HLP,Jakarta Halim Perdanakusuma Airport,Citilink,QG,A320,Airbus A320-214,PK-GQE,Departed 09:40,2026-08-06 05:56:41
KNO,departures,2026-08-05,09:20,09:27,IP301,PAS301,CGK,Jakarta Soekarno Hatta International Airport,Pelita Air,IP,A320,Airbus A320-214,PK-PWD,Departed 09:27,2026-08-06 05:56:41
KNO,departures,2026-08-05,09:35,09:44,QG925,CTV925,BTH,Batam Hang Nadim Airport,Citilink,QG,A320,Airbus A320-214,PK-GQU,Departed 09:44,2026-08-06 05:56:41
KNO,departures,2026-08-05,10:00,10:09,IU833,SJV833,PKU,Pekanbaru Sultan Syarif Kasim II Airport,Super Air Jet,IU,A320,Airbus A320-232,PK-SJU,Departed 10:09,2026-08-06 05:56:41
KNO,departures,2026-08-05,10:00,10:25,ID7010,BTK7010,CGK,Jakarta Soekarno Hatta International Airport,Batik Air,ID,A320,Airbus A320-232,PK-BKM,Departed 10:25,2026-08-06 05:56:41
KNO,departures,2026-08-05,10:25,10:36,JT138,LNI138,PEN,Penang International Airport,Lion Air,JT,B739,Boeing 737-9GP(ER),PK-LSH,Departed 10:36,2026-08-06 05:56:41
KNO,departures,2026-08-05,10:25,10:43,GA185,GIA185,CGK,Jakarta Soekarno Hatta International Airport,Garuda Indonesia,GA,B738,Boeing 737-8SH,PK-GUE,Departed 10:43,2026-08-06 05:56:41
KNO,departures,2026-08-05,10:30,10:31,ID7147,BTK7147,SIN,Singapore Changi Airport,Batik Air,ID,A320,Airbus A320-232,PK-BLB,Departed 10:31,2026-08-06 05:56:41
KNO,departures,2026-08-05,10:50,11:03,QG913,CTV913,CGK,Jakarta Soekarno Hatta International Airport,Citilink,QG,A320,Airbus A320-214,PK-GLY,Departed 11:03,2026-08-06 05:56:41
KNO,departures,2026-08-05,10:55,10:58,AK390,AXM390,KUL,Kuala Lumpur International Airport,AirAsia,AK,A20N,Airbus A320-251N,9M-AGN,Departed 10:58,2026-08-06 05:56:41
KNO,departures,2026-08-05,11:00,,JT211,,CGK,Jakarta Soekarno Hatta International Airport,Lion Air,JT,739,,,Unknown,2026-08-06 05:56:41
KNO,departures,2026-08-05,11:10,11:51,IW1244,WON1244,GNS,Gunung Sitoli Binaka Airport,Wings Air,IW,AT76,ATR 72-600,PK-WHT,Departed 11:51,2026-08-06 05:56:41
KNO,departures,2026-08-05,11:30,11:29,IU965,SJV965,PLM,Palembang International Airport,Super Air Jet,IU,A320,Airbus A320-232,PK-SAO,Departed 11:29,2026-08-06 05:56:41
KNO,departures,2026-08-05,11:45,11:53,IW1258,WON1258,FLZ,Sibolga Ferdinand Lumban Tobing Airport,Wings Air,IW,AT76,ATR 72-600,PK-WJV,Departed 11:53,2026-08-06 05:56:41
KNO,departures,2026-08-05,12:00,12:26,JT303,LNI303,CGK,Jakarta Soekarno Hatta International Airport,Lion Air,JT,B739,Boeing 737-9GP(ER),PK-LQT,Departed 12:26,2026-08-06 05:56:41
KNO,departures,2026-08-05,12:10,,JT972,,BTH,Batam Hang Nadim Airport,Lion Air,JT,739,,,Unknown,2026-08-06 05:56:41
KNO,departures,2026-08-05,12:50,13:18,GA187,GIA187,CGK,Jakarta Soekarno Hatta International Airport,Garuda Indonesia,GA,B738,Boeing 737-8H6,PK-GUL,Departed 13:18,2026-08-06 05:56:41
KNO,departures,2026-08-05,12:55,12:56,QZ128,AWQ128,KUL,Kuala Lumpur International Airport,AirAsia,AK,A320,Airbus A320-214,PK-AZI,Departed 12:56,2026-08-06 05:56:41
KNO,departures,2026-08-05,13:00,13:23,JT385,LNI385,CGK,Jakarta Soekarno Hatta International Airport,Lion Air,JT,B39M,Boeing 737 MAX 9,PK-LRH,Departed 13:23,2026-08-06 05:56:41
KNO,departures,2026-08-05,13:00,13:12,IW1262,,GNS,Gunung Sitoli Binaka Airport,Wings Air,IW,AT75,ATR 72-500,PK-WFT,Estimated dep 13:12*,2026-08-06 05:56:41
KNO,departures,2026-08-05,13:40,14:43,IU863,SJV863,PDG,Padang Minangkabau International Airport,Super Air Jet,IU,A320,Airbus A320-232,PK-SJU,Departed 14:43,2026-08-06 05:56:41
KNO,departures,2026-08-05,13:50,14:05,JT132,LNI132,PEN,Penang International Airport,Lion Air,JT,B739,Boeing 737-9GP(ER),PK-LSH,Departed 14:05,2026-08-06 05:56:41
KNO,departures,2026-08-05,14:10,14:30,QG919,CTV919,CGK,Jakarta Soekarno Hatta International Airport,Citilink,QG,A320,Airbus A320-214,PK-GQA,Departed 14:30,2026-08-06 05:56:41
KNO,departures,2026-08-05,14:45,,IW1260,,GNS,Gunung Sitoli Binaka Airport,Wings Air,IW,AT7,,,Canceled,2026-08-06 05:56:41
KNO,departures,2026-08-05,15:00,15:31,AK396,AXM396,KUL,Kuala Lumpur International Airport,AirAsia (WeAreAllChampions Livery),AK,A320,Airbus A320-216,9M-AQF,Departed 15:31,2026-08-06 05:56:41
KNO,departures,2026-08-05,15:05,15:11,GA189,GIA189,CGK,Jakarta Soekarno Hatta International Airport,Garuda Indonesia,GA,B738,Boeing 737-8SA,PK-GUI,Departed 15:11,2026-08-06 05:56:41
KNO,departures,2026-08-05,15:25,15:40,JT84,LNI084,JED,Jeddah King Abdulaziz International Airport,Lion Air,JT,A339,Airbus A330-941,PK-LEU,Departed 15:40,2026-08-06 05:56:41
KNO,departures,2026-08-05,15:35,15:44,IP303,PAS303,CGK,Jakarta Soekarno Hatta International Airport,Pelita Air,IP,A320,Airbus A320-214,PK-PWD,Departed 15:44,2026-08-06 05:56:41
KNO,departures,2026-08-05,15:45,15:53,MH865,MAS865,KUL,Kuala Lumpur International Airport,Malaysia Airlines,MH,B738,Boeing 737-8H6,9M-MLM,Departed 15:53,2026-08-06 05:56:41
KNO,departures,2026-08-05,15:50,16:01,ID7260,BTK7260,KUL,Kuala Lumpur International Airport,Batik Air,ID,B738,Boeing 737-8GP,PK-LZZ,Departed 16:01,2026-08-06 05:56:41
KNO,departures,2026-08-05,16:00,16:06,QZ108,AWQ108,PEN,Penang International Airport,AirAsia,AK,A320,Airbus A320-214,PK-AZI,Departed 16:06,2026-08-06 05:56:41
KNO,departures,2026-08-05,16:00,16:24,TR245,TGW245,SIN,Singapore Changi Airport,Scoot,TR,A20N,Airbus A320-271N,9V-TNK,Departed 16:24,2026-08-06 05:56:41
KNO,departures,2026-08-05,16:05,16:21,IW1212,WON1212,BTJ,Banda Aceh International Airport,Wings Air,IW,AT75,ATR 72-500,PK-WFT,Departed 16:21,2026-08-06 05:56:41
KNO,departures,2026-08-05,16:10,17:02,JT309,LNI309,CGK,Jakarta Soekarno Hatta International Airport,Lion Air,JT,B738,Boeing 737-8GP,PK-LPK,Departed 17:02,2026-08-06 05:56:41
KNO,departures,2026-08-05,16:30,16:36,QG917,CTV917,CGK,Jakarta Soekarno Hatta International Airport,Citilink,QG,A320,Airbus A320-214,PK-GQN,Departed 16:36,2026-08-06 05:56:41
KNO,departures,2026-08-05,16:35,16:51,QG923,CTV923,BTH,Batam Hang Nadim Airport,Citilink,QG,A320,Airbus A320-214,PK-GQU,Departed 16:51,2026-08-06 05:56:41
KNO,departures,2026-08-05,16:40,17:05,JT977,LNI977,BTH,Batam Hang Nadim Airport,Lion Air,JT,B739,Boeing 737-9GP(ER),PK-LFZ,Departed 17:05,2026-08-06 05:56:41
KNO,departures,2026-08-05,16:40,,ID6878,,DJB,Jambi Sultan Thaha Airport,Batik Air,ID,32A,,,Canceled,2026-08-06 05:56:41
KNO,departures,2026-08-05,16:45,17:00,QZ130,AWQ130,KUL,Kuala Lumpur International Airport,AirAsia,AK,A320,Airbus A320-216,PK-AZT,Departed 17:00,2026-08-06 05:56:41
KNO,departures,2026-08-05,17:00,,JT213,,CGK,Jakarta Soekarno Hatta International Airport,Lion Air,JT,739,,,Unknown,2026-08-06 05:56:41
KNO,departures,2026-08-05,17:00,17:27,GA121,GIA121,CGK,Jakarta Soekarno Hatta International Airport,Garuda Indonesia,GA,B738,Boeing 737-8BK,PK-GFG,Departed 17:27,2026-08-06 05:56:41
KNO,departures,2026-08-05,17:20,18:18,JT140,,PKU,Pekanbaru Sultan Syarif Kasim II Airport,Lion Air,JT,739,,,Unknown,2026-08-06 05:56:41
KNO,departures,2026-08-05,17:30,17:35,QG979,CTV979,CGK,Jakarta Soekarno Hatta International Airport,Citilink,QG,A320,Airbus A320-214,PK-GLY,Departed 17:35,2026-08-06 05:56:41
KNO,departures,2026-08-05,17:50,18:11,AK392,AXM392,KUL,Kuala Lumpur International Airport,AirAsia,AK,A320,Airbus A320-216,9M-DAB,Departed 18:11,2026-08-06 05:56:41
KNO,departures,2026-08-05,18:00,,ID7262,,KUL,Kuala Lumpur International Airport,Batik Air,ID,738,,,Unknown,2026-08-06 05:56:41
KNO,departures,2026-08-05,18:00,18:47,ID6887,BTK6887,CGK,Jakarta Soekarno Hatta International Airport,Batik Air,ID,A320,Airbus A320-214,PK-LUY,Departed 18:47,2026-08-06 05:56:41
KNO,departures,2026-08-05,18:20,18:39,IP307,PAS307,CGK,Jakarta Soekarno Hatta International Airport,Pelita Air,IP,A320,Airbus A320-214,PK-PWG,Departed 18:39,2026-08-06 05:56:41
KNO,departures,2026-08-05,18:20,19:16,QG887,CTV887,CGK,Jakarta Soekarno Hatta International Airport,Citilink,QG,A320,Airbus A320-214,PK-GLP,Departed 19:16,2026-08-06 05:56:41
KNO,departures,2026-08-05,19:00,19:45,JT383,LNI383,CGK,Jakarta Soekarno Hatta International Airport,Lion Air,JT,B39M,Boeing 737 MAX 9,PK-LRH,Departed 19:45,2026-08-06 05:56:41
KNO,departures,2026-08-05,19:50,19:55,GA193,GIA193,CGK,Jakarta Soekarno Hatta International Airport,Garuda Indonesia,GA,B738,Boeing 737-8U3,PK-GNM,Departed 19:55,2026-08-06 05:56:41
KNO,departures,2026-08-05,20:05,,JT215,,CGK,Jakarta Soekarno Hatta International Airport,Lion Air,JT,738,,,Unknown,2026-08-06 05:56:41
KNO,departures,2026-08-05,20:25,20:36,SQ995,SIA995,SIN,Singapore Changi Airport,Singapore Airlines,SQ,B38M,Boeing 737 MAX 8,9V-MBM,Departed 20:36,2026-08-06 05:56:41
KNO,departures,2026-08-05,20:45,20:53,3Y219,MYU219,PEN,Penang International Airport,My Indo Airlines,3Y,B734,Boeing 737-4B7(SF),PK-MYV,Departed 20:53,2026-08-06 05:56:41
KNO,departures,2026-08-05,21:30,21:40,QG915,CTV915,CGK,Jakarta Soekarno Hatta International Airport,Citilink,QG,A320,Airbus A320-214,PK-GLK,Departed 21:40,2026-08-06 05:56:41
KNO,departures,2026-08-05,21:45,,3Y6012,,HKG,Hong Kong International Airport,My Indo Airlines,3Y,73Y,,,Unknown,2026-08-06 05:56:41
KUL,arrivals,2026-08-05,00:00,00:37,AK5131,AXM5131,BKI,Kota Kinabalu International Airport,"AirAsia (Still Winning, Still Gold livery)",AK,A20N,Airbus A320-251N,9M-RAQ,Landed 01:37,2026-08-06 06:02:05
KUL,arrivals,2026-08-05,00:00,23:28,AK525,AXM525,SGN,Ho Chi Minh City International Airport,AirAsia (Sarawak Livery),AK,A320,Airbus A320-216,9M-AJD,Landed 00:28,2026-08-06 06:02:05
KUL,arrivals,2026-08-05,00:00,00:13,AK123,AXM123,SZX,Shenzhen Bao'an International Airport,AirAsia,AK,A20N,Airbus A320-251N,9M-AGL,Landed 01:13,2026-08-06 06:02:05
KUL,arrivals,2026-08-05,00:20,00:06,AK375,AXM375,DPS,Denpasar Ngurah Rai International Airport,AirAsia,AK,A320,Airbus A320-216,9M-RAA,Landed 01:06,2026-08-06 06:02:05
KUL,arrivals,2026-08-05,00:30,01:04,MF857,CXA857,XMN,Xiamen Gaoqi International Airport,Xiamen Air,MF,B738,Boeing 737-85C,B-5499,Landed 02:04,2026-08-06 06:02:05
KUL,arrivals,2026-08-05,00:30,00:11,CX733,CPA733,HKG,Hong Kong International Airport,Cathay Pacific,CX,A21N,Airbus A321-251NX,B-HPT,Landed 01:11,2026-08-06 06:02:05
KUL,arrivals,2026-08-05,00:35,23:47,FM813,CSH813,FOC,Fuzhou Changle International Airport,Shanghai Airlines,FM,B38M,Boeing 737 MAX 8,B-1263,Landed 00:47,2026-08-06 06:02:05
KUL,arrivals,2026-08-05,00:40,00:01,CZ8025,CSN8025,CGO,Zhengzhou Xinzheng International Airport,China Southern Airlines,CZ,B738,Boeing 737-81B,B-5698,Landed 01:01,2026-08-06 06:02:05
KUL,arrivals,2026-08-05,01:05,02:49,ZH333,CSZ333,SZX,Shenzhen Bao'an International Airport,Shenzhen Airlines,ZH,A20N,Airbus A320-251N,B-32PD,Landed 03:49,2026-08-06 06:02:05
KUL,arrivals,2026-08-05,01:10,,3U9053,,NNG,Nanning Wuxu International Airport,Sichuan Airlines,3U,A321,Airbus A321-231(PCF),B-32JG,Unknown,2026-08-06 06:02:05
KUL,arrivals,2026-08-05,01:15,02:38,AK117,AXM117,CAN,Guangzhou Baiyun International Airport,AirAsia,AK,A21N,Airbus A321-251NX,9M-VAG,Landed 03:38,2026-08-06 06:02:05
KUL,arrivals,2026-08-05,01:25,02:33,AK607,AXM607,PER,Perth Airport,AirAsia,AK,A21N,Airbus A321-251NX,9M-VAC,Landed 03:33,2026-08-06 06:02:05
KUL,arrivals,2026-08-05,01:40,01:21,T5801,TUA801,ASB,Ashgabat International Airport,Turkmenistan Airlines,T5,B77L,Boeing 777-22K(LR),EZ-A778,Landed 02:21,2026-08-06 06:02:05
KUL,arrivals,2026-08-05,01:50,01:07,AK585,AXM585,MNL,Manila Ninoy Aquino International Airport,AirAsia (Visit Truly Asia Malaysia 2020 Stickers),AK,A20N,Airbus A320-251N,9M-RAR,Landed 02:07,2026-08-06 06:02:05
KUL,arrivals,2026-08-05,02:05,02:12,SC8077,CDG8077,TNA,Jinan Yaoqiang International Airport,Shandong Airlines,SC,B38M,Boeing 737 MAX 8,B-223U,Landed 03:12,2026-08-06 06:02:05
KUL,arrivals,2026-08-05,02:05,01:57,MU857,CES857,KMG,Kunming Changshui International Airport,China Eastern Airlines,MU,A20N,Airbus A320-251N,B-32DY,Landed 02:57,2026-08-06 06:02:05
KUL,arrivals,2026-08-05,02:05,01:49,BG386,BBC386,DAC,Dhaka Shahjalal International Airport,Biman Bangladesh Airlines,BG,B738,Boeing 737-83N,S2-AFM,Landed 02:49,2026-08-06 06:02:05
KUL,arrivals,2026-08-05,02:10,01:53,HO1563,DKH1563,WUX,Wuxi Sunan Shuofang International Airport,Juneyao Air,HO,A20N,Airbus A320-271N,B-324U,Landed 02:53,2026-08-06 06:02:05
KUL,arrivals,2026-08-05,02:25,,MH6165,,PVG,Shanghai Pudong International Airport,Malaysia Airlines,MH,33X,,,Unknown,2026-08-06 06:02:05
KUL,arrivals,2026-08-05,02:45,02:55,TK175,THY175,SYD,Sydney Kingsford Smith Airport,Turkish Airlines,TK,A359,Airbus A350-941,TC-LHB,Landed 03:55,2026-08-06 06:02:05
KUL,arrivals,2026-08-05,03:15,02:41,MH805,MAS805,MNL,Manila Ninoy Aquino International Airport,Malaysia Airlines,MH,B738,Boeing 737-8H6,9M-MLT,Landed 03:41,2026-08-06 06:02:05
KUL,arrivals,2026-08-05,03:20,03:14,RA415,RNA415,KTM,Kathmandu Tribhuvan International Airport,Nepal Airlines,RA,A320,Airbus A320-233,9N-AKX,Landed 04:14,2026-08-06 06:02:05
KUL,arrivals,2026-08-05,03:20,02:58,OD181,MXD181,KTM,Kathmandu Tribhuvan International Airport,Batik Air (Visit Malaysia Truly Asia 2026 Livery),ID,B38M,Boeing 737 MAX 8,9M-LRM,Landed 03:58,2026-08-06 06:02:05
KUL,arrivals,2026-08-05,03:30,02:45,MH71,MAS71,NRT,Tokyo Narita International Airport,Malaysia Airlines (Oneworld Livery),MH,A333,Airbus A330-323,9M-MTO,Landed 03:45,2026-08-06 06:02:05
KUL,arrivals,2026-08-05,03:35,03:10,D7327,XAX327,TFU,Chengdu Tianfu International Airport,AirAsia,AK,A333,Airbus A330-343,9M-XXZ,Landed 04:10,2026-08-06 06:02:05
KUL,arrivals,2026-08-05,03:40,04:10,OD165,MXD165,DAC,Dhaka Shahjalal International Airport,Batik Air,ID,B38M,Boeing 737 MAX 8,9M-LRF,Landed 05:10,2026-08-06 06:02:05
KUL,arrivals,2026-08-05,03:45,03:41,6E1031,IGO1031,MAA,Chennai International Airport,IndiGo,6E,A320,Airbus A320-232,VT-IAQ,Landed 04:41,2026-08-06 06:02:05
KUL,arrivals,2026-08-05,03:45,04:07,OD224,MXD224,TRZ,Tiruchirappalli International Airport,Batik Air,ID,B738,Boeing 737-8GP,9M-LNP,Landed 05:07,2026-08-06 06:02:05
KUL,arrivals,2026-08-05,04:00,03:35,D7379,XAX379,TPE,Taipei Taoyuan International Airport,AirAsia,AK,A333,Airbus A330-343,9M-XXW,Landed 04:35,2026-08-06 06:02:05
KUL,arrivals,2026-08-05,04:05,05:49,OD194,MXD194,PER,Perth Airport,Batik Air,ID,B738,Boeing 737-8GP,9M-LNV,Landed 06:49,2026-08-06 06:02:05
KUL,arrivals,2026-08-05,04:05,03:56,AK46,AXM46,CMB,Colombo Bandaranaike International Airport,AirAsia,AK,A20N,Airbus A320-251N,9M-AGN,Landed 04:56,2026-08-06 06:02:05
KUL,arrivals,2026-08-05,04:10,04:00,AK151,AXM151,WUH,Wuhan Tianhe International Airport,AirAsia,AK,A20N,Airbus A320-251N,9M-AGE,Landed 05:00,2026-08-06 06:02:05
KUL,arrivals,2026-08-05,04:10,03:47,OD120,MXD120,SYD,Sydney Kingsford Smith Airport,Batik Air,ID,A333,Airbus A330-343,9M-LFH,Landed 04:47,2026-08-06 06:02:05
KUL,arrivals,2026-08-05,04:10,03:49,MH140,MAS140,SYD,Sydney Kingsford Smith Airport,Malaysia Airlines,MH,A339,Airbus A330-941,9M-MNN,Landed 04:49,2026-08-06 06:02:05
KUL,arrivals,2026-08-05,04:10,03:44,AK22,AXM22,TRZ,Tiruchirappalli International Airport,AirAsia,AK,A320,Airbus A320-214,9M-AJT,Landed 04:44,2026-08-06 06:02:05
KUL,arrivals,2026-08-05,04:30,,YG9003,,HGH,Hangzhou Xiaoshan International Airport,YTO Cargo Airlines,YG,75F,,,Unknown,2026-08-06 06:02:05
KUL,arrivals,2026-08-05,04:30,04:11,AK38,AXM38,COK,Cochin International Airport,AirAsia,AK,A20N,Airbus A320-251N,9M-AGJ,Landed 05:11,2026-08-06 06:02:05
KUL,arrivals,2026-08-05,04:35,04:03,AK62,AXM62,CCU,Kolkata Subhas Chandra Bose International Airport,AirAsia (Universiti Teknologi Malaysia Livery),AK,A320,Airbus A320-216,9M-AJE,Landed 05:03,2026-08-06 06:02:05
KUL,arrivals,2026-08-05,04:40,04:14,OD699,MXD699,TPE,Taipei Taoyuan International Airport,Batik Air,ID,B38M,Boeing 737 MAX 8,9M-LRS,Landed 05:14,2026-08-06 06:02:05
KUL,arrivals,2026-08-05,04:40,04:18,MH115,MAS115,KTM,Kathmandu Tribhuvan International Airport,Malaysia Airlines,MH,B38M,Boeing 737 MAX 8,9M-MVM,Landed 05:18,2026-08-06 06:02:05
KUL,arrivals,2026-08-05,05:00,05:16,OD206,MXD206,DEL,Delhi Indira Gandhi International Airport,Batik Air,ID,B738,Boeing 737-8U3,9M-LDF,Landed 06:16,2026-08-06 06:02:05
KUL,arrivals,2026-08-05,05:00,04:22,NH885,ANA885,HND,Tokyo Haneda International Airport,All Nippon Airways,NH,B788,Boeing 787-8 Dreamliner,JA804A,Landed 05:22,2026-08-06 06:02:05
KUL,arrivals,2026-08-05,05:00,03:57,MU7707,CES7707,NKG,Nanjing Lukou International Airport,China Eastern Airlines,MU,A20N,Airbus A320-251N,B-302Z,Landed 04:57,2026-08-06 06:02:05
KUL,arrivals,2026-08-05,05:00,04:44,MH128,MAS128,MEL,Melbourne Airport,Malaysia Airlines,MH,A339,Airbus A330-941,9M-MNP,Landed 05:44,2026-08-06 06:02:05
KUL,arrivals,2026-08-05,05:05,06:16,FM863,CSH863,PVG,Shanghai Pudong International Airport,Shanghai Airlines,FM,B38M,Boeing 737 MAX 8,B-1259,Landed 07:16,2026-08-06 06:02:05
KUL,arrivals,2026-08-05,05:10,04:36,MH527,MAS527,TFU,Chengdu Tianfu International Airport,Malaysia Airlines,MH,B38M,Boeing 737 MAX 8,9M-MVC,Landed 05:36,2026-08-06 06:02:05
KUL,arrivals,2026-08-05,05:10,07:43,OD242,MXD242,BLR,Bengaluru Kempegowda International Airport,Batik Air,ID,B738,Boeing 737-8GP,9M-LNR,Landed 08:43,2026-08-06 06:02:05
KUL,arrivals,2026-08-05,05:10,04:41,MH21,MAS21,CDG,Paris Charles de Gaulle Airport,Malaysia Airlines (Malaysia Negaraku Livery),MH,A359,Airbus A350-941,9M-MAG,Landed 05:41,2026-08-06 06:02:05
KUL,arrivals,2026-08-05,05:10,04:50,D7601,XAX601,ALA,Almaty International Airport,AirAsia,AK,A333,Airbus A330-343,9M-XBI,Landed 05:50,2026-08-06 06:02:05
KUL,arrivals,2026-08-05,05:15,05:06,OD136,MXD136,KHI,Karachi Jinnah International Airport,Batik Air,ID,B38M,Boeing 737 MAX 8,9M-LRT,Landed 06:06,2026-08-06 06:02:05
KUL,arrivals,2026-08-05,05:15,04:34,D7523,XAX523,HND,Tokyo Haneda International Airport,AirAsia,AK,A333,Airbus A330-343,9M-XXJ,Landed 05:34,2026-08-06 06:02:05
KUL,arrivals,2026-08-05,05:20,04:58,MH178,MAS178,CMB,Colombo Bandaranaike International Airport,Malaysia Airlines,MH,B38M,Boeing 737 MAX 8,9M-MVJ,Landed 05:58,2026-08-06 06:02:05
KUL,arrivals,2026-08-05,05:20,05:17,AK12,AXM12,MAA,Chennai International Airport,AirAsia,AK,A20N,Airbus A320-251N,9M-RAM,Landed 06:17,2026-08-06 06:02:05
KUL,arrivals,2026-08-05,05:30,06:04,OD296,MXD296,MLE,Male Velana International Airport,Batik Air,ID,B738,Boeing 737-8GP,9M-LDD,Landed 07:04,2026-08-06 06:02:05
KUL,arrivals,2026-08-05,05:30,05:13,MH181,MAS181,MAA,Chennai International Airport,Malaysia Airlines,MH,B38M,Boeing 737 MAX 8,9M-MVG,Landed 06:13,2026-08-06 06:02:05
KUL,arrivals,2026-08-05,05:45,05:25,MH523,MAS523,SZX,Shenzhen Bao'an International Airport,Malaysia Airlines,MH,B38M,Boeing 737 MAX 8,9M-MVL,Landed 06:25,2026-08-06 06:02:05
KUL,arrivals,2026-08-05,05:45,05:20,D7809,XAX809,CKG,Chongqing Jiangbei International Airport,AirAsia (UFC Livery),AK,A333,Airbus A330-343,9M-XXD,Landed 06:20,2026-08-06 06:02:05
KUL,arrivals,2026-08-05,05:45,05:03,MH107,MAS107,AMD,Ahmedabad International Airport,Malaysia Airlines,MH,B38M,Boeing 737 MAX 8,9M-MVI,Landed 06:03,2026-08-06 06:02:05
KUL,arrivals,2026-08-05,05:50,05:18,MH521,MAS521,CSX,Changsha Huanghua International Airport,Malaysia Airlines,MH,B38M,Boeing 737 MAX 8,9M-MVK,Landed 06:18,2026-08-06 06:02:05
KUL,arrivals,2026-08-05,05:55,05:29,MH1137,MAS1137,PEN,Penang International Airport,Malaysia Airlines,MH,B738,Boeing 737-8H6,9M-MXX,Landed 06:29,2026-08-06 06:02:05
KUL,arrivals,2026-08-05,05:55,06:30,MH191,MAS191,DEL,Delhi Indira Gandhi International Airport,Malaysia Airlines (Malayan Tiger Livery),MH,A333,Airbus A330-323,9M-MTG,Landed 07:30,2026-08-06 06:02:05
KUL,arrivals,2026-08-05,06:00,05:42,AK6115,AXM6115,PEN,Penang International Airport,AirAsia,AK,A320,Airbus A320-216,9M-RAW,Landed 06:42,2026-08-06 06:02:05
KUL,arrivals,2026-08-05,06:00,05:52,OD161,MXD161,DAC,Dhaka Shahjalal International Airport,Batik Air,ID,B38M,Boeing 737 MAX 8,9M-LRU,Landed 06:52,2026-08-06 06:02:05
KUL,arrivals,2026-08-05,06:00,07:02,OD216,MXD216,BOM,Mumbai Chhatrapati Shivaji International Airport,Batik Air,ID,B738,Boeing 737-8GP,9M-LNQ,Landed 08:02,2026-08-06 06:02:05
KUL,arrivals,2026-08-05,06:00,05:34,AK68,AXM68,HYD,Hyderabad Rajiv Gandhi International Airport,AirAsia,AK,A20N,Airbus A320-251N,9M-AGQ,Landed 06:34,2026-08-06 06:02:05
KUL,arrivals,2026-08-05,06:10,05:54,D7213,XAX213,MEL,Melbourne Airport,AirAsia,AK,A333,Airbus A330-343,9M-XXG,Landed 06:54,2026-08-06 06:02:05
KUL,arrivals,2026-08-05,06:10,06:09,MH109,MAS109,COK,Cochin International Airport,Malaysia Airlines,MH,B38M,Boeing 737 MAX 8,9M-MVN,Landed 07:09,2026-08-06 06:02:05
KUL,arrivals,2026-08-05,06:15,06:35,TH383,RMY383,SIN,Singapore Changi Airport,Raya Airways,TH,A321,Airbus A321-231(P2F),9M-BZA,Landed 07:35,2026-08-06 06:02:05
KUL,arrivals,2026-08-05,06:15,06:11,MH185,MAS185,CCU,Kolkata Subhas Chandra Bose International Airport,Malaysia Airlines,MH,B38M,Boeing 737 MAX 8,9M-MVH,Landed 07:11,2026-08-06 06:02:05
KUL,arrivals,2026-08-05,06:15,06:41,D7331,XAX331,PVG,Shanghai Pudong International Airport,AirAsia (10 Xciting Years Livery),AK,A333,Airbus A330-343,9M-XXF,Landed 07:41,2026-08-06 06:02:05
KUL,arrivals,2026-08-05,06:15,20:33,OD132,MXD132D,LHE,Lahore Allama Iqbal International Airport,Batik Air,ID,A333,Airbus A330-343,9M-LFH,Landed 21:33,2026-08-06 06:02:05
KUL,arrivals,2026-08-05,06:15,05:43,MH3,MAS3,LHR,London Heathrow Airport,Malaysia Airlines,MH,A359,Airbus A350-941,9M-MAD,Landed 06:43,2026-08-06 06:02:05
KUL,arrivals,2026-08-05,06:20,06:25,UL318,ALK318,CMB,Colombo Bandaranaike International Airport,SriLankan Airlines (Oneworld Livery),UL,A320,Airbus A320-214,4R-ABO,Landed 07:25,2026-08-06 06:02:05
KUL,arrivals,2026-08-05,06:20,06:06,MH199,MAS199,HYD,Hyderabad Rajiv Gandhi International Airport,Malaysia Airlines,MH,B38M,Boeing 737 MAX 8,9M-MVD,Landed 07:06,2026-08-06 06:02:05
KUL,arrivals,2026-08-05,06:20,07:35,AK129,AXM129,SZX,Shenzhen Bao'an International Airport,AirAsia,AK,A20N,Airbus A320-251N,9M-AGW,Landed 08:35,2026-08-06 06:02:05
KUL,arrivals,2026-08-05,06:20,06:01,TK174,THY174,IST,Istanbul Airport,Turkish Airlines,TK,A359,Airbus A350-941,TC-LGR,Landed 07:01,2026-08-06 06:02:05
KUL,arrivals,2026-08-05,06:25,05:55,MH726,MAS726,CGK,Jakarta Soekarno Hatta International Airport,Malaysia Airlines,MH,B738,Boeing 737-8H6,9M-MXE,Landed 06:55,2026-08-06 06:02:05
KUL,arrivals,2026-08-05,06:25,06:20,MH195,MAS195,BOM,Mumbai Chhatrapati Shivaji International Airport,Malaysia Airlines (Visit Malaysia 2026 Livery),MH,A333,Airbus A330-323,9M-MTJ,Landed 07:20,2026-08-06 06:02:05
KUL,arrivals,2026-08-05,06:30,06:13,MH2547,MAS2547,KCH,Kuching International Airport,Malaysia Airlines (Malaysia Negaraku Livery),MH,B738,Boeing 737-8H6,9M-MXF,Landed 07:13,2026-08-06 06:02:05
KUL,arrivals,2026-08-05,06:30,06:27,MH193,MAS193,BLR,Bengaluru Kempegowda International Airport,Malaysia Airlines,MH,B38M,Boeing 737 MAX 8,9M-MVF,Landed 07:27,2026-08-06 06:02:05
KUL,arrivals,2026-08-05,06:35,,3U9101,,SZX,Shenzhen Bao'an International Airport,Sichuan Airlines,3U,321,,,Canceled,2026-08-06 06:02:05
KUL,arrivals,2026-08-05,06:35,06:32,MH119,MAS119,ATQ,Amritsar International Airport,Malaysia Airlines,MH,B38M,Boeing 737 MAX 8,9M-MVA,Landed 07:32,2026-08-06 06:02:05
KUL,arrivals,2026-08-05,06:40,06:23,MH602,MAS602,SIN,Singapore Changi Airport,Malaysia Airlines,MH,B738,Boeing 737-8H6,9M-MSA,Landed 07:23,2026-08-06 06:02:05
KUL,arrivals,2026-08-05,06:45,07:07,MH387,MAS387,PVG,Shanghai Pudong International Airport,Malaysia Airlines (Malaysia Negaraku Livery),MH,B738,Boeing 737-8H6,9M-MXV,Landed 08:07,2026-08-06 06:02:05
KUL,arrivals,2026-08-05,06:45,06:48,OD673,MXD673,TFU,Chengdu Tianfu International Airport,Batik Air,ID,B38M,Boeing 737 MAX 8,9M-LRD,Landed 07:48,2026-08-06 06:02:05
KUL,arrivals,2026-08-05,06:55,07:15,MH132,MAS132,AKL,Auckland Airport,Malaysia Airlines,MH,A339,Airbus A330-941,9M-MNI,Landed 08:15,2026-08-06 06:02:02
KUL,arrivals,2026-08-05,06:55,06:59,QR844,QTR90C,DOH,Doha Hamad International Airport,Qatar Airways,QR,B77W,Boeing 777-3DZ(ER),A7-BAJ,Landed 07:59,2026-08-06 06:02:02
KUL,arrivals,2026-08-05,07:00,06:55,MH197,MAS197,DAC,Dhaka Shahjalal International Airport,Malaysia Airlines (Oneworld Livery),MH,B738,Boeing 737-8H6,9M-MXC,Landed 07:55,2026-08-06 06:02:02
KUL,arrivals,2026-08-05,07:00,07:52,OD617,MXD617,PVG,Shanghai Pudong International Airport,Batik Air,ID,B738,Boeing 737-8GP,9M-LNY,Landed 08:52,2026-08-06 06:02:02
KUL,arrivals,2026-08-05,07:00,06:45,MH2637,MAS2637,BKI,Kota Kinabalu International Airport,Malaysia Airlines,MH,B738,Boeing 737-8H6,9M-MSE,Landed 07:45,2026-08-06 06:02:02
KUL,arrivals,2026-08-05,07:00,06:42,MH126,MAS126,PER,Perth Airport,Malaysia Airlines,MH,B38M,Boeing 737 MAX 8,9M-MVP,Landed 07:42,2026-08-06 06:02:02
KUL,arrivals,2026-08-05,07:05,06:50,QZ200,AWQ200,CGK,Jakarta Soekarno Hatta International Airport,AirAsia (Sustainable ASEAN Tourism Livery),AK,A320,Airbus A320-216,PK-AZS,Landed 07:50,2026-08-06 06:02:02
KUL,arrivals,2026-08-05,07:05,,AK6052,,JHB,Johor Bahru Senai International Airport,AirAsia,AK,A320,Airbus A320-216,9M-AGU,Canceled,2026-08-06 06:02:02
KUL,arrivals,2026-08-05,07:05,,AK6145,,PEN,Penang International Airport,AirAsia,AK,A320,Airbus A320-216,9M-AGU,Canceled,2026-08-06 06:02:02
KUL,arrivals,2026-08-05,07:10,06:57,SQ104,SIA104,SIN,Singapore Changi Airport,Singapore Airlines,SQ,B38M,Boeing 737 MAX 8,9V-MBJ,Landed 07:57,2026-08-06 06:02:02
KUL,arrivals,2026-08-05,07:10,06:54,QZ124,AWQ124,KNO,Medan Kuala Namu International Airport,AirAsia,AK,A320,Airbus A320-214,PK-AZI,Landed 07:54,2026-08-06 06:02:02
KUL,arrivals,2026-08-05,07:10,06:53,ID7264,BTK7264,KNO,Medan Kuala Namu International Airport,Batik Air,ID,B738,Boeing 737-8GP,PK-LZZ,Landed 07:53,2026-08-06 06:02:02
KUL,arrivals,2026-08-05,07:10,07:20,WY821,OMA821,MCT,Muscat International Airport,Oman Air,WY,B789,Boeing 787-9 Dreamliner,A4O-SJ,Landed 08:20,2026-08-06 06:02:02
KUL,arrivals,2026-08-05,07:10,06:37,TK62,THY45M,IST,Istanbul Airport,Turkish Airlines,TK,A359,Airbus A350-941,TC-LGI,Landed 07:37,2026-08-06 06:02:02
KUL,arrivals,2026-08-05,07:15,,MH6179,,CAN,Guangzhou Baiyun International Airport,Malaysia Airlines,MH,33X,,,Unknown,2026-08-06 06:02:02
KUL,arrivals,2026-08-05,07:20,07:05,8B675,TNU675,CGK,Jakarta Soekarno Hatta International Airport,TransNusa,8B,A321,Airbus A321-211,PK-TLK,Landed 08:05,2026-08-06 06:02:02
KUL,arrivals,2026-08-05,07:25,07:25,EY488,ETD73G,AUH,Abu Dhabi Zayed International Airport,Etihad Airways,EY,B789,Boeing 787-9 Dreamliner,A6-BLN,Landed 08:25,2026-08-06 06:02:02
KUL,arrivals,2026-08-05,07:35,07:11,EK344,UAE65T,DXB,Dubai International Airport,Emirates,EK,B77W,Boeing 777-31H(ER),A6-EGY,Landed 08:11,2026-08-06 06:02:02
KUL,arrivals,2026-08-05,07:40,07:25,QZ320,AWQ320,SUB,Surabaya Juanda International Airport,AirAsia (Dnars Indonesia Livery),AK,A320,Airbus A320-216,PK-AZN,Landed 08:25,2026-08-06 06:02:02
KUL,arrivals,2026-08-05,07:50,07:20,AK5231,AXM5231,KCH,Kuching International Airport,AirAsia (100th Awesome Plane Livery),AK,A320,Airbus A320-216,9M-AQH,Landed 08:20,2026-08-06 06:02:02
KUL,arrivals,2026-08-05,08:00,07:23,MY5003,BNE5003,KCH,Kuching International Airport,AirBorneo,MY,B738,Boeing 737-8U3,9M-LCZ,Landed 08:23,2026-08-06 06:02:02
KUL,arrivals,2026-08-05,08:00,08:04,AK700,AXM700,SIN,Singapore Changi Airport,AirAsia,AK,A320,Airbus A320-214,9M-RCB,Landed 09:04,2026-08-06 06:02:02
KUL,arrivals,2026-08-05,08:10,08:13,MH797,MAS797,BKK,Bangkok Suvarnabhumi Airport,Malaysia Airlines,MH,B738,Boeing 737-8H6,9M-MXY,Landed 09:13,2026-08-06 06:02:02
KUL,arrivals,2026-08-05,08:10,07:53,AK6123,AXM6123,PEN,Penang International Airport,AirAsia (Visit Truly Asia Malaysia 2020 Stickers),AK,A20N,Airbus A320-251N,9M-RAR,Landed 08:53,2026-08-06 06:02:02
KUL,arrivals,2026-08-05,08:10,08:00,G9800,ABY800,SHJ,Sharjah International Airport,Air Arabia,G9,A21N,Airbus A321-251NX(LR),A6-ATD,Landed 09:00,2026-08-06 06:02:02
KUL,arrivals,2026-08-05,08:25,,FY2721,,KBR,Kota Bharu Sultan Ismail Petra Airport,Firefly,FY,738,,,Unknown,2026-08-06 06:02:02
KUL,arrivals,2026-08-05,08:25,08:17,AK6049,AXM6049,JHB,Johor Bahru Senai International Airport,AirAsia,AK,A320,Airbus A320-216,9M-RAO,Landed 09:17,2026-08-06 06:02:02
KUL,arrivals,2026-08-05,08:30,08:09,KE381,KAL381,SIN,Singapore Changi Airport,Korean Air Cargo,KE,B744,Boeing 747-4B5F(ER),HL7602,Landed 09:09,2026-08-06 06:02:02
KUL,arrivals,2026-08-05,08:35,08:30,SQ106,SIA106,SIN,Singapore Changi Airport,Singapore Airlines,SQ,A359,Airbus A350-941,9V-SMR,Landed 09:30,2026-08-06 06:02:02
KUL,arrivals,2026-08-05,08:35,08:21,AK5111,AXM5111,BKI,Kota Kinabalu International Airport,AirAsia,AK,A21N,Airbus A321-251NX,9M-VAE,Landed 09:21,2026-08-06 06:02:02
KUL,arrivals,2026-08-05,08:40,08:24,AK6225,AXM6225,TGG,Kuala Terengganu Sultan Mahmud Airport,AirAsia,AK,A320,Airbus A320-214,9M-AFE,Landed 09:24,2026-08-06 06:02:02
KUL,arrivals,2026-08-05,08:50,08:33,AK6431,AXM6431,KBR,Kota Bharu Sultan Ismail Petra Airport,AirAsia,AK,A320,Airbus A320-214,9M-AHV,Landed 09:33,2026-08-06 06:02:02
KUL,arrivals,2026-08-05,08:50,08:28,AK6021,AXM6021,AOR,Alor Setar Sultan Abdul Halim Airport,AirAsia (WeAreAllChampions Livery),AK,A320,Airbus A320-216,9M-AQF,Landed 09:28,2026-08-06 06:02:02
KUL,arrivals,2026-08-05,09:00,08:36,AK5205,AXM5205,KCH,Kuching International Airport,AirAsia,AK,A320,Airbus A320-216,9M-AQP,Landed 09:36,2026-08-06 06:02:02
KUL,arrivals,2026-08-05,09:10,08:42,AK115,AXM115,CAN,Guangzhou Baiyun International Airport,AirAsia,AK,A320,Airbus A320-214,9M-AJG,Landed 09:42,2026-08-06 06:02:02
KUL,arrivals,2026-08-05,09:15,09:02,SQ108,SIA108,SIN,Singapore Changi Airport,Singapore Airlines,SQ,B38M,Boeing 737 MAX 8,9V-MBH,Landed 10:02,2026-08-06 06:02:02
KUL,arrivals,2026-08-05,09:20,,BI3010,,JHB,Johor Bahru Senai International Airport,Royal Brunei Airlines,BI,738,,,Unknown,2026-08-06 06:02:02
KUL,arrivals,2026-08-05,09:20,09:30,AK605,AXM605,PER,Perth Airport,AirAsia,AK,A21N,Airbus A321-251NX,9M-VAD,Landed 10:30,2026-08-06 06:02:02
KUL,arrivals,2026-08-05,09:25,08:54,KT163,KTC163,KTI,Phnom Penh Techo International Airport,AirAsia (Cambodia Livery),AK,A320,Airbus A320-214,XU-818,Landed 09:54,2026-08-06 06:02:02
KUL,arrivals,2026-08-05,09:25,09:16,MH1038,MAS1038,JHB,Johor Bahru Senai International Airport,Malaysia Airlines,MH,B738,Boeing 737-8FZ,9M-MLL,Landed 10:16,2026-08-06 06:02:02
KUL,arrivals,2026-08-05,09:25,09:18,AK702,AXM702,SIN,Singapore Changi Airport,AirAsia,AK,A320,Airbus A320-216,9M-AQS,Landed 10:18,2026-08-06 06:02:02
KUL,arrivals,2026-08-05,09:35,,MH805,,MNL,Manila Ninoy Aquino International Airport,Malaysia Airlines,MH,B738,Boeing 737-8H6,9M-MLT,Unknown,2026-08-06 06:02:02
KUL,arrivals,2026-08-05,09:35,09:27,TR450,TGW450,SIN,Singapore Changi Airport,Scoot,TR,A20N,Airbus A320-271N,9V-TNK,Landed 10:27,2026-08-06 06:02:02
KUL,arrivals,2026-08-05,09:35,09:12,OD1007,MXD1007,BKI,Kota Kinabalu International Airport,Batik Air,ID,B738,Boeing 737-8GP,9M-LNZ,Landed 10:12,2026-08-06 06:02:02
KUL,arrivals,2026-08-05,09:40,,3U9025,,CKG,Chongqing Jiangbei International Airport,Sichuan Airlines,3U,320,,,Unknown,2026-08-06 06:02:02
KUL,arrivals,2026-08-05,09:40,09:38,AK5247,AXM5247,BTU,Bintulu Airport,AirAsia (Persona 5 Royal Livery),AK,A320,Airbus A320-214,9M-AFF,Landed 10:38,2026-08-06 06:02:02
KUL,arrivals,2026-08-05,09:42,,8G921,DTL921,DIL,Dili Presidente Nicolau Lobato International Airport,Aero Dili,8G,A319,Airbus A319-115,4W-AAO,Unknown,2026-08-06 06:02:02
KUL,arrivals,2026-08-05,09:45,09:36,QZ324,AWQ324,SUB,Surabaya Juanda International Airport,AirAsia,AK,A320,Airbus A320-214,PK-AZJ,Landed 10:36,2026-08-06 06:02:02
KUL,arrivals,2026-08-05,09:50,09:37,OD2101,MXD2101,PEN,Penang International Airport,Batik Air,ID,B738,Boeing 737-86N,9M-LDP,Landed 10:37,2026-08-06 06:02:02
KUL,arrivals,2026-08-05,09:55,09:40,MH1143,MAS1143,PEN,Penang International Airport,Malaysia Airlines,MH,B738,Boeing 737-8FZ,9M-MLK,Landed 10:40,2026-08-06 06:02:02
KUL,arrivals,2026-08-05,09:55,09:32,AK5877,AXM5877,SBW,Sibu Airport,AirAsia,AK,A320,Airbus A320-216,9M-RAU,Landed 10:32,2026-08-06 06:02:02
KUL,arrivals,2026-08-05,09:55,09:24,AK471,AXM471,BTH,Batam Hang Nadim Airport,AirAsia,AK,A20N,Airbus A320-251N,9M-AGL,Landed 10:24,2026-08-06 06:02:02
KUL,arrivals,2026-08-05,10:00,09:42,AK6437,AXM6437,KBR,Kota Bharu Sultan Ismail Petra Airport,AirAsia,AK,A320,Airbus A320-214,9M-DAE,Landed 10:42,2026-08-06 06:02:02
KUL,arrivals,2026-08-05,10:05,09:34,8M501,MMA501,RGN,Yangon International Airport,Myanmar Airways International,8M,A319,Airbus A319-112,XY-ALZ,Landed 10:34,2026-08-06 06:02:02
KUL,arrivals,2026-08-05,10:10,09:44,PR525,PAL525,MNL,Manila Ninoy Aquino International Airport,Philippine Airlines,PR,A321,Airbus A321-231,RP-C9905,Landed 10:44,2026-08-06 06:02:02
KUL,arrivals,2026-08-05,10:10,10:05,MH604,MAS604,SIN,Singapore Changi Airport,Malaysia Airlines,MH,B38M,Boeing 737 MAX 8,9M-MVE,Landed 11:05,2026-08-06 06:02:02
KUL,arrivals,2026-08-05,10:10,09:52,AK6307,AXM6307,LGK,Langkawi International Airport,AirAsia,AK,A320,Airbus A320-216,9M-AQN,Landed 10:52,2026-08-06 06:02:02
KUL,arrivals,2026-08-05,10:15,09:47,BR217,EVA217,TPE,Taipei Taoyuan International Airport,EVA Air,BR,B77W,Boeing 777-35E(ER),B-16717,Landed 10:47,2026-08-06 06:02:02
KUL,arrivals,2026-08-05,10:15,10:03,AK5203,AXM5203,KCH,Kuching International Airport,AirAsia,AK,A320,Airbus A320-214,9M-RCG,Landed 11:03,2026-08-06 06:02:02
KUL,arrivals,2026-08-05,10:15,09:44,AK891,AXM891,DMK,Bangkok Don Mueang International Airport,AirAsia,AK,A320,Airbus A320-216,9M-AQO,Landed 10:44,2026-08-06 06:02:02
KUL,arrivals,2026-08-05,10:15,10:12,MH157,MAS157,JED,Jeddah King Abdulaziz International Airport,Malaysia Airlines (Malaysia Negaraku Livery),MH,A332,Airbus A330-223,9M-MTY,Landed 11:12,2026-08-06 06:02:02
KUL,arrivals,2026-08-05,10:20,,3U9003,,XIY,Xi'an Xianyang International Airport,Sichuan Airlines,3U,321,,,Unknown,2026-08-06 06:02:02
KUL,arrivals,2026-08-05,10:20,10:00,QZ120,AWQ120,KNO,Medan Kuala Namu International Airport,AirAsia,AK,A320,Airbus A320-214,PK-AZI,Landed 11:00,2026-08-06 06:02:02
KUL,arrivals,2026-08-05,10:20,10:31,OD802,MXD802,SIN,Singapore Changi Airport,Batik Air,ID,B38M,Boeing 737 MAX 8,9M-LRF,Landed 11:31,2026-08-06 06:02:02
KUL,arrivals,2026-08-05,10:25,10:15,AK704,AXM704,SIN,Singapore Changi Airport,AirAsia,AK,A21N,Airbus A321-251NX,9M-VAC,Landed 11:15,2026-08-06 06:02:02
KUL,arrivals,2026-08-05,10:25,10:23,OD337,MXD337,PKU,Pekanbaru Sultan Syarif Kasim II Airport,Batik Air,ID,B738,Boeing 737-8U3,9M-LDH,Landed 11:23,2026-08-06 06:02:02
KUL,arrivals,2026-08-05,10:25,09:48,HU755,CHH755,HAK,Haikou Meilan International Airport,Hainan Airlines,HU,B38M,Boeing 737 MAX 8,B-1390,Landed 10:48,2026-08-06 06:02:02
KUL,arrivals,2026-08-05,10:30,10:43,VJ905,VJC905,HAN,Hanoi Noi Bai International Airport,VietJet Air,VJ,A321,Airbus A321-211,VN-A698,Landed 11:43,2026-08-06 06:02:02
KUL,arrivals,2026-08-05,10:30,15:29,OD373,MXD373,DIL,Dili Presidente Nicolau Lobato International Airport,Batik Air,ID,B738,Boeing 737-8GP,9M-LNP,Landed 16:29,2026-08-06 06:02:02
KUL,arrivals,2026-08-05,10:30,10:08,OD333,MXD333,PDG,Padang Minangkabau International Airport,Batik Air,ID,B38M,Boeing 737 MAX 8,9M-LRT,Landed 11:08,2026-08-06 06:02:02
KUL,arrivals,2026-08-05,10:30,10:47,AK5109,AXM5109,BKI,Kota Kinabalu International Airport,AirAsia,AK,A20N,Airbus A320-251N,9M-AGB,Landed 11:47,2026-08-06 06:02:02
KUL,arrivals,2026-08-05,10:35,10:17,AK6041,AXM6041,JHB,Johor Bahru Senai International Airport,AirAsia,AK,A320,Airbus A320-216,9M-AGT,Landed 11:17,2026-08-06 06:02:02
KUL,arrivals,2026-08-05,10:35,10:29,AK521,AXM521,SGN,Ho Chi Minh City International Airport,AirAsia,AK,A20N,Airbus A320-251N,9M-RAB,Landed 11:29,2026-08-06 06:02:02
KUL,arrivals,2026-08-05,10:35,10:34,AK381,AXM381,CGK,Jakarta Soekarno Hatta International Airport,AirAsia (BIG Duty Free Livery),AK,A320,Airbus A320-214,9M-AHY,Landed 11:34,2026-08-06 06:02:02
KUL,arrivals,2026-08-05,10:45,10:45,MH2543,MAS2543,KCH,Kuching International Airport,Malaysia Airlines,MH,B38M,Boeing 737 MAX 8,9M-MVO,Landed 11:45,2026-08-06 06:02:02
KUL,arrivals,2026-08-05,10:50,10:38,OD1633,MXD1633,KCH,Kuching International Airport,Batik Air,ID,B738,Boeing 737-8U3,9M-LDG,Landed 11:38,2026-08-06 06:02:02
KUL,arrivals,2026-08-05,10:50,10:40,GA820,GIA820,CGK,Jakarta Soekarno Hatta International Airport,Garuda Indonesia,GA,B738,Boeing 737-8U3,PK-GMF,Landed 11:40,2026-08-06 06:02:02
KUL,arrivals,2026-08-05,10:50,11:28,RX863,RXI863,RUH,Riyadh King Khalid International Airport,Riyadh Air,RX,B789,Boeing 787-9 Dreamliner,HZ-RXAD,Landed 12:28,2026-08-06 06:02:02
KUL,arrivals,2026-08-05,10:55,10:20,AK5652,AXM5652,MYY,Miri Airport,AirAsia,AK,A320,Airbus A320-216,9M-AGP,Landed 11:20,2026-08-06 06:02:02
KUL,arrivals,2026-08-05,10:55,10:58,AK6143,AXM6143,PEN,Penang International Airport,AirAsia,AK,A20N,Airbus A320-251N,9M-AGJ,Landed 11:58,2026-08-06 06:02:02
KUL,arrivals,2026-08-05,11:00,11:05,AK5745,AXM5745,TWU,Tawau Airport,AirAsia,AK,A20N,Airbus A320-251N,9M-AGO,Landed 12:05,2026-08-06 06:02:02
KUL,arrivals,2026-08-05,11:05,10:50,CX723,CPA723,HKG,Hong Kong International Airport,Cathay Pacific,CX,A333,Airbus A330-343,B-HLR,Landed 11:50,2026-08-06 06:02:02
KUL,arrivals,2026-08-05,11:15,11:17,8M507,MMA507,RGN,Yangon International Airport,My Indo Airlines,3Y,B734,Boeing 737-42J(SF),PK-MYF,Landed 12:17,2026-08-06 06:02:02
KUL,arrivals,2026-08-05,11:15,11:08,TG415,THA415,BKK,Bangkok Suvarnabhumi Airport,Thai Airways (Star Alliance Livery),TG,A333,Airbus A330-343,HS-TEO,Landed 12:08,2026-08-06 06:02:02
KUL,arrivals,2026-08-05,11:15,10:53,OD399,MXD399,CGK,Jakarta Soekarno Hatta International Airport,Batik Air,ID,B738,Boeing 737-86N,9M-LDK,Landed 11:53,2026-08-06 06:02:02
KUL,arrivals,2026-08-05,11:15,11:01,8M503,MMA503,RGN,Yangon International Airport,Myanmar Airways International,8M,A319,Airbus A319-112,XY-ALY,Landed 12:01,2026-08-06 06:02:02
KUL,arrivals,2026-08-05,11:20,11:22,AK5193,AXM5193,SDK,Sandakan Airport,AirAsia (Resorts World Genting Livery),AK,A20N,Airbus A320-251N,9M-AGA,Landed 12:22,2026-08-06 06:02:02
KUL,arrivals,2026-08-05,11:25,11:14,MH712,MAS712,CGK,Jakarta Soekarno Hatta International Airport,Malaysia Airlines,MH,B38M,Boeing 737 MAX 8,9M-MVM,Landed 12:14,2026-08-06 06:02:02
KUL,arrivals,2026-08-05,11:25,11:03,MH614,MAS614,SIN,Singapore Changi Airport,Malaysia Airlines,MH,B38M,Boeing 737 MAX 8,9M-MVC,Landed 12:03,2026-08-06 06:02:02
KUL,arrivals,2026-08-05,11:30,11:12,MH1433,MAS1433,LGK,Langkawi International Airport,Malaysia Airlines,MH,B738,Boeing 737-8H6,9M-MXG,Landed 12:12,2026-08-06 06:02:02
KUL,arrivals,2026-08-05,11:35,11:31,VJ825,VJC825,SGN,Ho Chi Minh City International Airport,VietJet Air,VJ,A320,Airbus A320-214,VN-A656,Landed 12:31,2026-08-06 06:02:02
KUL,arrivals,2026-08-05,11:35,11:12,AK6223,AXM6223,TGG,Kuala Terengganu Sultan Mahmud Airport,AirAsia (Visit Truly Asia Malaysia 2020 Stickers),AK,A20N,Airbus A320-251N,9M-RAR,Landed 12:12,2026-08-06 06:02:02
KUL,arrivals,2026-08-05,11:40,11:21,D7701,XAX701,JED,Jeddah King Abdulaziz International Airport,AirAsia,AK,A333,Airbus A330-343,9M-XXY,Landed 12:21,2026-08-06 06:02:02
KUL,arrivals,2026-08-05,11:45,11:33,MH79,MAS079,HKG,Hong Kong International Airport,Malaysia Airlines,MH,B738,Boeing 737-8H6,9M-MSB,Landed 12:33,2026-08-06 06:02:02
KUL,arrivals,2026-08-05,11:45,11:55,CZ349,CSN349,CAN,Guangzhou Baiyun International Airport,China Southern Airlines,CZ,B789,Boeing 787-9 Dreamliner,B-20EH,Landed 12:55,2026-08-06 06:02:02
KUL,arrivals,2026-08-05,11:45,11:56,AK430,AXM430,PKU,Pekanbaru Sultan Syarif Kasim II Airport,AirAsia,AK,A320,Airbus A320-214,9M-AFE,Landed 12:56,2026-08-06 06:02:02
KUL,arrivals,2026-08-05,11:50,,FY2811,,KCH,Kuching International Airport,Firefly,FY,738,,,Unknown,2026-08-06 06:02:02
KUL,arrivals,2026-08-05,11:50,,FY2531,,BKI,Kota Kinabalu International Airport,Firefly,FY,738,,,Unknown,2026-08-06 06:02:02
KUL,arrivals,2026-08-05,11:50,12:00,AK5105,AXM5105,BKI,Kota Kinabalu International Airport,AirAsia,AK,A21N,Airbus A321-251NX,9M-XVE,Landed 13:00,2026-08-06 06:02:02
KUL,arrivals,2026-08-05,11:50,11:29,AK544,AXM544,PQC,Phu Quoc International Airport,AirAsia (General Electric Livery),AK,A320,Airbus A320-216,9M-AQB,Landed 12:29,2026-08-06 06:02:02
KUL,arrivals,2026-08-05,11:55,11:34,AK390,AXM390,KNO,Medan Kuala Namu International Airport,AirAsia,AK,A20N,Airbus A320-251N,9M-AGN,Landed 12:34,2026-08-06 06:01:58
KUL,arrivals,2026-08-05,12:00,11:21,FM7221,CSH7221,PVG,Shanghai Pudong International Airport,Shanghai Airlines,FM,B38M,Boeing 737 MAX 8,B-224D,Landed 12:21,2026-08-06 06:01:58
KUL,arrivals,2026-08-05,12:00,14:03,OD2202,MXD2202,LGK,Langkawi International Airport,Batik Air,ID,B738,Boeing 737-86N,9M-LDP,Landed 15:03,2026-08-06 06:01:58
KUL,arrivals,2026-08-05,12:00,12:11,MH787,MAS787,HKT,Phuket International Airport,Malaysia Airlines (Malaysia Negaraku Livery),MH,B738,Boeing 737-8H6,9M-MXU,Landed 13:11,2026-08-06 06:01:58
KUL,arrivals,2026-08-05,12:00,11:52,AK461,AXM461,PLM,Palembang International Airport,AirAsia,AK,A320,Airbus A320-214,9M-AJT,Landed 12:52,2026-08-06 06:01:58
KUL,arrivals,2026-08-05,12:05,11:26,HU7923,CHH7923,CKG,Chongqing Jiangbei International Airport,Hainan Airlines,HU,B38M,Boeing 737 MAX 8,B-225W,Landed 12:26,2026-08-06 06:01:58
KUL,arrivals,2026-08-05,12:05,11:36,MH159,MAS159,MED,Medina Prince Mohammad bin Abdulaziz Airport,Malaysia Airlines,MH,A333,Airbus A330-323,9M-MTN,Landed 12:36,2026-08-06 06:01:58
KUL,arrivals,2026-08-05,12:10,11:59,ID7282,BTK7282,CGK,Jakarta Soekarno Hatta International Airport,Batik Air,ID,B738,Boeing 737-8GP,PK-LZV,Landed 12:59,2026-08-06 06:01:58
KUL,arrivals,2026-08-05,12:10,12:14,OD357,MXD357,BTH,Batam Hang Nadim Airport,Batik Air,ID,B738,Boeing 737-8GP,9M-LNR,Landed 13:14,2026-08-06 06:01:58
KUL,arrivals,2026-08-05,12:15,11:49,AK706,AXM706,SIN,Singapore Changi Airport,"AirAsia (3, 2,1, Take Off Livery)",AK,A21N,Airbus A321-251NX,9M-VAA,Landed 12:49,2026-08-06 06:01:58
KUL,arrivals,2026-08-05,12:15,11:52,MH2715,MAS2715,SBW,Sibu Airport,Malaysia Airlines,MH,B738,Boeing 737-8H6,9M-MXX,Landed 12:52,2026-08-06 06:01:58
KUL,arrivals,2026-08-05,12:20,12:14,AK5233,AXM5233,KCH,Kuching International Airport,AirAsia,AK,A320,Airbus A320-216,9M-AGM,Landed 13:14,2026-08-06 06:01:58
KUL,arrivals,2026-08-05,12:20,11:45,AK881,AXM881,DMK,Bangkok Don Mueang International Airport,AirAsia (Allstars Livery),AK,A320,Airbus A320-214,9M-AFD,Landed 12:45,2026-08-06 06:01:58
KUL,arrivals,2026-08-05,12:25,12:35,CZ3047,CSN3047,CAN,Guangzhou Baiyun International Airport,China Southern Airlines,CZ,B38M,Boeing 737 MAX 8,B-225D,Landed 13:35,2026-08-06 06:01:58
KUL,arrivals,2026-08-05,12:25,11:57,MH628,MAS628,SIN,Singapore Changi Airport,Malaysia Airlines (Malaysia Negaraku Livery),MH,B738,Boeing 737-8H6,9M-MXV,Landed 12:57,2026-08-06 06:01:58
KUL,arrivals,2026-08-05,12:25,12:07,CI721,CAL721,TPE,Taipei Taoyuan International Airport,China Airlines,CI,B77W,Boeing 777-309(ER),B-18001,Landed 13:07,2026-08-06 06:01:58
KUL,arrivals,2026-08-05,12:30,12:26,VJ1813,VJC1813,SGN,Ho Chi Minh City International Airport,VietJet Air,VJ,A321,Airbus A321-211,VN-A637,Landed 13:26,2026-08-06 06:01:58
KUL,arrivals,2026-08-05,12:30,12:51,OD1003,MXD1003,BKI,Kota Kinabalu International Airport,Batik Air,ID,B38M,Boeing 737 MAX 8,9M-LRS,Landed 13:51,2026-08-06 06:01:58
KUL,arrivals,2026-08-05,12:30,14:25,OD804,MXD804,SIN,Singapore Changi Airport,Batik Air,ID,B738,Boeing 737-8U3,9M-LDH,Landed 15:25,2026-08-06 06:01:58
KUL,arrivals,2026-08-05,12:30,12:33,AK5107,AXM5107,BKI,Kota Kinabalu International Airport,AirAsia,AK,A20N,Airbus A320-251N,9M-AGG,Landed 13:33,2026-08-06 06:01:58
KUL,arrivals,2026-08-05,12:35,12:30,SQ114,SIA114,SIN,Singapore Changi Airport,Singapore Airlines,SQ,B38M,Boeing 737 MAX 8,9V-MBJ,Landed 13:30,2026-08-06 06:01:58
KUL,arrivals,2026-08-05,12:40,12:40,IU168,SJV168,BTJ,Banda Aceh International Airport,Super Air Jet,IU,A320,Airbus A320-232,PK-STZ,Landed 13:40,2026-08-06 06:01:58
KUL,arrivals,2026-08-05,12:40,12:57,MF847,CXA847,XMN,Xiamen Gaoqi International Airport,Xiamen Air,MF,B738,Boeing 737-85C,B-5499,Landed 13:57,2026-08-06 06:01:58
KUL,arrivals,2026-08-05,12:45,13:05,AK491,AXM491,PNK,Pontianak Supadio Airport,AirAsia,AK,A320,Airbus A320-214,9M-RCB,Landed 14:05,2026-08-06 06:01:58
KUL,arrivals,2026-08-05,12:45,12:32,ID7250,BTK7250,SUB,Surabaya Juanda International Airport,Batik Air,ID,B738,Boeing 737-8U3,PK-BGF,Landed 13:32,2026-08-06 06:01:58
KUL,arrivals,2026-08-05,12:45,12:37,AK833,AXM833,HKT,Phuket International Airport,AirAsia,AK,A320,Airbus A320-216,9M-RAO,Landed 13:37,2026-08-06 06:01:58
KUL,arrivals,2026-08-05,12:50,12:48,MH2661,MAS2661,TWU,Tawau Airport,Malaysia Airlines,MH,B738,Boeing 737-8H6,9M-MLT,Landed 13:48,2026-08-06 06:01:58
KUL,arrivals,2026-08-05,12:50,13:20,MH2609,MAS2609,LBU,Labuan Airport,Malaysia Airlines,MH,B738,Boeing 737-8H6,9M-MXN,Landed 14:20,2026-08-06 06:01:58
KUL,arrivals,2026-08-05,12:50,12:20,MH846,MAS846,UPG,Makassar Sultan Hasanuddin International Airport,Malaysia Airlines,MH,B738,Boeing 737-8H6,9M-MXW,Landed 13:20,2026-08-06 06:01:58
KUL,arrivals,2026-08-05,12:50,12:51,AK6321,AXM6321,LGK,Langkawi International Airport,AirAsia (Sarawak Livery),AK,A320,Airbus A320-216,9M-AJD,Landed 13:51,2026-08-06 06:01:58
KUL,arrivals,2026-08-05,12:55,12:42,MH751,MAS751,SGN,Ho Chi Minh City International Airport,Malaysia Airlines,MH,B38M,Boeing 737 MAX 8,9M-MVI,Landed 13:42,2026-08-06 06:01:58
KUL,arrivals,2026-08-05,13:00,12:44,UL314,AKL314,CMB,Colombo Bandaranaike International Airport,SriLankan Airlines,UL,A21N,Airbus A321-251N,4R-ANC,Landed 13:44,2026-08-06 06:01:58
KUL,arrivals,2026-08-05,13:00,12:52,MH755,MAS755,KTI,Phnom Penh Techo International Airport,Malaysia Airlines,MH,B738,Boeing 737-8H6,9M-MLU,Landed 13:52,2026-08-06 06:01:58
KUL,arrivals,2026-08-05,13:00,12:45,AK5873,AXM5873,SBW,Sibu Airport,AirAsia,AK,A20N,Airbus A320-251N,9M-AGE,Landed 13:45,2026-08-06 06:01:58
KUL,arrivals,2026-08-05,13:00,13:05,OD702,MXD702,JED,Jeddah King Abdulaziz International Airport,Batik Air,ID,A333,Airbus A330-343,9M-LFC,Landed 14:05,2026-08-06 06:01:58
KUL,arrivals,2026-08-05,13:05,12:57,AK407,AXM407,PDG,Padang Minangkabau International Airport,AirAsia (WeAreAllChampions Livery),AK,A320,Airbus A320-216,9M-AQF,Landed 13:57,2026-08-06 06:01:58
KUL,arrivals,2026-08-05,13:10,13:10,MH2621,MAS2621,BKI,Kota Kinabalu International Airport,Malaysia Airlines,MH,B738,Boeing 737-8H6,9M-MXB,Landed 14:10,2026-08-06 06:01:58
KUL,arrivals,2026-08-05,13:10,13:08,AK867,AXM867,KBV,Krabi Airport,AirAsia,AK,A320,Airbus A320-216,9M-AQS,Landed 14:08,2026-08-06 06:01:58
KUL,arrivals,2026-08-05,13:10,12:59,8B673,TNU673,CGK,Jakarta Soekarno Hatta International Airport,TransNusa,8B,A321,Airbus A321-211,PK-TLK,Landed 13:59,2026-08-06 06:01:58
KUL,arrivals,2026-08-05,13:15,13:58,QR854,QTR854,DOH,Doha Hamad International Airport,Qatar Airways,QR,B788,Boeing 787-8 Dreamliner,A7-BCD,Landed 14:58,2026-08-06 06:01:58
KUL,arrivals,2026-08-05,13:15,13:36,MH785,MAS785,BKK,Bangkok Suvarnabhumi Airport,Malaysia Airlines,MH,B38M,Boeing 737 MAX 8,9M-MVR,Landed 14:36,2026-08-06 06:01:58
KUL,arrivals,2026-08-05,13:20,13:31,MU5095,CES5095,HGH,Hangzhou Xiaoshan International Airport,China Eastern Airlines,MU,A20N,Airbus A320-251N,B-325R,Landed 14:31,2026-08-06 06:01:58
KUL,arrivals,2026-08-05,13:20,13:15,BS315,UBG315,DAC,Dhaka Shahjalal International Airport,US-Bangla Airlines,BS,A333,Airbus A330-343,S2-ALB,Landed 14:15,2026-08-06 06:01:58
KUL,arrivals,2026-08-05,13:20,13:24,MH710,MAS710,CGK,Jakarta Soekarno Hatta International Airport,Malaysia Airlines,MH,B738,Boeing 737-8H6,9M-MLP,Landed 14:24,2026-08-06 06:01:58
KUL,arrivals,2026-08-05,13:20,13:02,3U3995,CSC3995,TFU,Chengdu Tianfu International Airport,Sichuan Airlines,3U,A21N,Airbus A321-271N,B-302Q,Landed 14:02,2026-08-06 06:01:58
KUL,arrivals,2026-08-05,13:25,13:18,FD308,AIQ308,HDY,Hat Yai International Airport,AirAsia (Sustainable ASEAN Tourism Livery),AK,A320,Airbus A320-216,HS-BBJ,Landed 14:18,2026-08-06 06:01:58
KUL,arrivals,2026-08-05,13:25,13:01,AK6125,AXM6125,PEN,Penang International Airport,AirAsia (Persona 5 Royal Livery),AK,A320,Airbus A320-214,9M-AFF,Landed 14:01,2026-08-06 06:01:58
KUL,arrivals,2026-08-05,13:25,13:08,JT2160,LNI2160,PKU,Pekanbaru Sultan Syarif Kasim II Airport,Lion Air,JT,B738,Boeing 737-8GP,PK-LOQ,Landed 14:08,2026-08-06 06:01:58
KUL,arrivals,2026-08-05,13:25,13:27,EK346,UAE15K,DXB,Dubai International Airport,Emirates,EK,B77W,Boeing 777-31H(ER),A6-ENR,Landed 14:27,2026-08-06 06:01:58
KUL,arrivals,2026-08-05,13:25,13:13,AK6305,AXM6305,LGK,Langkawi International Airport,AirAsia,AK,A320,Airbus A320-214,9M-AJG,Landed 14:13,2026-08-06 06:01:58
KUL,arrivals,2026-08-05,13:30,,MH7573,,MYY,Miri Airport,Malaysia Airlines,MH,B738,Boeing 737-8H6,9M-MXE,Unknown,2026-08-06 06:01:58
KUL,arrivals,2026-08-05,13:30,13:12,MH2575,MAS2575,MYY,Miri Airport,Malaysia Airlines,MH,B738,Boeing 737-8H6,9M-MXE,Landed 14:12,2026-08-06 06:01:58
KUL,arrivals,2026-08-05,13:30,13:15,MH146,MAS146,MEL,Melbourne Airport,Malaysia Airlines,MH,A339,Airbus A330-941,9M-MNH,Landed 14:15,2026-08-06 06:01:58
KUL,arrivals,2026-08-05,13:30,12:56,JT156,LNI156,PDG,Padang Minangkabau International Airport,Lion Air,JT,B739,Boeing 737-9GP(ER),PK-LSJ,Landed 13:56,2026-08-06 06:01:58
KUL,arrivals,2026-08-05,13:30,13:25,AK5199,AXM5199,SDK,Sandakan Airport,"AirAsia (Still Winning, Still Gold livery)",AK,A20N,Airbus A320-251N,9M-RAQ,Landed 14:25,2026-08-06 06:01:58
KUL,arrivals,2026-08-05,13:30,13:32,AK305,AXM305,LOP,Lombok International Airport,AirAsia,AK,A20N,Airbus A320-251N,9M-AGS,Landed 14:32,2026-08-06 06:01:58
KUL,arrivals,2026-08-05,13:35,13:22,MH1145,MAS1145,PEN,Penang International Airport,Malaysia Airlines,MH,B738,Boeing 737-8FZ,9M-FFF,Landed 14:22,2026-08-06 06:01:58
KUL,arrivals,2026-08-05,13:35,13:11,AK10,AXM10,MAA,Chennai International Airport,AirAsia,AK,A20N,Airbus A320-251N,9M-RAL,Landed 14:11,2026-08-06 06:01:58
KUL,arrivals,2026-08-05,13:40,13:48,AK710,AXM710,SIN,Singapore Changi Airport,AirAsia,AK,A320,Airbus A320-214,9M-DAE,Landed 14:48,2026-08-06 06:01:58
KUL,arrivals,2026-08-05,13:40,13:50,MF8677,CXA8677,HGH,Hangzhou Xiaoshan International Airport,Xiamen Air,MF,B738,Boeing 737-85C,B-1915,Landed 14:50,2026-08-06 06:01:58
KUL,arrivals,2026-08-05,13:40,13:33,MU873,CES873,KMG,Kunming Changshui International Airport,China Eastern Airlines,MU,A20N,Airbus A320-251N,B-304C,Landed 14:33,2026-08-06 06:01:58
KUL,arrivals,2026-08-05,13:40,14:00,CZ5031,CSN5031,SZX,Shenzhen Bao'an International Airport,China Southern Airlines,CZ,A21N,Airbus A321-251NX,B-32L1,Landed 15:00,2026-08-06 06:01:58
KUL,arrivals,2026-08-05,13:40,13:37,AK6443,AXM6443,KBR,Kota Bharu Sultan Ismail Petra Airport,AirAsia,AK,A320,Airbus A320-214,9M-RCG,Landed 14:37,2026-08-06 06:01:58
KUL,arrivals,2026-08-05,13:40,13:39,AK113,AXM113,CAN,Guangzhou Baiyun International Airport,AirAsia (Longjack Orang Kampung Livery),AK,A320,Airbus A320-216,9M-AJA,Landed 14:39,2026-08-06 06:01:58
KUL,arrivals,2026-08-05,13:45,13:58,AK451,AXM451,SRG,Semarang Achmad Yani International Airport,AirAsia (Universiti Putra Malaysia Livery),AK,A320,Airbus A320-216,9M-AQD,Landed 14:58,2026-08-06 06:01:58
KUL,arrivals,2026-08-05,13:50,13:42,MY5005,BNE5005,KCH,Kuching International Airport,AirBorneo,MY,B738,Boeing 737-8U3,9M-LCV,Landed 14:42,2026-08-06 06:01:58
KUL,arrivals,2026-08-05,13:50,14:11,FM885,CSH885,PVG,Shanghai Pudong International Airport,Shanghai Airlines,FM,B789,Boeing 787-9 Dreamliner,B-20EV,Landed 15:11,2026-08-06 06:01:58
KUL,arrivals,2026-08-05,13:50,14:27,JT160,LNI160,PKU,Pekanbaru Sultan Syarif Kasim II Airport,Lion Air,JT,B739,Boeing 737-9GP(ER),PK-LQS,Landed 15:27,2026-08-06 06:01:58
KUL,arrivals,2026-08-05,13:55,13:55,QZ204,AWQ204,CGK,Jakarta Soekarno Hatta International Airport,AirAsia,AK,A320,Airbus A320-216,PK-AZO,Landed 14:55,2026-08-06 06:01:58
KUL,arrivals,2026-08-05,13:55,13:49,AK5747,AXM5747,TWU,Tawau Airport,AirAsia,AK,A320,Airbus A320-216,9M-RAD,Landed 14:49,2026-08-06 06:01:58
KUL,arrivals,2026-08-05,14:00,13:52,QZ322,AWQ322,SUB,Surabaya Juanda International Airport,AirAsia (Dnars Indonesia Livery),AK,A320,Airbus A320-216,PK-AZN,Landed 14:52,2026-08-06 06:01:58
KUL,arrivals,2026-08-05,14:00,14:09,MH1447,MAS1447,LGK,Langkawi International Airport,Malaysia Airlines,MH,B738,Boeing 737-8FZ,9M-MLK,Landed 15:09,2026-08-06 06:01:58
KUL,arrivals,2026-08-05,14:00,14:07,MH134,MAS134,BNE,Brisbane Airport,Malaysia Airlines,MH,A333,Airbus A330-323,9M-MTI,Landed 15:07,2026-08-06 06:01:58
KUL,arrivals,2026-08-05,14:00,13:34,QZ128,AWQ128,KNO,Medan Kuala Namu International Airport,AirAsia,AK,A320,Airbus A320-214,PK-AZI,Landed 14:34,2026-08-06 06:01:58
KUL,arrivals,2026-08-05,14:00,14:40,OD2204,MXD2204,LGK,Langkawi International Airport,Batik Air,ID,B738,Boeing 737-8U3,9M-LDG,Landed 15:40,2026-08-06 06:01:58
KUL,arrivals,2026-08-05,14:00,15:19,MH606,MAS606,SIN,Singapore Changi Airport,Malaysia Airlines,MH,B38M,Boeing 737 MAX 8,9M-MVB,Landed 16:19,2026-08-06 06:01:58
KUL,arrivals,2026-08-05,14:00,13:53,MF8723,CXA8723,JJN,Quanzhou Jinjiang Airport,Xiamen Air,MF,B738,Boeing 737-85C,B-6490,Landed 14:53,2026-08-06 06:01:58
KUL,arrivals,2026-08-05,14:05,13:56,OD523,MXD523,DMK,Bangkok Don Mueang International Airport,Batik Air,ID,B738,Boeing 737-8GP,9M-LDD,Landed 14:56,2026-08-06 06:01:58
KUL,arrivals,2026-08-05,14:05,13:40,OD192,MXD192,DPS,Denpasar Ngurah Rai International Airport,Batik Air,ID,B738,Boeing 737-86N,9M-LDT,Landed 14:40,2026-08-06 06:01:58
KUL,arrivals,2026-08-05,14:10,14:02,AK643,AXM643,DAD,Da Nang International Airport,AirAsia,AK,A320,Airbus A320-216,9M-RAE,Landed 15:02,2026-08-06 06:01:58
KUL,arrivals,2026-08-05,14:10,13:44,OD861,MXD861,KIX,Osaka Kansai International Airport,Batik Air,ID,B38M,Boeing 737 MAX 8,9M-LRJ,Landed 14:44,2026-08-06 06:01:58
KUL,arrivals,2026-08-05,14:15,14:21,QR852,QTR73P,DOH,Doha Hamad International Airport,Qatar Airways,QR,B77W,Boeing 777-3DZ(ER),A7-BAW,Landed 15:21,2026-08-06 06:01:58
KUL,arrivals,2026-08-05,14:15,14:05,JT164,LNI164,LOP,Lombok International Airport,Lion Air,JT,B739,Boeing 737-9GP(ER),PK-LHQ,Landed 15:05,2026-08-06 06:01:58
KUL,arrivals,2026-08-05,14:15,14:35,AK347,AXM347,YIA,Yogyakarta International Airport,AirAsia (Let’s Fly To Terengganu Livery),AK,A320,Airbus A320-216,9M-AJS,Landed 15:35,2026-08-06 06:01:58
KUL,arrivals,2026-08-05,14:20,14:18,MH2611,MAS2611,BKI,Kota Kinabalu International Airport,Malaysia Airlines (Malaysia Negaraku Livery),MH,B738,Boeing 737-8H6,9M-MXF,Landed 15:18,2026-08-06 06:01:58
KUL,arrivals,2026-08-05,14:20,14:30,KT165,KTC165,KTI,Phnom Penh Techo International Airport,AirAsia (Cambodia Livery),AK,A320,Airbus A320-214,XU-818,Landed 15:30,2026-08-06 06:01:58
KUL,arrivals,2026-08-05,14:20,14:13,RY6607,CJX6607,KHN,Nanchang Changbei International Airport,Jiangxi Air,RY,B738,Boeing 737-85C,B-5512,Landed 15:13,2026-08-06 06:01:58
KUL,arrivals,2026-08-05,14:20,14:53,OD2103,MXD2103,PEN,Penang International Airport,Batik Air,ID,B738,Boeing 737-86N,9M-LDK,Landed 15:53,2026-08-06 06:01:58
KUL,arrivals,2026-08-05,14:20,14:15,AK712,AXM712,SIN,Singapore Changi Airport,AirAsia (Save Our Malayan Tiger Livery),AK,A320,Airbus A320-216,9M-AQZ,Landed 15:15,2026-08-06 06:01:58
KUL,arrivals,2026-08-05,14:25,13:47,OD1723,MXD1723,BTU,Bintulu Airport,Batik Air (Visit Malaysia Truly Asia 2026 Livery),ID,B38M,Boeing 737 MAX 8,9M-LRM,Landed 14:47,2026-08-06 06:01:58
KUL,arrivals,2026-08-05,14:25,14:20,MH2513,MAS2513,KCH,Kuching International Airport,Malaysia Airlines,MH,B738,Boeing 737-8H6,9M-MXL,Landed 15:20,2026-08-06 06:01:58
KUL,arrivals,2026-08-05,14:30,,FY3611,,KBV,Krabi Airport,Firefly,FY,738,,,Unknown,2026-08-06 06:01:58
KUL,arrivals,2026-08-05,14:30,14:23,AK5113,AXM5113,BKI,Kota Kinabalu International Airport,AirAsia,AK,A20N,Airbus A320-251N,9M-RAP,Landed 15:23,2026-08-06 06:01:58
KUL,arrivals,2026-08-05,14:35,14:31,OD178,MXD178,DPS,Denpasar Ngurah Rai International Airport,Batik Air,ID,B38M,Boeing 737 MAX 8,9M-LRW,Landed 15:31,2026-08-06 06:01:58
KUL,arrivals,2026-08-05,14:35,14:07,AK6325,AXM6325,LGK,Langkawi International Airport,AirAsia,AK,A320,Airbus A320-216,9M-AQO,Landed 15:07,2026-08-06 06:01:58
KUL,arrivals,2026-08-05,14:35,15:26,AK127,AXM127,SZX,Shenzhen Bao'an International Airport,AirAsia,AK,A21N,Airbus A321-251NX,9M-VAH,Landed 16:26,2026-08-06 06:01:58
KUL,arrivals,2026-08-05,14:40,,O3309,,SZX,Shenzhen Bao'an International Airport,SF Airlines,O3,73F,,,Unknown,2026-08-06 06:01:58
KUL,arrivals,2026-08-05,14:40,16:08,OD706,MXD706,JED,Jeddah King Abdulaziz International Airport,Batik Air,ID,A333,Airbus A330-343,9M-LFJ,Landed 17:08,2026-08-06 06:01:58
KUL,arrivals,2026-08-05,14:40,14:29,CZ8011,CSN8011,CAN,Guangzhou Baiyun International Airport,China Southern Airlines,CZ,B38M,Boeing 737 MAX 8,B-205L,Landed 15:29,2026-08-06 06:01:58
KUL,arrivals,2026-08-05,14:40,14:19,AK529,AXM529,SGN,Ho Chi Minh City International Airport,AirAsia (HYROX Livery),AK,A320,Airbus A320-216,9M-AHR,Landed 15:19,2026-08-06 06:01:58
KUL,arrivals,2026-08-05,14:45,14:37,SQ116,SIA116,SIN,Singapore Changi Airport,Singapore Airlines,SQ,B38M,Boeing 737 MAX 8,9V-MBA,Landed 15:37,2026-08-06 06:01:55
KUL,arrivals,2026-08-05,14:45,14:15,MH53,MAS53,KIX,Osaka Kansai International Airport,Malaysia Airlines,MH,A332,Airbus A330-223,9M-MTW,Landed 15:15,2026-08-06 06:01:55
KUL,arrivals,2026-08-05,14:50,14:50,MH1209,MAS1209,AOR,Alor Setar Sultan Abdul Halim Airport,Malaysia Airlines,MH,B738,Boeing 737-8FZ,9M-MLL,Landed 15:50,2026-08-06 06:01:55
KUL,arrivals,2026-08-05,14:55,15:05,SV834,SVA834,JED,Jeddah King Abdulaziz International Airport,Saudia (The Red Sea Stickers),SV,B78X,Boeing 787-10 Dreamliner,HZ-AR33,Landed 16:05,2026-08-06 06:01:55
KUL,arrivals,2026-08-05,14:55,15:43,OD158,MXD158,DPS,Denpasar Ngurah Rai International Airport,Batik Air,ID,B38M,Boeing 737 MAX 8,9M-LRP,Landed 16:43,2026-08-06 06:01:55
KUL,arrivals,2026-08-05,14:55,14:38,AK139,AXM139,HKG,Hong Kong International Airport,AirAsia,AK,A320,Airbus A320-216,9M-RAA,Landed 15:38,2026-08-06 06:01:55
KUL,arrivals,2026-08-05,15:00,15:02,MH250,MAS250,SYD,Sydney Kingsford Smith Airport,Malaysia Airlines,MH,A339,Airbus A330-941,9M-MNJ,Landed 16:02,2026-08-06 06:01:55
KUL,arrivals,2026-08-05,15:00,15:08,OD541,MXD541,HKT,Phuket International Airport,Batik Air,ID,B38M,Boeing 737 MAX 8,9M-LRF,Landed 16:08,2026-08-06 06:01:55
KUL,arrivals,2026-08-05,15:00,15:26,OD307,MXD307,DPS,Denpasar Ngurah Rai International Airport,Batik Air,ID,B738,Boeing 737-8U3,9M-LDF,Landed 16:26,2026-08-06 06:01:55
KUL,arrivals,2026-08-05,15:00,14:59,MH714,MAS714,DPS,Denpasar Ngurah Rai International Airport,Malaysia Airlines,MH,A339,Airbus A330-941,9M-MNN,Landed 15:59,2026-08-06 06:01:55
KUL,arrivals,2026-08-05,15:00,14:46,MH138,MAS138,ADL,Adelaide Airport,Malaysia Airlines,MH,A339,Airbus A330-941,9M-MNM,Landed 15:46,2026-08-06 06:01:55
KUL,arrivals,2026-08-05,15:00,14:56,AK6117,AXM6117,PEN,Penang International Airport,AirAsia,AK,A21N,Airbus A321-251NX,9M-XVE,Landed 15:56,2026-08-06 06:01:55
KUL,arrivals,2026-08-05,15:00,15:10,AK5643,AXM5643,MYY,Miri Airport,AirAsia,AK,A320,Airbus A320-214,9M-AHV,Landed 16:10,2026-08-06 06:01:55
KUL,arrivals,2026-08-05,15:05,15:21,8B677,TNU677,CGK,Jakarta Soekarno Hatta International Airport,TransNusa,8B,A321,Airbus A321-211,PK-TLG,Landed 16:21,2026-08-06 06:01:55
KUL,arrivals,2026-08-05,15:05,14:48,MH1427,MAS1427,KBR,Kota Bharu Sultan Ismail Petra Airport,Malaysia Airlines,MH,B738,Boeing 737-8H6,9M-MLN,Landed 15:48,2026-08-06 06:01:55
KUL,arrivals,2026-08-05,15:05,15:13,CZ8097,CSN8097,SZX,Shenzhen Bao'an International Airport,China Southern Airlines,CZ,A21N,Airbus A321-253NX,B-30E2,Landed 16:13,2026-08-06 06:01:55
KUL,arrivals,2026-08-05,15:05,14:48,AK365,AXM365,DPS,Denpasar Ngurah Rai International Airport,AirAsia,AK,A21N,Airbus A321-251NX,9M-VAB,Landed 15:48,2026-08-06 06:01:55
KUL,arrivals,2026-08-05,15:10,14:43,JX725,SJX725,TPE,Taipei Taoyuan International Airport,STARLUX,JX,A21N,Airbus A321-252NX,B-58201,Landed 15:43,2026-08-06 06:01:55
KUL,arrivals,2026-08-05,15:10,15:16,AK825,AXM825,HKT,Phuket International Airport,AirAsia (BIG Duty Free Livery),AK,A320,Airbus A320-214,9M-AHY,Landed 16:16,2026-08-06 06:01:55
KUL,arrivals,2026-08-05,15:15,14:57,MH1437,MAS1437,LGK,Langkawi International Airport,Malaysia Airlines,MH,B38M,Boeing 737 MAX 8,9M-MVO,Landed 15:57,2026-08-06 06:01:55
KUL,arrivals,2026-08-05,15:15,15:06,AK352,AXM352,CGK,Jakarta Soekarno Hatta International Airport,AirAsia,AK,A20N,Airbus A320-251N,9M-RAM,Landed 16:06,2026-08-06 06:01:55
KUL,arrivals,2026-08-05,15:20,,FY2693,,TGG,Kuala Terengganu Sultan Mahmud Airport,Firefly,FY,738,,,Unknown,2026-08-06 06:01:55
KUL,arrivals,2026-08-05,15:20,15:10,OD172,MXD172,DPS,Denpasar Ngurah Rai International Airport,Batik Air (Visit Malaysia Truly Asia 2026 Livery),ID,B38M,Boeing 737 MAX 8,9M-LRL,Landed 16:10,2026-08-06 06:01:55
KUL,arrivals,2026-08-05,15:20,,ID7268,,LOP,Lombok International Airport,Batik Air,ID,738,,,Unknown,2026-08-06 06:01:55
KUL,arrivals,2026-08-05,15:20,15:30,AK6043,AXM6043,JHB,Johor Bahru Senai International Airport,AirAsia,AK,A320,Airbus A320-216,9M-AJY,Landed 16:30,2026-08-06 06:01:55
KUL,arrivals,2026-08-05,15:25,16:10,AK5209,AXM5209,KCH,Kuching International Airport,AirAsia,AK,A20N,Airbus A320-251N,9M-AGW,Landed 17:10,2026-08-06 06:01:55
KUL,arrivals,2026-08-05,15:25,15:19,AK6319,AXM6319,LGK,Langkawi International Airport,AirAsia,AK,A320,Airbus A320-214,9M-AJT,Landed 16:19,2026-08-06 06:01:55
KUL,arrivals,2026-08-05,15:25,15:13,AK265,AXM265,KOS,Sihanoukville International Airport,AirAsia,AK,A320,Airbus A320-216,9M-AJZ,Landed 16:13,2026-08-06 06:01:55
KUL,arrivals,2026-08-05,15:28,,MH606,,SIN,Singapore Changi Airport,Malaysia Airlines,MH,B38M,Boeing 737 MAX 8,9M-MVB,Unknown,2026-08-06 06:01:55
KUL,arrivals,2026-08-05,15:30,14:55,MH319,MAS319,PKX,Beijing Daxing International Airport,Malaysia Airlines (Oneworld Livery),MH,A333,Airbus A330-323,9M-MTE,Landed 15:55,2026-08-06 06:01:55
KUL,arrivals,2026-08-05,15:35,16:33,MH67,MAS067,ICN,Seoul Incheon International Airport,Malaysia Airlines,MH,A333,Airbus A330-323,9M-MTB,Landed 17:33,2026-08-06 06:01:55
KUL,arrivals,2026-08-05,15:35,15:16,MH773,MAS773,CNX,Chiang Mai International Airport,Malaysia Airlines (Oneworld Livery),MH,B738,Boeing 737-8H6,9M-MXC,Landed 16:16,2026-08-06 06:01:55
KUL,arrivals,2026-08-05,15:40,17:16,OD503,MXD503,DAD,Da Nang International Airport,Batik Air,ID,B738,Boeing 737-8GP,9M-LNY,Landed 18:16,2026-08-06 06:01:55
KUL,arrivals,2026-08-05,15:40,15:31,MH795,MAS795,HKT,Phuket International Airport,Malaysia Airlines,MH,B738,Boeing 737-8H6,9M-MXO,Landed 16:31,2026-08-06 06:01:55
KUL,arrivals,2026-08-05,15:40,15:40,CX725,CPA725,HKG,Hong Kong International Airport,Cathay Pacific,CX,A333,Airbus A330-343,B-LAM,Landed 16:40,2026-08-06 06:01:55
KUL,arrivals,2026-08-05,15:40,15:23,AK6229,AXM6229,TGG,Kuala Terengganu Sultan Mahmud Airport,AirAsia,AK,A320,Airbus A320-216,9M-AGP,Landed 16:23,2026-08-06 06:01:55
KUL,arrivals,2026-08-05,15:45,15:24,MH89,MAS89,NRT,Tokyo Narita International Airport,Malaysia Airlines,MH,A339,Airbus A330-941,9M-MNK,Landed 16:24,2026-08-06 06:01:55
KUL,arrivals,2026-08-05,15:45,15:45,MF897,CXA897,FOC,Fuzhou Changle International Airport,Xiamen Air,MF,B738,Boeing 737-85C,B-1964,Landed 16:45,2026-08-06 06:01:55
KUL,arrivals,2026-08-05,15:50,16:01,MH807,MAS807,MNL,Manila Ninoy Aquino International Airport,Malaysia Airlines,MH,B38M,Boeing 737 MAX 8,9M-MVJ,Landed 17:01,2026-08-06 06:01:55
KUL,arrivals,2026-08-05,15:50,15:44,AK6441,AXM6441,KBR,Kota Bharu Sultan Ismail Petra Airport,AirAsia (Resorts World Genting Livery),AK,A20N,Airbus A320-251N,9M-AGA,Landed 16:44,2026-08-06 06:01:55
KUL,arrivals,2026-08-05,15:55,,MH6171,,PVG,Shanghai Pudong International Airport,Malaysia Airlines,MH,33X,,,Unknown,2026-08-06 06:01:55
KUL,arrivals,2026-08-05,15:55,15:57,MH1149,MAS1149,PEN,Penang International Airport,Malaysia Airlines,MH,B738,Boeing 737-8H6,9M-MSB,Landed 16:57,2026-08-06 06:01:55
KUL,arrivals,2026-08-05,15:55,15:54,AK883,AXM883,DMK,Bangkok Don Mueang International Airport,AirAsia,AK,A21N,Airbus A321-251NX,9M-VAD,Landed 16:54,2026-08-06 06:01:55
KUL,arrivals,2026-08-05,15:55,15:33,OD873,MXD873,NRT,Tokyo Narita International Airport,Batik Air,ID,A333,Airbus A330-343,9M-LFF,Landed 16:33,2026-08-06 06:01:55
KUL,arrivals,2026-08-05,15:55,15:59,MH2521,MAS2521,KCH,Kuching International Airport,Malaysia Airlines,MH,B38M,Boeing 737 MAX 8,9M-MVE,Landed 16:59,2026-08-06 06:01:55
KUL,arrivals,2026-08-05,15:55,15:38,MH624,MAS624,SIN,Singapore Changi Airport,Malaysia Airlines,MH,B738,Boeing 737-8H6,9M-MXG,Landed 16:38,2026-08-06 06:01:55
KUL,arrivals,2026-08-05,16:00,15:48,CZ8301,CSN8301,CAN,Guangzhou Baiyun International Airport,China Southern Airlines,CZ,B38M,Boeing 737 MAX 8,B-20CA,Landed 16:48,2026-08-06 06:01:55
KUL,arrivals,2026-08-05,16:00,15:42,AK546,AXM546,PQC,Phu Quoc International Airport,AirAsia,AK,A20N,Airbus A320-251N,9M-AGJ,Landed 16:42,2026-08-06 06:01:55
KUL,arrivals,2026-08-05,16:00,16:13,AK396,AXM396,KNO,Medan Kuala Namu International Airport,AirAsia (WeAreAllChampions Livery),AK,A320,Airbus A320-216,9M-AQF,Landed 17:13,2026-08-06 06:01:55
KUL,arrivals,2026-08-05,16:05,15:47,AK6131,AXM6131,PEN,Penang International Airport,AirAsia,AK,A320,Airbus A320-216,9M-AJN,Landed 16:47,2026-08-06 06:01:55
KUL,arrivals,2026-08-05,16:05,15:32,KR781,KME781,KTI,Phnom Penh Techo International Airport,Cambodia Airways,KR,A320,Airbus A320-214,XU-762,Landed 16:32,2026-08-06 06:01:55
KUL,arrivals,2026-08-05,16:05,15:51,D7533,XAX533,KIX,Osaka Kansai International Airport,AirAsia,AK,A333,Airbus A330-343,9M-XXK,Landed 16:51,2026-08-06 06:01:55
KUL,arrivals,2026-08-05,16:05,15:58,AK189,AXM189,MFM,Macau International Airport,AirAsia,AK,A20N,Airbus A320-251N,9M-RAJ,Landed 16:58,2026-08-06 06:01:55
KUL,arrivals,2026-08-05,16:10,16:06,MH2711,MAS2711,SDK,Sandakan Airport,Malaysia Airlines,MH,B738,Boeing 737-8H6,9M-MLS,Landed 17:06,2026-08-06 06:01:55
KUL,arrivals,2026-08-05,16:15,15:51,TK60,THY49A,IST,Istanbul Airport,Turkish Airlines,TK,A359,Airbus A350-941,TC-LGN,Landed 16:51,2026-08-06 06:01:55
KUL,arrivals,2026-08-05,16:15,15:39,Z27114,APG7114,CEB,Cebu Mactan International Airport,AirAsia,AK,A320,Airbus A320-216,RP-C8950,Landed 16:39,2026-08-06 06:01:55
KUL,arrivals,2026-08-05,16:15,16:20,AK714,AXM714,SIN,Singapore Changi Airport,AirAsia,AK,A320,Airbus A320-216,9M-RAO,Landed 17:20,2026-08-06 06:01:55
KUL,arrivals,2026-08-05,16:15,16:17,AK583,AXM583,MNL,Manila Ninoy Aquino International Airport,AirAsia,AK,A20N,Airbus A320-251N,9M-RAK,Landed 17:17,2026-08-06 06:01:55
KUL,arrivals,2026-08-05,16:20,16:23,AK5139,AXM5139,BKI,Kota Kinabalu International Airport,AirAsia,AK,A20N,Airbus A320-251N,9M-AGL,Landed 17:23,2026-08-06 06:01:55
KUL,arrivals,2026-08-05,16:25,20:00,9C6523,CQH6523,PVG,Shanghai Pudong International Airport,Spring Airlines (100th for Spring Airlines Livery),9C,A20N,Airbus A320-251N,B-30D6,Landed 21:00,2026-08-06 06:01:55
KUL,arrivals,2026-08-05,16:25,16:04,TR472,TGW472,SIN,Singapore Changi Airport,Scoot,TR,A20N,Airbus A320-271N,9V-TNI,Landed 17:04,2026-08-06 06:01:55
KUL,arrivals,2026-08-05,16:30,15:54,OD389,MXD389,CGK,Jakarta Soekarno Hatta International Airport,Batik Air,ID,B738,Boeing 737-8GP,9M-LNZ,Landed 16:54,2026-08-06 06:01:55
KUL,arrivals,2026-08-05,16:30,16:20,MH753,MAS753,HAN,Hanoi Noi Bai International Airport,Malaysia Airlines,MH,B38M,Boeing 737 MAX 8,9M-MVN,Landed 17:20,2026-08-06 06:01:55
KUL,arrivals,2026-08-05,16:30,16:16,MH789,MAS789,BKK,Bangkok Suvarnabhumi Airport,Malaysia Airlines,MH,B38M,Boeing 737 MAX 8,9M-MVD,Landed 17:16,2026-08-06 06:01:55
KUL,arrivals,2026-08-05,16:30,16:38,AK6332,AXM6332,LGK,Langkawi International Airport,AirAsia,AK,A320,Airbus A320-214,9M-AJG,Landed 17:38,2026-08-06 06:01:55
KUL,arrivals,2026-08-05,16:35,16:23,SQ122,SIA122,SIN,Singapore Changi Airport,Singapore Airlines,SQ,A359,Airbus A350-941,9V-SHS,Landed 17:23,2026-08-06 06:01:55
KUL,arrivals,2026-08-05,16:35,16:35,MH496,MAS496,CMB,Colombo Bandaranaike International Airport,Malaysia Airlines,MH,B38M,Boeing 737 MAX 8,9M-MVL,Landed 17:35,2026-08-06 06:01:55
KUL,arrivals,2026-08-05,16:35,16:31,H9890,HIM890,KTM,Kathmandu Tribhuvan International Airport,Himalaya Airlines,H9,A320,Airbus A320-214,9N-ALW,Landed 17:31,2026-08-06 06:01:55
KUL,arrivals,2026-08-05,16:35,16:30,AK5173,AXM5173,LBU,Labuan Airport,AirAsia,AK,A320,Airbus A320-216,9M-AQN,Landed 17:30,2026-08-06 06:01:55
KUL,arrivals,2026-08-05,16:40,16:28,MH2641,MAS2641,BKI,Kota Kinabalu International Airport,Malaysia Airlines,MH,B738,Boeing 737-8H6,9M-MSE,Landed 17:28,2026-08-06 06:01:55
KUL,arrivals,2026-08-05,16:40,16:45,OD572,MXD572,HAN,Hanoi Noi Bai International Airport,Batik Air,ID,B38M,Boeing 737 MAX 8,9M-LRD,Landed 17:45,2026-08-06 06:01:55
KUL,arrivals,2026-08-05,16:45,16:26,CA483,CCA483,TFU,Chengdu Tianfu International Airport,Air China,CA,A21N,Airbus A321-252NX,B-32ND,Landed 17:26,2026-08-06 06:01:55
KUL,arrivals,2026-08-05,16:45,16:40,AK5221,AXM5221,KCH,Kuching International Airport,AirAsia,AK,A320,Airbus A320-216,9M-AHT,Landed 17:40,2026-08-06 06:01:55
KUL,arrivals,2026-08-05,16:45,16:37,MH620,MAS620,SIN,Singapore Changi Airport,Malaysia Airlines,MH,B738,Boeing 737-8H6,9M-MXX,Landed 17:37,2026-08-06 06:01:55
KUL,arrivals,2026-08-05,16:50,,ZA663,,KOS,Sihanoukville International Airport,Sky Angkor Airlines,ZA,320,,,Unknown,2026-08-06 06:01:55
KUL,arrivals,2026-08-05,16:50,16:42,MH865,MAS865,KNO,Medan Kuala Namu International Airport,Malaysia Airlines,MH,B738,Boeing 737-8H6,9M-MLM,Landed 17:42,2026-08-06 06:01:55
KUL,arrivals,2026-08-05,16:50,17:03,AK428,AXM428,PKU,Pekanbaru Sultan Syarif Kasim II Airport,AirAsia,AK,A320,Airbus A320-216,9M-RAE,Landed 18:03,2026-08-06 06:01:55
KUL,arrivals,2026-08-05,16:50,16:40,MH1,MAS1,LHR,London Heathrow Airport,Malaysia Airlines (Malaysia Negaraku Livery),MH,A359,Airbus A350-941,9M-MAF,Landed 17:40,2026-08-06 06:01:55
KUL,arrivals,2026-08-05,16:50,16:14,BA33,BAW33,LHR,London Heathrow Airport,British Airways,BA,B789,Boeing 787-9 Dreamliner,G-ZBKB,Landed 17:14,2026-08-06 06:01:55
KUL,arrivals,2026-08-05,16:55,16:47,JL723,JAL723,NRT,Tokyo Narita International Airport,Japan Airlines,JL,B788,Boeing 787-8 Dreamliner,JA845J,Landed 17:47,2026-08-06 06:01:55
KUL,arrivals,2026-08-05,17:00,18:10,OD808,MXD808,SIN,Singapore Changi Airport,Batik Air,ID,B738,Boeing 737-86N,9M-LDP,Landed 19:10,2026-08-06 06:01:55
KUL,arrivals,2026-08-05,17:00,16:50,ID7260,BTK7260,KNO,Medan Kuala Namu International Airport,Batik Air,ID,B738,Boeing 737-8GP,PK-LZZ,Landed 17:50,2026-08-06 06:01:55
KUL,arrivals,2026-08-05,17:00,16:45,AK6154,AXM6154,PEN,Penang International Airport,AirAsia,AK,A320,Airbus A320-214,9M-RCG,Landed 17:45,2026-08-06 06:01:55
KUL,arrivals,2026-08-05,17:05,17:31,OD2305,MXD2305,KBR,Kota Bharu Sultan Ismail Petra Airport,Batik Air,ID,B738,Boeing 737-8GP,9M-LDD,Landed 18:31,2026-08-06 06:01:55
KUL,arrivals,2026-08-05,17:05,16:48,AK5645,AXM5645,MYY,Miri Airport,AirAsia,AK,A20N,Airbus A320-251N,9M-AGH,Landed 17:48,2026-08-06 06:01:55
KUL,arrivals,2026-08-05,17:15,17:09,TR468,TGW468,SIN,Singapore Changi Airport,Scoot,TR,A320,Airbus A320-232,9V-TRO,Landed 18:09,2026-08-06 06:01:55
KUL,arrivals,2026-08-05,17:15,16:56,AK385,AXM385,CGK,Jakarta Soekarno Hatta International Airport,AirAsia,AK,A20N,Airbus A320-251N,9M-RAB,Landed 17:56,2026-08-06 06:01:55
KUL,arrivals,2026-08-05,17:20,16:59,AK6317,AXM6317,LGK,Langkawi International Airport,AirAsia (Allstars Livery),AK,A320,Airbus A320-214,9M-AFD,Landed 17:59,2026-08-06 06:01:55
KUL,arrivals,2026-08-05,17:25,,MH6075,,TPE,Taipei Taoyuan International Airport,Malaysia Airlines,MH,33X,,,Unknown,2026-08-06 06:01:55
KUL,arrivals,2026-08-05,17:25,17:07,AK75,AXM75,MLE,Male Velana International Airport,AirAsia,AK,A21N,Airbus A321-251NX,9M-VAG,Landed 18:07,2026-08-06 06:01:55
KUL,arrivals,2026-08-05,17:25,17:34,VN679,HVN679,SGN,Ho Chi Minh City International Airport,Vietnam Airlines,VN,A321,Airbus A321-231,VN-A613,Landed 18:34,2026-08-06 06:01:55
KUL,arrivals,2026-08-05,17:30,17:54,MH377,MAS377,CAN,Guangzhou Baiyun International Airport,Malaysia Airlines,MH,A333,Airbus A330-323,9M-MTK,Landed 18:54,2026-08-06 06:01:55
KUL,arrivals,2026-08-05,17:30,17:08,MH749,MAS749,DAD,Da Nang International Airport,Malaysia Airlines,MH,B38M,Boeing 737 MAX 8,9M-MVF,Landed 18:08,2026-08-06 06:01:55
KUL,arrivals,2026-08-05,17:30,17:18,MH73,MAS073,HKG,Hong Kong International Airport,Malaysia Airlines,MH,B38M,Boeing 737 MAX 8,9M-MVH,Landed 18:18,2026-08-06 06:01:55
KUL,arrivals,2026-08-05,17:30,18:01,AK377,AXM377,DPS,Denpasar Ngurah Rai International Airport,AirAsia,AK,A320,Airbus A320-216,9M-RAU,Landed 19:01,2026-08-06 06:01:55
KUL,arrivals,2026-08-05,17:35,,AQ1211,,KWE,Guiyang Longdongbao International Airport,9 Air,AQ,738,,,Canceled,2026-08-06 06:01:55
KUL,arrivals,2026-08-05,17:35,17:33,AK885,AXM885,DMK,Bangkok Don Mueang International Airport,AirAsia,AK,A320,Airbus A320-214,9M-AFE,Landed 18:33,2026-08-06 06:01:55
KUL,arrivals,2026-08-05,17:35,17:05,FY3693,FFM3693,CEB,Cebu Mactan International Airport,Firefly,FY,B738,Boeing 737-8FZ,9M-MLH,Landed 18:05,2026-08-06 06:01:55
KUL,arrivals,2026-08-05,17:35,17:39,AK404,AXM404,PDG,Padang Minangkabau International Airport,AirAsia,AK,A320,Airbus A320-214,9M-DAE,Landed 18:39,2026-08-06 06:01:55
KUL,arrivals,2026-08-05,17:40,18:29,AK311,AXM311,LBJ,Labuan Bajo Komodo Airport,AirAsia,AK,A20N,Airbus A320-251N,9M-AGQ,Landed 19:29,2026-08-06 06:01:55
KUL,arrivals,2026-08-05,17:45,17:37,ZH329,CSZ329,SZX,Shenzhen Bao'an International Airport,Shenzhen Airlines,ZH,B38M,Boeing 737 MAX 8,B-20ES,Landed 18:37,2026-08-06 06:01:52
KUL,arrivals,2026-08-05,17:45,17:42,AK6219,AXM6219,TGG,Kuala Terengganu Sultan Mahmud Airport,AirAsia (Universiti Putra Malaysia Livery),AK,A320,Airbus A320-216,9M-AQD,Landed 18:42,2026-08-06 06:01:52
KUL,arrivals,2026-08-05,17:50,17:26,MH1455,MAS1455,LGK,Langkawi International Airport,Malaysia Airlines,MH,B738,Boeing 737-8FZ,9M-FFF,Landed 18:26,2026-08-06 06:01:52
KUL,arrivals,2026-08-05,17:50,17:30,AK5211,AXM5211,KCH,Kuching International Airport,AirAsia,AK,A320,Airbus A320-216,9M-AGM,Landed 18:30,2026-08-06 06:01:52
KUL,arrivals,2026-08-05,17:50,17:36,QZ130,AWQ130,KNO,Medan Kuala Namu International Airport,AirAsia,AK,A320,Airbus A320-216,PK-AZT,Landed 18:36,2026-08-06 06:01:52
KUL,arrivals,2026-08-05,17:50,17:29,OD2406,MXD2406,JHB,Johor Bahru Senai International Airport,Batik Air,ID,B738,Boeing 737-8U3,9M-LDH,Landed 18:29,2026-08-06 06:01:52
KUL,arrivals,2026-08-05,17:50,17:12,KT173,KTC173,SAI,Siem Reap Angkor International Airport,AirAsia,AK,A320,Airbus A320-214,XU-819,Landed 18:12,2026-08-06 06:01:52
KUL,arrivals,2026-08-05,17:50,18:24,AK5871,AXM5871,SBW,Sibu Airport,AirAsia,AK,A320,Airbus A320-214,9M-RCB,Landed 19:24,2026-08-06 06:01:52
KUL,arrivals,2026-08-05,18:00,17:43,VN681,HVN681,HAN,Hanoi Noi Bai International Airport,Vietnam Airlines,VN,A321,Airbus A321-231,VN-A614,Landed 18:43,2026-08-06 06:01:52
KUL,arrivals,2026-08-05,18:00,18:33,MH2607,MAS2607,BKI,Kota Kinabalu International Airport,Malaysia Airlines,MH,B738,Boeing 737-8H6,9M-MXY,Landed 19:33,2026-08-06 06:01:52
KUL,arrivals,2026-08-05,18:00,18:11,MH705,MAS705,MNL,Manila Ninoy Aquino International Airport,Malaysia Airlines,MH,B738,Boeing 737-8H6,9M-MSA,Landed 19:11,2026-08-06 06:01:52
KUL,arrivals,2026-08-05,18:05,18:21,OD606,MXD606,HKG,Hong Kong International Airport,Batik Air,ID,B738,Boeing 737-8GP,9M-LNQ,Landed 19:21,2026-08-06 06:01:52
KUL,arrivals,2026-08-05,18:05,18:20,AK6433,AXM6433,KBR,Kota Bharu Sultan Ismail Petra Airport,AirAsia,AK,A320,Airbus A320-214,9M-AHV,Landed 19:20,2026-08-06 06:01:52
KUL,arrivals,2026-08-05,18:10,17:49,QG502,CTV502,CGK,Jakarta Soekarno Hatta International Airport,Citilink,QG,A320,Airbus A320-214,PK-GQF,Landed 18:49,2026-08-06 06:01:52
KUL,arrivals,2026-08-05,18:10,18:08,OD2107,MXD2107,PEN,Penang International Airport,Batik Air,ID,B38M,Boeing 737 MAX 8,9M-LRJ,Landed 19:08,2026-08-06 06:01:52
KUL,arrivals,2026-08-05,18:10,18:34,AK523,AXM523,SGN,Ho Chi Minh City International Airport,AirAsia,AK,A20N,Airbus A320-251N,9M-AGE,Landed 19:34,2026-08-06 06:01:52
KUL,arrivals,2026-08-05,18:10,17:56,AK513,AXM513,HAN,Hanoi Noi Bai International Airport,AirAsia,AK,A320,Airbus A320-216,9M-DAG,Landed 18:56,2026-08-06 06:01:52
KUL,arrivals,2026-08-05,18:15,17:57,FM865,CSH865,PVG,Shanghai Pudong International Airport,Shanghai Airlines,FM,B38M,Boeing 737 MAX 8,B-1381,Landed 18:57,2026-08-06 06:01:52
KUL,arrivals,2026-08-05,18:20,18:44,OD1005,MXD1005,BKI,Kota Kinabalu International Airport,Batik Air,ID,B38M,Boeing 737 MAX 8,9M-LRT,Landed 19:44,2026-08-06 06:01:52
KUL,arrivals,2026-08-05,18:25,18:05,MH720,MAS720,CGK,Jakarta Soekarno Hatta International Airport,Malaysia Airlines (Malayan Tiger Livery),MH,A333,Airbus A330-323,9M-MTG,Landed 19:05,2026-08-06 06:01:52
KUL,arrivals,2026-08-05,18:25,18:19,MH608,MAS608,SIN,Singapore Changi Airport,Malaysia Airlines,MH,B738,Boeing 737-8H6,9M-MXN,Landed 19:19,2026-08-06 06:01:52
KUL,arrivals,2026-08-05,18:30,18:31,MH1335,MAS1335,TGG,Kuala Terengganu Sultan Mahmud Airport,Malaysia Airlines,MH,B738,Boeing 737-8FZ,9M-MLL,Landed 19:31,2026-08-06 06:01:52
KUL,arrivals,2026-08-05,18:30,18:02,OD1907,MXD1907,SBW,Sibu Airport,Batik Air,ID,B38M,Boeing 737 MAX 8,9M-LRS,Landed 19:02,2026-08-06 06:01:52
KUL,arrivals,2026-08-05,18:30,18:14,MH872,MAS872,SUB,Surabaya Juanda International Airport,Malaysia Airlines (Retro Livery),MH,B738,Boeing 737-8H6,9M-MLV,Landed 19:14,2026-08-06 06:01:52
KUL,arrivals,2026-08-05,18:35,18:57,MH850,MAS850,DPS,Denpasar Ngurah Rai International Airport,Malaysia Airlines,MH,B38M,Boeing 737 MAX 8,9M-MVP,Landed 19:57,2026-08-06 06:01:52
KUL,arrivals,2026-08-05,18:35,18:09,AK857,AXM857,CNX,Chiang Mai International Airport,AirAsia (General Electric Livery),AK,A320,Airbus A320-216,9M-AQB,Landed 19:09,2026-08-06 06:01:52
KUL,arrivals,2026-08-05,18:40,18:28,MH1397,MAS1397,KBR,Kota Bharu Sultan Ismail Petra Airport,Malaysia Airlines,MH,B738,Boeing 737-8FZ,9M-MLK,Landed 19:28,2026-08-06 06:01:52
KUL,arrivals,2026-08-05,18:40,19:00,MH759,MAS759,SGN,Ho Chi Minh City International Airport,Malaysia Airlines,MH,B38M,Boeing 737 MAX 8,9M-MVM,Landed 20:00,2026-08-06 06:01:52
KUL,arrivals,2026-08-05,18:45,,AK463,,PLM,Palembang International Airport,AirAsia,AK,A320,Airbus A320-216,9M-AGU,Canceled,2026-08-06 06:01:52
KUL,arrivals,2026-08-05,18:45,19:05,AK369,AXM369,DPS,Denpasar Ngurah Rai International Airport,AirAsia,AK,A21N,Airbus A321-251NX,9M-VAC,Landed 20:05,2026-08-06 06:01:52
KUL,arrivals,2026-08-05,18:45,18:36,SQ126,SIA126,SIN,Singapore Changi Airport,Singapore Airlines,SQ,A359,Airbus A350-941,9V-SHL,Landed 19:36,2026-08-06 06:01:52
KUL,arrivals,2026-08-05,18:50,18:58,D7303,XAX303,HGH,Hangzhou Xiaoshan International Airport,AirAsia,AK,A333,Airbus A330-343,9M-XXZ,Landed 19:58,2026-08-06 06:01:52
KUL,arrivals,2026-08-05,18:50,18:47,MH2545,MAS2545,KCH,Kuching International Airport,Malaysia Airlines,MH,B738,Boeing 737-8H6,9M-MLU,Landed 19:47,2026-08-06 06:01:52
KUL,arrivals,2026-08-05,18:50,19:11,TG417,THA417,BKK,Bangkok Suvarnabhumi Airport,Thai Airways,TG,B77W,Boeing 777-3D7(ER),HS-TKZ,Landed 20:11,2026-08-06 06:01:52
KUL,arrivals,2026-08-05,18:50,18:51,EY486,ETD7LE,AUH,Abu Dhabi Zayed International Airport,Etihad Airways,EY,B789,Boeing 787-9 Dreamliner,A6-BLY,Landed 19:51,2026-08-06 06:01:52
KUL,arrivals,2026-08-05,18:50,18:47,AK5117,AXM5117,BKI,Kota Kinabalu International Airport,AirAsia,AK,A20N,Airbus A320-251N,9M-AGG,Landed 19:47,2026-08-06 06:01:52
KUL,arrivals,2026-08-05,18:55,19:13,AK716,AXM716,SIN,Singapore Changi Airport,AirAsia,AK,A21N,Airbus A321-251NX,9M-VAH,Landed 20:13,2026-08-06 06:01:52
KUL,arrivals,2026-08-05,18:55,19:16,OD1901,MXD1901,TWU,Tawau Airport,Batik Air,ID,B38M,Boeing 737 MAX 8,9M-LRU,Landed 20:16,2026-08-06 06:01:52
KUL,arrivals,2026-08-05,18:55,18:26,OD1727,MXD1727,BTU,Bintulu Airport,Batik Air,ID,B738,Boeing 737-8GP,9M-LNR,Landed 19:26,2026-08-06 06:01:52
KUL,arrivals,2026-08-05,18:55,18:37,AK641,AXM641,DAD,Da Nang International Airport,AirAsia,AK,A20N,Airbus A320-251N,9M-AGN,Landed 19:37,2026-08-06 06:01:52
KUL,arrivals,2026-08-05,18:55,18:52,AK392,AXM392,KNO,Medan Kuala Namu International Airport,AirAsia,AK,A320,Airbus A320-216,9M-DAB,Landed 19:52,2026-08-06 06:01:52
KUL,arrivals,2026-08-05,19:00,18:41,MH122,MAS122,SYD,Sydney Kingsford Smith Airport,Malaysia Airlines,MH,A339,Airbus A330-941,9M-MNG,Landed 19:41,2026-08-06 06:01:52
KUL,arrivals,2026-08-05,19:00,18:54,MH367,MAS367,TPE,Taipei Taoyuan International Airport,Malaysia Airlines,MH,B738,Boeing 737-8H6,9M-MXT,Landed 19:54,2026-08-06 06:01:52
KUL,arrivals,2026-08-05,19:05,,MH6109,,HKG,Hong Kong International Airport,Malaysia Airlines,MH,33X,,,Unknown,2026-08-06 06:01:52
KUL,arrivals,2026-08-05,19:05,19:04,MH484,MAS484,MLE,Male Velana International Airport,Malaysia Airlines,MH,B38M,Boeing 737 MAX 8,9M-MVK,Landed 20:04,2026-08-06 06:01:52
KUL,arrivals,2026-08-05,19:05,19:33,WY823,OMA823,MCT,Muscat International Airport,Oman Air,WY,B38M,Boeing 737 MAX 8,A4O-MI,Landed 20:33,2026-08-06 06:01:52
KUL,arrivals,2026-08-05,19:05,19:27,AK887,AXM887,DMK,Bangkok Don Mueang International Airport,AirAsia,AK,A320,Airbus A320-216,9M-AQS,Landed 20:27,2026-08-06 06:01:52
KUL,arrivals,2026-08-05,19:05,19:06,8B679,TNU679,CGK,Jakarta Soekarno Hatta International Airport,TransNusa,8B,A321,Airbus A321-211,PK-TLK,Landed 20:06,2026-08-06 06:01:52
KUL,arrivals,2026-08-05,19:10,19:02,MH148,MAS148,MEL,Melbourne Airport,Malaysia Airlines,MH,A339,Airbus A330-941,9M-MNO,Landed 20:02,2026-08-06 06:01:52
KUL,arrivals,2026-08-05,19:10,18:49,MH2593,MAS2593,MYY,Miri Airport,Malaysia Airlines (Malaysia Negaraku Livery),MH,B738,Boeing 737-8H6,9M-MXV,Landed 19:49,2026-08-06 06:01:52
KUL,arrivals,2026-08-05,19:10,,ID7262,,KNO,Medan Kuala Namu International Airport,Batik Air,ID,738,,,Unknown,2026-08-06 06:01:52
KUL,arrivals,2026-08-05,19:10,18:44,HU497,CHH497,BAR,Qionghai Bo'ao Airport,Hainan Airlines,HU,B38M,Boeing 737 MAX 8,B-1390,Landed 19:44,2026-08-06 06:01:52
KUL,arrivals,2026-08-05,19:10,19:24,AK6015,AXM6015,AOR,Alor Setar Sultan Abdul Halim Airport,AirAsia,AK,A20N,Airbus A320-251N,9M-AGW,Landed 20:24,2026-08-06 06:01:52
KUL,arrivals,2026-08-05,19:15,19:19,QZ210,AWQ210,CGK,Jakarta Soekarno Hatta International Airport,AirAsia,AK,A320,Airbus A320-216,PK-AZO,Landed 20:19,2026-08-06 06:01:52
KUL,arrivals,2026-08-05,19:15,19:24,KT169,KTC169,KTI,Phnom Penh Techo International Airport,AirAsia (Cambodia Livery),AK,A320,Airbus A320-214,XU-818,Unknown,2026-08-06 06:01:52
KUL,arrivals,2026-08-05,19:20,18:56,AK420,AXM420,BTJ,Banda Aceh International Airport,AirAsia,AK,A20N,Airbus A320-251N,9M-RAM,Landed 19:56,2026-08-06 06:01:52
KUL,arrivals,2026-08-05,19:25,19:08,MH2645,MAS2645,BKI,Kota Kinabalu International Airport,Malaysia Airlines (Malaysia Negaraku Livery),MH,B738,Boeing 737-8H6,9M-MXU,Landed 20:08,2026-08-06 06:01:52
KUL,arrivals,2026-08-05,19:25,19:13,MH616,MAS616,SIN,Singapore Changi Airport,Malaysia Airlines,MH,B738,Boeing 737-8H6,9M-MXL,Landed 20:13,2026-08-06 06:01:52
KUL,arrivals,2026-08-05,19:25,19:19,BI873,RBA873,BWN,Brunei International Airport,Royal Brunei Airlines,BI,A20N,Airbus A320-251N,V8-RBB,Landed 20:19,2026-08-06 06:01:52
KUL,arrivals,2026-08-05,19:30,19:35,OD294,MXD294,MLE,Male Velana International Airport,Batik Air,ID,B738,Boeing 737-8GP,9M-LNV,Landed 20:35,2026-08-06 06:01:52
KUL,arrivals,2026-08-05,19:30,19:21,MH144,MAS144,AKL,Auckland Airport,Malaysia Airlines,MH,A339,Airbus A330-941,9M-MNL,Landed 20:21,2026-08-06 06:01:52
KUL,arrivals,2026-08-05,19:30,19:23,FY2893,FFM2893,JHB,Johor Bahru Senai International Airport,Firefly,FY,B738,Boeing 737-8FZ,9M-MLF,Landed 20:23,2026-08-06 06:01:52
KUL,arrivals,2026-08-05,19:35,19:28,MH2635,MAS2635,LBU,Labuan Airport,Malaysia Airlines,MH,B738,Boeing 737-8H6,9M-MLT,Landed 20:28,2026-08-06 06:01:52
KUL,arrivals,2026-08-05,19:35,19:30,AK6439,AXM6439,KBR,Kota Bharu Sultan Ismail Petra Airport,AirAsia,AK,A20N,Airbus A320-251N,9M-AGJ,Landed 20:30,2026-08-06 06:01:52
KUL,arrivals,2026-08-05,19:40,20:16,MH165,MAS165,DOH,Doha Hamad International Airport,Malaysia Airlines,MH,A333,Airbus A330-323,9M-MTF,Landed 21:16,2026-08-06 06:01:52
KUL,arrivals,2026-08-05,19:40,19:40,AK6033,AXM6033,JHB,Johor Bahru Senai International Airport,AirAsia,AK,A320,Airbus A320-214,9M-RCG,Landed 20:40,2026-08-06 06:01:52
KUL,arrivals,2026-08-05,19:45,19:43,MH791,MAS791,HKT,Phuket International Airport,Malaysia Airlines,MH,B38M,Boeing 737 MAX 8,9M-MVO,Landed 20:43,2026-08-06 06:01:52
KUL,arrivals,2026-08-05,19:45,19:37,AK5213,AXM5213,KCH,Kuching International Airport,AirAsia (HYROX Livery),AK,A320,Airbus A320-216,9M-AHR,Landed 20:37,2026-08-06 06:01:52
KUL,arrivals,2026-08-05,19:45,20:03,AK5134,AXM5134,BKI,Kota Kinabalu International Airport,AirAsia,AK,A20N,Airbus A320-251N,9M-AGB,Landed 21:03,2026-08-06 06:01:52
KUL,arrivals,2026-08-05,19:55,19:46,CX729,CPA729,HKG,Hong Kong International Airport,Cathay Pacific,CX,A21N,Airbus A321-251NX,B-HPO,Landed 20:46,2026-08-06 06:01:52
KUL,arrivals,2026-08-05,19:55,19:31,MH1281,MAS1281,KUA,Kuantan Sultan Haji Ahmad Shah Airport,Malaysia Airlines,MH,B738,Boeing 737-8H6,9M-MXB,Landed 20:31,2026-08-06 06:01:52
KUL,arrivals,2026-08-05,20:00,19:40,6E1037,IGO1037,BLR,Bengaluru Kempegowda International Airport,IndiGo,6E,A20N,Airbus A320-251N,VT-IPC,Landed 20:40,2026-08-06 06:01:52
KUL,arrivals,2026-08-05,20:00,19:48,MH389,MAS389,PVG,Shanghai Pudong International Airport,Malaysia Airlines,MH,A333,Airbus A330-323,9M-MTH,Landed 20:48,2026-08-06 06:01:52
KUL,arrivals,2026-08-05,20:05,19:51,MH2665,MAS2665,TWU,Tawau Airport,Malaysia Airlines,MH,B738,Boeing 737-8H6,9M-MXW,Landed 20:51,2026-08-06 06:01:52
KUL,arrivals,2026-08-05,20:05,19:37,OD391,MXD391,CGK,Jakarta Soekarno Hatta International Airport,Batik Air,ID,B738,Boeing 737-86N,9M-LDT,Landed 20:37,2026-08-06 06:01:52
KUL,arrivals,2026-08-05,20:10,19:57,SQ128,SIA128,SIN,Singapore Changi Airport,Singapore Airlines,SQ,B38M,Boeing 737 MAX 8,9V-MBW,Landed 20:57,2026-08-06 06:01:52
KUL,arrivals,2026-08-05,20:10,20:01,MH763,MAS763,KTI,Phnom Penh Techo International Airport,Malaysia Airlines (Malaysia Negaraku Livery),MH,B738,Boeing 737-8H6,9M-MXF,Landed 21:01,2026-08-06 06:01:52
KUL,arrivals,2026-08-05,20:10,20:16,AK169,AXM169,NNG,Nanning Wuxu International Airport,AirAsia (Visit Truly Asia Malaysia 2020 Stickers),AK,A20N,Airbus A320-251N,9M-RAR,Landed 21:16,2026-08-06 06:01:52
KUL,arrivals,2026-08-05,20:15,19:52,AK5749,AXM5749,TWU,Tawau Airport,AirAsia (Persona 5 Royal Livery),AK,A320,Airbus A320-214,9M-AFF,Landed 20:52,2026-08-06 06:01:52
KUL,arrivals,2026-08-05,20:15,21:22,OD529,MXD529,DMK,Bangkok Don Mueang International Airport,Batik Air,ID,B738,Boeing 737-86N,9M-LDK,Landed 22:22,2026-08-06 06:01:52
KUL,arrivals,2026-08-05,20:15,20:22,MH175,MAS175,BOM,Mumbai Chhatrapati Shivaji International Airport,Malaysia Airlines,MH,B38M,Boeing 737 MAX 8,9M-MVG,Landed 21:22,2026-08-06 06:01:52
KUL,arrivals,2026-08-05,20:25,20:20,QZ326,AWQ326,SUB,Surabaya Juanda International Airport,AirAsia (Dnars Indonesia Livery),AK,A320,Airbus A320-216,PK-AZN,Landed 21:20,2026-08-06 06:01:52
KUL,arrivals,2026-08-05,20:25,20:13,AK171,AXM171,KHH,Kaohsiung International Airport,AirAsia,AK,A20N,Airbus A320-251N,9M-AGF,Landed 21:13,2026-08-06 06:01:52
KUL,arrivals,2026-08-05,20:30,20:55,OD1637,MXD1637,KCH,Kuching International Airport,Batik Air,ID,B738,Boeing 737-8U3,9M-LDF,Landed 21:55,2026-08-06 06:01:52
KUL,arrivals,2026-08-05,20:35,20:28,MH722,MAS722,CGK,Jakarta Soekarno Hatta International Airport,Malaysia Airlines,MH,B38M,Boeing 737 MAX 8,9M-MVR,Landed 21:28,2026-08-06 06:01:52
KUL,arrivals,2026-08-05,20:35,20:07,FY2954,FFM2954,PEN,Penang International Airport,Firefly,FY,B738,Boeing 737-8FZ,9M-MLI,Landed 21:07,2026-08-06 06:01:52
KUL,arrivals,2026-08-05,20:40,,MH6202,,SYD,Sydney Kingsford Smith Airport,Malaysia Airlines,MH,33X,,,Unknown,2026-08-06 06:01:52
KUL,arrivals,2026-08-05,20:40,20:33,AK5195,AXM5195,SDK,Sandakan Airport,AirAsia,AK,A320,Airbus A320-216,9M-RAD,Landed 21:33,2026-08-06 06:01:52
KUL,arrivals,2026-08-05,20:40,20:04,MH1459,MAS1459,LGK,Langkawi International Airport,Malaysia Airlines,MH,B738,Boeing 737-8H6,9M-MXG,Landed 21:04,2026-08-06 06:01:52
KUL,arrivals,2026-08-05,20:40,20:53,AK335,AXM335,UPG,Makassar Sultan Hasanuddin International Airport,AirAsia (Sarawak Livery),AK,A320,Airbus A320-216,9M-AJD,Landed 21:53,2026-08-06 06:01:52
KUL,arrivals,2026-08-05,20:45,20:46,MH2631,MAS2631,BKI,Kota Kinabalu International Airport,Malaysia Airlines,MH,B738,Boeing 737-8H6,9M-MLP,Landed 21:46,2026-08-06 06:01:52
KUL,arrivals,2026-08-05,20:45,20:45,TR466,TGW466,SIN,Singapore Changi Airport,Scoot,TR,A21N,Airbus A321-271NX,9V-NCM,Landed 21:45,2026-08-06 06:01:52
KUL,arrivals,2026-08-05,20:45,20:24,AK6323,AXM6323,LGK,Langkawi International Airport,AirAsia,AK,A20N,Airbus A320-251N,9M-RAP,Landed 21:24,2026-08-06 06:01:52
KUL,arrivals,2026-08-05,20:50,20:51,KE427,KAL427,ICN,Seoul Incheon International Airport,Korean Air,KE,A333,Airbus A330-323,HL8002,Landed 21:51,2026-08-06 06:01:52
KUL,arrivals,2026-08-05,20:50,20:43,CZ365,CSN365,CAN,Guangzhou Baiyun International Airport,China Southern Airlines,CZ,B38M,Boeing 737 MAX 8,B-1126,Landed 21:43,2026-08-06 06:01:52
KUL,arrivals,2026-08-05,20:50,20:35,EK342,UAE5JM,DXB,Dubai International Airport,Emirates,EK,A388,Airbus A380-861,A6-EEK,Landed 21:35,2026-08-06 06:01:52
KUL,arrivals,2026-08-05,20:50,20:27,AK6129,AXM6129,PEN,Penang International Airport,AirAsia,AK,A320,Airbus A320-214,9M-AFE,Landed 21:27,2026-08-06 06:01:52
KUL,arrivals,2026-08-05,20:50,20:43,AK100,AXM100,KMG,Kunming Changshui International Airport,AirAsia,AK,A20N,Airbus A320-251N,9M-AGO,Landed 21:43,2026-08-06 06:01:52
KUL,arrivals,2026-08-05,20:55,20:57,MH775,MAS775,BKK,Bangkok Suvarnabhumi Airport,Malaysia Airlines,MH,B738,Boeing 737-8H6,9M-MXE,Landed 21:57,2026-08-06 06:01:49
KUL,arrivals,2026-08-05,20:55,20:41,MH124,MAS124,PER,Perth Airport,Malaysia Airlines,MH,B38M,Boeing 737 MAX 8,9M-MVQ,Landed 21:41,2026-08-06 06:01:52
KUL,arrivals,2026-08-05,20:55,20:30,AK718,AXM718,SIN,Singapore Changi Airport,AirAsia (WeAreAllChampions Livery),AK,A320,Airbus A320-216,9M-AQF,Landed 21:30,2026-08-06 06:01:52
KUL,arrivals,2026-08-05,21:00,20:56,AK893,AXM893,DMK,Bangkok Don Mueang International Airport,AirAsia,AK,A320,Airbus A320-216,9M-AQO,Landed 21:56,2026-08-06 06:01:49
KUL,arrivals,2026-08-05,21:20,21:00,MH1165,MAS1165,PEN,Penang International Airport,Malaysia Airlines,MH,B738,Boeing 737-8FZ,9M-FFF,Landed 22:00,2026-08-06 06:01:49
KUL,arrivals,2026-08-05,21:20,21:15,MH852,MAS852,DPS,Denpasar Ngurah Rai International Airport,Malaysia Airlines,MH,B38M,Boeing 737 MAX 8,9M-MVC,Landed 22:15,2026-08-06 06:01:49
KUL,arrivals,2026-08-05,21:20,21:18,MH610,MAS610,SIN,Singapore Changi Airport,Malaysia Airlines,MH,B38M,Boeing 737 MAX 8,9M-MVN,Landed 22:18,2026-08-06 06:01:49
KUL,arrivals,2026-08-05,21:20,21:10,AK5647,AXM5647,MYY,Miri Airport,AirAsia,AK,A320,Airbus A320-216,9M-AJZ,Landed 22:10,2026-08-06 06:01:49
KUL,arrivals,2026-08-05,21:20,20:35,AK482,AXM482,BPN,Balikpapan Sepinggan Airport,AirAsia (Longjack Orang Kampung Livery),AK,A320,Airbus A320-216,9M-AJA,Landed 21:35,2026-08-06 06:01:49
KUL,arrivals,2026-08-05,21:20,20:49,AK387,AXM387,CGK,Jakarta Soekarno Hatta International Airport,AirAsia,AK,A320,Airbus A320-216,9M-AGP,Landed 21:49,2026-08-06 06:01:49
KUL,arrivals,2026-08-05,21:25,21:03,MH767,MAS767,SGN,Ho Chi Minh City International Airport,Malaysia Airlines,MH,B38M,Boeing 737 MAX 8,9M-MVI,Landed 22:03,2026-08-06 06:01:49
KUL,arrivals,2026-08-05,21:25,22:07,AK720,AXM720,SIN,Singapore Changi Airport,AirAsia,AK,A320,Airbus A320-214,9M-RCB,Landed 23:07,2026-08-06 06:01:49
KUL,arrivals,2026-08-05,21:30,22:02,OD806,MXD806,SIN,Singapore Changi Airport,Batik Air,ID,B738,Boeing 737-8U3,9M-LDH,Landed 23:02,2026-08-06 06:01:49
KUL,arrivals,2026-08-05,21:35,21:04,9C6515,CQH6515,PVG,Shanghai Pudong International Airport,Spring Airlines,9C,A20N,Airbus A320-251N,B-326R,Landed 22:04,2026-08-06 06:01:49
KUL,arrivals,2026-08-05,21:45,21:37,MH2747,MAS2747,BTU,Bintulu Airport,Malaysia Airlines,MH,B738,Boeing 737-8H6,9M-MLN,Landed 22:37,2026-08-06 06:01:49
KUL,arrivals,2026-08-05,21:50,21:41,MH2597,MAS2597,KCH,Kuching International Airport,Malaysia Airlines,MH,B738,Boeing 737-8H6,9M-MLS,Landed 22:41,2026-08-06 06:01:49
KUL,arrivals,2026-08-05,21:50,21:19,AK6039,AXM6039,JHB,Johor Bahru Senai International Airport,AirAsia,AK,A320,Airbus A320-216,9M-AGT,Landed 22:19,2026-08-06 06:01:49
KUL,arrivals,2026-08-05,21:50,21:45,AK379,AXM379,DPS,Denpasar Ngurah Rai International Airport,AirAsia,AK,A20N,Airbus A320-251N,9M-AGS,Landed 22:45,2026-08-06 06:01:49
KUL,arrivals,2026-08-05,21:55,22:41,MH781,MAS781,BKK,Bangkok Suvarnabhumi Airport,Malaysia Airlines,MH,B738,Boeing 737-8H6,9M-MSB,Landed 23:41,2026-08-06 06:01:49
KUL,arrivals,2026-08-05,22:00,,FY2575,,TWU,Tawau Airport,Firefly,FY,738,,,Unknown,2026-08-06 06:01:49
KUL,arrivals,2026-08-05,22:00,21:46,CA871,CCA871,PEK,Beijing Capital International Airport,Air China,CA,B38M,Boeing 737 MAX 8,B-1393,Landed 22:46,2026-08-06 06:01:49
KUL,arrivals,2026-08-05,22:00,21:50,MH724,MAS724,CGK,Jakarta Soekarno Hatta International Airport,Malaysia Airlines,MH,B738,Boeing 737-8H6,9M-MXO,Landed 22:50,2026-08-06 06:01:49
KUL,arrivals,2026-08-05,22:00,21:50,AK889,AXM889,DMK,Bangkok Don Mueang International Airport,AirAsia (Resorts World Genting Livery),AK,A20N,Airbus A320-251N,9M-AGA,Landed 22:50,2026-08-06 06:01:49
KUL,arrivals,2026-08-05,22:05,21:44,3U3993,CSC3993,TFU,Chengdu Tianfu International Airport,Sichuan Airlines,3U,A21N,Airbus A321-271N,B-307E,Landed 22:44,2026-08-06 06:01:49
KUL,arrivals,2026-08-05,22:05,22:25,FM7265,CSH7265,PVG,Shanghai Pudong International Airport,Shanghai Airlines,FM,B38M,Boeing 737 MAX 8,B-226F,Landed 23:25,2026-08-06 06:01:49
KUL,arrivals,2026-08-05,22:15,22:37,MF8715,CXA8715,NKG,Nanjing Lukou International Airport,Xiamen Air,MF,B38M,Boeing 737 MAX 8,B-20E1,Landed 23:37,2026-08-06 06:01:49
KUL,arrivals,2026-08-05,22:20,,MH6103,,HKG,Hong Kong International Airport,Malaysia Airlines,MH,33X,,,Unknown,2026-08-06 06:01:49
KUL,arrivals,2026-08-05,22:25,22:19,HO1353,DKH1353,PVG,Shanghai Pudong International Airport,Juneyao Air,HO,A20N,Airbus A320-271N,B-326H,Landed 23:19,2026-08-06 06:01:49
KUL,arrivals,2026-08-05,22:40,22:16,3U3773,CSC3773,CKG,Chongqing Jiangbei International Airport,Sichuan Airlines,3U,A320,Airbus A320-214,B-8375,Landed 23:16,2026-08-06 06:01:49
KUL,arrivals,2026-08-05,22:40,23:14,MU2969,CES2969,NKG,Nanjing Lukou International Airport,China Eastern Airlines,MU,A20N,Airbus A320-251N,B-301Z,Landed 00:14,2026-08-06 06:01:49
KUL,arrivals,2026-08-05,22:50,23:26,MF823,CXA823,XMN,Xiamen Gaoqi International Airport,Xiamen Air,MF,B38M,Boeing 737 MAX 8,B-20DX,Landed 00:26,2026-08-06 06:01:49
KUL,arrivals,2026-08-05,22:50,,8K251,,SZX,Shenzhen Bao'an International Airport,Exploits Valley Air Services,8K,76F,,,Unknown,2026-08-06 06:01:49
KUL,arrivals,2026-08-05,22:55,22:29,AK354,AXM354,CGK,Jakarta Soekarno Hatta International Airport,AirAsia (Allstars Livery),AK,A320,Airbus A320-214,9M-AFD,Landed 23:29,2026-08-06 06:01:49
KUL,arrivals,2026-08-05,23:05,22:52,NH815,ANA815,NRT,Tokyo Narita International Airport,All Nippon Airways,NH,B788,Boeing 787-8 Dreamliner,JA804A,Landed 23:52,2026-08-06 06:01:49
KUL,arrivals,2026-08-05,23:05,,OD185,,KTM,Kathmandu Tribhuvan International Airport,Batik Air Malaysia,OD,7M8,,,Unknown,2026-08-06 06:01:49
KUL,arrivals,2026-08-05,23:05,23:08,AK525,AXM525,SGN,Ho Chi Minh City International Airport,AirAsia,AK,A320,Airbus A320-216,9M-AQN,Landed 00:08,2026-08-06 06:01:49
KUL,arrivals,2026-08-05,23:15,23:01,CZ5035,CSN5035,CAN,Guangzhou Baiyun International Airport,China Southern Airlines,CZ,B38M,Boeing 737 MAX 8,B-225D,Landed 00:01,2026-08-06 06:01:49
KUL,arrivals,2026-08-05,23:15,23:05,AK5219,AXM5219,KCH,Kuching International Airport,AirAsia,AK,A320,Airbus A320-216,9M-DAG,Landed 00:05,2026-08-06 06:01:49
KUL,arrivals,2026-08-05,23:20,22:56,AK5752,AXM5752,TWU,Tawau Airport,AirAsia,AK,A21N,Airbus A321-251NX,9M-XVE,Landed 23:56,2026-08-06 06:01:49
KUL,arrivals,2026-08-05,23:25,23:19,MU795,CES795,PKX,Beijing Daxing International Airport,China Eastern Airlines,MU,A20N,Airbus A320-251N,B-32DZ,Landed 00:19,2026-08-06 06:01:49
KUL,arrivals,2026-08-05,23:30,23:50,CZ5079,CSN5079,SZX,Shenzhen Bao'an International Airport,China Southern Airlines,CZ,A20N,Airbus A320-251N,B-32N3,Landed 00:50,2026-08-06 06:01:49
KUL,arrivals,2026-08-05,23:35,,AQ1271,,CAN,Guangzhou Baiyun International Airport,9 Air,AQ,738,,,Unknown,2026-08-06 06:01:49
KUL,arrivals,2026-08-05,23:35,23:36,SV840,SVA840,JED,Jeddah King Abdulaziz International Airport,Saudia,SV,B78X,Boeing 787-10 Dreamliner,HZ-AR26,Landed 00:36,2026-08-06 06:01:49
KUL,arrivals,2026-08-05,23:45,23:30,AK897,AXM897,DMK,Bangkok Don Mueang International Airport,AirAsia (Save Our Malayan Tiger Livery),AK,A320,Airbus A320-216,9M-AQZ,Landed 00:30,2026-08-06 06:01:49
KUL,arrivals,2026-08-05,23:55,,FM861,,PVG,Shanghai Pudong International Airport,Shanghai Airlines,FM,7M8,,,Canceled,2026-08-06 06:01:49
KUL,departures,2026-08-05,00:20,00:41,CZ5036,CSN5036,CAN,Guangzhou Baiyun International Airport,China Southern Airlines,CZ,B38M,Boeing 737 MAX 8,B-225D,Departed 01:41,2026-08-06 06:02:48
KUL,departures,2026-08-05,00:25,01:08,MU796,CES796,PKX,Beijing Daxing International Airport,China Eastern Airlines,MU,A20N,Airbus A320-251N,B-32E1,Departed 02:08,2026-08-06 06:02:48
KUL,departures,2026-08-05,00:30,00:50,CZ5080,CSN5080,SZX,Shenzhen Bao'an International Airport,China Southern Airlines,CZ,A20N,Airbus A320-251N,B-32H3,Departed 01:50,2026-08-06 06:02:48
KUL,departures,2026-08-05,00:40,01:02,AQ1272,JYH1272,CAN,Guangzhou Baiyun International Airport,9 Air,AQ,B738,Boeing 737-8GP,B-1716,Departed 02:02,2026-08-06 06:02:48
KUL,departures,2026-08-05,00:55,,FM862,,PVG,Shanghai Pudong International Airport,Shanghai Airlines,FM,7M8,,,Canceled,2026-08-06 06:02:48
KUL,departures,2026-08-05,01:10,,3U9102,,SZX,Shenzhen Bao'an International Airport,Sichuan Airlines,3U,321,,,Canceled,2026-08-06 06:02:48
KUL,departures,2026-08-05,01:15,05:21,OD372,MXD372,DIL,Dili Presidente Nicolau Lobato International Airport,Batik Air,ID,B738,Boeing 737-8GP,9M-LNP,Departed 06:21,2026-08-06 06:02:48
KUL,departures,2026-08-05,01:15,01:37,SV841,SVA841,JED,Jeddah King Abdulaziz International Airport,Saudia,SV,B78X,Boeing 787-10 Dreamliner,HZ-AR26,Departed 02:37,2026-08-06 06:02:48
KUL,departures,2026-08-05,01:15,01:40,EK343,UAE7Q,DXB,Dubai International Airport,Emirates,EK,A388,Airbus A380-861,A6-EER,Departed 02:40,2026-08-06 06:02:48
KUL,departures,2026-08-05,01:20,01:32,D7532,XAX532,KIX,Osaka Kansai International Airport,AirAsia,AK,A333,Airbus A330-343,9M-XXK,Departed 02:32,2026-08-06 06:02:48
KUL,departures,2026-08-05,01:30,02:20,MF858,CXA858,XMN,Xiamen Gaoqi International Airport,Xiamen Air,MF,B738,Boeing 737-85C,B-5499,Departed 03:20,2026-08-06 06:02:48
KUL,departures,2026-08-05,01:40,01:50,CZ8026,CSN8026,CGO,Zhengzhou Xinzheng International Airport,China Southern Airlines,CZ,B738,Boeing 737-81B,B-5698,Departed 02:50,2026-08-06 06:02:48
KUL,departures,2026-08-05,01:45,01:59,CX732,CPA732,HKG,Hong Kong International Airport,Cathay Pacific,CX,A21N,Airbus A321-251NX,B-HPT,Departed 02:59,2026-08-06 06:02:48
KUL,departures,2026-08-05,01:55,02:13,AK170,AXM170,KHH,Kaohsiung International Airport,AirAsia,AK,A20N,Airbus A320-251N,9M-AGF,Departed 03:13,2026-08-06 06:02:48
KUL,departures,2026-08-05,02:00,,MH6201,,SYD,Sydney Kingsford Smith Airport,Malaysia Airlines,MH,33X,,,Unknown,2026-08-06 06:02:48
KUL,departures,2026-08-05,02:05,04:19,ZH334,CSZ334,SZX,Shenzhen Bao'an International Airport,Shenzhen Airlines,ZH,A20N,Airbus A320-251N,B-32PD,Departed 05:19,2026-08-06 06:02:48
KUL,departures,2026-08-05,02:10,02:52,MH164,MAS164,DOH,Doha Hamad International Airport,Malaysia Airlines,MH,A333,Airbus A330-323,9M-MTF,Departed 03:52,2026-08-06 06:02:48
KUL,departures,2026-08-05,02:30,02:56,FM814,CSH814,FOC,Fuzhou Changle International Airport,Shanghai Airlines,FM,B38M,Boeing 737 MAX 8,B-1263,Departed 03:56,2026-08-06 06:02:48
KUL,departures,2026-08-05,03:00,,MH6170,,PVG,Shanghai Pudong International Airport,Malaysia Airlines,MH,33X,,,Unknown,2026-08-06 06:02:48
KUL,departures,2026-08-05,03:05,03:36,SC8078,CDG8078,TNA,Jinan Yaoqiang International Airport,Shandong Airlines,SC,B38M,Boeing 737 MAX 8,B-223U,Departed 04:36,2026-08-06 06:02:48
KUL,departures,2026-08-05,03:05,03:17,MU858,CES858,KMG,Kunming Changshui International Airport,China Eastern Airlines,MU,A20N,Airbus A320-251N,B-32DY,Departed 04:17,2026-08-06 06:02:48
KUL,departures,2026-08-05,03:10,03:25,HO1564,DKH1564,WUX,Wuxi Sunan Shuofang International Airport,Juneyao Air,HO,A20N,Airbus A320-271N,B-324U,Departed 04:25,2026-08-06 06:02:48
KUL,departures,2026-08-05,03:15,03:33,BG387,BBC387,DAC,Dhaka Shahjalal International Airport,Biman Bangladesh Airlines,BG,B738,Boeing 737-83N,S2-AFM,Departed 04:33,2026-08-06 06:02:48
KUL,departures,2026-08-05,03:40,04:08,T5802,TUA802,ASB,Ashgabat International Airport,Turkmenistan Airlines,T5,B77L,Boeing 777-22K(LR),EZ-A778,Departed 05:08,2026-08-06 06:02:48
KUL,departures,2026-08-05,04:00,04:13,AK112,AXM112,CAN,Guangzhou Baiyun International Airport,AirAsia (Longjack Orang Kampung Livery),AK,A320,Airbus A320-216,9M-AJA,Departed 05:13,2026-08-06 06:02:48
KUL,departures,2026-08-05,04:30,05:15,TK175,THY175,IST,Istanbul Airport,Turkish Airlines,TK,A359,Airbus A350-941,TC-LHB,Departed 06:15,2026-08-06 06:02:48
KUL,departures,2026-08-05,04:30,04:42,RA416,RNA416,KTM,Kathmandu Tribhuvan International Airport,Nepal Airlines,RA,A320,Airbus A320-233,9N-AKX,Departed 05:42,2026-08-06 06:02:48
KUL,departures,2026-08-05,04:45,05:17,6E1032,IGO1032,MAA,Chennai International Airport,IndiGo,6E,A320,Airbus A320-232,VT-IAQ,Departed 06:17,2026-08-06 06:02:48
KUL,departures,2026-08-05,05:00,05:12,MH847,MAS847,UPG,Makassar Sultan Hasanuddin International Airport,Malaysia Airlines,MH,B738,Boeing 737-8H6,9M-MXW,Departed 06:12,2026-08-06 06:02:48
KUL,departures,2026-08-05,05:00,05:04,AK5744,AXM5744,TWU,Tawau Airport,AirAsia,AK,A20N,Airbus A320-251N,9M-AGO,Departed 06:04,2026-08-06 06:02:48
KUL,departures,2026-08-05,05:00,05:13,AK5108,AXM5108,BKI,Kota Kinabalu International Airport,AirAsia,AK,A20N,Airbus A320-251N,9M-AGD,Departed 06:13,2026-08-06 06:02:48
KUL,departures,2026-08-05,05:00,05:01,AK5246,AXM5246,BTU,Bintulu Airport,AirAsia (Persona 5 Royal Livery),AK,A320,Airbus A320-214,9M-AFF,Departed 06:01,2026-08-06 06:02:48
KUL,departures,2026-08-05,05:00,05:09,AK890,AXM890,DMK,Bangkok Don Mueang International Airport,AirAsia,AK,A320,Airbus A320-216,9M-AQO,Departed 06:09,2026-08-06 06:02:48
KUL,departures,2026-08-05,05:05,05:19,AK5192,AXM5192,SDK,Sandakan Airport,AirAsia (Resorts World Genting Livery),AK,A20N,Airbus A320-251N,9M-AGA,Departed 06:19,2026-08-06 06:02:48
KUL,departures,2026-08-05,05:10,05:22,AK701,AXM701,SIN,Singapore Changi Airport,AirAsia,AK,A320,Airbus A320-214,9M-RCB,Departed 06:22,2026-08-06 06:02:48
KUL,departures,2026-08-05,05:10,05:10,AK11,AXM11,MAA,Chennai International Airport,AirAsia,AK,A20N,Airbus A320-251N,9M-RAL,Departed 06:10,2026-08-06 06:02:48
KUL,departures,2026-08-05,05:10,05:22,AK126,AXM126,SZX,Shenzhen Bao'an International Airport,AirAsia,AK,A21N,Airbus A321-251NX,9M-VAH,Departed 06:22,2026-08-06 06:02:48
KUL,departures,2026-08-05,05:25,05:24,AK5876,AXM5876,SBW,Sibu Airport,AirAsia,AK,A320,Airbus A320-216,9M-RAU,Departed 06:24,2026-08-06 06:02:48
KUL,departures,2026-08-05,05:30,,MH6074,,TPE,Taipei Taoyuan International Airport,Malaysia Airlines,MH,33X,,,Unknown,2026-08-06 06:02:48
KUL,departures,2026-08-05,05:30,,FY2720,,KBR,Kota Bharu Sultan Ismail Petra Airport,Firefly,FY,738,,,Unknown,2026-08-06 06:02:48
KUL,departures,2026-08-05,05:30,05:33,AK5651,AXM5651,MYY,Miri Airport,AirAsia,AK,A320,Airbus A320-216,9M-AGP,Departed 06:33,2026-08-06 06:02:48
KUL,departures,2026-08-05,05:40,05:41,AK6124,AXM6124,PEN,Penang International Airport,AirAsia (Visit Truly Asia Malaysia 2020 Stickers),AK,A20N,Airbus A320-251N,9M-RAR,Departed 06:41,2026-08-06 06:02:48
KUL,departures,2026-08-05,05:50,05:10,3U9054,,NNG,Nanning Wuxu International Airport,Sichuan Airlines,3U,A321,Airbus A321-231(PCF),B-32JG,Estimated dep 06:10*,2026-08-06 06:02:48
KUL,departures,2026-08-05,05:50,,FY2530,,BKI,Kota Kinabalu International Airport,Firefly,FY,738,,,Unknown,2026-08-06 06:02:48
KUL,departures,2026-08-05,06:00,06:04,AK5202,AXM5202,KCH,Kuching International Airport,AirAsia,AK,A320,Airbus A320-214,9M-RCG,Departed 07:04,2026-08-06 06:02:48
KUL,departures,2026-08-05,06:00,06:14,AK380,AXM380,CGK,Jakarta Soekarno Hatta International Airport,AirAsia (BIG Duty Free Livery),AK,A320,Airbus A320-214,9M-AHY,Departed 07:14,2026-08-06 06:02:48
KUL,departures,2026-08-05,06:05,07:45,FM864,CSH864,PVG,Shanghai Pudong International Airport,Shanghai Airlines,FM,B38M,Boeing 737 MAX 8,B-1259,Departed 08:45,2026-08-06 06:02:48
KUL,departures,2026-08-05,06:05,06:07,AK520,AXM520,SGN,Ho Chi Minh City International Airport,AirAsia,AK,A20N,Airbus A320-251N,9M-RAB,Departed 07:07,2026-08-06 06:02:48
KUL,departures,2026-08-05,06:10,,MH6211,,MEL,Melbourne Airport,Malaysia Airlines,MH,33X,,,Unknown,2026-08-06 06:02:48
KUL,departures,2026-08-05,06:15,06:27,NH816,ANA816,NRT,Tokyo Narita International Airport,All Nippon Airways,NH,B788,Boeing 787-8 Dreamliner,JA804A,Departed 07:27,2026-08-06 06:02:48
KUL,departures,2026-08-05,06:15,06:17,AK6430,AXM6430,KBR,Kota Bharu Sultan Ismail Petra Airport,AirAsia,AK,A320,Airbus A320-214,9M-AHV,Departed 07:17,2026-08-06 06:02:48
KUL,departures,2026-08-05,06:15,06:35,MH2660,MAS2660,TWU,Tawau Airport,Malaysia Airlines,MH,B738,Boeing 737-8H6,9M-MLT,Departed 07:35,2026-08-06 06:02:48
KUL,departures,2026-08-05,06:15,06:20,AK6224,AXM6224,TGG,Kuala Terengganu Sultan Mahmud Airport,AirAsia,AK,A320,Airbus A320-214,9M-AFE,Departed 07:20,2026-08-06 06:02:48
KUL,departures,2026-08-05,06:15,06:22,AK6048,AXM6048,JHB,Johor Bahru Senai International Airport,AirAsia,AK,A320,Airbus A320-216,9M-RAO,Departed 07:22,2026-08-06 06:02:48
KUL,departures,2026-08-05,06:15,06:11,AK6020,AXM6020,AOR,Alor Setar Sultan Abdul Halim Airport,AirAsia (WeAreAllChampions Livery),AK,A320,Airbus A320-216,9M-AQF,Departed 07:11,2026-08-06 06:02:48
KUL,departures,2026-08-05,06:15,06:24,AK5104,AXM5104,BKI,Kota Kinabalu International Airport,AirAsia,AK,A21N,Airbus A321-251NX,9M-XVE,Departed 07:24,2026-08-06 06:02:48
KUL,departures,2026-08-05,06:15,06:16,AK138,AXM138,HKG,Hong Kong International Airport,AirAsia,AK,A320,Airbus A320-216,9M-RAA,Departed 07:16,2026-08-06 06:02:48
KUL,departures,2026-08-05,06:20,06:46,OD1632,MXD1632,KCH,Kuching International Airport,Batik Air,ID,B738,Boeing 737-8U3,9M-LDG,Departed 07:46,2026-08-06 06:02:48
KUL,departures,2026-08-05,06:20,06:42,MH2542,MAS2542,KCH,Kuching International Airport,Malaysia Airlines,MH,B38M,Boeing 737 MAX 8,9M-MVO,Departed 07:42,2026-08-06 06:02:48
KUL,departures,2026-08-05,06:20,06:39,MH713,MAS713,CGK,Jakarta Soekarno Hatta International Airport,Malaysia Airlines,MH,B38M,Boeing 737 MAX 8,9M-MVM,Departed 07:39,2026-08-06 06:02:48
KUL,departures,2026-08-05,06:20,06:45,AK703,AXM703,SIN,Singapore Changi Airport,AirAsia,AK,A320,Airbus A320-216,9M-AQS,Departed 07:45,2026-08-06 06:02:48
KUL,departures,2026-08-05,06:25,06:37,MU7708,CES7708,NKG,Nanjing Lukou International Airport,China Eastern Airlines,MU,A20N,Airbus A320-251N,B-302Z,Departed 07:37,2026-08-06 06:02:48
KUL,departures,2026-08-05,06:30,07:19,OD1002,MXD1002,BKI,Kota Kinabalu International Airport,Batik Air,ID,B38M,Boeing 737 MAX 8,9M-LRS,Departed 08:19,2026-08-06 06:02:48
KUL,departures,2026-08-05,06:40,06:51,D7302,XAX302,HGH,Hangzhou Xiaoshan International Airport,AirAsia,AK,A333,Airbus A330-343,9M-XXZ,Departed 07:51,2026-08-06 06:02:48
KUL,departures,2026-08-05,06:40,06:32,AK6114,AXM6114,PEN,Penang International Airport,AirAsia,AK,A320,Airbus A320-216,9M-RAW,Departed 07:32,2026-08-06 06:02:48
KUL,departures,2026-08-05,06:45,06:49,OD332,MXD332,PDG,Padang Minangkabau International Airport,Batik Air,ID,B38M,Boeing 737 MAX 8,9M-LRT,Departed 07:49,2026-08-06 06:02:48
KUL,departures,2026-08-05,06:45,06:56,AK304,AXM304,LOP,Lombok International Airport,AirAsia,AK,A20N,Airbus A320-251N,9M-AGS,Departed 07:56,2026-08-06 06:02:48
KUL,departures,2026-08-05,06:50,07:03,MH601,MAS601,SIN,Singapore Changi Airport,Malaysia Airlines,MH,B38M,Boeing 737 MAX 8,9M-MVE,Departed 08:03,2026-08-06 06:02:48
KUL,departures,2026-08-05,06:55,07:07,MH1037,MAS1037,JHB,Johor Bahru Senai International Airport,Malaysia Airlines,MH,B738,Boeing 737-8FZ,9M-MLL,Departed 08:07,2026-08-06 06:02:48
KUL,departures,2026-08-05,07:00,07:40,MF824,CXA824,XMN,Xiamen Gaoqi International Airport,Xiamen Air,MF,B38M,Boeing 737 MAX 8,B-226Z,Departed 08:40,2026-08-06 06:02:45
KUL,departures,2026-08-05,07:00,07:34,OD2102,MXD2102,PEN,Penang International Airport,Batik Air,ID,B738,Boeing 737-86N,9M-LDP,Departed 08:34,2026-08-06 06:02:45
KUL,departures,2026-08-05,07:00,06:57,AK5106,AXM5106,BKI,Kota Kinabalu International Airport,AirAsia,AK,A20N,Airbus A320-251N,9M-AGG,Departed 07:57,2026-08-06 06:02:45
KUL,departures,2026-08-05,07:05,07:24,MH1138,MAS1138,PEN,Penang International Airport,Malaysia Airlines,MH,B738,Boeing 737-8FZ,9M-MLK,Departed 08:24,2026-08-06 06:02:45
KUL,departures,2026-08-05,07:05,07:13,CZ366,CSN366,CAN,Guangzhou Baiyun International Airport,China Southern Airlines,CZ,B38M,Boeing 737 MAX 8,B-1175,Departed 08:13,2026-08-06 06:02:45
KUL,departures,2026-08-05,07:05,07:21,MH2612,MAS2612,BKI,Kota Kinabalu International Airport,Malaysia Airlines,MH,B738,Boeing 737-8H6,9M-MXB,Departed 08:21,2026-08-06 06:02:45
KUL,departures,2026-08-05,07:05,07:32,MH2608,MAS2608,LBU,Labuan Airport,Malaysia Airlines,MH,B738,Boeing 737-8H6,9M-MXN,Departed 08:32,2026-08-06 06:02:45
KUL,departures,2026-08-05,07:05,06:59,AK472,AXM472,BTH,Batam Hang Nadim Airport,AirAsia,AK,A20N,Airbus A320-251N,9M-AGL,Departed 07:59,2026-08-06 06:02:45
KUL,departures,2026-08-05,07:10,07:28,CX730,CPA730,HKG,Hong Kong International Airport,Cathay Pacific,CX,A21N,Airbus A321-251NX,B-HPR,Departed 08:28,2026-08-06 06:02:45
KUL,departures,2026-08-05,07:10,07:35,MH806,MAS806,MNL,Manila Ninoy Aquino International Airport,Malaysia Airlines,MH,B38M,Boeing 737 MAX 8,9M-MVJ,Departed 08:35,2026-08-06 06:02:45
KUL,departures,2026-08-05,07:10,07:14,AK880,AXM880,DMK,Bangkok Don Mueang International Airport,AirAsia (Allstars Livery),AK,A320,Airbus A320-214,9M-AFD,Departed 08:14,2026-08-06 06:02:45
KUL,departures,2026-08-05,07:15,,TH1021,,CGK,Jakarta Soekarno Hatta International Airport,Raya Airways,TH,767,,,Unknown,2026-08-06 06:02:45
KUL,departures,2026-08-05,07:15,07:38,OD801,MXD801,SIN,Singapore Changi Airport,Batik Air,ID,B38M,Boeing 737 MAX 8,9M-LRF,Departed 08:38,2026-08-06 06:02:45
KUL,departures,2026-08-05,07:20,07:26,AK582,AXM582,MNL,Manila Ninoy Aquino International Airport,AirAsia,AK,A20N,Airbus A320-251N,9M-RAK,Departed 08:26,2026-08-06 06:02:45
KUL,departures,2026-08-05,07:25,07:19,AK6436,AXM6436,KBR,Kota Bharu Sultan Ismail Petra Airport,AirAsia,AK,A320,Airbus A320-214,9M-DAE,Departed 08:19,2026-08-06 06:02:45
KUL,departures,2026-08-05,07:30,,FY2812,,KCH,Kuching International Airport,Firefly,FY,738,,,Unknown,2026-08-06 06:02:45
KUL,departures,2026-08-05,07:30,07:28,AK705,AXM705,SIN,Singapore Changi Airport,AirAsia,AK,A21N,Airbus A321-251NX,9M-VAC,Departed 08:28,2026-08-06 06:02:45
KUL,departures,2026-08-05,07:30,07:37,MH2716,MAS2716,SBW,Sibu Airport,Malaysia Airlines,MH,B738,Boeing 737-8H6,9M-MXX,Departed 08:37,2026-08-06 06:02:45
KUL,departures,2026-08-05,07:30,07:30,AK6306,AXM6306,LGK,Langkawi International Airport,AirAsia,AK,A320,Airbus A320-216,9M-AQN,Departed 08:30,2026-08-06 06:02:45
KUL,departures,2026-08-05,07:35,07:37,QZ201,AWQ201,CGK,Jakarta Soekarno Hatta International Airport,AirAsia (Sustainable ASEAN Tourism Livery),AK,A320,Airbus A320-216,PK-AZS,Departed 08:37,2026-08-06 06:02:45
KUL,departures,2026-08-05,07:35,07:46,AK74,AXM74,MLE,Male Velana International Airport,AirAsia,AK,A21N,Airbus A321-251NX,9M-VAG,Departed 08:46,2026-08-06 06:02:45
KUL,departures,2026-08-05,07:35,,AK6144,,PEN,Penang International Airport,AirAsia,AK,A320,Airbus A320-216,9M-AGU,Canceled,2026-08-06 06:02:45
KUL,departures,2026-08-05,07:35,07:42,AK5198,AXM5198,SDK,Sandakan Airport,"AirAsia (Still Winning, Still Gold livery)",AK,A20N,Airbus A320-251N,9M-RAQ,Departed 08:42,2026-08-06 06:02:45
KUL,departures,2026-08-05,07:40,07:43,QZ125,AWQ125,KNO,Medan Kuala Namu International Airport,AirAsia,AK,A320,Airbus A320-214,PK-AZI,Departed 08:43,2026-08-06 06:02:45
KUL,departures,2026-08-05,07:40,07:56,AK543,AXM543,PQC,Phu Quoc International Airport,AirAsia (General Electric Livery),AK,A320,Airbus A320-216,9M-AQB,Departed 08:56,2026-08-06 06:02:45
KUL,departures,2026-08-05,07:45,08:02,MH388,MAS388,PVG,Shanghai Pudong International Airport,Malaysia Airlines,MH,A333,Airbus A330-323,9M-MTH,Departed 09:02,2026-08-06 06:02:45
KUL,departures,2026-08-05,07:45,07:50,AK188,AXM188,MFM,Macau International Airport,AirAsia,AK,A20N,Airbus A320-251N,9M-RAJ,Departed 08:50,2026-08-06 06:02:45
KUL,departures,2026-08-05,07:50,,AK6051,,JHB,Johor Bahru Senai International Airport,AirAsia,AK,A320,Airbus A320-216,9M-AGU,Canceled,2026-08-06 06:02:45
KUL,departures,2026-08-05,07:50,07:53,UL319,ALK319,CMB,Colombo Bandaranaike International Airport,SriLankan Airlines (Oneworld Livery),UL,A320,Airbus A320-214,4R-ABO,Departed 08:53,2026-08-06 06:02:45
KUL,departures,2026-08-05,07:50,08:26,8B676,TNU676,CGK,Jakarta Soekarno Hatta International Airport,TransNusa,8B,A321,Airbus A321-211,PK-TLK,Departed 09:26,2026-08-06 06:02:45
KUL,departures,2026-08-05,07:55,08:05,SQ103,SIA103,SIN,Singapore Changi Airport,Singapore Airlines,SQ,B38M,Boeing 737 MAX 8,9V-MBJ,Departed 09:05,2026-08-06 06:02:45
KUL,departures,2026-08-05,07:55,08:00,MH2574,MAS2574,MYY,Miri Airport,Malaysia Airlines,MH,B738,Boeing 737-8H6,9M-MXE,Departed 09:00,2026-08-06 06:02:45
KUL,departures,2026-08-05,07:55,08:11,MH125,MAS125,PER,Perth Airport,Malaysia Airlines,MH,B38M,Boeing 737 MAX 8,9M-MVQ,Departed 09:11,2026-08-06 06:02:45
KUL,departures,2026-08-05,08:00,08:09,TK174,THY174,SYD,Sydney Kingsford Smith Airport,Turkish Airlines,TK,A359,Airbus A350-941,TC-LGR,Departed 09:09,2026-08-06 06:02:45
KUL,departures,2026-08-05,08:00,08:39,OD306,MXD306,DPS,Denpasar Ngurah Rai International Airport,Batik Air,ID,B738,Boeing 737-8U3,9M-LDF,Departed 09:39,2026-08-06 06:02:45
KUL,departures,2026-08-05,08:00,08:37,MH376,MAS376,CAN,Guangzhou Baiyun International Airport,Malaysia Airlines,MH,A333,Airbus A330-323,9M-MTK,Departed 09:37,2026-08-06 06:02:45
KUL,departures,2026-08-05,08:00,08:04,BA8179,,KTI,Phnom Penh Techo International Airport,Malaysia Airlines,MH,B738,Boeing 737-8H6,9M-MLU,Estimated dep 09:04*,2026-08-06 06:02:45
KUL,departures,2026-08-05,08:00,08:08,AK364,AXM364,DPS,Denpasar Ngurah Rai International Airport,AirAsia,AK,A21N,Airbus A321-251NX,9M-VAB,Departed 09:08,2026-08-06 06:02:45
KUL,departures,2026-08-05,08:00,08:24,MH784,MAS784,BKK,Bangkok Suvarnabhumi Airport,Malaysia Airlines,MH,B38M,Boeing 737 MAX 8,9M-MVR,Departed 09:24,2026-08-06 06:02:45
KUL,departures,2026-08-05,08:00,08:17,MH754,MAS754,KTI,Phnom Penh Techo International Airport,Malaysia Airlines,MH,B738,Boeing 737-8H6,9M-MLU,Departed 09:17,2026-08-06 06:02:45
KUL,departures,2026-08-05,08:00,08:18,MH750,MAS750,SGN,Ho Chi Minh City International Airport,Malaysia Airlines,MH,B38M,Boeing 737 MAX 8,9M-MVI,Departed 09:18,2026-08-06 06:02:45
KUL,departures,2026-08-05,08:00,08:20,MH715,MAS715,DPS,Denpasar Ngurah Rai International Airport,Malaysia Airlines,MH,A339,Airbus A330-941,9M-MNN,Departed 09:20,2026-08-06 06:02:45
KUL,departures,2026-08-05,08:00,08:30,MH711,MAS711,CGK,Jakarta Soekarno Hatta International Airport,Malaysia Airlines,MH,B738,Boeing 737-8H6,9M-MLP,Departed 09:30,2026-08-06 06:02:45
KUL,departures,2026-08-05,08:00,07:57,AK5746,AXM5746,TWU,Tawau Airport,AirAsia,AK,A320,Airbus A320-216,9M-RAD,Departed 08:57,2026-08-06 06:02:45
KUL,departures,2026-08-05,08:05,08:07,MH611,MAS611,SIN,Singapore Changi Airport,Malaysia Airlines,MH,B38M,Boeing 737 MAX 8,9M-MVC,Departed 09:07,2026-08-06 06:02:45
KUL,departures,2026-08-05,08:10,08:35,ID7263,BTK7263,KNO,Medan Kuala Namu International Airport,Batik Air,ID,B738,Boeing 737-8GP,PK-LZZ,Departed 09:35,2026-08-06 06:02:45
KUL,departures,2026-08-05,08:10,08:22,QZ321,AWQ321,SUB,Surabaya Juanda International Airport,AirAsia (Dnars Indonesia Livery),AK,A320,Airbus A320-216,PK-AZN,Departed 09:22,2026-08-06 06:02:45
KUL,departures,2026-08-05,08:10,08:40,MH141,MAS141,SYD,Sydney Kingsford Smith Airport,Malaysia Airlines,MH,A339,Airbus A330-941,9M-MNP,Departed 09:40,2026-08-06 06:02:45
KUL,departures,2026-08-05,08:10,08:31,MH72,MAS072,HKG,Hong Kong International Airport,Malaysia Airlines,MH,B38M,Boeing 737 MAX 8,9M-MVH,Departed 09:31,2026-08-06 06:02:45
KUL,departures,2026-08-05,08:10,08:47,MH786,MAS786,HKT,Phuket International Airport,Malaysia Airlines (Malaysia Negaraku Livery),MH,B738,Boeing 737-8H6,9M-MXU,Departed 09:47,2026-08-06 06:02:45
KUL,departures,2026-08-05,08:10,08:33,MH497,MAS497,CMB,Colombo Bandaranaike International Airport,Malaysia Airlines,MH,B38M,Boeing 737 MAX 8,9M-MVL,Departed 09:33,2026-08-06 06:02:45
KUL,departures,2026-08-05,08:10,,ID7267,,LOP,Lombok International Airport,Batik Air,ID,738,,,Unknown,2026-08-06 06:02:45
KUL,departures,2026-08-05,08:10,08:14,AK727,AXM727,SIN,Singapore Changi Airport,AirAsia (Sarawak Livery),AK,A320,Airbus A320-216,9M-AJD,Departed 09:14,2026-08-06 06:02:45
KUL,departures,2026-08-05,08:15,08:23,MH2610,MAS2610,BKI,Kota Kinabalu International Airport,Malaysia Airlines (Malaysia Negaraku Livery),MH,B738,Boeing 737-8H6,9M-MXF,Departed 09:23,2026-08-06 06:02:45
KUL,departures,2026-08-05,08:15,08:27,AK642,AXM642,DAD,Da Nang International Airport,AirAsia,AK,A320,Airbus A320-216,9M-RAE,Departed 09:27,2026-08-06 06:02:45
KUL,departures,2026-08-05,08:15,08:45,MH366,MAS366,TPE,Taipei Taoyuan International Airport,Malaysia Airlines,MH,B738,Boeing 737-8H6,9M-MXT,Departed 09:45,2026-08-06 06:02:45
KUL,departures,2026-08-05,08:15,08:26,D7220,XAX220,SYD,Sydney Kingsford Smith Airport,AirAsia (UFC Livery),AK,A333,Airbus A330-343,9M-XXD,Departed 09:26,2026-08-06 06:02:45
KUL,departures,2026-08-05,08:20,09:08,MH129,MAS129,MEL,Melbourne Airport,Malaysia Airlines,MH,A339,Airbus A330-941,9M-MNI,Departed 10:08,2026-08-06 06:02:45
KUL,departures,2026-08-05,08:20,08:39,D7378,XAX378,TPE,Taipei Taoyuan International Airport,AirAsia,AK,A333,Airbus A330-343,9M-XXJ,Departed 09:39,2026-08-06 06:02:45
KUL,departures,2026-08-05,08:20,08:14,AK5204,AXM5204,KCH,Kuching International Airport,AirAsia (100th Awesome Plane Livery),AK,A320,Airbus A320-216,9M-AQH,Departed 09:14,2026-08-06 06:02:45
KUL,departures,2026-08-05,08:25,08:43,MH1432,MAS1432,LGK,Langkawi International Airport,Malaysia Airlines,MH,B738,Boeing 737-8H6,9M-MXG,Departed 09:43,2026-08-06 06:02:45
KUL,departures,2026-08-05,08:25,08:52,MH174,MAS174,BOM,Mumbai Chhatrapati Shivaji International Airport,Malaysia Airlines,MH,B38M,Boeing 737 MAX 8,9M-MVG,Departed 09:52,2026-08-06 06:02:45
KUL,departures,2026-08-05,08:25,08:37,AK6142,AXM6142,PEN,Penang International Airport,AirAsia,AK,A20N,Airbus A320-251N,9M-AGJ,Departed 09:37,2026-08-06 06:02:45
KUL,departures,2026-08-05,08:25,08:29,AK452,AXM452,SRG,Semarang Achmad Yani International Airport,AirAsia (Universiti Putra Malaysia Livery),AK,A320,Airbus A320-216,9M-AQD,Departed 09:29,2026-08-06 06:02:45
KUL,departures,2026-08-05,08:30,08:55,WY822,OMA822,MCT,Muscat International Airport,Oman Air,WY,B789,Boeing 787-9 Dreamliner,A4O-SJ,Departed 09:55,2026-08-06 06:02:45
KUL,departures,2026-08-05,08:30,09:06,QR845,QTR36A,DOH,Doha Hamad International Airport,Qatar Airways,QR,B77W,Boeing 777-3DZ(ER),A7-BAJ,Departed 10:06,2026-08-06 06:02:45
KUL,departures,2026-08-05,08:30,08:54,OD1900,MXD1900,TWU,Tawau Airport,Batik Air,ID,B38M,Boeing 737 MAX 8,9M-LRU,Departed 09:54,2026-08-06 06:02:45
KUL,departures,2026-08-05,08:30,08:33,AK5872,AXM5872,SBW,Sibu Airport,AirAsia,AK,A20N,Airbus A320-251N,9M-AGE,Departed 09:33,2026-08-06 06:02:45
KUL,departures,2026-08-05,08:35,08:48,MH752,MAS752,HAN,Hanoi Noi Bai International Airport,Malaysia Airlines,MH,B38M,Boeing 737 MAX 8,9M-MVN,Departed 09:48,2026-08-06 06:02:45
KUL,departures,2026-08-05,08:35,08:43,AK462,AXM462,PLM,Palembang International Airport,AirAsia,AK,A320,Airbus A320-214,9M-AJT,Departed 09:43,2026-08-06 06:02:45
KUL,departures,2026-08-05,08:40,09:02,AK346,AXM346,YIA,Yogyakarta International Airport,AirAsia (Let’s Fly To Terengganu Livery),AK,A320,Airbus A320-216,9M-AJS,Departed 10:02,2026-08-06 06:02:45
KUL,departures,2026-08-05,08:45,08:50,MY5002,BNE5002,KCH,Kuching International Airport,AirBorneo,MY,B738,Boeing 737-8U3,9M-LCZ,Departed 09:50,2026-08-06 06:02:45
KUL,departures,2026-08-05,08:50,09:15,TK63,THY48L,IST,Istanbul Airport,Turkish Airlines,TK,A359,Airbus A350-941,TC-LGI,Departed 10:15,2026-08-06 06:02:45
KUL,departures,2026-08-05,08:50,09:40,MH4,MAS4,LHR,London Heathrow Airport,Malaysia Airlines (Malaysia Negaraku Livery),MH,A359,Airbus A350-941,9M-MAC,Departed 10:40,2026-08-06 06:02:45
KUL,departures,2026-08-05,08:50,09:01,OD522,MXD522,DMK,Bangkok Don Mueang International Airport,Batik Air,ID,B738,Boeing 737-8GP,9M-LDD,Departed 10:01,2026-08-06 06:02:45
KUL,departures,2026-08-05,08:50,09:00,MH772,MAS772,CNX,Chiang Mai International Airport,Malaysia Airlines (Oneworld Livery),MH,B738,Boeing 737-8H6,9M-MXC,Departed 10:00,2026-08-06 06:02:45
KUL,departures,2026-08-05,08:50,09:18,MH70,MAS70,NRT,Tokyo Narita International Airport,Malaysia Airlines (Oneworld Livery),MH,A333,Airbus A330-323,9M-MTO,Departed 10:18,2026-08-06 06:02:45
KUL,departures,2026-08-05,08:50,08:58,FY3692,FFM3692,CEB,Cebu Mactan International Airport,Firefly,FY,B738,Boeing 737-8FZ,9M-MLH,Departed 09:58,2026-08-06 06:02:45
KUL,departures,2026-08-05,08:50,09:13,EY489,ETD7NW,AUH,Abu Dhabi Zayed International Airport,Etihad Airways,EY,B789,Boeing 787-9 Dreamliner,A6-BLN,Departed 10:13,2026-08-06 06:02:45
KUL,departures,2026-08-05,09:00,09:03,OD1722,MXD1722,BTU,Bintulu Airport,Batik Air (Visit Malaysia Truly Asia 2026 Livery),ID,B38M,Boeing 737 MAX 8,9M-LRM,Departed 10:03,2026-08-06 06:02:45
KUL,departures,2026-08-05,09:00,09:50,D7604,XAX604,SAW,Istanbul Sabiha Gokcen International Airport,AirAsia,AK,A333,Airbus A330-343,9M-XXG,Departed 10:50,2026-08-06 06:02:45
KUL,departures,2026-08-05,09:00,09:10,AK492,AXM492,PNK,Pontianak Supadio Airport,AirAsia,AK,A320,Airbus A320-214,9M-RCB,Departed 10:10,2026-08-06 06:02:45
KUL,departures,2026-08-05,09:00,11:07,OD2201,MXD2201,LGK,Langkawi International Airport,Batik Air,ID,B738,Boeing 737-86N,9M-LDP,Departed 12:07,2026-08-06 06:02:45
KUL,departures,2026-08-05,09:00,09:31,OD356,MXD356,BTH,Batam Hang Nadim Airport,Batik Air,ID,B738,Boeing 737-8GP,9M-LNR,Departed 10:31,2026-08-06 06:02:45
KUL,departures,2026-08-05,09:00,09:37,G9801,ABY801,SHJ,Sharjah International Airport,Air Arabia,G9,A21N,Airbus A321-251NX(LR),A6-ATD,Departed 10:37,2026-08-06 06:02:45
KUL,departures,2026-08-05,09:00,09:04,AK6042,AXM6042,JHB,Johor Bahru Senai International Airport,AirAsia,AK,A320,Airbus A320-216,9M-AJY,Departed 10:04,2026-08-06 06:02:45
KUL,departures,2026-08-05,09:05,09:11,AK6222,AXM6222,TGG,Kuala Terengganu Sultan Mahmud Airport,AirAsia (Visit Truly Asia Malaysia 2020 Stickers),AK,A20N,Airbus A320-251N,9M-RAR,Departed 10:11,2026-08-06 06:02:45
KUL,departures,2026-08-05,09:10,,MH6102,,KCH,Kuching International Airport,Malaysia Airlines,MH,33X,,,Unknown,2026-08-06 06:02:45
KUL,departures,2026-08-05,09:10,09:25,MH627,MAS627,SIN,Singapore Changi Airport,Malaysia Airlines (Malaysia Negaraku Livery),MH,B738,Boeing 737-8H6,9M-MXV,Departed 10:25,2026-08-06 06:02:45
KUL,departures,2026-08-05,09:10,09:23,MH485,MAS484,MLE,Male Velana International Airport,Malaysia Airlines,MH,B38M,Boeing 737 MAX 8,9M-MVK,Departed 10:23,2026-08-06 06:02:45
KUL,departures,2026-08-05,09:10,09:28,OD571,MXD571,HAN,Hanoi Noi Bai International Airport,Batik Air,ID,B38M,Boeing 737 MAX 8,9M-LRD,Departed 10:28,2026-08-06 06:02:45
KUL,departures,2026-08-05,09:10,09:30,MH704,MAS704,MNL,Manila Ninoy Aquino International Airport,Malaysia Airlines,MH,B738,Boeing 737-8H6,9M-MSA,Departed 10:30,2026-08-06 06:02:45
KUL,departures,2026-08-05,09:10,09:21,AK5110,AXM5110,BKI,Kota Kinabalu International Airport,AirAsia,AK,A21N,Airbus A321-251NX,9M-VAE,Departed 10:21,2026-08-06 06:02:45
KUL,departures,2026-08-05,09:10,09:15,AK832,AXM832,HKT,Phuket International Airport,AirAsia,AK,A320,Airbus A320-216,9M-RAO,Departed 10:15,2026-08-06 06:02:45
KUL,departures,2026-08-05,09:15,09:43,OD293,MXD293,MLE,Male Velana International Airport,Batik Air,ID,B738,Boeing 737-8GP,9M-LNV,Departed 10:43,2026-08-06 06:02:45
KUL,departures,2026-08-05,09:15,09:35,OD605,MXD605,HKG,Hong Kong International Airport,Batik Air,ID,B738,Boeing 737-8GP,9M-LNQ,Departed 10:35,2026-08-06 06:02:45
KUL,departures,2026-08-05,09:20,09:32,EK345,UAE8Y,DXB,Dubai International Airport,Emirates,EK,B77W,Boeing 777-31H(ER),A6-EGY,Departed 10:32,2026-08-06 06:02:45
KUL,departures,2026-08-05,09:20,09:24,AK707,AXM707,SIN,Singapore Changi Airport,"AirAsia (3, 2,1, Take Off Livery)",AK,A21N,Airbus A321-251NX,9M-VAA,Departed 10:24,2026-08-06 06:02:45
KUL,departures,2026-08-05,09:25,09:44,SQ105,SIA105,SIN,Singapore Changi Airport,Singapore Airlines,SQ,A359,Airbus A350-941,9V-SMR,Departed 10:44,2026-08-06 06:02:45
KUL,departures,2026-08-05,09:25,09:39,MH2710,MAS2710,SDK,Sandakan Airport,Malaysia Airlines,MH,B738,Boeing 737-8H6,9M-MLS,Departed 10:39,2026-08-06 06:02:45
KUL,departures,2026-08-05,09:30,,MH6108,,HKG,Hong Kong International Airport,Malaysia Airlines,MH,33X,,,Unknown,2026-08-06 06:02:42
KUL,departures,2026-08-05,09:30,11:28,OD803,MXD803,SIN,Singapore Changi Airport,Batik Air,ID,B738,Boeing 737-8U3,9M-LDH,Departed 12:28,2026-08-06 06:02:42
KUL,departures,2026-08-05,09:30,10:54,AK5232,AXM5232,KCH,Kuching International Airport,AirAsia,AK,A320,Airbus A320-216,9M-AQP,Departed 11:54,2026-08-06 06:02:42
KUL,departures,2026-08-05,09:30,11:41,OD502,MXD502,DAD,Da Nang International Airport,Batik Air,ID,B738,Boeing 737-8GP,9M-LNY,Departed 12:41,2026-08-06 06:02:42
KUL,departures,2026-08-05,09:30,09:45,AK6320,AXM6320,LGK,Langkawi International Airport,AirAsia (Save Our Malayan Tiger Livery),AK,A320,Airbus A320-216,9M-AQZ,Departed 10:45,2026-08-06 06:02:42
KUL,departures,2026-08-05,09:30,09:33,AK391,AXM391,KNO,Medan Kuala Namu International Airport,AirAsia,AK,A20N,Airbus A320-251N,9M-AGN,Departed 10:33,2026-08-06 06:02:42
KUL,departures,2026-08-05,09:35,09:53,AK431,AXM431,PKU,Pekanbaru Sultan Syarif Kasim II Airport,AirAsia,AK,A320,Airbus A320-214,9M-AFE,Departed 10:53,2026-08-06 06:02:42
KUL,departures,2026-08-05,09:40,10:05,MF8716,CXA8716,NKG,Nanjing Lukou International Airport,Xiamen Air,MF,B38M,Boeing 737 MAX 8,B-20E1,Departed 11:05,2026-08-06 06:02:42
KUL,departures,2026-08-05,09:45,11:11,AK310,AXM310,LBJ,Labuan Bajo Komodo Airport,AirAsia,AK,A20N,Airbus A320-251N,9M-AGQ,Departed 12:11,2026-08-06 06:02:42
KUL,departures,2026-08-05,09:55,10:01,AK5642,AXM5642,MYY,Miri Airport,AirAsia,AK,A320,Airbus A320-214,9M-AHV,Departed 11:01,2026-08-06 06:02:42
KUL,departures,2026-08-05,09:55,10:15,AK866,AXM866,KBV,Krabi Airport,AirAsia,AK,A320,Airbus A320-216,9M-AQS,Departed 11:15,2026-08-06 06:02:42
KUL,departures,2026-08-05,10:00,10:10,KT164,SEJ5156,KTI,Phnom Penh Techo International Airport,AirAsia (Cambodia Livery),AK,A320,Airbus A320-214,XU-818,Departed 11:10,2026-08-06 06:02:42
KUL,departures,2026-08-05,10:00,10:04,SQ107,SIA107,SIN,Singapore Changi Airport,Singapore Airlines,SQ,B38M,Boeing 737 MAX 8,9V-MBH,Departed 11:04,2026-08-06 06:02:42
KUL,departures,2026-08-05,10:00,10:12,MH2520,MAS2520,KCH,Kuching International Airport,Malaysia Airlines,MH,B738,Boeing 737-8H6,9M-MXL,Departed 11:12,2026-08-06 06:02:42
KUL,departures,2026-08-05,10:00,10:00,KT164,SEJ5156,KTI,Phnom Penh Techo International Airport,AirAsia (Cambodia Livery),AK,A320,Airbus A320-214,XU-818,Departed 11:00,2026-08-06 06:02:42
KUL,departures,2026-08-05,10:05,10:08,AK528,AXM528,SGN,Ho Chi Minh City International Airport,AirAsia (HYROX Livery),AK,A320,Airbus A320-216,9M-AHR,Departed 11:08,2026-08-06 06:02:42
KUL,departures,2026-08-05,10:15,10:35,QZ325,AWQ325,SUB,Surabaya Juanda International Airport,AirAsia,AK,A320,Airbus A320-214,PK-AZJ,Departed 11:35,2026-08-06 06:02:42
KUL,departures,2026-08-05,10:25,10:34,AK406,AXM406,PDG,Padang Minangkabau International Airport,AirAsia (WeAreAllChampions Livery),AK,A320,Airbus A320-216,9M-AQF,Departed 11:34,2026-08-06 06:02:42
KUL,departures,2026-08-05,10:30,11:31,KE382,KAL382,ICN,Seoul Incheon International Airport,Korean Air Cargo,KE,B744,Boeing 747-4B5F(ER),HL7602,Departed 12:31,2026-08-06 06:02:42
KUL,departures,2026-08-05,10:30,,FY3610,,KBV,Krabi Airport,Firefly,FY,738,,,Unknown,2026-08-06 06:02:42
KUL,departures,2026-08-05,10:30,10:38,AK351,AXM351,CGK,Jakarta Soekarno Hatta International Airport,AirAsia,AK,A20N,Airbus A320-251N,9M-RAM,Departed 11:38,2026-08-06 06:02:42
KUL,departures,2026-08-05,10:35,10:48,MH2646,MAS2646,BKI,Kota Kinabalu International Airport,Malaysia Airlines,MH,B738,Boeing 737-8H6,9M-MSE,Departed 11:48,2026-08-06 06:02:42
KUL,departures,2026-08-05,10:35,10:56,TR451,TGW451,SIN,Singapore Changi Airport,Scoot,TR,A20N,Airbus A320-271N,9V-TNK,Departed 11:56,2026-08-06 06:02:42
KUL,departures,2026-08-05,10:40,10:59,AK376,AXM376,DPS,Denpasar Ngurah Rai International Airport,AirAsia,AK,A320,Airbus A320-216,9M-RAU,Departed 11:59,2026-08-06 06:02:42
KUL,departures,2026-08-05,10:45,11:03,AK882,AXM882,DMK,Bangkok Don Mueang International Airport,AirAsia,AK,A21N,Airbus A321-251NX,9M-VAD,Departed 12:03,2026-08-06 06:02:42
KUL,departures,2026-08-05,10:45,11:05,OD388,MXD388,CGK,Jakarta Soekarno Hatta International Airport,Batik Air,ID,B738,Boeing 737-8GP,9M-LNZ,Departed 12:05,2026-08-06 06:02:42
KUL,departures,2026-08-05,10:45,10:58,MH1140,MAS1140,PEN,Penang International Airport,Malaysia Airlines,MH,B738,Boeing 737-8FZ,9M-FFF,Departed 11:58,2026-08-06 06:02:42
KUL,departures,2026-08-05,10:45,11:02,MH603,MAS603,SIN,Singapore Changi Airport,Malaysia Airlines,MH,B38M,Boeing 737 MAX 8,9M-MVB,Departed 12:02,2026-08-06 06:02:42
KUL,departures,2026-08-05,10:45,10:52,AK6304,AXM6304,LGK,Langkawi International Airport,AirAsia,AK,A320,Airbus A320-214,9M-AJG,Departed 11:52,2026-08-06 06:02:42
KUL,departures,2026-08-05,10:45,10:51,AK5140,AXM5140,BKI,Kota Kinabalu International Airport,AirAsia,AK,A20N,Airbus A320-251N,9M-AGL,Departed 11:51,2026-08-06 06:02:42
KUL,departures,2026-08-05,10:50,10:44,AK6126,AXM6126,PEN,Penang International Airport,AirAsia (Persona 5 Royal Livery),AK,A320,Airbus A320-214,9M-AFF,Departed 11:44,2026-08-06 06:02:42
KUL,departures,2026-08-05,10:50,11:01,FY2953,FFM2953,PEN,Penang International Airport,Firefly,FY,B738,Boeing 737-8FZ,9M-MLI,Departed 12:01,2026-08-06 06:02:42
KUL,departures,2026-08-05,10:55,11:10,MH1438,MAS1438,LGK,Langkawi International Airport,Malaysia Airlines,MH,B738,Boeing 737-8FZ,9M-MLK,Departed 12:10,2026-08-06 06:02:42
KUL,departures,2026-08-05,10:55,11:24,AK711,AXM711,SIN,Singapore Changi Airport,AirAsia,AK,A320,Airbus A320-214,9M-DAE,Departed 12:24,2026-08-06 06:02:42
KUL,departures,2026-08-05,11:00,12:07,OD2203,MXD2203,LGK,Langkawi International Airport,Batik Air,ID,B738,Boeing 737-8U3,9M-LDG,Departed 13:07,2026-08-06 06:02:42
KUL,departures,2026-08-05,11:00,11:34,OD540,MXD540,HKT,Phuket International Airport,Batik Air,ID,B38M,Boeing 737 MAX 8,9M-LRF,Departed 12:34,2026-08-06 06:02:42
KUL,departures,2026-08-05,11:00,11:21,MH748,MAS748,DAD,Da Nang International Airport,Malaysia Airlines,MH,B38M,Boeing 737 MAX 8,9M-MVF,Departed 12:21,2026-08-06 06:02:42
KUL,departures,2026-08-05,11:00,11:13,AK512,AXM512,HAN,Hanoi Noi Bai International Airport,AirAsia,AK,A320,Airbus A320-216,9M-DAG,Departed 12:13,2026-08-06 06:02:42
KUL,departures,2026-08-05,11:05,11:15,AK6040,AXM6040,JHB,Johor Bahru Senai International Airport,AirAsia,AK,A320,Airbus A320-216,9M-AGT,Departed 12:15,2026-08-06 06:02:42
KUL,departures,2026-08-05,11:05,11:15,AK6442,AXM6442,KBR,Kota Bharu Sultan Ismail Petra Airport,AirAsia,AK,A320,Airbus A320-214,9M-RCG,Departed 12:15,2026-08-06 06:02:42
KUL,departures,2026-08-05,11:05,11:08,8M502,MMA502,RGN,Yangon International Airport,Myanmar Airways International,8M,A319,Airbus A319-112,XY-ALZ,Departed 12:08,2026-08-06 06:02:42
KUL,departures,2026-08-05,11:10,11:09,QZ121,AWQ121,KNO,Medan Kuala Namu International Airport,AirAsia,AK,A320,Airbus A320-214,PK-AZI,Departed 12:09,2026-08-06 06:02:42
KUL,departures,2026-08-05,11:10,11:18,MH788,MAS788,BKK,Bangkok Suvarnabhumi Airport,Malaysia Airlines,MH,B38M,Boeing 737 MAX 8,9M-MVD,Departed 12:18,2026-08-06 06:02:42
KUL,departures,2026-08-05,11:10,11:16,AK5172,AXM5172,LBU,Labuan Airport,AirAsia,AK,A320,Airbus A320-216,9M-AQN,Departed 12:16,2026-08-06 06:02:42
KUL,departures,2026-08-05,11:15,11:37,AK264,AXM264,KOS,Sihanoukville International Airport,AirAsia,AK,A320,Airbus A320-216,9M-AJZ,Departed 12:37,2026-08-06 06:02:42
KUL,departures,2026-08-05,11:20,11:26,PR526,PAL526,MNL,Manila Ninoy Aquino International Airport,Philippine Airlines,PR,A321,Airbus A321-231,RP-C9905,Departed 12:26,2026-08-06 06:02:42
KUL,departures,2026-08-05,11:25,11:39,AK5208,AXM5208,KCH,Kuching International Airport,AirAsia,AK,A20N,Airbus A320-251N,9M-AGW,Departed 12:39,2026-08-06 06:02:42
KUL,departures,2026-08-05,11:25,12:16,OD2104,MXD2104,PEN,Penang International Airport,Batik Air,ID,B738,Boeing 737-86N,9M-LDK,Departed 13:16,2026-08-06 06:02:42
KUL,departures,2026-08-05,11:25,11:35,MH851,MAS851,DPS,Denpasar Ngurah Rai International Airport,Malaysia Airlines,MH,B38M,Boeing 737 MAX 8,9M-MVP,Departed 12:35,2026-08-06 06:02:42
KUL,departures,2026-08-05,11:30,11:51,VJ906,VJC906,HAN,Hanoi Noi Bai International Airport,VietJet Air,VJ,A321,Airbus A321-211,VN-A698,Departed 12:51,2026-08-06 06:02:42
KUL,departures,2026-08-05,11:30,11:43,MH2530,MAS2530,KCH,Kuching International Airport,Malaysia Airlines,MH,B38M,Boeing 737 MAX 8,9M-MVE,Departed 12:43,2026-08-06 06:02:42
KUL,departures,2026-08-05,11:30,11:40,HU498,CHH498,BAR,Qionghai Bo'ao Airport,Hainan Airlines,HU,B38M,Boeing 737 MAX 8,B-1390,Departed 12:40,2026-08-06 06:02:42
KUL,departures,2026-08-05,11:30,11:47,AK824,AXM824,HKT,Phuket International Airport,AirAsia (BIG Duty Free Livery),AK,A320,Airbus A320-214,9M-AHY,Departed 12:47,2026-08-06 06:02:42
KUL,departures,2026-08-05,11:45,12:16,D7600,XAX600,ALA,Almaty International Airport,AirAsia,AK,A333,Airbus A330-343,9M-XBI,Departed 13:16,2026-08-06 06:02:42
KUL,departures,2026-08-05,11:50,12:03,AK368,AXM368,DPS,Denpasar Ngurah Rai International Airport,AirAsia,AK,A21N,Airbus A321-251NX,9M-VAC,Departed 13:03,2026-08-06 06:02:42
KUL,departures,2026-08-05,11:50,12:04,GA821,GIA821,CGK,Jakarta Soekarno Hatta International Airport,Garuda Indonesia,GA,B738,Boeing 737-8U3,PK-GMF,Departed 13:04,2026-08-06 06:02:42
KUL,departures,2026-08-05,11:50,12:12,BR218,EVA218,TPE,Taipei Taoyuan International Airport,EVA Air,BR,B77W,Boeing 777-35E(ER),B-16717,Departed 13:12,2026-08-06 06:02:42
KUL,departures,2026-08-05,11:50,11:54,AK6324,AXM6324,LGK,Langkawi International Airport,AirAsia,AK,A320,Airbus A320-216,9M-AQO,Departed 12:54,2026-08-06 06:02:42
KUL,departures,2026-08-05,11:50,12:02,AK545,AXM545,PQC,Phu Quoc International Airport,AirAsia,AK,A20N,Airbus A320-251N,9M-AGJ,Departed 13:02,2026-08-06 06:02:42
KUL,departures,2026-08-05,11:55,12:09,MH2614,MAS2614,BKI,Kota Kinabalu International Airport,Malaysia Airlines,MH,B738,Boeing 737-8H6,9M-MXY,Departed 13:09,2026-08-06 06:02:42
KUL,departures,2026-08-05,11:55,11:57,MH794,MAS794,HKT,Phuket International Airport,Malaysia Airlines,MH,B738,Boeing 737-8H6,9M-MXO,Departed 12:57,2026-08-06 06:02:42
KUL,departures,2026-08-05,11:55,12:19,MH38,MAS038,ICN,Seoul Incheon International Airport,Malaysia Airlines (Malaysia Negaraku Livery),MH,A332,Airbus A330-223,9M-MTY,Departed 13:19,2026-08-06 06:02:42
KUL,departures,2026-08-05,12:05,12:18,MH1208,MAS1208,AOR,Alor Setar Sultan Abdul Halim Airport,Malaysia Airlines,MH,B738,Boeing 737-8FZ,9M-MLL,Departed 13:18,2026-08-06 06:02:42
KUL,departures,2026-08-05,12:05,12:24,MH1426,MAS1426,KBR,Kota Bharu Sultan Ismail Petra Airport,Malaysia Airlines,MH,B738,Boeing 737-8H6,9M-MLN,Departed 13:24,2026-08-06 06:02:42
KUL,departures,2026-08-05,12:05,12:05,AK5644,AXM5644,MYY,Miri Airport,AirAsia,AK,A20N,Airbus A320-251N,9M-AGH,Departed 13:05,2026-08-06 06:02:42
KUL,departures,2026-08-05,12:05,12:23,AK168,AXM168,NNG,Nanning Wuxu International Airport,AirAsia (Visit Truly Asia Malaysia 2020 Stickers),AK,A20N,Airbus A320-251N,9M-RAR,Departed 13:23,2026-08-06 06:02:42
KUL,departures,2026-08-05,12:10,12:22,MH1436,MAS1436,LGK,Langkawi International Airport,Malaysia Airlines,MH,B38M,Boeing 737 MAX 8,9M-MVO,Departed 13:22,2026-08-06 06:02:42
KUL,departures,2026-08-05,12:10,12:38,CX722,CPA722,HKG,Hong Kong International Airport,Cathay Pacific,CX,A333,Airbus A330-343,B-HLR,Departed 13:38,2026-08-06 06:02:42
KUL,departures,2026-08-05,12:10,12:14,AK101,AXM101,KMG,Kunming Changshui International Airport,AirAsia,AK,A20N,Airbus A320-251N,9M-AGO,Departed 13:14,2026-08-06 06:02:42
KUL,departures,2026-08-05,12:15,12:41,8M508,MMA508,RGN,Yangon International Airport,My Indo Airlines,3Y,B734,Boeing 737-42J(SF),PK-MYF,Departed 13:41,2026-08-06 06:02:42
KUL,departures,2026-08-05,12:15,12:28,MH873,MAS873,SUB,Surabaya Juanda International Airport,Malaysia Airlines (Retro Livery),MH,B738,Boeing 737-8H6,9M-MLV,Departed 13:28,2026-08-06 06:02:42
KUL,departures,2026-08-05,12:15,12:10,8M504,MMA504,RGN,Yangon International Airport,Myanmar Airways International,8M,A319,Airbus A319-112,XY-ALY,Departed 13:10,2026-08-06 06:02:42
KUL,departures,2026-08-05,12:20,12:51,TG416,THA416,BKK,Bangkok Suvarnabhumi Airport,Thai Airways (Star Alliance Livery),TG,A333,Airbus A330-343,HS-TEO,Departed 13:51,2026-08-06 06:02:42
KUL,departures,2026-08-05,12:20,12:34,AK384,AXM384,CGK,Jakarta Soekarno Hatta International Airport,AirAsia,AK,A20N,Airbus A320-251N,9M-RAB,Departed 13:34,2026-08-06 06:02:42
KUL,departures,2026-08-05,12:25,12:26,MH623,MAS623,SIN,Singapore Changi Airport,Malaysia Airlines,MH,B738,Boeing 737-8H6,9M-MXG,Departed 13:26,2026-08-06 06:02:42
KUL,departures,2026-08-05,12:25,12:53,AK6116,AXM6116,PEN,Penang International Airport,AirAsia,AK,A21N,Airbus A321-251NX,9M-XVE,Departed 13:53,2026-08-06 06:02:42
KUL,departures,2026-08-05,12:30,12:46,AK884,AXM884,DMK,Bangkok Don Mueang International Airport,AirAsia,AK,A320,Airbus A320-214,9M-AFE,Departed 13:46,2026-08-06 06:02:42
KUL,departures,2026-08-05,12:30,12:54,OD1004,MXD1004,BKI,Kota Kinabalu International Airport,Batik Air,ID,B38M,Boeing 737 MAX 8,9M-LRT,Departed 13:54,2026-08-06 06:02:42
KUL,departures,2026-08-05,12:30,12:30,AK856,AXM856,CNX,Chiang Mai International Airport,AirAsia (General Electric Livery),AK,A320,Airbus A320-216,9M-AQB,Departed 13:30,2026-08-06 06:02:42
KUL,departures,2026-08-05,12:35,12:32,VJ826,VJC826,SGN,Ho Chi Minh City International Airport,VietJet Air,VJ,A320,Airbus A320-214,VN-A656,Departed 13:32,2026-08-06 06:02:42
KUL,departures,2026-08-05,12:35,,OD186,,KTM,Kathmandu Tribhuvan International Airport,Batik Air Malaysia,OD,7M8,,,Canceled,2026-08-06 06:02:42
KUL,departures,2026-08-05,12:40,,FY2692,,TGG,Kuala Terengganu Sultan Mahmud Airport,Firefly,FY,738,,,Unknown,2026-08-06 06:02:42
KUL,departures,2026-08-05,12:40,13:02,AK6318,AXM6318,LGK,Langkawi International Airport,AirAsia,AK,A320,Airbus A320-214,9M-AJT,Departed 14:02,2026-08-06 06:02:42
KUL,departures,2026-08-05,12:45,12:58,MH721,MAS721,CGK,Jakarta Soekarno Hatta International Airport,Malaysia Airlines (Malayan Tiger Livery),MH,A333,Airbus A330-323,9M-MTG,Departed 13:58,2026-08-06 06:02:42
KUL,departures,2026-08-05,12:45,12:43,KT172,KTC172,SAI,Siem Reap Angkor International Airport,AirAsia,AK,A320,Airbus A320-214,XU-819,Departed 13:43,2026-08-06 06:02:42
KUL,departures,2026-08-05,12:50,03:02,8K262,KMI262,SZX,Shenzhen Bao'an International Airport,K-Mile Air,8K,B763,Boeing 767-33A(ER)(BCF),HS-KSA,Departed 04:02,2026-08-06 06:02:42
KUL,departures,2026-08-05,12:50,13:03,AK5210,AXM5210,KCH,Kuching International Airport,AirAsia,AK,A320,Airbus A320-216,9M-AGM,Departed 14:03,2026-08-06 06:02:42
KUL,departures,2026-08-05,13:00,16:13,OD193,MXD193,DPS,Denpasar Ngurah Rai International Airport,Batik Air,ID,B738,Boeing 737-8U3,9M-LDG,Departed 17:13,2026-08-06 06:02:42
KUL,departures,2026-08-05,13:00,13:00,FM7222,CSH7222,PVG,Shanghai Pudong International Airport,Shanghai Airlines,FM,B38M,Boeing 737 MAX 8,B-224D,Departed 14:00,2026-08-06 06:02:42
KUL,departures,2026-08-05,13:00,13:28,CZ350,CSN350,CAN,Guangzhou Baiyun International Airport,China Southern Airlines,CZ,B789,Boeing 787-9 Dreamliner,B-20EH,Departed 14:28,2026-08-06 06:02:42
KUL,departures,2026-08-05,13:00,13:14,AK640,AXM640,DAD,Da Nang International Airport,AirAsia,AK,A20N,Airbus A320-251N,9M-AGN,Departed 14:14,2026-08-06 06:02:42
KUL,departures,2026-08-05,13:05,13:07,ID7283,BTK7283,CGK,Jakarta Soekarno Hatta International Airport,Batik Air,ID,B738,Boeing 737-8GP,PK-LZV,Departed 14:07,2026-08-06 06:02:42
KUL,departures,2026-08-05,13:05,13:15,MH1148,MAS1148,PEN,Penang International Airport,Malaysia Airlines,MH,B738,Boeing 737-8H6,9M-MSB,Departed 14:15,2026-08-06 06:02:42
KUL,departures,2026-08-05,13:05,13:26,AK5116,AXM5116,BKI,Kota Kinabalu International Airport,AirAsia,AK,A20N,Airbus A320-251N,9M-AGG,Departed 14:26,2026-08-06 06:02:42
KUL,departures,2026-08-05,13:10,13:17,D7522,XAX522,HND,Tokyo Haneda International Airport,AirAsia,AK,A333,Airbus A330-343,9M-XBG,Departed 14:17,2026-08-06 06:02:42
KUL,departures,2026-08-05,13:15,13:38,NH886,ANA886,HND,Tokyo Haneda International Airport,All Nippon Airways,NH,B788,Boeing 787-8 Dreamliner,JA832A,Departed 14:38,2026-08-06 06:02:39
KUL,departures,2026-08-05,13:15,13:27,AK606,AXM606,PER,Perth Airport,"AirAsia (3, 2,1, Take Off Livery)",AK,A21N,Airbus A321-251NX,9M-VAA,Departed 14:27,2026-08-06 06:02:42
KUL,departures,2026-08-05,13:15,13:42,HU7924,CHH7924,CKG,Chongqing Jiangbei International Airport,Hainan Airlines,HU,B38M,Boeing 737 MAX 8,B-225W,Departed 14:42,2026-08-06 06:02:42
KUL,departures,2026-08-05,13:15,13:20,AK6440,AXM6440,KBR,Kota Bharu Sultan Ismail Petra Airport,AirAsia (Resorts World Genting Livery),AK,A20N,Airbus A320-251N,9M-AGA,Departed 14:20,2026-08-06 06:02:42
KUL,departures,2026-08-05,13:15,13:12,AK6228,AXM6228,TGG,Kuala Terengganu Sultan Mahmud Airport,AirAsia,AK,A320,Airbus A320-216,9M-AGP,Departed 14:12,2026-08-06 06:02:42
KUL,departures,2026-08-05,13:15,14:14,AK5870,AXM5870,SBW,Sibu Airport,AirAsia,AK,A320,Airbus A320-214,9M-RCB,Departed 15:14,2026-08-06 06:02:42
KUL,departures,2026-08-05,13:20,13:34,MH2616,MAS2616,BKI,Kota Kinabalu International Airport,Malaysia Airlines (Malaysia Negaraku Livery),MH,B738,Boeing 737-8H6,9M-MXU,Departed 14:34,2026-08-06 06:02:39
KUL,departures,2026-08-05,13:20,13:36,MH619,MAS619,SIN,Singapore Changi Airport,Malaysia Airlines,MH,B738,Boeing 737-8H6,9M-MXX,Departed 14:36,2026-08-06 06:02:39
KUL,departures,2026-08-05,13:25,13:59,OD1906,MXD1906,SBW,Sibu Airport,Batik Air,ID,B38M,Boeing 737 MAX 8,9M-LRS,Departed 14:59,2026-08-06 06:02:39
KUL,departures,2026-08-05,13:25,13:40,AK715,AXM715,SIN,Singapore Changi Airport,AirAsia,AK,A320,Airbus A320-216,9M-RAO,Departed 14:40,2026-08-06 06:02:39
KUL,departures,2026-08-05,13:30,13:32,VJ1814,VJC1814,SGN,Ho Chi Minh City International Airport,VietJet Air,VJ,A321,Airbus A321-211,VN-A637,Departed 14:32,2026-08-06 06:02:39
KUL,departures,2026-08-05,13:30,13:42,OD1726,MXD1726,BTU,Bintulu Airport,Batik Air,ID,B738,Boeing 737-8GP,9M-LNR,Departed 14:42,2026-08-06 06:02:39
KUL,departures,2026-08-05,13:30,13:44,MH758,MAS758,SGN,Ho Chi Minh City International Airport,Malaysia Airlines,MH,B38M,Boeing 737 MAX 8,9M-MVM,Departed 14:44,2026-08-06 06:02:39
KUL,departures,2026-08-05,13:30,13:59,AK334,AXM334,UPG,Makassar Sultan Hasanuddin International Airport,AirAsia (Sarawak Livery),AK,A320,Airbus A320-216,9M-AJD,Departed 14:59,2026-08-06 06:02:39
KUL,departures,2026-08-05,13:35,13:46,SQ113,SIA113,SIN,Singapore Changi Airport,Singapore Airlines,SQ,B38M,Boeing 737 MAX 8,9V-MBJ,Departed 14:46,2026-08-06 06:02:39
KUL,departures,2026-08-05,13:35,13:51,MH2664,MAS2664,TWU,Tawau Airport,Malaysia Airlines,MH,B738,Boeing 737-8H6,9M-MXW,Departed 14:51,2026-08-06 06:02:39
KUL,departures,2026-08-05,13:35,13:53,AK397,AXM397,KNO,Medan Kuala Namu International Airport,AirAsia (WeAreAllChampions Livery),AK,A320,Airbus A320-216,9M-AQF,Departed 14:53,2026-08-06 06:02:39
KUL,departures,2026-08-05,13:40,13:53,MH2594,MAS2594,MYY,Miri Airport,Malaysia Airlines (Malaysia Negaraku Livery),MH,B738,Boeing 737-8H6,9M-MXV,Departed 14:53,2026-08-06 06:02:39
KUL,departures,2026-08-05,13:40,14:17,MF848,CXA848,XMN,Xiamen Gaoqi International Airport,Xiamen Air,MF,B738,Boeing 737-85C,B-5499,Departed 15:17,2026-08-06 06:02:39
KUL,departures,2026-08-05,13:40,13:49,AK522,AXM522,SGN,Ho Chi Minh City International Airport,AirAsia,AK,A20N,Airbus A320-251N,9M-AGE,Departed 14:49,2026-08-06 06:02:39
KUL,departures,2026-08-05,13:40,13:56,8B674,TNU674,CGK,Jakarta Soekarno Hatta International Airport,TransNusa,8B,A321,Airbus A321-211,PK-TLK,Departed 14:56,2026-08-06 06:02:39
KUL,departures,2026-08-05,13:45,13:54,CZ3048,CSN3048,CAN,Guangzhou Baiyun International Airport,China Southern Airlines,CZ,B38M,Boeing 737 MAX 8,B-225D,Departed 14:54,2026-08-06 06:02:39
KUL,departures,2026-08-05,13:45,14:11,CI722,CAL722,TPE,Taipei Taoyuan International Airport,China Airlines,CI,B77W,Boeing 777-309(ER),B-18001,Departed 15:11,2026-08-06 06:02:39
KUL,departures,2026-08-05,13:50,14:01,MH2634,MAS2634,LBU,Labuan Airport,Malaysia Airlines,MH,B738,Boeing 737-8H6,9M-MLT,Departed 15:01,2026-08-06 06:02:39
KUL,departures,2026-08-05,13:50,14:27,MH156,MAS156,JED,Jeddah King Abdulaziz International Airport,Malaysia Airlines,MH,A333,Airbus A330-323,9M-MTN,Departed 15:27,2026-08-06 06:02:39
KUL,departures,2026-08-05,13:55,14:09,FD309,AIQ309,HDY,Hat Yai International Airport,AirAsia (Sustainable ASEAN Tourism Livery),AK,A320,Airbus A320-216,HS-BBJ,Departed 15:09,2026-08-06 06:02:39
KUL,departures,2026-08-05,13:55,14:08,MH864,MAS864,KNO,Medan Kuala Namu International Airport,Malaysia Airlines,MH,B738,Boeing 737-8H6,9M-MLM,Departed 15:08,2026-08-06 06:02:39
KUL,departures,2026-08-05,13:55,14:15,AK6331,AXM6331,LGK,Langkawi International Airport,AirAsia,AK,A320,Airbus A320-214,9M-AJG,Departed 15:15,2026-08-06 06:02:39
KUL,departures,2026-08-05,14:00,15:07,OD807,MXD807,SIN,Singapore Changi Airport,Batik Air,ID,B738,Boeing 737-86N,9M-LDP,Departed 16:07,2026-08-06 06:02:39
KUL,departures,2026-08-05,14:00,14:07,AK5748,AXM5748,TWU,Tawau Airport,AirAsia (Persona 5 Royal Livery),AK,A320,Airbus A320-214,9M-AFF,Departed 15:07,2026-08-06 06:02:39
KUL,departures,2026-08-05,14:00,15:01,OD2304,MXD2304,KBR,Kota Bharu Sultan Ismail Petra Airport,Batik Air,ID,B738,Boeing 737-8GP,9M-LDD,Departed 16:01,2026-08-06 06:02:39
KUL,departures,2026-08-05,14:00,14:19,AK886,AXM886,DMK,Bangkok Don Mueang International Airport,AirAsia,AK,A320,Airbus A320-216,9M-AQS,Departed 15:19,2026-08-06 06:02:39
KUL,departures,2026-08-05,14:10,14:22,MH853,MAS853,DPS,Denpasar Ngurah Rai International Airport,Malaysia Airlines,MH,B38M,Boeing 737 MAX 8,9M-MVC,Departed 15:22,2026-08-06 06:02:39
KUL,departures,2026-08-05,14:10,14:24,AK5133,AXM5133,BKI,Kota Kinabalu International Airport,AirAsia,AK,A20N,Airbus A320-251N,9M-AGB,Departed 15:24,2026-08-06 06:02:39
KUL,departures,2026-08-05,14:15,14:36,AK6153,AXM6153,PEN,Penang International Airport,AirAsia,AK,A320,Airbus A320-214,9M-RCG,Departed 15:36,2026-08-06 06:02:39
KUL,departures,2026-08-05,14:20,14:48,MU5096,CES5096,HGH,Hangzhou Xiaoshan International Airport,China Eastern Airlines,MU,A20N,Airbus A320-251N,B-325R,Departed 15:48,2026-08-06 06:02:39
KUL,departures,2026-08-05,14:20,14:34,3U3996,CSC3996,TFU,Chengdu Tianfu International Airport,Sichuan Airlines,3U,A21N,Airbus A321-271N,B-302Q,Departed 15:34,2026-08-06 06:02:39
KUL,departures,2026-08-05,14:25,14:38,MH2544,MAS2544,KCH,Kuching International Airport,Malaysia Airlines,MH,B738,Boeing 737-8H6,9M-MLU,Departed 15:38,2026-08-06 06:02:39
KUL,departures,2026-08-05,14:25,14:46,AK5194,AXM5194,SDK,Sandakan Airport,AirAsia,AK,A320,Airbus A320-216,9M-RAD,Departed 15:46,2026-08-06 06:02:39
KUL,departures,2026-08-05,14:25,14:59,QZ205,AWQ205,CGK,Jakarta Soekarno Hatta International Airport,AirAsia,AK,A320,Airbus A320-216,PK-AZO,Departed 15:59,2026-08-06 06:02:39
KUL,departures,2026-08-05,14:30,14:50,QZ323,AWQ323,SUB,Surabaya Juanda International Airport,AirAsia (Dnars Indonesia Livery),AK,A320,Airbus A320-216,PK-AZN,Departed 15:50,2026-08-06 06:02:39
KUL,departures,2026-08-05,14:30,14:33,QZ129,AWQ129,KNO,Medan Kuala Namu International Airport,AirAsia,AK,A320,Airbus A320-214,PK-AZI,Departed 15:33,2026-08-06 06:02:39
KUL,departures,2026-08-05,14:30,14:31,AK6316,AXM6316,LGK,Langkawi International Airport,AirAsia (Allstars Livery),AK,A320,Airbus A320-214,9M-AFD,Departed 15:31,2026-08-06 06:02:39
KUL,departures,2026-08-05,14:35,14:51,MY5004,BNE5004,KCH,Kuching International Airport,AirBorneo,MY,B738,Boeing 737-8U3,9M-LCV,Departed 15:51,2026-08-06 06:02:39
KUL,departures,2026-08-05,14:35,15:02,OD390,MXD390,CGK,Jakarta Soekarno Hatta International Airport,Batik Air,ID,B738,Boeing 737-86N,9M-LDT,Departed 16:02,2026-08-06 06:02:39
KUL,departures,2026-08-05,14:40,14:59,MU874,CES874,KMG,Kunming Changshui International Airport,China Eastern Airlines,MU,A20N,Airbus A320-251N,B-304C,Departed 15:59,2026-08-06 06:02:39
KUL,departures,2026-08-05,14:40,14:56,MH2640,MAS2640,BKI,Kota Kinabalu International Airport,Malaysia Airlines,MH,B738,Boeing 737-8H6,9M-MLP,Departed 15:56,2026-08-06 06:02:39
KUL,departures,2026-08-05,14:40,15:18,CZ5032,CSN5032,SZX,Shenzhen Bao'an International Airport,China Southern Airlines,CZ,A21N,Airbus A321-251NX,B-32L1,Departed 16:18,2026-08-06 06:02:39
KUL,departures,2026-08-05,14:40,15:16,MF8678,CXA8678,HGH,Hangzhou Xiaoshan International Airport,Xiamen Air,MF,B738,Boeing 737-85C,B-1915,Departed 16:16,2026-08-06 06:02:39
KUL,departures,2026-08-05,14:40,15:02,AK429,AXM429,PKU,Pekanbaru Sultan Syarif Kasim II Airport,AirAsia,AK,A320,Airbus A320-216,9M-RAE,Departed 16:02,2026-08-06 06:02:39
KUL,departures,2026-08-05,14:45,16:40,OD528,MXD528,DMK,Bangkok Don Mueang International Airport,Batik Air,ID,B738,Boeing 737-86N,9M-LDK,Departed 17:40,2026-08-06 06:02:39
KUL,departures,2026-08-05,14:50,14:58,MH1446,MAS1446,LGK,Langkawi International Airport,Malaysia Airlines,MH,B738,Boeing 737-8FZ,9M-FFF,Departed 15:58,2026-08-06 06:02:39
KUL,departures,2026-08-05,14:50,15:04,BS316,UBG316,DAC,Dhaka Shahjalal International Airport,US-Bangla Airlines,BS,A333,Airbus A330-343,S2-ALB,Departed 16:04,2026-08-06 06:02:39
KUL,departures,2026-08-05,14:50,15:10,KT162,SEJ5155,KTI,Phnom Penh Techo International Airport,AirAsia (Cambodia Livery),AK,A320,Airbus A320-214,XU-818,Departed 16:10,2026-08-06 06:02:39
KUL,departures,2026-08-05,14:50,14:57,AK405,AXM405,PDG,Padang Minangkabau International Airport,AirAsia,AK,A320,Airbus A320-214,9M-DAE,Departed 15:57,2026-08-06 06:02:39
KUL,departures,2026-08-05,14:55,14:53,AK483,AXM483,BPN,Balikpapan Sepinggan Airport,AirAsia (Longjack Orang Kampung Livery),AK,A320,Airbus A320-216,9M-AJA,Departed 15:53,2026-08-06 06:02:39
KUL,departures,2026-08-05,14:55,15:01,AK122,AXM122,SZX,Shenzhen Bao'an International Airport,AirAsia,AK,A20N,Airbus A320-251N,9M-RAL,Departed 16:01,2026-08-06 06:02:39
KUL,departures,2026-08-05,15:00,15:40,FM886,CSH886,PVG,Shanghai Pudong International Airport,Shanghai Airlines,FM,B789,Boeing 787-9 Dreamliner,B-20EV,Departed 16:40,2026-08-06 06:02:39
KUL,departures,2026-08-05,15:00,15:30,UL315,ALK315,CMB,Colombo Bandaranaike International Airport,SriLankan Airlines,UL,A21N,Airbus A321-251N,4R-ANC,Departed 16:30,2026-08-06 06:02:39
KUL,departures,2026-08-05,15:00,15:39,OD2405,MXD2405,JHB,Johor Bahru Senai International Airport,Batik Air,ID,B738,Boeing 737-8U3,9M-LDH,Departed 16:39,2026-08-06 06:02:39
KUL,departures,2026-08-05,15:00,15:22,MH774,MAS774,BKK,Bangkok Suvarnabhumi Airport,Malaysia Airlines,MH,B738,Boeing 737-8H6,9M-MXE,Departed 16:22,2026-08-06 06:02:39
KUL,departures,2026-08-05,15:00,15:28,MF8724,CXA8724,JJN,Quanzhou Jinjiang Airport,Xiamen Air,MF,B738,Boeing 737-85C,B-6490,Departed 16:28,2026-08-06 06:02:39
KUL,departures,2026-08-05,15:00,15:32,AK5112,AXM5112,BKI,Kota Kinabalu International Airport,"AirAsia (Still Winning, Still Gold livery)",AK,A20N,Airbus A320-251N,9M-RAQ,Departed 16:32,2026-08-06 06:02:39
KUL,departures,2026-08-05,15:05,15:11,AK378,AXM378,DPS,Denpasar Ngurah Rai International Airport,AirAsia,AK,A20N,Airbus A320-251N,9M-AGS,Departed 16:11,2026-08-06 06:02:39
KUL,departures,2026-08-05,15:10,15:34,MH723,MAS723,CGK,Jakarta Soekarno Hatta International Airport,Malaysia Airlines,MH,B38M,Boeing 737 MAX 8,9M-MVR,Departed 16:34,2026-08-06 06:02:39
KUL,departures,2026-08-05,15:10,15:24,MH605,MAS605,SIN,Singapore Changi Airport,Malaysia Airlines,MH,B738,Boeing 737-8H6,9M-MXN,Departed 16:24,2026-08-06 06:02:39
KUL,departures,2026-08-05,15:10,15:10,AK6218,AXM6218,TGG,Kuala Terengganu Sultan Mahmud Airport,AirAsia (Universiti Putra Malaysia Livery),AK,A320,Airbus A320-216,9M-AQD,Departed 16:10,2026-08-06 06:02:39
KUL,departures,2026-08-05,15:20,,AK464,,PLM,Palembang International Airport,AirAsia,AK,A320,Airbus A320-216,9M-AGU,Canceled,2026-08-06 06:02:39
KUL,departures,2026-08-05,15:20,15:53,RY6608,CJX6608,KHN,Nanchang Changbei International Airport,Jiangxi Air,RY,B738,Boeing 737-85C,B-5512,Departed 16:53,2026-08-06 06:02:39
KUL,departures,2026-08-05,15:20,15:43,OD2108,MXD2108,PEN,Penang International Airport,Batik Air,ID,B38M,Boeing 737 MAX 8,9M-LRJ,Departed 16:43,2026-08-06 06:02:39
KUL,departures,2026-08-05,15:25,16:14,OD701,MXD701,JED,Jeddah King Abdulaziz International Airport,Batik Air,ID,A333,Airbus A330-343,9M-LFC,Departed 17:14,2026-08-06 06:02:39
KUL,departures,2026-08-05,15:30,15:51,SQ115,SIA115,SIN,Singapore Changi Airport,Singapore Airlines,SQ,B38M,Boeing 737 MAX 8,9V-MBA,Departed 16:51,2026-08-06 06:02:39
KUL,departures,2026-08-05,15:30,16:23,OD177,MXD177,DPS,Denpasar Ngurah Rai International Airport,Batik Air (Visit Malaysia Truly Asia 2026 Livery),ID,B38M,Boeing 737 MAX 8,9M-LRM,Departed 17:23,2026-08-06 06:02:39
KUL,departures,2026-08-05,15:30,,FY2574,,TWU,Tawau Airport,Firefly,FY,738,,,Unknown,2026-08-06 06:02:39
KUL,departures,2026-08-05,15:30,15:48,MH762,MAS762,KTI,Phnom Penh Techo International Airport,Malaysia Airlines (Malaysia Negaraku Livery),MH,B738,Boeing 737-8H6,9M-MXF,Departed 16:48,2026-08-06 06:02:39
KUL,departures,2026-08-05,15:35,16:17,8B678,TNU678,CGK,Jakarta Soekarno Hatta International Airport,TransNusa,8B,A321,Airbus A321-211,PK-TLG,Departed 17:17,2026-08-06 06:02:39
KUL,departures,2026-08-05,15:35,15:49,AK116,AXM116,CAN,Guangzhou Baiyun International Airport,AirAsia,AK,A21N,Airbus A321-251NX,9M-VAB,Departed 16:49,2026-08-06 06:02:39
KUL,departures,2026-08-05,15:40,16:41,OD692,MXD692,CGO,Zhengzhou Xinzheng International Airport,Batik Air,ID,B38M,Boeing 737 MAX 8,9M-LRF,Departed 17:41,2026-08-06 06:02:39
KUL,departures,2026-08-05,15:40,16:03,JT165,LNI165,LOP,Lombok International Airport,Lion Air,JT,B739,Boeing 737-9GP(ER),PK-LHQ,Departed 17:03,2026-08-06 06:02:39
KUL,departures,2026-08-05,15:40,16:09,AK6432,AXM6432,KBR,Kota Bharu Sultan Ismail Petra Airport,AirAsia,AK,A320,Airbus A320-214,9M-AHV,Departed 17:09,2026-08-06 06:02:39
KUL,departures,2026-08-05,15:40,15:40,AK5212,AXM5212,KCH,Kuching International Airport,AirAsia (HYROX Livery),AK,A320,Airbus A320-216,9M-AHR,Departed 16:40,2026-08-06 06:02:39
KUL,departures,2026-08-05,15:45,16:07,MH1336,MAS1336,TGG,Kuala Terengganu Sultan Mahmud Airport,Malaysia Airlines,MH,B738,Boeing 737-8FZ,9M-MLL,Departed 17:07,2026-08-06 06:02:39
KUL,departures,2026-08-05,15:45,16:24,AK717,AXM717,SIN,Singapore Changi Airport,AirAsia,AK,A21N,Airbus A321-251NX,9M-VAH,Departed 17:24,2026-08-06 06:02:39
KUL,departures,2026-08-05,15:45,15:59,RX864,RXI864,RUH,Riyadh King Khalid International Airport,Riyadh Air,RX,B789,Boeing 787-9 Dreamliner,HZ-RXAD,Departed 16:59,2026-08-06 06:02:39
KUL,departures,2026-08-05,15:45,15:55,MH1396,MAS1396,KBR,Kota Bharu Sultan Ismail Petra Airport,Malaysia Airlines,MH,B738,Boeing 737-8FZ,9M-MLK,Departed 16:55,2026-08-06 06:02:39
KUL,departures,2026-08-05,15:50,16:00,MH158,MAS158,MED,Medina Prince Mohammad bin Abdulaziz Airport,Malaysia Airlines,MH,A333,Airbus A330-323,9M-MTI,Departed 17:00,2026-08-06 06:02:39
KUL,departures,2026-08-05,15:50,15:52,AK421,AXM421,BTJ,Banda Aceh International Airport,AirAsia,AK,A20N,Airbus A320-251N,9M-RAM,Departed 16:52,2026-08-06 06:02:39
KUL,departures,2026-08-05,15:55,16:04,CZ8012,CSN8012,CAN,Guangzhou Baiyun International Airport,China Southern Airlines,CZ,B38M,Boeing 737 MAX 8,B-205L,Departed 17:04,2026-08-06 06:02:39
KUL,departures,2026-08-05,15:55,15:57,AK892,AXM892,DMK,Bangkok Don Mueang International Airport,AirAsia,AK,A320,Airbus A320-216,9M-AQO,Departed 16:57,2026-08-06 06:02:39
KUL,departures,2026-08-05,16:00,17:29,ID7261,BTK7261,KNO,Medan Kuala Namu International Airport,Batik Air,ID,B738,Boeing 737-8U3,PK-BGF,Departed 18:29,2026-08-06 06:02:39
KUL,departures,2026-08-05,16:00,16:11,MH613,MAS613,SIN,Singapore Changi Airport,Malaysia Airlines,MH,B738,Boeing 737-8H6,9M-MXL,Departed 17:11,2026-08-06 06:02:39
KUL,departures,2026-08-05,16:00,16:55,OD1636,MXD1636,KCH,Kuching International Airport,Batik Air,ID,B738,Boeing 737-8U3,9M-LDF,Departed 17:55,2026-08-06 06:02:39
KUL,departures,2026-08-05,16:00,19:02,OD751,MXD751,TAS,Tashkent International Airport,Batik Air,ID,A333,Airbus A330-343,9M-LFF,Departed 20:02,2026-08-06 06:02:39
KUL,departures,2026-08-05,16:00,16:25,MH790,MAS790,HKT,Phuket International Airport,Malaysia Airlines,MH,B38M,Boeing 737 MAX 8,9M-MVO,Departed 17:25,2026-08-06 06:02:39
KUL,departures,2026-08-05,16:10,16:18,AK386,AXM386,CGK,Jakarta Soekarno Hatta International Airport,AirAsia,AK,A320,Airbus A320-216,9M-AGP,Departed 17:18,2026-08-06 06:02:39
KUL,departures,2026-08-05,16:15,,TH1984,,LBU,Labuan Airport,Raya Airways,TH,767,,,Unknown,2026-08-06 06:02:39
KUL,departures,2026-08-05,16:15,16:28,CZ8098,CSN8098,SZX,Shenzhen Bao'an International Airport,China Southern Airlines,CZ,A21N,Airbus A321-253NX,B-30E2,Departed 17:28,2026-08-06 06:02:39
KUL,departures,2026-08-05,16:20,16:36,JX726,SJX726,TPE,Taipei Taoyuan International Airport,STARLUX,JX,A21N,Airbus A321-252NX,B-58201,Departed 17:36,2026-08-06 06:02:39
KUL,departures,2026-08-05,16:20,16:31,MH766,MAS766,SGN,Ho Chi Minh City International Airport,Malaysia Airlines,MH,B38M,Boeing 737 MAX 8,9M-MVI,Departed 17:31,2026-08-06 06:02:39
KUL,departures,2026-08-05,16:20,16:26,AK5646,AXM5646,MYY,Miri Airport,AirAsia,AK,A320,Airbus A320-216,9M-AJZ,Departed 17:26,2026-08-06 06:02:39
KUL,departures,2026-08-05,16:25,16:46,AK393,AXM393,KNO,Medan Kuala Namu International Airport,AirAsia,AK,A320,Airbus A320-216,9M-DAB,Departed 17:46,2026-08-06 06:02:39
KUL,departures,2026-08-05,16:30,,AQ1272,,CAN,Guangzhou Baiyun International Airport,9 Air,AQ,738,,,Unknown,2026-08-06 06:02:39
KUL,departures,2026-08-05,16:35,16:48,MH2746,MAS2746,BTU,Bintulu Airport,Malaysia Airlines,MH,B738,Boeing 737-8H6,9M-MLN,Departed 17:48,2026-08-06 06:02:36
KUL,departures,2026-08-05,16:35,16:42,D7352,XAX352,CSX,Changsha Huanghua International Airport,AirAsia,AK,A333,Airbus A330-343,9M-XXE,Departed 17:42,2026-08-06 06:02:36
KUL,departures,2026-08-05,16:35,16:43,SV835,SVA835,MED,Medina Prince Mohammad bin Abdulaziz Airport,Saudia (The Red Sea Stickers),SV,B78X,Boeing 787-10 Dreamliner,HZ-AR33,Departed 17:43,2026-08-06 06:02:39
KUL,departures,2026-08-05,16:35,18:47,OD705,MXD705,JED,Jeddah King Abdulaziz International Airport,Batik Air,ID,A333,Airbus A330-343,9M-LFJ,Departed 19:47,2026-08-06 06:02:39
KUL,departures,2026-08-05,16:35,17:07,AK6014,AXM6014,AOR,Alor Setar Sultan Abdul Halim Airport,AirAsia,AK,A20N,Airbus A320-251N,9M-AGW,Departed 18:07,2026-08-06 06:02:39
KUL,departures,2026-08-05,16:40,17:36,JT157,LNI157,PDG,Padang Minangkabau International Airport,Lion Air,JT,B739,Boeing 737-9GP(ER),PK-LSJ,Departed 18:36,2026-08-06 06:02:36
KUL,departures,2026-08-05,16:40,17:21,CX724,CPA724,HKG,Hong Kong International Airport,Cathay Pacific,CX,A333,Airbus A330-343,B-LAM,Departed 18:21,2026-08-06 06:02:36
KUL,departures,2026-08-05,16:45,16:57,Z27115,APG7115,CEB,Cebu Mactan International Airport,AirAsia,AK,A320,Airbus A320-216,RP-C8950,Departed 17:57,2026-08-06 06:02:36
KUL,departures,2026-08-05,16:45,17:11,MH780,MAS780,BKK,Bangkok Suvarnabhumi Airport,Malaysia Airlines,MH,B738,Boeing 737-8H6,9M-MSB,Departed 18:11,2026-08-06 06:02:36
KUL,departures,2026-08-05,16:45,17:06,MF898,CXA898,FOC,Fuzhou Changle International Airport,Xiamen Air,MF,B738,Boeing 737-85C,B-1964,Departed 18:06,2026-08-06 06:02:36
KUL,departures,2026-08-05,16:45,16:49,AK6130,AXM6130,PEN,Penang International Airport,AirAsia,AK,A320,Airbus A320-216,9M-AJY,Departed 17:49,2026-08-06 06:02:36
KUL,departures,2026-08-05,16:50,17:17,OD171,MXD171,DPS,Denpasar Ngurah Rai International Airport,Batik Air,ID,B38M,Boeing 737 MAX 8,9M-LRP,Departed 18:17,2026-08-06 06:02:36
KUL,departures,2026-08-05,16:50,17:10,MH725,MAS725,CGK,Jakarta Soekarno Hatta International Airport,Malaysia Airlines,MH,B738,Boeing 737-8H6,9M-MXO,Departed 18:10,2026-08-06 06:02:36
KUL,departures,2026-08-05,16:50,17:02,FY2892,FFM2892,JHB,Johor Bahru Senai International Airport,Firefly,FY,B738,Boeing 737-8FZ,9M-MLF,Departed 18:02,2026-08-06 06:02:36
KUL,departures,2026-08-05,17:00,17:15,CZ8302,CSN8302,CAN,Guangzhou Baiyun International Airport,China Southern Airlines,CZ,B38M,Boeing 737 MAX 8,B-20CA,Departed 18:15,2026-08-06 06:02:36
KUL,departures,2026-08-05,17:00,17:13,D7326,XAX326,TFU,Chengdu Tianfu International Airport,AirAsia,AK,A333,Airbus A330-343,9M-XXY,Departed 18:13,2026-08-06 06:02:36
KUL,departures,2026-08-05,17:00,17:08,AK6438,AXM6438,KBR,Kota Bharu Sultan Ismail Petra Airport,AirAsia,AK,A20N,Airbus A320-251N,9M-AGJ,Departed 18:08,2026-08-06 06:02:36
KUL,departures,2026-08-05,17:00,17:17,AK888,AXM888,DMK,Bangkok Don Mueang International Airport,AirAsia (Resorts World Genting Livery),AK,A20N,Airbus A320-251N,9M-AGA,Departed 18:17,2026-08-06 06:02:36
KUL,departures,2026-08-05,17:00,17:15,AK584,AXM584,MNL,Manila Ninoy Aquino International Airport,AirAsia,AK,A320,Airbus A320-216,9M-RAA,Departed 18:15,2026-08-06 06:02:36
KUL,departures,2026-08-05,17:05,18:32,OD205,MXD205,DEL,Delhi Indira Gandhi International Airport,Batik Air,ID,B738,Boeing 737-8U3,9M-LCW,Departed 19:32,2026-08-06 06:02:36
KUL,departures,2026-08-05,17:05,17:13,AK5751,AXM5751,TWU,Tawau Airport,AirAsia,AK,A21N,Airbus A321-251NX,9M-XVE,Departed 18:13,2026-08-06 06:02:36
KUL,departures,2026-08-05,17:10,18:15,OD182,MXD182,KTM,Kathmandu Tribhuvan International Airport,Batik Air,ID,B38M,Boeing 737 MAX 8,9M-LRD,Departed 19:15,2026-08-06 06:02:36
KUL,departures,2026-08-05,17:10,17:58,JT161,LNI161,PKU,Pekanbaru Sultan Syarif Kasim II Airport,Lion Air,JT,B739,Boeing 737-9GP(ER),PK-LQS,Departed 18:58,2026-08-06 06:02:36
KUL,departures,2026-08-05,17:10,17:20,AK150,AXM150,WUH,Wuhan Tianhe International Airport,AirAsia,AK,A20N,Airbus A320-251N,9M-AGL,Departed 18:20,2026-08-06 06:02:36
KUL,departures,2026-08-05,17:15,17:25,AK5220,AXM5220,KCH,Kuching International Airport,AirAsia,AK,A320,Airbus A320-216,9M-AHT,Departed 18:25,2026-08-06 06:02:36
KUL,departures,2026-08-05,17:15,17:00,KR782,KME782,KTI,Phnom Penh Techo International Airport,Cambodia Airways,KR,A320,Airbus A320-214,XU-762,Departed 18:00,2026-08-06 06:02:36
KUL,departures,2026-08-05,17:25,21:31,9C6524,CQH6524,PVG,Shanghai Pudong International Airport,Spring Airlines (100th for Spring Airlines Livery),9C,A20N,Airbus A320-251N,B-30D6,Departed 22:31,2026-08-06 06:02:36
KUL,departures,2026-08-05,17:25,17:34,MH2528,MAS2528,KCH,Kuching International Airport,Malaysia Airlines,MH,B738,Boeing 737-8H6,9M-MLS,Departed 18:34,2026-08-06 06:02:36
KUL,departures,2026-08-05,17:25,17:30,TR473,TGW473,SIN,Singapore Changi Airport,Scoot,TR,A20N,Airbus A320-271N,9V-TNI,Departed 18:30,2026-08-06 06:02:36
KUL,departures,2026-08-05,17:25,17:27,MH1276,MAS1276,KUA,Kuantan Sultan Haji Ahmad Shah Airport,Malaysia Airlines,MH,B738,Boeing 737-8H6,9M-MXB,Departed 18:27,2026-08-06 06:02:36
KUL,departures,2026-08-05,17:30,20:09,OD131,MXD131,LHE,Lahore Allama Iqbal International Airport,Batik Air,ID,B38M,Boeing 737 MAX 8,9M-LRS,Departed 21:09,2026-08-06 06:02:36
KUL,departures,2026-08-05,17:30,17:38,MH1450,MAS1450,LGK,Langkawi International Airport,Malaysia Airlines,MH,B738,Boeing 737-8H6,9M-MXG,Departed 18:38,2026-08-06 06:02:36
KUL,departures,2026-08-05,17:30,17:40,AK6032,AXM6032,JHB,Johor Bahru Senai International Airport,AirAsia,AK,A320,Airbus A320-214,9M-RCG,Departed 18:40,2026-08-06 06:02:36
KUL,departures,2026-08-05,17:35,,H9891,,KTM,Kathmandu Tribhuvan International Airport,Himalaya Airlines,H9,A320,Airbus A320-214,9N-ALW,Unknown,2026-08-06 06:02:36
KUL,departures,2026-08-05,17:35,17:48,SQ121,SIA121,SIN,Singapore Changi Airport,Singapore Airlines,SQ,A359,Airbus A350-941,9V-SHS,Departed 18:48,2026-08-06 06:02:36
KUL,departures,2026-08-05,17:35,17:59,AK374,AXM374,DPS,Denpasar Ngurah Rai International Airport,AirAsia (Let’s Fly To Terengganu Livery),AK,A320,Airbus A320-216,9M-AJS,Departed 18:59,2026-08-06 06:02:36
KUL,departures,2026-08-05,17:35,18:17,JT2161,LNI2161,PKU,Pekanbaru Sultan Syarif Kasim II Airport,Lion Air,JT,B738,Boeing 737-8GP,PK-LOQ,Departed 19:17,2026-08-06 06:02:36
KUL,departures,2026-08-05,17:35,17:50,H9891,HIM891,KTM,Kathmandu Tribhuvan International Airport,Himalaya Airlines,H9,A320,Airbus A320-214,9N-ALW,Departed 18:50,2026-08-06 06:02:36
KUL,departures,2026-08-05,17:40,18:10,D7330,XAX330,PVG,Shanghai Pudong International Airport,AirAsia,AK,A333,Airbus A330-343,9M-XXW,Departed 19:10,2026-08-06 06:02:36
KUL,departures,2026-08-05,17:45,17:45,CA484,CCA484,TFU,Chengdu Tianfu International Airport,Air China,CA,A21N,Airbus A321-252NX,B-32ND,Departed 18:45,2026-08-06 06:02:36
KUL,departures,2026-08-05,17:50,19:14,MH190,MAS190,DEL,Delhi Indira Gandhi International Airport,Malaysia Airlines (Oneworld Livery),MH,A333,Airbus A330-323,9M-MTE,Departed 20:14,2026-08-06 06:02:36
KUL,departures,2026-08-05,17:50,,ZA664,,KOS,Sihanoukville International Airport,Sky Angkor Airlines,ZA,320,,,Unknown,2026-08-06 06:02:36
KUL,departures,2026-08-05,17:50,18:10,MH118,MAS118,ATQ,Amritsar International Airport,Malaysia Airlines,MH,B38M,Boeing 737 MAX 8,9M-MVB,Departed 19:10,2026-08-06 06:02:36
KUL,departures,2026-08-05,17:50,17:50,AK719,AXM719,SIN,Singapore Changi Airport,AirAsia (WeAreAllChampions Livery),AK,A320,Airbus A320-216,9M-AQF,Departed 18:50,2026-08-06 06:02:36
KUL,departures,2026-08-05,17:55,18:13,D7182,XAX182,DEL,Delhi Indira Gandhi International Airport,AirAsia (10 Xciting Years Livery),AK,A333,Airbus A330-343,9M-XXF,Departed 19:13,2026-08-06 06:02:36
KUL,departures,2026-08-05,18:00,,MH6240,,MAA,Chennai International Airport,Malaysia Airlines,MH,33X,,,Unknown,2026-08-06 06:02:36
KUL,departures,2026-08-05,18:00,19:05,MH526,MAS526,TFU,Chengdu Tianfu International Airport,Malaysia Airlines,MH,B38M,Boeing 737 MAX 8,9M-MVE,Departed 20:05,2026-08-06 06:02:36
KUL,departures,2026-08-05,18:00,18:34,ID7251,BTK7251,SUB,Surabaya Juanda International Airport,Batik Air,ID,B738,Boeing 737-8GP,PK-LZZ,Departed 19:34,2026-08-06 06:02:36
KUL,departures,2026-08-05,18:00,17:57,AK353,AXM353,CGK,Jakarta Soekarno Hatta International Airport,AirAsia (Allstars Livery),AK,A320,Airbus A320-214,9M-AFD,Departed 18:57,2026-08-06 06:02:36
KUL,departures,2026-08-05,18:05,18:12,D7346,XAX346,XIY,Xi'an Xianyang International Airport,AirAsia,AK,A333,Airbus A330-343,9M-XXK,Departed 19:12,2026-08-06 06:02:36
KUL,departures,2026-08-05,18:05,18:03,AK6322,AXM6322,LGK,Langkawi International Airport,AirAsia,AK,A20N,Airbus A320-251N,9M-RAP,Departed 19:03,2026-08-06 06:02:36
KUL,departures,2026-08-05,18:10,18:21,MH607,MAS607,SIN,Singapore Changi Airport,Malaysia Airlines,MH,B38M,Boeing 737 MAX 8,9M-MVN,Departed 19:21,2026-08-06 06:02:36
KUL,departures,2026-08-05,18:10,18:23,EK347,UAE39Y,DXB,Dubai International Airport,Emirates,EK,B77W,Boeing 777-31H(ER),A6-ENR,Departed 19:23,2026-08-06 06:02:36
KUL,departures,2026-08-05,18:15,18:17,TR469,TGW469,SIN,Singapore Changi Airport,Scoot,TR,A320,Airbus A320-232,9V-TRO,Departed 19:17,2026-08-06 06:02:36
KUL,departures,2026-08-05,18:15,18:26,AK6128,AXM6128,PEN,Penang International Airport,AirAsia,AK,A320,Airbus A320-214,9M-AFE,Departed 19:26,2026-08-06 06:02:36
KUL,departures,2026-08-05,18:20,18:21,QZ131,AWQ131,KNO,Medan Kuala Namu International Airport,AirAsia,AK,A320,Airbus A320-216,PK-AZT,Departed 19:21,2026-08-06 06:02:36
KUL,departures,2026-08-05,18:20,18:35,QR853,QTR1C,DOH,Doha Hamad International Airport,Qatar Airways,QR,B77W,Boeing 777-3DZ(ER),A7-BAW,Departed 19:35,2026-08-06 06:02:36
KUL,departures,2026-08-05,18:25,18:51,VN678,HVN678,SGN,Ho Chi Minh City International Airport,Vietnam Airlines,VN,A321,Airbus A321-231,VN-A613,Departed 19:51,2026-08-06 06:02:36
KUL,departures,2026-08-05,18:25,19:14,AK721,AXM721,SIN,Singapore Changi Airport,AirAsia,AK,A320,Airbus A320-214,9M-RCB,Departed 20:14,2026-08-06 06:02:36
KUL,departures,2026-08-05,18:30,19:08,OD805,MXD805,SIN,Singapore Changi Airport,Batik Air,ID,B738,Boeing 737-8U3,9M-LDH,Departed 20:08,2026-08-06 06:02:36
KUL,departures,2026-08-05,18:30,18:39,MH1162,MAS1162,PEN,Penang International Airport,Malaysia Airlines,MH,B738,Boeing 737-8FZ,9M-FFF,Departed 19:39,2026-08-06 06:02:36
KUL,departures,2026-08-05,18:30,18:43,MH127,MAS127,PER,Perth Airport,Malaysia Airlines,MH,A332,Airbus A330-223,9M-MTW,Departed 19:43,2026-08-06 06:02:36
KUL,departures,2026-08-05,18:30,18:35,AK5130,AXM5130,BKI,Kota Kinabalu International Airport,AirAsia,AK,A320,Airbus A320-216,9M-RAO,Departed 19:35,2026-08-06 06:02:36
KUL,departures,2026-08-05,18:35,,AQ1212,,KWE,Guiyang Longdongbao International Airport,9 Air,AQ,738,,,Canceled,2026-08-06 06:02:36
KUL,departures,2026-08-05,18:35,18:49,MH194,MAS194,BOM,Mumbai Chhatrapati Shivaji International Airport,Malaysia Airlines,MH,A333,Airbus A330-323,9M-MTB,Departed 19:49,2026-08-06 06:02:36
KUL,departures,2026-08-05,18:35,18:30,AK5234,AXM5234,KCH,Kuching International Airport,AirAsia,AK,A320,Airbus A320-216,9M-AGM,Departed 19:30,2026-08-06 06:02:36
KUL,departures,2026-08-05,18:35,19:41,MH386,MAS386,PVG,Shanghai Pudong International Airport,Malaysia Airlines,MH,A333,Airbus A330-323,9M-MTK,Departed 20:41,2026-08-06 06:02:36
KUL,departures,2026-08-05,18:40,18:53,AK896,AXM896,DMK,Bangkok Don Mueang International Airport,AirAsia (Save Our Malayan Tiger Livery),AK,A320,Airbus A320-216,9M-AQZ,Departed 19:53,2026-08-06 06:02:36
KUL,departures,2026-08-05,18:40,18:46,AK524,AXM524,SGN,Ho Chi Minh City International Airport,AirAsia,AK,A320,Airbus A320-216,9M-AQN,Departed 19:46,2026-08-06 06:02:36
KUL,departures,2026-08-05,18:45,19:09,ZH330,CSZ330,SZX,Shenzhen Bao'an International Airport,Shenzhen Airlines,ZH,B38M,Boeing 737 MAX 8,B-20ES,Departed 20:09,2026-08-06 06:02:36
KUL,departures,2026-08-05,18:45,19:19,OD1006,MXD1006,BKI,Kota Kinabalu International Airport,Batik Air,ID,B738,Boeing 737-8GP,9M-LNZ,Departed 20:19,2026-08-06 06:02:36
KUL,departures,2026-08-05,18:45,19:16,OD297,MXD297,CMB,Colombo Bandaranaike International Airport,Batik Air,ID,B738,Boeing 737-8GP,9M-LDD,Departed 20:16,2026-08-06 06:02:36
KUL,departures,2026-08-05,18:50,19:12,MH78,MAS078,HKG,Hong Kong International Airport,Malaysia Airlines,MH,B738,Boeing 737-8H6,9M-MXR,Departed 20:12,2026-08-06 06:02:36
KUL,departures,2026-08-05,18:55,19:46,OD166,MXD166,DAC,Dhaka Shahjalal International Airport,Batik Air (Visit Malaysia Truly Asia 2026 Livery),ID,B38M,Boeing 737 MAX 8,9M-LRL,Departed 20:46,2026-08-06 06:02:36
KUL,departures,2026-08-05,18:55,22:21,OD121,MXD121,SYD,Sydney Kingsford Smith Airport,Batik Air,ID,A333,Airbus A330-343,9M-LFH,Departed 23:21,2026-08-06 06:02:36
KUL,departures,2026-08-05,19:00,19:23,MH520,MAS520,CSX,Changsha Huanghua International Airport,Malaysia Airlines,MH,B38M,Boeing 737 MAX 8,9M-MVJ,Departed 20:23,2026-08-06 06:02:36
KUL,departures,2026-08-05,19:00,19:20,VN680,HVN680,HAN,Hanoi Noi Bai International Airport,Vietnam Airlines,VN,A321,Airbus A321-231,VN-A614,Departed 20:20,2026-08-06 06:02:36
KUL,departures,2026-08-05,19:00,20:44,ID336,MXD336,PKU,Pekanbaru Sultan Syarif Kasim II Airport,Batik Air,ID,B738,Boeing 737-8GP,9M-LNY,Departed 21:44,2026-08-06 06:02:36
KUL,departures,2026-08-05,19:00,19:30,MH251,MAS251,SYD,Sydney Kingsford Smith Airport,Malaysia Airlines,MH,A339,Airbus A330-941,9M-MNK,Departed 20:30,2026-08-06 06:02:36
KUL,departures,2026-08-05,19:10,19:52,OD223,MXD223,TRZ,Tiruchirappalli International Airport,Batik Air,ID,B738,Boeing 737-8GP,9M-LNP,Departed 20:52,2026-08-06 06:02:36
KUL,departures,2026-08-05,19:10,19:22,QG503,CTV503,CGK,Jakarta Soekarno Hatta International Airport,Citilink,QG,A320,Airbus A320-214,PK-GQF,Departed 20:22,2026-08-06 06:02:36
KUL,departures,2026-08-05,19:15,19:25,FM866,CSH866,PVG,Shanghai Pudong International Airport,Shanghai Airlines,FM,B38M,Boeing 737 MAX 8,B-1381,Departed 20:25,2026-08-06 06:02:36
KUL,departures,2026-08-05,19:15,19:16,AK6038,AXM6038,JHB,Johor Bahru Senai International Airport,AirAsia (General Electric Livery),AK,A320,Airbus A320-216,9M-AQB,Departed 20:16,2026-08-06 06:02:36
KUL,departures,2026-08-05,19:15,19:27,AK5218,AXM5218,KCH,Kuching International Airport,AirAsia,AK,A320,Airbus A320-216,9M-DAG,Departed 20:27,2026-08-06 06:02:36
KUL,departures,2026-08-05,19:15,19:37,AK118,AXM118,CAN,Guangzhou Baiyun International Airport,AirAsia,AK,A320,Airbus A320-216,9M-RAU,Departed 20:37,2026-08-06 06:02:36
KUL,departures,2026-08-05,19:20,19:41,AK71,AXM71,DAC,Dhaka Shahjalal International Airport,AirAsia,AK,A21N,Airbus A321-251NX,9M-VAG,Departed 20:41,2026-08-06 06:02:36
KUL,departures,2026-08-05,19:20,19:44,OD642,MXD642,CSX,Changsha Huanghua International Airport,Batik Air,ID,B738,Boeing 737-8GP,9M-LNQ,Departed 20:44,2026-08-06 06:02:36
KUL,departures,2026-08-05,19:25,19:43,AK39,AXM39,COK,Cochin International Airport,AirAsia (BIG Duty Free Livery),AK,A320,Airbus A320-214,9M-AHY,Departed 20:43,2026-08-06 06:02:36
KUL,departures,2026-08-05,19:30,19:48,MH147,MAS147,MEL,Melbourne Airport,Malaysia Airlines,MH,A339,Airbus A330-941,9M-MNH,Departed 20:48,2026-08-06 06:02:36
KUL,departures,2026-08-05,19:35,19:56,AK23,AXM23,TRZ,Tiruchirappalli International Airport,AirAsia,AK,A20N,Airbus A320-251N,9M-RAJ,Departed 20:56,2026-08-06 06:02:36
KUL,departures,2026-08-05,19:35,20:15,8B680,TNU680,CGK,Jakarta Soekarno Hatta International Airport,TransNusa,8B,A321,Airbus A321-211,PK-TLK,Departed 21:15,2026-08-06 06:02:36
KUL,departures,2026-08-05,19:40,19:56,SQ125,SIA125,SIN,Singapore Changi Airport,Singapore Airlines,SQ,A359,Airbus A350-941,9V-SHL,Departed 20:56,2026-08-06 06:02:36
KUL,departures,2026-08-05,19:45,19:54,AK65,AXM65,CCU,Kolkata Subhas Chandra Bose International Airport,AirAsia,AK,A320,Airbus A320-214,9M-AJT,Departed 20:54,2026-08-06 06:02:36
KUL,departures,2026-08-05,19:45,20:07,QZ211,AWQ211,CGK,Jakarta Soekarno Hatta International Airport,AirAsia,AK,A320,Airbus A320-216,PK-AZO,Departed 21:07,2026-08-06 06:02:36
KUL,departures,2026-08-05,19:45,20:17,KT168,SEJ5106,KTI,Phnom Penh Techo International Airport,AirAsia (Cambodia Livery),AK,A320,Airbus A320-214,XU-818,Departed 21:17,2026-08-06 06:02:36
KUL,departures,2026-08-05,19:55,20:38,TG418,THA418,BKK,Bangkok Suvarnabhumi Airport,Thai Airways,TG,B77W,Boeing 777-3D7(ER),HS-TKZ,Departed 21:38,2026-08-06 06:02:36
KUL,departures,2026-08-05,19:55,20:04,AK47,AXM47,CMB,Colombo Bandaranaike International Airport,AirAsia,AK,A20N,Airbus A320-251N,9M-RAM,Departed 21:04,2026-08-06 06:02:36
KUL,departures,2026-08-05,20:00,20:32,MH2628,MAS2628,BKI,Kota Kinabalu International Airport,Malaysia Airlines,MH,B738,Boeing 737-8H6,9M-MXY,Departed 21:32,2026-08-06 06:02:36
KUL,departures,2026-08-05,20:00,20:11,MH487,MAS487,MLE,Male Velana International Airport,Malaysia Airlines,MH,B38M,Boeing 737 MAX 8,9M-MVL,Departed 21:11,2026-08-06 06:02:36
KUL,departures,2026-08-05,20:05,20:26,MH522,MAS522,SZX,Shenzhen Bao'an International Airport,Malaysia Airlines,MH,B38M,Boeing 737 MAX 8,9M-MVF,Departed 21:26,2026-08-06 06:02:36
KUL,departures,2026-08-05,20:05,20:06,AK53,AXM53,BLR,Bengaluru Kempegowda International Airport,AirAsia,AK,A20N,Airbus A320-251N,9M-AGG,Departed 21:06,2026-08-06 06:02:36
KUL,departures,2026-08-05,20:05,20:13,HU756,CHH756,HAK,Haikou Meilan International Airport,Hainan Airlines,HU,B38M,Boeing 737 MAX 8,B-1390,Departed 21:13,2026-08-06 06:02:36
KUL,departures,2026-08-05,20:10,20:55,TH3507,RMY3507,HKG,Hong Kong International Airport,Raya Airways,TH,A321,Airbus A321-211(PCF),9M-BZC,Departed 21:55,2026-08-06 06:02:36
KUL,departures,2026-08-05,20:15,20:29,MH2532,MAS2532,KCH,Kuching International Airport,Malaysia Airlines,MH,B738,Boeing 737-8H6,9M-MLU,Departed 21:29,2026-08-06 06:02:32
KUL,departures,2026-08-05,20:15,20:35,BI874,RBA874,BWN,Brunei International Airport,Royal Brunei Airlines,BI,A20N,Airbus A320-251N,V8-RBB,Departed 21:35,2026-08-06 06:02:32
KUL,departures,2026-08-05,20:20,,TH230,,SGN,Ho Chi Minh City International Airport,Raya Airways,TH,767,,,Unknown,2026-08-06 06:02:32
KUL,departures,2026-08-05,20:20,,ID7265,,KNO,Medan Kuala Namu International Airport,Batik Air,ID,738,,,Unknown,2026-08-06 06:02:32
KUL,departures,2026-08-05,20:25,22:51,WY824,OMA824,MCT,Muscat International Airport,Oman Air,WY,B38M,Boeing 737 MAX 8,A4O-MI,Departed 23:51,2026-08-06 06:02:32
KUL,departures,2026-08-05,20:25,20:36,AK69,AXM69,HYD,Hyderabad Rajiv Gandhi International Airport,AirAsia,AK,A320,Airbus A320-214,9M-AJG,Departed 21:36,2026-08-06 06:02:32
KUL,departures,2026-08-05,20:30,20:58,OD231,MXD231,COK,Cochin International Airport,Batik Air,ID,B738,Boeing 737-8GP,9M-LNV,Departed 21:58,2026-08-06 06:02:32
KUL,departures,2026-08-05,20:30,20:49,MH180,MAS180,MAA,Chennai International Airport,Malaysia Airlines,MH,B38M,Boeing 737 MAX 8,9M-MVH,Departed 21:49,2026-08-06 06:02:32
KUL,departures,2026-08-05,20:30,21:10,MH198,MAS198,HYD,Hyderabad Rajiv Gandhi International Airport,Malaysia Airlines,MH,B38M,Boeing 737 MAX 8,9M-MVD,Departed 22:10,2026-08-06 06:02:32
KUL,departures,2026-08-05,20:30,20:52,MH145,MAS145,AKL,Auckland Airport,Malaysia Airlines,MH,A339,Airbus A330-941,9M-MNG,Departed 21:52,2026-08-06 06:02:32
KUL,departures,2026-08-05,20:30,20:41,MH116,MAS116,TRV,Thiruvananthapuram International Airport,Malaysia Airlines,MH,B38M,Boeing 737 MAX 8,9M-MVM,Departed 21:41,2026-08-06 06:02:32
KUL,departures,2026-08-05,20:40,20:46,AK103,AXM103,KMG,Kunming Changshui International Airport,AirAsia,AK,A20N,Airbus A320-251N,9M-AGW,Departed 21:46,2026-08-06 06:02:32
KUL,departures,2026-08-05,20:45,20:50,AK13,AXM13,MAA,Chennai International Airport,AirAsia (Universiti Teknologi Malaysia Livery),AK,A320,Airbus A320-216,9M-AJE,Departed 21:50,2026-08-06 06:02:32
KUL,departures,2026-08-05,20:45,21:06,MH796,MAS796,BKK,Bangkok Suvarnabhumi Airport,Malaysia Airlines,MH,B738,Boeing 737-8H6,9M-MXL,Departed 22:06,2026-08-06 06:02:32
KUL,departures,2026-08-05,20:50,21:03,QR855,QTR855,DOH,Doha Hamad International Airport,Qatar Airways,QR,B788,Boeing 787-8 Dreamliner,A7-BCD,Departed 22:03,2026-08-06 06:02:32
KUL,departures,2026-08-05,20:50,21:14,OD670,MXD670,KMG,Kunming Changshui International Airport,Batik Air,ID,B38M,Boeing 737 MAX 8,9M-LRT,Departed 22:14,2026-08-06 06:02:32
KUL,departures,2026-08-05,20:50,21:13,MH727,MAS727,CGK,Jakarta Soekarno Hatta International Airport,Malaysia Airlines (Malaysia Negaraku Livery),MH,B738,Boeing 737-8H6,9M-MXF,Departed 22:13,2026-08-06 06:02:32
KUL,departures,2026-08-05,20:55,22:34,OD612,MXD612,CAN,Guangzhou Baiyun International Airport,Batik Air,ID,B38M,Boeing 737 MAX 8,9M-LRJ,Departed 23:34,2026-08-06 06:02:32
KUL,departures,2026-08-05,20:55,21:08,6E1038,IGO1038,BLR,Bengaluru Kempegowda International Airport,IndiGo,6E,A20N,Airbus A320-251N,VT-IPC,Departed 22:08,2026-08-06 06:02:32
KUL,departures,2026-08-05,20:55,21:12,QZ327,AWQ327,SUB,Surabaya Juanda International Airport,AirAsia (Dnars Indonesia Livery),AK,A320,Airbus A320-216,PK-AZN,Departed 22:12,2026-08-06 06:02:32
KUL,departures,2026-08-05,20:55,21:35,OD396,MXD396,CGK,Jakarta Soekarno Hatta International Airport,Batik Air,ID,B738,Boeing 737-86N,9M-LDT,Departed 22:35,2026-08-06 06:02:32
KUL,departures,2026-08-05,20:55,21:00,EY487,ETD3JC,AUH,Abu Dhabi Zayed International Airport,Etihad Airways,EY,B789,Boeing 787-9 Dreamliner,A6-BLY,Departed 22:00,2026-08-06 06:02:32
KUL,departures,2026-08-05,21:00,21:17,SQ127,SIA127,SIN,Singapore Changi Airport,Singapore Airlines,SQ,B38M,Boeing 737 MAX 8,9V-MBW,Departed 22:17,2026-08-06 06:02:32
KUL,departures,2026-08-05,21:00,21:26,OD820,MXD820,ICN,Seoul Incheon International Airport,Batik Air,ID,B38M,Boeing 737 MAX 8,9M-LRW,Departed 22:26,2026-08-06 06:02:32
KUL,departures,2026-08-05,21:00,21:24,MH192,MAS192,BLR,Bengaluru Kempegowda International Airport,Malaysia Airlines,MH,B38M,Boeing 737 MAX 8,9M-MVK,Departed 22:24,2026-08-06 06:02:32
KUL,departures,2026-08-05,21:00,21:33,MH179,MAS179,CMB,Colombo Bandaranaike International Airport,Malaysia Airlines,MH,B738,Boeing 737-8H6,9M-MXB,Departed 22:33,2026-08-06 06:02:32
KUL,departures,2026-08-05,21:00,21:19,MH108,MAS108,COK,Cochin International Airport,Malaysia Airlines,MH,B38M,Boeing 737 MAX 8,9M-MVO,Departed 22:19,2026-08-06 06:02:32
KUL,departures,2026-08-05,21:05,21:05,AK128,AXM128,SZX,Shenzhen Bao'an International Airport,AirAsia,AK,A320,Airbus A320-214,9M-DAE,Departed 22:05,2026-08-06 06:02:32
KUL,departures,2026-08-05,21:15,21:40,MH6174,,CAN,Guangzhou Baiyun International Airport,Malaysia Airlines,MH,33X,,,Estimated dep 22:40*,2026-08-06 06:02:32
KUL,departures,2026-08-05,21:20,21:54,OD162,MXD162,DAC,Dhaka Shahjalal International Airport,Batik Air,ID,B38M,Boeing 737 MAX 8,9M-LRU,Departed 22:54,2026-08-06 06:02:32
KUL,departures,2026-08-05,21:25,21:38,MH149,MAS149,MEL,Melbourne Airport,Malaysia Airlines,MH,A339,Airbus A330-941,9M-MNM,Departed 22:38,2026-08-06 06:02:32
KUL,departures,2026-08-05,21:25,21:55,MH139,MAS139,ADL,Adelaide Airport,Malaysia Airlines,MH,A339,Airbus A330-941,9M-MNO,Departed 22:55,2026-08-06 06:02:32
KUL,departures,2026-08-05,21:25,21:48,MH52,MAS52,KIX,Osaka Kansai International Airport,Malaysia Airlines (Visit Malaysia 2026 Livery),MH,A333,Airbus A330-323,9M-MTJ,Departed 22:48,2026-08-06 06:02:32
KUL,departures,2026-08-05,21:30,21:46,AK9,AXM9,TRV,Thiruvananthapuram International Airport,AirAsia,AK,A20N,Airbus A320-251N,9M-AGO,Departed 22:46,2026-08-06 06:02:32
KUL,departures,2026-08-05,21:45,21:45,TH8801,,NNG,Nanning Wuxu International Airport,Raya Airways,TH,767,,,Estimated dep 22:45*,2026-08-06 06:02:32
KUL,departures,2026-08-05,21:45,21:59,TR467,TGW467,SIN,Singapore Changi Airport,Scoot,TR,A21N,Airbus A321-271NX,9V-NCM,Departed 22:59,2026-08-06 06:02:32
KUL,departures,2026-08-05,21:50,22:09,JL724,JAL724,NRT,Tokyo Narita International Airport,Japan Airlines,JL,B788,Boeing 787-8 Dreamliner,JA845J,Departed 23:09,2026-08-06 06:02:32
KUL,departures,2026-08-05,21:50,22:13,BA34,BAW34,LHR,London Heathrow Airport,British Airways,BA,B789,Boeing 787-9 Dreamliner,G-ZBKB,Departed 23:13,2026-08-06 06:02:32
KUL,departures,2026-08-05,22:00,22:19,MH196,MAS196,DAC,Dhaka Shahjalal International Airport,Malaysia Airlines,MH,B38M,Boeing 737 MAX 8,9M-MVR,Departed 23:19,2026-08-06 06:02:32
KUL,departures,2026-08-05,22:00,22:03,MH208,MAS208,AMD,Ahmedabad International Airport,Malaysia Airlines,MH,B38M,Boeing 737 MAX 8,9M-MVG,Departed 23:03,2026-08-06 06:02:32
KUL,departures,2026-08-05,22:05,22:17,MH609,MAS609,SIN,Singapore Changi Airport,Malaysia Airlines (Retro Livery),MH,B738,Boeing 737-8H6,9M-MLV,Departed 23:17,2026-08-06 06:02:32
KUL,departures,2026-08-05,22:20,22:42,MH2,MAS2,LHR,London Heathrow Airport,Malaysia Airlines,MH,A359,Airbus A350-941,9M-MAD,Departed 23:42,2026-08-06 06:02:32
KUL,departures,2026-08-05,22:20,23:09,KE428,KAL428,ICN,Seoul Incheon International Airport,Korean Air,KE,A333,Airbus A330-323,HL8002,Departed 00:09,2026-08-06 06:02:32
KUL,departures,2026-08-05,22:25,22:36,TK61,THY39V,IST,Istanbul Airport,Turkish Airlines,TK,A359,Airbus A350-941,TC-LGN,Departed 23:36,2026-08-06 06:02:32
KUL,departures,2026-08-05,22:30,23:03,MH20,MAS20,CDG,Paris Charles de Gaulle Airport,Malaysia Airlines (Malaysia Negaraku Livery),MH,A359,Airbus A350-941,9M-MAF,Departed 00:03,2026-08-06 06:02:32
KUL,departures,2026-08-05,22:30,23:01,MH66,MAS066,ICN,Seoul Incheon International Airport,Malaysia Airlines,MH,A333,Airbus A330-323,9M-MTF,Departed 00:01,2026-08-06 06:02:32
KUL,departures,2026-08-05,22:30,22:59,D7504,XAX504,ICN,Seoul Incheon International Airport,AirAsia,AK,A333,Airbus A330-343,9M-XBH,Departed 23:59,2026-08-06 06:02:32
KUL,departures,2026-08-05,22:30,22:56,MH88,MAS88,NRT,Tokyo Narita International Airport,Malaysia Airlines,MH,A339,Airbus A330-941,9M-MNN,Departed 23:56,2026-08-06 06:02:32
KUL,departures,2026-08-05,22:35,22:33,9C6516,CQH6516,PVG,Shanghai Pudong International Airport,Spring Airlines,9C,A20N,Airbus A320-251N,B-326R,Departed 23:33,2026-08-06 06:02:32
KUL,departures,2026-08-05,22:35,22:53,MH1194,MAS1194,PEN,Penang International Airport,Malaysia Airlines,MH,B738,Boeing 737-8H6,9M-MLT,Departed 23:53,2026-08-06 06:02:32
KUL,departures,2026-08-05,22:40,22:54,MH318,MAS318,PKX,Beijing Daxing International Airport,Malaysia Airlines,MH,A333,Airbus A330-323,9M-MTM,Departed 23:54,2026-08-06 06:02:32
KUL,departures,2026-08-05,22:45,23:11,MH123,MAS123,SYD,Sydney Kingsford Smith Airport,Malaysia Airlines,MH,A339,Airbus A330-941,9M-MNL,Departed 00:11,2026-08-06 06:02:32
KUL,departures,2026-08-05,22:45,23:14,MH708,MAS708,MNL,Manila Ninoy Aquino International Airport,Malaysia Airlines,MH,B738,Boeing 737-8H6,9M-MXD,Departed 00:14,2026-08-06 06:02:32
KUL,departures,2026-08-05,23:05,23:24,OD191,MXD191,PER,Perth Airport,Batik Air,ID,B738,Boeing 737-86N,9M-LDK,Departed 00:24,2026-08-06 06:02:32
KUL,departures,2026-08-05,23:05,23:51,FM7266,CSH7266,PVG,Shanghai Pudong International Airport,Shanghai Airlines,FM,B38M,Boeing 737 MAX 8,B-226F,Departed 00:51,2026-08-06 06:02:32
KUL,departures,2026-08-05,23:10,,MH6124,,DOH,Doha Hamad International Airport,Malaysia Airlines,MH,33X,,,Unknown,2026-08-06 06:02:32
KUL,departures,2026-08-05,23:15,23:20,CA872,CCA872,PEK,Beijing Capital International Airport,Air China,CA,B38M,Boeing 737 MAX 8,B-1393,Departed 00:20,2026-08-06 06:02:32
KUL,departures,2026-08-05,23:20,23:17,3U3994,CSC3994,TFU,Chengdu Tianfu International Airport,Sichuan Airlines,3U,A21N,Airbus A321-271N,B-307E,Departed 00:17,2026-08-06 06:02:32
KUL,departures,2026-08-05,23:25,23:48,HO1354,DKH1354,PVG,Shanghai Pudong International Airport,Juneyao Air,HO,A20N,Airbus A320-271N,B-326H,Departed 00:48,2026-08-06 06:02:32
KUL,departures,2026-08-05,23:40,00:20,MU2970,CES2970,NKG,Nanjing Lukou International Airport,China Eastern Airlines,MU,A20N,Airbus A320-251N,B-301Z,Departed 01:20,2026-08-06 06:02:32
KUL,departures,2026-08-05,23:45,23:56,3U3774,CSC3774,CKG,Chongqing Jiangbei International Airport,Sichuan Airlines,3U,A320,Airbus A320-214,B-8375,Departed 00:56,2026-08-06 06:02:32
PKU,arrivals,2026-08-05,07:00,06:54,JT292,LNI292,CGK,Jakarta Soekarno Hatta International Airport,Lion Air,JT,B739,Boeing 737-9GP(ER),PK-LQS,Landed 06:54,2026-08-06 05:57:02
PKU,arrivals,2026-08-05,07:30,07:10,QG936,CTV936,CGK,Jakarta Soekarno Hatta International Airport,Citilink,QG,A320,Airbus A320-214,PK-GLQ,Landed 07:10,2026-08-06 05:57:02
PKU,arrivals,2026-08-05,08:25,08:15,IP320,PAS320,CGK,Jakarta Soekarno Hatta International Airport,Pelita Air,IP,A320,Airbus A320-214,PK-PWP,Landed 08:15,2026-08-06 05:57:02
PKU,arrivals,2026-08-05,08:45,,JT246,,BTH,Batam Hang Nadim Airport,Lion Air,JT,739,,,Unknown,2026-08-06 05:57:02
PKU,arrivals,2026-08-05,08:45,08:38,JT239,LNI239,BTH,Batam Hang Nadim Airport,Lion Air,JT,B739,Boeing 737-9GP(ER),PK-LHS,Landed 08:38,2026-08-06 05:57:02
PKU,arrivals,2026-08-05,09:40,11:36,ID6852,BTK6852,CGK,Jakarta Soekarno Hatta International Airport,Batik Air,ID,A320,Airbus A320-214,PK-LUR,Landed 11:36,2026-08-06 05:57:02
PKU,arrivals,2026-08-05,09:40,09:35,GA172,GIA172,CGK,Jakarta Soekarno Hatta International Airport,Garuda Indonesia,GA,B738,Boeing 737-8U3,PK-GNR,Landed 09:35,2026-08-06 05:57:02
PKU,arrivals,2026-08-05,10:00,09:44,IW1233,WON1233,GNS,Gunung Sitoli Binaka Airport,Wings Air,IW,AT76,ATR 72-600,PK-WHF,Landed 09:44,2026-08-06 05:57:02
PKU,arrivals,2026-08-05,10:30,10:23,AK431,AXM431,KUL,Kuala Lumpur International Airport,AirAsia,AK,A320,Airbus A320-214,9M-AFE,Landed 10:23,2026-08-06 05:57:02
PKU,arrivals,2026-08-05,10:40,10:43,JT3292,LNI3292,CGK,Jakarta Soekarno Hatta International Airport,Lion Air,JT,B738,Boeing 737-8GP,PK-LOQ,Landed 10:43,2026-08-06 05:57:02
PKU,arrivals,2026-08-05,10:50,11:21,QG932,CTV932,CGK,Jakarta Soekarno Hatta International Airport,Citilink,QG,A20N,Airbus A320-251N,PK-GTA,Landed 11:21,2026-08-06 05:57:02
PKU,arrivals,2026-08-05,11:10,10:55,IU833,SJV833,KNO,Medan Kuala Namu International Airport,Super Air Jet,IU,A320,Airbus A320-232,PK-SJU,Landed 10:55,2026-08-06 05:57:02
PKU,arrivals,2026-08-05,11:45,12:33,JT390,LNI390,CGK,Jakarta Soekarno Hatta International Airport,Lion Air,JT,B739,Boeing 737-9GP(ER),PK-LQS,Landed 12:33,2026-08-06 05:57:02
PKU,arrivals,2026-08-05,12:35,,IU912,,CGK,Jakarta Soekarno Hatta International Airport,Super Air Jet,IU,320,,,Canceled,2026-08-06 05:57:02
PKU,arrivals,2026-08-05,12:40,12:26,QG934,CTV934,BTH,Batam Hang Nadim Airport,Citilink,QG,A320,Airbus A320-214,PK-GQU,Landed 12:26,2026-08-06 05:57:02
PKU,arrivals,2026-08-05,13:25,12:54,IW1216,WON1216,MKZ,Malacca International Airport,Wings Air,IW,AT76,ATR 72-600,PK-WHF,Landed 12:54,2026-08-06 05:57:02
PKU,arrivals,2026-08-05,13:30,13:24,IP322,PAS322,CGK,Jakarta Soekarno Hatta International Airport,Pelita Air,IP,A320,Airbus A320-214,PK-PWP,Landed 13:24,2026-08-06 05:57:02
PKU,arrivals,2026-08-05,13:40,13:49,GA174,GIA174,CGK,Jakarta Soekarno Hatta International Airport,Garuda Indonesia,GA,B738,Boeing 737-8U3,PK-GMV,Landed 13:49,2026-08-06 05:57:02
PKU,arrivals,2026-08-05,14:15,14:17,IU866,SJV866,CGK,Jakarta Soekarno Hatta International Airport,Super Air Jet,IU,A320,Airbus A320-232,PK-SAL,Landed 14:17,2026-08-06 05:57:02
PKU,arrivals,2026-08-05,15:15,16:11,ID6854,BTK6854,CGK,Jakarta Soekarno Hatta International Airport,Batik Air,ID,A320,Airbus A320-232,PK-BKL,Landed 16:11,2026-08-06 05:57:02
PKU,arrivals,2026-08-05,15:35,15:32,AK429,AXM429,KUL,Kuala Lumpur International Airport,AirAsia,AK,A320,Airbus A320-216,9M-RAE,Landed 15:32,2026-08-06 05:57:02
PKU,arrivals,2026-08-05,15:50,16:19,JT237,LNI237,BTH,Batam Hang Nadim Airport,Lion Air,JT,B739,Boeing 737-9GP(ER),PK-LHS,Landed 16:19,2026-08-06 05:57:02
PKU,arrivals,2026-08-05,17:00,,GA176,,CGK,Jakarta Soekarno Hatta International Airport,Garuda Indonesia,GA,738,,,Canceled,2026-08-06 05:57:02
PKU,arrivals,2026-08-05,17:35,,IU910,,CGK,Jakarta Soekarno Hatta International Airport,Super Air Jet,IU,320,,,Canceled,2026-08-06 05:57:02
PKU,arrivals,2026-08-05,17:35,17:24,IP324,PAS324,CGK,Jakarta Soekarno Hatta International Airport,Pelita Air,IP,A320,Airbus A320-214,PK-PWH,Landed 17:24,2026-08-06 05:57:02
PKU,arrivals,2026-08-05,17:50,,RI130,,CGK,Jakarta Soekarno Hatta International Airport,Rimbun Air,RI,73Y,,,Unknown,2026-08-06 05:57:02
PKU,arrivals,2026-08-05,18:10,18:35,JT161,LNI161,KUL,Kuala Lumpur International Airport,Lion Air,JT,B739,Boeing 737-9GP(ER),PK-LQS,Landed 18:35,2026-08-06 05:57:02
PKU,arrivals,2026-08-05,18:30,,JT140,,KNO,Medan Kuala Namu International Airport,Lion Air,JT,739,,,Unknown,2026-08-06 05:57:02
PKU,arrivals,2026-08-05,18:30,,IU837,,BTH,Batam Hang Nadim Airport,Super Air Jet,IU,320,,,Unknown,2026-08-06 05:57:02
PKU,arrivals,2026-08-05,18:35,18:25,QG32,CTV032,HLP,Jakarta Halim Perdanakusuma Airport,Citilink,QG,A320,Airbus A320-214,PK-GQE,Landed 18:25,2026-08-06 05:57:02
PKU,arrivals,2026-08-05,18:35,18:48,JT2161,LNI2161,KUL,Kuala Lumpur International Airport,Lion Air,JT,B738,Boeing 737-8GP,PK-LOQ,Landed 18:48,2026-08-06 05:57:02
PKU,arrivals,2026-08-05,19:55,21:25,ID336,MXD336,KUL,Kuala Lumpur International Airport,Batik Air,ID,B738,Boeing 737-8GP,9M-LNY,Landed 21:25,2026-08-06 05:57:02
PKU,arrivals,2026-08-05,20:00,19:42,QG938,CTV938,CGK,Jakarta Soekarno Hatta International Airport,Citilink,QG,A20N,Airbus A320-251N,PK-GTF,Landed 19:42,2026-08-06 05:57:02
PKU,arrivals,2026-08-05,20:00,20:03,IP328,PAS328,CGK,Jakarta Soekarno Hatta International Airport,Pelita Air,IP,A320,Airbus A320-214,PK-PWO,Landed 20:03,2026-08-06 05:57:02
PKU,arrivals,2026-08-05,20:20,20:30,JT276,LNI276,YIA,Yogyakarta International Airport,Lion Air,JT,B739,Boeing 737-9GP(ER),PK-LSO,Landed 20:30,2026-08-06 05:57:02
PKU,arrivals,2026-08-05,20:40,20:28,IU914,SJV914,CGK,Jakarta Soekarno Hatta International Airport,Super Air Jet,IU,A320,Airbus A320-232,PK-SJW,Landed 20:28,2026-08-06 05:57:02
PKU,departures,2026-08-05,06:00,06:08,IP329,PAS329,CGK,Jakarta Soekarno Hatta International Airport,Pelita Air,IP,A320,Airbus A320-232,PK-PWL,Departed 06:08,2026-08-06 05:57:25
PKU,departures,2026-08-05,06:00,06:17,IU919,SJV919,CGK,Jakarta Soekarno Hatta International Airport,Super Air Jet,IU,A320,Airbus A320-232,PK-STD,Departed 06:17,2026-08-06 05:57:25
PKU,departures,2026-08-05,06:10,06:13,QG937,CTV937,CGK,Jakarta Soekarno Hatta International Airport,Citilink Garuda Indonesia,QG,A320,Airbus A320-214,PK-GQT,Departed 06:13,2026-08-06 05:57:25
PKU,departures,2026-08-05,06:10,06:22,JT279,LNI279,YIA,Yogyakarta International Airport,Lion Air,JT,B739,Boeing 737-9GP(ER),PK-LFK,Departed 06:22,2026-08-06 05:57:25
PKU,departures,2026-08-05,07:40,08:20,JT393,LNI393,CGK,Jakarta Soekarno Hatta International Airport,Lion Air,JT,B739,Boeing 737-9GP(ER),PK-LQS,Departed 08:20,2026-08-06 05:57:25
PKU,departures,2026-08-05,08:00,07:58,QG939,CTV939,CGK,Jakarta Soekarno Hatta International Airport,Citilink,QG,A320,Airbus A320-214,PK-GLQ,Departed 07:58,2026-08-06 05:57:25
PKU,departures,2026-08-05,09:10,09:09,IP321,PAS321,CGK,Jakarta Soekarno Hatta International Airport,Pelita Air,IP,A320,Airbus A320-214,PK-PWP,Departed 09:09,2026-08-06 05:57:25
PKU,departures,2026-08-05,09:25,09:33,JT238,LNI238,BTH,Batam Hang Nadim Airport,Lion Air,JT,B739,Boeing 737-9GP(ER),PK-LHS,Departed 09:33,2026-08-06 05:57:25
PKU,departures,2026-08-05,09:30,09:40,OD337,MXD337,KUL,Kuala Lumpur International Airport,Batik Air,ID,B738,Boeing 737-8U3,9M-LDH,Departed 09:40,2026-08-06 05:57:25
PKU,departures,2026-08-05,10:20,12:39,ID6857,BTK6857,CGK,Jakarta Soekarno Hatta International Airport,Batik Air,ID,A320,Airbus A320-214,PK-LUR,Departed 12:39,2026-08-06 05:57:25
PKU,departures,2026-08-05,10:30,10:47,IW1215,WON1215,MKZ,Malacca International Airport,Wings Air,IW,AT76,ATR 72-600,PK-WHF,Departed 10:47,2026-08-06 05:57:25
PKU,departures,2026-08-05,10:45,10:52,GA175,GIA175,CGK,Jakarta Soekarno Hatta International Airport,Garuda Indonesia,GA,B738,Boeing 737-8U3,PK-GNR,Departed 10:52,2026-08-06 05:57:25
PKU,departures,2026-08-05,10:55,11:18,AK430,AXM430,KUL,Kuala Lumpur International Airport,AirAsia,AK,A320,Airbus A320-214,9M-AFE,Departed 11:18,2026-08-06 05:57:25
PKU,departures,2026-08-05,11:20,12:08,QG933,CTV933,CGK,Jakarta Soekarno Hatta International Airport,Citilink,QG,A20N,Airbus A320-251N,PK-GTA,Departed 12:08,2026-08-06 05:57:25
PKU,departures,2026-08-05,11:50,12:42,IU832,SJV832,KNO,Medan Kuala Namu International Airport,Super Air Jet,IU,A320,Airbus A320-232,PK-SJU,Departed 12:42,2026-08-06 05:57:25
PKU,departures,2026-08-05,12:20,12:19,JT2160,LNI2160,KUL,Kuala Lumpur International Airport,Lion Air,JT,B738,Boeing 737-8GP,PK-LOQ,Departed 12:19,2026-08-06 05:57:25
PKU,departures,2026-08-05,12:45,13:37,JT160,LNI160,KUL,Kuala Lumpur International Airport,Lion Air,JT,B739,Boeing 737-9GP(ER),PK-LQS,Departed 13:37,2026-08-06 05:57:25
PKU,departures,2026-08-05,13:10,13:15,QG935,CTV935,BTH,Batam Hang Nadim Airport,Citilink,QG,A320,Airbus A320-214,PK-GQU,Departed 13:15,2026-08-06 05:57:25
PKU,departures,2026-08-05,13:15,,IU913,,CGK,Jakarta Soekarno Hatta International Airport,Super Air Jet,IU,320,,,Canceled,2026-08-06 05:57:25
PKU,departures,2026-08-05,13:55,14:04,IW1232,WON1232,GNS,Gunung Sitoli Binaka Airport,Wings Air,IW,AT76,ATR 72-600,PK-WHF,Departed 14:04,2026-08-06 05:57:25
PKU,departures,2026-08-05,14:20,14:23,IP323,PAS323,CGK,Jakarta Soekarno Hatta International Airport,Pelita Air,IP,A320,Airbus A320-214,PK-PWP,Departed 14:23,2026-08-06 05:57:25
PKU,departures,2026-08-05,14:25,14:54,GA177,GIA177,CGK,Jakarta Soekarno Hatta International Airport,Garuda Indonesia,GA,B738,Boeing 737-8U3,PK-GMV,Departed 14:54,2026-08-06 05:57:25
PKU,departures,2026-08-05,14:55,15:19,IU867,SJV867,CGK,Jakarta Soekarno Hatta International Airport,Super Air Jet,IU,A320,Airbus A320-232,PK-SAL,Departed 15:19,2026-08-06 05:57:25
PKU,departures,2026-08-05,16:00,16:25,AK428,AXM428,KUL,Kuala Lumpur International Airport,AirAsia,AK,A320,Airbus A320-216,9M-RAE,Departed 16:25,2026-08-06 05:57:25
PKU,departures,2026-08-05,16:10,17:15,ID6855,BTK6855,CGK,Jakarta Soekarno Hatta International Airport,Batik Air,ID,A320,Airbus A320-232,PK-BKL,Departed 17:15,2026-08-06 05:57:25
PKU,departures,2026-08-05,16:30,17:07,JT236,LNI236,BTH,Batam Hang Nadim Airport,Lion Air,JT,B739,Boeing 737-9GP(ER),PK-LHS,Departed 17:07,2026-08-06 05:57:25
PKU,departures,2026-08-05,17:45,,GA179,,CGK,Jakarta Soekarno Hatta International Airport,Garuda Indonesia,GA,738,,,Canceled,2026-08-06 05:57:25
PKU,departures,2026-08-05,18:15,,IU911,,CGK,Jakarta Soekarno Hatta International Airport,Super Air Jet,IU,320,,,Unknown,2026-08-06 05:57:25
PKU,departures,2026-08-05,18:20,18:29,IP325,PAS325,CGK,Jakarta Soekarno Hatta International Airport,Pelita Air,IP,A320,Airbus A320-214,PK-PWH,Departed 18:29,2026-08-06 05:57:25
PKU,departures,2026-08-05,19:05,19:11,QG33,CTV033,HLP,Jakarta Halim Perdanakusuma Airport,Citilink,QG,A320,Airbus A320-214,PK-GQE,Departed 19:11,2026-08-06 05:57:25
PKU,departures,2026-08-05,19:10,19:53,JT391,LNI391,CGK,Jakarta Soekarno Hatta International Airport,Lion Air,JT,B739,Boeing 737-9GP(ER),PK-LQS,Departed 19:53,2026-08-06 05:57:25
PKU,departures,2026-08-05,19:10,,IU836,,BTH,Batam Hang Nadim Airport,Super Air Jet,IU,320,,,Unknown,2026-08-06 05:57:25
PKU,departures,2026-08-05,19:50,,RI131,,CGK,Jakarta Soekarno Hatta International Airport,Rimbun Air,RI,73Y,,,Unknown,2026-08-06 05:57:25
PKU,departures,2026-08-05,20:15,20:20,JT3293,LNI3293,CGK,Jakarta Soekarno Hatta International Airport,Lion Air,JT,B738,Boeing 737-8GP,PK-LOQ,Departed 20:20,2026-08-06 05:57:25
SIN,arrivals,2026-08-05,00:00,,TK6266,,BKK,Bangkok Suvarnabhumi Airport,Turkish Airlines,TK,77X,,,Unknown,2026-08-06 06:00:42
SIN,arrivals,2026-08-05,00:05,02:40,TR273,TGW273,CGK,Jakarta Soekarno Hatta International Airport,Scoot,TR,A320,Airbus A320-232,9V-TRT,Landed 03:40,2026-08-06 06:00:38
SIN,arrivals,2026-08-05,00:30,00:13,MU9647,CES9647,KMG,Kunming Changshui International Airport,China Eastern Airlines,MU,B789,Boeing 787-9 Dreamliner,B-206K,Landed 01:13,2026-08-06 06:00:38
SIN,arrivals,2026-08-05,00:35,00:37,O3301,CSS301,SZX,Shenzhen Bao'an International Airport,SF Airlines,O3,B752,Boeing 757-28A(PCF),B-223C,Landed 01:37,2026-08-06 06:00:38
SIN,arrivals,2026-08-05,00:40,00:17,TR677,TGW677,CNX,Chiang Mai International Airport,Scoot,TR,A21N,Airbus A321-271NX,9V-NCB,Landed 01:17,2026-08-06 06:00:38
SIN,arrivals,2026-08-05,00:40,00:48,MF8675,CXA8675,XMN,Xiamen Gaoqi International Airport,Xiamen Air,MF,B738,Boeing 737-85C,B-1709,Landed 01:48,2026-08-06 06:00:38
SIN,arrivals,2026-08-05,00:45,01:15,6E1007,IGO1007,TRZ,Tiruchirappalli International Airport,IndiGo,6E,A20N,Airbus A320-271N,VT-IZM,Landed 02:15,2026-08-06 06:00:38
SIN,arrivals,2026-08-05,01:00,00:42,ZH227,CSZ227,SZX,Shenzhen Bao'an International Airport,Shenzhen Airlines,ZH,A20N,Airbus A320-251N,B-32NA,Landed 01:42,2026-08-06 06:00:38
SIN,arrivals,2026-08-05,01:10,01:59,MU881,CES881,KHN,Nanchang Changbei International Airport,China Eastern Airlines,MU,A20N,Airbus A320-251N,B-30CY,Landed 02:59,2026-08-06 06:00:38
SIN,arrivals,2026-08-05,01:15,,QR8992,,DOH,Doha Hamad International Airport,Qatar Airways,QR,77X,,,Unknown,2026-08-06 06:00:38
SIN,arrivals,2026-08-05,01:18,01:49,3S530,BOX530,LEJ,Leipzig Halle Airport,AeroLogic,3S,B77L,Boeing 777-FZN,D-AALH,Landed 02:49,2026-08-06 06:00:38
SIN,arrivals,2026-08-05,01:25,02:07,FM843,CSH843,PVG,Shanghai Pudong International Airport,Shanghai Airlines,FM,B38M,Boeing 737 MAX 8,B-1149,Landed 03:07,2026-08-06 06:00:38
SIN,arrivals,2026-08-05,01:40,,8K801,,CGK,Jakarta Soekarno Hatta International Airport,Exploits Valley Air Services,8K,73P,,,Unknown,2026-08-06 06:00:38
SIN,arrivals,2026-08-05,02:05,01:55,TR15,TGW15,SYD,Sydney Kingsford Smith Airport,Scoot,TR,B789,Boeing 787-9 Dreamliner,9V-OJA,Landed 02:55,2026-08-06 06:00:38
SIN,arrivals,2026-08-05,02:05,01:38,CZ8489,CSN8489,CAN,Guangzhou Baiyun International Airport,China Southern Airlines,CZ,A21N,Airbus A321-253NX,B-32FT,Landed 02:38,2026-08-06 06:00:38
SIN,arrivals,2026-08-05,02:10,01:45,HU7909,CHH7909,HAK,Haikou Meilan International Airport,Hainan Airlines,HU,B38M,Boeing 737 MAX 8,B-228E,Landed 02:45,2026-08-06 06:00:38
SIN,arrivals,2026-08-05,02:30,02:23,8M237,MMA237,RGN,Yangon International Airport,Myanmar Airways International,8M,A319,Airbus A319-112,XY-ALY,Landed 03:23,2026-08-06 06:00:38
SIN,arrivals,2026-08-05,02:35,,CV9001,,TPE,Taipei Taoyuan International Airport,Cargolux,CV,74F,,,Unknown,2026-08-06 06:00:38
SIN,arrivals,2026-08-05,02:35,,CV9001,,TPE,Taipei Taoyuan International Airport,Cargolux,CV,74Y,,,Unknown,2026-08-06 06:00:38
SIN,arrivals,2026-08-05,02:35,02:45,CV9022,CLX9022,TPE,Taipei Taoyuan International Airport,Cargolux,CV,B748,Boeing 747-8R7F,LX-VCM,Landed 03:45,2026-08-06 06:00:38
SIN,arrivals,2026-08-05,02:40,02:33,6E1001,IGO1001,MAA,Chennai International Airport,IndiGo,6E,A21N,Airbus A321-251NX,VT-NOA,Landed 03:33,2026-08-06 06:00:38
SIN,arrivals,2026-08-05,02:40,02:27,TR39,TGW39,MEL,Melbourne Airport,Scoot,TR,B789,Boeing 787-9 Dreamliner,9V-OJK,Landed 03:27,2026-08-06 06:00:38
SIN,arrivals,2026-08-05,02:50,02:36,TR347,TGW347,DPS,Denpasar Ngurah Rai International Airport,Scoot,TR,A21N,Airbus A321-271NX,9V-NCD,Landed 03:36,2026-08-06 06:00:38
SIN,arrivals,2026-08-05,03:00,,CI5871,,TPE,Taipei Taoyuan International Airport,China Airlines,CI,77X,,,Unknown,2026-08-06 06:00:38
SIN,arrivals,2026-08-05,03:05,03:08,TR189,TGW189,HGH,Hangzhou Xiaoshan International Airport,Scoot,TR,B789,Boeing 787-9 Dreamliner,9V-OJI,Landed 04:08,2026-08-06 06:00:38
SIN,arrivals,2026-08-05,03:05,02:55,TR61,TGW61,VIE,Vienna International Airport,Scoot,TR,B788,Boeing 787-8 Dreamliner,9V-OFL,Landed 03:55,2026-08-06 06:00:38
SIN,arrivals,2026-08-05,03:10,02:26,CZ5085,CSN5085,SZX,Shenzhen Bao'an International Airport,China Southern Airlines,CZ,A20N,Airbus A320-251N,B-32FX,Landed 03:26,2026-08-06 06:00:38
SIN,arrivals,2026-08-05,03:15,03:00,TR893,TGW893,TPE,Taipei Taoyuan International Airport,Scoot,TR,B788,Boeing 787-8 Dreamliner,9V-OFD,Landed 04:00,2026-08-06 06:00:38
SIN,arrivals,2026-08-05,03:25,03:16,3Y924,MYU924,CGK,Jakarta Soekarno Hatta International Airport,My Indo Airlines,3Y,B734,Boeing 737-4Q8(SF),PK-MYN,Landed 04:16,2026-08-06 06:00:38
SIN,arrivals,2026-08-05,03:25,02:47,QF256,QFA256,CDG,Paris Charles de Gaulle Airport,Qantas,QF,B789,Boeing 787-9 Dreamliner,VH-ZNC,Landed 03:47,2026-08-06 06:00:38
SIN,arrivals,2026-08-05,03:30,,8K804,,BKK,Bangkok Suvarnabhumi Airport,K-Mile Air,8K,B734,Boeing 737-46Q(SF),HS-KMB,Unknown,2026-08-06 06:00:38
SIN,arrivals,2026-08-05,03:30,01:08,8K804,KMI804,BKK,Bangkok Suvarnabhumi Airport,K-Mile Air,8K,B734,Boeing 737-46Q(SF),HS-KMB,Landed 02:08,2026-08-06 06:00:38
SIN,arrivals,2026-08-05,03:35,,SQ7601,,NRT,Tokyo Narita International Airport,Singapore Airlines,SQ,74Y,,,Unknown,2026-08-06 06:00:38
SIN,arrivals,2026-08-05,03:35,03:10,KZ235,NCA235,NRT,Tokyo Narita International Airport,Nippon Cargo Airlines,KZ,B748,Boeing 747-8KZF,JA18KZ,Landed 04:10,2026-08-06 06:00:38
SIN,arrivals,2026-08-05,03:40,03:06,SQ7449,SIA7449,SYD,Sydney Kingsford Smith Airport,DHL,D0,B77L,Boeing 777-F,9V-DHB,Landed 04:06,2026-08-06 06:00:38
SIN,arrivals,2026-08-05,03:40,03:24,TR125,TGW125,CSX,Changsha Huanghua International Airport,Scoot,TR,A21N,Airbus A321-271NX,9V-NCA,Landed 04:24,2026-08-06 06:00:38
SIN,arrivals,2026-08-05,03:40,03:26,6E1247,IGO1247,BLR,Bengaluru Kempegowda International Airport,IndiGo,6E,A20N,Airbus A320-251N,VT-IXA,Landed 04:26,2026-08-06 06:00:38
SIN,arrivals,2026-08-05,03:40,03:29,BS307,UBG307,DAC,Dhaka Shahjalal International Airport,US-Bangla Airlines,BS,B738,Boeing 737-8AL,S2-AJG,Landed 04:29,2026-08-06 06:00:38
SIN,arrivals,2026-08-05,03:55,06:26,BR6061,EVA6061,TPE,Taipei Taoyuan International Airport,EVA Air Cargo,BR,B77L,Boeing 777-F,B-16788,Landed 07:26,2026-08-06 06:00:38
SIN,arrivals,2026-08-05,03:55,03:34,QF77,QFA77,PER,Perth Airport,Qantas,QF,B738,Boeing 737-838,VH-XZF,Landed 04:34,2026-08-06 06:00:38
SIN,arrivals,2026-08-05,04:00,03:56,SQ605,SIA605,ICN,Seoul Incheon International Airport,Singapore Airlines,SQ,A359,Airbus A350-941,9V-SHN,Landed 04:56,2026-08-06 06:00:38
SIN,arrivals,2026-08-05,04:00,03:51,KE647,KAL647,ICN,Seoul Incheon International Airport,Korean Air,KE,A333,Airbus A330-323,HL8002,Landed 04:51,2026-08-06 06:00:38
SIN,arrivals,2026-08-05,04:10,04:00,SQ839,SIA839,HGH,Hangzhou Xiaoshan International Airport,Singapore Airlines,SQ,A359,Airbus A350-941,9V-SHA,Landed 05:00,2026-08-06 06:00:38
SIN,arrivals,2026-08-05,04:15,06:11,9C8551,CQH8551,PVG,Shanghai Pudong International Airport,Spring Airlines (100th for Spring Airlines Livery),9C,A20N,Airbus A320-251N,B-30D6,Landed 07:11,2026-08-06 06:00:38
SIN,arrivals,2026-08-05,04:15,05:47,MU543,CES543,PVG,Shanghai Pudong International Airport,China Eastern Airlines,MU,B77W,Boeing 777-39P(ER),B-2023,Landed 06:47,2026-08-06 06:00:38
SIN,arrivals,2026-08-05,04:20,04:43,TR875,TGW875,TPE,Taipei Taoyuan International Airport,Scoot,TR,B789,Boeing 787-9 Dreamliner,9V-OJE,Landed 05:43,2026-08-06 06:00:38
SIN,arrivals,2026-08-05,04:25,03:12,SQ635,SIA635,HND,Tokyo Haneda International Airport,Singapore Airlines,SQ,B78X,Boeing 787-10 Dreamliner,9V-SCZ,Landed 04:12,2026-08-06 06:00:38
SIN,arrivals,2026-08-05,04:30,04:26,SQ853,SIA853,CAN,Guangzhou Baiyun International Airport,Singapore Airlines,SQ,B38M,Boeing 737 MAX 8,9V-MBM,Landed 05:26,2026-08-06 06:00:38
SIN,arrivals,2026-08-05,04:30,04:13,CX659,CPA659,HKG,Hong Kong International Airport,Cathay Pacific,CX,A333,Airbus A330-343,B-LAK,Landed 05:13,2026-08-06 06:00:38
SIN,arrivals,2026-08-05,04:30,03:39,SQ323,SIA323,AMS,Amsterdam Schiphol Airport,Singapore Airlines,SQ,B77W,Boeing 777-312(ER),9V-SWP,Landed 04:39,2026-08-06 06:00:38
SIN,arrivals,2026-08-05,04:30,04:05,SQ218,SIA218,MEL,Melbourne Airport,Singapore Airlines,SQ,A359,Airbus A350-941,9V-SHO,Landed 05:05,2026-08-06 06:00:38
SIN,arrivals,2026-08-05,04:30,04:49,EK9618,UAE9618,DWC,Dubai World Central International Airport,Emirates SkyCargo,EK,B77L,Boeing 777-F1H,A6-EFN,Landed 05:49,2026-08-06 06:00:38
SIN,arrivals,2026-08-05,04:30,03:47,SQ23,SIA23,JFK,New York John F. Kennedy International Airport,Singapore Airlines,SQ,A359,Airbus A350-941,9V-SGB,Landed 04:47,2026-08-06 06:00:38
SIN,arrivals,2026-08-05,04:30,03:58,SQ33,SIA33,SFO,San Francisco International Airport,Singapore Airlines,SQ,A359,Airbus A350-941,9V-SGA,Landed 04:58,2026-08-06 06:00:38
SIN,arrivals,2026-08-05,04:40,04:18,TR121,TGW121,WUH,Wuhan Tianhe International Airport,Scoot,TR,B788,Boeing 787-8 Dreamliner,9V-OFH,Landed 05:18,2026-08-06 06:00:38
SIN,arrivals,2026-08-05,04:45,04:07,TR581,TGW581,CEB,Cebu Mactan International Airport,Scoot,TR,E290,Embraer E190-E2,9V-THI,Landed 05:07,2026-08-06 06:00:38
SIN,arrivals,2026-08-05,04:45,04:16,SQ305,SIA305,LHR,London Heathrow Airport,Singapore Airlines,SQ,A359,Airbus A350-941,9V-SJH,Landed 05:16,2026-08-06 06:00:38
SIN,arrivals,2026-08-05,04:45,04:27,SQ246,SIA246,BNE,Brisbane Airport,Singapore Airlines,SQ,A359,Airbus A350-941,9V-SHY,Landed 05:27,2026-08-06 06:00:38
SIN,arrivals,2026-08-05,04:55,07:03,SQ825,SIA825,PVG,Shanghai Pudong International Airport,Singapore Airlines,SQ,B78X,Boeing 787-10 Dreamliner,9V-SCQ,Landed 08:03,2026-08-06 06:00:38
SIN,arrivals,2026-08-05,05:00,04:21,TR873,TGW873,TPE,Taipei Taoyuan International Airport,Scoot,TR,B788,Boeing 787-8 Dreamliner,9V-OFE,Landed 05:21,2026-08-06 06:00:38
SIN,arrivals,2026-08-05,05:00,04:37,SQ447,SIA447,DAC,Dhaka Shahjalal International Airport,Singapore Airlines,SQ,B78X,Boeing 787-10 Dreamliner,9V-SCI,Landed 05:37,2026-08-06 06:00:38
SIN,arrivals,2026-08-05,05:00,04:29,SQ365,SIA365,FCO,Rome Leonardo da Vinci Fiumicino Airport,Singapore Airlines,SQ,A359,Airbus A350-941,9V-SJA,Landed 05:29,2026-08-06 06:00:38
SIN,arrivals,2026-08-05,05:05,04:23,SQ335,SIA335,CDG,Paris Charles de Gaulle Airport,Singapore Airlines,SQ,B77W,Boeing 777-312(ER),9V-SWL,Landed 05:23,2026-08-06 06:00:38
SIN,arrivals,2026-08-05,05:10,05:00,SQ857,SIA857,SZX,Shenzhen Bao'an International Airport,Singapore Airlines,SQ,B38M,Boeing 737 MAX 8,9V-MBQ,Landed 06:00,2026-08-06 06:00:38
SIN,arrivals,2026-08-05,05:10,04:40,JL35,JAL35,HND,Tokyo Haneda International Airport,Japan Airlines,JL,B763,Boeing 767-346(ER),JA616J,Landed 05:40,2026-08-06 06:00:38
SIN,arrivals,2026-08-05,05:10,04:52,SQ529,SIA529,MAA,Chennai International Airport,Singapore Airlines,SQ,B78X,Boeing 787-10 Dreamliner,9V-SCB,Landed 05:52,2026-08-06 06:00:38
SIN,arrivals,2026-08-05,05:10,05:05,SQ511,SIA511,BLR,Bengaluru Kempegowda International Airport,Singapore Airlines,SQ,A359,Airbus A350-941,9V-SHG,Landed 06:05,2026-08-06 06:00:38
SIN,arrivals,2026-08-05,05:10,05:29,SQ403,SIA403,DEL,Delhi Indira Gandhi International Airport,Singapore Airlines,SQ,A388,Airbus A380-841,9V-SKR,Landed 06:29,2026-08-06 06:00:38
SIN,arrivals,2026-08-05,05:15,04:51,KE381,KAL381,ICN,Seoul Incheon International Airport,Korean Air Cargo,KE,B744,Boeing 747-4B5F(ER),HL7602,Landed 05:51,2026-08-06 06:00:38
SIN,arrivals,2026-08-05,05:15,05:35,SQ441,SIA441,KTM,Kathmandu Tribhuvan International Airport,Singapore Airlines,SQ,B38M,Boeing 737 MAX 8,9V-MBV,Landed 06:35,2026-08-06 06:00:38
SIN,arrivals,2026-08-05,05:15,05:19,SQ535,SIA535,COK,Cochin International Airport,Singapore Airlines,SQ,B38M,Boeing 737 MAX 8,9V-MBO,Landed 06:19,2026-08-06 06:00:38
SIN,arrivals,2026-08-05,05:15,04:56,UA1,UAL1,SFO,San Francisco International Airport,United Airlines,UA,B789,Boeing 787-9 Dreamliner,N81105,Landed 05:56,2026-08-06 06:00:38
SIN,arrivals,2026-08-05,05:20,04:58,SQ479,SIA479,JNB,Johannesburg OR Tambo International Airport,Singapore Airlines,SQ,A359,Airbus A350-941,9V-SMZ,Landed 05:58,2026-08-06 06:00:38
SIN,arrivals,2026-08-05,05:20,04:33,SQ345,SIA345,ZRH,Zurich Airport,Singapore Airlines,SQ,B77W,Boeing 777-312(ER),9V-SWQ,Landed 05:33,2026-08-06 06:00:38
SIN,arrivals,2026-08-05,05:25,05:10,SQ801,SIA801,PEK,Beijing Capital International Airport,Singapore Airlines,SQ,B78X,Boeing 787-10 Dreamliner,9V-SCU,Landed 06:10,2026-08-06 06:00:38
SIN,arrivals,2026-08-05,05:25,04:47,SQ351,SIA351,CPH,Copenhagen Airport,Singapore Airlines,SQ,A359,Airbus A350-941,9V-SMS,Landed 05:47,2026-08-06 06:00:38
SIN,arrivals,2026-08-05,05:25,04:44,SQ309,SIA309,LGW,London Gatwick Airport,Singapore Airlines,SQ,A359,Airbus A350-941,9V-SMP,Landed 05:44,2026-08-06 06:00:38
SIN,arrivals,2026-08-05,05:30,05:20,TR731,TGW731,TRV,Thiruvananthapuram International Airport,Scoot,TR,A320,Airbus A320-232,9V-TRP,Landed 06:20,2026-08-06 06:00:38
SIN,arrivals,2026-08-05,05:30,05:12,SQ517,SIA517,CCU,Kolkata Subhas Chandra Bose International Airport,Singapore Airlines,SQ,B38M,Boeing 737 MAX 8,9V-MBG,Landed 06:12,2026-08-06 06:00:38
SIN,arrivals,2026-08-05,05:35,05:16,SQ216,SIA216,PER,Perth Airport,Singapore Airlines,SQ,B78X,Boeing 787-10 Dreamliner,9V-SCO,Landed 06:16,2026-08-06 06:00:38
SIN,arrivals,2026-08-05,05:35,05:24,TR741,TGW741,CJB,Coimbatore International Airport,Scoot,TR,A21N,Airbus A321-271NX,9V-NCK,Landed 06:24,2026-08-06 06:00:38
SIN,arrivals,2026-08-05,05:40,05:56,3Y9900,MYU9900,CGK,Jakarta Soekarno Hatta International Airport,My Indo Airlines,3Y,B733,Boeing 737-39K(SF),PK-MYC,Landed 06:56,2026-08-06 06:00:38
SIN,arrivals,2026-08-05,05:40,05:01,NH843,ANA843,HND,Tokyo Haneda International Airport,All Nippon Airways,NH,B789,Boeing 787-9 Dreamliner,JA886A,Landed 06:01,2026-08-06 06:00:38
SIN,arrivals,2026-08-05,05:40,05:41,SQ523,SIA523,HYD,Hyderabad Rajiv Gandhi International Airport,Singapore Airlines,SQ,B38M,Boeing 737 MAX 8,9V-MBD,Landed 06:41,2026-08-06 06:00:38
SIN,arrivals,2026-08-05,05:40,05:15,SQ327,SIA327,MUC,Munich Airport,Singapore Airlines,SQ,A359,Airbus A350-941,9V-SMV,Landed 06:15,2026-08-06 06:00:38
SIN,arrivals,2026-08-05,05:40,05:04,SQ303,SIA303,BRU,Brussels Airport,Singapore Airlines,SQ,A359,Airbus A350-941,9V-SMA,Landed 06:04,2026-08-06 06:00:38
SIN,arrivals,2026-08-05,05:45,05:25,NZ282,ANZ282,AKL,Auckland Airport,Air New Zealand,NZ,B77W,Boeing 777-319(ER),ZK-OKO,Landed 06:25,2026-08-06 06:00:38
SIN,arrivals,2026-08-05,05:50,06:17,CA975,CCA975,PEK,Beijing Capital International Airport,Air China,CA,A333,Airbus A330-343,B-5906,Landed 07:17,2026-08-06 06:00:38
SIN,arrivals,2026-08-05,05:50,05:07,SQ25,SIA25,FRA,Frankfurt Airport,Singapore Airlines,SQ,B77W,Boeing 777-312(ER),9V-SNC,Landed 06:07,2026-08-06 06:00:38
SIN,arrivals,2026-08-05,06:00,05:59,SQ355,SIA355,MXP,Milan Malpensa Airport,Singapore Airlines,SQ,A359,Airbus A350-941,9V-SMD,Landed 06:59,2026-08-06 06:00:38
SIN,arrivals,2026-08-05,06:00,05:22,SQ301,SIA301,MAN,Manchester Airport,Singapore Airlines,SQ,A359,Airbus A350-941,9V-SMR,Landed 06:22,2026-08-06 06:00:38
SIN,arrivals,2026-08-05,06:10,06:05,TR161,TGW161,KMG,Kunming Changshui International Airport,Scoot,TR,A20N,Airbus A320-271N,9V-TNG,Landed 07:05,2026-08-06 06:00:38
SIN,arrivals,2026-08-05,06:10,05:49,SQ437,SIA437,MLE,Male Velana International Airport,Singapore Airlines,SQ,A359,Airbus A350-941,9V-SHK,Landed 06:49,2026-08-06 06:00:38
SIN,arrivals,2026-08-05,06:10,05:51,SQ505,SIA505,AMD,Ahmedabad International Airport,Singapore Airlines,SQ,A359,Airbus A350-941,9V-SHH,Landed 06:51,2026-08-06 06:00:38
SIN,arrivals,2026-08-05,06:15,05:46,LD327,AHK327,HKG,Hong Kong International Airport,DHL (No.1 Best Workplace Sticker),D0,A332,Airbus A330-243F,B-LDP,Landed 06:46,2026-08-06 06:00:38
SIN,arrivals,2026-08-05,06:15,06:07,AK701,AXM701,KUL,Kuala Lumpur International Airport,AirAsia,AK,A320,Airbus A320-214,9M-RCB,Landed 07:07,2026-08-06 06:00:38
SIN,arrivals,2026-08-05,06:20,06:01,TR759,TGW759,TRZ,Tiruchirappalli International Airport,Scoot,TR,A21N,Airbus A321-271NX,9V-NCC,Landed 07:01,2026-08-06 06:00:38
SIN,arrivals,2026-08-05,06:20,06:15,TR135,TGW135,XIY,Xi'an Xianyang International Airport,Scoot,TR,A20N,Airbus A320-271N,9V-TNF,Landed 07:15,2026-08-06 06:00:38
SIN,arrivals,2026-08-05,06:20,07:25,SQ469,SIA469,CMB,Colombo Bandaranaike International Airport,Singapore Airlines,SQ,B78X,Boeing 787-10 Dreamliner,9V-SDA,Landed 08:25,2026-08-06 06:00:38
SIN,arrivals,2026-08-05,06:25,06:58,AI2380,AIC2380,DEL,Delhi Indira Gandhi International Airport,Air India,AI,A21N,Airbus A321-251NX,VT-TVC,Landed 07:58,2026-08-06 06:00:38
SIN,arrivals,2026-08-05,06:30,05:55,SQ819,SIA819,CKG,Chongqing Jiangbei International Airport,Singapore Airlines,SQ,B38M,Boeing 737 MAX 8,9V-MBH,Landed 06:55,2026-08-06 06:00:35
SIN,arrivals,2026-08-05,06:30,06:02,SQ317,SIA317,LHR,London Heathrow Airport,Singapore Airlines,SQ,A388,Airbus A380-841,9V-SKQ,Landed 07:02,2026-08-06 06:00:38
SIN,arrivals,2026-08-05,06:40,06:19,SQ423,SIA423,BOM,Mumbai Chhatrapati Shivaji International Airport,Singapore Airlines,SQ,B77W,Boeing 777-312(ER),9V-SWK,Landed 07:19,2026-08-06 06:00:35
SIN,arrivals,2026-08-05,06:40,05:53,SQ37,SIA37,LAX,Los Angeles International Airport,Singapore Airlines,SQ,A359,Airbus A350-941,9V-SJF,Landed 06:53,2026-08-06 06:00:35
SIN,arrivals,2026-08-05,06:45,06:28,AI2105,AIC2105,BOM,Mumbai Chhatrapati Shivaji International Airport,Air India,AI,A21N,Airbus A321-251NX,VT-TVB,Landed 07:28,2026-08-06 06:00:35
SIN,arrivals,2026-08-05,07:05,,JG2975,,SZX,Shenzhen Bao'an International Airport,JDL Airlines,JG,73F,,,Unknown,2026-08-06 06:00:35
SIN,arrivals,2026-08-05,07:10,06:53,SQ951,SIA951,CGK,Jakarta Soekarno Hatta International Airport,Singapore Airlines,SQ,A359,Airbus A350-941,9V-SHL,Landed 07:53,2026-08-06 06:00:35
SIN,arrivals,2026-08-05,07:20,06:49,TR883,TGW883,HND,Tokyo Haneda International Airport,Scoot,TR,B788,Boeing 787-8 Dreamliner,9V-OFB,Landed 07:49,2026-08-06 06:00:35
SIN,arrivals,2026-08-05,07:30,07:28,UL306,ALK306,CMB,Colombo Bandaranaike International Airport,SriLankan Airlines,UL,A320,Airbus A320-232,4R-ABT,Landed 08:28,2026-08-06 06:00:35
SIN,arrivals,2026-08-05,07:30,07:34,AK703,AXM703,KUL,Kuala Lumpur International Airport,AirAsia,AK,A320,Airbus A320-216,9M-AQS,Landed 08:34,2026-08-06 06:00:35
SIN,arrivals,2026-08-05,07:35,08:06,SQ7847,SIA7847,PVG,Shanghai Pudong International Airport,Singapore Airlines Cargo,SQ,B744,Boeing 747-412F(SCD),9V-SFI,Landed 09:06,2026-08-06 06:00:35
SIN,arrivals,2026-08-05,07:35,07:18,TR767,TGW767,TRZ,Tiruchirappalli International Airport,Scoot,TR,A21N,Airbus A321-271NX,9V-NCN,Landed 08:18,2026-08-06 06:00:35
SIN,arrivals,2026-08-05,07:35,07:22,GA824,GIA824,CGK,Jakarta Soekarno Hatta International Airport,Garuda Indonesia,GA,B738,Boeing 737-8U3,PK-GMI,Landed 08:22,2026-08-06 06:00:35
SIN,arrivals,2026-08-05,07:35,07:45,EK314,UAE314,DXB,Dubai International Airport,Emirates,EK,B77W,Boeing 777-31H(ER),A6-EGL,Landed 08:45,2026-08-06 06:00:35
SIN,arrivals,2026-08-05,07:45,07:42,OD810,MXD810,SZB,Kuala Lumpur Subang Airport,Batik Air,ID,B738,Boeing 737-8GP,9M-LNM,Landed 08:42,2026-08-06 06:00:35
SIN,arrivals,2026-08-05,07:45,07:20,TK168,THY168,IST,Istanbul Airport,Turkish Airlines,TK,A359,Airbus A350-941,TC-LGY,Landed 08:20,2026-08-06 06:00:35
SIN,arrivals,2026-08-05,08:05,07:53,PR511,PAL511,MNL,Manila Ninoy Aquino International Airport,Philippine Airlines,PR,A321,Airbus A321-231,RP-C9918,Landed 08:53,2026-08-06 06:00:35
SIN,arrivals,2026-08-05,08:05,07:50,MH601,MAS601,KUL,Kuala Lumpur International Airport,Malaysia Airlines,MH,B38M,Boeing 737 MAX 8,9M-MVE,Landed 08:50,2026-08-06 06:00:35
SIN,arrivals,2026-08-05,08:10,08:14,QG522,CTV522,CGK,Jakarta Soekarno Hatta International Airport,Citilink,QG,A320,Airbus A320-214,PK-GQQ,Landed 09:14,2026-08-06 06:00:35
SIN,arrivals,2026-08-05,08:15,14:40,SQ7823,SIA7823,CAN,Guangzhou Baiyun International Airport,Singapore Airlines Cargo,SQ,B744,Boeing 747-412F(SCD),9V-SFO,Landed 15:40,2026-08-06 06:00:35
SIN,arrivals,2026-08-05,08:20,08:23,OD801,MXD801,KUL,Kuala Lumpur International Airport,Batik Air,ID,B38M,Boeing 737 MAX 8,9M-LRF,Landed 09:23,2026-08-06 06:00:35
SIN,arrivals,2026-08-05,08:30,08:16,TR285,TGW285,TJQ,Tanjung Pandan Buluh Tumbang Airport,Scoot,TR,E290,Embraer E190-E2,9V-THH,Landed 09:16,2026-08-06 06:00:35
SIN,arrivals,2026-08-05,08:30,08:12,TK208,THY208,IST,Istanbul Airport,Turkish Airlines,TK,A359,Airbus A350-941,TC-LHL,Landed 09:12,2026-08-06 06:00:35
SIN,arrivals,2026-08-05,08:35,07:58,SQ313,SIA313,LGW,London Gatwick Airport,Singapore Airlines,SQ,A359,Airbus A350-941,9V-SME,Landed 08:58,2026-08-06 06:00:35
SIN,arrivals,2026-08-05,08:40,08:18,AK705,AXM705,KUL,Kuala Lumpur International Airport,AirAsia,AK,A21N,Airbus A321-251NX,9M-VAC,Landed 09:18,2026-08-06 06:00:35
SIN,arrivals,2026-08-05,08:40,09:10,EY498,ETD498,AUH,Abu Dhabi Zayed International Airport,Etihad Airways,EY,B789,Boeing 787-9 Dreamliner,A6-BLC,Landed 10:10,2026-08-06 06:00:35
SIN,arrivals,2026-08-05,08:45,08:27,6E1339,IGO1339,BOM,Mumbai Chhatrapati Shivaji International Airport,IndiGo,6E,A21N,Airbus A321-252NX,VT-NCF,Landed 09:27,2026-08-06 06:00:35
SIN,arrivals,2026-08-05,08:50,08:29,5J817,CEB817,MNL,Manila Ninoy Aquino International Airport,Cebu Pacific,5J,A321,Airbus A321-211,RP-C4116,Landed 09:29,2026-08-06 06:00:35
SIN,arrivals,2026-08-05,08:55,09:13,8B551,TNU551,DPS,Denpasar Ngurah Rai International Airport,TransNusa,8B,A320,Airbus A320-214,PK-TLA,Landed 10:13,2026-08-06 06:00:35
SIN,arrivals,2026-08-05,09:00,08:40,SQ949,SIA949,DPS,Denpasar Ngurah Rai International Airport,Singapore Airlines,SQ,B78X,Boeing 787-10 Dreamliner,9V-SCF,Landed 09:40,2026-08-06 06:00:35
SIN,arrivals,2026-08-05,09:05,08:25,TR481,TGW481,IPH,Ipoh Sultan Azlan Shah Airport,Scoot,TR,A320,Airbus A320-232,9V-TRO,Landed 09:25,2026-08-06 06:00:35
SIN,arrivals,2026-08-05,09:10,09:08,6E1025,IGO1025,MAA,Chennai International Airport,IndiGo,6E,A21N,Airbus A321-252NX,VT-NCD,Landed 10:08,2026-08-06 06:00:35
SIN,arrivals,2026-08-05,09:10,09:18,TR569,TGW569,CRK,Angeles City Clark International Airport,Scoot,TR,A21N,Airbus A321-271NX,9V-NCJ,Landed 10:18,2026-08-06 06:00:35
SIN,arrivals,2026-08-05,09:10,08:55,SQ103,SIA103,KUL,Kuala Lumpur International Airport,Singapore Airlines,SQ,B38M,Boeing 737 MAX 8,9V-MBJ,Landed 09:55,2026-08-06 06:00:35
SIN,arrivals,2026-08-05,09:10,08:53,IP988,PAS988,CGK,Jakarta Soekarno Hatta International Airport,Pelita Air,IP,A320,Airbus A320-214,PK-PWE,Landed 09:53,2026-08-06 06:00:35
SIN,arrivals,2026-08-05,09:10,09:20,AK727,AXM727,KUL,Kuala Lumpur International Airport,AirAsia (Sarawak Livery),AK,A320,Airbus A320-216,9M-AJD,Landed 10:20,2026-08-06 06:00:35
SIN,arrivals,2026-08-05,09:15,10:01,VJ813,VJC813,SGN,Ho Chi Minh City International Airport,VietJet Air,VJ,A321,Airbus A321-211,VN-A629,Landed 11:01,2026-08-06 06:00:35
SIN,arrivals,2026-08-05,09:15,09:04,MH611,MAS611,KUL,Kuala Lumpur International Airport,Malaysia Airlines,MH,B38M,Boeing 737 MAX 8,9M-MVC,Landed 10:04,2026-08-06 06:00:35
SIN,arrivals,2026-08-05,09:20,09:22,TR561,TGW561,DVO,Davao City Francisco Bangoy International Airport,Scoot,TR,A20N,Airbus A320-271N,9V-TNL,Landed 10:22,2026-08-06 06:00:35
SIN,arrivals,2026-08-05,09:30,09:25,TR589,TGW589,MNL,Manila Ninoy Aquino International Airport,Scoot,TR,B788,Boeing 787-8 Dreamliner,9V-OFC,Landed 10:25,2026-08-06 06:00:35
SIN,arrivals,2026-08-05,09:30,09:24,ID7153,BTK7153,CGK,Jakarta Soekarno Hatta International Airport,Batik Air,ID,A320,Airbus A320-214,PK-BKP,Landed 10:24,2026-08-06 06:00:35
SIN,arrivals,2026-08-05,09:40,09:29,IX690,AXB690,TRZ,Tiruchirappalli International Airport,Air India Express (Kathakali-Bharatanatyam Livery),IX,B738,Boeing 737-86N,VT-GHE,Landed 10:29,2026-08-06 06:00:35
SIN,arrivals,2026-08-05,09:45,09:27,8B151,TNU151,CGK,Jakarta Soekarno Hatta International Airport,TransNusa,8B,A321,Airbus A321-211,PK-TLG,Landed 10:27,2026-08-06 06:00:35
SIN,arrivals,2026-08-05,09:50,09:35,5Y8975,GTI8975,ICN,Seoul Incheon International Airport,Atlas Air,5Y,B748,Boeing 747-87UF,N859GT,Landed 10:35,2026-08-06 06:00:35
SIN,arrivals,2026-08-05,09:50,09:39,SQ953,SIA953,CGK,Jakarta Soekarno Hatta International Airport,Singapore Airlines,SQ,B77W,Boeing 777-312(ER),9V-SWG,Landed 10:39,2026-08-06 06:00:35
SIN,arrivals,2026-08-05,09:55,09:41,AK1721,AXM1721,PEN,Penang International Airport,AirAsia,AK,A320,Airbus A320-216,9M-AGC,Landed 10:41,2026-08-06 06:00:35
SIN,arrivals,2026-08-05,10:00,09:33,HU747,CHH747,HAK,Haikou Meilan International Airport,Hainan Airlines,HU,B738,Boeing 737-86N,B-7639,Landed 10:33,2026-08-06 06:00:35
SIN,arrivals,2026-08-05,10:05,09:37,TR431,TGW431,PEN,Penang International Airport,Scoot,TR,A320,Airbus A320-232,9V-TRU,Landed 10:37,2026-08-06 06:00:35
SIN,arrivals,2026-08-05,10:10,09:49,SQ7973,SIA7973,BOM,Mumbai Chhatrapati Shivaji International Airport,Singapore Airlines Cargo,SQ,B744,Boeing 747-412F(SCD),9V-SFN,Landed 10:49,2026-08-06 06:00:35
SIN,arrivals,2026-08-05,10:10,09:43,SQ915,SIA915,MNL,Manila Ninoy Aquino International Airport,Singapore Airlines,SQ,B78X,Boeing 787-10 Dreamliner,9V-SCD,Landed 10:43,2026-08-06 06:00:35
SIN,arrivals,2026-08-05,10:10,09:57,SL100,TLM100,DMK,Bangkok Don Mueang International Airport,Thai Lion Air,SL,B739,Boeing 737-9GP(ER),HS-LVR,Landed 10:57,2026-08-06 06:00:35
SIN,arrivals,2026-08-05,10:15,10:13,TG403,THA403,BKK,Bangkok Suvarnabhumi Airport,Thai Airways,TG,A359,Airbus A350-941,HS-THK,Landed 11:13,2026-08-06 06:00:35
SIN,arrivals,2026-08-05,10:15,09:59,AK1775,AXM1775,KCH,Kuching International Airport,AirAsia (❤️ Singapore Livery),AK,A320,Airbus A320-216,9M-AHZ,Landed 10:59,2026-08-06 06:00:35
SIN,arrivals,2026-08-05,10:20,10:02,GA828,GIA828,CGK,Jakarta Soekarno Hatta International Airport,Garuda Indonesia,GA,B738,Boeing 737-81M,PK-GUC,Landed 11:02,2026-08-06 06:00:35
SIN,arrivals,2026-08-05,10:20,10:16,BI421,RBA421,BWN,Brunei International Airport,Royal Brunei Airlines,BI,A20N,Airbus A320-251N,V8-RBC,Landed 11:16,2026-08-06 06:00:35
SIN,arrivals,2026-08-05,10:25,10:11,SQ991,SIA991,KNO,Medan Kuala Namu International Airport,Singapore Airlines,SQ,B38M,Boeing 737 MAX 8,9V-MBW,Landed 11:11,2026-08-06 06:00:35
SIN,arrivals,2026-08-05,10:25,10:09,MH627,MAS627,KUL,Kuala Lumpur International Airport,Malaysia Airlines (Malaysia Negaraku Livery),MH,B738,Boeing 737-8H6,9M-MXV,Landed 11:09,2026-08-06 06:00:35
SIN,arrivals,2026-08-05,10:30,12:16,OD803,MXD803,KUL,Kuala Lumpur International Airport,Batik Air,ID,B738,Boeing 737-8U3,9M-LDH,Landed 13:16,2026-08-06 06:00:35
SIN,arrivals,2026-08-05,10:35,10:30,TR641,TGW641,USM,Koh Samui Airport,Scoot,TR,E290,Embraer E190-E2,9V-THA,Landed 11:30,2026-08-06 06:00:35
SIN,arrivals,2026-08-05,10:35,10:14,AK707,AXM707,KUL,Kuala Lumpur International Airport,"AirAsia (3, 2,1, Take Off Livery)",AK,A21N,Airbus A321-251NX,9M-VAA,Landed 11:14,2026-08-06 06:00:35
SIN,arrivals,2026-08-05,10:40,10:35,MU5081,CES5081,KMG,Kunming Changshui International Airport,China Eastern Airlines,MU,B38M,Boeing 737 MAX 8,B-1383,Landed 11:35,2026-08-06 06:00:35
SIN,arrivals,2026-08-05,10:45,10:33,SQ224,SIA224,PER,Perth Airport,Singapore Airlines,SQ,B78X,Boeing 787-10 Dreamliner,9V-SDC,Landed 11:33,2026-08-06 06:00:35
SIN,arrivals,2026-08-05,10:45,10:49,SQ248,SIA248,MEL,Melbourne Airport,Singapore Airlines,SQ,A359,Airbus A350-941,9V-SHR,Landed 11:49,2026-08-06 06:00:35
SIN,arrivals,2026-08-05,10:45,10:48,SQ131,SIA131,PEN,Penang International Airport,Singapore Airlines,SQ,B38M,Boeing 737 MAX 8,9V-MBM,Landed 11:48,2026-08-06 06:00:35
SIN,arrivals,2026-08-05,10:45,10:31,SQ105,SIA105,KUL,Kuala Lumpur International Airport,Singapore Airlines,SQ,A359,Airbus A350-941,9V-SMR,Landed 11:31,2026-08-06 06:00:35
SIN,arrivals,2026-08-05,10:45,10:39,ID7157,BTK7157,CGK,Jakarta Soekarno Hatta International Airport,Batik Air,ID,A320,Airbus A320-214,PK-LUY,Landed 11:39,2026-08-06 06:00:35
SIN,arrivals,2026-08-05,10:45,10:27,CX691,CPA691,HKG,Hong Kong International Airport,Cathay Pacific,CX,A359,Airbus A350-941,B-LRV,Landed 11:27,2026-08-06 06:00:35
SIN,arrivals,2026-08-05,10:55,10:44,BR225,EVA225,TPE,Taipei Taoyuan International Airport,EVA Air,BR,B77W,Boeing 777-36N(ER),B-16720,Landed 11:44,2026-08-06 06:00:35
SIN,arrivals,2026-08-05,10:55,10:37,VN661,HVN661,HAN,Hanoi Noi Bai International Airport,Vietnam Airlines,VN,A321,Airbus A321-231,VN-A612,Landed 11:37,2026-08-06 06:00:35
SIN,arrivals,2026-08-05,11:00,10:42,RH371,HKC371,HKG,Hong Kong International Airport,Hong Kong Air Cargo,RH,A332,Airbus A330-243F,B-LNW,Landed 11:42,2026-08-06 06:00:35
SIN,arrivals,2026-08-05,11:05,11:04,VJ811,VJC811,SGN,Ho Chi Minh City International Airport,VietJet Air,VJ,A321,Airbus A321-211,VN-A683,Landed 12:04,2026-08-06 06:00:35
SIN,arrivals,2026-08-05,11:05,15:02,CX2075,CPA2075,HKG,Hong Kong International Airport,Cathay Cargo,CX,B748,Boeing 747-867F,B-LJF,Landed 16:02,2026-08-06 06:00:35
SIN,arrivals,2026-08-05,11:10,10:46,VN651,HVN651,SGN,Ho Chi Minh City International Airport,Vietnam Airlines,VN,A321,Airbus A321-231,VN-A399,Landed 11:46,2026-08-06 06:00:35
SIN,arrivals,2026-08-05,11:10,12:03,CZ8117,CSN8117,SZX,Shenzhen Bao'an International Airport,China Southern Airlines,CZ,A21N,Airbus A321-253NX,B-32GP,Landed 13:03,2026-08-06 06:00:35
SIN,arrivals,2026-08-05,11:15,10:57,SQ955,SIA955,CGK,Jakarta Soekarno Hatta International Airport,Singapore Airlines,SQ,A359,Airbus A350-941,9V-SJH,Landed 11:57,2026-08-06 06:00:35
SIN,arrivals,2026-08-05,11:15,10:51,SQ107,SIA107,KUL,Kuala Lumpur International Airport,Singapore Airlines,SQ,B38M,Boeing 737 MAX 8,9V-MBH,Landed 11:51,2026-08-06 06:00:35
SIN,arrivals,2026-08-05,11:15,10:53,TR447,TGW447,BKI,Kota Kinabalu International Airport,Scoot,TR,A21N,Airbus A321-271NX,9V-NCB,Landed 11:53,2026-08-06 06:00:35
SIN,arrivals,2026-08-05,11:20,11:09,TR503,TGW503,SGN,Ho Chi Minh City International Airport,Scoot,TR,A21N,Airbus A321-271NX,9V-NCD,Landed 12:09,2026-08-06 06:00:35
SIN,arrivals,2026-08-05,11:20,12:37,ZH239,CSZ239,SZX,Shenzhen Bao'an International Airport,Shenzhen Airlines,ZH,B38M,Boeing 737 MAX 8,B-20EU,Landed 13:37,2026-08-06 06:00:35
SIN,arrivals,2026-08-05,11:25,11:14,TR275,TGW275,CGK,Jakarta Soekarno Hatta International Airport,Scoot,TR,A320,Airbus A320-232,9V-TRT,Landed 12:14,2026-08-06 06:00:35
SIN,arrivals,2026-08-05,11:25,11:01,CX759,CPA759,HKG,Hong Kong International Airport,Cathay Pacific,CX,A359,Airbus A350-941,B-LRS,Landed 12:01,2026-08-06 06:00:35
SIN,arrivals,2026-08-05,11:30,12:28,CZ353,CSN353,CAN,Guangzhou Baiyun International Airport,China Southern Airlines,CZ,A359,Airbus A350-941,B-30CE,Landed 13:28,2026-08-06 06:00:35
SIN,arrivals,2026-08-05,11:35,11:07,TR261,TGW261,LOP,Lombok International Airport,Scoot,TR,E290,Embraer E190-E2,9V-THF,Landed 12:07,2026-08-06 06:00:35
SIN,arrivals,2026-08-05,11:35,11:34,CI753,CAL753,TPE,Taipei Taoyuan International Airport,China Airlines,CI,A359,Airbus A350-941,B-18908,Landed 12:34,2026-08-06 06:00:35
SIN,arrivals,2026-08-05,11:40,11:55,SQ153,SIA153,KTI,Phnom Penh Techo International Airport,Singapore Airlines,SQ,B38M,Boeing 737 MAX 8,9V-MBO,Landed 12:55,2026-08-06 06:00:35
SIN,arrivals,2026-08-05,11:40,11:19,JX771,SJX771,TPE,Taipei Taoyuan International Airport,STARLUX,JX,A359,Airbus A350-941,B-58506,Landed 12:19,2026-08-06 06:00:35
SIN,arrivals,2026-08-05,11:40,11:21,TR427,TGW427,PEN,Penang International Airport,Scoot,TR,A21N,Airbus A321-271NX,9V-NCF,Landed 12:21,2026-08-06 06:00:35
SIN,arrivals,2026-08-05,11:45,11:36,SQ935,SIA935,DPS,Denpasar Ngurah Rai International Airport,Singapore Airlines,SQ,B78X,Boeing 787-10 Dreamliner,9V-SCK,Landed 12:36,2026-08-06 06:00:35
SIN,arrivals,2026-08-05,11:45,11:23,SQ705,SIA705,BKK,Bangkok Suvarnabhumi Airport,Singapore Airlines,SQ,B78X,Boeing 787-10 Dreamliner,9V-SCZ,Landed 12:23,2026-08-06 06:00:35
SIN,arrivals,2026-08-05,11:45,11:47,GF165,GFA165,BAH,Bahrain International Airport,Gulf Air,GF,B789,Boeing 787-9 Dreamliner,A9C-FC,Landed 12:47,2026-08-06 06:00:35
SIN,arrivals,2026-08-05,11:50,11:32,TR451,TGW451,KUL,Kuala Lumpur International Airport,Scoot,TR,A20N,Airbus A320-271N,9V-TNK,Landed 12:32,2026-08-06 06:00:35
SIN,arrivals,2026-08-05,11:50,11:31,8M231,MMA231,RGN,Yangon International Airport,Myanmar Airways International,8M,A319,Airbus A319-112,XY-ALN,Landed 12:31,2026-08-06 06:00:35
SIN,arrivals,2026-08-05,11:55,11:41,SQ899,SIA899,HKG,Hong Kong International Airport,Singapore Airlines,SQ,A359,Airbus A350-941,9V-SHV,Landed 12:41,2026-08-06 06:00:35
SIN,arrivals,2026-08-05,11:55,11:51,MU2069,CES2069,XIY,Xi'an Xianyang International Airport,China Eastern Airlines,MU,A20N,Airbus A320-251N,B-30CX,Landed 12:51,2026-08-06 06:00:35
SIN,arrivals,2026-08-05,11:55,11:39,TR471,TGW471,KUA,Kuantan Sultan Haji Ahmad Shah Airport,Scoot,TR,E290,Embraer E190-E2,9V-THH,Landed 12:39,2026-08-06 06:00:35
SIN,arrivals,2026-08-05,11:55,11:54,MH603,MAS603,KUL,Kuala Lumpur International Airport,Malaysia Airlines,MH,B38M,Boeing 737 MAX 8,9M-MVB,Landed 12:54,2026-08-06 06:00:35
SIN,arrivals,2026-08-05,12:00,11:17,SQ725,SIA725,HKT,Phuket International Airport,Singapore Airlines,SQ,B38M,Boeing 737 MAX 8,9V-MBE,Landed 12:17,2026-08-06 06:00:32
SIN,arrivals,2026-08-05,12:00,11:57,MF8739,CXA8739,CSX,Changsha Huanghua International Airport,Xiamen Air,MF,B738,Boeing 737-85C,B-5653,Landed 12:57,2026-08-06 06:00:35
SIN,arrivals,2026-08-05,12:00,11:43,ID7147,BTK7147,KNO,Medan Kuala Namu International Airport,Batik Air,ID,A320,Airbus A320-232,PK-BLB,Landed 12:43,2026-08-06 06:00:35
SIN,arrivals,2026-08-05,12:00,11:52,CK287,CKK287,PVG,Shanghai Pudong International Airport,China Cargo Airlines,CK,B77L,Boeing 777-F,B-222V,Landed 12:52,2026-08-06 06:00:35
SIN,arrivals,2026-08-05,12:00,12:10,AK711,AXM711,KUL,Kuala Lumpur International Airport,AirAsia,AK,A320,Airbus A320-214,9M-DAE,Landed 13:10,2026-08-06 06:00:35
SIN,arrivals,2026-08-05,12:00,11:49,SQ481,SIA481,JNB,Johannesburg OR Tambo International Airport,Singapore Airlines,SQ,A359,Airbus A350-941,9V-SMT,Landed 12:49,2026-08-06 06:00:35
SIN,arrivals,2026-08-05,12:15,11:45,8B553,TNU553,DPS,Denpasar Ngurah Rai International Airport,TransNusa,8B,A320,Airbus A320-214,PK-TLN,Landed 12:45,2026-08-06 06:00:32
SIN,arrivals,2026-08-05,12:15,11:59,PR507,PAL507,MNL,Manila Ninoy Aquino International Airport,Philippine Airlines,PR,A321,Airbus A321-231,RP-C9929,Landed 12:59,2026-08-06 06:00:32
SIN,arrivals,2026-08-05,12:20,12:06,9G721,SPQ721,PQC,Phu Quoc International Airport,Sun PhuQuoc Airways,9G,A21N,Airbus A321-251NX,VN-A285,Landed 13:06,2026-08-06 06:00:32
SIN,arrivals,2026-08-05,12:20,12:01,AK1723,AXM1723,PEN,Penang International Airport,AirAsia,AK,A320,Airbus A320-216,9M-AJN,Landed 13:01,2026-08-06 06:00:32
SIN,arrivals,2026-08-05,12:25,12:30,SQ827,SIA827,PVG,Shanghai Pudong International Airport,Singapore Airlines,SQ,A359,Airbus A350-941,9V-SHD,Landed 13:30,2026-08-06 06:00:32
SIN,arrivals,2026-08-05,12:30,12:25,SQ133,SIA133,PEN,Penang International Airport,Singapore Airlines,SQ,B38M,Boeing 737 MAX 8,9V-MBA,Landed 13:25,2026-08-06 06:00:32
SIN,arrivals,2026-08-05,12:30,11:38,CA489,CCA489,CKG,Chongqing Jiangbei International Airport,Air China,CA,B38M,Boeing 737 MAX 8,B-1221,Landed 12:38,2026-08-06 06:00:32
SIN,arrivals,2026-08-05,12:40,12:15,SQ615,SIA615,PUS,Busan Gimhae International Airport,Singapore Airlines,SQ,B38M,Boeing 737 MAX 8,9V-MBB,Landed 13:15,2026-08-06 06:00:32
SIN,arrivals,2026-08-05,12:40,12:26,MF8703,CXA8703,HGH,Hangzhou Xiaoshan International Airport,Xiamen Air,MF,B738,Boeing 737-85C,B-5708,Landed 13:26,2026-08-06 06:00:32
SIN,arrivals,2026-08-05,12:40,12:34,AK728,AXM728,LGK,Langkawi International Airport,AirAsia (Save Our Malayan Tiger Livery),AK,A320,Airbus A320-216,9M-AQZ,Landed 13:34,2026-08-06 06:00:32
SIN,arrivals,2026-08-05,12:45,,ID7155,,CGK,Jakarta Soekarno Hatta International Airport,Batik Air,ID,738,,,Canceled,2026-08-06 06:00:32
SIN,arrivals,2026-08-05,12:50,12:21,SQ923,SIA923,SUB,Surabaya Juanda International Airport,Singapore Airlines,SQ,A359,Airbus A350-941,9V-SHA,Landed 13:21,2026-08-06 06:00:32
SIN,arrivals,2026-08-05,12:50,12:43,SQ957,SIA957,CGK,Jakarta Soekarno Hatta International Airport,Singapore Airlines,SQ,A359,Airbus A350-941,9V-SMZ,Landed 13:43,2026-08-06 06:00:32
SIN,arrivals,2026-08-05,12:50,12:23,SQ212,SIA212,SYD,Sydney Kingsford Smith Airport,Singapore Airlines,SQ,B77W,Boeing 777-312(ER),9V-SWT,Landed 13:23,2026-08-06 06:00:32
SIN,arrivals,2026-08-05,12:50,12:48,MF851,CXA851,XMN,Xiamen Gaoqi International Airport,Xiamen Air,MF,B38M,Boeing 737 MAX 8,B-226E,Landed 13:48,2026-08-06 06:00:32
SIN,arrivals,2026-08-05,12:55,12:38,TR249,TGW249,YIA,Yogyakarta International Airport,Scoot,TR,A21N,Airbus A321-271NX,9V-NCM,Landed 13:38,2026-08-06 06:00:32
SIN,arrivals,2026-08-05,12:55,12:46,BR215,EVA215,TPE,Taipei Taoyuan International Airport,EVA Air,BR,B77W,Boeing 777-35E(ER),B-16708,Landed 13:46,2026-08-06 06:00:32
SIN,arrivals,2026-08-05,12:55,13:08,VJ915,VJC915,HAN,Hanoi Noi Bai International Airport,VietJet Air,VJ,A21N,Airbus A321-271NX,VN-A200,Landed 14:08,2026-08-06 06:00:32
SIN,arrivals,2026-08-05,12:55,12:18,SQ163,SIA163,SAI,Siem Reap Angkor International Airport,Singapore Airlines,SQ,B38M,Boeing 737 MAX 8,9V-MBT,Landed 13:18,2026-08-06 06:00:32
SIN,arrivals,2026-08-05,13:00,12:32,TR297,TGW297,SUB,Surabaya Juanda International Airport,Scoot,TR,A20N,Airbus A320-271N,9V-TNM,Landed 13:32,2026-08-06 06:00:32
SIN,arrivals,2026-08-05,13:00,12:52,MF865,CXA865,FOC,Fuzhou Changle International Airport,Xiamen Air,MF,B38M,Boeing 737 MAX 8,B-227C,Landed 13:52,2026-08-06 06:00:32
SIN,arrivals,2026-08-05,13:05,12:40,TR661,TGW661,USM,Koh Samui Airport,Scoot,TR,E290,Embraer E190-E2,9V-THI,Landed 13:40,2026-08-06 06:00:32
SIN,arrivals,2026-08-05,13:05,12:50,FD357,AIQ357,DMK,Bangkok Don Mueang International Airport,AirAsia,AK,A21N,Airbus A321-251NX,HS-EAD,Landed 13:50,2026-08-06 06:00:32
SIN,arrivals,2026-08-05,13:05,12:58,EK348,UAE348,DXB,Dubai International Airport,Emirates,EK,B77W,Boeing 777-31H(ER),A6-ECX,Landed 13:58,2026-08-06 06:00:32
SIN,arrivals,2026-08-05,13:10,12:56,TR281,TGW281,DPS,Denpasar Ngurah Rai International Airport,Scoot,TR,B788,Boeing 787-8 Dreamliner,9V-OFE,Landed 13:56,2026-08-06 06:00:32
SIN,arrivals,2026-08-05,13:10,14:00,MU2577,CES2577,WUH,Wuhan Tianhe International Airport,China Eastern Airlines,MU,B738,Boeing 737-89P,B-1422,Landed 15:00,2026-08-06 06:00:32
SIN,arrivals,2026-08-05,13:15,13:11,VJ887,VJC887,SGN,Ho Chi Minh City International Airport,VietJet Air,VJ,A321,Airbus A321-231,VN-A643,Landed 14:11,2026-08-06 06:00:32
SIN,arrivals,2026-08-05,13:20,13:04,SQ607,SIA607,ICN,Seoul Incheon International Airport,Singapore Airlines,SQ,B78X,Boeing 787-10 Dreamliner,9V-SCC,Landed 14:04,2026-08-06 06:00:32
SIN,arrivals,2026-08-05,13:25,13:06,BS309,UBG309,DAC,Dhaka Shahjalal International Airport,US-Bangla Airlines,BS,B738,Boeing 737-8GJ,S2-AJE,Landed 14:06,2026-08-06 06:00:32
SIN,arrivals,2026-08-05,13:25,13:16,UB1,UBA01,RGN,Yangon International Airport,Myanmar National Airlines,UB,B738,Boeing 737-86N,XY-ALB,Landed 14:16,2026-08-06 06:00:32
SIN,arrivals,2026-08-05,13:25,13:42,TR625,TGW625,BKK,Bangkok Suvarnabhumi Airport,Scoot,TR,B788,Boeing 787-8 Dreamliner,9V-OFD,Landed 14:42,2026-08-06 06:00:32
SIN,arrivals,2026-08-05,13:25,14:22,MU897,CES897,HGH,Hangzhou Xiaoshan International Airport,China Eastern Airlines,MU,A20N,Airbus A320-251N,B-30D2,Landed 15:22,2026-08-06 06:00:32
SIN,arrivals,2026-08-05,13:30,13:23,TG413,THA413,BKK,Bangkok Suvarnabhumi Airport,Thai Airways (Star Alliance Livery),TG,A359,Airbus A350-941,HS-THQ,Landed 14:23,2026-08-06 06:00:32
SIN,arrivals,2026-08-05,13:35,13:02,TR885,TGW885,NRT,Tokyo Narita International Airport,Scoot,TR,B789,Boeing 787-9 Dreamliner,9V-OJB,Landed 14:02,2026-08-06 06:00:32
SIN,arrivals,2026-08-05,13:35,13:00,TR829,TGW829,CJU,Jeju International Airport,Scoot,TR,A20N,Airbus A320-271N,9V-TNE,Landed 14:00,2026-08-06 06:00:32
SIN,arrivals,2026-08-05,13:35,13:46,GA832,GIA832,CGK,Jakarta Soekarno Hatta International Airport,Garuda Indonesia,GA,B738,Boeing 737-8U3,PK-GMI,Landed 14:46,2026-08-06 06:00:32
SIN,arrivals,2026-08-05,13:40,13:43,8B153,TNU153,CGK,Jakarta Soekarno Hatta International Airport,TransNusa,8B,A320,Airbus A320-214,PK-TLD,Landed 14:43,2026-08-06 06:00:32
SIN,arrivals,2026-08-05,13:40,13:21,BG584,BBC584,DAC,Dhaka Shahjalal International Airport,Biman Bangladesh Airlines,BG,B738,Boeing 737-8E9,S2-AHV,Landed 14:21,2026-08-06 06:00:32
SIN,arrivals,2026-08-05,13:40,13:13,MH623,MAS623,KUL,Kuala Lumpur International Airport,Malaysia Airlines,MH,B738,Boeing 737-8H6,9M-MXG,Landed 14:13,2026-08-06 06:00:32
SIN,arrivals,2026-08-05,13:45,13:52,TR511,TGW511,DAD,Da Nang International Airport,Scoot,TR,A21N,Airbus A321-271NX,9V-NCA,Landed 14:52,2026-08-06 06:00:32
SIN,arrivals,2026-08-05,13:45,13:54,TR101,TGW101,CAN,Guangzhou Baiyun International Airport,Scoot,TR,B789,Boeing 787-9 Dreamliner,9V-OJA,Landed 14:54,2026-08-06 06:00:32
SIN,arrivals,2026-08-05,13:45,13:50,TR277,TGW277,CGK,Jakarta Soekarno Hatta International Airport,Scoot,TR,A20N,Airbus A320-271N,9V-TNI,Landed 14:50,2026-08-06 06:00:32
SIN,arrivals,2026-08-05,13:50,13:19,SQ278,SIA278,ADL,Adelaide Airport,Singapore Airlines,SQ,B78X,Boeing 787-10 Dreamliner,9V-SCS,Landed 14:19,2026-08-06 06:00:32
SIN,arrivals,2026-08-05,13:55,13:56,SQ937,SIA937,DPS,Denpasar Ngurah Rai International Airport,Singapore Airlines,SQ,B78X,Boeing 787-10 Dreamliner,9V-SCB,Landed 14:56,2026-08-06 06:00:32
SIN,arrivals,2026-08-05,13:55,13:44,SQ727,SIA727,HKT,Phuket International Airport,Singapore Airlines,SQ,B38M,Boeing 737 MAX 8,9V-MBG,Landed 14:44,2026-08-06 06:00:32
SIN,arrivals,2026-08-05,13:55,13:58,HO1601,DKH1601,PVG,Shanghai Pudong International Airport,Juneyao Air (Colorful Petals Livery),HO,A21N,Airbus A321-271NX,B-30EQ,Landed 14:58,2026-08-06 06:00:32
SIN,arrivals,2026-08-05,14:00,13:48,SQ655,SIA655,FUK,Fukuoka Airport,Singapore Airlines,SQ,B78X,Boeing 787-10 Dreamliner,9V-SCW,Landed 14:48,2026-08-06 06:00:32
SIN,arrivals,2026-08-05,14:00,13:28,SQ631,SIA631,HND,Tokyo Haneda International Airport,Singapore Airlines,SQ,A359,Airbus A350-941,9V-SHS,Landed 14:28,2026-08-06 06:00:32
SIN,arrivals,2026-08-05,14:00,13:37,CA403,CCA403,TFU,Chengdu Tianfu International Airport,Air China,CA,A21N,Airbus A321-252NX,B-32NC,Landed 14:37,2026-08-06 06:00:32
SIN,arrivals,2026-08-05,14:00,13:34,TR187,TGW187,TAO,Qingdao Jiaodong International Airport,Scoot,TR,B788,Boeing 787-8 Dreamliner,9V-OFM,Landed 14:34,2026-08-06 06:00:32
SIN,arrivals,2026-08-05,14:00,13:31,EK354,UAE354,DXB,Dubai International Airport,Emirates,EK,B77W,Boeing 777-31H(ER),A6-ENU,Landed 14:31,2026-08-06 06:00:32
SIN,arrivals,2026-08-05,14:05,14:04,SQ805,SIA805,PEK,Beijing Capital International Airport,Singapore Airlines,SQ,B77W,Boeing 777-312(ER),9V-SWR,Landed 15:04,2026-08-06 06:00:32
SIN,arrivals,2026-08-05,14:05,13:40,CX739,CPA739,HKG,Hong Kong International Airport,Cathay Pacific,CX,A359,Airbus A350-941,B-LRD,Landed 14:40,2026-08-06 06:00:32
SIN,arrivals,2026-08-05,14:10,14:22,9C8597,CQH8597,PVG,Shanghai Pudong International Airport,Spring Airlines,9C,A20N,Airbus A320-251N,B-30A3,Landed 15:22,2026-08-06 06:00:32
SIN,arrivals,2026-08-05,14:10,14:06,SQ761,SIA761,RGN,Yangon International Airport,Singapore Airlines,SQ,B38M,Boeing 737 MAX 8,9V-MBQ,Landed 15:06,2026-08-06 06:00:32
SIN,arrivals,2026-08-05,14:15,13:38,SQ238,SIA238,MEL,Melbourne Airport,Singapore Airlines,SQ,B77W,Boeing 777-312(ER),9V-SWO,Landed 14:38,2026-08-06 06:00:32
SIN,arrivals,2026-08-05,14:15,14:19,TR17,TGW17,PER,Perth Airport,Scoot,TR,B788,Boeing 787-8 Dreamliner,9V-OFI,Landed 15:19,2026-08-06 06:00:32
SIN,arrivals,2026-08-05,14:15,14:10,ID7151,BTK7151,CGK,Jakarta Soekarno Hatta International Airport,Batik Air,ID,A320,Airbus A320-232,PK-BKR,Landed 15:10,2026-08-06 06:00:32
SIN,arrivals,2026-08-05,14:20,14:03,SQ177,SIA177,SGN,Ho Chi Minh City International Airport,Singapore Airlines,SQ,B78X,Boeing 787-10 Dreamliner,9V-SDA,Landed 15:03,2026-08-06 06:00:32
SIN,arrivals,2026-08-05,14:20,14:01,HU459,CHH459,HAK,Haikou Meilan International Airport,Hainan Airlines,HU,B738,Boeing 737-84P,B-1795,Landed 15:01,2026-08-06 06:00:32
SIN,arrivals,2026-08-05,14:25,14:08,SQ256,SIA256,BNE,Brisbane Airport,Singapore Airlines,SQ,A359,Airbus A350-941,9V-SHJ,Landed 15:08,2026-08-06 06:00:32
SIN,arrivals,2026-08-05,14:25,14:12,TR475,TGW475,SZB,Kuala Lumpur Subang Airport,Scoot,TR,A20N,Airbus A320-271N,9V-TNF,Landed 15:12,2026-08-06 06:00:32
SIN,arrivals,2026-08-05,14:30,14:45,SV856,SVA856,JED,Jeddah King Abdulaziz International Airport,Saudia,SV,B78X,Boeing 787-10 Dreamliner,HZ-AR25,Landed 15:45,2026-08-06 06:00:32
SIN,arrivals,2026-08-05,14:35,14:29,TR341,TGW341,PNK,Pontianak Supadio Airport,Scoot,TR,E290,Embraer E190-E2,9V-THG,Landed 15:29,2026-08-06 06:00:32
SIN,arrivals,2026-08-05,14:35,14:31,MH619,MAS619,KUL,Kuala Lumpur International Airport,Malaysia Airlines,MH,B738,Boeing 737-8H6,9M-MXX,Landed 15:31,2026-08-06 06:00:32
SIN,arrivals,2026-08-05,14:40,14:24,CX791,CPA791,HKG,Hong Kong International Airport,Cathay Pacific,CX,A333,Airbus A330-343,B-LAX,Landed 15:24,2026-08-06 06:00:32
SIN,arrivals,2026-08-05,14:40,14:33,AK715,AXM715,KUL,Kuala Lumpur International Airport,AirAsia,AK,A320,Airbus A320-216,9M-RAO,Landed 15:33,2026-08-06 06:00:32
SIN,arrivals,2026-08-05,14:40,14:18,3U3909,CSC3909,TFU,Chengdu Tianfu International Airport,Sichuan Airlines,3U,A21N,Airbus A321-271NX(LR),B-324K,Landed 15:18,2026-08-06 06:00:32
SIN,arrivals,2026-08-05,14:40,15:36,SQ333,SIA333,AMS,Amsterdam Schiphol Airport,Singapore Airlines,SQ,A359,Airbus A350-941,9V-SJE,Landed 16:36,2026-08-06 06:00:32
SIN,arrivals,2026-08-05,14:40,14:34,KL835,KLM835,AMS,Amsterdam Schiphol Airport,KLM (Orange Pride‬ Livery),KL,B77W,Boeing 777-306(ER),PH-BVA,Landed 15:34,2026-08-06 06:00:32
SIN,arrivals,2026-08-05,14:45,15:06,MU567,CES567,PVG,Shanghai Pudong International Airport,China Eastern Airlines,MU,A359,Airbus A350-941,B-305X,Landed 16:06,2026-08-06 06:00:32
SIN,arrivals,2026-08-05,14:45,14:15,TR673,TGW673,CNX,Chiang Mai International Airport,Scoot,TR,A21N,Airbus A321-271NX,9V-NCK,Landed 15:15,2026-08-06 06:00:32
SIN,arrivals,2026-08-05,14:45,14:56,QR948,QTR948,DOH,Doha Hamad International Airport,Qatar Airways,QR,A35K,Airbus A350-1041,A7-ANB,Landed 15:56,2026-08-06 06:00:32
SIN,arrivals,2026-08-05,14:50,14:38,SQ811,SIA811,PKX,Beijing Daxing International Airport,Singapore Airlines,SQ,B78X,Boeing 787-10 Dreamliner,9V-SCY,Landed 15:38,2026-08-06 06:00:32
SIN,arrivals,2026-08-05,14:50,14:42,SQ113,SIA113,KUL,Kuala Lumpur International Airport,Singapore Airlines,SQ,B38M,Boeing 737 MAX 8,9V-MBJ,Landed 15:42,2026-08-06 06:00:32
SIN,arrivals,2026-08-05,14:55,14:27,SQ171,SIA171,DAD,Da Nang International Airport,Singapore Airlines,SQ,B38M,Boeing 737 MAX 8,9V-MBU,Landed 15:27,2026-08-06 06:00:32
SIN,arrivals,2026-08-05,14:55,14:50,TR485,TGW485,IPH,Ipoh Sultan Azlan Shah Airport,Scoot,TR,A320,Airbus A320-232,9V-TRO,Landed 15:50,2026-08-06 06:00:32
SIN,arrivals,2026-08-05,14:55,14:47,KB540,DRK540,GAU,Guwahati International Airport,Drukair,KB,A319,Airbus A319-115,A5-JSW,Landed 15:47,2026-08-06 06:00:32
SIN,arrivals,2026-08-05,15:00,15:01,SQ939,SIA939,DPS,Denpasar Ngurah Rai International Airport,Singapore Airlines,SQ,B78X,Boeing 787-10 Dreamliner,9V-SCT,Landed 16:01,2026-08-06 06:00:32
SIN,arrivals,2026-08-05,15:00,14:36,SQ671,SIA671,NGO,Nagoya Chubu Centrair International Airport,Singapore Airlines,SQ,B78X,Boeing 787-10 Dreamliner,9V-SDB,Landed 15:36,2026-08-06 06:00:32
SIN,arrivals,2026-08-05,15:00,16:10,OD807,MXD807,KUL,Kuala Lumpur International Airport,Batik Air,ID,B738,Boeing 737-86N,9M-LDP,Landed 17:10,2026-08-06 06:00:32
SIN,arrivals,2026-08-05,15:00,16:08,CA825,CCA825,PVG,Shanghai Pudong International Airport,Air China,CA,A359,Airbus A350-941,B-322Z,Landed 17:08,2026-08-06 06:00:32
SIN,arrivals,2026-08-05,15:00,14:25,TR647,TGW647,HDY,Hat Yai International Airport,Scoot,TR,E290,Embraer E190-E2,9V-THC,Landed 15:25,2026-08-06 06:00:32
SIN,arrivals,2026-08-05,15:00,14:50,NX908,AMU908,MFM,Macau International Airport,Air Macau,NX,A20N,Airbus A320-271N,B-MCL,Landed 15:50,2026-08-06 06:00:32
SIN,arrivals,2026-08-05,15:05,14:43,BA11,BAW11,LHR,London Heathrow Airport,British Airways,BA,B77W,Boeing 777-36N(ER),G-STBD,Landed 15:43,2026-08-06 06:00:32
SIN,arrivals,2026-08-05,15:20,14:59,SQ325,SIA325,FRA,Frankfurt Airport,Singapore Airlines,SQ,A388,Airbus A380-841,9V-SKU,Landed 15:59,2026-08-06 06:00:32
SIN,arrivals,2026-08-05,15:25,14:54,SQ619,SIA619,KIX,Osaka Kansai International Airport,Singapore Airlines,SQ,B78X,Boeing 787-10 Dreamliner,9V-SCL,Landed 15:54,2026-08-06 06:00:32
SIN,arrivals,2026-08-05,15:25,16:02,MU7705,CES7705,NKG,Nanjing Lukou International Airport,China Eastern Airlines,MU,A20N,Airbus A320-251N,B-30DJ,Landed 17:02,2026-08-06 06:00:32
SIN,arrivals,2026-08-05,15:25,14:52,CA889,CCA889,PEK,Beijing Capital International Airport,Air China,CA,B789,Boeing 787-9 Dreamliner,B-7898,Landed 15:52,2026-08-06 06:00:32
SIN,arrivals,2026-08-05,15:25,15:16,PG963,BKP963,USM,Koh Samui Airport,Bangkok Airways,PG,A319,Airbus A319-132,HS-PGN,Landed 16:16,2026-08-06 06:00:32
SIN,arrivals,2026-08-05,15:25,15:34,GA842,GIA842,DPS,Denpasar Ngurah Rai International Airport,Garuda Indonesia,GA,B738,Boeing 737-8U3,PK-GFW,Landed 16:34,2026-08-06 06:00:32
SIN,arrivals,2026-08-05,15:30,15:09,SQ875,SIA875,HKG,Hong Kong International Airport,Singapore Airlines,SQ,A359,Airbus A350-941,9V-SHN,Landed 16:09,2026-08-06 06:00:32
SIN,arrivals,2026-08-05,15:30,15:25,LH780,DLH780,FRA,Frankfurt Airport,Lufthansa,LH,B744,Boeing 747-430,D-ABVU,Landed 16:25,2026-08-06 06:00:32
SIN,arrivals,2026-08-05,15:35,15:04,TR657,TGW657,HKT,Phuket International Airport,Scoot,TR,A20N,Airbus A320-271N,9V-TNJ,Landed 16:04,2026-08-06 06:00:32
SIN,arrivals,2026-08-05,15:40,15:28,TR571,TGW571,CEB,Cebu Mactan International Airport,Scoot,TR,A21N,Airbus A321-271NX,9V-NCI,Landed 16:28,2026-08-06 06:00:32
SIN,arrivals,2026-08-05,15:40,16:26,ZH229,CSZ229,SZX,Shenzhen Bao'an International Airport,Shenzhen Airlines,ZH,A320,Airbus A320-232,B-6721,Landed 17:26,2026-08-06 06:00:32
SIN,arrivals,2026-08-05,15:45,16:15,SQ319,SIA319,LHR,London Heathrow Airport,Singapore Airlines,SQ,A388,Airbus A380-841,9V-SKY,Landed 17:15,2026-08-06 06:00:32
SIN,arrivals,2026-08-05,15:45,15:15,SQ21,SIA21,EWR,New York Newark Liberty International Airport,Singapore Airlines,SQ,A359,Airbus A350-941,9V-SGD,Landed 16:15,2026-08-06 06:00:32
SIN,arrivals,2026-08-05,15:50,15:30,SQ913,SIA913,MNL,Manila Ninoy Aquino International Airport,Singapore Airlines,SQ,A359,Airbus A350-941,9V-SHO,Landed 16:30,2026-08-06 06:00:29
SIN,arrivals,2026-08-05,15:50,16:25,CZ3039,CSN3039,CAN,Guangzhou Baiyun International Airport,China Southern Airlines,CZ,A21N,Airbus A321-271N,B-301V,Landed 17:25,2026-08-06 06:00:32
SIN,arrivals,2026-08-05,15:55,15:19,SQ637,SIA637,NRT,Tokyo Narita International Airport,Singapore Airlines,SQ,B78X,Boeing 787-10 Dreamliner,9V-SCE,Landed 16:19,2026-08-06 06:00:29
SIN,arrivals,2026-08-05,15:55,15:46,SQ135,SIA135,PEN,Penang International Airport,Singapore Airlines,SQ,B38M,Boeing 737 MAX 8,9V-MBR,Landed 16:46,2026-08-06 06:00:29
SIN,arrivals,2026-08-05,15:55,15:39,VJ973,VJC973,DAD,Da Nang International Airport,VietJet Air,VJ,A321,Airbus A321-211,VN-A644,Landed 16:39,2026-08-06 06:00:29
SIN,arrivals,2026-08-05,15:55,15:55,TR289,TGW289,DPS,Denpasar Ngurah Rai International Airport,Scoot,TR,B788,Boeing 787-8 Dreamliner,9V-OFK,Landed 16:55,2026-08-06 06:00:29
SIN,arrivals,2026-08-05,15:55,15:56,QF81,QFA81,SYD,Sydney Kingsford Smith Airport,Qantas,QF,A333,Airbus A330-302,VH-QPK,Landed 16:56,2026-08-06 06:00:29
SIN,arrivals,2026-08-05,16:00,15:32,NZ284,ANZ284,AKL,Auckland Airport,Air New Zealand (Black Livery),NZ,B77W,Boeing 777-319(ER),ZK-OKQ,Landed 16:32,2026-08-06 06:00:29
SIN,arrivals,2026-08-05,16:00,16:17,MU6049,CES6049,PVG,Shanghai Pudong International Airport,China Eastern Airlines,MU,A21N,Airbus A321-251NX,B-32P5,Landed 17:17,2026-08-06 06:00:29
SIN,arrivals,2026-08-05,16:00,15:37,TR843,TGW843,ICN,Seoul Incheon International Airport,Scoot,TR,B788,Boeing 787-8 Dreamliner,9V-OFG,Landed 16:37,2026-08-06 06:00:29
SIN,arrivals,2026-08-05,16:05,16:00,TG407,THA407,BKK,Bangkok Suvarnabhumi Airport,Thai Airways,TG,A21N,Airbus A321-251NX,HS-TOE,Landed 17:00,2026-08-06 06:00:29
SIN,arrivals,2026-08-05,16:05,15:41,SQ721,SIA721,BKK,Bangkok Suvarnabhumi Airport,Singapore Airlines,SQ,A359,Airbus A350-941,9V-SHL,Landed 16:41,2026-08-06 06:00:29
SIN,arrivals,2026-08-05,16:10,15:49,SQ191,SIA191,HAN,Hanoi Noi Bai International Airport,Singapore Airlines,SQ,A359,Airbus A350-941,9V-SHH,Landed 16:49,2026-08-06 06:00:29
SIN,arrivals,2026-08-05,16:10,16:21,TR545,TGW545,HAN,Hanoi Noi Bai International Airport,Scoot,TR,B788,Boeing 787-8 Dreamliner,9V-OFB,Landed 17:21,2026-08-06 06:00:29
SIN,arrivals,2026-08-05,16:10,15:53,AK1725,AXM1725,PEN,Penang International Airport,AirAsia,AK,A320,Airbus A320-216,9M-AGC,Landed 16:53,2026-08-06 06:00:29
SIN,arrivals,2026-08-05,16:10,16:03,LX176,SWR176,ZRH,Zurich Airport,Swiss,LX,B77W,Boeing 777-3DE(ER),HB-JNE,Landed 17:03,2026-08-06 06:00:29
SIN,arrivals,2026-08-05,16:15,16:13,TR217,TGW217,MDC,Manado Sam Ratulangi International Airport,Scoot,TR,A320,Airbus A320-232,9V-TRP,Landed 17:13,2026-08-06 06:00:29
SIN,arrivals,2026-08-05,16:15,15:58,SQ401,SIA401,DEL,Delhi Indira Gandhi International Airport,Singapore Airlines,SQ,B78X,Boeing 787-10 Dreamliner,9V-SCJ,Landed 16:58,2026-08-06 06:00:29
SIN,arrivals,2026-08-05,16:15,15:43,NH841,ANA841,HND,Tokyo Haneda International Airport,All Nippon Airways,NH,B789,Boeing 787-9 Dreamliner,JA887A,Landed 16:43,2026-08-06 06:00:29
SIN,arrivals,2026-08-05,16:15,16:45,TR309,TGW309,CGK,Jakarta Soekarno Hatta International Airport,Scoot,TR,A320,Airbus A320-232,9V-TRU,Landed 17:45,2026-08-06 06:00:29
SIN,arrivals,2026-08-05,16:20,16:17,6E1163,IGO1163,BOM,Mumbai Chhatrapati Shivaji International Airport,IndiGo,6E,A21N,Airbus A321-252NX,VT-NCN,Landed 17:17,2026-08-06 06:00:29
SIN,arrivals,2026-08-05,16:25,16:22,SQ959,SIA959,CGK,Jakarta Soekarno Hatta International Airport,Singapore Airlines,SQ,A359,Airbus A350-941,9V-SME,Landed 17:22,2026-08-06 06:00:29
SIN,arrivals,2026-08-05,16:25,16:05,QF51,QFA51,BNE,Brisbane Airport,Qantas,QF,A332,Airbus A330-202,VH-EBB,Landed 17:05,2026-08-06 06:00:29
SIN,arrivals,2026-08-05,16:25,16:31,VN655,HVN655,SGN,Ho Chi Minh City International Airport,Vietnam Airlines,VN,A321,Airbus A321-231,VN-A602,Landed 17:31,2026-08-06 06:00:29
SIN,arrivals,2026-08-05,16:30,16:09,SQ232,SIA232,SYD,Sydney Kingsford Smith Airport,Singapore Airlines,SQ,A388,Airbus A380-841,9V-SKV,Landed 17:09,2026-08-06 06:00:29
SIN,arrivals,2026-08-05,16:30,16:29,MH605,MAS605,KUL,Kuala Lumpur International Airport,Malaysia Airlines,MH,B738,Boeing 737-8H6,9M-MXN,Landed 17:29,2026-08-06 06:00:29
SIN,arrivals,2026-08-05,16:30,15:51,QF2,QFA2,LHR,London Heathrow Airport,Qantas,QF,A388,Airbus A380-842,VH-OQB,Landed 16:51,2026-08-06 06:00:29
SIN,arrivals,2026-08-05,16:35,15:47,SQ27,SIA27,SEA,Seattle Tacoma International Airport,Singapore Airlines,SQ,A359,Airbus A350-941,9V-SMY,Landed 16:47,2026-08-06 06:00:29
SIN,arrivals,2026-08-05,16:40,16:33,SQ525,SIA525,MAA,Chennai International Airport,Singapore Airlines,SQ,B38M,Boeing 737 MAX 8,9V-MBS,Landed 17:33,2026-08-06 06:00:29
SIN,arrivals,2026-08-05,16:40,16:43,SQ298,SIA298,CHC,Christchurch International Airport,Singapore Airlines,SQ,A359,Airbus A350-941,9V-SMM,Landed 17:43,2026-08-06 06:00:29
SIN,arrivals,2026-08-05,16:40,16:41,TR175,TGW175,FOC,Fuzhou Changle International Airport,Scoot,TR,A20N,Airbus A320-271N,9V-TNH,Landed 17:41,2026-08-06 06:00:29
SIN,arrivals,2026-08-05,16:40,16:43,6E1457,IGO1457,BLR,Bengaluru Kempegowda International Airport,IndiGo,6E,A20N,Airbus A320-251N,VT-IXA,Landed 17:43,2026-08-06 06:00:29
SIN,arrivals,2026-08-05,16:40,16:23,SQ337,SIA337,CDG,Paris Charles de Gaulle Airport,Singapore Airlines,SQ,A359,Airbus A350-941,9V-SMK,Landed 17:23,2026-08-06 06:00:29
SIN,arrivals,2026-08-05,16:45,16:38,6E1013,IGO1013,DEL,Delhi Indira Gandhi International Airport,IndiGo,6E,A21N,Airbus A321-252NX,VT-NCI,Landed 17:38,2026-08-06 06:00:29
SIN,arrivals,2026-08-05,16:45,16:19,JL37,JAL37,HND,Tokyo Haneda International Airport,Japan Airlines,JL,B789,Boeing 787-9 Dreamliner,JA876J,Landed 17:19,2026-08-06 06:00:29
SIN,arrivals,2026-08-05,16:45,05:59,CV4102,CLX4102,LUX,Luxembourg Findel Airport,Cargolux,CV,B748,Boeing 747-8R7F,LX-VCJ,Landed 06:59,2026-08-06 06:00:29
SIN,arrivals,2026-08-05,16:50,16:27,SQ155,SIA155,KTI,Phnom Penh Techo International Airport,Singapore Airlines,SQ,B38M,Boeing 737 MAX 8,9V-MBI,Landed 17:27,2026-08-06 06:00:29
SIN,arrivals,2026-08-05,16:50,17:01,QF71,QFA71,PER,Perth Airport,Qantas,QF,A332,Airbus A330-202,VH-EBC,Landed 18:01,2026-08-06 06:00:29
SIN,arrivals,2026-08-05,16:50,16:39,SQ917,SIA917,MNL,Manila Ninoy Aquino International Airport,Singapore Airlines,SQ,A359,Airbus A350-941,9V-SHY,Landed 17:39,2026-08-06 06:00:29
SIN,arrivals,2026-08-05,16:55,16:32,TK54,THY54,IST,Istanbul Airport,Turkish Airlines,TK,B77W,Boeing 777-3F2(ER),TC-JJJ,Landed 17:32,2026-08-06 06:00:29
SIN,arrivals,2026-08-05,16:55,16:47,SQ115,SIA115,KUL,Kuala Lumpur International Airport,Singapore Airlines,SQ,B38M,Boeing 737 MAX 8,9V-MBA,Landed 17:47,2026-08-06 06:00:29
SIN,arrivals,2026-08-05,16:55,16:29,TR477,TGW477,LGK,Langkawi International Airport,Scoot,TR,A20N,Airbus A320-271N,9V-TNL,Landed 17:29,2026-08-06 06:00:29
SIN,arrivals,2026-08-05,17:00,17:25,CZ3043,CSN3043,CAN,Guangzhou Baiyun International Airport,China Southern Airlines,CZ,A21N,Airbus A321-271N,B-306L,Landed 18:25,2026-08-06 06:00:29
SIN,arrivals,2026-08-05,17:00,17:20,SQ147,SIA147,BWN,Brunei International Airport,Singapore Airlines,SQ,B38M,Boeing 737 MAX 8,9V-MBW,Landed 18:20,2026-08-06 06:00:29
SIN,arrivals,2026-08-05,17:00,17:03,JQ88,JST088,DPS,Denpasar Ngurah Rai International Airport,Jetstar,JQ,A21N,Airbus A321-251NX(LR),VH-OYK,Landed 18:03,2026-08-06 06:00:29
SIN,arrivals,2026-08-05,17:05,17:17,AK717,AXM717,KUL,Kuala Lumpur International Airport,AirAsia,AK,A21N,Airbus A321-251NX,9M-VAH,Landed 18:17,2026-08-06 06:00:29
SIN,arrivals,2026-08-05,17:10,16:37,SQ851,SIA851,CAN,Guangzhou Baiyun International Airport,Singapore Airlines,SQ,B78X,Boeing 787-10 Dreamliner,9V-SCI,Landed 17:37,2026-08-06 06:00:29
SIN,arrivals,2026-08-05,17:10,16:49,VJ889,VJC889,DAD,Da Nang International Airport,VietJet Air,VJ,A321,Airbus A321-211,VN-A670,Landed 17:49,2026-08-06 06:00:29
SIN,arrivals,2026-08-05,17:10,16:35,TR115,TGW115,NNG,Nanning Wuxu International Airport,Scoot,TR,A20N,Airbus A320-271N,9V-TNG,Landed 17:35,2026-08-06 06:00:29
SIN,arrivals,2026-08-05,17:15,16:59,MH613,MAS613,KUL,Kuala Lumpur International Airport,Malaysia Airlines,MH,B738,Boeing 737-8H6,9M-MXL,Landed 17:59,2026-08-06 06:00:29
SIN,arrivals,2026-08-05,17:15,16:52,QF35,QFA35,MEL,Melbourne Airport,Qantas (Oneworld Livery),QF,A332,Airbus A330-202,VH-EBV,Landed 17:52,2026-08-06 06:00:29
SIN,arrivals,2026-08-05,17:20,16:50,SQ883,SIA883,HKG,Hong Kong International Airport,Singapore Airlines,SQ,A359,Airbus A350-941,9V-SHK,Landed 17:50,2026-08-06 06:00:29
SIN,arrivals,2026-08-05,17:20,16:56,SQ731,SIA731,HKT,Phuket International Airport,Singapore Airlines,SQ,B38M,Boeing 737 MAX 8,9V-MBM,Landed 17:56,2026-08-06 06:00:29
SIN,arrivals,2026-08-05,17:25,17:07,SQ869,SIA869,XMN,Xiamen Gaoqi International Airport,Singapore Airlines,SQ,B38M,Boeing 737 MAX 8,9V-MBV,Landed 18:07,2026-08-06 06:00:29
SIN,arrivals,2026-08-05,17:25,17:29,SQ463,SIA463,CMB,Colombo Bandaranaike International Airport,Singapore Airlines,SQ,B38M,Boeing 737 MAX 8,9V-MBD,Landed 18:29,2026-08-06 06:00:29
SIN,arrivals,2026-08-05,17:25,17:19,GA836,GIA836,CGK,Jakarta Soekarno Hatta International Airport,Garuda Indonesia,GA,B738,Boeing 737-86N,PK-GFJ,Landed 18:19,2026-08-06 06:00:29
SIN,arrivals,2026-08-05,17:30,17:10,VJ983,VJC983,PQC,Phu Quoc International Airport,VietJet Air,VJ,A321,Airbus A321-211,VN-A683,Landed 18:10,2026-08-06 06:00:29
SIN,arrivals,2026-08-05,17:30,17:34,TR245,TGW245,KNO,Medan Kuala Namu International Airport,Scoot,TR,A20N,Airbus A320-271N,9V-TNK,Landed 18:34,2026-08-06 06:00:29
SIN,arrivals,2026-08-05,17:30,17:05,AY131,FIN131,HEL,Helsinki Vantaa Airport,Finnair,AY,A359,Airbus A350-941,OH-LWE,Landed 18:05,2026-08-06 06:00:29
SIN,arrivals,2026-08-05,17:30,17:11,SQ321,SIA321,LHR,London Heathrow Airport,Singapore Airlines (Star Alliance Livery),SQ,B77W,Boeing 777-312(ER),9V-SWJ,Landed 18:11,2026-08-06 06:00:29
SIN,arrivals,2026-08-05,17:30,17:15,AF256,AFR256,CDG,Paris Charles de Gaulle Airport,Air France,AF,B77W,Boeing 777-328(ER),F-GZNK,Landed 18:15,2026-08-06 06:00:29
SIN,arrivals,2026-08-05,17:35,17:31,UA29,UAL29,SFO,San Francisco International Airport,United Airlines,UA,B789,Boeing 787-9 Dreamliner,N81107,Landed 18:31,2026-08-06 06:00:29
SIN,arrivals,2026-08-05,17:40,,8K801,,CGK,Jakarta Soekarno Hatta International Airport,Exploits Valley Air Services,8K,73P,,,Unknown,2026-08-06 06:00:29
SIN,arrivals,2026-08-05,17:40,17:10,BA15,BAW15,LHR,London Heathrow Airport,British Airways,BA,B789,Boeing 787-9 Dreamliner,G-ZBKD,Landed 18:10,2026-08-06 06:00:29
SIN,arrivals,2026-08-05,17:45,17:45,TR553,TGW553,SGN,Ho Chi Minh City International Airport,Scoot,TR,A21N,Airbus A321-271NX,9V-NCJ,Landed 18:45,2026-08-06 06:00:29
SIN,arrivals,2026-08-05,17:55,17:28,TR487,TGW487,IPH,Ipoh Sultan Azlan Shah Airport,Scoot,TR,A20N,Airbus A320-271N,9V-TNE,Landed 18:28,2026-08-06 06:00:29
SIN,arrivals,2026-08-05,17:55,17:26,TR425,TGW425,PEN,Penang International Airport,Scoot,TR,A21N,Airbus A321-271NX,9V-NCL,Landed 18:26,2026-08-06 06:00:29
SIN,arrivals,2026-08-05,17:55,17:50,SQ183,SIA183,SGN,Ho Chi Minh City International Airport,Singapore Airlines,SQ,A359,Airbus A350-941,9V-SMR,Landed 18:50,2026-08-06 06:00:29
SIN,arrivals,2026-08-05,17:55,17:54,UL308,ALK308,CMB,Colombo Bandaranaike International Airport,SriLankan Airlines (Oneworld Livery),UL,A332,Airbus A330-243,4R-ALH,Landed 18:54,2026-08-06 06:00:29
SIN,arrivals,2026-08-05,17:55,17:35,TR639,TGW639,BKK,Bangkok Suvarnabhumi Airport,Scoot,TR,A21N,Airbus A321-271NX,9V-NCN,Landed 18:35,2026-08-06 06:00:29
SIN,arrivals,2026-08-05,18:00,17:37,SQ877,SIA877,TPE,Taipei Taoyuan International Airport,Singapore Airlines,SQ,B78X,Boeing 787-10 Dreamliner,9V-SCR,Landed 18:37,2026-08-06 06:00:29
SIN,arrivals,2026-08-05,18:00,17:59,SQ709,SIA709,BKK,Bangkok Suvarnabhumi Airport,Singapore Airlines,SQ,B78X,Boeing 787-10 Dreamliner,9V-SDC,Landed 18:59,2026-08-06 06:00:29
SIN,arrivals,2026-08-05,18:00,17:48,SQ509,SIA509,BLR,Bengaluru Kempegowda International Airport,Singapore Airlines,SQ,B38M,Boeing 737 MAX 8,9V-MBP,Landed 18:48,2026-08-06 06:00:29
SIN,arrivals,2026-08-05,18:05,17:41,TR59,TGW59,MEL,Melbourne Airport,Scoot (Pokémon Livery),TR,B789,Boeing 787-9 Dreamliner,9V-OJJ,Landed 18:41,2026-08-06 06:00:29
SIN,arrivals,2026-08-05,18:05,17:39,CX635,CPA635,HKG,Hong Kong International Airport,Cathay Pacific,CX,A333,Airbus A330-343,B-LBB,Landed 18:39,2026-08-06 06:00:29
SIN,arrivals,2026-08-05,18:10,17:46,SQ7407,SIA7407,HNL,Honolulu International Airport,DHL,D0,B77L,Boeing 777-F,9V-DHD,Landed 18:46,2026-08-06 06:00:29
SIN,arrivals,2026-08-05,18:10,18:05,SQ226,SIA226,PER,Perth Airport,Singapore Airlines,SQ,A359,Airbus A350-941,9V-SHF,Landed 19:05,2026-08-06 06:00:29
SIN,arrivals,2026-08-05,18:10,17:42,SQ31,SIA31,SFO,San Francisco International Airport,Singapore Airlines,SQ,A359,Airbus A350-941,9V-SJI,Landed 18:42,2026-08-06 06:00:29
SIN,arrivals,2026-08-05,18:15,17:56,KE643,KAL643,ICN,Seoul Incheon International Airport,Korean Air,KE,B77W,Boeing 777-3B5(ER),HL8216,Landed 18:56,2026-08-06 06:00:29
SIN,arrivals,2026-08-05,18:20,18:17,PG961,BKP961,USM,Koh Samui Airport,Bangkok Airways,PG,A319,Airbus A319-132,HS-PGZ,Landed 19:17,2026-08-06 06:00:29
SIN,arrivals,2026-08-05,18:25,18:11,SQ901,SIA901,CEB,Cebu Mactan International Airport,Singapore Airlines,SQ,B38M,Boeing 737 MAX 8,9V-MBN,Landed 19:11,2026-08-06 06:00:29
SIN,arrivals,2026-08-05,18:25,18:01,SQ893,SIA893,HKG,Hong Kong International Airport,Singapore Airlines,SQ,B77W,Boeing 777-312(ER),9V-SWV,Landed 19:01,2026-08-06 06:00:29
SIN,arrivals,2026-08-05,18:25,18:03,TR751,TGW751,ATQ,Amritsar International Airport,Scoot,TR,B788,Boeing 787-8 Dreamliner,9V-OFL,Landed 19:03,2026-08-06 06:00:29
SIN,arrivals,2026-08-05,18:25,18:07,TR429,TGW429,PEN,Penang International Airport,Scoot,TR,A21N,Airbus A321-271NX,9V-NCM,Landed 19:07,2026-08-06 06:00:29
SIN,arrivals,2026-08-05,18:25,17:58,SQ165,SIA165,SAI,Siem Reap Angkor International Airport,Singapore Airlines,SQ,B38M,Boeing 737 MAX 8,9V-MBH,Landed 18:58,2026-08-06 06:00:29
SIN,arrivals,2026-08-05,18:30,18:13,TR11,TGW11,SYD,Sydney Kingsford Smith Airport,Scoot,TR,B789,Boeing 787-9 Dreamliner,9V-OJG,Landed 19:13,2026-08-06 06:00:29
SIN,arrivals,2026-08-05,18:30,18:20,TR473,TGW473,KUL,Kuala Lumpur International Airport,Scoot,TR,A20N,Airbus A320-271N,9V-TNI,Landed 19:20,2026-08-06 06:00:29
SIN,arrivals,2026-08-05,18:30,18:09,PX392,ANG392,POM,Port Moresby Jacksons International Airport,Air Niugini,PX,B763,Boeing 767-383(ER),P2-PXW,Landed 19:09,2026-08-06 06:00:29
SIN,arrivals,2026-08-05,18:40,18:33,TG409,THA409,BKK,Bangkok Suvarnabhumi Airport,Thai Airways,TG,A359,Airbus A350-941,HS-THK,Landed 19:33,2026-08-06 06:00:29
SIN,arrivals,2026-08-05,18:40,18:35,QF219,QFA219,PER,Perth Airport,Qantas,QF,B789,Boeing 787-9 Dreamliner,VH-ZNN,Landed 19:35,2026-08-06 06:00:29
SIN,arrivals,2026-08-05,18:40,18:23,CZ8047,CSN8047,SZX,Shenzhen Bao'an International Airport,China Southern Airlines,CZ,A21N,Airbus A321-253NX,B-30ED,Landed 19:23,2026-08-06 06:00:29
SIN,arrivals,2026-08-05,18:45,,GM306,,BPN,Balikpapan Sepinggan Airport,Asia Cargo Airlines,GM,73F,,,Unknown,2026-08-06 06:00:29
SIN,arrivals,2026-08-05,18:45,18:16,ZH249,CSZ249,SZX,Shenzhen Bao'an International Airport,Shenzhen Airlines,ZH,A333,Airbus A330-343,B-1036,Landed 19:16,2026-08-06 06:00:29
SIN,arrivals,2026-08-05,18:50,18:45,SQ961,SIA961,CGK,Jakarta Soekarno Hatta International Airport,Singapore Airlines,SQ,A359,Airbus A350-941,9V-SHV,Landed 19:45,2026-08-06 06:00:29
SIN,arrivals,2026-08-05,18:50,18:21,SQ137,SIA137,PEN,Penang International Airport,Singapore Airlines,SQ,B38M,Boeing 737 MAX 8,9V-MBB,Landed 19:21,2026-08-06 06:00:29
SIN,arrivals,2026-08-05,18:50,18:27,SQ121,SIA121,KUL,Kuala Lumpur International Airport,Singapore Airlines,SQ,A359,Airbus A350-941,9V-SHS,Landed 19:27,2026-08-06 06:00:29
SIN,arrivals,2026-08-05,18:50,18:41,SQ421,SIA421,BOM,Mumbai Chhatrapati Shivaji International Airport,Singapore Airlines,SQ,B78X,Boeing 787-10 Dreamliner,9V-SCU,Landed 19:41,2026-08-06 06:00:29
SIN,arrivals,2026-08-05,18:55,18:39,SQ927,SIA927,SUB,Surabaya Juanda International Airport,Singapore Airlines,SQ,B38M,Boeing 737 MAX 8,9V-MBO,Landed 19:39,2026-08-06 06:00:29
SIN,arrivals,2026-08-05,18:55,18:37,8M233,MMA233,RGN,Yangon International Airport,Myanmar Airways International,8M,A319,Airbus A319-112,XY-ALY,Landed 19:37,2026-08-06 06:00:29
SIN,arrivals,2026-08-05,19:00,19:06,VN657,HVN657,SGN,Ho Chi Minh City International Airport,Vietnam Airlines,VN,A21N,Airbus A321-272N,VN-A505,Landed 20:06,2026-08-06 06:00:26
SIN,arrivals,2026-08-05,19:00,18:43,QG526,CTV526,CGK,Jakarta Soekarno Hatta International Airport,Citilink,QG,A320,Airbus A320-214,PK-GQM,Landed 19:43,2026-08-06 06:00:29
SIN,arrivals,2026-08-05,19:00,18:30,AK719,AXM719,KUL,Kuala Lumpur International Airport,AirAsia (WeAreAllChampions Livery),AK,A320,Airbus A320-216,9M-AQF,Landed 19:30,2026-08-06 06:00:29
SIN,arrivals,2026-08-05,19:05,18:51,QF255,QFA255,SYD,Sydney Kingsford Smith Airport,Qantas (Yam Dreaming Livery),QF,B789,Boeing 787-9 Dreamliner,VH-ZND,Landed 19:51,2026-08-06 06:00:26
SIN,arrivals,2026-08-05,19:10,18:54,MU565,CES565,PVG,Shanghai Pudong International Airport,China Eastern Airlines,MU,A332,Airbus A330-243,B-8226,Landed 19:54,2026-08-06 06:00:26
SIN,arrivals,2026-08-05,19:20,18:49,SQ831,SIA831,PVG,Shanghai Pudong International Airport,Singapore Airlines,SQ,B77W,Boeing 777-312(ER),9V-SWQ,Landed 19:49,2026-08-06 06:00:26
SIN,arrivals,2026-08-05,19:25,19:11,TR243,TGW243,DPS,Denpasar Ngurah Rai International Airport,Scoot,TR,A21N,Airbus A321-271NX,9V-NCB,Landed 20:11,2026-08-06 06:00:26
SIN,arrivals,2026-08-05,19:25,18:47,MY363,BNE363,KCH,Kuching International Airport,AirBorneo,MY,B738,Boeing 737-8U3,9M-LCV,Landed 19:47,2026-08-06 06:00:26
SIN,arrivals,2026-08-05,19:25,19:04,MH607,MAS607,KUL,Kuala Lumpur International Airport,Malaysia Airlines,MH,B38M,Boeing 737 MAX 8,9M-MVN,Landed 20:04,2026-08-06 06:00:26
SIN,arrivals,2026-08-05,19:30,19:44,OD805,MXD805,KUL,Kuala Lumpur International Airport,Batik Air,ID,B738,Boeing 737-8U3,9M-LDH,Landed 20:44,2026-08-06 06:00:26
SIN,arrivals,2026-08-05,19:30,19:00,TR469,TGW469,KUL,Kuala Lumpur International Airport,Scoot,TR,A320,Airbus A320-232,9V-TRO,Landed 20:00,2026-08-06 06:00:26
SIN,arrivals,2026-08-05,19:30,19:51,SQ919,SIA919,MNL,Manila Ninoy Aquino International Airport,Singapore Airlines,SQ,B38M,Boeing 737 MAX 8,9V-MBC,Landed 20:51,2026-08-06 06:00:26
SIN,arrivals,2026-08-05,19:30,19:55,ID7159,BTK7159,CGK,Jakarta Soekarno Hatta International Airport,Batik Air,ID,A320,Airbus A320-232,PK-BKR,Landed 20:55,2026-08-06 06:00:26
SIN,arrivals,2026-08-05,19:30,19:21,GA838,GIA838,CGK,Jakarta Soekarno Hatta International Airport,Garuda Indonesia,GA,B738,Boeing 737-8U3,PK-GMI,Landed 20:21,2026-08-06 06:00:26
SIN,arrivals,2026-08-05,19:40,19:09,SQ173,SIA173,DAD,Da Nang International Airport,Singapore Airlines,SQ,B38M,Boeing 737 MAX 8,9V-MBE,Landed 20:09,2026-08-06 06:00:26
SIN,arrivals,2026-08-05,19:45,19:18,SQ195,SIA195,HAN,Hanoi Noi Bai International Airport,Singapore Airlines,SQ,B38M,Boeing 737 MAX 8,9V-MBK,Landed 20:18,2026-08-06 06:00:26
SIN,arrivals,2026-08-05,19:45,20:13,SL104,TLM104,DMK,Bangkok Don Mueang International Airport,Thai Lion Air,SL,B739,Boeing 737-9GP(ER),HS-LVK,Landed 21:13,2026-08-06 06:00:26
SIN,arrivals,2026-08-05,19:45,19:48,TR867,TGW867,TPE,Taipei Taoyuan International Airport,Scoot,TR,B789,Boeing 787-9 Dreamliner,9V-OJH,Landed 20:48,2026-08-06 06:00:26
SIN,arrivals,2026-08-05,19:45,19:17,SQ236,SIA236,BNE,Brisbane Airport,Singapore Airlines,SQ,A359,Airbus A350-941,9V-SHU,Landed 20:17,2026-08-06 06:00:26
SIN,arrivals,2026-08-05,19:45,20:05,AK721,AXM721,KUL,Kuala Lumpur International Airport,AirAsia,AK,A320,Airbus A320-214,9M-RCB,Landed 21:05,2026-08-06 06:00:26
SIN,arrivals,2026-08-05,19:50,19:14,TR633,TGW633,HDY,Hat Yai International Airport,Scoot,TR,E290,Embraer E190-E2,9V-THH,Landed 20:14,2026-08-06 06:00:26
SIN,arrivals,2026-08-05,19:50,19:40,CX711,CPA711,HKG,Hong Kong International Airport,Cathay Pacific,CX,A333,Airbus A330-343,B-LBC,Landed 20:40,2026-08-06 06:00:26
SIN,arrivals,2026-08-05,19:55,19:50,SQ963,SIA963,CGK,Jakarta Soekarno Hatta International Airport,Singapore Airlines,SQ,A359,Airbus A350-941,9V-SMZ,Landed 20:50,2026-08-06 06:00:26
SIN,arrivals,2026-08-05,20:00,19:24,SQ286,SIA286,AKL,Auckland Airport,Singapore Airlines,SQ,B77W,Boeing 777-312(ER),9V-SNB,Landed 20:24,2026-08-06 06:00:26
SIN,arrivals,2026-08-05,20:00,20:27,TR637,TGW637,BKK,Bangkok Suvarnabhumi Airport,Scoot,TR,A21N,Airbus A321-271NX,9V-NCF,Landed 21:27,2026-08-06 06:00:26
SIN,arrivals,2026-08-05,20:00,20:04,BA16,BAW16,SYD,Sydney Kingsford Smith Airport,British Airways,BA,B789,Boeing 787-9 Dreamliner,G-ZBKR,Landed 21:04,2026-08-06 06:00:26
SIN,arrivals,2026-08-05,20:00,19:34,AK1729,AXM1729,PEN,Penang International Airport,AirAsia,AK,A320,Airbus A320-216,9M-AGC,Landed 20:34,2026-08-06 06:00:26
SIN,arrivals,2026-08-05,20:05,19:46,SQ735,SIA735,HKT,Phuket International Airport,Singapore Airlines,SQ,B38M,Boeing 737 MAX 8,9V-MBG,Landed 20:46,2026-08-06 06:00:26
SIN,arrivals,2026-08-05,20:05,19:53,SQ431,SIA431,MLE,Male Velana International Airport,Singapore Airlines,SQ,A359,Airbus A350-941,9V-SJA,Landed 20:53,2026-08-06 06:00:26
SIN,arrivals,2026-08-05,20:10,20:00,TR695,TGW695,USM,Koh Samui Airport,Scoot,TR,E290,Embraer E190-E2,9V-THG,Landed 21:00,2026-08-06 06:00:26
SIN,arrivals,2026-08-05,20:15,19:56,TR525,TGW525,PQC,Phu Quoc International Airport,Scoot,TR,E290,Embraer E190-E2,9V-THC,Landed 20:56,2026-08-06 06:00:26
SIN,arrivals,2026-08-05,20:15,20:25,SQ228,SIA228,MEL,Melbourne Airport,Singapore Airlines,SQ,A388,Airbus A380-841,9V-SKT,Landed 21:25,2026-08-06 06:00:26
SIN,arrivals,2026-08-05,20:15,20:10,QF1,QFA1,SYD,Sydney Kingsford Smith Airport,Qantas,QF,A388,Airbus A380-842,VH-OQG,Landed 21:10,2026-08-06 06:00:26
SIN,arrivals,2026-08-05,20:15,20:06,SQ222,SIA222,SYD,Sydney Kingsford Smith Airport,Singapore Airlines,SQ,A388,Airbus A380-841,9V-SKM,Landed 21:06,2026-08-06 06:00:26
SIN,arrivals,2026-08-05,20:15,20:16,QR944,QTR944,DOH,Doha Hamad International Airport,Qatar Airways,QR,A359,Airbus A350-941,A7-AMI,Landed 21:16,2026-08-06 06:00:26
SIN,arrivals,2026-08-05,20:20,20:14,6E1343,IGO1343,MAA,Chennai International Airport,IndiGo,6E,A21N,Airbus A321-252NX,VT-NCD,Landed 21:14,2026-08-06 06:00:26
SIN,arrivals,2026-08-05,20:20,20:49,TR517,TGW517,SGN,Ho Chi Minh City International Airport,Scoot,TR,A21N,Airbus A321-271NX,9V-NCA,Landed 21:49,2026-08-06 06:00:26
SIN,arrivals,2026-08-05,20:25,20:01,TR821,TGW821,KIX,Osaka Kansai International Airport,Scoot,TR,B789,Boeing 787-9 Dreamliner,9V-OJK,Landed 21:01,2026-08-06 06:00:26
SIN,arrivals,2026-08-05,20:30,19:58,TW161,TWB161,ICN,Seoul Incheon International Airport,T'Way Air,TW,A333,Airbus A330-343,HL8560,Landed 20:58,2026-08-06 06:00:26
SIN,arrivals,2026-08-05,20:30,20:08,OZ751,AAR751,ICN,Seoul Incheon International Airport,Asiana Airlines,OZ,A359,Airbus A350-941,HL8522,Landed 21:08,2026-08-06 06:00:26
SIN,arrivals,2026-08-05,20:30,20:29,TR241,TGW241,SRG,Semarang Achmad Yani International Airport,Scoot,TR,A20N,Airbus A320-271N,9V-TNF,Landed 21:29,2026-08-06 06:00:26
SIN,arrivals,2026-08-05,20:45,21:11,EK352,UAE352,DXB,Dubai International Airport,Emirates,EK,A388,Airbus A380-861,A6-EEP,Landed 22:11,2026-08-06 06:00:26
SIN,arrivals,2026-08-05,20:50,20:42,SQ125,SIA125,KUL,Kuala Lumpur International Airport,Singapore Airlines,SQ,A359,Airbus A350-941,9V-SHL,Landed 21:42,2026-08-06 06:00:26
SIN,arrivals,2026-08-05,20:55,21:14,SQ711,SIA711,BKK,Bangkok Suvarnabhumi Airport,Singapore Airlines,SQ,B78X,Boeing 787-10 Dreamliner,9V-SCK,Landed 22:14,2026-08-06 06:00:26
SIN,arrivals,2026-08-05,20:55,21:06,CA969,CCA969,PEK,Beijing Capital International Airport,Air China,CA,B789,Boeing 787-9 Dreamliner,B-1466,Landed 22:06,2026-08-06 06:00:26
SIN,arrivals,2026-08-05,20:55,20:36,TR259,TGW259,LOP,Lombok International Airport,Scoot,TR,E290,Embraer E190-E2,9V-THF,Landed 21:36,2026-08-06 06:00:26
SIN,arrivals,2026-08-05,20:55,20:40,MU545,CES545,PVG,Shanghai Pudong International Airport,China Eastern Airlines,MU,B789,Boeing 787-9 Dreamliner,B-220D,Landed 21:40,2026-08-06 06:00:26
SIN,arrivals,2026-08-05,21:00,20:43,SQ601,SIA601,ICN,Seoul Incheon International Airport,Singapore Airlines,SQ,B78X,Boeing 787-10 Dreamliner,9V-SCO,Landed 21:43,2026-08-06 06:00:26
SIN,arrivals,2026-08-05,21:00,20:38,SQ157,SIA157,KTI,Phnom Penh Techo International Airport,Singapore Airlines,SQ,B38M,Boeing 737 MAX 8,9V-MBQ,Landed 21:38,2026-08-06 06:00:26
SIN,arrivals,2026-08-05,21:00,21:02,TR663,TGW663,CNX,Chiang Mai International Airport,Scoot,TR,A320,Airbus A320-232,9V-TRV,Landed 22:02,2026-08-06 06:00:26
SIN,arrivals,2026-08-05,21:05,20:46,SQ965,SIA965,CGK,Jakarta Soekarno Hatta International Airport,Singapore Airlines,SQ,B77W,Boeing 777-312(ER),9V-SWT,Landed 21:46,2026-08-06 06:00:26
SIN,arrivals,2026-08-05,21:05,20:55,QF37,QFA37,MEL,Melbourne Airport,Qantas,QF,A332,Airbus A330-202,VH-EBK,Landed 21:55,2026-08-06 06:00:26
SIN,arrivals,2026-08-05,21:10,20:57,SQ214,SIA214,PER,Perth Airport,Singapore Airlines,SQ,A359,Airbus A350-941,9V-SHG,Landed 21:57,2026-08-06 06:00:26
SIN,arrivals,2026-08-05,21:15,21:18,SQ879,SIA879,TPE,Taipei Taoyuan International Airport,Singapore Airlines,SQ,B78X,Boeing 787-10 Dreamliner,9V-SCF,Landed 22:18,2026-08-06 06:00:26
SIN,arrivals,2026-08-05,21:15,21:03,MF885,CXA885,XMN,Xiamen Gaoqi International Airport,Xiamen Air,MF,B738,Boeing 737-85C,B-1709,Landed 22:03,2026-08-06 06:00:26
SIN,arrivals,2026-08-05,21:15,21:08,GA822,GIA822,CGK,Jakarta Soekarno Hatta International Airport,Garuda Indonesia,GA,B738,Boeing 737-8U3,PK-GMD,Landed 22:08,2026-08-06 06:00:26
SIN,arrivals,2026-08-05,21:20,21:21,SQ921,SIA921,MNL,Manila Ninoy Aquino International Airport,Singapore Airlines,SQ,A359,Airbus A350-941,9V-SHR,Landed 22:21,2026-08-06 06:00:26
SIN,arrivals,2026-08-05,21:20,20:59,SQ833,SIA833,PVG,Shanghai Pudong International Airport,Singapore Airlines,SQ,A388,Airbus A380-841,9V-SKR,Landed 21:59,2026-08-06 06:00:26
SIN,arrivals,2026-08-05,21:20,21:26,TR611,TGW611,BKK,Bangkok Suvarnabhumi Airport,Scoot,TR,B788,Boeing 787-8 Dreamliner,9V-OFM,Landed 22:26,2026-08-06 06:00:26
SIN,arrivals,2026-08-05,21:20,22:25,TR181,TGW181,NKG,Nanjing Lukou International Airport,Scoot,TR,B788,Boeing 787-8 Dreamliner,9V-OFC,Landed 23:25,2026-08-06 06:00:26
SIN,arrivals,2026-08-05,21:25,21:09,8B155,TNU155,CGK,Jakarta Soekarno Hatta International Airport,TransNusa,8B,A321,Airbus A321-211,PK-TLM,Landed 22:09,2026-08-06 06:00:26
SIN,arrivals,2026-08-05,21:30,21:39,TG401,THA401,BKK,Bangkok Suvarnabhumi Airport,Thai Airways,TG,A320,Airbus A320-232,HS-TXM,Landed 22:39,2026-08-06 06:00:26
SIN,arrivals,2026-08-05,21:30,21:34,HO1575,DKH1575,PVG,Shanghai Pudong International Airport,Juneyao Air (20 Year Anniversary Sticker),HO,A20N,Airbus A320-271N,B-30FQ,Landed 22:34,2026-08-06 06:00:26
SIN,arrivals,2026-08-05,21:35,21:25,TR905,TGW905,MFM,Macau International Airport,Scoot,TR,A320,Airbus A320-232,9V-TRT,Landed 22:25,2026-08-06 06:00:26
SIN,arrivals,2026-08-05,21:40,21:35,SQ945,SIA945,DPS,Denpasar Ngurah Rai International Airport,Singapore Airlines,SQ,B78X,Boeing 787-10 Dreamliner,9V-SCB,Landed 22:35,2026-08-06 06:00:26
SIN,arrivals,2026-08-05,21:40,21:16,SQ895,SIA895,HKG,Hong Kong International Airport,Singapore Airlines,SQ,A359,Airbus A350-941,9V-SMV,Landed 22:16,2026-08-06 06:00:26
SIN,arrivals,2026-08-05,21:40,21:40,SQ185,SIA185,SGN,Ho Chi Minh City International Airport,Singapore Airlines,SQ,B78X,Boeing 787-10 Dreamliner,9V-SCT,Landed 22:40,2026-08-06 06:00:26
SIN,arrivals,2026-08-05,21:40,21:32,SQ204,SIA204,CNS,Cairns Airport,Singapore Airlines,SQ,A359,Airbus A350-941,9V-SHM,Landed 22:32,2026-08-06 06:00:26
SIN,arrivals,2026-08-05,21:40,21:13,TR283,TGW283,DPS,Denpasar Ngurah Rai International Airport,Scoot,TR,B788,Boeing 787-8 Dreamliner,9V-OFE,Landed 22:13,2026-08-06 06:00:26
SIN,arrivals,2026-08-05,21:45,21:20,TR649,TGW649,USM,Koh Samui Airport,Scoot,TR,E290,Embraer E190-E2,9V-THI,Landed 22:20,2026-08-06 06:00:26
SIN,arrivals,2026-08-05,21:45,21:30,SQ929,SIA929,SUB,Surabaya Juanda International Airport,Singapore Airlines,SQ,B38M,Boeing 737 MAX 8,9V-MBU,Landed 22:30,2026-08-06 06:00:26
SIN,arrivals,2026-08-05,21:50,22:12,TR279,TGW279,CGK,Jakarta Soekarno Hatta International Airport,Scoot,TR,A320,Airbus A320-232,9V-TRU,Landed 23:12,2026-08-06 06:00:26
SIN,arrivals,2026-08-05,21:55,21:28,TR417,TGW417,BKI,Kota Kinabalu International Airport,Scoot,TR,A21N,Airbus A321-271NX,9V-NCK,Landed 22:28,2026-08-06 06:00:26
SIN,arrivals,2026-08-05,21:55,21:23,SQ621,SIA621,KIX,Osaka Kansai International Airport,Singapore Airlines,SQ,B78X,Boeing 787-10 Dreamliner,9V-SCM,Landed 22:23,2026-08-06 06:00:26
SIN,arrivals,2026-08-05,22:00,21:37,SQ141,SIA141,PEN,Penang International Airport,Singapore Airlines,SQ,B38M,Boeing 737 MAX 8,9V-MBI,Landed 22:37,2026-08-06 06:00:26
SIN,arrivals,2026-08-05,22:00,22:36,SQ193,SIA193,HAN,Hanoi Noi Bai International Airport,Singapore Airlines,SQ,B38M,Boeing 737 MAX 8,9V-MBT,Landed 23:36,2026-08-06 06:00:26
SIN,arrivals,2026-08-05,22:05,21:49,7C2661,JJA2661,PUS,Busan Gimhae International Airport,Jeju Air,7C,B38M,Boeing 737 MAX 8,HL8739,Landed 22:49,2026-08-06 06:00:26
SIN,arrivals,2026-08-05,22:05,21:47,SQ995,SIA995,KNO,Medan Kuala Namu International Airport,Singapore Airlines,SQ,B38M,Boeing 737 MAX 8,9V-MBM,Landed 22:47,2026-08-06 06:00:26
SIN,arrivals,2026-08-05,22:05,21:49,SQ967,SIA967,CGK,Jakarta Soekarno Hatta International Airport,Singapore Airlines,SQ,A359,Airbus A350-941,9V-SHJ,Landed 22:49,2026-08-06 06:00:26
SIN,arrivals,2026-08-05,22:05,21:45,SQ633,SIA633,HND,Tokyo Haneda International Airport,Singapore Airlines,SQ,B77W,Boeing 777-312(ER),9V-SWL,Landed 22:45,2026-08-06 06:00:26
SIN,arrivals,2026-08-05,22:15,21:43,SQ843,SIA843,TFU,Chengdu Tianfu International Airport,Singapore Airlines,SQ,B78X,Boeing 787-10 Dreamliner,9V-SCV,Landed 22:43,2026-08-06 06:00:26
SIN,arrivals,2026-08-05,22:15,21:51,TR267,TGW267,SUB,Surabaya Juanda International Airport,Scoot,TR,A20N,Airbus A320-271N,9V-TNJ,Landed 22:51,2026-08-06 06:00:26
SIN,arrivals,2026-08-05,22:15,22:00,SQ7861,SIA7861,HKG,Hong Kong International Airport,Singapore Airlines Cargo,SQ,B744,Boeing 747-412F(SCD),9V-SFN,Landed 23:00,2026-08-06 06:00:26
SIN,arrivals,2026-08-05,22:20,21:55,SQ127,SIA127,KUL,Kuala Lumpur International Airport,Singapore Airlines,SQ,B38M,Boeing 737 MAX 8,9V-MBW,Landed 22:55,2026-08-06 06:00:26
SIN,arrivals,2026-08-05,22:25,21:53,SQ739,SIA739,HKT,Phuket International Airport,Singapore Airlines,SQ,B38M,Boeing 737 MAX 8,9V-MBJ,Landed 22:53,2026-08-06 06:00:26
SIN,arrivals,2026-08-05,22:25,22:14,KL836,KLM836,DPS,Denpasar Ngurah Rai International Airport,KLM (Orange Pride‬ Livery),KL,B77W,Boeing 777-306(ER),PH-BVA,Landed 23:14,2026-08-06 06:00:26
SIN,arrivals,2026-08-05,22:25,22:06,TR591,TGW591,MNL,Manila Ninoy Aquino International Airport,Scoot,TR,A21N,Airbus A321-271NX,9V-NCC,Landed 23:06,2026-08-06 06:00:26
SIN,arrivals,2026-08-05,22:30,22:04,CZ351,CSN351,CAN,Guangzhou Baiyun International Airport,China Southern Airlines,CZ,A21N,Airbus A321-271N,B-1092,Landed 23:04,2026-08-06 06:00:26
SIN,arrivals,2026-08-05,22:35,22:08,PR509,PAL509,MNL,Manila Ninoy Aquino International Airport,Philippine Airlines,PR,A321,Airbus A321-231,RP-C9903,Landed 23:08,2026-08-06 06:00:26
SIN,arrivals,2026-08-05,22:40,22:27,7C2623,JJA2623,ICN,Seoul Incheon International Airport,Jeju Air,7C,B38M,Boeing 737 MAX 8,HL8553,Landed 23:27,2026-08-06 06:00:26
SIN,arrivals,2026-08-05,22:40,23:15,SQ713,SIA713,BKK,Bangkok Suvarnabhumi Airport,Singapore Airlines,SQ,B78X,Boeing 787-10 Dreamliner,9V-SDB,Landed 00:15,2026-08-06 06:00:26
SIN,arrivals,2026-08-05,22:40,22:20,MU5031,CES5031,PKX,Beijing Daxing International Airport,China Eastern Airlines,MU,A20N,Airbus A320-271N,B-329M,Landed 23:20,2026-08-06 06:00:26
SIN,arrivals,2026-08-05,22:45,22:10,TR435,TGW435,KCH,Kuching International Airport,Scoot,TR,A20N,Airbus A320-271N,9V-TNE,Landed 23:10,2026-08-06 06:00:26
SIN,arrivals,2026-08-05,22:45,22:22,EK349,UAE349,KTI,Phnom Penh Techo International Airport,Emirates,EK,B77W,Boeing 777-31H(ER),A6-ECX,Landed 23:22,2026-08-06 06:00:26
SIN,arrivals,2026-08-05,22:45,22:54,TR9,TGW9,PER,Perth Airport,Scoot,TR,B789,Boeing 787-9 Dreamliner,9V-OJE,Landed 23:54,2026-08-06 06:00:26
SIN,arrivals,2026-08-05,22:45,22:32,IX682,AXB682,TRZ,Tiruchirappalli International Airport,Air India Express (Kathakali-Bharatanatyam Livery),IX,B738,Boeing 737-86N,VT-GHE,Landed 23:32,2026-08-06 06:00:26
SIN,arrivals,2026-08-05,22:55,22:17,TR499,TGW499,PEN,Penang International Airport,Scoot,TR,A21N,Airbus A321-271NX,9V-NCL,Landed 23:17,2026-08-06 06:00:26
SIN,arrivals,2026-08-05,22:55,22:57,KE645,KAL645,ICN,Seoul Incheon International Airport,Korean Air (SkyTeam Livery),KE,B77W,Boeing 777-3B5(ER),HL7783,Landed 23:57,2026-08-06 06:00:26
SIN,arrivals,2026-08-05,22:55,22:29,TR653,TGW653,HKT,Phuket International Airport,Scoot,TR,A20N,Airbus A320-271N,9V-TNL,Landed 23:29,2026-08-06 06:00:26
SIN,arrivals,2026-08-05,23:05,22:48,MM773,APJ773,KIX,Osaka Kansai International Airport,Peach,MM,A21N,Airbus A321-251NX(LR),JA902P,Landed 23:48,2026-08-06 06:00:26
SIN,arrivals,2026-08-05,23:05,23:06,TR627,TGW627,BKK,Bangkok Suvarnabhumi Airport,Scoot,TR,B788,Boeing 787-8 Dreamliner,9V-OFK,Landed 00:06,2026-08-06 06:00:26
SIN,arrivals,2026-08-05,23:05,22:41,TR467,TGW467,KUL,Kuala Lumpur International Airport,Scoot,TR,A21N,Airbus A321-271NX,9V-NCM,Landed 23:41,2026-08-06 06:00:26
SIN,arrivals,2026-08-05,23:10,23:05,3U3919,CSC3919,TFU,Chengdu Tianfu International Airport,Sichuan Airlines,3U,A20N,Airbus A320-271N,B-30CR,Landed 00:05,2026-08-06 06:00:22
SIN,arrivals,2026-08-05,23:10,22:53,SQ266,SIA266,BNE,Brisbane Airport,Singapore Airlines,SQ,A359,Airbus A350-941,9V-SHI,Landed 23:53,2026-08-06 06:00:22
SIN,arrivals,2026-08-05,23:10,23:23,SC8061,CDG8061,TNA,Jinan Yaoqiang International Airport,Shandong Airlines,SC,B38M,Boeing 737 MAX 8,B-208G,Landed 00:23,2026-08-06 06:00:22
SIN,arrivals,2026-08-05,23:10,23:01,MH609,MAS609,KUL,Kuala Lumpur International Airport,Malaysia Airlines (Retro Livery),MH,B738,Boeing 737-8H6,9M-MLV,Landed 00:01,2026-08-06 06:00:22
SIN,arrivals,2026-08-05,23:10,22:59,5J803,CEB803,MNL,Manila Ninoy Aquino International Airport,Cebu Pacific,5J,A339,Airbus A330-941,RP-C3911,Landed 23:59,2026-08-06 06:00:22
SIN,arrivals,2026-08-05,23:15,23:18,SQ947,SIA947,DPS,Denpasar Ngurah Rai International Airport,Singapore Airlines,SQ,B78X,Boeing 787-10 Dreamliner,9V-SCC,Landed 00:18,2026-08-06 06:00:22
SIN,arrivals,2026-08-05,23:15,23:03,SQ208,SIA208,MEL,Melbourne Airport,Singapore Airlines,SQ,A359,Airbus A350-941,9V-SMP,Landed 00:03,2026-08-06 06:00:22
SIN,arrivals,2026-08-05,23:15,23:16,SQ242,SIA242,SYD,Sydney Kingsford Smith Airport,Singapore Airlines,SQ,A359,Airbus A350-941,9V-SHC,Landed 00:16,2026-08-06 06:00:22
SIN,arrivals,2026-08-05,23:20,23:10,JL711,JAL711,NRT,Tokyo Narita International Airport,Japan Airlines,JL,B763,Boeing 767-346(ER),JA619J,Landed 00:10,2026-08-06 06:00:22
SIN,arrivals,2026-08-05,23:25,22:50,5J547,CEB547,CEB,Cebu Mactan International Airport,Cebu Pacific,5J,A320,Airbus A320-214,RP-C4104,Landed 23:50,2026-08-06 06:00:22
SIN,arrivals,2026-08-05,23:30,23:24,SV857,SVA857,DPS,Denpasar Ngurah Rai International Airport,Saudia,SV,B78X,Boeing 787-10 Dreamliner,HZ-AR25,Landed 00:24,2026-08-06 06:00:22
SIN,arrivals,2026-08-05,23:35,23:08,SQ835,SIA835,PVG,Shanghai Pudong International Airport,Singapore Airlines,SQ,B78X,Boeing 787-10 Dreamliner,9V-SCQ,Landed 00:08,2026-08-06 06:00:22
SIN,arrivals,2026-08-05,23:35,23:29,SQ719,SIA719,BKK,Bangkok Suvarnabhumi Airport,Singapore Airlines (1000th 787 Dreamliner Sticker),SQ,B78X,Boeing 787-10 Dreamliner,9V-SCP,Landed 00:29,2026-08-06 06:00:22
SIN,arrivals,2026-08-05,23:35,23:27,CI755,CAL755,TPE,Taipei Taoyuan International Airport,China Airlines,CI,A21N,Airbus A321-271NX,B-18106,Landed 00:27,2026-08-06 06:00:22
SIN,arrivals,2026-08-05,23:45,,3Y932,,BPN,Balikpapan Sepinggan Airport,My Indo Airlines,3Y,73Y,,,Unknown,2026-08-06 06:00:22
SIN,arrivals,2026-08-05,23:45,23:12,NH801,AJX801,NRT,Tokyo Narita International Airport,All Nippon Airways,NH,B789,Boeing 787-9 Dreamliner,JA927A,Landed 00:12,2026-08-06 06:00:22
SIN,arrivals,2026-08-05,23:45,23:54,CX715,CPA715,HKG,Hong Kong International Airport,Cathay Pacific,CX,A333,Airbus A330-342,B-LAJ,Landed 00:54,2026-08-06 06:00:22
SIN,arrivals,2026-08-05,23:55,23:33,SQ11,SIA11,NRT,Tokyo Narita International Airport,Singapore Airlines (Star Alliance Livery),SQ,B77W,Boeing 777-312(ER),9V-SWM,Landed 00:33,2026-08-06 06:00:22
SIN,departures,2026-08-05,00:00,01:00,TR866,TGW866,TPE,Taipei Taoyuan International Airport,Scoot,TR,B789,Boeing 787-9 Dreamliner,9V-OJH,Departed 02:00,2026-08-06 06:01:22
SIN,departures,2026-08-05,00:05,00:05,JG2976,,SZX,Shenzhen Bao'an International Airport,JDL Airlines,JG,73F,,,Estimated dep 01:05*,2026-08-06 06:01:22
SIN,departures,2026-08-05,00:05,00:27,SQ306,SIA306,LHR,London Heathrow Airport,Singapore Airlines,SQ,A359,Airbus A350-941,9V-SMW,Departed 01:27,2026-08-06 06:01:22
SIN,departures,2026-08-05,00:10,00:55,3U3920,CSC3920,TFU,Chengdu Tianfu International Airport,Sichuan Airlines,3U,A20N,Airbus A320-271N,B-30CR,Departed 01:55,2026-08-06 06:01:22
SIN,departures,2026-08-05,00:10,00:38,SQ800,SIA800,PEK,Beijing Capital International Airport,Singapore Airlines,SQ,B77W,Boeing 777-312(ER),9V-SWR,Departed 01:38,2026-08-06 06:01:22
SIN,departures,2026-08-05,00:15,01:07,TR50,TGW50,ATH,Athens Eleftherios Venizelos,Scoot,TR,B788,Boeing 787-8 Dreamliner,9V-OFN,Departed 02:07,2026-08-06 06:01:22
SIN,departures,2026-08-05,00:15,00:24,SQ826,SIA826,PVG,Shanghai Pudong International Airport,Singapore Airlines,SQ,A359,Airbus A350-941,9V-SHD,Departed 01:24,2026-08-06 06:01:22
SIN,departures,2026-08-05,00:15,00:33,SQ478,SIA478,JNB,Johannesburg OR Tambo International Airport,Singapore Airlines,SQ,A359,Airbus A350-941,9V-SMJ,Departed 01:33,2026-08-06 06:01:22
SIN,departures,2026-08-05,00:15,00:48,SC8062,CDG8062,TNA,Jinan Yaoqiang International Airport,Shandong Airlines,SC,B38M,Boeing 737 MAX 8,B-1120,Departed 01:48,2026-08-06 06:01:22
SIN,departures,2026-08-05,00:20,00:43,SQ672,SIA672,NGO,Nagoya Chubu Centrair International Airport,Singapore Airlines,SQ,B78X,Boeing 787-10 Dreamliner,9V-SDB,Departed 01:43,2026-08-06 06:01:22
SIN,departures,2026-08-05,00:20,00:25,SQ656,SIA656,FUK,Fukuoka Airport,Singapore Airlines,SQ,B78X,Boeing 787-10 Dreamliner,9V-SCW,Departed 01:25,2026-08-06 06:01:22
SIN,departures,2026-08-05,00:25,00:49,SQ618,SIA618,KIX,Osaka Kansai International Airport,Singapore Airlines,SQ,B78X,Boeing 787-10 Dreamliner,9V-SCL,Departed 01:49,2026-08-06 06:01:22
SIN,departures,2026-08-05,00:25,01:01,SQ346,SIA346,ZRH,Zurich Airport,Singapore Airlines,SQ,B77W,Boeing 777-312(ER),9V-SWH,Departed 02:01,2026-08-06 06:01:22
SIN,departures,2026-08-05,00:25,01:24,MM774,APJ774,KIX,Osaka Kansai International Airport,Peach,MM,A21N,Airbus A321-251NX(LR),JA903P,Departed 02:24,2026-08-06 06:01:22
SIN,departures,2026-08-05,00:25,00:51,KE646,KAL646,ICN,Seoul Incheon International Airport,Korean Air,KE,B77W,Boeing 777-3B5(ER),HL8008,Departed 01:51,2026-08-06 06:01:22
SIN,departures,2026-08-05,00:30,00:53,SQ366,SIA366,FCO,Rome Leonardo da Vinci Fiumicino Airport,Singapore Airlines,SQ,A359,Airbus A350-941,9V-SJB,Departed 01:53,2026-08-06 06:01:22
SIN,departures,2026-08-05,00:30,00:58,TR186,TGW186,TAO,Qingdao Jiaodong International Airport,Scoot,TR,B788,Boeing 787-8 Dreamliner,9V-OFM,Departed 01:58,2026-08-06 06:01:22
SIN,departures,2026-08-05,00:40,00:56,EK349,UAE349,DXB,Dubai International Airport,Emirates,EK,B77W,Boeing 777-31H(ER),A6-ECI,Departed 01:56,2026-08-06 06:01:22
SIN,departures,2026-08-05,00:45,01:34,SQ237,SIA237,MEL,Melbourne Airport,Singapore Airlines,SQ,A388,Airbus A380-841,9V-SKT,Departed 02:34,2026-08-06 06:01:22
SIN,departures,2026-08-05,00:45,01:19,CX714,CPA714,HKG,Hong Kong International Airport,Cathay Pacific,CX,A333,Airbus A330-343,B-HLR,Departed 02:19,2026-08-06 06:01:22
SIN,departures,2026-08-05,00:50,01:16,TR588,TGW588,MNL,Manila Ninoy Aquino International Airport,Scoot,TR,B788,Boeing 787-8 Dreamliner,9V-OFC,Departed 02:16,2026-08-06 06:01:22
SIN,departures,2026-08-05,00:55,01:21,TR568,TGW568,CRK,Angeles City Clark International Airport,Scoot,TR,A21N,Airbus A321-271NX,9V-NCJ,Departed 02:21,2026-08-06 06:01:22
SIN,departures,2026-08-05,00:55,01:09,JL38,JAL38,HND,Tokyo Haneda International Airport,Japan Airlines,JL,B763,Boeing 767-346(ER),JA617J,Departed 02:09,2026-08-06 06:01:22
SIN,departures,2026-08-05,01:00,01:32,ET639,ETH639,ADD,Addis Ababa Bole Airport,Ethiopian Airlines,ET,A359,Airbus A350-941,ET-BCE,Departed 02:32,2026-08-06 06:01:22
SIN,departures,2026-08-05,01:00,01:18,TR560,TGW560,DVO,Davao City Francisco Bangoy International Airport,Scoot,TR,A20N,Airbus A320-271N,9V-TNL,Departed 02:18,2026-08-06 06:01:22
SIN,departures,2026-08-05,01:00,01:04,CI756,CAL756,TPE,Taipei Taoyuan International Airport,China Airlines,CI,A21N,Airbus A321-271NX,B-18108,Departed 02:04,2026-08-06 06:01:22
SIN,departures,2026-08-05,01:10,01:27,TR10,TGW10,SYD,Sydney Kingsford Smith Airport,Scoot,TR,B789,Boeing 787-9 Dreamliner,9V-OJG,Departed 02:27,2026-08-06 06:01:22
SIN,departures,2026-08-05,01:10,01:41,SQ302,SIA302,MAN,Manchester Airport,Singapore Airlines,SQ,A359,Airbus A350-941,9V-SMI,Departed 02:41,2026-08-06 06:01:22
SIN,departures,2026-08-05,01:15,02:01,TW166,TWB166,CJU,Jeju International Airport,T'Way Air,TW,B38M,Boeing 737 MAX 8,HL8514,Departed 03:01,2026-08-06 06:01:22
SIN,departures,2026-08-05,01:15,01:40,SQ392,SIA392,IST,Istanbul Airport,Singapore Airlines,SQ,A359,Airbus A350-941,9V-SMU,Departed 02:40,2026-08-06 06:01:22
SIN,departures,2026-08-05,01:30,01:50,TR58,TGW58,MEL,Melbourne Airport,Scoot (Pokémon Livery),TR,B789,Boeing 787-9 Dreamliner,9V-OJJ,Departed 02:50,2026-08-06 06:01:22
SIN,departures,2026-08-05,01:30,02:03,SQ314,SIA314,LGW,London Gatwick Airport,Singapore Airlines,SQ,A359,Airbus A350-941,9V-SMQ,Departed 03:03,2026-08-06 06:01:22
SIN,departures,2026-08-05,01:30,01:46,MU9648,CES9648,KMG,Kunming Changshui International Airport,China Eastern Airlines,MU,B789,Boeing 787-9 Dreamliner,B-206K,Departed 02:46,2026-08-06 06:01:22
SIN,departures,2026-08-05,01:35,02:08,SQ402,SIA402,DEL,Delhi Indira Gandhi International Airport,Singapore Airlines,SQ,B78X,Boeing 787-10 Dreamliner,9V-SCJ,Departed 03:08,2026-08-06 06:01:22
SIN,departures,2026-08-05,01:40,02:11,MF8676,CXA8676,XMN,Xiamen Gaoqi International Airport,Xiamen Air,MF,B738,Boeing 737-85C,B-1709,Departed 03:11,2026-08-06 06:01:22
SIN,departures,2026-08-05,01:45,02:49,6E1008,IGO1008,TRZ,Tiruchirappalli International Airport,IndiGo,6E,A20N,Airbus A320-271N,VT-IZM,Departed 03:49,2026-08-06 06:01:22
SIN,departures,2026-08-05,01:45,02:13,TR842,TGW842,ICN,Seoul Incheon International Airport,Scoot,TR,B788,Boeing 787-8 Dreamliner,9V-OFG,Departed 03:13,2026-08-06 06:01:22
SIN,departures,2026-08-05,02:00,02:18,ZH228,CSZ228,SZX,Shenzhen Bao'an International Airport,Shenzhen Airlines,ZH,A20N,Airbus A320-251N,B-32NA,Departed 03:18,2026-08-06 06:01:22
SIN,departures,2026-08-05,02:00,02:14,TR16,TGW16,PER,Perth Airport,Scoot,TR,B788,Boeing 787-8 Dreamliner,9V-OFI,Departed 03:14,2026-08-06 06:01:22
SIN,departures,2026-08-05,02:10,03:19,MU882,CES882,KHN,Nanchang Changbei International Airport,China Eastern Airlines,MU,A20N,Airbus A320-251N,B-30CY,Departed 04:19,2026-08-06 06:01:22
SIN,departures,2026-08-05,02:15,02:28,QR945,QTR945,DOH,Doha Hamad International Airport,Qatar Airways,QR,A359,Airbus A350-941,A7-ALY,Departed 03:28,2026-08-06 06:01:22
SIN,departures,2026-08-05,02:25,03:52,FM844,CSH844,PVG,Shanghai Pudong International Airport,Shanghai Airlines,FM,B38M,Boeing 737 MAX 8,B-1149,Departed 04:52,2026-08-06 06:01:22
SIN,departures,2026-08-05,02:30,,TK6267,,IST,Istanbul Airport,Turkish Cargo,TK,B77L,Boeing 777-F,TC-LJY,Unknown,2026-08-06 06:01:22
SIN,departures,2026-08-05,02:30,02:41,O3302,CSS302,SZX,Shenzhen Bao'an International Airport,SF Airlines,O3,B752,Boeing 757-28A(PCF),B-223C,Departed 03:41,2026-08-06 06:01:22
SIN,departures,2026-08-05,02:40,,8K801,,BKK,Bangkok Suvarnabhumi Airport,Exploits Valley Air Services,8K,73P,,,Unknown,2026-08-06 06:01:22
SIN,departures,2026-08-05,03:10,03:36,CZ8490,CSN8490,CAN,Guangzhou Baiyun International Airport,China Southern Airlines,CZ,A21N,Airbus A321-253NX,B-32FT,Departed 04:36,2026-08-06 06:01:22
SIN,departures,2026-08-05,03:15,,QR8992,,PEN,Penang International Airport,Qatar Airways,QR,77X,,,Unknown,2026-08-06 06:01:22
SIN,departures,2026-08-05,03:20,,GM19,,HLP,Jakarta Halim Perdanakusuma Airport,Asia Cargo Airlines,GM,73F,,,Unknown,2026-08-06 06:01:22
SIN,departures,2026-08-05,03:30,03:42,3Y931,MYU931,BPN,Balikpapan Sepinggan Airport,My Indo Airlines,3Y,B733,Boeing 737-37K(SF),PK-MYD,Departed 04:42,2026-08-06 06:01:22
SIN,departures,2026-08-05,03:30,03:40,8M238,MMA238,RGN,Yangon International Airport,Myanmar Airways International,8M,A319,Airbus A319-112,XY-ALY,Departed 04:40,2026-08-06 06:01:22
SIN,departures,2026-08-05,03:40,04:14,6E1002,IGO1002,MAA,Chennai International Airport,IndiGo,6E,A21N,Airbus A321-251NX,VT-NOA,Departed 05:14,2026-08-06 06:01:22
SIN,departures,2026-08-05,03:40,04:01,HU448,CHH448,HAK,Haikou Meilan International Airport,Hainan Airlines,HU,B38M,Boeing 737 MAX 8,B-228E,Departed 05:01,2026-08-06 06:01:22
SIN,departures,2026-08-05,04:10,04:31,CZ5086,CSN5086,SZX,Shenzhen Bao'an International Airport,China Southern Airlines,CZ,A20N,Airbus A320-251N,B-32FX,Departed 05:31,2026-08-06 06:01:22
SIN,departures,2026-08-05,04:15,04:41,TR100,TGW100,CAN,Guangzhou Baiyun International Airport,Scoot,TR,B789,Boeing 787-9 Dreamliner,9V-OJA,Departed 05:41,2026-08-06 06:01:22
SIN,departures,2026-08-05,04:35,04:48,CV9022,CLX9022,GYD,Baku Heydar Aliyev International Airport,Cargolux,CV,B748,Boeing 747-8R7F,LX-VCM,Departed 05:48,2026-08-06 06:01:22
SIN,departures,2026-08-05,04:35,05:20,TR750,TGW750,ATQ,Amritsar International Airport,Scoot,TR,B788,Boeing 787-8 Dreamliner,9V-OFL,Departed 06:20,2026-08-06 06:01:22
SIN,departures,2026-08-05,04:40,04:53,6E1248,IGO1248,BLR,Bengaluru Kempegowda International Airport,IndiGo,6E,A20N,Airbus A320-251N,VT-IXA,Departed 05:53,2026-08-06 06:01:22
SIN,departures,2026-08-05,04:40,04:56,BS308,UBG308,DAC,Dhaka Shahjalal International Airport,US-Bangla Airlines,BS,B738,Boeing 737-8AL,S2-AJG,Departed 05:56,2026-08-06 06:01:22
SIN,departures,2026-08-05,04:45,05:05,TR284,TGW284,TJQ,Tanjung Pandan Buluh Tumbang Airport,Scoot,TR,E290,Embraer E190-E2,9V-THH,Departed 06:05,2026-08-06 06:01:22
SIN,departures,2026-08-05,05:00,,8K804,,CGK,Jakarta Soekarno Hatta International Airport,Exploits Valley Air Services,8K,73P,,,Unknown,2026-08-06 06:01:22
SIN,departures,2026-08-05,05:00,05:24,3Y935,MYU935,SRG,Semarang Achmad Yani International Airport,My Indo Airlines,3Y,B734,Boeing 737-4Q8(SF),PK-MYN,Departed 06:24,2026-08-06 06:01:22
SIN,departures,2026-08-05,05:00,,CI5872,,TPE,Taipei Taoyuan International Airport,China Airlines,CI,77X,,,Unknown,2026-08-06 06:01:22
SIN,departures,2026-08-05,05:10,05:19,TR260,TGW260,LOP,Lombok International Airport,Scoot,TR,E290,Embraer E190-E2,9V-THF,Departed 06:19,2026-08-06 06:01:22
SIN,departures,2026-08-05,05:15,05:47,TH383,RMY383,KUL,Kuala Lumpur International Airport,Raya Airways,TH,A321,Airbus A321-231(P2F),9M-BZA,Departed 06:47,2026-08-06 06:01:22
SIN,departures,2026-08-05,05:15,07:56,9C8552,CQH8552,PVG,Shanghai Pudong International Airport,Spring Airlines (100th for Spring Airlines Livery),9C,A20N,Airbus A320-251N,B-30D6,Departed 08:56,2026-08-06 06:01:22
SIN,departures,2026-08-05,05:15,05:34,NH802,AJX802,NRT,Tokyo Narita International Airport,All Nippon Airways (Star Alliance Livery),NH,B789,Boeing 787-9 Dreamliner,JA899A,Departed 06:34,2026-08-06 06:01:22
SIN,departures,2026-08-05,05:20,05:28,SQ950,SIA950,CGK,Jakarta Soekarno Hatta International Airport,Singapore Airlines,SQ,B77W,Boeing 777-312(ER),9V-SWG,Departed 06:28,2026-08-06 06:01:22
SIN,departures,2026-08-05,05:20,05:45,SQ934,SIA934,DPS,Denpasar Ngurah Rai International Airport,Singapore Airlines,SQ,B78X,Boeing 787-10 Dreamliner,9V-SCK,Departed 06:45,2026-08-06 06:01:22
SIN,departures,2026-08-05,05:20,05:40,TR446,TGW446,BKI,Kota Kinabalu International Airport,Scoot,TR,A21N,Airbus A321-271NX,9V-NCB,Departed 06:40,2026-08-06 06:01:22
SIN,departures,2026-08-05,05:20,05:32,MH602,MAS602,KUL,Kuala Lumpur International Airport,Malaysia Airlines,MH,B738,Boeing 737-8H6,9M-MSA,Departed 06:32,2026-08-06 06:01:22
SIN,departures,2026-08-05,05:20,05:29,QF256,QFA256,SYD,Sydney Kingsford Smith Airport,Qantas,QF,B789,Boeing 787-9 Dreamliner,VH-ZNC,Departed 06:29,2026-08-06 06:01:22
SIN,departures,2026-08-05,05:25,06:16,KZ254,NCA254,BKK,Bangkok Suvarnabhumi Airport,Nippon Cargo Airlines,KZ,B748,Boeing 747-8KZF,JA18KZ,Departed 07:16,2026-08-06 06:01:22
SIN,departures,2026-08-05,05:35,05:44,TR480,TGW480,IPH,Ipoh Sultan Azlan Shah Airport,Scoot,TR,A320,Airbus A320-232,9V-TRO,Departed 06:44,2026-08-06 06:01:22
SIN,departures,2026-08-05,05:40,05:55,SQ706,SIA706,BKK,Bangkok Suvarnabhumi Airport,Singapore Airlines,SQ,B78X,Boeing 787-10 Dreamliner,9V-SCZ,Departed 06:55,2026-08-06 06:01:22
SIN,departures,2026-08-05,05:55,06:53,EK9618,UAE9618,SYD,Sydney Kingsford Smith Airport,Emirates SkyCargo,EK,B77L,Boeing 777-F1H,A6-EFN,Departed 07:53,2026-08-06 06:01:22
SIN,departures,2026-08-05,05:55,09:11,BR6061,EVA6061,HAN,Hanoi Noi Bai International Airport,EVA Air Cargo,BR,B77L,Boeing 777-F,B-16788,Departed 10:11,2026-08-06 06:01:22
SIN,departures,2026-08-05,05:55,06:07,TR820,TGW820,KIX,Osaka Kansai International Airport,Scoot,TR,B789,Boeing 787-9 Dreamliner,9V-OJK,Departed 07:07,2026-08-06 06:01:22
SIN,departures,2026-08-05,06:00,06:18,TR640,TGW640,USM,Koh Samui Airport,Scoot,TR,E290,Embraer E190-E2,9V-THA,Departed 07:18,2026-08-06 06:01:22
SIN,departures,2026-08-05,06:00,06:20,TR502,TGW502,SGN,Ho Chi Minh City International Airport,Scoot,TR,A21N,Airbus A321-271NX,9V-NCD,Departed 07:20,2026-08-06 06:01:22
SIN,departures,2026-08-05,06:00,06:10,SQ104,SIA104,KUL,Kuala Lumpur International Airport,Singapore Airlines,SQ,B38M,Boeing 737 MAX 8,9V-MBJ,Departed 07:10,2026-08-06 06:01:22
SIN,departures,2026-08-05,06:00,06:13,TR430,TGW430,PEN,Penang International Airport,Scoot,TR,A320,Airbus A320-232,9V-TRU,Departed 07:13,2026-08-06 06:01:22
SIN,departures,2026-08-05,06:00,06:25,TR174,TGW174,FOC,Fuzhou Changle International Airport,Scoot,TR,A20N,Airbus A320-271N,9V-TNH,Departed 07:25,2026-08-06 06:01:22
SIN,departures,2026-08-05,06:15,06:34,SQ241,SIA241,SYD,Sydney Kingsford Smith Airport,Singapore Airlines,SQ,A359,Airbus A350-941,9V-SHC,Departed 07:34,2026-08-06 06:01:22
SIN,departures,2026-08-05,06:15,06:29,SQ213,SIA213,PER,Perth Airport,Singapore Airlines,SQ,A359,Airbus A350-941,9V-SHF,Departed 07:29,2026-08-06 06:01:22
SIN,departures,2026-08-05,06:20,06:44,SQ265,SIA265,BNE,Brisbane Airport,Singapore Airlines,SQ,A359,Airbus A350-941,9V-SHI,Departed 07:44,2026-08-06 06:01:22
SIN,departures,2026-08-05,06:20,06:32,CX710,CPA710,HKG,Hong Kong International Airport,Cathay Pacific,CX,A333,Airbus A330-343,B-LAK,Departed 07:32,2026-08-06 06:01:22
SIN,departures,2026-08-05,06:25,06:51,SQ874,SIA874,HKG,Hong Kong International Airport,Singapore Airlines,SQ,A359,Airbus A350-941,9V-SHN,Departed 07:51,2026-08-06 06:01:22
SIN,departures,2026-08-05,06:30,06:56,TR280,TGW280,DPS,Denpasar Ngurah Rai International Airport,Scoot,TR,B788,Boeing 787-8 Dreamliner,9V-OFE,Departed 07:56,2026-08-06 06:01:19
SIN,departures,2026-08-05,06:30,06:40,SQ990,SIA990,KNO,Medan Kuala Namu International Airport,Singapore Airlines,SQ,B38M,Boeing 737 MAX 8,9V-MBW,Departed 07:40,2026-08-06 06:01:19
SIN,departures,2026-08-05,06:30,06:54,KE648,KAL648,ICN,Seoul Incheon International Airport,Korean Air,KE,A333,Airbus A330-323,HL8002,Departed 07:54,2026-08-06 06:01:19
SIN,departures,2026-08-05,06:40,06:47,SQ952,SIA952,CGK,Jakarta Soekarno Hatta International Airport,Singapore Airlines,SQ,A359,Airbus A350-941,9V-SJH,Departed 07:47,2026-08-06 06:01:19
SIN,departures,2026-08-05,06:40,06:57,SQ632,SIA632,HND,Tokyo Haneda International Airport,Singapore Airlines,SQ,B77W,Boeing 777-312(ER),9V-SWL,Departed 07:57,2026-08-06 06:01:19
SIN,departures,2026-08-05,06:40,07:00,SQ524,SIA524,MAA,Chennai International Airport,Singapore Airlines,SQ,B38M,Boeing 737 MAX 8,9V-MBS,Departed 08:00,2026-08-06 06:01:19
SIN,departures,2026-08-05,06:40,07:12,SQ154,SIA154,KTI,Phnom Penh Techo International Airport,Singapore Airlines,SQ,B38M,Boeing 737 MAX 8,9V-MBO,Departed 08:12,2026-08-06 06:01:19
SIN,departures,2026-08-05,06:45,07:10,SQ828,SIA828,PVG,Shanghai Pudong International Airport,Singapore Airlines,SQ,B77W,Boeing 777-312(ER),9V-SWQ,Departed 08:10,2026-08-06 06:01:19
SIN,departures,2026-08-05,06:50,07:14,TR274,TGW274,CGK,Jakarta Soekarno Hatta International Airport,Scoot,TR,A320,Airbus A320-232,9V-TRT,Departed 08:14,2026-08-06 06:01:19
SIN,departures,2026-08-05,06:50,07:01,SQ922,SIA922,SUB,Surabaya Juanda International Airport,Singapore Airlines,SQ,A359,Airbus A350-941,9V-SHA,Departed 08:01,2026-08-06 06:01:19
SIN,departures,2026-08-05,06:50,07:06,SQ914,SIA914,MNL,Manila Ninoy Aquino International Airport,Singapore Airlines,SQ,A359,Airbus A350-941,9V-SHO,Departed 08:06,2026-08-06 06:01:19
SIN,departures,2026-08-05,06:50,07:23,SQ868,SIA868,XMN,Xiamen Gaoqi International Airport,Singapore Airlines,SQ,B38M,Boeing 737 MAX 8,9V-MBV,Departed 08:23,2026-08-06 06:01:19
SIN,departures,2026-08-05,06:50,07:04,SQ726,SIA726,HKT,Phuket International Airport,Singapore Airlines,SQ,B38M,Boeing 737 MAX 8,9V-MBE,Departed 08:04,2026-08-06 06:01:19
SIN,departures,2026-08-05,06:50,07:08,SQ207,SIA207,MEL,Melbourne Airport,Singapore Airlines,SQ,A359,Airbus A350-941,9V-SMP,Departed 08:08,2026-08-06 06:01:19
SIN,departures,2026-08-05,06:50,07:05,SQ422,SIA422,BOM,Mumbai Chhatrapati Shivaji International Airport,Singapore Airlines,SQ,B78X,Boeing 787-10 Dreamliner,9V-SCU,Departed 08:05,2026-08-06 06:01:19
SIN,departures,2026-08-05,06:55,07:17,SQ762,SIA762,RGN,Yangon International Airport,Singapore Airlines,SQ,B38M,Boeing 737 MAX 8,9V-MBQ,Departed 08:17,2026-08-06 06:01:19
SIN,departures,2026-08-05,06:55,07:18,AK700,AXM700,KUL,Kuala Lumpur International Airport,AirAsia,AK,A320,Airbus A320-214,9M-RCB,Departed 08:18,2026-08-06 06:01:19
SIN,departures,2026-08-05,07:00,07:43,3Y923,MYU923,CGK,Jakarta Soekarno Hatta International Airport,My Indo Airlines,3Y,B733,Boeing 737-39K(SF),PK-MYC,Departed 08:43,2026-08-06 06:01:19
SIN,departures,2026-08-05,07:00,07:15,TG402,THA402,BKK,Bangkok Suvarnabhumi Airport,Thai Airways,TG,A320,Airbus A320-232,HS-TXA,Departed 08:15,2026-08-06 06:01:19
SIN,departures,2026-08-05,07:00,07:38,SQ850,SIA850,CAN,Guangzhou Baiyun International Airport,Singapore Airlines,SQ,B78X,Boeing 787-10 Dreamliner,9V-SCI,Departed 08:38,2026-08-06 06:01:19
SIN,departures,2026-08-05,07:00,07:28,SQ132,SIA132,PEN,Penang International Airport,Singapore Airlines,SQ,B38M,Boeing 737 MAX 8,9V-MBM,Departed 08:28,2026-08-06 06:01:19
SIN,departures,2026-08-05,07:00,07:37,CZ352,CSN352,CAN,Guangzhou Baiyun International Airport,China Southern Airlines,CZ,A21N,Airbus A321-271N,B-301U,Departed 08:37,2026-08-06 06:01:19
SIN,departures,2026-08-05,07:05,07:31,TR570,TGW570,CEB,Cebu Mactan International Airport,Scoot,TR,A21N,Airbus A321-271NX,9V-NCI,Departed 08:31,2026-08-06 06:01:19
SIN,departures,2026-08-05,07:05,07:29,TR248,TGW248,YIA,Yogyakarta International Airport,Scoot,TR,A21N,Airbus A321-271NX,9V-NCM,Departed 08:29,2026-08-06 06:01:19
SIN,departures,2026-08-05,07:05,07:20,JL712,JAL712,NRT,Tokyo Narita International Airport,Japan Airlines,JL,B763,Boeing 767-346(ER),JA616J,Departed 08:20,2026-08-06 06:01:19
SIN,departures,2026-08-05,07:10,07:40,TR510,TGW510,DAD,Da Nang International Airport,Scoot,TR,A21N,Airbus A321-271NX,9V-NCA,Departed 08:40,2026-08-06 06:01:19
SIN,departures,2026-08-05,07:10,07:25,SQ600,SIA600,ICN,Seoul Incheon International Airport,Singapore Airlines,SQ,B78X,Boeing 787-10 Dreamliner,9V-SCO,Departed 08:25,2026-08-06 06:01:19
SIN,departures,2026-08-05,07:15,07:24,KE381,KAL381,KUL,Kuala Lumpur International Airport,Korean Air Cargo,KE,B744,Boeing 747-4B5F(ER),HL7602,Departed 08:24,2026-08-06 06:01:19
SIN,departures,2026-08-05,07:20,08:04,SQ936,SIA936,DPS,Denpasar Ngurah Rai International Airport,Singapore Airlines,SQ,B78X,Boeing 787-10 Dreamliner,9V-SCB,Departed 09:04,2026-08-06 06:01:19
SIN,departures,2026-08-05,07:20,07:34,SQ876,SIA876,TPE,Taipei Taoyuan International Airport,Singapore Airlines,SQ,B78X,Boeing 787-10 Dreamliner,9V-SCR,Departed 08:34,2026-08-06 06:01:19
SIN,departures,2026-08-05,07:20,07:53,TR672,TGW672,CNX,Chiang Mai International Airport,Scoot,TR,A21N,Airbus A321-271NX,9V-NCK,Departed 08:53,2026-08-06 06:01:19
SIN,departures,2026-08-05,07:20,07:47,TR624,TGW624,BKK,Bangkok Suvarnabhumi Airport,Scoot,TR,B788,Boeing 787-8 Dreamliner,9V-OFD,Departed 08:47,2026-08-06 06:01:19
SIN,departures,2026-08-05,07:20,07:42,TR296,TGW296,SUB,Surabaya Juanda International Airport,Scoot,TR,A20N,Airbus A320-271N,9V-TNM,Departed 08:42,2026-08-06 06:01:19
SIN,departures,2026-08-05,07:25,07:33,SQ164,SIA164,SAI,Siem Reap Angkor International Airport,Singapore Airlines,SQ,B38M,Boeing 737 MAX 8,9V-MBT,Departed 08:33,2026-08-06 06:01:19
SIN,departures,2026-08-05,07:25,07:45,SQ106,SIA106,KUL,Kuala Lumpur International Airport,Singapore Airlines,SQ,A359,Airbus A350-941,9V-SMR,Departed 08:45,2026-08-06 06:01:19
SIN,departures,2026-08-05,07:25,08:18,AI2381,AIC2381,DEL,Delhi Indira Gandhi International Airport,Air India,AI,A21N,Airbus A321-251NX,VT-TVC,Departed 09:18,2026-08-06 06:01:19
SIN,departures,2026-08-05,07:30,08:01,SQ203,SIA203,CNS,Cairns Airport,Singapore Airlines,SQ,A359,Airbus A350-941,9V-SHM,Departed 09:01,2026-08-06 06:01:19
SIN,departures,2026-08-05,07:35,07:50,NZ281,ANZ281,AKL,Auckland Airport,Air New Zealand,NZ,B77W,Boeing 777-319(ER),ZK-OKO,Departed 08:50,2026-08-06 06:01:19
SIN,departures,2026-08-05,07:40,08:10,SQ882,SIA882,HKG,Hong Kong International Airport,Singapore Airlines,SQ,A359,Airbus A350-941,9V-SHK,Departed 09:10,2026-08-06 06:01:19
SIN,departures,2026-08-05,07:40,07:58,TR426,TGW426,PEN,Penang International Airport,Scoot,TR,A21N,Airbus A321-271NX,9V-NCF,Departed 08:58,2026-08-06 06:01:19
SIN,departures,2026-08-05,07:40,07:51,SQ620,SIA620,KIX,Osaka Kansai International Airport,Singapore Airlines,SQ,B78X,Boeing 787-10 Dreamliner,9V-SCM,Departed 08:51,2026-08-06 06:01:19
SIN,departures,2026-08-05,07:40,07:55,SQ508,SIA508,BLR,Bengaluru Kempegowda International Airport,Singapore Airlines,SQ,B38M,Boeing 737 MAX 8,9V-MBP,Departed 08:55,2026-08-06 06:01:19
SIN,departures,2026-08-05,07:45,08:13,UA2,UAL2,SFO,San Francisco International Airport,United Airlines,UA,B789,Boeing 787-9 Dreamliner,N81105,Departed 09:13,2026-08-06 06:01:19
SIN,departures,2026-08-05,07:45,08:28,AI2106,AIC2106,BOM,Mumbai Chhatrapati Shivaji International Airport,Air India,AI,A21N,Airbus A321-251NX,VT-TVB,Departed 09:28,2026-08-06 06:01:19
SIN,departures,2026-08-05,07:50,08:02,SQ910,SIA910,MNL,Manila Ninoy Aquino International Airport,Singapore Airlines,SQ,A359,Airbus A350-941,9V-SHY,Departed 09:02,2026-08-06 06:01:19
SIN,departures,2026-08-05,07:55,08:17,MF886,CXA886,XMN,Xiamen Gaoqi International Airport,Xiamen Air,MF,B738,Boeing 737-86N,B-5383,Departed 09:17,2026-08-06 06:01:19
SIN,departures,2026-08-05,08:00,08:25,SQ308,SIA308,LHR,London Heathrow Airport,Singapore Airlines,SQ,A388,Airbus A380-841,9V-SKN,Departed 09:25,2026-08-06 06:01:19
SIN,departures,2026-08-05,08:00,08:08,SQ192,SIA192,HAN,Hanoi Noi Bai International Airport,Singapore Airlines,SQ,A359,Airbus A350-941,9V-SHH,Departed 09:08,2026-08-06 06:01:19
SIN,departures,2026-08-05,08:00,08:21,CA976,CCA976,PEK,Beijing Capital International Airport,Air China,CA,A333,Airbus A330-343,B-5906,Departed 09:21,2026-08-06 06:01:19
SIN,departures,2026-08-05,08:00,08:15,TR114,TGW114,NNG,Nanning Wuxu International Airport,Scoot,TR,A20N,Airbus A320-271N,9V-TNG,Departed 09:15,2026-08-06 06:01:19
SIN,departures,2026-08-05,08:05,08:23,SQ956,SIA956,CGK,Jakarta Soekarno Hatta International Airport,Singapore Airlines,SQ,A359,Airbus A350-941,9V-SMZ,Departed 09:23,2026-08-06 06:01:19
SIN,departures,2026-08-05,08:05,08:45,SQ32,SIA32,SFO,San Francisco International Airport,Singapore Airlines,SQ,A359,Airbus A350-941,9V-SJF,Departed 09:45,2026-08-06 06:01:19
SIN,departures,2026-08-05,08:10,08:20,SQ108,SIA108,KUL,Kuala Lumpur International Airport,Singapore Airlines,SQ,B38M,Boeing 737 MAX 8,9V-MBH,Departed 09:20,2026-08-06 06:01:19
SIN,departures,2026-08-05,08:10,08:30,AK702,AXM702,KUL,Kuala Lumpur International Airport,AirAsia,AK,A320,Airbus A320-216,9M-AQS,Departed 09:30,2026-08-06 06:01:19
SIN,departures,2026-08-05,08:15,08:54,SQ938,SIA938,DPS,Denpasar Ngurah Rai International Airport,Singapore Airlines,SQ,B78X,Boeing 787-10 Dreamliner,9V-SCT,Departed 09:54,2026-08-06 06:01:19
SIN,departures,2026-08-05,08:15,08:31,SQ172,SIA172,DAD,Da Nang International Airport,Singapore Airlines,SQ,B38M,Boeing 737 MAX 8,9V-MBU,Departed 09:31,2026-08-06 06:01:19
SIN,departures,2026-08-05,08:20,08:33,TR660,TGW660,USM,Koh Samui Airport,Scoot,TR,E290,Embraer E190-E2,9V-THI,Departed 09:33,2026-08-06 06:01:19
SIN,departures,2026-08-05,08:20,08:37,TR216,TGW216,MDC,Manado Sam Ratulangi International Airport,Scoot,TR,A320,Airbus A320-232,9V-TRP,Departed 09:37,2026-08-06 06:01:19
SIN,departures,2026-08-05,08:20,08:38,TR450,TGW450,KUL,Kuala Lumpur International Airport,Scoot,TR,A20N,Airbus A320-271N,9V-TNK,Departed 09:38,2026-08-06 06:01:19
SIN,departures,2026-08-05,08:25,08:43,SQ12,SIA12,NRT,Tokyo Narita International Airport,Singapore Airlines,SQ,B77W,Boeing 777-312(ER),9V-SNC,Departed 09:43,2026-08-06 06:01:19
SIN,departures,2026-08-05,08:25,08:41,TR544,TGW544,HAN,Hanoi Noi Bai International Airport,Scoot,TR,B788,Boeing 787-8 Dreamliner,9V-OFB,Departed 09:41,2026-08-06 06:01:19
SIN,departures,2026-08-05,08:30,08:57,SQ830,SIA830,PVG,Shanghai Pudong International Airport,Singapore Airlines,SQ,A388,Airbus A380-841,9V-SKR,Departed 09:57,2026-08-06 06:01:19
SIN,departures,2026-08-05,08:30,09:00,SQ462,SIA462,CMB,Colombo Bandaranaike International Airport,Singapore Airlines,SQ,B38M,Boeing 737 MAX 8,9V-MBD,Departed 10:00,2026-08-06 06:01:19
SIN,departures,2026-08-05,08:30,08:44,SQ223,SIA223,PER,Perth Airport,Singapore Airlines,SQ,A359,Airbus A350-941,9V-SHG,Departed 09:44,2026-08-06 06:01:19
SIN,departures,2026-08-05,08:35,08:53,SQ211,SIA211,SYD,Sydney Kingsford Smith Airport,Singapore Airlines,SQ,B77W,Boeing 777-312(ER),9V-SWP,Departed 09:53,2026-08-06 06:01:19
SIN,departures,2026-08-05,08:35,08:49,SQ134,SIA134,PEN,Penang International Airport,Singapore Airlines,SQ,B38M,Boeing 737 MAX 8,9V-MBA,Departed 09:49,2026-08-06 06:01:19
SIN,departures,2026-08-05,08:35,08:51,GA843,GIA843,DPS,Denpasar Ngurah Rai International Airport,Garuda Indonesia,GA,B738,Boeing 737-8U3,PK-GFW,Departed 09:51,2026-08-06 06:01:19
SIN,departures,2026-08-05,08:35,08:55,GA825,GIA825,CGK,Jakarta Soekarno Hatta International Airport,Garuda Indonesia,GA,B738,Boeing 737-8U3,PK-GMI,Departed 09:55,2026-08-06 06:01:19
SIN,departures,2026-08-05,08:40,09:23,SQ178,SIA178,SGN,Ho Chi Minh City International Airport,Singapore Airlines,SQ,B78X,Boeing 787-10 Dreamliner,9V-SDA,Departed 10:23,2026-08-06 06:01:19
SIN,departures,2026-08-05,08:45,09:06,SQ728,SIA728,HKT,Phuket International Airport,Singapore Airlines,SQ,B38M,Boeing 737 MAX 8,9V-MBG,Departed 10:06,2026-08-06 06:01:19
SIN,departures,2026-08-05,08:45,09:25,UL307,ALK307,CMB,Colombo Bandaranaike International Airport,SriLankan Airlines,UL,A320,Airbus A320-232,4R-ABT,Departed 10:25,2026-08-06 06:01:19
SIN,departures,2026-08-05,08:45,09:14,TR14,TGW14,SYD,Sydney Kingsford Smith Airport,Scoot,TR,B788,Boeing 787-8 Dreamliner,9V-OFH,Departed 10:14,2026-08-06 06:01:19
SIN,departures,2026-08-05,08:45,09:01,OD811,MXD811,SZB,Kuala Lumpur Subang Airport,Batik Air,ID,B738,Boeing 737-8GP,9M-LNM,Departed 10:01,2026-08-06 06:01:19
SIN,departures,2026-08-05,08:45,09:16,CX658,CPA658,HKG,Hong Kong International Airport,Cathay Pacific,CX,A333,Airbus A330-342,B-LAJ,Departed 10:16,2026-08-06 06:01:19
SIN,departures,2026-08-05,08:50,09:17,SQ892,SIA892,HKG,Hong Kong International Airport,Singapore Airlines,SQ,B77W,Boeing 777-312(ER),9V-SWV,Departed 10:17,2026-08-06 06:01:19
SIN,departures,2026-08-05,08:55,09:08,SQ245,SIA245,BNE,Brisbane Airport,Singapore Airlines,SQ,A359,Airbus A350-941,9V-SHB,Departed 10:08,2026-08-06 06:01:19
SIN,departures,2026-08-05,08:55,09:21,MH604,MAS604,KUL,Kuala Lumpur International Airport,Malaysia Airlines,MH,B38M,Boeing 737 MAX 8,9M-MVE,Departed 10:21,2026-08-06 06:01:19
SIN,departures,2026-08-05,09:00,09:26,TR276,TGW276,CGK,Jakarta Soekarno Hatta International Airport,Scoot,TR,A20N,Airbus A320-271N,9V-TNI,Departed 10:26,2026-08-06 06:01:19
SIN,departures,2026-08-05,09:05,09:34,PR502,PAL502,MNL,Manila Ninoy Aquino International Airport,Philippine Airlines,PR,A321,Airbus A321-231,RP-C9918,Departed 10:34,2026-08-06 06:01:19
SIN,departures,2026-08-05,09:10,09:30,MU546,CES546,PVG,Shanghai Pudong International Airport,China Eastern Airlines,MU,B77W,Boeing 777-39P(ER),B-2023,Departed 10:30,2026-08-06 06:01:19
SIN,departures,2026-08-05,09:10,09:36,QG523,CTV523,CGK,Jakarta Soekarno Hatta International Airport,Citilink,QG,A320,Airbus A320-214,PK-GQQ,Departed 10:36,2026-08-06 06:01:19
SIN,departures,2026-08-05,09:15,09:32,TR288,TGW288,DPS,Denpasar Ngurah Rai International Airport,Scoot,TR,B788,Boeing 787-8 Dreamliner,9V-OFK,Departed 10:32,2026-08-06 06:01:19
SIN,departures,2026-08-05,09:20,09:39,SQ432,SIA432,MLE,Male Velana International Airport,Singapore Airlines,SQ,A359,Airbus A350-941,9V-SJA,Departed 10:39,2026-08-06 06:01:19
SIN,departures,2026-08-05,09:20,09:28,AK704,AXM704,KUL,Kuala Lumpur International Airport,AirAsia,AK,A21N,Airbus A321-251NX,9M-VAC,Departed 10:28,2026-08-06 06:01:19
SIN,departures,2026-08-05,09:20,09:37,TR470,TGW470,KUA,Kuantan Sultan Haji Ahmad Shah Airport,Scoot,TR,E290,Embraer E190-E2,9V-THH,Departed 10:37,2026-08-06 06:01:19
SIN,departures,2026-08-05,09:20,09:41,OD802,MXD802,KUL,Kuala Lumpur International Airport,Batik Air,ID,B38M,Boeing 737 MAX 8,9M-LRF,Departed 10:41,2026-08-06 06:01:19
SIN,departures,2026-08-05,09:25,09:52,TK168,THY168,MEL,Melbourne Airport,Turkish Airlines,TK,A359,Airbus A350-941,TC-LGY,Departed 10:52,2026-08-06 06:01:19
SIN,departures,2026-08-05,09:30,11:24,TR180,TGW180,NKG,Nanjing Lukou International Airport,Scoot,TR,B788,Boeing 787-8 Dreamliner,9V-OFC,Departed 12:24,2026-08-06 06:01:19
SIN,departures,2026-08-05,09:30,09:43,QF78,QFA78,PER,Perth Airport,Qantas,QF,B738,Boeing 737-838,VH-XZF,Departed 10:43,2026-08-06 06:01:19
SIN,departures,2026-08-05,09:35,09:45,EK315,UAE315,DXB,Dubai International Airport,Emirates,EK,B77W,Boeing 777-31H(ER),A6-EGL,Departed 10:45,2026-08-06 06:01:19
SIN,departures,2026-08-05,09:45,10:02,6E1340,IGO1340,BOM,Mumbai Chhatrapati Shivaji International Airport,IndiGo,6E,A21N,Airbus A321-252NX,VT-NCF,Departed 11:02,2026-08-06 06:01:19
SIN,departures,2026-08-05,09:50,10:00,SQ722,SIA722,BKK,Bangkok Suvarnabhumi Airport,Singapore Airlines,SQ,A359,Airbus A350-941,9V-SHL,Departed 11:00,2026-08-06 06:01:19
SIN,departures,2026-08-05,09:50,10:06,AK733,AXM733,LGK,Langkawi International Airport,AirAsia (Sarawak Livery),AK,A320,Airbus A320-216,9M-AJD,Departed 11:06,2026-08-06 06:01:19
SIN,departures,2026-08-05,09:50,10:04,5J818,CEB818,MNL,Manila Ninoy Aquino International Airport,Cebu Pacific,5J,A321,Airbus A321-211,RP-C4116,Departed 11:04,2026-08-06 06:01:19
SIN,departures,2026-08-05,09:55,10:22,8B552,TNU552,DPS,Denpasar Ngurah Rai International Airport,TransNusa,8B,A320,Airbus A320-214,PK-TLA,Departed 11:22,2026-08-06 06:01:19
SIN,departures,2026-08-05,10:00,10:09,SQ900,SIA900,CEB,Cebu Mactan International Airport,Singapore Airlines,SQ,B38M,Boeing 737 MAX 8,9V-MBN,Departed 11:09,2026-08-06 06:01:19
SIN,departures,2026-08-05,10:05,10:20,TR38,TGW38,MEL,Melbourne Airport,Scoot,TR,B789,Boeing 787-9 Dreamliner,9V-OJI,Departed 11:20,2026-08-06 06:01:19
SIN,departures,2026-08-05,10:05,10:29,NH842,ANA842,HND,Tokyo Haneda International Airport,All Nippon Airways,NH,B789,Boeing 787-9 Dreamliner,JA886A,Departed 11:29,2026-08-06 06:01:19
SIN,departures,2026-08-05,10:05,10:18,MH614,MAS614,KUL,Kuala Lumpur International Airport,Malaysia Airlines,MH,B38M,Boeing 737 MAX 8,9M-MVC,Departed 11:18,2026-08-06 06:01:19
SIN,departures,2026-08-05,10:10,10:36,6E1026,IGO1026,MAA,Chennai International Airport,IndiGo,6E,A21N,Airbus A321-252NX,VT-NCD,Departed 11:36,2026-08-06 06:01:15
SIN,departures,2026-08-05,10:10,10:24,SQ217,SIA217,MEL,Melbourne Airport,Singapore Airlines,SQ,A359,Airbus A350-941,9V-SHQ,Departed 11:24,2026-08-06 06:01:15
SIN,departures,2026-08-05,10:10,10:16,IP989,PAS989,CGK,Jakarta Soekarno Hatta International Airport,Pelita Air,IP,A320,Airbus A320-214,PK-PWE,Departed 11:16,2026-08-06 06:01:15
SIN,departures,2026-08-05,10:10,10:38,TK209,THY209,IST,Istanbul Airport,Turkish Airlines,TK,A359,Airbus A350-941,TC-LHL,Departed 11:38,2026-08-06 06:01:19
SIN,departures,2026-08-05,10:15,11:02,VJ970,VJC970,DAD,Da Nang International Airport,VietJet Air,VJ,A321,Airbus A321-211,VN-A629,Departed 12:02,2026-08-06 06:01:15
SIN,departures,2026-08-05,10:20,10:43,TR656,TGW656,HKT,Phuket International Airport,Scoot,TR,A20N,Airbus A320-271N,9V-TNJ,Departed 11:43,2026-08-06 06:01:15
SIN,departures,2026-08-05,10:20,11:36,SQ7988,SIA7988,HKG,Hong Kong International Airport,Singapore Airlines Cargo,SQ,B744,Boeing 747-412F(SCD),9V-SFI,Departed 12:36,2026-08-06 06:01:15
SIN,departures,2026-08-05,10:25,10:34,AK1720,AXM1720,PEN,Penang International Airport,AirAsia,AK,A320,Airbus A320-216,9M-AGC,Departed 11:34,2026-08-06 06:01:15
SIN,departures,2026-08-05,10:30,10:40,ID7154,BTK7154,CGK,Jakarta Soekarno Hatta International Airport,Batik Air,ID,A320,Airbus A320-214,PK-BKP,Departed 11:40,2026-08-06 06:01:15
SIN,departures,2026-08-05,10:40,11:14,IX689,AXB689,TRZ,Tiruchirappalli International Airport,Air India Express (Kathakali-Bharatanatyam Livery),IX,B738,Boeing 737-86N,VT-GHE,Departed 12:14,2026-08-06 06:01:15
SIN,departures,2026-08-05,10:45,10:52,8B152,TNU152,CGK,Jakarta Soekarno Hatta International Airport,TransNusa,8B,A321,Airbus A321-211,PK-TLG,Departed 11:52,2026-08-06 06:01:15
SIN,departures,2026-08-05,10:45,11:38,SQ878,SIA878,TPE,Taipei Taoyuan International Airport,Singapore Airlines,SQ,B78X,Boeing 787-10 Dreamliner,9V-SCF,Departed 12:38,2026-08-06 06:01:15
SIN,departures,2026-08-05,10:45,10:53,AK1776,AXM1776,KCH,Kuching International Airport,AirAsia (❤️ Singapore Livery),AK,A320,Airbus A320-216,9M-AHZ,Departed 11:53,2026-08-06 06:01:15
SIN,departures,2026-08-05,10:55,11:06,TR646,TGW646,HDY,Hat Yai International Airport,Scoot,TR,E290,Embraer E190-E2,9V-THC,Departed 12:06,2026-08-06 06:01:15
SIN,departures,2026-08-05,10:55,11:04,TR340,TGW340,PNK,Pontianak Supadio Airport,Scoot,TR,E290,Embraer E190-E2,9V-THG,Departed 12:04,2026-08-06 06:01:15
SIN,departures,2026-08-05,10:55,11:15,SQ912,SIA912,MNL,Manila Ninoy Aquino International Airport,Singapore Airlines,SQ,B38M,Boeing 737 MAX 8,9V-MBC,Departed 12:15,2026-08-06 06:01:15
SIN,departures,2026-08-05,11:00,11:17,TR8,TGW8,PER,Perth Airport,Scoot,TR,B789,Boeing 787-9 Dreamliner,9V-OJE,Departed 12:17,2026-08-06 06:01:15
SIN,departures,2026-08-05,11:05,11:21,TR474,TGW474,SZB,Kuala Lumpur Subang Airport,Scoot,TR,A20N,Airbus A320-271N,9V-TNF,Departed 12:21,2026-08-06 06:01:15
SIN,departures,2026-08-05,11:05,11:19,HU748,CHH748,HAK,Haikou Meilan International Airport,Hainan Airlines,HU,B738,Boeing 737-86N,B-7639,Departed 12:19,2026-08-06 06:01:15
SIN,departures,2026-08-05,11:10,11:22,SQ196,SIA196,HAN,Hanoi Noi Bai International Airport,Singapore Airlines,SQ,B38M,Boeing 737 MAX 8,9V-MBK,Departed 12:22,2026-08-06 06:01:15
SIN,departures,2026-08-05,11:10,11:28,SQ24,SIA24,JFK,New York John F. Kennedy International Airport,Singapore Airlines,SQ,A359,Airbus A350-941,9V-SGF,Departed 12:28,2026-08-06 06:01:15
SIN,departures,2026-08-05,11:10,11:07,AK706,AXM706,KUL,Kuala Lumpur International Airport,"AirAsia (3, 2,1, Take Off Livery)",AK,A21N,Airbus A321-251NX,9M-VAA,Departed 12:07,2026-08-06 06:01:15
SIN,departures,2026-08-05,11:10,11:32,SL101,TLM101,DMK,Bangkok Don Mueang International Airport,Thai Lion Air,SL,B739,Boeing 737-9GP(ER),HS-LVR,Departed 12:32,2026-08-06 06:01:15
SIN,departures,2026-08-05,11:10,11:26,BI422,RBA422,BWN,Brunei International Airport,Royal Brunei Airlines,BI,A20N,Airbus A320-251N,V8-RBC,Departed 12:26,2026-08-06 06:01:15
SIN,departures,2026-08-05,11:15,11:12,MH628,MAS628,KUL,Kuala Lumpur International Airport,Malaysia Airlines (Malaysia Negaraku Livery),MH,B738,Boeing 737-8H6,9M-MXV,Departed 12:12,2026-08-06 06:01:15
SIN,departures,2026-08-05,11:25,11:34,TG404,THA404,BKK,Bangkok Suvarnabhumi Airport,Thai Airways,TG,A359,Airbus A350-941,HS-THK,Departed 12:34,2026-08-06 06:01:15
SIN,departures,2026-08-05,11:25,11:42,SQ842,SIA842,TFU,Chengdu Tianfu International Airport,Singapore Airlines,SQ,B78X,Boeing 787-10 Dreamliner,9V-SCV,Departed 12:42,2026-08-06 06:01:15
SIN,departures,2026-08-05,11:25,12:00,SQ156,SIA156,KTI,Phnom Penh Techo International Airport,Singapore Airlines,SQ,B38M,Boeing 737 MAX 8,9V-MBI,Departed 13:00,2026-08-06 06:01:15
SIN,departures,2026-08-05,11:25,11:45,SQ114,SIA114,KUL,Kuala Lumpur International Airport,Singapore Airlines,SQ,B38M,Boeing 737 MAX 8,9V-MBJ,Departed 12:45,2026-08-06 06:01:15
SIN,departures,2026-08-05,11:25,13:26,TR872,TGW872,TPE,Taipei Taoyuan International Airport,Scoot,TR,B789,Boeing 787-9 Dreamliner,9V-OJD,Departed 14:26,2026-08-06 06:01:15
SIN,departures,2026-08-05,11:25,11:46,GA829,GIA829,CGK,Jakarta Soekarno Hatta International Airport,Garuda Indonesia,GA,B738,Boeing 737-81M,PK-GUC,Departed 12:46,2026-08-06 06:01:15
SIN,departures,2026-08-05,11:30,12:25,SQ7862,SIA7862,HKG,Hong Kong International Airport,Singapore Airlines Cargo,SQ,B744,Boeing 747-412F(SCD),9V-SFN,Departed 13:25,2026-08-06 06:01:15
SIN,departures,2026-08-05,11:30,13:35,OD804,MXD804,KUL,Kuala Lumpur International Airport,Batik Air,ID,B738,Boeing 737-8U3,9M-LDH,Departed 14:35,2026-08-06 06:01:15
SIN,departures,2026-08-05,11:35,11:47,SQ958,SIA958,CGK,Jakarta Soekarno Hatta International Airport,Singapore Airlines,SQ,A359,Airbus A350-941,9V-SME,Departed 12:47,2026-08-06 06:01:15
SIN,departures,2026-08-05,11:35,11:49,SQ832,SIA832,PVG,Shanghai Pudong International Airport,Singapore Airlines,SQ,B78X,Boeing 787-10 Dreamliner,9V-SCQ,Departed 12:49,2026-08-06 06:01:15
SIN,departures,2026-08-05,11:35,11:56,SQ326,SIA326,FRA,Frankfurt Airport,Singapore Airlines,SQ,A388,Airbus A380-841,9V-SKQ,Departed 12:56,2026-08-06 06:01:15
SIN,departures,2026-08-05,11:35,12:07,SQ318,SIA318,LHR,London Heathrow Airport,Singapore Airlines,SQ,B77W,Boeing 777-312(ER),9V-SWK,Departed 13:07,2026-08-06 06:01:15
SIN,departures,2026-08-05,11:35,11:51,TR484,TGW484,IPH,Ipoh Sultan Azlan Shah Airport,Scoot,TR,A320,Airbus A320-232,9V-TRO,Departed 12:51,2026-08-06 06:01:15
SIN,departures,2026-08-05,11:35,12:31,TR308,TGW308,CGK,Jakarta Soekarno Hatta International Airport,Scoot,TR,A320,Airbus A320-232,9V-TRU,Departed 13:31,2026-08-06 06:01:15
SIN,departures,2026-08-05,11:40,12:01,SQ148,SIA148,BWN,Brunei International Airport,Singapore Airlines,SQ,B38M,Boeing 737 MAX 8,9V-MBW,Departed 13:01,2026-08-06 06:01:15
SIN,departures,2026-08-05,11:40,12:12,MU5082,CES5082,KMG,Kunming Changshui International Airport,China Eastern Airlines,MU,B38M,Boeing 737 MAX 8,B-1383,Departed 13:12,2026-08-06 06:01:15
SIN,departures,2026-08-05,11:45,12:11,SQ710,SIA710,BKK,Bangkok Suvarnabhumi Airport,Singapore Airlines,SQ,B78X,Boeing 787-10 Dreamliner,9V-SDC,Departed 13:11,2026-08-06 06:01:15
SIN,departures,2026-08-05,11:45,12:03,ID7158,BTK7158,CGK,Jakarta Soekarno Hatta International Airport,Batik Air,ID,A320,Airbus A320-214,PK-LUY,Departed 13:03,2026-08-06 06:01:15
SIN,departures,2026-08-05,11:45,11:58,CX652,CPA652,HKG,Hong Kong International Airport,Cathay Pacific,CX,A359,Airbus A350-941,B-LRV,Departed 12:58,2026-08-06 06:01:15
SIN,departures,2026-08-05,11:50,12:05,TR638,TGW638,BKK,Bangkok Suvarnabhumi Airport,Scoot,TR,A21N,Airbus A321-271NX,9V-NCN,Departed 13:05,2026-08-06 06:01:15
SIN,departures,2026-08-05,12:00,12:14,SQ136,SIA136,PEN,Penang International Airport,Singapore Airlines,SQ,B38M,Boeing 737 MAX 8,9V-MBR,Departed 13:14,2026-08-06 06:01:15
SIN,departures,2026-08-05,12:05,12:15,VJ984,VJC984,PQC,Phu Quoc International Airport,VietJet Air,VJ,A321,Airbus A321-211,VN-A683,Departed 13:15,2026-08-06 06:01:15
SIN,departures,2026-08-05,12:05,12:24,SQ894,SIA894,HKG,Hong Kong International Airport,Singapore Airlines,SQ,A359,Airbus A350-941,9V-SMV,Departed 13:24,2026-08-06 06:01:15
SIN,departures,2026-08-05,12:05,12:32,VN660,HVN660,HAN,Hanoi Noi Bai International Airport,Vietnam Airlines,VN,A321,Airbus A321-231,VN-A612,Departed 13:32,2026-08-06 06:01:15
SIN,departures,2026-08-05,12:10,12:17,VN650,HVN650,SGN,Ho Chi Minh City International Airport,Vietnam Airlines,VN,A321,Airbus A321-231,VN-A399,Departed 13:17,2026-08-06 06:01:15
SIN,departures,2026-08-05,12:10,12:27,BR226,EVA226,TPE,Taipei Taoyuan International Airport,EVA Air,BR,B77W,Boeing 777-36N(ER),B-16720,Departed 13:27,2026-08-06 06:01:15
SIN,departures,2026-08-05,12:15,12:29,SQ732,SIA732,HKT,Phuket International Airport,Singapore Airlines,SQ,B38M,Boeing 737 MAX 8,9V-MBM,Departed 13:29,2026-08-06 06:01:15
SIN,departures,2026-08-05,12:25,12:42,TR552,TGW552,SGN,Ho Chi Minh City International Airport,Scoot,TR,A21N,Airbus A321-271NX,9V-NCJ,Departed 13:42,2026-08-06 06:01:15
SIN,departures,2026-08-05,12:25,13:38,CZ8118,CSN8118,SZX,Shenzhen Bao'an International Airport,China Southern Airlines,CZ,A21N,Airbus A321-253NX,B-32GP,Departed 14:38,2026-08-06 06:01:15
SIN,departures,2026-08-05,12:25,12:46,CX758,CPA758,HKG,Hong Kong International Airport,Cathay Pacific,CX,A359,Airbus A350-941,B-LRS,Departed 13:46,2026-08-06 06:01:15
SIN,departures,2026-08-05,12:30,12:21,RH372,HKC372,HKG,Hong Kong International Airport,Hong Kong Air Cargo,RH,A332,Airbus A330-243F,B-LNW,Departed 13:21,2026-08-06 06:01:15
SIN,departures,2026-08-05,12:30,12:44,SQ916,SIA916,MNL,Manila Ninoy Aquino International Airport,Singapore Airlines,SQ,A359,Airbus A350-941,9V-SHR,Departed 13:44,2026-08-06 06:01:15
SIN,departures,2026-08-05,12:30,12:40,SQ184,SIA184,SGN,Ho Chi Minh City International Airport,Singapore Airlines,SQ,A359,Airbus A350-941,9V-SMR,Departed 13:40,2026-08-06 06:01:15
SIN,departures,2026-08-05,12:30,13:56,ZH240,CSZ240,SZX,Shenzhen Bao'an International Airport,Shenzhen Airlines,ZH,B38M,Boeing 737 MAX 8,B-20EU,Departed 14:56,2026-08-06 06:01:15
SIN,departures,2026-08-05,12:35,12:57,AK710,AXM710,KUL,Kuala Lumpur International Airport,AirAsia,AK,A320,Airbus A320-214,9M-DAE,Departed 13:57,2026-08-06 06:01:15
SIN,departures,2026-08-05,12:35,12:50,SQ338,SIA338,CDG,Paris Charles de Gaulle Airport,Singapore Airlines,SQ,A359,Airbus A350-941,9V-SJH,Departed 13:50,2026-08-06 06:01:15
SIN,departures,2026-08-05,12:40,12:55,TR476,TGW476,LGK,Langkawi International Airport,Scoot,TR,A20N,Airbus A320-271N,9V-TNL,Departed 13:55,2026-08-06 06:01:15
SIN,departures,2026-08-05,12:40,14:29,MH606,MAS606,KUL,Kuala Lumpur International Airport,Malaysia Airlines,MH,B38M,Boeing 737 MAX 8,9M-MVB,Departed 15:29,2026-08-06 06:01:15
SIN,departures,2026-08-05,12:45,14:12,CZ354,CSN354,CAN,Guangzhou Baiyun International Airport,China Southern Airlines,CZ,A359,Airbus A350-941,B-30CE,Departed 15:12,2026-08-06 06:01:15
SIN,departures,2026-08-05,12:50,12:48,AK1722,AXM1722,PEN,Penang International Airport,AirAsia,AK,A320,Airbus A320-216,9M-AJN,Departed 13:48,2026-08-06 06:01:15
SIN,departures,2026-08-05,12:50,13:10,TR904,TGW904,MFM,Macau International Airport,Scoot,TR,A320,Airbus A320-232,9V-TRT,Departed 14:10,2026-08-06 06:01:15
SIN,departures,2026-08-05,12:50,12:54,SQ166,SIA166,SAI,Siem Reap Angkor International Airport,Singapore Airlines,SQ,B38M,Boeing 737 MAX 8,9V-MBH,Departed 13:54,2026-08-06 06:01:15
SIN,departures,2026-08-05,12:50,13:04,8M232,MMA232,RGN,Yangon International Airport,Myanmar Airways International,8M,A319,Airbus A319-112,XY-ALN,Departed 14:04,2026-08-06 06:01:15
SIN,departures,2026-08-05,12:55,13:06,SQ634,SIA634,HND,Tokyo Haneda International Airport,Singapore Airlines,SQ,B78X,Boeing 787-10 Dreamliner,9V-SCD,Departed 14:06,2026-08-06 06:01:15
SIN,departures,2026-08-05,12:55,13:21,CI754,CAL754,TPE,Taipei Taoyuan International Airport,China Airlines,CI,A359,Airbus A350-941,B-18908,Departed 14:21,2026-08-06 06:01:15
SIN,departures,2026-08-05,13:00,13:20,TR242,TGW242,DPS,Denpasar Ngurah Rai International Airport,Scoot,TR,A21N,Airbus A321-271NX,9V-NCB,Departed 14:20,2026-08-06 06:01:15
SIN,departures,2026-08-05,13:00,13:14,SQ174,SIA174,DAD,Da Nang International Airport,Singapore Airlines,SQ,B38M,Boeing 737 MAX 8,9V-MBE,Departed 14:14,2026-08-06 06:01:15
SIN,departures,2026-08-05,13:00,13:08,MU2070,CES2070,XIY,Xi'an Xianyang International Airport,China Eastern Airlines,MU,A20N,Airbus A320-251N,B-30CX,Departed 14:08,2026-08-06 06:01:15
SIN,departures,2026-08-05,13:00,13:29,MF8740,CXA8740,CSX,Changsha Huanghua International Airport,Xiamen Air,MF,B738,Boeing 737-85C,B-5653,Departed 14:29,2026-08-06 06:01:15
SIN,departures,2026-08-05,13:00,13:25,JX772,SJX772,TPE,Taipei Taoyuan International Airport,STARLUX,JX,A359,Airbus A350-941,B-58506,Departed 14:25,2026-08-06 06:01:15
SIN,departures,2026-08-05,13:00,13:03,ID7146,BTK7146,KNO,Medan Kuala Namu International Airport,Batik Air,ID,A320,Airbus A320-232,PK-BLB,Departed 14:03,2026-08-06 06:01:15
SIN,departures,2026-08-05,13:10,13:31,AK712,AXM712,KUL,Kuala Lumpur International Airport,AirAsia (Save Our Malayan Tiger Livery),AK,A320,Airbus A320-216,9M-AQZ,Departed 14:31,2026-08-06 06:01:15
SIN,departures,2026-08-05,13:15,13:18,8B554,TNU554,DPS,Denpasar Ngurah Rai International Airport,TransNusa,8B,A320,Airbus A320-214,PK-TLN,Departed 14:18,2026-08-06 06:01:15
SIN,departures,2026-08-05,13:15,13:45,SQ482,SIA482,JNB,Johannesburg OR Tambo International Airport,Singapore Airlines,SQ,A359,Airbus A350-941,9V-SMT,Departed 14:45,2026-08-06 06:01:15
SIN,departures,2026-08-05,13:20,16:26,5Y8975,GTI8975,TPE,Taipei Taoyuan International Airport,Atlas Air,5Y,B748,Boeing 747-87UF,N859GT,Departed 17:26,2026-08-06 06:01:15
SIN,departures,2026-08-05,13:20,13:32,9G720,SPQ720,PQC,Phu Quoc International Airport,Sun PhuQuoc Airways,9G,A21N,Airbus A321-251NX,VN-A285,Departed 14:32,2026-08-06 06:01:15
SIN,departures,2026-08-05,13:20,13:40,SQ926,SIA926,SUB,Surabaya Juanda International Airport,Singapore Airlines,SQ,B38M,Boeing 737 MAX 8,9V-MBO,Departed 14:40,2026-08-06 06:01:15
SIN,departures,2026-08-05,13:30,13:53,SQ116,SIA116,KUL,Kuala Lumpur International Airport,Singapore Airlines,SQ,B38M,Boeing 737 MAX 8,9V-MBA,Departed 14:53,2026-08-06 06:01:15
SIN,departures,2026-08-05,13:30,13:44,PR508,PAL508,MNL,Manila Ninoy Aquino International Airport,Philippine Airlines,PR,A321,Airbus A321-231,RP-C9929,Departed 14:44,2026-08-06 06:01:15
SIN,departures,2026-08-05,13:30,18:30,CX2074,CPA2074,HKG,Hong Kong International Airport,Cathay Cargo,CX,B748,Boeing 747-867F,B-LJF,Departed 19:30,2026-08-06 06:01:15
SIN,departures,2026-08-05,13:40,13:48,FD356,AIQ356,DMK,Bangkok Don Mueang International Airport,AirAsia,AK,A21N,Airbus A321-251NX,HS-EAD,Departed 14:48,2026-08-06 06:01:15
SIN,departures,2026-08-05,13:40,13:55,TR590,TGW590,MNL,Manila Ninoy Aquino International Airport,Scoot,TR,A21N,Airbus A321-271NX,9V-NCC,Departed 14:55,2026-08-06 06:01:15
SIN,departures,2026-08-05,13:45,14:38,TR662,TGW662,CNX,Chiang Mai International Airport,Scoot,TR,A320,Airbus A320-232,9V-TRV,Departed 15:38,2026-08-06 06:01:15
SIN,departures,2026-08-05,13:45,,ID7156,,CGK,Jakarta Soekarno Hatta International Airport,Batik Air,ID,738,,,Canceled,2026-08-06 06:01:15
SIN,departures,2026-08-05,13:50,14:15,TR244,TGW244,KNO,Medan Kuala Namu International Airport,Scoot,TR,A20N,Airbus A320-271N,9V-TNK,Departed 15:15,2026-08-06 06:01:15
SIN,departures,2026-08-05,13:50,14:04,MF8704,CXA8704,HGH,Hangzhou Xiaoshan International Airport,Xiamen Air,MF,B738,Boeing 737-85C,B-5708,Departed 15:04,2026-08-06 06:01:15
SIN,departures,2026-08-05,13:55,14:09,TR424,TGW424,PEN,Penang International Airport,Scoot,TR,A21N,Airbus A321-271NX,9V-NCL,Departed 15:09,2026-08-06 06:01:15
SIN,departures,2026-08-05,13:55,14:17,VJ916,VJC916,HAN,Hanoi Noi Bai International Airport,VietJet Air,VJ,A21N,Airbus A321-271NX,VN-A200,Departed 15:17,2026-08-06 06:01:15
SIN,departures,2026-08-05,13:55,14:23,TR636,TGW636,BKK,Bangkok Suvarnabhumi Airport,Scoot,TR,A21N,Airbus A321-271NX,9V-NCF,Departed 15:23,2026-08-06 06:01:15
SIN,departures,2026-08-05,13:55,14:05,SQ606,SIA606,ICN,Seoul Incheon International Airport,Singapore Airlines,SQ,A359,Airbus A350-941,9V-SHD,Departed 15:05,2026-08-06 06:01:15
SIN,departures,2026-08-05,14:00,14:11,SQ194,SIA194,HAN,Hanoi Noi Bai International Airport,Singapore Airlines,SQ,B38M,Boeing 737 MAX 8,9V-MBT,Departed 15:11,2026-08-06 06:01:15
SIN,departures,2026-08-05,14:00,14:27,CA490,CCA490,CKG,Chongqing Jiangbei International Airport,Air China,CA,B38M,Boeing 737 MAX 8,B-1221,Departed 15:27,2026-08-06 06:01:15
SIN,departures,2026-08-05,14:05,14:34,MF866,CXA866,FOC,Fuzhou Changle International Airport,Xiamen Air,MF,B38M,Boeing 737 MAX 8,B-227C,Departed 15:34,2026-08-06 06:01:15
SIN,departures,2026-08-05,14:10,14:40,SQ960,SIA960,CGK,Jakarta Soekarno Hatta International Airport,Singapore Airlines,SQ,A359,Airbus A350-941,9V-SHV,Departed 15:40,2026-08-06 06:01:15
SIN,departures,2026-08-05,14:10,15:20,MU2578,CES2578,WUH,Wuhan Tianhe International Airport,China Eastern Airlines,MU,B738,Boeing 737-89P,B-1422,Departed 16:20,2026-08-06 06:01:15
SIN,departures,2026-08-05,14:15,14:25,MF852,CXA852,XMN,Xiamen Gaoqi International Airport,Xiamen Air,MF,B38M,Boeing 737 MAX 8,B-226E,Departed 15:25,2026-08-06 06:01:15
SIN,departures,2026-08-05,14:20,14:46,BR216,EVA216,TPE,Taipei Taoyuan International Airport,EVA Air,BR,B77W,Boeing 777-35E(ER),B-16708,Departed 15:46,2026-08-06 06:01:12
SIN,departures,2026-08-05,14:25,14:33,VJ882,VJC882,SGN,Ho Chi Minh City International Airport,VietJet Air,VJ,A321,Airbus A321-231,VN-A643,Departed 15:33,2026-08-06 06:01:12
SIN,departures,2026-08-05,14:25,14:50,TR486,TGW486,IPH,Ipoh Sultan Azlan Shah Airport,Scoot,TR,A20N,Airbus A320-271N,9V-TNE,Departed 15:50,2026-08-06 06:01:12
SIN,departures,2026-08-05,14:25,14:31,BS310,UBG310,DAC,Dhaka Shahjalal International Airport,US-Bangla Airlines,BS,B738,Boeing 737-8GJ,S2-AJE,Departed 15:31,2026-08-06 06:01:12
SIN,departures,2026-08-05,14:25,14:45,UB2,UBA2,RGN,Yangon International Airport,Myanmar National Airlines,UB,B738,Boeing 737-86N,XY-ALB,Departed 15:45,2026-08-06 06:01:12
SIN,departures,2026-08-05,14:25,14:43,TR428,TGW428,PEN,Penang International Airport,Scoot,TR,A21N,Airbus A321-271NX,9V-NCM,Departed 15:43,2026-08-06 06:01:12
SIN,departures,2026-08-05,14:28,14:28,MH606,,KUL,Kuala Lumpur International Airport,Malaysia Airlines,MH,B38M,Boeing 737 MAX 8,9M-MVB,Estimated dep 15:28*,2026-08-06 06:01:12
SIN,departures,2026-08-05,14:30,14:56,8B154,TNU154,CGK,Jakarta Soekarno Hatta International Airport,TransNusa,8B,A320,Airbus A320-214,PK-TLD,Departed 15:56,2026-08-06 06:01:12
SIN,departures,2026-08-05,14:30,14:53,TR258,TGW258,LOP,Lombok International Airport,Scoot,TR,E290,Embraer E190-E2,9V-THF,Departed 15:53,2026-08-06 06:01:12
SIN,departures,2026-08-05,14:35,14:49,MH624,MAS624,KUL,Kuala Lumpur International Airport,Malaysia Airlines,MH,B738,Boeing 737-8H6,9M-MXG,Departed 15:49,2026-08-06 06:01:12
SIN,departures,2026-08-05,14:40,15:07,EK348,UAE348,KTI,Phnom Penh Techo International Airport,Emirates,EK,B77W,Boeing 777-31H(ER),A6-ECX,Departed 16:07,2026-08-06 06:01:12
SIN,departures,2026-08-05,14:45,15:10,SQ712,SIA712,BKK,Bangkok Suvarnabhumi Airport,Singapore Airlines,SQ,B78X,Boeing 787-10 Dreamliner,9V-SCK,Departed 16:10,2026-08-06 06:01:12
SIN,departures,2026-08-05,14:45,15:44,MU898,CES898,HGH,Hangzhou Xiaoshan International Airport,China Eastern Airlines,MU,A20N,Airbus A320-251N,B-30D2,Departed 16:44,2026-08-06 06:01:12
SIN,departures,2026-08-05,14:45,15:05,GA833,GIA833,CGK,Jakarta Soekarno Hatta International Airport,Garuda Indonesia,GA,B738,Boeing 737-8U3,PK-GMI,Departed 16:05,2026-08-06 06:01:12
SIN,departures,2026-08-05,14:50,14:58,BG585,BBC585,DAC,Dhaka Shahjalal International Airport,Biman Bangladesh Airlines,BG,B738,Boeing 737-8E9,S2-AHV,Departed 15:58,2026-08-06 06:01:12
SIN,departures,2026-08-05,14:55,15:02,SQ138,SIA138,PEN,Penang International Airport,Singapore Airlines,SQ,B38M,Boeing 737 MAX 8,9V-MBB,Departed 16:02,2026-08-06 06:01:12
SIN,departures,2026-08-05,14:55,15:13,TG414,THA414,BKK,Bangkok Suvarnabhumi Airport,Thai Airways (Star Alliance Livery),TG,A359,Airbus A350-941,HS-THQ,Departed 16:13,2026-08-06 06:01:12
SIN,departures,2026-08-05,15:00,15:32,CA404,CCA404,TFU,Chengdu Tianfu International Airport,Air China,CA,A21N,Airbus A321-252NX,B-32NC,Departed 16:32,2026-08-06 06:01:12
SIN,departures,2026-08-05,15:00,15:58,TR516,TGW516,SGN,Ho Chi Minh City International Airport,Scoot,TR,A21N,Airbus A321-271NX,9V-NCA,Departed 16:58,2026-08-06 06:01:12
SIN,departures,2026-08-05,15:00,15:15,TR472,TGW472,KUL,Kuala Lumpur International Airport,Scoot,TR,A20N,Airbus A320-271N,9V-TNI,Departed 16:15,2026-08-06 06:01:12
SIN,departures,2026-08-05,15:00,15:22,TR282,TGW282,DPS,Denpasar Ngurah Rai International Airport,Scoot,TR,B788,Boeing 787-8 Dreamliner,9V-OFE,Departed 16:22,2026-08-06 06:01:12
SIN,departures,2026-08-05,15:05,15:11,CX734,CPA734,HKG,Hong Kong International Airport,Cathay Pacific,CX,A359,Airbus A350-941,B-LRD,Departed 16:11,2026-08-06 06:01:12
SIN,departures,2026-08-05,15:10,15:46,9C8598,CQH8598,PVG,Shanghai Pudong International Airport,Spring Airlines,9C,A20N,Airbus A320-251N,B-30A3,Departed 16:46,2026-08-06 06:01:12
SIN,departures,2026-08-05,15:10,15:34,SQ944,SIA944,DPS,Denpasar Ngurah Rai International Airport,Singapore Airlines,SQ,B78X,Boeing 787-10 Dreamliner,9V-SCB,Departed 16:34,2026-08-06 06:01:12
SIN,departures,2026-08-05,15:10,15:45,HO1602,DKH1602,PVG,Shanghai Pudong International Airport,Juneyao Air (Colorful Petals Livery),HO,A21N,Airbus A321-271NX,B-30EQ,Departed 16:45,2026-08-06 06:01:12
SIN,departures,2026-08-05,15:10,15:29,AK714,AXM714,KUL,Kuala Lumpur International Airport,AirAsia,AK,A320,Airbus A320-216,9M-RAO,Departed 16:29,2026-08-06 06:01:12
SIN,departures,2026-08-05,15:15,15:30,SQ962,SIA962,CGK,Jakarta Soekarno Hatta International Airport,Singapore Airlines,SQ,A359,Airbus A350-941,9V-SMZ,Departed 16:30,2026-08-06 06:01:12
SIN,departures,2026-08-05,15:15,15:27,SQ736,SIA736,HKT,Phuket International Airport,Singapore Airlines,SQ,B38M,Boeing 737 MAX 8,9V-MBG,Departed 16:27,2026-08-06 06:01:12
SIN,departures,2026-08-05,15:15,15:36,TR610,TGW610,BKK,Bangkok Suvarnabhumi Airport,Scoot,TR,B788,Boeing 787-8 Dreamliner,9V-OFM,Departed 16:36,2026-08-06 06:01:12
SIN,departures,2026-08-05,15:15,15:42,ID7150,BTK7150,CGK,Jakarta Soekarno Hatta International Airport,Batik Air,ID,A320,Airbus A320-232,PK-BKR,Departed 16:42,2026-08-06 06:01:12
SIN,departures,2026-08-05,15:20,15:40,SQ122,SIA122,KUL,Kuala Lumpur International Airport,Singapore Airlines,SQ,A359,Airbus A350-941,9V-SHS,Departed 16:40,2026-08-06 06:01:12
SIN,departures,2026-08-05,15:25,15:54,TR694,TGW694,USM,Koh Samui Airport,Scoot,TR,E290,Embraer E190-E2,9V-THG,Departed 16:54,2026-08-06 06:01:12
SIN,departures,2026-08-05,15:25,15:56,TR240,TGW240,SRG,Semarang Achmad Yani International Airport,Scoot,TR,A20N,Airbus A320-271N,9V-TNF,Departed 16:56,2026-08-06 06:01:12
SIN,departures,2026-08-05,15:25,15:52,HU460,CHH460,HAK,Haikou Meilan International Airport,Hainan Airlines,HU,B738,Boeing 737-84P,B-1795,Departed 16:52,2026-08-06 06:01:12
SIN,departures,2026-08-05,15:30,15:49,TR188,TGW188,HGH,Hangzhou Xiaoshan International Airport,Scoot,TR,B789,Boeing 787-9 Dreamliner,9V-OJB,Departed 16:49,2026-08-06 06:01:12
SIN,departures,2026-08-05,15:30,15:55,SQ158,SIA158,KTI,Phnom Penh Techo International Airport,Singapore Airlines,SQ,B38M,Boeing 737 MAX 8,9V-MBQ,Departed 16:55,2026-08-06 06:01:12
SIN,departures,2026-08-05,15:35,15:48,MH620,MAS620,KUL,Kuala Lumpur International Airport,Malaysia Airlines,MH,B738,Boeing 737-8H6,9M-MXX,Departed 16:48,2026-08-06 06:01:12
SIN,departures,2026-08-05,15:40,16:01,TR524,TGW524,PQC,Phu Quoc International Airport,Scoot,TR,E290,Embraer E190-E2,9V-THC,Departed 17:01,2026-08-06 06:01:12
SIN,departures,2026-08-05,15:40,16:15,SQ806,SIA806,PEK,Beijing Capital International Airport,Singapore Airlines,SQ,B78X,Boeing 787-10 Dreamliner,9V-SCW,Departed 17:15,2026-08-06 06:01:12
SIN,departures,2026-08-05,15:45,16:02,SQ406,SIA406,DEL,Delhi Indira Gandhi International Airport,Singapore Airlines,SQ,A388,Airbus A380-841,9V-SKW,Departed 17:02,2026-08-06 06:01:12
SIN,departures,2026-08-05,15:55,16:00,TR632,TGW632,HDY,Hat Yai International Airport,Scoot,TR,E290,Embraer E190-E2,9V-THH,Departed 17:00,2026-08-06 06:01:12
SIN,departures,2026-08-05,15:55,16:11,SQ928,SIA928,SUB,Surabaya Juanda International Airport,Singapore Airlines,SQ,B38M,Boeing 737 MAX 8,9V-MBU,Departed 17:11,2026-08-06 06:01:12
SIN,departures,2026-08-05,15:55,16:34,MU568,CES568,PVG,Shanghai Pudong International Airport,China Eastern Airlines,MU,A359,Airbus A350-941,B-305X,Departed 17:34,2026-08-06 06:01:12
SIN,departures,2026-08-05,16:00,16:13,KL835,KLM835,DPS,Denpasar Ngurah Rai International Airport,KLM (Orange Pride‬ Livery),KL,B77W,Boeing 777-306(ER),PH-BVA,Departed 17:13,2026-08-06 06:01:12
SIN,departures,2026-08-05,16:00,16:19,TR468,TGW468,KUL,Kuala Lumpur International Airport,Scoot,TR,A320,Airbus A320-232,9V-TRO,Departed 17:19,2026-08-06 06:01:12
SIN,departures,2026-08-05,16:00,16:07,TR416,TGW416,BKI,Kota Kinabalu International Airport,Scoot,TR,A21N,Airbus A321-271NX,9V-NCK,Departed 17:07,2026-08-06 06:01:12
SIN,departures,2026-08-05,16:00,17:22,OD808,MXD808,KUL,Kuala Lumpur International Airport,Batik Air,ID,B738,Boeing 737-86N,9M-LDP,Departed 18:22,2026-08-06 06:01:12
SIN,departures,2026-08-05,16:00,16:12,3U3910,CSC3910,TFU,Chengdu Tianfu International Airport,Sichuan Airlines,3U,A21N,Airbus A321-271NX(LR),B-324K,Departed 17:12,2026-08-06 06:01:12
SIN,departures,2026-08-05,16:05,16:18,NX907,AMU907,MFM,Macau International Airport,Air Macau,NX,A20N,Airbus A320-271N,B-MCL,Departed 17:18,2026-08-06 06:01:12
SIN,departures,2026-08-05,16:10,16:24,SQ836,SIA836,PVG,Shanghai Pudong International Airport,Singapore Airlines,SQ,B78X,Boeing 787-10 Dreamliner,9V-SCG,Departed 17:24,2026-08-06 06:01:12
SIN,departures,2026-08-05,16:10,16:41,SV856,SVA856,DPS,Denpasar Ngurah Rai International Airport,Saudia,SV,B78X,Boeing 787-10 Dreamliner,HZ-AR25,Departed 17:41,2026-08-06 06:01:12
SIN,departures,2026-08-05,16:12,16:23,FX5601,FDX5601,ANC,Anchorage Ted Stevens International Airport,FedEx,FX,B77L,Boeing 777-FS2,N852FD,Departed 17:23,2026-08-06 06:01:12
SIN,departures,2026-08-05,16:15,16:36,SQ186,SIA186,SGN,Ho Chi Minh City International Airport,Singapore Airlines,SQ,B78X,Boeing 787-10 Dreamliner,9V-SCT,Departed 17:36,2026-08-06 06:01:12
SIN,departures,2026-08-05,16:20,16:39,SQ964,SIA964,CGK,Jakarta Soekarno Hatta International Airport,Singapore Airlines,SQ,B77W,Boeing 777-312(ER),9V-SWT,Departed 17:39,2026-08-06 06:01:12
SIN,departures,2026-08-05,16:20,16:29,PG968,BKP968,USM,Koh Samui Airport,Bangkok Airways,PG,A319,Airbus A319-132,HS-PGN,Departed 17:29,2026-08-06 06:01:12
SIN,departures,2026-08-05,16:30,16:45,SQ714,SIA714,BKK,Bangkok Suvarnabhumi Airport,Singapore Airlines,SQ,B78X,Boeing 787-10 Dreamliner,9V-SDB,Departed 17:45,2026-08-06 06:01:12
SIN,departures,2026-08-05,16:30,17:18,MU7706,CES7706,NKG,Nanjing Lukou International Airport,China Eastern Airlines,MU,A20N,Airbus A320-251N,B-30DJ,Departed 18:18,2026-08-06 06:01:12
SIN,departures,2026-08-05,16:30,17:46,CA826,CCA826,PVG,Shanghai Pudong International Airport,Air China,CA,A359,Airbus A350-941,B-322Z,Departed 18:46,2026-08-06 06:01:12
SIN,departures,2026-08-05,16:30,16:49,TR266,TGW266,SUB,Surabaya Juanda International Airport,Scoot,TR,A20N,Airbus A320-271N,9V-TNJ,Departed 17:49,2026-08-06 06:01:12
SIN,departures,2026-08-05,16:35,16:43,AK1724,AXM1724,PEN,Penang International Airport,AirAsia,AK,A320,Airbus A320-216,9M-AGC,Departed 17:43,2026-08-06 06:01:12
SIN,departures,2026-08-05,16:40,17:12,SQ838,SIA838,HGH,Hangzhou Xiaoshan International Airport,Singapore Airlines,SQ,A359,Airbus A350-941,9V-SHA,Departed 18:12,2026-08-06 06:01:12
SIN,departures,2026-08-05,16:45,17:14,SQ946,SIA946,DPS,Denpasar Ngurah Rai International Airport,Singapore Airlines,SQ,B78X,Boeing 787-10 Dreamliner,9V-SCC,Departed 18:14,2026-08-06 06:01:12
SIN,departures,2026-08-05,16:50,17:53,CZ3040,CSN3040,CAN,Guangzhou Baiyun International Airport,China Southern Airlines,CZ,A21N,Airbus A321-271N,B-301V,Departed 18:53,2026-08-06 06:01:12
SIN,departures,2026-08-05,16:55,17:04,TR648,TGW648,USM,Koh Samui Airport,Scoot,TR,E290,Embraer E190-E2,9V-THI,Departed 18:04,2026-08-06 06:01:12
SIN,departures,2026-08-05,16:55,16:56,CA890,CCA890,PEK,Beijing Capital International Airport,Air China,CA,B789,Boeing 787-9 Dreamliner,B-7898,Departed 17:56,2026-08-06 06:01:12
SIN,departures,2026-08-05,16:55,16:59,VJ814,VJC814,SGN,Ho Chi Minh City International Airport,VietJet Air,VJ,A321,Airbus A321-211,VN-A644,Departed 17:59,2026-08-06 06:01:12
SIN,departures,2026-08-05,17:00,17:32,TR626,TGW626,BKK,Bangkok Suvarnabhumi Airport,Scoot,TR,B788,Boeing 787-8 Dreamliner,9V-OFK,Departed 18:32,2026-08-06 06:01:12
SIN,departures,2026-08-05,17:00,17:05,GA823,GIA823,CGK,Jakarta Soekarno Hatta International Airport,Garuda Indonesia,GA,B738,Boeing 737-8U3,PK-GFW,Departed 18:05,2026-08-06 06:01:12
SIN,departures,2026-08-05,17:00,17:09,CX716,CPA716,HKG,Hong Kong International Airport,Cathay Pacific,CX,A333,Airbus A330-343,B-LAX,Departed 18:09,2026-08-06 06:01:12
SIN,departures,2026-08-05,17:10,17:23,TR124,TGW124,CSX,Changsha Huanghua International Airport,Scoot,TR,A21N,Airbus A321-271NX,9V-NCI,Departed 18:23,2026-08-06 06:01:12
SIN,departures,2026-08-05,17:10,17:37,ZH230,CSZ230,SZX,Shenzhen Bao'an International Airport,Shenzhen Airlines,ZH,A320,Airbus A320-232,B-6721,Departed 18:37,2026-08-06 06:01:12
SIN,departures,2026-08-05,17:15,18:17,TR278,TGW278,CGK,Jakarta Soekarno Hatta International Airport,Scoot,TR,A320,Airbus A320-232,9V-TRU,Departed 19:17,2026-08-06 06:01:12
SIN,departures,2026-08-05,17:15,17:28,TG408,THA408,BKK,Bangkok Suvarnabhumi Airport,Thai Airways,TG,A21N,Airbus A321-251NX,HS-TOE,Departed 18:28,2026-08-06 06:01:12
SIN,departures,2026-08-05,17:15,17:35,MH608,MAS608,KUL,Kuala Lumpur International Airport,Malaysia Airlines,MH,B738,Boeing 737-8H6,9M-MXN,Departed 18:35,2026-08-06 06:01:12
SIN,departures,2026-08-05,17:25,18:02,MU6050,CES6050,PVG,Shanghai Pudong International Airport,China Eastern Airlines,MU,A21N,Airbus A321-251NX,B-32P5,Departed 19:02,2026-08-06 06:01:12
SIN,departures,2026-08-05,17:25,17:55,VN654,HVN654,SGN,Ho Chi Minh City International Airport,Vietnam Airlines,VN,A321,Airbus A321-231,VN-A602,Departed 18:55,2026-08-06 06:01:12
SIN,departures,2026-08-05,17:25,18:18,SQ7888,SIA7888,PVG,Shanghai Pudong International Airport,Singapore Airlines Cargo,SQ,B744,Boeing 747-412F(SCD),9V-SFO,Departed 19:18,2026-08-06 06:01:12
SIN,departures,2026-08-05,17:30,17:45,SQ966,SIA966,CGK,Jakarta Soekarno Hatta International Airport,Singapore Airlines,SQ,A359,Airbus A350-941,9V-SHJ,Departed 18:45,2026-08-06 06:01:12
SIN,departures,2026-08-05,17:30,17:39,SQ740,SIA740,HKT,Phuket International Airport,Singapore Airlines,SQ,B38M,Boeing 737 MAX 8,9V-MBJ,Departed 18:39,2026-08-06 06:01:12
SIN,departures,2026-08-05,17:30,17:43,SQ720,SIA720,BKK,Bangkok Suvarnabhumi Airport,Singapore Airlines (1000th 787 Dreamliner Sticker),SQ,B78X,Boeing 787-10 Dreamliner,9V-SCP,Departed 18:43,2026-08-06 06:01:12
SIN,departures,2026-08-05,17:30,17:49,SQ126,SIA126,KUL,Kuala Lumpur International Airport,Singapore Airlines,SQ,A359,Airbus A350-941,9V-SHL,Departed 18:49,2026-08-06 06:01:12
SIN,departures,2026-08-05,17:40,17:51,TR120,TGW120,WUH,Wuhan Tianhe International Airport,Scoot,TR,B788,Boeing 787-8 Dreamliner,9V-OFI,Departed 18:51,2026-08-06 06:01:12
SIN,departures,2026-08-05,17:40,18:01,SQ251,SIA251,DRW,Darwin International Airport,Singapore Airlines,SQ,B38M,Boeing 737 MAX 8,9V-MBR,Departed 19:01,2026-08-06 06:01:12
SIN,departures,2026-08-05,17:40,18:13,SQ36,SIA36,LAX,Los Angeles International Airport,Singapore Airlines,SQ,A359,Airbus A350-941,9V-SJE,Departed 19:13,2026-08-06 06:01:12
SIN,departures,2026-08-05,17:45,17:57,SQ215,SIA215,PER,Perth Airport,Singapore Airlines,SQ,B78X,Boeing 787-10 Dreamliner,9V-SCY,Departed 18:57,2026-08-06 06:01:12
SIN,departures,2026-08-05,17:45,18:05,NZ283,ANZ283,AKL,Auckland Airport,Air New Zealand (Black Livery),NZ,B77W,Boeing 777-319(ER),ZK-OKQ,Departed 19:05,2026-08-06 06:01:12
SIN,departures,2026-08-05,17:45,18:25,AK716,AXM716,KUL,Kuala Lumpur International Airport,AirAsia,AK,A21N,Airbus A321-251NX,9M-VAH,Departed 19:25,2026-08-06 06:01:12
SIN,departures,2026-08-05,17:50,18:09,SQ442,SIA442,KTM,Kathmandu Tribhuvan International Airport,Singapore Airlines,SQ,B38M,Boeing 737 MAX 8,9V-MBS,Departed 19:09,2026-08-06 06:01:12
SIN,departures,2026-08-05,17:50,18:08,TR652,TGW652,HKT,Phuket International Airport,Scoot,TR,A20N,Airbus A320-271N,9V-TNL,Departed 19:08,2026-08-06 06:01:12
SIN,departures,2026-08-05,17:50,18:11,SQ424,SIA424,BOM,Mumbai Chhatrapati Shivaji International Airport,Singapore Airlines,SQ,B77W,Boeing 777-312(ER),9V-SWR,Departed 19:11,2026-08-06 06:01:12
SIN,departures,2026-08-05,18:00,18:28,SQ994,SIA994,KNO,Medan Kuala Namu International Airport,Singapore Airlines,SQ,B38M,Boeing 737 MAX 8,9V-MBM,Departed 19:28,2026-08-06 06:01:12
SIN,departures,2026-08-05,18:00,18:15,SQ898,SIA898,HKG,Hong Kong International Airport,Singapore Airlines,SQ,A359,Airbus A350-941,9V-SHO,Departed 19:15,2026-08-06 06:01:12
SIN,departures,2026-08-05,18:00,18:53,CZ3044,CSN3044,CAN,Guangzhou Baiyun International Airport,China Southern Airlines,CZ,A21N,Airbus A321-271N,B-306L,Departed 19:53,2026-08-06 06:01:12
SIN,departures,2026-08-05,18:05,18:33,TR134,TGW134,XIY,Xi'an Xianyang International Airport,Scoot,TR,A20N,Airbus A320-271N,9V-TNH,Departed 19:33,2026-08-06 06:01:12
SIN,departures,2026-08-05,18:10,18:24,SQ142,SIA142,PEN,Penang International Airport,Singapore Airlines,SQ,B38M,Boeing 737 MAX 8,9V-MBI,Departed 19:24,2026-08-06 06:01:12
SIN,departures,2026-08-05,18:15,18:22,MH616,MAS616,KUL,Kuala Lumpur International Airport,Malaysia Airlines,MH,B738,Boeing 737-8H6,9M-MXL,Departed 19:22,2026-08-06 06:01:12
SIN,departures,2026-08-05,18:15,18:27,VJ890,VJC890,DAD,Da Nang International Airport,VietJet Air,VJ,A321,Airbus A321-211,VN-A670,Departed 19:27,2026-08-06 06:01:12
SIN,departures,2026-08-05,18:20,18:50,SQ247,SIA247,MEL,Melbourne Airport,Singapore Airlines,SQ,A359,Airbus A350-941,9V-SHT,Departed 19:50,2026-08-06 06:01:12
SIN,departures,2026-08-05,18:25,18:43,JQ87,JST087,DPS,Denpasar Ngurah Rai International Airport,Jetstar,JQ,A21N,Airbus A321-251NX(LR),VH-OYK,Departed 19:43,2026-08-06 06:01:12
SIN,departures,2026-08-05,18:30,18:34,VJ812,VJC812,SGN,Ho Chi Minh City International Airport,VietJet Air,VJ,A321,Airbus A321-211,VN-A683,Departed 19:34,2026-08-06 06:01:09
SIN,departures,2026-08-05,18:30,18:48,QF2,QFA2,SYD,Sydney Kingsford Smith Airport,Qantas,QF,A388,Airbus A380-842,VH-OQB,Departed 19:48,2026-08-06 06:01:12
SIN,departures,2026-08-05,18:35,18:46,SQ918,SIA918,MNL,Manila Ninoy Aquino International Airport,Singapore Airlines,SQ,B78X,Boeing 787-10 Dreamliner,9V-SCE,Departed 19:46,2026-08-06 06:01:09
SIN,departures,2026-08-05,18:35,18:40,QF72,QFA72,PER,Perth Airport,Qantas,QF,A332,Airbus A330-202,VH-EBB,Departed 19:40,2026-08-06 06:01:09
SIN,departures,2026-08-05,18:40,02:45,8K801,KMI801,BKK,Bangkok Suvarnabhumi Airport,K-Mile Air,8K,B734,Boeing 737-46Q(SF),HS-KMB,Departed 03:45,2026-08-06 06:01:09
SIN,departures,2026-08-05,18:40,19:05,QR947,QTR947,DOH,Doha Hamad International Airport,Qatar Airways,QR,A35K,Airbus A350-1041,A7-ANB,Departed 20:05,2026-08-06 06:01:09
SIN,departures,2026-08-05,18:40,18:44,6E1458,IGO1458,BLR,Bengaluru Kempegowda International Airport,IndiGo,6E,A20N,Airbus A320-251N,VT-IXA,Departed 19:44,2026-08-06 06:01:09
SIN,departures,2026-08-05,18:45,19:00,6E1164,IGO1164,BOM,Mumbai Chhatrapati Shivaji International Airport,IndiGo,6E,A21N,Airbus A321-252NX,VT-NCN,Departed 20:00,2026-08-06 06:01:09
SIN,departures,2026-08-05,18:45,18:55,6E1014,IGO1014,DEL,Delhi Indira Gandhi International Airport,IndiGo,6E,A21N,Airbus A321-252NX,VT-NCI,Departed 19:55,2026-08-06 06:01:09
SIN,departures,2026-08-05,18:45,18:56,GA837,GIA837,CGK,Jakarta Soekarno Hatta International Airport,Garuda Indonesia,GA,B738,Boeing 737-86N,PK-GFJ,Departed 19:56,2026-08-06 06:01:09
SIN,departures,2026-08-05,18:50,19:27,SQ852,SIA852,CAN,Guangzhou Baiyun International Airport,Singapore Airlines,SQ,B38M,Boeing 737 MAX 8,9V-MBD,Departed 20:27,2026-08-06 06:01:09
SIN,departures,2026-08-05,18:50,18:58,SQ297,SIA297,CHC,Christchurch International Airport,Singapore Airlines,SQ,A359,Airbus A350-941,9V-SMK,Departed 19:58,2026-08-06 06:01:09
SIN,departures,2026-08-05,18:55,19:08,TR498,TGW498,PEN,Penang International Airport,Scoot,TR,A21N,Airbus A321-271NX,9V-NCL,Departed 20:08,2026-08-06 06:01:09
SIN,departures,2026-08-05,18:55,19:10,TR434,TGW434,KCH,Kuching International Airport,Scoot,TR,A20N,Airbus A320-271N,9V-TNE,Departed 20:10,2026-08-06 06:01:09
SIN,departures,2026-08-05,18:55,19:06,SQ34,SIA34,SFO,San Francisco International Airport,Singapore Airlines,SQ,A359,Airbus A350-941,9V-SGD,Departed 20:06,2026-08-06 06:01:09
SIN,departures,2026-08-05,19:00,19:11,SQ128,SIA128,KUL,Kuala Lumpur International Airport,Singapore Airlines,SQ,B38M,Boeing 737 MAX 8,9V-MBW,Departed 20:11,2026-08-06 06:01:09
SIN,departures,2026-08-05,19:00,19:13,GF166,GFA166,BAH,Bahrain International Airport,Gulf Air,GF,B789,Boeing 787-9 Dreamliner,A9C-FC,Departed 20:13,2026-08-06 06:01:09
SIN,departures,2026-08-05,19:00,19:22,SQ522,SIA522,HYD,Hyderabad Rajiv Gandhi International Airport,Singapore Airlines,SQ,B38M,Boeing 737 MAX 8,9V-MBV,Departed 20:22,2026-08-06 06:01:09
SIN,departures,2026-08-05,19:00,19:33,SQ534,SIA534,COK,Cochin International Airport,Singapore Airlines,SQ,B38M,Boeing 737 MAX 8,9V-MBP,Departed 20:33,2026-08-06 06:01:09
SIN,departures,2026-08-05,19:00,,CV5103,,CGO,Zhengzhou Xinzheng International Airport,Cargolux,CV,74F,,,Unknown,2026-08-06 06:01:09
SIN,departures,2026-08-05,19:05,19:23,SQ818,SIA818,CKG,Chongqing Jiangbei International Airport,Singapore Airlines,SQ,B38M,Boeing 737 MAX 8,9V-MBA,Departed 20:23,2026-08-06 06:01:09
SIN,departures,2026-08-05,19:05,19:19,SQ510,SIA510,BLR,Bengaluru Kempegowda International Airport,Singapore Airlines,SQ,A359,Airbus A350-941,9V-SHH,Departed 20:19,2026-08-06 06:01:09
SIN,departures,2026-08-05,19:05,19:41,CX636,CPA636,HKG,Hong Kong International Airport,Cathay Pacific,CX,A333,Airbus A330-343,B-LBB,Departed 20:41,2026-08-06 06:01:09
SIN,departures,2026-08-05,19:10,19:25,UL309,ALK309,CMB,Colombo Bandaranaike International Airport,SriLankan Airlines (Oneworld Livery),UL,A332,Airbus A330-243,4R-ALH,Departed 20:25,2026-08-06 06:01:09
SIN,departures,2026-08-05,19:15,19:16,PG962,BKP962,USM,Koh Samui Airport,Bangkok Airways,PG,A319,Airbus A319-132,HS-PGZ,Departed 20:16,2026-08-06 06:01:09
SIN,departures,2026-08-05,19:15,19:29,QF36,QFA36,MEL,Melbourne Airport,Qantas,QF,A332,Airbus A330-202,VH-EBC,Departed 20:29,2026-08-06 06:01:09
SIN,departures,2026-08-05,19:20,19:39,BA15,BAW15,SYD,Sydney Kingsford Smith Airport,British Airways,BA,B789,Boeing 787-9 Dreamliner,G-ZBKD,Departed 20:39,2026-08-06 06:01:09
SIN,departures,2026-08-05,19:25,19:37,SQ528,SIA528,MAA,Chennai International Airport,Singapore Airlines,SQ,B78X,Boeing 787-10 Dreamliner,9V-SCJ,Departed 20:37,2026-08-06 06:01:09
SIN,departures,2026-08-05,19:25,19:31,SQ438,SIA438,MLE,Male Velana International Airport,Singapore Airlines,SQ,A359,Airbus A350-941,9V-SHN,Departed 20:31,2026-08-06 06:01:09
SIN,departures,2026-08-05,19:25,19:46,TR272,TGW272,CGK,Jakarta Soekarno Hatta International Airport,Scoot,TR,A320,Airbus A320-232,9V-TRP,Departed 20:46,2026-08-06 06:01:09
SIN,departures,2026-08-05,19:30,20:09,TR740,TGW740,CJB,Coimbatore International Airport,Scoot,TR,A21N,Airbus A321-271NX,9V-NCJ,Departed 21:09,2026-08-06 06:01:09
SIN,departures,2026-08-05,19:30,19:56,TR730,TGW730,TRV,Thiruvananthapuram International Airport,Scoot,TR,A20N,Airbus A320-271N,9V-TNK,Departed 20:56,2026-08-06 06:01:09
SIN,departures,2026-08-05,19:30,19:58,TR466,TGW466,KUL,Kuala Lumpur International Airport,Scoot,TR,A21N,Airbus A321-271NX,9V-NCM,Departed 20:58,2026-08-06 06:01:09
SIN,departures,2026-08-05,19:30,19:40,QF52,QFA52,BNE,Brisbane Airport,Qantas (Oneworld Livery),QF,A332,Airbus A330-202,VH-EBV,Departed 20:40,2026-08-06 06:01:09
SIN,departures,2026-08-05,19:35,20:27,UA28,UAL28,SFO,San Francisco International Airport,United Airlines,UA,B789,Boeing 787-9 Dreamliner,N81107,Departed 21:27,2026-08-06 06:01:09
SIN,departures,2026-08-05,19:40,19:52,SQ446,SIA446,DAC,Dhaka Shahjalal International Airport,Singapore Airlines,SQ,B78X,Boeing 787-10 Dreamliner,9V-SCI,Departed 20:52,2026-08-06 06:01:09
SIN,departures,2026-08-05,19:40,20:23,SQ516,SIA516,CCU,Kolkata Subhas Chandra Bose International Airport,Singapore Airlines,SQ,B38M,Boeing 737 MAX 8,9V-MBN,Departed 21:23,2026-08-06 06:01:09
SIN,departures,2026-08-05,19:40,20:13,PX393,ANG393,POM,Port Moresby Jacksons International Airport,Air Niugini,PX,B763,Boeing 767-383(ER),P2-PXW,Departed 21:13,2026-08-06 06:01:09
SIN,departures,2026-08-05,19:45,20:06,SQ856,SIA856,SZX,Shenzhen Bao'an International Airport,Singapore Airlines,SQ,B38M,Boeing 737 MAX 8,9V-MBH,Departed 21:06,2026-08-06 06:01:09
SIN,departures,2026-08-05,19:45,20:11,SQ221,SIA221,SYD,Sydney Kingsford Smith Airport,Singapore Airlines,SQ,A388,Airbus A380-841,9V-SKV,Departed 21:11,2026-08-06 06:01:09
SIN,departures,2026-08-05,19:45,20:01,SQ38,SIA38,LAX,Los Angeles International Airport,Singapore Airlines,SQ,A359,Airbus A350-941,9V-SJI,Departed 21:01,2026-08-06 06:01:09
SIN,departures,2026-08-05,19:45,20:17,TR784,TGW784,VTZ,Visakhapatnam Airport,Scoot,TR,A20N,Airbus A320-271N,9V-TNG,Departed 21:17,2026-08-06 06:01:09
SIN,departures,2026-08-05,19:45,19:44,AK718,AXM718,KUL,Kuala Lumpur International Airport,AirAsia (WeAreAllChampions Livery),AK,A320,Airbus A320-216,9M-AQF,Departed 20:44,2026-08-06 06:01:09
SIN,departures,2026-08-05,19:50,20:03,TG410,THA410,BKK,Bangkok Suvarnabhumi Airport,Thai Airways,TG,A359,Airbus A350-941,HS-THK,Departed 21:03,2026-08-06 06:01:09
SIN,departures,2026-08-05,19:50,20:00,CZ8048,CSN8048,SZX,Shenzhen Bao'an International Airport,China Southern Airlines,CZ,A21N,Airbus A321-253NX,B-30ED,Departed 21:00,2026-08-06 06:01:09
SIN,departures,2026-08-05,20:00,20:00,3U9012,,CTU,Chengdu Shuangliu International Airport,Sichuan Airlines,3U,33F,,,Estimated dep 21:00*,2026-08-06 06:01:09
SIN,departures,2026-08-05,20:00,20:21,ZH250,CSZ250,SZX,Shenzhen Bao'an International Airport,Shenzhen Airlines,ZH,A333,Airbus A330-343,B-1036,Departed 21:21,2026-08-06 06:01:09
SIN,departures,2026-08-05,20:00,20:15,EY499,ETD499,AUH,Abu Dhabi Zayed International Airport,Etihad Airways,EY,B789,Boeing 787-9 Dreamliner,A6-BLC,Departed 21:15,2026-08-06 06:01:09
SIN,departures,2026-08-05,20:00,20:25,VN656,HVN656,SGN,Ho Chi Minh City International Airport,Vietnam Airlines,VN,A21N,Airbus A321-272N,VN-A505,Departed 21:25,2026-08-06 06:01:09
SIN,departures,2026-08-05,20:00,20:35,QG527,CTV527,CGK,Jakarta Soekarno Hatta International Airport,Citilink,QG,A320,Airbus A320-214,PK-GQM,Departed 21:35,2026-08-06 06:01:09
SIN,departures,2026-08-05,20:00,20:28,QF82,QFA82,SYD,Sydney Kingsford Smith Airport,Qantas,QF,A333,Airbus A330-302,VH-QPK,Departed 21:28,2026-08-06 06:01:09
SIN,departures,2026-08-05,20:00,20:30,EK355,UAE355,DXB,Dubai International Airport,Emirates,EK,B77W,Boeing 777-31H(ER),A6-ENU,Departed 21:30,2026-08-06 06:01:09
SIN,departures,2026-08-05,20:00,20:19,8M234,MMA234,RGN,Yangon International Airport,Myanmar Airways International,8M,A319,Airbus A319-112,XY-ALY,Departed 21:19,2026-08-06 06:01:09
SIN,departures,2026-08-05,20:15,20:08,MY364,BNE364,KCH,Kuching International Airport,AirBorneo,MY,B738,Boeing 737-8U3,9M-LCV,Departed 21:08,2026-08-06 06:01:09
SIN,departures,2026-08-05,20:15,20:40,TR346,TGW346,DPS,Denpasar Ngurah Rai International Airport,Scoot,TR,A21N,Airbus A321-271NX,9V-NCN,Departed 21:40,2026-08-06 06:01:09
SIN,departures,2026-08-05,20:15,20:33,MH610,MAS610,KUL,Kuala Lumpur International Airport,Malaysia Airlines,MH,B38M,Boeing 737 MAX 8,9M-MVN,Departed 21:33,2026-08-06 06:01:09
SIN,departures,2026-08-05,20:20,21:23,AK720,AXM720,KUL,Kuala Lumpur International Airport,AirAsia,AK,A320,Airbus A320-214,9M-RCB,Departed 22:23,2026-08-06 06:01:09
SIN,departures,2026-08-05,20:30,21:15,UA3964,UAL3964,SFO,San Francisco International Airport,United Airlines,UA,B789,Boeing 787-9 Dreamliner,N24973,Departed 22:15,2026-08-06 06:01:09
SIN,departures,2026-08-05,20:30,21:21,OD806,MXD806,KUL,Kuala Lumpur International Airport,Batik Air,ID,B738,Boeing 737-8U3,9M-LDH,Departed 22:21,2026-08-06 06:01:09
SIN,departures,2026-08-05,20:30,20:38,LD326,AHK326,HKG,Hong Kong International Airport,DHL (No.1 Best Workplace Sticker),D0,A332,Airbus A330-243F,B-LDP,Departed 21:38,2026-08-06 06:01:09
SIN,departures,2026-08-05,20:30,21:07,ID7152,BTK7152,CGK,Jakarta Soekarno Hatta International Airport,Batik Air,ID,A320,Airbus A320-232,PK-BKR,Departed 22:07,2026-08-06 06:01:09
SIN,departures,2026-08-05,20:35,20:41,SQ948,SIA948,DPS,Denpasar Ngurah Rai International Airport,Singapore Airlines,SQ,B78X,Boeing 787-10 Dreamliner,9V-SDC,Departed 21:41,2026-08-06 06:01:09
SIN,departures,2026-08-05,20:35,21:00,SQ235,SIA235,BNE,Brisbane Airport,Singapore Airlines,SQ,A359,Airbus A350-941,9V-SHF,Departed 22:00,2026-08-06 06:01:09
SIN,departures,2026-08-05,20:35,20:43,AY132,FIN132,HEL,Helsinki Vantaa Airport,Finnair,AY,A359,Airbus A350-941,OH-LWE,Departed 21:43,2026-08-06 06:01:09
SIN,departures,2026-08-05,20:40,21:06,TR758,TGW758,TRZ,Tiruchirappalli International Airport,Scoot,TR,A21N,Airbus A321-271NX,9V-NCB,Departed 22:06,2026-08-06 06:01:09
SIN,departures,2026-08-05,20:40,20:45,AK1730,AXM1730,PEN,Penang International Airport,AirAsia,AK,A320,Airbus A320-216,9M-AGC,Departed 21:45,2026-08-06 06:01:09
SIN,departures,2026-08-05,20:45,21:27,SL105,TLM105,DMK,Bangkok Don Mueang International Airport,Thai Lion Air,SL,B739,Boeing 737-9GP(ER),HS-LVK,Departed 22:27,2026-08-06 06:01:09
SIN,departures,2026-08-05,20:45,21:04,GA839,GIA839,CGK,Jakarta Soekarno Hatta International Airport,Garuda Indonesia,GA,B738,Boeing 737-8U3,PK-GMI,Departed 22:04,2026-08-06 06:01:09
SIN,departures,2026-08-05,20:50,21:08,QF219,QFA219,LHR,London Heathrow Airport,Qantas (Yam Dreaming Livery),QF,B789,Boeing 787-9 Dreamliner,VH-ZND,Departed 22:08,2026-08-06 06:01:09
SIN,departures,2026-08-05,20:50,21:19,JL36,JAL36,HND,Tokyo Haneda International Airport,Japan Airlines,JL,B789,Boeing 787-9 Dreamliner,JA876J,Departed 22:19,2026-08-06 06:01:09
SIN,departures,2026-08-05,20:55,21:10,SQ968,SIA968,CGK,Jakarta Soekarno Hatta International Airport,Singapore Airlines,SQ,A359,Airbus A350-941,9V-SHY,Departed 22:10,2026-08-06 06:01:09
SIN,departures,2026-08-05,21:00,,8K804,,CGK,Jakarta Soekarno Hatta International Airport,Exploits Valley Air Services,8K,73P,,,Unknown,2026-08-06 06:01:09
SIN,departures,2026-08-05,21:00,21:17,NH844,ANA844,HND,Tokyo Haneda International Airport,All Nippon Airways,NH,B789,Boeing 787-9 Dreamliner,JA887A,Departed 22:17,2026-08-06 06:01:09
SIN,departures,2026-08-05,21:00,21:30,KE644,KAL644,ICN,Seoul Incheon International Airport,Korean Air,KE,B77W,Boeing 777-3B5(ER),HL8216,Departed 22:30,2026-08-06 06:01:09
SIN,departures,2026-08-05,21:10,21:32,QF255,QFA255,CDG,Paris Charles de Gaulle Airport,Qantas,QF,B789,Boeing 787-9 Dreamliner,VH-ZNN,Departed 22:32,2026-08-06 06:01:09
SIN,departures,2026-08-05,21:10,23:39,SQ227,SIA227,MEL,Melbourne Airport,Singapore Airlines,SQ,B77W,Boeing 777-312(ER),9V-SWT,Departed 00:39,2026-08-06 06:01:09
SIN,departures,2026-08-05,21:20,21:46,6E1344,IGO1344,MAA,Chennai International Airport,IndiGo,6E,A21N,Airbus A321-252NX,VT-NCD,Departed 22:46,2026-08-06 06:01:09
SIN,departures,2026-08-05,21:20,21:33,SQ468,SIA468,CMB,Colombo Bandaranaike International Airport,Singapore Airlines,SQ,B78X,Boeing 787-10 Dreamliner,9V-SCR,Departed 22:33,2026-08-06 06:01:09
SIN,departures,2026-08-05,21:20,21:38,AF257,AFR257,CDG,Paris Charles de Gaulle Airport,Air France,AF,B77W,Boeing 777-328(ER),F-GZNK,Departed 22:38,2026-08-06 06:01:09
SIN,departures,2026-08-05,21:40,22:02,BA16,BAW16,LHR,London Heathrow Airport,British Airways,BA,B789,Boeing 787-9 Dreamliner,G-ZBKR,Departed 23:02,2026-08-06 06:01:09
SIN,departures,2026-08-05,21:50,22:03,SQ636,SIA636,HND,Tokyo Haneda International Airport,Singapore Airlines,SQ,A359,Airbus A350-941,9V-SHV,Departed 23:03,2026-08-06 06:01:09
SIN,departures,2026-08-05,21:50,22:09,SQ285,SIA285,AKL,Auckland Airport,Singapore Airlines,SQ,B77W,Boeing 777-312(ER),9V-SNB,Departed 23:09,2026-08-06 06:01:09
SIN,departures,2026-08-05,21:50,22:07,OZ752,AAR752,ICN,Seoul Incheon International Airport,Asiana Airlines,OZ,A359,Airbus A350-941,HL8522,Departed 23:07,2026-08-06 06:01:09
SIN,departures,2026-08-05,22:00,22:11,TW162,TWB162,ICN,Seoul Incheon International Airport,T'Way Air,TW,A333,Airbus A330-343,HL8560,Departed 23:11,2026-08-06 06:01:09
SIN,departures,2026-08-05,22:00,22:21,SQ322,SIA322,LHR,London Heathrow Airport,Singapore Airlines,SQ,A388,Airbus A380-841,9V-SKZ,Departed 23:21,2026-08-06 06:01:09
SIN,departures,2026-08-05,22:05,22:27,TK55,THY55,IST,Istanbul Airport,Turkish Airlines,TK,B77W,Boeing 777-3F2(ER),TC-JJJ,Departed 23:27,2026-08-06 06:01:09
SIN,departures,2026-08-05,22:05,22:25,SQ616,SIA616,PUS,Busan Gimhae International Airport,Singapore Airlines,SQ,B38M,Boeing 737 MAX 8,9V-MBE,Departed 23:25,2026-08-06 06:01:09
SIN,departures,2026-08-05,22:05,22:23,TR884,TGW884,NRT,Tokyo Narita International Airport,Scoot (Pokémon Livery),TR,B789,Boeing 787-9 Dreamliner,9V-OJJ,Departed 23:23,2026-08-06 06:01:09
SIN,departures,2026-08-05,22:10,22:34,TR28,TGW28,PER,Perth Airport,Scoot,TR,B788,Boeing 787-8 Dreamliner,9V-OFB,Departed 23:34,2026-08-06 06:01:09
SIN,departures,2026-08-05,22:10,22:19,MU566,CES566,PVG,Shanghai Pudong International Airport,China Eastern Airlines,MU,A332,Airbus A330-243,B-8226,Departed 23:19,2026-08-06 06:01:09
SIN,departures,2026-08-05,22:20,22:32,8B156,TNU156,CGK,Jakarta Soekarno Hatta International Airport,TransNusa,8B,A321,Airbus A321-211,PK-TLM,Departed 23:32,2026-08-06 06:01:09
SIN,departures,2026-08-05,22:20,22:40,QF1,QFA1,LHR,London Heathrow Airport,Qantas,QF,A388,Airbus A380-842,VH-OQG,Departed 23:40,2026-08-06 06:01:09
SIN,departures,2026-08-05,22:20,22:43,BA12,BAW12,LHR,London Heathrow Airport,British Airways,BA,B77W,Boeing 777-36N(ER),G-STBD,Departed 23:43,2026-08-06 06:01:09
SIN,departures,2026-08-05,22:25,22:36,SQ279,SIA279,ADL,Adelaide Airport,Singapore Airlines,SQ,B78X,Boeing 787-10 Dreamliner,9V-SCU,Departed 23:36,2026-08-06 06:01:09
SIN,departures,2026-08-05,22:25,22:54,CA970,CCA970,PEK,Beijing Capital International Airport,Air China,CA,B789,Boeing 787-9 Dreamliner,B-1466,Departed 23:54,2026-08-06 06:01:09
SIN,departures,2026-08-05,22:25,23:10,LX177,SWR177,ZRH,Zurich Airport,Swiss,LX,B77W,Boeing 777-3DE(ER),HB-JNE,Departed 00:10,2026-08-06 06:01:09
SIN,departures,2026-08-05,22:30,02:53,SQ356,SIA356,MXP,Milan Malpensa Airport,Singapore Airlines,SQ,A359,Airbus A350-941,9V-SMD,Departed 03:53,2026-08-06 06:01:09
SIN,departures,2026-08-05,22:30,22:37,QF38,QFA38,MEL,Melbourne Airport,Qantas,QF,A332,Airbus A330-202,VH-EBK,Departed 23:37,2026-08-06 06:01:09
SIN,departures,2026-08-05,22:30,,O3304,,SZX,Shenzhen Bao'an International Airport,SF Airlines,O3,73F,,,Unknown,2026-08-06 06:01:09
SIN,departures,2026-08-05,22:35,22:56,SQ388,SIA388,BCN,Barcelona El Prat Airport,Singapore Airlines,SQ,A359,Airbus A350-941,9V-SMA,Departed 23:56,2026-08-06 06:01:09
SIN,departures,2026-08-05,22:35,22:49,SQ22,SIA22,EWR,New York Newark Liberty International Airport,Singapore Airlines,SQ,A359,Airbus A350-941,9V-SGA,Departed 23:49,2026-08-06 06:01:09
SIN,departures,2026-08-05,22:40,23:02,LH781,DLH781,FRA,Frankfurt Airport,Lufthansa,LH,B744,Boeing 747-430,D-ABVU,Departed 00:02,2026-08-06 06:01:06
SIN,departures,2026-08-05,22:45,22:59,HO1576,DKH1576,PVG,Shanghai Pudong International Airport,Juneyao Air (20 Year Anniversary Sticker),HO,A20N,Airbus A320-271N,B-30FQ,Departed 23:59,2026-08-06 06:01:06
SIN,departures,2026-08-05,22:55,23:17,SQ638,SIA638,NRT,Tokyo Narita International Airport,Singapore Airlines,SQ,B78X,Boeing 787-10 Dreamliner,9V-SCT,Departed 00:17,2026-08-06 06:01:06
SIN,departures,2026-08-05,22:55,23:11,SQ324,SIA324,AMS,Amsterdam Schiphol Airport,Singapore Airlines (Star Alliance Livery),SQ,B77W,Boeing 777-312(ER),9V-SWJ,Departed 00:11,2026-08-06 06:01:06
SIN,departures,2026-08-05,22:55,23:14,SQ312,SIA312,LGW,London Gatwick Airport,Singapore Airlines,SQ,A359,Airbus A350-941,9V-SME,Departed 00:14,2026-08-06 06:01:06
SIN,departures,2026-08-05,22:55,23:25,SQ304,SIA304,BRU,Brussels Airport,Singapore Airlines,SQ,A359,Airbus A350-941,9V-SMV,Departed 00:25,2026-08-06 06:01:06
SIN,departures,2026-08-05,22:55,23:15,SQ26,SIA26,FRA,Frankfurt Airport,Singapore Airlines,SQ,B77W,Boeing 777-312(ER),9V-SWV,Departed 00:15,2026-08-06 06:01:06
SIN,departures,2026-08-05,23:05,23:36,SQ352,SIA352,CPH,Copenhagen Airport,Singapore Airlines,SQ,A359,Airbus A350-941,9V-SMY,Departed 00:36,2026-08-06 06:01:06
SIN,departures,2026-08-05,23:05,23:27,SQ328,SIA328,MUC,Munich Airport,Singapore Airlines,SQ,A359,Airbus A350-941,9V-SJA,Departed 00:27,2026-08-06 06:01:06
SIN,departures,2026-08-05,23:10,23:19,SQ225,SIA225,PER,Perth Airport,Singapore Airlines,SQ,B78X,Boeing 787-10 Dreamliner,9V-SCK,Departed 00:19,2026-08-06 06:01:06
SIN,departures,2026-08-05,23:15,23:34,7C2662,JJA2662,PUS,Busan Gimhae International Airport,Jeju Air,7C,B38M,Boeing 737 MAX 8,HL8739,Departed 00:34,2026-08-06 06:01:06
SIN,departures,2026-08-05,23:15,23:37,SQ336,SIA336,CDG,Paris Charles de Gaulle Airport,Singapore Airlines,SQ,B77W,Boeing 777-312(ER),9V-SWG,Departed 00:37,2026-08-06 06:01:06
SIN,departures,2026-08-05,23:20,23:32,SQ608,SIA608,ICN,Seoul Incheon International Airport,Singapore Airlines,SQ,B78X,Boeing 787-10 Dreamliner,9V-SCO,Departed 00:32,2026-08-06 06:01:06
SIN,departures,2026-08-05,23:30,23:43,SQ810,SIA810,PKX,Beijing Daxing International Airport,Singapore Airlines,SQ,B78X,Boeing 787-10 Dreamliner,9V-SCB,Departed 00:43,2026-08-06 06:01:06
SIN,departures,2026-08-05,23:35,23:52,PR510,PAL510,MNL,Manila Ninoy Aquino International Airport,Philippine Airlines,PR,A321,Airbus A321-231,RP-C9903,Departed 00:52,2026-08-06 06:01:06
SIN,departures,2026-08-05,23:45,00:24,SQ231,SIA231,SYD,Sydney Kingsford Smith Airport,Singapore Airlines,SQ,A388,Airbus A380-841,9V-SKM,Departed 01:24,2026-08-06 06:01:06
SIN,departures,2026-08-05,23:45,00:39,SQ255,SIA255,BNE,Brisbane Airport,Singapore Airlines,SQ,A359,Airbus A350-941,9V-SHJ,Departed 01:39,2026-08-06 06:01:06
SIN,departures,2026-08-05,23:45,23:59,IX681,AXB681,TRZ,Tiruchirappalli International Airport,Air India Express (Kathakali-Bharatanatyam Livery),IX,B738,Boeing 737-86N,VT-GHE,Departed 00:59,2026-08-06 06:01:06
SIN,departures,2026-08-05,23:50,00:01,7C2624,JJA2624,ICN,Seoul Incheon International Airport,Jeju Air,7C,B38M,Boeing 737 MAX 8,HL8553,Departed 01:01,2026-08-06 06:01:06
SIN,departures,2026-08-05,23:50,00:02,EK353,UAE353,DXB,Dubai International Airport,Emirates,EK,A388,Airbus A380-861,A6-EEP,Departed 01:02,2026-08-06 06:01:06
SIN,departures,2026-08-05,23:55,00:30,MU544,CES544,PVG,Shanghai Pudong International Airport,China Eastern Airlines,MU,B789,Boeing 787-9 Dreamliner,B-220D,Departed 01:30,2026-08-06 06:01:06
SIN,departures,2026-08-05,23:55,23:58,MU5032,CES5032,PKX,Beijing Daxing International Airport,China Eastern Airlines,MU,A20N,Airbus A320-271N,B-329M,Departed 00:58,2026-08-06 06:01:06
SIN,departures,2026-08-05,23:55,00:07,KL836,KLM836,AMS,Amsterdam Schiphol Airport,KLM (Orange Pride‬ Livery),KL,B77W,Boeing 777-306(ER),PH-BVA,Departed 01:07,2026-08-06 06:01:06
SUB,arrivals,2026-08-05,05:00,05:03,JT690,LNI690,CGK,Jakarta Soekarno Hatta International Airport,Lion Air,JT,B738,Boeing 737-8GP,PK-LPK,Landed 05:03,2026-08-06 05:57:52
SUB,arrivals,2026-08-05,06:05,05:52,JT865,LNI865,LOP,Lombok International Airport,Lion Air,JT,B739,Boeing 737-9GP(ER),PK-LHR,Landed 05:52,2026-08-06 05:57:52
SUB,arrivals,2026-08-05,06:30,06:16,JT363,LNI363,BPN,Balikpapan Sepinggan Airport,Lion Air,JT,B739,Boeing 737-9GP(ER),PK-LHQ,Landed 06:16,2026-08-06 05:57:52
SUB,arrivals,2026-08-05,06:50,06:31,ID7511,BTK7511,HLP,Jakarta Halim Perdanakusuma Airport,Batik Air,ID,A320,Airbus A320-214,PK-LAJ,Landed 06:31,2026-08-06 05:57:52
SUB,arrivals,2026-08-05,07:00,06:39,IU705,SJV705,DPS,Denpasar Ngurah Rai International Airport,Super Air Jet,IU,A320,Airbus A320-232,PK-STF,Landed 06:39,2026-08-06 05:57:52
SUB,arrivals,2026-08-05,07:00,06:44,JT693,LNI693,KOE,Kupang El Tari Airport,Lion Air,JT,B738,Boeing 737-8GP,PK-LOR,Landed 06:44,2026-08-06 05:57:52
SUB,arrivals,2026-08-05,07:10,06:46,JT315,LNI315,BDJ,Banjarmasin Syamsudin Noor Airport,Lion Air,JT,B739,Boeing 737-9GP(ER),PK-LSU,Landed 06:46,2026-08-06 05:57:52
SUB,arrivals,2026-08-05,07:15,,JT267,,TRK,Tarakan Juwata International Airport,Lion Air,JT,739,,,Canceled,2026-08-06 05:57:52
SUB,arrivals,2026-08-05,07:15,06:54,QG690,CTV690,DPS,Denpasar Ngurah Rai International Airport,Citilink,QG,A320,Airbus A320-214,PK-GQD,Landed 06:54,2026-08-06 05:57:52
SUB,arrivals,2026-08-05,07:30,09:33,ID6572,BTK6572,CGK,Jakarta Soekarno Hatta International Airport,Batik Air,ID,A320,Airbus A320-214,PK-LUI,Landed 09:33,2026-08-06 05:57:52
SUB,arrivals,2026-08-05,07:40,07:30,JT837,LNI837,PNK,Pontianak Supadio Airport,Lion Air,JT,B738,Boeing 737-8GP,PK-LJR,Landed 07:30,2026-08-06 05:57:52
SUB,arrivals,2026-08-05,07:45,07:33,QG738,CTV738,CGK,Jakarta Soekarno Hatta International Airport,Citilink,QG,A320,Airbus A320-214,PK-GLP,Landed 07:33,2026-08-06 05:57:52
SUB,arrivals,2026-08-05,08:00,07:39,IW1881,WON1881,BWX,Blimbingsari Airport,Wings Air,IW,AT76,ATR 72-600,PK-WGV,Landed 07:39,2026-08-06 05:57:52
SUB,arrivals,2026-08-05,08:05,07:53,IP200,PAS200,CGK,Jakarta Soekarno Hatta International Airport,Pelita Air,IP,A320,Airbus A320-214,PK-PWK,Landed 07:53,2026-08-06 05:57:52
SUB,arrivals,2026-08-05,08:20,08:38,JT103,LNI103,JED,Jeddah King Abdulaziz International Airport,Lion Air,JT,A339,Airbus A330-941,PK-LEI,Landed 08:38,2026-08-06 05:57:52
SUB,arrivals,2026-08-05,08:25,,JT981,,UPG,Makassar Sultan Hasanuddin International Airport,Lion Air,JT,738,,,Unknown,2026-08-06 05:57:52
SUB,arrivals,2026-08-05,08:25,,JT781,,UPG,Makassar Sultan Hasanuddin International Airport,Lion Air,JT,738,,,Unknown,2026-08-06 05:57:52
SUB,arrivals,2026-08-05,08:25,07:57,QG691,CTV691,DPS,Denpasar Ngurah Rai International Airport,Citilink,QG,A320,Airbus A320-214,PK-GLO,Landed 07:57,2026-08-06 05:57:52
SUB,arrivals,2026-08-05,08:25,08:47,JT801,LNI801,UPG,Makassar Sultan Hasanuddin International Airport,Lion Air,JT,B739,Boeing 737-9GP(ER),PK-LSL,Landed 08:47,2026-08-06 05:57:52
SUB,arrivals,2026-08-05,08:30,08:13,GA304,GIA304,CGK,Jakarta Soekarno Hatta International Airport,Garuda Indonesia,GA,B738,Boeing 737-8U3,PK-GFF,Landed 08:13,2026-08-06 05:57:52
SUB,arrivals,2026-08-05,08:30,08:20,IU649,SJV649,BPN,Balikpapan Sepinggan Airport,Super Air Jet,IU,A320,Airbus A320-232,PK-STS,Landed 08:20,2026-08-06 05:57:52
SUB,arrivals,2026-08-05,08:45,08:35,QG435,CTV435,BPN,Balikpapan Sepinggan Airport,Citilink,QG,A320,Airbus A320-214,PK-GLL,Landed 08:35,2026-08-06 05:57:52
SUB,arrivals,2026-08-05,08:50,08:56,IU715,SJV715,LOP,Lombok International Airport,Super Air Jet,IU,A320,Airbus A320-232,PK-STC,Landed 08:56,2026-08-06 05:57:52
SUB,arrivals,2026-08-05,08:50,,QG671,,LOP,Lombok International Airport,Citilink,QG,320,,,Canceled,2026-08-06 05:57:52
SUB,arrivals,2026-08-05,08:55,08:30,QG485,CTV485,BDJ,Banjarmasin Syamsudin Noor Airport,Citilink,QG,A320,Airbus A320-214,PK-GLV,Landed 08:30,2026-08-06 05:57:52
SUB,arrivals,2026-08-05,09:10,09:01,SQ922,SIA922,SIN,Singapore Changi Airport,Singapore Airlines,SQ,A359,Airbus A350-941,9V-SHA,Landed 09:01,2026-08-06 05:57:52
SUB,arrivals,2026-08-05,09:15,08:51,3Y935,MYU935,SRG,Semarang Achmad Yani International Airport,My Indo Airlines,3Y,B734,Boeing 737-4Q8(SF),PK-MYN,Landed 08:51,2026-08-06 05:57:52
SUB,arrivals,2026-08-05,09:30,09:19,ID6584,BTK6584,CGK,Jakarta Soekarno Hatta International Airport,Batik Air,ID,B738,Boeing 737-86N,PK-BGZ,Landed 09:19,2026-08-06 05:57:52
SUB,arrivals,2026-08-05,09:30,09:13,GA302,GIA302,CGK,Jakarta Soekarno Hatta International Airport,Garuda Indonesia,GA,B738,Boeing 737-8U3,PK-GNA,Landed 09:13,2026-08-06 05:57:52
SUB,arrivals,2026-08-05,09:50,09:37,TR296,TGW296,SIN,Singapore Changi Airport,Scoot,TR,A20N,Airbus A320-271N,9V-TNM,Landed 09:37,2026-08-06 05:57:52
SUB,arrivals,2026-08-05,09:50,,IU719,,LOP,Lombok International Airport,Super Air Jet,IU,320,,,Canceled,2026-08-06 05:57:52
SUB,arrivals,2026-08-05,09:55,,IP202,,CGK,Jakarta Soekarno Hatta International Airport,Pelita Air,IP,320,,,Unknown,2026-08-06 05:57:52
SUB,arrivals,2026-08-05,10:15,09:58,ID7513,BTK7513,HLP,Jakarta Halim Perdanakusuma Airport,Batik Air,ID,A320,Airbus A320-214,PK-LUK,Landed 09:58,2026-08-06 05:57:52
SUB,arrivals,2026-08-05,10:25,10:18,JT697,LNI697,KOE,Kupang El Tari Airport,Lion Air,JT,B738,Boeing 737-8GP,PK-LPK,Landed 10:18,2026-08-06 05:57:52
SUB,arrivals,2026-08-05,10:25,10:10,GA322,GIA322,CGK,Jakarta Soekarno Hatta International Airport,Garuda Indonesia (Retro 1960 Livery),GA,B738,Boeing 737-8U3,PK-GFM,Landed 10:10,2026-08-06 05:57:52
SUB,arrivals,2026-08-05,10:30,,JT1707,,UPG,Makassar Sultan Hasanuddin International Airport,Lion Air,JT,739,,,Unknown,2026-08-06 05:57:52
SUB,arrivals,2026-08-05,10:30,10:35,JT791,LNI791,UPG,Makassar Sultan Hasanuddin International Airport,Lion Air,JT,B739,Boeing 737-9GP(ER),PK-LHR,Landed 10:35,2026-08-06 05:57:52
SUB,arrivals,2026-08-05,10:30,,JT680,,UPG,Makassar Sultan Hasanuddin International Airport,Lion Air,JT,738,,,Unknown,2026-08-06 05:57:52
SUB,arrivals,2026-08-05,10:35,11:10,JT694,LNI694,CGK,Jakarta Soekarno Hatta International Airport,Lion Air,JT,B738,Boeing 737-8GP,PK-LOR,Landed 11:10,2026-08-06 05:57:52
SUB,arrivals,2026-08-05,10:35,,JT241,,CGK,Jakarta Soekarno Hatta International Airport,Lion Air,JT,739,,,Unknown,2026-08-06 05:57:52
SUB,arrivals,2026-08-05,10:35,,JT805,,DPS,Denpasar Ngurah Rai International Airport,Lion Air,JT,739,,,Canceled,2026-08-06 05:57:52
SUB,arrivals,2026-08-05,10:45,10:38,QZ321,AWQ321,KUL,Kuala Lumpur International Airport,AirAsia (Dnars Indonesia Livery),AK,A320,Airbus A320-216,PK-AZN,Landed 10:38,2026-08-06 05:57:52
SUB,arrivals,2026-08-05,10:55,10:57,JT970,LNI970,BTH,Batam Hang Nadim Airport,Lion Air,JT,B739,Boeing 737-9GP(ER),PK-LFZ,Landed 10:57,2026-08-06 05:57:52
SUB,arrivals,2026-08-05,10:55,10:31,QG718,CTV718,CGK,Jakarta Soekarno Hatta International Airport,Citilink,QG,A320,Airbus A320-214,PK-GQP,Landed 10:31,2026-08-06 05:57:52
SUB,arrivals,2026-08-05,10:55,11:26,ID7517,BTK7517,HLP,Jakarta Halim Perdanakusuma Airport,Batik Air,ID,A320,Airbus A320-214,PK-LAJ,Landed 11:26,2026-08-06 05:57:52
SUB,arrivals,2026-08-05,10:55,11:17,ID6134,BTK6134,PKN,Pangkalan Bun Iskandar Airport,Batik Air,ID,A320,Airbus A320-214,PK-LUG,Landed 11:17,2026-08-06 05:57:52
SUB,arrivals,2026-08-05,11:20,12:00,JT223,LNI223,BDJ,Banjarmasin Syamsudin Noor Airport,Lion Air (50th 737-900ER Livery),JT,B739,Boeing 737-9GP(ER),PK-LHY,Landed 12:00,2026-08-06 05:57:52
SUB,arrivals,2026-08-05,11:25,14:28,IN193,LKN193,PKN,Pangkalan Bun Iskandar Airport,NAM Air,IN,B735,Boeing 737-524,PK-NAS,Landed 14:28,2026-08-06 05:57:52
SUB,arrivals,2026-08-05,11:25,11:04,QG351,CTV351,UPG,Makassar Sultan Hasanuddin International Airport,Citilink,QG,A20N,Airbus A320-251N,PK-GTC,Landed 11:04,2026-08-06 05:57:52
SUB,arrivals,2026-08-05,11:40,,IU611,,BPN,Balikpapan Sepinggan Airport,Super Air Jet,IU,320,,,Canceled,2026-08-06 05:57:52
SUB,arrivals,2026-08-05,11:45,11:35,QG461,CTV461,AAP,Samarinda AP Tumenggung Pranoto Airport,Citilink,QG,A320,Airbus A320-214,PK-GQD,Landed 11:35,2026-08-06 05:57:52
SUB,arrivals,2026-08-05,11:45,11:42,JT725,LNI725,PLW,Palu Mutiara Airport,Lion Air,JT,B738,Boeing 737-8GP,PK-LKQ,Landed 11:42,2026-08-06 05:57:52
SUB,arrivals,2026-08-05,12:10,11:52,QG487,CTV487,BDJ,Banjarmasin Syamsudin Noor Airport,Citilink,QG,A320,Airbus A320-214,PK-GLL,Landed 11:52,2026-08-06 05:57:52
SUB,arrivals,2026-08-05,12:15,12:07,IP204,PAS204,CGK,Jakarta Soekarno Hatta International Airport,Pelita Air,IP,A320,Airbus A320-214,PK-PWH,Landed 12:07,2026-08-06 05:57:48
SUB,arrivals,2026-08-05,12:15,12:04,QG697,CTV697,DPS,Denpasar Ngurah Rai International Airport,Citilink,QG,A320,Airbus A320-214,PK-GLV,Landed 12:04,2026-08-06 05:57:48
SUB,arrivals,2026-08-05,12:20,,JT1787,,UPG,Makassar Sultan Hasanuddin International Airport,Lion Air,JT,738,,,Unknown,2026-08-06 05:57:48
SUB,arrivals,2026-08-05,12:20,,JT949,,UPG,Makassar Sultan Hasanuddin International Airport,Lion Air,JT,738,,,Unknown,2026-08-06 05:57:48
SUB,arrivals,2026-08-05,12:20,11:56,JT787,LNI787,UPG,Makassar Sultan Hasanuddin International Airport,Lion Air,JT,B739,Boeing 737-9GP(ER),PK-LSR,Landed 11:56,2026-08-06 05:57:48
SUB,arrivals,2026-08-05,12:55,12:48,QZ325,AWQ325,KUL,Kuala Lumpur International Airport,AirAsia,AK,A320,Airbus A320-214,PK-AZJ,Landed 12:48,2026-08-06 05:57:48
SUB,arrivals,2026-08-05,13:10,12:53,IU653,SJV653,AAP,Samarinda AP Tumenggung Pranoto Airport,Super Air Jet,IU,A320,Airbus A320-232,PK-SJV,Landed 12:53,2026-08-06 05:57:48
SUB,arrivals,2026-08-05,13:20,13:39,IU617,SJV617,BPN,Balikpapan Sepinggan Airport,Super Air Jet,IU,A320,Airbus A320-232,PK-STD,Landed 13:39,2026-08-06 05:57:48
SUB,arrivals,2026-08-05,13:30,,IU635,,BDJ,Banjarmasin Syamsudin Noor Airport,Super Air Jet,IU,320,,,Canceled,2026-08-06 05:57:48
SUB,arrivals,2026-08-05,13:30,13:36,QG736,CTV736,CGK,Jakarta Soekarno Hatta International Airport,Citilink,QG,A20N,Airbus A320-251N,PK-GTG,Landed 13:36,2026-08-06 05:57:48
SUB,arrivals,2026-08-05,13:30,13:32,JT857,LNI857,PLM,Palembang International Airport,Lion Air,JT,B738,Boeing 737-8GP,PK-LJR,Landed 13:32,2026-08-06 05:57:48
SUB,arrivals,2026-08-05,13:50,15:29,IU717,SJV717,LOP,Lombok International Airport,Super Air Jet,IU,A320,Airbus A320-232,PK-SGA,Landed 15:29,2026-08-06 05:57:48
SUB,arrivals,2026-08-05,13:50,13:43,GA312,GIA312,CGK,Jakarta Soekarno Hatta International Airport,Garuda Indonesia,GA,B738,Boeing 737-86N,PK-GFS,Landed 13:43,2026-08-06 05:57:48
SUB,arrivals,2026-08-05,13:55,14:07,JT919,LNI919,DPS,Denpasar Ngurah Rai International Airport,Lion Air,JT,B739,Boeing 737-9GP(ER),PK-LJI,Landed 14:07,2026-08-06 05:57:48
SUB,arrivals,2026-08-05,14:00,13:55,QG176,CTV176,HLP,Jakarta Halim Perdanakusuma Airport,Citilink,QG,A320,Airbus A320-214,PK-GQE,Landed 13:55,2026-08-06 05:57:48
SUB,arrivals,2026-08-05,14:20,14:12,QG495,CTV495,BDJ,Banjarmasin Syamsudin Noor Airport,Citilink,QG,A320,Airbus A320-214,PK-GQO,Landed 14:12,2026-08-06 05:57:48
SUB,arrivals,2026-08-05,14:30,14:16,QG949,CTV949,BTH,Batam Hang Nadim Airport,Citilink,QG,A320,Airbus A320-214,PK-GLU,Landed 14:16,2026-08-06 05:57:48
SUB,arrivals,2026-08-05,14:35,15:21,JT879,LNI879,AMQ,Ambon Pattimura Airport,Lion Air,JT,B739,Boeing 737-9GP(ER),PK-LHP,Landed 15:21,2026-08-06 05:57:48
SUB,arrivals,2026-08-05,14:40,17:37,IN243,LKN243,SMQ,Sampit Airport,NAM Air,IN,B735,Boeing 737-524,PK-NAS,Landed 17:37,2026-08-06 05:57:48
SUB,arrivals,2026-08-05,14:50,14:54,IU675,SJV675,PKY,Palangkaraya Tjilik Riwut Airport,Super Air Jet,IU,A320,Airbus A320-232,PK-SAS,Landed 14:54,2026-08-06 05:57:48
SUB,arrivals,2026-08-05,14:50,14:39,MH873,MAS873,KUL,Kuala Lumpur International Airport,Malaysia Airlines (Retro Livery),MH,B738,Boeing 737-8H6,9M-MLV,Landed 14:39,2026-08-06 05:57:48
SUB,arrivals,2026-08-05,14:55,,JT1985,,UPG,Makassar Sultan Hasanuddin International Airport,Lion Air,JT,739,,,Unknown,2026-08-06 05:57:48
SUB,arrivals,2026-08-05,14:55,,JT1801,,UPG,Makassar Sultan Hasanuddin International Airport,Lion Air,JT,738,,,Unknown,2026-08-06 05:57:48
SUB,arrivals,2026-08-05,14:55,,JT897,,UPG,Makassar Sultan Hasanuddin International Airport,Lion Air,JT,738,,,Unknown,2026-08-06 05:57:48
SUB,arrivals,2026-08-05,14:55,,JT838,,UPG,Makassar Sultan Hasanuddin International Airport,Lion Air,JT,738,,,Unknown,2026-08-06 05:57:48
SUB,arrivals,2026-08-05,14:55,15:05,JT707,LNI707,UPG,Makassar Sultan Hasanuddin International Airport,Lion Air,JT,B739,Boeing 737-9GP(ER),PK-LHR,Landed 15:05,2026-08-06 05:57:48
SUB,arrivals,2026-08-05,15:00,15:16,ID7501,BTK7501,HLP,Jakarta Halim Perdanakusuma Airport,Batik Air,ID,A320,Airbus A320-214,PK-LAJ,Landed 15:16,2026-08-06 05:57:48
SUB,arrivals,2026-08-05,15:00,15:08,ID6406,BTK6406,CGK,Jakarta Soekarno Hatta International Airport,Batik Air,ID,A320,Airbus A320-214,PK-BKQ,Landed 15:08,2026-08-06 05:57:48
SUB,arrivals,2026-08-05,15:10,14:51,QG716,CTV716,CGK,Jakarta Soekarno Hatta International Airport,Citilink,QG,A20N,Airbus A320-251N,PK-GTF,Landed 14:51,2026-08-06 05:57:48
SUB,arrivals,2026-08-05,15:15,15:12,GA310,GIA310,CGK,Jakarta Soekarno Hatta International Airport,Garuda Indonesia,GA,B738,Boeing 737-8U3,PK-GNR,Landed 15:12,2026-08-06 05:57:48
SUB,arrivals,2026-08-05,15:20,14:59,IU641,SJV641,AAP,Samarinda AP Tumenggung Pranoto Airport,Super Air Jet,IU,A320,Airbus A320-232,PK-STF,Landed 14:59,2026-08-06 05:57:48
SUB,arrivals,2026-08-05,15:30,15:02,IW1804,WON1804,SMQ,Sampit Airport,Wings Air,IW,AT76,ATR 72-600,PK-WGV,Landed 15:02,2026-08-06 05:57:48
SUB,arrivals,2026-08-05,15:40,15:38,SQ926,SIA926,SIN,Singapore Changi Airport,Singapore Airlines,SQ,B38M,Boeing 737 MAX 8,9V-MBO,Landed 15:38,2026-08-06 05:57:48
SUB,arrivals,2026-08-05,15:40,15:42,QG669,CTV669,DPS,Denpasar Ngurah Rai International Airport,Citilink,QG,A320,Airbus A320-214,PK-GLV,Landed 15:42,2026-08-06 05:57:48
SUB,arrivals,2026-08-05,15:50,15:47,QG457,CTV457,PKY,Palangkaraya Tjilik Riwut Airport,Citilink,QG,A320,Airbus A320-214,PK-GLL,Landed 15:47,2026-08-06 05:57:48
SUB,arrivals,2026-08-05,15:55,16:37,JT695,LNI695,KOE,Kupang El Tari Airport,Lion Air,JT,B738,Boeing 737-8GP,PK-LOR,Landed 16:37,2026-08-06 05:57:48
SUB,arrivals,2026-08-05,16:00,15:51,IP206,PAS206,CGK,Jakarta Soekarno Hatta International Airport,Pelita Air,IP,A320,Airbus A320-232,PK-PWL,Landed 15:51,2026-08-06 05:57:48
SUB,arrivals,2026-08-05,16:15,16:21,QG417,CTV417,PNK,Pontianak Supadio Airport,Citilink,QG,A320,Airbus A320-214,PK-GQD,Landed 16:21,2026-08-06 05:57:48
SUB,arrivals,2026-08-05,16:15,,GA326,,CGK,Jakarta Soekarno Hatta International Airport,Garuda Indonesia,GA,738,,,Canceled,2026-08-06 05:57:48
SUB,arrivals,2026-08-05,16:35,16:34,JT972,LNI972,BTH,Batam Hang Nadim Airport,Lion Air,JT,B739,Boeing 737-9GP(ER),PK-LSL,Landed 16:34,2026-08-06 05:57:48
SUB,arrivals,2026-08-05,16:35,,JT171,,CGK,Jakarta Soekarno Hatta International Airport,Lion Air,JT,739,,,Unknown,2026-08-06 05:57:48
SUB,arrivals,2026-08-05,16:35,,JT692,,CGK,Jakarta Soekarno Hatta International Airport,Lion Air,JT,739,,,Unknown,2026-08-06 05:57:48
SUB,arrivals,2026-08-05,16:40,17:28,IU703,SJV703,DPS,Denpasar Ngurah Rai International Airport,Super Air Jet,IU,A320,Airbus A320-232,PK-STD,Landed 17:28,2026-08-06 05:57:48
SUB,arrivals,2026-08-05,16:40,16:30,QG353,CTV353,UPG,Makassar Sultan Hasanuddin International Airport,Citilink,QG,A320,Airbus A320-214,PK-GLO,Landed 16:30,2026-08-06 05:57:48
SUB,arrivals,2026-08-05,16:40,16:27,JT681,LNI681,PKY,Palangkaraya Tjilik Riwut Airport,Lion Air,JT,B739,Boeing 737-9GP(ER),PK-LSR,Landed 16:27,2026-08-06 05:57:48
SUB,arrivals,2026-08-05,16:40,17:05,ID6347,BTK6347,BEJ,Kalimarau Airport,Batik Air,ID,A320,Airbus A320-214,PK-LUG,Landed 17:05,2026-08-06 05:57:48
SUB,arrivals,2026-08-05,16:50,,ID6711,,CGK,Jakarta Soekarno Hatta International Airport,Batik Air,ID,32A,,,Unknown,2026-08-06 05:57:48
SUB,arrivals,2026-08-05,16:50,16:41,ID6578,BTK6578,CGK,Jakarta Soekarno Hatta International Airport,Batik Air,ID,A320,Airbus A320-214,PK-BLD,Landed 16:41,2026-08-06 05:57:48
SUB,arrivals,2026-08-05,16:55,16:45,JT723,LNI723,KDI,Kendari Haluoleo Airport,Lion Air,JT,B738,Boeing 737-8GP,PK-LKQ,Landed 16:45,2026-08-06 05:57:48
SUB,arrivals,2026-08-05,17:00,17:00,IU721,SJV721,LOP,Lombok International Airport,Super Air Jet,IU,A320,Airbus A320-232,PK-SJV,Landed 17:00,2026-08-06 05:57:48
SUB,arrivals,2026-08-05,17:10,17:09,QZ323,AWQ323,KUL,Kuala Lumpur International Airport,AirAsia (Dnars Indonesia Livery),AK,A320,Airbus A320-216,PK-AZN,Landed 17:09,2026-08-06 05:57:48
SUB,arrivals,2026-08-05,17:10,17:20,GA349,GIA349,DPS,Denpasar Ngurah Rai International Airport,Garuda Indonesia,GA,B738,Boeing 737-8U3,PK-GFF,Landed 17:20,2026-08-06 05:57:48
SUB,arrivals,2026-08-05,17:15,,IU615,,BPN,Balikpapan Sepinggan Airport,Super Air Jet,IU,320,,,Canceled,2026-08-06 05:57:48
SUB,arrivals,2026-08-05,17:15,,ID7515,,HLP,Jakarta Halim Perdanakusuma Airport,Batik Air,ID,32A,,,Canceled,2026-08-06 05:57:48
SUB,arrivals,2026-08-05,17:35,17:34,IP622,PAS622,BPN,Balikpapan Sepinggan Airport,Pelita Air,IP,A320,Airbus A320-214,PK-PWJ,Landed 17:34,2026-08-06 05:57:48
SUB,arrivals,2026-08-05,17:40,17:45,GA320,GIA320,CGK,Jakarta Soekarno Hatta International Airport,Garuda Indonesia,GA,B738,Boeing 737-8H6,PK-GUL,Landed 17:45,2026-08-06 05:57:48
SUB,arrivals,2026-08-05,17:50,,JT997,,UPG,Makassar Sultan Hasanuddin International Airport,Lion Air,JT,738,,,Unknown,2026-08-06 05:57:48
SUB,arrivals,2026-08-05,17:50,,JT1885,,UPG,Makassar Sultan Hasanuddin International Airport,Lion Air,JT,738,,,Unknown,2026-08-06 05:57:48
SUB,arrivals,2026-08-05,17:50,,JT1881,,UPG,Makassar Sultan Hasanuddin International Airport,Lion Air,JT,739,,,Unknown,2026-08-06 05:57:48
SUB,arrivals,2026-08-05,17:50,,JT1797,,UPG,Makassar Sultan Hasanuddin International Airport,Lion Air,JT,739,,,Unknown,2026-08-06 05:57:48
SUB,arrivals,2026-08-05,17:50,18:17,JT885,LNI885,UPG,Makassar Sultan Hasanuddin International Airport,Lion Air,JT,B738,Boeing 737-8GP,PK-LKH,Landed 18:17,2026-08-06 05:57:48
SUB,arrivals,2026-08-05,18:00,17:53,ID7503,BTK7503,HLP,Jakarta Halim Perdanakusuma Airport,Batik Air,ID,A320,Airbus A320-214,PK-LUK,Landed 17:53,2026-08-06 05:57:48
SUB,arrivals,2026-08-05,18:15,18:13,QG174,CTV174,CGK,Jakarta Soekarno Hatta International Airport,Citilink,QG,A320,Airbus A320-214,PK-GQP,Landed 18:13,2026-08-06 05:57:48
SUB,arrivals,2026-08-05,18:15,17:48,CX629,CPA629,HKG,Hong Kong International Airport,Cathay Pacific,CX,A333,Airbus A330-343,B-LAL,Landed 17:48,2026-08-06 05:57:48
SUB,arrivals,2026-08-05,18:20,18:09,SQ928,SIA928,SIN,Singapore Changi Airport,Singapore Airlines,SQ,B38M,Boeing 737 MAX 8,9V-MBU,Landed 18:09,2026-08-06 05:57:48
SUB,arrivals,2026-08-05,18:20,18:44,JT361,LNI361,BPN,Balikpapan Sepinggan Airport,Lion Air,JT,B739,Boeing 737-9GP(ER),PK-LFK,Landed 18:44,2026-08-06 05:57:48
SUB,arrivals,2026-08-05,18:30,18:50,ID6576,BTK6576,CGK,Jakarta Soekarno Hatta International Airport,Batik Air,ID,A320,Airbus A320-232,PK-BKM,Landed 18:50,2026-08-06 05:57:48
SUB,arrivals,2026-08-05,18:35,18:58,JT311,LNI311,BDJ,Banjarmasin Syamsudin Noor Airport,Lion Air,JT,B739,Boeing 737-9GP(ER),PK-LHR,Landed 18:58,2026-08-06 05:57:48
SUB,arrivals,2026-08-05,18:40,18:29,QG355,CTV355,UPG,Makassar Sultan Hasanuddin International Airport,Citilink,QG,A320,Airbus A320-214,PK-GQO,Landed 18:29,2026-08-06 05:57:48
SUB,arrivals,2026-08-05,18:50,18:37,IP210,PAS210,CGK,Jakarta Soekarno Hatta International Airport,Pelita Air,IP,A320,Airbus A320-214,PK-PWP,Landed 18:37,2026-08-06 05:57:48
SUB,arrivals,2026-08-05,18:55,18:41,QG431,CTV431,BPN,Balikpapan Sepinggan Airport,Citilink,QG,A320,Airbus A320-214,PK-GLU,Landed 18:41,2026-08-06 05:57:48
SUB,arrivals,2026-08-05,19:00,18:46,TR266,TGW266,SIN,Singapore Changi Airport,Scoot,TR,A20N,Airbus A320-271N,9V-TNJ,Landed 18:46,2026-08-06 05:57:48
SUB,arrivals,2026-08-05,19:05,19:11,QG489,CTV489,BDJ,Banjarmasin Syamsudin Noor Airport,Citilink,QG,A320,Airbus A320-214,PK-GLV,Landed 19:11,2026-08-06 05:57:48
SUB,arrivals,2026-08-05,19:10,19:14,IU725,SJV725,LBJ,Labuan Bajo Komodo Airport,Super Air Jet,IU,A320,Airbus A320-232,PK-SAS,Landed 19:14,2026-08-06 05:57:48
SUB,arrivals,2026-08-05,19:20,20:32,SJ567,SJY567,UPG,Makassar Sultan Hasanuddin International Airport,BBN Airlines Indonesia,0B,B738,Boeing 737-8BK,PK-BBF,Landed 20:32,2026-08-06 05:57:48
SUB,arrivals,2026-08-05,19:25,19:05,QG673,CTV673,LOP,Lombok International Airport,Citilink,QG,A320,Airbus A320-214,PK-GLL,Landed 19:05,2026-08-06 05:57:48
SUB,arrivals,2026-08-05,19:40,19:35,QG699,CTV699,DPS,Denpasar Ngurah Rai International Airport,Citilink,QG,A320,Airbus A320-214,PK-GQD,Landed 19:35,2026-08-06 05:57:48
SUB,arrivals,2026-08-05,19:55,20:08,JT923,LNI923,DPS,Denpasar Ngurah Rai International Airport,Lion Air,JT,B739,Boeing 737-9GP(ER),PK-LSR,Landed 20:08,2026-08-06 05:57:48
SUB,arrivals,2026-08-05,19:55,,ID8763,,UPG,Makassar Sultan Hasanuddin International Airport,Batik Air,ID,32A,,,Unknown,2026-08-06 05:57:48
SUB,arrivals,2026-08-05,19:55,,ID8555,,UPG,Makassar Sultan Hasanuddin International Airport,Batik Air,ID,32A,,,Unknown,2026-08-06 05:57:48
SUB,arrivals,2026-08-05,19:55,,ID8261,,UPG,Makassar Sultan Hasanuddin International Airport,Batik Air,ID,32A,,,Unknown,2026-08-06 05:57:48
SUB,arrivals,2026-08-05,19:55,,ID8183,,UPG,Makassar Sultan Hasanuddin International Airport,Batik Air,ID,32A,,,Unknown,2026-08-06 05:57:48
SUB,arrivals,2026-08-05,19:55,,ID8293,,UPG,Makassar Sultan Hasanuddin International Airport,Batik Air,ID,32A,,,Unknown,2026-08-06 05:57:48
SUB,arrivals,2026-08-05,19:55,,ID8750,,UPG,Makassar Sultan Hasanuddin International Airport,Batik Air,ID,32A,,,Unknown,2026-08-06 05:57:48
SUB,arrivals,2026-08-05,19:55,21:48,ID6137,BTK6137,UPG,Makassar Sultan Hasanuddin International Airport,Batik Air,ID,A320,Airbus A320-214,PK-LZH,Landed 21:48,2026-08-06 05:57:48
SUB,arrivals,2026-08-05,20:00,19:28,IU341,SJV341,PNK,Pontianak Supadio Airport,Super Air Jet,IU,A320,Airbus A320-232,PK-STF,Landed 19:28,2026-08-06 05:57:48
SUB,arrivals,2026-08-05,20:30,20:25,ID6415,BTK6415,DPS,Denpasar Ngurah Rai International Airport,Batik Air,ID,A320,Airbus A320-214,PK-LUF,Landed 20:25,2026-08-06 05:57:48
SUB,arrivals,2026-08-05,20:30,20:19,QG726,CTV726,CGK,Jakarta Soekarno Hatta International Airport,Citilink Garuda Indonesia,QG,A320,Airbus A320-214,PK-GQT,Landed 20:19,2026-08-06 05:57:48
SUB,arrivals,2026-08-05,20:45,20:39,QG172,CTV172,HLP,Jakarta Halim Perdanakusuma Airport,Citilink,QG,A320,Airbus A320-214,PK-GLO,Landed 20:39,2026-08-06 05:57:48
SUB,arrivals,2026-08-05,20:45,20:51,ID7251,BTK7251,KUL,Kuala Lumpur International Airport,Batik Air,ID,B738,Boeing 737-8GP,PK-LZZ,Landed 20:51,2026-08-06 05:57:48
SUB,arrivals,2026-08-05,21:00,20:42,BI795,RBA795,BWN,Brunei International Airport,Royal Brunei Airlines,BI,A20N,Airbus A320-251N,V8-RBF,Landed 20:42,2026-08-06 05:57:48
SUB,arrivals,2026-08-05,21:30,,ID6821,,CGK,Jakarta Soekarno Hatta International Airport,Batik Air,ID,32A,,,Unknown,2026-08-06 05:57:48
SUB,arrivals,2026-08-05,21:30,21:15,ID6588,BTK6588,CGK,Jakarta Soekarno Hatta International Airport,Batik Air,ID,A320,Airbus A320-214,PK-LAM,Landed 21:15,2026-08-06 05:57:48
SUB,arrivals,2026-08-05,21:40,21:24,ID7521,BTK7521,HLP,Jakarta Halim Perdanakusuma Airport,Batik Air,ID,A320,Airbus A320-214,PK-LAO,Landed 21:24,2026-08-06 05:57:48
SUB,arrivals,2026-08-05,21:50,21:43,GA324,GIA324,CGK,Jakarta Soekarno Hatta International Airport,Garuda Indonesia,GA,B738,Boeing 737-8SH,PK-GUD,Landed 21:43,2026-08-06 05:57:48
SUB,arrivals,2026-08-05,22:00,21:37,CZ8137,CSN8137,CAN,Guangzhou Baiyun International Airport,China Southern Airlines,CZ,A21N,Airbus A321-253NX,B-30FW,Landed 21:37,2026-08-06 05:57:48
SUB,arrivals,2026-08-05,22:05,,QZ389,,PEN,Penang International Airport,Indonesia AirAsia,QZ,320,,,Unknown,2026-08-06 05:57:48
SUB,arrivals,2026-08-05,22:40,22:16,QG728,CTV728,CGK,Jakarta Soekarno Hatta International Airport,Citilink,QG,A320,Airbus A320-214,PK-GLN,Landed 22:16,2026-08-06 05:57:48
SUB,arrivals,2026-08-05,23:30,23:26,QZ327,AWQ327,KUL,Kuala Lumpur International Airport,AirAsia (Dnars Indonesia Livery),AK,A320,Airbus A320-216,PK-AZN,Landed 23:26,2026-08-06 05:57:48
SUB,departures,2026-08-05,05:00,05:05,JT878,LNI878,AMQ,Ambon Pattimura Airport,Lion Air,JT,B739,Boeing 737-9GP(ER),PK-LHP,Departed 05:05,2026-08-06 05:58:18
SUB,departures,2026-08-05,05:00,05:07,ID7508,BTK7508,HLP,Jakarta Halim Perdanakusuma Airport,Batik Air,ID,A320,Airbus A320-214,PK-LUK,Departed 05:07,2026-08-06 05:58:18
SUB,departures,2026-08-05,05:05,05:09,QZ320,AWQ320,KUL,Kuala Lumpur International Airport,AirAsia (Dnars Indonesia Livery),AK,A320,Airbus A320-216,PK-AZN,Departed 05:09,2026-08-06 05:58:18
SUB,departures,2026-08-05,05:05,,JT852,,UPG,Makassar Sultan Hasanuddin International Airport,Lion Air,JT,738,,,Unknown,2026-08-06 05:58:18
SUB,departures,2026-08-05,05:05,,JT742,,UPG,Makassar Sultan Hasanuddin International Airport,Lion Air,JT,738,,,Unknown,2026-08-06 05:58:18
SUB,departures,2026-08-05,05:05,05:14,QG430,CTV430,BPN,Balikpapan Sepinggan Airport,Citilink,QG,A320,Airbus A320-214,PK-GLL,Departed 05:14,2026-08-06 05:58:18
SUB,departures,2026-08-05,05:05,05:11,JT786,LNI786,UPG,Makassar Sultan Hasanuddin International Airport,Lion Air,JT,B739,Boeing 737-9GP(ER),PK-LFW,Departed 05:11,2026-08-06 05:58:18
SUB,departures,2026-08-05,05:05,05:15,ID6391,BTK6391,CGK,Jakarta Soekarno Hatta International Airport,Batik Air,ID,A320,Airbus A320-214,PK-LAZ,Departed 05:15,2026-08-06 05:58:18
SUB,departures,2026-08-05,05:15,05:19,ID6414,BTK6414,DPS,Denpasar Ngurah Rai International Airport,Batik Air,ID,A320,Airbus A320-214,PK-LUF,Departed 05:19,2026-08-06 05:58:18
SUB,departures,2026-08-05,05:30,05:35,QG692,CTV692,DPS,Denpasar Ngurah Rai International Airport,Citilink,QG,A320,Airbus A320-214,PK-GLO,Departed 05:35,2026-08-06 05:58:18
SUB,departures,2026-08-05,05:45,05:53,JT690,LNI690,KOE,Kupang El Tari Airport,Lion Air,JT,B738,Boeing 737-8GP,PK-LPK,Departed 05:53,2026-08-06 05:58:18
SUB,departures,2026-08-05,06:00,06:17,IU714,SJV714,LOP,Lombok International Airport,Super Air Jet,IU,A320,Airbus A320-232,PK-STC,Departed 06:17,2026-08-06 05:58:18
SUB,departures,2026-08-05,06:00,06:48,IU640,SJV640,AAP,Samarinda AP Tumenggung Pranoto Airport,Super Air Jet,IU,A320,Airbus A320-232,PK-SJV,Departed 06:48,2026-08-06 05:58:18
SUB,departures,2026-08-05,06:00,,QG670,,LOP,Lombok International Airport,Citilink,QG,A320,Airbus A320-214,PK-GLK,Canceled,2026-08-06 05:58:18
SUB,departures,2026-08-05,06:00,06:02,QG484,CTV484,BDJ,Banjarmasin Syamsudin Noor Airport,Citilink,QG,A320,Airbus A320-214,PK-GLV,Departed 06:02,2026-08-06 05:58:18
SUB,departures,2026-08-05,06:10,06:10,IP213,PAS213,CGK,Jakarta Soekarno Hatta International Airport,Pelita Air,IP,A320,Airbus A320-214,PK-PWC,Departed 06:10,2026-08-06 05:58:18
SUB,departures,2026-08-05,06:45,06:45,JT1892,,UPG,Makassar Sultan Hasanuddin International Airport,Lion Air,JT,738,,,Estimated dep 06:45*,2026-08-06 05:58:18
SUB,departures,2026-08-05,06:45,06:45,JT994,,UPG,Makassar Sultan Hasanuddin International Airport,Lion Air,JT,738,,,Estimated dep 06:45*,2026-08-06 05:58:18
SUB,departures,2026-08-05,06:45,06:50,JT882,LNI882,UPG,Makassar Sultan Hasanuddin International Airport,Lion Air,JT,B739,Boeing 737-9GP(ER),PK-LHR,Departed 06:50,2026-08-06 05:58:18
SUB,departures,2026-08-05,06:45,,JT854,,UPG,Makassar Sultan Hasanuddin International Airport,Lion Air,JT,739,,,Unknown,2026-08-06 05:58:18
SUB,departures,2026-08-05,07:00,,IU718,,LOP,Lombok International Airport,Super Air Jet,IU,320,,,Canceled,2026-08-06 05:58:18
SUB,departures,2026-08-05,07:05,07:09,QZ324,AWQ324,KUL,Kuala Lumpur International Airport,AirAsia,AK,A320,Airbus A320-214,PK-AZJ,Departed 07:09,2026-08-06 05:58:18
SUB,departures,2026-08-05,07:05,07:11,GA305,GIA305,CGK,Jakarta Soekarno Hatta International Airport,Garuda Indonesia,GA,B738,Boeing 737-8H6,PK-GUL,Departed 07:11,2026-08-06 05:58:18
SUB,departures,2026-08-05,07:10,09:47,JT971,LNI971,BTH,Batam Hang Nadim Airport,Lion Air,JT,B739,Boeing 737-9GP(ER),PK-LSL,Departed 09:47,2026-08-06 05:58:18
SUB,departures,2026-08-05,07:10,07:15,JT724,LNI724,PLW,Palu Mutiara Airport,Lion Air,JT,B738,Boeing 737-8GP,PK-LKQ,Departed 07:15,2026-08-06 05:58:18
SUB,departures,2026-08-05,07:30,07:43,ID7510,BTK7510,HLP,Jakarta Halim Perdanakusuma Airport,Batik Air,ID,A320,Airbus A320-214,PK-LAJ,Departed 07:43,2026-08-06 05:58:18
SUB,departures,2026-08-05,07:35,07:42,QG175,CTV175,CGK,Jakarta Soekarno Hatta International Airport,Citilink,QG,A320,Airbus A320-214,PK-GQF,Departed 07:42,2026-08-06 05:58:18
SUB,departures,2026-08-05,07:40,,JT176,,CGK,Jakarta Soekarno Hatta International Airport,Lion Air,JT,739,,,Unknown,2026-08-06 05:58:18
SUB,departures,2026-08-05,07:40,07:54,IU674,SJV674,PKY,Palangkaraya Tjilik Riwut Airport,Super Air Jet,IU,A320,Airbus A320-232,PK-SAS,Departed 07:54,2026-08-06 05:58:18
SUB,departures,2026-08-05,07:40,07:48,JT693,LNI693,CGK,Jakarta Soekarno Hatta International Airport,Lion Air,JT,B738,Boeing 737-8GP,PK-LOR,Departed 07:48,2026-08-06 05:58:18
SUB,departures,2026-08-05,07:50,08:43,ID6135,BTK6135,PKN,Pangkalan Bun Iskandar Airport,Batik Air,ID,A320,Airbus A320-214,PK-LUG,Departed 08:43,2026-08-06 05:58:18
SUB,departures,2026-08-05,07:50,07:58,QG460,CTV460,AAP,Samarinda AP Tumenggung Pranoto Airport,Citilink,QG,A320,Airbus A320-214,PK-GQD,Departed 07:58,2026-08-06 05:58:18
SUB,departures,2026-08-05,07:55,08:04,IU610,SJV610,BPN,Balikpapan Sepinggan Airport,Super Air Jet,IU,A320,Airbus A320-232,PK-SJE,Departed 08:04,2026-08-06 05:58:18
SUB,departures,2026-08-05,07:55,,JT990,,DPS,Denpasar Ngurah Rai International Airport,Lion Air,JT,739,,,Canceled,2026-08-06 05:58:18
SUB,departures,2026-08-05,08:00,07:45,CZ8138,CSN8138,CAN,Guangzhou Baiyun International Airport,China Southern Airlines,CZ,A21N,Airbus A321-253NX,B-321Z,Departed 07:45,2026-08-06 05:58:18
SUB,departures,2026-08-05,08:10,08:08,CX780,CPA780,HKG,Hong Kong International Airport,Cathay Pacific,CX,A333,Airbus A330-343,B-HYJ,Departed 08:08,2026-08-06 05:58:18
SUB,departures,2026-08-05,08:20,08:36,JT222,LNI222,BDJ,Banjarmasin Syamsudin Noor Airport,Lion Air,JT,B739,Boeing 737-9GP(ER),PK-LSU,Departed 08:36,2026-08-06 05:58:18
SUB,departures,2026-08-05,08:20,08:25,GA323,GIA323,CGK,Jakarta Soekarno Hatta International Airport,Garuda Indonesia,GA,B738,Boeing 737-8U3,PK-GMW,Departed 08:25,2026-08-06 05:58:18
SUB,departures,2026-08-05,08:30,,ID6710,,CGK,Jakarta Soekarno Hatta International Airport,Batik Air,ID,32A,,,Unknown,2026-08-06 05:58:18
SUB,departures,2026-08-05,08:30,10:27,ID6573,BTK6573,CGK,Jakarta Soekarno Hatta International Airport,Batik Air,ID,A320,Airbus A320-214,PK-LUI,Departed 10:27,2026-08-06 05:58:18
SUB,departures,2026-08-05,08:50,09:05,IP201,PAS201,CGK,Jakarta Soekarno Hatta International Airport,Pelita Air,IP,A320,Airbus A320-214,PK-PWK,Departed 09:05,2026-08-06 05:58:18
SUB,departures,2026-08-05,08:55,08:53,QG354,CTV354,UPG,Makassar Sultan Hasanuddin International Airport,Citilink,QG,A320,Airbus A320-214,PK-GLO,Departed 08:53,2026-08-06 05:58:18
SUB,departures,2026-08-05,09:00,09:03,JT856,LNI856,PLM,Palembang International Airport,Lion Air,JT,B738,Boeing 737-8GP,PK-LJR,Departed 09:03,2026-08-06 05:58:18
SUB,departures,2026-08-05,09:00,09:09,QG739,CTV739,CGK,Jakarta Soekarno Hatta International Airport,Citilink,QG,A320,Airbus A320-214,PK-GLP,Departed 09:09,2026-08-06 05:58:18
SUB,departures,2026-08-05,09:05,09:14,JT642,LNI642,LOP,Lombok International Airport,Lion Air,JT,B739,Boeing 737-9GP(ER),PK-LHQ,Departed 09:14,2026-08-06 05:58:18
SUB,departures,2026-08-05,09:10,09:23,IU652,SJV652,AAP,Samarinda AP Tumenggung Pranoto Airport,Super Air Jet,IU,A320,Airbus A320-232,PK-STF,Departed 09:23,2026-08-06 05:58:18
SUB,departures,2026-08-05,09:15,09:22,QG486,CTV486,BDJ,Banjarmasin Syamsudin Noor Airport,Citilink,QG,A320,Airbus A320-214,PK-GLL,Departed 09:22,2026-08-06 05:58:18
SUB,departures,2026-08-05,09:20,09:27,QG948,CTV948,BTH,Batam Hang Nadim Airport,Citilink,QG,A320,Airbus A320-214,PK-GLU,Departed 09:27,2026-08-06 05:58:18
SUB,departures,2026-08-05,09:20,09:38,GA342,GIA342,DPS,Denpasar Ngurah Rai International Airport,Garuda Indonesia,GA,B738,Boeing 737-8U3,PK-GFF,Departed 09:38,2026-08-06 05:58:18
SUB,departures,2026-08-05,09:30,09:40,QG696,CTV696,DPS,Denpasar Ngurah Rai International Airport,Citilink,QG,A320,Airbus A320-214,PK-GLV,Departed 09:40,2026-08-06 05:58:18
SUB,departures,2026-08-05,09:35,,IU614,,BPN,Balikpapan Sepinggan Airport,Super Air Jet,IU,320,,,Canceled,2026-08-06 05:58:18
SUB,departures,2026-08-05,10:05,10:11,ID7250,BTK7250,KUL,Kuala Lumpur International Airport,Batik Air,ID,B738,Boeing 737-8U3,PK-BGF,Departed 10:11,2026-08-06 05:58:18
SUB,departures,2026-08-05,10:10,11:26,ID6820,,CGK,Jakarta Soekarno Hatta International Airport,Batik Air,ID,32A,,,Unknown,2026-08-06 05:58:18
SUB,departures,2026-08-05,10:10,10:22,ID6585,BTK6585,CGK,Jakarta Soekarno Hatta International Airport,Batik Air,ID,B738,Boeing 737-86N,PK-BGZ,Departed 10:22,2026-08-06 05:58:18
SUB,departures,2026-08-05,10:15,09:45,3Y815,MYU815,CGK,Jakarta Soekarno Hatta International Airport,My Indo Airlines,3Y,B734,Boeing 737-4Q8(SF),PK-MYN,Departed 09:45,2026-08-06 05:58:18
SUB,departures,2026-08-05,10:15,10:32,GA303,GIA303,CGK,Jakarta Soekarno Hatta International Airport,Garuda Indonesia,GA,B738,Boeing 737-8U3,PK-GNA,Departed 10:32,2026-08-06 05:58:18
SUB,departures,2026-08-05,10:25,10:25,SQ923,SIA923,SIN,Singapore Changi Airport,Singapore Airlines,SQ,A359,Airbus A350-941,9V-SHA,Departed 10:25,2026-08-06 05:58:18
SUB,departures,2026-08-05,10:30,,IU634,,BDJ,Banjarmasin Syamsudin Noor Airport,Super Air Jet,IU,320,,,Canceled,2026-08-06 05:58:18
SUB,departures,2026-08-05,10:35,10:41,TR297,TGW297,SIN,Singapore Changi Airport,Scoot,TR,A20N,Airbus A320-271N,9V-TNM,Departed 10:41,2026-08-06 05:58:18
SUB,departures,2026-08-05,10:45,,IP203,,CGK,Jakarta Soekarno Hatta International Airport,Pelita Air,IP,320,,,Unknown,2026-08-06 05:58:18
SUB,departures,2026-08-05,10:55,11:06,ID7516,BTK7516,HLP,Jakarta Halim Perdanakusuma Airport,Batik Air,ID,A320,Airbus A320-214,PK-LUK,Departed 11:06,2026-08-06 05:58:15
SUB,departures,2026-08-05,11:00,12:38,IU716,SJV716,LOP,Lombok International Airport,Super Air Jet,IU,A320,Airbus A320-232,PK-SGA,Departed 12:38,2026-08-06 05:58:15
SUB,departures,2026-08-05,11:05,11:13,JT697,LNI697,CGK,Jakarta Soekarno Hatta International Airport,Lion Air,JT,B738,Boeing 737-8GP,PK-LPK,Departed 11:13,2026-08-06 05:58:15
SUB,departures,2026-08-05,11:10,12:49,JT1780,,UPG,Makassar Sultan Hasanuddin International Airport,Lion Air,JT,739,,,Unknown,2026-08-06 05:58:15
SUB,departures,2026-08-05,11:10,,JT998,,UPG,Makassar Sultan Hasanuddin International Airport,Lion Air,JT,738,,,Unknown,2026-08-06 05:58:15
SUB,departures,2026-08-05,11:10,11:10,JT980,,UPG,Makassar Sultan Hasanuddin International Airport,Lion Air,JT,738,,,Estimated dep 11:10*,2026-08-06 05:58:15
SUB,departures,2026-08-05,11:10,11:10,JT837,,UPG,Makassar Sultan Hasanuddin International Airport,Lion Air,JT,738,,,Estimated dep 11:10*,2026-08-06 05:58:15
SUB,departures,2026-08-05,11:10,11:23,JT706,LNI706,UPG,Makassar Sultan Hasanuddin International Airport,Lion Air,JT,B739,Boeing 737-9GP(ER),PK-LHR,Departed 11:23,2026-08-06 05:58:15
SUB,departures,2026-08-05,11:10,11:27,GA327,GIA327,CGK,Jakarta Soekarno Hatta International Airport,Garuda Indonesia (Retro 1960 Livery),GA,B738,Boeing 737-8U3,PK-GFM,Departed 11:27,2026-08-06 05:58:15
SUB,departures,2026-08-05,11:15,12:08,JT694,LNI694,KOE,Kupang El Tari Airport,Lion Air,JT,B738,Boeing 737-8GP,PK-LOR,Departed 12:08,2026-08-06 05:58:15
SUB,departures,2026-08-05,11:15,11:30,JT804,LNI804,DPS,Denpasar Ngurah Rai International Airport,Lion Air,JT,B739,Boeing 737-9GP(ER),PK-LJI,Departed 11:30,2026-08-06 05:58:15
SUB,departures,2026-08-05,11:20,11:32,QZ322,AWQ322,KUL,Kuala Lumpur International Airport,AirAsia (Dnars Indonesia Livery),AK,A320,Airbus A320-216,PK-AZN,Departed 11:32,2026-08-06 05:58:15
SUB,departures,2026-08-05,11:25,11:38,QG719,CTV719,CGK,Jakarta Soekarno Hatta International Airport,Citilink,QG,A320,Airbus A320-214,PK-GQP,Departed 11:38,2026-08-06 05:58:15
SUB,departures,2026-08-05,11:35,12:21,ID7520,BTK7520,HLP,Jakarta Halim Perdanakusuma Airport,Batik Air,ID,A320,Airbus A320-214,PK-LAJ,Departed 12:21,2026-08-06 05:58:15
SUB,departures,2026-08-05,11:35,11:46,JT104,LNI104,JED,Jeddah King Abdulaziz International Airport,Lion Air,JT,A339,Airbus A330-941,PK-LEQ,Departed 11:46,2026-08-06 05:58:15
SUB,departures,2026-08-05,11:40,11:58,JT973,LNI973,BTH,Batam Hang Nadim Airport,Lion Air,JT,B739,Boeing 737-9GP(ER),PK-LFZ,Departed 11:58,2026-08-06 05:58:15
SUB,departures,2026-08-05,11:45,11:49,IW1805,WON1805,SMQ,Sampit Airport,Wings Air,IW,AT76,ATR 72-600,PK-WGV,Departed 11:49,2026-08-06 05:58:15
SUB,departures,2026-08-05,11:55,15:17,IN242,LKN242,SMQ,Sampit Airport,NAM Air,IN,B735,Boeing 737-524,PK-NAS,Departed 15:17,2026-08-06 05:58:15
SUB,departures,2026-08-05,11:55,12:05,QG350,CTV350,UPG,Makassar Sultan Hasanuddin International Airport,Citilink,QG,A20N,Airbus A320-251N,PK-GTC,Departed 12:05,2026-08-06 05:58:15
SUB,departures,2026-08-05,12:00,12:50,ID6346,BTK6346,BEJ,Kalimarau Airport,Batik Air,ID,A320,Airbus A320-214,PK-LUG,Departed 12:50,2026-08-06 05:58:15
SUB,departures,2026-08-05,12:20,12:34,IU704,SJV363,DPS,Denpasar Ngurah Rai International Airport,Super Air Jet,IU,A320,Airbus A320-232,PK-STC,Departed 12:34,2026-08-06 05:58:15
SUB,departures,2026-08-05,12:20,12:36,QG418,CTV418,PNK,Pontianak Supadio Airport,Citilink,QG,A320,Airbus A320-214,PK-GQD,Departed 12:36,2026-08-06 05:58:15
SUB,departures,2026-08-05,12:25,12:25,JT996,,UPG,Makassar Sultan Hasanuddin International Airport,Lion Air,JT,738,,,Estimated dep 12:25*,2026-08-06 05:58:15
SUB,departures,2026-08-05,12:25,12:57,JT780,LNI780,UPG,Makassar Sultan Hasanuddin International Airport,Lion Air (50th 737-900ER Livery),JT,B739,Boeing 737-9GP(ER),PK-LHY,Departed 12:57,2026-08-06 05:58:15
SUB,departures,2026-08-05,12:25,12:40,JT722,LNI722,KDI,Kendari Haluoleo Airport,Lion Air,JT,B738,Boeing 737-8GP,PK-LKQ,Departed 12:40,2026-08-06 05:58:15
SUB,departures,2026-08-05,12:40,12:45,QG456,CTV456,PKY,Palangkaraya Tjilik Riwut Airport,Citilink,QG,A320,Airbus A320-214,PK-GLL,Departed 12:45,2026-08-06 05:58:15
SUB,departures,2026-08-05,12:45,12:54,QG668,CTV668,DPS,Denpasar Ngurah Rai International Airport,Citilink,QG,A320,Airbus A320-214,PK-GLV,Departed 12:54,2026-08-06 05:58:15
SUB,departures,2026-08-05,13:25,13:32,IP205,PAS205,CGK,Jakarta Soekarno Hatta International Airport,Pelita Air,IP,A320,Airbus A320-214,PK-PWH,Departed 13:32,2026-08-06 05:58:15
SUB,departures,2026-08-05,13:30,,JT805,,PKY,Palangkaraya Tjilik Riwut Airport,Lion Air,JT,739,,,Unknown,2026-08-06 05:58:15
SUB,departures,2026-08-05,13:30,13:37,JT680,LNI680,PKY,Palangkaraya Tjilik Riwut Airport,Lion Air,JT,B739,Boeing 737-9GP(ER),PK-LSR,Departed 13:37,2026-08-06 05:58:15
SUB,departures,2026-08-05,13:50,14:04,IU618,SJV618,BPN,Balikpapan Sepinggan Airport,Super Air Jet,IU,A320,Airbus A320-232,PK-STS,Departed 14:04,2026-08-06 05:58:15
SUB,departures,2026-08-05,14:00,14:40,IU706,SJV706,DPS,Denpasar Ngurah Rai International Airport,Super Air Jet,IU,A320,Airbus A320-232,PK-STD,Departed 14:40,2026-08-06 05:58:15
SUB,departures,2026-08-05,14:00,14:30,QG737,CTV737,CGK,Jakarta Soekarno Hatta International Airport,Citilink,QG,A20N,Airbus A320-251N,PK-GTG,Departed 14:30,2026-08-06 05:58:15
SUB,departures,2026-08-05,14:10,14:24,IU720,SJV720,LOP,Lombok International Airport,Super Air Jet,IU,A320,Airbus A320-232,PK-SJV,Departed 14:24,2026-08-06 05:58:15
SUB,departures,2026-08-05,14:20,14:17,JT106,LNI106,JED,Jeddah King Abdulaziz International Airport,Lion Air,JT,A339,Airbus A330-941,PK-LEI,Departed 14:17,2026-08-06 05:58:15
SUB,departures,2026-08-05,14:35,14:52,QG177,CTV177,HLP,Jakarta Halim Perdanakusuma Airport,Citilink,QG,A320,Airbus A320-214,PK-GQE,Departed 14:52,2026-08-06 05:58:15
SUB,departures,2026-08-05,14:35,15:04,JT364,LNI364,BPN,Balikpapan Sepinggan Airport,Lion Air,JT,B739,Boeing 737-9GP(ER),PK-LJI,Departed 15:04,2026-08-06 05:58:15
SUB,departures,2026-08-05,14:35,14:56,GA317,GIA317,CGK,Jakarta Soekarno Hatta International Airport,Garuda Indonesia,GA,B738,Boeing 737-86N,PK-GFS,Departed 14:56,2026-08-06 05:58:15
SUB,departures,2026-08-05,14:55,15:13,QG352,CTV352,UPG,Makassar Sultan Hasanuddin International Airport,Citilink,QG,A320,Airbus A320-214,PK-GQO,Departed 15:13,2026-08-06 05:58:15
SUB,departures,2026-08-05,15:05,15:19,QG434,CTV434,BPN,Balikpapan Sepinggan Airport,Citilink,QG,A320,Airbus A320-214,PK-GLU,Departed 15:19,2026-08-06 05:58:15
SUB,departures,2026-08-05,15:10,18:42,IN192,LKN192,PKN,Pangkalan Bun Iskandar Airport,NAM Air,IN,B735,Boeing 737-524,PK-NAS,Departed 18:42,2026-08-06 05:58:15
SUB,departures,2026-08-05,15:30,,QZ388,,PEN,Penang International Airport,Indonesia AirAsia,QZ,320,,,Unknown,2026-08-06 05:58:15
SUB,departures,2026-08-05,15:30,15:54,IU726,SJV726,LBJ,Labuan Bajo Komodo Airport,Super Air Jet,IU,A320,Airbus A320-232,PK-SAS,Departed 15:54,2026-08-06 05:58:15
SUB,departures,2026-08-05,15:35,16:09,JT312,LNI312,BDJ,Banjarmasin Syamsudin Noor Airport,Lion Air,JT,B739,Boeing 737-9GP(ER),PK-LHR,Departed 16:09,2026-08-06 05:58:15
SUB,departures,2026-08-05,15:40,16:07,ID7512,BTK7512,HLP,Jakarta Halim Perdanakusuma Airport,Batik Air,ID,A320,Airbus A320-214,PK-LAJ,Departed 16:07,2026-08-06 05:58:15
SUB,departures,2026-08-05,15:40,15:48,QG717,CTV717,CGK,Jakarta Soekarno Hatta International Airport,Citilink,QG,A20N,Airbus A320-251N,PK-GTF,Departed 15:48,2026-08-06 05:58:15
SUB,departures,2026-08-05,15:50,16:00,MH872,MAS872,KUL,Kuala Lumpur International Airport,Malaysia Airlines (Retro Livery),MH,B738,Boeing 737-8H6,9M-MLV,Departed 16:00,2026-08-06 05:58:15
SUB,departures,2026-08-05,16:00,16:10,IU340,SJV340,PNK,Pontianak Supadio Airport,Super Air Jet,IU,A320,Airbus A320-232,PK-STF,Departed 16:10,2026-08-06 05:58:15
SUB,departures,2026-08-05,16:10,16:38,QG488,CTV488,BDJ,Banjarmasin Syamsudin Noor Airport,Citilink,QG,A320,Airbus A320-214,PK-GLV,Departed 16:38,2026-08-06 05:58:15
SUB,departures,2026-08-05,16:25,16:50,ID6401,BTK6401,CGK,Jakarta Soekarno Hatta International Airport,Batik Air,ID,A320,Airbus A320-214,PK-BKQ,Departed 16:50,2026-08-06 05:58:15
SUB,departures,2026-08-05,16:30,16:42,SQ927,SIA927,SIN,Singapore Changi Airport,Singapore Airlines,SQ,B38M,Boeing 737 MAX 8,9V-MBO,Departed 16:42,2026-08-06 05:58:15
SUB,departures,2026-08-05,16:35,16:46,QG672,CTV672,LOP,Lombok International Airport,Citilink,QG,A320,Airbus A320-214,PK-GLL,Departed 16:46,2026-08-06 05:58:15
SUB,departures,2026-08-05,16:45,16:48,IP623,PAS623,BPN,Balikpapan Sepinggan Airport,Pelita Air,IP,A320,Airbus A320-232,PK-PWL,Departed 16:48,2026-08-06 05:58:15
SUB,departures,2026-08-05,16:45,16:53,JT268,LNI268,TRK,Tarakan Juwata International Airport,Lion Air,JT,B739,Boeing 737-9GP(ER),PK-LHP,Departed 16:53,2026-08-06 05:58:15
SUB,departures,2026-08-05,16:50,17:11,QG698,CTV698,DPS,Denpasar Ngurah Rai International Airport,Citilink,QG,A320,Airbus A320-214,PK-GQD,Departed 17:11,2026-08-06 05:58:15
SUB,departures,2026-08-05,17:00,,JT695,,CGK,Jakarta Soekarno Hatta International Airport,Lion Air,JT,739,,,Unknown,2026-08-06 05:58:15
SUB,departures,2026-08-05,17:00,17:31,JT581,,CGK,Jakarta Soekarno Hatta International Airport,Lion Air,JT,738,,,Estimated dep 17:31*,2026-08-06 05:58:15
SUB,departures,2026-08-05,17:00,,GA315,,CGK,Jakarta Soekarno Hatta International Airport,Garuda Indonesia,GA,738,,,Canceled,2026-08-06 05:58:15
SUB,departures,2026-08-05,17:15,17:40,JT910,LNI910,DPS,Denpasar Ngurah Rai International Airport,Lion Air,JT,B739,Boeing 737-9GP(ER),PK-LSR,Departed 17:40,2026-08-06 05:58:15
SUB,departures,2026-08-05,17:15,17:15,JT681,,DPS,Denpasar Ngurah Rai International Airport,Lion Air,JT,739,,,Estimated dep 17:15*,2026-08-06 05:58:15
SUB,departures,2026-08-05,17:15,17:38,QG173,CTV173,HLP,Jakarta Halim Perdanakusuma Airport,Citilink,QG,A320,Airbus A320-214,PK-GLO,Departed 17:38,2026-08-06 05:58:15
SUB,departures,2026-08-05,17:15,17:42,JT692,LNI692,KOE,Kupang El Tari Airport,Lion Air,JT,B738,Boeing 737-8GP,PK-LJR,Departed 17:42,2026-08-06 05:58:15
SUB,departures,2026-08-05,17:20,17:29,JT316,LNI316,BDJ,Banjarmasin Syamsudin Noor Airport,Lion Air,JT,B739,Boeing 737-9GP(ER),PK-LSL,Departed 17:29,2026-08-06 05:58:15
SUB,departures,2026-08-05,17:30,17:50,ID7579,BTK7579,CGK,Jakarta Soekarno Hatta International Airport,Batik Air,ID,A320,Airbus A320-214,PK-BLD,Departed 17:50,2026-08-06 05:58:15
SUB,departures,2026-08-05,17:45,17:57,QZ326,AWQ326,KUL,Kuala Lumpur International Airport,AirAsia (Dnars Indonesia Livery),AK,A320,Airbus A320-216,PK-AZN,Departed 17:57,2026-08-06 05:58:15
SUB,departures,2026-08-05,17:55,,IU616,,BPN,Balikpapan Sepinggan Airport,Super Air Jet,IU,320,,,Unknown,2026-08-06 05:58:15
SUB,departures,2026-08-05,17:55,,ID7514,,HLP,Jakarta Halim Perdanakusuma Airport,Batik Air,ID,32A,,,Canceled,2026-08-06 05:58:15
SUB,departures,2026-08-05,18:00,18:02,JT838,LNI838,PNK,Pontianak Supadio Airport,Lion Air,JT,B738,Boeing 737-8GP,PK-LKQ,Departed 18:02,2026-08-06 05:58:15
SUB,departures,2026-08-05,18:00,18:38,GA313,GIA313,CGK,Jakarta Soekarno Hatta International Airport,Garuda Indonesia,GA,B738,Boeing 737-8U3,PK-GFF,Departed 18:38,2026-08-06 05:58:15
SUB,departures,2026-08-05,18:25,18:31,IP207,PAS207,CGK,Jakarta Soekarno Hatta International Airport,Pelita Air,IP,A320,Airbus A320-214,PK-PWJ,Departed 18:31,2026-08-06 05:58:15
SUB,departures,2026-08-05,18:40,18:52,ID7502,BTK7502,HLP,Jakarta Halim Perdanakusuma Airport,Batik Air,ID,A320,Airbus A320-214,PK-LUK,Departed 18:52,2026-08-06 05:58:15
SUB,departures,2026-08-05,18:40,19:52,JT260,LNI260,BPN,Balikpapan Sepinggan Airport,Lion Air,JT,B739,Boeing 737-9GP(ER),PK-LHR,Departed 19:52,2026-08-06 05:58:15
SUB,departures,2026-08-05,18:45,19:09,QG727,CTV727,CGK,Jakarta Soekarno Hatta International Airport,Citilink,QG,A320,Airbus A320-214,PK-GQP,Departed 19:09,2026-08-06 05:58:15
SUB,departures,2026-08-05,19:00,19:00,JT3794,,UPG,Makassar Sultan Hasanuddin International Airport,Lion Air,JT,739,,,Estimated dep 19:00*,2026-08-06 05:58:15
SUB,departures,2026-08-05,19:00,20:04,JT1880,,UPG,Makassar Sultan Hasanuddin International Airport,Lion Air,JT,738,,,Unknown,2026-08-06 05:58:15
SUB,departures,2026-08-05,19:00,19:00,JT1984,,UPG,Makassar Sultan Hasanuddin International Airport,Lion Air,JT,739,,,Estimated dep 19:00*,2026-08-06 05:58:15
SUB,departures,2026-08-05,19:00,19:00,JT1948,,UPG,Makassar Sultan Hasanuddin International Airport,Lion Air,JT,738,,,Estimated dep 19:00*,2026-08-06 05:58:15
SUB,departures,2026-08-05,19:00,20:01,JT880,LNI880,UPG,Makassar Sultan Hasanuddin International Airport,Lion Air,JT,B738,Boeing 737-8GP,PK-LKH,Departed 20:01,2026-08-06 05:58:15
SUB,departures,2026-08-05,19:00,19:06,GA325,GIA325,CGK,Jakarta Soekarno Hatta International Airport,Garuda Indonesia,GA,B738,Boeing 737-8H6,PK-GUL,Departed 19:06,2026-08-06 05:58:15
SUB,departures,2026-08-05,19:10,19:19,QG494,CTV494,BDJ,Banjarmasin Syamsudin Noor Airport,Citilink,QG,A320,Airbus A320-214,PK-GQO,Departed 19:19,2026-08-06 05:58:15
SUB,departures,2026-08-05,19:15,19:25,SQ929,SIA929,SIN,Singapore Changi Airport,Singapore Airlines,SQ,B38M,Boeing 737 MAX 8,9V-MBU,Departed 19:25,2026-08-06 05:58:15
SUB,departures,2026-08-05,19:15,19:50,ID6575,BTK6575,CGK,Jakarta Soekarno Hatta International Airport,Batik Air,ID,A320,Airbus A320-232,PK-BKM,Departed 19:50,2026-08-06 05:58:15
SUB,departures,2026-08-05,19:50,19:56,TR267,TGW267,SIN,Singapore Changi Airport,Scoot,TR,A20N,Airbus A320-271N,9V-TNJ,Departed 19:56,2026-08-06 05:58:15
SUB,departures,2026-08-05,19:50,19:54,QG693,CTV693,DPS,Denpasar Ngurah Rai International Airport,Citilink,QG,A320,Airbus A320-214,PK-GLU,Departed 19:54,2026-08-06 05:58:15
SUB,departures,2026-08-05,20:05,21:39,SJ562,SJY562,UPG,Makassar Sultan Hasanuddin International Airport,BBN Airlines Indonesia,0B,B738,Boeing 737-8BK,PK-BBF,Departed 21:39,2026-08-06 05:58:15
SUB,departures,2026-08-05,20:15,20:21,QG171,CTV171,CGK,Jakarta Soekarno Hatta International Airport,Citilink,QG,A320,Airbus A320-214,PK-GLV,Departed 20:21,2026-08-06 05:58:15
SUB,departures,2026-08-05,22:00,,ID8260,,UPG,Makassar Sultan Hasanuddin International Airport,Batik Air,ID,32A,,,Canceled,2026-08-06 05:58:15
SUB,departures,2026-08-05,22:00,,ID8770,,UPG,Makassar Sultan Hasanuddin International Airport,Batik Air,ID,32A,,,Unknown,2026-08-06 05:58:15
SUB,departures,2026-08-05,22:00,22:42,ID8182,,UPG,Makassar Sultan Hasanuddin International Airport,Batik Air,ID,32A,,,Estimated dep 22:42*,2026-08-06 05:58:15
SUB,departures,2026-08-05,22:00,22:33,ID6136,BTK6136,UPG,Makassar Sultan Hasanuddin International Airport,Batik Air,ID,A320,Airbus A320-214,PK-LAO,Departed 22:33,2026-08-06 05:58:15
UPG,arrivals,2026-08-05,00:00,23:30,QG250,CTV250,CGK,Jakarta Soekarno Hatta International Airport,Citilink,QG,A320,Airbus A320-214,PK-GLM,Landed 00:30,2026-08-06 05:58:47
UPG,arrivals,2026-08-05,00:20,,JT948,,CGK,Jakarta Soekarno Hatta International Airport,Lion Air,JT,738,,,Unknown,2026-08-06 05:58:47
UPG,arrivals,2026-08-05,00:25,,JT984,,CGK,Jakarta Soekarno Hatta International Airport,Lion Air,JT,739,,,Canceled,2026-08-06 05:58:47
UPG,arrivals,2026-08-05,00:40,,RI320,,CGK,Jakarta Soekarno Hatta International Airport,Rimbun Air,RI,73Y,,,Unknown,2026-08-06 05:58:47
UPG,arrivals,2026-08-05,00:40,01:31,SJ598,SJY598,CGK,Jakarta Soekarno Hatta International Airport,Sriwijaya Air,SJ,B735,Boeing 737-524,PK-CLF,Landed 02:31,2026-08-06 05:58:47
UPG,arrivals,2026-08-05,01:20,,ID6164,,CGK,Jakarta Soekarno Hatta International Airport,Batik Air,ID,32A,,,Unknown,2026-08-06 05:58:47
UPG,arrivals,2026-08-05,01:25,01:18,ID6182,BTK6182,CGK,Jakarta Soekarno Hatta International Airport,Batik Air,ID,B738,Boeing 737-8GP,PK-LBW,Landed 02:18,2026-08-06 05:58:47
UPG,arrivals,2026-08-05,02:35,02:38,ID6288,BTK6288,CGK,Jakarta Soekarno Hatta International Airport,Batik Air,ID,A320,Airbus A320-232,PK-BLA,Landed 03:38,2026-08-06 05:58:47
UPG,arrivals,2026-08-05,03:35,,JT3896,,CGK,Jakarta Soekarno Hatta International Airport,Lion Air,JT,739,,,Unknown,2026-08-06 05:58:47
UPG,arrivals,2026-08-05,03:35,,JT1944,,CGK,Jakarta Soekarno Hatta International Airport,Lion Air,JT,739,,,Unknown,2026-08-06 05:58:47
UPG,arrivals,2026-08-05,03:35,,JT1852,,CGK,Jakarta Soekarno Hatta International Airport,Lion Air,JT,738,,,Unknown,2026-08-06 05:58:47
UPG,arrivals,2026-08-05,03:35,,JT2792,,CGK,Jakarta Soekarno Hatta International Airport,Lion Air,JT,738,,,Unknown,2026-08-06 05:58:47
UPG,arrivals,2026-08-05,03:35,,JT986,,CGK,Jakarta Soekarno Hatta International Airport,Lion Air,JT,738,,,Unknown,2026-08-06 05:58:47
UPG,arrivals,2026-08-05,03:35,,JT898,,CGK,Jakarta Soekarno Hatta International Airport,Lion Air,JT,7M9,,,Canceled,2026-08-06 05:58:47
UPG,arrivals,2026-08-05,04:25,04:23,ID6264,BTK6264,CGK,Jakarta Soekarno Hatta International Airport,Batik Air,ID,A320,Airbus A320-214,PK-BKY,Landed 05:23,2026-08-06 05:58:47
UPG,arrivals,2026-08-05,04:25,,ID6770,,CGK,Jakarta Soekarno Hatta International Airport,Batik Air,ID,32A,,,Unknown,2026-08-06 05:58:47
UPG,arrivals,2026-08-05,04:25,,ID6751,,CGK,Jakarta Soekarno Hatta International Airport,Batik Air,ID,32A,,,Unknown,2026-08-06 05:58:47
UPG,arrivals,2026-08-05,05:50,,JT871,,TTE,Ternate Babullah Airport,Lion Air,JT,739,,,Unknown,2026-08-06 05:58:44
UPG,arrivals,2026-08-05,05:50,05:39,JT981,LNI981,TTE,Ternate Babullah Airport,Lion Air,JT,B738,Boeing 737-8GP,PK-LQY,Landed 06:39,2026-08-06 05:58:44
UPG,arrivals,2026-08-05,06:10,,JT3871,,PLW,Palu Mutiara Airport,Lion Air,JT,738,,,Unknown,2026-08-06 05:58:44
UPG,arrivals,2026-08-05,06:10,,JT641,,PLW,Palu Mutiara Airport,Lion Air,JT,739,,,Unknown,2026-08-06 05:58:44
UPG,arrivals,2026-08-05,06:10,06:11,JT781,LNI781,PLW,Palu Mutiara Airport,Lion Air,JT,B739,Boeing 737-9GP(ER),PK-LSR,Landed 07:11,2026-08-06 05:58:44
UPG,arrivals,2026-08-05,06:30,,ID6267,,AMQ,Ambon Pattimura Airport,Batik Air,ID,32A,,,Unknown,2026-08-06 05:58:44
UPG,arrivals,2026-08-05,06:30,06:40,ID6165,BTK6165,AMQ,Ambon Pattimura Airport,Batik Air,ID,A320,Airbus A320-214,PK-LZH,Landed 07:40,2026-08-06 05:58:44
UPG,arrivals,2026-08-05,06:35,,JT852,,SUB,Surabaya Juanda International Airport,Lion Air,JT,738,,,Unknown,2026-08-06 05:58:44
UPG,arrivals,2026-08-05,06:35,,JT742,,SUB,Surabaya Juanda International Airport,Lion Air,JT,738,,,Unknown,2026-08-06 05:58:44
UPG,arrivals,2026-08-05,06:35,06:22,JT786,LNI786,SUB,Surabaya Juanda International Airport,Lion Air,JT,B739,Boeing 737-9GP(ER),PK-LFW,Landed 07:22,2026-08-06 05:58:44
UPG,arrivals,2026-08-05,06:40,,JT2891,,MDC,Manado Sam Ratulangi International Airport,Lion Air,JT,738,,,Unknown,2026-08-06 05:58:44
UPG,arrivals,2026-08-05,06:40,06:31,IW1305,WON1305,BUW,Bau-Bau Betoambari Airport,Wings Air,IW,AT76,ATR 72-600,PK-WHU,Landed 07:31,2026-08-06 05:58:44
UPG,arrivals,2026-08-05,06:40,06:35,IU532,SJV532,BPN,Balikpapan Sepinggan Airport,Super Air Jet,IU,A320,Airbus A320-232,PK-SGD,Landed 07:35,2026-08-06 05:58:44
UPG,arrivals,2026-08-05,06:45,,JT791,,MDC,Manado Sam Ratulangi International Airport,Lion Air,JT,739,,,Unknown,2026-08-06 05:58:44
UPG,arrivals,2026-08-05,06:45,06:26,JT741,LNI741,MDC,Manado Sam Ratulangi International Airport,Lion Air,JT,B739,Boeing 737-9GP(ER),PK-LFY,Landed 07:26,2026-08-06 05:58:44
UPG,arrivals,2026-08-05,06:55,,JT1707,,KDI,Kendari Haluoleo Airport,Lion Air,JT,739,,,Unknown,2026-08-06 05:58:44
UPG,arrivals,2026-08-05,06:55,06:54,JT991,LNI991,KDI,Kendari Haluoleo Airport,Lion Air,JT,B739,Boeing 737-9GP(ER),PK-LGL,Landed 07:54,2026-08-06 05:58:44
UPG,arrivals,2026-08-05,07:25,07:00,JT746,LNI746,DPS,Denpasar Ngurah Rai International Airport,Lion Air (80th 737NG Livery),JT,B738,Boeing 737-8GP,PK-LKP,Landed 08:00,2026-08-06 05:58:44
UPG,arrivals,2026-08-05,07:30,07:19,QG212,CTV212,CGK,Jakarta Soekarno Hatta International Airport,Citilink,QG,A20N,Airbus A320-251N,PK-GTC,Landed 08:19,2026-08-06 05:58:44
UPG,arrivals,2026-08-05,07:55,,ID6260,,CGK,Jakarta Soekarno Hatta International Airport,Batik Air,ID,32A,,,Unknown,2026-08-06 05:58:44
UPG,arrivals,2026-08-05,07:55,07:57,ID6236,BTK6236,CGK,Jakarta Soekarno Hatta International Airport,Batik Air,ID,A320,Airbus A320-214,PK-BKQ,Landed 08:57,2026-08-06 05:58:44
UPG,arrivals,2026-08-05,08:00,08:09,SJ903,SJY903,SOQ,Sorong Dominique Edward Osok Airport,Sriwijaya Air,SJ,B735,Boeing 737-524,PK-CLE,Landed 09:09,2026-08-06 05:58:44
UPG,arrivals,2026-08-05,08:00,07:53,GA604,GIA604,CGK,Jakarta Soekarno Hatta International Airport,Garuda Indonesia (From Nature to Future Livery),GA,B738,Boeing 737-8U3,PK-GFX,Landed 08:53,2026-08-06 05:58:44
UPG,arrivals,2026-08-05,08:10,08:00,IU220,SJV220,MKW,Manokwari Rendani Airport,Super Air Jet,IU,A320,Airbus A320-232,PK-SGB,Landed 09:00,2026-08-06 05:58:44
UPG,arrivals,2026-08-05,08:15,,JT1892,,SUB,Surabaya Juanda International Airport,Lion Air,JT,738,,,Unknown,2026-08-06 05:58:44
UPG,arrivals,2026-08-05,08:15,,JT994,,SUB,Surabaya Juanda International Airport,Lion Air,JT,738,,,Unknown,2026-08-06 05:58:44
UPG,arrivals,2026-08-05,08:15,08:03,JT882,LNI882,SUB,Surabaya Juanda International Airport,Lion Air,JT,B739,Boeing 737-9GP(ER),PK-LHR,Landed 09:03,2026-08-06 05:58:44
UPG,arrivals,2026-08-05,08:15,,JT854,,SUB,Surabaya Juanda International Airport,Lion Air,JT,739,,,Unknown,2026-08-06 05:58:44
UPG,arrivals,2026-08-05,08:15,08:13,IW1297,WON1297,MOH,Morowali Maleo Airport,Wings Air,IW,AT76,ATR 72-600,PK-WKH,Landed 09:13,2026-08-06 05:58:44
UPG,arrivals,2026-08-05,08:25,08:17,MH847,MAS847,KUL,Kuala Lumpur International Airport,Malaysia Airlines,MH,B738,Boeing 737-8H6,9M-MXW,Landed 09:17,2026-08-06 05:58:44
UPG,arrivals,2026-08-05,08:25,08:06,IW1207,WON1207,KXB,Kolaka Sangia Nibandera Airport,Wings Air,IW,AT76,ATR 72-600,PK-WGY,Landed 09:06,2026-08-06 05:58:44
UPG,arrivals,2026-08-05,08:25,08:20,IP806,PAS806,CGK,Jakarta Soekarno Hatta International Airport,Pelita Air,IP,A320,Airbus A320-214,PK-PWQ,Landed 09:20,2026-08-06 05:58:44
UPG,arrivals,2026-08-05,08:45,08:47,IW2309,WON2309,BUW,Bau-Bau Betoambari Airport,Wings Air,IW,AT75,ATR 72-500,PK-WFI,Landed 09:47,2026-08-06 05:58:44
UPG,arrivals,2026-08-05,08:55,,JT1949,,MKQ,Merauke Mopah International Airport,Lion Air,JT,738,,,Unknown,2026-08-06 05:58:44
UPG,arrivals,2026-08-05,09:00,08:38,QG251,CTV251,DJJ,Jayapura Sentani Airport,Citilink,QG,A320,Airbus A320-214,PK-GLM,Landed 09:38,2026-08-06 05:58:44
UPG,arrivals,2026-08-05,09:00,08:53,JT949,LNI949,MKQ,Merauke Mopah International Airport,Lion Air,JT,B738,Boeing 737-8GP,PK-LOJ,Landed 09:53,2026-08-06 05:58:44
UPG,arrivals,2026-08-05,09:25,,JT1943,,SOQ,Sorong Dominique Edward Osok Airport,Lion Air,JT,738,,,Unknown,2026-08-06 05:58:44
UPG,arrivals,2026-08-05,09:25,09:16,JT943,LNI943,SOQ,Sorong Dominique Edward Osok Airport,Lion Air (Bookcabin Livery),JT,B738,Boeing 737-8GP,PK-LJY,Landed 10:16,2026-08-06 05:58:44
UPG,arrivals,2026-08-05,09:25,09:22,IW1331,WON1331,TRT,Toraja Airport,Wings Air,IW,AT75,ATR 72-500,PK-WFU,Landed 10:22,2026-08-06 05:58:44
UPG,arrivals,2026-08-05,09:30,09:26,GA610,GIA610,CGK,Jakarta Soekarno Hatta International Airport,Garuda Indonesia (Livin' by Mandiri Livery),GA,B738,Boeing 737-86N,PK-GFI,Landed 10:26,2026-08-06 05:58:44
UPG,arrivals,2026-08-05,09:45,09:30,IW1303,WON1303,MJU,Mamuju Tampa Padang Airport,Wings Air,IW,AT76,ATR 72-600,PK-WHU,Landed 10:30,2026-08-06 05:58:44
UPG,arrivals,2026-08-05,09:50,09:34,JT987,LNI987,KDI,Kendari Haluoleo Airport,Lion Air,JT,B739,Boeing 737-9GP(ER),PK-LSR,Landed 10:34,2026-08-06 05:58:44
UPG,arrivals,2026-08-05,09:50,,JT707,,KDI,Kendari Haluoleo Airport,Lion Air,JT,739,,,Unknown,2026-08-06 05:58:44
UPG,arrivals,2026-08-05,10:10,,ID8750,,KDI,Kendari Haluoleo Airport,Batik Air,ID,32A,,,Unknown,2026-08-06 05:58:44
UPG,arrivals,2026-08-05,10:10,10:39,ID6750,BTK6750,KDI,Kendari Haluoleo Airport,Batik Air,ID,A320,Airbus A320-214,PK-BKY,Landed 11:39,2026-08-06 05:58:44
UPG,arrivals,2026-08-05,10:10,11:10,SJ699,SJY699,TTE,Ternate Babullah Airport,BBN Airlines Indonesia,0B,B738,Boeing 737-8BK,PK-BBF,Landed 12:10,2026-08-06 05:58:44
UPG,arrivals,2026-08-05,10:10,,IU573,,BUW,Bau-Bau Betoambari Airport,Super Air Jet,IU,320,,,Canceled,2026-08-06 05:58:44
UPG,arrivals,2026-08-05,10:15,,JT1855,,PLW,Palu Mutiara Airport,Lion Air,JT,738,,,Unknown,2026-08-06 05:58:44
UPG,arrivals,2026-08-05,10:15,,JT1787,,PLW,Palu Mutiara Airport,Lion Air,JT,739,,,Unknown,2026-08-06 05:58:44
UPG,arrivals,2026-08-05,10:15,,JT855,,PLW,Palu Mutiara Airport,Lion Air,JT,738,,,Unknown,2026-08-06 05:58:44
UPG,arrivals,2026-08-05,10:20,,ID8183,,DJJ,Jayapura Sentani Airport,Batik Air,ID,32A,,,Unknown,2026-08-06 05:58:44
UPG,arrivals,2026-08-05,10:20,10:11,ID6183,BTK6183,DJJ,Jayapura Sentani Airport,Batik Air,ID,B738,Boeing 737-8GP,PK-LBW,Landed 11:11,2026-08-06 05:58:44
UPG,arrivals,2026-08-05,10:25,09:57,IW1329,WON1329,MOH,Morowali Maleo Airport,Wings Air,IW,AT75,ATR 72-500,PK-WFW,Landed 10:57,2026-08-06 05:58:44
UPG,arrivals,2026-08-05,10:30,10:07,QG354,CTV354,SUB,Surabaya Juanda International Airport,Citilink,QG,A320,Airbus A320-214,PK-GLO,Landed 11:07,2026-08-06 05:58:44
UPG,arrivals,2026-08-05,11:00,,JT1994,,CGK,Jakarta Soekarno Hatta International Airport,Lion Air,JT,738,,,Unknown,2026-08-06 05:58:44
UPG,arrivals,2026-08-05,11:00,11:22,JT892,LNI892,CGK,Jakarta Soekarno Hatta International Airport,Lion Air,JT,B739,Boeing 737-9GP(ER),PK-LSK,Landed 12:22,2026-08-06 05:58:44
UPG,arrivals,2026-08-05,11:05,,JT1897,,TTE,Ternate Babullah Airport,Lion Air,JT,738,,,Unknown,2026-08-06 05:58:44
UPG,arrivals,2026-08-05,11:05,10:50,JT897,LNI897,TTE,Ternate Babullah Airport,Lion Air,JT,B738,Boeing 737-8GP,PK-LJS,Landed 11:50,2026-08-06 05:58:44
UPG,arrivals,2026-08-05,11:10,11:15,IW1205,WON1205,KXB,Kolaka Sangia Nibandera Airport,Wings Air,IW,AT76,ATR 72-600,PK-WGY,Landed 12:15,2026-08-06 05:58:44
UPG,arrivals,2026-08-05,11:20,,JT744,,DPS,Denpasar Ngurah Rai International Airport,Lion Air,JT,739,,,Canceled,2026-08-06 05:58:44
UPG,arrivals,2026-08-05,11:30,,ID6762,,CGK,Jakarta Soekarno Hatta International Airport,Batik Air,ID,32A,,,Unknown,2026-08-06 05:58:44
UPG,arrivals,2026-08-05,11:30,,ID6554,,CGK,Jakarta Soekarno Hatta International Airport,Batik Air,ID,32A,,,Unknown,2026-08-06 05:58:44
UPG,arrivals,2026-08-05,11:30,11:19,ID6771,BTK6771,MDC,Manado Sam Ratulangi International Airport,Batik Air,ID,A320,Airbus A320-214,PK-LZH,Landed 12:19,2026-08-06 05:58:44
UPG,arrivals,2026-08-05,11:30,11:37,ID6292,BTK6292,CGK,Jakarta Soekarno Hatta International Airport,Batik Air,ID,A320,Airbus A320-214,PK-LUU,Landed 12:37,2026-08-06 05:58:44
UPG,arrivals,2026-08-05,11:35,,SJ9201,,NBX,Nabire Airport,Sriwijaya Air,SJ,735,,,Unknown,2026-08-06 05:58:44
UPG,arrivals,2026-08-05,11:40,,JT1985,,TIM,Timika Airport,Lion Air,JT,739,,,Unknown,2026-08-06 05:58:44
UPG,arrivals,2026-08-05,11:45,12:02,SJ539,SJY539,MOH,Morowali Maleo Airport,Sriwijaya Air,SJ,B735,Boeing 737-524,PK-CLE,Landed 13:02,2026-08-06 05:58:44
UPG,arrivals,2026-08-05,11:45,11:39,JT985,LNI985,TIM,Timika Airport,Lion Air,JT,B739,Boeing 737-9GP(ER),PK-LJG,Landed 12:39,2026-08-06 05:58:44
UPG,arrivals,2026-08-05,11:50,,SJ702,,DJJ,Jayapura Sentani Airport,Sriwijaya Air,SJ,738,,,Unknown,2026-08-06 05:58:44
UPG,arrivals,2026-08-05,12:05,,GA605,,KDI,Kendari Haluoleo Airport,Garuda Indonesia (From Nature to Future Livery),GA,B738,Boeing 737-8U3,PK-GFX,Unknown,2026-08-06 05:58:44
UPG,arrivals,2026-08-05,12:05,11:58,GA605,GIA605,KDI,Kendari Haluoleo Airport,Garuda Indonesia (From Nature to Future Livery),GA,B738,Boeing 737-8U3,PK-GFX,Landed 12:58,2026-08-06 05:58:44
UPG,arrivals,2026-08-05,12:10,12:28,JT640,LNI640,YIA,Yogyakarta International Airport,Lion Air,JT,B739,Boeing 737-9GP(ER),PK-LGL,Landed 13:28,2026-08-06 05:58:44
UPG,arrivals,2026-08-05,12:10,12:06,IW1327,WON1327,MOH,Morowali Maleo Airport,Wings Air,IW,AT76,ATR 72-600,PK-WKH,Landed 13:06,2026-08-06 05:58:44
UPG,arrivals,2026-08-05,12:10,12:39,IW1351,WON1351,LLO,Palopo Lagaligo Airport,Wings Air,IW,AT75,ATR 72-500,PK-WFU,Landed 13:39,2026-08-06 05:58:44
UPG,arrivals,2026-08-05,12:15,,JT2778,,CGK,Jakarta Soekarno Hatta International Airport,Lion Air,JT,738,,,Unknown,2026-08-06 05:58:44
UPG,arrivals,2026-08-05,12:15,,JT1774,,CGK,Jakarta Soekarno Hatta International Airport,Lion Air,JT,738,,,Unknown,2026-08-06 05:58:44
UPG,arrivals,2026-08-05,12:15,,JT1740,,CGK,Jakarta Soekarno Hatta International Airport,Lion Air,JT,739,,,Unknown,2026-08-06 05:58:44
UPG,arrivals,2026-08-05,12:15,11:55,JT774,LNI774,CGK,Jakarta Soekarno Hatta International Airport,Lion Air,JT,B738,Boeing 737-8GP,PK-LOI,Landed 12:55,2026-08-06 05:58:44
UPG,arrivals,2026-08-05,12:20,,ID6137,,LUW,Luwuk Bubung Airport,Batik Air,ID,32A,,,Unknown,2026-08-06 05:58:44
UPG,arrivals,2026-08-05,12:20,12:11,JT939,LNI939,BIK,Biak Frans Kaisiepo Airport,Lion Air,JT,B738,Boeing 737-8GP,PK-LQZ,Landed 13:11,2026-08-06 05:58:44
UPG,arrivals,2026-08-05,12:20,15:03,ID6295,BTK6295,LUW,Luwuk Bubung Airport,Batik Air,ID,A320,Airbus A320-214,PK-LUZ,Landed 16:03,2026-08-06 05:58:44
UPG,arrivals,2026-08-05,12:25,,JT1743,,MDC,Manado Sam Ratulangi International Airport,Lion Air,JT,738,,,Unknown,2026-08-06 05:58:44
UPG,arrivals,2026-08-05,12:25,,JT1643,,MDC,Manado Sam Ratulangi International Airport,Lion Air,JT,738,,,Unknown,2026-08-06 05:58:44
UPG,arrivals,2026-08-05,12:25,,JT1801,,MDC,Manado Sam Ratulangi International Airport,Lion Air,JT,738,,,Unknown,2026-08-06 05:58:44
UPG,arrivals,2026-08-05,12:25,,JT743,,MDC,Manado Sam Ratulangi International Airport,Lion Air,JT,738,,,Canceled,2026-08-06 05:58:44
UPG,arrivals,2026-08-05,12:40,,JT1780,,SUB,Surabaya Juanda International Airport,Lion Air,JT,739,,,Unknown,2026-08-06 05:58:44
UPG,arrivals,2026-08-05,12:40,,JT998,,SUB,Surabaya Juanda International Airport,Lion Air,JT,738,,,Unknown,2026-08-06 05:58:44
UPG,arrivals,2026-08-05,12:40,,JT980,,SUB,Surabaya Juanda International Airport,Lion Air,JT,738,,,Unknown,2026-08-06 05:58:44
UPG,arrivals,2026-08-05,12:40,,JT837,,SUB,Surabaya Juanda International Airport,Lion Air,JT,738,,,Unknown,2026-08-06 05:58:44
UPG,arrivals,2026-08-05,12:40,12:50,JT706,LNI706,SUB,Surabaya Juanda International Airport,Lion Air,JT,B739,Boeing 737-9GP(ER),PK-LHR,Landed 13:50,2026-08-06 05:58:44
UPG,arrivals,2026-08-05,12:50,,SJ5899,,TIM,Timika Airport,Sriwijaya Air,SJ,738,,,Unknown,2026-08-06 05:58:44
UPG,arrivals,2026-08-05,12:50,13:02,SJ589,SJY589,TIM,Timika Airport,Sriwijaya Air,SJ,B735,Boeing 737-524,PK-CLF,Landed 14:02,2026-08-06 05:58:44
UPG,arrivals,2026-08-05,13:00,12:55,IW1307,WON1307,BUW,Bau-Bau Betoambari Airport,Wings Air,IW,AT76,ATR 72-600,PK-WHU,Landed 13:55,2026-08-06 05:58:44
UPG,arrivals,2026-08-05,13:10,,JT1853,,PLW,Palu Mutiara Airport,Lion Air,JT,739,,,Unknown,2026-08-06 05:58:44
UPG,arrivals,2026-08-05,13:10,,JT853,,PLW,Palu Mutiara Airport,Lion Air,JT,738,,,Canceled,2026-08-06 05:58:44
UPG,arrivals,2026-08-05,13:15,,JT1881,,AMQ,Ambon Pattimura Airport,Lion Air,JT,738,,,Unknown,2026-08-06 05:58:44
UPG,arrivals,2026-08-05,13:15,14:49,JT881,LNI881,AMQ,Ambon Pattimura Airport,Lion Air,JT,B738,Boeing 737-8GP,PK-LQY,Landed 15:49,2026-08-06 05:58:44
UPG,arrivals,2026-08-05,13:20,,JT1797,,DJJ,Jayapura Sentani Airport,Lion Air,JT,739,,,Unknown,2026-08-06 05:58:44
UPG,arrivals,2026-08-05,13:20,13:10,JT797,LNI797,DJJ,Jayapura Sentani Airport,Lion Air,JT,B739,Boeing 737-9GP(ER),PK-LFO,Landed 14:10,2026-08-06 05:58:44
UPG,arrivals,2026-08-05,13:25,,SJ599,,TTE,Ternate Babullah Airport,Sriwijaya Air,SJ,738,,,Unknown,2026-08-06 05:58:44
UPG,arrivals,2026-08-05,13:30,13:17,QG350,CTV350,SUB,Surabaya Juanda International Airport,Citilink,QG,A20N,Airbus A320-251N,PK-GTC,Landed 14:17,2026-08-06 05:58:41
UPG,arrivals,2026-08-05,13:30,13:05,IW1911,WON1911,LBJ,Labuan Bajo Komodo Airport,Wings Air,IW,AT75,ATR 72-500,PK-WFI,Landed 14:05,2026-08-06 05:58:41
UPG,arrivals,2026-08-05,13:55,,JT996,,SUB,Surabaya Juanda International Airport,Lion Air,JT,738,,,Unknown,2026-08-06 05:58:41
UPG,arrivals,2026-08-05,13:55,14:22,JT780,LNI780,SUB,Surabaya Juanda International Airport,Lion Air (50th 737-900ER Livery),JT,B739,Boeing 737-9GP(ER),PK-LHY,Landed 15:22,2026-08-06 05:58:41
UPG,arrivals,2026-08-05,14:00,14:32,IW1209,WON1209,KXB,Kolaka Sangia Nibandera Airport,Wings Air,IW,AT76,ATR 72-600,PK-WGY,Landed 15:32,2026-08-06 05:58:41
UPG,arrivals,2026-08-05,14:05,,IW1299,,MOH,Morowali Maleo Airport,Wings Air,IW,AT7,,,Canceled,2026-08-06 05:58:41
UPG,arrivals,2026-08-05,14:20,,SJ913,,SOQ,Sorong Dominique Edward Osok Airport,Sriwijaya Air,SJ,738,,,Unknown,2026-08-06 05:58:41
UPG,arrivals,2026-08-05,14:25,,JT885,,KDI,Kendari Haluoleo Airport,Lion Air,JT,738,,,Unknown,2026-08-06 05:58:41
UPG,arrivals,2026-08-05,14:25,,JT993,,KDI,Kendari Haluoleo Airport,Lion Air,JT,738,,,Canceled,2026-08-06 05:58:41
UPG,arrivals,2026-08-05,14:30,14:26,QG342,CTV342,DPS,Denpasar Ngurah Rai International Airport,Citilink,QG,A320,Airbus A320-214,PK-GLO,Landed 15:26,2026-08-06 05:58:41
UPG,arrivals,2026-08-05,14:55,,SJ901,,NBX,Nabire Airport,Nam Air,IN,B735,Boeing 737-524,PK-NAQ,Unknown,2026-08-06 05:58:41
UPG,arrivals,2026-08-05,15:00,,SJ785,,TIM,Timika Airport,Sriwijaya Air,SJ,735,,,Unknown,2026-08-06 05:58:41
UPG,arrivals,2026-08-05,15:00,,IW1353,,LLO,Palopo Lagaligo Airport,Wings Air,IW,AT7,,,Canceled,2026-08-06 05:58:41
UPG,arrivals,2026-08-05,15:05,,JT782,,CGK,Jakarta Soekarno Hatta International Airport,Lion Air,JT,739,,,Canceled,2026-08-06 05:58:41
UPG,arrivals,2026-08-05,15:05,14:40,JT941,LNI941,SOQ,Sorong Dominique Edward Osok Airport,Lion Air,JT,B738,Boeing 737-8GP,PK-LKH,Landed 15:40,2026-08-06 05:58:41
UPG,arrivals,2026-08-05,15:10,,ID8261,,TIM,Timika Airport,Batik Air,ID,32A,,,Unknown,2026-08-06 05:58:41
UPG,arrivals,2026-08-05,15:10,15:31,ID6261,BTK6261,TIM,Timika Airport,Batik Air,ID,A320,Airbus A320-232,PK-BLA,Landed 16:31,2026-08-06 05:58:41
UPG,arrivals,2026-08-05,15:15,,SJ5830,,DJJ,Jayapura Sentani Airport,Sriwijaya Air,SJ,735,,,Unknown,2026-08-06 05:58:41
UPG,arrivals,2026-08-05,15:15,,JT1885,,GTO,Gorontalo Jalaluddin Airport,Lion Air,JT,738,,,Unknown,2026-08-06 05:58:41
UPG,arrivals,2026-08-05,15:15,16:11,JT793,LNI793,GTO,Gorontalo Jalaluddin Airport,Lion Air,JT,B739,Boeing 737-9GP(ER),PK-LSK,Landed 17:11,2026-08-06 05:58:41
UPG,arrivals,2026-08-05,15:15,,ID8293,,LUW,Luwuk Bubung Airport,Batik Air,ID,32A,,,Unknown,2026-08-06 05:58:41
UPG,arrivals,2026-08-05,15:15,,ID6235,,LUW,Luwuk Bubung Airport,Batik Air,ID,32A,,,Unknown,2026-08-06 05:58:41
UPG,arrivals,2026-08-05,15:15,15:24,ID6293,BTK6293,LUW,Luwuk Bubung Airport,Batik Air,ID,A320,Airbus A320-214,PK-LUU,Landed 16:24,2026-08-06 05:58:41
UPG,arrivals,2026-08-05,15:20,,ID8555,,PLW,Palu Mutiara Airport,Batik Air,ID,32A,,,Unknown,2026-08-06 05:58:41
UPG,arrivals,2026-08-05,15:20,,KS502,,APD,Bone Arung Palakka Airport,Aeroitalia Regional,KS,ATR,,,Unknown,2026-08-06 05:58:41
UPG,arrivals,2026-08-05,15:20,15:07,ID6555,BTK6555,PLW,Palu Mutiara Airport,Batik Air,ID,A320,Airbus A320-214,PK-LZH,Landed 16:07,2026-08-06 05:58:41
UPG,arrivals,2026-08-05,15:30,15:55,JT997,LNI997,KDI,Kendari Haluoleo Airport,Lion Air,JT,B739,Boeing 737-9GP(ER),PK-LGL,Landed 16:55,2026-08-06 05:58:41
UPG,arrivals,2026-08-05,15:35,16:07,JT95,LNI095,JED,Jeddah King Abdulaziz International Airport,Lion Air,JT,A339,Airbus A330-941,PK-LES,Landed 17:07,2026-08-06 05:58:41
UPG,arrivals,2026-08-05,15:45,16:15,IW1333,WON1333,MOH,Morowali Maleo Airport,Wings Air,IW,AT76,ATR 72-600,PK-WKH,Landed 17:15,2026-08-06 05:58:41
UPG,arrivals,2026-08-05,15:50,15:35,IW2203,WON2203,KXB,Kolaka Sangia Nibandera Airport,Wings Air,IW,AT75,ATR 72-500,PK-WFU,Landed 16:35,2026-08-06 05:58:41
UPG,arrivals,2026-08-05,15:50,15:35,IW1325,WON1325,MOH,Morowali Maleo Airport,Wings Air,IW,AT75,ATR 72-500,PK-WFS,Landed 16:35,2026-08-06 05:58:41
UPG,arrivals,2026-08-05,15:55,16:54,JT740,LNI740,DPS,Denpasar Ngurah Rai International Airport,Lion Air,JT,B739,Boeing 737-9GP(ER),PK-LFW,Landed 17:54,2026-08-06 05:58:41
UPG,arrivals,2026-08-05,16:00,,SJ717,,DPS,Denpasar Ngurah Rai International Airport,Sriwijaya Air,SJ,735,,,Unknown,2026-08-06 05:58:41
UPG,arrivals,2026-08-05,16:05,16:23,JT841,LNI841,LOP,Lombok International Airport,Lion Air,JT,B738,Boeing 737-8GP,PK-LQZ,Landed 17:23,2026-08-06 05:58:41
UPG,arrivals,2026-08-05,16:10,16:45,QG340,CTV340,CGK,Jakarta Soekarno Hatta International Airport,Citilink,QG,A320,Airbus A320-214,PK-GLN,Landed 17:45,2026-08-06 05:58:41
UPG,arrivals,2026-08-05,16:30,16:31,QG352,CTV352,SUB,Surabaya Juanda International Airport,Citilink,QG,A320,Airbus A320-214,PK-GQO,Landed 17:31,2026-08-06 05:58:41
UPG,arrivals,2026-08-05,16:35,16:18,IW1301,WON1301,MJU,Mamuju Tampa Padang Airport,Wings Air,IW,AT75,ATR 72-500,PK-WFI,Landed 17:18,2026-08-06 05:58:41
UPG,arrivals,2026-08-05,16:45,,JT995,,KDI,Kendari Haluoleo Airport,Lion Air,JT,738,,,Canceled,2026-08-06 05:58:41
UPG,arrivals,2026-08-05,16:50,17:53,SJ580,SJY580,CGK,Jakarta Soekarno Hatta International Airport,BBN Airlines Indonesia,0B,B738,Boeing 737-8BK,PK-BBF,Landed 18:53,2026-08-06 05:58:41
UPG,arrivals,2026-08-05,16:50,17:04,AK334,AXM334,KUL,Kuala Lumpur International Airport,AirAsia (Sarawak Livery),AK,A320,Airbus A320-216,9M-AJD,Landed 18:04,2026-08-06 05:58:41
UPG,arrivals,2026-08-05,16:55,16:57,ID6266,BTK6266,CGK,Jakarta Soekarno Hatta International Airport,Batik Air,ID,B738,Boeing 737-8GP,PK-LBW,Landed 17:57,2026-08-06 05:58:41
UPG,arrivals,2026-08-05,17:15,,SJ552,,BEJ,Kalimarau Airport,Sriwijaya Air,SJ,735,,,Unknown,2026-08-06 05:58:41
UPG,arrivals,2026-08-05,17:15,17:24,JT908,LNI908,SRG,Semarang Achmad Yani International Airport,Lion Air (80th 737NG Livery),JT,B738,Boeing 737-8GP,PK-LKP,Landed 18:24,2026-08-06 05:58:41
UPG,arrivals,2026-08-05,17:25,,ID8763,,MDC,Manado Sam Ratulangi International Airport,Batik Air,ID,32A,,,Unknown,2026-08-06 05:58:41
UPG,arrivals,2026-08-05,17:30,19:48,ID6763,BTK6763,MDC,Manado Sam Ratulangi International Airport,Batik Air,ID,A320,Airbus A320-214,PK-LUZ,Landed 20:48,2026-08-06 05:58:41
UPG,arrivals,2026-08-05,17:35,,JT644,,YIA,Yogyakarta International Airport,Lion Air,JT,739,,,Canceled,2026-08-06 05:58:41
UPG,arrivals,2026-08-05,17:50,17:32,IU534,SJV534,BPN,Balikpapan Sepinggan Airport,Super Air Jet,IU,A320,Airbus A320-232,PK-SGB,Landed 18:32,2026-08-06 05:58:41
UPG,arrivals,2026-08-05,17:55,17:38,JT524,LNI524,BDJ,Banjarmasin Syamsudin Noor Airport,Lion Air,JT,B738,Boeing 737-8GP,PK-LOJ,Landed 18:38,2026-08-06 05:58:41
UPG,arrivals,2026-08-05,18:00,17:58,QG429,CTV429,BPN,Balikpapan Sepinggan Airport,Citilink,QG,A320,Airbus A320-214,PK-GQS,Landed 18:58,2026-08-06 05:58:41
UPG,arrivals,2026-08-05,18:00,17:48,GA612,GIA612,CGK,Jakarta Soekarno Hatta International Airport,Garuda Indonesia,GA,B738,Boeing 737-8U3,PK-GMP,Landed 18:48,2026-08-06 05:58:41
UPG,arrivals,2026-08-05,18:20,,ID6316,,BPN,Balikpapan Sepinggan Airport,Batik Air,ID,32A,,,Unknown,2026-08-06 05:58:41
UPG,arrivals,2026-08-05,18:20,18:33,ID6232,BTK6232,BPN,Balikpapan Sepinggan Airport,Batik Air,ID,A320,Airbus A320-214,PK-BKY,Landed 19:33,2026-08-06 05:58:41
UPG,arrivals,2026-08-05,18:20,18:13,IP808,PAS808,CGK,Jakarta Soekarno Hatta International Airport,Pelita Air,IP,A320,Airbus A320-214,PK-PWC,Landed 19:13,2026-08-06 05:58:41
UPG,arrivals,2026-08-05,19:15,,ID6296,,CGK,Jakarta Soekarno Hatta International Airport,Batik Air,ID,32A,,,Canceled,2026-08-06 05:58:41
UPG,arrivals,2026-08-05,19:15,19:13,GA616,GIA616,CGK,Jakarta Soekarno Hatta International Airport,Garuda Indonesia,GA,B738,Boeing 737-8U3,PK-GNQ,Landed 20:13,2026-08-06 05:58:41
UPG,arrivals,2026-08-05,19:50,19:37,QG426,CTV426,CGK,Jakarta Soekarno Hatta International Airport,Citilink,QG,A320,Airbus A320-214,PK-GQH,Landed 20:37,2026-08-06 05:58:41
UPG,arrivals,2026-08-05,20:00,,JT675,,BPN,Balikpapan Sepinggan Airport,Lion Air,JT,738,,,Unknown,2026-08-06 05:58:41
UPG,arrivals,2026-08-05,20:30,,JT3794,,SUB,Surabaya Juanda International Airport,Lion Air,JT,739,,,Unknown,2026-08-06 05:58:41
UPG,arrivals,2026-08-05,20:30,,JT1880,,SUB,Surabaya Juanda International Airport,Lion Air,JT,738,,,Unknown,2026-08-06 05:58:41
UPG,arrivals,2026-08-05,20:30,,JT1984,,SUB,Surabaya Juanda International Airport,Lion Air,JT,739,,,Unknown,2026-08-06 05:58:41
UPG,arrivals,2026-08-05,20:30,,JT1948,,SUB,Surabaya Juanda International Airport,Lion Air,JT,738,,,Unknown,2026-08-06 05:58:41
UPG,arrivals,2026-08-05,20:30,21:12,JT880,LNI880,SUB,Surabaya Juanda International Airport,Lion Air,JT,B738,Boeing 737-8GP,PK-LKH,Landed 22:12,2026-08-06 05:58:41
UPG,arrivals,2026-08-05,21:10,21:38,ID6142,BTK6142,CGK,Jakarta Soekarno Hatta International Airport,Batik Air,ID,A320,Airbus A320-214,PK-BKP,Landed 22:38,2026-08-06 05:58:41
UPG,arrivals,2026-08-05,21:25,,SJ5810,,CGK,Jakarta Soekarno Hatta International Airport,Sriwijaya Air,SJ,735,,,Unknown,2026-08-06 05:58:41
UPG,arrivals,2026-08-05,21:25,,RI370,,SRG,Semarang Achmad Yani International Airport,Rimbun Air,RI,73Y,,,Unknown,2026-08-06 05:58:41
UPG,arrivals,2026-08-05,21:25,23:40,SJ713,SJY713,YIA,Yogyakarta International Airport,Sriwijaya Air,SJ,B735,Boeing 737-524,PK-CLF,Landed 00:40,2026-08-06 05:58:41
UPG,arrivals,2026-08-05,21:35,22:51,SJ562,SJY562,SUB,Surabaya Juanda International Airport,BBN Airlines Indonesia,0B,B738,Boeing 737-8BK,PK-BBF,Landed 23:51,2026-08-06 05:58:41
UPG,arrivals,2026-08-05,21:55,21:43,JT664,LNI664,YIA,Yogyakarta International Airport,Lion Air,JT,B739,Boeing 737-9GP(ER),PK-LSK,Landed 22:43,2026-08-06 05:58:41
UPG,arrivals,2026-08-05,21:55,,ID6760,,DPS,Denpasar Ngurah Rai International Airport,Batik Air,ID,32A,,,Unknown,2026-08-06 05:58:41
UPG,arrivals,2026-08-05,22:25,22:03,QG783,CTV783,YIA,Yogyakarta International Airport,Citilink (Tiket.com Livery),QG,A320,Airbus A320-214,PK-GLZ,Landed 23:03,2026-08-06 05:58:41
UPG,arrivals,2026-08-05,23:00,22:39,QG216,CTV216,CGK,Jakarta Soekarno Hatta International Airport,Citilink,QG,A320,Airbus A320-214,PK-GQG,Landed 23:39,2026-08-06 05:58:41
UPG,arrivals,2026-08-05,23:30,,ID8260,,SUB,Surabaya Juanda International Airport,Batik Air,ID,32A,,,Canceled,2026-08-06 05:58:41
UPG,arrivals,2026-08-05,23:30,,ID8770,,SUB,Surabaya Juanda International Airport,Batik Air,ID,32A,,,Unknown,2026-08-06 05:58:41
UPG,arrivals,2026-08-05,23:30,,ID8182,,SUB,Surabaya Juanda International Airport,Batik Air,ID,32A,,,Unknown,2026-08-06 05:58:41
UPG,arrivals,2026-08-05,23:30,23:44,ID6136,BTK6136,SUB,Surabaya Juanda International Airport,Batik Air,ID,A320,Airbus A320-214,PK-LAO,Landed 00:44,2026-08-06 05:58:41
UPG,arrivals,2026-08-05,23:40,,IN582,LKN582,CGK,Jakarta Soekarno Hatta International Airport,Nam Air,IN,B735,Boeing 737-524,PK-NAT,Unknown,2026-08-06 05:58:41
UPG,arrivals,2026-08-05,23:40,23:53,IN582,LKN582,CGK,Jakarta Soekarno Hatta International Airport,Nam Air,IN,B735,Boeing 737-524,PK-NAT,Landed 00:53,2026-08-06 05:58:41
UPG,arrivals,2026-08-05,23:40,,SJ592,,CGK,Jakarta Soekarno Hatta International Airport,Sriwijaya Air,SJ,735,,,Unknown,2026-08-06 05:58:41
UPG,arrivals,2026-08-05,23:50,,JT938,,CGK,Jakarta Soekarno Hatta International Airport,Lion Air,JT,738,,,Unknown,2026-08-06 05:58:41
UPG,arrivals,2026-08-05,23:55,,JT940,,CGK,Jakarta Soekarno Hatta International Airport,Lion Air,JT,738,,,Unknown,2026-08-06 05:58:41
UPG,arrivals,2026-08-05,23:55,23:49,JT798,LNI798,CGK,Jakarta Soekarno Hatta International Airport,Lion Air,JT,B739,Boeing 737-9GP(ER),PK-LJG,Landed 00:49,2026-08-06 05:58:41
UPG,departures,2026-08-05,00:35,00:35,JT3794,,DJJ,Jayapura Sentani Airport,Lion Air,JT,739,,,Estimated dep 01:35*,2026-08-06 05:59:16
UPG,departures,2026-08-05,00:35,00:53,JT798,LNI798,DJJ,Jayapura Sentani Airport,Lion Air,JT,B739,Boeing 737-9GP(ER),PK-LFO,Departed 01:53,2026-08-06 05:59:16
UPG,departures,2026-08-05,01:10,01:10,JT1984,,TIM,Timika Airport,Lion Air,JT,739,,,Estimated dep 02:10*,2026-08-06 05:59:16
UPG,departures,2026-08-05,01:10,01:11,JT984,LNI984,TIM,Timika Airport,Lion Air,JT,B739,Boeing 737-9GP(ER),PK-LJG,Departed 02:11,2026-08-06 05:59:16
UPG,departures,2026-08-05,01:20,01:21,QG250,CTV250,DJJ,Jayapura Sentani Airport,Citilink,QG,A320,Airbus A320-214,PK-GLM,Departed 02:21,2026-08-06 05:59:16
UPG,departures,2026-08-05,01:35,01:47,JT1948,,MKQ,Merauke Mopah International Airport,Lion Air,JT,738,,,Estimated dep 02:47*,2026-08-06 05:59:16
UPG,departures,2026-08-05,01:35,01:46,JT948,LNI948,MKQ,Merauke Mopah International Airport,Lion Air,JT,B738,Boeing 737-8GP,PK-LOJ,Departed 02:46,2026-08-06 05:59:16
UPG,departures,2026-08-05,01:40,01:53,JT940,LNI940,SOQ,Sorong Dominique Edward Osok Airport,Lion Air,JT,B738,Boeing 737-8GP,PK-LKH,Departed 02:53,2026-08-06 05:59:16
UPG,departures,2026-08-05,01:55,,RI321,,CGK,Jakarta Soekarno Hatta International Airport,Rimbun Air,RI,73Y,,,Unknown,2026-08-06 05:59:16
UPG,departures,2026-08-05,02:00,01:55,JT938,LNI938,BIK,Biak Frans Kaisiepo Airport,Lion Air,JT,B738,Boeing 737-8GP,PK-LQZ,Departed 02:55,2026-08-06 05:59:16
UPG,departures,2026-08-05,02:00,03:20,JT1880,,BIK,Biak Frans Kaisiepo Airport,Lion Air,JT,738,,,Unknown,2026-08-06 05:59:16
UPG,departures,2026-08-05,02:10,,SJ5898,,TIM,Timika Airport,Sriwijaya Air,SJ,738,,,Unknown,2026-08-06 05:59:16
UPG,departures,2026-08-05,02:10,02:54,SJ588,SJY588,TIM,Timika Airport,Sriwijaya Air,SJ,B735,Boeing 737-524,PK-CLF,Departed 03:54,2026-08-06 05:59:16
UPG,departures,2026-08-05,02:15,02:49,SJ900,,NBX,Nabire Airport,Nam Air,IN,B735,Boeing 737-524,PK-NAQ,Estimated dep 03:49*,2026-08-06 05:59:16
UPG,departures,2026-08-05,02:20,02:26,IU221,SJV221,MKW,Manokwari Rendani Airport,Super Air Jet,IU,A320,Airbus A320-232,PK-SGB,Departed 03:26,2026-08-06 05:59:16
UPG,departures,2026-08-05,02:20,,ID6136,,AMQ,Ambon Pattimura Airport,Batik Air,ID,32A,,,Unknown,2026-08-06 05:59:16
UPG,departures,2026-08-05,02:20,02:20,ID6164,BTK6164,AMQ,Ambon Pattimura Airport,Batik Air,ID,A320,Airbus A320-214,PK-LZH,Departed 03:20,2026-08-06 05:59:16
UPG,departures,2026-08-05,02:30,,SJ9200,,NBX,Nabire Airport,Sriwijaya Air,SJ,735,,,Unknown,2026-08-06 05:59:16
UPG,departures,2026-08-05,02:30,,ID8182,,DJJ,Jayapura Sentani Airport,Batik Air,ID,32A,,,Unknown,2026-08-06 05:59:16
UPG,departures,2026-08-05,02:30,02:40,ID6182,BTK6182,DJJ,Jayapura Sentani Airport,Batik Air,ID,B738,Boeing 737-8GP,PK-LBW,Departed 03:40,2026-08-06 05:59:16
UPG,departures,2026-08-05,02:30,02:58,SJ698,SJY698,TTE,Ternate Babullah Airport,BBN Airlines Indonesia,0B,B738,Boeing 737-8BK,PK-BBF,Departed 03:58,2026-08-06 05:59:16
UPG,departures,2026-08-05,02:45,,SJ912,,SOQ,Sorong Dominique Edward Osok Airport,Sriwijaya Air,SJ,738,,,Unknown,2026-08-06 05:59:16
UPG,departures,2026-08-05,02:45,03:02,SJ902,SJY902,SOQ,Sorong Dominique Edward Osok Airport,Sriwijaya Air,SJ,B735,Boeing 737-524,PK-CLE,Departed 04:02,2026-08-06 05:59:16
UPG,departures,2026-08-05,04:00,,SJ727,,DPS,Denpasar Ngurah Rai International Airport,Sriwijaya Air,SJ,738,,,Unknown,2026-08-06 05:59:16
UPG,departures,2026-08-05,04:15,,JT1944,,SOQ,Sorong Dominique Edward Osok Airport,Lion Air,JT,738,,,Unknown,2026-08-06 05:59:16
UPG,departures,2026-08-05,04:15,04:18,JT942,LNI942,SOQ,Sorong Dominique Edward Osok Airport,Lion Air (Bookcabin Livery),JT,B738,Boeing 737-8GP,PK-LJY,Departed 05:18,2026-08-06 05:59:16
UPG,departures,2026-08-05,04:35,,JT873,,CGK,Jakarta Soekarno Hatta International Airport,Lion Air,JT,7M9,,,Canceled,2026-08-06 05:59:16
UPG,departures,2026-08-05,05:00,,JT3896,,TTE,Ternate Babullah Airport,Lion Air,JT,738,,,Unknown,2026-08-06 05:59:16
UPG,departures,2026-08-05,05:00,05:00,JT896,LNI896,TTE,Ternate Babullah Airport,Lion Air,JT,B738,Boeing 737-8GP,PK-LJS,Departed 06:00,2026-08-06 05:59:16
UPG,departures,2026-08-05,05:10,05:20,IW1296,WON1296,MOH,Morowali Maleo Airport,Wings Air,IW,AT76,ATR 72-600,PK-WKH,Departed 06:20,2026-08-06 05:59:16
UPG,departures,2026-08-05,05:15,06:51,JT888,LNI888,AMQ,Ambon Pattimura Airport,Lion Air,JT,B738,Boeing 737-8GP,PK-LQY,Departed 07:51,2026-08-06 05:59:16
UPG,departures,2026-08-05,05:15,05:15,JT880,,AMQ,Ambon Pattimura Airport,Lion Air,JT,738,,,Estimated dep 06:15*,2026-08-06 05:59:16
UPG,departures,2026-08-05,05:25,06:28,ID6864,,CGK,Jakarta Soekarno Hatta International Airport,Batik Air,ID,32A,,,Unknown,2026-08-06 05:59:12
UPG,departures,2026-08-05,05:25,05:30,ID6265,BTK6265,CGK,Jakarta Soekarno Hatta International Airport,Batik Air,ID,A320,Airbus A320-214,PK-LAM,Departed 06:30,2026-08-06 05:59:12
UPG,departures,2026-08-05,06:00,06:14,IW2310,WON2310,BUW,Bau-Bau Betoambari Airport,Wings Air,IW,AT75,ATR 72-500,PK-WFI,Departed 07:14,2026-08-06 05:59:12
UPG,departures,2026-08-05,06:00,05:57,IW1206,WON1206,KXB,Kolaka Sangia Nibandera Airport,Wings Air,IW,AT76,ATR 72-600,PK-WGY,Departed 06:57,2026-08-06 05:59:12
UPG,departures,2026-08-05,06:00,06:07,QG780,CTV780,YIA,Yogyakarta International Airport,Citilink (Tiket.com Livery),QG,A320,Airbus A320-214,PK-GLZ,Departed 07:07,2026-08-06 05:59:12
UPG,departures,2026-08-05,06:05,06:02,IW1332,WON1332,MOH,Morowali Maleo Airport,Wings Air,IW,AT75,ATR 72-500,PK-WFS,Departed 07:02,2026-08-06 05:59:12
UPG,departures,2026-08-05,06:15,06:24,GA617,GIA617,CGK,Jakarta Soekarno Hatta International Airport,Garuda Indonesia,GA,B738,Boeing 737-8U3,PK-GFP,Departed 07:24,2026-08-06 05:59:12
UPG,departures,2026-08-05,06:50,06:50,JT981,,SUB,Surabaya Juanda International Airport,Lion Air,JT,738,,,Estimated dep 07:50*,2026-08-06 05:59:12
UPG,departures,2026-08-05,06:50,06:50,JT781,,SUB,Surabaya Juanda International Airport,Lion Air,JT,738,,,Estimated dep 07:50*,2026-08-06 05:59:12
UPG,departures,2026-08-05,06:50,07:38,JT801,LNI801,SUB,Surabaya Juanda International Airport,Lion Air,JT,B739,Boeing 737-9GP(ER),PK-LSL,Departed 08:38,2026-08-06 05:59:12
UPG,departures,2026-08-05,07:05,07:12,IW1302,WON1302,MJU,Mamuju Tampa Padang Airport,Wings Air,IW,AT76,ATR 72-600,PK-WHU,Departed 08:12,2026-08-06 05:59:12
UPG,departures,2026-08-05,07:10,,JT1852,,PLW,Palu Mutiara Airport,Lion Air,JT,738,,,Unknown,2026-08-06 05:59:12
UPG,departures,2026-08-05,07:10,,JT852,,PLW,Palu Mutiara Airport,Lion Air,JT,738,,,Unknown,2026-08-06 05:59:12
UPG,departures,2026-08-05,07:10,07:23,IW1330,WON1330,TRT,Toraja Airport,Wings Air,IW,AT75,ATR 72-500,PK-WFU,Departed 08:23,2026-08-06 05:59:12
UPG,departures,2026-08-05,07:15,07:15,JT786,,KDI,Kendari Haluoleo Airport,Lion Air,JT,739,,,Estimated dep 08:15*,2026-08-06 05:59:12
UPG,departures,2026-08-05,07:15,07:21,JT986,LNI986,KDI,Kendari Haluoleo Airport,Lion Air,JT,B739,Boeing 737-9GP(ER),PK-LSR,Departed 08:21,2026-08-06 05:59:12
UPG,departures,2026-08-05,07:20,07:16,IW1328,WON1328,MOH,Morowali Maleo Airport,Wings Air,IW,AT75,ATR 72-500,PK-WFW,Departed 08:16,2026-08-06 05:59:12
UPG,departures,2026-08-05,07:20,,ID8770,,MDC,Manado Sam Ratulangi International Airport,Batik Air,ID,32A,,,Canceled,2026-08-06 05:59:12
UPG,departures,2026-08-05,07:20,07:29,ID6770,BTK6770,MDC,Manado Sam Ratulangi International Airport,Batik Air,ID,A320,Airbus A320-214,PK-LZH,Departed 08:29,2026-08-06 05:59:12
UPG,departures,2026-08-05,07:20,,IU572,,BUW,Bau-Bau Betoambari Airport,Super Air Jet,IU,320,,,Canceled,2026-08-06 05:59:12
UPG,departures,2026-08-05,07:30,08:22,ID6751,BTK6751,KDI,Kendari Haluoleo Airport,Batik Air,ID,A320,Airbus A320-214,PK-BKY,Departed 09:22,2026-08-06 05:59:12
UPG,departures,2026-08-05,07:35,07:42,JT741,LNI741,DPS,Denpasar Ngurah Rai International Airport,Lion Air,JT,B739,Boeing 737-9GP(ER),PK-LFW,Departed 08:42,2026-08-06 05:59:12
UPG,departures,2026-08-05,07:40,08:08,JT641,LNI641,YIA,Yogyakarta International Airport,Lion Air,JT,B739,Boeing 737-9GP(ER),PK-LGL,Departed 09:08,2026-08-06 05:59:12
UPG,departures,2026-08-05,08:10,,JT2792,,MDC,Manado Sam Ratulangi International Airport,Lion Air,JT,738,,,Unknown,2026-08-06 05:59:12
UPG,departures,2026-08-05,08:10,,JT742,,MDC,Manado Sam Ratulangi International Airport,Lion Air,JT,738,,,Canceled,2026-08-06 05:59:12
UPG,departures,2026-08-05,08:10,,JT746,,MDC,Manado Sam Ratulangi International Airport,Lion Air,JT,739,,,Unknown,2026-08-06 05:59:12
UPG,departures,2026-08-05,08:15,08:15,JT2891,,CGK,Jakarta Soekarno Hatta International Airport,Lion Air,JT,738,,,Estimated dep 09:15*,2026-08-06 05:59:12
UPG,departures,2026-08-05,08:15,08:15,JT3871,,CGK,Jakarta Soekarno Hatta International Airport,Lion Air,JT,738,,,Estimated dep 09:15*,2026-08-06 05:59:12
UPG,departures,2026-08-05,08:15,08:15,JT991,,CGK,Jakarta Soekarno Hatta International Airport,Lion Air,JT,739,,,Estimated dep 09:15*,2026-08-06 05:59:12
UPG,departures,2026-08-05,08:15,08:26,JT871,LNI871,CGK,Jakarta Soekarno Hatta International Airport,Lion Air,JT,B739,Boeing 737-9GP(ER),PK-LFY,Departed 09:26,2026-08-06 05:59:12
UPG,departures,2026-08-05,08:45,,ID8260,,TIM,Timika Airport,Batik Air,ID,32A,,,Unknown,2026-08-06 05:59:12
UPG,departures,2026-08-05,08:45,09:39,ID6260,BTK6260,TIM,Timika Airport,Batik Air,ID,A320,Airbus A320-232,PK-BLA,Departed 10:39,2026-08-06 05:59:12
UPG,departures,2026-08-05,08:45,09:14,GA604,GIA604,KDI,Kendari Haluoleo Airport,Garuda Indonesia (From Nature to Future Livery),GA,B738,Boeing 737-8U3,PK-GFX,Departed 10:14,2026-08-06 05:59:12
UPG,departures,2026-08-05,08:50,09:04,IW1204,WON1204,KXB,Kolaka Sangia Nibandera Airport,Wings Air,IW,AT76,ATR 72-600,PK-WGY,Departed 10:04,2026-08-06 05:59:12
UPG,departures,2026-08-05,08:50,09:09,IU535,SJV535,BPN,Balikpapan Sepinggan Airport,Super Air Jet,IU,A320,Airbus A320-232,PK-SGD,Departed 10:09,2026-08-06 05:59:12
UPG,departures,2026-08-05,08:55,08:55,JT1707,,SUB,Surabaya Juanda International Airport,Lion Air,JT,739,,,Estimated dep 09:55*,2026-08-06 05:59:12
UPG,departures,2026-08-05,08:55,09:18,JT791,LNI791,SUB,Surabaya Juanda International Airport,Lion Air,JT,B739,Boeing 737-9GP(ER),PK-LHR,Departed 10:18,2026-08-06 05:59:12
UPG,departures,2026-08-05,08:55,08:55,JT680,,SUB,Surabaya Juanda International Airport,Lion Air,JT,738,,,Estimated dep 09:55*,2026-08-06 05:59:12
UPG,departures,2026-08-05,09:00,09:37,SJ538,SJY538,MOH,Morowali Maleo Airport,Sriwijaya Air,SJ,B735,Boeing 737-524,PK-CLE,Departed 10:37,2026-08-06 05:59:12
UPG,departures,2026-08-05,09:05,09:12,IW1326,WON1326,MOH,Morowali Maleo Airport,Wings Air,IW,AT76,ATR 72-600,PK-WKH,Departed 10:12,2026-08-06 05:59:12
UPG,departures,2026-08-05,09:05,09:24,ID6267,BTK6267,CGK,Jakarta Soekarno Hatta International Airport,Batik Air,ID,A320,Airbus A320-214,PK-BKQ,Departed 10:24,2026-08-06 05:59:12
UPG,departures,2026-08-05,09:10,09:27,IP807,PAS807,CGK,Jakarta Soekarno Hatta International Airport,Pelita Air,IP,A320,Airbus A320-214,PK-PWQ,Departed 10:27,2026-08-06 05:59:12
UPG,departures,2026-08-05,09:15,12:19,ID6294,BTK6294,LUW,Luwuk Bubung Airport,Batik Air,ID,A320,Airbus A320-214,PK-LUZ,Departed 13:19,2026-08-06 05:59:12
UPG,departures,2026-08-05,09:15,,ID6264,,LUW,Luwuk Bubung Airport,Batik Air,ID,32A,,,Unknown,2026-08-06 05:59:12
UPG,departures,2026-08-05,09:15,,ID6236,,LUW,Luwuk Bubung Airport,Batik Air,ID,32A,,,Unknown,2026-08-06 05:59:12
UPG,departures,2026-08-05,09:20,,KS501,,APD,Bone Arung Palakka Airport,Aeroitalia Regional,KS,ATR,,,Unknown,2026-08-06 05:59:12
UPG,departures,2026-08-05,09:25,09:32,MH846,MAS846,KUL,Kuala Lumpur International Airport,Malaysia Airlines,MH,B738,Boeing 737-8H6,9M-MXW,Departed 10:32,2026-08-06 05:59:12
UPG,departures,2026-08-05,09:45,09:51,QG351,CTV351,SUB,Surabaya Juanda International Airport,Citilink,QG,A20N,Airbus A320-251N,PK-GTC,Departed 10:51,2026-08-06 05:59:12
UPG,departures,2026-08-05,09:45,09:48,QG251,CTV251,CGK,Jakarta Soekarno Hatta International Airport,Citilink,QG,A320,Airbus A320-214,PK-GLM,Departed 10:48,2026-08-06 05:59:12
UPG,departures,2026-08-05,09:50,10:27,IW1350,WON1350,LLO,Palopo Lagaligo Airport,Wings Air,IW,AT75,ATR 72-500,PK-WFU,Departed 11:27,2026-08-06 05:59:12
UPG,departures,2026-08-05,09:55,09:54,IW1910,WON1910,LBJ,Labuan Bajo Komodo Airport,Wings Air,IW,AT75,ATR 72-500,PK-WFI,Departed 10:54,2026-08-06 05:59:12
UPG,departures,2026-08-05,10:05,,SJ553,,BEJ,Kalimarau Airport,Sriwijaya Air,SJ,735,,,Unknown,2026-08-06 05:59:12
UPG,departures,2026-08-05,10:05,,JT854,,PLW,Palu Mutiara Airport,Lion Air,JT,738,,,Canceled,2026-08-06 05:59:12
UPG,departures,2026-08-05,10:10,10:15,IW1308,WON1308,BUW,Bau-Bau Betoambari Airport,Wings Air,IW,AT76,ATR 72-600,PK-WHU,Departed 11:15,2026-08-06 05:59:12
UPG,departures,2026-08-05,10:15,10:34,GA611,GIA611,CGK,Jakarta Soekarno Hatta International Airport,Garuda Indonesia (Livin' by Mandiri Livery),GA,B738,Boeing 737-86N,PK-GFI,Departed 11:34,2026-08-06 05:59:12
UPG,departures,2026-08-05,10:45,10:42,JT1787,,SUB,Surabaya Juanda International Airport,Lion Air,JT,738,,,Estimated dep 11:42*,2026-08-06 05:59:12
UPG,departures,2026-08-05,10:45,10:45,JT949,,SUB,Surabaya Juanda International Airport,Lion Air,JT,738,,,Estimated dep 11:45*,2026-08-06 05:59:12
UPG,departures,2026-08-05,10:45,10:41,JT787,LNI787,SUB,Surabaya Juanda International Airport,Lion Air,JT,B739,Boeing 737-9GP(ER),PK-LSR,Departed 11:41,2026-08-06 05:59:12
UPG,departures,2026-08-05,10:50,11:05,IU531,SJV531,BPN,Balikpapan Sepinggan Airport,Super Air Jet,IU,A320,Airbus A320-232,PK-SGB,Departed 12:05,2026-08-06 05:59:12
UPG,departures,2026-08-05,10:50,,ID6317,,BPN,Balikpapan Sepinggan Airport,Batik Air,ID,32A,,,Unknown,2026-08-06 05:59:12
UPG,departures,2026-08-05,10:50,11:34,ID6233,BTK6233,BPN,Balikpapan Sepinggan Airport,Batik Air,ID,A320,Airbus A320-214,PK-BKY,Departed 12:34,2026-08-06 05:59:12
UPG,departures,2026-08-05,10:55,11:07,JT523,LNI523,BDJ,Banjarmasin Syamsudin Noor Airport,Lion Air,JT,B738,Boeing 737-8GP,PK-LOJ,Departed 12:07,2026-08-06 05:59:12
UPG,departures,2026-08-05,11:00,,IW1298,,MOH,Morowali Maleo Airport,Wings Air,IW,AT7,,,Canceled,2026-08-06 05:59:12
UPG,departures,2026-08-05,11:00,11:11,QG343,CTV343,DPS,Denpasar Ngurah Rai International Airport,Citilink,QG,A320,Airbus A320-214,PK-GLO,Departed 12:11,2026-08-06 05:59:12
UPG,departures,2026-08-05,11:10,,SJ5981,,CGK,Jakarta Soekarno Hatta International Airport,BBN Airlines Indonesia,0B,B738,Boeing 737-8BK,PK-BBF,Unknown,2026-08-06 05:59:12
UPG,departures,2026-08-05,11:10,,SJ5891,,CGK,Jakarta Soekarno Hatta International Airport,Sriwijaya Air,SJ,738,,,Unknown,2026-08-06 05:59:12
UPG,departures,2026-08-05,11:10,12:30,SJ581,SJY581,CGK,Jakarta Soekarno Hatta International Airport,BBN Airlines Indonesia,0B,B738,Boeing 737-8BK,PK-BBF,Departed 13:30,2026-08-06 05:59:12
UPG,departures,2026-08-05,11:15,,ID6750,,CGK,Jakarta Soekarno Hatta International Airport,Batik Air,ID,32A,,,Unknown,2026-08-06 05:59:12
UPG,departures,2026-08-05,11:15,11:23,ID6183,BTK6183,CGK,Jakarta Soekarno Hatta International Airport,Batik Air,ID,B738,Boeing 737-8GP,PK-LBW,Departed 12:23,2026-08-06 05:59:12
UPG,departures,2026-08-05,11:35,12:03,IW1208,WON1208,KXB,Kolaka Sangia Nibandera Airport,Wings Air,IW,AT76,ATR 72-600,PK-WGY,Departed 13:03,2026-08-06 05:59:12
UPG,departures,2026-08-05,11:40,12:35,JT1892,,GTO,Gorontalo Jalaluddin Airport,Lion Air,JT,738,,,Unknown,2026-08-06 05:59:12
UPG,departures,2026-08-05,11:40,12:35,JT892,LNI892,GTO,Gorontalo Jalaluddin Airport,Lion Air,JT,B739,Boeing 737-9GP(ER),PK-LSK,Departed 13:35,2026-08-06 05:59:12
UPG,departures,2026-08-05,11:45,,JT992,,KDI,Kendari Haluoleo Airport,Lion Air,JT,738,,,Canceled,2026-08-06 05:59:12
UPG,departures,2026-08-05,11:45,12:39,JT882,,KDI,Kendari Haluoleo Airport,Lion Air,JT,739,,,Unknown,2026-08-06 05:59:12
UPG,departures,2026-08-05,12:10,,JT1855,,DPS,Denpasar Ngurah Rai International Airport,Lion Air,JT,738,,,Unknown,2026-08-06 05:59:12
UPG,departures,2026-08-05,12:10,,JT745,,DPS,Denpasar Ngurah Rai International Airport,Lion Air,JT,739,,,Canceled,2026-08-06 05:59:12
UPG,departures,2026-08-05,12:10,12:43,ID6292,BTK6292,LUW,Luwuk Bubung Airport,Batik Air,ID,A320,Airbus A320-214,PK-LUU,Departed 13:43,2026-08-06 05:59:12
UPG,departures,2026-08-05,12:15,12:23,ID6554,BTK6554,PLW,Palu Mutiara Airport,Batik Air,ID,A320,Airbus A320-214,PK-LZH,Departed 13:23,2026-08-06 05:59:12
UPG,departures,2026-08-05,12:25,12:25,JT1943,,CGK,Jakarta Soekarno Hatta International Airport,Lion Air,JT,739,,,Estimated dep 13:25*,2026-08-06 05:59:12
UPG,departures,2026-08-05,12:25,12:25,JT1897,,CGK,Jakarta Soekarno Hatta International Airport,Lion Air,JT,738,,,Estimated dep 13:25*,2026-08-06 05:59:12
UPG,departures,2026-08-05,12:25,12:25,JT1949,,CGK,Jakarta Soekarno Hatta International Airport,Lion Air,JT,739,,,Estimated dep 13:25*,2026-08-06 05:59:12
UPG,departures,2026-08-05,12:25,14:22,JT987,,CGK,Jakarta Soekarno Hatta International Airport,Lion Air,JT,738,,,Unknown,2026-08-06 05:59:12
UPG,departures,2026-08-05,12:25,,JT372,,CGK,Jakarta Soekarno Hatta International Airport,Lion Air,JT,739,,,Unknown,2026-08-06 05:59:12
UPG,departures,2026-08-05,12:25,12:51,JT985,LNI985,CGK,Jakarta Soekarno Hatta International Airport,Lion Air,JT,B739,Boeing 737-9GP(ER),PK-LJG,Departed 13:51,2026-08-06 05:59:12
UPG,departures,2026-08-05,12:35,14:14,SJ716,SJY716,DPS,Denpasar Ngurah Rai International Airport,Sriwijaya Air,SJ,B735,Boeing 737-524,PK-CLF,Unknown,2026-08-06 05:59:12
UPG,departures,2026-08-05,12:40,,IW1352,,LLO,Palopo Lagaligo Airport,Wings Air,IW,AT7,,,Canceled,2026-08-06 05:59:12
UPG,departures,2026-08-05,12:45,13:23,IW1324,WON1324,MOH,Morowali Maleo Airport,Wings Air,IW,AT76,ATR 72-600,PK-WKH,Departed 14:23,2026-08-06 05:59:12
UPG,departures,2026-08-05,12:50,13:46,JT1994,,KDI,Kendari Haluoleo Airport,Lion Air,JT,738,,,Unknown,2026-08-06 05:59:12
UPG,departures,2026-08-05,12:50,13:42,JT994,LNI994,KDI,Kendari Haluoleo Airport,Lion Air,JT,B739,Boeing 737-9GP(ER),PK-LGL,Departed 14:42,2026-08-06 05:59:12
UPG,departures,2026-08-05,13:00,13:20,JT840,LNI840,LOP,Lombok International Airport,Lion Air,JT,B738,Boeing 737-8GP,PK-LQZ,Departed 14:20,2026-08-06 05:59:12
UPG,departures,2026-08-05,13:00,13:18,GA605,GIA605,CGK,Jakarta Soekarno Hatta International Airport,Garuda Indonesia (From Nature to Future Livery),GA,B738,Boeing 737-8U3,PK-GFX,Departed 14:18,2026-08-06 05:59:12
UPG,departures,2026-08-05,13:05,13:22,JT909,LNI909,SRG,Semarang Achmad Yani International Airport,Lion Air (80th 737NG Livery),JT,B738,Boeing 737-8GP,PK-LKP,Departed 14:22,2026-08-06 05:59:12
UPG,departures,2026-08-05,13:05,,JT643,,YIA,Yogyakarta International Airport,Lion Air,JT,739,,,Canceled,2026-08-06 05:59:12
UPG,departures,2026-08-05,13:10,16:02,ID6762,BTK6762,MDC,Manado Sam Ratulangi International Airport,Batik Air,ID,A320,Airbus A320-214,PK-LUZ,Departed 17:02,2026-08-06 05:59:12
UPG,departures,2026-08-05,13:20,13:20,JT1985,,SUB,Surabaya Juanda International Airport,Lion Air,JT,739,,,Estimated dep 14:20*,2026-08-06 05:59:12
UPG,departures,2026-08-05,13:20,,JT1801,,SUB,Surabaya Juanda International Airport,Lion Air,JT,738,,,Unknown,2026-08-06 05:59:12
UPG,departures,2026-08-05,13:20,13:20,JT897,,SUB,Surabaya Juanda International Airport,Lion Air,JT,738,,,Estimated dep 14:20*,2026-08-06 05:59:12
UPG,departures,2026-08-05,13:20,13:20,JT838,,SUB,Surabaya Juanda International Airport,Lion Air,JT,738,,,Estimated dep 14:20*,2026-08-06 05:59:12
UPG,departures,2026-08-05,13:20,13:47,JT707,LNI707,SUB,Surabaya Juanda International Airport,Lion Air,JT,B739,Boeing 737-9GP(ER),PK-LHR,Departed 14:47,2026-08-06 05:59:12
UPG,departures,2026-08-05,13:25,13:44,IW2202,WON2202,KXB,Kolaka Sangia Nibandera Airport,Wings Air,IW,AT75,ATR 72-500,PK-WFU,Departed 14:44,2026-08-06 05:59:12
UPG,departures,2026-08-05,13:45,15:20,SJ599,SJY599,CGK,Jakarta Soekarno Hatta International Airport,Sriwijaya Air,SJ,B735,Boeing 737-524,PK-CLE,Departed 16:20,2026-08-06 05:59:09
UPG,departures,2026-08-05,13:55,13:49,IW1300,WON1300,MJU,Mamuju Tampa Padang Airport,Wings Air,IW,AT75,ATR 72-500,PK-WFI,Departed 14:49,2026-08-06 05:59:09
UPG,departures,2026-08-05,14:00,14:00,JT2778,,TTE,Ternate Babullah Airport,Lion Air,JT,738,,,Estimated dep 15:00*,2026-08-06 05:59:09
UPG,departures,2026-08-05,14:00,18:08,JT1853,,CGK,Jakarta Soekarno Hatta International Airport,Lion Air,JT,739,,,Unknown,2026-08-06 05:59:09
UPG,departures,2026-08-05,14:00,,JT1743,,CGK,Jakarta Soekarno Hatta International Airport,Lion Air,JT,738,,,Unknown,2026-08-06 05:59:09
UPG,departures,2026-08-05,14:00,14:01,JT980,LNI980,TTE,Ternate Babullah Airport,Lion Air,JT,B738,Boeing 737-8GP,PK-LJS,Departed 15:01,2026-08-06 05:59:09
UPG,departures,2026-08-05,14:00,14:17,JT797,LNI797,CGK,Jakarta Soekarno Hatta International Airport,Lion Air,JT,B738,Boeing 737-8GP,PK-LOI,Departed 15:17,2026-08-06 05:59:09
UPG,departures,2026-08-05,14:10,,JT998,,KDI,Kendari Haluoleo Airport,Lion Air,JT,738,,,Canceled,2026-08-06 05:59:09
UPG,departures,2026-08-05,14:20,14:29,QG213,CTV213,CGK,Jakarta Soekarno Hatta International Airport,Citilink,QG,A20N,Airbus A320-251N,PK-GTC,Departed 15:29,2026-08-06 05:59:09
UPG,departures,2026-08-05,14:35,14:35,JT1774,,PLW,Palu Mutiara Airport,Lion Air,JT,738,,,Estimated dep 15:35*,2026-08-06 05:59:09
UPG,departures,2026-08-05,14:35,15:26,JT780,LNI780,PLW,Palu Mutiara Airport,Lion Air (50th 737-900ER Livery),JT,B739,Boeing 737-9GP(ER),PK-LHY,Departed 16:26,2026-08-06 05:59:09
UPG,departures,2026-08-05,14:45,15:09,IW1306,WON1306,BUW,Bau-Bau Betoambari Airport,Wings Air,IW,AT76,ATR 72-600,PK-WGY,Departed 16:09,2026-08-06 05:59:09
UPG,departures,2026-08-05,15:00,,JT939,,CGK,Jakarta Soekarno Hatta International Airport,Lion Air,JT,738,,,Unknown,2026-08-06 05:59:09
UPG,departures,2026-08-05,15:00,15:17,QG353,CTV353,SUB,Surabaya Juanda International Airport,Citilink,QG,A320,Airbus A320-214,PK-GLO,Departed 16:17,2026-08-06 05:59:09
UPG,departures,2026-08-05,15:50,,ID6771,,CGK,Jakarta Soekarno Hatta International Airport,Batik Air,ID,32A,,,Unknown,2026-08-06 05:59:09
UPG,departures,2026-08-05,15:50,18:39,ID6295,,CGK,Jakarta Soekarno Hatta International Airport,Batik Air,ID,32A,,,Unknown,2026-08-06 05:59:09
UPG,departures,2026-08-05,15:50,16:32,ID6143,BTK6143,CGK,Jakarta Soekarno Hatta International Airport,Batik Air,ID,A320,Airbus A320-232,PK-BLA,Departed 17:32,2026-08-06 05:59:09
UPG,departures,2026-08-05,15:55,,JT941,,CGK,Jakarta Soekarno Hatta International Airport,Lion Air,JT,738,,,Unknown,2026-08-06 05:59:09
UPG,departures,2026-08-05,15:55,,JT881,,CGK,Jakarta Soekarno Hatta International Airport,Lion Air,JT,738,,,Unknown,2026-08-06 05:59:09
UPG,departures,2026-08-05,15:55,,JT793,,CGK,Jakarta Soekarno Hatta International Airport,Lion Air,JT,739,,,Unknown,2026-08-06 05:59:09
UPG,departures,2026-08-05,16:00,,SJ5811,,CGK,Jakarta Soekarno Hatta International Airport,Sriwijaya Air,SJ,735,,,Unknown,2026-08-06 05:59:09
UPG,departures,2026-08-05,16:15,19:22,JT997,,SUB,Surabaya Juanda International Airport,Lion Air,JT,738,,,Unknown,2026-08-06 05:59:09
UPG,departures,2026-08-05,16:15,17:00,JT1885,,SUB,Surabaya Juanda International Airport,Lion Air,JT,738,,,Estimated dep 18:00*,2026-08-06 05:59:09
UPG,departures,2026-08-05,16:15,16:15,JT1881,,SUB,Surabaya Juanda International Airport,Lion Air,JT,739,,,Estimated dep 17:15*,2026-08-06 05:59:09
UPG,departures,2026-08-05,16:15,16:34,JT1797,,SUB,Surabaya Juanda International Airport,Lion Air,JT,739,,,Estimated dep 17:34*,2026-08-06 05:59:09
UPG,departures,2026-08-05,16:15,16:55,JT996,LNI996,KDI,Kendari Haluoleo Airport,Lion Air,JT,B739,Boeing 737-9GP(ER),PK-LGL,Departed 17:55,2026-08-06 05:59:09
UPG,departures,2026-08-05,16:15,16:59,JT885,LNI885,SUB,Surabaya Juanda International Airport,Lion Air,JT,B738,Boeing 737-8GP,PK-LKH,Departed 17:59,2026-08-06 05:59:09
UPG,departures,2026-08-05,16:30,00:06,IN583,LKN583,CGK,Jakarta Soekarno Hatta International Airport,Nam Air,IN,B735,Boeing 737-524,PK-NAQ,Departed 01:06,2026-08-06 05:59:09
UPG,departures,2026-08-05,16:30,00:51,SJ593,SJY593,CGK,Jakarta Soekarno Hatta International Airport,Sriwijaya Air,SJ,B735,Boeing 737-524,PK-CLF,Departed 01:51,2026-08-06 05:59:09
UPG,departures,2026-08-05,16:35,16:51,JT1780,,MDC,Manado Sam Ratulangi International Airport,Lion Air,JT,739,,,Estimated dep 17:51*,2026-08-06 05:59:09
UPG,departures,2026-08-05,16:35,18:00,JT1740,,MDC,Manado Sam Ratulangi International Airport,Lion Air,JT,739,,,Unknown,2026-08-06 05:59:09
UPG,departures,2026-08-05,16:35,17:59,JT740,LNI740,MDC,Manado Sam Ratulangi International Airport,Lion Air,JT,B739,Boeing 737-9GP(ER),PK-LFW,Departed 18:59,2026-08-06 05:59:09
UPG,departures,2026-08-05,16:40,17:34,QG341,CTV341,CGK,Jakarta Soekarno Hatta International Airport,Citilink,QG,A320,Airbus A320-214,PK-GLN,Departed 18:34,2026-08-06 05:59:09
UPG,departures,2026-08-05,17:00,,JT662,,BPN,Balikpapan Sepinggan Airport,Lion Air,JT,738,,,Canceled,2026-08-06 05:59:09
UPG,departures,2026-08-05,17:00,,SJ712,,YIA,Yogyakarta International Airport,Sriwijaya Air,SJ,735,,,Unknown,2026-08-06 05:59:09
UPG,departures,2026-08-05,17:00,,ID6261,,CGK,Jakarta Soekarno Hatta International Airport,Batik Air,ID,32A,,,Unknown,2026-08-06 05:59:09
UPG,departures,2026-08-05,17:00,17:10,QG355,CTV355,SUB,Surabaya Juanda International Airport,Citilink,QG,A320,Airbus A320-214,PK-GQO,Departed 18:10,2026-08-06 05:59:09
UPG,departures,2026-08-05,17:00,17:07,ID6293,BTK6293,CGK,Jakarta Soekarno Hatta International Airport,Batik Air,ID,A320,Airbus A320-214,PK-LUU,Departed 18:07,2026-08-06 05:59:09
UPG,departures,2026-08-05,17:15,,JT1643,,YIA,Yogyakarta International Airport,Lion Air,JT,739,,,Unknown,2026-08-06 05:59:09
UPG,departures,2026-08-05,17:15,17:15,JT665,LNI665,YIA,Yogyakarta International Airport,Lion Air,JT,B739,Boeing 737-9GP(ER),PK-LSK,Departed 18:15,2026-08-06 05:59:09
UPG,departures,2026-08-05,17:20,17:55,AK335,AXM335,KUL,Kuala Lumpur International Airport,AirAsia (Sarawak Livery),AK,A320,Airbus A320-216,9M-AJD,Departed 18:55,2026-08-06 05:59:09
UPG,departures,2026-08-05,17:35,,ID6555,,CGK,Jakarta Soekarno Hatta International Airport,Batik Air,ID,32A,,,Unknown,2026-08-06 05:59:09
UPG,departures,2026-08-05,17:35,18:01,ID6235,BTK6235,CGK,Jakarta Soekarno Hatta International Airport,Batik Air,ID,B738,Boeing 737-8GP,PK-LBW,Departed 19:01,2026-08-06 05:59:09
UPG,departures,2026-08-05,17:50,19:16,SJ567,SJY567,SUB,Surabaya Juanda International Airport,BBN Airlines Indonesia,0B,B738,Boeing 737-8BK,PK-BBF,Departed 20:16,2026-08-06 05:59:09
UPG,departures,2026-08-05,17:55,18:18,JT747,LNI747,DPS,Denpasar Ngurah Rai International Airport,Lion Air (80th 737NG Livery),JT,B738,Boeing 737-8GP,PK-LKP,Departed 19:18,2026-08-06 05:59:09
UPG,departures,2026-08-05,17:55,19:15,JT743,,DPS,Denpasar Ngurah Rai International Airport,Lion Air,JT,739,,,Unknown,2026-08-06 05:59:09
UPG,departures,2026-08-05,18:20,,ID8763,,SUB,Surabaya Juanda International Airport,Batik Air,ID,32A,,,Unknown,2026-08-06 05:59:09
UPG,departures,2026-08-05,18:20,,ID8555,,SUB,Surabaya Juanda International Airport,Batik Air,ID,32A,,,Unknown,2026-08-06 05:59:09
UPG,departures,2026-08-05,18:20,,ID8261,,SUB,Surabaya Juanda International Airport,Batik Air,ID,32A,,,Unknown,2026-08-06 05:59:09
UPG,departures,2026-08-05,18:20,,ID8183,,SUB,Surabaya Juanda International Airport,Batik Air,ID,32A,,,Unknown,2026-08-06 05:59:09
UPG,departures,2026-08-05,18:20,,ID8293,,SUB,Surabaya Juanda International Airport,Batik Air,ID,32A,,,Unknown,2026-08-06 05:59:09
UPG,departures,2026-08-05,18:20,,ID8750,,SUB,Surabaya Juanda International Airport,Batik Air,ID,32A,,,Unknown,2026-08-06 05:59:09
UPG,departures,2026-08-05,18:20,20:35,ID6137,BTK6137,SUB,Surabaya Juanda International Airport,Batik Air,ID,A320,Airbus A320-214,PK-LZH,Departed 21:35,2026-08-06 05:59:09
UPG,departures,2026-08-05,18:25,,JT703,,CGK,Jakarta Soekarno Hatta International Airport,Lion Air,JT,738,,,Unknown,2026-08-06 05:59:09
UPG,departures,2026-08-05,18:30,18:50,QG428,CTV428,BPN,Balikpapan Sepinggan Airport,Citilink,QG,A320,Airbus A320-214,PK-GQS,Departed 19:50,2026-08-06 05:59:09
UPG,departures,2026-08-05,18:50,19:00,GA615,GIA615,CGK,Jakarta Soekarno Hatta International Airport,Garuda Indonesia,GA,B738,Boeing 737-8U3,PK-GMP,Departed 20:00,2026-08-06 05:59:09
UPG,departures,2026-08-05,19:05,19:32,IP809,PAS809,CGK,Jakarta Soekarno Hatta International Airport,Pelita Air,IP,A320,Airbus A320-214,PK-PWC,Departed 20:32,2026-08-06 05:59:09
UPG,departures,2026-08-05,19:25,,ID6763,,CGK,Jakarta Soekarno Hatta International Airport,Batik Air,ID,32A,,,Unknown,2026-08-06 05:59:09
UPG,departures,2026-08-05,19:25,20:42,ID6269,BTK6269,CGK,Jakarta Soekarno Hatta International Airport,Batik Air,ID,A320,Airbus A320-214,PK-LUZ,Departed 21:42,2026-08-06 05:59:09
UPG,departures,2026-08-05,20:00,,RI3210,,CGK,Jakarta Soekarno Hatta International Airport,Rimbun Air,RI,73Y,,,Unknown,2026-08-06 05:59:09
UPG,departures,2026-08-05,20:05,,ID6231,,CGK,Jakarta Soekarno Hatta International Airport,Batik Air,ID,32A,,,Canceled,2026-08-06 05:59:09
UPG,departures,2026-08-05,20:20,20:30,QG427,CTV427,CGK,Jakarta Soekarno Hatta International Airport,Citilink,QG,A320,Airbus A320-214,PK-GQH,Departed 21:30,2026-08-06 05:59:09
UPG,departures,2026-08-05,22:15,,SJ593,,CGK,Jakarta Soekarno Hatta International Airport,Sriwijaya Air,SJ,735,,,Unknown,2026-08-06 05:59:09
UPG,departures,2026-08-05,23:30,23:32,QG217,CTV217,CGK,Jakarta Soekarno Hatta International Airport,Citilink,QG,A320,Airbus A320-214,PK-GQG,Departed 00:32,2026-08-06 05:59:09
YIA,arrivals,2026-08-05,06:40,06:31,IU777,SJV777,LOP,Lombok International Airport,Super Air Jet (Xpora Livery),IU,A320,Airbus A320-232,PK-SAE,Landed 06:31,2026-08-06 05:59:36
YIA,arrivals,2026-08-05,07:10,07:25,ID6368,BTK6368,CGK,Jakarta Soekarno Hatta International Airport,Batik Air,ID,A320,Airbus A320-232,PK-BKL,Landed 07:25,2026-08-06 05:59:36
YIA,arrivals,2026-08-05,07:25,,IU665,,BDJ,Banjarmasin Syamsudin Noor Airport,Super Air Jet,IU,320,,,Canceled,2026-08-06 05:59:36
YIA,arrivals,2026-08-05,07:50,07:33,JT668,LNI668,BPN,Balikpapan Sepinggan Airport,Lion Air,JT,B739,Boeing 737-9GP(ER),PK-LSO,Landed 07:33,2026-08-06 05:59:36
YIA,arrivals,2026-08-05,07:50,07:39,IP646,PAS646,BPN,Balikpapan Sepinggan Airport,Pelita Air,IP,A320,Airbus A320-214,PK-PWG,Landed 07:39,2026-08-06 05:59:36
YIA,arrivals,2026-08-05,08:00,07:45,QG780,CTV780,UPG,Makassar Sultan Hasanuddin International Airport,Citilink (Tiket.com Livery),QG,A320,Airbus A320-214,PK-GLZ,Landed 07:45,2026-08-06 05:59:36
YIA,arrivals,2026-08-05,08:20,08:21,JT279,LNI279,PKU,Pekanbaru Sultan Syarif Kasim II Airport,Lion Air,JT,B739,Boeing 737-9GP(ER),PK-LFK,Landed 08:21,2026-08-06 05:59:36
YIA,arrivals,2026-08-05,09:10,09:13,ID7533,BTK7533,CGK,Jakarta Soekarno Hatta International Airport,Batik Air,ID,A320,Airbus A320-214,PK-LAT,Landed 09:13,2026-08-06 05:59:36
YIA,arrivals,2026-08-05,09:10,08:57,GA204,GIA204,CGK,Jakarta Soekarno Hatta International Airport,Garuda Indonesia,GA,B738,Boeing 737-8SA,PK-GUH,Landed 08:57,2026-08-06 05:59:36
YIA,arrivals,2026-08-05,09:30,09:29,TR248,TGW248,SIN,Singapore Changi Airport,Scoot,TR,A21N,Airbus A321-271NX,9V-NCM,Landed 09:29,2026-08-06 05:59:36
YIA,arrivals,2026-08-05,09:35,09:40,JT641,LNI641,UPG,Makassar Sultan Hasanuddin International Airport,Lion Air,JT,B739,Boeing 737-9GP(ER),PK-LGL,Landed 09:40,2026-08-06 05:59:36
YIA,arrivals,2026-08-05,10:25,10:19,QG772,CTV772,CGK,Jakarta Soekarno Hatta International Airport,Citilink,QG,A20N,Airbus A320-251N,PK-GTF,Landed 10:19,2026-08-06 05:59:36
YIA,arrivals,2026-08-05,10:40,10:29,IU122,SJV122,DPS,Denpasar Ngurah Rai International Airport,Super Air Jet,IU,A320,Airbus A320-232,PK-SJM,Landed 10:29,2026-08-06 05:59:36
YIA,arrivals,2026-08-05,10:40,10:32,GA202,GIA202,CGK,Jakarta Soekarno Hatta International Airport,Garuda Indonesia,GA,B738,Boeing 737-8U3,PK-GMC,Landed 10:32,2026-08-06 05:59:36
YIA,arrivals,2026-08-05,11:00,,ID6819,,CGK,Jakarta Soekarno Hatta International Airport,Batik Air,ID,32A,,,Unknown,2026-08-06 05:59:36
YIA,arrivals,2026-08-05,11:00,11:32,ID6378,BTK6378,CGK,Jakarta Soekarno Hatta International Airport,Batik Air,ID,A320,Airbus A320-232,PK-BKL,Landed 11:32,2026-08-06 05:59:36
YIA,arrivals,2026-08-05,11:20,11:16,AK346,AXM346,KUL,Kuala Lumpur International Airport,AirAsia (Let’s Fly To Terengganu Livery),AK,A320,Airbus A320-216,9M-AJS,Landed 11:16,2026-08-06 05:59:36
YIA,arrivals,2026-08-05,11:50,11:46,8B5530,TNU5530,CGK,Jakarta Soekarno Hatta International Airport,TransNusa,8B,A321,Airbus A321-211,PK-TLM,Landed 11:46,2026-08-06 05:59:36
YIA,arrivals,2026-08-05,12:50,12:50,GA208,GIA208,CGK,Jakarta Soekarno Hatta International Airport,Garuda Indonesia,GA,B738,Boeing 737-8SH,PK-GUD,Landed 12:50,2026-08-06 05:59:36
YIA,arrivals,2026-08-05,12:55,12:39,IU387,SJV387,PKY,Palangkaraya Tjilik Riwut Airport,Super Air Jet,IU,A320,Airbus A320-232,PK-SJQ,Landed 12:39,2026-08-06 05:59:36
YIA,arrivals,2026-08-05,12:55,12:45,GA253,GIA253,DPS,Denpasar Ngurah Rai International Airport,Garuda Indonesia,GA,B738,Boeing 737-8U3,PK-GFF,Landed 12:45,2026-08-06 05:59:36
YIA,arrivals,2026-08-05,13:30,,JT670,,BPN,Balikpapan Sepinggan Airport,Lion Air,JT,739,,,Canceled,2026-08-06 05:59:36
YIA,arrivals,2026-08-05,13:40,13:17,QG787,CTV787,BTH,Batam Hang Nadim Airport,Citilink (Tiket.com Livery),QG,A320,Airbus A320-214,PK-GLZ,Landed 13:17,2026-08-06 05:59:36
YIA,arrivals,2026-08-05,14:14,,ID6899,,CGK,Jakarta Soekarno Hatta International Airport,Batik Air,ID,32A,,,Unknown,2026-08-06 05:59:36
YIA,arrivals,2026-08-05,14:15,14:43,ID6344,BTK6344,CGK,Jakarta Soekarno Hatta International Airport,Batik Air,ID,A320,Airbus A320-214,PK-BKP,Landed 14:43,2026-08-06 05:59:36
YIA,arrivals,2026-08-05,14:45,,IP242,,CGK,Jakarta Soekarno Hatta International Airport,Pelita Air,IP,320,,,Unknown,2026-08-06 05:59:36
YIA,arrivals,2026-08-05,14:50,14:47,QG778,CTV778,CGK,Jakarta Soekarno Hatta International Airport,Citilink,QG,A320,Airbus A320-214,PK-GQH,Landed 14:47,2026-08-06 05:59:36
YIA,arrivals,2026-08-05,15:00,,JT643,,UPG,Makassar Sultan Hasanuddin International Airport,Lion Air,JT,739,,,Canceled,2026-08-06 05:59:36
YIA,arrivals,2026-08-05,15:30,15:41,IU120,SJV363,DPS,Denpasar Ngurah Rai International Airport,Super Air Jet,IU,A320,Airbus A320-232,PK-STC,Landed 15:41,2026-08-06 05:59:36
YIA,arrivals,2026-08-05,15:35,,IU935,,PLM,Palembang International Airport,Super Air Jet,IU,A320,Airbus A320-232,PK-SAO,Unknown,2026-08-06 05:59:36
YIA,arrivals,2026-08-05,15:35,15:15,IU935,SJV935,PLM,Palembang International Airport,Super Air Jet,IU,A320,Airbus A320-232,PK-SAO,Landed 15:15,2026-08-06 05:59:36
YIA,arrivals,2026-08-05,16:05,15:59,GA212,GIA212,CGK,Jakarta Soekarno Hatta International Airport,Garuda Indonesia,GA,B738,Boeing 737-8U3,PK-GUG,Landed 15:59,2026-08-06 05:59:36
YIA,arrivals,2026-08-05,17:05,17:45,IU950,SJV950,BTH,Batam Hang Nadim Airport,Super Air Jet (Xpora Livery),IU,A320,Airbus A320-232,PK-SAE,Landed 17:45,2026-08-06 05:59:36
YIA,arrivals,2026-08-05,17:15,17:11,8B5532,TNU5532,CGK,Jakarta Soekarno Hatta International Airport,TransNusa,8B,A321,Airbus A321-211,PK-TLM,Landed 17:11,2026-08-06 05:59:36
YIA,arrivals,2026-08-05,17:35,17:36,JT521,LNI521,BDJ,Banjarmasin Syamsudin Noor Airport,Lion Air,JT,B739,Boeing 737-9GP(ER),PK-LSO,Landed 17:36,2026-08-06 05:59:36
YIA,arrivals,2026-08-05,17:35,17:02,GA255,GIA255,DPS,Denpasar Ngurah Rai International Airport,Garuda Indonesia,GA,B738,Boeing 737-8U3,PK-GMC,Landed 17:02,2026-08-06 05:59:36
YIA,arrivals,2026-08-05,18:15,17:53,IU677,SJV677,BPN,Balikpapan Sepinggan Airport,Super Air Jet,IU,A320,Airbus A320-232,PK-SJQ,Landed 17:53,2026-08-06 05:59:36
YIA,arrivals,2026-08-05,18:50,,SJ712,,UPG,Makassar Sultan Hasanuddin International Airport,Sriwijaya Air,SJ,735,,,Unknown,2026-08-06 05:59:36
YIA,arrivals,2026-08-05,18:55,,SJ224,,CGK,Jakarta Soekarno Hatta International Airport,Sriwijaya Air,SJ,735,,,Unknown,2026-08-06 05:59:36
YIA,arrivals,2026-08-05,19:10,,JT1643,,UPG,Makassar Sultan Hasanuddin International Airport,Lion Air,JT,739,,,Unknown,2026-08-06 05:59:36
YIA,arrivals,2026-08-05,19:10,18:51,JT665,LNI665,UPG,Makassar Sultan Hasanuddin International Airport,Lion Air,JT,B739,Boeing 737-9GP(ER),PK-LSK,Landed 18:51,2026-08-06 05:59:36
YIA,arrivals,2026-08-05,19:15,,ID6801,,CGK,Jakarta Soekarno Hatta International Airport,Batik Air,ID,32A,,,Unknown,2026-08-06 05:59:36
YIA,arrivals,2026-08-05,19:15,19:15,ID6374,BTK6374,CGK,Jakarta Soekarno Hatta International Airport,Batik Air,ID,A320,Airbus A320-214,PK-BLC,Landed 19:15,2026-08-06 05:59:36
YIA,arrivals,2026-08-05,19:40,19:21,QG785,CTV785,BPN,Balikpapan Sepinggan Airport,Citilink (Tiket.com Livery),QG,A320,Airbus A320-214,PK-GLZ,Landed 19:21,2026-08-06 05:59:36
YIA,arrivals,2026-08-05,19:45,19:29,QG776,CTV776,CGK,Jakarta Soekarno Hatta International Airport,Citilink,QG,A320,Airbus A320-214,PK-GLQ,Landed 19:29,2026-08-06 05:59:36
YIA,arrivals,2026-08-05,20:00,,IN220,,CGK,Jakarta Soekarno Hatta International Airport,Nam Air,IN,735,,,Unknown,2026-08-06 05:59:36
YIA,arrivals,2026-08-05,20:25,20:01,IU661,SJV661,PNK,Pontianak Supadio Airport,Super Air Jet,IU,A320,Airbus A320-232,PK-SAO,Landed 20:01,2026-08-06 05:59:36
YIA,arrivals,2026-08-05,20:35,20:18,GA206,GIA206,CGK,Jakarta Soekarno Hatta International Airport,Garuda Indonesia (Livin' by Mandiri Livery),GA,B738,Boeing 737-86N,PK-GFI,Landed 20:18,2026-08-06 05:59:36
YIA,departures,2026-08-05,06:30,06:29,IU933,SJV933,PLM,Palembang International Airport,Super Air Jet,IU,A320,Airbus A320-232,PK-SAO,Departed 06:29,2026-08-06 05:59:59
YIA,departures,2026-08-05,06:50,06:56,GA207,GIA207,CGK,Jakarta Soekarno Hatta International Airport,Garuda Indonesia,GA,B738,Boeing 737-8U3,PK-GFV,Departed 06:56,2026-08-06 05:59:59
YIA,departures,2026-08-05,07:00,06:58,JT964,LNI964,KNO,Medan Kuala Namu International Airport,Lion Air,JT,B739,Boeing 737-9GP(ER),PK-LSH,Departed 06:58,2026-08-06 05:59:59
YIA,departures,2026-08-05,07:10,07:14,QG775,CTV775,CGK,Jakarta Soekarno Hatta International Airport,Citilink,QG,A20N,Airbus A320-251N,PK-GTF,Departed 07:14,2026-08-06 05:59:59
YIA,departures,2026-08-05,07:30,07:35,IU951,SJV951,BTH,Batam Hang Nadim Airport,Super Air Jet (Xpora Livery),IU,A320,Airbus A320-232,PK-SAE,Departed 07:35,2026-08-06 05:59:59
YIA,departures,2026-08-05,07:55,08:25,ID6369,BTK6369,CGK,Jakarta Soekarno Hatta International Airport,Batik Air,ID,A320,Airbus A320-232,PK-BKL,Departed 08:25,2026-08-06 05:59:59
YIA,departures,2026-08-05,08:35,08:37,IP647,PAS647,BPN,Balikpapan Sepinggan Airport,Pelita Air,IP,A320,Airbus A320-214,PK-PWG,Departed 08:37,2026-08-06 05:59:59
YIA,departures,2026-08-05,08:45,08:41,QG786,CTV786,BTH,Batam Hang Nadim Airport,Citilink (Tiket.com Livery),QG,A320,Airbus A320-214,PK-GLZ,Departed 08:41,2026-08-06 05:59:59
YIA,departures,2026-08-05,09:00,09:31,JT522,LNI522,BDJ,Banjarmasin Syamsudin Noor Airport,Lion Air,JT,B739,Boeing 737-9GP(ER),PK-LSO,Departed 09:31,2026-08-06 05:59:59
YIA,departures,2026-08-05,09:05,09:20,JT669,LNI669,BPN,Balikpapan Sepinggan Airport,Lion Air,JT,B739,Boeing 737-9GP(ER),PK-LFK,Departed 09:20,2026-08-06 05:59:59
YIA,departures,2026-08-05,09:10,09:13,IU386,SJV386,PKY,Palangkaraya Tjilik Riwut Airport,Super Air Jet,IU,A320,Airbus A320-232,PK-SJQ,Departed 09:13,2026-08-06 05:59:59
YIA,departures,2026-08-05,09:50,,ID6800,,CGK,Jakarta Soekarno Hatta International Airport,Batik Air,ID,32A,,,Unknown,2026-08-06 05:59:59
YIA,departures,2026-08-05,09:50,09:57,ID7540,BTK7540,CGK,Jakarta Soekarno Hatta International Airport,Batik Air,ID,A320,Airbus A320-214,PK-LAT,Departed 09:57,2026-08-06 05:59:59
YIA,departures,2026-08-05,09:55,10:08,GA205,GIA205,CGK,Jakarta Soekarno Hatta International Airport,Garuda Indonesia,GA,B738,Boeing 737-8SA,PK-GUH,Departed 10:08,2026-08-06 05:59:59
YIA,departures,2026-08-05,10:15,10:40,JT640,LNI640,UPG,Makassar Sultan Hasanuddin International Airport,Lion Air,JT,B739,Boeing 737-9GP(ER),PK-LGL,Departed 10:40,2026-08-06 05:59:59
YIA,departures,2026-08-05,10:30,10:43,TR249,TGW249,SIN,Singapore Changi Airport,Scoot,TR,A21N,Airbus A321-271NX,9V-NCM,Departed 10:43,2026-08-06 05:59:59
YIA,departures,2026-08-05,10:55,11:08,QG773,CTV773,CGK,Jakarta Soekarno Hatta International Airport,Citilink,QG,A20N,Airbus A320-251N,PK-GTF,Departed 11:08,2026-08-06 05:59:59
YIA,departures,2026-08-05,11:20,11:26,IU123,SJV123,DPS,Denpasar Ngurah Rai International Airport,Super Air Jet,IU,A320,Airbus A320-232,PK-SJM,Departed 11:26,2026-08-06 05:59:59
YIA,departures,2026-08-05,11:30,11:40,GA254,GIA254,DPS,Denpasar Ngurah Rai International Airport,Garuda Indonesia,GA,B738,Boeing 737-8U3,PK-GMC,Departed 11:40,2026-08-06 05:59:59
YIA,departures,2026-08-05,11:45,12:30,ID6818,,CGK,Jakarta Soekarno Hatta International Airport,Batik Air,ID,32A,,,Estimated dep 12:30*,2026-08-06 05:59:59
YIA,departures,2026-08-05,11:45,12:25,ID6379,BTK6379,CGK,Jakarta Soekarno Hatta International Airport,Batik Air,ID,A320,Airbus A320-232,PK-BKL,Departed 12:25,2026-08-06 05:59:59
YIA,departures,2026-08-05,11:45,12:23,AK347,AXM347,KUL,Kuala Lumpur International Airport,AirAsia (Let’s Fly To Terengganu Livery),AK,A320,Airbus A320-216,9M-AJS,Departed 12:23,2026-08-06 05:59:59
YIA,departures,2026-08-05,13:20,13:11,8B5531,TNU5531,CGK,Jakarta Soekarno Hatta International Airport,TransNusa,8B,A321,Airbus A321-211,PK-TLM,Departed 13:11,2026-08-06 05:59:59
YIA,departures,2026-08-05,13:35,13:59,GA209,GIA209,CGK,Jakarta Soekarno Hatta International Airport,Garuda Indonesia,GA,B738,Boeing 737-8SH,PK-GUD,Departed 13:59,2026-08-06 05:59:59
YIA,departures,2026-08-05,13:40,13:53,GA252,GIA252,DPS,Denpasar Ngurah Rai International Airport,Garuda Indonesia,GA,B738,Boeing 737-8U3,PK-GFF,Departed 13:53,2026-08-06 05:59:59
YIA,departures,2026-08-05,13:50,13:46,IU676,SJV676,BPN,Balikpapan Sepinggan Airport,Super Air Jet,IU,A320,Airbus A320-232,PK-SJQ,Departed 13:46,2026-08-06 05:59:59
YIA,departures,2026-08-05,14:10,,JT661,,BPN,Balikpapan Sepinggan Airport,Lion Air,JT,739,,,Canceled,2026-08-06 05:59:59
YIA,departures,2026-08-05,14:45,14:52,QG784,CTV784,BPN,Balikpapan Sepinggan Airport,Citilink (Tiket.com Livery),QG,A320,Airbus A320-214,PK-GLZ,Departed 14:52,2026-08-06 05:59:59
YIA,departures,2026-08-05,14:55,15:38,ID6345,BTK6345,CGK,Jakarta Soekarno Hatta International Airport,Batik Air,ID,A320,Airbus A320-214,PK-BKP,Departed 15:38,2026-08-06 05:59:59
YIA,departures,2026-08-05,15:20,15:35,QG779,CTV779,CGK,Jakarta Soekarno Hatta International Airport,Citilink,QG,A320,Airbus A320-214,PK-GQH,Departed 15:35,2026-08-06 05:59:59
YIA,departures,2026-08-05,15:30,,IP243,,CGK,Jakarta Soekarno Hatta International Airport,Pelita Air,IP,320,,,Unknown,2026-08-06 05:59:59
YIA,departures,2026-08-05,15:40,,JT644,,UPG,Makassar Sultan Hasanuddin International Airport,Lion Air,JT,739,,,Canceled,2026-08-06 05:59:59
YIA,departures,2026-08-05,16:10,17:25,IU121,SJV121,DPS,Denpasar Ngurah Rai International Airport,Super Air Jet,IU,A320,Airbus A320-232,PK-STC,Departed 17:25,2026-08-06 05:59:59
YIA,departures,2026-08-05,16:15,16:17,IU660,SJV660,PNK,Pontianak Supadio Airport,Super Air Jet,IU,A320,Airbus A320-232,PK-SAO,Departed 16:17,2026-08-06 05:59:59
YIA,departures,2026-08-05,16:50,16:58,GA213,GIA213,CGK,Jakarta Soekarno Hatta International Airport,Garuda Indonesia,GA,B738,Boeing 737-8U3,PK-GUG,Departed 16:58,2026-08-06 05:59:59
YIA,departures,2026-08-05,17:45,17:55,8B5533,TNU5533,CGK,Jakarta Soekarno Hatta International Airport,TransNusa,8B,A321,Airbus A321-211,PK-TLM,Departed 17:55,2026-08-06 05:59:59
YIA,departures,2026-08-05,17:45,18:54,IU778,SJV778,LOP,Lombok International Airport,Super Air Jet (Xpora Livery),IU,A320,Airbus A320-232,PK-SAE,Departed 18:54,2026-08-06 05:59:59
YIA,departures,2026-08-05,18:15,18:37,JT276,LNI276,PKU,Pekanbaru Sultan Syarif Kasim II Airport,Lion Air,JT,B739,Boeing 737-9GP(ER),PK-LSO,Departed 18:37,2026-08-06 05:59:59
YIA,departures,2026-08-05,18:20,18:31,GA203,GIA203,CGK,Jakarta Soekarno Hatta International Airport,Garuda Indonesia,GA,B738,Boeing 737-8U3,PK-GMC,Departed 18:31,2026-08-06 05:59:59
YIA,departures,2026-08-05,18:55,,IU664,,BDJ,Banjarmasin Syamsudin Noor Airport,Super Air Jet,IU,320,,,Unknown,2026-08-06 05:59:59
YIA,departures,2026-08-05,19:40,,SJ225,,CGK,Jakarta Soekarno Hatta International Airport,Sriwijaya Air,SJ,735,,,Unknown,2026-08-06 05:59:59
YIA,departures,2026-08-05,20:00,20:20,ID6371,BTK6371,CGK,Jakarta Soekarno Hatta International Airport,Batik Air,ID,A320,Airbus A320-214,PK-BLC,Departed 20:20,2026-08-06 05:59:59
YIA,departures,2026-08-05,20:00,20:03,JT664,LNI664,UPG,Makassar Sultan Hasanuddin International Airport,Lion Air,JT,B739,Boeing 737-9GP(ER),PK-LSK,Departed 20:03,2026-08-06 05:59:59
YIA,departures,2026-08-05,20:10,20:23,QG783,CTV783,UPG,Makassar Sultan Hasanuddin International Airport,Citilink (Tiket.com Livery),QG,A320,Airbus A320-214,PK-GLZ,Departed 20:23,2026-08-06 05:59:59
YIA,departures,2026-08-05,20:15,22:02,SJ713,SJY713,UPG,Makassar Sultan Hasanuddin International Airport,Sriwijaya Air,SJ,B735,Boeing 737-524,PK-CLF,Departed 22:02,2026-08-06 05:59:59
YIA,departures,2026-08-05,20:45,,IN221,,CGK,Jakarta Soekarno Hatta International Airport,Nam Air,IN,735,,,Unknown,2026-08-06 05:59:59
