bandara,tipe,tanggal,waktu_jadwal,waktu_aktual,nomor_flight,callsign,asal_tujuan_iata,asal_tujuan_nama,maskapai,maskapai_iata,kode_pesawat,nama_pesawat,registrasi,status,scraped_at
BPN,arrivals,2026-09-01,06:45,06:32,QG430,CTV430,SUB,Surabaya Juanda International Airport,Citilink,QG,A320,Airbus A320-214,PK-GQC,Landed 07:32,2026-09-02 04:03:27
BPN,arrivals,2026-09-01,07:00,,IU611,,BEJ,Kalimarau Airport,Super Air Jet,IU,320,,,Canceled,2026-09-02 04:03:27
BPN,arrivals,2026-09-01,07:00,06:47,IU579,SJV579,BEJ,Kalimarau Airport,Super Air Jet,IU,A320,Airbus A320-232,PK-STH,Landed 07:47,2026-09-02 04:03:27
BPN,arrivals,2026-09-01,07:10,07:03,IU604,SJV604,CGK,Jakarta Soekarno Hatta International Airport,Super Air Jet,IU,A320,Airbus A320-232,PK-SAH,Landed 08:03,2026-09-02 04:03:27
BPN,arrivals,2026-09-01,07:25,07:13,TR336,TGW336,SIN,Singapore Changi Airport,Scoot,TR,E290,Embraer E190-E2,9V-THG,Landed 08:13,2026-09-02 04:03:27
BPN,arrivals,2026-09-01,07:30,,RI200,,CGK,Jakarta Soekarno Hatta International Airport,Rimbun Air,RI,73Y,,,Unknown,2026-09-02 04:03:27
BPN,arrivals,2026-09-01,07:30,07:19,QG436,CTV436,CGK,Jakarta Soekarno Hatta International Airport,Citilink,QG,A320,Airbus A320-214,PK-GLN,Unknown,2026-09-02 04:03:27
BPN,arrivals,2026-09-01,08:10,07:55,MH843,MAS843,KUL,Kuala Lumpur International Airport,Malaysia Airlines (Retro Livery),MH,B738,Boeing 737-8H6,9M-MLV,Landed 08:55,2026-09-02 04:03:27
BPN,arrivals,2026-09-01,08:15,,KS521,,APD,Bone Arung Palakka Airport,Aeroitalia Regional,KS,ATR,,,Unknown,2026-09-02 04:03:27
BPN,arrivals,2026-09-01,09:10,,GM61,,HLP,Jakarta Halim Perdanakusuma Airport,Asia Cargo Airlines,GM,73F,,,Unknown,2026-09-02 04:03:27
BPN,arrivals,2026-09-01,09:10,,QG1493,,BDJ,Banjarmasin Syamsudin Noor Airport,Citilink,QG,AT76,ATR 72-600,PK-GJT,Unknown,2026-09-02 04:03:27
BPN,arrivals,2026-09-01,09:30,11:07,JT624,LNI624,SRG,Semarang Achmad Yani International Airport,Lion Air,JT,B739,Boeing 737-9GP(ER),PK-LSO,Landed 12:07,2026-09-02 04:03:27
BPN,arrivals,2026-09-01,09:30,09:24,IU610,SJV610,SUB,Surabaya Juanda International Airport,Super Air Jet (Our Super 50th Jet Livery),IU,A320,Airbus A320-232,PK-STQ,Landed 10:24,2026-09-02 04:03:27
BPN,arrivals,2026-09-01,10:00,,IU578,,UPG,Makassar Sultan Hasanuddin International Airport,Super Air Jet,IU,A320,Airbus A320-232,PK-STH,Unknown,2026-09-02 04:03:27
BPN,arrivals,2026-09-01,10:00,10:01,IU535,SJV535,UPG,Makassar Sultan Hasanuddin International Airport,Super Air Jet,IU,A320,Airbus A320-232,PK-SGB,Unknown,2026-09-02 04:03:27
BPN,arrivals,2026-09-01,10:10,10:00,IU512,SJV512,CGK,Jakarta Soekarno Hatta International Airport,Super Air Jet,IU,A320,Airbus A320-232,PK-SJE,Landed 11:00,2026-09-02 04:03:27
BPN,arrivals,2026-09-01,10:25,,QG438,,CGK,Jakarta Soekarno Hatta International Airport,Citilink,QG,A320,Airbus A320-214,PK-GLS,Canceled,2026-09-02 04:03:27
BPN,arrivals,2026-09-01,10:25,10:17,IP647,PAS647,YIA,Yogyakarta International Airport,Pelita Air,IP,A320,Airbus A320-214,PK-PWQ,Landed 11:17,2026-09-02 04:03:27
BPN,arrivals,2026-09-01,10:50,10:50,GA564,GIA564,CGK,Jakarta Soekarno Hatta International Airport,Garuda Indonesia,GA,B738,Boeing 737-8U3,PK-GMI,Landed 11:50,2026-09-02 04:03:27
BPN,arrivals,2026-09-01,11:00,10:46,JT669,LNI669,YIA,Yogyakarta International Airport,Lion Air,JT,B739,Boeing 737-9GP(ER),PK-LSL,Landed 11:46,2026-09-02 04:03:27
BPN,arrivals,2026-09-01,11:00,11:03,IU693,SJV693,TRK,Tarakan Juwata International Airport,Super Air Jet,IU,A320,Airbus A320-232,PK-STH,Landed 12:03,2026-09-02 04:03:27
BPN,arrivals,2026-09-01,11:00,,IU617,,TRK,Tarakan Juwata International Airport,Super Air Jet (Our Super 50th Jet Livery),IU,A320,Airbus A320-232,PK-STQ,Unknown,2026-09-02 04:03:27
BPN,arrivals,2026-09-01,11:05,13:15,IW1431,WON1431,MJU,Mamuju Tampa Padang Airport,Wings Air,IW,AT76,ATR 72-600,PK-WJG,Landed 14:15,2026-09-02 04:03:27
BPN,arrivals,2026-09-01,11:10,,IU614,,SUB,Surabaya Juanda International Airport,Super Air Jet,IU,320,,,Canceled,2026-09-02 04:03:27
BPN,arrivals,2026-09-01,11:10,,IU602,,CGK,Jakarta Soekarno Hatta International Airport,Super Air Jet,IU,320,,,Canceled,2026-09-02 04:03:27
BPN,arrivals,2026-09-01,11:20,,QG401,,TRK,Tarakan Juwata International Airport,Citilink,QG,320,,,Canceled,2026-09-02 04:03:27
BPN,arrivals,2026-09-01,11:20,,JT660,,DPS,Denpasar Ngurah Rai International Airport,Lion Air,JT,739,,,Unknown,2026-09-02 04:03:27
BPN,arrivals,2026-09-01,11:50,,IW1477,,LNU,Malinau Kolonel RA Bessing Airport,Wings Air,IW,AT7,,,Canceled,2026-09-02 04:03:27
BPN,arrivals,2026-09-01,12:00,,IU531,,UPG,Makassar Sultan Hasanuddin International Airport,Super Air Jet,IU,320,,,Unknown,2026-09-02 04:03:27
BPN,arrivals,2026-09-01,12:00,,ID6317,,UPG,Makassar Sultan Hasanuddin International Airport,Batik Air,ID,A320,Airbus A320-214,PK-BKP,Unknown,2026-09-02 04:03:27
BPN,arrivals,2026-09-01,12:00,11:54,ID6233,BTK6233,UPG,Makassar Sultan Hasanuddin International Airport,Batik Air,ID,A320,Airbus A320-214,PK-BKP,Landed 12:54,2026-09-02 04:03:27
BPN,arrivals,2026-09-01,12:40,13:12,QG1495,CTV1495,BDJ,Banjarmasin Syamsudin Noor Airport,Citilink,QG,AT76,ATR 72-600,PK-GJT,Landed 14:12,2026-09-02 04:03:27
BPN,arrivals,2026-09-01,13:10,13:20,ID6250,BTK6250,CGK,Jakarta Soekarno Hatta International Airport,Batik Air,ID,B738,Boeing 737-8GP,PK-LDK,Landed 14:20,2026-09-02 04:03:27
BPN,arrivals,2026-09-01,13:40,,IU615,,TRK,Tarakan Juwata International Airport,Super Air Jet,IU,320,,,Canceled,2026-09-02 04:03:27
BPN,arrivals,2026-09-01,14:25,,IW1475,,GHS,West Kutai Melalan Airport,Wings Air,IW,AT7,,,Canceled,2026-09-02 04:03:27
BPN,arrivals,2026-09-01,14:40,18:59,SJ135,SJY135,BEJ,Kalimarau Airport,Sriwijaya Air,SJ,B735,Boeing 737-524,PK-CLE,Landed 19:59,2026-09-02 04:03:27
BPN,arrivals,2026-09-01,15:00,16:09,IW1396,WON1396,BDJ,Banjarmasin Syamsudin Noor Airport,Wings Air,IW,AT76,ATR 72-600,PK-WHR,Landed 17:09,2026-09-02 04:03:27
BPN,arrivals,2026-09-01,15:10,15:26,GA560,GIA560,CGK,Jakarta Soekarno Hatta International Airport,Garuda Indonesia,GA,B738,Boeing 737-8U3,PK-GNM,Landed 16:26,2026-09-02 04:03:27
BPN,arrivals,2026-09-01,15:15,,IU609,,BEJ,Kalimarau Airport,Super Air Jet,IU,A320,Airbus A320-232,PK-SJM,Unknown,2026-09-02 04:03:27
BPN,arrivals,2026-09-01,15:15,17:34,IU581,SJV581,BEJ,Kalimarau Airport,Super Air Jet,IU,A320,Airbus A320-232,PK-STH,Landed 18:34,2026-09-02 04:03:27
BPN,arrivals,2026-09-01,15:15,15:08,IP602,PAS602,CGK,Jakarta Soekarno Hatta International Airport,Pelita Air,IP,A320,Airbus A320-214,PK-PWO,Landed 16:08,2026-09-02 04:03:27
BPN,arrivals,2026-09-01,15:25,15:23,IU618,SJV618,SUB,Surabaya Juanda International Airport,Super Air Jet,IU,A320,Airbus A320-232,PK-SJS,Landed 16:23,2026-09-02 04:03:27
BPN,arrivals,2026-09-01,15:40,,IU677,,TRK,Tarakan Juwata International Airport,Super Air Jet,IU,320,,,Unknown,2026-09-02 04:03:27
BPN,arrivals,2026-09-01,15:40,21:28,IU534,SJV534,TRK,Tarakan Juwata International Airport,Super Air Jet,IU,A320,Airbus A320-232,PK-SGB,Landed 22:28,2026-09-02 04:03:27
BPN,arrivals,2026-09-01,15:45,15:34,IU676,SJV676,YIA,Yogyakarta International Airport,Super Air Jet,IU,A320,Airbus A320-232,PK-SJM,Landed 16:34,2026-09-02 04:03:27
BPN,arrivals,2026-09-01,15:50,,SJ1341,,BEJ,Kalimarau Airport,Sriwijaya Air,SJ,735,,,Unknown,2026-09-02 04:03:27
BPN,arrivals,2026-09-01,16:00,15:56,IW1384,WON1384,BDJ,Banjarmasin Syamsudin Noor Airport,Wings Air,IW,AT76,ATR 72-600,PK-WJJ,Landed 16:56,2026-09-02 04:03:27
BPN,arrivals,2026-09-01,16:05,,JT661,,YIA,Yogyakarta International Airport,Lion Air,JT,739,,,Unknown,2026-09-02 04:03:27
BPN,arrivals,2026-09-01,16:10,16:21,JT364,LNI364,SUB,Surabaya Juanda International Airport,Lion Air,JT,B739,Boeing 737-9GP(ER),PK-LFZ,Landed 17:21,2026-09-02 04:03:27
BPN,arrivals,2026-09-01,16:10,16:59,IU608,SJV608,CGK,Jakarta Soekarno Hatta International Airport,Super Air Jet,IU,A320,Airbus A320-232,PK-SAV,Landed 17:59,2026-09-02 04:03:27
BPN,arrivals,2026-09-01,16:10,,IU580,,CGK,Jakarta Soekarno Hatta International Airport,Super Air Jet,IU,320,,,Unknown,2026-09-02 04:03:27
BPN,arrivals,2026-09-01,16:15,16:03,QG446,CTV446,CGK,Jakarta Soekarno Hatta International Airport,Citilink,QG,A320,Airbus A320-214,PK-GQD,Landed 17:03,2026-09-02 04:03:27
BPN,arrivals,2026-09-01,16:30,,RI2000,,CGK,Jakarta Soekarno Hatta International Airport,Rimbun Air,RI,73Y,,,Unknown,2026-09-02 04:03:27
BPN,arrivals,2026-09-01,16:30,16:18,ID6316,BTK6316,PNK,Pontianak Supadio Airport,Batik Air,ID,A320,Airbus A320-214,PK-BKP,Landed 17:18,2026-09-02 04:03:27
BPN,arrivals,2026-09-01,16:45,,QG434,,SUB,Surabaya Juanda International Airport,Citilink,QG,A320,Airbus A320-214,PK-GQN,Canceled,2026-09-02 04:03:27
BPN,arrivals,2026-09-01,17:05,16:29,QG784,CTV784,YIA,Yogyakarta International Airport,Citilink,QG,A320,Airbus A320-214,PK-GLM,Landed 17:29,2026-09-02 04:03:27
BPN,arrivals,2026-09-01,17:05,17:03,GA572,GIA572,CGK,Jakarta Soekarno Hatta International Airport,Garuda Indonesia,GA,B738,Boeing 737-8U3,PK-GMI,Landed 18:03,2026-09-02 04:03:27
BPN,arrivals,2026-09-01,17:10,16:55,QG851,CTV851,BDO,Bandung Husein Sastranegara International Airport,Citilink,QG,A320,Airbus A320-214,PK-GLN,Landed 17:55,2026-09-02 04:03:27
BPN,arrivals,2026-09-01,18:10,,JT662,,UPG,Makassar Sultan Hasanuddin International Airport,Lion Air,JT,738,,,Unknown,2026-09-02 04:03:27
BPN,arrivals,2026-09-01,18:20,18:08,IP623,PAS623,SUB,Surabaya Juanda International Airport,Pelita Air,IP,A320,Airbus A320-214,PK-PWQ,Landed 19:08,2026-09-02 04:03:27
BPN,arrivals,2026-09-01,19:55,19:31,QG428,CTV428,UPG,Makassar Sultan Hasanuddin International Airport,Citilink,QG,A320,Airbus A320-214,PK-GQD,Landed 20:31,2026-09-02 04:03:27
BPN,arrivals,2026-09-01,20:15,20:47,JT260,LNI260,SUB,Surabaya Juanda International Airport,Lion Air,JT,B739,Boeing 737-9GP(ER),PK-LQS,Unknown,2026-09-02 04:03:27
BPN,arrivals,2026-09-01,20:15,20:18,GA576,GIA576,CGK,Jakarta Soekarno Hatta International Airport,Garuda Indonesia,GA,B738,Boeing 737-8BK,PK-GFG,Landed 21:18,2026-09-02 04:03:27
BPN,arrivals,2026-09-01,20:25,20:51,IU600,SJV600,CGK,Jakarta Soekarno Hatta International Airport,Super Air Jet,IU,A320,Airbus A320-232,PK-STS,Landed 21:51,2026-09-02 04:03:27
BPN,departures,2026-09-01,05:00,05:11,JT363,LNI363,SUB,Surabaya Juanda International Airport,Lion Air (50th 737-900ER Livery),JT,B739,Boeing 737-9GP(ER),PK-LHY,Departed 06:11,2026-09-02 04:03:57
BPN,departures,2026-09-01,05:00,05:07,IU601,SJV601,CGK,Jakarta Soekarno Hatta International Airport,Super Air Jet,IU,A320,Airbus A320-232,PK-STR,Departed 06:07,2026-09-02 04:03:57
BPN,departures,2026-09-01,05:10,05:12,QG439,CTV439,CGK,Jakarta Soekarno Hatta International Airport,Citilink,QG,A320,Airbus A320-214,PK-GLS,Departed 06:12,2026-09-02 04:03:57
BPN,departures,2026-09-01,05:20,05:27,GA561,GIA561,CGK,Jakarta Soekarno Hatta International Airport,Garuda Indonesia,GA,B738,Boeing 737-81M,PK-GUA,Departed 06:27,2026-09-02 04:03:57
BPN,departures,2026-09-01,05:30,,IU532,,UPG,Makassar Sultan Hasanuddin International Airport,Super Air Jet,IU,320,,,Canceled,2026-09-02 04:03:57
BPN,departures,2026-09-01,06:00,,IP646,,YIA,Yogyakarta International Airport,Pelita Air,IP,A320,Airbus A320-214,PK-PWQ,Unknown,2026-09-02 04:03:57
BPN,departures,2026-09-01,06:00,06:45,QG1492,,BDJ,Banjarmasin Syamsudin Noor Airport,Citilink,QG,AT76,ATR 72-600,PK-GJT,Estimated dep 07:45*,2026-09-02 04:03:57
BPN,departures,2026-09-01,06:00,06:01,JT668,LNI668,YIA,Yogyakarta International Airport,Lion Air,JT,B739,Boeing 737-9GP(ER),PK-LFY,Departed 07:01,2026-09-02 04:03:57
BPN,departures,2026-09-01,06:00,05:57,IP646,PAS646,YIA,Yogyakarta International Airport,Pelita Air,IP,A320,Airbus A320-214,PK-PWQ,Departed 06:57,2026-09-02 04:03:57
BPN,departures,2026-09-01,06:55,07:23,IW1395,WON1395,BDJ,Banjarmasin Syamsudin Noor Airport,Wings Air,IW,AT76,ATR 72-600,PK-WHH,Departed 08:23,2026-09-02 04:03:57
BPN,departures,2026-09-01,07:00,08:03,IU649,SJV649,SUB,Surabaya Juanda International Airport,Super Air Jet,IU,A320,Airbus A320-232,PK-SJS,Departed 09:03,2026-09-02 04:03:57
BPN,departures,2026-09-01,07:15,07:19,QG435,CTV435,SUB,Surabaya Juanda International Airport,Citilink,QG,A320,Airbus A320-214,PK-GQC,Departed 08:19,2026-09-02 04:03:57
BPN,departures,2026-09-01,07:50,,IU607,,CGK,Jakarta Soekarno Hatta International Airport,Super Air Jet,IU,320,,,Unknown,2026-09-02 04:03:57
BPN,departures,2026-09-01,07:50,08:01,IU607,SJV607,CGK,Jakarta Soekarno Hatta International Airport,Super Air Jet,IU,A320,Airbus A320-232,PK-SAH,Departed 09:01,2026-09-02 04:03:57
BPN,departures,2026-09-01,07:50,,IU579,,CGK,Jakarta Soekarno Hatta International Airport,Super Air Jet,IU,320,,,Unknown,2026-09-02 04:03:57
BPN,departures,2026-09-01,08:00,08:05,TR337,TGW337,SIN,Singapore Changi Airport,Scoot,TR,E290,Embraer E190-E2,9V-THG,Departed 09:05,2026-09-02 04:03:57
BPN,departures,2026-09-01,08:00,08:08,IU694,SJV694,TRK,Tarakan Juwata International Airport,Super Air Jet,IU,A320,Airbus A320-232,PK-STH,Departed 09:08,2026-09-02 04:03:57
BPN,departures,2026-09-01,08:00,,IU604,,TRK,Tarakan Juwata International Airport,Super Air Jet,IU,320,,,Canceled,2026-09-02 04:03:57
BPN,departures,2026-09-01,08:15,,IW1478,,LNU,Malinau Kolonel RA Bessing Airport,Wings Air,IW,AT7,,,Canceled,2026-09-02 04:03:57
BPN,departures,2026-09-01,08:15,,QG400,,TRK,Tarakan Juwata International Airport,Citilink,QG,320,,,Canceled,2026-09-02 04:03:57
BPN,departures,2026-09-01,08:40,10:51,IW1430,WON1430,MJU,Mamuju Tampa Padang Airport,Wings Air,IW,AT75,ATR 72-500,PK-WFU,Departed 11:51,2026-09-02 04:03:57
BPN,departures,2026-09-01,09:10,08:59,MH842,MAS842,KUL,Kuala Lumpur International Airport,Malaysia Airlines (Retro Livery),MH,B738,Boeing 737-8H6,9M-MLV,Departed 09:59,2026-09-02 04:03:57
BPN,departures,2026-09-01,09:35,10:20,QG1494,CTV1494,BDJ,Banjarmasin Syamsudin Noor Airport,Citilink,QG,AT76,ATR 72-600,PK-GJT,Departed 11:20,2026-09-02 04:03:57
BPN,departures,2026-09-01,10:10,12:00,JT663,LNI663,DPS,Denpasar Ngurah Rai International Airport,Lion Air,JT,B739,Boeing 737-9GP(ER),PK-LHI,Departed 13:00,2026-09-02 04:03:57
BPN,departures,2026-09-01,10:10,,IU611,,SUB,Surabaya Juanda International Airport,Super Air Jet,IU,320,,,Canceled,2026-09-02 04:03:57
BPN,departures,2026-09-01,10:40,,IU610,,TRK,Tarakan Juwata International Airport,Super Air Jet,IU,320,,,Unknown,2026-09-02 04:03:57
BPN,departures,2026-09-01,10:50,,IU513,,CGK,Jakarta Soekarno Hatta International Airport,Super Air Jet,IU,320,,,Unknown,2026-09-02 04:03:57
BPN,departures,2026-09-01,10:50,10:55,IU513,SJV513,CGK,Jakarta Soekarno Hatta International Airport,Super Air Jet,IU,A320,Airbus A320-232,PK-SJE,Departed 11:55,2026-09-02 04:03:57
BPN,departures,2026-09-01,11:10,11:10,IP603,PAS603,CGK,Jakarta Soekarno Hatta International Airport,Pelita Air,IP,A320,Airbus A320-214,PK-PWQ,Departed 12:10,2026-09-02 04:03:57
BPN,departures,2026-09-01,11:35,11:55,GA567,GIA567,CGK,Jakarta Soekarno Hatta International Airport,Garuda Indonesia,GA,B738,Boeing 737-8U3,PK-GMI,Departed 12:55,2026-09-02 04:03:57
BPN,departures,2026-09-01,11:40,,JT670,,YIA,Yogyakarta International Airport,Lion Air,JT,739,,,Unknown,2026-09-02 04:03:57
BPN,departures,2026-09-01,11:50,,IU693,,CGK,Jakarta Soekarno Hatta International Airport,Super Air Jet,IU,320,,,Unknown,2026-09-02 04:03:57
BPN,departures,2026-09-01,11:50,,IU603,,CGK,Jakarta Soekarno Hatta International Airport,Super Air Jet,IU,320,,,Canceled,2026-09-02 04:03:57
BPN,departures,2026-09-01,11:50,11:57,IU617,SJV617,SUB,Surabaya Juanda International Airport,Super Air Jet (Our Super 50th Jet Livery),IU,A320,Airbus A320-232,PK-STQ,Departed 12:57,2026-09-02 04:03:57
BPN,departures,2026-09-01,12:00,12:05,QG850,CTV850,BDO,Bandung Husein Sastranegara International Airport,Citilink,QG,A320,Airbus A320-214,PK-GLN,Departed 13:05,2026-09-02 04:03:57
BPN,departures,2026-09-01,12:05,,QG437,,CGK,Jakarta Soekarno Hatta International Airport,Citilink,QG,320,,,Canceled,2026-09-02 04:03:57
BPN,departures,2026-09-01,12:30,,IW1476,,GHS,West Kutai Melalan Airport,Wings Air,IW,AT7,,,Canceled,2026-09-02 04:03:57
BPN,departures,2026-09-01,12:30,,IU614,,BEJ,Kalimarau Airport,Super Air Jet,IU,320,,,Canceled,2026-09-02 04:03:57
BPN,departures,2026-09-01,12:30,15:17,IU578,SJV578,BEJ,Kalimarau Airport,Super Air Jet,IU,A320,Airbus A320-232,PK-STH,Departed 16:17,2026-09-02 04:03:57
BPN,departures,2026-09-01,12:30,,IU512,,BEJ,Kalimarau Airport,Super Air Jet,IU,320,,,Unknown,2026-09-02 04:03:57
BPN,departures,2026-09-01,12:40,18:46,IU692,SJV692,TRK,Tarakan Juwata International Airport,Super Air Jet,IU,A320,Airbus A320-232,PK-SGB,Departed 19:46,2026-09-02 04:03:57
BPN,departures,2026-09-01,12:40,,IU602,,TRK,Tarakan Juwata International Airport,Super Air Jet,IU,320,,,Canceled,2026-09-02 04:03:57
BPN,departures,2026-09-01,12:40,,IU531,,TRK,Tarakan Juwata International Airport,Super Air Jet,IU,320,,,Unknown,2026-09-02 04:03:57
BPN,departures,2026-09-01,12:40,12:45,ID6317,BTK6317,PNK,Pontianak Supadio Airport,Batik Air,ID,A320,Airbus A320-214,PK-BKP,Departed 13:45,2026-09-02 04:03:57
BPN,departures,2026-09-01,13:55,14:19,ID6253,BTK6253,CGK,Jakarta Soekarno Hatta International Airport,Batik Air,ID,B738,Boeing 737-8GP,PK-LDK,Departed 15:19,2026-09-02 04:03:57
BPN,departures,2026-09-01,15:00,15:01,JT625,LNI625,SRG,Semarang Achmad Yani International Airport,Lion Air,JT,B739,Boeing 737-9GP(ER),PK-LSL,Departed 16:01,2026-09-02 04:03:57
BPN,departures,2026-09-01,15:20,19:48,SJ134,SJY134,BEJ,Kalimarau Airport,Sriwijaya Air,SJ,B735,Boeing 737-524,PK-CLE,Departed 20:48,2026-09-02 04:03:57
BPN,departures,2026-09-01,15:30,16:45,IW1397,WON1397,BDJ,Banjarmasin Syamsudin Noor Airport,Wings Air,IW,AT76,ATR 72-600,PK-WHR,Departed 17:45,2026-09-02 04:03:57
BPN,departures,2026-09-01,15:55,16:30,GA563,GIA563,CGK,Jakarta Soekarno Hatta International Airport,Garuda Indonesia,GA,B738,Boeing 737-8U3,PK-GNM,Departed 17:30,2026-09-02 04:03:57
BPN,departures,2026-09-01,16:00,16:10,IP622,PAS622,SUB,Surabaya Juanda International Airport,Pelita Air,IP,A320,Airbus A320-214,PK-PWO,Departed 17:10,2026-09-02 04:03:57
BPN,departures,2026-09-01,16:25,,IW1385,,BDJ,Banjarmasin Syamsudin Noor Airport,Wings Air,IW,AT7,,,Unknown,2026-09-02 04:03:57
BPN,departures,2026-09-01,16:25,18:26,IU677,SJV677,YIA,Yogyakarta International Airport,Super Air Jet,IU,A320,Airbus A320-232,PK-SJS,Departed 19:26,2026-09-02 04:03:57
BPN,departures,2026-09-01,16:30,,GM306,,SIN,Singapore Changi Airport,Asia Cargo Airlines,GM,73F,,,Unknown,2026-09-02 04:03:57
BPN,departures,2026-09-01,16:30,,SJ1340,,BEJ,Kalimarau Airport,Sriwijaya Air,SJ,735,,,Unknown,2026-09-02 04:03:57
BPN,departures,2026-09-01,16:40,,IU581,,UPG,Makassar Sultan Hasanuddin International Airport,Super Air Jet,IU,320,,,Unknown,2026-09-02 04:03:57
BPN,departures,2026-09-01,16:40,22:10,IU534,SJV534,UPG,Makassar Sultan Hasanuddin International Airport,Super Air Jet,IU,A320,Airbus A320-232,PK-SGB,Departed 23:10,2026-09-02 04:03:57
BPN,departures,2026-09-01,16:45,16:56,QG429,CTV429,UPG,Makassar Sultan Hasanuddin International Airport,Citilink,QG,A320,Airbus A320-214,PK-GQD,Departed 17:56,2026-09-02 04:03:57
BPN,departures,2026-09-01,16:50,16:50,SJ553,SJY553,BEJ,Kalimarau Airport,Sriwijaya Air,SJ,B735,Boeing 737-524,PK-CLE,Departed 17:50,2026-09-02 04:03:57
BPN,departures,2026-09-01,16:50,18:28,JT361,LNI361,SUB,Surabaya Juanda International Airport,Lion Air,JT,B739,Boeing 737-9GP(ER),PK-LFZ,Departed 19:28,2026-09-02 04:03:57
BPN,departures,2026-09-01,16:50,,IU695,,CGK,Jakarta Soekarno Hatta International Airport,Super Air Jet,IU,320,,,Unknown,2026-09-02 04:03:57
BPN,departures,2026-09-01,16:50,18:42,IU609,SJV609,CGK,Jakarta Soekarno Hatta International Airport,Super Air Jet,IU,A320,Airbus A320-232,PK-SJM,Departed 19:42,2026-09-02 04:03:57
BPN,departures,2026-09-01,17:10,,ID6316,,UPG,Makassar Sultan Hasanuddin International Airport,Batik Air,ID,32A,,,Unknown,2026-09-02 04:03:57
BPN,departures,2026-09-01,17:10,17:12,ID6232,BTK6232,UPG,Makassar Sultan Hasanuddin International Airport,Batik Air,ID,A320,Airbus A320-214,PK-BKP,Departed 18:12,2026-09-02 04:03:57
BPN,departures,2026-09-01,17:15,,QG431,,SUB,Surabaya Juanda International Airport,Citilink,QG,A320,Airbus A320-214,PK-GQN,Canceled,2026-09-02 04:03:57
BPN,departures,2026-09-01,17:30,,IU618,,TRK,Tarakan Juwata International Airport,Super Air Jet,IU,320,,,Unknown,2026-09-02 04:03:57
BPN,departures,2026-09-01,17:30,,IU580,,BEJ,Kalimarau Airport,Super Air Jet,IU,320,,,Unknown,2026-09-02 04:03:57
BPN,departures,2026-09-01,17:35,17:31,QG785,CTV785,YIA,Yogyakarta International Airport,Citilink,QG,A320,Airbus A320-214,PK-GLM,Departed 18:31,2026-09-02 04:03:57
BPN,departures,2026-09-01,17:40,17:44,QG447,CTV447,CGK,Jakarta Soekarno Hatta International Airport,Citilink,QG,A320,Airbus A320-214,PK-GLN,Departed 18:44,2026-09-02 04:03:57
BPN,departures,2026-09-01,17:45,,RI202,,BDJ,Banjarmasin Syamsudin Noor Airport,Rimbun Air,RI,73Y,,,Unknown,2026-09-02 04:03:57
BPN,departures,2026-09-01,17:50,17:59,GA575,GIA575,CGK,Jakarta Soekarno Hatta International Airport,Garuda Indonesia,GA,B738,Boeing 737-8U3,PK-GMI,Departed 18:59,2026-09-02 04:03:57
BPN,departures,2026-09-01,18:50,19:18,JT675,,UPG,Makassar Sultan Hasanuddin International Airport,Lion Air,JT,738,,,Estimated dep 20:18*,2026-09-02 04:03:57
CGK,departures,2026-09-01,00:05,,ID6740,,MDC,Manado Sam Ratulangi International Airport,Batik Air,ID,32A,,,Unknown,2026-09-02 04:01:43
CGK,departures,2026-09-01,00:05,00:26,EY473,ETD473,AUH,Abu Dhabi Zayed International Airport,Etihad Airways,EY,B789,Boeing 787-9 Dreamliner,A6-BLN,Departed 00:26,2026-09-02 04:01:43
CGK,departures,2026-09-01,00:05,00:46,CX798,CPA798,HKG,Hong Kong International Airport,Cathay Pacific,CX,B773,Boeing 777-367,B-HNQ,Departed 00:46,2026-09-02 04:01:43
CGK,departures,2026-09-01,00:10,00:19,GA682,GIA682,SOQ,Sorong Dominique Edward Osok Airport,Garuda Indonesia,GA,B38M,Boeing 737 MAX 8,PK-GDC,Departed 00:19,2026-09-02 04:01:43
CGK,departures,2026-09-01,00:20,02:35,CZ8354,CSN8354,SZX,Shenzhen Bao'an International Airport,China Southern Airlines,CZ,A21N,Airbus A321-253NX,B-30E2,Departed 02:35,2026-09-02 04:01:43
CGK,departures,2026-09-01,00:25,01:36,SC2154,CDG2154,XMN,Xiamen Gaoqi International Airport,Shandong Airlines,SC,B38M,Boeing 737 MAX 8,B-1275,Departed 01:36,2026-09-02 04:01:43
CGK,departures,2026-09-01,00:25,00:33,ID6170,BTK6170,AMQ,Ambon Pattimura Airport,Batik Air (Book Cabin Sticker),ID,A320,Airbus A320-214,PK-LAF,Departed 00:33,2026-09-02 04:01:43
CGK,departures,2026-09-01,00:30,00:40,5J760,CEB760,MNL,Manila Ninoy Aquino International Airport,Cebu Pacific,5J,A20N,Airbus A320-271N,RP-C4166,Departed 00:40,2026-09-02 04:01:43
CGK,departures,2026-09-01,00:30,01:12,ID7797,BTK7797,SOQ,Sorong Dominique Edward Osok Airport,Batik Air,ID,A320,Airbus A320-232,PK-BLB,Departed 01:12,2026-09-02 04:01:43
CGK,departures,2026-09-01,00:30,00:36,GA664,GIA664,DJJ,Jayapura Sentani Airport,Garuda Indonesia,GA,B738,Boeing 737-8U3,PK-GNM,Departed 00:36,2026-09-02 04:01:43
CGK,departures,2026-09-01,00:45,01:03,ID6180,BTK6180,DJJ,Jayapura Sentani Airport,Batik Air,ID,B738,Boeing 737-8U3,PK-BGF,Departed 01:03,2026-09-02 04:01:43
CGK,departures,2026-09-01,00:45,01:07,EK359,UAE359,DXB,Dubai International Airport,Emirates,EK,B77W,Boeing 777-31H(ER),A6-EGH,Departed 01:07,2026-09-02 04:01:43
CGK,departures,2026-09-01,00:50,01:05,JT890,LNI890,AMQ,Ambon Pattimura Airport,Lion Air (80th 737NG Livery),JT,B738,Boeing 737-8GP,PK-LKP,Departed 01:05,2026-09-02 04:01:43
CGK,departures,2026-09-01,00:55,00:58,QR955,QTR955,DOH,Doha Hamad International Airport,Qatar Airways,QR,A359,Airbus A350-941,A7-ALN,Departed 00:58,2026-09-02 04:01:43
CGK,departures,2026-09-01,00:55,01:11,PR536,PAL536,MNL,Manila Ninoy Aquino International Airport,Philippine Airlines,PR,A321,Airbus A321-231,RP-C9926,Departed 01:11,2026-09-02 04:01:43
CGK,departures,2026-09-01,01:00,01:17,QG300,CTV300,MDC,Manado Sam Ratulangi International Airport,Citilink,QG,A320,Airbus A320-214,PK-GQF,Departed 01:17,2026-09-02 04:01:43
CGK,departures,2026-09-01,01:10,,JT3896,,UPG,Makassar Sultan Hasanuddin International Airport,Lion Air,JT,739,,,Canceled,2026-09-02 04:01:43
CGK,departures,2026-09-01,01:10,,JT2792,,UPG,Makassar Sultan Hasanuddin International Airport,Lion Air,JT,738,,,Canceled,2026-09-02 04:01:43
CGK,departures,2026-09-01,01:10,,JT1944,,UPG,Makassar Sultan Hasanuddin International Airport,Lion Air,JT,739,,,Canceled,2026-09-02 04:01:43
CGK,departures,2026-09-01,01:10,,JT1852,,UPG,Makassar Sultan Hasanuddin International Airport,Lion Air,JT,738,,,Unknown,2026-09-02 04:01:43
CGK,departures,2026-09-01,01:10,01:10,JT986,,UPG,Makassar Sultan Hasanuddin International Airport,Lion Air,JT,738,,,Estimated dep 01:10*,2026-09-02 04:01:43
CGK,departures,2026-09-01,01:10,01:23,JT898,,UPG,Makassar Sultan Hasanuddin International Airport,Lion Air,JT,7M9,,,Estimated dep 01:23*,2026-09-02 04:01:43
CGK,departures,2026-09-01,01:15,01:23,GA648,GIA648,TTE,Ternate Babullah Airport,Garuda Indonesia,GA,B738,Boeing 737-86N,PK-GFS,Departed 01:23,2026-09-02 04:01:43
CGK,departures,2026-09-01,01:30,02:04,VN634,HVN634,HAN,Hanoi Noi Bai International Airport,Vietnam Airlines,VN,A321,Airbus A321-231,VN-A338,Departed 02:04,2026-09-02 04:01:43
CGK,departures,2026-09-01,01:30,01:43,ID6274,BTK6274,MDC,Manado Sam Ratulangi International Airport,Batik Air,ID,B738,Boeing 737-8GP,PK-LBS,Departed 01:43,2026-09-02 04:01:43
CGK,departures,2026-09-01,01:45,01:52,CA978,CCA978,PEK,Beijing Capital International Airport,Air China,CA,A333,Airbus A330-343,B-6525,Departed 01:52,2026-09-02 04:01:43
CGK,departures,2026-09-01,01:50,02:06,GA606,GIA606,MDC,Manado Sam Ratulangi International Airport,Garuda Indonesia (From Nature to Future Livery),GA,B738,Boeing 737-8U3,PK-GFX,Departed 02:06,2026-09-02 04:01:43
CGK,departures,2026-09-01,01:55,02:01,GA716,GIA716,MEL,Melbourne Airport,Garuda Indonesia,GA,A333,Airbus A330-343,PK-GHA,Departed 02:01,2026-09-02 04:01:43
CGK,departures,2026-09-01,02:00,,ID6770,,UPG,Makassar Sultan Hasanuddin International Airport,Batik Air,ID,32A,,,Canceled,2026-09-02 04:01:43
CGK,departures,2026-09-01,02:00,04:33,ID6751,,UPG,Makassar Sultan Hasanuddin International Airport,Batik Air,ID,32A,,,Unknown,2026-09-02 04:01:43
CGK,departures,2026-09-01,02:00,,ID6742,,MDC,Manado Sam Ratulangi International Airport,Batik Air,ID,738,,,Canceled,2026-09-02 04:01:43
CGK,departures,2026-09-01,02:00,02:23,ID6540,BTK6540,KOE,Kupang El Tari Airport,Batik Air,ID,A320,Airbus A320-233,PK-BKG,Departed 02:23,2026-09-02 04:01:43
CGK,departures,2026-09-01,02:00,02:13,ID6264,BTK6264,UPG,Makassar Sultan Hasanuddin International Airport,Batik Air,ID,A320,Airbus A320-214,PK-BKV,Departed 02:13,2026-09-02 04:01:43
CGK,departures,2026-09-01,02:05,,QG602,,KOE,Kupang El Tari Airport,Citilink,QG,A320,Airbus A320-214,PK-GQF,Canceled,2026-09-02 04:01:43
CGK,departures,2026-09-01,02:15,02:18,KE438,KAL438,ICN,Seoul Incheon International Airport,Korean Air,KE,B77W,Boeing 777-3B5(ER),HL8009,Departed 02:18,2026-09-02 04:01:43
CGK,departures,2026-09-01,02:20,02:27,GA622,GIA622,PLW,Palu Mutiara Airport,Garuda Indonesia,GA,B738,Boeing 737-8U3,PK-GNR,Departed 02:27,2026-09-02 04:01:43
CGK,departures,2026-09-01,02:30,02:37,ID6140,BTK6140,TTE,Ternate Babullah Airport,Batik Air,ID,A320,Airbus A320-214,PK-LAT,Departed 02:37,2026-09-02 04:01:43
CGK,departures,2026-09-01,02:30,02:09,3Y924,MYU924,SIN,Singapore Changi Airport,My Indo Airlines,3Y,B733,Boeing 737-36Q(SF),PK-MYB,Departed 02:09,2026-09-02 04:01:43
CGK,departures,2026-09-01,02:30,02:40,ID6560,BTK6560,PLW,Palu Mutiara Airport,Batik Air,ID,A320,Airbus A320-214,PK-BLD,Departed 02:40,2026-09-02 04:01:43
CGK,departures,2026-09-01,03:00,06:48,CZ8056,CSN8056,SZX,Shenzhen Bao'an International Airport,China Southern Airlines,CZ,A20N,Airbus A320-251N,B-30EZ,Departed 06:48,2026-09-02 04:01:43
CGK,departures,2026-09-01,03:20,03:29,ID6724,BTK6724,KDI,Kendari Haluoleo Airport,Batik Air,ID,A320,Airbus A320-214,PK-BLC,Departed 03:29,2026-09-02 04:01:43
CGK,departures,2026-09-01,03:35,03:44,JT690,LNI690,SUB,Surabaya Juanda International Airport,Lion Air,JT,B739,Boeing 737-9GP(ER),PK-LHP,Departed 03:44,2026-09-02 04:01:43
CGK,departures,2026-09-01,03:40,03:49,QG330,CTV330,KDI,Kendari Haluoleo Airport,Citilink,QG,A320,Airbus A320-214,PK-GLP,Departed 03:49,2026-09-02 04:01:43
CGK,departures,2026-09-01,03:40,03:46,QG250,CTV250,UPG,Makassar Sultan Hasanuddin International Airport,Citilink,QG,A320,Airbus A320-214,PK-GLG,Departed 03:46,2026-09-02 04:01:43
CGK,departures,2026-09-01,03:55,04:00,ID6242,BTK6242,GTO,Gorontalo Jalaluddin Airport,Batik Air,ID,B738,Boeing 737-8GP,PK-LDK,Departed 04:00,2026-09-02 04:01:43
CGK,departures,2026-09-01,04:00,04:11,ID6288,BTK6288,UPG,Makassar Sultan Hasanuddin International Airport,Batik Air,ID,A320,Airbus A320-214,PK-BKT,Departed 04:11,2026-09-02 04:01:43
CGK,departures,2026-09-01,04:15,04:32,MH726,MAS726,KUL,Kuala Lumpur International Airport,Malaysia Airlines,MH,B738,Boeing 737-8H6,9M-MSB,Departed 04:32,2026-09-02 04:01:40
CGK,departures,2026-09-01,04:30,04:46,SJ594,SJY594,UPG,Makassar Sultan Hasanuddin International Airport,Sriwijaya Air,SJ,B735,Boeing 737-524,PK-CLE,Departed 04:46,2026-09-02 04:01:40
CGK,departures,2026-09-01,04:30,04:30,SJ592,,UPG,Makassar Sultan Hasanuddin International Airport,Sriwijaya Air,SJ,735,,,Estimated dep 04:30*,2026-09-02 04:01:40
CGK,departures,2026-09-01,04:30,04:44,JT20,LNI020,DPS,Denpasar Ngurah Rai International Airport,Lion Air,JT,B39M,Boeing 737 MAX 9,PK-LRI,Departed 04:44,2026-09-02 04:01:40
CGK,departures,2026-09-01,04:40,04:52,QG680,CTV680,DPS,Denpasar Ngurah Rai International Airport,Citilink,QG,A320,Airbus A320-214,PK-GLY,Departed 04:52,2026-09-02 04:01:40
CGK,departures,2026-09-01,04:55,05:00,GA644,GIA644,GTO,Gorontalo Jalaluddin Airport,Garuda Indonesia,GA,B738,Boeing 737-8U3,PK-GNQ,Departed 05:00,2026-09-02 04:01:40
CGK,departures,2026-09-01,05:00,05:00,8B5161,,LOP,Lombok International Airport,TransNusa,8B,320,,,Estimated dep 05:00*,2026-09-02 04:01:40
CGK,departures,2026-09-01,05:00,05:02,QZ200,AWQ200,KUL,Kuala Lumpur International Airport,AirAsia,AK,A320,Airbus A320-216,PK-AZL,Departed 05:02,2026-09-02 04:01:40
CGK,departures,2026-09-01,05:00,05:06,QG212,CTV212,UPG,Makassar Sultan Hasanuddin International Airport,Citilink,QG,A320,Airbus A320-214,PK-GLU,Departed 05:06,2026-09-02 04:01:40
CGK,departures,2026-09-01,05:00,,JT200,,KNO,Medan Kuala Namu International Airport,Lion Air,JT,738,,,Canceled,2026-09-02 04:01:40
CGK,departures,2026-09-01,05:00,05:10,IU604,SJV604,BPN,Balikpapan Sepinggan Airport,Super Air Jet,IU,A320,Airbus A320-232,PK-SAH,Departed 05:10,2026-09-02 04:01:40
CGK,departures,2026-09-01,05:10,05:21,QG436,CTV436,BPN,Balikpapan Sepinggan Airport,Citilink,QG,A320,Airbus A320-214,PK-GLN,Departed 05:21,2026-09-02 04:01:40
CGK,departures,2026-09-01,05:15,05:15,8B675,TNU675,KUL,Kuala Lumpur International Airport,TransNusa,8B,A321,Airbus A321-211,PK-TLG,Departed 05:15,2026-09-02 04:01:40
CGK,departures,2026-09-01,05:15,05:26,QG940,CTV940,BTH,Batam Hang Nadim Airport,Citilink,QG,A320,Airbus A320-214,PK-GLK,Departed 05:26,2026-09-02 04:01:40
CGK,departures,2026-09-01,05:15,05:21,OD397,MXD397,KUL,Kuala Lumpur International Airport,Batik Air,ID,B738,Boeing 737-8U3,9M-LCW,Departed 05:21,2026-09-02 04:01:40
CGK,departures,2026-09-01,05:20,,JT292,,PKU,Pekanbaru Sultan Syarif Kasim II Airport,Lion Air,JT,7M9,,,Canceled,2026-09-02 04:01:40
CGK,departures,2026-09-01,05:25,05:39,SQ951,SIA951,SIN,Singapore Changi Airport,Singapore Airlines,SQ,A359,Airbus A350-941,9V-SHL,Departed 05:39,2026-09-02 04:01:40
CGK,departures,2026-09-01,05:30,05:31,8B633,TNU633,PEN,Penang International Airport,TransNusa,8B,A321,Airbus A321-211,PK-TLM,Departed 05:31,2026-09-02 04:01:40
CGK,departures,2026-09-01,05:30,05:38,QG910,CTV910,KNO,Medan Kuala Namu International Airport,Citilink,QG,A20N,Airbus A320-251N,PK-GTA,Departed 05:38,2026-09-02 04:01:40
CGK,departures,2026-09-01,05:30,05:34,JT656,LNI656,LOP,Lombok International Airport,Lion Air,JT,B739,Boeing 737-9GP(ER),PK-LJG,Departed 05:34,2026-09-02 04:01:40
CGK,departures,2026-09-01,05:30,,IU850,,BTH,Batam Hang Nadim Airport,Super Air Jet,IU,320,,,Canceled,2026-09-02 04:01:40
CGK,departures,2026-09-01,05:30,05:30,IN282,,DPS,Denpasar Ngurah Rai International Airport,Nam Air,IN,735,,,Estimated dep 05:30*,2026-09-02 04:01:40
CGK,departures,2026-09-01,05:30,06:06,IN190,LKN190,PKN,Pangkalan Bun Iskandar Airport,Nam Air,IN,B735,Boeing 737-524,PK-NAT,Departed 06:06,2026-09-02 04:01:40
CGK,departures,2026-09-01,05:30,,ID6260,,UPG,Makassar Sultan Hasanuddin International Airport,Batik Air,ID,32A,,,Canceled,2026-09-02 04:01:40
CGK,departures,2026-09-01,05:30,05:43,ID6236,BTK6236,UPG,Makassar Sultan Hasanuddin International Airport,Batik Air,ID,A320,Airbus A320-214,PK-LUJ,Departed 05:43,2026-09-02 04:01:40
CGK,departures,2026-09-01,05:30,05:36,GA604,GIA604,UPG,Makassar Sultan Hasanuddin International Airport,Garuda Indonesia,GA,B738,Boeing 737-8U3,PK-GFV,Departed 05:36,2026-09-02 04:01:40
CGK,departures,2026-09-01,05:45,05:53,QG936,CTV936,PKU,Pekanbaru Sultan Syarif Kasim II Airport,Citilink,QG,A320,Airbus A320-214,PK-GQU,Departed 05:53,2026-09-02 04:01:40
CGK,departures,2026-09-01,05:50,06:03,IP810,PAS810,KDI,Kendari Haluoleo Airport,Pelita Air,IP,A320,Airbus A320-214,PK-PWJ,Departed 06:03,2026-09-02 04:01:40
CGK,departures,2026-09-01,05:50,06:01,GA824,GIA824,SIN,Singapore Changi Airport,Garuda Indonesia,GA,B738,Boeing 737-8U3,PK-GNH,Departed 06:01,2026-09-02 04:01:40
CGK,departures,2026-09-01,06:00,,RI200,,BPN,Balikpapan Sepinggan Airport,Rimbun Air,RI,73Y,,,Unknown,2026-09-02 04:01:40
CGK,departures,2026-09-01,06:00,06:00,SJ776,,TTE,Ternate Babullah Airport,Sriwijaya Air,SJ,735,,,Estimated dep 06:00*,2026-09-02 04:01:40
CGK,departures,2026-09-01,06:00,05:59,SJ54,SJY054,TJQ,Tanjung Pandan Buluh Tumbang Airport,BBN Airlines Indonesia,0B,B738,Boeing 737-8BK,PK-BBF,Departed 05:59,2026-09-02 04:01:40
CGK,departures,2026-09-01,06:00,06:10,QZ806,AWQ806,DPS,Denpasar Ngurah Rai International Airport,AirAsia,AK,A320,Airbus A320-214,PK-AZI,Departed 06:10,2026-09-02 04:01:40
CGK,departures,2026-09-01,06:00,06:08,QG980,CTV980,PLM,Palembang International Airport,Citilink,QG,A320,Airbus A320-214,PK-GQD,Departed 06:08,2026-09-02 04:01:40
CGK,departures,2026-09-01,06:00,,IU940,,KNO,Medan Kuala Namu International Airport,Super Air Jet,IU,320,,,Canceled,2026-09-02 04:01:40
CGK,departures,2026-09-01,06:00,,IU628,,BDJ,Banjarmasin Syamsudin Noor Airport,Super Air Jet,IU,320,,,Canceled,2026-09-02 04:01:40
CGK,departures,2026-09-01,06:00,,IU254,,PLW,Palu Mutiara Airport,Super Air Jet,IU,320,,,Canceled,2026-09-02 04:01:40
CGK,departures,2026-09-01,06:00,06:16,IP806,PAS806,UPG,Makassar Sultan Hasanuddin International Airport,Pelita Air,IP,A320,Airbus A320-214,PK-PWH,Departed 06:16,2026-09-02 04:01:40
CGK,departures,2026-09-01,06:00,06:00,IN170,,SMQ,Sampit Airport,Nam Air,IN,735,,,Estimated dep 06:00*,2026-09-02 04:01:40
CGK,departures,2026-09-01,06:00,,IN172,,SMQ,Sampit Airport,Nam Air,IN,735,,,Unknown,2026-09-02 04:01:40
CGK,departures,2026-09-01,06:00,06:18,ID6368,BTK6368,YIA,Yogyakarta International Airport,Batik Air,ID,A320,Airbus A320-232,PK-BKL,Departed 06:18,2026-09-02 04:01:40
CGK,departures,2026-09-01,06:05,06:14,QG738,CTV738,SUB,Surabaya Juanda International Airport,Citilink,QG,A320,Airbus A320-214,PK-GQK,Departed 06:14,2026-09-02 04:01:40
CGK,departures,2026-09-01,06:10,06:12,QZ222,AWQ222,PEN,Penang International Airport,AirAsia,AK,A320,Airbus A320-216,PK-AZO,Departed 06:12,2026-09-02 04:01:40
CGK,departures,2026-09-01,06:10,06:18,QG952,CTV952,PDG,Padang Minangkabau International Airport,Citilink,QG,A320,Airbus A320-214,PK-GQP,Departed 06:18,2026-09-02 04:01:40
CGK,departures,2026-09-01,06:10,06:24,NH836,ANA836,NRT,Tokyo Narita International Airport,All Nippon Airways,NH,B789,Boeing 787-9 Dreamliner,JA893A,Departed 06:24,2026-09-02 04:01:40
CGK,departures,2026-09-01,06:10,,IP350,,PDG,Padang Minangkabau International Airport,Pelita Air,IP,A320,Airbus A320-214,PK-PWP,Canceled,2026-09-02 04:01:40
CGK,departures,2026-09-01,06:10,,IP300,,KNO,Medan Kuala Namu International Airport,Pelita Air,IP,320,,,Canceled,2026-09-02 04:01:40
CGK,departures,2026-09-01,06:10,,GA180,,KNO,Medan Kuala Namu International Airport,Garuda Indonesia,GA,738,,,Canceled,2026-09-02 04:01:40
CGK,departures,2026-09-01,06:15,,GA150,,BTH,Batam Hang Nadim Airport,Garuda Indonesia,GA,738,,,Canceled,2026-09-02 04:01:40
CGK,departures,2026-09-01,06:15,06:26,BI738,RBA738,BWN,Brunei International Airport,Royal Brunei Airlines,BI,A20N,Airbus A320-251N,V8-RBF,Departed 06:26,2026-09-02 04:01:40
CGK,departures,2026-09-01,06:20,06:28,QG522,CTV522,SIN,Singapore Changi Airport,Citilink (Retro Livery),QG,A320,Airbus A320-214,PK-GQI,Departed 06:28,2026-09-02 04:01:40
CGK,departures,2026-09-01,06:20,,IU696,,PNK,Pontianak Supadio Airport,Super Air Jet,IU,320,,,Canceled,2026-09-02 04:01:40
CGK,departures,2026-09-01,06:20,,IP140,,LOP,Lombok International Airport,Pelita Air,IP,320,,,Unknown,2026-09-02 04:01:40
CGK,departures,2026-09-01,06:20,10:55,GA500,GIA500,PNK,Pontianak Supadio Airport,Garuda Indonesia,GA,B738,Boeing 737-8SH,PK-GUE,Departed 10:55,2026-09-02 04:01:40
CGK,departures,2026-09-01,06:30,06:35,QZ724,AWQ724,DTB,Siborong-Borong Silangit Airport,AirAsia (Colours of Indonesia Livery),AK,A320,Airbus A320-216,PK-AXD,Departed 06:35,2026-09-02 04:01:40
CGK,departures,2026-09-01,06:30,06:36,QG904,CTV904,TKG,Bandar Lampung Radin Inten II Airport,Citilink,QG,A320,Airbus A320-214,PK-GQA,Departed 06:36,2026-09-02 04:01:40
CGK,departures,2026-09-01,06:30,06:49,JL720,JAL720,NRT,Tokyo Narita International Airport,Japan Airlines,JL,B788,Boeing 787-8 Dreamliner,JA837J,Departed 06:49,2026-09-02 04:01:40
CGK,departures,2026-09-01,06:30,,IU908,,PDG,Padang Minangkabau International Airport,Super Air Jet,IU,320,,,Canceled,2026-09-02 04:01:40
CGK,departures,2026-09-01,06:30,06:39,IU820,SJV820,PGK,Pangkal Pinang Depati Amir Airport,Super Air Jet,IU,A320,Airbus A320-232,PK-SJI,Departed 06:39,2026-09-02 04:01:40
CGK,departures,2026-09-01,06:30,06:40,IP200,PAS200,SUB,Surabaya Juanda International Airport,Pelita Air,IP,A320,Airbus A320-214,PK-PWE,Departed 06:40,2026-09-02 04:01:40
CGK,departures,2026-09-01,06:30,06:38,GA530,GIA530,BDJ,Banjarmasin Syamsudin Noor Airport,Garuda Indonesia,GA,B738,Boeing 737-8U3,PK-GMM,Departed 06:38,2026-09-02 04:01:40
CGK,departures,2026-09-01,06:35,06:42,ID6338,BTK6338,SRG,Semarang Achmad Yani International Airport,Batik Air,ID,A320,Airbus A320-232,PK-BKM,Departed 06:42,2026-09-02 04:01:40
CGK,departures,2026-09-01,06:40,,IU800,,TKG,Bandar Lampung Radin Inten II Airport,Super Air Jet,IU,320,,,Canceled,2026-09-02 04:01:40
CGK,departures,2026-09-01,06:40,06:52,IP320,PAS320,PKU,Pekanbaru Sultan Syarif Kasim II Airport,Pelita Air,IP,A320,Airbus A320-216,PK-PWN,Departed 06:52,2026-09-02 04:01:40
CGK,departures,2026-09-01,06:45,06:46,QZ242,AWQ242,JHB,Johor Bahru Senai International Airport,AirAsia (Dnars Indonesia Livery),AK,A320,Airbus A320-216,PK-AZN,Departed 06:46,2026-09-02 04:01:40
CGK,departures,2026-09-01,06:45,07:02,QG840,,BTH,Batam Hang Nadim Airport,Citilink,QG,A320,Airbus A320-214,PK-GQQ,Estimated dep 07:02*,2026-09-02 04:01:40
CGK,departures,2026-09-01,06:45,07:53,IU956,SJV956,DTB,Siborong-Borong Silangit Airport,Super Air Jet,IU,A320,Airbus A320-232,PK-SAG,Departed 07:53,2026-09-02 04:01:40
CGK,departures,2026-09-01,06:50,07:04,MF8694,CXA8694,NKG,Nanjing Lukou International Airport,Xiamen Air,MF,B38M,Boeing 737 MAX 8,B-225F,Departed 07:04,2026-09-02 04:01:40
CGK,departures,2026-09-01,06:50,06:57,IP310,PAS310,PLM,Palembang International Airport,Pelita Air,IP,A320,Airbus A320-214,PK-PWP,Departed 06:57,2026-09-02 04:01:40
CGK,departures,2026-09-01,06:50,07:23,GA304,GIA304,SUB,Surabaya Juanda International Airport,Garuda Indonesia (Retro 1960 Livery),GA,B738,Boeing 737-8U3,PK-GFM,Departed 07:23,2026-09-02 04:01:40
CGK,departures,2026-09-01,06:55,06:59,QG884,CTV884,DTB,Siborong-Borong Silangit Airport,Citilink,QG,A320,Airbus A320-214,PK-GQQ,Departed 06:59,2026-09-02 04:01:40
CGK,departures,2026-09-01,07:00,07:04,QG960,CTV960,DJB,Jambi Sultan Thaha Airport,Citilink,QG,A320,Airbus A320-214,PK-GLL,Departed 07:04,2026-09-02 04:01:40
CGK,departures,2026-09-01,07:00,07:11,QG480,CTV480,BDJ,Banjarmasin Syamsudin Noor Airport,Citilink (Tiket.com Livery),QG,A320,Airbus A320-214,PK-GLZ,Departed 07:11,2026-09-02 04:01:40
CGK,departures,2026-09-01,07:00,07:06,NH872,ANA872,HND,Tokyo Haneda International Airport,All Nippon Airways,NH,B788,Boeing 787-8 Dreamliner,JA829A,Departed 07:06,2026-09-02 04:01:40
CGK,departures,2026-09-01,07:00,,IU924,,PLM,Palembang International Airport,Super Air Jet,IU,320,,,Canceled,2026-09-02 04:01:40
CGK,departures,2026-09-01,07:00,07:00,ID7011,,KNO,Medan Kuala Namu International Airport,Batik Air,ID,32A,,,Estimated dep 07:00*,2026-09-02 04:01:40
CGK,departures,2026-09-01,07:00,07:15,GA610,GIA610,UPG,Makassar Sultan Hasanuddin International Airport,Garuda Indonesia,GA,B738,Boeing 737-8U3,PK-GUG,Departed 07:15,2026-09-02 04:01:40
CGK,departures,2026-09-01,07:01,,ID6262,,UPG,Makassar Sultan Hasanuddin International Airport,Batik Air,ID,32A,,,Canceled,2026-09-02 04:01:40
CGK,departures,2026-09-01,07:05,07:10,QZ178,QZ178,TKG,Bandar Lampung Radin Inten II Airport,AirAsia (Sustainable ASEAN Tourism Livery),AK,A320,Airbus A320-216,PK-AZS,Departed 07:10,2026-09-02 04:01:40
CGK,departures,2026-09-01,07:05,07:27,MF856,CXA856,FOC,Fuzhou Changle International Airport,Xiamen Air,MF,B38M,Boeing 737 MAX 8,B-227C,Departed 07:27,2026-09-02 04:01:40
CGK,departures,2026-09-01,07:05,07:21,GA402,GIA402,DPS,Denpasar Ngurah Rai International Airport,Garuda Indonesia,GA,B738,Boeing 737-8U3,PK-GMW,Departed 07:21,2026-09-02 04:01:40
CGK,departures,2026-09-01,07:05,07:18,GA182,GIA182,KNO,Medan Kuala Namu International Airport,Garuda Indonesia,GA,B738,Boeing 737-8SH,PK-GUD,Departed 07:18,2026-09-02 04:01:40
CGK,departures,2026-09-01,07:10,07:48,8B5201,TNU5201,TKG,Bandar Lampung Radin Inten II Airport,TransNusa,8B,AJ27,Comac ARJ-21-700,PK-TJA,Departed 07:48,2026-09-02 04:01:40
CGK,departures,2026-09-01,07:10,08:57,8B5104,TNU5104,DPS,Denpasar Ngurah Rai International Airport,TransNusa,8B,A320,Airbus A320-214,PK-TLC,Departed 08:57,2026-09-02 04:01:40
CGK,departures,2026-09-01,07:15,07:26,IP616,PAS616,BDJ,Banjarmasin Syamsudin Noor Airport,Pelita Air,IP,A320,Airbus A320-214,PK-PWD,Departed 07:26,2026-09-02 04:01:40
CGK,departures,2026-09-01,07:20,07:29,IP988,PAS988,SIN,Singapore Changi Airport,Pelita Air,IP,A320,Airbus A320-214,PK-PWC,Departed 07:29,2026-09-02 04:01:40
CGK,departures,2026-09-01,07:30,10:59,ID6228,BTK6228,PNK,Pontianak Supadio Airport,Batik Air,ID,A320,Airbus A320-214,PK-LUW,Departed 10:59,2026-09-02 04:01:40
CGK,departures,2026-09-01,07:30,07:50,GA432,GIA432,LOP,Lombok International Airport,Garuda Indonesia,GA,B738,Boeing 737-8H6,PK-GUM,Departed 07:50,2026-09-02 04:01:40
CGK,departures,2026-09-01,07:30,07:39,GA140,GIA140,BTJ,Banda Aceh International Airport,Garuda Indonesia,GA,B738,Boeing 737-8U3,PK-GMF,Departed 07:39,2026-09-02 04:01:40
CGK,departures,2026-09-01,07:35,07:31,QG972,CTV972,PGK,Pangkal Pinang Depati Amir Airport,Citilink,QG,A320,Airbus A320-214,PK-GQN,Departed 07:31,2026-09-02 04:01:40
CGK,departures,2026-09-01,07:35,07:46,GA232,GIA232,SRG,Semarang Achmad Yani International Airport,Garuda Indonesia,GA,B738,Boeing 737-8SA,PK-GUI,Departed 07:46,2026-09-02 04:01:40
CGK,departures,2026-09-01,07:35,07:57,GA102,GIA102,PLM,Palembang International Airport,Garuda Indonesia,GA,B738,Boeing 737-8H6,PK-GUL,Departed 07:57,2026-09-02 04:01:40
CGK,departures,2026-09-01,07:40,07:44,IU856,SJV856,BTH,Batam Hang Nadim Airport,Super Air Jet,IU,A320,Airbus A320-232,PK-SJG,Departed 07:44,2026-09-02 04:01:40
CGK,departures,2026-09-01,07:45,07:51,ID7153,BTK7153,SIN,Singapore Changi Airport,Batik Air,ID,A320,Airbus A320-232,PK-BKR,Departed 07:51,2026-09-02 04:01:40
CGK,departures,2026-09-01,07:50,08:02,GA580,GIA580,AAP,Samarinda AP Tumenggung Pranoto Airport,Garuda Indonesia,GA,B738,Boeing 737-8SH,PK-GUJ,Departed 08:02,2026-09-02 04:01:40
CGK,departures,2026-09-01,07:50,08:04,GA302,GIA302,SUB,Surabaya Juanda International Airport,Garuda Indonesia,GA,B738,Boeing 737-8SA,PK-GUH,Departed 08:04,2026-09-02 04:01:40
CGK,departures,2026-09-01,07:50,08:07,GA204,GIA204,YIA,Yogyakarta International Airport,Garuda Indonesia,GA,B738,Boeing 737-8BK,PK-GFG,Departed 08:07,2026-09-02 04:01:40
CGK,departures,2026-09-01,07:55,07:55,8B151,TNU151,SIN,Singapore Changi Airport,TransNusa,8B,A321,Airbus A321-211,PK-TLK,Departed 07:55,2026-09-02 04:01:40
CGK,departures,2026-09-01,07:55,08:00,GA172,GIA172,PKU,Pekanbaru Sultan Syarif Kasim II Airport,Garuda Indonesia,GA,B738,Boeing 737-8U3,PK-GFF,Departed 08:00,2026-09-02 04:01:40
CGK,departures,2026-09-01,08:00,10:23,RI310,OEY310,GTO,Gorontalo Jalaluddin Airport,Rimbun Cargo,RI,B733,Boeing 737-3J6(SF),PK-OTL,Departed 10:23,2026-09-02 04:01:37
CGK,departures,2026-09-01,08:00,08:07,QG912,CTV912,KNO,Medan Kuala Namu International Airport,Citilink,QG,A320,Airbus A320-214,PK-GQM,Departed 08:07,2026-09-02 04:01:37
CGK,departures,2026-09-01,08:00,,IU834,,BKS,Bengkulu Fatmawati Soekarno Airport,Super Air Jet,IU,320,,,Canceled,2026-09-02 04:01:37
CGK,departures,2026-09-01,08:00,08:13,IU512,SJV512,BPN,Balikpapan Sepinggan Airport,Super Air Jet,IU,A320,Airbus A320-232,PK-SJE,Departed 08:13,2026-09-02 04:01:37
CGK,departures,2026-09-01,08:00,,ID7533,,YIA,Yogyakarta International Airport,Batik Air,ID,32A,,,Canceled,2026-09-02 04:01:37
CGK,departures,2026-09-01,08:00,08:25,ID6852,BTK6852,PKU,Pekanbaru Sultan Syarif Kasim II Airport,Batik Air,ID,A320,Airbus A320-214,PK-LUH,Departed 08:25,2026-09-02 04:01:37
CGK,departures,2026-09-01,08:00,08:10,ID6584,BTK6584,SUB,Surabaya Juanda International Airport,Batik Air,ID,A320,Airbus A320-214,PK-BKQ,Departed 08:10,2026-09-02 04:01:37
CGK,departures,2026-09-01,08:00,08:19,CX718,CPA718,HKG,Hong Kong International Airport,Cathay Pacific,CX,B773,Boeing 777-367,B-HNM,Departed 08:19,2026-09-02 04:01:40
CGK,departures,2026-09-01,08:05,08:16,SQ953,SIA953,SIN,Singapore Changi Airport,Singapore Airlines,SQ,B77W,Boeing 777-312(ER),9V-SWT,Departed 08:16,2026-09-02 04:01:37
CGK,departures,2026-09-01,08:05,08:11,QG762,CTV762,SOC,Surakarta Adisumarmo International Airport,Citilink,QG,A320,Airbus A320-214,PK-GLS,Departed 08:11,2026-09-02 04:01:37
CGK,departures,2026-09-01,08:05,,QG438,,BPN,Balikpapan Sepinggan Airport,Citilink,QG,A320,Airbus A320-214,PK-GLS,Canceled,2026-09-02 04:01:37
CGK,departures,2026-09-01,08:05,,JT204,,KNO,Medan Kuala Namu International Airport,Lion Air,JT,739,,,Unknown,2026-09-02 04:01:37
CGK,departures,2026-09-01,08:20,08:21,8B381,TNU381,BKK,Bangkok Suvarnabhumi Airport,TransNusa,8B,A320,Airbus A320-214,PK-TLO,Departed 08:21,2026-09-02 04:01:37
CGK,departures,2026-09-01,08:20,08:27,QZ808,AWQ808,DPS,Denpasar Ngurah Rai International Airport,AirAsia,AK,A320,Airbus A320-216,PK-AZF,Departed 08:27,2026-09-02 04:01:37
CGK,departures,2026-09-01,08:20,,JT30,,DPS,Denpasar Ngurah Rai International Airport,Lion Air,JT,739,,,Unknown,2026-09-02 04:01:37
CGK,departures,2026-09-01,08:20,,ID6860,,BTH,Batam Hang Nadim Airport,Batik Air,ID,32A,,,Canceled,2026-09-02 04:01:37
CGK,departures,2026-09-01,08:25,08:30,IP202,PAS202,SUB,Surabaya Juanda International Airport,Pelita Air,IP,A320,Airbus A320-214,PK-PWO,Departed 08:30,2026-09-02 04:01:37
CGK,departures,2026-09-01,08:25,08:50,GA618,GIA618,UPG,Makassar Sultan Hasanuddin International Airport,Garuda Indonesia,GA,B738,Boeing 737-8U3,PK-GMD,Departed 08:50,2026-09-02 04:01:37
CGK,departures,2026-09-01,08:30,08:52,IU312,SJV312,YIA,Yogyakarta International Airport,Super Air Jet,IU,A320,Airbus A320-232,PK-SJH,Departed 08:52,2026-09-02 04:01:37
CGK,departures,2026-09-01,08:30,08:56,IU370,SJV370,BWX,Blimbingsari Airport,Super Air Jet,IU,A320,Airbus A320-232,PK-STS,Departed 08:56,2026-09-02 04:01:37
CGK,departures,2026-09-01,08:30,08:38,GA820,GIA820,KUL,Kuala Lumpur International Airport,Garuda Indonesia,GA,B738,Boeing 737-8U3,PK-GNA,Departed 08:38,2026-09-02 04:01:37
CGK,departures,2026-09-01,08:30,08:47,GA76,GIA076,TKG,Bandar Lampung Radin Inten II Airport,Garuda Indonesia,GA,B738,Boeing 737-8U3,PK-GMV,Departed 08:47,2026-09-02 04:01:37
CGK,departures,2026-09-01,08:35,,JT992,,UPG,Makassar Sultan Hasanuddin International Airport,Lion Air,JT,738,,,Canceled,2026-09-02 04:01:37
CGK,departures,2026-09-01,08:35,08:35,JT1994,,UPG,Makassar Sultan Hasanuddin International Airport,Lion Air,JT,738,,,Estimated dep 08:35*,2026-09-02 04:01:37
CGK,departures,2026-09-01,08:35,08:59,JT892,LNI892,UPG,Makassar Sultan Hasanuddin International Airport,Lion Air (Bookcabin Livery),JT,B738,Boeing 737-8GP,PK-LJY,Departed 08:59,2026-09-02 04:01:37
CGK,departures,2026-09-01,08:35,08:41,IU922,SJV922,PLM,Palembang International Airport,Super Air Jet,IU,A320,Airbus A320-232,PK-STR,Departed 08:41,2026-09-02 04:01:37
CGK,departures,2026-09-01,08:35,,IP342,,BTJ,Banda Aceh International Airport,Pelita Air,IP,320,,,Canceled,2026-09-02 04:01:37
CGK,departures,2026-09-01,08:35,08:44,ID6566,BTK6566,MLG,Malang Abdul Rachman Saleh Airport,Batik Air,ID,A320,Airbus A320-214,PK-LUK,Departed 08:44,2026-09-02 04:01:37
CGK,departures,2026-09-01,08:35,09:00,GA828,GIA828,SIN,Singapore Changi Airport,Garuda Indonesia,GA,B738,Boeing 737-81M,PK-GUA,Departed 09:00,2026-09-02 04:01:37
CGK,departures,2026-09-01,08:35,08:54,GA564,GIA564,BPN,Balikpapan Sepinggan Airport,Garuda Indonesia,GA,B738,Boeing 737-8U3,PK-GMI,Departed 08:54,2026-09-02 04:01:37
CGK,departures,2026-09-01,08:35,09:04,AK381,AXM381,KUL,Kuala Lumpur International Airport,AirAsia,AK,A320,Airbus A320-216,9M-RAV,Departed 09:04,2026-09-02 04:01:37
CGK,departures,2026-09-01,08:45,09:02,GA222,GIA222,SOC,Surakarta Adisumarmo International Airport,Garuda Indonesia,GA,B738,Boeing 737-8U3,PK-GMA,Departed 09:02,2026-09-02 04:01:37
CGK,departures,2026-09-01,08:50,09:22,ID6804,BTK6804,DJB,Jambi Sultan Thaha Airport,Batik Air,ID,A320,Airbus A320-214,PK-LAW,Departed 09:22,2026-09-02 04:01:37
CGK,departures,2026-09-01,08:50,09:12,GA322,GIA322,SUB,Surabaya Juanda International Airport,Garuda Indonesia,GA,B738,Boeing 737-8U3,PK-GUF,Departed 09:12,2026-09-02 04:01:37
CGK,departures,2026-09-01,09:00,10:20,QR959,QTR959,DOH,Doha Hamad International Airport,Qatar Airways,QR,A359,Airbus A350-941,A7-ALU,Departed 10:20,2026-09-02 04:01:37
CGK,departures,2026-09-01,09:00,09:10,QG640,CTV640,LOP,Lombok International Airport,Citilink,QG,A320,Airbus A320-214,PK-GLI,Departed 09:10,2026-09-02 04:01:37
CGK,departures,2026-09-01,09:00,09:27,QG490,CTV490,BDJ,Banjarmasin Syamsudin Noor Airport,Citilink,QG,A320,Airbus A320-214,PK-GQF,Departed 09:27,2026-09-02 04:01:37
CGK,departures,2026-09-01,09:00,09:09,OD399,MXD399,KUL,Kuala Lumpur International Airport,Batik Air,ID,B738,Boeing 737-8GP,9M-LNV,Departed 09:09,2026-09-02 04:01:37
CGK,departures,2026-09-01,09:00,09:15,JT241,,SUB,Surabaya Juanda International Airport,Lion Air,JT,739,,,Estimated dep 09:15*,2026-09-02 04:01:37
CGK,departures,2026-09-01,09:00,09:14,JT256,LNI256,PDG,Padang Minangkabau International Airport,Lion Air,JT,B739,Boeing 737-9GP(ER),PK-LJI,Departed 09:14,2026-09-02 04:01:37
CGK,departures,2026-09-01,09:00,,IU602,,BPN,Balikpapan Sepinggan Airport,Super Air Jet,IU,320,,,Canceled,2026-09-02 04:01:37
CGK,departures,2026-09-01,09:00,09:00,ID6762,,UPG,Makassar Sultan Hasanuddin International Airport,Batik Air,ID,32A,,,Estimated dep 09:00*,2026-09-02 04:01:37
CGK,departures,2026-09-01,09:00,,ID6554,,UPG,Makassar Sultan Hasanuddin International Airport,Batik Air,ID,A320,Airbus A320-214,PK-BKT,Unknown,2026-09-02 04:01:37
CGK,departures,2026-09-01,09:00,09:14,ID6292,BTK6292,UPG,Makassar Sultan Hasanuddin International Airport,Batik Air,ID,A320,Airbus A320-232,PK-BKJ,Departed 09:14,2026-09-02 04:01:37
CGK,departures,2026-09-01,09:05,09:17,JT694,LNI694,SUB,Surabaya Juanda International Airport,Lion Air,JT,B738,Boeing 737-8GP,PK-LPK,Departed 09:17,2026-09-02 04:01:37
CGK,departures,2026-09-01,09:05,,ID6885,,AAP,Samarinda AP Tumenggung Pranoto Airport,Batik Air,ID,A320,Airbus A320-214,PK-BLD,Canceled,2026-09-02 04:01:37
CGK,departures,2026-09-01,09:05,09:20,ID6256,BTK6256,AAP,Samarinda AP Tumenggung Pranoto Airport,Batik Air,ID,A320,Airbus A320-214,PK-BLD,Departed 09:20,2026-09-02 04:01:37
CGK,departures,2026-09-01,09:05,09:26,GA126,GIA126,DJB,Jambi Sultan Thaha Airport,Garuda Indonesia,GA,B738,Boeing 737-8U3,PK-GMP,Departed 09:26,2026-09-02 04:01:37
CGK,departures,2026-09-01,09:10,,SJ7300,,PGK,Pangkal Pinang Depati Amir Airport,Sriwijaya Air,SJ,735,,,Unknown,2026-09-02 04:01:37
CGK,departures,2026-09-01,09:10,11:34,SV817,SVA817,JED,Jeddah King Abdulaziz International Airport,Saudia,SV,B77W,Boeing 777-3FG(ER),HZ-AK32,Departed 11:34,2026-09-02 04:01:37
CGK,departures,2026-09-01,09:10,09:37,MH712,MAS712,KUL,Kuala Lumpur International Airport,Malaysia Airlines,MH,B38M,Boeing 737 MAX 8,9M-MVB,Departed 09:37,2026-09-02 04:01:37
CGK,departures,2026-09-01,09:10,09:11,IP102,PAS102,DPS,Denpasar Ngurah Rai International Airport,Pelita Air,IP,A320,Airbus A320-232,PK-PWL,Departed 09:11,2026-09-02 04:01:37
CGK,departures,2026-09-01,09:15,09:18,QG718,CTV718,SUB,Surabaya Juanda International Airport,Citilink,QG,A320,Airbus A320-214,PK-GLR,Departed 09:18,2026-09-02 04:01:37
CGK,departures,2026-09-01,09:15,09:33,ID7161,BTK7161,PEN,Penang International Airport,Batik Air,ID,B738,Boeing 737-8GP,PK-LZZ,Departed 09:33,2026-09-02 04:01:37
CGK,departures,2026-09-01,09:20,09:31,QG932,CTV932,PKU,Pekanbaru Sultan Syarif Kasim II Airport,Citilink,QG,A320,Airbus A320-214,PK-GQA,Departed 09:31,2026-09-02 04:01:37
CGK,departures,2026-09-01,09:20,09:34,GA600,GIA600,MDC,Manado Sam Ratulangi International Airport,Garuda Indonesia,GA,B738,Boeing 737-8U3,PK-GNG,Departed 09:34,2026-09-02 04:01:37
CGK,departures,2026-09-01,09:25,09:25,ID6375,,TNJ,Tanjung Pinang Raja Haji Fisabilillah Airport,Batik Air,ID,32A,,,Estimated dep 09:25*,2026-09-02 04:01:37
CGK,departures,2026-09-01,09:25,09:56,SQ955,SIA955,SIN,Singapore Changi Airport,Singapore Airlines,SQ,A359,Airbus A350-941,9V-SMJ,Departed 09:56,2026-09-02 04:01:37
CGK,departures,2026-09-01,09:25,09:35,QG632,CTV632,LBJ,Labuan Bajo Komodo Airport,Citilink,QG,A320,Airbus A320-214,PK-GQS,Departed 09:35,2026-09-02 04:01:37
CGK,departures,2026-09-01,09:25,09:39,ID7631,BTK7631,DMK,Bangkok Don Mueang International Airport,Batik Air,ID,A320,Airbus A320-214,PK-LUV,Departed 09:39,2026-09-02 04:01:37
CGK,departures,2026-09-01,09:25,10:22,ID6824,BTK6824,TNJ,Tanjung Pinang Raja Haji Fisabilillah Airport,Batik Air,ID,A320,Airbus A320-214,PK-LAO,Departed 10:22,2026-09-02 04:01:37
CGK,departures,2026-09-01,09:25,09:41,GA148,GIA148,PDG,Padang Minangkabau International Airport,Garuda Indonesia,GA,B738,Boeing 737-8U3,PK-GNC,Departed 09:41,2026-09-02 04:01:37
CGK,departures,2026-09-01,09:30,,JT170,,TKG,Bandar Lampung Radin Inten II Airport,Lion Air,JT,739,,,Unknown,2026-09-02 04:01:37
CGK,departures,2026-09-01,09:30,,ID6658,,LOP,Lombok International Airport,Batik Air,ID,32A,,,Canceled,2026-09-02 04:01:37
CGK,departures,2026-09-01,09:30,09:43,GA866,GIA866,BKK,Bangkok Suvarnabhumi Airport,Garuda Indonesia (Pocari Sweat Livery),GA,B738,Boeing 737-86N,PK-GNN,Departed 09:43,2026-09-02 04:01:37
CGK,departures,2026-09-01,09:30,09:50,GA404,GIA404,DPS,Denpasar Ngurah Rai International Airport,Garuda Indonesia,GA,B738,Boeing 737-8U3,PK-GFW,Departed 09:50,2026-09-02 04:01:37
CGK,departures,2026-09-01,09:30,15:28,GA184,GIA184,KNO,Medan Kuala Namu International Airport,Garuda Indonesia,GA,B738,Boeing 737-8U3,PK-GNF,Departed 15:28,2026-09-02 04:01:37
CGK,departures,2026-09-01,09:35,10:05,TR275,TGW275,SIN,Singapore Changi Airport,Scoot,TR,A20N,Airbus A320-271N,9V-TNJ,Departed 10:05,2026-09-02 04:01:37
CGK,departures,2026-09-01,09:35,09:38,QG752,CTV752,MLG,Malang Abdul Rachman Saleh Airport,Citilink,QG,A320,Airbus A320-214,PK-GQD,Departed 09:38,2026-09-02 04:01:37
CGK,departures,2026-09-01,09:35,,JT712,,PNK,Pontianak Supadio Airport,Lion Air,JT,738,,,Unknown,2026-09-02 04:01:37
CGK,departures,2026-09-01,09:35,09:53,GA152,GIA152,BTH,Batam Hang Nadim Airport,Garuda Indonesia,GA,B738,Boeing 737-8U3,PK-GFD,Departed 09:53,2026-09-02 04:01:37
CGK,departures,2026-09-01,09:40,09:52,SJ72,SJY072,PGK,Pangkal Pinang Depati Amir Airport,BBN Airlines Indonesia,0B,B738,Boeing 737-8BK,PK-BBF,Departed 09:52,2026-09-02 04:01:37
CGK,departures,2026-09-01,09:40,10:05,JT34,LNI034,DPS,Denpasar Ngurah Rai International Airport,Lion Air,JT,B39M,Boeing 737 MAX 9,PK-LRI,Departed 10:05,2026-09-02 04:01:37
CGK,departures,2026-09-01,09:40,10:02,GA646,GIA646,AMQ,Ambon Pattimura Airport,Garuda Indonesia,GA,B738,Boeing 737-8U3,PK-GNR,Departed 10:02,2026-09-02 04:01:37
CGK,departures,2026-09-01,09:50,09:54,ID6526,BTK6526,LBJ,Labuan Bajo Komodo Airport,Batik Air,ID,A320,Airbus A320-214,PK-LUU,Departed 09:54,2026-09-02 04:01:37
CGK,departures,2026-09-01,09:50,,JT2778,,UPG,Makassar Sultan Hasanuddin International Airport,Lion Air,JT,738,,,Canceled,2026-09-02 04:01:37
CGK,departures,2026-09-01,09:50,,JT1774,,UPG,Makassar Sultan Hasanuddin International Airport,Lion Air,JT,738,,,Canceled,2026-09-02 04:01:37
CGK,departures,2026-09-01,09:50,,JT1740,,UPG,Makassar Sultan Hasanuddin International Airport,Lion Air,JT,739,,,Canceled,2026-09-02 04:01:37
CGK,departures,2026-09-01,09:50,,JT774,,UPG,Makassar Sultan Hasanuddin International Airport,Lion Air,JT,738,,,Canceled,2026-09-02 04:01:37
CGK,departures,2026-09-01,09:50,,IU919,,BDJ,Banjarmasin Syamsudin Noor Airport,Super Air Jet,IU,320,,,Canceled,2026-09-02 04:01:37
CGK,departures,2026-09-01,09:50,10:14,IU921,,BDJ,Banjarmasin Syamsudin Noor Airport,Super Air Jet,IU,A320,Airbus A320-232,PK-SAW,Estimated dep 10:14*,2026-09-02 04:01:37
CGK,departures,2026-09-01,09:50,,ID6807,,SRG,Semarang Achmad Yani International Airport,Batik Air,ID,32A,,,Canceled,2026-09-02 04:01:37
CGK,departures,2026-09-01,09:50,,ID6819,,YIA,Yogyakarta International Airport,Batik Air,ID,32A,,,Canceled,2026-09-02 04:01:37
CGK,departures,2026-09-01,09:50,10:07,ID6378,BTK6378,YIA,Yogyakarta International Airport,Batik Air,ID,A320,Airbus A320-232,PK-BKL,Departed 10:07,2026-09-02 04:01:37
CGK,departures,2026-09-01,09:50,10:00,ID6350,BTK6350,SRG,Semarang Achmad Yani International Airport,Batik Air,ID,A320,Airbus A320-233,PK-BKG,Departed 10:00,2026-09-02 04:01:37
CGK,departures,2026-09-01,09:55,10:02,QG984,CTV984,PLM,Palembang International Airport,Citilink,QG,A320,Airbus A320-214,PK-GLO,Departed 10:02,2026-09-02 04:01:37
CGK,departures,2026-09-01,09:55,10:16,GA202,GIA202,YIA,Yogyakarta International Airport,Garuda Indonesia,GA,B738,Boeing 737-8U3,PK-GMC,Departed 10:16,2026-09-02 04:01:37
CGK,departures,2026-09-01,10:00,10:07,QG686,CTV686,DPS,Denpasar Ngurah Rai International Airport,Citilink,QG,A320,Airbus A320-214,PK-GQH,Departed 10:07,2026-09-02 04:01:37
CGK,departures,2026-09-01,10:00,,IU830,,BKS,Bengkulu Fatmawati Soekarno Airport,Super Air Jet,IU,320,,,Canceled,2026-09-02 04:01:37
CGK,departures,2026-09-01,10:00,10:03,ID7282,BTK7282,KUL,Kuala Lumpur International Airport,Batik Air,ID,B738,Boeing 737-8GP,PK-LBS,Departed 10:03,2026-09-02 04:01:37
CGK,departures,2026-09-01,10:05,,JT873,,KNO,Medan Kuala Namu International Airport,Lion Air,JT,739,,,Canceled,2026-09-02 04:01:37
CGK,departures,2026-09-01,10:05,10:13,JT390,LNI390,PKU,Pekanbaru Sultan Syarif Kasim II Airport,Lion Air,JT,B738,Boeing 737-8GP,PK-LOQ,Departed 10:13,2026-09-02 04:01:37
CGK,departures,2026-09-01,10:05,11:05,JT206,,KNO,Medan Kuala Namu International Airport,Lion Air,JT,7M9,,,Unknown,2026-09-02 04:01:37
CGK,departures,2026-09-01,10:05,10:12,IU842,SJV842,DJB,Jambi Sultan Thaha Airport,Super Air Jet,IU,A320,Airbus A320-232,PK-SJD,Departed 10:12,2026-09-02 04:01:37
CGK,departures,2026-09-01,10:10,,ID6708,,TKG,Bandar Lampung Radin Inten II Airport,Batik Air,ID,32A,,,Canceled,2026-09-02 04:01:37
CGK,departures,2026-09-01,10:10,10:28,8B5203,TNU5203,TKG,Bandar Lampung Radin Inten II Airport,TransNusa,8B,AJ27,Comac ARJ-21-700,PK-TJA,Departed 10:28,2026-09-02 04:01:37
CGK,departures,2026-09-01,10:10,10:09,QZ802,AWQ802,DPS,Denpasar Ngurah Rai International Airport,AirAsia (Sustainable ASEAN Tourism Livery),AK,A320,Airbus A320-216,PK-AZS,Departed 10:09,2026-09-02 04:01:37
CGK,departures,2026-09-01,10:15,,IU822,,PGK,Pangkal Pinang Depati Amir Airport,Super Air Jet,IU,320,,,Canceled,2026-09-02 04:01:37
CGK,departures,2026-09-01,10:15,10:27,ID6864,BTK6864,BTH,Batam Hang Nadim Airport,Batik Air,ID,A320,Airbus A320-214,PK-LAY,Departed 10:27,2026-09-02 04:01:37
CGK,departures,2026-09-01,10:20,10:38,ID6674,BTK6674,TRK,Tarakan Juwata International Airport,Batik Air,ID,A320,Airbus A320-214,PK-BLC,Departed 10:38,2026-09-02 04:01:37
CGK,departures,2026-09-01,10:20,10:33,GA136,GIA136,PGK,Pangkal Pinang Depati Amir Airport,Garuda Indonesia (Ayo Pakai Masker Livery),GA,B738,Boeing 737-81D,PK-GFQ,Departed 10:33,2026-09-02 04:01:37
CGK,departures,2026-09-01,10:25,10:30,QG974,CTV974,TNJ,Tanjung Pinang Raja Haji Fisabilillah Airport,Citilink,QG,A320,Airbus A320-214,PK-GLK,Departed 10:30,2026-09-02 04:01:31
CGK,departures,2026-09-01,10:25,10:34,QG970,CTV970,PGK,Pangkal Pinang Depati Amir Airport,Citilink,QG,A320,Airbus A320-214,PK-GLG,Departed 10:34,2026-09-02 04:01:31
CGK,departures,2026-09-01,10:25,,IU902,,PDG,Padang Minangkabau International Airport,Super Air Jet,IU,320,,,Canceled,2026-09-02 04:01:31
CGK,departures,2026-09-01,10:25,10:43,GA104,GIA104,PLM,Palembang International Airport,Garuda Indonesia (Pokémon Livery),GA,B738,Boeing 737-8U3,PK-GMU,Departed 10:43,2026-09-02 04:01:31
CGK,departures,2026-09-01,10:30,10:41,8B5106,TNU5106,DPS,Denpasar Ngurah Rai International Airport,TransNusa,8B,A320,Airbus A320-214,PK-TLF,Departed 10:41,2026-09-02 04:01:31
CGK,departures,2026-09-01,10:30,10:39,QG990,CTV990,BKS,Bengkulu Fatmawati Soekarno Airport,Citilink,QG,A320,Airbus A320-214,PK-GQU,Departed 10:39,2026-09-02 04:01:31
CGK,departures,2026-09-01,10:30,,IN32,,BTH,Batam Hang Nadim Airport,Nam Air,IN,735,,,Unknown,2026-09-02 04:01:31
CGK,departures,2026-09-01,10:40,11:59,8B5530,TNU5530,YIA,Yogyakarta International Airport,TransNusa,8B,A320,Airbus A320-214,PK-TLD,Departed 11:59,2026-09-02 04:01:31
CGK,departures,2026-09-01,10:40,10:55,IU994,SJV994,BTJ,Banda Aceh International Airport,Super Air Jet,IU,A320,Airbus A320-232,PK-STG,Departed 10:55,2026-09-02 04:01:31
CGK,departures,2026-09-01,10:40,,IP204,,SUB,Surabaya Juanda International Airport,Pelita Air,IP,320,,,Canceled,2026-09-02 04:01:31
CGK,departures,2026-09-01,10:40,10:53,ID6050,BTK6050,DPS,Denpasar Ngurah Rai International Airport,Batik Air,ID,A320,Airbus A320-214,PK-LUI,Departed 10:53,2026-09-02 04:01:31
CGK,departures,2026-09-01,10:50,11:01,IU650,SJV650,PKY,Palangkaraya Tjilik Riwut Airport,Super Air Jet,IU,A320,Airbus A320-232,PK-SJI,Departed 11:01,2026-09-02 04:01:31
CGK,departures,2026-09-01,10:50,11:03,GA238,GIA238,SRG,Semarang Achmad Yani International Airport,Garuda Indonesia,GA,B738,Boeing 737-8U3,PK-GMY,Departed 11:03,2026-09-02 04:01:31
CGK,departures,2026-09-01,10:55,,TH1022,,SZB,Kuala Lumpur Subang Airport,Raya Airways,TH,76X,,,Unknown,2026-09-02 04:01:31
CGK,departures,2026-09-01,10:55,,IU912,,PKU,Pekanbaru Sultan Syarif Kasim II Airport,Super Air Jet,IU,320,,,Canceled,2026-09-02 04:01:31
CGK,departures,2026-09-01,11:00,11:09,8B673,TNU673,KUL,Kuala Lumpur International Airport,TransNusa,8B,A321,Airbus A321-211,PK-TLG,Departed 11:09,2026-09-02 04:01:31
CGK,departures,2026-09-01,11:00,16:08,SQ957,SIA957,SIN,Singapore Changi Airport,Singapore Airlines,SQ,A359,Airbus A350-941,9V-SMT,Departed 16:08,2026-09-02 04:01:31
CGK,departures,2026-09-01,11:00,11:06,ID7155,BTK7155,SIN,Singapore Changi Airport,Batik Air,ID,A320,Airbus A320-232,PK-BKO,Departed 11:06,2026-09-02 04:01:31
CGK,departures,2026-09-01,11:00,12:14,ID6656,BTK6656,LOP,Lombok International Airport,Batik Air,ID,B738,Boeing 737-86N,PK-BGZ,Departed 12:14,2026-09-02 04:01:31
CGK,departures,2026-09-01,11:00,11:23,ID6250,BTK6250,BPN,Balikpapan Sepinggan Airport,Batik Air,ID,B738,Boeing 737-8GP,PK-LDK,Departed 11:23,2026-09-02 04:01:31
CGK,departures,2026-09-01,11:00,11:13,GA430,GIA430,LOP,Lombok International Airport,Garuda Indonesia,GA,B38M,Boeing 737 MAX 8,PK-GDC,Departed 11:13,2026-09-02 04:01:31
CGK,departures,2026-09-01,11:05,11:08,QG942,CTV942,BTH,Batam Hang Nadim Airport,Citilink,QG,A320,Airbus A320-214,PK-GLL,Departed 11:08,2026-09-02 04:01:31
CGK,departures,2026-09-01,11:10,11:15,QZ220,AWQ220,PEN,Penang International Airport,AirAsia,AK,A320,Airbus A320-214,PK-AZA,Departed 11:15,2026-09-02 04:01:31
CGK,departures,2026-09-01,11:10,11:16,QG422,CTV422,AAP,Samarinda AP Tumenggung Pranoto Airport,Citilink,QG,A320,Airbus A320-214,PK-GQP,Departed 11:16,2026-09-02 04:01:31
CGK,departures,2026-09-01,11:10,11:24,MH710,MAS710,KUL,Kuala Lumpur International Airport,Malaysia Airlines,MH,B38M,Boeing 737 MAX 8,9M-MVA,Departed 11:24,2026-09-02 04:01:31
CGK,departures,2026-09-01,11:10,,JT24,,DPS,Denpasar Ngurah Rai International Airport,Lion Air,JT,739,,,Canceled,2026-09-02 04:01:31
CGK,departures,2026-09-01,11:10,11:57,IU680,SJV680,PNK,Pontianak Supadio Airport,Super Air Jet,IU,A320,Airbus A320-232,PK-SJF,Departed 11:57,2026-09-02 04:01:31
CGK,departures,2026-09-01,11:10,11:11,ID6710,BTK6710,TKG,Bandar Lampung Radin Inten II Airport,Batik Air,ID,A320,Airbus A320-214,PK-LAT,Departed 11:11,2026-09-02 04:01:31
CGK,departures,2026-09-01,11:10,11:11,ID6369,,TKG,Bandar Lampung Radin Inten II Airport,Batik Air,ID,A320,Airbus A320-214,PK-LAT,Estimated dep 11:11*,2026-09-02 04:01:31
CGK,departures,2026-09-01,11:15,11:41,QG416,CTV416,PNK,Pontianak Supadio Airport,Citilink,QG,A320,Airbus A320-214,PK-GQK,Departed 11:41,2026-09-02 04:01:31
CGK,departures,2026-09-01,11:20,13:15,QG916,,KNO,Medan Kuala Namu International Airport,Citilink,QG,A320,Airbus A320-214,PK-GQN,Unknown,2026-09-02 04:01:31
CGK,departures,2026-09-01,11:25,11:33,QG976,CTV976,TJQ,Tanjung Pandan Buluh Tumbang Airport,Citilink,QG,A320,Airbus A320-214,PK-GLP,Departed 11:33,2026-09-02 04:01:31
CGK,departures,2026-09-01,11:25,11:31,QG790,CTV790,SRG,Semarang Achmad Yani International Airport,Citilink,QG,A320,Airbus A320-214,PK-GLQ,Departed 11:31,2026-09-02 04:01:31
CGK,departures,2026-09-01,11:25,11:39,IU958,SJV958,DTB,Siborong-Borong Silangit Airport,Super Air Jet,IU,A320,Airbus A320-232,PK-SGD,Departed 11:39,2026-09-02 04:01:31
CGK,departures,2026-09-01,11:25,11:36,IP632,PAS632,PNK,Pontianak Supadio Airport,Pelita Air,IP,A320,Airbus A320-214,PK-PWP,Departed 11:36,2026-09-02 04:01:31
CGK,departures,2026-09-01,11:25,,IN180,,PNK,Pontianak Supadio Airport,Nam Air,IN,735,,,Unknown,2026-09-02 04:01:31
CGK,departures,2026-09-01,11:30,12:29,ID7531,BTK7531,SOC,Surakarta Adisumarmo International Airport,Batik Air,ID,A320,Airbus A320-214,PK-LUJ,Departed 12:29,2026-09-02 04:01:31
CGK,departures,2026-09-01,11:30,11:30,ID6863,,SOC,Surakarta Adisumarmo International Airport,Batik Air,ID,32A,,,Estimated dep 11:30*,2026-09-02 04:01:31
CGK,departures,2026-09-01,11:30,11:43,GA208,GIA208,YIA,Yogyakarta International Airport,Garuda Indonesia,GA,B738,Boeing 737-86N,PK-GFS,Departed 11:43,2026-09-02 04:01:31
CGK,departures,2026-09-01,11:35,16:02,GA186,GIA186,KNO,Medan Kuala Namu International Airport,Garuda Indonesia,GA,B738,Boeing 737-8SA,PK-GUI,Departed 16:02,2026-09-02 04:01:31
CGK,departures,2026-09-01,11:40,11:49,IP322,PAS322,PKU,Pekanbaru Sultan Syarif Kasim II Airport,Pelita Air,IP,A320,Airbus A320-216,PK-PWN,Departed 11:49,2026-09-02 04:01:31
CGK,departures,2026-09-01,11:45,,8B5286,,SKJ,Singkawang Airport,TransNusa,8B,320,,,Unknown,2026-09-02 04:01:31
CGK,departures,2026-09-01,11:45,11:52,QZ204,AWQ204,KUL,Kuala Lumpur International Airport,AirAsia,AK,A320,Airbus A320-216,PK-AZL,Departed 11:52,2026-09-02 04:01:31
CGK,departures,2026-09-01,11:45,12:23,QG452,CTV452,PKY,Palangkaraya Tjilik Riwut Airport,Citilink,QG,A20N,Airbus A320-251N,PK-GTA,Departed 12:23,2026-09-02 04:01:31
CGK,departures,2026-09-01,11:45,12:07,GA512,GIA512,PNK,Pontianak Supadio Airport,Garuda Indonesia,GA,B738,Boeing 737-8H6,PK-GUL,Departed 12:07,2026-09-02 04:01:31
CGK,departures,2026-09-01,11:50,11:59,QG736,CTV736,SUB,Surabaya Juanda International Airport,Citilink,QG,A320,Airbus A320-214,PK-GLS,Departed 11:59,2026-09-02 04:01:31
CGK,departures,2026-09-01,11:50,14:27,ID6870,BTK6870,PLM,Palembang International Airport,Batik Air,ID,A320,Airbus A320-214,PK-LAT,Departed 14:27,2026-09-02 04:01:31
CGK,departures,2026-09-01,11:50,12:58,ID6280,BTK6280,MDC,Manado Sam Ratulangi International Airport,Batik Air,ID,B738,Boeing 737-8U3,PK-BGF,Departed 12:58,2026-09-02 04:01:31
CGK,departures,2026-09-01,11:50,12:15,GA832,GIA832,SIN,Singapore Changi Airport,Garuda Indonesia,GA,B738,Boeing 737-8U3,PK-GNH,Departed 12:15,2026-09-02 04:01:31
CGK,departures,2026-09-01,11:50,12:09,GA174,GIA174,PKU,Pekanbaru Sultan Syarif Kasim II Airport,Garuda Indonesia,GA,B738,Boeing 737-8BK,PK-GFG,Departed 12:09,2026-09-02 04:01:31
CGK,departures,2026-09-01,11:55,12:04,8B153,TNU153,SIN,Singapore Changi Airport,TransNusa,8B,A321,Airbus A321-211,PK-TLM,Departed 12:04,2026-09-02 04:01:31
CGK,departures,2026-09-01,11:55,11:53,TR277,TGW277,SIN,Singapore Changi Airport,Scoot,TR,A320,Airbus A320-232,9V-TRT,Departed 11:53,2026-09-02 04:01:31
CGK,departures,2026-09-01,11:55,,GA146,,BTJ,Banda Aceh International Airport,Garuda Indonesia,GA,738,,,Canceled,2026-09-02 04:01:31
CGK,departures,2026-09-01,12:00,13:19,ID6800,BTK6800,BUU,Muara Bungo Airport,Batik Air,ID,A320,Airbus A320-214,PK-LUK,Departed 13:19,2026-09-02 04:01:31
CGK,departures,2026-09-01,12:00,12:19,IP108,PAS108,DPS,Denpasar Ngurah Rai International Airport,Pelita Air,IP,A320,Airbus A320-214,PK-PWE,Departed 12:19,2026-09-02 04:01:31
CGK,departures,2026-09-01,12:05,,ID7109,,PDG,Padang Minangkabau International Airport,Batik Air,ID,738,,,Unknown,2026-09-02 04:01:31
CGK,departures,2026-09-01,12:05,12:26,GA980,GIA980,JED,Jeddah King Abdulaziz International Airport,Garuda Indonesia (Retro Livery),GA,B77W,Boeing 777-3U3(ER),PK-GIK,Departed 12:26,2026-09-02 04:01:31
CGK,departures,2026-09-01,12:10,13:34,IU304,SJV304,SRG,Semarang Achmad Yani International Airport,Super Air Jet,IU,A320,Airbus A320-232,PK-SAG,Departed 13:34,2026-09-02 04:01:31
CGK,departures,2026-09-01,12:10,12:11,GA312,GIA312,SUB,Surabaya Juanda International Airport,Garuda Indonesia,GA,B738,Boeing 737-8U3,PK-GMM,Departed 12:11,2026-09-02 04:01:31
CGK,departures,2026-09-01,12:10,12:01,AK2354,AXM2354,KBR,Kota Bharu Sultan Ismail Petra Airport,AirAsia,AK,A20N,Airbus A320-251N,9M-RAM,Departed 12:01,2026-09-02 04:01:31
CGK,departures,2026-09-01,12:15,12:17,QZ860,AWQ860,LBJ,Labuan Bajo Komodo Airport,AirAsia,AK,A320,Airbus A320-214,PK-AZI,Departed 12:17,2026-09-02 04:01:31
CGK,departures,2026-09-01,12:15,12:21,MH716,MAS716,KUL,Kuala Lumpur International Airport,Malaysia Airlines,MH,B38M,Boeing 737 MAX 8,9M-MVE,Departed 12:21,2026-09-02 04:01:31
CGK,departures,2026-09-01,12:15,12:30,JX762,SJX762,TPE,Taipei Taoyuan International Airport,STARLUX,JX,A21N,Airbus A321-252NX,B-58202,Departed 12:30,2026-09-02 04:01:31
CGK,departures,2026-09-01,12:25,12:33,QZ814,AWQ814,DPS,Denpasar Ngurah Rai International Airport,AirAsia (Colours of Indonesia Livery),AK,A320,Airbus A320-216,PK-AXD,Departed 12:33,2026-09-02 04:01:31
CGK,departures,2026-09-01,12:25,12:27,QG906,CTV906,BKS,Bengkulu Fatmawati Soekarno Airport,Citilink,QG,A320,Airbus A320-214,PK-GQG,Departed 12:27,2026-09-02 04:01:31
CGK,departures,2026-09-01,12:25,12:30,JT172,LNI172,TKG,Bandar Lampung Radin Inten II Airport,Lion Air,JT,B739,Boeing 737-9GP(ER),PK-LJG,Departed 12:30,2026-09-02 04:01:31
CGK,departures,2026-09-01,12:25,12:38,IU854,SJV854,BTH,Batam Hang Nadim Airport,Super Air Jet,IU,A320,Airbus A320-232,PK-SJT,Departed 12:38,2026-09-02 04:01:31
CGK,departures,2026-09-01,12:25,,IP302,,KNO,Medan Kuala Namu International Airport,Pelita Air,IP,A320,Airbus A320-214,PK-PWD,Canceled,2026-09-02 04:01:31
CGK,departures,2026-09-01,12:25,12:36,GA128,GIA128,DJB,Jambi Sultan Thaha Airport,Garuda Indonesia,GA,B738,Boeing 737-8U3,PK-GMV,Departed 12:36,2026-09-02 04:01:31
CGK,departures,2026-09-01,12:30,12:49,QG512,CTV512,DMK,Bangkok Don Mueang International Airport,Citilink (Retro Livery),QG,A320,Airbus A320-214,PK-GQI,Departed 12:49,2026-09-02 04:01:31
CGK,departures,2026-09-01,12:30,12:46,IU630,SJV630,BDJ,Banjarmasin Syamsudin Noor Airport,Super Air Jet,IU,A320,Airbus A320-232,PK-SAL,Departed 12:46,2026-09-02 04:01:31
CGK,departures,2026-09-01,12:30,12:44,IP354,PAS354,PDG,Padang Minangkabau International Airport,Pelita Air,IP,A320,Airbus A320-214,PK-PWC,Departed 12:44,2026-09-02 04:01:31
CGK,departures,2026-09-01,12:30,12:55,ID7151,BTK7151,SIN,Singapore Changi Airport,Batik Air,ID,A320,Airbus A320-214,PK-BKQ,Departed 12:55,2026-09-02 04:01:31
CGK,departures,2026-09-01,12:35,12:41,TG434,THA434,BKK,Bangkok Suvarnabhumi Airport,Thai Airways,TG,A333,Airbus A330-343,HS-TEW,Departed 12:41,2026-09-02 04:01:31
CGK,departures,2026-09-01,12:35,,IU866,,PKU,Pekanbaru Sultan Syarif Kasim II Airport,Super Air Jet,IU,320,,,Canceled,2026-09-02 04:01:31
CGK,departures,2026-09-01,12:35,12:45,IU350,SJV350,SMQ,Sampit Airport,Super Air Jet,IU,A320,Airbus A320-232,PK-SAQ,Departed 12:45,2026-09-02 04:01:31
CGK,departures,2026-09-01,12:35,12:51,IP142,PAS142,LOP,Lombok International Airport,Pelita Air,IP,A320,Airbus A320-214,PK-PWH,Departed 12:51,2026-09-02 04:01:31
CGK,departures,2026-09-01,12:35,13:17,GA74,GIA074,TKG,Bandar Lampung Radin Inten II Airport,Garuda Indonesia,GA,B738,Boeing 737-8U3,PK-GNQ,Departed 13:17,2026-09-02 04:01:31
CGK,departures,2026-09-01,12:45,,IU258,,KDI,Kendari Haluoleo Airport,Super Air Jet,IU,320,,,Canceled,2026-09-02 04:01:31
CGK,departures,2026-09-01,12:45,13:00,GA156,GIA156,BTH,Batam Hang Nadim Airport,Garuda Indonesia,GA,B738,Boeing 737-8SA,PK-GUH,Departed 13:00,2026-09-02 04:01:31
CGK,departures,2026-09-01,12:50,12:50,SJ52,,TJQ,Tanjung Pandan Buluh Tumbang Airport,Sriwijaya Air,SJ,735,,,Estimated dep 12:50*,2026-09-02 04:01:31
CGK,departures,2026-09-01,12:50,13:25,ID6564,BTK6564,MLG,Malang Abdul Rachman Saleh Airport,Batik Air,ID,A320,Airbus A320-214,PK-LAW,Departed 13:25,2026-09-02 04:01:31
CGK,departures,2026-09-01,12:50,,ID6342,,SRG,Semarang Achmad Yani International Airport,Batik Air,ID,32A,,,Canceled,2026-09-02 04:01:31
CGK,departures,2026-09-01,12:50,13:31,GA560,GIA560,BPN,Balikpapan Sepinggan Airport,Garuda Indonesia,GA,B738,Boeing 737-8U3,PK-GNM,Departed 13:31,2026-09-02 04:01:31
CGK,departures,2026-09-01,12:55,13:22,8B635,TNU635,PEN,Penang International Airport,TransNusa,8B,A321,Airbus A321-211,PK-TLK,Departed 13:22,2026-09-02 04:01:31
CGK,departures,2026-09-01,12:55,13:28,GA602,GIA602,MDC,Manado Sam Ratulangi International Airport,Garuda Indonesia,GA,B738,Boeing 737-8U3,PK-GMA,Departed 13:28,2026-09-02 04:01:31
CGK,departures,2026-09-01,13:00,,RI160,,BTJ,Banda Aceh International Airport,Rimbun Air,RI,73Y,,,Unknown,2026-09-02 04:01:31
CGK,departures,2026-09-01,13:00,,SJ1850,,PNK,Pontianak Supadio Airport,Sriwijaya Air,SJ,735,,,Unknown,2026-09-02 04:01:31
CGK,departures,2026-09-01,13:00,13:03,IU722,SJV722,LBJ,Labuan Bajo Komodo Airport,Super Air Jet,IU,A320,Airbus A320-232,PK-STR,Departed 13:03,2026-09-02 04:01:31
CGK,departures,2026-09-01,13:00,13:12,IP602,PAS602,BPN,Balikpapan Sepinggan Airport,Pelita Air,IP,A320,Airbus A320-214,PK-PWO,Departed 13:12,2026-09-02 04:01:31
CGK,departures,2026-09-01,13:00,,ID6270,,MDC,Manado Sam Ratulangi International Airport,Batik Air,ID,32A,,,Canceled,2026-09-02 04:01:31
CGK,departures,2026-09-01,13:05,13:14,IP312,PAS312,PLM,Palembang International Airport,Pelita Air,IP,A320,Airbus A320-214,PK-PWJ,Departed 13:14,2026-09-02 04:01:31
CGK,departures,2026-09-01,13:05,13:05,ID6899,,YIA,Yogyakarta International Airport,Batik Air,ID,32A,,,Estimated dep 13:05*,2026-09-02 04:01:31
CGK,departures,2026-09-01,13:05,,ID6890,,KNO,Medan Kuala Namu International Airport,Batik Air,ID,32A,,,Canceled,2026-09-02 04:01:31
CGK,departures,2026-09-01,13:05,13:29,ID6344,BTK6344,YIA,Yogyakarta International Airport,Batik Air,ID,A320,Airbus A320-232,PK-BKR,Departed 13:29,2026-09-02 04:01:31
CGK,departures,2026-09-01,13:10,13:36,ID7109,BTK7109,PDG,Padang Minangkabau International Airport,Batik Air,ID,A320,Airbus A320-214,PK-LUH,Departed 13:36,2026-09-02 04:01:31
CGK,departures,2026-09-01,13:10,13:38,GA532,GIA532,BDJ,Banjarmasin Syamsudin Noor Airport,Garuda Indonesia,GA,B738,Boeing 737-8H6,PK-GUM,Departed 13:38,2026-09-02 04:01:31
CGK,departures,2026-09-01,13:10,13:53,AK352,AXM352,KUL,Kuala Lumpur International Airport,AirAsia,AK,A320,Airbus A320-216,9M-AGT,Departed 13:53,2026-09-02 04:01:31
CGK,departures,2026-09-01,13:15,16:39,JT210,,KNO,Medan Kuala Namu International Airport,Lion Air,JT,738,,,Unknown,2026-09-02 04:01:31
CGK,departures,2026-09-01,13:15,14:05,CZ3038,CSN3038,CAN,Guangzhou Baiyun International Airport,China Southern Airlines,CZ,A21N,Airbus A321-251NX,B-32KY,Departed 14:05,2026-09-02 04:01:31
CGK,departures,2026-09-01,13:20,13:55,IU810,SJV810,PDG,Padang Minangkabau International Airport,Super Air Jet,IU,A320,Airbus A320-232,PK-STS,Departed 13:55,2026-09-02 04:01:28
CGK,departures,2026-09-01,13:25,,RI184,,PDG,Padang Minangkabau International Airport,Rimbun Air,RI,73Y,,,Unknown,2026-09-02 04:01:28
CGK,departures,2026-09-01,13:25,13:54,SJ184,SJY184,PNK,Pontianak Supadio Airport,BBN Airlines Indonesia,0B,B738,Boeing 737-8BK,PK-BBF,Departed 13:54,2026-09-02 04:01:28
CGK,departures,2026-09-01,13:25,15:48,QG918,CTV918,KNO,Medan Kuala Namu International Airport,Citilink,QG,A320,Airbus A320-214,PK-GQN,Departed 15:48,2026-09-02 04:01:28
CGK,departures,2026-09-01,13:25,15:23,JT370,,BTH,Batam Hang Nadim Airport,Lion Air,JT,739,,,Unknown,2026-09-02 04:01:28
CGK,departures,2026-09-01,13:25,,IP242,,YIA,Yogyakarta International Airport,Pelita Air,IP,320,,,Unknown,2026-09-02 04:01:28
CGK,departures,2026-09-01,13:25,14:03,GA242,GIA242,SRG,Semarang Achmad Yani International Airport,Garuda Indonesia,GA,B738,Boeing 737-8U3,PK-GNE,Departed 14:03,2026-09-02 04:01:28
CGK,departures,2026-09-01,13:30,13:45,VJ854,VJC854,SGN,Ho Chi Minh City International Airport,VietJet Air,VJ,A321,Airbus A321-211,VN-A670,Departed 13:45,2026-09-02 04:01:28
CGK,departures,2026-09-01,13:30,13:40,ID6406,BTK6406,SUB,Surabaya Juanda International Airport,Batik Air,ID,A20N,Airbus A320-251N,PK-BDF,Departed 13:40,2026-09-02 04:01:28
CGK,departures,2026-09-01,13:30,14:02,GA422,GIA422,DPS,Denpasar Ngurah Rai International Airport,Garuda Indonesia,GA,B738,Boeing 737-8U3,PK-GFF,Departed 14:02,2026-09-02 04:01:28
CGK,departures,2026-09-01,13:35,14:01,MF868,CXA868,XMN,Xiamen Gaoqi International Airport,Xiamen Air,MF,B38M,Boeing 737 MAX 8,B-20EK,Departed 14:01,2026-09-02 04:01:28
CGK,departures,2026-09-01,13:35,14:40,ID6854,BTK6854,PKU,Pekanbaru Sultan Syarif Kasim II Airport,Batik Air,ID,A320,Airbus A320-232,PK-BKL,Departed 14:40,2026-09-02 04:01:28
CGK,departures,2026-09-01,13:35,14:10,GA624,GIA624,PLW,Palu Mutiara Airport,Garuda Indonesia,GA,B738,Boeing 737-8U3,PK-GMP,Departed 14:10,2026-09-02 04:01:28
CGK,departures,2026-09-01,13:35,14:09,GA310,GIA310,SUB,Surabaya Juanda International Airport,Garuda Indonesia,GA,B738,Boeing 737-8U3,PK-GUF,Departed 14:09,2026-09-02 04:01:28
CGK,departures,2026-09-01,13:35,16:20,GA118,GIA118,KNO,Medan Kuala Namu International Airport,Garuda Indonesia,GA,B738,Boeing 737-8U3,PK-GUG,Departed 16:20,2026-09-02 04:01:28
CGK,departures,2026-09-01,13:40,13:46,QG778,CTV778,YIA,Yogyakarta International Airport,Citilink,QG,A320,Airbus A320-214,PK-GLR,Departed 13:46,2026-09-02 04:01:28
CGK,departures,2026-09-01,13:40,,JT22,,DPS,Denpasar Ngurah Rai International Airport,Lion Air,JT,738,,,Unknown,2026-09-02 04:01:28
CGK,departures,2026-09-01,13:40,13:51,ID6676,BTK6676,AAP,Samarinda AP Tumenggung Pranoto Airport,Batik Air,ID,A320,Airbus A320-233,PK-BKG,Departed 13:51,2026-09-02 04:01:28
CGK,departures,2026-09-01,13:45,14:45,GA108,GIA108,PLM,Palembang International Airport,Garuda Indonesia,GA,B738,Boeing 737-8SH,PK-GUD,Departed 14:45,2026-09-02 04:01:28
CGK,departures,2026-09-01,13:50,14:12,VN630,HVN630,SGN,Ho Chi Minh City International Airport,Vietnam Airlines,VN,A21N,Airbus A321-272N,VN-A510,Departed 14:12,2026-09-02 04:01:28
CGK,departures,2026-09-01,13:50,13:50,QG966,,DJB,Jambi Sultan Thaha Airport,Citilink,QG,A320,Airbus A320-214,PK-GQM,Estimated dep 13:50*,2026-09-02 04:01:28
CGK,departures,2026-09-01,13:50,13:57,OD389,MXD389,KUL,Kuala Lumpur International Airport,Batik Air,ID,B738,Boeing 737-8GP,9M-LNR,Departed 13:57,2026-09-02 04:01:28
CGK,departures,2026-09-01,13:50,14:19,GA228,GIA228,SOC,Surakarta Adisumarmo International Airport,Garuda Indonesia,GA,B738,Boeing 737-8U3,PK-GMW,Departed 14:19,2026-09-02 04:01:28
CGK,departures,2026-09-01,13:55,14:08,QG446,CTV446,BPN,Balikpapan Sepinggan Airport,Citilink,QG,A320,Airbus A320-214,PK-GQD,Departed 14:08,2026-09-02 04:01:28
CGK,departures,2026-09-01,13:55,14:26,QG414,CTV414,PNK,Pontianak Supadio Airport,Citilink,QG,A320,Airbus A320-214,PK-GQF,Departed 14:26,2026-09-02 04:01:28
CGK,departures,2026-09-01,13:55,14:07,ID6814,BTK6814,BKS,Bengkulu Fatmawati Soekarno Airport,Batik Air,ID,A320,Airbus A320-232,PK-BLB,Departed 14:07,2026-09-02 04:01:28
CGK,departures,2026-09-01,14:00,,RI100,,BTH,Batam Hang Nadim Airport,Rimbun Air,RI,73Y,,,Unknown,2026-09-02 04:01:28
CGK,departures,2026-09-01,14:00,14:16,VJ928,VJC928,HAN,Hanoi Noi Bai International Airport,VietJet Air,VJ,A21N,Airbus A321-271NX,VN-A526,Departed 14:16,2026-09-02 04:01:28
CGK,departures,2026-09-01,14:00,14:11,QG958,CTV958,PDG,Padang Minangkabau International Airport,Citilink,QG,A320,Airbus A320-214,PK-GLG,Departed 14:11,2026-09-02 04:01:28
CGK,departures,2026-09-01,14:00,14:14,IU802,SJV802,TJQ,Tanjung Pandan Buluh Tumbang Airport,Super Air Jet,IU,A320,Airbus A320-232,PK-SJE,Departed 14:14,2026-09-02 04:01:28
CGK,departures,2026-09-01,14:00,15:02,IU608,SJV608,BPN,Balikpapan Sepinggan Airport,Super Air Jet,IU,A320,Airbus A320-232,PK-SAV,Departed 15:02,2026-09-02 04:01:28
CGK,departures,2026-09-01,14:00,14:00,IU580,,BPN,Balikpapan Sepinggan Airport,Super Air Jet,IU,320,,,Estimated dep 14:00*,2026-09-02 04:01:28
CGK,departures,2026-09-01,14:05,,JT212,,KNO,Medan Kuala Namu International Airport,Lion Air,JT,739,,,Unknown,2026-09-02 04:01:28
CGK,departures,2026-09-01,14:05,,IU926,,PLM,Palembang International Airport,Super Air Jet,IU,320,,,Canceled,2026-09-02 04:01:28
CGK,departures,2026-09-01,14:05,14:28,IP106,PAS106,DPS,Denpasar Ngurah Rai International Airport,Pelita Air,IP,A320,Airbus A320-232,PK-PWL,Departed 14:28,2026-09-02 04:01:28
CGK,departures,2026-09-01,14:05,14:52,ID6820,BTK6820,LLJ,Lubuklinggau Silampari Airport,Batik Air,ID,A320,Airbus A320-214,PK-LAO,Departed 14:52,2026-09-02 04:01:28
CGK,departures,2026-09-01,14:05,14:31,ID6204,BTK6204,PKN,Pangkalan Bun Iskandar Airport,Batik Air,ID,A320,Airbus A320-232,PK-BKM,Departed 14:31,2026-09-02 04:01:28
CGK,departures,2026-09-01,14:10,14:13,QZ208,AWQ208,KUL,Kuala Lumpur International Airport,AirAsia,AK,A320,Airbus A320-214,PK-AZH,Departed 14:13,2026-09-02 04:01:28
CGK,departures,2026-09-01,14:10,14:30,QG968,CTV968,BTH,Batam Hang Nadim Airport,Citilink,QG,A320,Airbus A320-214,PK-GQA,Departed 14:30,2026-09-02 04:01:28
CGK,departures,2026-09-01,14:15,14:22,TR309,TGW309,SIN,Singapore Changi Airport,Scoot,TR,A320,Airbus A320-232,9V-TRP,Departed 14:22,2026-09-02 04:01:28
CGK,departures,2026-09-01,14:15,14:36,QG340,CTV340,UPG,Makassar Sultan Hasanuddin International Airport,Citilink,QG,A320,Airbus A320-214,PK-GLI,Departed 14:36,2026-09-02 04:01:28
CGK,departures,2026-09-01,14:20,14:56,SQ959,SIA959,SIN,Singapore Changi Airport,Singapore Airlines,SQ,A359,Airbus A350-941,9V-SMU,Departed 14:56,2026-09-02 04:01:28
CGK,departures,2026-09-01,14:20,15:38,QG978,CTV978,KNO,Medan Kuala Namu International Airport,Citilink,QG,A320,Airbus A320-214,PK-GLO,Departed 15:38,2026-09-02 04:01:28
CGK,departures,2026-09-01,14:20,14:47,CX776,CPA776,HKG,Hong Kong International Airport,Cathay Pacific,CX,A333,Airbus A330-343,B-LAN,Departed 14:47,2026-09-02 04:01:28
CGK,departures,2026-09-01,14:25,14:37,WY850,OMA850,MCT,Muscat International Airport,Oman Air,WY,B789,Boeing 787-9 Dreamliner,A4O-SK,Departed 14:37,2026-09-02 04:01:28
CGK,departures,2026-09-01,14:25,15:02,UL365,ALK365,CMB,Colombo Bandaranaike International Airport,SriLankan Airlines,UL,A21N,Airbus A321-251N,4R-ANC,Departed 15:02,2026-09-02 04:01:28
CGK,departures,2026-09-01,14:25,16:23,SJ580,SJY580,UPG,Makassar Sultan Hasanuddin International Airport,Sriwijaya Air,SJ,B738,Boeing 737-86N,PK-CRH,Departed 16:23,2026-09-02 04:01:28
CGK,departures,2026-09-01,14:25,14:35,IP206,PAS206,SUB,Surabaya Juanda International Airport,Pelita Air,IP,A320,Airbus A320-214,PK-PWQ,Departed 14:35,2026-09-02 04:01:28
CGK,departures,2026-09-01,14:30,14:44,ID6266,BTK6266,UPG,Makassar Sultan Hasanuddin International Airport,Batik Air,ID,B738,Boeing 737-8GP,PK-LZV,Departed 14:44,2026-09-02 04:01:28
CGK,departures,2026-09-01,14:30,14:58,GA410,GIA410,DPS,Denpasar Ngurah Rai International Airport,Garuda Indonesia (Livin' by Mandiri Livery),GA,B738,Boeing 737-86N,PK-GFI,Departed 14:58,2026-09-02 04:01:28
CGK,departures,2026-09-01,14:30,14:41,BR238,EVA238,TPE,Taipei Taoyuan International Airport,EVA Air,BR,B789,Boeing 787-9 Dreamliner,B-17881,Departed 14:41,2026-09-02 04:01:28
CGK,departures,2026-09-01,14:35,17:52,ID6508,BTK6508,DPS,Denpasar Ngurah Rai International Airport,Batik Air,ID,A320,Airbus A320-214,PK-BKV,Departed 17:52,2026-09-02 04:01:28
CGK,departures,2026-09-01,14:35,14:54,GA326,GIA326,SUB,Surabaya Juanda International Airport,Garuda Indonesia (Ayo Pakai Masker Livery),GA,B738,Boeing 737-81D,PK-GFQ,Departed 14:54,2026-09-02 04:01:28
CGK,departures,2026-09-01,14:40,15:06,GA162,GIA162,PDG,Padang Minangkabau International Airport,Garuda Indonesia,GA,B738,Boeing 737-8SH,PK-GUJ,Departed 15:06,2026-09-02 04:01:28
CGK,departures,2026-09-01,14:40,15:04,CI762,CAL762,TPE,Taipei Taoyuan International Airport,China Airlines,CI,A359,Airbus A350-941,B-18905,Departed 15:04,2026-09-02 04:01:28
CGK,departures,2026-09-01,14:45,15:00,GA212,GIA212,YIA,Yogyakarta International Airport,Garuda Indonesia (Pokémon Livery),GA,B738,Boeing 737-8U3,PK-GMU,Departed 15:00,2026-09-02 04:01:28
CGK,departures,2026-09-01,14:50,15:08,GA572,GIA572,BPN,Balikpapan Sepinggan Airport,Garuda Indonesia,GA,B738,Boeing 737-8U3,PK-GMI,Departed 15:08,2026-09-02 04:01:28
CGK,departures,2026-09-01,14:55,16:29,QG792,,SRG,Semarang Achmad Yani International Airport,Citilink,QG,A320,Airbus A320-214,PK-GLL,Unknown,2026-09-02 04:01:28
CGK,departures,2026-09-01,14:55,15:30,GA550,GIA550,PKY,Palangkaraya Tjilik Riwut Airport,Garuda Indonesia,GA,B738,Boeing 737-8U3,PK-GNC,Departed 15:30,2026-09-02 04:01:28
CGK,departures,2026-09-01,14:55,15:09,GA504,GIA504,PNK,Pontianak Supadio Airport,Garuda Indonesia,GA,B738,Boeing 737-8U3,PK-GFD,Departed 15:09,2026-09-02 04:01:28
CGK,departures,2026-09-01,15:00,,RI2000,,BPN,Balikpapan Sepinggan Airport,Rimbun Air,RI,73Y,,,Unknown,2026-09-02 04:01:28
CGK,departures,2026-09-01,15:00,,JT122,,TKG,Bandar Lampung Radin Inten II Airport,Lion Air,JT,739,,,Unknown,2026-09-02 04:01:28
CGK,departures,2026-09-01,15:00,15:43,8B5165,TNU5165,LOP,Lombok International Airport,TransNusa,8B,A320,Airbus A320-214,PK-TLD,Departed 15:43,2026-09-02 04:01:28
CGK,departures,2026-09-01,15:00,15:18,QG482,CTV482,BDJ,Banjarmasin Syamsudin Noor Airport,Citilink,QG,A320,Airbus A320-214,PK-GQU,Departed 15:18,2026-09-02 04:01:28
CGK,departures,2026-09-01,15:00,,IU900,,PDG,Padang Minangkabau International Airport,Super Air Jet,IU,320,,,Unknown,2026-09-02 04:01:28
CGK,departures,2026-09-01,15:00,17:56,ID6886,BTK6886,KNO,Medan Kuala Namu International Airport,Batik Air,ID,A320,Airbus A320-214,PK-LAY,Departed 17:56,2026-09-02 04:01:28
CGK,departures,2026-09-01,15:00,15:27,GA154,GIA154,BTH,Batam Hang Nadim Airport,Garuda Indonesia,GA,B738,Boeing 737-8U3,PK-GMF,Departed 15:27,2026-09-02 04:01:28
CGK,departures,2026-09-01,15:05,15:08,QG716,CTV716,SUB,Surabaya Juanda International Airport,Citilink,QG,A320,Airbus A320-214,PK-GLP,Departed 15:08,2026-09-02 04:01:28
CGK,departures,2026-09-01,15:05,15:12,JT692,LNI692,SUB,Surabaya Juanda International Airport,Lion Air,JT,B739,Boeing 737-9GP(ER),PK-LHP,Departed 15:12,2026-09-02 04:01:28
CGK,departures,2026-09-01,15:05,16:51,JT171,,SUB,Surabaya Juanda International Airport,Lion Air,JT,739,,,Unknown,2026-09-02 04:01:28
CGK,departures,2026-09-01,15:10,15:50,8B5108,TNU5108,DPS,Denpasar Ngurah Rai International Airport,TransNusa,8B,A320,Airbus A320-214,PK-TLF,Departed 15:50,2026-09-02 04:01:28
CGK,departures,2026-09-01,15:10,17:07,IP104,PAS104,DPS,Denpasar Ngurah Rai International Airport,Pelita Air,IP,A320,Airbus A320-216,PK-PWN,Departed 17:07,2026-09-02 04:01:28
CGK,departures,2026-09-01,15:10,15:15,AK385,AXM385,KUL,Kuala Lumpur International Airport,AirAsia,AK,A320,Airbus A320-216,9M-AGY,Departed 15:15,2026-09-02 04:01:28
CGK,departures,2026-09-01,15:15,15:21,IU818,SJV818,PGK,Pangkal Pinang Depati Amir Airport,Super Air Jet,IU,A320,Airbus A320-232,PK-SJD,Departed 15:21,2026-09-02 04:01:28
CGK,departures,2026-09-01,15:15,16:12,ID6898,BTK6898,BTJ,Banda Aceh International Airport,Batik Air,ID,A320,Airbus A320-214,PK-LUU,Departed 16:12,2026-09-02 04:01:28
CGK,departures,2026-09-01,15:15,15:25,ID6818,BTK6818,BKS,Bengkulu Fatmawati Soekarno Airport,Batik Air (Book Cabin Sticker),ID,A320,Airbus A320-214,PK-LAF,Departed 15:25,2026-09-02 04:01:28
CGK,departures,2026-09-01,15:15,15:32,GA176,GIA176,PKU,Pekanbaru Sultan Syarif Kasim II Airport,Garuda Indonesia,GA,B738,Boeing 737-8U3,PK-GMY,Departed 15:32,2026-09-02 04:01:28
CGK,departures,2026-09-01,15:20,15:44,JT346,LNI346,PLM,Palembang International Airport,Lion Air,JT,A339,Airbus A330-941,PK-LES,Departed 15:44,2026-09-02 04:01:28
CGK,departures,2026-09-01,15:20,15:23,QZ820,AWQ820,DPS,Denpasar Ngurah Rai International Airport,AirAsia (Sustainable ASEAN Tourism Livery),AK,A320,Airbus A320-216,PK-AZS,Departed 15:23,2026-09-02 04:01:28
CGK,departures,2026-09-01,15:20,15:20,ID6711,,SUB,Surabaya Juanda International Airport,Batik Air,ID,32A,,,Estimated dep 15:20*,2026-09-02 04:01:28
CGK,departures,2026-09-01,15:25,15:33,IU858,SJV858,BTH,Batam Hang Nadim Airport,Super Air Jet,IU,A320,Airbus A320-232,PK-SJC,Departed 15:33,2026-09-02 04:01:28
CGK,departures,2026-09-01,15:30,15:36,ID7041,BTK7041,SOC,Surakarta Adisumarmo International Airport,Batik Air,ID,A320,Airbus A320-214,PK-BLD,Departed 15:36,2026-09-02 04:01:28
CGK,departures,2026-09-01,15:30,16:24,ID6200,BTK6200,PKY,Palangkaraya Tjilik Riwut Airport,Batik Air,ID,A320,Airbus A320-214,PK-LUJ,Departed 16:24,2026-09-02 04:01:28
CGK,departures,2026-09-01,15:30,15:52,GA612,GIA612,UPG,Makassar Sultan Hasanuddin International Airport,Garuda Indonesia,GA,B738,Boeing 737-8U3,PK-GFW,Departed 15:52,2026-09-02 04:01:28
CGK,departures,2026-09-01,15:35,16:01,QG964,CTV964,DJB,Jambi Sultan Thaha Airport,Citilink,QG,A320,Airbus A320-214,PK-GQS,Departed 16:01,2026-09-02 04:01:28
CGK,departures,2026-09-01,15:35,16:08,QG688,CTV688,DPS,Denpasar Ngurah Rai International Airport,Citilink,QG,A320,Airbus A320-214,PK-GLK,Departed 16:08,2026-09-02 04:01:28
CGK,departures,2026-09-01,15:35,15:48,GA836,GIA836,SIN,Singapore Changi Airport,Garuda Indonesia,GA,B738,Boeing 737-8U3,PK-GNA,Departed 15:48,2026-09-02 04:01:28
CGK,departures,2026-09-01,15:45,15:55,QG992,CTV992,TKG,Bandar Lampung Radin Inten II Airport,Citilink,QG,A320,Airbus A320-214,PK-GQH,Departed 15:55,2026-09-02 04:01:28
CGK,departures,2026-09-01,15:45,16:39,IU698,SJV698,PNK,Pontianak Supadio Airport,Super Air Jet,IU,A320,Airbus A320-232,PK-SJF,Departed 16:39,2026-09-02 04:01:28
CGK,departures,2026-09-01,15:45,15:45,IP324,,PKU,Pekanbaru Sultan Syarif Kasim II Airport,Pelita Air,IP,320,,,Estimated dep 15:45*,2026-09-02 04:01:28
CGK,departures,2026-09-01,15:45,15:57,GA234,GIA234,SRG,Semarang Achmad Yani International Airport,Garuda Indonesia,GA,B738,Boeing 737-86N,PK-GFS,Departed 15:57,2026-09-02 04:01:28
CGK,departures,2026-09-01,15:50,16:05,6E1602,IGO1602,BOM,Mumbai Chhatrapati Shivaji International Airport,IndiGo,6E,A20N,Airbus A320-251N,VT-IIY,Departed 16:05,2026-09-02 04:01:28
CGK,departures,2026-09-01,15:50,17:18,ID6212,BTK6212,BDJ,Banjarmasin Syamsudin Noor Airport,Batik Air,ID,A320,Airbus A320-232,PK-BKO,Departed 17:18,2026-09-02 04:01:28
CGK,departures,2026-09-01,15:55,16:19,QG502,CTV502,KUL,Kuala Lumpur International Airport,Citilink,QG,A320,Airbus A320-214,PK-GQQ,Departed 16:19,2026-09-02 04:01:28
CGK,departures,2026-09-01,15:55,15:55,IP808,,UPG,Makassar Sultan Hasanuddin International Airport,Pelita Air,IP,320,,,Estimated dep 15:55*,2026-09-02 04:01:28
CGK,departures,2026-09-01,16:00,,RI130,,PKU,Pekanbaru Sultan Syarif Kasim II Airport,Rimbun Air,RI,73Y,,,Unknown,2026-09-02 04:01:25
CGK,departures,2026-09-01,16:00,,3Y6014,,KNO,Medan Kuala Namu International Airport,My Indo Airlines,3Y,73Y,,,Unknown,2026-09-02 04:01:28
CGK,departures,2026-09-01,16:00,,ID6802,,DJB,Jambi Sultan Thaha Airport,Batik Air,ID,32A,,,Canceled,2026-09-02 04:01:28
CGK,departures,2026-09-01,16:00,16:28,ID6578,BTK6578,SUB,Surabaya Juanda International Airport,Batik Air,ID,A320,Airbus A320-214,PK-LUI,Departed 16:28,2026-09-02 04:01:28
CGK,departures,2026-09-01,16:00,16:31,ID6226,BTK6226,PNK,Pontianak Supadio Airport,Batik Air,ID,A320,Airbus A320-214,PK-LUW,Departed 16:31,2026-09-02 04:01:28
CGK,departures,2026-09-01,16:00,16:14,GA320,GIA320,SUB,Surabaya Juanda International Airport,Garuda Indonesia,GA,B738,Boeing 737-8SH,PK-GUE,Departed 16:14,2026-09-02 04:01:28
CGK,departures,2026-09-01,16:05,,8B5532,,YIA,Yogyakarta International Airport,TransNusa,8B,320,,,Unknown,2026-09-02 04:01:25
CGK,departures,2026-09-01,16:05,16:28,QG886,CTV886,KNO,Medan Kuala Namu International Airport,Citilink,QG,A320,Airbus A320-214,PK-GLL,Departed 16:28,2026-09-02 04:01:25
CGK,departures,2026-09-01,16:05,16:18,MH720,MAS720,KUL,Kuala Lumpur International Airport,Malaysia Airlines,MH,B738,Boeing 737-8H6,9M-MXY,Departed 16:18,2026-09-02 04:01:25
CGK,departures,2026-09-01,16:05,,JT300,,KNO,Medan Kuala Namu International Airport,Lion Air,JT,7M9,,,Canceled,2026-09-02 04:01:25
CGK,departures,2026-09-01,16:05,16:51,IN78,LKN078,PGK,Pangkal Pinang Depati Amir Airport,Nam Air,IN,B735,Boeing 737-524,PK-NAT,Departed 16:51,2026-09-02 04:01:25
CGK,departures,2026-09-01,16:10,16:26,IP356,PAS356,PDG,Padang Minangkabau International Airport,Pelita Air,IP,A320,Airbus A320-214,PK-PWP,Departed 16:26,2026-09-02 04:01:25
CGK,departures,2026-09-01,16:10,16:54,ID7163,BTK7163,PEN,Penang International Airport,Batik Air,ID,B738,Boeing 737-8GP,PK-LBS,Departed 16:54,2026-09-02 04:01:25
CGK,departures,2026-09-01,16:10,16:34,GA982,GIA982,JED,Jeddah King Abdulaziz International Airport,Garuda Indonesia,GA,B77W,Boeing 777-3U3(ER),PK-GIA,Departed 16:34,2026-09-02 04:01:25
CGK,departures,2026-09-01,16:10,16:22,GA414,GIA414,DPS,Denpasar Ngurah Rai International Airport,Garuda Indonesia,GA,B738,Boeing 737-8U3,PK-GMD,Departed 16:22,2026-09-02 04:01:25
CGK,departures,2026-09-01,16:15,16:15,SJ76,,PGK,Pangkal Pinang Depati Amir Airport,Sriwijaya Air,SJ,735,,,Estimated dep 16:15*,2026-09-02 04:01:25
CGK,departures,2026-09-01,16:25,16:25,ID6825,,SRG,Semarang Achmad Yani International Airport,Batik Air,ID,32A,,,Estimated dep 16:25*,2026-09-02 04:01:25
CGK,departures,2026-09-01,16:25,16:41,ID6352,BTK6352,SRG,Semarang Achmad Yani International Airport,Batik Air,ID,B738,Boeing 737-8GP,PK-LZZ,Departed 16:41,2026-09-02 04:01:25
CGK,departures,2026-09-01,16:30,16:40,QG764,CTV764,SOC,Surakarta Adisumarmo International Airport,Citilink,QG,A320,Airbus A320-214,PK-GLS,Departed 16:40,2026-09-02 04:01:25
CGK,departures,2026-09-01,16:30,,ID6882,,KNO,Medan Kuala Namu International Airport,Batik Air,ID,32A,,,Canceled,2026-09-02 04:01:25
CGK,departures,2026-09-01,16:30,16:45,GA114,GIA114,PLM,Palembang International Airport,Garuda Indonesia,GA,B738,Boeing 737-8U3,PK-GFV,Departed 16:45,2026-09-02 04:01:25
CGK,departures,2026-09-01,16:35,16:35,QG174,,SUB,Surabaya Juanda International Airport,Citilink,QG,A20N,Airbus A320-251N,PK-GTC,Estimated dep 16:35*,2026-09-02 04:01:25
CGK,departures,2026-09-01,16:35,17:05,GA190,GIA190,KNO,Medan Kuala Namu International Airport,Garuda Indonesia,GA,B38M,Boeing 737 MAX 8,PK-GDC,Departed 17:05,2026-09-02 04:01:25
CGK,departures,2026-09-01,16:40,16:51,8B385,TNU385,BKK,Bangkok Suvarnabhumi Airport,TransNusa,8B,A320,Airbus A320-214,PK-TLO,Departed 16:51,2026-09-02 04:01:25
CGK,departures,2026-09-01,16:40,,QG662,,DPS,Denpasar Ngurah Rai International Airport,Citilink,QG,A320,Airbus A320-214,PK-GQS,Canceled,2026-09-02 04:01:25
CGK,departures,2026-09-01,16:45,17:50,8B699,TNU699,SZB,Kuala Lumpur Subang Airport,TransNusa,8B,A321,Airbus A321-211,PK-TLM,Departed 17:50,2026-09-02 04:01:25
CGK,departures,2026-09-01,16:45,,QG412,,PNK,Pontianak Supadio Airport,Citilink,QG,A320,Airbus A320-214,PK-GLY,Canceled,2026-09-02 04:01:25
CGK,departures,2026-09-01,16:45,17:03,GA616,GIA616,UPG,Makassar Sultan Hasanuddin International Airport,Garuda Indonesia,GA,B738,Boeing 737-8U3,PK-GNQ,Departed 17:03,2026-09-02 04:01:25
CGK,departures,2026-09-01,16:50,17:01,IU768,SJV768,LOP,Lombok International Airport,Super Air Jet,IU,A320,Airbus A320-232,PK-SJL,Departed 17:01,2026-09-02 04:01:25
CGK,departures,2026-09-01,16:50,,ID6296,,UPG,Makassar Sultan Hasanuddin International Airport,Batik Air,ID,32A,,,Canceled,2026-09-02 04:01:25
CGK,departures,2026-09-01,17:00,17:44,8B679,TNU679,KUL,Kuala Lumpur International Airport,TransNusa,8B,A321,Airbus A321-211,PK-TLG,Departed 17:44,2026-09-02 04:01:25
CGK,departures,2026-09-01,17:00,17:22,SQ961,SIA961,SIN,Singapore Changi Airport,Singapore Airlines,SQ,A359,Airbus A350-941,9V-SHD,Departed 17:22,2026-09-02 04:01:25
CGK,departures,2026-09-01,17:00,,JT684,,PNK,Pontianak Supadio Airport,Lion Air,JT,738,,,Unknown,2026-09-02 04:01:25
CGK,departures,2026-09-01,17:00,19:22,JT372,,BTH,Batam Hang Nadim Airport,Lion Air,JT,739,,,Unknown,2026-09-02 04:01:25
CGK,departures,2026-09-01,17:00,,ID7059,,PLM,Palembang International Airport,Batik Air,ID,32A,,,Canceled,2026-09-02 04:01:25
CGK,departures,2026-09-01,17:00,,ID6576,,SUB,Surabaya Juanda International Airport,Batik Air,ID,738,,,Canceled,2026-09-02 04:01:25
CGK,departures,2026-09-01,17:00,17:13,GA420,GIA420,DPS,Denpasar Ngurah Rai International Airport,Garuda Indonesia,GA,B738,Boeing 737-8U3,PK-GFP,Departed 17:13,2026-09-02 04:01:25
CGK,departures,2026-09-01,17:05,17:17,QZ210,AWQ210,KUL,Kuala Lumpur International Airport,AirAsia,AK,A320,Airbus A320-216,PK-AZO,Departed 17:17,2026-09-02 04:01:25
CGK,departures,2026-09-01,17:05,19:31,JT208,,KNO,Medan Kuala Namu International Airport,Lion Air,JT,739,,,Unknown,2026-09-02 04:01:25
CGK,departures,2026-09-01,17:05,19:44,JT173,,KNO,Medan Kuala Namu International Airport,Lion Air,JT,738,,,Unknown,2026-09-02 04:01:25
CGK,departures,2026-09-01,17:10,17:32,QG526,CTV526,SIN,Singapore Changi Airport,Citilink,QG,A320,Airbus A320-214,PK-GQG,Departed 17:32,2026-09-02 04:01:25
CGK,departures,2026-09-01,17:10,17:10,IU351,,YIA,Yogyakarta International Airport,Super Air Jet,IU,320,,,Estimated dep 17:10*,2026-09-02 04:01:25
CGK,departures,2026-09-01,17:10,,IU314,,YIA,Yogyakarta International Airport,Super Air Jet,IU,320,,,Unknown,2026-09-02 04:01:25
CGK,departures,2026-09-01,17:15,17:24,QZ240,AWQ240,JHB,Johor Bahru Senai International Airport,AirAsia (Dnars Indonesia Livery),AK,A320,Airbus A320-216,PK-AZN,Departed 17:24,2026-09-02 04:01:25
CGK,departures,2026-09-01,17:15,,QG982,,PLM,Palembang International Airport,Citilink,QG,A320,Airbus A320-214,PK-GLR,Canceled,2026-09-02 04:01:25
CGK,departures,2026-09-01,17:15,17:30,IP210,PAS210,SUB,Surabaya Juanda International Airport,Pelita Air,IP,A320,Airbus A320-214,PK-PWJ,Departed 17:30,2026-09-02 04:01:25
CGK,departures,2026-09-01,17:20,17:32,QG944,CTV944,BTH,Batam Hang Nadim Airport,Citilink,QG,A320,Airbus A320-214,PK-GLU,Departed 17:32,2026-09-02 04:01:25
CGK,departures,2026-09-01,17:20,17:27,ID7623,BTK7623,NNG,Nanning Wuxu International Airport,Batik Air,ID,B738,Boeing 737-8GP,PK-LDK,Departed 17:27,2026-09-02 04:01:25
CGK,departures,2026-09-01,17:20,18:28,ID6806,BTK6806,DJB,Jambi Sultan Thaha Airport,Batik Air,ID,A320,Airbus A320-214,PK-LAT,Departed 18:28,2026-09-02 04:01:25
CGK,departures,2026-09-01,17:25,20:18,QG954,,PDG,Padang Minangkabau International Airport,Citilink,QG,A320,Airbus A320-214,PK-GQN,Unknown,2026-09-02 04:01:25
CGK,departures,2026-09-01,17:30,17:42,SV819,SVA819,JED,Jeddah King Abdulaziz International Airport,Saudia,SV,B77W,Boeing 777-368(ER),HZ-AK18,Departed 17:42,2026-09-02 04:01:25
CGK,departures,2026-09-01,17:30,17:36,QZ176,AWQ176,TKG,Bandar Lampung Radin Inten II Airport,AirAsia,AK,A320,Airbus A320-214,PK-AZA,Departed 17:36,2026-09-02 04:01:25
CGK,departures,2026-09-01,17:30,17:58,ID7368,BTK7368,SOC,Surakarta Adisumarmo International Airport,Batik Air,ID,A320,Airbus A320-232,PK-BLB,Departed 17:58,2026-09-02 04:01:25
CGK,departures,2026-09-01,17:30,17:46,GA246,GIA246,SRG,Semarang Achmad Yani International Airport,Garuda Indonesia (From Nature to Future Livery),GA,B738,Boeing 737-8U3,PK-GFX,Departed 17:46,2026-09-02 04:01:25
CGK,departures,2026-09-01,17:35,17:48,QZ818,AWQ818,DPS,Denpasar Ngurah Rai International Airport,AirAsia (Colours of Indonesia Livery),AK,A320,Airbus A320-216,PK-AXD,Departed 17:48,2026-09-02 04:01:25
CGK,departures,2026-09-01,17:40,17:52,JT12,LNI012,DPS,Denpasar Ngurah Rai International Airport,Lion Air,JT,B39M,Boeing 737 MAX 9,PK-LRI,Departed 17:52,2026-09-02 04:01:25
CGK,departures,2026-09-01,17:40,18:02,GA838,GIA838,SIN,Singapore Changi Airport,Garuda Indonesia,GA,B738,Boeing 737-8U3,PK-GNH,Departed 18:02,2026-09-02 04:01:25
CGK,departures,2026-09-01,17:40,18:52,EK357,UAE357,DXB,Dubai International Airport,Emirates,EK,B77W,Boeing 777-31H(ER),A6-ENY,Departed 18:52,2026-09-02 04:01:25
CGK,departures,2026-09-01,17:45,18:08,IP314,PAS314,PLM,Palembang International Airport,Pelita Air,IP,A320,Airbus A320-214,PK-PWC,Departed 18:08,2026-09-02 04:01:25
CGK,departures,2026-09-01,17:45,18:16,ID7159,BTK7159,SIN,Singapore Changi Airport,Batik Air,ID,A320,Airbus A320-214,PK-BKQ,Departed 18:16,2026-09-02 04:01:25
CGK,departures,2026-09-01,17:50,18:50,8B5205,TNU5205,TKG,Bandar Lampung Radin Inten II Airport,TransNusa,8B,AJ27,Comac ARJ-21-700,PK-TJA,Departed 18:50,2026-09-02 04:01:25
CGK,departures,2026-09-01,17:50,,QG426,,UPG,Makassar Sultan Hasanuddin International Airport,Citilink,QG,A320,Airbus A320-214,PK-GQQ,Canceled,2026-09-02 04:01:25
CGK,departures,2026-09-01,17:50,18:41,OD391,MXD391,KUL,Kuala Lumpur International Airport,Batik Air,ID,B38M,Boeing 737 MAX 8,9M-LRJ,Departed 18:41,2026-09-02 04:01:25
CGK,departures,2026-09-01,17:50,18:05,GA72,GIA072,TKG,Bandar Lampung Radin Inten II Airport,Garuda Indonesia,GA,B738,Boeing 737-8H6,PK-GUL,Departed 18:05,2026-09-02 04:01:25
CGK,departures,2026-09-01,18:00,,IU332,,SRG,Semarang Achmad Yani International Airport,Super Air Jet,IU,320,,,Unknown,2026-09-02 04:01:25
CGK,departures,2026-09-01,18:00,18:42,SJ272,SJY272,DPS,Denpasar Ngurah Rai International Airport,BBN Airlines Indonesia,0B,B738,Boeing 737-8BK,PK-BBF,Departed 18:42,2026-09-02 04:01:25
CGK,departures,2026-09-01,18:00,18:18,GA576,GIA576,BPN,Balikpapan Sepinggan Airport,Garuda Indonesia,GA,B738,Boeing 737-8BK,PK-GFG,Departed 18:18,2026-09-02 04:01:25
CGK,departures,2026-09-01,18:05,18:12,SQ963,SIA963,SIN,Singapore Changi Airport,Singapore Airlines,SQ,A359,Airbus A350-941,9V-SMW,Departed 18:12,2026-09-02 04:01:25
CGK,departures,2026-09-01,18:05,18:05,ID6801,,YIA,Yogyakarta International Airport,Batik Air,ID,32A,,,Estimated dep 18:05*,2026-09-02 04:01:25
CGK,departures,2026-09-01,18:05,18:47,ID6374,BTK6374,YIA,Yogyakarta International Airport,Batik Air,ID,A320,Airbus A320-214,PK-LUH,Departed 18:47,2026-09-02 04:01:25
CGK,departures,2026-09-01,18:05,18:07,ID6080,BTK6080,PER,Perth Airport,Batik Air,ID,A320,Airbus A320-214,PK-LAW,Departed 18:07,2026-09-02 04:01:25
CGK,departures,2026-09-01,18:10,19:46,JT308,LNI308,KNO,Medan Kuala Namu International Airport,Lion Air,JT,A333,Airbus A330-343,PK-LEG,Departed 19:46,2026-09-02 04:01:25
CGK,departures,2026-09-01,18:10,18:24,IP328,PAS328,PKU,Pekanbaru Sultan Syarif Kasim II Airport,Pelita Air,IP,A320,Airbus A320-214,PK-PWH,Departed 18:24,2026-09-02 04:01:25
CGK,departures,2026-09-01,18:10,18:31,EY475,ETD475,AUH,Abu Dhabi Zayed International Airport,Etihad Airways,EY,B78X,Boeing 787-10 Dreamliner,A6-BMD,Departed 18:31,2026-09-02 04:01:25
CGK,departures,2026-09-01,18:15,18:15,IU811,,BDJ,Banjarmasin Syamsudin Noor Airport,Super Air Jet,IU,320,,,Estimated dep 18:15*,2026-09-02 04:01:25
CGK,departures,2026-09-01,18:15,18:21,IU638,SJV638,BDJ,Banjarmasin Syamsudin Noor Airport,Super Air Jet,IU,A320,Airbus A320-232,PK-SGD,Departed 18:21,2026-09-02 04:01:25
CGK,departures,2026-09-01,18:15,18:57,IU600,SJV600,BPN,Balikpapan Sepinggan Airport,Super Air Jet,IU,A320,Airbus A320-232,PK-STS,Departed 18:57,2026-09-02 04:01:25
CGK,departures,2026-09-01,18:15,18:26,GA536,GIA536,BDJ,Banjarmasin Syamsudin Noor Airport,Garuda Indonesia,GA,B738,Boeing 737-8U3,PK-GNE,Departed 18:26,2026-09-02 04:01:25
CGK,departures,2026-09-01,18:20,,IU690,,PNK,Pontianak Supadio Airport,Super Air Jet,IU,320,,,Unknown,2026-09-02 04:01:25
CGK,departures,2026-09-01,18:25,18:36,MH722,MAS722,KUL,Kuala Lumpur International Airport,Malaysia Airlines,MH,B738,Boeing 737-8H6,9M-MXL,Departed 18:36,2026-09-02 04:01:25
CGK,departures,2026-09-01,18:30,18:44,QR957,QTR957,DOH,Doha Hamad International Airport,Qatar Airways,QR,A359,Airbus A350-941,A7-ALF,Departed 18:44,2026-09-02 04:01:25
CGK,departures,2026-09-01,18:30,,QG914,,KNO,Medan Kuala Namu International Airport,Citilink,QG,A320,Airbus A320-214,PK-GQK,Canceled,2026-09-02 04:01:25
CGK,departures,2026-09-01,18:30,19:10,QG776,CTV776,YIA,Yogyakarta International Airport,Citilink,QG,A320,Airbus A320-214,PK-GLY,Departed 19:10,2026-09-02 04:01:25
CGK,departures,2026-09-01,18:30,19:09,IU320,SJV320,SUB,Surabaya Juanda International Airport,Super Air Jet,IU,A320,Airbus A320-232,PK-STA,Departed 19:09,2026-09-02 04:01:25
CGK,departures,2026-09-01,18:30,18:55,GA426,GIA426,DPS,Denpasar Ngurah Rai International Airport,Garuda Indonesia,GA,B738,Boeing 737-8H6,PK-GUM,Departed 18:55,2026-09-02 04:01:25
CGK,departures,2026-09-01,18:30,18:39,GA112,GIA112,PLM,Palembang International Airport,Garuda Indonesia,GA,B738,Boeing 737-8U3,PK-GMM,Departed 18:39,2026-09-02 04:01:25
CGK,departures,2026-09-01,18:40,19:00,QG798,CTV798,SRG,Semarang Achmad Yani International Airport,Citilink,QG,A320,Airbus A320-214,PK-GQH,Departed 19:00,2026-09-02 04:01:25
CGK,departures,2026-09-01,18:45,,ID6142,,UPG,Makassar Sultan Hasanuddin International Airport,Batik Air,ID,32A,,,Canceled,2026-09-02 04:01:25
CGK,departures,2026-09-01,18:50,19:04,OD349,MXD349,SZB,Kuala Lumpur Subang Airport,Batik Air,ID,B738,Boeing 737-8GP,9M-LNM,Departed 19:04,2026-09-02 04:01:25
CGK,departures,2026-09-01,18:50,20:02,JT352,LNI352,PDG,Padang Minangkabau International Airport,Lion Air,JT,B738,Boeing 737-8GP,PK-LPK,Departed 20:02,2026-09-02 04:01:25
CGK,departures,2026-09-01,18:50,18:50,IN220,,YIA,Yogyakarta International Airport,Nam Air,IN,735,,,Estimated dep 18:50*,2026-09-02 04:01:25
CGK,departures,2026-09-01,18:55,19:27,QG938,CTV938,PKU,Pekanbaru Sultan Syarif Kasim II Airport,Citilink,QG,A320,Airbus A320-214,PK-GQM,Departed 19:27,2026-09-02 04:01:25
CGK,departures,2026-09-01,18:55,19:04,JT242,LNI242,TKG,Bandar Lampung Radin Inten II Airport,Lion Air,JT,B739,Boeing 737-9GP(ER),PK-LQT,Departed 19:04,2026-09-02 04:01:25
CGK,departures,2026-09-01,18:55,19:15,AK387,AXM387,KUL,Kuala Lumpur International Airport,AirAsia,AK,A320,Airbus A320-216,9M-AJZ,Departed 19:15,2026-09-02 04:01:25
CGK,departures,2026-09-01,19:00,19:18,8B860,TNU860,CAN,Guangzhou Baiyun International Airport,TransNusa,8B,A320,Airbus A320-214,PK-TLC,Departed 19:18,2026-09-02 04:01:25
CGK,departures,2026-09-01,19:00,19:30,TG436,THA436,BKK,Bangkok Suvarnabhumi Airport,Thai Airways,TG,B789,Boeing 787-9 Dreamliner,HS-TWD,Departed 19:30,2026-09-02 04:01:25
CGK,departures,2026-09-01,19:00,19:06,IU914,SJV914,PKU,Pekanbaru Sultan Syarif Kasim II Airport,Super Air Jet,IU,A320,Airbus A320-232,PK-SJG,Departed 19:06,2026-09-02 04:01:25
CGK,departures,2026-09-01,19:00,19:11,IU874,SJV874,PLM,Palembang International Airport,Super Air Jet,IU,A320,Airbus A320-232,PK-SAQ,Departed 19:11,2026-09-02 04:01:25
CGK,departures,2026-09-01,19:00,19:13,ID6884,BTK6884,KNO,Medan Kuala Namu International Airport,Batik Air,ID,A320,Airbus A320-232,PK-BKM,Departed 19:13,2026-09-02 04:01:25
CGK,departures,2026-09-01,19:05,20:31,QG946,,BTH,Batam Hang Nadim Airport,Citilink,QG,A320,Airbus A320-214,PK-GLI,Unknown,2026-09-02 04:01:25
CGK,departures,2026-09-01,19:15,19:22,HU702,CHH702,HAK,Haikou Meilan International Airport,Hainan Airlines,HU,B38M,Boeing 737 MAX 8,B-1100,Departed 19:22,2026-09-02 04:01:25
CGK,departures,2026-09-01,19:15,19:28,GA206,GIA206,YIA,Yogyakarta International Airport,Garuda Indonesia (Pokémon Livery),GA,B738,Boeing 737-8U3,PK-GMU,Departed 19:28,2026-09-02 04:01:25
CGK,departures,2026-09-01,19:15,19:39,GA196,GIA196,KNO,Medan Kuala Namu International Airport,Garuda Indonesia,GA,B738,Boeing 737-8U3,PK-GFF,Departed 19:39,2026-09-02 04:01:25
CGK,departures,2026-09-01,19:20,19:25,SQ965,SIA965,SIN,Singapore Changi Airport,Singapore Airlines,SQ,B77W,Boeing 777-312(ER),9V-SWG,Departed 19:25,2026-09-02 04:01:25
CGK,departures,2026-09-01,19:30,20:46,8B5110,TNU5110,DPS,Denpasar Ngurah Rai International Airport,TransNusa,8B,A320,Airbus A320-214,PK-TLF,Departed 20:46,2026-09-02 04:01:22
CGK,departures,2026-09-01,19:30,19:36,KL810,KLM810,KUL,Kuala Lumpur International Airport,KLM,KL,B789,Boeing 787-9 Dreamliner,PH-BHL,Departed 19:36,2026-09-02 04:01:22
CGK,departures,2026-09-01,19:30,19:30,IU624,,BDJ,Banjarmasin Syamsudin Noor Airport,Super Air Jet,IU,320,,,Estimated dep 19:30*,2026-09-02 04:01:22
CGK,departures,2026-09-01,19:30,21:38,ID6862,BTK6862,BTH,Batam Hang Nadim Airport,Batik Air,ID,A320,Airbus A320-214,PK-LAI,Departed 21:38,2026-09-02 04:01:22
CGK,departures,2026-09-01,19:30,19:41,ID6362,BTK6362,SRG,Semarang Achmad Yani International Airport,Batik Air,ID,A320,Airbus A320-214,PK-LUV,Departed 19:41,2026-09-02 04:01:22
CGK,departures,2026-09-01,19:30,21:19,ID6143,,BTH,Batam Hang Nadim Airport,Batik Air,ID,32A,,,Unknown,2026-09-02 04:01:22
CGK,departures,2026-09-01,19:30,19:44,GA822,GIA822,SIN,Singapore Changi Airport,Garuda Indonesia,GA,B738,Boeing 737-8U3,PK-GMV,Departed 19:44,2026-09-02 04:01:25
CGK,departures,2026-09-01,19:35,19:42,QG726,CTV726,SUB,Surabaya Juanda International Airport,Citilink,QG,A320,Airbus A320-214,PK-GQA,Departed 19:42,2026-09-02 04:01:22
CGK,departures,2026-09-01,19:45,20:10,8B155,TNU155,SIN,Singapore Changi Airport,TransNusa,8B,A321,Airbus A321-211,PK-TLK,Departed 20:10,2026-09-02 04:01:22
CGK,departures,2026-09-01,19:45,20:00,GA424,GIA424,DPS,Denpasar Ngurah Rai International Airport,Garuda Indonesia (Ayo Pakai Masker Livery),GA,B738,Boeing 737-81D,PK-GFQ,Departed 20:00,2026-09-02 04:01:22
CGK,departures,2026-09-01,19:50,20:17,MH724,MAS724,KUL,Kuala Lumpur International Airport,Malaysia Airlines,MH,B38M,Boeing 737 MAX 8,9M-MVB,Departed 20:17,2026-09-02 04:01:22
CGK,departures,2026-09-01,20:00,20:43,TR279,TGW279,SIN,Singapore Changi Airport,Scoot,TR,A320,Airbus A320-232,9V-TRP,Departed 20:43,2026-09-02 04:01:22
CGK,departures,2026-09-01,20:00,20:09,QG986,CTV986,PLM,Palembang International Airport,Citilink,QG,A320,Airbus A320-214,PK-GQU,Departed 20:09,2026-09-02 04:01:22
CGK,departures,2026-09-01,20:00,20:07,QG882,CTV882,KNO,Medan Kuala Namu International Airport,Citilink,QG,A320,Airbus A320-214,PK-GQS,Departed 20:07,2026-09-02 04:01:22
CGK,departures,2026-09-01,20:00,20:00,ID6821,,SUB,Surabaya Juanda International Airport,Batik Air,ID,32A,,,Estimated dep 20:00*,2026-09-02 04:01:22
CGK,departures,2026-09-01,20:00,20:32,ID6588,BTK6588,SUB,Surabaya Juanda International Airport,Batik Air,ID,A320,Airbus A320-214,PK-BKY,Departed 20:32,2026-09-02 04:01:22
CGK,departures,2026-09-01,20:05,,JT306,,KNO,Medan Kuala Namu International Airport,Lion Air,JT,738,,,Unknown,2026-09-02 04:01:22
CGK,departures,2026-09-01,20:10,20:36,GA324,GIA324,SUB,Surabaya Juanda International Airport,Garuda Indonesia,GA,B738,Boeing 737-8SH,PK-GUJ,Departed 20:36,2026-09-02 04:01:22
CGK,departures,2026-09-01,20:15,20:39,SQ967,SIA967,SIN,Singapore Changi Airport,Singapore Airlines,SQ,A359,Airbus A350-941,9V-SHP,Departed 20:39,2026-09-02 04:01:22
CGK,departures,2026-09-01,20:30,,SJ5810,,UPG,Makassar Sultan Hasanuddin International Airport,Sriwijaya Air,SJ,735,,,Unknown,2026-09-02 04:01:22
CGK,departures,2026-09-01,20:30,20:43,QG216,CTV216,UPG,Makassar Sultan Hasanuddin International Airport,Citilink,QG,A320,Airbus A320-214,PK-GLP,Departed 20:43,2026-09-02 04:01:22
CGK,departures,2026-09-01,20:35,20:48,ET629,ETH629,BKK,Bangkok Suvarnabhumi Airport,Ethiopian Airlines,ET,B789,Boeing 787-9 Dreamliner,ET-AUR,Departed 20:48,2026-09-02 04:01:22
CGK,departures,2026-09-01,20:45,21:05,QF42,QFA042,SYD,Sydney Kingsford Smith Airport,Qantas,QF,A332,Airbus A330-202,VH-EBP,Departed 21:05,2026-09-02 04:01:22
CGK,departures,2026-09-01,20:50,21:17,AK354,AXM354,KUL,Kuala Lumpur International Airport,AirAsia,AK,A20N,Airbus A320-251N,9M-AGB,Departed 21:17,2026-09-02 04:01:22
CGK,departures,2026-09-01,21:00,,RI700,,LOP,Lombok International Airport,Rimbun Air,RI,73Y,,,Unknown,2026-09-02 04:01:22
CGK,departures,2026-09-01,21:00,,RI120,,KNO,Medan Kuala Namu International Airport,Rimbun Air,RI,73Y,,,Unknown,2026-09-02 04:01:22
CGK,departures,2026-09-01,21:00,21:13,TK57,THY057,IST,Istanbul Airport,Turkish Airlines,TK,A359,Airbus A350-941,TC-LHD,Departed 21:13,2026-09-02 04:01:22
CGK,departures,2026-09-01,21:00,22:20,QG728,CTV728,SUB,Surabaya Juanda International Airport,Citilink,QG,A320,Airbus A320-214,PK-GLS,Departed 22:20,2026-09-02 04:01:22
CGK,departures,2026-09-01,21:10,21:28,9C7200,CQH7200,CAN,Guangzhou Baiyun International Airport,Spring Airlines,9C,A20N,Airbus A320-251N,B-32HZ,Departed 21:28,2026-09-02 04:01:22
CGK,departures,2026-09-01,21:15,21:26,IN582,LKN582,UPG,Makassar Sultan Hasanuddin International Airport,Nam Air,IN,B735,Boeing 737-524,PK-NAQ,Departed 21:26,2026-09-02 04:01:22
CGK,departures,2026-09-01,21:25,21:41,NH856,ANA856,HND,Tokyo Haneda International Airport,All Nippon Airways,NH,B789,Boeing 787-9 Dreamliner,JA896A,Departed 21:41,2026-09-02 04:01:22
CGK,departures,2026-09-01,21:25,22:11,GA652,GIA652,DPS,Denpasar Ngurah Rai International Airport,Garuda Indonesia,GA,B738,Boeing 737-8U3,PK-GMY,Departed 22:11,2026-09-02 04:01:22
CGK,departures,2026-09-01,21:30,21:49,OZ762,AAR762,ICN,Seoul Incheon International Airport,Asiana Airlines,OZ,A359,Airbus A350-941,HL8361,Departed 21:49,2026-09-02 04:01:22
CGK,departures,2026-09-01,21:30,21:30,JT940,,UPG,Makassar Sultan Hasanuddin International Airport,Lion Air,JT,738,,,Estimated dep 21:30*,2026-09-02 04:01:22
CGK,departures,2026-09-01,21:30,,JT938,,UPG,Makassar Sultan Hasanuddin International Airport,Lion Air,JT,738,,,Unknown,2026-09-02 04:01:22
CGK,departures,2026-09-01,21:30,21:42,JT798,LNI798,UPG,Makassar Sultan Hasanuddin International Airport,Lion Air,JT,B739,Boeing 737-9GP(ER),PK-LJG,Departed 21:42,2026-09-02 04:01:22
CGK,departures,2026-09-01,21:30,,JT123,,UPG,Makassar Sultan Hasanuddin International Airport,Lion Air,JT,739,,,Unknown,2026-09-02 04:01:22
CGK,departures,2026-09-01,21:50,21:55,JL726,JAL726,NRT,Tokyo Narita International Airport,Japan Airlines,JL,B763,Boeing 767-346(ER),JA617J,Departed 21:55,2026-09-02 04:01:22
CGK,departures,2026-09-01,22:00,,JT888,,UPG,Makassar Sultan Hasanuddin International Airport,Lion Air,JT,738,,,Unknown,2026-09-02 04:01:22
CGK,departures,2026-09-01,22:00,22:00,JT948,,UPG,Makassar Sultan Hasanuddin International Airport,Lion Air,JT,738,,,Estimated dep 22:00*,2026-09-02 04:01:22
CGK,departures,2026-09-01,22:00,,JT984,,UPG,Makassar Sultan Hasanuddin International Airport,Lion Air,JT,B739,Boeing 737-9GP(ER),PK-LFZ,Canceled,2026-09-02 04:01:22
CGK,departures,2026-09-01,22:15,22:29,TR273,TGW273,SIN,Singapore Changi Airport,Scoot,TR,A320,Airbus A320-232,9V-TRU,Departed 22:29,2026-09-02 04:01:22
CGK,departures,2026-09-01,22:15,22:15,SJ598,,UPG,Makassar Sultan Hasanuddin International Airport,Sriwijaya Air,SJ,738,,,Estimated dep 22:15*,2026-09-02 04:01:22
CGK,departures,2026-09-01,23:00,,RI320,,UPG,Makassar Sultan Hasanuddin International Airport,Rimbun Air,RI,73Y,,,Unknown,2026-09-02 04:01:22
CGK,departures,2026-09-01,23:00,23:06,ID6182,BTK6182,UPG,Makassar Sultan Hasanuddin International Airport,Batik Air,ID,B738,Boeing 737-8GP,PK-LZZ,Departed 23:06,2026-09-02 04:01:22
CGK,departures,2026-09-01,23:00,,ID6164,,UPG,Makassar Sultan Hasanuddin International Airport,Batik Air,ID,32A,,,Unknown,2026-09-02 04:01:22
CGK,departures,2026-09-01,23:00,23:00,CA476,CCA476,TFU,Chengdu Tianfu International Airport,Air China,CA,A320,Airbus A320-214,B-9923,Departed 23:00,2026-09-02 04:01:22
CGK,departures,2026-09-01,23:15,23:40,GA878,GIA878,ICN,Seoul Incheon International Airport,Garuda Indonesia (Ayo Pakai Masker Livery),GA,A333,Airbus A330-343,PK-GHC,Departed 23:40,2026-09-02 04:01:22
CGK,departures,2026-09-01,23:20,23:42,MF8674,CXA8674,CKG,Chongqing Jiangbei International Airport,Xiamen Air,MF,B38M,Boeing 737 MAX 8,B-225F,Departed 23:42,2026-09-02 04:01:22
CGK,departures,2026-09-01,23:25,23:46,GA874,GIA874,HND,Tokyo Haneda International Airport,Garuda Indonesia,GA,A333,Airbus A330-343,PK-GHA,Departed 23:46,2026-09-02 04:01:22
CGK,departures,2026-09-01,23:30,,RI302,,MDC,Manado Sam Ratulangi International Airport,Rimbun Air,RI,73Y,,,Unknown,2026-09-02 04:01:22
CGK,departures,2026-09-01,23:30,23:48,MU5070,CES5070,PVG,Shanghai Pudong International Airport,China Eastern Airlines,MU,A332,Airbus A330-243,B-6545,Departed 23:48,2026-09-02 04:01:22
CGK,departures,2026-09-01,23:30,23:55,MF838,CXA838,XMN,Xiamen Gaoqi International Airport,Xiamen Air,MF,B38M,Boeing 737 MAX 8,B-20E1,Departed 23:55,2026-09-02 04:01:22
CGK,departures,2026-09-01,23:50,00:23,GA860,GIA860,HKG,Hong Kong International Airport,Garuda Indonesia,GA,B738,Boeing 737-8U3,PK-GNR,Departed 00:23,2026-09-02 04:01:22
CGK,departures,2026-09-01,23:55,00:21,8K801,KMI801,SIN,Singapore Changi Airport,K-Mile Air,8K,B734,Boeing 737-43Q(SF),HS-KMA,Departed 00:21,2026-09-02 04:01:22
CGK,departures,2026-09-01,23:55,00:29,GA894,GIA894,PVG,Shanghai Pudong International Airport,Garuda Indonesia (Retro Livery),GA,A333,Airbus A330-343,PK-GHD,Departed 00:29,2026-09-02 04:01:22
CGK,departures,2026-09-01,23:55,00:09,GA712,GIA712,SYD,Sydney Kingsford Smith Airport,Garuda Indonesia,GA,A333,Airbus A330-343,PK-GPT,Departed 00:09,2026-09-02 04:01:22
DPS,arrivals,2026-09-01,06:05,05:34,HX707,CRK707,HKG,Hong Kong International Airport,Hong Kong Airlines,HX,A320,Airbus A320-214,B-LPM,Landed 06:34,2026-09-02 04:02:23
DPS,arrivals,2026-09-01,06:10,05:59,8B5889,TNU5889,MDC,Manado Sam Ratulangi International Airport,TransNusa,8B,A320,Airbus A320-214,PK-TLF,Landed 06:59,2026-09-02 04:02:23
DPS,arrivals,2026-09-01,06:15,05:54,ID6414,BTK6414,SUB,Surabaya Juanda International Airport,Batik Air,ID,A320,Airbus A320-214,PK-LUT,Landed 06:54,2026-09-02 04:02:20
DPS,arrivals,2026-09-01,06:20,,8B968,,CAN,Guangzhou Baiyun International Airport,TransNusa,8B,320,,,Unknown,2026-09-02 04:02:20
DPS,arrivals,2026-09-01,06:25,06:17,JT20,LNI020,CGK,Jakarta Soekarno Hatta International Airport,Lion Air,JT,B39M,Boeing 737 MAX 9,PK-LRI,Landed 07:17,2026-09-02 04:02:20
DPS,arrivals,2026-09-01,06:25,06:34,AI2145,AIC2145,DEL,Delhi Indira Gandhi International Airport,Air India,AI,A21N,Airbus A321-251NX(LR),VT-TVG,Landed 07:34,2026-09-02 04:02:20
DPS,arrivals,2026-09-01,06:35,06:08,QG692,CTV692,SUB,Surabaya Juanda International Airport,Citilink,QG,A20N,Airbus A320-251N,PK-GTC,Landed 07:08,2026-09-02 04:02:20
DPS,arrivals,2026-09-01,06:35,06:31,QG680,CTV680,CGK,Jakarta Soekarno Hatta International Airport,Citilink,QG,A320,Airbus A320-214,PK-GLY,Landed 07:31,2026-09-02 04:02:20
DPS,arrivals,2026-09-01,06:40,06:23,ID6761,BTK6761,UPG,Makassar Sultan Hasanuddin International Airport,Batik Air,ID,A320,Airbus A320-214,PK-BKV,Landed 07:23,2026-09-02 04:02:20
DPS,arrivals,2026-09-01,06:45,06:43,IW1851,WON1851,LOP,Lombok International Airport,Wings Air,IW,AT75,ATR 72-500,PK-WFW,Landed 07:43,2026-09-02 04:02:20
DPS,arrivals,2026-09-01,06:45,06:39,CZ8481,CSN8481,CAN,Guangzhou Baiyun International Airport,China Southern Airlines,CZ,A21N,Airbus A321-251NX,B-32R2,Landed 07:39,2026-09-02 04:02:20
DPS,arrivals,2026-09-01,06:50,06:26,5J279,CEB279,MNL,Manila Ninoy Aquino International Airport,Cebu Pacific,5J,A21N,Airbus A321-271NX,RP-C4147,Landed 07:26,2026-09-02 04:02:20
DPS,arrivals,2026-09-01,07:15,,IW1853,,LOP,Lombok International Airport,Wings Air,IW,AT7,,,Canceled,2026-09-02 04:02:20
DPS,arrivals,2026-09-01,07:15,06:53,ID6553,BTK6553,KOE,Kupang El Tari Airport,Batik Air,ID,A320,Airbus A320-214,PK-LAZ,Landed 07:53,2026-09-02 04:02:20
DPS,arrivals,2026-09-01,07:20,,IN282,,CGK,Jakarta Soekarno Hatta International Airport,Nam Air,IN,735,,,Unknown,2026-09-02 04:02:20
DPS,arrivals,2026-09-01,07:45,07:18,8B85,TNU085,PER,Perth Airport,TransNusa,8B,A320,Airbus A320-214,PK-TLN,Landed 08:18,2026-09-02 04:02:20
DPS,arrivals,2026-09-01,07:55,07:37,SQ934,SIA934,SIN,Singapore Changi Airport,Singapore Airlines,SQ,B78X,Boeing 787-10 Dreamliner,9V-SCZ,Landed 08:37,2026-09-02 04:02:20
DPS,arrivals,2026-09-01,08:00,07:42,QZ806,AWQ806,CGK,Jakarta Soekarno Hatta International Airport,AirAsia,AK,A320,Airbus A320-214,PK-AZI,Landed 08:42,2026-09-02 04:02:20
DPS,arrivals,2026-09-01,08:05,08:01,8B5251,TNU5251,LOP,Lombok International Airport,TransNusa,8B,AJ27,Comac ARJ-21-700,PK-TJC,Landed 09:01,2026-09-02 04:02:20
DPS,arrivals,2026-09-01,08:05,08:49,IW1859,WON1859,LOP,Lombok International Airport,Wings Air,IW,AT76,ATR 72-600,PK-WHP,Landed 09:49,2026-09-02 04:02:20
DPS,arrivals,2026-09-01,08:25,08:15,IU132,SJV132,SRG,Semarang Achmad Yani International Airport,Super Air Jet,IU,A320,Airbus A320-232,PK-STI,Landed 09:15,2026-09-02 04:02:20
DPS,arrivals,2026-09-01,08:30,07:56,IU127,SJV127,SOC,Surakarta Adisumarmo International Airport,Super Air Jet,IU,A320,Airbus A320-232,PK-SJM,Landed 08:56,2026-09-02 04:02:20
DPS,arrivals,2026-09-01,08:45,10:30,8B5104,TNU5104,CGK,Jakarta Soekarno Hatta International Airport,TransNusa,8B,A320,Airbus A320-214,PK-TLC,Landed 11:30,2026-09-02 04:02:20
DPS,arrivals,2026-09-01,08:50,08:36,QZ645,AWQ645,LBJ,Labuan Bajo Komodo Airport,AirAsia,AK,A320,Airbus A320-214,PK-AZH,Landed 09:36,2026-09-02 04:02:20
DPS,arrivals,2026-09-01,08:55,08:57,8G181,DTL181,DIL,Dili Presidente Nicolau Lobato International Airport,Aero Dili,8G,A320,Airbus A320-232,4W-AAL,Landed 09:57,2026-09-02 04:02:20
DPS,arrivals,2026-09-01,08:55,,JT990,,SUB,Surabaya Juanda International Airport,Lion Air,JT,739,,,Unknown,2026-09-02 04:02:20
DPS,arrivals,2026-09-01,08:55,08:44,JT741,LNI741,UPG,Makassar Sultan Hasanuddin International Airport,Lion Air,JT,B739,Boeing 737-9GP(ER),PK-LHI,Landed 09:44,2026-09-02 04:02:20
DPS,arrivals,2026-09-01,09:05,08:53,GA402,GIA402,CGK,Jakarta Soekarno Hatta International Airport,Garuda Indonesia,GA,B738,Boeing 737-8U3,PK-GMW,Landed 09:53,2026-09-02 04:02:20
DPS,arrivals,2026-09-01,09:10,09:00,JQ125,JST125,ADL,Adelaide Airport,Jetstar,JQ,A21N,Airbus A321-251NX(LR),VH-OSE,Landed 10:00,2026-09-02 04:02:20
DPS,arrivals,2026-09-01,09:20,09:12,6E1605,IGO1605,BLR,Bengaluru Kempegowda International Airport,IndiGo,6E,A20N,Airbus A320-251N,VT-IXI,Landed 10:12,2026-09-02 04:02:20
DPS,arrivals,2026-09-01,09:20,08:50,TR280,TGW280,SIN,Singapore Changi Airport,Scoot,TR,B788,Boeing 787-8 Dreamliner,9V-OFK,Landed 09:50,2026-09-02 04:02:20
DPS,arrivals,2026-09-01,09:30,09:15,JQ110,JST110,PER,Perth Airport,Jetstar,JQ,A21N,Airbus A321-251NX(LR),VH-OYT,Landed 10:15,2026-09-02 04:02:20
DPS,arrivals,2026-09-01,09:35,09:07,JQ31,JST031,MEL,Melbourne Airport,Jetstar,JQ,A21N,Airbus A321-251NX(LR),VH-OFY,Landed 10:07,2026-09-02 04:02:20
DPS,arrivals,2026-09-01,09:40,10:09,IW1855,WON1855,LOP,Lombok International Airport,Wings Air,IW,AT75,ATR 72-500,PK-WFW,Landed 11:09,2026-09-02 04:02:20
DPS,arrivals,2026-09-01,09:45,09:25,QZ549,AWQ549,PER,Perth Airport,AirAsia,AK,A320,Airbus A320-216,PK-AXY,Landed 10:25,2026-09-02 04:02:20
DPS,arrivals,2026-09-01,09:50,09:04,JQ39,JST039,SYD,Sydney Kingsford Smith Airport,Jetstar,JQ,A21N,Airbus A321-251NX(LR),VH-OFU,Landed 10:04,2026-09-02 04:02:20
DPS,arrivals,2026-09-01,09:55,09:44,AK370,AXM370,KUL,Kuala Lumpur International Airport,AirAsia,AK,A20N,Airbus A320-251N,9M-AGB,Landed 10:44,2026-09-02 04:02:20
DPS,arrivals,2026-09-01,10:00,09:46,SQ936,SIA936,SIN,Singapore Changi Airport,Singapore Airlines,SQ,B78X,Boeing 787-10 Dreamliner,9V-SCN,Landed 10:46,2026-09-02 04:02:20
DPS,arrivals,2026-09-01,10:00,09:40,ID6332,BTK6332,LBJ,Labuan Bajo Komodo Airport,Batik Air,ID,A320,Airbus A320-214,PK-LUT,Landed 10:40,2026-09-02 04:02:20
DPS,arrivals,2026-09-01,10:05,11:38,OD192,MXD192,PER,Perth Airport,Batik Air,ID,B738,Boeing 737-8U3,9M-LDG,Landed 12:38,2026-09-02 04:02:20
DPS,arrivals,2026-09-01,10:05,10:46,GA719,GIA719,MEL,Melbourne Airport,Garuda Indonesia (74th Anniversary Livery),GA,A333,Airbus A330-343,PK-GPZ,Landed 11:46,2026-09-02 04:02:20
DPS,arrivals,2026-09-01,10:10,09:53,QZ808,AWQ808,CGK,Jakarta Soekarno Hatta International Airport,AirAsia,AK,A320,Airbus A320-216,PK-AZF,Landed 10:53,2026-09-02 04:02:20
DPS,arrivals,2026-09-01,10:15,,JT30,,CGK,Jakarta Soekarno Hatta International Airport,Lion Air,JT,739,,,Unknown,2026-09-02 04:02:20
DPS,arrivals,2026-09-01,10:20,10:05,IW1883,WON1883,SWQ,Sumbawa Besar Airport,Wings Air,IW,AT76,ATR 72-600,PK-WJT,Landed 11:05,2026-09-02 04:02:20
DPS,arrivals,2026-09-01,10:20,10:16,IW1849,WON1849,LOP,Lombok International Airport,Wings Air,IW,AT76,ATR 72-600,PK-WKH,Landed 11:16,2026-09-02 04:02:20
DPS,arrivals,2026-09-01,10:20,10:12,GA342,GIA342,SUB,Surabaya Juanda International Airport,Garuda Indonesia (Retro 1960 Livery),GA,B738,Boeing 737-8U3,PK-GFM,Landed 11:12,2026-09-02 04:02:20
DPS,arrivals,2026-09-01,10:25,09:35,OD178,MXD178,MEL,Melbourne Airport,Batik Air (Visit Malaysia Truly Asia 2026 Livery),ID,B38M,Boeing 737 MAX 8,9M-LRM,Landed 10:35,2026-09-02 04:02:20
DPS,arrivals,2026-09-01,10:25,14:26,EY476,ETD476,AUH,Abu Dhabi Zayed International Airport,Etihad Airways,EY,B77W,Boeing 777-3FX(ER),A6-ETH,Landed 15:26,2026-09-02 04:02:20
DPS,arrivals,2026-09-01,10:35,11:09,QG696,CTV696,SUB,Surabaya Juanda International Airport,Citilink,QG,A20N,Airbus A320-251N,PK-GTF,Landed 12:09,2026-09-02 04:02:20
DPS,arrivals,2026-09-01,10:50,10:27,QZ643,AWQ643,LBJ,Labuan Bajo Komodo Airport,AirAsia,AK,A320,Airbus A320-216,PK-AZE,Landed 11:27,2026-09-02 04:02:20
DPS,arrivals,2026-09-01,10:50,10:00,JQ57,JST057,BNE,Brisbane Airport,Jetstar,JQ,A21N,Airbus A321-251NX(LR),VH-OYW,Landed 11:00,2026-09-02 04:02:20
DPS,arrivals,2026-09-01,11:00,10:39,SQ938,SIA938,SIN,Singapore Changi Airport,Singapore Airlines,SQ,B78X,Boeing 787-10 Dreamliner,9V-SCH,Landed 11:39,2026-09-02 04:02:20
DPS,arrivals,2026-09-01,11:00,11:23,OD306,MXD306,KUL,Kuala Lumpur International Airport,Batik Air,ID,B38M,Boeing 737 MAX 8,9M-LRG,Landed 12:23,2026-09-02 04:02:20
DPS,arrivals,2026-09-01,11:00,10:43,IP102,PAS102,CGK,Jakarta Soekarno Hatta International Airport,Pelita Air,IP,A320,Airbus A320-232,PK-PWL,Landed 11:43,2026-09-02 04:02:20
DPS,arrivals,2026-09-01,11:05,11:12,OD172,MXD172,SYD,Sydney Kingsford Smith Airport,Batik Air,ID,B38M,Boeing 737 MAX 8,9M-LRW,Landed 12:12,2026-09-02 04:02:20
DPS,arrivals,2026-09-01,11:05,11:19,MH715,MAS715,KUL,Kuala Lumpur International Airport,Malaysia Airlines,MH,A339,Airbus A330-941,9M-MNP,Landed 12:19,2026-09-02 04:02:20
DPS,arrivals,2026-09-01,11:10,11:04,8B5253,TNU5253,LOP,Lombok International Airport,TransNusa,8B,AJ27,Comac ARJ-21-700,PK-TJB,Landed 12:04,2026-09-02 04:02:20
DPS,arrivals,2026-09-01,11:10,11:15,8B5635,TNU5635,BMU,Bima Sultan Muhammad Salahudin Airport,TransNusa,8B,AJ27,Comac ARJ-21-700,PK-TJC,Landed 12:15,2026-09-02 04:02:20
DPS,arrivals,2026-09-01,11:10,11:00,SL258,TLM258,DMK,Bangkok Don Mueang International Airport,Thai Lion Air,SL,B738,Boeing 737-8GP,HS-LGI,Landed 12:00,2026-09-02 04:02:20
DPS,arrivals,2026-09-01,11:15,10:51,AK364,AXM364,KUL,Kuala Lumpur International Airport,AirAsia,AK,A21N,Airbus A321-251NX,9M-VAC,Landed 11:51,2026-09-02 04:02:20
DPS,arrivals,2026-09-01,11:20,10:56,ID6325,BTK6325,TMC,Tambolaka Airport,Batik Air,ID,A320,Airbus A320-214,PK-LAZ,Landed 11:56,2026-09-02 04:02:20
DPS,arrivals,2026-09-01,11:25,11:30,GA404,GIA404,CGK,Jakarta Soekarno Hatta International Airport,Garuda Indonesia,GA,B738,Boeing 737-8U3,PK-GFW,Landed 12:30,2026-09-02 04:02:20
DPS,arrivals,2026-09-01,11:30,11:34,GA843,GIA843,SIN,Singapore Changi Airport,Garuda Indonesia,GA,B738,Boeing 737-86N,PK-GFU,Landed 12:34,2026-09-02 04:02:20
DPS,arrivals,2026-09-01,11:35,11:42,JT34,LNI034,CGK,Jakarta Soekarno Hatta International Airport,Lion Air,JT,B39M,Boeing 737 MAX 9,PK-LRI,Landed 12:42,2026-09-02 04:02:20
DPS,arrivals,2026-09-01,11:40,11:27,QG822,CTV822,BDO,Bandung Husein Sastranegara International Airport,Citilink,QG,A320,Airbus A320-214,PK-GLX,Landed 12:27,2026-09-02 04:02:20
DPS,arrivals,2026-09-01,11:42,12:37,,VHPPD,MCY,Sunshine Coast Airport,,,F900,Dassault Falcon 900C,VH-PPD,Landed 13:37,2026-09-02 04:02:20
DPS,arrivals,2026-09-01,11:55,11:56,VJ849,VJC849,SGN,Ho Chi Minh City International Airport,VietJet Air,VJ,A321,Airbus A321-211,VN-A629,Landed 12:56,2026-09-02 04:02:20
DPS,arrivals,2026-09-01,11:55,11:45,QG686,CTV686,CGK,Jakarta Soekarno Hatta International Airport,Citilink,QG,A320,Airbus A320-214,PK-GQH,Landed 12:45,2026-09-02 04:02:20
DPS,arrivals,2026-09-01,11:55,13:16,JT663,LNI663,BPN,Balikpapan Sepinggan Airport,Lion Air,JT,B739,Boeing 737-9GP(ER),PK-LHI,Landed 14:16,2026-09-02 04:02:20
DPS,arrivals,2026-09-01,12:05,11:52,TR288,TGW288,SIN,Singapore Changi Airport,Scoot,TR,B789,Boeing 787-9 Dreamliner,9V-OJC,Landed 12:52,2026-09-02 04:02:20
DPS,arrivals,2026-09-01,12:05,11:49,QZ802,AWQ802,CGK,Jakarta Soekarno Hatta International Airport,AirAsia (Sustainable ASEAN Tourism Livery),AK,A320,Airbus A320-216,PK-AZS,Landed 12:49,2026-09-02 04:02:20
DPS,arrivals,2026-09-01,12:15,12:18,JT804,LNI804,SUB,Surabaya Juanda International Airport,Lion Air,JT,B739,Boeing 737-9GP(ER),PK-LHQ,Landed 13:18,2026-09-02 04:02:20
DPS,arrivals,2026-09-01,12:20,12:09,8B5106,TNU5106,CGK,Jakarta Soekarno Hatta International Airport,TransNusa,8B,A320,Airbus A320-214,PK-TLF,Landed 13:09,2026-09-02 04:02:20
DPS,arrivals,2026-09-01,12:25,12:46,JQ43,JST043,MEL,Melbourne Airport,Jetstar,JQ,A21N,Airbus A321-251NX(LR),VH-OYQ,Landed 13:46,2026-09-02 04:02:20
DPS,arrivals,2026-09-01,12:30,12:21,8B552,TNU552,SIN,Singapore Changi Airport,TransNusa,8B,A320,Airbus A320-214,PK-TLP,Landed 13:21,2026-09-02 04:02:20
DPS,arrivals,2026-09-01,12:30,12:25,QG343,CTV343,UPG,Makassar Sultan Hasanuddin International Airport,Citilink,QG,A20N,Airbus A320-251N,PK-GTC,Landed 13:25,2026-09-02 04:02:20
DPS,arrivals,2026-09-01,12:35,12:42,VJ893,VJC893,SGN,Ho Chi Minh City International Airport,VietJet Air,VJ,A21N,Airbus A321-271N,VN-A646,Landed 13:42,2026-09-02 04:02:20
DPS,arrivals,2026-09-01,12:35,13:24,JQ88,JST088,NTL,Newcastle Airport,Jetstar,JQ,A21N,Airbus A321-251NX(LR),VH-OYK,Landed 14:24,2026-09-02 04:02:20
DPS,arrivals,2026-09-01,12:35,12:28,ID6050,BTK6050,CGK,Jakarta Soekarno Hatta International Airport,Batik Air,ID,A320,Airbus A320-214,PK-LUI,Landed 13:28,2026-09-02 04:02:20
DPS,arrivals,2026-09-01,12:40,12:34,ID7309,BTK7309,HLP,Jakarta Halim Perdanakusuma Airport,Batik Air,ID,A320,Airbus A320-214,PK-LAL,Landed 13:34,2026-09-02 04:02:20
DPS,arrivals,2026-09-01,12:45,12:40,JT845,LNI845,BDJ,Banjarmasin Syamsudin Noor Airport,Lion Air,JT,B739,Boeing 737-9GP(ER),PK-LFY,Landed 13:40,2026-09-02 04:02:20
DPS,arrivals,2026-09-01,12:45,12:32,IU123,SJV123,YIA,Yogyakarta International Airport,Super Air Jet,IU,A320,Airbus A320-232,PK-SJH,Landed 13:32,2026-09-02 04:02:20
DPS,arrivals,2026-09-01,12:45,13:00,GA653,GIA653,TIM,Timika Airport,Garuda Indonesia,GA,B738,Boeing 737-8U3,PK-GFP,Landed 14:00,2026-09-02 04:02:20
DPS,arrivals,2026-09-01,13:05,12:14,VA45,VOZ045,BNE,Brisbane Airport,Virgin Australia,VA,B38M,Boeing 737 MAX 8,VH-8IL,Landed 13:14,2026-09-02 04:02:20
DPS,arrivals,2026-09-01,13:05,12:51,QG501,CTV501,DIL,Dili Presidente Nicolau Lobato International Airport,Citilink,QG,A320,Airbus A320-214,PK-GLY,Landed 13:51,2026-09-02 04:02:20
DPS,arrivals,2026-09-01,13:05,,JT24,,CGK,Jakarta Soekarno Hatta International Airport,Lion Air,JT,739,,,Canceled,2026-09-02 04:02:20
DPS,arrivals,2026-09-01,13:20,13:20,QZ647,AWQ647,LBJ,Labuan Bajo Komodo Airport,AirAsia,AK,A320,Airbus A320-216,PK-AXY,Landed 14:20,2026-09-02 04:02:20
DPS,arrivals,2026-09-01,13:20,14:22,IU704,SJV704,SUB,Surabaya Juanda International Airport,Super Air Jet,IU,A320,Airbus A320-232,PK-SJP,Landed 15:22,2026-09-02 04:02:20
DPS,arrivals,2026-09-01,13:20,13:05,IU136,SJV136,KOE,Kupang El Tari Airport,Super Air Jet,IU,A320,Airbus A320-232,PK-STI,Landed 14:05,2026-09-02 04:02:20
DPS,arrivals,2026-09-01,13:30,,JT745,,UPG,Makassar Sultan Hasanuddin International Airport,Lion Air,JT,739,,,Unknown,2026-09-02 04:02:20
DPS,arrivals,2026-09-01,13:35,13:40,GA254,GIA254,YIA,Yogyakarta International Airport,Garuda Indonesia,GA,B738,Boeing 737-8U3,PK-GMC,Landed 14:40,2026-09-02 04:02:20
DPS,arrivals,2026-09-01,13:35,13:28,CI771,CAL771,TPE,Taipei Taoyuan International Airport,China Airlines,CI,B77W,Boeing 777-309(ER),B-18002,Landed 14:28,2026-09-02 04:02:20
DPS,arrivals,2026-09-01,13:45,13:09,VA91,VOZ091,MEL,Melbourne Airport,Virgin Australia,VA,B38M,Boeing 737 MAX 8,VH-8ID,Landed 14:09,2026-09-02 04:02:20
DPS,arrivals,2026-09-01,13:45,13:36,GA715,GIA715,SYD,Sydney Kingsford Smith Airport,Garuda Indonesia (Pokémon Livery),GA,A333,Airbus A330-343,PK-GPY,Landed 14:36,2026-09-02 04:02:20
DPS,arrivals,2026-09-01,13:50,14:14,QG668,CTV668,SUB,Surabaya Juanda International Airport,Citilink,QG,A320,Airbus A320-214,PK-GQC,Landed 15:14,2026-09-02 04:02:20
DPS,arrivals,2026-09-01,13:50,13:56,IP108,PAS108,CGK,Jakarta Soekarno Hatta International Airport,Pelita Air,IP,A320,Airbus A320-214,PK-PWE,Landed 14:56,2026-09-02 04:02:20
DPS,arrivals,2026-09-01,13:50,13:47,ID6330,BTK6330,LBJ,Labuan Bajo Komodo Airport,Batik Air,ID,A320,Airbus A320-214,PK-LUT,Landed 14:47,2026-09-02 04:02:20
DPS,arrivals,2026-09-01,13:55,13:44,TG431,THA431,BKK,Bangkok Suvarnabhumi Airport,Thai Airways,TG,A359,Airbus A350-941,HS-THN,Landed 14:44,2026-09-02 04:02:20
DPS,arrivals,2026-09-01,13:55,13:32,AK376,AXM376,KUL,Kuala Lumpur International Airport,AirAsia,AK,A20N,Airbus A320-251N,9M-RAB,Landed 14:32,2026-09-02 04:02:20
DPS,arrivals,2026-09-01,14:00,14:07,VN641,HVN641,SGN,Ho Chi Minh City International Airport,Vietnam Airlines,VN,A321,Airbus A321-231,VN-A325,Landed 15:07,2026-09-02 04:02:20
DPS,arrivals,2026-09-01,14:00,13:52,CX785,CPA785,HKG,Hong Kong International Airport,Cathay Pacific,CX,B773,Boeing 777-367,B-HNE,Landed 14:52,2026-09-02 04:02:20
DPS,arrivals,2026-09-01,14:10,13:50,8B5255,TNU5255,LOP,Lombok International Airport,TransNusa,8B,AJ27,Comac ARJ-21-700,PK-TJC,Landed 14:50,2026-09-02 04:02:20
DPS,arrivals,2026-09-01,14:15,13:59,BR255,EVA255,TPE,Taipei Taoyuan International Airport,EVA Air (Sanrio Characters Joyful Dream Livery),BR,A333,Airbus A330-302,B-16332,Landed 14:59,2026-09-02 04:02:16
DPS,arrivals,2026-09-01,14:20,14:04,IW2825,WON2825,BMU,Bima Sultan Muhammad Salahudin Airport,Wings Air,IW,AT76,ATR 72-600,PK-WKH,Landed 15:04,2026-09-02 04:02:16
DPS,arrivals,2026-09-01,14:25,14:10,QZ814,AWQ814,CGK,Jakarta Soekarno Hatta International Airport,AirAsia (Colours of Indonesia Livery),AK,A320,Airbus A320-216,PK-AXD,Landed 15:10,2026-09-02 04:02:16
DPS,arrivals,2026-09-01,14:25,14:30,QZ535,AWQ535,PER,Perth Airport,AirAsia,AK,A320,Airbus A320-216,PK-AZK,Landed 15:30,2026-09-02 04:02:16
DPS,arrivals,2026-09-01,14:30,14:17,MH851,MAS851,KUL,Kuala Lumpur International Airport,Malaysia Airlines,MH,B38M,Boeing 737 MAX 8,9M-MVC,Landed 15:17,2026-09-02 04:02:16
DPS,arrivals,2026-09-01,14:50,14:34,HO1355,DKH1355,PVG,Shanghai Pudong International Airport,Juneyao Air,HO,A20N,Airbus A320-271N,B-326H,Landed 15:34,2026-09-02 04:02:16
DPS,arrivals,2026-09-01,15:00,14:52,IW1963,WON1963,LOP,Lombok International Airport,Wings Air,IW,AT76,ATR 72-600,PK-WJT,Landed 15:52,2026-09-02 04:02:16
DPS,arrivals,2026-09-01,15:00,,IU706,,SUB,Surabaya Juanda International Airport,Super Air Jet,IU,320,,,Canceled,2026-09-02 04:02:16
DPS,arrivals,2026-09-01,15:10,14:48,GA252,GIA252,YIA,Yogyakarta International Airport,Garuda Indonesia (Retro 1960 Livery),GA,B738,Boeing 737-8U3,PK-GFM,Landed 15:48,2026-09-02 04:02:16
DPS,arrivals,2026-09-01,15:15,,IN641,,TMC,Tambolaka Airport,Nam Air,IN,735,,,Unknown,2026-09-02 04:02:16
DPS,arrivals,2026-09-01,15:20,15:17,NZ290,ANZ290,AKL,Auckland Airport,Air New Zealand,NZ,B789,Boeing 787-9 Dreamliner,ZK-NZJ,Landed 16:17,2026-09-02 04:02:16
DPS,arrivals,2026-09-01,15:25,15:10,VJ997,VJC997,HAN,Hanoi Noi Bai International Airport,VietJet Air,VJ,A21N,Airbus A321-271NX,VN-A201,Landed 16:10,2026-09-02 04:02:16
DPS,arrivals,2026-09-01,15:30,14:39,8B5653,TNU5653,WGP,Waingapu Mau Hau Airport,TransNusa,8B,AJ27,Comac ARJ-21-700,PK-TJB,Landed 15:39,2026-09-02 04:02:16
DPS,arrivals,2026-09-01,15:30,15:31,GA422,GIA422,CGK,Jakarta Soekarno Hatta International Airport,Garuda Indonesia,GA,B738,Boeing 737-8U3,PK-GFF,Landed 16:31,2026-09-02 04:02:16
DPS,arrivals,2026-09-01,15:35,15:43,TR242,TGW242,SIN,Singapore Changi Airport,Scoot,TR,A21N,Airbus A321-271NX,9V-NCN,Landed 16:43,2026-09-02 04:02:16
DPS,arrivals,2026-09-01,15:35,,JT22,,CGK,Jakarta Soekarno Hatta International Airport,Lion Air,JT,738,,,Unknown,2026-09-02 04:02:16
DPS,arrivals,2026-09-01,15:35,16:31,IW1965,WON1965,LOP,Lombok International Airport,Wings Air,IW,AT76,ATR 72-600,PK-WKH,Landed 17:31,2026-09-02 04:02:16
DPS,arrivals,2026-09-01,15:35,20:19,EK368,UAE368,DXB,Dubai International Airport,Emirates,EK,A388,Airbus A380-861,A6-EOX,Landed 21:19,2026-09-02 04:02:16
DPS,arrivals,2026-09-01,15:55,15:56,IP106,PAS106,CGK,Jakarta Soekarno Hatta International Airport,Pelita Air,IP,A320,Airbus A320-232,PK-PWL,Landed 16:56,2026-09-02 04:02:16
DPS,arrivals,2026-09-01,16:00,15:36,8B554,TNU554,SIN,Singapore Changi Airport,TransNusa,8B,A320,Airbus A320-214,PK-TLA,Landed 16:36,2026-09-02 04:02:16
DPS,arrivals,2026-09-01,16:00,16:27,OD193,MXD193,KUL,Kuala Lumpur International Airport,Batik Air,ID,B738,Boeing 737-8U3,9M-LDF,Landed 17:27,2026-09-02 04:02:16
DPS,arrivals,2026-09-01,16:20,16:24,MU7405,CES7405,PVG,Shanghai Pudong International Airport,China Eastern Airlines,MU,A333,Airbus A330-343,B-8968,Landed 17:24,2026-09-02 04:02:16
DPS,arrivals,2026-09-01,16:25,16:52,GA881,GIA881,NRT,Tokyo Narita International Airport,Garuda Indonesia,GA,A333,Airbus A330-343,PK-GPU,Landed 17:52,2026-09-02 04:02:16
DPS,arrivals,2026-09-01,16:25,16:34,GA410,GIA410,CGK,Jakarta Soekarno Hatta International Airport,Garuda Indonesia (Livin' by Mandiri Livery),GA,B738,Boeing 737-86N,PK-GFI,Landed 17:34,2026-09-02 04:02:16
DPS,arrivals,2026-09-01,16:30,,JT802,,SUB,Surabaya Juanda International Airport,Lion Air,JT,738,,,Unknown,2026-09-02 04:02:16
DPS,arrivals,2026-09-01,16:30,19:33,ID6508,BTK6508,CGK,Jakarta Soekarno Hatta International Airport,Batik Air,ID,A320,Airbus A320-214,PK-BKV,Landed 20:33,2026-09-02 04:02:16
DPS,arrivals,2026-09-01,16:35,17:05,QR962,QTR962,DOH,Doha Hamad International Airport,Qatar Airways,QR,A35K,Airbus A350-1041,A7-AOH,Landed 18:05,2026-09-02 04:02:16
DPS,arrivals,2026-09-01,16:40,17:10,IW1857,WON1857,LOP,Lombok International Airport,Wings Air,IW,AT76,ATR 72-600,PK-WJT,Landed 18:10,2026-09-02 04:02:16
DPS,arrivals,2026-09-01,16:40,,IU131,,SRG,Semarang Achmad Yani International Airport,Super Air Jet,IU,320,,,Unknown,2026-09-02 04:02:16
DPS,arrivals,2026-09-01,17:00,17:21,8B5108,TNU5108,CGK,Jakarta Soekarno Hatta International Airport,TransNusa,8B,A320,Airbus A320-214,PK-TLF,Landed 18:21,2026-09-02 04:02:16
DPS,arrivals,2026-09-01,17:00,16:48,TG439,THA439,BKK,Bangkok Suvarnabhumi Airport,Thai Airways,TG,A320,Airbus A320-232,HS-TXC,Landed 17:48,2026-09-02 04:02:16
DPS,arrivals,2026-09-01,17:00,18:45,IP104,PAS104,CGK,Jakarta Soekarno Hatta International Airport,Pelita Air,IP,A320,Airbus A320-216,PK-PWN,Landed 19:45,2026-09-02 04:02:16
DPS,arrivals,2026-09-01,17:05,20:23,ID6008,BTK6008,PER,Perth Airport,Batik Air,ID,A320,Airbus A320-214,PK-LAZ,Landed 21:23,2026-09-02 04:02:16
DPS,arrivals,2026-09-01,17:05,16:43,8B5257,TNU5257,LOP,Lombok International Airport,TransNusa,8B,AJ27,Comac ARJ-21-700,PK-TJC,Landed 17:43,2026-09-02 04:02:16
DPS,arrivals,2026-09-01,17:05,16:38,8B81,TNU081,PER,Perth Airport,TransNusa,8B,A320,Airbus A320-214,PK-TLN,Landed 17:38,2026-09-02 04:02:16
DPS,arrivals,2026-09-01,17:10,17:00,QZ820,AWQ820,CGK,Jakarta Soekarno Hatta International Airport,AirAsia (Sustainable ASEAN Tourism Livery),AK,A320,Airbus A320-216,PK-AZS,Landed 18:00,2026-09-02 04:02:16
DPS,arrivals,2026-09-01,17:10,16:55,GA344,GIA344,SUB,Surabaya Juanda International Airport,Garuda Indonesia,GA,B738,Boeing 737-8U3,PK-GUF,Landed 17:55,2026-09-02 04:02:16
DPS,arrivals,2026-09-01,17:30,17:44,QG688,CTV688,CGK,Jakarta Soekarno Hatta International Airport,Citilink,QG,A320,Airbus A320-214,PK-GLK,Landed 18:44,2026-09-02 04:02:16
DPS,arrivals,2026-09-01,17:30,17:46,MH853,MAS853,KUL,Kuala Lumpur International Airport,Malaysia Airlines,MH,B38M,Boeing 737 MAX 8,9M-MVN,Landed 18:46,2026-09-02 04:02:16
DPS,arrivals,2026-09-01,17:35,17:15,QZ649,AWQ649,LBJ,Labuan Bajo Komodo Airport,AirAsia,AK,A320,Airbus A320-216,PK-AXY,Landed 18:15,2026-09-02 04:02:16
DPS,arrivals,2026-09-01,17:35,18:39,IU121,SJV121,YIA,Yogyakarta International Airport,Super Air Jet,IU,A320,Airbus A320-232,PK-SJP,Landed 19:39,2026-09-02 04:02:16
DPS,arrivals,2026-09-01,17:40,17:24,ID7311,BTK7311,HLP,Jakarta Halim Perdanakusuma Airport,Batik Air,ID,A320,Airbus A320-214,PK-LUY,Landed 18:24,2026-09-02 04:02:16
DPS,arrivals,2026-09-01,17:45,17:35,TR282,TGW282,SIN,Singapore Changi Airport,Scoot,TR,B788,Boeing 787-8 Dreamliner,9V-OFK,Landed 18:35,2026-09-02 04:02:16
DPS,arrivals,2026-09-01,17:50,17:39,SQ944,SIA944,SIN,Singapore Changi Airport,Singapore Airlines,SQ,B78X,Boeing 787-10 Dreamliner,9V-SCN,Landed 18:39,2026-09-02 04:02:16
DPS,arrivals,2026-09-01,17:55,17:32,QG698,CTV698,SUB,Surabaya Juanda International Airport,Citilink,QG,A20N,Airbus A320-251N,PK-GTG,Landed 18:32,2026-09-02 04:02:16
DPS,arrivals,2026-09-01,18:05,17:54,TK66,THY066,IST,Istanbul Airport,Turkish Airlines,TK,A359,Airbus A350-941,TC-LHK,Landed 18:54,2026-09-02 04:02:16
DPS,arrivals,2026-09-01,18:10,17:58,GA414,GIA414,CGK,Jakarta Soekarno Hatta International Airport,Garuda Indonesia,GA,B738,Boeing 737-8U3,PK-GMD,Landed 18:58,2026-09-02 04:02:16
DPS,arrivals,2026-09-01,18:15,18:27,JT910,LNI910,SUB,Surabaya Juanda International Airport,Lion Air,JT,B739,Boeing 737-9GP(ER),PK-LHR,Landed 19:27,2026-09-02 04:02:16
DPS,arrivals,2026-09-01,18:15,,JT681,,SUB,Surabaya Juanda International Airport,Lion Air,JT,739,,,Unknown,2026-09-02 04:02:16
DPS,arrivals,2026-09-01,18:15,18:03,AK378,AXM378,KUL,Kuala Lumpur International Airport,AirAsia,AK,A320,Airbus A320-216,9M-RAO,Landed 19:03,2026-09-02 04:02:16
DPS,arrivals,2026-09-01,18:35,,QG662,,CGK,Jakarta Soekarno Hatta International Airport,Citilink,QG,A320,Airbus A320-214,PK-GQS,Canceled,2026-09-02 04:02:16
DPS,arrivals,2026-09-01,18:35,18:18,KL835,KLM835,SIN,Singapore Changi Airport,KLM Asia,KL,B772,Boeing 777-206(ER),PH-BQN,Landed 19:18,2026-09-02 04:02:16
DPS,arrivals,2026-09-01,18:40,18:41,OD177,MXD177,KUL,Kuala Lumpur International Airport,Batik Air (Visit Malaysia Truly Asia 2026 Livery),ID,B38M,Boeing 737 MAX 8,9M-LRL,Landed 19:41,2026-09-02 04:02:16
DPS,arrivals,2026-09-01,18:55,18:48,GA420,GIA420,CGK,Jakarta Soekarno Hatta International Airport,Garuda Indonesia,GA,B738,Boeing 737-8U3,PK-GFP,Landed 19:48,2026-09-02 04:02:16
DPS,arrivals,2026-09-01,19:00,18:35,QG194,CTV194,HLP,Jakarta Halim Perdanakusuma Airport,Citilink Garuda Indonesia,QG,A320,Airbus A320-214,PK-GQT,Landed 19:35,2026-09-02 04:02:16
DPS,arrivals,2026-09-01,19:00,19:07,JQ33,JST033,MEL,Melbourne Airport,Jetstar,JQ,A21N,Airbus A321-251NX(LR),VH-OFV,Landed 20:07,2026-09-02 04:02:16
DPS,arrivals,2026-09-01,19:10,18:31,ID6334,BTK6334,LBJ,Labuan Bajo Komodo Airport,Batik Air,ID,A320,Airbus A320-214,PK-LUT,Landed 19:31,2026-09-02 04:02:16
DPS,arrivals,2026-09-01,19:15,,JT945,,UPG,Makassar Sultan Hasanuddin International Airport,Lion Air,JT,738,,,Unknown,2026-09-02 04:02:16
DPS,arrivals,2026-09-01,19:15,,JT743,,UPG,Makassar Sultan Hasanuddin International Airport,Lion Air,JT,739,,,Unknown,2026-09-02 04:02:16
DPS,arrivals,2026-09-01,19:15,19:14,JT747,LNI747,UPG,Makassar Sultan Hasanuddin International Airport,Lion Air,JT,B738,Boeing 737-8GP,PK-LOI,Landed 20:14,2026-09-02 04:02:16
DPS,arrivals,2026-09-01,19:20,19:19,JQ116,JST116,PER,Perth Airport,Jetstar,JQ,A21N,Airbus A321-251NX(LR),VH-OYT,Landed 20:19,2026-09-02 04:02:16
DPS,arrivals,2026-09-01,19:25,18:52,8B5259,TNU5259,LOP,Lombok International Airport,TransNusa,8B,AJ27,Comac ARJ-21-700,PK-TJC,Landed 19:52,2026-09-02 04:02:16
DPS,arrivals,2026-09-01,19:25,19:16,SQ946,SIA946,SIN,Singapore Changi Airport,Singapore Airlines,SQ,B78X,Boeing 787-10 Dreamliner,9V-SCB,Landed 20:16,2026-09-02 04:02:16
DPS,arrivals,2026-09-01,19:25,19:27,QZ818,AWQ818,CGK,Jakarta Soekarno Hatta International Airport,AirAsia (Colours of Indonesia Livery),AK,A320,Airbus A320-216,PK-AXD,Landed 20:27,2026-09-02 04:02:16
DPS,arrivals,2026-09-01,19:30,18:56,QZ545,AWQ545,PER,Perth Airport,AirAsia,AK,A320,Airbus A320-216,PK-AZF,Landed 19:56,2026-09-02 04:02:16
DPS,arrivals,2026-09-01,19:35,19:30,JT12,LNI012,CGK,Jakarta Soekarno Hatta International Airport,Lion Air,JT,B39M,Boeing 737 MAX 9,PK-LRI,Landed 20:30,2026-09-02 04:02:16
DPS,arrivals,2026-09-01,19:50,20:15,SJ272,SJY272,CGK,Jakarta Soekarno Hatta International Airport,BBN Airlines Indonesia,0B,B738,Boeing 737-8BK,PK-BBF,Landed 21:15,2026-09-02 04:02:16
DPS,arrivals,2026-09-01,19:50,19:36,QF43,QFA043,SYD,Sydney Kingsford Smith Airport,Qantas,QF,A332,Airbus A330-202,VH-EBD,Landed 20:36,2026-09-02 04:02:16
DPS,arrivals,2026-09-01,19:50,19:10,JQ59,JST059,BNE,Brisbane Airport,Jetstar,JQ,A21N,Airbus A321-251NX(LR),VH-OIR,Landed 20:10,2026-09-02 04:02:16
DPS,arrivals,2026-09-01,20:00,19:57,OD171,MXD171,KUL,Kuala Lumpur International Airport,Batik Air,ID,B38M,Boeing 737 MAX 8,9M-LRP,Landed 20:57,2026-09-02 04:02:16
DPS,arrivals,2026-09-01,20:00,19:23,JQ37,JST037,SYD,Sydney Kingsford Smith Airport,Jetstar,JQ,A21N,Airbus A321-251NX(LR),VH-OLQ,Landed 20:23,2026-09-02 04:02:16
DPS,arrivals,2026-09-01,20:05,20:12,OD157,MXD157,KUL,Kuala Lumpur International Airport,Batik Air (Visit Malaysia Truly Asia 2026 Livery),ID,B38M,Boeing 737 MAX 8,9M-LRM,Landed 21:12,2026-09-02 04:02:16
DPS,arrivals,2026-09-01,20:30,20:31,GA426,GIA426,CGK,Jakarta Soekarno Hatta International Airport,Garuda Indonesia,GA,B738,Boeing 737-8H6,PK-GUM,Landed 21:31,2026-09-02 04:02:16
DPS,arrivals,2026-09-01,20:45,20:38,7C5303,JJA5303,ICN,Seoul Incheon International Airport,Jeju Air,7C,B38M,Boeing 737 MAX 8,HL8553,Landed 21:38,2026-09-02 04:02:16
DPS,arrivals,2026-09-01,20:45,20:34,AK374,AXM374,KUL,Kuala Lumpur International Airport,AirAsia,AK,A320,Airbus A320-216,9M-RAE,Landed 21:34,2026-09-02 04:02:16
DPS,arrivals,2026-09-01,20:50,20:54,JQ35,JST035,MEL,Melbourne Airport,Jetstar,JQ,A21N,Airbus A321-251NX(LR),VH-OFQ,Landed 21:54,2026-09-02 04:02:16
DPS,arrivals,2026-09-01,20:55,20:46,QG693,CTV693,SUB,Surabaya Juanda International Airport,Citilink,QG,A20N,Airbus A320-251N,PK-GTF,Landed 21:46,2026-09-02 04:02:16
DPS,arrivals,2026-09-01,21:00,20:40,VA95,VOZ095,MEL,Melbourne Airport,Virgin Australia,VA,B738,Boeing 737-8FE,VH-YIR,Landed 21:40,2026-09-02 04:02:16
DPS,arrivals,2026-09-01,21:10,21:00,KE431,KAL431,ICN,Seoul Incheon International Airport,Korean Air,KE,B789,Boeing 787-9 Dreamliner,HL7206,Landed 22:00,2026-09-02 04:02:16
DPS,arrivals,2026-09-01,21:15,20:27,VA83,VOZ083,OOL,Gold Coast Airport,Virgin Australia,VA,B738,Boeing 737-8FE,VH-YIQ,Landed 21:27,2026-09-02 04:02:16
DPS,arrivals,2026-09-01,21:20,22:13,8B5110,TNU5110,CGK,Jakarta Soekarno Hatta International Airport,TransNusa,8B,A320,Airbus A320-214,PK-TLF,Landed 23:13,2026-09-02 04:02:16
DPS,arrivals,2026-09-01,21:20,21:03,JQ89,JST089,SIN,Singapore Changi Airport,Jetstar,JQ,A21N,Airbus A321-251NX(LR),VH-OYQ,Landed 22:03,2026-09-02 04:02:16
DPS,arrivals,2026-09-01,21:30,20:43,VA65,VOZ065,SYD,Sydney Kingsford Smith Airport,Virgin Australia,VA,B38M,Boeing 737 MAX 8,VH-8IM,Landed 21:43,2026-09-02 04:02:16
DPS,arrivals,2026-09-01,21:40,21:37,QR960,QTR960,DOH,Doha Hamad International Airport,Qatar Airways,QR,A35K,Airbus A350-1041,A7-AOG,Unknown,2026-09-02 04:02:16
DPS,arrivals,2026-09-01,21:45,21:31,GA424,GIA424,CGK,Jakarta Soekarno Hatta International Airport,Garuda Indonesia (Ayo Pakai Masker Livery),GA,B738,Boeing 737-81D,PK-GFQ,Landed 22:31,2026-09-02 04:02:16
DPS,arrivals,2026-09-01,21:45,23:07,EK398,UAE398,DXB,Dubai International Airport,Emirates,EK,A388,Airbus A380-842,A6-EUY,Landed 00:07,2026-09-02 04:02:16
DPS,arrivals,2026-09-01,22:05,21:52,MF891,CXA891,XMN,Xiamen Gaoqi International Airport,Xiamen Air,MF,B38M,Boeing 737 MAX 8,B-226Z,Landed 22:52,2026-09-02 04:02:16
DPS,arrivals,2026-09-01,22:30,21:26,MU889,CES889,PKX,Beijing Daxing International Airport,China Eastern Airlines,MU,A333,Airbus A330-343,B-8971,Landed 22:26,2026-09-02 04:02:16
DPS,arrivals,2026-09-01,22:30,22:18,EY478,ETD478,AUH,Abu Dhabi Zayed International Airport,Etihad Airways,EY,B789,Boeing 787-9 Dreamliner,A6-BLQ,Landed 23:18,2026-09-02 04:02:16
DPS,arrivals,2026-09-01,22:40,22:39,QZ537,AWQ537,PER,Perth Airport,AirAsia,AK,A320,Airbus A320-216,PK-AZE,Landed 23:39,2026-09-02 04:02:16
DPS,arrivals,2026-09-01,22:40,22:34,CZ625,CSN625,CAN,Guangzhou Baiyun International Airport,China Southern Airlines,CZ,A21N,Airbus A321-251NX,B-32MP,Landed 23:34,2026-09-02 04:02:16
DPS,arrivals,2026-09-01,22:50,22:29,KE433,KAL433,ICN,Seoul Incheon International Airport,Korean Air,KE,B78X,Boeing 787-10 Dreamliner,HL8734,Landed 23:29,2026-09-02 04:02:16
DPS,arrivals,2026-09-01,22:55,23:03,PR537,PAL537,MNL,Manila Ninoy Aquino International Airport,Philippine Airlines,PR,A321,Airbus A321-231,RP-C9901,Landed 00:03,2026-09-02 04:02:16
DPS,arrivals,2026-09-01,22:55,22:53,MU5029,CES5029,PVG,Shanghai Pudong International Airport,China Eastern Airlines,MU,A333,Airbus A330-343,B-8862,Landed 23:53,2026-09-02 04:02:16
DPS,arrivals,2026-09-01,23:05,23:11,TR346,TGW346,SIN,Singapore Changi Airport,Scoot,TR,A21N,Airbus A321-271NX,9V-NCH,Landed 00:11,2026-09-02 04:02:16
DPS,arrivals,2026-09-01,23:10,22:57,SQ948,SIA948,SIN,Singapore Changi Airport,Singapore Airlines,SQ,B78X,Boeing 787-10 Dreamliner,9V-SCM,Landed 23:57,2026-09-02 04:02:16
DPS,arrivals,2026-09-01,23:20,23:45,GA652,GIA652,CGK,Jakarta Soekarno Hatta International Airport,Garuda Indonesia,GA,B738,Boeing 737-8U3,PK-GMY,Landed 00:45,2026-09-02 04:02:16
DPS,arrivals,2026-09-01,23:35,23:54,QZ247,AWQ247,HKT,Phuket International Airport,AirAsia,AK,A320,Airbus A320-216,PK-AZK,Landed 00:54,2026-09-02 04:02:16
DPS,arrivals,2026-09-01,23:40,23:40,JQ108,JST108,PER,Perth Airport,Jetstar,JQ,A21N,Airbus A321-251NX(LR),VH-OYV,Landed 00:40,2026-09-02 04:02:16
DPS,arrivals,2026-09-01,23:55,23:20,8B83,TNU083,PER,Perth Airport,TransNusa,8B,A320,Airbus A320-214,PK-TLP,Landed 00:20,2026-09-02 04:02:16
DPS,departures,2026-09-01,00:00,00:16,5J282,CEB282,MNL,Manila Ninoy Aquino International Airport,Cebu Pacific,5J,A21N,Airbus A321-271NX,RP-C4122,Departed 01:16,2026-09-02 04:02:59
DPS,departures,2026-09-01,00:00,,SJ726,,UPG,Makassar Sultan Hasanuddin International Airport,Sriwijaya Air,SJ,738,,,Unknown,2026-09-02 04:02:59
DPS,departures,2026-09-01,00:00,00:19,QZ548,AWQ548,PER,Perth Airport,AirAsia,AK,A320,Airbus A320-216,PK-AXY,Departed 01:19,2026-09-02 04:02:59
DPS,departures,2026-09-01,00:05,00:51,TR347,TGW347,SIN,Singapore Changi Airport,Scoot,TR,A21N,Airbus A321-271NX,9V-NCI,Departed 01:51,2026-09-02 04:02:59
DPS,departures,2026-09-01,00:05,00:22,GA652,GIA652,TIM,Timika Airport,Garuda Indonesia,GA,B738,Boeing 737-8U3,PK-GFP,Departed 01:22,2026-09-02 04:02:59
DPS,departures,2026-09-01,00:10,00:58,KE434,KAL434,ICN,Seoul Incheon International Airport,Korean Air,KE,B78X,Boeing 787-10 Dreamliner,HL8538,Departed 01:58,2026-09-02 04:02:59
DPS,departures,2026-09-01,00:30,00:37,8B5888,TNU5888,MDC,Manado Sam Ratulangi International Airport,TransNusa,8B,A320,Airbus A320-214,PK-TLF,Departed 01:37,2026-09-02 04:02:59
DPS,departures,2026-09-01,00:30,00:40,EY479,ETD479,AUH,Abu Dhabi Zayed International Airport,Etihad Airways,EY,B789,Boeing 787-9 Dreamliner,A6-BLO,Departed 01:40,2026-09-02 04:02:59
DPS,departures,2026-09-01,06:00,06:04,QZ809,AWQ809,CGK,Jakarta Soekarno Hatta International Airport,AirAsia,AK,A320,Airbus A320-216,PK-AZF,Departed 07:04,2026-09-02 04:02:56
DPS,departures,2026-09-01,06:00,06:00,JT944,,UPG,Makassar Sultan Hasanuddin International Airport,Lion Air,JT,738,,,Estimated dep 07:00*,2026-09-02 04:02:56
DPS,departures,2026-09-01,06:00,06:10,JT746,LNI746,UPG,Makassar Sultan Hasanuddin International Airport,Lion Air,JT,B738,Boeing 737-8GP,PK-LOI,Departed 07:10,2026-09-02 04:02:56
DPS,departures,2026-09-01,06:00,06:02,JQ111,JST111,PER,Perth Airport,Jetstar,JQ,A21N,Airbus A321-251NX(LR),VH-OYV,Departed 07:02,2026-09-02 04:02:56
DPS,departures,2026-09-01,06:00,06:24,IU705,SJV705,SUB,Surabaya Juanda International Airport,Super Air Jet (Our Super 50th Jet Livery),IU,A320,Airbus A320-232,PK-STQ,Departed 07:24,2026-09-02 04:02:56
DPS,departures,2026-09-01,06:00,06:20,GA401,GIA401,CGK,Jakarta Soekarno Hatta International Airport,Garuda Indonesia,GA,B738,Boeing 737-8U3,PK-GMP,Departed 07:20,2026-09-02 04:02:56
DPS,departures,2026-09-01,06:05,06:28,QZ534,AWQ534,PER,Perth Airport,AirAsia,AK,A320,Airbus A320-216,PK-AZK,Departed 07:28,2026-09-02 04:02:56
DPS,departures,2026-09-01,06:05,06:14,QG690,CTV690,SUB,Surabaya Juanda International Airport,Citilink,QG,A20N,Airbus A320-251N,PK-GTI,Departed 07:14,2026-09-02 04:02:56
DPS,departures,2026-09-01,06:10,06:11,QZ644,AWQ644,LBJ,Labuan Bajo Komodo Airport,AirAsia,AK,A320,Airbus A320-214,PK-AZH,Departed 07:11,2026-09-02 04:02:56
DPS,departures,2026-09-01,06:15,06:40,8B5250,TNU5250,LOP,Lombok International Airport,TransNusa,8B,AJ27,Comac ARJ-21-700,PK-TJC,Departed 07:40,2026-09-02 04:02:56
DPS,departures,2026-09-01,06:15,06:32,SQ949,SIA949,SIN,Singapore Changi Airport,Singapore Airlines,SQ,B78X,Boeing 787-10 Dreamliner,9V-SCC,Departed 07:32,2026-09-02 04:02:56
DPS,departures,2026-09-01,06:30,06:35,8B551,TNU551,SIN,Singapore Changi Airport,TransNusa,8B,A320,Airbus A320-214,PK-TLP,Departed 07:35,2026-09-02 04:02:56
DPS,departures,2026-09-01,06:30,06:46,GA403,GIA403,CGK,Jakarta Soekarno Hatta International Airport,Garuda Indonesia,GA,B738,Boeing 737-8U3,PK-GFW,Departed 07:46,2026-09-02 04:02:56
DPS,departures,2026-09-01,06:55,06:58,ID6333,BTK6333,LBJ,Labuan Bajo Komodo Airport,Batik Air,ID,A320,Airbus A320-214,PK-LUT,Departed 07:58,2026-09-02 04:02:56
DPS,departures,2026-09-01,07:05,07:20,JT21,LNI021,CGK,Jakarta Soekarno Hatta International Airport,Lion Air,JT,B39M,Boeing 737 MAX 9,PK-LRI,Departed 08:20,2026-09-02 04:02:56
DPS,departures,2026-09-01,07:05,07:24,IW1858,WON1858,LOP,Lombok International Airport,Wings Air,IW,AT75,ATR 72-500,PK-WFW,Departed 08:24,2026-09-02 04:02:56
DPS,departures,2026-09-01,07:05,07:08,HX706,CRK706,HKG,Hong Kong International Airport,Hong Kong Airlines,HX,A320,Airbus A320-214,B-LPM,Departed 08:08,2026-09-02 04:02:56
DPS,departures,2026-09-01,07:15,07:09,QG691,CTV691,SUB,Surabaya Juanda International Airport,Citilink,QG,A20N,Airbus A320-251N,PK-GTC,Departed 08:09,2026-09-02 04:02:56
DPS,departures,2026-09-01,07:25,07:57,AI2146,AIC2146,DEL,Delhi Indira Gandhi International Airport,Air India,AI,A21N,Airbus A321-251NX(LR),VT-TVG,Departed 08:57,2026-09-02 04:02:56
DPS,departures,2026-09-01,07:35,07:43,5J280,CEB280,MNL,Manila Ninoy Aquino International Airport,Cebu Pacific,5J,A21N,Airbus A321-271NX,RP-C4147,Departed 08:43,2026-09-02 04:02:56
DPS,departures,2026-09-01,07:40,07:46,CZ8482,CSN8482,CAN,Guangzhou Baiyun International Airport,China Southern Airlines,CZ,A21N,Airbus A321-251NX,B-32R2,Departed 08:46,2026-09-02 04:02:56
DPS,departures,2026-09-01,07:45,,IW1854,,LOP,Lombok International Airport,Wings Air,IW,AT7,,,Canceled,2026-09-02 04:02:56
DPS,departures,2026-09-01,07:55,07:49,IW1882,WON1882,SWQ,Sumbawa Besar Airport,Wings Air,IW,AT76,ATR 72-600,PK-WJT,Departed 08:49,2026-09-02 04:02:56
DPS,departures,2026-09-01,08:00,08:04,QZ642,AWQ642,LBJ,Labuan Bajo Komodo Airport,AirAsia,AK,A320,Airbus A320-216,PK-AZE,Departed 09:04,2026-09-02 04:02:56
DPS,departures,2026-09-01,08:00,08:06,QG500,CTV500,DIL,Dili Presidente Nicolau Lobato International Airport,Citilink,QG,A320,Airbus A320-214,PK-GLY,Departed 09:06,2026-09-02 04:02:56
DPS,departures,2026-09-01,08:10,08:16,8B5105,TNU5105,CGK,Jakarta Soekarno Hatta International Airport,TransNusa,8B,A320,Airbus A320-214,PK-TLF,Departed 09:16,2026-09-02 04:02:56
DPS,departures,2026-09-01,08:10,08:08,IN640,,TMC,Tambolaka Airport,Nam Air,IN,735,,,Estimated dep 09:08*,2026-09-02 04:02:56
DPS,departures,2026-09-01,08:10,08:11,ID6324,BTK6324,TMC,Tambolaka Airport,Batik Air,ID,A320,Airbus A320-214,PK-LAZ,Departed 09:11,2026-09-02 04:02:56
DPS,departures,2026-09-01,08:25,09:28,IW1848,WON1848,LOP,Lombok International Airport,Wings Air,IW,AT76,ATR 72-600,PK-WHP,Departed 10:28,2026-09-02 04:02:56
DPS,departures,2026-09-01,08:30,08:40,QZ807,AWQ807,CGK,Jakarta Soekarno Hatta International Airport,AirAsia,AK,A320,Airbus A320-214,PK-AZI,Departed 09:40,2026-09-02 04:02:56
DPS,departures,2026-09-01,08:30,12:19,ID6007,BTK6007,PER,Perth Airport,Batik Air,ID,A320,Airbus A320-214,PK-LAZ,Departed 13:19,2026-09-02 04:02:56
DPS,departures,2026-09-01,08:35,08:45,8B5634,TNU5634,BMU,Bima Sultan Muhammad Salahudin Airport,TransNusa,8B,AJ27,Comac ARJ-21-700,PK-TJC,Departed 09:45,2026-09-02 04:02:56
DPS,departures,2026-09-01,08:40,08:52,8B80,TNU080,PER,Perth Airport,TransNusa,8B,A320,Airbus A320-214,PK-TLN,Departed 09:52,2026-09-02 04:02:56
DPS,departures,2026-09-01,09:05,09:16,SQ935,SIA935,SIN,Singapore Changi Airport,Singapore Airlines,SQ,B78X,Boeing 787-10 Dreamliner,9V-SCZ,Departed 10:16,2026-09-02 04:02:56
DPS,departures,2026-09-01,09:05,09:19,IU137,SJV137,KOE,Kupang El Tari Airport,Super Air Jet,IU,A320,Airbus A320-232,PK-STI,Departed 10:19,2026-09-02 04:02:56
DPS,departures,2026-09-01,09:10,09:05,IU122,SJV122,YIA,Yogyakarta International Airport,Super Air Jet,IU,A320,Airbus A320-232,PK-SJM,Departed 10:05,2026-09-02 04:02:56
DPS,departures,2026-09-01,09:15,09:08,8B5252,TNU5252,LOP,Lombok International Airport,TransNusa,8B,AJ27,Comac ARJ-21-700,PK-TJB,Departed 10:08,2026-09-02 04:02:56
DPS,departures,2026-09-01,09:20,09:20,8B553,TNU553,SIN,Singapore Changi Airport,TransNusa,8B,A320,Airbus A320-214,PK-TLA,Departed 10:20,2026-09-02 04:02:56
DPS,departures,2026-09-01,09:25,11:29,8B5101,TNU5101,CGK,Jakarta Soekarno Hatta International Airport,TransNusa,8B,A320,Airbus A320-214,PK-TLC,Departed 12:29,2026-09-02 04:02:56
DPS,departures,2026-09-01,09:35,10:02,8G182,DTL182,DIL,Dili Presidente Nicolau Lobato International Airport,Aero Dili,8G,A320,Airbus A320-232,4W-AAL,Departed 11:02,2026-09-02 04:02:56
DPS,departures,2026-09-01,09:35,10:44,JT805,,SUB,Surabaya Juanda International Airport,Lion Air,JT,739,,,Unknown,2026-09-02 04:02:56
DPS,departures,2026-09-01,09:50,09:31,QZ815,AWQ815,CGK,Jakarta Soekarno Hatta International Airport,AirAsia,AK,A320,Airbus A320-214,PK-AZH,Departed 10:31,2026-09-02 04:02:56
DPS,departures,2026-09-01,09:55,10:46,JT744,,UPG,Makassar Sultan Hasanuddin International Airport,Lion Air,JT,739,,,Unknown,2026-09-02 04:02:56
DPS,departures,2026-09-01,10:10,11:02,IW1856,WON1856,LOP,Lombok International Airport,Wings Air,IW,AT75,ATR 72-500,PK-WFW,Departed 12:02,2026-09-02 04:02:56
DPS,departures,2026-09-01,10:15,10:34,JQ126,JST126,ADL,Adelaide Airport,Jetstar,JQ,A21N,Airbus A321-251NX(LR),VH-OSE,Departed 11:34,2026-09-02 04:02:56
DPS,departures,2026-09-01,10:20,10:28,6E1606,IGO1606,BLR,Bengaluru Kempegowda International Airport,IndiGo,6E,A20N,Airbus A320-251N,VT-IXI,Departed 11:28,2026-09-02 04:02:56
DPS,departures,2026-09-01,10:20,10:24,TR281,TGW281,SIN,Singapore Changi Airport,Scoot,TR,B788,Boeing 787-8 Dreamliner,9V-OFK,Departed 11:24,2026-09-02 04:02:56
DPS,departures,2026-09-01,10:25,10:32,QZ646,AWQ646,LBJ,Labuan Bajo Komodo Airport,AirAsia,AK,A320,Airbus A320-216,PK-AXY,Departed 11:32,2026-09-02 04:02:56
DPS,departures,2026-09-01,10:40,11:06,JQ109,JST109,PER,Perth Airport,Jetstar,JQ,A21N,Airbus A321-251NX(LR),VH-OYT,Departed 12:06,2026-09-02 04:02:56
DPS,departures,2026-09-01,10:40,10:53,IW1964,WON1964,LOP,Lombok International Airport,Wings Air,IW,AT76,ATR 72-600,PK-WJT,Departed 11:53,2026-09-02 04:02:56
DPS,departures,2026-09-01,10:40,11:10,IW2824,WON2824,BMU,Bima Sultan Muhammad Salahudin Airport,Wings Air,IW,AT76,ATR 72-600,PK-WKH,Departed 12:10,2026-09-02 04:02:56
DPS,departures,2026-09-01,10:40,10:48,AK371,AXM371,KUL,Kuala Lumpur International Airport,AirAsia,AK,A20N,Airbus A320-251N,9M-AGB,Departed 11:48,2026-09-02 04:02:56
DPS,departures,2026-09-01,10:45,10:57,ID6331,BTK6331,LBJ,Labuan Bajo Komodo Airport,Batik Air,ID,A320,Airbus A320-214,PK-LUT,Departed 11:57,2026-09-02 04:02:56
DPS,departures,2026-09-01,10:55,13:22,OD192,MXD192,KUL,Kuala Lumpur International Airport,Batik Air,ID,B738,Boeing 737-8U3,9M-LDG,Departed 14:22,2026-09-02 04:02:56
DPS,departures,2026-09-01,10:55,,JT31,,CGK,Jakarta Soekarno Hatta International Airport,Lion Air,JT,739,,,Unknown,2026-09-02 04:02:56
DPS,departures,2026-09-01,10:55,11:17,GA407,GIA407,CGK,Jakarta Soekarno Hatta International Airport,Garuda Indonesia,GA,B738,Boeing 737-8U3,PK-GMW,Departed 12:17,2026-09-02 04:02:56
DPS,departures,2026-09-01,11:00,11:14,QZ544,AWQ544,PER,Perth Airport,AirAsia,AK,A320,Airbus A320-216,PK-AZF,Departed 12:14,2026-09-02 04:02:56
DPS,departures,2026-09-01,11:05,11:54,QG697,CTV697,SUB,Surabaya Juanda International Airport,Citilink,QG,A20N,Airbus A320-251N,PK-GTF,Departed 12:54,2026-09-02 04:02:56
DPS,departures,2026-09-01,11:05,11:58,JQ32,JST032,MEL,Melbourne Airport,Jetstar,JQ,A21N,Airbus A321-251NX(LR),VH-OFY,Departed 12:58,2026-09-02 04:02:56
DPS,departures,2026-09-01,11:05,11:25,GA253,GIA253,YIA,Yogyakarta International Airport,Garuda Indonesia (Retro 1960 Livery),GA,B738,Boeing 737-8U3,PK-GFM,Departed 12:25,2026-09-02 04:02:56
DPS,departures,2026-09-01,11:10,11:21,SQ937,SIA937,SIN,Singapore Changi Airport,Singapore Airlines,SQ,B78X,Boeing 787-10 Dreamliner,9V-SCN,Departed 12:21,2026-09-02 04:02:56
DPS,departures,2026-09-01,11:20,11:32,JQ40,JST040,SYD,Sydney Kingsford Smith Airport,Jetstar,JQ,A21N,Airbus A321-251NX(LR),VH-OFU,Departed 12:32,2026-09-02 04:02:56
DPS,departures,2026-09-01,11:25,11:51,OD178,MXD178,KUL,Kuala Lumpur International Airport,Batik Air (Visit Malaysia Truly Asia 2026 Livery),ID,B38M,Boeing 737 MAX 8,9M-LRM,Departed 12:51,2026-09-02 04:02:56
DPS,departures,2026-09-01,11:40,11:43,8B5652,TNU5652,WGP,Waingapu Mau Hau Airport,TransNusa,8B,AJ27,Comac ARJ-21-700,PK-TJB,Departed 12:43,2026-09-02 04:02:56
DPS,departures,2026-09-01,11:40,12:02,8B5254,TNU5254,LOP,Lombok International Airport,TransNusa,8B,AJ27,Comac ARJ-21-700,PK-TJC,Departed 13:02,2026-09-02 04:02:56
DPS,departures,2026-09-01,11:45,11:47,IP103,PAS103,CGK,Jakarta Soekarno Hatta International Airport,Pelita Air,IP,A320,Airbus A320-232,PK-PWL,Departed 12:47,2026-09-02 04:02:56
DPS,departures,2026-09-01,12:00,12:43,OD307,MXD307,KUL,Kuala Lumpur International Airport,Batik Air,ID,B38M,Boeing 737 MAX 8,9M-LRG,Departed 13:43,2026-09-02 04:02:56
DPS,departures,2026-09-01,12:00,13:48,ID6509,BTK6509,CGK,Jakarta Soekarno Hatta International Airport,Batik Air,ID,A320,Airbus A320-214,PK-LUI,Departed 14:48,2026-09-02 04:02:56
DPS,departures,2026-09-01,12:00,12:04,AK365,AXM365,KUL,Kuala Lumpur International Airport,AirAsia,AK,A21N,Airbus A321-251NX,9M-VAC,Departed 13:04,2026-09-02 04:02:56
DPS,departures,2026-09-01,12:05,12:38,MH714,MAS714,KUL,Kuala Lumpur International Airport,Malaysia Airlines,MH,A339,Airbus A330-941,9M-MNP,Departed 13:38,2026-09-02 04:02:56
DPS,departures,2026-09-01,12:10,12:22,QG823,CTV823,BDO,Bandung Husein Sastranegara International Airport,Citilink,QG,A320,Airbus A320-214,PK-GLX,Departed 13:22,2026-09-02 04:02:56
DPS,departures,2026-09-01,12:10,13:29,OD172,MXD172,KUL,Kuala Lumpur International Airport,Batik Air,ID,B38M,Boeing 737 MAX 8,9M-LRW,Departed 14:29,2026-09-02 04:02:56
DPS,departures,2026-09-01,12:15,12:16,SQ939,SIA939,SIN,Singapore Changi Airport,Singapore Airlines,SQ,B78X,Boeing 787-10 Dreamliner,9V-SCH,Departed 13:16,2026-09-02 04:02:56
DPS,departures,2026-09-01,12:15,12:55,JT35,LNI035,CGK,Jakarta Soekarno Hatta International Airport,Lion Air,JT,B39M,Boeing 737 MAX 9,PK-LRI,Departed 13:55,2026-09-02 04:02:56
DPS,departures,2026-09-01,12:15,12:26,JQ58,JST058,BNE,Brisbane Airport,Jetstar,JQ,A21N,Airbus A321-251NX(LR),VH-OYW,Departed 13:26,2026-09-02 04:02:56
DPS,departures,2026-09-01,12:25,13:06,SL259,TLM259,DMK,Bangkok Don Mueang International Airport,Thai Lion Air,SL,B738,Boeing 737-8GP,HS-LGI,Departed 14:06,2026-09-02 04:02:56
DPS,departures,2026-09-01,12:25,12:52,GA409,GIA409,CGK,Jakarta Soekarno Hatta International Airport,Garuda Indonesia,GA,B738,Boeing 737-8U3,PK-GFW,Departed 13:52,2026-09-02 04:02:56
DPS,departures,2026-09-01,12:35,12:47,QZ803,AWQ803,CGK,Jakarta Soekarno Hatta International Airport,AirAsia (Sustainable ASEAN Tourism Livery),AK,A320,Airbus A320-216,PK-AZS,Departed 13:47,2026-09-02 04:02:56
DPS,departures,2026-09-01,12:35,09:37,JT660,,BPN,Balikpapan Sepinggan Airport,Lion Air,JT,739,,,Estimated dep 10:37*,2026-09-02 04:02:56
DPS,departures,2026-09-01,12:40,13:18,GA842,GIA842,SIN,Singapore Changi Airport,Garuda Indonesia,GA,B738,Boeing 737-86N,PK-GFU,Departed 14:18,2026-09-02 04:02:56
DPS,departures,2026-09-01,12:50,13:14,8B5107,TNU5107,CGK,Jakarta Soekarno Hatta International Airport,TransNusa,8B,A320,Airbus A320-214,PK-TLF,Departed 14:14,2026-09-02 04:02:56
DPS,departures,2026-09-01,12:55,13:01,QG687,CTV687,CGK,Jakarta Soekarno Hatta International Airport,Citilink,QG,A320,Airbus A320-214,PK-GQH,Departed 14:01,2026-09-02 04:02:56
DPS,departures,2026-09-01,12:55,13:54,JT919,LNI919,SUB,Surabaya Juanda International Airport,Lion Air,JT,B739,Boeing 737-9GP(ER),PK-LHQ,Departed 14:54,2026-09-02 04:02:56
DPS,departures,2026-09-01,13:00,13:11,VJ848,VJC848,SGN,Ho Chi Minh City International Airport,VietJet Air,VJ,A321,Airbus A321-211,VN-A629,Departed 14:11,2026-09-02 04:02:56
DPS,departures,2026-09-01,13:00,13:24,QG342,CTV342,UPG,Makassar Sultan Hasanuddin International Airport,Citilink,QG,A20N,Airbus A320-251N,PK-GTC,Departed 14:24,2026-09-02 04:02:56
DPS,departures,2026-09-01,13:05,13:33,TR289,TGW289,SIN,Singapore Changi Airport,Scoot,TR,B789,Boeing 787-9 Dreamliner,9V-OJC,Departed 14:33,2026-09-02 04:02:56
DPS,departures,2026-09-01,13:15,15:06,ID6517,BTK6517,CGK,Jakarta Soekarno Hatta International Airport,Batik Air,ID,A320,Airbus A320-214,PK-BKV,Departed 16:06,2026-09-02 04:02:56
DPS,departures,2026-09-01,13:20,13:37,ID7308,BTK7308,HLP,Jakarta Halim Perdanakusuma Airport,Batik Air,ID,A320,Airbus A320-214,PK-LAL,Departed 14:37,2026-09-02 04:02:56
DPS,departures,2026-09-01,13:25,13:44,IU130,SJV130,SRG,Semarang Achmad Yani International Airport,Super Air Jet,IU,A320,Airbus A320-232,PK-SJH,Departed 14:44,2026-09-02 04:02:56
DPS,departures,2026-09-01,13:30,14:16,GA653,GIA653,CGK,Jakarta Soekarno Hatta International Airport,Garuda Indonesia,GA,B738,Boeing 737-8U3,PK-GFP,Departed 15:16,2026-09-02 04:02:56
DPS,departures,2026-09-01,13:35,13:40,VJ894,VJC894,SGN,Ho Chi Minh City International Airport,VietJet Air,VJ,A21N,Airbus A321-271N,VN-A646,Departed 14:40,2026-09-02 04:02:56
DPS,departures,2026-09-01,13:45,,JT33,,CGK,Jakarta Soekarno Hatta International Airport,Lion Air,JT,739,,,Canceled,2026-09-02 04:02:56
DPS,departures,2026-09-01,14:00,14:13,JT844,LNI844,BDJ,Banjarmasin Syamsudin Noor Airport,Lion Air,JT,B739,Boeing 737-9GP(ER),PK-LFY,Departed 15:13,2026-09-02 04:02:56
DPS,departures,2026-09-01,14:00,14:07,IU128,SJV128,SOC,Surakarta Adisumarmo International Airport,Super Air Jet,IU,A320,Airbus A320-232,PK-STI,Departed 15:07,2026-09-02 04:02:56
DPS,departures,2026-09-01,14:00,15:32,IU120,SJV120,YIA,Yogyakarta International Airport,Super Air Jet,IU,A320,Airbus A320-232,PK-SJP,Departed 16:32,2026-09-02 04:02:56
DPS,departures,2026-09-01,14:05,14:11,QG681,CTV681,CGK,Jakarta Soekarno Hatta International Airport,Citilink,QG,A320,Airbus A320-214,PK-GLY,Departed 15:11,2026-09-02 04:02:56
DPS,departures,2026-09-01,14:05,14:35,JQ88,JST088,SIN,Singapore Changi Airport,Jetstar,JQ,A21N,Airbus A321-251NX(LR),VH-OYQ,Departed 15:35,2026-09-02 04:02:56
DPS,departures,2026-09-01,14:10,14:55,JQ44,JST044,MEL,Melbourne Airport,Jetstar,JQ,A21N,Airbus A321-251NX(LR),VH-OYK,Departed 15:55,2026-09-02 04:02:56
DPS,departures,2026-09-01,14:15,14:39,VA50,VOZ050,BNE,Brisbane Airport,Virgin Australia,VA,B38M,Boeing 737 MAX 8,VH-8IL,Departed 15:39,2026-09-02 04:02:56
DPS,departures,2026-09-01,14:15,14:43,QZ536,AWQ536,PER,Perth Airport,AirAsia,AK,A320,Airbus A320-216,PK-AZE,Departed 15:43,2026-09-02 04:02:56
DPS,departures,2026-09-01,14:25,14:23,AK377,AXM377,KUL,Kuala Lumpur International Airport,AirAsia,AK,A20N,Airbus A320-251N,9M-RAB,Departed 15:23,2026-09-02 04:02:53
DPS,departures,2026-09-01,14:30,15:20,QG669,CTV669,SUB,Surabaya Juanda International Airport,Citilink,QG,A320,Airbus A320-214,PK-GQC,Departed 16:20,2026-09-02 04:02:53
DPS,departures,2026-09-01,14:30,14:42,JT740,LNI740,UPG,Makassar Sultan Hasanuddin International Airport,Lion Air,JT,B739,Boeing 737-9GP(ER),PK-LHI,Departed 15:42,2026-09-02 04:02:53
DPS,departures,2026-09-01,14:35,14:58,IP109,PAS109,CGK,Jakarta Soekarno Hatta International Airport,Pelita Air,IP,A320,Airbus A320-214,PK-PWE,Departed 15:58,2026-09-02 04:02:53
DPS,departures,2026-09-01,14:40,14:49,IW1850,WON1850,LOP,Lombok International Airport,Wings Air,IW,AT76,ATR 72-600,PK-WKH,Departed 15:49,2026-09-02 04:02:53
DPS,departures,2026-09-01,14:45,14:45,QZ648,AWQ648,LBJ,Labuan Bajo Komodo Airport,AirAsia,AK,A320,Airbus A320-216,PK-AXY,Departed 15:45,2026-09-02 04:02:53
DPS,departures,2026-09-01,14:45,14:54,GA411,GIA411,CGK,Jakarta Soekarno Hatta International Airport,Garuda Indonesia (From Nature to Future Livery),GA,B738,Boeing 737-8U3,PK-GFX,Departed 15:54,2026-09-02 04:02:53
DPS,departures,2026-09-01,14:50,15:18,VA92,VOZ092,MEL,Melbourne Airport,Virgin Australia,VA,B38M,Boeing 737 MAX 8,VH-8ID,Departed 16:18,2026-09-02 04:02:53
DPS,departures,2026-09-01,14:55,15:13,8B5256,TNU5256,LOP,Lombok International Airport,TransNusa,8B,AJ27,Comac ARJ-21-700,PK-TJC,Departed 16:13,2026-09-02 04:02:53
DPS,departures,2026-09-01,14:55,15:11,CI772,CAL772,TPE,Taipei Taoyuan International Airport,China Airlines,CI,B77W,Boeing 777-309(ER),B-18002,Departed 16:11,2026-09-02 04:02:53
DPS,departures,2026-09-01,15:00,15:22,VN640,HVN640,SGN,Ho Chi Minh City International Airport,Vietnam Airlines,VN,A321,Airbus A321-231,VN-A325,Departed 16:22,2026-09-02 04:02:53
DPS,departures,2026-09-01,15:10,15:39,QZ246,AWQ246,HKT,Phuket International Airport,AirAsia,AK,A320,Airbus A320-216,PK-AZK,Departed 16:39,2026-09-02 04:02:53
DPS,departures,2026-09-01,15:15,15:45,CX784,CPA784,HKG,Hong Kong International Airport,Cathay Pacific,CX,B773,Boeing 777-367,B-HNE,Departed 16:45,2026-09-02 04:02:53
DPS,departures,2026-09-01,15:20,15:24,QZ819,AWQ819,CGK,Jakarta Soekarno Hatta International Airport,AirAsia (Colours of Indonesia Livery),AK,A320,Airbus A320-216,PK-AXD,Departed 16:24,2026-09-02 04:02:53
DPS,departures,2026-09-01,15:25,15:26,8B82,TNU082,PER,Perth Airport,TransNusa,8B,A320,Airbus A320-214,PK-TLP,Departed 16:26,2026-09-02 04:02:53
DPS,departures,2026-09-01,15:25,15:37,MH850,MAS850,KUL,Kuala Lumpur International Airport,Malaysia Airlines,MH,B38M,Boeing 737 MAX 8,9M-MVC,Departed 16:37,2026-09-02 04:02:53
DPS,departures,2026-09-01,15:30,15:34,IW1852,WON1852,LOP,Lombok International Airport,Wings Air,IW,AT76,ATR 72-600,PK-WJT,Departed 16:34,2026-09-02 04:02:53
DPS,departures,2026-09-01,15:30,15:48,BR256,EVA256,TPE,Taipei Taoyuan International Airport,EVA Air (Sanrio Characters Joyful Dream Livery),BR,A333,Airbus A330-302,B-16332,Departed 16:48,2026-09-02 04:02:53
DPS,departures,2026-09-01,15:40,,IU703,,SUB,Surabaya Juanda International Airport,Super Air Jet,IU,320,,,Unknown,2026-09-02 04:02:53
DPS,departures,2026-09-01,15:45,15:46,ID6335,BTK6335,LBJ,Labuan Bajo Komodo Airport,Batik Air,ID,A320,Airbus A320-214,PK-LUT,Departed 16:46,2026-09-02 04:02:53
DPS,departures,2026-09-01,15:45,15:52,GA255,GIA255,YIA,Yogyakarta International Airport,Garuda Indonesia,GA,B738,Boeing 737-8U3,PK-GMC,Departed 16:52,2026-09-02 04:02:53
DPS,departures,2026-09-01,15:50,15:53,HO1356,DKH1356,PVG,Shanghai Pudong International Airport,Juneyao Air,HO,A20N,Airbus A320-271N,B-326H,Departed 16:53,2026-09-02 04:02:53
DPS,departures,2026-09-01,15:55,15:58,TG432,THA432,BKK,Bangkok Suvarnabhumi Airport,Thai Airways,TG,A359,Airbus A350-941,HS-THN,Departed 16:58,2026-09-02 04:02:53
DPS,departures,2026-09-01,15:55,16:00,GA349,GIA349,SUB,Surabaya Juanda International Airport,Garuda Indonesia (Retro 1960 Livery),GA,B738,Boeing 737-8U3,PK-GFM,Departed 17:00,2026-09-02 04:02:53
DPS,departures,2026-09-01,16:05,17:12,IW1962,WON1962,LOP,Lombok International Airport,Wings Air,IW,AT76,ATR 72-600,PK-WKH,Departed 18:12,2026-09-02 04:02:53
DPS,departures,2026-09-01,16:15,19:23,JT23,,CGK,Jakarta Soekarno Hatta International Airport,Lion Air,JT,738,,,Unknown,2026-09-02 04:02:53
DPS,departures,2026-09-01,16:25,16:40,GA419,GIA419,CGK,Jakarta Soekarno Hatta International Airport,Garuda Indonesia,GA,B738,Boeing 737-8U3,PK-GFF,Departed 17:40,2026-09-02 04:02:53
DPS,departures,2026-09-01,16:30,16:29,VJ998,VJC998,HAN,Hanoi Noi Bai International Airport,VietJet Air,VJ,A21N,Airbus A321-271NX,VN-A201,Departed 17:29,2026-09-02 04:02:53
DPS,departures,2026-09-01,16:35,17:06,TR243,TGW243,SIN,Singapore Changi Airport,Scoot,TR,A21N,Airbus A321-271NX,9V-NCN,Departed 18:06,2026-09-02 04:02:53
DPS,departures,2026-09-01,16:40,16:50,IP107,PAS107,CGK,Jakarta Soekarno Hatta International Airport,Pelita Air,IP,A320,Airbus A320-232,PK-PWL,Departed 17:50,2026-09-02 04:02:53
DPS,departures,2026-09-01,16:50,17:01,NZ291,ANZ291,AKL,Auckland Airport,Air New Zealand,NZ,B789,Boeing 787-9 Dreamliner,ZK-NZJ,Departed 18:01,2026-09-02 04:02:53
DPS,departures,2026-09-01,17:10,17:34,OD193,MXD193,PER,Perth Airport,Batik Air,ID,B738,Boeing 737-8U3,9M-LDF,Departed 18:34,2026-09-02 04:02:53
DPS,departures,2026-09-01,17:10,,JT803,,SUB,Surabaya Juanda International Airport,Lion Air,JT,738,,,Unknown,2026-09-02 04:02:53
DPS,departures,2026-09-01,17:15,18:00,MU7406,CES7406,PVG,Shanghai Pudong International Airport,China Eastern Airlines,MU,A333,Airbus A330-343,B-8968,Departed 19:00,2026-09-02 04:02:53
DPS,departures,2026-09-01,17:25,18:29,ID6552,BTK6552,KOE,Kupang El Tari Airport,Batik Air,ID,A320,Airbus A320-214,PK-LUY,Departed 19:29,2026-09-02 04:02:53
DPS,departures,2026-09-01,17:30,,IN283,,CGK,Jakarta Soekarno Hatta International Airport,Nam Air,IN,735,,,Unknown,2026-09-02 04:02:53
DPS,departures,2026-09-01,17:30,17:30,IN281,,CGK,Jakarta Soekarno Hatta International Airport,NAM Air,IN,B735,Boeing 737-524,PK-NAS,Estimated dep 18:30*,2026-09-02 04:02:53
DPS,departures,2026-09-01,17:30,17:48,GA417,GIA417,CGK,Jakarta Soekarno Hatta International Airport,Garuda Indonesia (Livin' by Mandiri Livery),GA,B738,Boeing 737-86N,PK-GFI,Departed 18:48,2026-09-02 04:02:53
DPS,departures,2026-09-01,17:40,17:51,QZ821,AWQ821,CGK,Jakarta Soekarno Hatta International Airport,AirAsia (Sustainable ASEAN Tourism Livery),AK,A320,Airbus A320-216,PK-AZS,Departed 18:51,2026-09-02 04:02:53
DPS,departures,2026-09-01,17:45,18:04,EY477,ETD477,AUH,Abu Dhabi Zayed International Airport,Etihad Airways,EY,B77W,Boeing 777-3FX(ER),A6-ETH,Departed 19:04,2026-09-02 04:02:53
DPS,departures,2026-09-01,17:50,19:40,IP105,PAS105,CGK,Jakarta Soekarno Hatta International Airport,Pelita Air,IP,A320,Airbus A320-216,PK-PWN,Departed 20:40,2026-09-02 04:02:53
DPS,departures,2026-09-01,17:55,17:26,8B5258,TNU5258,LOP,Lombok International Airport,TransNusa,8B,AJ27,Comac ARJ-21-700,PK-TJC,Departed 18:26,2026-09-02 04:02:53
DPS,departures,2026-09-01,18:00,18:10,TG440,THA440,BKK,Bangkok Suvarnabhumi Airport,Thai Airways,TG,A320,Airbus A320-232,HS-TXC,Departed 19:10,2026-09-02 04:02:53
DPS,departures,2026-09-01,18:00,18:33,QG689,CTV689,CGK,Jakarta Soekarno Hatta International Airport,Citilink,QG,A320,Airbus A320-214,PK-GLK,Departed 19:33,2026-09-02 04:02:53
DPS,departures,2026-09-01,18:10,18:07,GA347,GIA347,SUB,Surabaya Juanda International Airport,Garuda Indonesia,GA,B738,Boeing 737-8U3,PK-GUF,Departed 19:07,2026-09-02 04:02:53
DPS,departures,2026-09-01,18:20,19:00,QR963,QTR963,DOH,Doha Hamad International Airport,Qatar Airways,QR,A35K,Airbus A350-1041,A7-AOH,Departed 20:00,2026-09-02 04:02:53
DPS,departures,2026-09-01,18:20,19:05,MH852,MAS852,KUL,Kuala Lumpur International Airport,Malaysia Airlines,MH,B38M,Boeing 737 MAX 8,9M-MVN,Departed 20:05,2026-09-02 04:02:53
DPS,departures,2026-09-01,18:25,19:43,ID7310,BTK7310,HLP,Jakarta Halim Perdanakusuma Airport,Batik Air,ID,A320,Airbus A320-214,PK-LUT,Departed 20:43,2026-09-02 04:02:53
DPS,departures,2026-09-01,18:30,18:36,QG699,CTV699,SUB,Surabaya Juanda International Airport,Citilink,QG,A20N,Airbus A320-251N,PK-GTG,Departed 19:36,2026-09-02 04:02:53
DPS,departures,2026-09-01,18:45,18:58,TR283,TGW283,SIN,Singapore Changi Airport,Scoot,TR,B788,Boeing 787-8 Dreamliner,9V-OFK,Departed 19:58,2026-09-02 04:02:53
DPS,departures,2026-09-01,18:45,22:42,EK369,UAE369,DXB,Dubai International Airport,Emirates,EK,A388,Airbus A380-861,A6-EOX,Departed 23:42,2026-09-02 04:02:53
DPS,departures,2026-09-01,18:45,19:12,AK379,AXM379,KUL,Kuala Lumpur International Airport,AirAsia,AK,A320,Airbus A320-216,9M-RAO,Departed 20:12,2026-09-02 04:02:53
DPS,departures,2026-09-01,18:50,18:50,8B969,TNU969,CAN,Guangzhou Baiyun International Airport,TransNusa,8B,A320,Airbus A320-214,PK-TLA,Departed 19:50,2026-09-02 04:02:53
DPS,departures,2026-09-01,18:50,,IU133,,SRG,Semarang Achmad Yani International Airport,Super Air Jet,IU,320,,,Unknown,2026-09-02 04:02:53
DPS,departures,2026-09-01,18:55,19:38,JT923,LNI923,SUB,Surabaya Juanda International Airport,Lion Air,JT,B739,Boeing 737-9GP(ER),PK-LHR,Departed 20:38,2026-09-02 04:02:53
DPS,departures,2026-09-01,18:55,19:21,GA421,GIA421,CGK,Jakarta Soekarno Hatta International Airport,Garuda Indonesia,GA,B738,Boeing 737-8U3,PK-GMD,Departed 20:21,2026-09-02 04:02:53
DPS,departures,2026-09-01,19:00,19:25,SQ945,SIA945,SIN,Singapore Changi Airport,Singapore Airlines,SQ,B78X,Boeing 787-10 Dreamliner,9V-SCN,Departed 20:25,2026-09-02 04:02:53
DPS,departures,2026-09-01,19:10,,QG667,,CGK,Jakarta Soekarno Hatta International Airport,Citilink,QG,320,,,Canceled,2026-09-02 04:02:53
DPS,departures,2026-09-01,19:30,19:34,QG195,CTV195,HLP,Jakarta Halim Perdanakusuma Airport,Citilink Garuda Indonesia,QG,A320,Airbus A320-214,PK-GQT,Departed 20:34,2026-09-02 04:02:53
DPS,departures,2026-09-01,19:30,20:44,ID6415,BTK6415,SUB,Surabaya Juanda International Airport,Batik Air,ID,A320,Airbus A320-214,PK-BKV,Departed 21:44,2026-09-02 04:02:53
DPS,departures,2026-09-01,19:40,20:01,GA415,GIA415,CGK,Jakarta Soekarno Hatta International Airport,Garuda Indonesia,GA,B738,Boeing 737-8U3,PK-GFP,Departed 21:01,2026-09-02 04:02:53
DPS,departures,2026-09-01,19:45,19:51,KL836,KLM836,SIN,Singapore Changi Airport,KLM Asia,KL,B772,Boeing 777-206(ER),PH-BQN,Departed 20:51,2026-09-02 04:02:53
DPS,departures,2026-09-01,20:00,19:54,TK67,THY067,IST,Istanbul Airport,Turkish Airlines,TK,A359,Airbus A350-941,TC-LHK,Departed 20:54,2026-09-02 04:02:53
DPS,departures,2026-09-01,20:00,20:25,OD177,MXD177,MEL,Melbourne Airport,Batik Air (Visit Malaysia Truly Asia 2026 Livery),ID,B38M,Boeing 737 MAX 8,9M-LRL,Departed 21:25,2026-09-02 04:02:53
DPS,departures,2026-09-01,20:15,20:36,JT15,LNI015,CGK,Jakarta Soekarno Hatta International Airport,Lion Air,JT,B39M,Boeing 737 MAX 9,PK-LRI,Departed 21:36,2026-09-02 04:02:53
DPS,departures,2026-09-01,20:20,20:48,JQ34,JST034,MEL,Melbourne Airport,Jetstar,JQ,A21N,Airbus A321-251NX(LR),VH-OFV,Departed 21:48,2026-09-02 04:02:53
DPS,departures,2026-09-01,20:30,20:55,JQ117,JST117,PER,Perth Airport,Jetstar,JQ,A21N,Airbus A321-251NX(LR),VH-OYT,Departed 21:55,2026-09-02 04:02:53
DPS,departures,2026-09-01,20:35,21:54,SJ273,SJY273,CGK,Jakarta Soekarno Hatta International Airport,BBN Airlines Indonesia,0B,B738,Boeing 737-8BK,PK-BBF,Departed 22:54,2026-09-02 04:02:53
DPS,departures,2026-09-01,20:40,20:51,SQ947,SIA947,SIN,Singapore Changi Airport,Singapore Airlines,SQ,B78X,Boeing 787-10 Dreamliner,9V-SCB,Departed 21:51,2026-09-02 04:02:53
DPS,departures,2026-09-01,21:00,22:15,OD157,MXD157,BNE,Brisbane Airport,Batik Air (Visit Malaysia Truly Asia 2026 Livery),ID,B38M,Boeing 737 MAX 8,9M-LRM,Departed 23:15,2026-09-02 04:02:53
DPS,departures,2026-09-01,21:05,21:41,GA718,GIA718,MEL,Melbourne Airport,Garuda Indonesia (74th Anniversary Livery),GA,A333,Airbus A330-343,PK-GPZ,Departed 22:41,2026-09-02 04:02:53
DPS,departures,2026-09-01,21:10,21:06,JQ60,JST060,BNE,Brisbane Airport,Jetstar,JQ,A21N,Airbus A321-251NX(LR),VH-OIR,Departed 22:06,2026-09-02 04:02:53
DPS,departures,2026-09-01,21:15,21:33,OD171,MXD171,SYD,Sydney Kingsford Smith Airport,Batik Air,ID,B38M,Boeing 737 MAX 8,9M-LRP,Departed 22:33,2026-09-02 04:02:53
DPS,departures,2026-09-01,21:15,21:43,AK375,AXM375,KUL,Kuala Lumpur International Airport,AirAsia,AK,A320,Airbus A320-216,9M-RAE,Departed 22:43,2026-09-02 04:02:53
DPS,departures,2026-09-01,21:20,21:29,QF44,QFA044,SYD,Sydney Kingsford Smith Airport,Qantas,QF,A332,Airbus A330-202,VH-EBD,Departed 22:29,2026-09-02 04:02:53
DPS,departures,2026-09-01,21:35,21:56,JQ38,JST038,SYD,Sydney Kingsford Smith Airport,Jetstar,JQ,A21N,Airbus A321-251NX(LR),VH-OLQ,Departed 22:56,2026-09-02 04:02:53
DPS,departures,2026-09-01,21:45,22:03,7C5304,JJA5304,ICN,Seoul Incheon International Airport,Jeju Air,7C,B38M,Boeing 737 MAX 8,HL8553,Departed 23:03,2026-09-02 04:02:53
DPS,departures,2026-09-01,22:05,22:09,VA96,VOZ096,MEL,Melbourne Airport,Virgin Australia,VA,B738,Boeing 737-8FE,VH-YIR,Departed 23:09,2026-09-02 04:02:53
DPS,departures,2026-09-01,22:10,,8B5109,,CGK,Jakarta Soekarno Hatta International Airport,TransNusa,8B,320,,,Unknown,2026-09-02 04:02:53
DPS,departures,2026-09-01,22:20,22:45,VA82,VOZ082,OOL,Gold Coast Airport,Virgin Australia,VA,B738,Boeing 737-8FE,VH-YIQ,Departed 23:45,2026-09-02 04:02:53
DPS,departures,2026-09-01,22:25,23:04,JQ36,JST036,MEL,Melbourne Airport,Jetstar,JQ,A21N,Airbus A321-251NX(LR),VH-OFQ,Departed 00:04,2026-09-02 04:02:53
DPS,departures,2026-09-01,22:25,22:49,GA714,GIA714,SYD,Sydney Kingsford Smith Airport,Garuda Indonesia (Pokémon Livery),GA,A333,Airbus A330-343,PK-GPY,Departed 23:49,2026-09-02 04:02:53
DPS,departures,2026-09-01,22:35,22:47,VA68,VOZ068,SYD,Sydney Kingsford Smith Airport,Virgin Australia,VA,B38M,Boeing 737 MAX 8,VH-8IM,Departed 23:47,2026-09-02 04:02:53
DPS,departures,2026-09-01,22:45,22:58,KE432,KAL432,ICN,Seoul Incheon International Airport,Korean Air,KE,B789,Boeing 787-9 Dreamliner,HL7206,Departed 23:58,2026-09-02 04:02:53
DPS,departures,2026-09-01,22:50,23:14,JQ89,JST089,NTL,Newcastle Airport,Jetstar,JQ,A21N,Airbus A321-251NX(LR),VH-OYQ,Departed 00:14,2026-09-02 04:02:53
DPS,departures,2026-09-01,23:15,23:16,QZ548,AWQ548,PER,Perth Airport,AirAsia (Colours of Indonesia Livery),AK,A320,Airbus A320-216,PK-AXD,Departed 00:16,2026-09-02 04:02:53
DPS,departures,2026-09-01,23:20,23:22,8B84,TNU084,PER,Perth Airport,TransNusa,8B,A320,Airbus A320-214,PK-TLN,Departed 00:22,2026-09-02 04:02:53
DPS,departures,2026-09-01,23:20,00:52,GA880,GIA880,NRT,Tokyo Narita International Airport,Garuda Indonesia,GA,A333,Airbus A330-343,PK-GPU,Departed 01:52,2026-09-02 04:02:53
DPS,departures,2026-09-01,23:30,23:28,MU890,CES890,PKX,Beijing Daxing International Airport,China Eastern Airlines,MU,A333,Airbus A330-343,B-8971,Departed 00:28,2026-09-02 04:02:53
DPS,departures,2026-09-01,23:30,23:56,MF892,CXA892,XMN,Xiamen Gaoqi International Airport,Xiamen Air,MF,B38M,Boeing 737 MAX 8,B-226Z,Departed 00:56,2026-09-02 04:02:53
DPS,departures,2026-09-01,23:35,00:57,EK399,UAE399,DXB,Dubai International Airport,Emirates,EK,A388,Airbus A380-842,A6-EUY,Departed 01:57,2026-09-02 04:02:53
DPS,departures,2026-09-01,23:35,23:46,QR961,QTR961,DOH,Doha Hamad International Airport,Qatar Airways,QR,A35K,Airbus A350-1041,A7-AOG,Departed 00:46,2026-09-02 04:02:53
DPS,departures,2026-09-01,23:40,23:48,CZ626,CSN626,CAN,Guangzhou Baiyun International Airport,China Southern Airlines,CZ,A21N,Airbus A321-251NX,B-32MP,Departed 00:48,2026-09-02 04:02:53
DPS,departures,2026-09-01,23:55,00:32,PR538,PAL538,MNL,Manila Ninoy Aquino International Airport,Philippine Airlines,PR,A321,Airbus A321-231,RP-C9901,Departed 01:32,2026-09-02 04:02:53
DPS,departures,2026-09-01,23:55,00:26,MU5030,CES5030,PVG,Shanghai Pudong International Airport,China Eastern Airlines,MU,A333,Airbus A330-343,B-8862,Departed 01:26,2026-09-02 04:02:53
KNO,arrivals,2026-09-01,07:15,,JT200,,CGK,Jakarta Soekarno Hatta International Airport,Lion Air,JT,738,,,Canceled,2026-09-02 04:04:27
KNO,arrivals,2026-09-01,07:40,,IW1265,,GNS,Gunung Sitoli Binaka Airport,Wings Air,IW,AT7,,,Canceled,2026-09-02 04:04:27
KNO,arrivals,2026-09-01,07:50,07:48,QG910,CTV910,CGK,Jakarta Soekarno Hatta International Airport,Citilink,QG,A20N,Airbus A320-251N,PK-GTA,Landed 07:48,2026-09-02 04:04:27
KNO,arrivals,2026-09-01,08:00,,3Y224,,PEN,Penang International Airport,My Indo Airlines,3Y,73Y,,,Unknown,2026-09-02 04:04:27
KNO,arrivals,2026-09-01,08:00,,SQ990,,SIN,Singapore Changi Airport,Singapore Airlines,SQ,7M8,,,Canceled,2026-09-02 04:04:27
KNO,arrivals,2026-09-01,08:15,,IU940,,CGK,Jakarta Soekarno Hatta International Airport,Super Air Jet,IU,320,,,Canceled,2026-09-02 04:04:27
KNO,arrivals,2026-09-01,08:20,,QZ107,,PEN,Penang International Airport,Indonesia AirAsia,QZ,320,,,Canceled,2026-09-02 04:04:27
KNO,arrivals,2026-09-01,08:20,17:05,IW1213,WON1213,BTJ,Banda Aceh International Airport,Wings Air,IW,AT76,ATR 72-600,PK-WHF,Landed 17:05,2026-09-02 04:04:27
KNO,arrivals,2026-09-01,08:30,,GA180,,CGK,Jakarta Soekarno Hatta International Airport,Garuda Indonesia,GA,738,,,Canceled,2026-09-02 04:04:27
KNO,arrivals,2026-09-01,08:35,08:39,QG10,CTV010,HLP,Jakarta Halim Perdanakusuma Airport,Citilink,QG,A320,Airbus A320-214,PK-GLT,Landed 08:39,2026-09-02 04:04:27
KNO,arrivals,2026-09-01,08:35,,IP300,,CGK,Jakarta Soekarno Hatta International Airport,Pelita Air,IP,320,,,Canceled,2026-09-02 04:04:27
KNO,arrivals,2026-09-01,08:40,,SQS5156,,LKI,Sinabang Lasikin Airport,Susi Air,,CNC,,,Unknown,2026-09-02 04:04:27
KNO,arrivals,2026-09-01,08:40,,QZ125,,KUL,Kuala Lumpur International Airport,Indonesia AirAsia,QZ,320,,,Canceled,2026-09-02 04:04:27
KNO,arrivals,2026-09-01,09:05,09:01,QG924,CTV924,BTH,Batam Hang Nadim Airport,Citilink (Tiket.com Livery),QG,A320,Airbus A320-214,PK-GLW,Landed 09:01,2026-09-02 04:04:27
KNO,arrivals,2026-09-01,09:15,,ID7263,,KUL,Kuala Lumpur International Airport,Batik Air,ID,738,,,Unknown,2026-09-02 04:04:27
KNO,arrivals,2026-09-01,09:15,,ID7011,,CGK,Jakarta Soekarno Hatta International Airport,Batik Air,ID,32A,,,Unknown,2026-09-02 04:04:27
KNO,arrivals,2026-09-01,09:20,,IU862,,PDG,Padang Minangkabau International Airport,Super Air Jet,IU,320,,,Unknown,2026-09-02 04:04:27
KNO,arrivals,2026-09-01,09:30,,ID6879,,DJB,Jambi Sultan Thaha Airport,Batik Air,ID,32A,,,Unknown,2026-09-02 04:04:27
KNO,arrivals,2026-09-01,09:30,09:33,GA182,GIA182,CGK,Jakarta Soekarno Hatta International Airport,Garuda Indonesia,GA,B738,Boeing 737-8SH,PK-GUD,Landed 09:33,2026-09-02 04:04:27
KNO,arrivals,2026-09-01,10:20,10:22,QG912,CTV912,CGK,Jakarta Soekarno Hatta International Airport,Citilink,QG,A320,Airbus A320-214,PK-GQM,Landed 10:22,2026-09-02 04:04:27
KNO,arrivals,2026-09-01,10:20,,JT204,,CGK,Jakarta Soekarno Hatta International Airport,Lion Air,JT,739,,,Unknown,2026-09-02 04:04:27
KNO,arrivals,2026-09-01,10:30,,IU964,,PLM,Palembang International Airport,Super Air Jet,IU,320,,,Unknown,2026-09-02 04:04:27
KNO,arrivals,2026-09-01,10:30,,AK391,,KUL,Kuala Lumpur International Airport,AirAsia,AK,A20N,Airbus A320-251N,9M-AGE,Canceled,2026-09-02 04:04:27
KNO,arrivals,2026-09-01,10:45,17:10,IW1249,WON1249,GNS,Gunung Sitoli Binaka Airport,Wings Air,IW,AT76,ATR 72-600,PK-WHT,Landed 17:10,2026-09-02 04:04:27
KNO,arrivals,2026-09-01,10:55,,JT135,,PEN,Penang International Airport,Lion Air,JT,739,,,Canceled,2026-09-02 04:04:27
KNO,arrivals,2026-09-01,11:20,,QZ103,,PEN,Penang International Airport,Indonesia AirAsia,QZ,320,,,Canceled,2026-09-02 04:04:27
KNO,arrivals,2026-09-01,11:30,,JT971,,BTH,Batam Hang Nadim Airport,Lion Air,JT,739,,,Unknown,2026-09-02 04:04:27
KNO,arrivals,2026-09-01,11:55,17:24,GA184,GIA184,CGK,Jakarta Soekarno Hatta International Airport,Garuda Indonesia,GA,B738,Boeing 737-8U3,PK-GNF,Landed 17:24,2026-09-02 04:04:27
KNO,arrivals,2026-09-01,12:10,,QZ121,,KUL,Kuala Lumpur International Airport,Indonesia AirAsia,QZ,320,,,Canceled,2026-09-02 04:04:27
KNO,arrivals,2026-09-01,12:20,,JT873,,CGK,Jakarta Soekarno Hatta International Airport,Lion Air,JT,739,,,Canceled,2026-09-02 04:04:27
KNO,arrivals,2026-09-01,12:20,,JT206,,CGK,Jakarta Soekarno Hatta International Airport,Lion Air,JT,7M9,,,Unknown,2026-09-02 04:04:27
KNO,arrivals,2026-09-01,13:00,,IU832,,PKU,Pekanbaru Sultan Syarif Kasim II Airport,Super Air Jet,IU,320,,,Unknown,2026-09-02 04:04:27
KNO,arrivals,2026-09-01,13:10,,JT139,,PEN,Penang International Airport,Lion Air,JT,739,,,Canceled,2026-09-02 04:04:27
KNO,arrivals,2026-09-01,13:40,,QG916,,CGK,Jakarta Soekarno Hatta International Airport,Citilink,QG,A320,Airbus A320-214,PK-GQN,Unknown,2026-09-02 04:04:27
KNO,arrivals,2026-09-01,13:45,,IU362,,SUB,Surabaya Juanda International Airport,Super Air Jet,IU,320,,,Canceled,2026-09-02 04:04:27
KNO,arrivals,2026-09-01,14:00,18:14,GA186,GIA186,CGK,Jakarta Soekarno Hatta International Airport,Garuda Indonesia,GA,B738,Boeing 737-8SA,PK-GUI,Landed 18:14,2026-09-02 04:04:27
KNO,arrivals,2026-09-01,14:25,,IW1241,,LKI,Sinabang Lasikin Airport,Wings Air,IW,AT7,,,Unknown,2026-09-02 04:04:27
KNO,arrivals,2026-09-01,14:35,,AK397,,KUL,Kuala Lumpur International Airport,AirAsia,AK,A320,Airbus A320-216,9M-RAG,Canceled,2026-09-02 04:04:27
KNO,arrivals,2026-09-01,14:50,,IP302,,CGK,Jakarta Soekarno Hatta International Airport,Pelita Air,IP,A320,Airbus A320-214,PK-PWD,Canceled,2026-09-02 04:04:27
KNO,arrivals,2026-09-01,15:00,,MH864,,KUL,Kuala Lumpur International Airport,Malaysia Airlines,MH,73H,,,Canceled,2026-09-02 04:04:27
KNO,arrivals,2026-09-01,15:15,,TR244,,SIN,Singapore Changi Airport,Scoot,TR,32Q,,,Canceled,2026-09-02 04:04:27
KNO,arrivals,2026-09-01,15:20,,ID6890,,CGK,Jakarta Soekarno Hatta International Airport,Batik Air,ID,32A,,,Canceled,2026-09-02 04:04:27
KNO,arrivals,2026-09-01,15:30,15:29,QZ129,AWQ129,KUL,Kuala Lumpur International Airport,AirAsia,AK,A320,Airbus A320-216,PK-AZL,Landed 15:29,2026-09-02 04:04:27
KNO,arrivals,2026-09-01,15:30,,JT210,,CGK,Jakarta Soekarno Hatta International Airport,Lion Air,JT,738,,,Unknown,2026-09-02 04:04:27
KNO,arrivals,2026-09-01,15:40,17:40,IW1247,WON1247,GNS,Gunung Sitoli Binaka Airport,Wings Air,IW,AT75,ATR 72-500,PK-WFT,Landed 17:40,2026-09-02 04:04:27
KNO,arrivals,2026-09-01,15:45,17:56,QG918,CTV918,CGK,Jakarta Soekarno Hatta International Airport,Citilink,QG,A320,Airbus A320-214,PK-GQN,Landed 17:56,2026-09-02 04:04:27
KNO,arrivals,2026-09-01,16:00,,JT973,,BTH,Batam Hang Nadim Airport,Lion Air,JT,739,,,Unknown,2026-09-02 04:04:27
KNO,arrivals,2026-09-01,16:00,18:09,GA118,GIA118,CGK,Jakarta Soekarno Hatta International Airport,Garuda Indonesia,GA,B738,Boeing 737-8U3,PK-GUG,Landed 18:09,2026-09-02 04:04:27
KNO,arrivals,2026-09-01,16:05,17:28,QG922,CTV922,BTH,Batam Hang Nadim Airport,Citilink (Tiket.com Livery),QG,A320,Airbus A320-214,PK-GLW,Landed 17:28,2026-09-02 04:04:27
KNO,arrivals,2026-09-01,16:20,,JT212,,CGK,Jakarta Soekarno Hatta International Airport,Lion Air,JT,739,,,Unknown,2026-09-02 04:04:27
KNO,arrivals,2026-09-01,16:35,,JT133,,PEN,Penang International Airport,Lion Air,JT,739,,,Canceled,2026-09-02 04:04:27
KNO,arrivals,2026-09-01,16:40,17:49,QG978,CTV978,CGK,Jakarta Soekarno Hatta International Airport,Citilink,QG,A320,Airbus A320-214,PK-GLO,Landed 17:49,2026-09-02 04:04:27
KNO,arrivals,2026-09-01,17:00,20:37,IW1269,WON1269,GNS,Gunung Sitoli Binaka Airport,Wings Air,IW,AT76,ATR 72-600,PK-WHT,Landed 20:37,2026-09-02 04:04:27
KNO,arrivals,2026-09-01,17:15,20:10,ID6886,BTK6886,CGK,Jakarta Soekarno Hatta International Airport,Batik Air,ID,A320,Airbus A320-214,PK-LAY,Landed 20:10,2026-09-02 04:04:27
KNO,arrivals,2026-09-01,17:25,17:44,AK393,AXM393,KUL,Kuala Lumpur International Airport,AirAsia (HYROX Livery),AK,A320,Airbus A320-216,9M-AHR,Landed 17:44,2026-09-02 04:04:27
KNO,arrivals,2026-09-01,18:15,,3Y6014,,CGK,Jakarta Soekarno Hatta International Airport,My Indo Airlines,3Y,73Y,,,Unknown,2026-09-02 04:04:27
KNO,arrivals,2026-09-01,18:20,20:45,QZ109,AWQ109,PEN,Penang International Airport,AirAsia,AK,A320,Airbus A320-216,PK-AXT,Landed 20:45,2026-09-02 04:04:27
KNO,arrivals,2026-09-01,18:20,,JT300,,CGK,Jakarta Soekarno Hatta International Airport,Lion Air,JT,7M9,,,Canceled,2026-09-02 04:04:27
KNO,arrivals,2026-09-01,18:25,18:44,QG886,CTV886,CGK,Jakarta Soekarno Hatta International Airport,Citilink,QG,A320,Airbus A320-214,PK-GLL,Landed 18:44,2026-09-02 04:04:27
KNO,arrivals,2026-09-01,18:45,,ID6882,,CGK,Jakarta Soekarno Hatta International Airport,Batik Air,ID,32A,,,Canceled,2026-09-02 04:04:27
KNO,arrivals,2026-09-01,19:00,19:15,GA190,GIA190,CGK,Jakarta Soekarno Hatta International Airport,Garuda Indonesia,GA,B38M,Boeing 737 MAX 8,PK-GDC,Landed 19:15,2026-09-02 04:04:27
KNO,arrivals,2026-09-01,19:15,20:00,QZ131,AWQ131,KUL,Kuala Lumpur International Airport,AirAsia (Lombok Livery),AK,A320,Airbus A320-216,PK-AXU,Landed 20:00,2026-09-02 04:04:27
KNO,arrivals,2026-09-01,19:20,,JT208,,CGK,Jakarta Soekarno Hatta International Airport,Lion Air,JT,739,,,Unknown,2026-09-02 04:04:27
KNO,arrivals,2026-09-01,19:20,,JT173,,CGK,Jakarta Soekarno Hatta International Airport,Lion Air,JT,738,,,Unknown,2026-09-02 04:04:27
KNO,arrivals,2026-09-01,19:35,,SQ994,,SIN,Singapore Changi Airport,Singapore Airlines,SQ,7M8,,,Canceled,2026-09-02 04:04:27
KNO,arrivals,2026-09-01,20:25,21:39,JT308,LNI308,CGK,Jakarta Soekarno Hatta International Airport,Lion Air,JT,A333,Airbus A330-343,PK-LEG,Landed 21:39,2026-09-02 04:04:27
KNO,arrivals,2026-09-01,20:40,23:22,JT989,LNI989,BTH,Batam Hang Nadim Airport,Lion Air (50th 737-900ER Livery),JT,B739,Boeing 737-9GP(ER),PK-LHY,Landed 23:22,2026-09-02 04:04:27
KNO,arrivals,2026-09-01,20:50,,QG914,,CGK,Jakarta Soekarno Hatta International Airport,Citilink,QG,A320,Airbus A320-214,PK-GQK,Canceled,2026-09-02 04:04:27
KNO,arrivals,2026-09-01,21:15,21:08,ID6884,BTK6884,CGK,Jakarta Soekarno Hatta International Airport,Batik Air,ID,A320,Airbus A320-232,PK-BKM,Landed 21:08,2026-09-02 04:04:27
KNO,arrivals,2026-09-01,21:25,21:43,ID7265,BTK7265,KUL,Kuala Lumpur International Airport,Batik Air,ID,B738,Boeing 737-8GP,PK-LBK,Landed 21:43,2026-09-02 04:04:27
KNO,arrivals,2026-09-01,21:30,21:26,QG815,CTV815,BDO,Bandung Husein Sastranegara International Airport,Citilink,QG,A320,Airbus A320-214,PK-GLX,Landed 21:26,2026-09-02 04:04:27
KNO,arrivals,2026-09-01,21:35,23:03,QZ127,AWQ127,KUL,Kuala Lumpur International Airport,AirAsia (Lombok Livery),AK,A320,Airbus A320-216,PK-AXU,Landed 23:03,2026-09-02 04:04:27
KNO,arrivals,2026-09-01,21:40,21:51,GA196,GIA196,CGK,Jakarta Soekarno Hatta International Airport,Garuda Indonesia,GA,B738,Boeing 737-8U3,PK-GFF,Landed 21:51,2026-09-02 04:04:27
KNO,arrivals,2026-09-01,22:20,22:20,QG882,CTV882,CGK,Jakarta Soekarno Hatta International Airport,Citilink,QG,A320,Airbus A320-214,PK-GQS,Landed 22:20,2026-09-02 04:04:27
KNO,arrivals,2026-09-01,22:20,,JT306,,CGK,Jakarta Soekarno Hatta International Airport,Lion Air,JT,738,,,Unknown,2026-09-02 04:04:27
KNO,arrivals,2026-09-01,22:35,,RI120,,CGK,Jakarta Soekarno Hatta International Airport,Rimbun Air,RI,73Y,,,Unknown,2026-09-02 04:04:27
KNO,departures,2026-09-01,00:10,,RI121,,CGK,Jakarta Soekarno Hatta International Airport,Rimbun Air,RI,73Y,,,Unknown,2026-09-02 04:05:00
KNO,departures,2026-09-01,05:00,06:25,QG911,CTV911,CGK,Jakarta Soekarno Hatta International Airport,Citilink,QG,A320,Airbus A320-214,PK-GLO,Departed 06:25,2026-09-02 04:05:00
KNO,departures,2026-09-01,05:30,,ID6885,,CGK,Jakarta Soekarno Hatta International Airport,Batik Air,ID,32A,,,Canceled,2026-09-02 04:05:00
KNO,departures,2026-09-01,06:00,,QZ106,,PEN,Penang International Airport,AirAsia (Lombok Livery),AK,A320,Airbus A320-216,PK-AXU,Canceled,2026-09-02 04:05:00
KNO,departures,2026-09-01,06:00,,JT209,,CGK,Jakarta Soekarno Hatta International Airport,Lion Air,JT,738,,,Canceled,2026-09-02 04:05:00
KNO,departures,2026-09-01,06:00,06:00,JT170,,CGK,Jakarta Soekarno Hatta International Airport,Lion Air,JT,738,,,Estimated dep 06:00*,2026-09-02 04:05:00
KNO,departures,2026-09-01,06:00,,ID7264,,KUL,Kuala Lumpur International Airport,Batik Air,ID,738,,,Canceled,2026-09-02 04:05:00
KNO,departures,2026-09-01,06:00,06:07,GA183,GIA183,CGK,Jakarta Soekarno Hatta International Airport,Garuda Indonesia (Pocari Sweat Livery),GA,B738,Boeing 737-86N,PK-GNN,Departed 06:07,2026-09-02 04:05:00
KNO,departures,2026-09-01,06:10,,QZ124,,KUL,Kuala Lumpur International Airport,AirAsia,AK,A320,Airbus A320-216,PK-AXT,Canceled,2026-09-02 04:05:00
KNO,departures,2026-09-01,06:30,06:29,QG810,CTV810,BDO,Bandung Husein Sastranegara International Airport,Citilink,QG,A320,Airbus A320-214,PK-GLX,Departed 06:29,2026-09-02 04:05:00
KNO,departures,2026-09-01,06:30,06:30,JT988,,BTH,Batam Hang Nadim Airport,Lion Air,JT,738,,,Estimated dep 06:30*,2026-09-02 04:05:00
KNO,departures,2026-09-01,06:30,,JT970,,BTH,Batam Hang Nadim Airport,Lion Air,JT,738,,,Unknown,2026-09-02 04:05:00
KNO,departures,2026-09-01,08:00,,JT201,,CGK,Jakarta Soekarno Hatta International Airport,Lion Air,JT,738,,,Canceled,2026-09-02 04:05:00
KNO,departures,2026-09-01,08:05,,IW1248,,GNS,Gunung Sitoli Binaka Airport,Wings Air,IW,AT7,,,Unknown,2026-09-02 04:05:00
KNO,departures,2026-09-01,08:10,,JT134,,PEN,Penang International Airport,Lion Air,JT,739,,,Canceled,2026-09-02 04:05:00
KNO,departures,2026-09-01,08:20,08:51,QG883,CTV883,CGK,Jakarta Soekarno Hatta International Airport,Citilink,QG,A20N,Airbus A320-251N,PK-GTA,Departed 08:51,2026-09-02 04:05:00
KNO,departures,2026-09-01,08:50,,SQ991,,SIN,Singapore Changi Airport,Singapore Airlines,SQ,7M8,,,Canceled,2026-09-02 04:05:00
KNO,departures,2026-09-01,08:55,,IU996,,BTJ,Banda Aceh International Airport,Super Air Jet,IU,320,,,Unknown,2026-09-02 04:05:00
KNO,departures,2026-09-01,09:00,,QZ102,,PEN,Penang International Airport,Indonesia AirAsia,QZ,320,,,Canceled,2026-09-02 04:05:00
KNO,departures,2026-09-01,09:15,,GA181,,CGK,Jakarta Soekarno Hatta International Airport,Garuda Indonesia,GA,738,,,Canceled,2026-09-02 04:05:00
KNO,departures,2026-09-01,09:20,,QZ120,,KUL,Kuala Lumpur International Airport,Indonesia AirAsia,QZ,320,,,Canceled,2026-09-02 04:05:00
KNO,departures,2026-09-01,09:20,09:39,QG11,CTV011,HLP,Jakarta Halim Perdanakusuma Airport,Citilink,QG,A320,Airbus A320-214,PK-GLT,Departed 09:39,2026-09-02 04:05:00
KNO,departures,2026-09-01,09:20,,IP301,,CGK,Jakarta Soekarno Hatta International Airport,Pelita Air,IP,320,,,Canceled,2026-09-02 04:05:00
KNO,departures,2026-09-01,09:35,09:59,QG925,CTV925,BTH,Batam Hang Nadim Airport,Citilink (Tiket.com Livery),QG,A320,Airbus A320-214,PK-GLW,Departed 09:59,2026-09-02 04:05:00
KNO,departures,2026-09-01,10:00,,IU833,,PKU,Pekanbaru Sultan Syarif Kasim II Airport,Super Air Jet,IU,320,,,Unknown,2026-09-02 04:05:00
KNO,departures,2026-09-01,10:00,,ID7010,,CGK,Jakarta Soekarno Hatta International Airport,Batik Air,ID,32A,,,Unknown,2026-09-02 04:05:00
KNO,departures,2026-09-01,10:25,13:39,JT138,,PEN,Penang International Airport,Lion Air,JT,739,,,Unknown,2026-09-02 04:05:00
KNO,departures,2026-09-01,10:25,10:54,GA185,GIA185,CGK,Jakarta Soekarno Hatta International Airport,Garuda Indonesia,GA,B738,Boeing 737-8SH,PK-GUD,Departed 10:54,2026-09-02 04:05:00
KNO,departures,2026-09-01,10:50,14:31,QG913,,CGK,Jakarta Soekarno Hatta International Airport,Citilink,QG,A320,Airbus A320-214,PK-GQM,Unknown,2026-09-02 04:05:00
KNO,departures,2026-09-01,10:55,,AK390,,KUL,Kuala Lumpur International Airport,AirAsia,AK,32N,,,Canceled,2026-09-02 04:05:00
KNO,departures,2026-09-01,11:00,,JT211,,CGK,Jakarta Soekarno Hatta International Airport,Lion Air,JT,739,,,Unknown,2026-09-02 04:05:00
KNO,departures,2026-09-01,11:10,18:03,IW1244,WON1244,GNS,Gunung Sitoli Binaka Airport,Wings Air,IW,AT76,ATR 72-600,PK-WHT,Departed 18:03,2026-09-02 04:05:00
KNO,departures,2026-09-01,11:30,,IU965,,PLM,Palembang International Airport,Super Air Jet,IU,320,,,Unknown,2026-09-02 04:05:00
KNO,departures,2026-09-01,11:30,,IU935,,PLM,Palembang International Airport,Super Air Jet,IU,320,,,Unknown,2026-09-02 04:05:00
KNO,departures,2026-09-01,11:45,,IW1240,,LKI,Sinabang Lasikin Airport,Wings Air,IW,AT7,,,Unknown,2026-09-02 04:05:00
KNO,departures,2026-09-01,12:00,12:00,JT303,,CGK,Jakarta Soekarno Hatta International Airport,Lion Air,JT,739,,,Estimated dep 12:00*,2026-09-02 04:05:00
KNO,departures,2026-09-01,12:10,12:10,JT972,,BTH,Batam Hang Nadim Airport,Lion Air,JT,739,,,Estimated dep 12:10*,2026-09-02 04:05:00
KNO,departures,2026-09-01,12:50,18:40,GA187,GIA187,CGK,Jakarta Soekarno Hatta International Airport,Garuda Indonesia,GA,B738,Boeing 737-8U3,PK-GNF,Departed 18:40,2026-09-02 04:05:00
KNO,departures,2026-09-01,12:55,16:30,QZ128,AWQ128,KUL,Kuala Lumpur International Airport,AirAsia,AK,A320,Airbus A320-216,PK-AZL,Departed 16:30,2026-09-02 04:05:00
KNO,departures,2026-09-01,13:00,,JT385,,CGK,Jakarta Soekarno Hatta International Airport,Lion Air,JT,7M9,,,Canceled,2026-09-02 04:05:00
KNO,departures,2026-09-01,13:00,18:00,IW1262,WON1262,GNS,Gunung Sitoli Binaka Airport,Wings Air,IW,AT76,ATR 72-600,PK-WHF,Departed 18:00,2026-09-02 04:05:00
KNO,departures,2026-09-01,13:40,,IU863,,PDG,Padang Minangkabau International Airport,Super Air Jet,IU,320,,,Unknown,2026-09-02 04:05:00
KNO,departures,2026-09-01,13:50,,JT132,,PEN,Penang International Airport,Lion Air,JT,739,,,Canceled,2026-09-02 04:05:00
KNO,departures,2026-09-01,14:10,16:07,QG919,CTV919,CGK,Jakarta Soekarno Hatta International Airport,Citilink,QG,A320,Airbus A320-214,PK-GQM,Departed 16:07,2026-09-02 04:05:00
KNO,departures,2026-09-01,14:25,,IU363,,SUB,Surabaya Juanda International Airport,Super Air Jet,IU,320,,,Unknown,2026-09-02 04:05:00
KNO,departures,2026-09-01,14:45,18:29,IW1260,WON1260,GNS,Gunung Sitoli Binaka Airport,Wings Air,IW,AT75,ATR 72-500,PK-WFT,Departed 18:29,2026-09-02 04:05:00
KNO,departures,2026-09-01,15:00,,AK396,,KUL,Kuala Lumpur International Airport,AirAsia,AK,A320,Airbus A320-216,9M-RAG,Canceled,2026-09-02 04:05:00
KNO,departures,2026-09-01,15:05,19:53,GA189,GIA189,CGK,Jakarta Soekarno Hatta International Airport,Garuda Indonesia,GA,B738,Boeing 737-8SA,PK-GUI,Departed 19:53,2026-09-02 04:05:00
KNO,departures,2026-09-01,15:25,17:13,JT84,LNI084,JED,Jeddah King Abdulaziz International Airport,Lion Air,JT,A339,Airbus A330-941,PK-LEQ,Departed 17:13,2026-09-02 04:05:00
KNO,departures,2026-09-01,15:35,,IP303,,CGK,Jakarta Soekarno Hatta International Airport,Pelita Air,IP,A320,Airbus A320-214,PK-PWD,Canceled,2026-09-02 04:05:00
KNO,departures,2026-09-01,15:45,,MH865,,KUL,Kuala Lumpur International Airport,Malaysia Airlines,MH,73H,,,Canceled,2026-09-02 04:05:00
KNO,departures,2026-09-01,16:00,,TR245,,SIN,Singapore Changi Airport,Scoot,TR,32S,,,Canceled,2026-09-02 04:05:00
KNO,departures,2026-09-01,16:00,18:36,QZ108,AWQ108,PEN,Penang International Airport,AirAsia,AK,A320,Airbus A320-216,PK-AXT,Departed 18:36,2026-09-02 04:05:00
KNO,departures,2026-09-01,16:00,,ID6891,,CGK,Jakarta Soekarno Hatta International Airport,Batik Air,ID,32A,,,Canceled,2026-09-02 04:05:00
KNO,departures,2026-09-01,16:10,,JT309,,CGK,Jakarta Soekarno Hatta International Airport,Lion Air,JT,739,,,Canceled,2026-09-02 04:05:00
KNO,departures,2026-09-01,16:30,19:00,QG917,CTV917,CGK,Jakarta Soekarno Hatta International Airport,Citilink,QG,A320,Airbus A320-214,PK-GQN,Departed 19:00,2026-09-02 04:05:00
KNO,departures,2026-09-01,16:35,18:22,QG923,CTV923,BTH,Batam Hang Nadim Airport,Citilink (Tiket.com Livery),QG,A320,Airbus A320-214,PK-GLW,Departed 18:22,2026-09-02 04:05:00
KNO,departures,2026-09-01,16:40,,JT977,,BTH,Batam Hang Nadim Airport,Lion Air,JT,739,,,Unknown,2026-09-02 04:05:00
KNO,departures,2026-09-01,16:40,19:33,JT247,,BTH,Batam Hang Nadim Airport,Lion Air,JT,739,,,Unknown,2026-09-02 04:05:00
KNO,departures,2026-09-01,16:45,17:51,QZ130,AWQ130,KUL,Kuala Lumpur International Airport,AirAsia (Lombok Livery),AK,A320,Airbus A320-216,PK-AXU,Departed 17:51,2026-09-02 04:05:00
KNO,departures,2026-09-01,17:00,19:15,JT213,,CGK,Jakarta Soekarno Hatta International Airport,Lion Air,JT,739,,,Unknown,2026-09-02 04:05:00
KNO,departures,2026-09-01,17:00,19:21,GA121,GIA121,CGK,Jakarta Soekarno Hatta International Airport,Garuda Indonesia,GA,B738,Boeing 737-8U3,PK-GUG,Departed 19:21,2026-09-02 04:05:00
KNO,departures,2026-09-01,17:20,,JT963,,YIA,Yogyakarta International Airport,Lion Air,JT,739,,,Unknown,2026-09-02 04:05:00
KNO,departures,2026-09-01,17:30,18:49,QG979,CTV979,CGK,Jakarta Soekarno Hatta International Airport,Citilink,QG,A320,Airbus A320-214,PK-GLO,Departed 18:49,2026-09-02 04:05:00
KNO,departures,2026-09-01,17:50,18:57,AK392,AXM392,KUL,Kuala Lumpur International Airport,AirAsia (HYROX Livery),AK,A320,Airbus A320-216,9M-AHR,Departed 18:57,2026-09-02 04:05:00
KNO,departures,2026-09-01,18:00,19:03,ID7262,BTK7262,KUL,Kuala Lumpur International Airport,Batik Air,ID,B738,Boeing 737-8GP,PK-LBK,Departed 19:03,2026-09-02 04:05:00
KNO,departures,2026-09-01,18:00,00:05,ID6887,BTK6887,CGK,Jakarta Soekarno Hatta International Airport,Batik Air,ID,A320,Airbus A320-214,PK-LAY,Departed 00:05,2026-09-02 04:05:00
KNO,departures,2026-09-01,18:55,19:43,QG887,CTV887,CGK,Jakarta Soekarno Hatta International Airport,Citilink,QG,A320,Airbus A320-214,PK-GLL,Departed 19:43,2026-09-02 04:05:00
KNO,departures,2026-09-01,19:00,20:53,QZ126,AWQ126,KUL,Kuala Lumpur International Airport,AirAsia (Lombok Livery),AK,A320,Airbus A320-216,PK-AXU,Departed 20:53,2026-09-02 04:05:00
KNO,departures,2026-09-01,19:00,22:33,JT383,,CGK,Jakarta Soekarno Hatta International Airport,Lion Air,JT,7M9,,,Unknown,2026-09-02 04:05:00
KNO,departures,2026-09-01,19:30,,ID6883,,CGK,Jakarta Soekarno Hatta International Airport,Batik Air,ID,32A,,,Canceled,2026-09-02 04:05:00
KNO,departures,2026-09-01,19:50,20:30,GA193,GIA193,CGK,Jakarta Soekarno Hatta International Airport,Garuda Indonesia,GA,B38M,Boeing 737 MAX 8,PK-GDC,Departed 20:30,2026-09-02 04:05:00
KNO,departures,2026-09-01,20:05,23:47,JT215,LNI215,CGK,Jakarta Soekarno Hatta International Airport,Lion Air,JT,A333,Airbus A330-343,PK-LEG,Departed 23:47,2026-09-02 04:05:00
KNO,departures,2026-09-01,20:25,,SQ995,,SIN,Singapore Changi Airport,Singapore Airlines,SQ,7M8,,,Canceled,2026-09-02 04:05:00
KNO,departures,2026-09-01,20:45,,3Y219,,PEN,Penang International Airport,My Indo Airlines,3Y,73Y,,,Unknown,2026-09-02 04:05:00
KNO,departures,2026-09-01,21:30,,QG915,,CGK,Jakarta Soekarno Hatta International Airport,Citilink,QG,320,,,Canceled,2026-09-02 04:05:00
KNO,departures,2026-09-01,21:45,,3Y6012,,HKG,Hong Kong International Airport,My Indo Airlines,3Y,73Y,,,Unknown,2026-09-02 04:05:00
KOE,arrivals,2026-09-01,05:05,,QG602,,CGK,Jakarta Soekarno Hatta International Airport,Citilink,QG,A320,Airbus A320-214,PK-GQF,Canceled,2026-09-02 04:10:21
KOE,arrivals,2026-09-01,05:15,05:08,ID6540,BTK6540,CGK,Jakarta Soekarno Hatta International Airport,Batik Air,ID,A320,Airbus A320-233,PK-BKG,Landed 06:08,2026-09-02 04:10:21
KOE,arrivals,2026-09-01,06:40,06:38,IW1922,WON1922,WGP,Waingapu Mau Hau Airport,Wings Air,IW,AT76,ATR 72-600,PK-WGR,Landed 07:38,2026-09-02 04:10:21
KOE,arrivals,2026-09-01,07:00,,IW1934,,RTI,Roti David C. Saudale Airport,Wings Air,IW,AT75,ATR 72-500,PK-WFI,Unknown,2026-09-02 04:10:21
KOE,arrivals,2026-09-01,07:00,07:14,IW1828,WON1828,MOF,Maumere Frans Seda Airport,Wings Air,IW,AT76,ATR 72-600,PK-WJM,Landed 08:14,2026-09-02 04:10:21
KOE,arrivals,2026-09-01,07:45,07:46,JT690,LNI690,SUB,Surabaya Juanda International Airport,Lion Air,JT,B739,Boeing 737-9GP(ER),PK-LHP,Landed 08:46,2026-09-02 04:10:21
KOE,arrivals,2026-09-01,09:45,,IW1994,,LWE,Lewoleba Wunopito Airport,Wings Air,IW,AT7,,,Unknown,2026-09-02 04:10:21
KOE,arrivals,2026-09-01,10:05,10:08,IW1942,WON1942,ARD,Alor Island Airport,Wings Air,IW,AT76,ATR 72-600,PK-WJM,Landed 11:08,2026-09-02 04:10:21
KOE,arrivals,2026-09-01,10:45,,IW1928,,LKA,Larantuka Gewayantana Airport,Wings Air,IW,AT7,,,Unknown,2026-09-02 04:10:21
KOE,arrivals,2026-09-01,10:50,,IN630,,TMC,Tambolaka Airport,Nam Air,IN,735,,,Unknown,2026-09-02 04:10:21
KOE,arrivals,2026-09-01,10:55,10:41,IU137,SJV137,DPS,Denpasar Ngurah Rai International Airport,Super Air Jet,IU,A320,Airbus A320-232,PK-STI,Landed 11:41,2026-09-02 04:10:21
KOE,arrivals,2026-09-01,12:55,12:53,IW1956,WON1956,ENE,Ende H. Hasan Aroeboesman Airport,Wings Air,IW,AT76,ATR 72-600,PK-WJM,Landed 13:53,2026-09-02 04:10:21
KOE,arrivals,2026-09-01,13:15,13:07,JT694,LNI694,SUB,Surabaya Juanda International Airport,Lion Air,JT,B738,Boeing 737-8GP,PK-LPK,Landed 14:07,2026-09-02 04:10:21
KOE,arrivals,2026-09-01,13:20,,IW1951,,LBJ,Labuan Bajo Komodo Airport,Wings Air,IW,AT7,,,Unknown,2026-09-02 04:10:21
KOE,arrivals,2026-09-01,13:40,13:15,IW1920,WON1920,TMC,Tambolaka Airport,Wings Air,IW,AT75,ATR 72-500,PK-WFI,Landed 14:15,2026-09-02 04:10:21
KOE,arrivals,2026-09-01,14:10,13:52,IW1830,WON1830,ENE,Ende H. Hasan Aroeboesman Airport,Wings Air,IW,AT76,ATR 72-600,PK-WJO,Landed 14:52,2026-09-02 04:10:21
KOE,arrivals,2026-09-01,14:25,14:55,JT849,LNI849,UPG,Makassar Sultan Hasanuddin International Airport,Lion Air,JT,B738,Boeing 737-8GP,PK-LJQ,Landed 15:55,2026-09-02 04:10:21
KOE,arrivals,2026-09-01,16:10,17:26,IW1926,WON1926,BJW,Bajawa Turelelo Soa Airport,Wings Air,IW,AT76,ATR 72-600,PK-WGR,Landed 18:26,2026-09-02 04:10:21
KOE,arrivals,2026-09-01,16:40,17:13,IW1924,WON1924,LBJ,Labuan Bajo Komodo Airport,Wings Air,IW,AT76,ATR 72-600,PK-WJU,Landed 18:13,2026-09-02 04:10:21
KOE,arrivals,2026-09-01,19:15,19:18,JT692,LNI692,SUB,Surabaya Juanda International Airport,Lion Air,JT,B739,Boeing 737-9GP(ER),PK-LHP,Landed 20:18,2026-09-02 04:10:21
KOE,arrivals,2026-09-01,19:15,19:54,ID6552,BTK6552,DPS,Denpasar Ngurah Rai International Airport,Batik Air,ID,A320,Airbus A320-214,PK-LUY,Landed 20:54,2026-09-02 04:10:21
KOE,departures,2026-09-01,05:00,05:04,JT693,LNI693,SUB,Surabaya Juanda International Airport,Lion Air,JT,B738,Boeing 737-8GP,PK-LOQ,Departed 06:04,2026-09-02 04:10:45
KOE,departures,2026-09-01,05:30,,SQS250,,SAU,Sawu Tardamu Airport,Susi Air,,CNC,,,Unknown,2026-09-02 04:10:45
KOE,departures,2026-09-01,05:30,05:25,ID6553,BTK6553,DPS,Denpasar Ngurah Rai International Airport,Batik Air,ID,A320,Airbus A320-214,PK-LAZ,Departed 06:25,2026-09-02 04:10:45
KOE,departures,2026-09-01,05:35,,QG603,,CGK,Jakarta Soekarno Hatta International Airport,Citilink,QG,320,,,Canceled,2026-09-02 04:10:45
KOE,departures,2026-09-01,06:00,06:06,IW1831,WON1831,ENE,Ende H. Hasan Aroeboesman Airport,Wings Air,IW,AT76,ATR 72-600,PK-WJO,Departed 07:06,2026-09-02 04:10:45
KOE,departures,2026-09-01,06:05,06:11,ID6541,BTK6541,CGK,Jakarta Soekarno Hatta International Airport,Batik Air,ID,A320,Airbus A320-233,PK-BKG,Departed 07:11,2026-09-02 04:10:45
KOE,departures,2026-09-01,06:10,,IW1950,,LBJ,Labuan Bajo Komodo Airport,Wings Air,IW,AT7,,,Unknown,2026-09-02 04:10:45
KOE,departures,2026-09-01,07:30,,IW1995,,LWE,Lewoleba Wunopito Airport,Wings Air,IW,AT7,,,Unknown,2026-09-02 04:10:45
KOE,departures,2026-09-01,07:30,07:49,IW1943,,ARD,Alor Island Airport,Wings Air,IW,AT76,ATR 72-600,PK-WJM,Estimated dep 08:49*,2026-09-02 04:10:45
KOE,departures,2026-09-01,08:25,08:36,JT697,LNI697,SUB,Surabaya Juanda International Airport,Lion Air,JT,B739,Boeing 737-9GP(ER),PK-LHP,Departed 09:36,2026-09-02 04:10:45
KOE,departures,2026-09-01,08:25,,IW1929,,LKA,Larantuka Gewayantana Airport,Wings Air,IW,AT7,,,Unknown,2026-09-02 04:10:45
KOE,departures,2026-09-01,10:10,10:02,IW1921,WON1921,TMC,Tambolaka Airport,Wings Air,IW,AT75,ATR 72-500,PK-WFI,Departed 11:02,2026-09-02 04:10:45
KOE,departures,2026-09-01,10:30,10:44,IW1957,WON1957,ENE,Ende H. Hasan Aroeboesman Airport,Wings Air,IW,AT76,ATR 72-600,PK-WJM,Departed 11:44,2026-09-02 04:10:45
KOE,departures,2026-09-01,11:10,11:18,IW1927,WON1927,BJW,Bajawa Turelelo Soa Airport,Wings Air,IW,AT76,ATR 72-600,PK-WGR,Departed 12:18,2026-09-02 04:10:45
KOE,departures,2026-09-01,11:35,11:36,IU136,SJV136,DPS,Denpasar Ngurah Rai International Airport,Super Air Jet,IU,A320,Airbus A320-232,PK-STI,Departed 12:36,2026-09-02 04:10:45
KOE,departures,2026-09-01,13:55,,JT883,,SUB,Surabaya Juanda International Airport,Lion Air,JT,738,,,Unknown,2026-09-02 04:10:45
KOE,departures,2026-09-01,13:55,14:02,JT695,LNI695,SUB,Surabaya Juanda International Airport,Lion Air,JT,B738,Boeing 737-8GP,PK-LPK,Departed 15:02,2026-09-02 04:10:45
KOE,departures,2026-09-01,14:00,,IN631,,TMC,Tambolaka Airport,Nam Air,IN,735,,,Unknown,2026-09-02 04:10:45
KOE,departures,2026-09-01,14:50,15:06,IW1829,WON1829,MOF,Maumere Frans Seda Airport,Wings Air,IW,AT76,ATR 72-600,PK-WJM,Departed 16:06,2026-09-02 04:10:45
KOE,departures,2026-09-01,15:05,15:36,JT848,LNI848,UPG,Makassar Sultan Hasanuddin International Airport,Lion Air,JT,B738,Boeing 737-8GP,PK-LJQ,Departed 16:36,2026-09-02 04:10:45
KUL,arrivals,2026-09-01,00:00,01:59,MH2639,MAS2639,BKI,Kota Kinabalu International Airport,Malaysia Airlines (Malaysia Negaraku Livery),MH,B738,Boeing 737-8H6,9M-MXV,Landed 02:59,2026-09-02 04:13:36
KUL,arrivals,2026-09-01,00:00,00:29,AK5131,AXM5131,BKI,Kota Kinabalu International Airport,AirAsia,AK,A320,Airbus A320-216,9M-AQN,Landed 01:29,2026-09-02 04:13:36
KUL,arrivals,2026-09-01,00:00,23:39,AK525,AXM525,SGN,Ho Chi Minh City International Airport,AirAsia (De'Xandra Livery),AK,A320,Airbus A320-216,9M-AQM,Landed 00:39,2026-09-02 04:13:36
KUL,arrivals,2026-09-01,00:00,00:59,AK123,AXM123,SZX,Shenzhen Bao'an International Airport,AirAsia,AK,A320,Airbus A320-216,9M-AQS,Landed 01:59,2026-09-02 04:13:36
KUL,arrivals,2026-09-01,00:15,00:26,PR529,PAL529,MNL,Manila Ninoy Aquino International Airport,Philippine Airlines,PR,A321,Airbus A321-231,RP-C9903,Landed 01:26,2026-09-02 04:13:36
KUL,arrivals,2026-09-01,00:20,00:17,AK375,AXM375,DPS,Denpasar Ngurah Rai International Airport,AirAsia,AK,A20N,Airbus A320-251N,9M-AGB,Landed 01:17,2026-09-02 04:13:36
KUL,arrivals,2026-09-01,00:30,,MH6204,,SYD,Sydney Kingsford Smith Airport,Malaysia Airlines,MH,33X,,,Unknown,2026-09-02 04:13:36
KUL,arrivals,2026-09-01,00:30,00:48,MF857,CXA857,XMN,Xiamen Gaoqi International Airport,Xiamen Air,MF,B738,Boeing 737-85C,B-5532,Landed 01:48,2026-09-02 04:13:36
KUL,arrivals,2026-09-01,00:30,00:33,CX733,CPA733,HKG,Hong Kong International Airport,Cathay Pacific,CX,A21N,Airbus A321-251NX,B-HPN,Landed 01:33,2026-09-02 04:13:36
KUL,arrivals,2026-09-01,01:00,00:51,MU859,CES859,KMG,Kunming Changshui International Airport,China Eastern Airlines,MU,B738,Boeing 737-89P,B-1235,Landed 01:51,2026-09-02 04:13:36
KUL,arrivals,2026-09-01,01:05,02:07,ZH333,CSZ333,SZX,Shenzhen Bao'an International Airport,Shenzhen Airlines,ZH,A320,Airbus A320-232,B-6690,Landed 03:07,2026-09-02 04:13:36
KUL,arrivals,2026-09-01,01:05,00:36,CV9521,CLX9521,LUX,Luxembourg Findel Airport,Cargolux,CV,B748,Boeing 747-8R7F,LX-VCD,Landed 01:36,2026-09-02 04:13:36
KUL,arrivals,2026-09-01,01:15,,MH6163,,PVG,Shanghai Pudong International Airport,Malaysia Airlines,MH,33X,,,Unknown,2026-09-02 04:13:36
KUL,arrivals,2026-09-01,01:15,02:02,AK117,AXM117,CAN,Guangzhou Baiyun International Airport,AirAsia,AK,A320,Airbus A320-216,9M-RAE,Landed 03:02,2026-09-02 04:13:36
KUL,arrivals,2026-09-01,01:20,01:13,G9802,ABY802,SHJ,Sharjah International Airport,Air Arabia,G9,A21N,Airbus A321-251NX(LR),A6-ATA,Landed 02:13,2026-09-02 04:13:36
KUL,arrivals,2026-09-01,01:25,01:21,AK607,AXM607,PER,Perth Airport,AirAsia,AK,A21N,Airbus A321-251NX,9M-VAG,Landed 02:21,2026-09-02 04:13:36
KUL,arrivals,2026-09-01,01:45,00:45,D7221,XAX221,SYD,Sydney Kingsford Smith Airport,AirAsia,AK,A333,Airbus A330-343,9M-XBI,Landed 01:45,2026-09-02 04:13:36
KUL,arrivals,2026-09-01,01:50,01:08,AK585,AXM585,MNL,Manila Ninoy Aquino International Airport,AirAsia,AK,A21N,Airbus A321-251NX,9M-VAC,Landed 02:08,2026-09-02 04:13:36
KUL,arrivals,2026-09-01,02:05,01:52,BG386,BBC386,DAC,Dhaka Shahjalal International Airport,Biman Bangladesh Airlines,BG,B738,Boeing 737-83N,S2-AFM,Landed 02:52,2026-09-02 04:13:36
KUL,arrivals,2026-09-01,03:05,03:14,OD298,MXD298,CMB,Colombo Bandaranaike International Airport,Batik Air,ID,B738,Boeing 737-8GP,9M-LNV,Landed 04:14,2026-09-02 04:13:36
KUL,arrivals,2026-09-01,03:15,02:52,MH805,MAS805,MNL,Manila Ninoy Aquino International Airport,Malaysia Airlines,MH,B738,Boeing 737-8H6,9M-MXB,Landed 03:52,2026-09-02 04:13:36
KUL,arrivals,2026-09-01,03:20,05:37,OD181,MXD181,KTM,Kathmandu Tribhuvan International Airport,Batik Air,ID,B38M,Boeing 737 MAX 8,9M-LRU,Landed 06:37,2026-09-02 04:13:36
KUL,arrivals,2026-09-01,03:20,02:54,D7353,XAX353,CSX,Changsha Huanghua International Airport,AirAsia,AK,A333,Airbus A330-343,9M-XXW,Landed 03:54,2026-09-02 04:13:36
KUL,arrivals,2026-09-01,03:30,04:03,OD693,MXD693,CGO,Zhengzhou Xinzheng International Airport,Batik Air (Visit Malaysia Truly Asia 2026 Livery),ID,B38M,Boeing 737 MAX 8,9M-LRL,Landed 05:03,2026-09-02 04:13:36
KUL,arrivals,2026-09-01,03:30,02:30,MH71,MAS71,NRT,Tokyo Narita International Airport,Malaysia Airlines,MH,A333,Airbus A330-323,9M-MTH,Landed 03:30,2026-09-02 04:13:36
KUL,arrivals,2026-09-01,03:35,03:18,D7327,XAX327,TFU,Chengdu Tianfu International Airport,AirAsia,AK,A333,Airbus A330-343,9M-XXZ,Landed 04:18,2026-09-02 04:13:36
KUL,arrivals,2026-09-01,03:40,03:36,OD165,MXD165,DAC,Dhaka Shahjalal International Airport,Batik Air,ID,B38M,Boeing 737 MAX 8,9M-LRP,Landed 04:36,2026-09-02 04:13:36
KUL,arrivals,2026-09-01,03:45,03:49,6E1031,IGO1031,MAA,Chennai International Airport,IndiGo,6E,A20N,Airbus A320-251N,VT-IPG,Landed 04:49,2026-09-02 04:13:36
KUL,arrivals,2026-09-01,03:45,03:43,OD224,MXD224,TRZ,Tiruchirappalli International Airport,Batik Air,ID,B38M,Boeing 737 MAX 8,9M-LRJ,Landed 04:43,2026-09-02 04:13:36
KUL,arrivals,2026-09-01,04:05,04:00,OD194,MXD194,PER,Perth Airport,Batik Air,ID,B738,Boeing 737-8GP,9M-LNP,Landed 05:00,2026-09-02 04:13:36
KUL,arrivals,2026-09-01,04:05,04:04,AK46,AXM46,CMB,Colombo Bandaranaike International Airport,AirAsia,AK,A320,Airbus A320-214,9M-AHV,Landed 05:04,2026-09-02 04:13:36
KUL,arrivals,2026-09-01,04:10,04:30,AK151,AXM151,WUH,Wuhan Tianhe International Airport,AirAsia,AK,A20N,Airbus A320-251N,9M-RAK,Landed 05:30,2026-09-02 04:13:36
KUL,arrivals,2026-09-01,04:10,03:39,MH140,MAS140,SYD,Sydney Kingsford Smith Airport,Malaysia Airlines,MH,A339,Airbus A330-941,9M-MNI,Landed 04:39,2026-09-02 04:13:36
KUL,arrivals,2026-09-01,04:10,03:53,AK70,AXM70,DAC,Dhaka Shahjalal International Airport,AirAsia,AK,A21N,Airbus A321-251NX,9M-VAH,Landed 04:53,2026-09-02 04:13:36
KUL,arrivals,2026-09-01,04:10,04:00,AK22,AXM22,TRZ,Tiruchirappalli International Airport,AirAsia,AK,A20N,Airbus A320-251N,9M-AGJ,Landed 05:00,2026-09-02 04:13:36
KUL,arrivals,2026-09-01,04:30,04:48,AK38,AXM38,COK,Cochin International Airport,AirAsia,AK,A20N,Airbus A320-251N,9M-RAL,Landed 05:48,2026-09-02 04:13:36
KUL,arrivals,2026-09-01,04:35,04:20,AK64,AXM64,CCU,Kolkata Subhas Chandra Bose International Airport,AirAsia,AK,A20N,Airbus A320-251N,9M-AGF,Landed 05:20,2026-09-02 04:13:36
KUL,arrivals,2026-09-01,04:40,04:18,MH115,MAS115,KTM,Kathmandu Tribhuvan International Airport,Malaysia Airlines,MH,B38M,Boeing 737 MAX 8,9M-MVQ,Landed 05:18,2026-09-02 04:13:36
KUL,arrivals,2026-09-01,04:45,05:39,AK119,AXM119,CAN,Guangzhou Baiyun International Airport,AirAsia,AK,A20N,Airbus A320-251N,9M-AGI,Landed 06:39,2026-09-02 04:13:36
KUL,arrivals,2026-09-01,04:50,04:42,D7379,XAX379,TPE,Taipei Taoyuan International Airport,AirAsia,AK,A333,Airbus A330-343,9M-XXJ,Landed 05:42,2026-09-02 04:13:36
KUL,arrivals,2026-09-01,04:50,05:10,AI2386,AIC2386,DEL,Delhi Indira Gandhi International Airport,Air India,AI,A20N,Airbus A320-251N,VT-RTU,Landed 06:10,2026-09-02 04:13:36
KUL,arrivals,2026-09-01,05:00,05:13,OD206,MXD206,DEL,Delhi Indira Gandhi International Airport,Batik Air,ID,B38M,Boeing 737 MAX 8,9M-LRD,Landed 06:13,2026-09-02 04:13:36
KUL,arrivals,2026-09-01,05:00,04:24,NH885,ANA885,HND,Tokyo Haneda International Airport,All Nippon Airways,NH,B788,Boeing 787-8 Dreamliner,JA831A,Landed 05:24,2026-09-02 04:13:36
KUL,arrivals,2026-09-01,05:00,04:10,MU7707,CES7707,NKG,Nanjing Lukou International Airport,China Eastern Airlines,MU,A20N,Airbus A320-251N,B-329A,Landed 05:10,2026-09-02 04:13:36
KUL,arrivals,2026-09-01,05:00,04:13,MH128,MAS128,MEL,Melbourne Airport,Malaysia Airlines,MH,A339,Airbus A330-941,9M-MNO,Landed 05:13,2026-09-02 04:13:36
KUL,arrivals,2026-09-01,05:05,04:48,FM863,CSH863,PVG,Shanghai Pudong International Airport,Shanghai Airlines,FM,B738,Boeing 737-86D,B-1900,Landed 05:48,2026-09-02 04:13:36
KUL,arrivals,2026-09-01,05:10,04:06,MH527,MAS527,TFU,Chengdu Tianfu International Airport,Malaysia Airlines,MH,B38M,Boeing 737 MAX 8,9M-MVK,Landed 05:06,2026-09-02 04:13:36
KUL,arrivals,2026-09-01,05:10,04:36,MH21,MAS21,CDG,Paris Charles de Gaulle Airport,Malaysia Airlines,MH,A359,Airbus A350-941,9M-MAD,Landed 05:36,2026-09-02 04:13:36
KUL,arrivals,2026-09-01,05:10,04:52,AK52,AXM52,BLR,Bengaluru Kempegowda International Airport,AirAsia,AK,A20N,Airbus A320-251N,9M-AGS,Landed 05:52,2026-09-02 04:13:36
KUL,arrivals,2026-09-01,05:15,04:57,D7523,XAX523,HND,Tokyo Haneda International Airport,AirAsia,AK,A333,Airbus A330-343,9M-XXE,Landed 05:57,2026-09-02 04:13:36
KUL,arrivals,2026-09-01,05:20,04:59,TR456,TGW456,SIN,Singapore Changi Airport,Scoot,TR,A320,Airbus A320-232,9V-TRT,Landed 05:59,2026-09-02 04:13:36
KUL,arrivals,2026-09-01,05:20,05:25,MH178,MAS178,CMB,Colombo Bandaranaike International Airport,Malaysia Airlines,MH,B38M,Boeing 737 MAX 8,9M-MVP,Landed 06:25,2026-09-02 04:13:36
KUL,arrivals,2026-09-01,05:20,05:14,AK12,AXM12,MAA,Chennai International Airport,AirAsia,AK,A20N,Airbus A320-251N,9M-AGN,Landed 06:14,2026-09-02 04:13:36
KUL,arrivals,2026-09-01,05:35,05:06,OD671,MXD671,KMG,Kunming Changshui International Airport,Batik Air,ID,B738,Boeing 737-8GP,9M-LNY,Landed 06:06,2026-09-02 04:13:36
KUL,arrivals,2026-09-01,05:35,05:01,MH274,MAS274,BNE,Brisbane Airport,Malaysia Airlines,MH,A339,Airbus A330-941,9M-MNP,Landed 06:01,2026-09-02 04:13:36
KUL,arrivals,2026-09-01,05:45,05:52,MH523,MAS523,SZX,Shenzhen Bao'an International Airport,Malaysia Airlines,MH,B38M,Boeing 737 MAX 8,9M-MVI,Landed 06:52,2026-09-02 04:13:36
KUL,arrivals,2026-09-01,05:45,05:31,MH117,MAS117,TRV,Thiruvananthapuram International Airport,Malaysia Airlines,MH,B38M,Boeing 737 MAX 8,9M-MVM,Landed 06:31,2026-09-02 04:13:36
KUL,arrivals,2026-09-01,05:45,05:46,MH3,MAS3,LHR,London Heathrow Airport,Malaysia Airlines (Malaysia Negaraku Livery),MH,A359,Airbus A350-941,9M-MAG,Landed 06:46,2026-09-02 04:13:36
KUL,arrivals,2026-09-01,05:50,05:17,OD643,MXD643,CSX,Changsha Huanghua International Airport,Batik Air,ID,B38M,Boeing 737 MAX 8,9M-LRF,Landed 06:17,2026-09-02 04:13:36
KUL,arrivals,2026-09-01,05:50,05:21,MH521,MAS521,CSX,Changsha Huanghua International Airport,Malaysia Airlines,MH,B38M,Boeing 737 MAX 8,9M-MVG,Landed 06:21,2026-09-02 04:13:36
KUL,arrivals,2026-09-01,05:50,06:13,MH486,MAS486,MLE,Male Velana International Airport,Malaysia Airlines,MH,B38M,Boeing 737 MAX 8,9M-MVA,Landed 07:13,2026-09-02 04:13:36
KUL,arrivals,2026-09-01,05:55,05:41,MH1137,MAS1137,PEN,Penang International Airport,Malaysia Airlines,MH,B738,Boeing 737-8H6,9M-MXG,Landed 06:41,2026-09-02 04:13:36
KUL,arrivals,2026-09-01,05:55,05:59,MH191,MAS191,DEL,Delhi Indira Gandhi International Airport,Malaysia Airlines (Malayan Tiger Livery),MH,A333,Airbus A330-323,9M-MTG,Landed 06:59,2026-09-02 04:13:36
KUL,arrivals,2026-09-01,06:00,05:33,OD161,MXD161,DAC,Dhaka Shahjalal International Airport,Batik Air,ID,B38M,Boeing 737 MAX 8,9M-LRS,Landed 06:33,2026-09-02 04:13:36
KUL,arrivals,2026-09-01,06:00,06:36,OD232,MXD232,COK,Cochin International Airport,Batik Air,ID,B38M,Boeing 737 MAX 8,9M-LRG,Landed 07:36,2026-09-02 04:13:36
KUL,arrivals,2026-09-01,06:00,05:33,AK6115,AXM6115,PEN,Penang International Airport,AirAsia,AK,A320,Airbus A320-216,9M-DAB,Landed 06:33,2026-09-02 04:13:36
KUL,arrivals,2026-09-01,06:00,05:17,AK68,AXM68,HYD,Hyderabad Rajiv Gandhi International Airport,AirAsia,AK,A20N,Airbus A320-251N,9M-AGQ,Landed 06:17,2026-09-02 04:13:36
KUL,arrivals,2026-09-01,06:05,05:48,AK8,AXM8,TRV,Thiruvananthapuram International Airport,AirAsia,AK,A320,Airbus A320-214,9M-AJT,Landed 06:48,2026-09-02 04:13:36
KUL,arrivals,2026-09-01,06:10,05:56,MH109,MAS109,COK,Cochin International Airport,Malaysia Airlines,MH,B38M,Boeing 737 MAX 8,9M-MVS,Landed 06:56,2026-09-02 04:13:33
KUL,arrivals,2026-09-01,06:15,06:02,TH383,RMY383,SIN,Singapore Changi Airport,Raya Airways,TH,A321,Airbus A321-231(P2F),9M-BZA,Landed 07:02,2026-09-02 04:13:33
KUL,arrivals,2026-09-01,06:15,06:24,OD613,MXD613,CAN,Guangzhou Baiyun International Airport,Batik Air,ID,B38M,Boeing 737 MAX 8,9M-LRT,Landed 07:24,2026-09-02 04:13:33
KUL,arrivals,2026-09-01,06:15,05:52,D7331,XAX331,PVG,Shanghai Pudong International Airport,AirAsia (UFC Livery),AK,A333,Airbus A330-343,9M-XXD,Landed 06:52,2026-09-02 04:13:33
KUL,arrivals,2026-09-01,06:15,07:39,OD132,MXD132,LHE,Lahore Allama Iqbal International Airport,Batik Air,ID,A333,Airbus A330-343,9M-LFC,Landed 08:39,2026-09-02 04:13:33
KUL,arrivals,2026-09-01,06:20,06:27,UL318,ALK318,CMB,Colombo Bandaranaike International Airport,SriLankan Airlines,UL,A20N,Airbus A320-251N,4R-ANB,Landed 07:27,2026-09-02 04:13:33
KUL,arrivals,2026-09-01,06:20,06:05,MH199,MAS199,HYD,Hyderabad Rajiv Gandhi International Airport,Malaysia Airlines,MH,B38M,Boeing 737 MAX 8,9M-MVD,Landed 07:05,2026-09-02 04:13:33
KUL,arrivals,2026-09-01,06:20,06:23,AK129,AXM129,SZX,Shenzhen Bao'an International Airport,AirAsia (Universiti Putra Malaysia Livery),AK,A320,Airbus A320-216,9M-AQD,Landed 07:23,2026-09-02 04:13:33
KUL,arrivals,2026-09-01,06:20,06:43,AK36,AXM36,COK,Cochin International Airport,AirAsia (Watsons Livery),AK,A320,Airbus A320-214,9M-AHX,Landed 07:43,2026-09-02 04:13:33
KUL,arrivals,2026-09-01,06:20,06:19,TK174,THY174,IST,Istanbul Airport,Turkish Airlines,TK,A359,Airbus A350-941,TC-LGA,Landed 07:19,2026-09-02 04:13:33
KUL,arrivals,2026-09-01,06:25,06:21,MH726,MAS726,CGK,Jakarta Soekarno Hatta International Airport,Malaysia Airlines,MH,B738,Boeing 737-8H6,9M-MSB,Landed 07:21,2026-09-02 04:13:33
KUL,arrivals,2026-09-01,06:25,06:29,MH195,MAS195,BOM,Mumbai Chhatrapati Shivaji International Airport,Malaysia Airlines,MH,A333,Airbus A330-323,9M-MTF,Landed 07:29,2026-09-02 04:13:33
KUL,arrivals,2026-09-01,06:30,06:15,MH2547,MAS2547,KCH,Kuching International Airport,Malaysia Airlines,MH,B738,Boeing 737-8H6,9M-MXQ,Landed 07:15,2026-09-02 04:13:33
KUL,arrivals,2026-09-01,06:30,06:33,MH193,MAS193,BLR,Bengaluru Kempegowda International Airport,Malaysia Airlines,MH,B38M,Boeing 737 MAX 8,9M-MVR,Landed 07:33,2026-09-02 04:13:33
KUL,arrivals,2026-09-01,06:35,06:44,MH119,MAS119,ATQ,Amritsar International Airport,Malaysia Airlines,MH,B38M,Boeing 737 MAX 8,9M-MVL,Landed 07:44,2026-09-02 04:13:33
KUL,arrivals,2026-09-01,06:35,06:35,D7183,XAX183,DEL,Delhi Indira Gandhi International Airport,AirAsia (10 Xciting Years Livery),AK,A333,Airbus A330-343,9M-XXF,Landed 07:35,2026-09-02 04:13:33
KUL,arrivals,2026-09-01,06:40,06:11,MH602,MAS602,SIN,Singapore Changi Airport,Malaysia Airlines,MH,B738,Boeing 737-8H6,9M-MLO,Landed 07:11,2026-09-02 04:13:33
KUL,arrivals,2026-09-01,06:45,06:49,MH387,MAS387,PVG,Shanghai Pudong International Airport,Malaysia Airlines,MH,A333,Airbus A330-323,9M-MTA,Landed 07:49,2026-09-02 04:13:33
KUL,arrivals,2026-09-01,06:45,06:38,FY2950,FFM2950,PEN,Penang International Airport,Firefly,FY,B738,Boeing 737-8FZ,9M-MLJ,Landed 07:38,2026-09-02 04:13:33
KUL,arrivals,2026-09-01,06:55,06:09,MH132,MAS132,AKL,Auckland Airport,Malaysia Airlines,MH,A339,Airbus A330-941,9M-MNH,Landed 07:09,2026-09-02 04:13:33
KUL,arrivals,2026-09-01,06:55,06:41,QR844,QTR90C,DOH,Doha Hamad International Airport,Qatar Airways,QR,B77W,Boeing 777-3DZ(ER),A7-BET,Landed 07:41,2026-09-02 04:13:33
KUL,arrivals,2026-09-01,07:00,07:06,OD617,MXD617,PVG,Shanghai Pudong International Airport,Batik Air,ID,B738,Boeing 737-8U3,9M-LDF,Landed 08:06,2026-09-02 04:13:33
KUL,arrivals,2026-09-01,07:00,06:31,MH2637,MAS2637,BKI,Kota Kinabalu International Airport,Malaysia Airlines,MH,B738,Boeing 737-8H6,9M-MLN,Landed 07:31,2026-09-02 04:13:33
KUL,arrivals,2026-09-01,07:00,06:56,MH126,MAS126,PER,Perth Airport,Malaysia Airlines,MH,A333,Airbus A330-323,9M-MTN,Landed 07:56,2026-09-02 04:13:33
KUL,arrivals,2026-09-01,07:00,06:58,MH197,MAS197,DAC,Dhaka Shahjalal International Airport,Malaysia Airlines,MH,B38M,Boeing 737 MAX 8,9M-MVE,Landed 07:58,2026-09-02 04:13:33
KUL,arrivals,2026-09-01,07:05,06:48,QZ200,AWQ200,CGK,Jakarta Soekarno Hatta International Airport,AirAsia,AK,A320,Airbus A320-216,PK-AZL,Landed 07:48,2026-09-02 04:13:33
KUL,arrivals,2026-09-01,07:05,06:54,AK6052,AXM6052,JHB,Johor Bahru Senai International Airport,AirAsia,AK,A320,Airbus A320-216,9M-AHT,Landed 07:54,2026-09-02 04:13:33
KUL,arrivals,2026-09-01,07:05,07:36,TK62,THY45M,IST,Istanbul Airport,Turkish Airlines,TK,A359,Airbus A350-941,TC-LGN,Landed 08:36,2026-09-02 04:13:33
KUL,arrivals,2026-09-01,07:10,07:00,SQ104,SIA104,SIN,Singapore Changi Airport,Singapore Airlines,SQ,B38M,Boeing 737 MAX 8,9V-MBZ,Landed 08:00,2026-09-02 04:13:33
KUL,arrivals,2026-09-01,07:10,,QZ124,,KNO,Medan Kuala Namu International Airport,AirAsia,AK,A320,Airbus A320-216,PK-AXT,Canceled,2026-09-02 04:13:33
KUL,arrivals,2026-09-01,07:10,,ID7264,,KNO,Medan Kuala Namu International Airport,Batik Air,ID,738,,,Canceled,2026-09-02 04:13:33
KUL,arrivals,2026-09-01,07:10,07:04,WY821,OMA821,MCT,Muscat International Airport,Oman Air,WY,B38M,Boeing 737 MAX 8,A4O-MG,Landed 08:04,2026-09-02 04:13:33
KUL,arrivals,2026-09-01,07:20,07:02,8B675,TNU675,CGK,Jakarta Soekarno Hatta International Airport,TransNusa,8B,A321,Airbus A321-211,PK-TLG,Landed 08:02,2026-09-02 04:13:33
KUL,arrivals,2026-09-01,07:20,07:17,EK344,UAE65T,DXB,Dubai International Airport,Emirates,EK,B77W,Boeing 777-31H(ER),A6-EGX,Landed 08:17,2026-09-02 04:13:33
KUL,arrivals,2026-09-01,07:25,07:52,EY488,ETD73G,AUH,Abu Dhabi Zayed International Airport,Etihad Airways (Abu Dhabi Grand Prix Livery),EY,B789,Boeing 787-9 Dreamliner,A6-BLV,Landed 08:52,2026-09-02 04:13:33
KUL,arrivals,2026-09-01,07:30,07:08,OD397,MXD397,CGK,Jakarta Soekarno Hatta International Airport,Batik Air,ID,B738,Boeing 737-8U3,9M-LCW,Landed 08:08,2026-09-02 04:13:33
KUL,arrivals,2026-09-01,07:30,07:18,AK5135,AXM5135,BKI,Kota Kinabalu International Airport,AirAsia,AK,A21N,Airbus A321-251NX,9M-VAD,Landed 08:18,2026-09-02 04:13:33
KUL,arrivals,2026-09-01,07:40,07:39,QZ320,AWQ320,SUB,Surabaya Juanda International Airport,AirAsia,AK,A320,Airbus A320-214,PK-AZJ,Landed 08:39,2026-09-02 04:13:33
KUL,arrivals,2026-09-01,07:40,07:23,MH2505,MAS2505,KCH,Kuching International Airport,Malaysia Airlines,MH,B738,Boeing 737-8H6,9M-MXE,Landed 08:23,2026-09-02 04:13:33
KUL,arrivals,2026-09-01,07:45,07:20,MH1133,MAS1133,PEN,Penang International Airport,Malaysia Airlines,MH,B738,Boeing 737-8H6,9M-MLP,Landed 08:20,2026-09-02 04:13:33
KUL,arrivals,2026-09-01,07:45,07:53,D7605,XAX605,SAW,Istanbul Sabiha Gokcen International Airport,AirAsia,AK,A333,Airbus A330-343,9M-XXG,Landed 08:53,2026-09-02 04:13:33
KUL,arrivals,2026-09-01,07:50,07:23,AK5231,AXM5231,KCH,Kuching International Airport,AirAsia (100th Awesome Plane Livery),AK,A320,Airbus A320-216,9M-AQH,Landed 08:23,2026-09-02 04:13:33
KUL,arrivals,2026-09-01,08:00,07:30,MY5003,BNE5003,KCH,Kuching International Airport,AirBorneo,MY,B738,Boeing 737-8U3,9M-LCV,Landed 08:30,2026-09-02 04:13:33
KUL,arrivals,2026-09-01,08:00,07:43,AK700,AXM700,SIN,Singapore Changi Airport,AirAsia,AK,A21N,Airbus A321-251NX,9M-VAG,Landed 08:43,2026-09-02 04:13:33
KUL,arrivals,2026-09-01,08:10,07:49,MH797,MAS797,BKK,Bangkok Suvarnabhumi Airport,Malaysia Airlines,MH,B738,Boeing 737-8H6,9M-MLU,Landed 08:49,2026-09-02 04:13:33
KUL,arrivals,2026-09-01,08:10,07:50,AK6123,AXM6123,PEN,Penang International Airport,AirAsia,AK,A20N,Airbus A320-251N,9M-RAB,Landed 08:50,2026-09-02 04:13:33
KUL,arrivals,2026-09-01,08:25,08:02,MH2603,MAS2603,BKI,Kota Kinabalu International Airport,Malaysia Airlines,MH,B738,Boeing 737-8H6,9M-MLS,Landed 09:02,2026-09-02 04:13:33
KUL,arrivals,2026-09-01,08:25,08:24,AK6049,AXM6049,JHB,Johor Bahru Senai International Airport,AirAsia (Let’s Fly To Terengganu Livery),AK,A320,Airbus A320-216,9M-AJS,Landed 09:24,2026-09-02 04:13:33
KUL,arrivals,2026-09-01,08:35,08:26,SQ106,SIA106,SIN,Singapore Changi Airport,Singapore Airlines,SQ,A359,Airbus A350-941,9V-SMD,Landed 09:26,2026-09-02 04:13:33
KUL,arrivals,2026-09-01,08:35,08:28,AK5111,AXM5111,BKI,Kota Kinabalu International Airport,AirAsia,AK,A21N,Airbus A321-251NX,9M-VAB,Landed 09:28,2026-09-02 04:13:33
KUL,arrivals,2026-09-01,08:40,08:30,AK6225,AXM6225,TGG,Kuala Terengganu Sultan Mahmud Airport,AirAsia,AK,A20N,Airbus A320-251N,9M-AGD,Landed 09:30,2026-09-02 04:13:33
KUL,arrivals,2026-09-01,08:45,08:17,FY2721,FFM2721,KBR,Kota Bharu Sultan Ismail Petra Airport,Firefly,FY,B738,Boeing 737-8FZ,9M-MLH,Landed 09:17,2026-09-02 04:13:33
KUL,arrivals,2026-09-01,08:50,08:37,AK6431,AXM6431,KBR,Kota Bharu Sultan Ismail Petra Airport,AirAsia,AK,A320,Airbus A320-216,9M-AGC,Landed 09:37,2026-09-02 04:13:33
KUL,arrivals,2026-09-01,08:50,08:34,AK6021,AXM6021,AOR,Alor Setar Sultan Abdul Halim Airport,AirAsia (Allstars Livery),AK,A320,Airbus A320-214,9M-AFD,Landed 09:34,2026-09-02 04:13:33
KUL,arrivals,2026-09-01,09:05,09:01,AK402,AXM402,PDG,Padang Minangkabau International Airport,AirAsia (De'Xandra Livery),AK,A320,Airbus A320-216,9M-AQM,Landed 10:01,2026-09-02 04:13:33
KUL,arrivals,2026-09-01,09:10,08:36,MK646,MAU646,MRU,Mauritius Sir Seewoosagur Ramgoolam International Airport,Air Mauritius,MK,A339,Airbus A330-941,3B-NBV,Landed 09:36,2026-09-02 04:13:33
KUL,arrivals,2026-09-01,09:15,09:09,SQ108,SIA108,SIN,Singapore Changi Airport,Singapore Airlines,SQ,B38M,Boeing 737 MAX 8,9V-MBJ,Landed 10:09,2026-09-02 04:13:33
KUL,arrivals,2026-09-01,09:20,09:04,OD2101,MXD2101,PEN,Penang International Airport,Batik Air,ID,B38M,Boeing 737 MAX 8,9M-LRJ,Landed 10:04,2026-09-02 04:13:33
KUL,arrivals,2026-09-01,09:20,09:01,MH2551,MAS2551,MYY,Miri Airport,Malaysia Airlines,MH,B738,Boeing 737-8H6,9M-MSE,Landed 10:01,2026-09-02 04:13:33
KUL,arrivals,2026-09-01,09:25,08:50,KT163,KTC163,KTI,Phnom Penh Techo International Airport,AirAsia (Cambodia Livery),AK,A320,Airbus A320-214,XU-818,Landed 09:50,2026-09-02 04:13:33
KUL,arrivals,2026-09-01,09:25,09:05,AK702,AXM702,SIN,Singapore Changi Airport,AirAsia,AK,A320,Airbus A320-216,9M-AQS,Landed 10:05,2026-09-02 04:13:33
KUL,arrivals,2026-09-01,09:30,08:56,AK5205,AXM5205,KCH,Kuching International Airport,AirAsia,AK,A320,Airbus A320-216,9M-RAW,Landed 09:56,2026-09-02 04:13:33
KUL,arrivals,2026-09-01,09:35,,MH805,,MNL,Manila Ninoy Aquino International Airport,Malaysia Airlines,MH,B738,Boeing 737-8H6,9M-MXB,Unknown,2026-09-02 04:13:33
KUL,arrivals,2026-09-01,09:35,09:28,TR450,TGW450,SIN,Singapore Changi Airport,Scoot,TR,A20N,Airbus A320-271N,9V-TNF,Landed 10:28,2026-09-02 04:13:33
KUL,arrivals,2026-09-01,09:35,09:16,OD1007,MXD1007,BKI,Kota Kinabalu International Airport,Batik Air,ID,B738,Boeing 737-8GP,9M-LNR,Landed 10:16,2026-09-02 04:13:33
KUL,arrivals,2026-09-01,09:35,09:14,MH709,MAS709,MNL,Manila Ninoy Aquino International Airport,Malaysia Airlines,MH,B738,Boeing 737-8H6,9M-MXL,Landed 10:14,2026-09-02 04:13:33
KUL,arrivals,2026-09-01,09:35,13:05,AK5877,AXM5877,SBW,Sibu Airport,AirAsia,AK,A320,Airbus A320-214,9M-AFE,Landed 14:05,2026-09-02 04:13:33
KUL,arrivals,2026-09-01,09:40,09:33,AK5247,AXM5247,BTU,Bintulu Airport,AirAsia,AK,A320,Airbus A320-214,9M-DAE,Landed 10:33,2026-09-02 04:13:33
KUL,arrivals,2026-09-01,09:45,09:24,QZ324,AWQ324,SUB,Surabaya Juanda International Airport,AirAsia,AK,A320,Airbus A320-216,PK-AZT,Landed 10:24,2026-09-02 04:13:33
KUL,arrivals,2026-09-01,09:50,09:39,MH1327,MAS1327,TGG,Kuala Terengganu Sultan Mahmud Airport,Malaysia Airlines,MH,B738,Boeing 737-8H6,9M-MXG,Landed 10:39,2026-09-02 04:13:33
KUL,arrivals,2026-09-01,09:55,09:30,MH1143,MAS1143,PEN,Penang International Airport,Malaysia Airlines,MH,B738,Boeing 737-8FZ,9M-MLL,Landed 10:30,2026-09-02 04:13:33
KUL,arrivals,2026-09-01,10:00,09:48,AK422,AXM422,BTJ,Banda Aceh International Airport,AirAsia,AK,A320,Airbus A320-216,9M-AGT,Landed 10:48,2026-09-02 04:13:33
KUL,arrivals,2026-09-01,10:05,09:42,8M501,MMA501,RGN,Yangon International Airport,Myanmar Airways International,8M,A319,Airbus A319-112,XY-ALN,Landed 10:42,2026-09-02 04:13:33
KUL,arrivals,2026-09-01,10:10,10:00,MH604,MAS604,SIN,Singapore Changi Airport,Malaysia Airlines,MH,B38M,Boeing 737 MAX 8,9M-MVH,Landed 11:00,2026-09-02 04:13:33
KUL,arrivals,2026-09-01,10:10,09:53,AK6307,AXM6307,LGK,Langkawi International Airport,AirAsia,AK,A320,Airbus A320-214,9M-AJT,Landed 10:53,2026-09-02 04:13:33
KUL,arrivals,2026-09-01,10:10,10:17,AK819,AXM819,HKT,Phuket International Airport,AirAsia (Save Our Malayan Tiger Livery),AK,A320,Airbus A320-216,9M-AQZ,Landed 11:17,2026-09-02 04:13:33
KUL,arrivals,2026-09-01,10:10,09:36,OD752,MXD752,TAS,Tashkent International Airport,Batik Air,ID,A333,Airbus A330-343,9M-LFF,Landed 10:36,2026-09-02 04:13:33
KUL,arrivals,2026-09-01,10:15,10:03,8G921,DTL921,DIL,Dili Presidente Nicolau Lobato International Airport,Aero Dili,8G,A319,Airbus A319-115,4W-AAO,Landed 11:03,2026-09-02 04:13:33
KUL,arrivals,2026-09-01,10:15,,3U9031,,NTG,Nantong Xingdong Airport,Sichuan Airlines,3U,321,,,Unknown,2026-09-02 04:13:33
KUL,arrivals,2026-09-01,10:15,10:04,AK5203,AXM5203,KCH,Kuching International Airport,AirAsia (WeAreAllChampions Livery),AK,A320,Airbus A320-216,9M-AQF,Landed 11:04,2026-09-02 04:13:33
KUL,arrivals,2026-09-01,10:15,09:56,AK891,AXM891,DMK,Bangkok Don Mueang International Airport,AirAsia,AK,A320,Airbus A320-216,9M-AJY,Landed 10:56,2026-09-02 04:13:33
KUL,arrivals,2026-09-01,10:15,10:08,MH157,MAS157,JED,Jeddah King Abdulaziz International Airport,Malaysia Airlines (Malaysia Negaraku Livery),MH,A332,Airbus A330-223,9M-MTZ,Landed 11:08,2026-09-02 04:13:33
KUL,arrivals,2026-09-01,10:20,,QZ120,,KNO,Medan Kuala Namu International Airport,Indonesia AirAsia,QZ,320,,,Canceled,2026-09-02 04:13:33
KUL,arrivals,2026-09-01,10:20,10:16,OD802,MXD802,SIN,Singapore Changi Airport,Batik Air,ID,B738,Boeing 737-8GP,9M-LDU,Landed 11:16,2026-09-02 04:13:33
KUL,arrivals,2026-09-01,10:20,10:19,SV828,SVA828,RUH,Riyadh King Khalid International Airport,Saudia,SV,B77W,Boeing 777-368(ER),HZ-AK20,Landed 11:19,2026-09-02 04:13:33
KUL,arrivals,2026-09-01,10:25,10:12,OD337,MXD337,PKU,Pekanbaru Sultan Syarif Kasim II Airport,Batik Air,ID,B738,Boeing 737-8GP,9M-LNY,Landed 11:12,2026-09-02 04:13:33
KUL,arrivals,2026-09-01,10:25,10:27,AK704,AXM704,SIN,Singapore Changi Airport,AirAsia (Watsons Livery),AK,A320,Airbus A320-214,9M-AHX,Landed 11:27,2026-09-02 04:13:33
KUL,arrivals,2026-09-01,10:30,11:42,PR525,PAL525,MNL,Manila Ninoy Aquino International Airport,Philippine Airlines,PR,A321,Airbus A321-231,RP-C9925,Landed 12:42,2026-09-02 04:13:33
KUL,arrivals,2026-09-01,10:30,10:25,AK5109,AXM5109,BKI,Kota Kinabalu International Airport,AirAsia,AK,A320,Airbus A320-216,9M-RAI,Landed 11:25,2026-09-02 04:13:33
KUL,arrivals,2026-09-01,10:35,10:22,AK6041,AXM6041,JHB,Johor Bahru Senai International Airport,AirAsia,AK,A320,Airbus A320-216,9M-AHT,Landed 11:22,2026-09-02 04:13:33
KUL,arrivals,2026-09-01,10:35,11:18,AK521,AXM521,SGN,Ho Chi Minh City International Airport,AirAsia (HYROX Livery),AK,A320,Airbus A320-216,9M-AHR,Landed 12:18,2026-09-02 04:13:33
KUL,arrivals,2026-09-01,10:35,10:48,AK381,AXM381,CGK,Jakarta Soekarno Hatta International Airport,AirAsia,AK,A320,Airbus A320-216,9M-RAV,Landed 11:48,2026-09-02 04:13:33
KUL,arrivals,2026-09-01,10:45,10:23,MH2543,MAS2543,KCH,Kuching International Airport,Malaysia Airlines,MH,B738,Boeing 737-8H6,9M-MSA,Landed 11:23,2026-09-02 04:13:33
KUL,arrivals,2026-09-01,10:50,10:32,ZH327,CSZ327,SZX,Shenzhen Bao'an International Airport,Shenzhen Airlines,ZH,B38M,Boeing 737 MAX 8,B-224Y,Landed 11:32,2026-09-02 04:13:33
KUL,arrivals,2026-09-01,10:50,12:57,OD1633,MXD1633,KCH,Kuching International Airport,Batik Air,ID,B38M,Boeing 737 MAX 8,9M-LRU,Landed 13:57,2026-09-02 04:13:33
KUL,arrivals,2026-09-01,10:50,10:29,GA820,GIA820,CGK,Jakarta Soekarno Hatta International Airport,Garuda Indonesia,GA,B738,Boeing 737-8U3,PK-GNA,Landed 11:29,2026-09-02 04:13:33
KUL,arrivals,2026-09-01,10:55,10:41,AK6143,AXM6143,PEN,Penang International Airport,AirAsia (Universiti Putra Malaysia Livery),AK,A320,Airbus A320-216,9M-AQD,Landed 11:41,2026-09-02 04:13:33
KUL,arrivals,2026-09-01,10:55,10:30,AK5652,AXM5652,MYY,Miri Airport,AirAsia,AK,A20N,Airbus A320-251N,9M-AGJ,Landed 11:30,2026-09-02 04:13:33
KUL,arrivals,2026-09-01,11:00,11:15,AK5745,AXM5745,TWU,Tawau Airport,AirAsia (❤️ Singapore Livery),AK,A320,Airbus A320-216,9M-AHZ,Landed 12:15,2026-09-02 04:13:33
KUL,arrivals,2026-09-01,11:00,19:11,MH6127,MAS6127,DOH,Doha Hamad International Airport,MASkargo,MH,A332,Airbus A330-223F,9M-MUD,Landed 20:11,2026-09-02 04:13:33
KUL,arrivals,2026-09-01,11:05,10:51,CX723,CPA723,HKG,Hong Kong International Airport,Cathay Pacific,CX,A333,Airbus A330-342,B-LAJ,Landed 11:51,2026-09-02 04:13:28
KUL,arrivals,2026-09-01,11:10,10:36,MH2613,MAS2613,BKI,Kota Kinabalu International Airport,Malaysia Airlines,MH,B738,Boeing 737-8H6,9M-MXA,Landed 11:36,2026-09-02 04:13:28
KUL,arrivals,2026-09-01,11:15,11:04,TG415,THA415,BKK,Bangkok Suvarnabhumi Airport,Thai Airways,TG,B789,Boeing 787-9 Dreamliner,HS-TWA,Landed 12:04,2026-09-02 04:13:28
KUL,arrivals,2026-09-01,11:15,10:58,OD399,MXD399,CGK,Jakarta Soekarno Hatta International Airport,Batik Air,ID,B738,Boeing 737-8GP,9M-LNV,Landed 11:58,2026-09-02 04:13:28
KUL,arrivals,2026-09-01,11:25,,MH712,MAS712,CGK,Jakarta Soekarno Hatta International Airport,Malaysia Airlines,MH,B38M,Boeing 737 MAX 8,9M-MVB,Diverted to PEN,2026-09-02 04:13:28
KUL,arrivals,2026-09-01,11:25,10:54,MH614,MAS614,SIN,Singapore Changi Airport,Malaysia Airlines,MH,B738,Boeing 737-8H6,9M-MLT,Landed 11:54,2026-09-02 04:13:28
KUL,arrivals,2026-09-01,11:30,12:18,OD821,MXD821,ICN,Seoul Incheon International Airport,Batik Air,ID,B38M,Boeing 737 MAX 8,9M-LRK,Landed 13:18,2026-09-02 04:13:28
KUL,arrivals,2026-09-01,11:30,11:10,MH1433,MAS1433,LGK,Langkawi International Airport,Malaysia Airlines,MH,B738,Boeing 737-8H6,9M-MLN,Landed 12:10,2026-09-02 04:13:28
KUL,arrivals,2026-09-01,11:30,11:11,AK5193,AXM5193,SDK,Sandakan Airport,AirAsia,AK,A320,Airbus A320-216,9M-AQN,Landed 12:11,2026-09-02 04:13:28
KUL,arrivals,2026-09-01,11:35,11:37,VJ825,VJC825,SGN,Ho Chi Minh City International Airport,VietJet Air,VJ,A321,Airbus A321-211,VN-A639,Landed 12:37,2026-09-02 04:13:28
KUL,arrivals,2026-09-01,11:35,11:06,AK6223,AXM6223,TGG,Kuala Terengganu Sultan Mahmud Airport,AirAsia,AK,A20N,Airbus A320-251N,9M-AGQ,Landed 12:06,2026-09-02 04:13:28
KUL,arrivals,2026-09-01,11:45,11:39,MH79,MAS079,HKG,Hong Kong International Airport,Malaysia Airlines (Malaysia Negaraku Livery),MH,B738,Boeing 737-8H6,9M-MXU,Landed 12:39,2026-09-02 04:13:28
KUL,arrivals,2026-09-01,11:45,11:05,CZ349,CSN349,CAN,Guangzhou Baiyun International Airport,China Southern Airlines,CZ,B789,Boeing 787-9 Dreamliner,B-1167,Landed 12:05,2026-09-02 04:13:28
KUL,arrivals,2026-09-01,11:45,11:36,AK430,AXM430,PKU,Pekanbaru Sultan Syarif Kasim II Airport,AirAsia,AK,A20N,Airbus A320-251N,9M-AGI,Landed 12:36,2026-09-02 04:13:28
KUL,arrivals,2026-09-01,11:50,,FY2811,,KCH,Kuching International Airport,Firefly,FY,738,,,Unknown,2026-09-02 04:13:28
KUL,arrivals,2026-09-01,11:50,11:52,AK5105,AXM5105,BKI,Kota Kinabalu International Airport,AirAsia,AK,A21N,Airbus A321-251NX,9M-XVE,Landed 12:52,2026-09-02 04:13:28
KUL,arrivals,2026-09-01,11:50,11:24,AK544,AXM544,PQC,Phu Quoc International Airport,AirAsia,AK,A320,Airbus A320-216,9M-AGY,Landed 12:24,2026-09-02 04:13:28
KUL,arrivals,2026-09-01,11:55,,AK390,,KNO,Medan Kuala Namu International Airport,AirAsia,AK,32N,,,Canceled,2026-09-02 04:13:28
KUL,arrivals,2026-09-01,12:00,12:11,OD2202,MXD2202,LGK,Langkawi International Airport,Batik Air,ID,B738,Boeing 737-8U3,9M-LDF,Landed 13:11,2026-09-02 04:13:28
KUL,arrivals,2026-09-01,12:00,12:08,MH787,MAS787,HKT,Phuket International Airport,Malaysia Airlines,MH,B738,Boeing 737-8H6,9M-MXX,Landed 13:08,2026-09-02 04:13:28
KUL,arrivals,2026-09-01,12:00,12:45,FM7221,CSH7221,PVG,Shanghai Pudong International Airport,Shanghai Airlines,FM,B38M,Boeing 737 MAX 8,B-1382,Landed 13:45,2026-09-02 04:13:28
KUL,arrivals,2026-09-01,12:00,11:59,AK461,AXM461,PLM,Palembang International Airport,AirAsia,AK,A20N,Airbus A320-251N,9M-RAL,Landed 12:59,2026-09-02 04:13:28
KUL,arrivals,2026-09-01,12:00,11:41,AK441,AXM441,BDJ,Banjarmasin Syamsudin Noor Airport,AirAsia,AK,A320,Airbus A320-216,9M-AGU,Landed 12:41,2026-09-02 04:13:28
KUL,arrivals,2026-09-01,12:05,11:30,MH842,MAS842,BPN,Balikpapan Sepinggan Airport,Malaysia Airlines (Retro Livery),MH,B738,Boeing 737-8H6,9M-MLV,Landed 12:30,2026-09-02 04:13:28
KUL,arrivals,2026-09-01,12:05,11:30,HU7923,CHH7923,CKG,Chongqing Jiangbei International Airport,Hainan Airlines,HU,B38M,Boeing 737 MAX 8,B-1389,Landed 12:30,2026-09-02 04:13:28
KUL,arrivals,2026-09-01,12:10,12:26,OD357,MXD357,BTH,Batam Hang Nadim Airport,Batik Air,ID,B38M,Boeing 737 MAX 8,9M-LRD,Landed 13:26,2026-09-02 04:13:28
KUL,arrivals,2026-09-01,12:10,11:51,ID7282,BTK7282,CGK,Jakarta Soekarno Hatta International Airport,Batik Air,ID,B738,Boeing 737-8GP,PK-LBS,Landed 12:51,2026-09-02 04:13:28
KUL,arrivals,2026-09-01,12:10,12:05,FY2531,FFM2531,BKI,Kota Kinabalu International Airport,Firefly,FY,B738,Boeing 737-8FZ,9M-MLI,Landed 13:05,2026-09-02 04:13:28
KUL,arrivals,2026-09-01,12:10,11:45,AK553,AXM553,VTE,Vientiane Wattay International Airport,AirAsia (Universiti Teknologi Malaysia Livery),AK,A320,Airbus A320-216,9M-AJE,Landed 12:45,2026-09-02 04:13:28
KUL,arrivals,2026-09-01,12:10,12:21,AK517,AXM517,HAN,Hanoi Noi Bai International Airport,AirAsia (Legend Heroes Park Livery),AK,A320,Airbus A320-216,9M-AFV,Landed 13:21,2026-09-02 04:13:28
KUL,arrivals,2026-09-01,12:15,14:01,MH2715,MAS2715,SBW,Sibu Airport,Malaysia Airlines,MH,B738,Boeing 737-8H6,9M-MXQ,Landed 15:01,2026-09-02 04:13:28
KUL,arrivals,2026-09-01,12:15,11:55,KT165,KTC165,KTI,Phnom Penh Techo International Airport,AirAsia,AK,A320,Airbus A320-214,XU-819,Landed 12:55,2026-09-02 04:13:28
KUL,arrivals,2026-09-01,12:15,12:11,AK706,AXM706,SIN,Singapore Changi Airport,AirAsia,AK,A21N,Airbus A321-251NX,9M-VAB,Landed 13:11,2026-09-02 04:13:28
KUL,arrivals,2026-09-01,12:20,12:31,AK5233,AXM5233,KCH,Kuching International Airport,AirAsia (100th Awesome Plane Livery),AK,A320,Airbus A320-216,9M-AQH,Landed 13:31,2026-09-02 04:13:28
KUL,arrivals,2026-09-01,12:20,11:49,AK881,AXM881,DMK,Bangkok Don Mueang International Airport,AirAsia,AK,A320,Airbus A320-216,9M-AJZ,Landed 12:49,2026-09-02 04:13:28
KUL,arrivals,2026-09-01,12:25,12:23,MH628,MAS628,SIN,Singapore Changi Airport,Malaysia Airlines,MH,B738,Boeing 737-8H6,9M-MLU,Landed 13:23,2026-09-02 04:13:28
KUL,arrivals,2026-09-01,12:25,13:00,CZ3047,CSN3047,CAN,Guangzhou Baiyun International Airport,China Southern Airlines,CZ,B38M,Boeing 737 MAX 8,B-205K,Landed 14:00,2026-09-02 04:13:28
KUL,arrivals,2026-09-01,12:25,13:10,CI721,CAL721,TPE,Taipei Taoyuan International Airport,China Airlines (Carbon Fibre - Airbus Livery),CI,A359,Airbus A350-941,B-18918,Landed 14:10,2026-09-02 04:13:28
KUL,arrivals,2026-09-01,12:30,12:51,VJ1813,VJC1813,SGN,Ho Chi Minh City International Airport,VietJet Air,VJ,A321,Airbus A321-211,VN-A657,Landed 13:51,2026-09-02 04:13:28
KUL,arrivals,2026-09-01,12:30,12:54,OD1003,MXD1003,BKI,Kota Kinabalu International Airport,Batik Air,ID,B38M,Boeing 737 MAX 8,9M-LRF,Landed 13:54,2026-09-02 04:13:28
KUL,arrivals,2026-09-01,12:30,13:48,OD804,MXD804,SIN,Singapore Changi Airport,Batik Air,ID,B38M,Boeing 737 MAX 8,9M-LRJ,Landed 14:48,2026-09-02 04:13:28
KUL,arrivals,2026-09-01,12:35,12:29,SQ114,SIA114,SIN,Singapore Changi Airport,Singapore Airlines,SQ,B38M,Boeing 737 MAX 8,9V-MBZ,Landed 13:29,2026-09-02 04:13:28
KUL,arrivals,2026-09-01,12:35,12:53,AK5107,AXM5107,BKI,Kota Kinabalu International Airport,AirAsia,AK,A320,Airbus A320-216,9M-RAG,Landed 13:53,2026-09-02 04:13:28
KUL,arrivals,2026-09-01,12:40,12:29,MH2743,MAS2743,BTU,Bintulu Airport,Malaysia Airlines,MH,B38M,Boeing 737 MAX 8,9M-MVG,Landed 13:29,2026-09-02 04:13:28
KUL,arrivals,2026-09-01,12:40,12:34,MH870,MAS870,SUB,Surabaya Juanda International Airport,Malaysia Airlines,MH,B738,Boeing 737-8H6,9M-MXM,Landed 13:34,2026-09-02 04:13:28
KUL,arrivals,2026-09-01,12:40,12:48,MF847,CXA847,XMN,Xiamen Gaoqi International Airport,Xiamen Air,MF,A21N,Airbus A321-251NX,B-32G8,Landed 13:48,2026-09-02 04:13:28
KUL,arrivals,2026-09-01,12:40,15:47,IU168,SJV168,BTJ,Banda Aceh International Airport,Super Air Jet,IU,A320,Airbus A320-232,PK-STG,Landed 16:47,2026-09-02 04:13:28
KUL,arrivals,2026-09-01,12:45,12:40,ID7250,BTK7250,SUB,Surabaya Juanda International Airport,Batik Air,ID,B738,Boeing 737-8GP,PK-LBW,Landed 13:40,2026-09-02 04:13:28
KUL,arrivals,2026-09-01,12:45,13:24,D7505,XAX505,ICN,Seoul Incheon International Airport,AirAsia,AK,A333,Airbus A330-343,9M-XBG,Landed 14:24,2026-09-02 04:13:28
KUL,arrivals,2026-09-01,12:45,12:37,AK833,AXM833,HKT,Phuket International Airport,AirAsia,AK,A320,Airbus A320-214,9M-AJG,Landed 13:37,2026-09-02 04:13:28
KUL,arrivals,2026-09-01,12:45,15:21,AK491,AXM491,PNK,Pontianak Supadio Airport,AirAsia (Save Our Malayan Tiger Livery),AK,A320,Airbus A320-216,9M-AQZ,Landed 16:21,2026-09-02 04:13:28
KUL,arrivals,2026-09-01,12:50,12:42,MH2661,MAS2661,TWU,Tawau Airport,Malaysia Airlines (Malaysia Negaraku Livery),MH,B738,Boeing 737-8H6,9M-MXV,Landed 13:42,2026-09-02 04:13:28
KUL,arrivals,2026-09-01,12:50,12:33,MH2609,MAS2609,LBU,Labuan Airport,Malaysia Airlines (Malaysia Negaraku Livery),MH,B738,Boeing 737-8H6,9M-MXF,Landed 13:33,2026-09-02 04:13:28
KUL,arrivals,2026-09-01,12:50,13:16,MH856,MAS856,YIA,Yogyakarta International Airport,Malaysia Airlines,MH,B738,Boeing 737-8H6,9M-MXO,Landed 14:16,2026-09-02 04:13:28
KUL,arrivals,2026-09-01,12:50,12:39,AK6321,AXM6321,LGK,Langkawi International Airport,AirAsia (Resorts World Genting Livery),AK,A20N,Airbus A320-251N,9M-AGA,Landed 13:39,2026-09-02 04:13:28
KUL,arrivals,2026-09-01,12:55,12:49,MH751,MAS751,SGN,Ho Chi Minh City International Airport,Malaysia Airlines,MH,B38M,Boeing 737 MAX 8,9M-MVO,Landed 13:49,2026-09-02 04:13:28
KUL,arrivals,2026-09-01,13:00,13:02,UL314,ALK314,CMB,Colombo Bandaranaike International Airport,SriLankan Airlines,UL,,,,Landed 14:02,2026-09-02 04:13:28
KUL,arrivals,2026-09-01,13:00,13:07,MH755,MAS755,KTI,Phnom Penh Techo International Airport,Malaysia Airlines,MH,B738,Boeing 737-8H6,9M-MLO,Landed 14:07,2026-09-02 04:13:28
KUL,arrivals,2026-09-01,13:00,12:56,AK5873,AXM5873,SBW,Sibu Airport,AirAsia (Sarawak Livery),AK,A320,Airbus A320-216,9M-AJD,Landed 13:56,2026-09-02 04:13:28
KUL,arrivals,2026-09-01,13:00,12:50,AK331,AXM331,UPG,Makassar Sultan Hasanuddin International Airport,AirAsia,AK,A320,Airbus A320-216,9M-AHE,Landed 13:50,2026-09-02 04:13:28
KUL,arrivals,2026-09-01,13:00,13:30,OD702,MXD702,JED,Jeddah King Abdulaziz International Airport,Batik Air,ID,A333,Airbus A330-343,9M-LFJ,Landed 14:30,2026-09-02 04:13:28
KUL,arrivals,2026-09-01,13:05,13:12,AK407,AXM407,PDG,Padang Minangkabau International Airport,AirAsia,AK,A320,Airbus A320-214,9M-DAE,Landed 14:12,2026-09-02 04:13:28
KUL,arrivals,2026-09-01,13:10,13:12,8B673,TNU673,CGK,Jakarta Soekarno Hatta International Airport,TransNusa,8B,A321,Airbus A321-211,PK-TLG,Landed 14:12,2026-09-02 04:13:28
KUL,arrivals,2026-09-01,13:10,13:06,MH2621,MAS2621,BKI,Kota Kinabalu International Airport,Malaysia Airlines,MH,B738,Boeing 737-8H6,9M-MXT,Landed 14:06,2026-09-02 04:13:28
KUL,arrivals,2026-09-01,13:10,13:10,AK867,AXM867,KBV,Krabi Airport,AirAsia,AK,A320,Airbus A320-216,9M-AQS,Landed 14:10,2026-09-02 04:13:28
KUL,arrivals,2026-09-01,13:15,13:03,8M503,MMA503,RGN,Yangon International Airport,Myanmar Airways International,8M,A319,Airbus A319-112,XY-ALZ,Landed 14:03,2026-09-02 04:13:28
KUL,arrivals,2026-09-01,13:15,13:33,QR854,QTR854,DOH,Doha Hamad International Airport,Qatar Airways,QR,B788,Boeing 787-8 Dreamliner,A7-BCE,Landed 14:33,2026-09-02 04:13:28
KUL,arrivals,2026-09-01,13:15,13:27,MH785,MAS785,BKK,Bangkok Suvarnabhumi Airport,Malaysia Airlines,MH,B38M,Boeing 737 MAX 8,9M-MVN,Landed 14:27,2026-09-02 04:13:28
KUL,arrivals,2026-09-01,13:15,13:34,BR227,EVA227,TPE,Taipei Taoyuan International Airport,EVA Air,BR,B77W,Boeing 777-35E(ER),B-16711,Landed 14:34,2026-09-02 04:13:28
KUL,arrivals,2026-09-01,13:20,12:57,3U3995,CSC3995,TFU,Chengdu Tianfu International Airport,Sichuan Airlines,3U,A21N,Airbus A321-271N,B-305S,Landed 13:57,2026-09-02 04:13:28
KUL,arrivals,2026-09-01,13:20,13:17,MU5095,CES5095,HGH,Hangzhou Xiaoshan International Airport,China Eastern Airlines,MU,A20N,Airbus A320-251N,B-30D2,Landed 14:17,2026-09-02 04:13:28
KUL,arrivals,2026-09-01,13:20,13:18,MH710,MAS710,CGK,Jakarta Soekarno Hatta International Airport,Malaysia Airlines,MH,B38M,Boeing 737 MAX 8,9M-MVA,Landed 14:18,2026-09-02 04:13:28
KUL,arrivals,2026-09-01,13:20,13:23,BS315,UBG315,DAC,Dhaka Shahjalal International Airport,US-Bangla Airlines,BS,A333,Airbus A330-343,S2-ALB,Landed 14:23,2026-09-02 04:13:28
KUL,arrivals,2026-09-01,13:25,13:44,8B661,TNU661,TKG,Bandar Lampung Radin Inten II Airport,TransNusa,8B,AJ27,Comac ARJ-21-700,PK-TJA,Landed 14:44,2026-09-02 04:13:28
KUL,arrivals,2026-09-01,13:25,13:29,FD308,AIQ308,HDY,Hat Yai International Airport,AirAsia,AK,A320,Airbus A320-216,HS-BBT,Landed 14:29,2026-09-02 04:13:28
KUL,arrivals,2026-09-01,13:25,16:55,EK346,UAE15K,DXB,Dubai International Airport,Emirates,EK,B77W,Boeing 777-31H(ER),A6-EPN,Landed 17:55,2026-09-02 04:13:28
KUL,arrivals,2026-09-01,13:25,13:27,AK6305,AXM6305,LGK,Langkawi International Airport,AirAsia,AK,A320,Airbus A320-216,9M-AJY,Landed 14:27,2026-09-02 04:13:28
KUL,arrivals,2026-09-01,13:25,13:31,AK6125,AXM6125,PEN,Penang International Airport,AirAsia (WeAreAllChampions Livery),AK,A320,Airbus A320-216,9M-AQF,Landed 14:31,2026-09-02 04:13:28
KUL,arrivals,2026-09-01,13:30,,MH7573,,MYY,Miri Airport,Malaysia Airlines,MH,B738,Boeing 737-8H6,9M-MLQ,Unknown,2026-09-02 04:13:28
KUL,arrivals,2026-09-01,13:30,13:15,MH2575,MAS2575,MYY,Miri Airport,Malaysia Airlines,MH,B738,Boeing 737-8H6,9M-MLQ,Landed 14:15,2026-09-02 04:13:28
KUL,arrivals,2026-09-01,13:30,13:00,MH146,MAS146,MEL,Melbourne Airport,Malaysia Airlines (Mumbai Indians Livery),MH,A333,Airbus A330-323,9M-MTM,Landed 14:00,2026-09-02 04:13:28
KUL,arrivals,2026-09-01,13:30,13:20,JT156,LNI156,PDG,Padang Minangkabau International Airport,Lion Air,JT,B739,Boeing 737-9GP(ER),PK-LJI,Landed 14:20,2026-09-02 04:13:28
KUL,arrivals,2026-09-01,13:30,13:22,AK5199,AXM5199,SDK,Sandakan Airport,AirAsia (Persona 5 Royal Livery),AK,A320,Airbus A320-214,9M-AFF,Landed 14:22,2026-09-02 04:13:28
KUL,arrivals,2026-09-01,13:35,13:57,MH1145,MAS1145,PEN,Penang International Airport,Malaysia Airlines,MH,B738,Boeing 737-8FZ,9M-MLK,Landed 14:57,2026-09-02 04:13:28
KUL,arrivals,2026-09-01,13:35,13:19,AK10,AXM10,MAA,Chennai International Airport,AirAsia,AK,A20N,Airbus A320-251N,9M-AGH,Landed 14:19,2026-09-02 04:13:28
KUL,arrivals,2026-09-01,13:40,13:37,MU873,CES873,KMG,Kunming Changshui International Airport,China Eastern Airlines,MU,A20N,Airbus A320-251N,B-30DL,Landed 14:37,2026-09-02 04:13:28
KUL,arrivals,2026-09-01,13:40,13:41,MF8677,CXA8677,HGH,Hangzhou Xiaoshan International Airport,Xiamen Air,MF,B738,Boeing 737-85C,B-5789,Landed 14:41,2026-09-02 04:13:28
KUL,arrivals,2026-09-01,13:40,13:26,CZ5031,CSN5031,SZX,Shenzhen Bao'an International Airport,China Southern Airlines,CZ,A21N,Airbus A321-253NX,B-32GP,Landed 14:26,2026-09-02 04:13:28
KUL,arrivals,2026-09-01,13:40,13:47,AK710,AXM710,SIN,Singapore Changi Airport,AirAsia,AK,A320,Airbus A320-214,9M-AJT,Landed 14:47,2026-09-02 04:13:28
KUL,arrivals,2026-09-01,13:40,13:37,AK113,AXM113,CAN,Guangzhou Baiyun International Airport,AirAsia (General Electric Livery),AK,A320,Airbus A320-216,9M-AQB,Landed 14:37,2026-09-02 04:13:28
KUL,arrivals,2026-09-01,13:45,13:49,AK451,AXM451,SRG,Semarang Achmad Yani International Airport,AirAsia,AK,A320,Airbus A320-214,9M-AHV,Landed 14:49,2026-09-02 04:13:28
KUL,arrivals,2026-09-01,13:45,13:34,AK371,AXM371,DPS,Denpasar Ngurah Rai International Airport,AirAsia,AK,A20N,Airbus A320-251N,9M-AGB,Landed 14:34,2026-09-02 04:13:28
KUL,arrivals,2026-09-01,13:50,13:46,MY5005,BNE5005,KCH,Kuching International Airport,AirBorneo,MY,B738,Boeing 737-8U3,9M-LCV,Landed 14:46,2026-09-02 04:13:28
KUL,arrivals,2026-09-01,13:50,13:55,JT160,LNI160,PKU,Pekanbaru Sultan Syarif Kasim II Airport,Lion Air,JT,B738,Boeing 737-8GP,PK-LOQ,Landed 14:55,2026-09-02 04:13:28
KUL,arrivals,2026-09-01,13:50,14:03,FM885,CSH885,PVG,Shanghai Pudong International Airport,Shanghai Airlines,FM,B789,Boeing 787-9 Dreamliner,B-220G,Landed 15:03,2026-09-02 04:13:28
KUL,arrivals,2026-09-01,13:55,14:22,MH712,MAS712,PEN,Penang International Airport,Malaysia Airlines,MH,B38M,Boeing 737 MAX 8,9M-MVB,Landed 15:22,2026-09-02 04:13:28
KUL,arrivals,2026-09-01,13:55,13:44,QZ204,AWQ204,CGK,Jakarta Soekarno Hatta International Airport,AirAsia,AK,A320,Airbus A320-216,PK-AZL,Landed 14:44,2026-09-02 04:13:28
KUL,arrivals,2026-09-01,14:00,17:14,QZ128,AWQ128,KNO,Medan Kuala Namu International Airport,AirAsia,AK,A320,Airbus A320-216,PK-AZL,Landed 18:14,2026-09-02 04:13:24
KUL,arrivals,2026-09-01,14:00,14:03,QZ322,AWQ322,SUB,Surabaya Juanda International Airport,AirAsia,AK,A320,Airbus A320-214,PK-AZJ,Landed 15:03,2026-09-02 04:13:24
KUL,arrivals,2026-09-01,14:00,14:08,OD2204,MXD2204,LGK,Langkawi International Airport,Batik Air,ID,B738,Boeing 737-8GP,9M-LNP,Landed 15:08,2026-09-02 04:13:28
KUL,arrivals,2026-09-01,14:00,13:50,MH1447,MAS1447,LGK,Langkawi International Airport,Malaysia Airlines,MH,B738,Boeing 737-8FZ,9M-MLL,Landed 14:50,2026-09-02 04:13:28
KUL,arrivals,2026-09-01,14:00,13:52,MH606,MAS606,SIN,Singapore Changi Airport,Malaysia Airlines,MH,B738,Boeing 737-8H6,9M-MXL,Landed 14:52,2026-09-02 04:13:28
KUL,arrivals,2026-09-01,14:05,14:10,OD523,MXD523,DMK,Bangkok Don Mueang International Airport,Batik Air,ID,B738,Boeing 737-8GP,9M-LDD,Landed 15:10,2026-09-02 04:13:24
KUL,arrivals,2026-09-01,14:05,16:00,OD192,MXD192,DPS,Denpasar Ngurah Rai International Airport,Batik Air,ID,B738,Boeing 737-8U3,9M-LDG,Landed 17:00,2026-09-02 04:13:24
KUL,arrivals,2026-09-01,14:05,13:40,KT175,KTC175,KOS,Sihanoukville International Airport,AirAsia (Cambodia Livery),AK,A320,Airbus A320-214,XU-818,Landed 14:40,2026-09-02 04:13:24
KUL,arrivals,2026-09-01,14:10,13:55,AK5245,AXM5245,BTU,Bintulu Airport,AirAsia,AK,A320,Airbus A320-216,9M-AGC,Landed 14:55,2026-09-02 04:13:24
KUL,arrivals,2026-09-01,14:10,13:51,AK643,AXM643,DAD,Da Nang International Airport,AirAsia (Longjack Orang Kampung Livery),AK,A320,Airbus A320-216,9M-AJA,Landed 14:51,2026-09-02 04:13:24
KUL,arrivals,2026-09-01,14:15,14:56,QW907,QDA907,TAO,Qingdao Jiaodong International Airport,Qingdao Airlines,QW,A21N,Airbus A321-271NX,B-32PM,Landed 15:56,2026-09-02 04:13:24
KUL,arrivals,2026-09-01,14:15,14:57,QR852,QTR73P,DOH,Doha Hamad International Airport,Qatar Airways (Formula 1 Livery),QR,B77W,Boeing 777-3DZ(ER),A7-BEG,Landed 15:57,2026-09-02 04:13:24
KUL,arrivals,2026-09-01,14:15,14:37,JT164,LNI164,LOP,Lombok International Airport,Lion Air,JT,B739,Boeing 737-9GP(ER),PK-LFO,Landed 15:37,2026-09-02 04:13:24
KUL,arrivals,2026-09-01,14:15,14:05,AK347,AXM347,YIA,Yogyakarta International Airport,AirAsia,AK,A20N,Airbus A320-251N,9M-AGS,Landed 15:05,2026-09-02 04:13:24
KUL,arrivals,2026-09-01,14:20,14:19,OD2103,MXD2103,PEN,Penang International Airport,Batik Air,ID,B738,Boeing 737-8GP,9M-LNY,Landed 15:19,2026-09-02 04:13:24
KUL,arrivals,2026-09-01,14:20,14:06,MH2611,MAS2611,BKI,Kota Kinabalu International Airport,Malaysia Airlines,MH,B738,Boeing 737-8H6,9M-MSB,Landed 15:06,2026-09-02 04:13:24
KUL,arrivals,2026-09-01,14:20,13:58,MH747,MAS747,DAD,Da Nang International Airport,Malaysia Airlines,MH,B38M,Boeing 737 MAX 8,9M-MVD,Landed 14:58,2026-09-02 04:13:24
KUL,arrivals,2026-09-01,14:20,14:10,AK712,AXM712,SIN,Singapore Changi Airport,AirAsia,AK,A20N,Airbus A320-251N,9M-AGO,Landed 15:10,2026-09-02 04:13:24
KUL,arrivals,2026-09-01,14:25,14:22,MH2513,MAS2513,KCH,Kuching International Airport,Malaysia Airlines,MH,B738,Boeing 737-8H6,9M-MSE,Landed 15:22,2026-09-02 04:13:24
KUL,arrivals,2026-09-01,14:25,14:15,MH716,MAS716,CGK,Jakarta Soekarno Hatta International Airport,Malaysia Airlines,MH,B38M,Boeing 737 MAX 8,9M-MVE,Landed 15:15,2026-09-02 04:13:24
KUL,arrivals,2026-09-01,14:25,14:13,AK205,AXM205,CXR,Nha Trang Cam Ranh International Airport,AirAsia,AK,A20N,Airbus A320-251N,9M-AGD,Landed 15:13,2026-09-02 04:13:24
KUL,arrivals,2026-09-01,14:30,,FY3611,,KBV,Krabi Airport,Firefly,FY,B738,Boeing 737-8FZ,9M-MLH,Unknown,2026-09-02 04:13:24
KUL,arrivals,2026-09-01,14:30,,CI6881,,PEN,Penang International Airport,China Airlines,CI,77X,,,Unknown,2026-09-02 04:13:24
KUL,arrivals,2026-09-01,14:35,14:34,OD178,MXD178,DPS,Denpasar Ngurah Rai International Airport,Batik Air (Visit Malaysia Truly Asia 2026 Livery),ID,B38M,Boeing 737 MAX 8,9M-LRM,Landed 15:34,2026-09-02 04:13:24
KUL,arrivals,2026-09-01,14:35,14:25,AK6325,AXM6325,LGK,Langkawi International Airport,AirAsia,AK,A20N,Airbus A320-251N,9M-AGJ,Landed 15:25,2026-09-02 04:13:24
KUL,arrivals,2026-09-01,14:35,14:17,AK127,AXM127,SZX,Shenzhen Bao'an International Airport,AirAsia,AK,A320,Airbus A320-216,9M-RAO,Landed 15:17,2026-09-02 04:13:24
KUL,arrivals,2026-09-01,14:40,,O3309,,SZX,Shenzhen Bao'an International Airport,SF Airlines,O3,73F,,,Unknown,2026-09-02 04:13:24
KUL,arrivals,2026-09-01,14:40,14:32,OD367,MXD367,LOP,Lombok International Airport,Batik Air,ID,B738,Boeing 737-86N,9M-LDP,Landed 15:32,2026-09-02 04:13:24
KUL,arrivals,2026-09-01,14:40,14:25,CZ8011,CSN8011,CAN,Guangzhou Baiyun International Airport,China Southern Airlines,CZ,B38M,Boeing 737 MAX 8,B-1206,Landed 15:25,2026-09-02 04:13:24
KUL,arrivals,2026-09-01,14:40,14:27,AK529,AXM529,SGN,Ho Chi Minh City International Airport,AirAsia (Allstars Livery),AK,A320,Airbus A320-214,9M-AFD,Landed 15:27,2026-09-02 04:13:24
KUL,arrivals,2026-09-01,14:40,14:27,KL809,KLM809,AMS,Amsterdam Schiphol Airport,KLM,KL,B789,Boeing 787-9 Dreamliner,PH-BHL,Landed 15:27,2026-09-02 04:13:24
KUL,arrivals,2026-09-01,14:45,14:29,SQ116,SIA116,SIN,Singapore Changi Airport,Singapore Airlines,SQ,B38M,Boeing 737 MAX 8,9V-MBJ,Landed 15:29,2026-09-02 04:13:24
KUL,arrivals,2026-09-01,14:45,14:16,MH53,MAS53,KIX,Osaka Kansai International Airport,Malaysia Airlines,MH,A332,Airbus A330-223,9M-MTW,Landed 15:16,2026-09-02 04:13:24
KUL,arrivals,2026-09-01,14:50,15:09,MH1209,MAS1209,AOR,Alor Setar Sultan Abdul Halim Airport,Malaysia Airlines,MH,B738,Boeing 737-8H6,9M-MXG,Landed 16:09,2026-09-02 04:13:24
KUL,arrivals,2026-09-01,14:50,15:35,AK6441,AXM6441,KBR,Kota Bharu Sultan Ismail Petra Airport,AirAsia,AK,A320,Airbus A320-216,9M-AJZ,Landed 16:35,2026-09-02 04:13:24
KUL,arrivals,2026-09-01,14:50,14:51,AK5643,AXM5643,MYY,Miri Airport,AirAsia (De'Xandra Livery),AK,A320,Airbus A320-216,9M-AQM,Landed 15:51,2026-09-02 04:13:24
KUL,arrivals,2026-09-01,14:55,14:49,SV834,SVA834,MED,Medina Prince Mohammad bin Abdulaziz Airport,Saudia,SV,B78X,Boeing 787-10 Dreamliner,HZ-AR24,Landed 15:49,2026-09-02 04:13:24
KUL,arrivals,2026-09-01,14:55,14:58,AK139,AXM139,HKG,Hong Kong International Airport,AirAsia,AK,A20N,Airbus A320-251N,9M-AGN,Landed 15:58,2026-09-02 04:13:24
KUL,arrivals,2026-09-01,15:00,14:38,OD541,MXD541,HKT,Phuket International Airport,Batik Air,ID,B738,Boeing 737-8GP,9M-LDU,Landed 15:38,2026-09-02 04:13:24
KUL,arrivals,2026-09-01,15:00,15:23,OD307,MXD307,DPS,Denpasar Ngurah Rai International Airport,Batik Air,ID,B38M,Boeing 737 MAX 8,9M-LRG,Landed 16:23,2026-09-02 04:13:24
KUL,arrivals,2026-09-01,15:00,15:15,MH714,MAS714,DPS,Denpasar Ngurah Rai International Airport,Malaysia Airlines,MH,A339,Airbus A330-941,9M-MNP,Landed 16:15,2026-09-02 04:13:24
KUL,arrivals,2026-09-01,15:00,14:42,MH138,MAS138,ADL,Adelaide Airport,Malaysia Airlines,MH,A339,Airbus A330-941,9M-MNK,Landed 15:42,2026-09-02 04:13:24
KUL,arrivals,2026-09-01,15:00,14:44,MH250,MAS250,SYD,Sydney Kingsford Smith Airport,Malaysia Airlines,MH,A339,Airbus A330-941,9M-MNL,Landed 15:44,2026-09-02 04:13:24
KUL,arrivals,2026-09-01,15:00,15:29,AK6117,AXM6117,PEN,Penang International Airport,AirAsia,AK,A21N,Airbus A321-251NX,9M-XVE,Landed 16:29,2026-09-02 04:13:24
KUL,arrivals,2026-09-01,15:00,14:38,AK5113,AXM5113,BKI,Kota Kinabalu International Airport,AirAsia (Visit Truly Asia Malaysia 2020 Stickers),AK,A20N,Airbus A320-251N,9M-RAR,Landed 15:38,2026-09-02 04:13:24
KUL,arrivals,2026-09-01,15:05,14:40,MH1427,MAS1427,KBR,Kota Bharu Sultan Ismail Petra Airport,Malaysia Airlines,MH,B738,Boeing 737-8H6,9M-MSA,Landed 15:40,2026-09-02 04:13:24
KUL,arrivals,2026-09-01,15:05,14:46,CZ8097,CSN8097,SZX,Shenzhen Bao'an International Airport,China Southern Airlines,CZ,A21N,Airbus A321-251NX,B-32R3,Landed 15:46,2026-09-02 04:13:24
KUL,arrivals,2026-09-01,15:05,14:47,AK365,AXM365,DPS,Denpasar Ngurah Rai International Airport,AirAsia,AK,A21N,Airbus A321-251NX,9M-VAC,Landed 15:47,2026-09-02 04:13:24
KUL,arrivals,2026-09-01,15:10,15:59,AK825,AXM825,HKT,Phuket International Airport,AirAsia (HYROX Livery),AK,A320,Airbus A320-216,9M-AHR,Landed 16:59,2026-09-02 04:13:24
KUL,arrivals,2026-09-01,15:10,15:06,AK649,AXM649,DAD,Da Nang International Airport,AirAsia (Let’s Fly To Terengganu Livery),AK,A320,Airbus A320-216,9M-AJS,Landed 16:06,2026-09-02 04:13:24
KUL,arrivals,2026-09-01,15:15,15:03,MH1437,MAS1437,LGK,Langkawi International Airport,Malaysia Airlines,MH,B738,Boeing 737-8H6,9M-MLM,Landed 16:03,2026-09-02 04:13:24
KUL,arrivals,2026-09-01,15:15,15:42,AK352,AXM352,CGK,Jakarta Soekarno Hatta International Airport,AirAsia,AK,A320,Airbus A320-216,9M-AGT,Landed 16:42,2026-09-02 04:13:24
KUL,arrivals,2026-09-01,15:15,14:43,AK157,AXM157,KWL,Guilin Liangjiang International Airport,AirAsia,AK,A20N,Airbus A320-251N,9M-AGG,Landed 15:43,2026-09-02 04:13:24
KUL,arrivals,2026-09-01,15:20,15:12,9G751,SPQ751,PQC,Phu Quoc International Airport,Sun PhuQuoc Airways,9G,A21N,Airbus A321-251NX,VN-A906,Landed 16:12,2026-09-02 04:13:24
KUL,arrivals,2026-09-01,15:20,16:07,OD172,MXD172,DPS,Denpasar Ngurah Rai International Airport,Batik Air,ID,B38M,Boeing 737 MAX 8,9M-LRW,Landed 17:07,2026-09-02 04:13:24
KUL,arrivals,2026-09-01,15:20,,ID7268,,LOP,Lombok International Airport,Batik Air,ID,738,,,Unknown,2026-09-02 04:13:24
KUL,arrivals,2026-09-01,15:20,,FY2693,,TGG,Kuala Terengganu Sultan Mahmud Airport,Firefly,FY,738,,,Unknown,2026-09-02 04:13:24
KUL,arrivals,2026-09-01,15:20,15:13,AK6043,AXM6043,JHB,Johor Bahru Senai International Airport,AirAsia (Legend Heroes Park Livery),AK,A320,Airbus A320-216,9M-AFV,Landed 16:13,2026-09-02 04:13:24
KUL,arrivals,2026-09-01,15:25,15:26,AK6319,AXM6319,LGK,Langkawi International Airport,AirAsia,AK,A20N,Airbus A320-251N,9M-RAL,Landed 16:26,2026-09-02 04:13:24
KUL,arrivals,2026-09-01,15:30,15:06,MH319,MAS319,PKX,Beijing Daxing International Airport,Malaysia Airlines (Oneworld Livery),MH,A333,Airbus A330-323,9M-MTO,Landed 16:06,2026-09-02 04:13:24
KUL,arrivals,2026-09-01,15:30,15:40,AK5209,AXM5209,KCH,Kuching International Airport,AirAsia (Watsons Livery),AK,A320,Airbus A320-214,9M-AHX,Landed 16:40,2026-09-02 04:13:24
KUL,arrivals,2026-09-01,15:35,16:09,MH67,MAS067,ICN,Seoul Incheon International Airport,Malaysia Airlines,MH,A333,Airbus A330-323,9M-MTB,Landed 17:09,2026-09-02 04:13:24
KUL,arrivals,2026-09-01,15:40,15:39,OD503,MXD503,DAD,Da Nang International Airport,Batik Air,ID,B38M,Boeing 737 MAX 8,9M-LRP,Landed 16:39,2026-09-02 04:13:24
KUL,arrivals,2026-09-01,15:40,15:34,MH795,MAS795,HKT,Phuket International Airport,Malaysia Airlines,MH,B738,Boeing 737-8H6,9M-MXH,Landed 16:34,2026-09-02 04:13:24
KUL,arrivals,2026-09-01,15:40,15:21,CX725,CPA725,HKG,Hong Kong International Airport,Cathay Pacific,CX,A333,Airbus A330-342,B-LAE,Landed 16:21,2026-09-02 04:13:24
KUL,arrivals,2026-09-01,15:40,16:38,AK6229,AXM6229,TGG,Kuala Terengganu Sultan Mahmud Airport,AirAsia,AK,A20N,Airbus A320-251N,9M-AGH,Landed 17:38,2026-09-02 04:13:24
KUL,arrivals,2026-09-01,15:45,15:01,MH89,MAS89,NRT,Tokyo Narita International Airport,Malaysia Airlines (Malaysia Negaraku Livery),MH,A359,Airbus A350-941,9M-MAC,Landed 16:01,2026-09-02 04:13:24
KUL,arrivals,2026-09-01,15:45,15:49,MF897,CXA897,FOC,Fuzhou Changle International Airport,Xiamen Air,MF,B738,Boeing 737-85C,B-6483,Landed 16:49,2026-09-02 04:13:24
KUL,arrivals,2026-09-01,15:50,15:51,MH807,MAS807,MNL,Manila Ninoy Aquino International Airport,Malaysia Airlines,MH,B38M,Boeing 737 MAX 8,9M-MVQ,Landed 16:51,2026-09-02 04:13:24
KUL,arrivals,2026-09-01,15:55,15:30,MH2521,MAS2521,KCH,Kuching International Airport,Malaysia Airlines,MH,B738,Boeing 737-8H6,9M-MLS,Landed 16:30,2026-09-02 04:13:24
KUL,arrivals,2026-09-01,15:55,15:53,MH1149,MAS1149,PEN,Penang International Airport,Malaysia Airlines,MH,B738,Boeing 737-8H6,9M-MLT,Landed 16:53,2026-09-02 04:13:24
KUL,arrivals,2026-09-01,15:55,15:38,MH624,MAS624,SIN,Singapore Changi Airport,Malaysia Airlines (Retro Livery),MH,B738,Boeing 737-8H6,9M-MLV,Landed 16:38,2026-09-02 04:13:24
KUL,arrivals,2026-09-01,15:55,15:33,AK883,AXM883,DMK,Bangkok Don Mueang International Airport,"AirAsia (3, 2,1, Take Off Livery)",AK,A21N,Airbus A321-251NX,9M-VAA,Landed 16:33,2026-09-02 04:13:24
KUL,arrivals,2026-09-01,16:00,15:42,CZ8301,CSN8301,CAN,Guangzhou Baiyun International Airport,China Southern Airlines,CZ,B38M,Boeing 737 MAX 8,B-225D,Landed 16:42,2026-09-02 04:13:24
KUL,arrivals,2026-09-01,16:00,16:11,AK6131,AXM6131,PEN,Penang International Airport,AirAsia,AK,A320,Airbus A320-216,9M-DAF,Landed 17:11,2026-09-02 04:13:24
KUL,arrivals,2026-09-01,16:00,17:27,AK546,AXM546,PQC,Phu Quoc International Airport,AirAsia,AK,A320,Airbus A320-216,9M-AQN,Landed 18:27,2026-09-02 04:13:24
KUL,arrivals,2026-09-01,16:00,,AK396,,KNO,Medan Kuala Namu International Airport,AirAsia,AK,A320,Airbus A320-216,9M-RAG,Canceled,2026-09-02 04:13:24
KUL,arrivals,2026-09-01,16:05,15:44,OD389,MXD389,CGK,Jakarta Soekarno Hatta International Airport,Batik Air,ID,B738,Boeing 737-8GP,9M-LNR,Landed 16:44,2026-09-02 04:13:24
KUL,arrivals,2026-09-01,16:05,15:24,KR781,KME781,KTI,Phnom Penh Techo International Airport,Cambodia Airways,KR,A319,Airbus A319-112,XU-878,Landed 16:24,2026-09-02 04:13:24
KUL,arrivals,2026-09-01,16:05,15:45,D7533,XAX533,KIX,Osaka Kansai International Airport,AirAsia,AK,A333,Airbus A330-343,9M-XXK,Landed 16:45,2026-09-02 04:13:24
KUL,arrivals,2026-09-01,16:05,16:20,AK189,AXM189,MFM,Macau International Airport,AirAsia,AK,A320,Airbus A320-216,9M-RAE,Landed 17:20,2026-09-02 04:13:24
KUL,arrivals,2026-09-01,16:10,15:35,MH2711,MAS2711,SDK,Sandakan Airport,Malaysia Airlines,MH,B738,Boeing 737-8H6,9M-MLP,Landed 16:35,2026-09-02 04:13:24
KUL,arrivals,2026-09-01,16:10,16:43,ET638,ETH638,SIN,Singapore Changi Airport,Ethiopian Airlines,ET,A359,Airbus A350-941,ET-AVD,Landed 17:43,2026-09-02 04:13:24
KUL,arrivals,2026-09-01,16:15,15:56,TK60,THY49A,IST,Istanbul Airport,Turkish Airlines,TK,A359,Airbus A350-941,TC-LHF,Landed 16:56,2026-09-02 04:13:24
KUL,arrivals,2026-09-01,16:15,16:03,QZ208,AWQ208,CGK,Jakarta Soekarno Hatta International Airport,AirAsia,AK,A320,Airbus A320-214,PK-AZH,Landed 17:03,2026-09-02 04:13:24
KUL,arrivals,2026-09-01,16:15,16:28,AK714,AXM714,SIN,Singapore Changi Airport,AirAsia (Resorts World Genting Livery),AK,A20N,Airbus A320-251N,9M-AGA,Landed 17:28,2026-09-02 04:13:24
KUL,arrivals,2026-09-01,16:15,16:16,AK583,AXM583,MNL,Manila Ninoy Aquino International Airport,AirAsia,AK,A20N,Airbus A320-251N,9M-AGL,Landed 17:16,2026-09-02 04:13:24
KUL,arrivals,2026-09-01,16:20,16:09,AK6437,AXM6437,KBR,Kota Bharu Sultan Ismail Petra Airport,AirAsia,AK,A20N,Airbus A320-251N,9M-RAM,Landed 17:09,2026-09-02 04:13:24
KUL,arrivals,2026-09-01,16:25,16:06,9C6523,CQH6523,PVG,Shanghai Pudong International Airport,Spring Airlines,9C,A20N,Airbus A320-251N,B-30CN,Landed 17:06,2026-09-02 04:13:24
KUL,arrivals,2026-09-01,16:25,15:57,TR472,TGW472,SIN,Singapore Changi Airport,Scoot,TR,A320,Airbus A320-232,9V-TRT,Landed 16:57,2026-09-02 04:13:24
KUL,arrivals,2026-09-01,16:30,16:26,MH789,MAS789,BKK,Bangkok Suvarnabhumi Airport,Malaysia Airlines,MH,B38M,Boeing 737 MAX 8,9M-MVH,Landed 17:26,2026-09-02 04:13:24
KUL,arrivals,2026-09-01,16:30,16:22,MH753,MAS753,HAN,Hanoi Noi Bai International Airport,Malaysia Airlines,MH,B38M,Boeing 737 MAX 8,9M-MVI,Landed 17:22,2026-09-02 04:13:24
KUL,arrivals,2026-09-01,16:30,16:22,AK6332,AXM6332,LGK,Langkawi International Airport,AirAsia,AK,A320,Airbus A320-214,9M-DAE,Landed 17:22,2026-09-02 04:13:24
KUL,arrivals,2026-09-01,16:35,16:15,SQ122,SIA122,SIN,Singapore Changi Airport,Singapore Airlines,SQ,A359,Airbus A350-941,9V-SHA,Landed 17:15,2026-09-02 04:13:24
KUL,arrivals,2026-09-01,16:35,16:24,MH7415,MAS7415,TWU,Tawau Airport,Malaysia Airlines,MH,B738,Boeing 737-8H6,9M-MXB,Landed 17:24,2026-09-02 04:13:24
KUL,arrivals,2026-09-01,16:35,17:41,AK5173,AXM5173,LBU,Labuan Airport,AirAsia (❤️ Singapore Livery),AK,A320,Airbus A320-216,9M-AHZ,Landed 18:41,2026-09-02 04:13:24
KUL,arrivals,2026-09-01,16:40,17:33,AK5139,AXM5139,BKI,Kota Kinabalu International Airport,AirAsia,AK,A320,Airbus A320-216,9M-RAV,Landed 18:33,2026-09-02 04:13:24
KUL,arrivals,2026-09-01,16:45,16:50,MH620,MAS620,SIN,Singapore Changi Airport,Malaysia Airlines (Malaysia Negaraku Livery),MH,B738,Boeing 737-8H6,9M-MXU,Landed 17:50,2026-09-02 04:13:24
KUL,arrivals,2026-09-01,16:45,16:14,CA483,CCA483,TFU,Chengdu Tianfu International Airport,Air China,CA,A21N,Airbus A321-252NX,B-32NC,Landed 17:14,2026-09-02 04:13:24
KUL,arrivals,2026-09-01,16:45,16:32,AK5221,AXM5221,KCH,Kuching International Airport,AirAsia,AK,A320,Airbus A320-216,9M-AQP,Landed 17:32,2026-09-02 04:13:24
KUL,arrivals,2026-09-01,16:50,17:48,OD2406,MXD2406,JHB,Johor Bahru Senai International Airport,Batik Air,ID,B738,Boeing 737-8GP,9M-LDD,Landed 18:48,2026-09-02 04:13:21
KUL,arrivals,2026-09-01,16:50,,MH865,,KNO,Medan Kuala Namu International Airport,Malaysia Airlines,MH,73H,,,Canceled,2026-09-02 04:13:21
KUL,arrivals,2026-09-01,16:50,16:35,AK428,AXM428,PKU,Pekanbaru Sultan Syarif Kasim II Airport,AirAsia (Longjack Orang Kampung Livery),AK,A320,Airbus A320-216,9M-AJA,Landed 17:35,2026-09-02 04:13:24
KUL,arrivals,2026-09-01,16:50,16:11,MH1,MAS1,LHR,London Heathrow Airport,Malaysia Airlines,MH,A359,Airbus A350-941,9M-MAE,Landed 17:11,2026-09-02 04:13:24
KUL,arrivals,2026-09-01,16:50,16:04,BA33,BAW33,LHR,London Heathrow Airport,British Airways,BA,B789,Boeing 787-9 Dreamliner,G-ZBKP,Landed 17:04,2026-09-02 04:13:24
KUL,arrivals,2026-09-01,16:55,16:20,JL723,JAL723,NRT,Tokyo Narita International Airport,Japan Airlines,JL,B788,Boeing 787-8 Dreamliner,JA842J,Landed 17:20,2026-09-02 04:13:21
KUL,arrivals,2026-09-01,17:00,17:14,OD1635,MXD1635,KCH,Kuching International Airport,Batik Air,ID,B38M,Boeing 737 MAX 8,9M-LRS,Landed 18:14,2026-09-02 04:13:21
KUL,arrivals,2026-09-01,17:00,17:05,OD808,MXD808,SIN,Singapore Changi Airport,Batik Air,ID,B738,Boeing 737-8GP,9M-LNV,Landed 18:05,2026-09-02 04:13:21
KUL,arrivals,2026-09-01,17:10,17:01,MH2517,MAS2517,KCH,Kuching International Airport,Malaysia Airlines,MH,B738,Boeing 737-8H6,9M-MLR,Landed 18:01,2026-09-02 04:13:21
KUL,arrivals,2026-09-01,17:15,17:17,TR468,TGW468,SIN,Singapore Changi Airport,Scoot,TR,A320,Airbus A320-232,9V-TRV,Landed 18:17,2026-09-02 04:13:21
KUL,arrivals,2026-09-01,17:15,17:11,MH103,MAS103,DAC,Dhaka Shahjalal International Airport,Malaysia Airlines,MH,B38M,Boeing 737 MAX 8,9M-MVF,Landed 18:11,2026-09-02 04:13:21
KUL,arrivals,2026-09-01,17:15,17:20,AK6154,AXM6154,PEN,Penang International Airport,AirAsia,AK,A20N,Airbus A320-251N,9M-AGB,Landed 18:20,2026-09-02 04:13:21
KUL,arrivals,2026-09-01,17:15,17:04,AK385,AXM385,CGK,Jakarta Soekarno Hatta International Airport,AirAsia,AK,A320,Airbus A320-216,9M-AGY,Landed 18:04,2026-09-02 04:13:21
KUL,arrivals,2026-09-01,17:25,17:16,VN679,HVN679,SGN,Ho Chi Minh City International Airport,Vietnam Airlines,VN,A321,Airbus A321-231,VN-A604,Landed 18:16,2026-09-02 04:13:21
KUL,arrivals,2026-09-01,17:25,17:00,AK75,AXM75,MLE,Male Velana International Airport,AirAsia,AK,A21N,Airbus A321-251NX,9M-VAE,Landed 18:00,2026-09-02 04:13:21
KUL,arrivals,2026-09-01,17:30,17:19,MH377,MAS377,CAN,Guangzhou Baiyun International Airport,Malaysia Airlines (Oneworld Livery),MH,A333,Airbus A330-323,9M-MTE,Landed 18:19,2026-09-02 04:13:21
KUL,arrivals,2026-09-01,17:30,17:21,MH73,MAS073,HKG,Hong Kong International Airport,Malaysia Airlines,MH,B738,Boeing 737-8H6,9M-MXS,Landed 18:21,2026-09-02 04:13:21
KUL,arrivals,2026-09-01,17:30,17:07,AK377,AXM377,DPS,Denpasar Ngurah Rai International Airport,AirAsia,AK,A20N,Airbus A320-251N,9M-RAB,Landed 18:07,2026-09-02 04:13:21
KUL,arrivals,2026-09-01,17:35,17:09,FY3693,FFM3693,CEB,Cebu Mactan International Airport,Firefly,FY,B738,Boeing 737-8FZ,9M-MLJ,Landed 18:09,2026-09-02 04:13:21
KUL,arrivals,2026-09-01,17:35,17:44,AK885,AXM885,DMK,Bangkok Don Mueang International Airport,AirAsia,AK,A320,Airbus A320-216,9M-AGU,Landed 18:44,2026-09-02 04:13:21
KUL,arrivals,2026-09-01,17:35,17:47,AK404,AXM404,PDG,Padang Minangkabau International Airport,AirAsia (General Electric Livery),AK,A320,Airbus A320-216,9M-AQB,Landed 18:47,2026-09-02 04:13:21
KUL,arrivals,2026-09-01,17:40,17:10,AK311,AXM311,LBJ,Labuan Bajo Komodo Airport,AirAsia,AK,A20N,Airbus A320-251N,9M-RAK,Landed 18:10,2026-09-02 04:13:21
KUL,arrivals,2026-09-01,17:45,18:05,ZH329,CSZ329,SZX,Shenzhen Bao'an International Airport,Shenzhen airlines,ZH,B38M,Boeing 737 MAX 8,B-206Z,Landed 19:05,2026-09-02 04:13:21
KUL,arrivals,2026-09-01,17:45,17:50,AK6219,AXM6219,TGG,Kuala Terengganu Sultan Mahmud Airport,AirAsia,AK,A20N,Airbus A320-251N,9M-AGS,Landed 18:50,2026-09-02 04:13:21
KUL,arrivals,2026-09-01,17:45,17:35,AK5645,AXM5645,MYY,Miri Airport,AirAsia,AK,A20N,Airbus A320-251N,9M-AGQ,Landed 18:35,2026-09-02 04:13:21
KUL,arrivals,2026-09-01,17:50,18:30,QZ130,AWQ130,KNO,Medan Kuala Namu International Airport,AirAsia (Lombok Livery),AK,A320,Airbus A320-216,PK-AXU,Landed 19:30,2026-09-02 04:13:21
KUL,arrivals,2026-09-01,17:50,17:36,MH1455,MAS1455,LGK,Langkawi International Airport,Malaysia Airlines,MH,B738,Boeing 737-8FZ,9M-MLK,Landed 18:36,2026-09-02 04:13:21
KUL,arrivals,2026-09-01,17:50,17:23,KT173,KTC173,SAI,Siem Reap Angkor International Airport,AirAsia,AK,A320,Airbus A320-214,XU-819,Landed 18:23,2026-09-02 04:13:21
KUL,arrivals,2026-09-01,17:50,17:38,AK6317,AXM6317,LGK,Langkawi International Airport,AirAsia,AK,A20N,Airbus A320-251N,9M-AGO,Landed 18:38,2026-09-02 04:13:21
KUL,arrivals,2026-09-01,17:50,17:53,AK5871,AXM5871,SBW,Sibu Airport,AirAsia,AK,A320,Airbus A320-214,9M-AJG,Landed 18:53,2026-09-02 04:13:21
KUL,arrivals,2026-09-01,17:50,17:56,AK5211,AXM5211,KCH,Kuching International Airport,AirAsia,AK,A320,Airbus A320-216,9M-DAG,Landed 18:56,2026-09-02 04:13:21
KUL,arrivals,2026-09-01,17:50,17:58,AK548,AXM548,PQC,Phu Quoc International Airport,AirAsia,AK,A320,Airbus A320-216,9M-AQS,Landed 18:58,2026-09-02 04:13:21
KUL,arrivals,2026-09-01,17:55,18:00,AK279,AXM279,BWN,Brunei International Airport,AirAsia (Universiti Teknologi Malaysia Livery),AK,A320,Airbus A320-216,9M-AJE,Landed 19:00,2026-09-02 04:13:21
KUL,arrivals,2026-09-01,18:00,17:32,VN681,HVN681,HAN,Hanoi Noi Bai International Airport,Vietnam Airlines,VN,A321,Airbus A321-231,VN-A390,Landed 18:32,2026-09-02 04:13:21
KUL,arrivals,2026-09-01,18:00,,QR8902,,DOH,Doha Hamad International Airport,Qatar Airways,QR,77X,,,Unknown,2026-09-02 04:13:21
KUL,arrivals,2026-09-01,18:00,17:38,MH2607,MAS2607,BKI,Kota Kinabalu International Airport,Malaysia Airlines,MH,B738,Boeing 737-8H6,9M-MXE,Landed 18:38,2026-09-02 04:13:21
KUL,arrivals,2026-09-01,18:00,17:41,MH705,MAS705,MNL,Manila Ninoy Aquino International Airport,Malaysia Airlines,MH,B38M,Boeing 737 MAX 8,9M-MVL,Landed 18:41,2026-09-02 04:13:21
KUL,arrivals,2026-09-01,18:05,17:52,OD2305,MXD2305,KBR,Kota Bharu Sultan Ismail Petra Airport,Batik Air,ID,B738,Boeing 737-8GP,9M-LNP,Landed 18:52,2026-09-02 04:13:21
KUL,arrivals,2026-09-01,18:05,18:32,OD606,MXD606,HKG,Hong Kong International Airport,Batik Air,ID,B738,Boeing 737-86N,9M-LDK,Landed 19:32,2026-09-02 04:13:21
KUL,arrivals,2026-09-01,18:05,18:20,AK6433,AXM6433,KBR,Kota Bharu Sultan Ismail Petra Airport,AirAsia (Let’s Fly To Terengganu Livery),AK,A320,Airbus A320-216,9M-AJS,Landed 19:20,2026-09-02 04:13:21
KUL,arrivals,2026-09-01,18:10,18:08,QG502,CTV502,CGK,Jakarta Soekarno Hatta International Airport,Citilink,QG,A320,Airbus A320-214,PK-GQQ,Landed 19:08,2026-09-02 04:13:21
KUL,arrivals,2026-09-01,18:10,18:03,OD2107,MXD2107,PEN,Penang International Airport,Batik Air,ID,B738,Boeing 737-86N,9M-LDP,Landed 19:03,2026-09-02 04:13:21
KUL,arrivals,2026-09-01,18:10,18:05,AK523,AXM523,SGN,Ho Chi Minh City International Airport,AirAsia (Sarawak Livery),AK,A320,Airbus A320-216,9M-AJD,Landed 19:05,2026-09-02 04:13:21
KUL,arrivals,2026-09-01,18:10,18:15,AK513,AXM513,HAN,Hanoi Noi Bai International Airport,AirAsia,AK,A320,Airbus A320-216,9M-RAI,Landed 19:15,2026-09-02 04:13:21
KUL,arrivals,2026-09-01,18:20,19:20,OD1005,MXD1005,BKI,Kota Kinabalu International Airport,Batik Air,ID,B38M,Boeing 737 MAX 8,9M-LRK,Landed 20:20,2026-09-02 04:13:21
KUL,arrivals,2026-09-01,18:25,00:59,MH6105,MAS6105,HKG,Hong Kong International Airport,MASkargo,MH,A332,Airbus A330-223F,9M-MUA,Landed 01:59,2026-09-02 04:13:21
KUL,arrivals,2026-09-01,18:25,18:00,MH720,MAS720,CGK,Jakarta Soekarno Hatta International Airport,Malaysia Airlines,MH,B738,Boeing 737-8H6,9M-MXY,Landed 19:00,2026-09-02 04:13:21
KUL,arrivals,2026-09-01,18:25,18:26,MH608,MAS608,SIN,Singapore Changi Airport,Malaysia Airlines,MH,B38M,Boeing 737 MAX 8,9M-MVM,Landed 19:26,2026-09-02 04:13:21
KUL,arrivals,2026-09-01,18:30,18:11,MH1335,MAS1335,TGG,Kuala Terengganu Sultan Mahmud Airport,Malaysia Airlines,MH,B738,Boeing 737-8H6,9M-MLN,Landed 19:11,2026-09-02 04:13:21
KUL,arrivals,2026-09-01,18:35,18:16,MH850,MAS850,DPS,Denpasar Ngurah Rai International Airport,Malaysia Airlines,MH,B38M,Boeing 737 MAX 8,9M-MVC,Landed 19:16,2026-09-02 04:13:21
KUL,arrivals,2026-09-01,18:35,18:33,AK857,AXM857,CNX,Chiang Mai International Airport,AirAsia,AK,A20N,Airbus A320-251N,9M-AGI,Landed 19:33,2026-09-02 04:13:21
KUL,arrivals,2026-09-01,18:40,18:29,MH1397,MAS1397,KBR,Kota Bharu Sultan Ismail Petra Airport,Malaysia Airlines,MH,B738,Boeing 737-8FZ,9M-MLL,Landed 19:29,2026-09-02 04:13:21
KUL,arrivals,2026-09-01,18:40,18:49,MH759,MAS759,SGN,Ho Chi Minh City International Airport,Malaysia Airlines,MH,B38M,Boeing 737 MAX 8,9M-MVG,Landed 19:49,2026-09-02 04:13:21
KUL,arrivals,2026-09-01,18:45,18:57,SQ126,SIA126,SIN,Singapore Changi Airport,Singapore Airlines,SQ,A359,Airbus A350-941,9V-SMC,Landed 19:57,2026-09-02 04:13:21
KUL,arrivals,2026-09-01,18:45,19:06,EY486,ETD7LE,AUH,Abu Dhabi Zayed International Airport,Etihad Airways,EY,B78X,Boeing 787-10 Dreamliner,A6-BMI,Landed 20:06,2026-09-02 04:13:21
KUL,arrivals,2026-09-01,18:50,18:34,TG417,THA417,BKK,Bangkok Suvarnabhumi Airport,Thai Airways (Star Alliance Livery),TG,A333,Airbus A330-343,HS-TEO,Landed 19:34,2026-09-02 04:13:21
KUL,arrivals,2026-09-01,18:50,19:09,MH2545,MAS2545,KCH,Kuching International Airport,Malaysia Airlines,MH,B738,Boeing 737-8H6,9M-MLQ,Landed 20:09,2026-09-02 04:13:21
KUL,arrivals,2026-09-01,18:50,18:40,FY2954,FFM2954,PEN,Penang International Airport,Firefly,FY,B738,Boeing 737-8FZ,9M-MLI,Landed 19:40,2026-09-02 04:13:21
KUL,arrivals,2026-09-01,18:50,18:45,AK5117,AXM5117,BKI,Kota Kinabalu International Airport,AirAsia,AK,A21N,Airbus A321-251NX,9M-VAD,Landed 19:45,2026-09-02 04:13:21
KUL,arrivals,2026-09-01,18:55,18:44,OD1727,MXD1727,BTU,Bintulu Airport,Batik Air,ID,B38M,Boeing 737 MAX 8,9M-LRU,Landed 19:44,2026-09-02 04:13:21
KUL,arrivals,2026-09-01,18:55,18:19,OD1901,MXD1901,TWU,Tawau Airport,Batik Air,ID,B738,Boeing 737-8U3,9M-LCW,Landed 19:19,2026-09-02 04:13:21
KUL,arrivals,2026-09-01,18:55,18:39,AK716,AXM716,SIN,Singapore Changi Airport,AirAsia,AK,A21N,Airbus A321-251NX,9M-VAC,Landed 19:39,2026-09-02 04:13:21
KUL,arrivals,2026-09-01,18:55,19:08,AK641,AXM641,DAD,Da Nang International Airport,AirAsia,AK,A20N,Airbus A320-251N,9M-AGE,Landed 20:08,2026-09-02 04:13:21
KUL,arrivals,2026-09-01,18:55,19:33,AK392,AXM392,KNO,Medan Kuala Namu International Airport,AirAsia (HYROX Livery),AK,A320,Airbus A320-216,9M-AHR,Landed 20:33,2026-09-02 04:13:21
KUL,arrivals,2026-09-01,19:00,,MH6115,,HKG,Hong Kong International Airport,Malaysia Airlines,MH,33X,,,Unknown,2026-09-02 04:13:21
KUL,arrivals,2026-09-01,19:00,18:52,MH367,MAS367,TPE,Taipei Taoyuan International Airport,Malaysia Airlines,MH,A333,Airbus A330-323,9M-MTN,Landed 19:52,2026-09-02 04:13:21
KUL,arrivals,2026-09-01,19:00,18:15,MH122,MAS122,SYD,Sydney Kingsford Smith Airport,Malaysia Airlines,MH,A339,Airbus A330-941,9M-MNJ,Landed 19:15,2026-09-02 04:13:21
KUL,arrivals,2026-09-01,19:00,18:35,HU755,CHH755,HAK,Haikou Meilan International Airport,Hainan Airlines,HU,B38M,Boeing 737 MAX 8,B-1388,Landed 19:35,2026-09-02 04:13:21
KUL,arrivals,2026-09-01,19:05,19:31,8B679,TNU679,CGK,Jakarta Soekarno Hatta International Airport,TransNusa,8B,A321,Airbus A321-211,PK-TLG,Landed 20:31,2026-09-02 04:13:21
KUL,arrivals,2026-09-01,19:05,18:46,WY823,OMA823,MCT,Muscat International Airport,Oman Air,WY,B789,Boeing 787-9 Dreamliner,A4O-SL,Landed 19:46,2026-09-02 04:13:21
KUL,arrivals,2026-09-01,19:05,19:16,MH484,MAS484,MLE,Male Velana International Airport,Malaysia Airlines,MH,B38M,Boeing 737 MAX 8,9M-MVK,Landed 20:16,2026-09-02 04:13:21
KUL,arrivals,2026-09-01,19:05,19:18,MH171,MAS171,KTM,Kathmandu Tribhuvan International Airport,Malaysia Airlines,MH,B38M,Boeing 737 MAX 8,9M-MVS,Landed 20:18,2026-09-02 04:13:21
KUL,arrivals,2026-09-01,19:05,19:15,AK887,AXM887,DMK,Bangkok Don Mueang International Airport,AirAsia (Persona 5 Royal Livery),AK,A320,Airbus A320-214,9M-AFF,Landed 20:15,2026-09-02 04:13:21
KUL,arrivals,2026-09-01,19:10,19:36,MH2593,MAS2593,MYY,Miri Airport,Malaysia Airlines,MH,B738,Boeing 737-8H6,9M-MXT,Landed 20:36,2026-09-02 04:13:21
KUL,arrivals,2026-09-01,19:10,18:23,MH148,MAS148,MEL,Melbourne Airport,Malaysia Airlines,MH,A339,Airbus A330-941,9M-MNN,Landed 19:23,2026-09-02 04:13:21
KUL,arrivals,2026-09-01,19:10,19:54,ID7262,BTK7262,KNO,Medan Kuala Namu International Airport,Batik Air,ID,B738,Boeing 737-8GP,PK-LBK,Landed 20:54,2026-09-02 04:13:21
KUL,arrivals,2026-09-01,19:10,19:38,AK6015,AXM6015,AOR,Alor Setar Sultan Abdul Halim Airport,AirAsia,AK,A20N,Airbus A320-251N,9M-AGH,Landed 20:38,2026-09-02 04:13:21
KUL,arrivals,2026-09-01,19:15,19:00,QZ210,AWQ210,CGK,Jakarta Soekarno Hatta International Airport,AirAsia,AK,A320,Airbus A320-216,PK-AZO,Landed 20:00,2026-09-02 04:13:21
KUL,arrivals,2026-09-01,19:15,19:05,KT169,KTC169,KTI,Phnom Penh Techo International Airport,AirAsia (Cambodia Livery),AK,A320,Airbus A320-214,XU-818,Landed 20:05,2026-09-02 04:13:21
KUL,arrivals,2026-09-01,19:20,19:19,AK420,AXM420,BTJ,Banda Aceh International Airport,AirAsia (Allstars Livery),AK,A320,Airbus A320-214,9M-AFD,Landed 20:19,2026-09-02 04:13:21
KUL,arrivals,2026-09-01,19:25,19:00,MH2645,MAS2645,BKI,Kota Kinabalu International Airport,Malaysia Airlines,MH,B738,Boeing 737-8H6,9M-MXA,Landed 20:00,2026-09-02 04:13:21
KUL,arrivals,2026-09-01,19:25,19:22,MH1155,MAS1155,PEN,Penang International Airport,Malaysia Airlines (Retro Livery),MH,B738,Boeing 737-8H6,9M-MLV,Landed 20:22,2026-09-02 04:13:21
KUL,arrivals,2026-09-01,19:25,19:14,MH616,MAS616,SIN,Singapore Changi Airport,Malaysia Airlines,MH,B738,Boeing 737-8H6,9M-MSA,Landed 20:14,2026-09-02 04:13:21
KUL,arrivals,2026-09-01,19:25,19:02,BI873,RBA873,BWN,Brunei International Airport,Royal Brunei Airlines,BI,A20N,Airbus A320-251N,V8-RBA,Landed 20:02,2026-09-02 04:13:21
KUL,arrivals,2026-09-01,19:30,19:05,OD1907,MXD1907,SBW,Sibu Airport,Batik Air,ID,B38M,Boeing 737 MAX 8,9M-LRD,Landed 20:05,2026-09-02 04:13:21
KUL,arrivals,2026-09-01,19:30,19:33,MH783,MAS783,BKK,Bangkok Suvarnabhumi Airport,Malaysia Airlines,MH,B38M,Boeing 737 MAX 8,9M-MVO,Landed 20:33,2026-09-02 04:13:21
KUL,arrivals,2026-09-01,19:30,19:57,MH144,MAS144,AKL,Auckland Airport,Malaysia Airlines,MH,A339,Airbus A330-941,9M-MNG,Landed 20:57,2026-09-02 04:13:21
KUL,arrivals,2026-09-01,19:30,19:47,FY2893,FFM2893,JHB,Johor Bahru Senai International Airport,Firefly,FY,B738,Boeing 737-8FZ,9M-MLH,Landed 20:47,2026-09-02 04:13:21
KUL,arrivals,2026-09-01,19:35,19:25,MH2635,MAS2635,LBU,Labuan Airport,Malaysia Airlines,MH,B738,Boeing 737-8H6,9M-MXM,Landed 20:25,2026-09-02 04:13:21
KUL,arrivals,2026-09-01,19:35,19:48,AK6439,AXM6439,KBR,Kota Bharu Sultan Ismail Petra Airport,AirAsia,AK,A320,Airbus A320-214,9M-DAE,Landed 20:48,2026-09-02 04:13:21
KUL,arrivals,2026-09-01,19:40,20:07,MH165,MAS165,DOH,Doha Hamad International Airport,Malaysia Airlines,MH,A359,Airbus A350-941,9M-MAH,Landed 21:07,2026-09-02 04:13:21
KUL,arrivals,2026-09-01,19:40,20:14,AK6033,AXM6033,JHB,Johor Bahru Senai International Airport,AirAsia,AK,A320,Airbus A320-216,9M-RAV,Landed 21:14,2026-09-02 04:13:21
KUL,arrivals,2026-09-01,19:45,19:28,MH1058,MAS1058,JHB,Johor Bahru Senai International Airport,Malaysia Airlines,MH,B738,Boeing 737-8H6,9M-MLM,Landed 20:28,2026-09-02 04:13:21
KUL,arrivals,2026-09-01,19:45,19:38,MH791,MAS791,HKT,Phuket International Airport,Malaysia Airlines,MH,B738,Boeing 737-8H6,9M-MLO,Landed 20:38,2026-09-02 04:13:21
KUL,arrivals,2026-09-01,19:45,19:54,AK5213,AXM5213,KCH,Kuching International Airport,AirAsia (Legend Heroes Park Livery),AK,A320,Airbus A320-216,9M-AFV,Landed 20:54,2026-09-02 04:13:21
KUL,arrivals,2026-09-01,19:45,20:01,AK5134,AXM5134,BKI,Kota Kinabalu International Airport,AirAsia,AK,A320,Airbus A320-216,9M-RAG,Landed 21:01,2026-09-02 04:13:21
KUL,arrivals,2026-09-01,19:50,20:02,OD183,MXD183,KTM,Kathmandu Tribhuvan International Airport,Batik Air,ID,B38M,Boeing 737 MAX 8,9M-LRT,Landed 21:02,2026-09-02 04:13:21
KUL,arrivals,2026-09-01,19:55,19:43,MH1281,MAS1281,KUA,Kuantan Sultan Haji Ahmad Shah Airport,Malaysia Airlines,MH,B738,Boeing 737-8H6,9M-MLP,Landed 20:43,2026-09-02 04:13:21
KUL,arrivals,2026-09-01,19:55,19:41,CX729,CPA729,HKG,Hong Kong International Airport,Cathay Pacific,CX,A21N,Airbus A321-251NX,B-HPE,Landed 20:41,2026-09-02 04:13:21
KUL,arrivals,2026-09-01,20:00,19:45,6E1037,IGO1037,BLR,Bengaluru Kempegowda International Airport,IndiGo,6E,A21N,Airbus A321-252NX,VT-ILN,Landed 20:45,2026-09-02 04:13:21
KUL,arrivals,2026-09-01,20:00,19:53,MH389,MAS389,PVG,Shanghai Pudong International Airport,Malaysia Airlines,MH,A333,Airbus A330-323,9M-MTF,Landed 20:53,2026-09-02 04:13:21
KUL,arrivals,2026-09-01,20:00,19:48,AK349,AXM349,YIA,Yogyakarta International Airport,AirAsia,AK,A320,Airbus A320-214,9M-AHV,Landed 20:48,2026-09-02 04:13:21
KUL,arrivals,2026-09-01,20:05,21:37,QZ126,AWQ126,KNO,Medan Kuala Namu International Airport,AirAsia (Lombok Livery),AK,A320,Airbus A320-216,PK-AXU,Landed 22:37,2026-09-02 04:13:18
KUL,arrivals,2026-09-01,20:05,20:28,OD391,MXD391,CGK,Jakarta Soekarno Hatta International Airport,Batik Air,ID,B38M,Boeing 737 MAX 8,9M-LRJ,Landed 21:28,2026-09-02 04:13:18
KUL,arrivals,2026-09-01,20:05,19:50,MH2665,MAS2665,TWU,Tawau Airport,Malaysia Airlines,MH,B738,Boeing 737-8H6,9M-MXX,Landed 20:50,2026-09-02 04:13:21
KUL,arrivals,2026-09-01,20:10,20:26,SQ128,SIA128,SIN,Singapore Changi Airport,Singapore Airlines,SQ,B38M,Boeing 737 MAX 8,9V-MBH,Landed 21:26,2026-09-02 04:13:18
KUL,arrivals,2026-09-01,20:10,20:18,MH763,MAS763,KTI,Phnom Penh Techo International Airport,Malaysia Airlines,MH,B738,Boeing 737-8H6,9M-MSE,Landed 21:18,2026-09-02 04:13:18
KUL,arrivals,2026-09-01,20:15,20:15,OD529,MXD529,DMK,Bangkok Don Mueang International Airport,Batik Air,ID,B738,Boeing 737-8GP,9M-LNY,Landed 21:15,2026-09-02 04:13:18
KUL,arrivals,2026-09-01,20:15,20:04,MH2717,MAS2717,SBW,Sibu Airport,Malaysia Airlines,MH,B738,Boeing 737-8H6,9M-MLU,Landed 21:04,2026-09-02 04:13:18
KUL,arrivals,2026-09-01,20:15,20:48,AK5749,AXM5749,TWU,Tawau Airport,AirAsia (WeAreAllChampions Livery),AK,A320,Airbus A320-216,9M-AQF,Landed 21:48,2026-09-02 04:13:18
KUL,arrivals,2026-09-01,20:20,20:00,MH2669,MAS2669,SDK,Sandakan Airport,Malaysia Airlines (Malaysia Negaraku Livery),MH,B738,Boeing 737-8H6,9M-MXV,Landed 21:00,2026-09-02 04:13:18
KUL,arrivals,2026-09-01,20:25,20:36,QZ326,AWQ326,SUB,Surabaya Juanda International Airport,AirAsia,AK,A320,Airbus A320-214,PK-AZJ,Landed 21:36,2026-09-02 04:13:18
KUL,arrivals,2026-09-01,20:25,20:48,MH173,MAS173,DEL,Delhi Indira Gandhi International Airport,Malaysia Airlines,MH,B38M,Boeing 737 MAX 8,9M-MVP,Landed 21:48,2026-09-02 04:13:18
KUL,arrivals,2026-09-01,20:25,19:51,AK171,AXM171,KHH,Kaohsiung International Airport,AirAsia,AK,A21N,Airbus A321-251NX,9M-VAF,Landed 20:51,2026-09-02 04:13:18
KUL,arrivals,2026-09-01,20:30,21:40,OD1637,MXD1637,KCH,Kuching International Airport,Batik Air,ID,B38M,Boeing 737 MAX 8,9M-LRW,Landed 22:40,2026-09-02 04:13:18
KUL,arrivals,2026-09-01,20:30,20:13,OD2117,MXD2117,PEN,Penang International Airport,Batik Air,ID,B738,Boeing 737-8GP,9M-LNZ,Landed 21:13,2026-09-02 04:13:18
KUL,arrivals,2026-09-01,20:30,20:32,AK645,AXM645,DAD,Da Nang International Airport,AirAsia,AK,A320,Airbus A320-214,9M-AFE,Landed 21:32,2026-09-02 04:13:18
KUL,arrivals,2026-09-01,20:35,20:21,MH722,MAS722,CGK,Jakarta Soekarno Hatta International Airport,Malaysia Airlines,MH,B738,Boeing 737-8H6,9M-MXL,Landed 21:21,2026-09-02 04:13:18
KUL,arrivals,2026-09-01,20:40,20:24,MH1459,MAS1459,LGK,Langkawi International Airport,Malaysia Airlines,MH,B738,Boeing 737-8H6,9M-MXG,Landed 21:24,2026-09-02 04:13:18
KUL,arrivals,2026-09-01,20:40,20:17,AK5195,AXM5195,SDK,Sandakan Airport,AirAsia,AK,A320,Airbus A320-216,9M-AJY,Landed 21:17,2026-09-02 04:13:18
KUL,arrivals,2026-09-01,20:40,20:43,AK335,AXM335,UPG,Makassar Sultan Hasanuddin International Airport,AirAsia,AK,A320,Airbus A320-216,9M-AHE,Landed 21:43,2026-09-02 04:13:18
KUL,arrivals,2026-09-01,20:40,20:52,AI2384,AIC2384,DEL,Delhi Indira Gandhi International Airport,Air India,AI,A20N,Airbus A320-251N,VT-TQA,Landed 21:52,2026-09-02 04:13:18
KUL,arrivals,2026-09-01,20:45,20:27,TR466,TGW466,SIN,Singapore Changi Airport,Scoot,TR,B788,Boeing 787-8 Dreamliner,9V-OFH,Landed 21:27,2026-09-02 04:13:18
KUL,arrivals,2026-09-01,20:45,20:39,MH2631,MAS2631,BKI,Kota Kinabalu International Airport,Malaysia Airlines,MH,B738,Boeing 737-8H6,9M-MXO,Landed 21:39,2026-09-02 04:13:18
KUL,arrivals,2026-09-01,20:45,20:58,AK6323,AXM6323,LGK,Langkawi International Airport,AirAsia (General Electric Livery),AK,A320,Airbus A320-216,9M-AQB,Landed 21:58,2026-09-02 04:13:18
KUL,arrivals,2026-09-01,20:50,20:37,AK100,AXM100,KMG,Kunming Changshui International Airport,AirAsia,AK,A21N,Airbus A321-251NX,9M-VAH,Landed 21:37,2026-09-02 04:13:18
KUL,arrivals,2026-09-01,20:50,20:36,KE427,KAL427,ICN,Seoul Incheon International Airport,Korean Air,KE,A333,Airbus A330-323,HL8003,Landed 21:36,2026-09-02 04:13:18
KUL,arrivals,2026-09-01,20:50,21:00,EK342,UAE5JM,DXB,Dubai International Airport,Emirates,EK,A388,Airbus A380-861,A6-EEH,Landed 22:00,2026-09-02 04:13:18
KUL,arrivals,2026-09-01,20:50,20:31,CZ365,CSN365,CAN,Guangzhou Baiyun International Airport,China Southern Airlines,CZ,B38M,Boeing 737 MAX 8,B-1176,Landed 21:31,2026-09-02 04:13:18
KUL,arrivals,2026-09-01,20:50,20:50,AK6129,AXM6129,PEN,Penang International Airport,AirAsia (❤️ Singapore Livery),AK,A320,Airbus A320-216,9M-AHZ,Landed 21:50,2026-09-02 04:13:18
KUL,arrivals,2026-09-01,20:55,20:45,MH775,MAS775,BKK,Bangkok Suvarnabhumi Airport,Malaysia Airlines (Malaysia Negaraku Livery),MH,B738,Boeing 737-8H6,9M-MXF,Landed 21:45,2026-09-02 04:13:18
KUL,arrivals,2026-09-01,20:55,20:33,MH124,MAS124,PER,Perth Airport,Malaysia Airlines,MH,B38M,Boeing 737 MAX 8,9M-MVR,Landed 21:33,2026-09-02 04:13:18
KUL,arrivals,2026-09-01,20:55,20:40,AK6447,AXM6447,KBR,Kota Bharu Sultan Ismail Petra Airport,AirAsia,AK,A20N,Airbus A320-251N,9M-RAK,Landed 21:40,2026-09-02 04:13:18
KUL,arrivals,2026-09-01,20:55,20:45,AK718,AXM718,SIN,Singapore Changi Airport,AirAsia (Longjack Orang Kampung Livery),AK,A320,Airbus A320-216,9M-AJA,Landed 21:45,2026-09-02 04:13:18
KUL,arrivals,2026-09-01,21:00,20:53,AK893,AXM893,DMK,Bangkok Don Mueang International Airport,AirAsia,AK,A20N,Airbus A320-251N,9M-RAL,Landed 21:53,2026-09-02 04:13:18
KUL,arrivals,2026-09-01,21:20,21:10,MH1165,MAS1165,PEN,Penang International Airport,Malaysia Airlines,MH,B738,Boeing 737-8FZ,9M-MLK,Landed 22:10,2026-09-02 04:13:18
KUL,arrivals,2026-09-01,21:20,21:42,MH852,MAS852,DPS,Denpasar Ngurah Rai International Airport,Malaysia Airlines,MH,B38M,Boeing 737 MAX 8,9M-MVN,Landed 22:42,2026-09-02 04:13:18
KUL,arrivals,2026-09-01,21:20,21:13,MH610,MAS610,SIN,Singapore Changi Airport,Malaysia Airlines (Malaysia Negaraku Livery),MH,B738,Boeing 737-8H6,9M-MXU,Landed 22:13,2026-09-02 04:13:18
KUL,arrivals,2026-09-01,21:20,21:02,AK5647,AXM5647,MYY,Miri Airport,AirAsia (De'Xandra Livery),AK,A320,Airbus A320-216,9M-AQM,Landed 22:02,2026-09-02 04:13:18
KUL,arrivals,2026-09-01,21:20,21:07,AK387,AXM387,CGK,Jakarta Soekarno Hatta International Airport,AirAsia,AK,A320,Airbus A320-216,9M-AJZ,Landed 22:07,2026-09-02 04:13:18
KUL,arrivals,2026-09-01,21:25,21:04,MH767,MAS767,SGN,Ho Chi Minh City International Airport,Malaysia Airlines,MH,B38M,Boeing 737 MAX 8,9M-MVE,Landed 22:04,2026-09-02 04:13:18
KUL,arrivals,2026-09-01,21:25,21:14,AK720,AXM720,SIN,Singapore Changi Airport,AirAsia,AK,A320,Airbus A320-216,9M-AQS,Landed 22:14,2026-09-02 04:13:18
KUL,arrivals,2026-09-01,21:25,21:33,AK827,AXM827,HKT,Phuket International Airport,AirAsia,AK,A320,Airbus A320-216,9M-AGY,Landed 22:33,2026-09-02 04:13:18
KUL,arrivals,2026-09-01,21:30,21:32,OD806,MXD806,SIN,Singapore Changi Airport,Batik Air,ID,B738,Boeing 737-8GP,9M-LNR,Landed 22:32,2026-09-02 04:13:18
KUL,arrivals,2026-09-01,21:40,21:17,KL810,KLM810,CGK,Jakarta Soekarno Hatta International Airport,KLM,KL,B789,Boeing 787-9 Dreamliner,PH-BHL,Landed 22:17,2026-09-02 04:13:18
KUL,arrivals,2026-09-01,21:45,21:15,MH2747,MAS2747,BTU,Bintulu Airport,Malaysia Airlines,MH,B738,Boeing 737-8H6,9M-MSB,Landed 22:15,2026-09-02 04:13:18
KUL,arrivals,2026-09-01,21:50,21:35,MH2597,MAS2597,KCH,Kuching International Airport,Malaysia Airlines,MH,B38M,Boeing 737 MAX 8,9M-MVI,Landed 22:35,2026-09-02 04:13:18
KUL,arrivals,2026-09-01,21:50,21:37,AK6039,AXM6039,JHB,Johor Bahru Senai International Airport,AirAsia,AK,A320,Airbus A320-216,9M-AJN,Landed 22:37,2026-09-02 04:13:18
KUL,arrivals,2026-09-01,21:50,21:51,AK379,AXM379,DPS,Denpasar Ngurah Rai International Airport,AirAsia,AK,A320,Airbus A320-216,9M-RAO,Landed 22:51,2026-09-02 04:13:18
KUL,arrivals,2026-09-01,21:55,21:50,MH781,MAS781,BKK,Bangkok Suvarnabhumi Airport,Malaysia Airlines,MH,B38M,Boeing 737 MAX 8,9M-MVQ,Landed 22:50,2026-09-02 04:13:18
KUL,arrivals,2026-09-01,21:55,21:41,AK889,AXM889,DMK,Bangkok Don Mueang International Airport,AirAsia (Save Our Malayan Tiger Livery),AK,A320,Airbus A320-216,9M-AQZ,Landed 22:41,2026-09-02 04:13:18
KUL,arrivals,2026-09-01,22:00,21:44,MH2585,MAS2585,MYY,Miri Airport,Malaysia Airlines,MH,B738,Boeing 737-8H6,9M-MXH,Landed 22:44,2026-09-02 04:13:18
KUL,arrivals,2026-09-01,22:00,21:58,MH724,MAS724,CGK,Jakarta Soekarno Hatta International Airport,Malaysia Airlines,MH,B38M,Boeing 737 MAX 8,9M-MVB,Landed 22:58,2026-09-02 04:13:18
KUL,arrivals,2026-09-01,22:00,,FY2575,,TWU,Tawau Airport,Firefly,FY,738,,,Unknown,2026-09-02 04:13:18
KUL,arrivals,2026-09-01,22:00,21:38,CA871,CCA871,PEK,Beijing Capital International Airport,Air China,CA,B38M,Boeing 737 MAX 8,B-1397,Landed 22:38,2026-09-02 04:13:18
KUL,arrivals,2026-09-01,22:05,21:48,3U3993,CSC3993,TFU,Chengdu Tianfu International Airport,Sichuan Airlines,3U,A20N,Airbus A320-271N,B-321D,Landed 22:48,2026-09-02 04:13:18
KUL,arrivals,2026-09-01,22:05,22:34,FM861,CSH861,PVG,Shanghai Pudong International Airport,Shanghai Airlines,FM,B38M,Boeing 737 MAX 8,B-1149,Landed 23:34,2026-09-02 04:13:18
KUL,arrivals,2026-09-01,22:10,21:29,AK5747,AXM5747,TWU,Tawau Airport,AirAsia,AK,A320,Airbus A320-216,9M-RAD,Landed 22:29,2026-09-02 04:13:18
KUL,arrivals,2026-09-01,22:15,22:45,MF8715,CXA8715,NKG,Nanjing Lukou International Airport,Xiamen Air,MF,B38M,Boeing 737 MAX 8,B-224X,Landed 23:45,2026-09-02 04:13:18
KUL,arrivals,2026-09-01,22:25,22:24,HO1353,DKH1353,PVG,Shanghai Pudong International Airport,Juneyao Air,HO,A20N,Airbus A320-271N,B-320Z,Landed 23:24,2026-09-02 04:13:18
KUL,arrivals,2026-09-01,22:40,22:50,MU2969,CES2969,NKG,Nanjing Lukou International Airport,China Eastern Airlines,MU,A20N,Airbus A320-251N,B-306F,Landed 23:50,2026-09-02 04:13:18
KUL,arrivals,2026-09-01,22:40,22:04,3U3773,CSC3773,CKG,Chongqing Jiangbei International Airport,Sichuan Airlines,3U,A20N,Airbus A320-271N,B-328M,Landed 23:04,2026-09-02 04:13:18
KUL,arrivals,2026-09-01,22:50,06:27,8K261,KMI261,SZX,Shenzhen Bao'an International Airport,K-Mile Air,8K,B763,Boeing 767-33A(ER)(BCF),HS-KSB,Delayed 07:27,2026-09-02 04:13:18
KUL,arrivals,2026-09-01,22:50,00:20,MF823,CXA823,XMN,Xiamen Gaoqi International Airport,Xiamen Air,MF,B38M,Boeing 737 MAX 8,B-227A,Landed 01:20,2026-09-02 04:13:18
KUL,arrivals,2026-09-01,22:55,23:06,AK354,AXM354,CGK,Jakarta Soekarno Hatta International Airport,AirAsia,AK,A20N,Airbus A320-251N,9M-AGB,Landed 00:06,2026-09-02 04:13:18
KUL,arrivals,2026-09-01,23:05,22:20,NH815,ANA815,NRT,Tokyo Narita International Airport,All Nippon Airways,NH,B788,Boeing 787-8 Dreamliner,JA807A,Landed 23:20,2026-09-02 04:13:18
KUL,arrivals,2026-09-01,23:05,,FY3681,,SIN,Singapore Changi Airport,Firefly,FY,738,,,Unknown,2026-09-02 04:13:18
KUL,arrivals,2026-09-01,23:05,22:56,AK5219,AXM5219,KCH,Kuching International Airport,AirAsia,AK,A320,Airbus A320-214,9M-AJG,Landed 23:56,2026-09-02 04:13:18
KUL,arrivals,2026-09-01,23:10,22:43,5J501,CEB501,MNL,Manila Ninoy Aquino International Airport,Cebu Pacific,5J,A21N,Airbus A321-271NX,RP-C4143,Landed 23:43,2026-09-02 04:13:18
KUL,arrivals,2026-09-01,23:15,22:58,CZ5035,CSN5035,CAN,Guangzhou Baiyun International Airport,China Southern Airlines,CZ,B38M,Boeing 737 MAX 8,B-226L,Landed 23:58,2026-09-02 04:13:18
KUL,arrivals,2026-09-01,23:20,22:53,AK5752,AXM5752,TWU,Tawau Airport,AirAsia,AK,A21N,Airbus A321-251NX,9M-XVE,Landed 23:53,2026-09-02 04:13:18
KUL,arrivals,2026-09-01,23:25,23:18,MU795,CES795,PKX,Beijing Daxing International Airport,China Eastern Airlines,MU,A20N,Airbus A320-251N,B-308W,Landed 00:18,2026-09-02 04:13:18
KUL,arrivals,2026-09-01,23:30,23:48,CZ5079,CSN5079,SZX,Shenzhen Bao'an International Airport,China Southern Airlines,CZ,A20N,Airbus A320-251N,B-32H3,Landed 00:48,2026-09-02 04:13:18
KUL,arrivals,2026-09-01,23:35,23:11,SV840,SVA840,JED,Jeddah King Abdulaziz International Airport,Saudia (The Red Sea Stickers),SV,B78X,Boeing 787-10 Dreamliner,HZ-AR33,Landed 00:11,2026-09-02 04:13:18
KUL,arrivals,2026-09-01,23:35,,AQ1271,,CAN,Guangzhou Baiyun International Airport,9 Air,AQ,738,,,Canceled,2026-09-02 04:13:18
KUL,arrivals,2026-09-01,23:45,23:36,AK897,AXM897,DMK,Bangkok Don Mueang International Airport,AirAsia (Let’s Fly To Terengganu Livery),AK,A320,Airbus A320-216,9M-AJS,Landed 00:36,2026-09-02 04:13:18
KUL,departures,2026-09-01,00:20,02:53,CZ5036,CSN5036,CAN,Guangzhou Baiyun International Airport,China Southern Airlines,CZ,B38M,Boeing 737 MAX 8,B-225D,Departed 03:53,2026-09-02 04:14:27
KUL,departures,2026-09-01,00:25,01:10,MU796,CES796,PKX,Beijing Daxing International Airport,China Eastern Airlines,MU,A20N,Airbus A320-251N,B-32C2,Departed 02:10,2026-09-02 04:14:27
KUL,departures,2026-09-01,00:30,02:45,CZ5080,CSN5080,SZX,Shenzhen Bao'an International Airport,China Southern Airlines,CZ,A20N,Airbus A320-251N,B-32N3,Departed 03:45,2026-09-02 04:14:27
KUL,departures,2026-09-01,00:55,01:32,FM862,CSH862,PVG,Shanghai Pudong International Airport,Shanghai Airlines,FM,B738,Boeing 737-89P,B-207G,Departed 02:32,2026-09-02 04:14:27
KUL,departures,2026-09-01,01:15,01:29,SV841,SVA841,JED,Jeddah King Abdulaziz International Airport,Saudia (The Red Sea Stickers),SV,B78X,Boeing 787-10 Dreamliner,HZ-AR33,Departed 02:29,2026-09-02 04:14:27
KUL,departures,2026-09-01,01:15,01:38,PR530,PAL530,MNL,Manila Ninoy Aquino International Airport,Philippine Airlines,PR,A321,Airbus A321-231,RP-C9903,Departed 02:38,2026-09-02 04:14:27
KUL,departures,2026-09-01,01:15,01:27,EK343,UAE7Q,DXB,Dubai International Airport,Emirates,EK,A388,Airbus A380-861,A6-EDY,Departed 02:27,2026-09-02 04:14:27
KUL,departures,2026-09-01,01:20,01:23,D7532,XAX532,KIX,Osaka Kansai International Airport,AirAsia,AK,A333,Airbus A330-343,9M-XXK,Departed 02:23,2026-09-02 04:14:27
KUL,departures,2026-09-01,01:30,02:24,MF858,CXA858,XMN,Xiamen Gaoqi International Airport,Xiamen Air,MF,B738,Boeing 737-85C,B-5532,Departed 03:24,2026-09-02 04:14:27
KUL,departures,2026-09-01,01:45,02:01,CX732,CPA732,HKG,Hong Kong International Airport,Cathay Pacific,CX,A21N,Airbus A321-251NX,B-HPN,Departed 03:01,2026-09-02 04:14:27
KUL,departures,2026-09-01,01:55,02:18,AK170,AXM170,KHH,Kaohsiung International Airport,AirAsia,AK,A21N,Airbus A321-251NX,9M-VAF,Departed 03:18,2026-09-02 04:14:27
KUL,departures,2026-09-01,02:00,02:08,MU860,CES860,KMG,Kunming Changshui International Airport,China Eastern Airlines,MU,B738,Boeing 737-89P,B-1235,Departed 03:08,2026-09-02 04:14:27
KUL,departures,2026-09-01,02:05,03:29,ZH334,CSZ334,SZX,Shenzhen Bao'an International Airport,Shenzhen Airlines,ZH,A320,Airbus A320-232,B-6690,Departed 04:29,2026-09-02 04:14:27
KUL,departures,2026-09-01,02:10,02:21,MH164,MAS164,DOH,Doha Hamad International Airport,Malaysia Airlines,MH,A359,Airbus A350-941,9M-MAH,Departed 03:21,2026-09-02 04:14:27
KUL,departures,2026-09-01,02:15,03:15,G9803,ABY803,SHJ,Sharjah International Airport,Air Arabia,G9,A21N,Airbus A321-251NX(LR),A6-ATA,Departed 04:15,2026-09-02 04:14:27
KUL,departures,2026-09-01,03:05,03:04,CV9521,CLX9521,HKG,Hong Kong International Airport,Cargolux,CV,B748,Boeing 747-8R7F,LX-VCD,Departed 04:04,2026-09-02 04:14:27
KUL,departures,2026-09-01,03:05,,CV9522,,HKG,Hong Kong International Airport,Cargolux,CV,74F,,,Unknown,2026-09-02 04:14:27
KUL,departures,2026-09-01,03:15,03:23,BG387,BBC387,DAC,Dhaka Shahjalal International Airport,Biman Bangladesh Airlines,BG,B738,Boeing 737-83N,S2-AFM,Departed 04:23,2026-09-02 04:14:27
KUL,departures,2026-09-01,04:00,04:28,AK112,AXM112,CAN,Guangzhou Baiyun International Airport,AirAsia (General Electric Livery),AK,A320,Airbus A320-216,9M-AQB,Departed 05:28,2026-09-02 04:14:27
KUL,departures,2026-09-01,04:45,05:17,6E1032,IGO1032,MAA,Chennai International Airport,IndiGo,6E,A20N,Airbus A320-251N,VT-IPG,Departed 06:17,2026-09-02 04:14:27
KUL,departures,2026-09-01,05:00,05:14,MH843,MAS843,BPN,Balikpapan Sepinggan Airport,Malaysia Airlines (Retro Livery),MH,B738,Boeing 737-8H6,9M-MLV,Departed 06:14,2026-09-02 04:14:27
KUL,departures,2026-09-01,05:00,05:16,AK5744,AXM5744,TWU,Tawau Airport,AirAsia (❤️ Singapore Livery),AK,A320,Airbus A320-216,9M-AHZ,Departed 06:16,2026-09-02 04:14:27
KUL,departures,2026-09-01,05:00,05:10,AK5246,AXM5246,BTU,Bintulu Airport,AirAsia,AK,A320,Airbus A320-214,9M-DAE,Departed 06:10,2026-09-02 04:14:27
KUL,departures,2026-09-01,05:00,05:02,AK5108,AXM5108,BKI,Kota Kinabalu International Airport,AirAsia,AK,A320,Airbus A320-216,9M-RAI,Departed 06:02,2026-09-02 04:14:27
KUL,departures,2026-09-01,05:00,05:24,AK890,AXM890,DMK,Bangkok Don Mueang International Airport,AirAsia,AK,A320,Airbus A320-216,9M-AJY,Departed 06:24,2026-09-02 04:14:27
KUL,departures,2026-09-01,05:05,05:20,AK5876,AXM5876,SBW,Sibu Airport,AirAsia,AK,A320,Airbus A320-214,9M-AFE,Departed 06:20,2026-09-02 04:14:27
KUL,departures,2026-09-01,05:05,05:13,AK516,AXM516,HAN,Hanoi Noi Bai International Airport,AirAsia (Legend Heroes Park Livery),AK,A320,Airbus A320-216,9M-AFV,Departed 06:13,2026-09-02 04:14:27
KUL,departures,2026-09-01,05:10,05:20,AK701,AXM701,SIN,Singapore Changi Airport,AirAsia,AK,A21N,Airbus A321-251NX,9M-VAG,Departed 06:20,2026-09-02 04:14:27
KUL,departures,2026-09-01,05:10,05:33,AK126,AXM126,SZX,Shenzhen Bao'an International Airport,AirAsia,AK,A320,Airbus A320-216,9M-RAO,Departed 06:33,2026-09-02 04:14:27
KUL,departures,2026-09-01,05:10,05:22,AK11,AXM11,MAA,Chennai International Airport,AirAsia,AK,A20N,Airbus A320-251N,9M-AGH,Departed 06:22,2026-09-02 04:14:27
KUL,departures,2026-09-01,05:15,05:22,AK5192,AXM5192,SDK,Sandakan Airport,AirAsia,AK,A320,Airbus A320-216,9M-AQN,Departed 06:22,2026-09-02 04:14:27
KUL,departures,2026-09-01,05:30,05:43,FY2720,FFM2721,KBR,Kota Bharu Sultan Ismail Petra Airport,Firefly,FY,B738,Boeing 737-8FZ,9M-MLH,Departed 06:43,2026-09-02 04:14:27
KUL,departures,2026-09-01,05:30,05:39,AK5651,AXM5651,MYY,Miri Airport,AirAsia,AK,A20N,Airbus A320-251N,9M-AGJ,Departed 06:39,2026-09-02 04:14:27
KUL,departures,2026-09-01,05:35,12:22,MH6104,MAS6104,LBU,Labuan Airport,MASkargo,MH,A332,Airbus A330-223F,9M-MUA,Departed 13:22,2026-09-02 04:14:27
KUL,departures,2026-09-01,05:40,05:44,AK6124,AXM6124,PEN,Penang International Airport,AirAsia,AK,A20N,Airbus A320-251N,9M-RAB,Departed 06:44,2026-09-02 04:14:27
KUL,departures,2026-09-01,05:45,05:55,OD398,MXD398,CGK,Jakarta Soekarno Hatta International Airport,Batik Air,ID,B738,Boeing 737-8GP,9M-LNV,Departed 06:55,2026-09-02 04:14:27
KUL,departures,2026-09-01,05:50,06:01,FY2530,FFM2530,BKI,Kota Kinabalu International Airport,Firefly,FY,B738,Boeing 737-8FZ,9M-MLI,Departed 07:01,2026-09-02 04:14:27
KUL,departures,2026-09-01,05:50,06:29,AI2385,AIC2385,DEL,Delhi Indira Gandhi International Airport,Air India,AI,A20N,Airbus A320-251N,VT-RTU,Departed 07:29,2026-09-02 04:14:27
KUL,departures,2026-09-01,05:55,,MH6114,,LBU,Labuan Airport,Malaysia Airlines,MH,33X,,,Unknown,2026-09-02 04:14:27
KUL,departures,2026-09-01,06:00,06:00,MH783,,BKK,Bangkok Suvarnabhumi Airport,Malaysia Airlines,MH,B38M,Boeing 737 MAX 8,9M-MVO,Estimated dep 07:00*,2026-09-02 04:14:27
KUL,departures,2026-09-01,06:00,06:08,AK5202,AXM5202,KCH,Kuching International Airport,AirAsia (WeAreAllChampions Livery),AK,A320,Airbus A320-216,9M-AQF,Departed 07:08,2026-09-02 04:14:27
KUL,departures,2026-09-01,06:00,06:05,AK380,AXM380,CGK,Jakarta Soekarno Hatta International Airport,AirAsia,AK,A320,Airbus A320-216,9M-RAV,Departed 07:05,2026-09-02 04:14:27
KUL,departures,2026-09-01,06:00,06:03,AK330,AXM330,UPG,Makassar Sultan Hasanuddin International Airport,AirAsia,AK,A320,Airbus A320-216,9M-AHE,Departed 07:03,2026-09-02 04:14:27
KUL,departures,2026-09-01,06:05,06:30,FM864,CSH864,PVG,Shanghai Pudong International Airport,Shanghai Airlines,FM,B738,Boeing 737-86D,B-1900,Departed 07:30,2026-09-02 04:14:27
KUL,departures,2026-09-01,06:05,06:05,AK520,AXM520,SGN,Ho Chi Minh City International Airport,AirAsia (HYROX Livery),AK,A320,Airbus A320-216,9M-AHR,Departed 07:05,2026-09-02 04:14:27
KUL,departures,2026-09-01,06:10,06:27,TR457,TGW457,SIN,Singapore Changi Airport,Scoot,TR,A320,Airbus A320-232,9V-TRT,Departed 07:27,2026-09-02 04:14:27
KUL,departures,2026-09-01,06:10,06:15,MH857,MAS857,YIA,Yogyakarta International Airport,Malaysia Airlines,MH,B738,Boeing 737-8H6,9M-MXO,Departed 07:15,2026-09-02 04:14:27
KUL,departures,2026-09-01,06:10,06:09,AK552,AXM552,VTE,Vientiane Wattay International Airport,AirAsia (Universiti Teknologi Malaysia Livery),AK,A320,Airbus A320-216,9M-AJE,Departed 07:09,2026-09-02 04:14:27
KUL,departures,2026-09-01,06:15,06:34,NH816,ANA816,NRT,Tokyo Narita International Airport,All Nippon Airways,NH,B788,Boeing 787-8 Dreamliner,JA831A,Departed 07:34,2026-09-02 04:14:27
KUL,departures,2026-09-01,06:15,06:27,MH2660,MAS2660,TWU,Tawau Airport,Malaysia Airlines (Malaysia Negaraku Livery),MH,B738,Boeing 737-8H6,9M-MXV,Departed 07:27,2026-09-02 04:14:27
KUL,departures,2026-09-01,06:15,06:13,AK6430,AXM6430,KBR,Kota Bharu Sultan Ismail Petra Airport,AirAsia,AK,A320,Airbus A320-216,9M-AGC,Departed 07:13,2026-09-02 04:14:27
KUL,departures,2026-09-01,06:15,06:25,AK6224,AXM6224,TGG,Kuala Terengganu Sultan Mahmud Airport,AirAsia,AK,A20N,Airbus A320-251N,9M-AGD,Departed 07:25,2026-09-02 04:14:27
KUL,departures,2026-09-01,06:15,06:37,AK6048,AXM6048,JHB,Johor Bahru Senai International Airport,AirAsia (Let’s Fly To Terengganu Livery),AK,A320,Airbus A320-216,9M-AJS,Departed 07:37,2026-09-02 04:14:27
KUL,departures,2026-09-01,06:15,06:16,AK6020,AXM6020,AOR,Alor Setar Sultan Abdul Halim Airport,AirAsia (Allstars Livery),AK,A320,Airbus A320-214,9M-AFD,Departed 07:16,2026-09-02 04:14:27
KUL,departures,2026-09-01,06:15,06:20,AK5104,AXM5104,BKI,Kota Kinabalu International Airport,AirAsia,AK,A21N,Airbus A321-251NX,9M-XVE,Departed 07:20,2026-09-02 04:14:27
KUL,departures,2026-09-01,06:15,06:14,AK442,AXM442,BDJ,Banjarmasin Syamsudin Noor Airport,AirAsia,AK,A320,Airbus A320-216,9M-AGU,Departed 07:14,2026-09-02 04:14:27
KUL,departures,2026-09-01,06:15,06:22,AK156,AXM156,KWL,Guilin Liangjiang International Airport,AirAsia,AK,A20N,Airbus A320-251N,9M-AGG,Departed 07:22,2026-09-02 04:14:27
KUL,departures,2026-09-01,06:15,06:47,AK138,AXM138,HKG,Hong Kong International Airport,AirAsia,AK,A20N,Airbus A320-251N,9M-AGN,Departed 07:47,2026-09-02 04:14:27
KUL,departures,2026-09-01,06:20,08:27,OD1632,MXD1632,KCH,Kuching International Airport,Batik Air,ID,B38M,Boeing 737 MAX 8,9M-LRU,Departed 09:27,2026-09-02 04:14:27
KUL,departures,2026-09-01,06:20,06:40,MH2542,MAS2542,KCH,Kuching International Airport,Malaysia Airlines,MH,B738,Boeing 737-8H6,9M-MSA,Departed 07:40,2026-09-02 04:14:27
KUL,departures,2026-09-01,06:20,06:38,MH713,MAS713,CGK,Jakarta Soekarno Hatta International Airport,Malaysia Airlines,MH,B38M,Boeing 737 MAX 8,9M-MVB,Departed 07:38,2026-09-02 04:14:27
KUL,departures,2026-09-01,06:20,06:25,AK703,AXM703,SIN,Singapore Changi Airport,AirAsia,AK,A320,Airbus A320-216,9M-AQS,Departed 07:25,2026-09-02 04:14:27
KUL,departures,2026-09-01,06:20,06:29,AK403,AXM403,PDG,Padang Minangkabau International Airport,AirAsia (De'Xandra Livery),AK,A320,Airbus A320-216,9M-AQM,Departed 07:29,2026-09-02 04:14:27
KUL,departures,2026-09-01,06:25,06:41,MU7708,CES7708,NKG,Nanjing Lukou International Airport,China Eastern Airlines,MU,A20N,Airbus A320-251N,B-329A,Departed 07:41,2026-09-02 04:14:27
KUL,departures,2026-09-01,06:25,06:24,MH871,MAS871,SUB,Surabaya Juanda International Airport,Malaysia Airlines,MH,B738,Boeing 737-8H6,9M-MXM,Departed 07:24,2026-09-02 04:14:27
KUL,departures,2026-09-01,06:30,06:46,OD2102,MXD2102,PEN,Penang International Airport,Batik Air,ID,B38M,Boeing 737 MAX 8,9M-LRJ,Departed 07:46,2026-09-02 04:14:27
KUL,departures,2026-09-01,06:30,06:44,OD1002,MXD1002,BKI,Kota Kinabalu International Airport,Batik Air,ID,B38M,Boeing 737 MAX 8,9M-LRF,Departed 07:44,2026-09-02 04:14:27
KUL,departures,2026-09-01,06:35,06:49,AK818,AXM818,HKT,Phuket International Airport,AirAsia (Save Our Malayan Tiger Livery),AK,A320,Airbus A320-216,9M-AQZ,Departed 07:49,2026-09-02 04:14:23
KUL,departures,2026-09-01,06:35,06:39,AK423,AXM423,BTJ,Banda Aceh International Airport,AirAsia,AK,A320,Airbus A320-216,9M-AGT,Departed 07:39,2026-09-02 04:14:27
KUL,departures,2026-09-01,06:40,06:36,AK6114,AXM6114,PEN,Penang International Airport,AirAsia,AK,A320,Airbus A320-216,9M-DAB,Departed 07:36,2026-09-02 04:14:23
KUL,departures,2026-09-01,06:45,06:57,AK370,AXM370,DPS,Denpasar Ngurah Rai International Airport,AirAsia,AK,A20N,Airbus A320-251N,9M-AGB,Departed 07:57,2026-09-02 04:14:23
KUL,departures,2026-09-01,06:50,06:58,MH601,MAS601,SIN,Singapore Changi Airport,Malaysia Airlines,MH,B38M,Boeing 737 MAX 8,9M-MVH,Departed 07:58,2026-09-02 04:14:23
KUL,departures,2026-09-01,07:00,07:32,MF824,CXA824,XMN,Xiamen Gaoqi International Airport,Xiamen Air,MF,B38M,Boeing 737 MAX 8,B-20DW,Departed 08:32,2026-09-02 04:14:23
KUL,departures,2026-09-01,07:05,07:19,MH2612,MAS2612,BKI,Kota Kinabalu International Airport,Malaysia Airlines,MH,B738,Boeing 737-8H6,9M-MXT,Departed 08:19,2026-09-02 04:14:23
KUL,departures,2026-09-01,07:05,07:10,MH2608,MAS2608,LBU,Labuan Airport,Malaysia Airlines (Malaysia Negaraku Livery),MH,B738,Boeing 737-8H6,9M-MXF,Departed 08:10,2026-09-02 04:14:23
KUL,departures,2026-09-01,07:05,07:15,MH1138,MAS1138,PEN,Penang International Airport,Malaysia Airlines,MH,B738,Boeing 737-8FZ,9M-MLL,Departed 08:15,2026-09-02 04:14:23
KUL,departures,2026-09-01,07:05,07:00,CZ366,CSN366,CAN,Guangzhou Baiyun International Airport,China Southern Airlines,CZ,B38M,Boeing 737 MAX 8,B-1126,Departed 08:00,2026-09-02 04:14:23
KUL,departures,2026-09-01,07:05,07:05,AK5106,AXM5106,BKI,Kota Kinabalu International Airport,AirAsia,AK,A320,Airbus A320-216,9M-RAG,Departed 08:05,2026-09-02 04:14:23
KUL,departures,2026-09-01,07:10,07:30,MH806,MAS806,MNL,Manila Ninoy Aquino International Airport,Malaysia Airlines,MH,B38M,Boeing 737 MAX 8,9M-MVQ,Departed 08:30,2026-09-02 04:14:23
KUL,departures,2026-09-01,07:10,07:37,CX730,CPA730,HKG,Hong Kong International Airport,Cathay Pacific,CX,A21N,Airbus A321-251NX,B-HPR,Departed 08:37,2026-09-02 04:14:23
KUL,departures,2026-09-01,07:10,07:06,AK880,AXM880,DMK,Bangkok Don Mueang International Airport,AirAsia,AK,A320,Airbus A320-216,9M-AJZ,Departed 08:06,2026-09-02 04:14:23
KUL,departures,2026-09-01,07:15,,TH1021,,CGK,Jakarta Soekarno Hatta International Airport,Raya Airways,TH,767,,,Unknown,2026-09-02 04:14:23
KUL,departures,2026-09-01,07:15,07:17,OD801,MXD801,SIN,Singapore Changi Airport,Batik Air,ID,B738,Boeing 737-8GP,9M-LDU,Departed 08:17,2026-09-02 04:14:23
KUL,departures,2026-09-01,07:15,07:44,MH7452,MAS7452,KCH,Kuching International Airport,Malaysia Airlines (Malayan Tiger Livery),MH,A333,Airbus A330-323,9M-MTG,Departed 08:44,2026-09-02 04:14:23
KUL,departures,2026-09-01,07:15,07:25,MH1326,MAS1326,TGG,Kuala Terengganu Sultan Mahmud Airport,Malaysia Airlines,MH,B738,Boeing 737-8H6,9M-MXG,Departed 08:25,2026-09-02 04:14:23
KUL,departures,2026-09-01,07:20,07:27,MH2742,MAS2742,BTU,Bintulu Airport,Malaysia Airlines,MH,B38M,Boeing 737 MAX 8,9M-MVG,Departed 08:27,2026-09-02 04:14:23
KUL,departures,2026-09-01,07:20,07:26,AK582,AXM582,MNL,Manila Ninoy Aquino International Airport,AirAsia,AK,A20N,Airbus A320-251N,9M-AGL,Departed 08:26,2026-09-02 04:14:23
KUL,departures,2026-09-01,07:25,07:24,AK6436,AXM6436,KBR,Kota Bharu Sultan Ismail Petra Airport,AirAsia,AK,A20N,Airbus A320-251N,9M-RAM,Departed 08:24,2026-09-02 04:14:23
KUL,departures,2026-09-01,07:30,07:54,OD366,MXD366,LOP,Lombok International Airport,Batik Air,ID,B738,Boeing 737-86N,9M-LDP,Departed 08:54,2026-09-02 04:14:23
KUL,departures,2026-09-01,07:30,09:44,MH2716,MAS2716,SBW,Sibu Airport,Malaysia Airlines,MH,B738,Boeing 737-8H6,9M-MXQ,Departed 10:44,2026-09-02 04:14:23
KUL,departures,2026-09-01,07:30,,FY2812,,KCH,Kuching International Airport,Firefly,FY,738,,,Unknown,2026-09-02 04:14:23
KUL,departures,2026-09-01,07:30,07:28,AK6306,AXM6306,LGK,Langkawi International Airport,AirAsia,AK,A320,Airbus A320-214,9M-AJT,Departed 08:28,2026-09-02 04:14:23
KUL,departures,2026-09-01,07:30,07:46,AK705,AXM705,SIN,Singapore Changi Airport,AirAsia (Watsons Livery),AK,A320,Airbus A320-214,9M-AHX,Departed 08:46,2026-09-02 04:14:23
KUL,departures,2026-09-01,07:35,07:40,QZ201,AWQ201,CGK,Jakarta Soekarno Hatta International Airport,AirAsia,AK,A320,Airbus A320-216,PK-AZL,Departed 08:40,2026-09-02 04:14:23
KUL,departures,2026-09-01,07:35,07:41,MH746,MAS746,DAD,Da Nang International Airport,Malaysia Airlines,MH,B38M,Boeing 737 MAX 8,9M-MVD,Departed 08:41,2026-09-02 04:14:23
KUL,departures,2026-09-01,07:35,07:36,AK5198,AXM5198,SDK,Sandakan Airport,AirAsia (Persona 5 Royal Livery),AK,A320,Airbus A320-214,9M-AFF,Departed 08:36,2026-09-02 04:14:23
KUL,departures,2026-09-01,07:35,07:44,AK74,AXM74,MLE,Male Velana International Airport,AirAsia,AK,A21N,Airbus A321-251NX,9M-VAE,Departed 08:44,2026-09-02 04:14:23
KUL,departures,2026-09-01,07:40,,QZ125,,KNO,Medan Kuala Namu International Airport,Indonesia AirAsia,QZ,320,,,Canceled,2026-09-02 04:14:23
KUL,departures,2026-09-01,07:40,09:38,OD119,MXD119,SYD,Sydney Kingsford Smith Airport,Batik Air,ID,A333,Airbus A330-343,9M-LFC,Departed 10:38,2026-09-02 04:14:23
KUL,departures,2026-09-01,07:40,07:49,AK543,AXM543,PQC,Phu Quoc International Airport,AirAsia,AK,A320,Airbus A320-216,9M-AGY,Departed 08:49,2026-09-02 04:14:23
KUL,departures,2026-09-01,07:45,08:07,MH388,MAS388,PVG,Shanghai Pudong International Airport,Malaysia Airlines,MH,A333,Airbus A330-323,9M-MTF,Departed 09:07,2026-09-02 04:14:23
KUL,departures,2026-09-01,07:45,07:53,KT164,KTC164,KTI,Phnom Penh Techo International Airport,AirAsia,AK,A320,Airbus A320-214,XU-819,Departed 08:53,2026-09-02 04:14:23
KUL,departures,2026-09-01,07:45,07:56,AK188,AXM188,MFM,Macau International Airport,AirAsia,AK,A320,Airbus A320-216,9M-RAE,Departed 08:56,2026-09-02 04:14:23
KUL,departures,2026-09-01,07:50,08:03,8B676,TNU676,CGK,Jakarta Soekarno Hatta International Airport,TransNusa,8B,A321,Airbus A321-211,PK-TLG,Departed 09:03,2026-09-02 04:14:23
KUL,departures,2026-09-01,07:50,08:18,UL319,ALK319,CMB,Colombo Bandaranaike International Airport,SriLankan Airlines,UL,A20N,Airbus A320-251N,4R-ANB,Departed 09:18,2026-09-02 04:14:23
KUL,departures,2026-09-01,07:50,07:42,AK6051,AXM6051,JHB,Johor Bahru Senai International Airport,AirAsia,AK,A320,Airbus A320-216,9M-AHT,Departed 08:42,2026-09-02 04:14:23
KUL,departures,2026-09-01,07:55,08:28,SQ103,SIA103,SIN,Singapore Changi Airport,Singapore Airlines,SQ,B38M,Boeing 737 MAX 8,9V-MBZ,Departed 09:28,2026-09-02 04:14:23
KUL,departures,2026-09-01,07:55,08:13,MH2574,MAS2574,MYY,Miri Airport,Malaysia Airlines,MH,B738,Boeing 737-8H6,9M-MLQ,Departed 09:13,2026-09-02 04:14:23
KUL,departures,2026-09-01,07:55,08:17,MH125,MAS125,PER,Perth Airport,Malaysia Airlines,MH,B38M,Boeing 737 MAX 8,9M-MVR,Departed 09:17,2026-09-02 04:14:23
KUL,departures,2026-09-01,08:00,08:25,OD306,MXD306,DPS,Denpasar Ngurah Rai International Airport,Batik Air,ID,B38M,Boeing 737 MAX 8,9M-LRG,Departed 09:25,2026-09-02 04:14:23
KUL,departures,2026-09-01,08:00,08:15,MH784,MAS784,BKK,Bangkok Suvarnabhumi Airport,Malaysia Airlines,MH,B38M,Boeing 737 MAX 8,9M-MVN,Departed 09:15,2026-09-02 04:14:23
KUL,departures,2026-09-01,08:00,08:30,MH711,MAS711,CGK,Jakarta Soekarno Hatta International Airport,Malaysia Airlines,MH,B38M,Boeing 737 MAX 8,9M-MVA,Departed 09:30,2026-09-02 04:14:23
KUL,departures,2026-09-01,08:00,08:32,MH754,MAS754,KTI,Phnom Penh Techo International Airport,Malaysia Airlines,MH,B738,Boeing 737-8H6,9M-MLO,Departed 09:32,2026-09-02 04:14:23
KUL,departures,2026-09-01,08:00,08:21,MH715,MAS715,DPS,Denpasar Ngurah Rai International Airport,Malaysia Airlines,MH,A339,Airbus A330-941,9M-MNP,Departed 09:21,2026-09-02 04:14:23
KUL,departures,2026-09-01,08:00,08:00,MH750,MAS750,SGN,Ho Chi Minh City International Airport,Malaysia Airlines,MH,B38M,Boeing 737 MAX 8,9M-MVO,Departed 09:00,2026-09-02 04:14:23
KUL,departures,2026-09-01,08:00,08:38,MH172,MAS172,DEL,Delhi Indira Gandhi International Airport,Malaysia Airlines,MH,B38M,Boeing 737 MAX 8,9M-MVP,Departed 09:38,2026-09-02 04:14:23
KUL,departures,2026-09-01,08:00,08:20,MH376,MAS376,CAN,Guangzhou Baiyun International Airport,Malaysia Airlines (Oneworld Livery),MH,A333,Airbus A330-323,9M-MTE,Departed 09:20,2026-09-02 04:14:23
KUL,departures,2026-09-01,08:00,08:33,MH133,MAS133,AKL,Auckland Airport,Malaysia Airlines,MH,A339,Airbus A330-941,9M-MNO,Departed 09:33,2026-09-02 04:14:23
KUL,departures,2026-09-01,08:00,08:10,AK5746,AXM5746,TWU,Tawau Airport,AirAsia,AK,A320,Airbus A320-216,9M-RAD,Departed 09:10,2026-09-02 04:14:23
KUL,departures,2026-09-01,08:00,08:11,AK364,AXM364,DPS,Denpasar Ngurah Rai International Airport,AirAsia,AK,A21N,Airbus A321-251NX,9M-VAC,Departed 09:11,2026-09-02 04:14:23
KUL,departures,2026-09-01,08:00,08:05,TK174,THY174,SYD,Sydney Kingsford Smith Airport,Turkish Airlines,TK,A359,Airbus A350-941,TC-LGA,Departed 09:05,2026-09-02 04:14:23
KUL,departures,2026-09-01,08:05,08:24,MH611,MAS611,SIN,Singapore Changi Airport,Malaysia Airlines,MH,B738,Boeing 737-8H6,9M-MLT,Departed 09:24,2026-09-02 04:14:23
KUL,departures,2026-09-01,08:10,08:35,QZ321,AWQ321,SUB,Surabaya Juanda International Airport,AirAsia,AK,A320,Airbus A320-214,PK-AZJ,Departed 09:35,2026-09-02 04:14:23
KUL,departures,2026-09-01,08:10,08:35,MH786,MAS786,HKT,Phuket International Airport,Malaysia Airlines,MH,B738,Boeing 737-8H6,9M-MXX,Departed 09:35,2026-09-02 04:14:23
KUL,departures,2026-09-01,08:10,08:43,MH141,MAS141,SYD,Sydney Kingsford Smith Airport,Malaysia Airlines,MH,A339,Airbus A330-941,9M-MNI,Departed 09:43,2026-09-02 04:14:23
KUL,departures,2026-09-01,08:10,08:42,MH72,MAS072,HKG,Hong Kong International Airport,Malaysia Airlines,MH,B738,Boeing 737-8H6,9M-MXS,Departed 09:42,2026-09-02 04:14:23
KUL,departures,2026-09-01,08:10,08:47,MH102,MAS102,DAC,Dhaka Shahjalal International Airport,Malaysia Airlines,MH,B38M,Boeing 737 MAX 8,9M-MVF,Departed 09:47,2026-09-02 04:14:23
KUL,departures,2026-09-01,08:10,,ID7263,,KNO,Medan Kuala Namu International Airport,Batik Air,ID,738,,,Unknown,2026-09-02 04:14:23
KUL,departures,2026-09-01,08:10,,ID7267,,LOP,Lombok International Airport,Batik Air,ID,738,,,Unknown,2026-09-02 04:14:23
KUL,departures,2026-09-01,08:10,08:13,AK727,AXM727,SIN,Singapore Changi Airport,AirAsia (Resorts World Genting Livery),AK,A20N,Airbus A320-251N,9M-AGA,Departed 09:13,2026-09-02 04:14:23
KUL,departures,2026-09-01,08:15,08:37,MH2610,MAS2610,BKI,Kota Kinabalu International Airport,Malaysia Airlines,MH,B738,Boeing 737-8H6,9M-MSB,Departed 09:37,2026-09-02 04:14:23
KUL,departures,2026-09-01,08:15,08:52,MH366,MAS366,TPE,Taipei Taoyuan International Airport,Malaysia Airlines,MH,A333,Airbus A330-323,9M-MTN,Departed 09:52,2026-09-02 04:14:23
KUL,departures,2026-09-01,08:15,08:25,AK5136,AXM5136,BKI,Kota Kinabalu International Airport,AirAsia,AK,A20N,Airbus A320-251N,9M-AGR,Departed 09:25,2026-09-02 04:14:23
KUL,departures,2026-09-01,08:15,08:14,AK642,AXM642,DAD,Da Nang International Airport,AirAsia (Longjack Orang Kampung Livery),AK,A320,Airbus A320-216,9M-AJA,Departed 09:14,2026-09-02 04:14:23
KUL,departures,2026-09-01,08:20,08:40,MH129,MAS129,MEL,Melbourne Airport,Malaysia Airlines,MH,A339,Airbus A330-941,9M-MNH,Departed 09:40,2026-09-02 04:14:23
KUL,departures,2026-09-01,08:20,08:47,D7378,XAX378,TPE,Taipei Taoyuan International Airport,AirAsia,AK,A333,Airbus A330-343,9M-XXJ,Departed 09:47,2026-09-02 04:14:23
KUL,departures,2026-09-01,08:20,08:32,AK5204,AXM5204,KCH,Kuching International Airport,AirAsia (100th Awesome Plane Livery),AK,A320,Airbus A320-216,9M-AQH,Departed 09:32,2026-09-02 04:14:23
KUL,departures,2026-09-01,08:25,08:46,MH1432,MAS1432,LGK,Langkawi International Airport,Malaysia Airlines,MH,B738,Boeing 737-8H6,9M-MLN,Departed 09:46,2026-09-02 04:14:23
KUL,departures,2026-09-01,08:25,08:39,AK6142,AXM6142,PEN,Penang International Airport,AirAsia (Universiti Putra Malaysia Livery),AK,A320,Airbus A320-216,9M-AQD,Departed 09:39,2026-09-02 04:14:23
KUL,departures,2026-09-01,08:25,08:41,AK452,AXM452,SRG,Semarang Achmad Yani International Airport,AirAsia,AK,A320,Airbus A320-214,9M-AHV,Departed 09:41,2026-09-02 04:14:23
KUL,departures,2026-09-01,08:30,08:54,WY822,OMA822,MCT,Muscat International Airport,Oman Air,WY,B38M,Boeing 737 MAX 8,A4O-MG,Departed 09:54,2026-09-02 04:14:23
KUL,departures,2026-09-01,08:30,08:55,QR845,QTR36A,DOH,Doha Hamad International Airport,Qatar Airways,QR,B77W,Boeing 777-3DZ(ER),A7-BET,Departed 09:55,2026-09-02 04:14:23
KUL,departures,2026-09-01,08:30,09:02,OD1900,MXD1900,TWU,Tawau Airport,Batik Air,ID,B738,Boeing 737-8U3,9M-LCW,Departed 10:02,2026-09-02 04:14:23
KUL,departures,2026-09-01,08:30,08:58,MH170,MAS170,KTM,Kathmandu Tribhuvan International Airport,Malaysia Airlines,MH,B38M,Boeing 737 MAX 8,9M-MVS,Departed 09:58,2026-09-02 04:14:23
KUL,departures,2026-09-01,08:30,08:42,AK5872,AXM5872,SBW,Sibu Airport,AirAsia (Sarawak Livery),AK,A320,Airbus A320-216,9M-AJD,Departed 09:42,2026-09-02 04:14:23
KUL,departures,2026-09-01,08:35,08:50,MH752,MAS752,HAN,Hanoi Noi Bai International Airport,Malaysia Airlines,MH,B38M,Boeing 737 MAX 8,9M-MVI,Departed 09:50,2026-09-02 04:14:23
KUL,departures,2026-09-01,08:35,08:51,AK462,AXM462,PLM,Palembang International Airport,AirAsia,AK,A20N,Airbus A320-251N,9M-RAL,Departed 09:51,2026-09-02 04:14:23
KUL,departures,2026-09-01,08:40,08:45,AK346,AXM346,YIA,Yogyakarta International Airport,AirAsia,AK,A20N,Airbus A320-251N,9M-AGS,Departed 09:45,2026-09-02 04:14:23
KUL,departures,2026-09-01,08:45,09:26,TK63,THY48L,IST,Istanbul Airport,Turkish Airlines,TK,A359,Airbus A350-941,TC-LGN,Departed 10:26,2026-09-02 04:14:23
KUL,departures,2026-09-01,08:45,08:49,MY5002,BNE5002,KCH,Kuching International Airport,AirBorneo,MY,B738,Boeing 737-8U3,9M-LCV,Departed 09:49,2026-09-02 04:14:23
KUL,departures,2026-09-01,08:50,09:07,OD522,MXD522,DMK,Bangkok Don Mueang International Airport,Batik Air,ID,B738,Boeing 737-8GP,9M-LDD,Departed 10:07,2026-09-02 04:14:23
KUL,departures,2026-09-01,08:50,09:20,MH70,MAS70,NRT,Tokyo Narita International Airport,Malaysia Airlines,MH,A333,Airbus A330-323,9M-MTH,Departed 10:20,2026-09-02 04:14:23
KUL,departures,2026-09-01,08:50,12:15,MH4,MAS4,LHR,London Heathrow Airport,Malaysia Airlines (Malaysia Negaraku Livery),MH,A359,Airbus A350-941,9M-MAG,Departed 13:15,2026-09-02 04:14:23
KUL,departures,2026-09-01,08:50,09:10,FY3692,FFM3692,CEB,Cebu Mactan International Airport,Firefly,FY,B738,Boeing 737-8FZ,9M-MLJ,Departed 10:10,2026-09-02 04:14:23
KUL,departures,2026-09-01,08:50,09:40,EY489,ETD7NW,AUH,Abu Dhabi Zayed International Airport,Etihad Airways (Abu Dhabi Grand Prix Livery),EY,B789,Boeing 787-9 Dreamliner,A6-BLV,Departed 10:40,2026-09-02 04:14:23
KUL,departures,2026-09-01,08:50,09:11,EK345,UAE8Y,DXB,Dubai International Airport,Emirates,EK,B77W,Boeing 777-31H(ER),A6-EGX,Departed 10:11,2026-09-02 04:14:23
KUL,departures,2026-09-01,09:00,11:39,AK492,AXM492,PNK,Pontianak Supadio Airport,AirAsia (Save Our Malayan Tiger Livery),AK,A320,Airbus A320-216,9M-AQZ,Departed 12:39,2026-09-02 04:14:23
KUL,departures,2026-09-01,09:00,09:29,OD2201,MXD2201,LGK,Langkawi International Airport,Batik Air,ID,B738,Boeing 737-8U3,9M-LDF,Departed 10:29,2026-09-02 04:14:23
KUL,departures,2026-09-01,09:00,09:14,OD356,MXD356,BTH,Batam Hang Nadim Airport,Batik Air,ID,B38M,Boeing 737 MAX 8,9M-LRD,Departed 10:14,2026-09-02 04:14:23
KUL,departures,2026-09-01,09:00,09:03,MH717,MAS717,CGK,Jakarta Soekarno Hatta International Airport,Malaysia Airlines,MH,B38M,Boeing 737 MAX 8,9M-MVE,Departed 10:03,2026-09-02 04:14:23
KUL,departures,2026-09-01,09:05,08:57,AK6222,AXM6222,TGG,Kuala Terengganu Sultan Mahmud Airport,AirAsia,AK,A20N,Airbus A320-251N,9M-AGQ,Departed 09:57,2026-09-02 04:14:23
KUL,departures,2026-09-01,09:10,09:13,MH704,MAS704,MNL,Manila Ninoy Aquino International Airport,Malaysia Airlines,MH,B38M,Boeing 737 MAX 8,9M-MVL,Departed 10:13,2026-09-02 04:14:23
KUL,departures,2026-09-01,09:10,09:16,MH627,MAS627,SIN,Singapore Changi Airport,Malaysia Airlines,MH,B738,Boeing 737-8H6,9M-MLU,Departed 10:16,2026-09-02 04:14:23
KUL,departures,2026-09-01,09:10,09:24,MH485,MAS485,MLE,Male Velana International Airport,Malaysia Airlines,MH,B38M,Boeing 737 MAX 8,9M-MVK,Departed 10:24,2026-09-02 04:14:23
KUL,departures,2026-09-01,09:10,09:06,AK832,AXM832,HKT,Phuket International Airport,AirAsia,AK,A320,Airbus A320-214,9M-AJG,Departed 10:06,2026-09-02 04:14:23
KUL,departures,2026-09-01,09:10,09:22,AK204,AXM204,CXR,Nha Trang Cam Ranh International Airport,AirAsia,AK,A20N,Airbus A320-251N,9M-AGD,Departed 10:22,2026-09-02 04:14:23
KUL,departures,2026-09-01,09:15,09:33,OD605,MXD605,HKG,Hong Kong International Airport,Batik Air,ID,B738,Boeing 737-86N,9M-LDK,Departed 10:33,2026-09-02 04:14:23
KUL,departures,2026-09-01,09:15,09:16,AK648,AXM648,DAD,Da Nang International Airport,AirAsia (Let’s Fly To Terengganu Livery),AK,A320,Airbus A320-216,9M-AJS,Departed 10:16,2026-09-02 04:14:23
KUL,departures,2026-09-01,09:20,09:42,OD184,MXD184,KTM,Kathmandu Tribhuvan International Airport,Batik Air,ID,B38M,Boeing 737 MAX 8,9M-LRT,Departed 10:42,2026-09-02 04:14:19
KUL,departures,2026-09-01,09:20,09:37,AK5110,AXM5110,BKI,Kota Kinabalu International Airport,AirAsia,AK,A20N,Airbus A320-251N,9M-AGF,Departed 10:37,2026-09-02 04:14:19
KUL,departures,2026-09-01,09:20,09:29,AK707,AXM707,SIN,Singapore Changi Airport,AirAsia,AK,A21N,Airbus A321-251NX,9M-VAB,Departed 10:29,2026-09-02 04:14:19
KUL,departures,2026-09-01,09:25,09:52,SQ105,SIA105,SIN,Singapore Changi Airport,Singapore Airlines,SQ,A359,Airbus A350-941,9V-SMD,Departed 10:52,2026-09-02 04:14:19
KUL,departures,2026-09-01,09:25,09:34,MH2710,MAS2710,SDK,Sandakan Airport,Malaysia Airlines,MH,B738,Boeing 737-8H6,9M-MLP,Departed 10:34,2026-09-02 04:14:19
KUL,departures,2026-09-01,09:30,10:13,OD803,MXD803,SIN,Singapore Changi Airport,Batik Air,ID,B38M,Boeing 737 MAX 8,9M-LRJ,Departed 11:13,2026-09-02 04:14:19
KUL,departures,2026-09-01,09:30,09:46,OD502,MXD502,DAD,Da Nang International Airport,Batik Air,ID,B38M,Boeing 737 MAX 8,9M-LRP,Departed 10:46,2026-09-02 04:14:19
KUL,departures,2026-09-01,09:30,09:35,AK6320,AXM6320,LGK,Langkawi International Airport,AirAsia,AK,A20N,Airbus A320-251N,9M-AGO,Departed 10:35,2026-09-02 04:14:19
KUL,departures,2026-09-01,09:30,09:30,AK5244,AXM5244,BTU,Bintulu Airport,AirAsia,AK,A320,Airbus A320-216,9M-AGC,Departed 10:30,2026-09-02 04:14:19
KUL,departures,2026-09-01,09:30,,AK391,,KNO,Medan Kuala Namu International Airport,AirAsia,AK,A20N,Airbus A320-251N,9M-AGE,Canceled,2026-09-02 04:14:19
KUL,departures,2026-09-01,09:35,09:39,AK431,AXM431,PKU,Pekanbaru Sultan Syarif Kasim II Airport,AirAsia,AK,A20N,Airbus A320-251N,9M-AGI,Departed 10:39,2026-09-02 04:14:19
KUL,departures,2026-09-01,09:40,,MH6164,,KCH,Kuching International Airport,Malaysia Airlines,MH,33X,,,Unknown,2026-09-02 04:14:19
KUL,departures,2026-09-01,09:40,09:59,MF8716,CXA8716,NKG,Nanjing Lukou International Airport,Xiamen Air,MF,B38M,Boeing 737 MAX 8,B-224X,Departed 10:59,2026-09-02 04:14:19
KUL,departures,2026-09-01,09:45,09:58,AK5642,AXM5642,MYY,Miri Airport,AirAsia (De'Xandra Livery),AK,A320,Airbus A320-216,9M-AQM,Departed 10:58,2026-09-02 04:14:19
KUL,departures,2026-09-01,09:45,09:50,AK310,AXM310,LBJ,Labuan Bajo Komodo Airport,AirAsia,AK,A20N,Airbus A320-251N,9M-RAK,Departed 10:50,2026-09-02 04:14:19
KUL,departures,2026-09-01,09:55,09:54,KT174,KTC174,KOS,Sihanoukville International Airport,AirAsia (Cambodia Livery),AK,A320,Airbus A320-214,XU-818,Departed 10:54,2026-09-02 04:14:19
KUL,departures,2026-09-01,09:55,10:00,AK866,AXM866,KBV,Krabi Airport,AirAsia,AK,A320,Airbus A320-216,9M-AQS,Departed 11:00,2026-09-02 04:14:19
KUL,departures,2026-09-01,10:00,10:17,SQ107,SIA107,SIN,Singapore Changi Airport,Singapore Airlines,SQ,B38M,Boeing 737 MAX 8,9V-MBJ,Departed 11:17,2026-09-02 04:14:19
KUL,departures,2026-09-01,10:00,10:30,MH7414,MAS7414,TWU,Tawau Airport,Malaysia Airlines,MH,B738,Boeing 737-8H6,9M-MXB,Departed 11:30,2026-09-02 04:14:19
KUL,departures,2026-09-01,10:00,10:26,MH2520,MAS2520,KCH,Kuching International Airport,Malaysia Airlines,MH,B738,Boeing 737-8H6,9M-MSE,Departed 11:26,2026-09-02 04:14:19
KUL,departures,2026-09-01,10:00,09:54,AK5232,AXM5232,KCH,Kuching International Airport,AirAsia,AK,A320,Airbus A320-216,9M-RAW,Departed 10:54,2026-09-02 04:14:19
KUL,departures,2026-09-01,10:05,10:13,AK528,AXM528,SGN,Ho Chi Minh City International Airport,AirAsia (Allstars Livery),AK,A320,Airbus A320-214,9M-AFD,Departed 11:13,2026-09-02 04:14:19
KUL,departures,2026-09-01,10:15,10:11,QZ325,AWQ325,SUB,Surabaya Juanda International Airport,AirAsia,AK,A320,Airbus A320-216,PK-AZT,Departed 11:11,2026-09-02 04:14:19
KUL,departures,2026-09-01,10:25,10:37,AK406,AXM406,PDG,Padang Minangkabau International Airport,AirAsia,AK,A320,Airbus A320-214,9M-DAE,Departed 11:37,2026-09-02 04:14:19
KUL,departures,2026-09-01,10:30,10:45,FY3610,FFM3610,KBV,Krabi Airport,Firefly,FY,B738,Boeing 737-8FZ,9M-MLH,Departed 11:45,2026-09-02 04:14:19
KUL,departures,2026-09-01,10:30,11:01,AK351,AXM351,CGK,Jakarta Soekarno Hatta International Airport,AirAsia,AK,A320,Airbus A320-216,9M-AGT,Departed 12:01,2026-09-02 04:14:19
KUL,departures,2026-09-01,10:35,10:44,TR451,TGW451,SIN,Singapore Changi Airport,Scoot,TR,A20N,Airbus A320-271N,9V-TNF,Departed 11:44,2026-09-02 04:14:19
KUL,departures,2026-09-01,10:35,10:38,MH2646,MAS2646,BKI,Kota Kinabalu International Airport,Malaysia Airlines,MH,B738,Boeing 737-8H6,9M-MXW,Departed 11:38,2026-09-02 04:14:19
KUL,departures,2026-09-01,10:40,10:42,AK376,AXM376,DPS,Denpasar Ngurah Rai International Airport,AirAsia,AK,A20N,Airbus A320-251N,9M-RAB,Departed 11:42,2026-09-02 04:14:19
KUL,departures,2026-09-01,10:45,10:55,OD388,MXD388,CGK,Jakarta Soekarno Hatta International Airport,Batik Air,ID,B738,Boeing 737-8GP,9M-LNR,Departed 11:55,2026-09-02 04:14:19
KUL,departures,2026-09-01,10:45,11:01,MH1140,MAS1140,PEN,Penang International Airport,Malaysia Airlines,MH,B738,Boeing 737-8FZ,9M-MLK,Departed 12:01,2026-09-02 04:14:19
KUL,departures,2026-09-01,10:45,10:52,MH603,MAS603,SIN,Singapore Changi Airport,Malaysia Airlines,MH,B738,Boeing 737-8H6,9M-MXL,Departed 11:52,2026-09-02 04:14:19
KUL,departures,2026-09-01,10:45,10:59,AK6304,AXM6304,LGK,Langkawi International Airport,AirAsia,AK,A320,Airbus A320-216,9M-AJY,Departed 11:59,2026-09-02 04:14:19
KUL,departures,2026-09-01,10:45,10:48,AK882,AXM882,DMK,Bangkok Don Mueang International Airport,"AirAsia (3, 2,1, Take Off Livery)",AK,A21N,Airbus A321-251NX,9M-VAA,Departed 11:48,2026-09-02 04:14:19
KUL,departures,2026-09-01,10:50,10:56,AK6126,AXM6126,PEN,Penang International Airport,AirAsia (WeAreAllChampions Livery),AK,A320,Airbus A320-216,9M-AQF,Departed 11:56,2026-09-02 04:14:19
KUL,departures,2026-09-01,10:55,11:03,MH1438,MAS1438,LGK,Langkawi International Airport,Malaysia Airlines,MH,B738,Boeing 737-8FZ,9M-MLL,Departed 12:03,2026-09-02 04:14:19
KUL,departures,2026-09-01,10:55,10:57,AK711,AXM711,SIN,Singapore Changi Airport,AirAsia,AK,A320,Airbus A320-214,9M-AJT,Departed 11:57,2026-09-02 04:14:19
KUL,departures,2026-09-01,11:00,11:07,8G922,DTL922,DIL,Dili Presidente Nicolau Lobato International Airport,Aero Dili,8G,A319,Airbus A319-115,4W-AAO,Departed 12:07,2026-09-02 04:14:19
KUL,departures,2026-09-01,11:00,11:11,OD2203,MXD2203,LGK,Langkawi International Airport,Batik Air,ID,B738,Boeing 737-8GP,9M-LNP,Departed 12:11,2026-09-02 04:14:19
KUL,departures,2026-09-01,11:00,11:09,OD540,MXD540,HKT,Phuket International Airport,Batik Air,ID,B738,Boeing 737-8GP,9M-LDU,Departed 12:09,2026-09-02 04:14:19
KUL,departures,2026-09-01,11:00,11:23,AK512,AXM512,HAN,Hanoi Noi Bai International Airport,AirAsia,AK,A320,Airbus A320-216,9M-RAI,Departed 12:23,2026-09-02 04:14:19
KUL,departures,2026-09-01,11:05,10:59,8M502,MMA502,RGN,Yangon International Airport,Myanmar Airways International,8M,A319,Airbus A319-112,XY-ALN,Departed 11:59,2026-09-02 04:14:19
KUL,departures,2026-09-01,11:05,11:05,AK6040,AXM6040,JHB,Johor Bahru Senai International Airport,AirAsia,AK,A320,Airbus A320-216,9M-AHT,Departed 12:05,2026-09-02 04:14:19
KUL,departures,2026-09-01,11:05,11:58,AK5140,AXM5140,BKI,Kota Kinabalu International Airport,AirAsia,AK,A320,Airbus A320-216,9M-RAV,Departed 12:58,2026-09-02 04:14:19
KUL,departures,2026-09-01,11:10,,QZ121,,KNO,Medan Kuala Namu International Airport,Indonesia AirAsia,QZ,320,,,Canceled,2026-09-02 04:14:19
KUL,departures,2026-09-01,11:10,11:19,MH788,MAS788,BKK,Bangkok Suvarnabhumi Airport,Malaysia Airlines,MH,B38M,Boeing 737 MAX 8,9M-MVH,Departed 12:19,2026-09-02 04:14:19
KUL,departures,2026-09-01,11:10,12:27,AK5172,AXM5172,LBU,Labuan Airport,AirAsia (❤️ Singapore Livery),AK,A320,Airbus A320-216,9M-AHZ,Departed 13:27,2026-09-02 04:14:19
KUL,departures,2026-09-01,11:25,11:36,OD2104,MXD2104,PEN,Penang International Airport,Batik Air,ID,B738,Boeing 737-8GP,9M-LNY,Departed 12:36,2026-09-02 04:14:19
KUL,departures,2026-09-01,11:25,11:34,MH851,MAS851,DPS,Denpasar Ngurah Rai International Airport,Malaysia Airlines,MH,B38M,Boeing 737 MAX 8,9M-MVC,Departed 12:34,2026-09-02 04:14:19
KUL,departures,2026-09-01,11:25,11:42,AK5208,AXM5208,KCH,Kuching International Airport,AirAsia (Watsons Livery),AK,A320,Airbus A320-214,9M-AHX,Departed 12:42,2026-09-02 04:14:19
KUL,departures,2026-09-01,11:30,13:15,PR526,PAL526,MNL,Manila Ninoy Aquino International Airport,Philippine Airlines,PR,A321,Airbus A321-231,RP-C9925,Departed 14:15,2026-09-02 04:14:19
KUL,departures,2026-09-01,11:30,11:32,MH2530,MAS2530,KCH,Kuching International Airport,Malaysia Airlines,MH,B738,Boeing 737-8H6,9M-MLS,Departed 12:32,2026-09-02 04:14:19
KUL,departures,2026-09-01,11:30,12:33,AK824,AXM824,HKT,Phuket International Airport,AirAsia (HYROX Livery),AK,A320,Airbus A320-216,9M-AHR,Departed 13:33,2026-09-02 04:14:19
KUL,departures,2026-09-01,11:45,12:00,D7600,XAX600,ALA,Almaty International Airport,AirAsia,AK,A333,Airbus A330-343,9M-XBI,Departed 13:00,2026-09-02 04:14:19
KUL,departures,2026-09-01,11:50,12:17,ZH328,CSZ328,SZX,Shenzhen Bao'an International Airport,Shenzhen Airlines,ZH,B38M,Boeing 737 MAX 8,B-224Y,Departed 13:17,2026-09-02 04:14:19
KUL,departures,2026-09-01,11:50,12:05,MK647,MAU647,MRU,Mauritius Sir Seewoosagur Ramgoolam International Airport,Air Mauritius,MK,A339,Airbus A330-941,3B-NBV,Departed 13:05,2026-09-02 04:14:19
KUL,departures,2026-09-01,11:50,11:56,GA821,GIA821,CGK,Jakarta Soekarno Hatta International Airport,Garuda Indonesia,GA,B738,Boeing 737-8U3,PK-GNA,Departed 12:56,2026-09-02 04:14:19
KUL,departures,2026-09-01,11:50,11:48,AK6324,AXM6324,LGK,Langkawi International Airport,AirAsia,AK,A20N,Airbus A320-251N,9M-AGJ,Departed 12:48,2026-09-02 04:14:19
KUL,departures,2026-09-01,11:50,13:45,AK545,AXM545,PQC,Phu Quoc International Airport,AirAsia,AK,A320,Airbus A320-216,9M-AQN,Departed 14:45,2026-09-02 04:14:19
KUL,departures,2026-09-01,11:55,12:03,MH2614,MAS2614,BKI,Kota Kinabalu International Airport,Malaysia Airlines,MH,B738,Boeing 737-8H6,9M-MXE,Departed 13:03,2026-09-02 04:14:19
KUL,departures,2026-09-01,11:55,12:08,MH794,MAS794,HKT,Phuket International Airport,Malaysia Airlines,MH,B738,Boeing 737-8H6,9M-MXH,Departed 13:08,2026-09-02 04:14:19
KUL,departures,2026-09-01,12:00,12:39,SV829,SVA829,RUH,Riyadh King Khalid International Airport,Saudia,SV,B77W,Boeing 777-368(ER),HZ-AK20,Departed 13:39,2026-09-02 04:14:19
KUL,departures,2026-09-01,12:05,12:13,MH1426,MAS1426,KBR,Kota Bharu Sultan Ismail Petra Airport,Malaysia Airlines,MH,B738,Boeing 737-8H6,9M-MSA,Departed 13:13,2026-09-02 04:14:19
KUL,departures,2026-09-01,12:05,12:31,MH1208,MAS1208,AOR,Alor Setar Sultan Abdul Halim Airport,Malaysia Airlines,MH,B738,Boeing 737-8H6,9M-MXG,Departed 13:31,2026-09-02 04:14:19
KUL,departures,2026-09-01,12:10,12:25,MH1436,MAS1436,LGK,Langkawi International Airport,Malaysia Airlines,MH,B738,Boeing 737-8H6,9M-MLM,Departed 13:25,2026-09-02 04:14:19
KUL,departures,2026-09-01,12:10,12:35,CX722,CPA722,HKG,Hong Kong International Airport,Cathay Pacific,CX,A333,Airbus A330-342,B-LAJ,Departed 13:35,2026-09-02 04:14:19
KUL,departures,2026-09-01,12:10,12:21,AK101,AXM101,KMG,Kunming Changshui International Airport,AirAsia,AK,A21N,Airbus A321-251NX,9M-VAH,Departed 13:21,2026-09-02 04:14:19
KUL,departures,2026-09-01,12:15,13:11,AK6440,AXM6440,KBR,Kota Bharu Sultan Ismail Petra Airport,AirAsia,AK,A320,Airbus A320-216,9M-AJZ,Departed 14:11,2026-09-02 04:14:19
KUL,departures,2026-09-01,12:20,12:41,TG416,THA416,BKK,Bangkok Suvarnabhumi Airport,Thai Airways,TG,B789,Boeing 787-9 Dreamliner,HS-TWA,Departed 13:41,2026-09-02 04:14:19
KUL,departures,2026-09-01,12:20,12:37,AK384,AXM384,CGK,Jakarta Soekarno Hatta International Airport,AirAsia,AK,A320,Airbus A320-216,9M-AGY,Departed 13:37,2026-09-02 04:14:19
KUL,departures,2026-09-01,12:25,12:53,MH623,MAS623,SIN,Singapore Changi Airport,Malaysia Airlines (Retro Livery),MH,B738,Boeing 737-8H6,9M-MLV,Departed 13:53,2026-09-02 04:14:19
KUL,departures,2026-09-01,12:25,12:47,D7212,XAX212,MEL,Melbourne Airport,AirAsia,AK,A333,Airbus A330-343,9M-XBH,Departed 13:47,2026-09-02 04:14:19
KUL,departures,2026-09-01,12:25,13:01,AK6116,AXM6116,PEN,Penang International Airport,AirAsia,AK,A21N,Airbus A321-251NX,9M-XVE,Departed 14:01,2026-09-02 04:14:19
KUL,departures,2026-09-01,12:30,13:46,OD1004,MXD1004,BKI,Kota Kinabalu International Airport,Batik Air,ID,B38M,Boeing 737 MAX 8,9M-LRK,Departed 14:46,2026-09-02 04:14:19
KUL,departures,2026-09-01,12:30,13:22,OD1634,MXD1634,KCH,Kuching International Airport,Batik Air,ID,B38M,Boeing 737 MAX 8,9M-LRS,Departed 14:22,2026-09-02 04:14:19
KUL,departures,2026-09-01,12:30,,FY2953,,PEN,Penang International Airport,Firefly,FY,738,,,Unknown,2026-09-02 04:14:19
KUL,departures,2026-09-01,12:30,12:43,AK856,AXM856,CNX,Chiang Mai International Airport,AirAsia,AK,A20N,Airbus A320-251N,9M-AGI,Departed 13:43,2026-09-02 04:14:19
KUL,departures,2026-09-01,12:30,12:51,AK884,AXM884,DMK,Bangkok Don Mueang International Airport,AirAsia,AK,A320,Airbus A320-216,9M-AGU,Departed 13:51,2026-09-02 04:14:19
KUL,departures,2026-09-01,12:35,12:59,VJ826,VJC826,SGN,Ho Chi Minh City International Airport,VietJet Air,VJ,A321,Airbus A321-211,VN-A639,Departed 13:59,2026-09-02 04:14:19
KUL,departures,2026-09-01,12:40,,FY2692,,TGG,Kuala Terengganu Sultan Mahmud Airport,Firefly,FY,738,,,Unknown,2026-09-02 04:14:19
KUL,departures,2026-09-01,12:40,13:04,AK6318,AXM6318,LGK,Langkawi International Airport,AirAsia,AK,A20N,Airbus A320-251N,9M-RAL,Departed 14:04,2026-09-02 04:14:19
KUL,departures,2026-09-01,12:45,13:06,MH2536,MAS2536,KCH,Kuching International Airport,Malaysia Airlines,MH,B738,Boeing 737-8H6,9M-MLR,Departed 14:06,2026-09-02 04:14:19
KUL,departures,2026-09-01,12:45,13:13,MH721,MAS721,CGK,Jakarta Soekarno Hatta International Airport,Malaysia Airlines,MH,B738,Boeing 737-8H6,9M-MXY,Departed 14:13,2026-09-02 04:14:19
KUL,departures,2026-09-01,12:45,13:03,KT172,KTC172,SAI,Siem Reap Angkor International Airport,AirAsia,AK,A320,Airbus A320-214,XU-819,Departed 14:03,2026-09-02 04:14:19
KUL,departures,2026-09-01,12:45,12:56,AK5644,AXM5644,MYY,Miri Airport,AirAsia,AK,A20N,Airbus A320-251N,9M-AGQ,Departed 13:56,2026-09-02 04:14:19
KUL,departures,2026-09-01,12:45,12:54,AK278,AXM278,BWN,Brunei International Airport,AirAsia (Universiti Teknologi Malaysia Livery),AK,A320,Airbus A320-216,9M-AJE,Departed 13:54,2026-09-02 04:14:19
KUL,departures,2026-09-01,12:50,21:06,8K252,KMI252,SZX,Shenzhen Bao'an International Airport,K-Mile Air,8K,B763,Boeing 767-33A(ER)(BCF),HS-KSA,Departed 22:06,2026-09-02 04:14:19
KUL,departures,2026-09-01,12:50,13:31,AK5210,AXM5210,KCH,Kuching International Airport,AirAsia (100th Awesome Plane Livery),AK,A320,Airbus A320-216,9M-AQH,Departed 14:31,2026-09-02 04:14:19
KUL,departures,2026-09-01,13:00,13:30,OD193,MXD193,DPS,Denpasar Ngurah Rai International Airport,Batik Air,ID,B738,Boeing 737-8U3,9M-LDF,Departed 14:30,2026-09-02 04:14:19
KUL,departures,2026-09-01,13:00,14:05,FM7222,CSH7222,PVG,Shanghai Pudong International Airport,Shanghai Airlines,FM,B38M,Boeing 737 MAX 8,B-1382,Departed 15:05,2026-09-02 04:14:19
KUL,departures,2026-09-01,13:00,13:07,CZ350,CSN350,CAN,Guangzhou Baiyun International Airport,China Southern Airlines,CZ,B789,Boeing 787-9 Dreamliner,B-1167,Departed 14:07,2026-09-02 04:14:19
KUL,departures,2026-09-01,13:00,13:26,AK6042,AXM6042,JHB,Johor Bahru Senai International Airport,AirAsia (Legend Heroes Park Livery),AK,A320,Airbus A320-216,9M-AFV,Departed 14:26,2026-09-02 04:14:19
KUL,departures,2026-09-01,13:00,13:19,AK640,AXM640,DAD,Da Nang International Airport,AirAsia,AK,A20N,Airbus A320-251N,9M-AGE,Departed 14:19,2026-09-02 04:14:19
KUL,departures,2026-09-01,13:05,13:17,MH1148,MAS1148,PEN,Penang International Airport,Malaysia Airlines,MH,B738,Boeing 737-8H6,9M-MLT,Departed 14:17,2026-09-02 04:14:19
KUL,departures,2026-09-01,13:05,13:27,ID7283,BTK7283,CGK,Jakarta Soekarno Hatta International Airport,Batik Air,ID,B738,Boeing 737-8GP,PK-LBS,Departed 14:27,2026-09-02 04:14:19
KUL,departures,2026-09-01,13:05,13:20,AK5116,AXM5116,BKI,Kota Kinabalu International Airport,AirAsia,AK,A21N,Airbus A321-251NX,9M-VAD,Departed 14:20,2026-09-02 04:14:19
KUL,departures,2026-09-01,13:10,13:42,FY2957,FFM2957,PEN,Penang International Airport,Firefly,FY,B738,Boeing 737-8FZ,9M-MLI,Departed 14:42,2026-09-02 04:14:19
KUL,departures,2026-09-01,13:10,13:38,D7522,XAX522,HND,Tokyo Haneda International Airport,AirAsia,AK,A333,Airbus A330-343,9M-XXG,Departed 14:38,2026-09-02 04:14:19
KUL,departures,2026-09-01,13:15,13:36,NH886,ANA886,HND,Tokyo Haneda International Airport,All Nippon Airways,NH,B788,Boeing 787-8 Dreamliner,JA808A,Departed 14:36,2026-09-02 04:14:16
KUL,departures,2026-09-01,13:15,13:24,HU7924,CHH7924,CKG,Chongqing Jiangbei International Airport,Hainan Airlines,HU,B38M,Boeing 737 MAX 8,B-1389,Departed 14:24,2026-09-02 04:14:16
KUL,departures,2026-09-01,13:15,14:22,AK6228,AXM6228,TGG,Kuala Terengganu Sultan Mahmud Airport,AirAsia,AK,A20N,Airbus A320-251N,9M-AGH,Departed 15:22,2026-09-02 04:14:16
KUL,departures,2026-09-01,13:15,13:40,AK5870,AXM5870,SBW,Sibu Airport,AirAsia,AK,A320,Airbus A320-214,9M-AJG,Departed 14:40,2026-09-02 04:14:19
KUL,departures,2026-09-01,13:15,13:32,AK606,AXM606,PER,Perth Airport,AirAsia,AK,A21N,Airbus A321-251NX,9M-VAG,Departed 14:32,2026-09-02 04:14:19
KUL,departures,2026-09-01,13:20,13:34,MH2616,MAS2616,BKI,Kota Kinabalu International Airport,Malaysia Airlines,MH,B738,Boeing 737-8H6,9M-MXA,Departed 14:34,2026-09-02 04:14:16
KUL,departures,2026-09-01,13:20,13:43,MH619,MAS619,SIN,Singapore Changi Airport,Malaysia Airlines (Malaysia Negaraku Livery),MH,B738,Boeing 737-8H6,9M-MXU,Departed 14:43,2026-09-02 04:14:16
KUL,departures,2026-09-01,13:25,13:48,AK715,AXM715,SIN,Singapore Changi Airport,AirAsia (Resorts World Genting Livery),AK,A20N,Airbus A320-251N,9M-AGA,Departed 14:48,2026-09-02 04:14:16
KUL,departures,2026-09-01,13:30,13:57,VJ1814,VJC1814,SGN,Ho Chi Minh City International Airport,VietJet Air,VJ,A321,Airbus A321-211,VN-A657,Departed 14:57,2026-09-02 04:14:16
KUL,departures,2026-09-01,13:30,14:13,OD1726,MXD1726,BTU,Bintulu Airport,Batik Air,ID,B38M,Boeing 737 MAX 8,9M-LRU,Departed 15:13,2026-09-02 04:14:16
KUL,departures,2026-09-01,13:30,14:30,MH758,MAS758,SGN,Ho Chi Minh City International Airport,Malaysia Airlines,MH,B38M,Boeing 737 MAX 8,9M-MVG,Departed 15:30,2026-09-02 04:14:16
KUL,departures,2026-09-01,13:30,13:50,AK334,AXM334,UPG,Makassar Sultan Hasanuddin International Airport,AirAsia,AK,A320,Airbus A320-216,9M-AHE,Departed 14:50,2026-09-02 04:14:16
KUL,departures,2026-09-01,13:35,13:53,SQ113,SIA113,SIN,Singapore Changi Airport,Singapore Airlines,SQ,B38M,Boeing 737 MAX 8,9V-MBZ,Departed 14:53,2026-09-02 04:14:16
KUL,departures,2026-09-01,13:35,13:52,MH2664,MAS2664,TWU,Tawau Airport,Malaysia Airlines,MH,B738,Boeing 737-8H6,9M-MXX,Departed 14:52,2026-09-02 04:14:16
KUL,departures,2026-09-01,13:35,,AK397,,KNO,Medan Kuala Namu International Airport,AirAsia,AK,A320,Airbus A320-216,9M-RAG,Canceled,2026-09-02 04:14:16
KUL,departures,2026-09-01,13:40,,MH6164,,PVG,Shanghai Pudong International Airport,Malaysia Airlines,MH,33X,,,Unknown,2026-09-02 04:14:16
KUL,departures,2026-09-01,13:40,14:33,8B674,TNU674,CGK,Jakarta Soekarno Hatta International Airport,TransNusa,8B,A321,Airbus A321-211,PK-TLG,Departed 15:33,2026-09-02 04:14:16
KUL,departures,2026-09-01,13:40,14:37,MH2594,MAS2594,MYY,Miri Airport,Malaysia Airlines,MH,B738,Boeing 737-8H6,9M-MXT,Departed 15:37,2026-09-02 04:14:16
KUL,departures,2026-09-01,13:40,14:20,MF848,CXA848,XMN,Xiamen Gaoqi International Airport,Xiamen Air,MF,A21N,Airbus A321-251NX,B-32G8,Departed 15:20,2026-09-02 04:14:16
KUL,departures,2026-09-01,13:40,13:55,AK522,AXM522,SGN,Ho Chi Minh City International Airport,AirAsia (Sarawak Livery),AK,A320,Airbus A320-216,9M-AJD,Departed 14:55,2026-09-02 04:14:16
KUL,departures,2026-09-01,13:45,14:34,CZ3048,CSN3048,CAN,Guangzhou Baiyun International Airport,China Southern Airlines,CZ,B38M,Boeing 737 MAX 8,B-205K,Departed 15:34,2026-09-02 04:14:16
KUL,departures,2026-09-01,13:45,14:59,CI722,CAL722,TPE,Taipei Taoyuan International Airport,China Airlines (Carbon Fibre - Airbus Livery),CI,A359,Airbus A350-941,B-18918,Departed 15:59,2026-09-02 04:14:16
KUL,departures,2026-09-01,13:45,14:18,AK547,AXM547,PQC,Phu Quoc International Airport,AirAsia,AK,A320,Airbus A320-216,9M-AQS,Departed 15:18,2026-09-02 04:14:16
KUL,departures,2026-09-01,13:50,13:59,MH2668,MAS2668,SDK,Sandakan Airport,Malaysia Airlines (Malaysia Negaraku Livery),MH,B738,Boeing 737-8H6,9M-MXV,Departed 14:59,2026-09-02 04:14:16
KUL,departures,2026-09-01,13:50,14:03,MH2634,MAS2634,LBU,Labuan Airport,Malaysia Airlines,MH,B738,Boeing 737-8H6,9M-MXM,Departed 15:03,2026-09-02 04:14:16
KUL,departures,2026-09-01,13:55,,MH864,,KNO,Medan Kuala Namu International Airport,Malaysia Airlines,MH,73H,,,Canceled,2026-09-02 04:14:16
KUL,departures,2026-09-01,13:55,14:41,FD309,AIQ309,HDY,Hat Yai International Airport,AirAsia,AK,A320,Airbus A320-216,HS-BBT,Departed 15:41,2026-09-02 04:14:16
KUL,departures,2026-09-01,13:55,14:00,AK6331,AXM6331,LGK,Langkawi International Airport,AirAsia,AK,A320,Airbus A320-214,9M-DAE,Departed 15:00,2026-09-02 04:14:16
KUL,departures,2026-09-01,14:00,14:44,8B662,TNU662,TKG,Bandar Lampung Radin Inten II Airport,TransNusa,8B,AJ27,Comac ARJ-21-700,PK-TJA,Departed 15:44,2026-09-02 04:14:16
KUL,departures,2026-09-01,14:00,14:38,UL315,ALK315,CMB,Colombo Bandaranaike International Airport,SriLankan Airlines,UL,,,,Departed 15:38,2026-09-02 04:14:16
KUL,departures,2026-09-01,14:00,15:32,OD2405,MXD2405,JHB,Johor Bahru Senai International Airport,Batik Air,ID,B738,Boeing 737-8GP,9M-LDD,Departed 16:32,2026-09-02 04:14:16
KUL,departures,2026-09-01,14:00,14:15,OD807,MXD807,SIN,Singapore Changi Airport,Batik Air,ID,B738,Boeing 737-8GP,9M-LNV,Departed 15:15,2026-09-02 04:14:16
KUL,departures,2026-09-01,14:00,14:50,AK5748,AXM5748,TWU,Tawau Airport,AirAsia (WeAreAllChampions Livery),AK,A320,Airbus A320-216,9M-AQF,Departed 15:50,2026-09-02 04:14:16
KUL,departures,2026-09-01,14:00,14:24,AK886,AXM886,DMK,Bangkok Don Mueang International Airport,AirAsia (Persona 5 Royal Livery),AK,A320,Airbus A320-214,9M-AFF,Departed 15:24,2026-09-02 04:14:16
KUL,departures,2026-09-01,14:05,14:26,MH782,MAS782,BKK,Bangkok Suvarnabhumi Airport,Malaysia Airlines,MH,B38M,Boeing 737 MAX 8,9M-MVO,Departed 15:26,2026-09-02 04:14:16
KUL,departures,2026-09-01,14:10,14:55,MH853,MAS853,DPS,Denpasar Ngurah Rai International Airport,Malaysia Airlines,MH,B38M,Boeing 737 MAX 8,9M-MVN,Departed 15:55,2026-09-02 04:14:16
KUL,departures,2026-09-01,14:10,14:28,AK5133,AXM5133,BKI,Kota Kinabalu International Airport,AirAsia,AK,A320,Airbus A320-216,9M-RAG,Departed 15:28,2026-09-02 04:14:16
KUL,departures,2026-09-01,14:15,14:45,8M504,MMA504,RGN,Yangon International Airport,Myanmar Airways International,8M,A319,Airbus A319-112,XY-ALZ,Departed 15:45,2026-09-02 04:14:16
KUL,departures,2026-09-01,14:20,14:53,3U3996,CSC3996,TFU,Chengdu Tianfu International Airport,Sichuan Airlines,3U,A21N,Airbus A321-271N,B-305S,Departed 15:53,2026-09-02 04:14:16
KUL,departures,2026-09-01,14:20,15:01,MU5096,CES5096,HGH,Hangzhou Xiaoshan International Airport,China Eastern Airlines,MU,A20N,Airbus A320-251N,B-30D2,Departed 16:01,2026-09-02 04:14:16
KUL,departures,2026-09-01,14:25,18:04,QZ205,AWQ205,CGK,Jakarta Soekarno Hatta International Airport,AirAsia,AK,A320,Airbus A320-216,PK-AZL,Departed 19:04,2026-09-02 04:14:16
KUL,departures,2026-09-01,14:25,14:51,OD1906,MXD1906,SBW,Sibu Airport,Batik Air,ID,B38M,Boeing 737 MAX 8,9M-LRD,Departed 15:51,2026-09-02 04:14:16
KUL,departures,2026-09-01,14:25,14:57,MH2544,MAS2544,KCH,Kuching International Airport,Malaysia Airlines,MH,B738,Boeing 737-8H6,9M-MLQ,Departed 15:57,2026-09-02 04:14:16
KUL,departures,2026-09-01,14:25,14:42,AK5194,AXM5194,SDK,Sandakan Airport,AirAsia,AK,A320,Airbus A320-216,9M-AJY,Departed 15:42,2026-09-02 04:14:16
KUL,departures,2026-09-01,14:25,14:52,AK348,AXM348,YIA,Yogyakarta International Airport,AirAsia,AK,A320,Airbus A320-214,9M-AHV,Departed 15:52,2026-09-02 04:14:16
KUL,departures,2026-09-01,14:30,14:48,QZ129,AWQ129,KNO,Medan Kuala Namu International Airport,AirAsia,AK,A320,Airbus A320-216,PK-AZL,Departed 15:48,2026-09-02 04:14:16
KUL,departures,2026-09-01,14:30,15:01,QZ323,AWQ323,SUB,Surabaya Juanda International Airport,AirAsia,AK,A320,Airbus A320-214,PK-AZJ,Departed 16:01,2026-09-02 04:14:16
KUL,departures,2026-09-01,14:30,15:19,BR228,EVA228,TPE,Taipei Taoyuan International Airport,EVA Air,BR,B77W,Boeing 777-35E(ER),B-16711,Departed 16:19,2026-09-02 04:14:16
KUL,departures,2026-09-01,14:30,14:59,AK6153,AXM6153,PEN,Penang International Airport,AirAsia,AK,A20N,Airbus A320-251N,9M-AGB,Departed 15:59,2026-09-02 04:14:16
KUL,departures,2026-09-01,14:35,15:24,MY5004,BNE5004,KCH,Kuching International Airport,AirBorneo,MY,B738,Boeing 737-8U3,9M-LCV,Departed 16:24,2026-09-02 04:14:16
KUL,departures,2026-09-01,14:35,14:48,AK644,AXM644,DAD,Da Nang International Airport,AirAsia,AK,A320,Airbus A320-214,9M-AFE,Departed 15:48,2026-09-02 04:14:16
KUL,departures,2026-09-01,14:40,15:14,MU874,CES874,KMG,Kunming Changshui International Airport,China Eastern Airlines,MU,A20N,Airbus A320-251N,B-30DL,Departed 16:14,2026-09-02 04:14:16
KUL,departures,2026-09-01,14:40,15:04,MH2640,MAS2640,BKI,Kota Kinabalu International Airport,Malaysia Airlines,MH,B738,Boeing 737-8H6,9M-MXO,Departed 16:04,2026-09-02 04:14:16
KUL,departures,2026-09-01,14:40,15:17,MF8678,CXA8678,HGH,Hangzhou Xiaoshan International Airport,Xiamen Air,MF,B738,Boeing 737-85C,B-5789,Departed 16:17,2026-09-02 04:14:16
KUL,departures,2026-09-01,14:40,15:05,CZ5032,CSN5032,SZX,Shenzhen Bao'an International Airport,China Southern Airlines,CZ,A21N,Airbus A321-253NX,B-32GP,Departed 16:05,2026-09-02 04:14:16
KUL,departures,2026-09-01,14:40,14:44,AK429,AXM429,PKU,Pekanbaru Sultan Syarif Kasim II Airport,AirAsia (Longjack Orang Kampung Livery),AK,A320,Airbus A320-216,9M-AJA,Departed 15:44,2026-09-02 04:14:16
KUL,departures,2026-09-01,14:45,15:38,OD390,MXD390,CGK,Jakarta Soekarno Hatta International Airport,Batik Air,ID,B38M,Boeing 737 MAX 8,9M-LRJ,Departed 16:38,2026-09-02 04:14:16
KUL,departures,2026-09-01,14:50,15:13,MH1446,MAS1446,LGK,Langkawi International Airport,Malaysia Airlines,MH,B738,Boeing 737-8FZ,9M-MLK,Departed 16:13,2026-09-02 04:14:16
KUL,departures,2026-09-01,14:50,15:06,KT162,KTC162,KTI,Phnom Penh Techo International Airport,AirAsia (Cambodia Livery),AK,A320,Airbus A320-214,XU-818,Departed 16:06,2026-09-02 04:14:16
KUL,departures,2026-09-01,14:50,15:08,BS316,UBG316,DAC,Dhaka Shahjalal International Airport,US-Bangla Airlines,BS,A333,Airbus A330-343,S2-ALB,Departed 16:08,2026-09-02 04:14:16
KUL,departures,2026-09-01,14:50,15:03,AK405,AXM405,PDG,Padang Minangkabau International Airport,AirAsia (General Electric Livery),AK,A320,Airbus A320-216,9M-AQB,Departed 16:03,2026-09-02 04:14:16
KUL,departures,2026-09-01,14:55,15:36,OD528,MXD528,DMK,Bangkok Don Mueang International Airport,Batik Air,ID,B738,Boeing 737-8GP,9M-LNY,Departed 16:36,2026-09-02 04:14:16
KUL,departures,2026-09-01,15:00,15:28,OD2304,MXD2304,KBR,Kota Bharu Sultan Ismail Petra Airport,Batik Air,ID,B738,Boeing 737-8GP,9M-LNP,Departed 16:28,2026-09-02 04:14:16
KUL,departures,2026-09-01,15:00,15:10,MH774,MAS774,BKK,Bangkok Suvarnabhumi Airport,Malaysia Airlines (Malaysia Negaraku Livery),MH,B738,Boeing 737-8H6,9M-MXF,Departed 16:10,2026-09-02 04:14:16
KUL,departures,2026-09-01,15:00,15:34,FM886,CSH886,PVG,Shanghai Pudong International Airport,Shanghai Airlines,FM,B789,Boeing 787-9 Dreamliner,B-220G,Departed 16:34,2026-09-02 04:14:16
KUL,departures,2026-09-01,15:00,15:08,AK6316,AXM6316,LGK,Langkawi International Airport,AirAsia,AK,A20N,Airbus A320-251N,9M-AGO,Departed 16:08,2026-09-02 04:14:16
KUL,departures,2026-09-01,15:05,15:15,AK378,AXM378,DPS,Denpasar Ngurah Rai International Airport,AirAsia,AK,A320,Airbus A320-216,9M-RAO,Departed 16:15,2026-09-02 04:14:16
KUL,departures,2026-09-01,15:10,15:26,MH723,MAS723,CGK,Jakarta Soekarno Hatta International Airport,Malaysia Airlines,MH,B738,Boeing 737-8H6,9M-MXL,Departed 16:26,2026-09-02 04:14:16
KUL,departures,2026-09-01,15:10,15:29,MH605,MAS605,SIN,Singapore Changi Airport,Malaysia Airlines,MH,B38M,Boeing 737 MAX 8,9M-MVM,Departed 16:29,2026-09-02 04:14:16
KUL,departures,2026-09-01,15:10,15:22,AK6218,AXM6218,TGG,Kuala Terengganu Sultan Mahmud Airport,AirAsia,AK,A20N,Airbus A320-251N,9M-AGS,Departed 16:22,2026-09-02 04:14:16
KUL,departures,2026-09-01,15:15,16:23,QW908,QDA908,TAO,Qingdao Jiaodong International Airport,Qingdao Airlines,QW,A21N,Airbus A321-271NX,B-32PM,Departed 17:23,2026-09-02 04:14:16
KUL,departures,2026-09-01,15:20,15:49,OD2108,MXD2108,PEN,Penang International Airport,Batik Air,ID,B738,Boeing 737-86N,9M-LDP,Departed 16:49,2026-09-02 04:14:16
KUL,departures,2026-09-01,15:25,16:18,OD701,MXD701,JED,Jeddah King Abdulaziz International Airport,Batik Air,ID,A333,Airbus A330-343,9M-LFF,Departed 17:18,2026-09-02 04:14:16
KUL,departures,2026-09-01,15:25,15:40,MH2718,MAS2718,SBW,Sibu Airport,Malaysia Airlines,MH,B738,Boeing 737-8H6,9M-MLU,Departed 16:40,2026-09-02 04:14:16
KUL,departures,2026-09-01,15:30,15:41,SQ115,SIA115,SIN,Singapore Changi Airport,Singapore Airlines,SQ,B38M,Boeing 737 MAX 8,9V-MBJ,Departed 16:41,2026-09-02 04:14:16
KUL,departures,2026-09-01,15:30,15:52,OD177,MXD177,DPS,Denpasar Ngurah Rai International Airport,Batik Air (Visit Malaysia Truly Asia 2026 Livery),ID,B38M,Boeing 737 MAX 8,9M-LRL,Departed 16:52,2026-09-02 04:14:16
KUL,departures,2026-09-01,15:30,16:06,MH762,MAS762,KTI,Phnom Penh Techo International Airport,Malaysia Airlines,MH,B738,Boeing 737-8H6,9M-MSE,Departed 17:06,2026-09-02 04:14:16
KUL,departures,2026-09-01,15:30,,FY2574,,TWU,Tawau Airport,Firefly,FY,738,,,Unknown,2026-09-02 04:14:16
KUL,departures,2026-09-01,15:30,15:47,AK5112,AXM5112,BKI,Kota Kinabalu International Airport,AirAsia,AK,A20N,Airbus A320-251N,9M-AGD,Departed 16:47,2026-09-02 04:14:16
KUL,departures,2026-09-01,15:35,16:01,D7700,XAX700,JED,Jeddah King Abdulaziz International Airport,AirAsia (10 Xciting Years Livery),AK,A333,Airbus A330-343,9M-XXF,Departed 17:01,2026-09-02 04:14:16
KUL,departures,2026-09-01,15:35,15:56,AK116,AXM116,CAN,Guangzhou Baiyun International Airport,AirAsia,AK,A21N,Airbus A321-251NX,9M-VAB,Departed 16:56,2026-09-02 04:14:16
KUL,departures,2026-09-01,15:40,16:07,JT165,LNI165,LOP,Lombok International Airport,Lion Air,JT,B739,Boeing 737-9GP(ER),PK-LFO,Departed 17:07,2026-09-02 04:14:16
KUL,departures,2026-09-01,15:40,16:02,AK6432,AXM6432,KBR,Kota Bharu Sultan Ismail Petra Airport,AirAsia (Let’s Fly To Terengganu Livery),AK,A320,Airbus A320-216,9M-AJS,Departed 17:02,2026-09-02 04:14:16
KUL,departures,2026-09-01,15:40,16:04,AK5212,AXM5212,KCH,Kuching International Airport,AirAsia (Legend Heroes Park Livery),AK,A320,Airbus A320-216,9M-AFV,Departed 17:04,2026-09-02 04:14:16
KUL,departures,2026-09-01,15:45,15:58,MH1396,MAS1396,KBR,Kota Bharu Sultan Ismail Petra Airport,Malaysia Airlines,MH,B738,Boeing 737-8FZ,9M-MLL,Departed 16:58,2026-09-02 04:14:16
KUL,departures,2026-09-01,15:45,15:51,MH1336,MAS1336,TGG,Kuala Terengganu Sultan Mahmud Airport,Malaysia Airlines,MH,B738,Boeing 737-8H6,9M-MLN,Departed 16:51,2026-09-02 04:14:16
KUL,departures,2026-09-01,15:45,15:54,AK717,AXM717,SIN,Singapore Changi Airport,AirAsia,AK,A21N,Airbus A321-251NX,9M-VAC,Departed 16:54,2026-09-02 04:14:16
KUL,departures,2026-09-01,15:50,16:12,MH158,MAS158,MED,Medina Prince Mohammad bin Abdulaziz Airport,Malaysia Airlines (Malaysia Negaraku Livery),MH,A332,Airbus A330-223,9M-MTZ,Departed 17:12,2026-09-02 04:14:16
KUL,departures,2026-09-01,15:50,16:17,AK421,AXM421,BTJ,Banda Aceh International Airport,AirAsia (Allstars Livery),AK,A320,Airbus A320-214,9M-AFD,Departed 17:17,2026-09-02 04:14:16
KUL,departures,2026-09-01,15:55,16:00,CZ8012,CSN8012,CAN,Guangzhou Baiyun International Airport,China Southern Airlines,CZ,B38M,Boeing 737 MAX 8,B-1206,Departed 17:00,2026-09-02 04:14:16
KUL,departures,2026-09-01,15:55,16:12,AK892,AXM892,DMK,Bangkok Don Mueang International Airport,AirAsia,AK,A20N,Airbus A320-251N,9M-RAL,Departed 17:12,2026-09-02 04:14:16
KUL,departures,2026-09-01,16:00,17:36,OD1636,MXD1636,KCH,Kuching International Airport,Batik Air,ID,B38M,Boeing 737 MAX 8,9M-LRW,Departed 18:36,2026-09-02 04:14:16
KUL,departures,2026-09-01,16:00,16:16,OD135,MXD135,KHI,Karachi Jinnah International Airport,Batik Air,ID,B38M,Boeing 737 MAX 8,9M-LRF,Departed 17:16,2026-09-02 04:14:16
KUL,departures,2026-09-01,16:00,16:11,MH790,MAS790,HKT,Phuket International Airport,Malaysia Airlines,MH,B738,Boeing 737-8H6,9M-MLO,Departed 17:11,2026-09-02 04:14:16
KUL,departures,2026-09-01,16:00,16:09,MH613,MAS613,SIN,Singapore Changi Airport,Malaysia Airlines,MH,B738,Boeing 737-8H6,9M-MSA,Departed 17:09,2026-09-02 04:14:16
KUL,departures,2026-09-01,16:05,16:14,KL809,KLM809,CGK,Jakarta Soekarno Hatta International Airport,KLM,KL,B789,Boeing 787-9 Dreamliner,PH-BHL,Departed 17:14,2026-09-02 04:14:16
KUL,departures,2026-09-01,16:10,16:29,AK386,AXM386,CGK,Jakarta Soekarno Hatta International Airport,AirAsia,AK,A320,Airbus A320-216,9M-AJZ,Departed 17:29,2026-09-02 04:14:16
KUL,departures,2026-09-01,16:15,16:25,CZ8098,CSN8098,SZX,Shenzhen Bao'an International Airport,China Southern Airlines,CZ,A21N,Airbus A321-251NX,B-32R3,Departed 17:25,2026-09-02 04:14:16
KUL,departures,2026-09-01,16:20,17:04,9G750,SPQ750,PQC,Phu Quoc International Airport,Sun PhuQuoc Airways,9G,A21N,Airbus A321-251NX,VN-A906,Departed 18:04,2026-09-02 04:14:16
KUL,departures,2026-09-01,16:20,16:30,MH766,MAS766,SGN,Ho Chi Minh City International Airport,Malaysia Airlines,MH,B38M,Boeing 737 MAX 8,9M-MVE,Departed 17:30,2026-09-02 04:14:16
KUL,departures,2026-09-01,16:20,16:21,AK5646,AXM5646,MYY,Miri Airport,AirAsia (De'Xandra Livery),AK,A320,Airbus A320-216,9M-AQM,Departed 17:21,2026-09-02 04:14:16
KUL,departures,2026-09-01,16:25,16:43,MH804,MAS804,MNL,Manila Ninoy Aquino International Airport,Malaysia Airlines,MH,B738,Boeing 737-8H6,9M-MXD,Departed 17:43,2026-09-02 04:14:13
KUL,departures,2026-09-01,16:25,17:01,AK393,AXM393,KNO,Medan Kuala Namu International Airport,AirAsia (HYROX Livery),AK,A320,Airbus A320-216,9M-AHR,Departed 18:01,2026-09-02 04:14:16
KUL,departures,2026-09-01,16:30,,AQ1272,,CAN,Guangzhou Baiyun International Airport,9 Air,AQ,738,,,Unknown,2026-09-02 04:14:13
KUL,departures,2026-09-01,16:30,16:51,IU169,SJV169,BTJ,Banda Aceh International Airport,Super Air Jet,IU,A320,Airbus A320-232,PK-STG,Departed 17:51,2026-09-02 04:14:13
KUL,departures,2026-09-01,16:30,,CI6882,,TPE,Taipei Taoyuan International Airport,China Airlines,CI,77X,,,Unknown,2026-09-02 04:14:13
KUL,departures,2026-09-01,16:30,16:56,AK6130,AXM6130,PEN,Penang International Airport,AirAsia,AK,A320,Airbus A320-216,9M-DAF,Departed 17:56,2026-09-02 04:14:13
KUL,departures,2026-09-01,16:35,16:53,SV835,SVA835,JED,Jeddah King Abdulaziz International Airport,Saudia,SV,B78X,Boeing 787-10 Dreamliner,HZ-AR24,Departed 17:53,2026-09-02 04:14:13
KUL,departures,2026-09-01,16:35,16:47,MH2746,MAS2746,BTU,Bintulu Airport,Malaysia Airlines,MH,B738,Boeing 737-8H6,9M-MSB,Departed 17:47,2026-09-02 04:14:13
KUL,departures,2026-09-01,16:35,16:49,MH2584,MAS2584,MYY,Miri Airport,Malaysia Airlines,MH,B738,Boeing 737-8H6,9M-MXH,Departed 17:49,2026-09-02 04:14:13
KUL,departures,2026-09-01,16:35,16:45,MH1152,MAS1152,PEN,Penang International Airport,Malaysia Airlines (Retro Livery),MH,B738,Boeing 737-8H6,9M-MLV,Departed 17:45,2026-09-02 04:14:13
KUL,departures,2026-09-01,16:35,17:28,AK6014,AXM6014,AOR,Alor Setar Sultan Abdul Halim Airport,AirAsia,AK,A20N,Airbus A320-251N,9M-AGH,Departed 18:28,2026-09-02 04:14:13
KUL,departures,2026-09-01,16:40,17:00,JT157,LNI157,PDG,Padang Minangkabau International Airport,Lion Air,JT,B739,Boeing 737-9GP(ER),PK-LJI,Departed 18:00,2026-09-02 04:14:13
KUL,departures,2026-09-01,16:40,17:02,CX724,CPA724,HKG,Hong Kong International Airport,Cathay Pacific,CX,A333,Airbus A330-342,B-LAE,Departed 18:02,2026-09-02 04:14:13
KUL,departures,2026-09-01,16:45,16:55,MH780,MAS780,BKK,Bangkok Suvarnabhumi Airport,Malaysia Airlines,MH,B38M,Boeing 737 MAX 8,9M-MVQ,Departed 17:55,2026-09-02 04:14:13
KUL,departures,2026-09-01,16:45,17:20,MF898,CXA898,FOC,Fuzhou Changle International Airport,Xiamen Air,MF,B738,Boeing 737-85C,B-6483,Departed 18:20,2026-09-02 04:14:13
KUL,departures,2026-09-01,16:50,17:09,OD171,MXD171,DPS,Denpasar Ngurah Rai International Airport,Batik Air,ID,B38M,Boeing 737 MAX 8,9M-LRP,Departed 18:09,2026-09-02 04:14:13
KUL,departures,2026-09-01,16:50,17:21,MH725,MAS725,CGK,Jakarta Soekarno Hatta International Airport,Malaysia Airlines,MH,B38M,Boeing 737 MAX 8,9M-MVB,Departed 18:21,2026-09-02 04:14:13
KUL,departures,2026-09-01,16:50,16:59,FY2892,FFM2892,JHB,Johor Bahru Senai International Airport,Firefly,FY,B738,Boeing 737-8FZ,9M-MLH,Departed 17:59,2026-09-02 04:14:13
KUL,departures,2026-09-01,16:50,16:56,AK888,AXM888,DMK,Bangkok Don Mueang International Airport,AirAsia (Save Our Malayan Tiger Livery),AK,A320,Airbus A320-216,9M-AQZ,Departed 17:56,2026-09-02 04:14:13
KUL,departures,2026-09-01,16:55,17:24,OD157,MXD157,DPS,Denpasar Ngurah Rai International Airport,Batik Air (Visit Malaysia Truly Asia 2026 Livery),ID,B38M,Boeing 737 MAX 8,9M-LRM,Departed 18:24,2026-09-02 04:14:13
KUL,departures,2026-09-01,17:00,17:05,QZ209,AWQ209,CGK,Jakarta Soekarno Hatta International Airport,AirAsia,AK,A320,Airbus A320-214,PK-AZH,Departed 18:05,2026-09-02 04:14:13
KUL,departures,2026-09-01,17:00,17:25,D7326,XAX326,TFU,Chengdu Tianfu International Airport,AirAsia,AK,A333,Airbus A330-343,9M-XXE,Departed 18:25,2026-09-02 04:14:13
KUL,departures,2026-09-01,17:00,17:29,CZ8302,CSN8302,CAN,Guangzhou Baiyun International Airport,China Southern Airlines,CZ,B38M,Boeing 737 MAX 8,B-225D,Departed 18:29,2026-09-02 04:14:13
KUL,departures,2026-09-01,17:00,17:23,AK6438,AXM6438,KBR,Kota Bharu Sultan Ismail Petra Airport,AirAsia,AK,A320,Airbus A320-214,9M-DAE,Departed 18:23,2026-09-02 04:14:13
KUL,departures,2026-09-01,17:00,17:13,AK584,AXM584,MNL,Manila Ninoy Aquino International Airport,AirAsia,AK,A20N,Airbus A320-251N,9M-AGL,Departed 18:13,2026-09-02 04:14:13
KUL,departures,2026-09-01,17:05,17:18,OD205,MXD205,DEL,Delhi Indira Gandhi International Airport,Batik Air,ID,B738,Boeing 737-8U3,9M-LDG,Departed 18:18,2026-09-02 04:14:13
KUL,departures,2026-09-01,17:05,17:12,MH1057,MAS1057,JHB,Johor Bahru Senai International Airport,Malaysia Airlines,MH,B738,Boeing 737-8H6,9M-MLM,Departed 18:12,2026-09-02 04:14:13
KUL,departures,2026-09-01,17:05,17:07,AK5751,AXM5751,TWU,Tawau Airport,AirAsia,AK,A21N,Airbus A321-251NX,9M-XVE,Departed 18:07,2026-09-02 04:14:13
KUL,departures,2026-09-01,17:10,17:28,JT161,LNI161,PKU,Pekanbaru Sultan Syarif Kasim II Airport,Lion Air,JT,B738,Boeing 737-8GP,PK-LOQ,Departed 18:28,2026-09-02 04:14:13
KUL,departures,2026-09-01,17:10,17:26,AK518,AXM518,HAN,Hanoi Noi Bai International Airport,AirAsia,AK,A320,Airbus A320-216,9M-AGT,Departed 18:26,2026-09-02 04:14:13
KUL,departures,2026-09-01,17:10,17:17,AK150,AXM150,WUH,Wuhan Tianhe International Airport,AirAsia,AK,A20N,Airbus A320-251N,9M-AGG,Departed 18:17,2026-09-02 04:14:13
KUL,departures,2026-09-01,17:15,17:14,KR782,KME782,KTI,Phnom Penh Techo International Airport,Cambodia Airways,KR,A319,Airbus A319-112,XU-878,Departed 18:14,2026-09-02 04:14:13
KUL,departures,2026-09-01,17:15,17:32,AK5220,AXM5220,KCH,Kuching International Airport,AirAsia,AK,A320,Airbus A320-216,9M-AQP,Departed 18:32,2026-09-02 04:14:13
KUL,departures,2026-09-01,17:25,17:42,9C6524,CQH6524,PVG,Shanghai Pudong International Airport,Spring Airlines,9C,A20N,Airbus A320-251N,B-30CN,Departed 18:42,2026-09-02 04:14:13
KUL,departures,2026-09-01,17:25,17:21,TR473,TGW473,SIN,Singapore Changi Airport,Scoot,TR,A320,Airbus A320-232,9V-TRT,Departed 18:21,2026-09-02 04:14:13
KUL,departures,2026-09-01,17:25,17:38,MH2528,MAS2528,KCH,Kuching International Airport,Malaysia Airlines,MH,B38M,Boeing 737 MAX 8,9M-MVI,Departed 18:38,2026-09-02 04:14:13
KUL,departures,2026-09-01,17:25,17:35,MH1276,MAS1276,KUA,Kuantan Sultan Haji Ahmad Shah Airport,Malaysia Airlines,MH,B738,Boeing 737-8H6,9M-MLP,Departed 18:35,2026-09-02 04:14:13
KUL,departures,2026-09-01,17:30,17:30,OD131,,LHE,Lahore Allama Iqbal International Airport,Batik Air Malaysia,OD,330,,,Estimated dep 18:30*,2026-09-02 04:14:13
KUL,departures,2026-09-01,17:30,17:44,MH1450,MAS1450,LGK,Langkawi International Airport,Malaysia Airlines,MH,B738,Boeing 737-8H6,9M-MXG,Departed 18:44,2026-09-02 04:14:13
KUL,departures,2026-09-01,17:30,18:18,AK6032,AXM6032,JHB,Johor Bahru Senai International Airport,AirAsia,AK,A320,Airbus A320-216,9M-RAV,Departed 19:18,2026-09-02 04:14:13
KUL,departures,2026-09-01,17:35,17:40,SQ121,SIA121,SIN,Singapore Changi Airport,Singapore Airlines,SQ,A359,Airbus A350-941,9V-SHA,Departed 18:40,2026-09-02 04:14:13
KUL,departures,2026-09-01,17:35,17:45,AK374,AXM374,DPS,Denpasar Ngurah Rai International Airport,AirAsia,AK,A320,Airbus A320-216,9M-RAE,Departed 18:45,2026-09-02 04:14:13
KUL,departures,2026-09-01,17:40,20:06,D7330,XAX330,PVG,Shanghai Pudong International Airport,AirAsia,AK,A333,Airbus A330-343,9M-XXZ,Departed 21:06,2026-09-02 04:14:13
KUL,departures,2026-09-01,17:45,19:08,OD698,MXD698,TPE,Taipei Taoyuan International Airport,Batik Air,ID,B38M,Boeing 737 MAX 8,9M-LRS,Departed 20:08,2026-09-02 04:14:13
KUL,departures,2026-09-01,17:45,17:46,CA484,CCA484,TFU,Chengdu Tianfu International Airport,Air China,CA,A21N,Airbus A321-252NX,B-32NC,Departed 18:46,2026-09-02 04:14:13
KUL,departures,2026-09-01,17:50,20:26,MH190,MAS190,DEL,Delhi Indira Gandhi International Airport,Malaysia Airlines (Mumbai Indians Livery),MH,A333,Airbus A330-323,9M-MTM,Departed 21:26,2026-09-02 04:14:13
KUL,departures,2026-09-01,17:50,18:06,MH118,MAS118,ATQ,Amritsar International Airport,Malaysia Airlines,MH,B38M,Boeing 737 MAX 8,9M-MVH,Departed 19:06,2026-09-02 04:14:13
KUL,departures,2026-09-01,17:50,18:10,MH106,MAS106,AMD,Ahmedabad International Airport,Malaysia Airlines,MH,B738,Boeing 737-8H6,9M-MXN,Departed 19:10,2026-09-02 04:14:13
KUL,departures,2026-09-01,17:50,18:00,D7342,XAX342,PKX,Beijing Daxing International Airport,AirAsia,AK,A333,Airbus A330-343,9M-XXK,Departed 19:00,2026-09-02 04:14:13
KUL,departures,2026-09-01,17:50,17:53,AK719,AXM719,SIN,Singapore Changi Airport,AirAsia (Longjack Orang Kampung Livery),AK,A320,Airbus A320-216,9M-AJA,Departed 18:53,2026-09-02 04:14:13
KUL,departures,2026-09-01,17:55,18:04,MH2638,MAS2638,BKI,Kota Kinabalu International Airport,Malaysia Airlines,MH,B738,Boeing 737-8H6,9M-MLT,Departed 19:04,2026-09-02 04:14:13
KUL,departures,2026-09-01,17:55,18:08,AK826,AXM826,HKT,Phuket International Airport,AirAsia,AK,A320,Airbus A320-216,9M-AGY,Departed 19:08,2026-09-02 04:14:13
KUL,departures,2026-09-01,18:00,18:20,MH526,MAS526,TFU,Chengdu Tianfu International Airport,Malaysia Airlines,MH,B38M,Boeing 737 MAX 8,9M-MVF,Departed 19:20,2026-09-02 04:14:13
KUL,departures,2026-09-01,18:00,18:08,ID7251,BTK7251,SUB,Surabaya Juanda International Airport,Batik Air,ID,B738,Boeing 737-8GP,PK-LBW,Departed 19:08,2026-09-02 04:14:13
KUL,departures,2026-09-01,18:00,18:16,AK353,AXM353,CGK,Jakarta Soekarno Hatta International Airport,AirAsia,AK,A20N,Airbus A320-251N,9M-AGB,Departed 19:16,2026-09-02 04:14:13
KUL,departures,2026-09-01,18:05,18:23,D7346,XAX346,XIY,Xi'an Xianyang International Airport,AirAsia,AK,A333,Airbus A330-343,9M-XBG,Departed 19:23,2026-09-02 04:14:13
KUL,departures,2026-09-01,18:05,18:40,AK6322,AXM6322,LGK,Langkawi International Airport,AirAsia (General Electric Livery),AK,A320,Airbus A320-216,9M-AQB,Departed 19:40,2026-09-02 04:14:13
KUL,departures,2026-09-01,18:10,18:21,MH607,MAS607,SIN,Singapore Changi Airport,Malaysia Airlines (Malaysia Negaraku Livery),MH,B738,Boeing 737-8H6,9M-MXU,Departed 19:21,2026-09-02 04:14:13
KUL,departures,2026-09-01,18:10,19:15,EK347,UAE39Y,DXB,Dubai International Airport,Emirates,EK,B77W,Boeing 777-31H(ER),A6-EPN,Departed 20:15,2026-09-02 04:14:13
KUL,departures,2026-09-01,18:15,18:21,TR469,TGW469,SIN,Singapore Changi Airport,Scoot,TR,A320,Airbus A320-232,9V-TRV,Departed 19:21,2026-09-02 04:14:13
KUL,departures,2026-09-01,18:15,18:25,MH114,MAS114,KTM,Kathmandu Tribhuvan International Airport,Malaysia Airlines,MH,B38M,Boeing 737 MAX 8,9M-MVA,Departed 19:25,2026-09-02 04:14:13
KUL,departures,2026-09-01,18:15,18:23,AK6446,AXM6446,KBR,Kota Bharu Sultan Ismail Petra Airport,AirAsia,AK,A20N,Airbus A320-251N,9M-RAK,Departed 19:23,2026-09-02 04:14:13
KUL,departures,2026-09-01,18:15,18:36,AK6128,AXM6128,PEN,Penang International Airport,AirAsia (❤️ Singapore Livery),AK,A320,Airbus A320-216,9M-AHZ,Departed 19:36,2026-09-02 04:14:13
KUL,departures,2026-09-01,18:20,19:20,QZ131,AWQ131,KNO,Medan Kuala Namu International Airport,AirAsia (Lombok Livery),AK,A320,Airbus A320-216,PK-AXU,Departed 20:20,2026-09-02 04:14:13
KUL,departures,2026-09-01,18:20,18:31,QR853,QTR1C,DOH,Doha Hamad International Airport,Qatar Airways (Formula 1 Livery),QR,B77W,Boeing 777-3DZ(ER),A7-BEG,Departed 19:31,2026-09-02 04:14:13
KUL,departures,2026-09-01,18:25,18:27,VN678,HVN678,SGN,Ho Chi Minh City International Airport,Vietnam Airlines,VN,A321,Airbus A321-231,VN-A604,Departed 19:27,2026-09-02 04:14:13
KUL,departures,2026-09-01,18:25,18:47,AK721,AXM721,SIN,Singapore Changi Airport,AirAsia,AK,A320,Airbus A320-216,9M-AQS,Departed 19:47,2026-09-02 04:14:13
KUL,departures,2026-09-01,18:30,18:30,OD805,MXD805,SIN,Singapore Changi Airport,Batik Air,ID,B738,Boeing 737-8GP,9M-LNR,Departed 19:30,2026-09-02 04:14:13
KUL,departures,2026-09-01,18:30,18:34,MH2522,MAS2522,KCH,Kuching International Airport,Malaysia Airlines,MH,B738,Boeing 737-8H6,9M-MLS,Departed 19:34,2026-09-02 04:14:13
KUL,departures,2026-09-01,18:30,18:45,MH1162,MAS1162,PEN,Penang International Airport,Malaysia Airlines,MH,B738,Boeing 737-8FZ,9M-MLK,Departed 19:45,2026-09-02 04:14:13
KUL,departures,2026-09-01,18:30,18:41,MH127,MAS127,PER,Perth Airport,Malaysia Airlines (Oneworld Livery),MH,A333,Airbus A330-323,9M-MTO,Departed 19:41,2026-09-02 04:14:13
KUL,departures,2026-09-01,18:30,18:49,AK5130,AXM5130,BKI,Kota Kinabalu International Airport,AirAsia,AK,A20N,Airbus A320-251N,9M-RAM,Departed 19:49,2026-09-02 04:14:13
KUL,departures,2026-09-01,18:35,18:56,MH386,MAS386,PVG,Shanghai Pudong International Airport,Malaysia Airlines,MH,B38M,Boeing 737 MAX 8,9M-MVD,Departed 19:56,2026-09-02 04:14:13
KUL,departures,2026-09-01,18:35,19:00,MH194,MAS194,BOM,Mumbai Chhatrapati Shivaji International Airport,Malaysia Airlines (Oneworld Livery),MH,A333,Airbus A330-323,9M-MTE,Departed 20:00,2026-09-02 04:14:13
KUL,departures,2026-09-01,18:35,18:53,AK5234,AXM5234,KCH,Kuching International Airport,AirAsia,AK,A320,Airbus A320-216,9M-AGC,Departed 19:53,2026-09-02 04:14:13
KUL,departures,2026-09-01,18:40,19:06,AK896,AXM896,DMK,Bangkok Don Mueang International Airport,AirAsia (Let’s Fly To Terengganu Livery),AK,A320,Airbus A320-216,9M-AJS,Departed 20:06,2026-09-02 04:14:13
KUL,departures,2026-09-01,18:40,18:43,AK524,AXM524,SGN,Ho Chi Minh City International Airport,AirAsia,AK,A20N,Airbus A320-251N,9M-RAB,Departed 19:43,2026-09-02 04:14:13
KUL,departures,2026-09-01,18:45,19:19,ZH330,CSZ330,SZX,Shenzhen Bao'an International Airport,Shenzhen airlines,ZH,B38M,Boeing 737 MAX 8,B-206Z,Departed 20:19,2026-09-02 04:14:13
KUL,departures,2026-09-01,18:45,18:58,OD1006,MXD1006,BKI,Kota Kinabalu International Airport,Batik Air,ID,B738,Boeing 737-8GP,9M-LDU,Departed 19:58,2026-09-02 04:14:13
KUL,departures,2026-09-01,18:50,19:12,MH78,MAS078,HKG,Hong Kong International Airport,Malaysia Airlines,MH,B738,Boeing 737-8H6,9M-MLR,Departed 20:12,2026-09-02 04:14:13
KUL,departures,2026-09-01,18:55,19:45,OD215,MXD215,BOM,Mumbai Chhatrapati Shivaji International Airport,Batik Air,ID,B738,Boeing 737-86N,9M-LDK,Departed 20:45,2026-09-02 04:14:13
KUL,departures,2026-09-01,19:00,19:23,VN680,HVN680,HAN,Hanoi Noi Bai International Airport,Vietnam Airlines,VN,A321,Airbus A321-231,VN-A390,Departed 20:23,2026-09-02 04:14:13
KUL,departures,2026-09-01,19:00,19:14,OD616,MXD616,PVG,Shanghai Pudong International Airport,Batik Air,ID,B738,Boeing 737-8GP,9M-LNV,Departed 20:14,2026-09-02 04:14:13
KUL,departures,2026-09-01,19:00,19:21,OD336,MXD336,PKU,Pekanbaru Sultan Syarif Kasim II Airport,Batik Air,ID,B738,Boeing 737-86N,9M-LDP,Departed 20:21,2026-09-02 04:14:13
KUL,departures,2026-09-01,19:00,19:09,MH520,MAS520,CSX,Changsha Huanghua International Airport,Malaysia Airlines,MH,B38M,Boeing 737 MAX 8,9M-MVL,Departed 20:09,2026-09-02 04:14:13
KUL,departures,2026-09-01,19:00,19:10,D7808,XAX808,CKG,Chongqing Jiangbei International Airport,AirAsia (UFC Livery),AK,A333,Airbus A330-343,9M-XXD,Departed 20:10,2026-09-02 04:14:13
KUL,departures,2026-09-01,19:05,19:02,AK5218,AXM5218,KCH,Kuching International Airport,AirAsia,AK,A320,Airbus A320-214,9M-AJG,Departed 20:02,2026-09-02 04:14:13
KUL,departures,2026-09-01,19:10,19:17,QG503,CTV503,CGK,Jakarta Soekarno Hatta International Airport,Citilink,QG,A320,Airbus A320-214,PK-GQQ,Departed 20:17,2026-09-02 04:14:13
KUL,departures,2026-09-01,19:10,19:34,OD223,MXD223,TRZ,Tiruchirappalli International Airport,Batik Air,ID,B38M,Boeing 737 MAX 8,9M-LRG,Departed 20:34,2026-09-02 04:14:13
KUL,departures,2026-09-01,19:10,19:22,MH2606,MAS2606,BKI,Kota Kinabalu International Airport,Malaysia Airlines,MH,B738,Boeing 737-8H6,9M-MXB,Departed 20:22,2026-09-02 04:14:13
KUL,departures,2026-09-01,19:15,20:24,MH251,MAS251,SYD,Sydney Kingsford Smith Airport,Malaysia Airlines,MH,A339,Airbus A330-941,9M-MNM,Departed 21:24,2026-09-02 04:14:13
KUL,departures,2026-09-01,19:15,19:17,AK6038,AXM6038,JHB,Johor Bahru Senai International Airport,AirAsia,AK,A320,Airbus A320-216,9M-AGU,Departed 20:17,2026-09-02 04:14:13
KUL,departures,2026-09-01,19:15,19:37,AK118,AXM118,CAN,Guangzhou Baiyun International Airport,AirAsia,AK,A21N,Airbus A321-251NX,9M-VAE,Departed 20:37,2026-09-02 04:14:13
KUL,departures,2026-09-01,19:25,19:56,AK39,AXM39,COK,Cochin International Airport,AirAsia,AK,A320,Airbus A320-214,9M-AJT,Departed 20:56,2026-09-02 04:14:13
KUL,departures,2026-09-01,19:30,,3U9004,,XIY,Xi'an Xianyang International Airport,Sichuan Airlines,3U,321,,,Unknown,2026-09-02 04:14:13
KUL,departures,2026-09-01,19:30,19:58,MH147,MAS147,MEL,Melbourne Airport,Malaysia Airlines,MH,A333,Airbus A330-323,9M-MTA,Departed 20:58,2026-09-02 04:14:13
KUL,departures,2026-09-01,19:35,20:39,8B680,TNU680,CGK,Jakarta Soekarno Hatta International Airport,TransNusa,8B,A321,Airbus A321-211,PK-TLG,Departed 21:39,2026-09-02 04:14:13
KUL,departures,2026-09-01,19:35,19:42,AK23,AXM23,TRZ,Tiruchirappalli International Airport,AirAsia,AK,A20N,Airbus A320-251N,9M-AGQ,Departed 20:42,2026-09-02 04:14:13
KUL,departures,2026-09-01,19:40,20:10,SQ125,SIA125,SIN,Singapore Changi Airport,Singapore Airlines,SQ,A359,Airbus A350-941,9V-SMC,Departed 21:10,2026-09-02 04:14:10
KUL,departures,2026-09-01,19:40,20:06,OD241,MXD241,BLR,Bengaluru Kempegowda International Airport,Batik Air,ID,B738,Boeing 737-8GP,9M-LDD,Departed 21:06,2026-09-02 04:14:10
KUL,departures,2026-09-01,19:40,19:57,OD295,MXD295,MLE,Male Velana International Airport,Batik Air,ID,B738,Boeing 737-8GP,9M-LNP,Departed 20:57,2026-09-02 04:14:13
KUL,departures,2026-09-01,19:40,19:53,MH135,MAS135,BNE,Brisbane Airport,Malaysia Airlines,MH,A339,Airbus A330-941,9M-MNK,Departed 20:53,2026-09-02 04:14:13
KUL,departures,2026-09-01,19:40,,FY3680,,SIN,Singapore Changi Airport,Firefly,FY,738,,,Unknown,2026-09-02 04:14:13
KUL,departures,2026-09-01,19:45,19:57,QZ211,AWQ211,CGK,Jakarta Soekarno Hatta International Airport,AirAsia,AK,A320,Airbus A320-216,PK-AZO,Departed 20:57,2026-09-02 04:14:10
KUL,departures,2026-09-01,19:45,19:55,KT168,KTC168,KTI,Phnom Penh Techo International Airport,AirAsia (Cambodia Livery),AK,A320,Airbus A320-214,XU-818,Departed 20:55,2026-09-02 04:14:10
KUL,departures,2026-09-01,19:45,19:49,AK63,AXM63,CCU,Kolkata Subhas Chandra Bose International Airport,AirAsia,AK,A21N,Airbus A321-251NX,9M-VAD,Departed 20:49,2026-09-02 04:14:10
KUL,departures,2026-09-01,19:50,20:15,OD166,MXD166,DAC,Dhaka Shahjalal International Airport,Batik Air,ID,B38M,Boeing 737 MAX 8,9M-LRU,Departed 21:15,2026-09-02 04:14:10
KUL,departures,2026-09-01,19:55,,3U9026,,CKG,Chongqing Jiangbei International Airport,Sichuan Airlines,3U,320,,,Unknown,2026-09-02 04:14:10
KUL,departures,2026-09-01,19:55,20:00,TG418,THA418,BKK,Bangkok Suvarnabhumi Airport,Thai Airways (Star Alliance Livery),TG,A333,Airbus A330-343,HS-TEO,Departed 21:00,2026-09-02 04:14:10
KUL,departures,2026-09-01,19:55,20:23,AK47,AXM47,CMB,Colombo Bandaranaike International Airport,AirAsia (Allstars Livery),AK,A320,Airbus A320-214,9M-AFD,Departed 21:23,2026-09-02 04:14:10
KUL,departures,2026-09-01,20:00,,QR8903,,DOH,Doha Hamad International Airport,Qatar Airways,QR,77X,,,Unknown,2026-09-02 04:14:10
KUL,departures,2026-09-01,20:00,20:05,MH2628,MAS2628,BKI,Kota Kinabalu International Airport,Malaysia Airlines,MH,B738,Boeing 737-8H6,9M-MXY,Departed 21:05,2026-09-02 04:14:10
KUL,departures,2026-09-01,20:05,20:19,MH1166,MAS1166,PEN,Penang International Airport,Malaysia Airlines,MH,B738,Boeing 737-8H6,9M-MLQ,Departed 21:19,2026-09-02 04:14:10
KUL,departures,2026-09-01,20:05,20:34,MH522,MAS522,SZX,Shenzhen Bao'an International Airport,Malaysia Airlines,MH,B38M,Boeing 737 MAX 8,9M-MVK,Departed 21:34,2026-09-02 04:14:10
KUL,departures,2026-09-01,20:05,20:24,HU756,CHH756,HAK,Haikou Meilan International Airport,Hainan Airlines,HU,B38M,Boeing 737 MAX 8,B-1388,Departed 21:24,2026-09-02 04:14:10
KUL,departures,2026-09-01,20:10,20:32,TH3507,RMY3507,HKG,Hong Kong International Airport,Raya Airways,TH,B762,Boeing 767-232(BDSF),9M-RXC,Departed 21:32,2026-09-02 04:14:10
KUL,departures,2026-09-01,20:15,20:37,MH2532,MAS2532,KCH,Kuching International Airport,Malaysia Airlines,MH,B738,Boeing 737-8H6,9M-MXE,Departed 21:37,2026-09-02 04:14:10
KUL,departures,2026-09-01,20:15,20:29,BI874,RBA874,BWN,Brunei International Airport,Royal Brunei Airlines,BI,A20N,Airbus A320-251N,V8-RBA,Departed 21:29,2026-09-02 04:14:10
KUL,departures,2026-09-01,20:20,20:58,ID7265,BTK7265,KNO,Medan Kuala Namu International Airport,Batik Air,ID,B738,Boeing 737-8GP,PK-LBK,Departed 21:58,2026-09-02 04:14:10
KUL,departures,2026-09-01,20:25,20:59,WY824,OMA824,MCT,Muscat International Airport,Oman Air,WY,B789,Boeing 787-9 Dreamliner,A4O-SL,Departed 21:59,2026-09-02 04:14:10
KUL,departures,2026-09-01,20:25,20:21,AK69,AXM69,HYD,Hyderabad Rajiv Gandhi International Airport,AirAsia,AK,A20N,Airbus A320-251N,9M-AGO,Departed 21:21,2026-09-02 04:14:10
KUL,departures,2026-09-01,20:30,20:50,OD672,MXD672,TFU,Chengdu Tianfu International Airport,Batik Air,ID,B738,Boeing 737-8U3,9M-LCW,Departed 21:50,2026-09-02 04:14:10
KUL,departures,2026-09-01,20:30,20:52,MH180,MAS180,MAA,Chennai International Airport,Malaysia Airlines,MH,B738,Boeing 737-8H6,9M-MXR,Departed 21:52,2026-09-02 04:14:10
KUL,departures,2026-09-01,20:30,20:54,MH145,MAS145,AKL,Auckland Airport,Malaysia Airlines,MH,A339,Airbus A330-941,9M-MNJ,Departed 21:54,2026-09-02 04:14:10
KUL,departures,2026-09-01,20:30,20:41,MH198,MAS198,HYD,Hyderabad Rajiv Gandhi International Airport,Malaysia Airlines,MH,B738,Boeing 737-8H6,9M-MXA,Departed 21:41,2026-09-02 04:14:10
KUL,departures,2026-09-01,20:35,22:28,QZ127,AWQ127,KNO,Medan Kuala Namu International Airport,AirAsia (Lombok Livery),AK,A320,Airbus A320-216,PK-AXU,Departed 23:28,2026-09-02 04:14:10
KUL,departures,2026-09-01,20:40,20:55,AK103,AXM103,KMG,Kunming Changshui International Airport,AirAsia,AK,A20N,Airbus A320-251N,9M-AGE,Departed 21:55,2026-09-02 04:14:10
KUL,departures,2026-09-01,20:45,21:01,MH796,MAS796,BKK,Bangkok Suvarnabhumi Airport,Malaysia Airlines,MH,B738,Boeing 737-8H6,9M-MXM,Departed 22:01,2026-09-02 04:14:10
KUL,departures,2026-09-01,20:45,20:53,AK13,AXM13,MAA,Chennai International Airport,AirAsia,AK,A20N,Airbus A320-251N,9M-AGH,Departed 21:53,2026-09-02 04:14:10
KUL,departures,2026-09-01,20:50,20:50,YG9004,,HGH,Hangzhou Xiaoshan International Airport,YTO Cargo Airlines,YG,75F,,,Estimated dep 21:50*,2026-09-02 04:14:10
KUL,departures,2026-09-01,20:50,21:04,QR855,QTR855,DOH,Doha Hamad International Airport,Qatar Airways,QR,B788,Boeing 787-8 Dreamliner,A7-BCE,Departed 22:04,2026-09-02 04:14:10
KUL,departures,2026-09-01,20:50,21:03,MH727,MAS727,CGK,Jakarta Soekarno Hatta International Airport,Malaysia Airlines,MH,B38M,Boeing 737 MAX 8,9M-MVO,Departed 22:03,2026-09-02 04:14:10
KUL,departures,2026-09-01,20:55,21:22,QZ327,AWQ327,SUB,Surabaya Juanda International Airport,AirAsia,AK,A320,Airbus A320-214,PK-AZJ,Departed 22:22,2026-09-02 04:14:10
KUL,departures,2026-09-01,20:55,21:49,OD396,MXD396,CGK,Jakarta Soekarno Hatta International Airport,Batik Air,ID,B738,Boeing 737-8GP,9M-LNZ,Departed 22:49,2026-09-02 04:14:10
KUL,departures,2026-09-01,20:55,21:25,EY487,ETD3JC,AUH,Abu Dhabi Zayed International Airport,Etihad Airways,EY,B78X,Boeing 787-10 Dreamliner,A6-BMI,Departed 22:25,2026-09-02 04:14:10
KUL,departures,2026-09-01,21:00,21:37,6E1038,IGO1038,BLR,Bengaluru Kempegowda International Airport,IndiGo,6E,A21N,Airbus A321-252NX,VT-ILN,Departed 22:37,2026-09-02 04:14:10
KUL,departures,2026-09-01,21:00,21:41,SQ127,SIA127,SIN,Singapore Changi Airport,Singapore Airlines,SQ,B38M,Boeing 737 MAX 8,9V-MBH,Departed 22:41,2026-09-02 04:14:10
KUL,departures,2026-09-01,21:00,21:33,OD820,MXD820,ICN,Seoul Incheon International Airport,Batik Air,ID,B38M,Boeing 737 MAX 8,9M-LRT,Departed 22:33,2026-09-02 04:14:10
KUL,departures,2026-09-01,21:00,21:12,MH2626,MAS2626,BKI,Kota Kinabalu International Airport,Malaysia Airlines,MH,B738,Boeing 737-8H6,9M-MLO,Departed 22:12,2026-09-02 04:14:10
KUL,departures,2026-09-01,21:00,21:35,MH179,MAS179,CMB,Colombo Bandaranaike International Airport,Malaysia Airlines,MH,B738,Boeing 737-8H6,9M-MLP,Departed 22:35,2026-09-02 04:14:10
KUL,departures,2026-09-01,21:00,21:45,MH192,MAS192,BLR,Bengaluru Kempegowda International Airport,Malaysia Airlines (Retro Livery),MH,B738,Boeing 737-8H6,9M-MLV,Departed 22:45,2026-09-02 04:14:10
KUL,departures,2026-09-01,21:00,21:23,MH108,MAS108,COK,Cochin International Airport,Malaysia Airlines,MH,B738,Boeing 737-8H6,9M-MXT,Departed 22:23,2026-09-02 04:14:10
KUL,departures,2026-09-01,21:05,21:18,MH184,MAS184,CCU,Kolkata Subhas Chandra Bose International Airport,Malaysia Airlines,MH,B738,Boeing 737-8H6,9M-MXX,Departed 22:18,2026-09-02 04:14:10
KUL,departures,2026-09-01,21:05,21:21,AK128,AXM128,SZX,Shenzhen Bao'an International Airport,AirAsia,AK,A320,Airbus A320-214,9M-DAE,Departed 22:21,2026-09-02 04:14:10
KUL,departures,2026-09-01,21:15,22:34,MH6178,MAS6178,CAN,Guangzhou Baiyun International Airport,MASkargo,MH,A332,Airbus A330-223F,9M-MUD,Departed 23:34,2026-09-02 04:14:10
KUL,departures,2026-09-01,21:20,21:38,OD162,MXD162,DAC,Dhaka Shahjalal International Airport,Batik Air,ID,A333,Airbus A330-343,9M-LFJ,Departed 22:38,2026-09-02 04:14:10
KUL,departures,2026-09-01,21:25,21:51,MH149,MAS149,MEL,Melbourne Airport,Malaysia Airlines,MH,A339,Airbus A330-941,9M-MNN,Departed 22:51,2026-09-02 04:14:10
KUL,departures,2026-09-01,21:25,21:53,MH139,MAS139,ADL,Adelaide Airport,Malaysia Airlines,MH,A339,Airbus A330-941,9M-MNG,Departed 22:53,2026-09-02 04:14:10
KUL,departures,2026-09-01,21:25,21:46,MH52,MAS52,KIX,Osaka Kansai International Airport,Malaysia Airlines (Malayan Tiger Livery),MH,A333,Airbus A330-323,9M-MTG,Departed 22:46,2026-09-02 04:14:10
KUL,departures,2026-09-01,21:40,22:01,AI2387,AIC2387,DEL,Delhi Indira Gandhi International Airport,Air India,AI,A20N,Airbus A320-251N,VT-TQA,Departed 23:01,2026-09-02 04:14:10
KUL,departures,2026-09-01,21:45,21:58,TR467,TGW467,SIN,Singapore Changi Airport,Scoot,TR,B788,Boeing 787-8 Dreamliner,9V-OFH,Departed 22:58,2026-09-02 04:14:10
KUL,departures,2026-09-01,21:50,22:05,JL724,JAL724,NRT,Tokyo Narita International Airport,Japan Airlines,JL,B788,Boeing 787-8 Dreamliner,JA842J,Departed 23:05,2026-09-02 04:14:10
KUL,departures,2026-09-01,21:50,22:14,BA34,BAW34,LHR,London Heathrow Airport,British Airways,BA,B789,Boeing 787-9 Dreamliner,G-ZBKP,Departed 23:14,2026-09-02 04:14:10
KUL,departures,2026-09-01,22:00,22:39,OD860,MXD860,KIX,Osaka Kansai International Airport,Batik Air,ID,B38M,Boeing 737 MAX 8,9M-LRD,Departed 23:39,2026-09-02 04:14:10
KUL,departures,2026-09-01,22:00,22:12,MH196,MAS196,DAC,Dhaka Shahjalal International Airport,Malaysia Airlines,MH,B38M,Boeing 737 MAX 8,9M-MVS,Departed 23:12,2026-09-02 04:14:10
KUL,departures,2026-09-01,22:00,22:17,MH204,MAS204,TRV,Thiruvananthapuram International Airport,Malaysia Airlines,MH,B738,Boeing 737-8H6,9M-MXL,Departed 23:17,2026-09-02 04:14:10
KUL,departures,2026-09-01,22:05,22:10,MH609,MAS609,SIN,Singapore Changi Airport,Malaysia Airlines,MH,B738,Boeing 737-8H6,9M-MSA,Departed 23:10,2026-09-02 04:14:10
KUL,departures,2026-09-01,22:15,22:29,ET639,ETH639,SIN,Singapore Changi Airport,Ethiopian Airlines,ET,A359,Airbus A350-941,ET-AVD,Departed 23:29,2026-09-02 04:14:10
KUL,departures,2026-09-01,22:20,22:41,MH2,MAS2,LHR,London Heathrow Airport,Malaysia Airlines,MH,A359,Airbus A350-941,9M-MAD,Departed 23:41,2026-09-02 04:14:10
KUL,departures,2026-09-01,22:20,22:44,KE428,KAL428,ICN,Seoul Incheon International Airport,Korean Air,KE,A333,Airbus A330-323,HL8003,Departed 23:44,2026-09-02 04:14:10
KUL,departures,2026-09-01,22:25,22:49,TK61,THY39V,IST,Istanbul Airport,Turkish Airlines,TK,A359,Airbus A350-941,TC-LHF,Departed 23:49,2026-09-02 04:14:10
KUL,departures,2026-09-01,22:30,23:41,MH88,MAS88,NRT,Tokyo Narita International Airport,Malaysia Airlines,MH,A339,Airbus A330-941,9M-MNP,Departed 00:41,2026-09-02 04:14:10
KUL,departures,2026-09-01,22:30,22:54,MH20,MAS20,CDG,Paris Charles de Gaulle Airport,Malaysia Airlines,MH,A359,Airbus A350-941,9M-MAE,Departed 23:54,2026-09-02 04:14:10
KUL,departures,2026-09-01,22:30,23:34,MH66,MAS066,ICN,Seoul Incheon International Airport,Malaysia Airlines,MH,A333,Airbus A330-323,9M-MTB,Departed 00:34,2026-09-02 04:14:10
KUL,departures,2026-09-01,22:35,22:46,MH1194,MAS1194,PEN,Penang International Airport,Malaysia Airlines,MH,B738,Boeing 737-8H6,9M-MXO,Departed 23:46,2026-09-02 04:14:10
KUL,departures,2026-09-01,22:40,23:00,MH318,MAS318,PKX,Beijing Daxing International Airport,Malaysia Airlines,MH,A333,Airbus A330-323,9M-MTN,Departed 00:00,2026-09-02 04:14:10
KUL,departures,2026-09-01,22:45,22:57,MH708,MAS708,MNL,Manila Ninoy Aquino International Airport,Malaysia Airlines,MH,B38M,Boeing 737 MAX 8,9M-MVN,Departed 23:57,2026-09-02 04:14:10
KUL,departures,2026-09-01,22:45,23:06,MH123,MAS123,SYD,Sydney Kingsford Smith Airport,Malaysia Airlines,MH,A339,Airbus A330-941,9M-MNL,Departed 00:06,2026-09-02 04:14:10
KUL,departures,2026-09-01,22:55,23:15,KL810,KLM810,AMS,Amsterdam Schiphol Airport,KLM,KL,B789,Boeing 787-9 Dreamliner,PH-BHL,Departed 00:15,2026-09-02 04:14:10
KUL,departures,2026-09-01,23:05,23:20,OD191,MXD191,PER,Perth Airport,Batik Air,ID,B738,Boeing 737-8GP,9M-LNY,Departed 00:20,2026-09-02 04:14:10
KUL,departures,2026-09-01,23:05,00:06,FM862,CSH862,PVG,Shanghai Pudong International Airport,Shanghai Airlines,FM,B38M,Boeing 737 MAX 8,B-1149,Departed 01:06,2026-09-02 04:14:10
KUL,departures,2026-09-01,23:10,23:25,OD872,MXD872,NRT,Tokyo Narita International Airport,Batik Air,ID,B38M,Boeing 737 MAX 8,9M-LRJ,Departed 00:25,2026-09-02 04:14:10
KUL,departures,2026-09-01,23:15,23:44,CA872,CCA872,PEK,Beijing Capital International Airport,Air China,CA,B38M,Boeing 737 MAX 8,B-1397,Departed 00:44,2026-09-02 04:14:10
KUL,departures,2026-09-01,23:20,23:37,3U3994,CSC3994,TFU,Chengdu Tianfu International Airport,Sichuan Airlines,3U,A20N,Airbus A320-271N,B-321D,Departed 00:37,2026-09-02 04:14:10
KUL,departures,2026-09-01,23:25,23:50,HO1354,DKH1354,PVG,Shanghai Pudong International Airport,Juneyao Air,HO,A20N,Airbus A320-271N,B-320Z,Departed 00:50,2026-09-02 04:14:10
KUL,departures,2026-09-01,23:30,23:37,AK114,AXM114,CAN,Guangzhou Baiyun International Airport,AirAsia (HYROX Livery),AK,A320,Airbus A320-216,9M-AHR,Departed 00:37,2026-09-02 04:14:10
KUL,departures,2026-09-01,23:40,00:09,MU2970,CES2970,NKG,Nanjing Lukou International Airport,China Eastern Airlines,MU,A20N,Airbus A320-251N,B-306F,Departed 01:09,2026-09-02 04:14:10
KUL,departures,2026-09-01,23:45,23:55,3U3774,CSC3774,CKG,Chongqing Jiangbei International Airport,Sichuan Airlines,3U,A20N,Airbus A320-271N,B-328M,Departed 00:55,2026-09-02 04:14:10
KUL,departures,2026-09-01,23:55,00:18,5J502,CEB502,MNL,Manila Ninoy Aquino International Airport,Cebu Pacific,5J,A21N,Airbus A321-271NX,RP-C4143,Departed 01:18,2026-09-02 04:14:10
LBJ,arrivals,2026-09-01,07:15,07:02,QZ644,AWQ644,DPS,Denpasar Ngurah Rai International Airport,AirAsia,AK,A320,Airbus A320-214,PK-AZH,Landed 08:02,2026-09-02 04:11:13
LBJ,arrivals,2026-09-01,07:55,,IW1950,,KOE,Kupang El Tari Airport,Wings Air,IW,AT7,,,Unknown,2026-09-02 04:11:13
LBJ,arrivals,2026-09-01,07:55,07:40,IW1917,WON1917,TMC,Tambolaka Airport,Wings Air,IW,AT76,ATR 72-600,PK-WJU,Landed 08:40,2026-09-02 04:11:13
LBJ,arrivals,2026-09-01,08:10,07:53,ID6333,BTK6333,DPS,Denpasar Ngurah Rai International Airport,Batik Air,ID,A320,Airbus A320-214,PK-LUT,Landed 08:53,2026-09-02 04:11:13
LBJ,arrivals,2026-09-01,08:20,08:04,IW1831,WON1831,ENE,Ende H. Hasan Aroeboesman Airport,Wings Air,IW,AT76,ATR 72-600,PK-WJO,Landed 09:04,2026-09-02 04:11:13
LBJ,arrivals,2026-09-01,09:10,08:56,QZ642,AWQ642,DPS,Denpasar Ngurah Rai International Airport,AirAsia,AK,A320,Airbus A320-216,PK-AZE,Landed 09:56,2026-09-02 04:11:13
LBJ,arrivals,2026-09-01,11:20,11:16,IW1951,WON1951,LOP,Lombok International Airport,Wings Air,IW,AT76,ATR 72-600,PK-WJU,Unknown,2026-09-02 04:11:13
LBJ,arrivals,2026-09-01,11:25,,IW1910,,UPG,Makassar Sultan Hasanuddin International Airport,Wings Air,IW,AT7,,,Canceled,2026-09-02 04:11:13
LBJ,arrivals,2026-09-01,11:30,10:58,IW1953,WON1953,ENE,Ende H. Hasan Aroeboesman Airport,Wings Air,IW,AT76,ATR 72-600,PK-WJO,Unknown,2026-09-02 04:11:13
LBJ,arrivals,2026-09-01,11:40,11:25,QZ646,AWQ646,DPS,Denpasar Ngurah Rai International Airport,AirAsia,AK,A320,Airbus A320-216,PK-AXY,Landed 12:25,2026-09-02 04:11:13
LBJ,arrivals,2026-09-01,11:55,11:43,QG632,CTV632,CGK,Jakarta Soekarno Hatta International Airport,Citilink,QG,A320,Airbus A320-214,PK-GQS,Landed 12:43,2026-09-02 04:11:13
LBJ,arrivals,2026-09-01,12:00,11:52,ID6331,BTK6331,DPS,Denpasar Ngurah Rai International Airport,Batik Air,ID,A320,Airbus A320-214,PK-LUT,Landed 12:52,2026-09-02 04:11:13
LBJ,arrivals,2026-09-01,12:15,12:03,ID6526,BTK6526,CGK,Jakarta Soekarno Hatta International Airport,Batik Air,ID,A320,Airbus A320-214,PK-LUU,Landed 13:03,2026-09-02 04:11:13
LBJ,arrivals,2026-09-01,12:40,,IW1946,,LOP,Lombok International Airport,Wings Air,IW,AT75,ATR 72-500,PK-WFW,Unknown,2026-09-02 04:11:13
LBJ,arrivals,2026-09-01,13:20,,IW1927,,BJW,Bajawa Turelelo Soa Airport,Wings Air,IW,AT7,,,Unknown,2026-09-02 04:11:13
LBJ,arrivals,2026-09-01,13:25,13:11,AK310,AXM310,KUL,Kuala Lumpur International Airport,AirAsia,AK,A20N,Airbus A320-251N,9M-RAK,Landed 14:11,2026-09-02 04:11:13
LBJ,arrivals,2026-09-01,14:30,14:23,QZ860,AWQ860,CGK,Jakarta Soekarno Hatta International Airport,AirAsia,AK,A320,Airbus A320-214,PK-AZI,Landed 15:23,2026-09-02 04:11:13
LBJ,arrivals,2026-09-01,14:45,15:04,IW1949,WON1949,LOP,Lombok International Airport,Wings Air,IW,AT76,ATR 72-600,PK-WJU,Landed 16:04,2026-09-02 04:11:13
LBJ,arrivals,2026-09-01,15:25,15:12,IU722,SJV722,CGK,Jakarta Soekarno Hatta International Airport,Super Air Jet,IU,A320,Airbus A320-232,PK-STR,Landed 16:12,2026-09-02 04:11:13
LBJ,arrivals,2026-09-01,15:40,15:44,IU2726,SJV2726,SUB,Surabaya Juanda International Airport,Super Air Jet,IU,A320,Airbus A320-232,PK-SJJ,Landed 16:44,2026-09-02 04:11:13
LBJ,arrivals,2026-09-01,15:55,15:37,QZ648,AWQ648,DPS,Denpasar Ngurah Rai International Airport,AirAsia,AK,A320,Airbus A320-216,PK-AXY,Landed 16:37,2026-09-02 04:11:13
LBJ,arrivals,2026-09-01,16:30,16:25,TR292,TGW292,SIN,Singapore Changi Airport,Scoot,TR,E290,Embraer E190-E2,9V-THG,Landed 17:25,2026-09-02 04:11:13
LBJ,arrivals,2026-09-01,17:00,16:38,ID6335,BTK6335,DPS,Denpasar Ngurah Rai International Airport,Batik Air,ID,A320,Airbus A320-214,PK-LUT,Landed 17:38,2026-09-02 04:11:13
LBJ,departures,2026-09-01,07:40,07:42,QZ645,AWQ645,DPS,Denpasar Ngurah Rai International Airport,AirAsia,AK,A320,Airbus A320-214,PK-AZH,Departed 08:42,2026-09-02 04:11:43
LBJ,departures,2026-09-01,08:20,08:18,IW1950,WON1950,LOP,Lombok International Airport,Wings Air,IW,AT76,ATR 72-600,PK-WJU,Departed 09:18,2026-09-02 04:11:43
LBJ,departures,2026-09-01,08:50,08:46,ID6332,BTK6332,DPS,Denpasar Ngurah Rai International Airport,Batik Air,ID,A320,Airbus A320-214,PK-LUT,Departed 09:46,2026-09-02 04:11:43
LBJ,departures,2026-09-01,09:20,09:06,IW1952,WON1952,ENE,Ende H. Hasan Aroeboesman Airport,Wings Air,IW,AT76,ATR 72-600,PK-WJO,Departed 10:06,2026-09-02 04:11:43
LBJ,departures,2026-09-01,09:35,09:34,QZ643,AWQ643,DPS,Denpasar Ngurah Rai International Airport,AirAsia,AK,A320,Airbus A320-216,PK-AZE,Departed 10:34,2026-09-02 04:11:43
LBJ,departures,2026-09-01,11:45,,IW1951,,KOE,Kupang El Tari Airport,Wings Air,IW,AT7,,,Unknown,2026-09-02 04:11:43
LBJ,departures,2026-09-01,11:45,12:05,IW1948,WON1948,LOP,Lombok International Airport,Wings Air,IW,AT76,ATR 72-600,PK-WJU,Departed 13:05,2026-09-02 04:11:43
LBJ,departures,2026-09-01,11:50,,IW1911,,UPG,Makassar Sultan Hasanuddin International Airport,Wings Air,IW,AT7,,,Canceled,2026-09-02 04:11:43
LBJ,departures,2026-09-01,11:55,11:53,IW1830,WON1830,ENE,Ende H. Hasan Aroeboesman Airport,Wings Air,IW,AT76,ATR 72-600,PK-WJO,Departed 12:53,2026-09-02 04:11:43
LBJ,departures,2026-09-01,12:05,12:18,QZ647,AWQ647,DPS,Denpasar Ngurah Rai International Airport,AirAsia,AK,A320,Airbus A320-216,PK-AXY,Departed 13:18,2026-09-02 04:11:43
LBJ,departures,2026-09-01,12:25,12:32,QG633,CTV633,CGK,Jakarta Soekarno Hatta International Airport,Citilink,QG,A320,Airbus A320-214,PK-GQS,Departed 13:32,2026-09-02 04:11:43
LBJ,departures,2026-09-01,12:40,12:45,ID6330,BTK6330,DPS,Denpasar Ngurah Rai International Airport,Batik Air,ID,A320,Airbus A320-214,PK-LUT,Departed 13:45,2026-09-02 04:11:43
LBJ,departures,2026-09-01,12:55,12:54,ID6527,BTK6527,CGK,Jakarta Soekarno Hatta International Airport,Batik Air,ID,A320,Airbus A320-214,PK-LUU,Departed 13:54,2026-09-02 04:11:43
LBJ,departures,2026-09-01,13:05,,IW1947,,LOP,Lombok International Airport,Wings Air,IW,AT75,ATR 72-500,PK-WFW,Unknown,2026-09-02 04:11:43
LBJ,departures,2026-09-01,13:45,15:14,IW1926,WON1926,BJW,Bajawa Turelelo Soa Airport,Wings Air,IW,AT76,ATR 72-600,PK-WGR,Departed 16:14,2026-09-02 04:11:43
LBJ,departures,2026-09-01,14:00,14:03,AK311,AXM311,KUL,Kuala Lumpur International Airport,AirAsia,AK,A20N,Airbus A320-251N,9M-RAK,Departed 15:03,2026-09-02 04:11:43
LBJ,departures,2026-09-01,14:55,14:55,QZ861,AWQ861,CGK,Jakarta Soekarno Hatta International Airport,AirAsia,AK,A320,Airbus A320-214,PK-AZI,Departed 15:55,2026-09-02 04:11:43
LBJ,departures,2026-09-01,15:05,16:00,IW1924,WON1924,KOE,Kupang El Tari Airport,Wings Air,IW,AT76,ATR 72-600,PK-WJU,Departed 17:00,2026-09-02 04:11:43
LBJ,departures,2026-09-01,16:05,16:06,IU723,SJV723,CGK,Jakarta Soekarno Hatta International Airport,Super Air Jet,IU,A320,Airbus A320-232,PK-STR,Departed 17:06,2026-09-02 04:11:43
LBJ,departures,2026-09-01,16:10,17:02,IU2725,SJV2725,SUB,Surabaya Juanda International Airport,Super Air Jet,IU,A320,Airbus A320-232,PK-SJJ,Departed 18:02,2026-09-02 04:11:43
LBJ,departures,2026-09-01,16:25,16:16,QZ649,AWQ649,DPS,Denpasar Ngurah Rai International Airport,AirAsia,AK,A320,Airbus A320-216,PK-AXY,Departed 17:16,2026-09-02 04:11:43
LBJ,departures,2026-09-01,17:10,17:10,TR293,TGW293,SIN,Singapore Changi Airport,Scoot,TR,E290,Embraer E190-E2,9V-THG,Departed 18:10,2026-09-02 04:11:43
LBJ,departures,2026-09-01,18:00,17:37,ID6334,BTK6334,DPS,Denpasar Ngurah Rai International Airport,Batik Air,ID,A320,Airbus A320-214,PK-LUT,Departed 18:37,2026-09-02 04:11:43
LOP,arrivals,2026-09-01,06:55,07:01,8B5250,TNU5250,DPS,Denpasar Ngurah Rai International Airport,TransNusa,8B,AJ27,Comac ARJ-21-700,PK-TJC,Landed 08:01,2026-09-02 04:09:28
LOP,arrivals,2026-09-01,07:00,,8B5161,,CGK,Jakarta Soekarno Hatta International Airport,TransNusa,8B,320,,,Unknown,2026-09-02 04:09:28
LOP,arrivals,2026-09-01,07:00,07:28,IW1865,WON1865,BMU,Bima Sultan Muhammad Salahudin Airport,Wings Air,IW,AT76,ATR 72-600,PK-WHP,Landed 08:28,2026-09-02 04:09:28
LOP,arrivals,2026-09-01,07:10,06:51,QG670,CTV670,SUB,Surabaya Juanda International Airport,Citilink,QG,A20N,Airbus A320-251N,PK-GTG,Landed 07:51,2026-09-02 04:09:28
LOP,arrivals,2026-09-01,07:30,07:11,JT656,LNI656,CGK,Jakarta Soekarno Hatta International Airport,Lion Air,JT,B739,Boeing 737-9GP(ER),PK-LJG,Landed 08:11,2026-09-02 04:09:28
LOP,arrivals,2026-09-01,07:55,07:52,IW1858,WON1858,DPS,Denpasar Ngurah Rai International Airport,Wings Air,IW,AT75,ATR 72-500,PK-WFW,Landed 08:52,2026-09-02 04:09:28
LOP,arrivals,2026-09-01,08:00,08:00,TR260,TGW260,SIN,Singapore Changi Airport,Scoot,TR,E290,Embraer E190-E2,9V-THI,Landed 09:00,2026-09-02 04:09:28
LOP,arrivals,2026-09-01,08:05,07:56,IW1887,WON1887,WGP,Waingapu Mau Hau Airport,Wings Air,IW,AT76,ATR 72-600,PK-WKH,Landed 08:56,2026-09-02 04:09:28
LOP,arrivals,2026-09-01,08:05,,IU718,,SUB,Surabaya Juanda International Airport,Super Air Jet,IU,320,,,Canceled,2026-09-02 04:09:28
LOP,arrivals,2026-09-01,08:15,,IP140,,CGK,Jakarta Soekarno Hatta International Airport,Pelita Air,IP,320,,,Unknown,2026-09-02 04:09:28
LOP,arrivals,2026-09-01,08:35,,IW1854,,DPS,Denpasar Ngurah Rai International Airport,Wings Air,IW,AT7,,,Canceled,2026-09-02 04:09:28
LOP,arrivals,2026-09-01,09:15,09:52,IW1848,WON1848,DPS,Denpasar Ngurah Rai International Airport,Wings Air,IW,AT76,ATR 72-600,PK-WHP,Landed 10:52,2026-09-02 04:09:28
LOP,arrivals,2026-09-01,09:30,09:28,GA432,GIA432,CGK,Jakarta Soekarno Hatta International Airport,Garuda Indonesia,GA,B738,Boeing 737-8H6,PK-GUM,Landed 10:28,2026-09-02 04:09:28
LOP,arrivals,2026-09-01,09:40,09:20,IW1950,WON1950,LBJ,Labuan Bajo Komodo Airport,Wings Air,IW,AT76,ATR 72-600,PK-WJU,Landed 10:20,2026-09-02 04:09:28
LOP,arrivals,2026-09-01,10:00,09:33,8B5252,TNU5252,DPS,Denpasar Ngurah Rai International Airport,TransNusa,8B,AJ27,Comac ARJ-21-700,PK-TJB,Landed 10:33,2026-09-02 04:09:28
LOP,arrivals,2026-09-01,10:10,10:06,JT642,LNI642,SUB,Surabaya Juanda International Airport,Lion Air,JT,B739,Boeing 737-9GP(ER),PK-LFO,Landed 11:06,2026-09-02 04:09:28
LOP,arrivals,2026-09-01,10:10,,IW1861,,SWQ,Sumbawa Besar Airport,Wings Air,IW,AT7,,,Unknown,2026-09-02 04:09:28
LOP,arrivals,2026-09-01,10:35,10:39,OD366,MXD366,KUL,Kuala Lumpur International Airport,Batik Air,ID,B738,Boeing 737-86N,9M-LDP,Landed 11:39,2026-09-02 04:09:28
LOP,arrivals,2026-09-01,11:00,10:51,QG640,CTV640,CGK,Jakarta Soekarno Hatta International Airport,Citilink,QG,A320,Airbus A320-214,PK-GLI,Landed 11:51,2026-09-02 04:09:28
LOP,arrivals,2026-09-01,11:00,11:26,IW1856,WON1856,DPS,Denpasar Ngurah Rai International Airport,Wings Air,IW,AT75,ATR 72-500,PK-WFW,Landed 12:26,2026-09-02 04:09:28
LOP,arrivals,2026-09-01,11:15,,ID7267,,KUL,Kuala Lumpur International Airport,Batik Air,ID,738,,,Unknown,2026-09-02 04:09:28
LOP,arrivals,2026-09-01,11:30,11:18,IW1964,WON1964,DPS,Denpasar Ngurah Rai International Airport,Wings Air,IW,AT76,ATR 72-600,PK-WJT,Landed 12:18,2026-09-02 04:09:28
LOP,arrivals,2026-09-01,11:30,,ID6658,,CGK,Jakarta Soekarno Hatta International Airport,Batik Air,ID,32A,,,Canceled,2026-09-02 04:09:28
LOP,arrivals,2026-09-01,12:05,,IU649,,SUB,Surabaya Juanda International Airport,Super Air Jet,IU,320,,,Unknown,2026-09-02 04:09:28
LOP,arrivals,2026-09-01,12:20,12:34,8B5254,TNU5254,DPS,Denpasar Ngurah Rai International Airport,TransNusa,8B,AJ27,Comac ARJ-21-700,PK-TJC,Landed 13:34,2026-09-02 04:09:28
LOP,arrivals,2026-09-01,12:40,,IW1885,,WGP,Waingapu Mau Hau Airport,Wings Air,IW,AT7,,,Canceled,2026-09-02 04:09:28
LOP,arrivals,2026-09-01,13:00,13:51,ID6656,BTK6656,CGK,Jakarta Soekarno Hatta International Airport,Batik Air,ID,B738,Boeing 737-86N,PK-BGZ,Landed 14:51,2026-09-02 04:09:28
LOP,arrivals,2026-09-01,13:00,12:50,GA430,GIA430,CGK,Jakarta Soekarno Hatta International Airport,Garuda Indonesia,GA,B38M,Boeing 737 MAX 8,PK-GDC,Landed 13:50,2026-09-02 04:09:28
LOP,arrivals,2026-09-01,13:05,13:08,IW1948,WON1948,LBJ,Labuan Bajo Komodo Airport,Wings Air,IW,AT76,ATR 72-600,PK-WJU,Landed 14:08,2026-09-02 04:09:28
LOP,arrivals,2026-09-01,13:10,13:12,IW1879,WON1879,BMU,Bima Sultan Muhammad Salahudin Airport,Wings Air,IW,AT76,ATR 72-600,PK-WHP,Landed 14:12,2026-09-02 04:09:28
LOP,arrivals,2026-09-01,13:35,13:29,IW1863,WON1863,SWQ,Sumbawa Besar Airport,Wings Air,IW,AT76,ATR 72-600,PK-WJT,Landed 14:29,2026-09-02 04:09:28
LOP,arrivals,2026-09-01,14:25,,IW1947,,LBJ,Labuan Bajo Komodo Airport,Wings Air,IW,AT75,ATR 72-500,PK-WFW,Unknown,2026-09-02 04:09:28
LOP,arrivals,2026-09-01,14:30,14:29,IP142,PAS142,CGK,Jakarta Soekarno Hatta International Airport,Pelita Air,IP,A320,Airbus A320-214,PK-PWH,Landed 15:29,2026-09-02 04:09:28
LOP,arrivals,2026-09-01,15:15,15:32,IU720,SJV720,SUB,Surabaya Juanda International Airport,Super Air Jet,IU,A320,Airbus A320-232,PK-SAW,Landed 16:32,2026-09-02 04:09:28
LOP,arrivals,2026-09-01,15:30,15:14,IW1850,WON1850,DPS,Denpasar Ngurah Rai International Airport,Wings Air,IW,AT76,ATR 72-600,PK-WKH,Landed 16:14,2026-09-02 04:09:28
LOP,arrivals,2026-09-01,15:50,15:39,8B5256,TNU5256,DPS,Denpasar Ngurah Rai International Airport,TransNusa,8B,AJ27,Comac ARJ-21-700,PK-TJC,Landed 16:39,2026-09-02 04:09:28
LOP,arrivals,2026-09-01,15:50,15:45,TR258,TGW258,SIN,Singapore Changi Airport,Scoot,TR,E290,Embraer E190-E2,9V-THF,Landed 16:45,2026-09-02 04:09:28
LOP,arrivals,2026-09-01,16:20,15:59,IW1852,WON1852,DPS,Denpasar Ngurah Rai International Airport,Wings Air,IW,AT76,ATR 72-600,PK-WJT,Landed 16:59,2026-09-02 04:09:28
LOP,arrivals,2026-09-01,16:45,17:23,8B5165,TNU5165,CGK,Jakarta Soekarno Hatta International Airport,TransNusa,8B,A320,Airbus A320-214,PK-TLD,Landed 18:23,2026-09-02 04:09:28
LOP,arrivals,2026-09-01,16:55,17:36,IW1962,WON1962,DPS,Denpasar Ngurah Rai International Airport,Wings Air,IW,AT76,ATR 72-600,PK-WKH,Landed 18:36,2026-09-02 04:09:28
LOP,arrivals,2026-09-01,17:45,17:29,QG672,CTV672,SUB,Surabaya Juanda International Airport,Citilink (Tiket.com Livery),QG,A320,Airbus A320-214,PK-GLZ,Landed 18:29,2026-09-02 04:09:28
LOP,arrivals,2026-09-01,18:35,17:45,8B5258,TNU5258,DPS,Denpasar Ngurah Rai International Airport,TransNusa,8B,AJ27,Comac ARJ-21-700,PK-TJC,Landed 18:45,2026-09-02 04:09:28
LOP,arrivals,2026-09-01,18:45,18:56,JT165,LNI165,KUL,Kuala Lumpur International Airport,Lion Air,JT,B739,Boeing 737-9GP(ER),PK-LFO,Landed 19:56,2026-09-02 04:09:28
LOP,arrivals,2026-09-01,18:50,18:36,IU768,SJV768,CGK,Jakarta Soekarno Hatta International Airport,Super Air Jet,IU,A320,Airbus A320-232,PK-SJL,Landed 19:36,2026-09-02 04:09:28
LOP,arrivals,2026-09-01,19:15,19:22,IU778,SJV778,YIA,Yogyakarta International Airport,Super Air Jet,IU,A320,Airbus A320-232,PK-SJT,Landed 20:22,2026-09-02 04:09:28
LOP,arrivals,2026-09-01,22:15,,RI700,,CGK,Jakarta Soekarno Hatta International Airport,Rimbun Air,RI,73Y,,,Unknown,2026-09-02 04:09:28
LOP,departures,2026-09-01,05:00,05:12,JT865,LNI865,SUB,Surabaya Juanda International Airport,Lion Air,JT,B739,Boeing 737-9GP(ER),PK-LGL,Departed 06:12,2026-09-02 04:09:55
LOP,departures,2026-09-01,05:00,,IU769,,CGK,Jakarta Soekarno Hatta International Airport,Super Air Jet,IU,320,,,Canceled,2026-09-02 04:09:55
LOP,departures,2026-09-01,05:10,,IU777,,YIA,Yogyakarta International Airport,Super Air Jet (Book Cabin Livery),IU,A320,Airbus A320-232,PK-SJO,Unknown,2026-09-02 04:09:55
LOP,departures,2026-09-01,05:10,05:22,IU777,SJV777,YIA,Yogyakarta International Airport,Super Air Jet (Book Cabin Livery),IU,A320,Airbus A320-232,PK-SJO,Departed 06:22,2026-09-02 04:09:55
LOP,departures,2026-09-01,06:00,06:09,IW1851,WON1851,DPS,Denpasar Ngurah Rai International Airport,Wings Air,IW,AT75,ATR 72-500,PK-WFW,Departed 07:09,2026-09-02 04:09:55
LOP,departures,2026-09-01,06:30,,IW1853,,DPS,Denpasar Ngurah Rai International Airport,Wings Air,IW,AT7,,,Canceled,2026-09-02 04:09:55
LOP,departures,2026-09-01,07:20,08:13,IW1859,WON1859,DPS,Denpasar Ngurah Rai International Airport,Wings Air,IW,AT76,ATR 72-600,PK-WHP,Departed 09:13,2026-09-02 04:09:55
LOP,departures,2026-09-01,07:25,07:37,8B5251,TNU5251,DPS,Denpasar Ngurah Rai International Airport,TransNusa,8B,AJ27,Comac ARJ-21-700,PK-TJC,Departed 08:37,2026-09-02 04:09:55
LOP,departures,2026-09-01,07:30,,8B5162,,CGK,Jakarta Soekarno Hatta International Airport,TransNusa,8B,320,,,Unknown,2026-09-02 04:09:55
LOP,departures,2026-09-01,07:40,07:45,QG671,CTV671,SUB,Surabaya Juanda International Airport,Citilink,QG,A20N,Airbus A320-251N,PK-GTG,Departed 08:45,2026-09-02 04:09:55
LOP,departures,2026-09-01,08:10,08:43,JT647,LNI647,CGK,Jakarta Soekarno Hatta International Airport,Lion Air,JT,B739,Boeing 737-9GP(ER),PK-LJG,Departed 09:43,2026-09-02 04:09:55
LOP,departures,2026-09-01,08:25,,IW1860,,SWQ,Sumbawa Besar Airport,Wings Air,IW,AT7,,,Unknown,2026-09-02 04:09:55
LOP,departures,2026-09-01,08:35,09:26,TR261,TGW261,SIN,Singapore Changi Airport,Scoot,TR,E290,Embraer E190-E2,9V-THI,Departed 10:26,2026-09-02 04:09:55
LOP,departures,2026-09-01,08:45,,IU719,,SUB,Surabaya Juanda International Airport,Super Air Jet,IU,320,,,Canceled,2026-09-02 04:09:55
LOP,departures,2026-09-01,08:55,09:40,IW1855,WON1855,DPS,Denpasar Ngurah Rai International Airport,Wings Air,IW,AT75,ATR 72-500,PK-WFW,Departed 10:40,2026-09-02 04:09:55
LOP,departures,2026-09-01,09:00,,IP141,,CGK,Jakarta Soekarno Hatta International Airport,Pelita Air,IP,320,,,Unknown,2026-09-02 04:09:55
LOP,departures,2026-09-01,09:35,,IW1884,,WGP,Waingapu Mau Hau Airport,Wings Air,IW,AT7,,,Canceled,2026-09-02 04:09:55
LOP,departures,2026-09-01,09:35,09:45,IW1849,WON1849,DPS,Denpasar Ngurah Rai International Airport,Wings Air,IW,AT76,ATR 72-600,PK-WKH,Departed 10:45,2026-09-02 04:09:55
LOP,departures,2026-09-01,10:05,10:10,IW1951,WON1951,LBJ,Labuan Bajo Komodo Airport,Wings Air,IW,AT76,ATR 72-600,PK-WJU,Departed 11:10,2026-09-02 04:09:55
LOP,departures,2026-09-01,10:15,10:28,GA431,GIA431,CGK,Jakarta Soekarno Hatta International Airport,Garuda Indonesia,GA,B738,Boeing 737-8H6,PK-GUM,Departed 11:28,2026-09-02 04:09:55
LOP,departures,2026-09-01,10:30,10:32,8B5253,TNU5253,DPS,Denpasar Ngurah Rai International Airport,TransNusa,8B,AJ27,Comac ARJ-21-700,PK-TJB,Departed 11:32,2026-09-02 04:09:55
LOP,departures,2026-09-01,10:45,10:53,IW1878,WON1878,BMU,Bima Sultan Muhammad Salahudin Airport,Wings Air,IW,AT76,ATR 72-600,PK-WHP,Departed 11:53,2026-09-02 04:09:55
LOP,departures,2026-09-01,11:10,11:44,JT164,LNI164,KUL,Kuala Lumpur International Airport,Lion Air,JT,B739,Boeing 737-9GP(ER),PK-LFO,Departed 12:44,2026-09-02 04:09:55
LOP,departures,2026-09-01,11:25,12:08,IW1946,,LBJ,Labuan Bajo Komodo Airport,Wings Air,IW,AT75,ATR 72-500,PK-WFW,Estimated dep 13:08*,2026-09-02 04:09:55
LOP,departures,2026-09-01,11:30,11:40,QG641,CTV641,CGK,Jakarta Soekarno Hatta International Airport,Citilink,QG,A320,Airbus A320-214,PK-GLI,Departed 12:40,2026-09-02 04:09:55
LOP,departures,2026-09-01,11:35,11:35,OD367,MXD367,KUL,Kuala Lumpur International Airport,Batik Air,ID,B738,Boeing 737-86N,9M-LDP,Departed 12:35,2026-09-02 04:09:55
LOP,departures,2026-09-01,11:55,11:59,IW1862,WON1862,SWQ,Sumbawa Besar Airport,Wings Air,IW,AT76,ATR 72-600,PK-WJT,Departed 12:59,2026-09-02 04:09:55
LOP,departures,2026-09-01,12:10,,ID6659,,CGK,Jakarta Soekarno Hatta International Airport,Batik Air,ID,32A,,,Canceled,2026-09-02 04:09:55
LOP,departures,2026-09-01,12:15,,ID7268,,KUL,Kuala Lumpur International Airport,Batik Air,ID,738,,,Unknown,2026-09-02 04:09:55
LOP,departures,2026-09-01,13:20,14:26,IW1864,WON1864,BMU,Bima Sultan Muhammad Salahudin Airport,Wings Air,IW,AT76,ATR 72-600,PK-WHP,Departed 15:26,2026-09-02 04:09:55
LOP,departures,2026-09-01,13:30,13:13,8B5255,TNU5255,DPS,Denpasar Ngurah Rai International Airport,TransNusa,8B,AJ27,Comac ARJ-21-700,PK-TJC,Departed 14:13,2026-09-02 04:09:55
LOP,departures,2026-09-01,13:30,14:00,IW1949,WON1949,LBJ,Labuan Bajo Komodo Airport,Wings Air,IW,AT76,ATR 72-600,PK-WJU,Departed 15:00,2026-09-02 04:09:55
LOP,departures,2026-09-01,13:40,14:48,ID6657,BTK6657,CGK,Jakarta Soekarno Hatta International Airport,Batik Air,ID,B738,Boeing 737-86N,PK-BGZ,Departed 15:48,2026-09-02 04:09:55
LOP,departures,2026-09-01,13:45,,IW1886,,WGP,Waingapu Mau Hau Airport,Wings Air,IW,AT7,,,Unknown,2026-09-02 04:09:55
LOP,departures,2026-09-01,13:45,13:57,GA433,GIA433,CGK,Jakarta Soekarno Hatta International Airport,Garuda Indonesia,GA,B38M,Boeing 737 MAX 8,PK-GDC,Departed 14:57,2026-09-02 04:09:55
LOP,departures,2026-09-01,14:15,14:20,IW1963,WON1963,DPS,Denpasar Ngurah Rai International Airport,Wings Air,IW,AT76,ATR 72-600,PK-WJT,Departed 15:20,2026-09-02 04:09:55
LOP,departures,2026-09-01,14:50,15:53,IW1965,WON1965,DPS,Denpasar Ngurah Rai International Airport,Wings Air,IW,AT76,ATR 72-600,PK-WKH,Departed 16:53,2026-09-02 04:09:55
LOP,departures,2026-09-01,15:15,15:20,IP143,PAS143,CGK,Jakarta Soekarno Hatta International Airport,Pelita Air,IP,A320,Airbus A320-214,PK-PWH,Departed 16:20,2026-09-02 04:09:55
LOP,departures,2026-09-01,15:55,16:38,IW1857,WON1857,DPS,Denpasar Ngurah Rai International Airport,Wings Air,IW,AT76,ATR 72-600,PK-WJT,Departed 17:38,2026-09-02 04:09:55
LOP,departures,2026-09-01,15:55,16:28,IU721,SJV721,SUB,Surabaya Juanda International Airport,Super Air Jet,IU,A320,Airbus A320-232,PK-SAW,Departed 17:28,2026-09-02 04:09:55
LOP,departures,2026-09-01,16:20,16:17,8B5257,TNU5257,DPS,Denpasar Ngurah Rai International Airport,TransNusa,8B,AJ27,Comac ARJ-21-700,PK-TJC,Departed 17:17,2026-09-02 04:09:55
LOP,departures,2026-09-01,16:25,16:34,TR259,TGW259,SIN,Singapore Changi Airport,Scoot,TR,E290,Embraer E190-E2,9V-THF,Departed 17:34,2026-09-02 04:09:55
LOP,departures,2026-09-01,17:15,18:21,8B5166,TNU5166,CGK,Jakarta Soekarno Hatta International Airport,TransNusa,8B,A320,Airbus A320-214,PK-TLD,Departed 19:21,2026-09-02 04:09:55
LOP,departures,2026-09-01,18:15,18:09,QG673,CTV673,SUB,Surabaya Juanda International Airport,Citilink (Tiket.com Livery),QG,A320,Airbus A320-214,PK-GLZ,Departed 19:09,2026-09-02 04:09:55
LOP,departures,2026-09-01,19:00,18:23,8B5259,TNU5259,DPS,Denpasar Ngurah Rai International Airport,TransNusa,8B,AJ27,Comac ARJ-21-700,PK-TJC,Departed 19:23,2026-09-02 04:09:55
LOP,departures,2026-09-01,22:50,,RI701,,CGK,Jakarta Soekarno Hatta International Airport,Rimbun Air,RI,73Y,,,Unknown,2026-09-02 04:09:55
PKU,arrivals,2026-09-01,07:00,,JT292,,CGK,Jakarta Soekarno Hatta International Airport,Lion Air,JT,7M9,,,Canceled,2026-09-02 04:05:34
PKU,arrivals,2026-09-01,07:30,07:16,QG936,CTV936,CGK,Jakarta Soekarno Hatta International Airport,Citilink,QG,A320,Airbus A320-214,PK-GQU,Landed 07:16,2026-09-02 04:05:34
PKU,arrivals,2026-09-01,08:25,08:08,IP320,PAS320,CGK,Jakarta Soekarno Hatta International Airport,Pelita Air,IP,A320,Airbus A320-216,PK-PWN,Landed 08:08,2026-09-02 04:05:34
PKU,arrivals,2026-09-01,08:45,,JT246,,BTH,Batam Hang Nadim Airport,Lion Air,JT,739,,,Canceled,2026-09-02 04:05:34
PKU,arrivals,2026-09-01,08:45,,JT239,,BTH,Batam Hang Nadim Airport,Lion Air,JT,739,,,Canceled,2026-09-02 04:05:34
PKU,arrivals,2026-09-01,09:40,09:49,ID6852,BTK6852,CGK,Jakarta Soekarno Hatta International Airport,Batik Air,ID,A320,Airbus A320-214,PK-LUH,Landed 09:49,2026-09-02 04:05:34
PKU,arrivals,2026-09-01,09:40,09:17,GA172,GIA172,CGK,Jakarta Soekarno Hatta International Airport,Garuda Indonesia,GA,B738,Boeing 737-8U3,PK-GFF,Landed 09:17,2026-09-02 04:05:34
PKU,arrivals,2026-09-01,10:30,10:07,AK431,AXM431,KUL,Kuala Lumpur International Airport,AirAsia,AK,A20N,Airbus A320-251N,9M-AGI,Landed 10:07,2026-09-02 04:05:34
PKU,arrivals,2026-09-01,11:05,10:56,QG932,CTV932,CGK,Jakarta Soekarno Hatta International Airport,Citilink,QG,A320,Airbus A320-214,PK-GQA,Landed 10:56,2026-09-02 04:05:34
PKU,arrivals,2026-09-01,11:10,,IU833,,KNO,Medan Kuala Namu International Airport,Super Air Jet,IU,320,,,Unknown,2026-09-02 04:05:34
PKU,arrivals,2026-09-01,11:25,11:38,JT982,LNI982,SUB,Surabaya Juanda International Airport,Lion Air,JT,B738,Boeing 737-8GP,PK-LJR,Landed 11:38,2026-09-02 04:05:34
PKU,arrivals,2026-09-01,11:45,11:52,JT390,LNI390,CGK,Jakarta Soekarno Hatta International Airport,Lion Air,JT,B738,Boeing 737-8GP,PK-LOQ,Landed 11:52,2026-09-02 04:05:34
PKU,arrivals,2026-09-01,12:35,,IU912,,CGK,Jakarta Soekarno Hatta International Airport,Super Air Jet,IU,320,,,Canceled,2026-09-02 04:05:34
PKU,arrivals,2026-09-01,12:40,13:28,QG934,CTV934,BTH,Batam Hang Nadim Airport,Citilink (Tiket.com Livery),QG,A320,Airbus A320-214,PK-GLW,Landed 13:28,2026-09-02 04:05:34
PKU,arrivals,2026-09-01,13:25,,SQS447,,TJB,Tanjung Balai Raja Haji Abdullah Airport,Susi Air,,CNC,,,Unknown,2026-09-02 04:05:34
PKU,arrivals,2026-09-01,13:30,13:14,IP322,PAS322,CGK,Jakarta Soekarno Hatta International Airport,Pelita Air,IP,A320,Airbus A320-216,PK-PWN,Landed 13:14,2026-09-02 04:05:34
PKU,arrivals,2026-09-01,13:40,13:37,GA174,GIA174,CGK,Jakarta Soekarno Hatta International Airport,Garuda Indonesia,GA,B738,Boeing 737-8BK,PK-GFG,Landed 13:37,2026-09-02 04:05:34
PKU,arrivals,2026-09-01,14:15,,IU866,,CGK,Jakarta Soekarno Hatta International Airport,Super Air Jet,IU,320,,,Canceled,2026-09-02 04:05:34
PKU,arrivals,2026-09-01,15:15,15:58,ID6854,BTK6854,CGK,Jakarta Soekarno Hatta International Airport,Batik Air,ID,A320,Airbus A320-232,PK-BKL,Landed 15:58,2026-09-02 04:05:34
PKU,arrivals,2026-09-01,15:35,15:14,AK429,AXM429,KUL,Kuala Lumpur International Airport,AirAsia (Longjack Orang Kampung Livery),AK,A320,Airbus A320-216,9M-AJA,Landed 15:14,2026-09-02 04:05:34
PKU,arrivals,2026-09-01,15:50,15:44,JT237,LNI237,BTH,Batam Hang Nadim Airport,Lion Air,JT,B739,Boeing 737-9GP(ER),PK-LFW,Landed 15:44,2026-09-02 04:05:34
PKU,arrivals,2026-09-01,17:00,16:54,GA176,GIA176,CGK,Jakarta Soekarno Hatta International Airport,Garuda Indonesia,GA,B738,Boeing 737-8U3,PK-GMY,Landed 16:54,2026-09-02 04:05:34
PKU,arrivals,2026-09-01,17:35,,IP324,,CGK,Jakarta Soekarno Hatta International Airport,Pelita Air,IP,320,,,Unknown,2026-09-02 04:05:34
PKU,arrivals,2026-09-01,17:50,,RI130,,CGK,Jakarta Soekarno Hatta International Airport,Rimbun Air,RI,73Y,,,Unknown,2026-09-02 04:05:34
PKU,arrivals,2026-09-01,18:10,18:05,JT161,LNI161,KUL,Kuala Lumpur International Airport,Lion Air,JT,B738,Boeing 737-8GP,PK-LOQ,Landed 18:05,2026-09-02 04:05:34
PKU,arrivals,2026-09-01,18:30,,IU837,,BTH,Batam Hang Nadim Airport,Super Air Jet,IU,320,,,Unknown,2026-09-02 04:05:34
PKU,arrivals,2026-09-01,18:35,,QG32,,HLP,Jakarta Halim Perdanakusuma Airport,Citilink,QG,A320,Airbus A320-214,PK-GLT,Unknown,2026-09-02 04:05:34
PKU,arrivals,2026-09-01,19:55,19:56,OD336,MXD336,KUL,Kuala Lumpur International Airport,Batik Air,ID,B738,Boeing 737-86N,9M-LDP,Landed 19:56,2026-09-02 04:05:34
PKU,arrivals,2026-09-01,20:00,19:47,IP328,PAS328,CGK,Jakarta Soekarno Hatta International Airport,Pelita Air,IP,A320,Airbus A320-214,PK-PWH,Landed 19:47,2026-09-02 04:05:34
PKU,arrivals,2026-09-01,20:20,20:02,JT276,LNI276,YIA,Yogyakarta International Airport,Lion Air,JT,B739,Boeing 737-9GP(ER),PK-LFY,Landed 20:02,2026-09-02 04:05:34
PKU,arrivals,2026-09-01,20:40,20:52,QG938,CTV938,CGK,Jakarta Soekarno Hatta International Airport,Citilink,QG,A320,Airbus A320-214,PK-GQM,Landed 20:52,2026-09-02 04:05:34
PKU,arrivals,2026-09-01,20:40,20:23,IU914,SJV914,CGK,Jakarta Soekarno Hatta International Airport,Super Air Jet,IU,A320,Airbus A320-232,PK-SJG,Landed 20:23,2026-09-02 04:05:34
PKU,departures,2026-09-01,06:00,06:08,IP329,PAS329,CGK,Jakarta Soekarno Hatta International Airport,Pelita Air,IP,A320,Airbus A320-232,PK-PWL,Departed 06:08,2026-09-02 04:06:04
PKU,departures,2026-09-01,06:00,06:12,IU919,SJV919,CGK,Jakarta Soekarno Hatta International Airport,Super Air Jet,IU,A320,Airbus A320-232,PK-SJH,Departed 06:12,2026-09-02 04:06:04
PKU,departures,2026-09-01,06:10,06:17,QG937,CTV937,CGK,Jakarta Soekarno Hatta International Airport,Citilink,QG,A320,Airbus A320-214,PK-GLI,Departed 06:17,2026-09-02 04:06:04
PKU,departures,2026-09-01,06:10,06:20,JT279,LNI279,YIA,Yogyakarta International Airport,Lion Air,JT,B739,Boeing 737-9GP(ER),PK-LSL,Departed 06:20,2026-09-02 04:06:04
PKU,departures,2026-09-01,07:40,,JT393,,CGK,Jakarta Soekarno Hatta International Airport,Lion Air,JT,7M9,,,Canceled,2026-09-02 04:06:04
PKU,departures,2026-09-01,08:00,08:02,QG939,CTV939,CGK,Jakarta Soekarno Hatta International Airport,Citilink,QG,A320,Airbus A320-214,PK-GQU,Departed 08:02,2026-09-02 04:06:04
PKU,departures,2026-09-01,09:05,,SQS442,,TJB,Tanjung Balai Raja Haji Abdullah Airport,Susi Air,,CNC,,,Unknown,2026-09-02 04:06:04
PKU,departures,2026-09-01,09:10,09:08,IP321,PAS321,CGK,Jakarta Soekarno Hatta International Airport,Pelita Air,IP,A320,Airbus A320-216,PK-PWN,Departed 09:08,2026-09-02 04:06:04
PKU,departures,2026-09-01,09:25,,JT238,,BTH,Batam Hang Nadim Airport,Lion Air,JT,739,,,Canceled,2026-09-02 04:06:04
PKU,departures,2026-09-01,09:30,09:29,OD337,MXD337,KUL,Kuala Lumpur International Airport,Batik Air,ID,B738,Boeing 737-8GP,9M-LNY,Departed 09:29,2026-09-02 04:06:04
PKU,departures,2026-09-01,10:20,10:50,ID6857,BTK6857,CGK,Jakarta Soekarno Hatta International Airport,Batik Air,ID,A320,Airbus A320-214,PK-LUH,Departed 10:50,2026-09-02 04:06:04
PKU,departures,2026-09-01,10:45,10:48,GA175,GIA175,CGK,Jakarta Soekarno Hatta International Airport,Garuda Indonesia,GA,B738,Boeing 737-8U3,PK-GFF,Departed 10:48,2026-09-02 04:06:04
PKU,departures,2026-09-01,10:55,11:00,AK430,AXM430,KUL,Kuala Lumpur International Airport,AirAsia,AK,A20N,Airbus A320-251N,9M-AGI,Departed 11:00,2026-09-02 04:06:04
PKU,departures,2026-09-01,11:35,11:49,QG933,CTV933,CGK,Jakarta Soekarno Hatta International Airport,Citilink,QG,A320,Airbus A320-214,PK-GQA,Departed 11:49,2026-09-02 04:06:04
PKU,departures,2026-09-01,11:50,,IU832,,KNO,Medan Kuala Namu International Airport,Super Air Jet,IU,320,,,Unknown,2026-09-02 04:06:04
PKU,departures,2026-09-01,12:10,12:37,JT983,LNI983,SUB,Surabaya Juanda International Airport,Lion Air,JT,B738,Boeing 737-8GP,PK-LJR,Departed 12:37,2026-09-02 04:06:04
PKU,departures,2026-09-01,12:45,12:57,JT160,LNI160,KUL,Kuala Lumpur International Airport,Lion Air,JT,B738,Boeing 737-8GP,PK-LOQ,Departed 12:57,2026-09-02 04:06:04
PKU,departures,2026-09-01,13:10,14:28,QG935,CTV935,BTH,Batam Hang Nadim Airport,Citilink (Tiket.com Livery),QG,A320,Airbus A320-214,PK-GLW,Departed 14:28,2026-09-02 04:06:04
PKU,departures,2026-09-01,13:15,,IU913,,CGK,Jakarta Soekarno Hatta International Airport,Super Air Jet,IU,320,,,Canceled,2026-09-02 04:06:04
PKU,departures,2026-09-01,14:20,14:23,IP323,PAS323,CGK,Jakarta Soekarno Hatta International Airport,Pelita Air,IP,A320,Airbus A320-216,PK-PWN,Departed 14:23,2026-09-02 04:06:04
PKU,departures,2026-09-01,14:25,14:35,GA177,GIA177,CGK,Jakarta Soekarno Hatta International Airport,Garuda Indonesia,GA,B738,Boeing 737-8BK,PK-GFG,Departed 14:35,2026-09-02 04:06:04
PKU,departures,2026-09-01,14:55,,IU867,,CGK,Jakarta Soekarno Hatta International Airport,Super Air Jet,IU,320,,,Unknown,2026-09-02 04:06:04
PKU,departures,2026-09-01,16:00,16:02,AK428,AXM428,KUL,Kuala Lumpur International Airport,AirAsia (Longjack Orang Kampung Livery),AK,A320,Airbus A320-216,9M-AJA,Departed 16:02,2026-09-02 04:06:04
PKU,departures,2026-09-01,16:10,16:58,ID6855,BTK6855,CGK,Jakarta Soekarno Hatta International Airport,Batik Air,ID,A320,Airbus A320-232,PK-BKL,Departed 16:58,2026-09-02 04:06:04
PKU,departures,2026-09-01,16:30,,JT247,,BTH,Batam Hang Nadim Airport,Lion Air,JT,B739,Boeing 737-9GP(ER),PK-LFW,Unknown,2026-09-02 04:06:04
PKU,departures,2026-09-01,16:30,16:41,JT236,LNI236,BTH,Batam Hang Nadim Airport,Lion Air,JT,B739,Boeing 737-9GP(ER),PK-LFW,Departed 16:41,2026-09-02 04:06:04
PKU,departures,2026-09-01,17:45,17:47,GA179,GIA179,CGK,Jakarta Soekarno Hatta International Airport,Garuda Indonesia,GA,B738,Boeing 737-8U3,PK-GMY,Departed 17:47,2026-09-02 04:06:04
PKU,departures,2026-09-01,18:20,,IP325,,CGK,Jakarta Soekarno Hatta International Airport,Pelita Air,IP,320,,,Unknown,2026-09-02 04:06:04
PKU,departures,2026-09-01,19:05,20:39,QG33,,HLP,Jakarta Halim Perdanakusuma Airport,Citilink,QG,A320,Airbus A320-214,PK-GLT,Unknown,2026-09-02 04:06:04
PKU,departures,2026-09-01,19:10,19:12,JT391,LNI391,CGK,Jakarta Soekarno Hatta International Airport,Lion Air,JT,B738,Boeing 737-8GP,PK-LOQ,Departed 19:12,2026-09-02 04:06:04
PKU,departures,2026-09-01,19:10,,IU836,,BTH,Batam Hang Nadim Airport,Super Air Jet,IU,320,,,Unknown,2026-09-02 04:06:04
PKU,departures,2026-09-01,19:50,,RI131,,CGK,Jakarta Soekarno Hatta International Airport,Rimbun Air,RI,73Y,,,Unknown,2026-09-02 04:06:04
SIN,departures,2026-09-01,00:00,00:15,TR866,TGW866,TPE,Taipei Taoyuan International Airport,Scoot (Pokémon Livery),TR,B789,Boeing 787-9 Dreamliner,9V-OJJ,Departed 01:15,2026-09-02 04:12:45
SIN,departures,2026-09-01,00:05,00:40,SQ306,SIA306,LHR,London Heathrow Airport,Singapore Airlines,SQ,A359,Airbus A350-941,9V-SMV,Departed 01:40,2026-09-02 04:12:45
SIN,departures,2026-09-01,00:10,00:29,SQ800,SIA800,PEK,Beijing Capital International Airport,Singapore Airlines,SQ,A359,Airbus A350-941,9V-SHF,Departed 01:29,2026-09-02 04:12:45
SIN,departures,2026-09-01,00:10,01:51,AQ1276,JYH1276,CAN,Guangzhou Baiyun International Airport,9 Air,AQ,B738,Boeing 737-86N,B-220Y,Departed 02:51,2026-09-02 04:12:45
SIN,departures,2026-09-01,00:15,00:32,SQ826,SIA826,PVG,Shanghai Pudong International Airport,Singapore Airlines,SQ,A359,Airbus A350-941,9V-SHO,Departed 01:32,2026-09-02 04:12:45
SIN,departures,2026-09-01,00:15,00:30,SQ478,SIA478,JNB,Johannesburg OR Tambo International Airport,Singapore Airlines,SQ,A359,Airbus A350-941,9V-SJD,Departed 01:30,2026-09-02 04:12:45
SIN,departures,2026-09-01,00:15,00:44,SC8062,CDG8062,TNA,Jinan Yaoqiang International Airport,Shandong Airlines,SC,B38M,Boeing 737 MAX 8,B-224S,Departed 01:44,2026-09-02 04:12:45
SIN,departures,2026-09-01,00:20,00:34,SQ656,SIA656,FUK,Fukuoka Airport,Singapore Airlines,SQ,B78X,Boeing 787-10 Dreamliner,9V-SCW,Departed 01:34,2026-09-02 04:12:45
SIN,departures,2026-09-01,00:20,00:52,SQ672,SIA672,NGO,Nagoya Chubu Centrair International Airport,Singapore Airlines,SQ,B78X,Boeing 787-10 Dreamliner,9V-SCU,Departed 01:52,2026-09-02 04:12:45
SIN,departures,2026-09-01,00:25,00:12,5J548,CEB548,CEB,Cebu Mactan International Airport,Cebu Pacific,5J,A320,Airbus A320-214,RP-C4104,Departed 01:12,2026-09-02 04:12:45
SIN,departures,2026-09-01,00:25,01:00,SQ618,SIA618,KIX,Osaka Kansai International Airport,Singapore Airlines,SQ,B78X,Boeing 787-10 Dreamliner,9V-SCS,Departed 02:00,2026-09-02 04:12:45
SIN,departures,2026-09-01,00:25,00:55,SQ346,SIA346,ZRH,Zurich Airport,Singapore Airlines,SQ,B77W,Boeing 777-312(ER),9V-SWV,Departed 01:55,2026-09-02 04:12:45
SIN,departures,2026-09-01,00:25,00:45,MM774,APJ774,KIX,Osaka Kansai International Airport,Peach,MM,A21N,Airbus A321-251NX(LR),JA902P,Departed 01:45,2026-09-02 04:12:45
SIN,departures,2026-09-01,00:25,01:20,KE646,KAL646,ICN,Seoul Incheon International Airport,Korean Air,KE,B77W,Boeing 777-3B5(ER),HL7203,Departed 02:20,2026-09-02 04:12:45
SIN,departures,2026-09-01,00:30,00:42,TR186,TGW186,TAO,Qingdao Jiaodong International Airport,Scoot,TR,B788,Boeing 787-8 Dreamliner,9V-OFG,Departed 01:42,2026-09-02 04:12:45
SIN,departures,2026-09-01,00:30,00:48,TR138,TGW138,TSN,Tianjin Binhai International Airport,Scoot,TR,B788,Boeing 787-8 Dreamliner,9V-OFN,Departed 01:48,2026-09-02 04:12:45
SIN,departures,2026-09-01,00:30,00:50,TR116,TGW116,CGO,Zhengzhou Xinzheng International Airport,Scoot,TR,A20N,Airbus A320-271N,9V-TNI,Departed 01:50,2026-09-02 04:12:45
SIN,departures,2026-09-01,00:30,00:58,SQ366,SIA366,FCO,Rome Leonardo da Vinci Fiumicino Airport,Singapore Airlines,SQ,A359,Airbus A350-941,9V-SML,Departed 01:58,2026-09-02 04:12:45
SIN,departures,2026-09-01,00:40,02:40,EK349,UAE349,DXB,Dubai International Airport,Emirates,EK,B77W,Boeing 777-31H(ER),A6-EBU,Departed 03:40,2026-09-02 04:12:45
SIN,departures,2026-09-01,00:45,01:08,SQ237,SIA237,MEL,Melbourne Airport,Singapore Airlines,SQ,A388,Airbus A380-841,9V-SKR,Departed 02:08,2026-09-02 04:12:45
SIN,departures,2026-09-01,00:45,01:04,CX714,CPA714,HKG,Hong Kong International Airport,Cathay Pacific,CX,A333,Airbus A330-343,B-HYJ,Departed 02:04,2026-09-02 04:12:45
SIN,departures,2026-09-01,00:50,01:02,TR588,TGW588,MNL,Manila Ninoy Aquino International Airport,Scoot,TR,A21N,Airbus A321-271NX,9V-NCH,Departed 02:02,2026-09-02 04:12:45
SIN,departures,2026-09-01,00:55,01:13,JL38,JAL38,HND,Tokyo Haneda International Airport,Japan Airlines,JL,B763,Boeing 767-346(ER),JA619J,Departed 02:13,2026-09-02 04:12:45
SIN,departures,2026-09-01,01:00,01:11,TR560,TGW560,DVO,Davao City Francisco Bangoy International Airport,Scoot,TR,A21N,Airbus A321-271NX,9V-NCJ,Departed 02:11,2026-09-02 04:12:45
SIN,departures,2026-09-01,01:00,01:06,CI756,CAL756,TPE,Taipei Taoyuan International Airport,China Airlines,CI,A21N,Airbus A321-271NX,B-18107,Departed 02:06,2026-09-02 04:12:45
SIN,departures,2026-09-01,01:10,01:54,TR10,TGW10,SYD,Sydney Kingsford Smith Airport,Scoot,TR,B789,Boeing 787-9 Dreamliner,9V-OJH,Departed 02:54,2026-09-02 04:12:45
SIN,departures,2026-09-01,01:10,01:15,SQ302,SIA302,MAN,Manchester Airport,Singapore Airlines,SQ,A359,Airbus A350-941,9V-SME,Departed 02:15,2026-09-02 04:12:45
SIN,departures,2026-09-01,01:20,01:32,SV857,SVA857,JED,Jeddah King Abdulaziz International Airport,Saudia (Esports World Cup Livery),SV,B78X,Boeing 787-10 Dreamliner,HZ-AR29,Departed 02:32,2026-09-02 04:12:45
SIN,departures,2026-09-01,01:25,01:39,SQ612,SIA612,ICN,Seoul Incheon International Airport,Singapore Airlines,SQ,A359,Airbus A350-941,9V-SHU,Departed 02:39,2026-09-02 04:12:45
SIN,departures,2026-09-01,01:30,01:46,TR58,TGW58,MEL,Melbourne Airport,Scoot,TR,B789,Boeing 787-9 Dreamliner,9V-OJI,Departed 02:46,2026-09-02 04:12:41
SIN,departures,2026-09-01,01:30,04:10,SQ314,SIA314,LGW,London Gatwick Airport,Singapore Airlines,SQ,A359,Airbus A350-941,9V-SMY,Departed 05:10,2026-09-02 04:12:41
SIN,departures,2026-09-01,01:30,01:30,MU9648,CES9648,KMG,Kunming Changshui International Airport,China Eastern Airlines,MU,B789,Boeing 787-9 Dreamliner,B-208P,Departed 02:30,2026-09-02 04:12:45
SIN,departures,2026-09-01,01:35,01:37,SQ402,SIA402,DEL,Delhi Indira Gandhi International Airport,Singapore Airlines,SQ,B78X,Boeing 787-10 Dreamliner,9V-SCD,Departed 02:37,2026-09-02 04:12:41
SIN,departures,2026-09-01,01:45,02:03,6E1008,IGO1008,TRZ,Tiruchirappalli International Airport,IndiGo,6E,A20N,Airbus A320-251N,VT-IXG,Departed 03:03,2026-09-02 04:12:41
SIN,departures,2026-09-01,01:45,02:09,TR156,TGW156,SHE,Shenyang Taoxian International Airport,Scoot,TR,B788,Boeing 787-8 Dreamliner,9V-OFM,Departed 03:09,2026-09-02 04:12:41
SIN,departures,2026-09-01,01:45,02:01,TR60,TGW60,VIE,Vienna International Airport,Scoot,TR,B788,Boeing 787-8 Dreamliner,9V-OFJ,Departed 03:01,2026-09-02 04:12:41
SIN,departures,2026-09-01,02:00,02:22,ZH236,CSZ236,SZX,Shenzhen Bao'an International Airport,Shenzhen Airlines,ZH,A320,Airbus A320-214,B-6855,Departed 03:22,2026-09-02 04:12:41
SIN,departures,2026-09-01,02:15,02:55,QR945,QTR945,DOH,Doha Hamad International Airport,Qatar Airways,QR,A359,Airbus A350-941,A7-AMH,Departed 03:55,2026-09-02 04:12:41
SIN,departures,2026-09-01,02:30,02:57,O3302,CSS302,SZX,Shenzhen Bao'an International Airport,SF Airlines,O3,B763,Boeing 767-36N(ER)(BCF),B-220H,Departed 03:57,2026-09-02 04:12:41
SIN,departures,2026-09-01,02:40,03:03,8K801,KMI801,BKK,Bangkok Suvarnabhumi Airport,K-Mile Air,8K,B734,Boeing 737-46Q(SF),HS-KMB,Departed 04:03,2026-09-02 04:12:41
SIN,departures,2026-09-01,02:40,02:51,GS7964,GCR7964,KWE,Guiyang Longdongbao International Airport,Tianjin Airlines,GS,A320,Airbus A320-232,B-1849,Departed 03:51,2026-09-02 04:12:41
SIN,departures,2026-09-01,02:55,03:02,HO1562,DKH1562,WUX,Wuxi Sunan Shuofang International Airport,Juneyao Air,HO,A20N,Airbus A320-271N,B-323D,Departed 04:02,2026-09-02 04:12:41
SIN,departures,2026-09-01,03:05,,CV9022,,LUX,Luxembourg Findel Airport,Cargolux,CV,74Y,,,Unknown,2026-09-02 04:12:41
SIN,departures,2026-09-01,03:20,,GM19,,HLP,Jakarta Halim Perdanakusuma Airport,Asia Cargo Airlines,GM,73F,,,Unknown,2026-09-02 04:12:41
SIN,departures,2026-09-01,03:30,03:39,8M238,MMA238,RGN,Yangon International Airport,Myanmar Airways International,8M,A320,Airbus A320-214,XY-ALT,Departed 04:39,2026-09-02 04:12:41
SIN,departures,2026-09-01,03:40,03:49,6E1002,IGO1002,MAA,Chennai International Airport,IndiGo,6E,A21N,Airbus A321-252NX,VT-NCI,Departed 04:49,2026-09-02 04:12:41
SIN,departures,2026-09-01,03:40,03:40,HU7910,CHH7910,HAK,Haikou Meilan International Airport,Hainan Airlines,HU,B38M,Boeing 737 MAX 8,B-225X,Departed 04:40,2026-09-02 04:12:41
SIN,departures,2026-09-01,04:05,04:17,TR456,TGW456,KUL,Kuala Lumpur International Airport,Scoot,TR,A320,Airbus A320-232,9V-TRT,Departed 05:17,2026-09-02 04:12:41
SIN,departures,2026-09-01,04:15,04:23,TR100,TGW100,CAN,Guangzhou Baiyun International Airport,Scoot,TR,B789,Boeing 787-9 Dreamliner,9V-OJA,Departed 05:23,2026-09-02 04:12:41
SIN,departures,2026-09-01,04:25,04:45,TK169,THY169,IST,Istanbul Airport,Turkish Airlines,TK,A359,Airbus A350-941,TC-LHA,Departed 05:45,2026-09-02 04:12:41
SIN,departures,2026-09-01,04:40,04:50,6E1248,IGO1248,BLR,Bengaluru Kempegowda International Airport,IndiGo,6E,A21N,Airbus A321-252NX,VT-IWQ,Departed 05:50,2026-09-02 04:12:41
SIN,departures,2026-09-01,04:40,05:38,BS308,UBG308,DAC,Dhaka Shahjalal International Airport,US-Bangla Airlines,BS,B738,Boeing 737-86N,PK-BBG,Departed 06:38,2026-09-02 04:12:41
SIN,departures,2026-09-01,04:45,04:58,TR336,TGW336,BPN,Balikpapan Sepinggan Airport,Scoot,TR,E290,Embraer E190-E2,9V-THG,Departed 05:58,2026-09-02 04:12:41
SIN,departures,2026-09-01,04:55,04:59,6E1030,IGO1030,VGA,Vijayawada Airport,IndiGo,6E,A20N,Airbus A320-251N,VT-IPF,Departed 05:59,2026-09-02 04:12:41
SIN,departures,2026-09-01,04:55,05:10,TR298,TGW298,KJT,Majalengka Kertajati International Airport,Scoot,TR,E290,Embraer E190-E2,9V-THF,Departed 06:10,2026-09-02 04:12:41
SIN,departures,2026-09-01,05:00,05:05,8K804,KMI804,CGK,Jakarta Soekarno Hatta International Airport,K-Mile Air,8K,B734,Boeing 737-43Q(SF),HS-KMA,Departed 06:05,2026-09-02 04:12:41
SIN,departures,2026-09-01,05:00,,3Y935,,SRG,Semarang Achmad Yani International Airport,My Indo Airlines,3Y,73Y,,,Unknown,2026-09-02 04:12:41
SIN,departures,2026-09-01,05:00,05:13,TR438,TGW438,KCH,Kuching International Airport,Scoot,TR,A20N,Airbus A320-271N,9V-TNK,Departed 06:13,2026-09-02 04:12:41
SIN,departures,2026-09-01,05:00,,CI5878,,SGN,Ho Chi Minh City International Airport,China Airlines,CI,77X,,,Unknown,2026-09-02 04:12:41
SIN,departures,2026-09-01,05:10,05:29,TR260,TGW260,LOP,Lombok International Airport,Scoot,TR,E290,Embraer E190-E2,9V-THI,Departed 06:29,2026-09-02 04:12:41
SIN,departures,2026-09-01,05:15,05:17,TH383,RMY383,KUL,Kuala Lumpur International Airport,Raya Airways,TH,A321,Airbus A321-231(P2F),9M-BZA,Departed 06:17,2026-09-02 04:12:41
SIN,departures,2026-09-01,05:15,05:30,NH802,AJX802,NRT,Tokyo Narita International Airport,All Nippon Airways,NH,B789,Boeing 787-9 Dreamliner,JA924A,Departed 06:30,2026-09-02 04:12:41
SIN,departures,2026-09-01,05:20,05:35,SQ950,SIA950,CGK,Jakarta Soekarno Hatta International Airport,Singapore Airlines,SQ,B77W,Boeing 777-312(ER),9V-SWT,Departed 06:35,2026-09-02 04:12:41
SIN,departures,2026-09-01,05:20,05:26,SQ934,SIA934,DPS,Denpasar Ngurah Rai International Airport,Singapore Airlines,SQ,B78X,Boeing 787-10 Dreamliner,9V-SCZ,Departed 06:26,2026-09-02 04:12:41
SIN,departures,2026-09-01,05:20,05:24,MH602,MAS602,KUL,Kuala Lumpur International Airport,Malaysia Airlines,MH,B738,Boeing 737-8H6,9M-MLO,Departed 06:24,2026-09-02 04:12:41
SIN,departures,2026-09-01,05:30,05:51,TR608,TGW608,BKK,Bangkok Suvarnabhumi Airport,Scoot,TR,A320,Airbus A320-232,9V-TRO,Departed 06:51,2026-09-02 04:12:41
SIN,departures,2026-09-01,05:35,05:32,TR480,TGW480,IPH,Ipoh Sultan Azlan Shah Airport,Scoot,TR,A320,Airbus A320-232,9V-TRU,Departed 06:32,2026-09-02 04:12:41
SIN,departures,2026-09-01,05:40,05:58,SQ706,SIA706,BKK,Bangkok Suvarnabhumi Airport,Singapore Airlines,SQ,B78X,Boeing 787-10 Dreamliner,9V-SCO,Departed 06:58,2026-09-02 04:12:41
SIN,departures,2026-09-01,05:55,06:09,TR820,TGW820,KIX,Osaka Kansai International Airport,Scoot,TR,B789,Boeing 787-9 Dreamliner,9V-OJD,Departed 07:09,2026-09-02 04:12:41
SIN,departures,2026-09-01,06:00,06:17,TR892,TGW892,TPE,Taipei Taoyuan International Airport,Scoot,TR,B788,Boeing 787-8 Dreamliner,9V-OFI,Departed 07:17,2026-09-02 04:12:41
SIN,departures,2026-09-01,06:00,06:13,TR640,TGW640,USM,Koh Samui Airport,Scoot,TR,E290,Embraer E190-E2,9V-THD,Departed 07:13,2026-09-02 04:12:41
SIN,departures,2026-09-01,06:00,06:22,TR502,TGW502,SGN,Ho Chi Minh City International Airport,Scoot,TR,A21N,Airbus A321-271NX,9V-NCM,Departed 07:22,2026-09-02 04:12:41
SIN,departures,2026-09-01,06:00,06:19,TR430,TGW430,PEN,Penang International Airport,Scoot,TR,A21N,Airbus A321-271NX,9V-NCC,Departed 07:19,2026-09-02 04:12:41
SIN,departures,2026-09-01,06:00,06:12,SQ104,SIA104,KUL,Kuala Lumpur International Airport,Singapore Airlines,SQ,B38M,Boeing 737 MAX 8,9V-MBZ,Departed 07:12,2026-09-02 04:12:41
SIN,departures,2026-09-01,06:15,06:26,SQ241,SIA241,SYD,Sydney Kingsford Smith Airport,Singapore Airlines,SQ,A359,Airbus A350-941,9V-SMH,Departed 07:26,2026-09-02 04:12:41
SIN,departures,2026-09-01,06:15,06:36,SQ213,SIA213,PER,Perth Airport,Singapore Airlines,SQ,A359,Airbus A350-941,9V-SHG,Departed 07:36,2026-09-02 04:12:41
SIN,departures,2026-09-01,06:20,06:34,SQ265,SIA265,BNE,Brisbane Airport,Singapore Airlines,SQ,A359,Airbus A350-941,9V-SHC,Departed 07:34,2026-09-02 04:12:41
SIN,departures,2026-09-01,06:20,06:37,CX710,CPA710,HKG,Hong Kong International Airport,Cathay Pacific,CX,A333,Airbus A330-343,B-LAZ,Departed 07:37,2026-09-02 04:12:41
SIN,departures,2026-09-01,06:25,06:48,SQ874,SIA874,HKG,Hong Kong International Airport,Singapore Airlines,SQ,A359,Airbus A350-941,9V-SMC,Departed 07:48,2026-09-02 04:12:41
SIN,departures,2026-09-01,06:30,06:33,TR280,TGW280,DPS,Denpasar Ngurah Rai International Airport,Scoot,TR,B788,Boeing 787-8 Dreamliner,9V-OFK,Departed 07:33,2026-09-02 04:12:41
SIN,departures,2026-09-01,06:30,,SQ990,,KNO,Medan Kuala Namu International Airport,Singapore Airlines,SQ,7M8,,,Canceled,2026-09-02 04:12:41
SIN,departures,2026-09-01,06:30,06:39,KE648,KAL648,ICN,Seoul Incheon International Airport,Korean Air,KE,A333,Airbus A330-323,HL8003,Departed 07:39,2026-09-02 04:12:41
SIN,departures,2026-09-01,06:40,07:06,SQ952,SIA952,CGK,Jakarta Soekarno Hatta International Airport,Singapore Airlines,SQ,A359,Airbus A350-941,9V-SMJ,Departed 08:06,2026-09-02 04:12:41
SIN,departures,2026-09-01,06:40,07:04,SQ632,SIA632,HND,Tokyo Haneda International Airport,Singapore Airlines,SQ,A359,Airbus A350-941,9V-SHV,Departed 08:04,2026-09-02 04:12:41
SIN,departures,2026-09-01,06:40,06:54,SQ524,SIA524,MAA,Chennai International Airport,Singapore Airlines,SQ,B38M,Boeing 737 MAX 8,9V-MBS,Departed 07:54,2026-09-02 04:12:41
SIN,departures,2026-09-01,06:40,06:55,SQ154,SIA154,KTI,Phnom Penh Techo International Airport,Singapore Airlines,SQ,B38M,Boeing 737 MAX 8,9V-MBV,Departed 07:55,2026-09-02 04:12:41
SIN,departures,2026-09-01,06:45,07:01,SQ828,SIA828,PVG,Shanghai Pudong International Airport,Singapore Airlines,SQ,B77W,Boeing 777-312(ER),9V-SWY,Departed 08:01,2026-09-02 04:12:41
SIN,departures,2026-09-01,06:50,07:14,TR274,TGW274,CGK,Jakarta Soekarno Hatta International Airport,Scoot,TR,A20N,Airbus A320-271N,9V-TNJ,Departed 08:14,2026-09-02 04:12:41
SIN,departures,2026-09-01,06:50,07:17,SQ914,SIA914,MNL,Manila Ninoy Aquino International Airport,Singapore Airlines,SQ,A359,Airbus A350-941,9V-SHP,Departed 08:17,2026-09-02 04:12:41
SIN,departures,2026-09-01,06:50,07:03,SQ922,SIA922,SUB,Surabaya Juanda International Airport,Singapore Airlines,SQ,A359,Airbus A350-941,9V-SHD,Departed 08:03,2026-09-02 04:12:41
SIN,departures,2026-09-01,06:50,07:16,SQ868,SIA868,XMN,Xiamen Gaoqi International Airport,Singapore Airlines,SQ,B38M,Boeing 737 MAX 8,9V-MBN,Departed 08:16,2026-09-02 04:12:41
SIN,departures,2026-09-01,06:50,06:52,SQ726,SIA726,HKT,Phuket International Airport,Singapore Airlines,SQ,B38M,Boeing 737 MAX 8,9V-MBD,Departed 07:52,2026-09-02 04:12:41
SIN,departures,2026-09-01,06:50,07:07,SQ422,SIA422,BOM,Mumbai Chhatrapati Shivaji International Airport,Singapore Airlines,SQ,B78X,Boeing 787-10 Dreamliner,9V-SCF,Departed 08:07,2026-09-02 04:12:41
SIN,departures,2026-09-01,06:50,07:09,SQ207,SIA207,MEL,Melbourne Airport,Singapore Airlines,SQ,A359,Airbus A350-941,9V-SMS,Departed 08:09,2026-09-02 04:12:41
SIN,departures,2026-09-01,06:55,07:13,SQ762,SIA762,RGN,Yangon International Airport,Singapore Airlines,SQ,B38M,Boeing 737 MAX 8,9V-MBW,Departed 08:13,2026-09-02 04:12:41
SIN,departures,2026-09-01,06:55,06:59,AK700,AXM700,KUL,Kuala Lumpur International Airport,AirAsia,AK,A21N,Airbus A321-251NX,9M-VAG,Departed 07:59,2026-09-02 04:12:41
SIN,departures,2026-09-01,07:00,07:12,3Y923,MYU923,CGK,Jakarta Soekarno Hatta International Airport,My Indo Airlines,3Y,B733,Boeing 737-36Q(SF),PK-MYB,Departed 08:12,2026-09-02 04:12:41
SIN,departures,2026-09-01,07:00,07:27,TG402,THA402,BKK,Bangkok Suvarnabhumi Airport,Thai Airways,TG,A320,Airbus A320-232,HS-TXP,Departed 08:27,2026-09-02 04:12:41
SIN,departures,2026-09-01,07:00,07:20,SQ850,SIA850,CAN,Guangzhou Baiyun International Airport,Singapore Airlines,SQ,B78X,Boeing 787-10 Dreamliner,9V-SDB,Departed 08:20,2026-09-02 04:12:41
SIN,departures,2026-09-01,07:00,07:24,SQ132,SIA132,PEN,Penang International Airport,Singapore Airlines,SQ,B38M,Boeing 737 MAX 8,9V-MBH,Departed 08:24,2026-09-02 04:12:41
SIN,departures,2026-09-01,07:00,07:26,CZ352,CSN352,CAN,Guangzhou Baiyun International Airport,China Southern Airlines,CZ,A21N,Airbus A321-271N,B-1091,Departed 08:26,2026-09-02 04:12:41
SIN,departures,2026-09-01,07:05,07:38,TR570,TGW570,CEB,Cebu Mactan International Airport,Scoot,TR,A21N,Airbus A321-271NX,9V-NCK,Departed 08:38,2026-09-02 04:12:41
SIN,departures,2026-09-01,07:05,07:23,TR248,TGW248,YIA,Yogyakarta International Airport,Scoot,TR,A21N,Airbus A321-271NX,9V-NCA,Departed 08:23,2026-09-02 04:12:41
SIN,departures,2026-09-01,07:05,07:19,JL712,JAL712,NRT,Tokyo Narita International Airport,Japan Airlines,JL,B763,Boeing 767-346(ER),JA607J,Departed 08:19,2026-09-02 04:12:41
SIN,departures,2026-09-01,07:10,07:35,SQ600,SIA600,ICN,Seoul Incheon International Airport,Singapore Airlines,SQ,B78X,Boeing 787-10 Dreamliner,9V-SDA,Departed 08:35,2026-09-02 04:12:41
SIN,departures,2026-09-01,07:20,07:39,TR624,TGW624,BKK,Bangkok Suvarnabhumi Airport,Scoot,TR,A21N,Airbus A321-271NX,9V-NCL,Departed 08:39,2026-09-02 04:12:41
SIN,departures,2026-09-01,07:20,07:46,TR296,TGW296,SUB,Surabaya Juanda International Airport,Scoot,TR,A20N,Airbus A320-271N,9V-TNM,Departed 08:46,2026-09-02 04:12:41
SIN,departures,2026-09-01,07:20,07:32,SQ936,SIA936,DPS,Denpasar Ngurah Rai International Airport,Singapore Airlines,SQ,B78X,Boeing 787-10 Dreamliner,9V-SCN,Departed 08:32,2026-09-02 04:12:41
SIN,departures,2026-09-01,07:20,07:29,SQ876,SIA876,TPE,Taipei Taoyuan International Airport,Singapore Airlines,SQ,B78X,Boeing 787-10 Dreamliner,9V-SCM,Departed 08:29,2026-09-02 04:12:41
SIN,departures,2026-09-01,07:25,07:34,SQ164,SIA164,SAI,Siem Reap Angkor International Airport,Singapore Airlines,SQ,B38M,Boeing 737 MAX 8,9V-MBU,Departed 08:34,2026-09-02 04:12:41
SIN,departures,2026-09-01,07:25,07:44,SQ106,SIA106,KUL,Kuala Lumpur International Airport,Singapore Airlines,SQ,A359,Airbus A350-941,9V-SMD,Departed 08:44,2026-09-02 04:12:41
SIN,departures,2026-09-01,07:25,08:15,AI2381,AIC2381,DEL,Delhi Indira Gandhi International Airport,Air India,AI,A21N,Airbus A321-251NX,VT-TVB,Departed 09:15,2026-09-02 04:12:41
SIN,departures,2026-09-01,07:30,07:53,SQ802,SIA802,PEK,Beijing Capital International Airport,Singapore Airlines,SQ,B77W,Boeing 777-312(ER),9V-SNA,Departed 08:53,2026-09-02 04:12:41
SIN,departures,2026-09-01,07:30,07:49,SQ253,SIA253,DRW,Darwin International Airport,Singapore Airlines,SQ,B38M,Boeing 737 MAX 8,9V-MBT,Departed 08:49,2026-09-02 04:12:41
SIN,departures,2026-09-01,07:30,07:47,SQ203,SIA203,CNS,Cairns Airport,Singapore Airlines,SQ,A359,Airbus A350-941,9V-SHN,Departed 08:47,2026-09-02 04:12:41
SIN,departures,2026-09-01,07:35,07:42,NZ281,ANZ281,AKL,Auckland Airport,Air New Zealand,NZ,B77W,Boeing 777-319(ER),ZK-OKR,Departed 08:42,2026-09-02 04:12:41
SIN,departures,2026-09-01,07:40,08:10,TR426,TGW426,PEN,Penang International Airport,Scoot,TR,A21N,Airbus A321-271NX,9V-NCI,Departed 09:10,2026-09-02 04:12:41
SIN,departures,2026-09-01,07:40,07:57,SQ882,SIA882,HKG,Hong Kong International Airport,Singapore Airlines,SQ,A359,Airbus A350-941,9V-SHR,Departed 08:57,2026-09-02 04:12:41
SIN,departures,2026-09-01,07:40,07:51,SQ620,SIA620,KIX,Osaka Kansai International Airport,Singapore Airlines,SQ,B78X,Boeing 787-10 Dreamliner,9V-SCQ,Departed 08:51,2026-09-02 04:12:41
SIN,departures,2026-09-01,07:40,07:59,SQ508,SIA508,BLR,Bengaluru Kempegowda International Airport,Singapore Airlines (Star Alliance Livery),SQ,B38M,Boeing 737 MAX 8,9V-MBL,Departed 08:59,2026-09-02 04:12:41
SIN,departures,2026-09-01,07:45,07:54,UA2,UAL2,SFO,San Francisco International Airport,United Airlines,UA,B789,Boeing 787-9 Dreamliner,N21102,Departed 08:54,2026-09-02 04:12:41
SIN,departures,2026-09-01,07:45,08:04,TR490,TGW490,BKI,Kota Kinabalu International Airport,Scoot,TR,A21N,Airbus A321-271NX,9V-NCB,Departed 09:04,2026-09-02 04:12:41
SIN,departures,2026-09-01,07:45,08:32,AI2106,AIC2106,BOM,Mumbai Chhatrapati Shivaji International Airport,Air India,AI,A21N,Airbus A321-251NX,VT-TVD,Departed 09:32,2026-09-02 04:12:41
SIN,departures,2026-09-01,07:50,08:00,SQ910,SIA910,MNL,Manila Ninoy Aquino International Airport,Singapore Airlines,SQ,A359,Airbus A350-941,9V-SHE,Departed 09:00,2026-09-02 04:12:41
SIN,departures,2026-09-01,07:55,08:14,MF886,CXA886,XMN,Xiamen Gaoqi International Airport,Xiamen Air (Beijing Daxing Livery),MF,B738,Boeing 737-85C,B-5656,Departed 09:14,2026-09-02 04:12:41
SIN,departures,2026-09-01,08:00,08:28,SQ308,SIA308,LHR,London Heathrow Airport,Singapore Airlines,SQ,A388,Airbus A380-841,9V-SKS,Departed 09:28,2026-09-02 04:12:41
SIN,departures,2026-09-01,08:00,08:12,SQ192,SIA192,HAN,Hanoi Noi Bai International Airport,Singapore Airlines,SQ,A359,Airbus A350-941,9V-SHY,Departed 09:12,2026-09-02 04:12:41
SIN,departures,2026-09-01,08:00,08:07,SQ148,SIA148,BWN,Brunei International Airport,Singapore Airlines,SQ,B38M,Boeing 737 MAX 8,9V-MBR,Departed 09:07,2026-09-02 04:12:41
SIN,departures,2026-09-01,08:00,08:18,SQ28,SIA28,SEA,Seattle Tacoma International Airport,Singapore Airlines,SQ,A359,Airbus A350-941,9V-SJB,Departed 09:18,2026-09-02 04:12:41
SIN,departures,2026-09-01,08:00,08:30,CA976,CCA976,PEK,Beijing Capital International Airport,Air China,CA,A333,Airbus A330-343,B-8689,Departed 09:30,2026-09-02 04:12:41
SIN,departures,2026-09-01,08:05,08:22,SQ956,SIA956,CGK,Jakarta Soekarno Hatta International Airport,Singapore Airlines,SQ,A359,Airbus A350-941,9V-SMT,Departed 09:22,2026-09-02 04:12:36
SIN,departures,2026-09-01,08:05,08:35,SQ32,SIA32,SFO,San Francisco International Airport,Singapore Airlines,SQ,A359,Airbus A350-941,9V-SJC,Departed 09:35,2026-09-02 04:12:36
SIN,departures,2026-09-01,08:10,08:41,SQ462,SIA462,CMB,Colombo Bandaranaike International Airport,Singapore Airlines,SQ,B38M,Boeing 737 MAX 8,9V-MBY,Departed 09:41,2026-09-02 04:12:36
SIN,departures,2026-09-01,08:10,08:24,SQ108,SIA108,KUL,Kuala Lumpur International Airport,Singapore Airlines,SQ,B38M,Boeing 737 MAX 8,9V-MBJ,Departed 09:24,2026-09-02 04:12:36
SIN,departures,2026-09-01,08:10,08:17,AK702,AXM702,KUL,Kuala Lumpur International Airport,AirAsia,AK,A320,Airbus A320-216,9M-AQS,Departed 09:17,2026-09-02 04:12:36
SIN,departures,2026-09-01,08:15,08:26,SQ938,SIA938,DPS,Denpasar Ngurah Rai International Airport,Singapore Airlines,SQ,B78X,Boeing 787-10 Dreamliner,9V-SCH,Departed 09:26,2026-09-02 04:12:36
SIN,departures,2026-09-01,08:15,08:34,SQ172,SIA172,DAD,Da Nang International Airport,Singapore Airlines,SQ,B38M,Boeing 737 MAX 8,9V-MBB,Departed 09:34,2026-09-02 04:12:36
SIN,departures,2026-09-01,08:20,08:39,TR660,TGW660,USM,Koh Samui Airport,Scoot,TR,E290,Embraer E190-E2,9V-THB,Departed 09:39,2026-09-02 04:12:36
SIN,departures,2026-09-01,08:20,08:41,TR450,TGW450,KUL,Kuala Lumpur International Airport,Scoot,TR,A20N,Airbus A320-271N,9V-TNF,Departed 09:41,2026-09-02 04:12:36
SIN,departures,2026-09-01,08:25,08:47,SQ7298,SIA7298,SYD,Sydney Kingsford Smith Airport,Singapore Airlines Cargo,SQ,B744,Boeing 747-412F,9V-SFK,Departed 09:47,2026-09-02 04:12:36
SIN,departures,2026-09-01,08:25,08:37,SQ12,SIA12,NRT,Tokyo Narita International Airport,Singapore Airlines,SQ,B77W,Boeing 777-312(ER),9V-SWZ,Departed 09:37,2026-09-02 04:12:36
SIN,departures,2026-09-01,08:30,08:52,TR874,TGW874,TPE,Taipei Taoyuan International Airport,Scoot,TR,B789,Boeing 787-9 Dreamliner,9V-OJG,Departed 09:52,2026-09-02 04:12:36
SIN,departures,2026-09-01,08:30,08:55,SQ830,SIA830,PVG,Shanghai Pudong International Airport,Singapore Airlines,SQ,A388,Airbus A380-841,9V-SKV,Departed 09:55,2026-09-02 04:12:36
SIN,departures,2026-09-01,08:30,08:43,SQ708,SIA708,BKK,Bangkok Suvarnabhumi Airport,Singapore Airlines,SQ,B78X,Boeing 787-10 Dreamliner,9V-SCL,Departed 09:43,2026-09-02 04:12:36
SIN,departures,2026-09-01,08:30,08:54,SQ223,SIA223,PER,Perth Airport,Singapore Airlines,SQ,A359,Airbus A350-941,9V-SHL,Departed 09:54,2026-09-02 04:12:36
SIN,departures,2026-09-01,08:35,08:49,SQ211,SIA211,SYD,Sydney Kingsford Smith Airport,Singapore Airlines,SQ,B77W,Boeing 777-312(ER),9V-SWW,Departed 09:49,2026-09-02 04:12:36
SIN,departures,2026-09-01,08:35,08:58,SQ134,SIA134,PEN,Penang International Airport,Singapore Airlines,SQ,B38M,Boeing 737 MAX 8,9V-MBG,Departed 09:58,2026-09-02 04:12:36
SIN,departures,2026-09-01,08:35,09:00,GA843,GIA843,DPS,Denpasar Ngurah Rai International Airport,Garuda Indonesia,GA,B738,Boeing 737-86N,PK-GFU,Departed 10:00,2026-09-02 04:12:36
SIN,departures,2026-09-01,08:35,08:51,GA825,GIA825,CGK,Jakarta Soekarno Hatta International Airport,Garuda Indonesia,GA,B738,Boeing 737-8U3,PK-GNH,Departed 09:51,2026-09-02 04:12:36
SIN,departures,2026-09-01,08:40,09:06,SQ178,SIA178,SGN,Ho Chi Minh City International Airport,Singapore Airlines,SQ,B78X,Boeing 787-10 Dreamliner,9V-SCI,Departed 10:06,2026-09-02 04:12:36
SIN,departures,2026-09-01,08:45,09:03,UL307,ALK307,CMB,Colombo Bandaranaike International Airport,SriLankan Airlines,UL,A320,Airbus A320-232,4R-ABT,Departed 10:03,2026-09-02 04:12:36
SIN,departures,2026-09-01,08:45,09:10,TR14,TGW14,SYD,Sydney Kingsford Smith Airport,Scoot,TR,B788,Boeing 787-8 Dreamliner,9V-OFD,Departed 10:10,2026-09-02 04:12:36
SIN,departures,2026-09-01,08:45,09:02,SQ728,SIA728,HKT,Phuket International Airport,Singapore Airlines,SQ,B38M,Boeing 737 MAX 8,9V-MBI,Departed 10:02,2026-09-02 04:12:36
SIN,departures,2026-09-01,08:45,09:15,CX658,CPA658,HKG,Hong Kong International Airport,Cathay Pacific,CX,A333,Airbus A330-343,B-LAM,Departed 10:15,2026-09-02 04:12:36
SIN,departures,2026-09-01,08:50,09:08,SQ892,SIA892,HKG,Hong Kong International Airport,Singapore Airlines,SQ,A388,Airbus A380-841,9V-SKW,Departed 10:08,2026-09-02 04:12:36
SIN,departures,2026-09-01,08:55,09:17,SQ245,SIA245,BNE,Brisbane Airport,Singapore Airlines,SQ,A359,Airbus A350-941,9V-SHS,Departed 10:17,2026-09-02 04:12:36
SIN,departures,2026-09-01,08:55,09:12,MH604,MAS604,KUL,Kuala Lumpur International Airport,Malaysia Airlines,MH,B38M,Boeing 737 MAX 8,9M-MVH,Departed 10:12,2026-09-02 04:12:36
SIN,departures,2026-09-01,09:00,09:21,TR550,TGW550,VTE,Vientiane Wattay International Airport,Scoot,TR,E290,Embraer E190-E2,9V-THJ,Departed 10:21,2026-09-02 04:12:36
SIN,departures,2026-09-01,09:00,09:05,TR276,TGW276,CGK,Jakarta Soekarno Hatta International Airport,Scoot,TR,A320,Airbus A320-232,9V-TRT,Departed 10:05,2026-09-02 04:12:36
SIN,departures,2026-09-01,09:05,09:14,PR502,PAL502,MNL,Manila Ninoy Aquino International Airport,Philippine Airlines,PR,A321,Airbus A321-231,RP-C9912,Departed 10:14,2026-09-02 04:12:36
SIN,departures,2026-09-01,09:10,09:19,QG523,CTV523,CGK,Jakarta Soekarno Hatta International Airport,Citilink (Retro Livery),QG,A320,Airbus A320-214,PK-GQI,Departed 10:19,2026-09-02 04:12:36
SIN,departures,2026-09-01,09:10,09:37,MU546,CES546,PVG,Shanghai Pudong International Airport,China Eastern Airlines,MU,A332,Airbus A330-243,B-8226,Departed 10:37,2026-09-02 04:12:36
SIN,departures,2026-09-01,09:15,09:25,TR288,TGW288,DPS,Denpasar Ngurah Rai International Airport,Scoot,TR,B789,Boeing 787-9 Dreamliner,9V-OJC,Departed 10:25,2026-09-02 04:12:36
SIN,departures,2026-09-01,09:20,09:35,SQ432,SIA432,MLE,Male Velana International Airport,"Singapore Airlines (10,000th Airbus Sticker)",SQ,A359,Airbus A350-941,9V-SMF,Departed 10:35,2026-09-02 04:12:36
SIN,departures,2026-09-01,09:20,09:32,OD802,MXD802,KUL,Kuala Lumpur International Airport,Batik Air,ID,B738,Boeing 737-8GP,9M-LDU,Departed 10:32,2026-09-02 04:12:36
SIN,departures,2026-09-01,09:20,09:33,AK704,AXM704,KUL,Kuala Lumpur International Airport,AirAsia (Watsons Livery),AK,A320,Airbus A320-214,9M-AHX,Departed 10:33,2026-09-02 04:12:36
SIN,departures,2026-09-01,09:25,09:39,TK209,THY209,IST,Istanbul Airport,Turkish Airlines,TK,B789,Boeing 787-9 Dreamliner,TC-LLK,Departed 10:39,2026-09-02 04:12:36
SIN,departures,2026-09-01,09:30,09:42,TR180,TGW180,NKG,Nanjing Lukou International Airport,Scoot,TR,B788,Boeing 787-8 Dreamliner,9V-OFC,Departed 10:42,2026-09-02 04:12:36
SIN,departures,2026-09-01,09:35,10:16,EK315,UAE315,DXB,Dubai International Airport,Emirates,EK,B77W,Boeing 777-31H(ER),A6-ECX,Departed 11:16,2026-09-02 04:12:36
SIN,departures,2026-09-01,09:45,09:55,6E1340,IGO1340,BOM,Mumbai Chhatrapati Shivaji International Airport,IndiGo,6E,A21N,Airbus A321-252NX,VT-NCA,Departed 10:55,2026-09-02 04:12:36
SIN,departures,2026-09-01,09:45,09:53,TR528,TGW528,PQC,Phu Quoc International Airport,Scoot,TR,E290,Embraer E190-E2,9V-THC,Departed 10:53,2026-09-02 04:12:36
SIN,departures,2026-09-01,09:50,10:05,5J818,CEB818,MNL,Manila Ninoy Aquino International Airport,Cebu Pacific,5J,A21N,Airbus A321-271NX,RP-C4143,Departed 11:05,2026-09-02 04:12:36
SIN,departures,2026-09-01,09:50,10:03,SQ722,SIA722,BKK,Bangkok Suvarnabhumi Airport,Singapore Airlines,SQ,B78X,Boeing 787-10 Dreamliner,9V-SCY,Departed 11:03,2026-09-02 04:12:36
SIN,departures,2026-09-01,09:50,09:51,AK733,AXM733,LGK,Langkawi International Airport,AirAsia (Resorts World Genting Livery),AK,A20N,Airbus A320-251N,9M-AGA,Departed 10:51,2026-09-02 04:12:36
SIN,departures,2026-09-01,09:50,10:02,AF181,AFR181,CDG,Paris Charles de Gaulle Airport,Air France,AF,B789,Boeing 787-9 Dreamliner,F-HRBG,Departed 11:02,2026-09-02 04:12:36
SIN,departures,2026-09-01,09:55,09:57,8B552,TNU552,DPS,Denpasar Ngurah Rai International Airport,TransNusa,8B,A320,Airbus A320-214,PK-TLP,Departed 10:57,2026-09-02 04:12:36
SIN,departures,2026-09-01,10:00,10:19,SQ900,SIA900,CEB,Cebu Mactan International Airport,Singapore Airlines,SQ,B38M,Boeing 737 MAX 8,9V-MBQ,Departed 11:19,2026-09-02 04:12:36
SIN,departures,2026-09-01,10:05,10:33,TR38,TGW38,MEL,Melbourne Airport,Scoot,TR,B789,Boeing 787-9 Dreamliner,9V-OJE,Departed 11:33,2026-09-02 04:12:36
SIN,departures,2026-09-01,10:05,10:14,NH842,ANA842,HND,Tokyo Haneda International Airport,All Nippon Airways,NH,B789,Boeing 787-9 Dreamliner,JA890A,Departed 11:14,2026-09-02 04:12:36
SIN,departures,2026-09-01,10:05,10:11,MH614,MAS614,KUL,Kuala Lumpur International Airport,Malaysia Airlines,MH,B738,Boeing 737-8H6,9M-MLT,Departed 11:11,2026-09-02 04:12:36
SIN,departures,2026-09-01,10:10,10:27,SQ334,SIA334,AMS,Amsterdam Schiphol Airport,Singapore Airlines,SQ,A359,Airbus A350-941,9V-SJI,Departed 11:27,2026-09-02 04:12:36
SIN,departures,2026-09-01,10:10,10:25,SQ217,SIA217,MEL,Melbourne Airport,Singapore Airlines,SQ,A359,Airbus A350-941,9V-SHT,Departed 11:25,2026-09-02 04:12:36
SIN,departures,2026-09-01,10:10,10:30,SB741,ACI741,NOU,Noumea La Tontouta International Airport,Aircalin,SB,A339,Airbus A330-941,F-ONET,Departed 11:30,2026-09-02 04:12:36
SIN,departures,2026-09-01,10:10,10:07,IP989,PAS989,CGK,Jakarta Soekarno Hatta International Airport,Pelita Air,IP,A320,Airbus A320-214,PK-PWC,Departed 11:07,2026-09-02 04:12:36
SIN,departures,2026-09-01,10:15,10:32,VJ970,VJC970,DAD,Da Nang International Airport,VietJet Air,VJ,A321,Airbus A321-211,VN-A630,Departed 11:32,2026-09-02 04:12:36
SIN,departures,2026-09-01,10:30,10:43,ID7154,BTK7154,CGK,Jakarta Soekarno Hatta International Airport,Batik Air,ID,A320,Airbus A320-232,PK-BKR,Departed 11:43,2026-09-02 04:12:36
SIN,departures,2026-09-01,10:40,10:57,IX689,AXB689,TRZ,Tiruchirappalli International Airport,Air India Express (Mehrangarh Fort-Mysore Livery),IX,B738,Boeing 737-8HG,VT-AXM,Departed 11:57,2026-09-02 04:12:36
SIN,departures,2026-09-01,10:45,10:48,8B152,TNU152,CGK,Jakarta Soekarno Hatta International Airport,TransNusa,8B,A321,Airbus A321-211,PK-TLK,Departed 11:48,2026-09-02 04:12:36
SIN,departures,2026-09-01,10:45,11:07,SQ878,SIA878,TPE,Taipei Taoyuan International Airport,Singapore Airlines,SQ,B78X,Boeing 787-10 Dreamliner,9V-SCR,Departed 12:07,2026-09-02 04:12:36
SIN,departures,2026-09-01,10:45,10:51,AK1776,AXM1776,KCH,Kuching International Airport,AirAsia,AK,A320,Airbus A320-216,9M-AQP,Departed 11:51,2026-09-02 04:12:36
SIN,departures,2026-09-01,10:55,11:06,SQ912,SIA912,MNL,Manila Ninoy Aquino International Airport,Singapore Airlines,SQ,B38M,Boeing 737 MAX 8,9V-MBO,Departed 12:06,2026-09-02 04:12:36
SIN,departures,2026-09-01,11:00,11:32,TR8,TGW8,PER,Perth Airport,Scoot,TR,B788,Boeing 787-8 Dreamliner,9V-OFL,Departed 12:32,2026-09-02 04:12:36
SIN,departures,2026-09-01,11:05,11:18,TR474,TGW474,SZB,Kuala Lumpur Subang Airport,Scoot,TR,A320,Airbus A320-232,9V-TRV,Departed 12:18,2026-09-02 04:12:36
SIN,departures,2026-09-01,11:10,11:29,TR644,TGW644,HKT,Phuket International Airport,Scoot,TR,A21N,Airbus A321-271NX,9V-NCF,Departed 12:29,2026-09-02 04:12:36
SIN,departures,2026-09-01,11:10,11:20,SQ24,SIA24,JFK,New York John F. Kennedy International Airport,Singapore Airlines,SQ,A359,Airbus A350-941,9V-SGB,Departed 12:20,2026-09-02 04:12:36
SIN,departures,2026-09-01,11:10,11:24,AK706,AXM706,KUL,Kuala Lumpur International Airport,AirAsia,AK,A21N,Airbus A321-251NX,9M-VAB,Departed 12:24,2026-09-02 04:12:36
SIN,departures,2026-09-01,11:15,11:26,TR646,TGW646,HDY,Hat Yai International Airport,Scoot,TR,E290,Embraer E190-E2,9V-THD,Departed 12:26,2026-09-02 04:12:36
SIN,departures,2026-09-01,11:15,11:23,MH628,MAS628,KUL,Kuala Lumpur International Airport,Malaysia Airlines,MH,B738,Boeing 737-8H6,9M-MLU,Departed 12:23,2026-09-02 04:12:36
SIN,departures,2026-09-01,11:25,11:36,TG404,THA404,BKK,Bangkok Suvarnabhumi Airport,Thai Airways,TG,A359,Airbus A350-941,HS-THC,Departed 12:36,2026-09-02 04:12:36
SIN,departures,2026-09-01,11:25,11:37,SQ842,SIA842,TFU,Chengdu Tianfu International Airport,Singapore Airlines (1000th 787 Dreamliner Sticker),SQ,B78X,Boeing 787-10 Dreamliner,9V-SCP,Departed 12:37,2026-09-02 04:12:36
SIN,departures,2026-09-01,11:25,11:45,SQ156,SIA156,KTI,Phnom Penh Techo International Airport,Singapore Airlines,SQ,B38M,Boeing 737 MAX 8,9V-MBP,Departed 12:45,2026-09-02 04:12:36
SIN,departures,2026-09-01,11:25,11:34,SQ114,SIA114,KUL,Kuala Lumpur International Airport,Singapore Airlines,SQ,B38M,Boeing 737 MAX 8,9V-MBZ,Departed 12:34,2026-09-02 04:12:36
SIN,departures,2026-09-01,11:25,11:42,GA829,GIA829,CGK,Jakarta Soekarno Hatta International Airport,Garuda Indonesia,GA,B738,Boeing 737-81M,PK-GUA,Departed 12:42,2026-09-02 04:12:36
SIN,departures,2026-09-01,11:30,11:47,SQ7922,SIA7922,HKG,Hong Kong International Airport,Singapore Airlines Cargo,SQ,B744,Boeing 747-412F,9V-SFI,Departed 12:47,2026-09-02 04:12:36
SIN,departures,2026-09-01,11:30,12:46,OD804,MXD804,KUL,Kuala Lumpur International Airport,Batik Air,ID,B38M,Boeing 737 MAX 8,9M-LRJ,Departed 13:46,2026-09-02 04:12:36
SIN,departures,2026-09-01,11:35,11:44,TR484,TGW484,IPH,Ipoh Sultan Azlan Shah Airport,Scoot,TR,A320,Airbus A320-232,9V-TRU,Departed 12:44,2026-09-02 04:12:36
SIN,departures,2026-09-01,11:35,11:50,TR308,TGW308,CGK,Jakarta Soekarno Hatta International Airport,Scoot,TR,A320,Airbus A320-232,9V-TRP,Departed 12:50,2026-09-02 04:12:36
SIN,departures,2026-09-01,11:35,11:55,SQ958,SIA958,CGK,Jakarta Soekarno Hatta International Airport,Singapore Airlines,SQ,A359,Airbus A350-941,9V-SMU,Departed 12:55,2026-09-02 04:12:36
SIN,departures,2026-09-01,11:35,11:51,SQ832,SIA832,PVG,Shanghai Pudong International Airport,Singapore Airlines,SQ,B78X,Boeing 787-10 Dreamliner,9V-SCC,Departed 12:51,2026-09-02 04:12:36
SIN,departures,2026-09-01,11:35,12:22,SQ326,SIA326,FRA,Frankfurt Airport,Singapore Airlines,SQ,A388,Airbus A380-841,9V-SKP,Departed 13:22,2026-09-02 04:12:36
SIN,departures,2026-09-01,11:35,12:05,SQ318,SIA318,LHR,London Heathrow Airport,Singapore Airlines (Star Alliance Livery),SQ,B77W,Boeing 777-312(ER),9V-SWM,Departed 13:05,2026-09-02 04:12:36
SIN,departures,2026-09-01,11:40,12:09,MU5082,CES5082,KMG,Kunming Changshui International Airport,China Eastern Airlines,MU,B38M,Boeing 737 MAX 8,B-1380,Departed 13:09,2026-09-02 04:12:36
SIN,departures,2026-09-01,11:45,11:54,SQ710,SIA710,BKK,Bangkok Suvarnabhumi Airport,Singapore Airlines,SQ,B78X,Boeing 787-10 Dreamliner,9V-SCJ,Departed 12:54,2026-09-02 04:12:36
SIN,departures,2026-09-01,11:45,12:38,SQ196,SIA196,HAN,Hanoi Noi Bai International Airport,Singapore Airlines,SQ,B38M,Boeing 737 MAX 8,9V-MBA,Departed 13:38,2026-09-02 04:12:36
SIN,departures,2026-09-01,11:45,12:02,CX652,CPA652,HKG,Hong Kong International Airport,Cathay Pacific (80th Years Together Stricker),CX,A359,Airbus A350-941,B-LRP,Departed 13:02,2026-09-02 04:12:36
SIN,departures,2026-09-01,11:50,12:14,TR638,TGW638,BKK,Bangkok Suvarnabhumi Airport,Scoot,TR,A21N,Airbus A321-271NX,9V-NCC,Departed 13:14,2026-09-02 04:12:36
SIN,departures,2026-09-01,12:00,12:06,SQ136,SIA136,PEN,Penang International Airport,Singapore Airlines,SQ,B38M,Boeing 737 MAX 8,9V-MBC,Departed 13:06,2026-09-02 04:12:36
SIN,departures,2026-09-01,12:05,12:35,VN660,HVN660,HAN,Hanoi Noi Bai International Airport,Vietnam Airlines,VN,A321,Airbus A321-231,VN-A353,Departed 13:35,2026-09-02 04:12:36
SIN,departures,2026-09-01,12:05,12:12,VJ984,VJC984,PQC,Phu Quoc International Airport,VietJet Air,VJ,A321,Airbus A321-231,VN-A643,Departed 13:12,2026-09-02 04:12:36
SIN,departures,2026-09-01,12:05,12:28,SQ894,SIA894,HKG,Hong Kong International Airport,Singapore Airlines,SQ,B77W,Boeing 777-312(ER),9V-SWT,Departed 13:28,2026-09-02 04:12:36
SIN,departures,2026-09-01,12:10,12:26,VN650,HVN650,SGN,Ho Chi Minh City International Airport,Vietnam Airlines,VN,A321,Airbus A321-231,VN-A604,Departed 13:26,2026-09-02 04:12:36
SIN,departures,2026-09-01,12:10,12:24,BR226,EVA226,TPE,Taipei Taoyuan International Airport,EVA Air,BR,B77W,Boeing 777-36N(ER),B-16728,Departed 13:24,2026-09-02 04:12:36
SIN,departures,2026-09-01,12:10,12:36,AI2116,AIC2116,DEL,Delhi Indira Gandhi International Airport,Air India,AI,A21N,Airbus A321-251NX,VT-TVE,Departed 13:36,2026-09-02 04:12:36
SIN,departures,2026-09-01,12:15,12:53,SQ7354,SIA7354,HKG,Hong Kong International Airport,Singapore Airlines Cargo,SQ,B744,Boeing 747-412F,9V-SFP,Departed 13:53,2026-09-02 04:12:36
SIN,departures,2026-09-01,12:15,12:40,SQ732,SIA732,HKT,Phuket International Airport,Singapore Airlines,SQ,B38M,Boeing 737 MAX 8,9V-MBH,Departed 13:40,2026-09-02 04:12:36
SIN,departures,2026-09-01,12:25,12:44,TR552,TGW552,SGN,Ho Chi Minh City International Airport,Scoot,TR,A21N,Airbus A321-271NX,9V-NCH,Departed 13:44,2026-09-02 04:12:36
SIN,departures,2026-09-01,12:25,,SQ7364,,HKG,Hong Kong International Airport,Singapore Airlines,SQ,74Y,,,Unknown,2026-09-02 04:12:36
SIN,departures,2026-09-01,12:25,13:00,CZ8118,CSN8118,SZX,Shenzhen Bao'an International Airport,China Southern Airlines,CZ,A21N,Airbus A321-251NX,B-32L1,Departed 14:00,2026-09-02 04:12:36
SIN,departures,2026-09-01,12:25,12:42,CX758,CPA758,HKG,Hong Kong International Airport,Cathay Pacific,CX,A333,Airbus A330-343,B-HYI,Departed 13:42,2026-09-02 04:12:36
SIN,departures,2026-09-01,12:30,22:45,RH372,HKC372,HKG,Hong Kong International Airport,Hong Kong Air Cargo,RH,A332,Airbus A330-243(P2F),B-LMA,Departed 23:45,2026-09-02 04:12:33
SIN,departures,2026-09-01,12:30,13:04,ZH240,CSZ240,SZX,Shenzhen Bao'an International Airport,Shenzhen Airlines,ZH,B38M,Boeing 737 MAX 8,B-20ES,Departed 14:04,2026-09-02 04:12:33
SIN,departures,2026-09-01,12:30,12:51,SQ916,SIA916,MNL,Manila Ninoy Aquino International Airport,Singapore Airlines,SQ,A359,Airbus A350-941,9V-SHM,Departed 13:51,2026-09-02 04:12:33
SIN,departures,2026-09-01,12:30,12:47,SQ184,SIA184,SGN,Ho Chi Minh City International Airport,Singapore Airlines,SQ,A359,Airbus A350-941,9V-SJA,Departed 13:47,2026-09-02 04:12:36
SIN,departures,2026-09-01,12:35,13:08,SQ338,SIA338,CDG,Paris Charles de Gaulle Airport,Singapore Airlines,SQ,A359,Airbus A350-941,9V-SMJ,Departed 14:08,2026-09-02 04:12:33
SIN,departures,2026-09-01,12:35,12:56,AK710,AXM710,KUL,Kuala Lumpur International Airport,AirAsia,AK,A320,Airbus A320-214,9M-AJT,Departed 13:56,2026-09-02 04:12:33
SIN,departures,2026-09-01,12:40,12:49,TR476,TGW476,LGK,Langkawi International Airport,Scoot,TR,A20N,Airbus A320-271N,9V-TNL,Departed 13:49,2026-09-02 04:12:33
SIN,departures,2026-09-01,12:40,12:58,SQ764,SIA764,RGN,Yangon International Airport,Singapore Airlines,SQ,B38M,Boeing 737 MAX 8,9V-MBD,Departed 13:58,2026-09-02 04:12:33
SIN,departures,2026-09-01,12:40,12:55,MH606,MAS606,KUL,Kuala Lumpur International Airport,Malaysia Airlines,MH,B738,Boeing 737-8H6,9M-MXL,Departed 13:55,2026-09-02 04:12:33
SIN,departures,2026-09-01,12:45,13:33,CZ354,CSN354,CAN,Guangzhou Baiyun International Airport,China Southern Airlines,CZ,B789,Boeing 787-9 Dreamliner,B-20E8,Departed 14:33,2026-09-02 04:12:33
SIN,departures,2026-09-01,12:50,13:02,8M232,MMA232,RGN,Yangon International Airport,Myanmar Airways International,8M,A320,Airbus A320-214,XY-ALJ,Departed 14:02,2026-09-02 04:12:33
SIN,departures,2026-09-01,12:50,13:13,TR904,TGW904,MFM,Macau International Airport,Scoot,TR,A20N,Airbus A320-271N,9V-TNK,Departed 14:13,2026-09-02 04:12:33
SIN,departures,2026-09-01,12:50,13:29,AK1722,AXM1722,PEN,Penang International Airport,AirAsia,AK,A320,Airbus A320-216,9M-DAF,Departed 14:29,2026-09-02 04:12:33
SIN,departures,2026-09-01,12:55,13:11,SQ634,SIA634,HND,Tokyo Haneda International Airport,Singapore Airlines,SQ,B78X,Boeing 787-10 Dreamliner,9V-SCV,Departed 14:11,2026-09-02 04:12:33
SIN,departures,2026-09-01,13:00,13:15,TR258,TGW258,LOP,Lombok International Airport,Scoot,TR,E290,Embraer E190-E2,9V-THF,Departed 14:15,2026-09-02 04:12:33
SIN,departures,2026-09-01,13:00,13:23,TR242,TGW242,DPS,Denpasar Ngurah Rai International Airport,Scoot,TR,A21N,Airbus A321-271NX,9V-NCN,Departed 14:23,2026-09-02 04:12:33
SIN,departures,2026-09-01,13:00,13:28,SQ174,SIA174,DAD,Da Nang International Airport,Singapore Airlines,SQ,B38M,Boeing 737 MAX 8,9V-MBV,Departed 14:28,2026-09-02 04:12:33
SIN,departures,2026-09-01,13:10,13:25,TR292,TGW292,LBJ,Labuan Bajo Komodo Airport,Scoot,TR,E290,Embraer E190-E2,9V-THG,Departed 14:25,2026-09-02 04:12:33
SIN,departures,2026-09-01,13:10,13:16,SQ622,SIA622,KIX,Osaka Kansai International Airport,Singapore Airlines,SQ,B78X,Boeing 787-10 Dreamliner,9V-SCO,Departed 14:16,2026-09-02 04:12:33
SIN,departures,2026-09-01,13:10,13:41,JX772,SJX772,TPE,Taipei Taoyuan International Airport,STARLUX,JX,A359,Airbus A350-941,B-58510,Departed 14:41,2026-09-02 04:12:33
SIN,departures,2026-09-01,13:10,13:21,AK712,AXM712,KUL,Kuala Lumpur International Airport,AirAsia,AK,A20N,Airbus A320-251N,9M-AGO,Departed 14:21,2026-09-02 04:12:33
SIN,departures,2026-09-01,13:15,13:18,8B554,TNU554,DPS,Denpasar Ngurah Rai International Airport,TransNusa,8B,A320,Airbus A320-214,PK-TLA,Departed 14:18,2026-09-02 04:12:33
SIN,departures,2026-09-01,13:15,13:40,SQ482,SIA482,JNB,Johannesburg OR Tambo International Airport,Singapore Airlines,SQ,A359,Airbus A350-941,9V-SMD,Departed 14:40,2026-09-02 04:12:33
SIN,departures,2026-09-01,13:15,13:43,MU2070,CES2070,XIY,Xi'an Xianyang International Airport,China Eastern Airlines,MU,A20N,Airbus A320-251N,B-32A9,Departed 14:43,2026-09-02 04:12:33
SIN,departures,2026-09-01,13:20,13:36,SQ926,SIA926,SUB,Surabaya Juanda International Airport,Singapore Airlines,SQ,B38M,Boeing 737 MAX 8,9V-MBE,Departed 14:36,2026-09-02 04:12:33
SIN,departures,2026-09-01,13:25,13:48,TR230,TGW230,UPG,Makassar Sultan Hasanuddin International Airport,Scoot,TR,A20N,Airbus A320-271N,9V-TNF,Departed 14:48,2026-09-02 04:12:33
SIN,departures,2026-09-01,13:25,14:01,TR128,TGW128,SWA,Jieyang Chaoshan International Airport,Scoot,TR,A21N,Airbus A321-271NX,9V-NCM,Departed 15:01,2026-09-02 04:12:33
SIN,departures,2026-09-01,13:30,13:59,TR674,TGW674,CNX,Chiang Mai International Airport,Scoot,TR,A21N,Airbus A321-271NX,9V-NCI,Departed 14:59,2026-09-02 04:12:33
SIN,departures,2026-09-01,13:30,13:38,SQ116,SIA116,KUL,Kuala Lumpur International Airport,Singapore Airlines,SQ,B38M,Boeing 737 MAX 8,9V-MBJ,Departed 14:38,2026-09-02 04:12:33
SIN,departures,2026-09-01,13:30,13:50,PR508,PAL508,MNL,Manila Ninoy Aquino International Airport,Philippine Airlines,PR,A321,Airbus A321-231,RP-C9901,Departed 14:50,2026-09-02 04:12:33
SIN,departures,2026-09-01,13:40,14:03,TR590,TGW590,MNL,Manila Ninoy Aquino International Airport,Scoot,TR,A21N,Airbus A321-271NX,9V-NCJ,Departed 15:03,2026-09-02 04:12:33
SIN,departures,2026-09-01,13:40,13:56,FD356,AIQ356,DMK,Bangkok Don Mueang International Airport,AirAsia,AK,A21N,Airbus A321-251NX,HS-EAC,Departed 14:56,2026-09-02 04:12:33
SIN,departures,2026-09-01,13:45,,TR244,,KNO,Medan Kuala Namu International Airport,Scoot,TR,32Q,,,Canceled,2026-09-02 04:12:33
SIN,departures,2026-09-01,13:45,13:52,ID7156,BTK7156,CGK,Jakarta Soekarno Hatta International Airport,Batik Air,ID,A320,Airbus A320-232,PK-BKO,Departed 14:52,2026-09-02 04:12:33
SIN,departures,2026-09-01,13:50,14:10,MF8704,CXA8704,HGH,Hangzhou Xiaoshan International Airport,Xiamen Air,MF,B738,Boeing 737-85C,B-5655,Departed 15:10,2026-09-02 04:12:33
SIN,departures,2026-09-01,13:55,22:46,5Y3035,GTI3035,TPE,Taipei Taoyuan International Airport,MSC Air Cargo,CP,B77L,Boeing 777-F,N709GT,Departed 23:46,2026-09-02 04:12:33
SIN,departures,2026-09-01,13:55,14:18,VJ916,VJC916,HAN,Hanoi Noi Bai International Airport,VietJet Air,VJ,A321,Airbus A321-211,VN-A636,Departed 15:18,2026-09-02 04:12:33
SIN,departures,2026-09-01,13:55,14:19,TR424,TGW424,PEN,Penang International Airport,Scoot,TR,A21N,Airbus A321-271NX,9V-NCA,Departed 15:19,2026-09-02 04:12:33
SIN,departures,2026-09-01,13:55,14:14,SQ606,SIA606,ICN,Seoul Incheon International Airport,Singapore Airlines,SQ,A359,Airbus A350-941,9V-SHO,Departed 15:14,2026-09-02 04:12:33
SIN,departures,2026-09-01,14:00,14:07,SQ194,SIA194,HAN,Hanoi Noi Bai International Airport,Singapore Airlines,SQ,B38M,Boeing 737 MAX 8,9V-MBU,Departed 15:07,2026-09-02 04:12:33
SIN,departures,2026-09-01,14:05,14:35,MF866,CXA866,FOC,Fuzhou Changle International Airport,Xiamen Air,MF,A21N,Airbus A321-251NX,B-32GA,Departed 15:35,2026-09-02 04:12:33
SIN,departures,2026-09-01,14:10,14:16,7L634,AZG634,GYD,Baku Heydar Aliyev International Airport,Silk Way West Airlines,7L,B744,Boeing 747-4R7F,4K-SW888,Departed 15:16,2026-09-02 04:12:33
SIN,departures,2026-09-01,14:10,14:24,SQ960,SIA960,CGK,Jakarta Soekarno Hatta International Airport,Singapore Airlines,SQ,A359,Airbus A350-941,9V-SHD,Departed 15:24,2026-09-02 04:12:33
SIN,departures,2026-09-01,14:15,14:48,MF852,CXA852,XMN,Xiamen Gaoqi International Airport,Xiamen Air,MF,A21N,Airbus A321-251NX,B-32CU,Departed 15:48,2026-09-02 04:12:33
SIN,departures,2026-09-01,14:20,14:39,BR216,EVA216,TPE,Taipei Taoyuan International Airport,EVA Air,BR,B77W,Boeing 777-35E(ER),B-16717,Departed 15:39,2026-09-02 04:12:33
SIN,departures,2026-09-01,14:20,16:31,AK1774,AXM1774,KCH,Kuching International Airport,AirAsia,AK,A320,Airbus A320-216,9M-AGP,Departed 17:31,2026-09-02 04:12:33
SIN,departures,2026-09-01,14:25,14:29,TR486,TGW486,IPH,Ipoh Sultan Azlan Shah Airport,Scoot,TR,A20N,Airbus A320-271N,9V-TNJ,Departed 15:29,2026-09-02 04:12:33
SIN,departures,2026-09-01,14:30,15:09,8B154,TNU154,CGK,Jakarta Soekarno Hatta International Airport,TransNusa,8B,A321,Airbus A321-211,PK-TLM,Departed 16:09,2026-09-02 04:12:33
SIN,departures,2026-09-01,14:35,14:49,MH624,MAS624,KUL,Kuala Lumpur International Airport,Malaysia Airlines (Retro Livery),MH,B738,Boeing 737-8H6,9M-MLV,Departed 15:49,2026-09-02 04:12:33
SIN,departures,2026-09-01,14:40,14:52,TR684,TGW684,KBV,Krabi Airport,Scoot,TR,E290,Embraer E190-E2,9V-THH,Departed 15:52,2026-09-02 04:12:33
SIN,departures,2026-09-01,14:40,14:58,TR518,TGW518,DAD,Da Nang International Airport,Scoot,TR,A21N,Airbus A321-271NX,9V-NCL,Departed 15:58,2026-09-02 04:12:33
SIN,departures,2026-09-01,14:40,18:31,EK348,UAE348,KTI,Phnom Penh Techo International Airport,Emirates,EK,B77W,Boeing 777-31H(ER),A6-EGZ,Departed 19:31,2026-09-02 04:12:33
SIN,departures,2026-09-01,14:45,14:59,SQ712,SIA712,BKK,Bangkok Suvarnabhumi Airport,Singapore Airlines,SQ,B78X,Boeing 787-10 Dreamliner,9V-SCE,Departed 15:59,2026-09-02 04:12:33
SIN,departures,2026-09-01,14:45,14:46,MU770,CES770,HFE,Hefei Xinqiao International Airport,China Eastern Airlines,MU,A20N,Airbus A320-251N,B-308Z,Departed 15:46,2026-09-02 04:12:33
SIN,departures,2026-09-01,14:45,15:08,GA833,GIA833,CGK,Jakarta Soekarno Hatta International Airport,Garuda Indonesia,GA,B738,Boeing 737-8U3,PK-GNH,Departed 16:08,2026-09-02 04:12:33
SIN,departures,2026-09-01,14:50,15:02,VN662,HVN662,HAN,Hanoi Noi Bai International Airport,Vietnam Airlines,VN,A21N,Airbus A321-272N,VN-A625,Departed 16:02,2026-09-02 04:12:33
SIN,departures,2026-09-01,14:50,15:46,ET638,ETH638,KUL,Kuala Lumpur International Airport,Ethiopian Airlines,ET,A359,Airbus A350-941,ET-AVD,Departed 16:46,2026-09-02 04:12:33
SIN,departures,2026-09-01,14:50,15:16,BG585,BBC585,DAC,Dhaka Shahjalal International Airport,Biman Bangladesh Airlines,BG,B789,Boeing 787-9 Dreamliner,S2-AJX,Departed 16:16,2026-09-02 04:12:33
SIN,departures,2026-09-01,14:55,15:11,TG414,THA414,BKK,Bangkok Suvarnabhumi Airport,Thai Airways,TG,A21N,Airbus A321-251NX,HS-TOI,Departed 16:11,2026-09-02 04:12:33
SIN,departures,2026-09-01,14:55,15:03,SQ138,SIA138,PEN,Penang International Airport,Singapore Airlines,SQ,B38M,Boeing 737 MAX 8,9V-MBG,Departed 16:03,2026-09-02 04:12:33
SIN,departures,2026-09-01,15:00,15:22,TR516,TGW516,SGN,Ho Chi Minh City International Airport,Scoot,TR,A21N,Airbus A321-271NX,9V-NCB,Departed 16:22,2026-09-02 04:12:33
SIN,departures,2026-09-01,15:00,15:13,TR472,TGW472,KUL,Kuala Lumpur International Airport,Scoot,TR,A320,Airbus A320-232,9V-TRT,Departed 16:13,2026-09-02 04:12:33
SIN,departures,2026-09-01,15:00,15:18,TR282,TGW282,DPS,Denpasar Ngurah Rai International Airport,Scoot,TR,B788,Boeing 787-8 Dreamliner,9V-OFK,Departed 16:18,2026-09-02 04:12:33
SIN,departures,2026-09-01,15:05,15:14,CX734,CPA734,HKG,Hong Kong International Airport,Cathay Pacific,CX,A359,Airbus A350-941,B-LRN,Departed 16:14,2026-09-02 04:12:33
SIN,departures,2026-09-01,15:10,15:20,SQ944,SIA944,DPS,Denpasar Ngurah Rai International Airport,Singapore Airlines,SQ,B78X,Boeing 787-10 Dreamliner,9V-SCN,Departed 16:20,2026-09-02 04:12:33
SIN,departures,2026-09-01,15:10,15:24,HO1602,DKH1602,PVG,Shanghai Pudong International Airport,Juneyao Air (Chinese Peony Livery),HO,B789,Boeing 787-9 Dreamliner,B-20DT,Departed 16:24,2026-09-02 04:12:33
SIN,departures,2026-09-01,15:10,15:38,AK714,AXM714,KUL,Kuala Lumpur International Airport,AirAsia (Resorts World Genting Livery),AK,A20N,Airbus A320-251N,9M-AGA,Departed 16:38,2026-09-02 04:12:33
SIN,departures,2026-09-01,15:15,15:32,TR610,TGW610,BKK,Bangkok Suvarnabhumi Airport,Scoot,TR,B789,Boeing 787-9 Dreamliner,9V-OJK,Departed 16:32,2026-09-02 04:12:33
SIN,departures,2026-09-01,15:15,15:30,SQ962,SIA962,CGK,Jakarta Soekarno Hatta International Airport,Singapore Airlines,SQ,A359,Airbus A350-941,9V-SMW,Departed 16:30,2026-09-02 04:12:33
SIN,departures,2026-09-01,15:15,15:34,SQ736,SIA736,HKT,Phuket International Airport,Singapore Airlines,SQ,B38M,Boeing 737 MAX 8,9V-MBI,Departed 16:34,2026-09-02 04:12:33
SIN,departures,2026-09-01,15:15,15:48,ID7150,BTK7150,CGK,Jakarta Soekarno Hatta International Airport,Batik Air,ID,A320,Airbus A320-214,PK-BKQ,Departed 16:48,2026-09-02 04:12:33
SIN,departures,2026-09-01,15:20,15:28,SQ122,SIA122,KUL,Kuala Lumpur International Airport,Singapore Airlines,SQ,A359,Airbus A350-941,9V-SHA,Departed 16:28,2026-09-02 04:12:33
SIN,departures,2026-09-01,15:25,16:09,TR224,TGW224,PDG,Padang Minangkabau International Airport,Scoot,TR,E290,Embraer E190-E2,9V-THC,Departed 17:09,2026-09-02 04:12:33
SIN,departures,2026-09-01,15:25,15:56,TR240,TGW240,SRG,Semarang Achmad Yani International Airport,Scoot,TR,A320,Airbus A320-232,9V-TRO,Departed 16:56,2026-09-02 04:12:33
SIN,departures,2026-09-01,15:30,16:43,9C8598,CQH8598,PVG,Shanghai Pudong International Airport,Spring Airlines,9C,A20N,Airbus A320-251N,B-32D6,Departed 17:43,2026-09-02 04:12:33
SIN,departures,2026-09-01,15:30,16:14,TR188,TGW188,HGH,Hangzhou Xiaoshan International Airport,Scoot,TR,B788,Boeing 787-8 Dreamliner,9V-OFN,Departed 17:14,2026-09-02 04:12:33
SIN,departures,2026-09-01,15:30,15:36,SQ158,SIA158,KTI,Phnom Penh Techo International Airport,Singapore Airlines,SQ,B38M,Boeing 737 MAX 8,9V-MBW,Departed 16:36,2026-09-02 04:12:33
SIN,departures,2026-09-01,15:35,16:00,MH620,MAS620,KUL,Kuala Lumpur International Airport,Malaysia Airlines (Malaysia Negaraku Livery),MH,B738,Boeing 737-8H6,9M-MXU,Departed 17:00,2026-09-02 04:12:33
SIN,departures,2026-09-01,15:40,15:55,TR542,TGW542,CXR,Nha Trang Cam Ranh International Airport,Scoot,TR,E290,Embraer E190-E2,9V-THB,Departed 16:55,2026-09-02 04:12:33
SIN,departures,2026-09-01,15:40,15:58,SQ806,SIA806,PEK,Beijing Capital International Airport,Singapore Airlines,SQ,B78X,Boeing 787-10 Dreamliner,9V-SCZ,Departed 16:58,2026-09-02 04:12:33
SIN,departures,2026-09-01,15:45,17:32,SQ406,SIA406,DEL,Delhi Indira Gandhi International Airport,Singapore Airlines,SQ,A388,Airbus A380-841,9V-SKQ,Departed 18:32,2026-09-02 04:12:33
SIN,departures,2026-09-01,15:55,17:07,TR412,TGW412,MYY,Miri Airport,Scoot,TR,E290,Embraer E190-E2,9V-THJ,Departed 18:07,2026-09-02 04:12:33
SIN,departures,2026-09-01,15:55,16:27,SQ928,SIA928,SUB,Surabaya Juanda International Airport,Singapore Airlines,SQ,B38M,Boeing 737 MAX 8,9V-MBB,Departed 17:27,2026-09-02 04:12:33
SIN,departures,2026-09-01,15:55,16:37,MU568,CES568,PVG,Shanghai Pudong International Airport,China Eastern Airlines,MU,A359,Airbus A350-941,B-308E,Departed 17:37,2026-09-02 04:12:33
SIN,departures,2026-09-01,16:00,16:16,3U3910,CSC3910,TFU,Chengdu Tianfu International Airport,Sichuan Airlines,3U,A21N,Airbus A321-271NX(LR),B-325F,Departed 17:16,2026-09-02 04:12:33
SIN,departures,2026-09-01,16:00,16:23,TR468,TGW468,KUL,Kuala Lumpur International Airport,Scoot,TR,A320,Airbus A320-232,9V-TRV,Departed 17:23,2026-09-02 04:12:33
SIN,departures,2026-09-01,16:00,16:18,OD808,MXD808,KUL,Kuala Lumpur International Airport,Batik Air,ID,B738,Boeing 737-8GP,9M-LNV,Departed 17:18,2026-09-02 04:12:33
SIN,departures,2026-09-01,16:00,16:03,KL835,KLM835,DPS,Denpasar Ngurah Rai International Airport,KLM Asia,KL,B772,Boeing 777-206(ER),PH-BQN,Departed 17:03,2026-09-02 04:12:33
SIN,departures,2026-09-01,16:10,16:33,SQ836,SIA836,PVG,Shanghai Pudong International Airport,Singapore Airlines,SQ,B78X,Boeing 787-10 Dreamliner,9V-SDC,Departed 17:33,2026-09-02 04:12:33
SIN,departures,2026-09-01,16:12,16:21,FX5601,FDX5601,ANC,Anchorage Ted Stevens International Airport,FedEx,FX,B77L,Boeing 777-FS2,N861FD,Departed 17:21,2026-09-02 04:12:33
SIN,departures,2026-09-01,16:15,16:25,SQ186,SIA186,SGN,Ho Chi Minh City International Airport,Singapore Airlines,SQ,B78X,Boeing 787-10 Dreamliner,9V-SCT,Departed 17:25,2026-09-02 04:12:33
SIN,departures,2026-09-01,16:20,16:34,SQ964,SIA964,CGK,Jakarta Soekarno Hatta International Airport,Singapore Airlines,SQ,B77W,Boeing 777-312(ER),9V-SWG,Departed 17:34,2026-09-02 04:12:33
SIN,departures,2026-09-01,16:20,16:52,SQ838,SIA838,HGH,Hangzhou Xiaoshan International Airport,Singapore Airlines,SQ,A359,Airbus A350-941,9V-SHF,Departed 17:52,2026-09-02 04:12:33
SIN,departures,2026-09-01,16:20,16:19,PG968,BKP968,USM,Koh Samui Airport,Bangkok Airways,PG,A319,Airbus A319-132,HS-PGZ,Departed 17:19,2026-09-02 04:12:33
SIN,departures,2026-09-01,16:30,16:57,TR266,TGW266,SUB,Surabaya Juanda International Airport,Scoot,TR,B788,Boeing 787-8 Dreamliner,9V-OFA,Departed 17:57,2026-09-02 04:12:33
SIN,departures,2026-09-01,16:30,16:38,SQ714,SIA714,BKK,Bangkok Suvarnabhumi Airport,Singapore Airlines,SQ,B78X,Boeing 787-10 Dreamliner,9V-SCL,Departed 17:38,2026-09-02 04:12:33
SIN,departures,2026-09-01,16:30,16:50,MU7706,CES7706,NKG,Nanjing Lukou International Airport,China Eastern Airlines,MU,A20N,Airbus A320-251N,B-320H,Departed 17:50,2026-09-02 04:12:33
SIN,departures,2026-09-01,16:30,16:45,MU6078,CES6078,NGB,Ningbo Lishe International Airport,China Eastern Airlines,MU,A20N,Airbus A320-251N,B-325R,Departed 17:45,2026-09-02 04:12:33
SIN,departures,2026-09-01,16:30,17:02,CA826,CCA826,PVG,Shanghai Pudong International Airport,Air China,CA,A359,Airbus A350-941,B-32AL,Departed 18:02,2026-09-02 04:12:33
SIN,departures,2026-09-01,16:45,16:59,SQ946,SIA946,DPS,Denpasar Ngurah Rai International Airport,Singapore Airlines,SQ,B78X,Boeing 787-10 Dreamliner,9V-SCB,Departed 17:59,2026-09-02 04:12:33
SIN,departures,2026-09-01,16:50,17:48,CZ3040,CSN3040,CAN,Guangzhou Baiyun International Airport,China Southern Airlines,CZ,A21N,Airbus A321-271N,B-303Y,Departed 18:48,2026-09-02 04:12:33
SIN,departures,2026-09-01,16:55,17:05,VJ814,VJC814,SGN,Ho Chi Minh City International Airport,VietJet Air,VJ,A321,Airbus A321-211,VN-A535,Departed 18:05,2026-09-02 04:12:30
SIN,departures,2026-09-01,16:55,17:16,CA890,CCA890,PEK,Beijing Capital International Airport,Air China,CA,B789,Boeing 787-9 Dreamliner,B-7898,Departed 18:16,2026-09-02 04:12:30
SIN,departures,2026-09-01,17:00,17:08,TR626,TGW626,BKK,Bangkok Suvarnabhumi Airport,Scoot,TR,B789,Boeing 787-9 Dreamliner,9V-OJA,Departed 18:08,2026-09-02 04:12:30
SIN,departures,2026-09-01,17:00,17:18,GA823,GIA823,CGK,Jakarta Soekarno Hatta International Airport,Garuda Indonesia,GA,B738,Boeing 737-86N,PK-GFU,Departed 18:18,2026-09-02 04:12:30
SIN,departures,2026-09-01,17:00,17:20,CX716,CPA716,HKG,Hong Kong International Airport,Cathay Pacific,CX,A359,Airbus A350-941,B-LRQ,Departed 18:20,2026-09-02 04:12:30
SIN,departures,2026-09-01,17:10,17:38,TR124,TGW124,CSX,Changsha Huanghua International Airport,Scoot,TR,A21N,Airbus A321-271NX,9V-NCK,Departed 18:38,2026-09-02 04:12:30
SIN,departures,2026-09-01,17:15,17:49,TR278,TGW278,CGK,Jakarta Soekarno Hatta International Airport,Scoot,TR,A320,Airbus A320-232,9V-TRP,Departed 18:49,2026-09-02 04:12:30
SIN,departures,2026-09-01,17:15,17:28,TG408,THA408,BKK,Bangkok Suvarnabhumi Airport,Thai Airways,TG,A21N,Airbus A321-251NX,HS-TOD,Departed 18:28,2026-09-02 04:12:30
SIN,departures,2026-09-01,17:15,17:39,MH608,MAS608,KUL,Kuala Lumpur International Airport,Malaysia Airlines,MH,B38M,Boeing 737 MAX 8,9M-MVM,Departed 18:39,2026-09-02 04:12:30
SIN,departures,2026-09-01,17:15,05:15,CI758,CAL758,KHH,Kaohsiung International Airport,Mandarin Airlines,AE,B738,Boeing 737-8Q8,B-18653,Estimated dep 06:15,2026-09-02 04:12:30
SIN,departures,2026-09-01,17:25,17:58,VN654,HVN654,SGN,Ho Chi Minh City International Airport,Vietnam Airlines,VN,A321,Airbus A321-231,VN-A324,Departed 18:58,2026-09-02 04:12:30
SIN,departures,2026-09-01,17:25,18:20,MU6050,CES6050,PVG,Shanghai Pudong International Airport,China Eastern Airlines,MU,B38M,Boeing 737 MAX 8,B-20A3,Departed 19:20,2026-09-02 04:12:30
SIN,departures,2026-09-01,17:30,17:46,SQ966,SIA966,CGK,Jakarta Soekarno Hatta International Airport,Singapore Airlines,SQ,A359,Airbus A350-941,9V-SHP,Departed 18:46,2026-09-02 04:12:30
SIN,departures,2026-09-01,17:30,17:41,SQ740,SIA740,HKT,Phuket International Airport,Singapore Airlines,SQ,B38M,Boeing 737 MAX 8,9V-MBC,Departed 18:41,2026-09-02 04:12:30
SIN,departures,2026-09-01,17:30,17:53,SQ720,SIA720,BKK,Bangkok Suvarnabhumi Airport,Singapore Airlines,SQ,B78X,Boeing 787-10 Dreamliner,9V-SCU,Departed 18:53,2026-09-02 04:12:30
SIN,departures,2026-09-01,17:30,18:12,SQ126,SIA126,KUL,Kuala Lumpur International Airport,Singapore Airlines,SQ,A359,Airbus A350-941,9V-SMC,Departed 19:12,2026-09-02 04:12:30
SIN,departures,2026-09-01,17:35,18:29,SQ7848,SIA7848,PVG,Shanghai Pudong International Airport,Singapore Airlines Cargo,SQ,B744,Boeing 747-412F,9V-SFN,Departed 19:29,2026-09-02 04:12:30
SIN,departures,2026-09-01,17:45,18:16,NZ283,ANZ283,AKL,Auckland Airport,Air New Zealand,NZ,B77W,Boeing 777-319(ER),ZK-OKO,Departed 19:16,2026-09-02 04:12:30
SIN,departures,2026-09-01,17:45,18:06,SQ215,SIA215,PER,Perth Airport,Singapore Airlines,SQ,B78X,Boeing 787-10 Dreamliner,9V-SCG,Departed 19:06,2026-09-02 04:12:30
SIN,departures,2026-09-01,17:45,17:56,AK716,AXM716,KUL,Kuala Lumpur International Airport,AirAsia,AK,A21N,Airbus A321-251NX,9M-VAC,Departed 18:56,2026-09-02 04:12:30
SIN,departures,2026-09-01,17:50,18:08,TR652,TGW652,HKT,Phuket International Airport,Scoot,TR,A20N,Airbus A320-271N,9V-TNL,Departed 19:08,2026-09-02 04:12:30
SIN,departures,2026-09-01,17:50,18:23,SQ442,SIA442,KTM,Kathmandu Tribhuvan International Airport,Singapore Airlines,SQ,B38M,Boeing 737 MAX 8,9V-MBZ,Departed 19:23,2026-09-02 04:12:30
SIN,departures,2026-09-01,17:50,18:14,SQ424,SIA424,BOM,Mumbai Chhatrapati Shivaji International Airport,Singapore Airlines,SQ,A388,Airbus A380-841,9V-SKY,Departed 19:14,2026-09-02 04:12:30
SIN,departures,2026-09-01,17:55,18:09,6E1028,IGO1028,HYD,Hyderabad Rajiv Gandhi International Airport,IndiGo,6E,A20N,Airbus A320-251N,VT-IPF,Departed 19:09,2026-09-02 04:12:30
SIN,departures,2026-09-01,18:00,18:41,ZH230,CSZ230,SZX,Shenzhen Bao'an International Airport,Shenzhen Airlines,ZH,A21N,Airbus A321-251NX,B-32QW,Departed 19:41,2026-09-02 04:12:30
SIN,departures,2026-09-01,18:00,,SQ994,,KNO,Medan Kuala Namu International Airport,Singapore Airlines,SQ,7M8,,,Canceled,2026-09-02 04:12:30
SIN,departures,2026-09-01,18:00,18:18,SQ898,SIA898,HKG,Hong Kong International Airport,Singapore Airlines,SQ,A359,Airbus A350-941,9V-SHH,Departed 19:18,2026-09-02 04:12:30
SIN,departures,2026-09-01,18:10,18:22,SQ142,SIA142,PEN,Penang International Airport,Singapore Airlines,SQ,B38M,Boeing 737 MAX 8,9V-MBP,Departed 19:22,2026-09-02 04:12:30
SIN,departures,2026-09-01,18:15,18:28,MH616,MAS616,KUL,Kuala Lumpur International Airport,Malaysia Airlines,MH,B738,Boeing 737-8H6,9M-MSA,Departed 19:28,2026-09-02 04:12:30
SIN,departures,2026-09-01,18:20,18:48,SQ247,SIA247,MEL,Melbourne Airport,Singapore Airlines,SQ,A359,Airbus A350-941,9V-SHY,Departed 19:48,2026-09-02 04:12:30
SIN,departures,2026-09-01,18:25,18:43,JQ89,JST089,DPS,Denpasar Ngurah Rai International Airport,Jetstar,JQ,A21N,Airbus A321-251NX(LR),VH-OYQ,Departed 19:43,2026-09-02 04:12:30
SIN,departures,2026-09-01,18:30,18:40,VJ812,VJC812,SGN,Ho Chi Minh City International Airport,VietJet Air,VJ,A321,Airbus A321-231,VN-A643,Departed 19:40,2026-09-02 04:12:30
SIN,departures,2026-09-01,18:30,19:07,QF2,QFA2,SYD,Sydney Kingsford Smith Airport,Qantas,QF,A388,Airbus A380-842,VH-OQD,Departed 20:07,2026-09-02 04:12:30
SIN,departures,2026-09-01,18:35,18:44,SQ918,SIA918,MNL,Manila Ninoy Aquino International Airport,Singapore Airlines,SQ,B78X,Boeing 787-10 Dreamliner,9V-SCH,Departed 19:44,2026-09-02 04:12:30
SIN,departures,2026-09-01,18:35,18:47,QF72,QFA72,PER,Perth Airport,Qantas,QF,A332,Airbus A330-202,VH-EBJ,Departed 19:47,2026-09-02 04:12:30
SIN,departures,2026-09-01,18:40,18:53,6E1458,IGO1458,BLR,Bengaluru Kempegowda International Airport,IndiGo,6E,A21N,Airbus A321-252NX,VT-IWT,Departed 19:53,2026-09-02 04:12:30
SIN,departures,2026-09-01,18:40,19:01,QR947,QTR947,DOH,Doha Hamad International Airport,Qatar Airways,QR,A359,Airbus A350-941,A7-AML,Departed 20:01,2026-09-02 04:12:30
SIN,departures,2026-09-01,18:45,19:04,6E1014,IGO1014,DEL,Delhi Indira Gandhi International Airport,IndiGo,6E,A21N,Airbus A321-251NX,VT-NCZ,Departed 20:04,2026-09-02 04:12:30
SIN,departures,2026-09-01,18:45,18:52,6E1164,IGO1164,BOM,Mumbai Chhatrapati Shivaji International Airport,IndiGo,6E,A21N,Airbus A321-252NX,VT-NCN,Departed 19:52,2026-09-02 04:12:30
SIN,departures,2026-09-01,18:45,18:50,GA837,GIA837,CGK,Jakarta Soekarno Hatta International Airport,Garuda Indonesia,GA,B738,Boeing 737-8U3,PK-GNA,Departed 19:50,2026-09-02 04:12:30
SIN,departures,2026-09-01,18:50,19:06,SQ852,SIA852,CAN,Guangzhou Baiyun International Airport,Singapore Airlines,SQ,B38M,Boeing 737 MAX 8,9V-MBS,Departed 20:06,2026-09-02 04:12:30
SIN,departures,2026-09-01,18:50,18:59,SQ297,SIA297,CHC,Christchurch International Airport,Singapore Airlines,SQ,A359,Airbus A350-941,9V-SMN,Departed 19:59,2026-09-02 04:12:30
SIN,departures,2026-09-01,18:55,19:46,TR498,TGW498,PEN,Penang International Airport,Scoot,TR,A21N,Airbus A321-271NX,9V-NCA,Departed 20:46,2026-09-02 04:12:30
SIN,departures,2026-09-01,18:55,19:19,TR434,TGW434,KCH,Kuching International Airport,Scoot,TR,A20N,Airbus A320-271N,9V-TNJ,Departed 20:19,2026-09-02 04:12:30
SIN,departures,2026-09-01,18:55,19:10,SQ34,SIA34,SFO,San Francisco International Airport,Singapore Airlines,SQ,A359,Airbus A350-941,9V-SGG,Departed 20:10,2026-09-02 04:12:30
SIN,departures,2026-09-01,19:00,19:18,SQ534,SIA534,COK,Cochin International Airport,Singapore Airlines,SQ,B38M,Boeing 737 MAX 8,9V-MBY,Departed 20:18,2026-09-02 04:12:30
SIN,departures,2026-09-01,19:00,19:22,SQ522,SIA522,HYD,Hyderabad Rajiv Gandhi International Airport,Singapore Airlines,SQ,A359,Airbus A350-941,9V-SHI,Departed 20:22,2026-09-02 04:12:30
SIN,departures,2026-09-01,19:00,19:37,SQ128,SIA128,KUL,Kuala Lumpur International Airport,Singapore Airlines,SQ,B38M,Boeing 737 MAX 8,9V-MBH,Departed 20:37,2026-09-02 04:12:30
SIN,departures,2026-09-01,19:00,19:16,PR512,PAL512,MNL,Manila Ninoy Aquino International Airport,Philippine Airlines,PR,A321,Airbus A321-231,RP-C9912,Departed 20:16,2026-09-02 04:12:30
SIN,departures,2026-09-01,19:00,19:27,GF166,GFA166,BAH,Bahrain International Airport,Gulf Air (Retro Livery),GF,B789,Boeing 787-9 Dreamliner,A9C-FG,Departed 20:27,2026-09-02 04:12:30
SIN,departures,2026-09-01,19:05,19:20,SQ818,SIA818,CKG,Chongqing Jiangbei International Airport,Singapore Airlines,SQ,B38M,Boeing 737 MAX 8,9V-MBN,Departed 20:20,2026-09-02 04:12:30
SIN,departures,2026-09-01,19:05,19:30,SQ510,SIA510,BLR,Bengaluru Kempegowda International Airport,Singapore Airlines,SQ,A359,Airbus A350-941,9V-SHE,Departed 20:30,2026-09-02 04:12:30
SIN,departures,2026-09-01,19:05,19:11,CX636,CPA636,HKG,Hong Kong International Airport,Cathay Pacific,CX,A359,Airbus A350-941,B-LRA,Departed 20:11,2026-09-02 04:12:30
SIN,departures,2026-09-01,19:10,19:25,UL309,ALK309,CMB,Colombo Bandaranaike International Airport,SriLankan Airlines,UL,A320,Airbus A320-232,4R-ABT,Departed 20:25,2026-09-02 04:12:30
SIN,departures,2026-09-01,19:15,19:28,QF36,QFA36,MEL,Melbourne Airport,Qantas,QF,A332,Airbus A330-202,VH-EBC,Departed 20:28,2026-09-02 04:12:30
SIN,departures,2026-09-01,19:15,19:24,PG962,BKP962,USM,Koh Samui Airport,Bangkok Airways,PG,A319,Airbus A319-132,HS-PGY,Departed 20:24,2026-09-02 04:12:30
SIN,departures,2026-09-01,19:20,19:33,BA15,BAW15,SYD,Sydney Kingsford Smith Airport,British Airways,BA,B789,Boeing 787-9 Dreamliner,G-ZBKL,Departed 20:33,2026-09-02 04:12:30
SIN,departures,2026-09-01,19:25,19:39,TR272,TGW272,CGK,Jakarta Soekarno Hatta International Airport,Scoot,TR,A320,Airbus A320-232,9V-TRU,Departed 20:39,2026-09-02 04:12:30
SIN,departures,2026-09-01,19:25,19:36,TR206,TGW206,PLM,Palembang International Airport,Scoot,TR,E290,Embraer E190-E2,9V-THD,Departed 20:36,2026-09-02 04:12:30
SIN,departures,2026-09-01,19:25,19:40,SQ528,SIA528,MAA,Chennai International Airport,Singapore Airlines,SQ,B78X,Boeing 787-10 Dreamliner,9V-SCY,Departed 20:40,2026-09-02 04:12:30
SIN,departures,2026-09-01,19:25,19:32,SQ438,SIA438,MLE,Male Velana International Airport,Singapore Airlines,SQ,A359,Airbus A350-941,9V-SHR,Departed 20:32,2026-09-02 04:12:30
SIN,departures,2026-09-01,19:30,20:07,TR740,TGW740,CJB,Coimbatore International Airport,Scoot,TR,A21N,Airbus A321-271NX,9V-NCF,Departed 21:07,2026-09-02 04:12:30
SIN,departures,2026-09-01,19:30,19:47,TR730,TGW730,TRV,Thiruvananthapuram International Airport,Scoot,TR,A20N,Airbus A320-271N,9V-TNI,Departed 20:47,2026-09-02 04:12:30
SIN,departures,2026-09-01,19:30,19:42,TR466,TGW466,KUL,Kuala Lumpur International Airport,Scoot,TR,B788,Boeing 787-8 Dreamliner,9V-OFH,Departed 20:42,2026-09-02 04:12:30
SIN,departures,2026-09-01,19:30,20:02,QF52,QFA52,BNE,Brisbane Airport,Qantas,QF,A332,Airbus A330-203,VH-EBL,Departed 21:02,2026-09-02 04:12:30
SIN,departures,2026-09-01,19:30,19:44,JQ98,JST98,PER,Perth Airport,Jetstar,JQ,A21N,Airbus A321-251NX(LR),VH-OFP,Departed 20:44,2026-09-02 04:12:30
SIN,departures,2026-09-01,19:35,19:55,UA28,UAL28,SFO,San Francisco International Airport,United Airlines,UA,B789,Boeing 787-9 Dreamliner,N61103,Departed 20:55,2026-09-02 04:12:30
SIN,departures,2026-09-01,19:40,20:23,SQ516,SIA516,CCU,Kolkata Subhas Chandra Bose International Airport,Singapore Airlines,SQ,B38M,Boeing 737 MAX 8,9V-MBQ,Departed 21:23,2026-09-02 04:12:30
SIN,departures,2026-09-01,19:40,19:49,SQ446,SIA446,DAC,Dhaka Shahjalal International Airport,Singapore Airlines,SQ,B78X,Boeing 787-10 Dreamliner,9V-SCJ,Departed 20:49,2026-09-02 04:12:30
SIN,departures,2026-09-01,19:45,20:09,SQ856,SIA856,SZX,Shenzhen Bao'an International Airport,Singapore Airlines (Star Alliance Livery),SQ,B38M,Boeing 737 MAX 8,9V-MBL,Departed 21:09,2026-09-02 04:12:30
SIN,departures,2026-09-01,19:45,20:11,SQ221,SIA221,SYD,Sydney Kingsford Smith Airport,Singapore Airlines,SQ,A388,Airbus A380-841,9V-SKZ,Departed 21:11,2026-09-02 04:12:30
SIN,departures,2026-09-01,19:45,20:17,SQ38,SIA38,LAX,Los Angeles International Airport,Singapore Airlines,SQ,A359,Airbus A350-941,9V-SJH,Departed 21:17,2026-09-02 04:12:30
SIN,departures,2026-09-01,19:45,19:53,AK718,AXM718,KUL,Kuala Lumpur International Airport,AirAsia (Longjack Orang Kampung Livery),AK,A320,Airbus A320-216,9M-AJA,Departed 20:53,2026-09-02 04:12:30
SIN,departures,2026-09-01,19:50,19:58,TG410,THA410,BKK,Bangkok Suvarnabhumi Airport,Thai Airways,TG,A359,Airbus A350-941,HS-THF,Departed 20:58,2026-09-02 04:12:30
SIN,departures,2026-09-01,19:50,20:00,CZ8048,CSN8048,SZX,Shenzhen Bao'an International Airport,China Southern Airlines,CZ,A21N,Airbus A321-253NX,B-30E2,Departed 21:00,2026-09-02 04:12:30
SIN,departures,2026-09-01,20:00,20:04,8M234,MMA234,RGN,Yangon International Airport,Myanmar Airways International,8M,A319,Airbus A319-112,XY-ALN,Departed 21:04,2026-09-02 04:12:30
SIN,departures,2026-09-01,20:00,,3U9012,,CTU,Chengdu Shuangliu International Airport,Sichuan Airlines,3U,33F,,,Unknown,2026-09-02 04:12:30
SIN,departures,2026-09-01,20:00,20:24,VN656,HVN656,SGN,Ho Chi Minh City International Airport,Vietnam Airlines,VN,A21N,Airbus A321-272N,VN-A508,Departed 21:24,2026-09-02 04:12:30
SIN,departures,2026-09-01,20:00,20:25,QG527,CTV527,CGK,Jakarta Soekarno Hatta International Airport,Citilink,QG,A320,Airbus A320-214,PK-GQG,Departed 21:25,2026-09-02 04:12:30
SIN,departures,2026-09-01,20:00,20:18,QF82,QFA82,SYD,Sydney Kingsford Smith Airport,Qantas,QF,A333,Airbus A330-302,VH-QPK,Departed 21:18,2026-09-02 04:12:30
SIN,departures,2026-09-01,20:00,20:15,EY499,ETD499,AUH,Abu Dhabi Zayed International Airport,Etihad Airways,EY,B789,Boeing 787-9 Dreamliner,A6-BLE,Departed 21:15,2026-09-02 04:12:30
SIN,departures,2026-09-01,20:00,20:30,EK355,UAE355,DXB,Dubai International Airport,Emirates,EK,B77W,Boeing 777-31H(ER),A6-ENX,Departed 21:30,2026-09-02 04:12:30
SIN,departures,2026-09-01,20:15,20:46,TR346,TGW346,DPS,Denpasar Ngurah Rai International Airport,Scoot,TR,A21N,Airbus A321-271NX,9V-NCH,Departed 21:46,2026-09-02 04:12:30
SIN,departures,2026-09-01,20:15,20:20,MY364,BNE364,KCH,Kuching International Airport,AirBorneo,MY,B738,Boeing 737-8U3,9M-LCV,Departed 21:20,2026-09-02 04:12:30
SIN,departures,2026-09-01,20:15,20:27,MH610,MAS610,KUL,Kuala Lumpur International Airport,Malaysia Airlines (Malaysia Negaraku Livery),MH,B738,Boeing 737-8H6,9M-MXU,Departed 21:27,2026-09-02 04:12:30
SIN,departures,2026-09-01,20:20,20:29,AK720,AXM720,KUL,Kuala Lumpur International Airport,AirAsia,AK,A320,Airbus A320-216,9M-AQS,Departed 21:29,2026-09-02 04:12:30
SIN,departures,2026-09-01,20:25,21:10,BI424,RBA424,BWN,Brunei International Airport,Royal Brunei Airlines,BI,A20N,Airbus A320-251N,V8-RBC,Departed 22:10,2026-09-02 04:12:30
SIN,departures,2026-09-01,20:30,20:47,OD806,MXD806,KUL,Kuala Lumpur International Airport,Batik Air,ID,B738,Boeing 737-8GP,9M-LNR,Departed 21:47,2026-09-02 04:12:30
SIN,departures,2026-09-01,20:30,20:42,LD326,AHK326,HKG,Hong Kong International Airport,DHL,D0,A332,Airbus A330-243F,B-LKC,Departed 21:42,2026-09-02 04:12:30
SIN,departures,2026-09-01,20:30,20:56,ID7152,BTK7152,CGK,Jakarta Soekarno Hatta International Airport,Batik Air,ID,A320,Airbus A320-214,PK-BKQ,Departed 21:56,2026-09-02 04:12:30
SIN,departures,2026-09-01,20:35,20:38,SQ948,SIA948,DPS,Denpasar Ngurah Rai International Airport,Singapore Airlines,SQ,B78X,Boeing 787-10 Dreamliner,9V-SCM,Departed 21:38,2026-09-02 04:12:30
SIN,departures,2026-09-01,20:35,20:40,SQ235,SIA235,BNE,Brisbane Airport,Singapore Airlines,SQ,A359,Airbus A350-941,9V-SHG,Departed 21:40,2026-09-02 04:12:30
SIN,departures,2026-09-01,20:35,20:51,AY132,FIN132,HEL,Helsinki Vantaa Airport,Finnair (Bringing Us Together Since 1923 Sticker),AY,A359,Airbus A350-941,OH-LWR,Departed 21:51,2026-09-02 04:12:30
SIN,departures,2026-09-01,20:40,20:54,TR758,TGW758,TRZ,Tiruchirappalli International Airport,Scoot,TR,A21N,Airbus A321-271NX,9V-NCC,Departed 21:54,2026-09-02 04:12:30
SIN,departures,2026-09-01,20:40,20:44,AK1730,AXM1730,PEN,Penang International Airport,AirAsia,AK,A320,Airbus A320-216,9M-DAB,Departed 21:44,2026-09-02 04:12:30
SIN,departures,2026-09-01,20:45,,SQ7824,,CAN,Guangzhou Baiyun International Airport,Singapore Airlines,SQ,74Y,,,Canceled,2026-09-02 04:12:30
SIN,departures,2026-09-01,20:45,20:49,SL105,TLM105,DMK,Bangkok Don Mueang International Airport,Thai Lion Air,SL,B739,Boeing 737-9GP(ER),HS-LVZ,Departed 21:49,2026-09-02 04:12:30
SIN,departures,2026-09-01,20:45,21:14,GA839,GIA839,CGK,Jakarta Soekarno Hatta International Airport,Garuda Indonesia,GA,B738,Boeing 737-8U3,PK-GNH,Departed 22:14,2026-09-02 04:12:30
SIN,departures,2026-09-01,20:50,21:05,QF219,QFA219,LHR,London Heathrow Airport,Qantas (100th Anniversary Livery),QF,B789,Boeing 787-9 Dreamliner,VH-ZNJ,Departed 22:05,2026-09-02 04:12:30
SIN,departures,2026-09-01,20:50,21:01,JL36,JAL36,HND,Tokyo Haneda International Airport,Japan Airlines,JL,B789,Boeing 787-9 Dreamliner,JA877J,Departed 22:01,2026-09-02 04:12:30
SIN,departures,2026-09-01,20:55,20:57,SQ968,SIA968,CGK,Jakarta Soekarno Hatta International Airport,Singapore Airlines,SQ,A359,Airbus A350-941,9V-SHD,Departed 21:57,2026-09-02 04:12:27
SIN,departures,2026-09-01,21:00,21:12,TR160,TGW160,KMG,Kunming Changshui International Airport,Scoot,TR,A20N,Airbus A320-271N,9V-TNG,Departed 22:12,2026-09-02 04:12:27
SIN,departures,2026-09-01,21:00,21:06,NH844,ANA844,HND,Tokyo Haneda International Airport,All Nippon Airways,NH,B789,Boeing 787-9 Dreamliner,JA925A,Departed 22:06,2026-09-02 04:12:27
SIN,departures,2026-09-01,21:00,21:26,KE644,KAL644,ICN,Seoul Incheon International Airport,Korean Air,KE,B77W,Boeing 777-3B5(ER),HL8218,Departed 22:26,2026-09-02 04:12:27
SIN,departures,2026-09-01,21:05,21:29,SQ536,SIA536,COK,Cochin International Airport,Singapore Airlines,SQ,B38M,Boeing 737 MAX 8,9V-MBV,Departed 22:29,2026-09-02 04:12:27
SIN,departures,2026-09-01,21:10,21:24,SQ227,SIA227,MEL,Melbourne Airport,Singapore Airlines,SQ,B77W,Boeing 777-312(ER),9V-SWY,Departed 22:24,2026-09-02 04:12:27
SIN,departures,2026-09-01,21:15,21:08,KJ396,AIH396,BKK,Bangkok Suvarnabhumi Airport,AirZeta,KJ,B744,Boeing 747-446F,HL7616,Departed 22:08,2026-09-02 04:12:27
SIN,departures,2026-09-01,21:20,21:31,6E1344,IGO1344,MAA,Chennai International Airport,IndiGo,6E,A21N,Airbus A321-251NX,VT-NHD,Departed 22:31,2026-09-02 04:12:27
SIN,departures,2026-09-01,21:20,21:33,SQ468,SIA468,CMB,Colombo Bandaranaike International Airport,Singapore Airlines,SQ,B78X,Boeing 787-10 Dreamliner,9V-SCF,Departed 22:33,2026-09-02 04:12:27
SIN,departures,2026-09-01,21:20,21:42,AF257,AFR257,CDG,Paris Charles de Gaulle Airport,Air France,AF,B77W,Boeing 777-328(ER),F-GZNR,Departed 22:42,2026-09-02 04:12:27
SIN,departures,2026-09-01,21:40,22:08,BA16,BAW16,LHR,London Heathrow Airport,British Airways,BA,B789,Boeing 787-9 Dreamliner,G-ZBKH,Departed 23:08,2026-09-02 04:12:27
SIN,departures,2026-09-01,21:45,22:04,LH769,DLH769,MUC,Munich Airport,Lufthansa,LH,A359,Airbus A350-941,D-AIXJ,Departed 23:04,2026-09-02 04:12:27
SIN,departures,2026-09-01,21:50,22:10,SQ636,SIA636,HND,Tokyo Haneda International Airport,Singapore Airlines,SQ,B77W,Boeing 777-312(ER),9V-SWS,Departed 23:10,2026-09-02 04:12:27
SIN,departures,2026-09-01,21:50,21:59,SQ285,SIA285,AKL,Auckland Airport,Singapore Airlines,SQ,B77W,Boeing 777-312(ER),9V-SNB,Departed 22:59,2026-09-02 04:12:27
SIN,departures,2026-09-01,21:50,22:05,OZ752,AAR752,ICN,Seoul Incheon International Airport,Asiana Airlines,OZ,A359,Airbus A350-941,HL8362,Departed 23:05,2026-09-02 04:12:27
SIN,departures,2026-09-01,21:55,22:23,TR766,TGW766,TRZ,Tiruchirappalli International Airport,Scoot,TR,A21N,Airbus A321-271NX,9V-NCN,Departed 23:23,2026-09-02 04:12:27
SIN,departures,2026-09-01,21:55,,FY3681,,KUL,Kuala Lumpur International Airport,Firefly,FY,738,,,Unknown,2026-09-02 04:12:27
SIN,departures,2026-09-01,22:00,22:16,TW162,TWB162,ICN,Seoul Incheon International Airport,T'Way Air,TW,A333,Airbus A330-343,HL8561,Departed 23:16,2026-09-02 04:12:27
SIN,departures,2026-09-01,22:00,22:18,SQ322,SIA322,LHR,London Heathrow Airport,Singapore Airlines,SQ,A388,Airbus A380-841,9V-SKT,Departed 23:18,2026-09-02 04:12:27
SIN,departures,2026-09-01,22:05,22:36,TK55,THY55,IST,Istanbul Airport,Turkish Airlines,TK,B77W,Boeing 777-3F2(ER),TC-JJH,Departed 23:36,2026-09-02 04:12:27
SIN,departures,2026-09-01,22:15,22:31,SQ616,SIA616,PUS,Busan Gimhae International Airport,Singapore Airlines,SQ,B38M,Boeing 737 MAX 8,9V-MBO,Departed 23:31,2026-09-02 04:12:27
SIN,departures,2026-09-01,22:20,22:43,8B156,TNU156,CGK,Jakarta Soekarno Hatta International Airport,TransNusa,8B,A321,Airbus A321-211,PK-TLK,Departed 23:43,2026-09-02 04:12:27
SIN,departures,2026-09-01,22:20,23:07,QF1,QFA1,LHR,London Heathrow Airport,Qantas,QF,A388,Airbus A380-842,VH-OQH,Departed 00:07,2026-09-02 04:12:27
SIN,departures,2026-09-01,22:20,22:50,BA12,BAW12,LHR,London Heathrow Airport,British Airways,BA,B77W,Boeing 777-336(ER),G-STBJ,Departed 23:50,2026-09-02 04:12:27
SIN,departures,2026-09-01,22:25,22:48,SQ279,SIA279,ADL,Adelaide Airport,Singapore Airlines,SQ,B78X,Boeing 787-10 Dreamliner,9V-SCE,Departed 23:48,2026-09-02 04:12:27
SIN,departures,2026-09-01,22:25,22:38,LX177,SWR177,ZRH,Zurich Airport,Swiss,LX,B77W,Boeing 777-300(ER),HB-JNL,Departed 23:38,2026-09-02 04:12:27
SIN,departures,2026-09-01,22:25,23:12,CA970,CCA970,PEK,Beijing Capital International Airport,Air China,CA,A333,Airbus A330-343,B-5916,Departed 00:12,2026-09-02 04:12:27
SIN,departures,2026-09-01,22:30,22:51,SQ356,SIA356,MXP,Milan Malpensa Airport,Singapore Airlines,SQ,A359,Airbus A350-941,9V-SMU,Departed 23:51,2026-09-02 04:12:27
SIN,departures,2026-09-01,22:30,22:34,QF38,QFA38,MEL,Melbourne Airport,Qantas,QF,A332,Airbus A330-202,VH-EBB,Departed 23:34,2026-09-02 04:12:27
SIN,departures,2026-09-01,22:30,22:30,CK280,,PVG,Shanghai Pudong International Airport,China Cargo Airlines,CK,77F,,,Estimated dep 23:30*,2026-09-02 04:12:27
SIN,departures,2026-09-01,22:35,23:32,SQ388,SIA388,BCN,Barcelona El Prat Airport,Singapore Airlines,SQ,A359,Airbus A350-941,9V-SJA,Departed 00:32,2026-09-02 04:12:27
SIN,departures,2026-09-01,22:35,23:11,SQ22,SIA22,EWR,New York Newark Liberty International Airport,Singapore Airlines,SQ,A359,Airbus A350-941,9V-SGF,Departed 00:11,2026-09-02 04:12:27
SIN,departures,2026-09-01,22:40,23:06,LH781,DLH781,FRA,Frankfurt Airport,Lufthansa,LH,B744,Boeing 747-430,D-ABTL,Departed 00:06,2026-09-02 04:12:27
SIN,departures,2026-09-01,22:45,22:53,HO1576,DKH1576,PVG,Shanghai Pudong International Airport,Juneyao Air,HO,A20N,Airbus A320-271N,B-30C9,Departed 23:53,2026-09-02 04:12:27
SIN,departures,2026-09-01,22:55,23:23,SQ638,SIA638,NRT,Tokyo Narita International Airport,Singapore Airlines,SQ,B78X,Boeing 787-10 Dreamliner,9V-SCT,Departed 00:23,2026-09-02 04:12:27
SIN,departures,2026-09-01,22:55,23:24,SQ312,SIA312,LGW,London Gatwick Airport,Singapore Airlines,SQ,A359,Airbus A350-941,9V-SMW,Departed 00:24,2026-09-02 04:12:27
SIN,departures,2026-09-01,22:55,23:15,SQ324,SIA324,AMS,Amsterdam Schiphol Airport,Singapore Airlines,SQ,B77W,Boeing 777-312(ER),9V-SWG,Departed 00:15,2026-09-02 04:12:27
SIN,departures,2026-09-01,22:55,23:33,SQ26,SIA26,FRA,Frankfurt Airport,Singapore Airlines,SQ,B77W,Boeing 777-312(ER),9V-SWT,Departed 00:33,2026-09-02 04:12:27
SIN,departures,2026-09-01,23:05,23:36,SQ352,SIA352,CPH,Copenhagen Airport,Singapore Airlines,SQ,A359,Airbus A350-941,9V-SMI,Departed 00:36,2026-09-02 04:12:27
SIN,departures,2026-09-01,23:05,23:30,SQ328,SIA328,MUC,Munich Airport,Singapore Airlines,SQ,A359,Airbus A350-941,9V-SMC,Departed 00:30,2026-09-02 04:12:27
SIN,departures,2026-09-01,23:10,23:27,SQ225,SIA225,PER,Perth Airport,Singapore Airlines,SQ,B78X,Boeing 787-10 Dreamliner,9V-SCQ,Departed 00:27,2026-09-02 04:12:27
SIN,departures,2026-09-01,23:15,23:37,SQ336,SIA336,CDG,Paris Charles de Gaulle Airport,Singapore Airlines,SQ,B77W,Boeing 777-312(ER),9V-SNA,Departed 00:37,2026-09-02 04:12:27
SIN,departures,2026-09-01,23:25,23:49,7C2662,JJA2662,PUS,Busan Gimhae International Airport,Jeju Air,7C,B38M,Boeing 737 MAX 8,HL8524,Departed 00:49,2026-09-02 04:12:27
SIN,departures,2026-09-01,23:35,23:53,TR828,TGW828,CJU,Jeju International Airport,Scoot,TR,A20N,Airbus A320-271N,9V-TNF,Departed 00:53,2026-09-02 04:12:27
SIN,departures,2026-09-01,23:35,23:52,PR510,PAL510,MNL,Manila Ninoy Aquino International Airport,Philippine Airlines,PR,A321,Airbus A321-231,RP-C9928,Departed 00:52,2026-09-02 04:12:27
SIN,departures,2026-09-01,23:45,00:10,SQ255,SIA255,BNE,Brisbane Airport,Singapore Airlines,SQ,A359,Airbus A350-941,9V-SHL,Departed 01:10,2026-09-02 04:12:27
SIN,departures,2026-09-01,23:45,00:04,SQ231,SIA231,SYD,Sydney Kingsford Smith Airport,Singapore Airlines,SQ,A388,Airbus A380-841,9V-SKR,Departed 01:04,2026-09-02 04:12:27
SIN,departures,2026-09-01,23:50,00:13,NH804,ANA804,NRT,Tokyo Narita International Airport,All Nippon Airways (Pokemon livery),NH,B789,Boeing 787-9 Dreamliner,JA894A,Departed 01:13,2026-09-02 04:12:27
SIN,departures,2026-09-01,23:50,00:07,EK353,UAE353,DXB,Dubai International Airport,Emirates,EK,A388,Airbus A380-861,A6-EEL,Departed 01:07,2026-09-02 04:12:27
SIN,departures,2026-09-01,23:55,23:59,MU544,CES544,PVG,Shanghai Pudong International Airport,China Eastern Airlines,MU,A332,Airbus A330-243,B-6546,Departed 00:59,2026-09-02 04:12:27
SIN,departures,2026-09-01,23:55,00:18,KL836,KLM836,AMS,Amsterdam Schiphol Airport,KLM Asia,KL,B772,Boeing 777-206(ER),PH-BQN,Departed 01:18,2026-09-02 04:12:27
SUB,arrivals,2026-09-01,01:30,04:31,QZ327,AWQ327,KUL,Kuala Lumpur International Airport,AirAsia,AK,A320,Airbus A320-214,PK-AZJ,Landed 04:31,2026-09-02 04:06:34
SUB,arrivals,2026-09-01,05:05,05:02,JT690,LNI690,CGK,Jakarta Soekarno Hatta International Airport,Lion Air,JT,B739,Boeing 737-9GP(ER),PK-LHP,Landed 05:02,2026-09-02 04:06:34
SUB,arrivals,2026-09-01,06:05,05:57,JT865,LNI865,LOP,Lombok International Airport,Lion Air,JT,B739,Boeing 737-9GP(ER),PK-LGL,Landed 05:57,2026-09-02 04:06:34
SUB,arrivals,2026-09-01,06:30,06:19,JT363,LNI363,BPN,Balikpapan Sepinggan Airport,Lion Air (50th 737-900ER Livery),JT,B739,Boeing 737-9GP(ER),PK-LHY,Landed 06:19,2026-09-02 04:06:34
SUB,arrivals,2026-09-01,06:50,06:34,ID7511,BTK7511,HLP,Jakarta Halim Perdanakusuma Airport,Batik Air,ID,A320,Airbus A320-214,PK-LAL,Landed 06:34,2026-09-02 04:06:34
SUB,arrivals,2026-09-01,07:00,06:45,JT693,LNI693,KOE,Kupang El Tari Airport,Lion Air,JT,B738,Boeing 737-8GP,PK-LOQ,Landed 06:45,2026-09-02 04:06:34
SUB,arrivals,2026-09-01,07:00,07:01,IU705,SJV705,DPS,Denpasar Ngurah Rai International Airport,Super Air Jet (Our Super 50th Jet Livery),IU,A320,Airbus A320-232,PK-STQ,Landed 07:01,2026-09-02 04:06:34
SUB,arrivals,2026-09-01,07:05,06:40,QG357,CTV357,UPG,Makassar Sultan Hasanuddin International Airport,Citilink,QG,A320,Airbus A320-214,PK-GQH,Landed 06:40,2026-09-02 04:06:34
SUB,arrivals,2026-09-01,07:15,06:51,QG690,CTV690,DPS,Denpasar Ngurah Rai International Airport,Citilink,QG,A20N,Airbus A320-251N,PK-GTI,Landed 06:51,2026-09-02 04:06:34
SUB,arrivals,2026-09-01,07:15,06:58,JT267,LNI267,TRK,Tarakan Juwata International Airport,Lion Air,JT,B739,Boeing 737-9GP(ER),PK-LHQ,Landed 06:58,2026-09-02 04:06:34
SUB,arrivals,2026-09-01,07:45,07:24,QG738,CTV738,CGK,Jakarta Soekarno Hatta International Airport,Citilink,QG,A320,Airbus A320-214,PK-GQK,Landed 07:24,2026-09-02 04:06:34
SUB,arrivals,2026-09-01,08:05,07:52,IP200,PAS200,CGK,Jakarta Soekarno Hatta International Airport,Pelita Air,IP,A320,Airbus A320-214,PK-PWE,Landed 07:52,2026-09-02 04:06:34
SUB,arrivals,2026-09-01,08:25,07:44,QG691,CTV691,DPS,Denpasar Ngurah Rai International Airport,Citilink,QG,A20N,Airbus A320-251N,PK-GTC,Landed 07:44,2026-09-02 04:06:34
SUB,arrivals,2026-09-01,08:25,,JT981,,UPG,Makassar Sultan Hasanuddin International Airport,Lion Air,JT,738,,,Canceled,2026-09-02 04:06:34
SUB,arrivals,2026-09-01,08:25,08:02,JT801,LNI801,UPG,Makassar Sultan Hasanuddin International Airport,Lion Air,JT,B739,Boeing 737-9GP(ER),PK-LQS,Landed 08:02,2026-09-02 04:06:34
SUB,arrivals,2026-09-01,08:25,,JT781,,UPG,Makassar Sultan Hasanuddin International Airport,Lion Air,JT,738,,,Canceled,2026-09-02 04:06:34
SUB,arrivals,2026-09-01,08:30,09:14,IU649,SJV649,BPN,Balikpapan Sepinggan Airport,Super Air Jet,IU,A320,Airbus A320-232,PK-SJS,Landed 09:14,2026-09-02 04:06:34
SUB,arrivals,2026-09-01,08:30,08:28,GA304,GIA304,CGK,Jakarta Soekarno Hatta International Airport,Garuda Indonesia (Retro 1960 Livery),GA,B738,Boeing 737-8U3,PK-GFM,Landed 08:28,2026-09-02 04:06:34
SUB,arrivals,2026-09-01,08:35,08:18,QG178,CTV178,HLP,Jakarta Halim Perdanakusuma Airport,Citilink Garuda Indonesia,QG,A320,Airbus A320-214,PK-GQT,Landed 08:18,2026-09-02 04:06:34
SUB,arrivals,2026-09-01,08:45,08:35,QG435,CTV435,BPN,Balikpapan Sepinggan Airport,Citilink,QG,A320,Airbus A320-214,PK-GQC,Landed 08:35,2026-09-02 04:06:34
SUB,arrivals,2026-09-01,08:50,08:40,QG671,CTV671,LOP,Lombok International Airport,Citilink,QG,A20N,Airbus A320-251N,PK-GTG,Landed 08:40,2026-09-02 04:06:34
SUB,arrivals,2026-09-01,08:55,09:32,QG485,CTV485,BDJ,Banjarmasin Syamsudin Noor Airport,Citilink,QG,A20N,Airbus A320-251N,PK-GTF,Landed 09:32,2026-09-02 04:06:34
SUB,arrivals,2026-09-01,09:10,08:55,SQ922,SIA922,SIN,Singapore Changi Airport,Singapore Airlines,SQ,A359,Airbus A350-941,9V-SHD,Landed 08:55,2026-09-02 04:06:34
SUB,arrivals,2026-09-01,09:10,08:45,MH871,MAS871,KUL,Kuala Lumpur International Airport,Malaysia Airlines,MH,B738,Boeing 737-8H6,9M-MXM,Landed 08:45,2026-09-02 04:06:34
SUB,arrivals,2026-09-01,09:15,,3Y935,,SRG,Semarang Achmad Yani International Airport,My Indo Airlines,3Y,73Y,,,Unknown,2026-09-02 04:06:34
SUB,arrivals,2026-09-01,09:30,09:16,ID6584,BTK6584,CGK,Jakarta Soekarno Hatta International Airport,Batik Air,ID,A320,Airbus A320-214,PK-BKQ,Landed 09:16,2026-09-02 04:06:34
SUB,arrivals,2026-09-01,09:30,09:09,GA302,GIA302,CGK,Jakarta Soekarno Hatta International Airport,Garuda Indonesia,GA,B738,Boeing 737-8SA,PK-GUH,Landed 09:09,2026-09-02 04:06:34
SUB,arrivals,2026-09-01,09:50,09:44,TR296,TGW296,SIN,Singapore Changi Airport,Scoot,TR,A20N,Airbus A320-271N,9V-TNM,Landed 09:44,2026-09-02 04:06:34
SUB,arrivals,2026-09-01,09:50,,IU719,,LOP,Lombok International Airport,Super Air Jet,IU,320,,,Canceled,2026-09-02 04:06:34
SUB,arrivals,2026-09-01,09:55,09:40,IP202,PAS202,CGK,Jakarta Soekarno Hatta International Airport,Pelita Air,IP,A320,Airbus A320-214,PK-PWO,Landed 09:40,2026-09-02 04:06:34
SUB,arrivals,2026-09-01,10:15,09:58,ID7513,BTK7513,HLP,Jakarta Halim Perdanakusuma Airport,Batik Air,ID,A320,Airbus A320-214,PK-LUZ,Landed 09:58,2026-09-02 04:06:34
SUB,arrivals,2026-09-01,10:25,10:31,JT697,LNI697,KOE,Kupang El Tari Airport,Lion Air,JT,B739,Boeing 737-9GP(ER),PK-LHP,Landed 10:31,2026-09-02 04:06:34
SUB,arrivals,2026-09-01,10:25,10:20,GA322,GIA322,CGK,Jakarta Soekarno Hatta International Airport,Garuda Indonesia,GA,B738,Boeing 737-8U3,PK-GUF,Landed 10:20,2026-09-02 04:06:34
SUB,arrivals,2026-09-01,10:30,,JT241,,CGK,Jakarta Soekarno Hatta International Airport,Lion Air,JT,739,,,Unknown,2026-09-02 04:06:34
SUB,arrivals,2026-09-01,10:35,,JT1707,,UPG,Makassar Sultan Hasanuddin International Airport,Lion Air,JT,739,,,Unknown,2026-09-02 04:06:34
SUB,arrivals,2026-09-01,10:35,,JT805,,DPS,Denpasar Ngurah Rai International Airport,Lion Air,JT,739,,,Unknown,2026-09-02 04:06:34
SUB,arrivals,2026-09-01,10:35,10:36,JT791,LNI791,UPG,Makassar Sultan Hasanuddin International Airport,Lion Air,JT,B739,Boeing 737-9GP(ER),PK-LGL,Landed 10:36,2026-09-02 04:06:34
SUB,arrivals,2026-09-01,10:35,10:23,JT694,LNI694,CGK,Jakarta Soekarno Hatta International Airport,Lion Air,JT,B738,Boeing 737-8GP,PK-LPK,Landed 10:23,2026-09-02 04:06:34
SUB,arrivals,2026-09-01,10:35,,JT680,,UPG,Makassar Sultan Hasanuddin International Airport,Lion Air,JT,738,,,Unknown,2026-09-02 04:06:34
SUB,arrivals,2026-09-01,10:45,10:54,QZ321,AWQ321,KUL,Kuala Lumpur International Airport,AirAsia,AK,A320,Airbus A320-214,PK-AZJ,Landed 10:54,2026-09-02 04:06:34
SUB,arrivals,2026-09-01,10:55,10:27,QG718,CTV718,CGK,Jakarta Soekarno Hatta International Airport,Citilink,QG,A320,Airbus A320-214,PK-GLR,Landed 10:27,2026-09-02 04:06:34
SUB,arrivals,2026-09-01,10:55,,JT970,,BTH,Batam Hang Nadim Airport,Lion Air,JT,739,,,Canceled,2026-09-02 04:06:34
SUB,arrivals,2026-09-01,10:55,,ID7517,,HLP,Jakarta Halim Perdanakusuma Airport,Batik Air,ID,32A,,,Canceled,2026-09-02 04:06:34
SUB,arrivals,2026-09-01,10:55,10:40,ID6134,BTK6134,PKN,Pangkalan Bun Iskandar Airport,Batik Air,ID,A320,Airbus A320-214,PK-BKY,Landed 10:40,2026-09-02 04:06:34
SUB,arrivals,2026-09-01,11:20,10:59,QZ393,AWQ393,JHB,Johor Bahru Senai International Airport,AirAsia (Dnars Indonesia Livery),AK,A320,Airbus A320-216,PK-AZN,Landed 10:59,2026-09-02 04:06:34
SUB,arrivals,2026-09-01,11:20,,JT223,,BDJ,Banjarmasin Syamsudin Noor Airport,Lion Air,JT,739,,,Unknown,2026-09-02 04:06:34
SUB,arrivals,2026-09-01,11:20,11:07,IW1804,WON1804,SMQ,Sampit Airport,Wings Air,IW,AT76,ATR 72-600,PK-WJP,Landed 11:07,2026-09-02 04:06:34
SUB,arrivals,2026-09-01,11:20,,IN671,,TMC,Tambolaka Airport,Nam Air,IN,735,,,Unknown,2026-09-02 04:06:34
SUB,arrivals,2026-09-01,11:25,11:03,QG351,CTV351,UPG,Makassar Sultan Hasanuddin International Airport,Citilink,QG,A320,Airbus A320-214,PK-GLU,Landed 11:03,2026-09-02 04:06:34
SUB,arrivals,2026-09-01,11:40,,IU611,,BPN,Balikpapan Sepinggan Airport,Super Air Jet,IU,320,,,Canceled,2026-09-02 04:06:34
SUB,arrivals,2026-09-01,11:45,11:30,QG461,CTV461,AAP,Samarinda AP Tumenggung Pranoto Airport,Citilink,QG,A20N,Airbus A320-251N,PK-GTI,Landed 11:30,2026-09-02 04:06:34
SUB,arrivals,2026-09-01,12:10,12:04,QG487,CTV487,BDJ,Banjarmasin Syamsudin Noor Airport,Citilink,QG,A320,Airbus A320-214,PK-GQC,Landed 12:04,2026-09-02 04:06:34
SUB,arrivals,2026-09-01,12:15,12:37,QG697,CTV697,DPS,Denpasar Ngurah Rai International Airport,Citilink,QG,A20N,Airbus A320-251N,PK-GTF,Landed 12:37,2026-09-02 04:06:34
SUB,arrivals,2026-09-01,12:15,,IP204,,CGK,Jakarta Soekarno Hatta International Airport,Pelita Air,IP,320,,,Canceled,2026-09-02 04:06:34
SUB,arrivals,2026-09-01,12:20,,JT943,,UPG,Makassar Sultan Hasanuddin International Airport,Lion Air,JT,738,,,Canceled,2026-09-02 04:06:31
SUB,arrivals,2026-09-01,12:20,,JT949,,UPG,Makassar Sultan Hasanuddin International Airport,Lion Air,JT,738,,,Unknown,2026-09-02 04:06:31
SUB,arrivals,2026-09-01,12:20,12:18,JT869,LNI869,TTE,Ternate Babullah Airport,Lion Air,JT,B738,Boeing 737-8GP,PK-LOJ,Landed 12:18,2026-09-02 04:06:31
SUB,arrivals,2026-09-01,12:20,12:00,JT787,LNI787,UPG,Makassar Sultan Hasanuddin International Airport,Lion Air,JT,B739,Boeing 737-9GP(ER),PK-LHS,Landed 12:00,2026-09-02 04:06:34
SUB,arrivals,2026-09-01,12:55,12:29,QZ325,AWQ325,KUL,Kuala Lumpur International Airport,AirAsia,AK,A320,Airbus A320-216,PK-AZT,Landed 12:29,2026-09-02 04:06:31
SUB,arrivals,2026-09-01,13:10,13:32,IU653,SJV653,AAP,Samarinda AP Tumenggung Pranoto Airport,Super Air Jet,IU,A320,Airbus A320-232,PK-SJJ,Landed 13:32,2026-09-02 04:06:31
SUB,arrivals,2026-09-01,13:20,13:28,IU617,SJV617,BPN,Balikpapan Sepinggan Airport,Super Air Jet (Our Super 50th Jet Livery),IU,A320,Airbus A320-232,PK-STQ,Landed 13:28,2026-09-02 04:06:31
SUB,arrivals,2026-09-01,13:30,13:26,QG736,CTV736,CGK,Jakarta Soekarno Hatta International Airport,Citilink,QG,A320,Airbus A320-214,PK-GLS,Landed 13:26,2026-09-02 04:06:31
SUB,arrivals,2026-09-01,13:30,,IU720,,BDJ,Banjarmasin Syamsudin Noor Airport,Super Air Jet,IU,A320,Airbus A320-232,PK-SAW,Unknown,2026-09-02 04:06:31
SUB,arrivals,2026-09-01,13:30,13:43,IU635,SJV635,BDJ,Banjarmasin Syamsudin Noor Airport,Super Air Jet,IU,A320,Airbus A320-232,PK-SAW,Landed 13:43,2026-09-02 04:06:31
SUB,arrivals,2026-09-01,13:40,13:37,MF8721,CXA8721,FOC,Fuzhou Changle International Airport,Xiamen Air,MF,B738,Boeing 737-85C,B-5791,Landed 13:37,2026-09-02 04:06:31
SUB,arrivals,2026-09-01,13:50,13:34,GA312,GIA312,CGK,Jakarta Soekarno Hatta International Airport,Garuda Indonesia,GA,B738,Boeing 737-8U3,PK-GMM,Landed 13:34,2026-09-02 04:06:31
SUB,arrivals,2026-09-01,13:55,14:34,JT919,LNI919,DPS,Denpasar Ngurah Rai International Airport,Lion Air,JT,B739,Boeing 737-9GP(ER),PK-LHQ,Landed 14:34,2026-09-02 04:06:31
SUB,arrivals,2026-09-01,14:00,14:13,QG176,CTV176,HLP,Jakarta Halim Perdanakusuma Airport,Citilink,QG,A320,Airbus A320-214,PK-GLT,Landed 14:13,2026-09-02 04:06:31
SUB,arrivals,2026-09-01,14:20,13:55,QG495,CTV495,BDJ,Banjarmasin Syamsudin Noor Airport,Citilink (Tiket.com Livery),QG,A320,Airbus A320-214,PK-GLZ,Landed 13:55,2026-09-02 04:06:31
SUB,arrivals,2026-09-01,14:30,14:25,QG949,CTV949,BTH,Batam Hang Nadim Airport,Citilink,QG,A20N,Airbus A320-251N,PK-GTG,Landed 14:25,2026-09-02 04:06:31
SUB,arrivals,2026-09-01,14:30,14:06,JT749,LNI749,MDC,Manado Sam Ratulangi International Airport,Lion Air,JT,B739,Boeing 737-96N(ER),PK-LSW,Landed 14:06,2026-09-02 04:06:31
SUB,arrivals,2026-09-01,14:35,14:01,JT879,LNI879,AMQ,Ambon Pattimura Airport,Lion Air,JT,B739,Boeing 737-9GP(ER),PK-LFZ,Landed 14:01,2026-09-02 04:06:31
SUB,arrivals,2026-09-01,14:50,14:51,JT983,LNI983,PKU,Pekanbaru Sultan Syarif Kasim II Airport,Lion Air,JT,B738,Boeing 737-8GP,PK-LJR,Landed 14:51,2026-09-02 04:06:31
SUB,arrivals,2026-09-01,14:50,14:58,IU675,SJV675,PKY,Palangkaraya Tjilik Riwut Airport,Super Air Jet,IU,A320,Airbus A320-232,PK-STC,Landed 14:58,2026-09-02 04:06:31
SUB,arrivals,2026-09-01,15:00,,JT838,,UPG,Makassar Sultan Hasanuddin International Airport,Lion Air,JT,B738,Boeing 737-8GP,PK-LJR,Unknown,2026-09-02 04:06:31
SUB,arrivals,2026-09-01,15:00,,JT1985,,UPG,Makassar Sultan Hasanuddin International Airport,Lion Air,JT,739,,,Unknown,2026-09-02 04:06:31
SUB,arrivals,2026-09-01,15:00,,JT1801,,UPG,Makassar Sultan Hasanuddin International Airport,Lion Air,JT,738,,,Unknown,2026-09-02 04:06:31
SUB,arrivals,2026-09-01,15:00,,JT897,,UPG,Makassar Sultan Hasanuddin International Airport,Lion Air,JT,738,,,Unknown,2026-09-02 04:06:31
SUB,arrivals,2026-09-01,15:00,14:47,JT707,LNI707,UPG,Makassar Sultan Hasanuddin International Airport,Lion Air,JT,B739,Boeing 737-9GP(ER),PK-LQS,Landed 14:47,2026-09-02 04:06:31
SUB,arrivals,2026-09-01,15:00,14:41,ID7501,BTK7501,HLP,Jakarta Halim Perdanakusuma Airport,Batik Air,ID,A320,Airbus A320-214,PK-LUZ,Landed 14:41,2026-09-02 04:06:31
SUB,arrivals,2026-09-01,15:00,14:44,ID6406,BTK6406,CGK,Jakarta Soekarno Hatta International Airport,Batik Air,ID,A20N,Airbus A320-251N,PK-BDF,Landed 14:44,2026-09-02 04:06:31
SUB,arrivals,2026-09-01,15:15,15:12,GA310,GIA310,CGK,Jakarta Soekarno Hatta International Airport,Garuda Indonesia,GA,B738,Boeing 737-8U3,PK-GUF,Landed 15:12,2026-09-02 04:06:31
SUB,arrivals,2026-09-01,15:40,15:35,SQ926,SIA926,SIN,Singapore Changi Airport,Singapore Airlines,SQ,B38M,Boeing 737 MAX 8,9V-MBE,Landed 15:35,2026-09-02 04:06:31
SUB,arrivals,2026-09-01,15:40,16:05,QG669,CTV669,DPS,Denpasar Ngurah Rai International Airport,Citilink,QG,A320,Airbus A320-214,PK-GQC,Landed 16:05,2026-09-02 04:06:31
SUB,arrivals,2026-09-01,15:50,,QG457,,PKY,Palangkaraya Tjilik Riwut Airport,Citilink,QG,A320,Airbus A320-214,PK-GLG,Canceled,2026-09-02 04:06:31
SUB,arrivals,2026-09-01,15:55,,JT883,,KOE,Kupang El Tari Airport,Lion Air,JT,738,,,Unknown,2026-09-02 04:06:31
SUB,arrivals,2026-09-01,15:55,15:49,JT695,LNI695,KOE,Kupang El Tari Airport,Lion Air,JT,B738,Boeing 737-8GP,PK-LPK,Landed 15:49,2026-09-02 04:06:31
SUB,arrivals,2026-09-01,16:00,15:42,IP206,PAS206,CGK,Jakarta Soekarno Hatta International Airport,Pelita Air,IP,A320,Airbus A320-214,PK-PWQ,Landed 15:42,2026-09-02 04:06:31
SUB,arrivals,2026-09-01,16:05,,JT853,,UPG,Makassar Sultan Hasanuddin International Airport,Lion Air,JT,739,,,Unknown,2026-09-02 04:06:31
SUB,arrivals,2026-09-01,16:05,,JT1797,,UPG,Makassar Sultan Hasanuddin International Airport,Lion Air,JT,739,,,Canceled,2026-09-02 04:06:31
SUB,arrivals,2026-09-01,16:05,,JT884,,UPG,Makassar Sultan Hasanuddin International Airport,Lion Air,JT,738,,,Unknown,2026-09-02 04:06:31
SUB,arrivals,2026-09-01,16:15,16:08,QG417,CTV417,PNK,Pontianak Supadio Airport,Citilink,QG,A20N,Airbus A320-251N,PK-GTI,Landed 16:08,2026-09-02 04:06:31
SUB,arrivals,2026-09-01,16:15,16:01,GA326,GIA326,CGK,Jakarta Soekarno Hatta International Airport,Garuda Indonesia (Ayo Pakai Masker Livery),GA,B738,Boeing 737-81D,PK-GFQ,Landed 16:01,2026-09-02 04:06:31
SUB,arrivals,2026-09-01,16:30,15:59,QG833,CTV833,BDO,Bandung Husein Sastranegara International Airport,Citilink,QG,A320,Airbus A320-214,PK-GLX,Landed 15:59,2026-09-02 04:06:31
SUB,arrivals,2026-09-01,16:35,16:47,JT972,LNI972,BTH,Batam Hang Nadim Airport,Lion Air,JT,B739,Boeing 737-9GP(ER),PK-LHR,Landed 16:47,2026-09-02 04:06:31
SUB,arrivals,2026-09-01,16:35,16:18,JT692,LNI692,CGK,Jakarta Soekarno Hatta International Airport,Lion Air,JT,B739,Boeing 737-9GP(ER),PK-LHP,Landed 16:18,2026-09-02 04:06:31
SUB,arrivals,2026-09-01,16:35,,JT171,,CGK,Jakarta Soekarno Hatta International Airport,Lion Air,JT,739,,,Unknown,2026-09-02 04:06:31
SUB,arrivals,2026-09-01,16:40,18:59,QG353,CTV353,UPG,Makassar Sultan Hasanuddin International Airport,Citilink,QG,A320,Airbus A320-214,PK-GLI,Landed 18:59,2026-09-02 04:06:31
SUB,arrivals,2026-09-01,16:40,16:39,JT681,LNI681,PKY,Palangkaraya Tjilik Riwut Airport,Lion Air,JT,B739,Boeing 737-9GP(ER),PK-LHS,Landed 16:39,2026-09-02 04:06:31
SUB,arrivals,2026-09-01,16:40,,IU703,,DPS,Denpasar Ngurah Rai International Airport,Super Air Jet,IU,320,,,Unknown,2026-09-02 04:06:31
SUB,arrivals,2026-09-01,16:45,16:14,QG716,CTV716,CGK,Jakarta Soekarno Hatta International Airport,Citilink,QG,A320,Airbus A320-214,PK-GLP,Landed 16:14,2026-09-02 04:06:31
SUB,arrivals,2026-09-01,16:50,,ID6711,,CGK,Jakarta Soekarno Hatta International Airport,Batik Air,ID,32A,,,Unknown,2026-09-02 04:06:31
SUB,arrivals,2026-09-01,17:00,17:27,IU721,SJV721,LOP,Lombok International Airport,Super Air Jet,IU,A320,Airbus A320-232,PK-SAW,Landed 17:27,2026-09-02 04:06:31
SUB,arrivals,2026-09-01,17:10,17:23,QZ323,AWQ323,KUL,Kuala Lumpur International Airport,AirAsia,AK,A320,Airbus A320-214,PK-AZJ,Landed 17:23,2026-09-02 04:06:31
SUB,arrivals,2026-09-01,17:10,16:51,GA349,GIA349,DPS,Denpasar Ngurah Rai International Airport,Garuda Indonesia (Retro 1960 Livery),GA,B738,Boeing 737-8U3,PK-GFM,Landed 16:51,2026-09-02 04:06:31
SUB,arrivals,2026-09-01,17:15,17:01,ID7515,BTK7515,HLP,Jakarta Halim Perdanakusuma Airport,Batik Air,ID,A320,Airbus A320-214,PK-LAL,Landed 17:01,2026-09-02 04:06:31
SUB,arrivals,2026-09-01,17:25,,SJ563,,UPG,Makassar Sultan Hasanuddin International Airport,Sriwijaya Air,SJ,735,,,Unknown,2026-09-02 04:06:31
SUB,arrivals,2026-09-01,17:30,17:35,ID6578,BTK6578,CGK,Jakarta Soekarno Hatta International Airport,Batik Air,ID,A320,Airbus A320-214,PK-LUI,Landed 17:35,2026-09-02 04:06:31
SUB,arrivals,2026-09-01,17:35,,IU363,,KNO,Medan Kuala Namu International Airport,Super Air Jet,IU,320,,,Unknown,2026-09-02 04:06:31
SUB,arrivals,2026-09-01,17:35,17:30,IP622,PAS622,BPN,Balikpapan Sepinggan Airport,Pelita Air,IP,A320,Airbus A320-214,PK-PWO,Landed 17:30,2026-09-02 04:06:31
SUB,arrivals,2026-09-01,17:40,18:15,IU2725,SJV2725,LBJ,Labuan Bajo Komodo Airport,Super Air Jet,IU,A320,Airbus A320-232,PK-SJJ,Landed 18:15,2026-09-02 04:06:31
SUB,arrivals,2026-09-01,17:40,17:20,GA320,GIA320,CGK,Jakarta Soekarno Hatta International Airport,Garuda Indonesia,GA,B738,Boeing 737-8SH,PK-GUE,Landed 17:20,2026-09-02 04:06:31
SUB,arrivals,2026-09-01,17:50,,JT1881,,UPG,Makassar Sultan Hasanuddin International Airport,Lion Air,JT,738,,,Unknown,2026-09-02 04:06:31
SUB,arrivals,2026-09-01,17:50,,JT1945,,UPG,Makassar Sultan Hasanuddin International Airport,Lion Air,JT,738,,,Unknown,2026-09-02 04:06:31
SUB,arrivals,2026-09-01,17:50,,JT1885,,UPG,Makassar Sultan Hasanuddin International Airport,Lion Air,JT,738,,,Unknown,2026-09-02 04:06:31
SUB,arrivals,2026-09-01,17:50,,JT997,,UPG,Makassar Sultan Hasanuddin International Airport,Lion Air,JT,738,,,Unknown,2026-09-02 04:06:31
SUB,arrivals,2026-09-01,17:50,18:12,JT885,LNI885,UPG,Makassar Sultan Hasanuddin International Airport,Lion Air,JT,B739,Boeing 737-9GP(ER),PK-LSK,Landed 18:12,2026-09-02 04:06:31
SUB,arrivals,2026-09-01,18:10,,JT803,,DPS,Denpasar Ngurah Rai International Airport,Lion Air,JT,738,,,Unknown,2026-09-02 04:06:31
SUB,arrivals,2026-09-01,18:15,,QG174,,CGK,Jakarta Soekarno Hatta International Airport,Citilink,QG,A20N,Airbus A320-251N,PK-GTC,Unknown,2026-09-02 04:06:31
SUB,arrivals,2026-09-01,18:15,18:09,CX629,CPA629,HKG,Hong Kong International Airport,Cathay Pacific,CX,A333,Airbus A330-343,B-HLO,Landed 18:09,2026-09-02 04:06:31
SUB,arrivals,2026-09-01,18:20,18:26,SQ928,SIA928,SIN,Singapore Changi Airport,Singapore Airlines,SQ,B38M,Boeing 737 MAX 8,9V-MBB,Landed 18:26,2026-09-02 04:06:31
SUB,arrivals,2026-09-01,18:20,19:39,JT361,LNI361,BPN,Balikpapan Sepinggan Airport,Lion Air,JT,B739,Boeing 737-9GP(ER),PK-LFZ,Landed 19:39,2026-09-02 04:06:31
SUB,arrivals,2026-09-01,18:30,,ID6576,,CGK,Jakarta Soekarno Hatta International Airport,Batik Air,ID,738,,,Canceled,2026-09-02 04:06:31
SUB,arrivals,2026-09-01,18:35,18:39,JT311,LNI311,BDJ,Banjarmasin Syamsudin Noor Airport,Lion Air,JT,B739,Boeing 737-9GP(ER),PK-LHQ,Landed 18:39,2026-09-02 04:06:31
SUB,arrivals,2026-09-01,18:40,,QG355,,UPG,Makassar Sultan Hasanuddin International Airport,Citilink,QG,320,,,Canceled,2026-09-02 04:06:31
SUB,arrivals,2026-09-01,18:50,18:51,TR266,TGW266,SIN,Singapore Changi Airport,Scoot,TR,B788,Boeing 787-8 Dreamliner,9V-OFA,Landed 18:51,2026-09-02 04:06:31
SUB,arrivals,2026-09-01,18:50,18:35,IP210,PAS210,CGK,Jakarta Soekarno Hatta International Airport,Pelita Air,IP,A320,Airbus A320-214,PK-PWJ,Landed 18:35,2026-09-02 04:06:31
SUB,arrivals,2026-09-01,18:55,,QG431,,BPN,Balikpapan Sepinggan Airport,Citilink,QG,A320,Airbus A320-214,PK-GQN,Canceled,2026-09-02 04:06:31
SUB,arrivals,2026-09-01,19:05,,QG489,,BDJ,Banjarmasin Syamsudin Noor Airport,Citilink,QG,A20N,Airbus A320-251N,PK-GTI,Unknown,2026-09-02 04:06:31
SUB,arrivals,2026-09-01,19:25,19:02,QG673,CTV673,LOP,Lombok International Airport,Citilink (Tiket.com Livery),QG,A320,Airbus A320-214,PK-GLZ,Landed 19:02,2026-09-02 04:06:31
SUB,arrivals,2026-09-01,19:25,18:55,GA347,GIA347,DPS,Denpasar Ngurah Rai International Airport,Garuda Indonesia,GA,B738,Boeing 737-8U3,PK-GUF,Landed 18:55,2026-09-02 04:06:31
SUB,arrivals,2026-09-01,19:40,19:25,QG699,CTV699,DPS,Denpasar Ngurah Rai International Airport,Citilink,QG,A20N,Airbus A320-251N,PK-GTG,Landed 19:25,2026-09-02 04:06:31
SUB,arrivals,2026-09-01,19:55,20:19,JT923,LNI923,DPS,Denpasar Ngurah Rai International Airport,Lion Air,JT,B739,Boeing 737-9GP(ER),PK-LHR,Landed 20:19,2026-09-02 04:06:31
SUB,arrivals,2026-09-01,19:55,,ID8763,,UPG,Makassar Sultan Hasanuddin International Airport,Batik Air,ID,32A,,,Unknown,2026-09-02 04:06:31
SUB,arrivals,2026-09-01,19:55,,ID8750,,UPG,Makassar Sultan Hasanuddin International Airport,Batik Air,ID,32A,,,Unknown,2026-09-02 04:06:31
SUB,arrivals,2026-09-01,19:55,,ID8183,,UPG,Makassar Sultan Hasanuddin International Airport,Batik Air,ID,32A,,,Unknown,2026-09-02 04:06:31
SUB,arrivals,2026-09-01,19:55,,ID8261,,UPG,Makassar Sultan Hasanuddin International Airport,Batik Air,ID,32A,,,Unknown,2026-09-02 04:06:31
SUB,arrivals,2026-09-01,19:55,,ID8293,,UPG,Makassar Sultan Hasanuddin International Airport,Batik Air,ID,32A,,,Unknown,2026-09-02 04:06:31
SUB,arrivals,2026-09-01,19:55,,ID8555,,UPG,Makassar Sultan Hasanuddin International Airport,Batik Air,ID,32A,,,Unknown,2026-09-02 04:06:31
SUB,arrivals,2026-09-01,19:55,19:43,ID6137,BTK6137,UPG,Makassar Sultan Hasanuddin International Airport,Batik Air,ID,A320,Airbus A320-214,PK-BKT,Landed 19:43,2026-09-02 04:06:31
SUB,arrivals,2026-09-01,20:00,19:48,QZ387,AWQ387,PEN,Penang International Airport,AirAsia,AK,A320,Airbus A320-216,PK-AZT,Landed 19:48,2026-09-02 04:06:31
SUB,arrivals,2026-09-01,20:00,20:40,IU341,SJV341,PNK,Pontianak Supadio Airport,Super Air Jet,IU,A320,Airbus A320-232,PK-STC,Landed 20:40,2026-09-02 04:06:31
SUB,arrivals,2026-09-01,20:00,20:15,IU320,SJV320,CGK,Jakarta Soekarno Hatta International Airport,Super Air Jet,IU,A320,Airbus A320-232,PK-STA,Landed 20:15,2026-09-02 04:06:31
SUB,arrivals,2026-09-01,20:30,21:25,ID6415,BTK6415,DPS,Denpasar Ngurah Rai International Airport,Batik Air,ID,A320,Airbus A320-214,PK-BKV,Landed 21:25,2026-09-02 04:06:31
SUB,arrivals,2026-09-01,20:45,,QG172,,HLP,Jakarta Halim Perdanakusuma Airport,Citilink,QG,A20N,Airbus A320-251N,PK-GTF,Unknown,2026-09-02 04:06:31
SUB,arrivals,2026-09-01,20:45,20:26,ID7251,BTK7251,KUL,Kuala Lumpur International Airport,Batik Air,ID,B738,Boeing 737-8GP,PK-LBW,Landed 20:26,2026-09-02 04:06:31
SUB,arrivals,2026-09-01,21:05,20:55,SJ567,SJY567,UPG,Makassar Sultan Hasanuddin International Airport,Sriwijaya Air,SJ,B738,Boeing 737-86N,PK-CRH,Landed 20:55,2026-09-02 04:06:31
SUB,arrivals,2026-09-01,21:15,20:51,QG726,CTV726,CGK,Jakarta Soekarno Hatta International Airport,Citilink,QG,A320,Airbus A320-214,PK-GQA,Landed 20:51,2026-09-02 04:06:31
SUB,arrivals,2026-09-01,21:30,,ID6821,,CGK,Jakarta Soekarno Hatta International Airport,Batik Air,ID,32A,,,Unknown,2026-09-02 04:06:31
SUB,arrivals,2026-09-01,21:30,21:37,ID6588,BTK6588,CGK,Jakarta Soekarno Hatta International Airport,Batik Air,ID,A320,Airbus A320-214,PK-BKY,Landed 21:37,2026-09-02 04:06:31
SUB,arrivals,2026-09-01,21:40,21:21,ID7521,BTK7521,HLP,Jakarta Halim Perdanakusuma Airport,Batik Air,ID,A320,Airbus A320-214,PK-LAL,Landed 21:21,2026-09-02 04:06:31
SUB,arrivals,2026-09-01,21:50,21:43,GA324,GIA324,CGK,Jakarta Soekarno Hatta International Airport,Garuda Indonesia,GA,B738,Boeing 737-8SH,PK-GUJ,Landed 21:43,2026-09-02 04:06:31
SUB,arrivals,2026-09-01,22:00,21:34,CZ8137,CSN8137,CAN,Guangzhou Baiyun International Airport,China Southern Airlines,CZ,A21N,Airbus A321-251NX,B-32N8,Landed 21:34,2026-09-02 04:06:31
SUB,arrivals,2026-09-01,22:40,23:25,QG728,CTV728,CGK,Jakarta Soekarno Hatta International Airport,Citilink,QG,A320,Airbus A320-214,PK-GLS,Landed 23:25,2026-09-02 04:06:31
SUB,arrivals,2026-09-01,23:30,23:38,QZ327,AWQ327,KUL,Kuala Lumpur International Airport,AirAsia,AK,A320,Airbus A320-214,PK-AZJ,Landed 23:38,2026-09-02 04:06:31
UPG,arrivals,2026-09-01,00:20,,JT888,,CGK,Jakarta Soekarno Hatta International Airport,Lion Air,JT,738,,,Unknown,2026-09-02 04:07:28
UPG,arrivals,2026-09-01,00:20,,JT948,,CGK,Jakarta Soekarno Hatta International Airport,Lion Air,JT,738,,,Unknown,2026-09-02 04:07:28
UPG,arrivals,2026-09-01,00:25,,JT984,,CGK,Jakarta Soekarno Hatta International Airport,Lion Air,JT,738,,,Canceled,2026-09-02 04:07:28
UPG,arrivals,2026-09-01,00:40,,SJ598,,CGK,Jakarta Soekarno Hatta International Airport,Sriwijaya Air,SJ,738,,,Unknown,2026-09-02 04:07:28
UPG,arrivals,2026-09-01,00:40,,RI320,,CGK,Jakarta Soekarno Hatta International Airport,Rimbun Air,RI,73Y,,,Unknown,2026-09-02 04:07:28
UPG,arrivals,2026-09-01,01:20,,SJ726,,DPS,Denpasar Ngurah Rai International Airport,Sriwijaya Air,SJ,738,,,Unknown,2026-09-02 04:07:28
UPG,arrivals,2026-09-01,01:20,,ID6164,,CGK,Jakarta Soekarno Hatta International Airport,Batik Air,ID,32A,,,Unknown,2026-09-02 04:07:28
UPG,arrivals,2026-09-01,01:25,01:22,ID6182,BTK6182,CGK,Jakarta Soekarno Hatta International Airport,Batik Air,ID,B738,Boeing 737-8GP,PK-LZV,Landed 02:22,2026-09-02 04:07:28
UPG,arrivals,2026-09-01,03:35,,JT3896,,CGK,Jakarta Soekarno Hatta International Airport,Lion Air,JT,739,,,Canceled,2026-09-02 04:07:28
UPG,arrivals,2026-09-01,03:35,,JT2792,,CGK,Jakarta Soekarno Hatta International Airport,Lion Air,JT,738,,,Canceled,2026-09-02 04:07:28
UPG,arrivals,2026-09-01,03:35,,JT1944,,CGK,Jakarta Soekarno Hatta International Airport,Lion Air,JT,739,,,Canceled,2026-09-02 04:07:28
UPG,arrivals,2026-09-01,03:35,,JT1852,,CGK,Jakarta Soekarno Hatta International Airport,Lion Air,JT,738,,,Unknown,2026-09-02 04:07:28
UPG,arrivals,2026-09-01,03:35,,JT986,,CGK,Jakarta Soekarno Hatta International Airport,Lion Air,JT,738,,,Unknown,2026-09-02 04:07:28
UPG,arrivals,2026-09-01,03:35,,JT898,,CGK,Jakarta Soekarno Hatta International Airport,Lion Air,JT,7M9,,,Unknown,2026-09-02 04:07:28
UPG,arrivals,2026-09-01,04:25,,ID6770,,CGK,Jakarta Soekarno Hatta International Airport,Batik Air,ID,32A,,,Canceled,2026-09-02 04:07:28
UPG,arrivals,2026-09-01,04:25,,ID6751,,CGK,Jakarta Soekarno Hatta International Airport,Batik Air,ID,32A,,,Unknown,2026-09-02 04:07:28
UPG,arrivals,2026-09-01,04:25,04:18,ID6264,BTK6264,CGK,Jakarta Soekarno Hatta International Airport,Batik Air,ID,A320,Airbus A320-214,PK-BKV,Landed 05:18,2026-09-02 04:07:28
UPG,arrivals,2026-09-01,05:50,05:49,JT981,LNI981,TTE,Ternate Babullah Airport,Lion Air,JT,B738,Boeing 737-8GP,PK-LQZ,Landed 06:49,2026-09-02 04:07:28
UPG,arrivals,2026-09-01,05:50,,JT871,,TTE,Ternate Babullah Airport,Lion Air,JT,739,,,Canceled,2026-09-02 04:07:28
UPG,arrivals,2026-09-01,06:10,05:54,QG250,CTV250,CGK,Jakarta Soekarno Hatta International Airport,Citilink,QG,A320,Airbus A320-214,PK-GLG,Landed 06:54,2026-09-02 04:07:25
UPG,arrivals,2026-09-01,06:10,,JT3871,,PLW,Palu Mutiara Airport,Lion Air,JT,738,,,Canceled,2026-09-02 04:07:25
UPG,arrivals,2026-09-01,06:10,05:59,JT781,LNI781,PLW,Palu Mutiara Airport,Lion Air,JT,B739,Boeing 737-9GP(ER),PK-LHS,Landed 06:59,2026-09-02 04:07:25
UPG,arrivals,2026-09-01,06:10,,JT641,,PLW,Palu Mutiara Airport,Lion Air,JT,739,,,Unknown,2026-09-02 04:07:25
UPG,arrivals,2026-09-01,06:25,06:14,ID6288,BTK6288,CGK,Jakarta Soekarno Hatta International Airport,Batik Air,ID,A320,Airbus A320-214,PK-BKT,Landed 07:14,2026-09-02 04:07:25
UPG,arrivals,2026-09-01,06:30,,ID6267,,AMQ,Ambon Pattimura Airport,Batik Air,ID,32A,,,Unknown,2026-09-02 04:07:25
UPG,arrivals,2026-09-01,06:30,06:31,ID6165,BTK6165,AMQ,Ambon Pattimura Airport,Batik Air,ID,A320,Airbus A320-214,PK-LAI,Landed 07:31,2026-09-02 04:07:25
UPG,arrivals,2026-09-01,06:35,,JT742,,SUB,Surabaya Juanda International Airport,Lion Air,JT,738,,,Canceled,2026-09-02 04:07:25
UPG,arrivals,2026-09-01,06:35,06:37,JT786,LNI786,SUB,Surabaya Juanda International Airport,Lion Air,JT,B739,Boeing 737-9GP(ER),PK-LSU,Landed 07:37,2026-09-02 04:07:25
UPG,arrivals,2026-09-01,06:40,06:18,IW1305,WON1305,BUW,Bau-Bau Betoambari Airport,Wings Air,IW,AT76,ATR 72-600,PK-WHK,Landed 07:18,2026-09-02 04:07:25
UPG,arrivals,2026-09-01,06:40,,IU532,,BPN,Balikpapan Sepinggan Airport,Super Air Jet,IU,320,,,Canceled,2026-09-02 04:07:25
UPG,arrivals,2026-09-01,06:45,,JT2891,,MDC,Manado Sam Ratulangi International Airport,Lion Air,JT,738,,,Canceled,2026-09-02 04:07:25
UPG,arrivals,2026-09-01,06:45,,JT791,,MDC,Manado Sam Ratulangi International Airport,Lion Air,JT,739,,,Unknown,2026-09-02 04:07:25
UPG,arrivals,2026-09-01,06:45,06:22,JT741,LNI741,MDC,Manado Sam Ratulangi International Airport,Lion Air,JT,B739,Boeing 737-9GP(ER),PK-LHI,Landed 07:22,2026-09-02 04:07:25
UPG,arrivals,2026-09-01,06:50,06:53,SJ594,SJY594,CGK,Jakarta Soekarno Hatta International Airport,Sriwijaya Air,SJ,B735,Boeing 737-524,PK-CLE,Landed 07:53,2026-09-02 04:07:25
UPG,arrivals,2026-09-01,06:50,,SJ592,,CGK,Jakarta Soekarno Hatta International Airport,Sriwijaya Air,SJ,735,,,Unknown,2026-09-02 04:07:25
UPG,arrivals,2026-09-01,06:55,,JT1707,,KDI,Kendari Haluoleo Airport,Lion Air,JT,739,,,Unknown,2026-09-02 04:07:25
UPG,arrivals,2026-09-01,06:55,06:48,JT991,LNI991,KDI,Kendari Haluoleo Airport,Lion Air,JT,B739,Boeing 737-9GP(ER),PK-LFK,Landed 07:48,2026-09-02 04:07:25
UPG,arrivals,2026-09-01,07:25,,JT944,,DPS,Denpasar Ngurah Rai International Airport,Lion Air,JT,738,,,Unknown,2026-09-02 04:07:25
UPG,arrivals,2026-09-01,07:25,07:26,JT746,LNI746,DPS,Denpasar Ngurah Rai International Airport,Lion Air,JT,B738,Boeing 737-8GP,PK-LOI,Landed 08:26,2026-09-02 04:07:25
UPG,arrivals,2026-09-01,07:30,07:18,QG212,CTV212,CGK,Jakarta Soekarno Hatta International Airport,Citilink,QG,A320,Airbus A320-214,PK-GLU,Landed 08:18,2026-09-02 04:07:25
UPG,arrivals,2026-09-01,07:30,,JT1892,,SUB,Surabaya Juanda International Airport,Lion Air,JT,738,,,Unknown,2026-09-02 04:07:25
UPG,arrivals,2026-09-01,07:55,,ID6260,,CGK,Jakarta Soekarno Hatta International Airport,Batik Air,ID,32A,,,Canceled,2026-09-02 04:07:25
UPG,arrivals,2026-09-01,07:55,07:45,ID6236,BTK6236,CGK,Jakarta Soekarno Hatta International Airport,Batik Air,ID,A320,Airbus A320-214,PK-LUJ,Landed 08:45,2026-09-02 04:07:25
UPG,arrivals,2026-09-01,08:00,07:42,GA604,GIA604,CGK,Jakarta Soekarno Hatta International Airport,Garuda Indonesia,GA,B738,Boeing 737-8U3,PK-GFV,Landed 08:42,2026-09-02 04:07:25
UPG,arrivals,2026-09-01,08:10,08:14,IU220,SJV220,MKW,Manokwari Rendani Airport,Super Air Jet,IU,A320,Airbus A320-232,PK-SGB,Landed 09:14,2026-09-02 04:07:25
UPG,arrivals,2026-09-01,08:15,,SJ903,,SOQ,Sorong Dominique Edward Osok Airport,Sriwijaya Air,SJ,735,,,Unknown,2026-09-02 04:07:25
UPG,arrivals,2026-09-01,08:15,,JT1942,,SUB,Surabaya Juanda International Airport,Lion Air,JT,739,,,Unknown,2026-09-02 04:07:25
UPG,arrivals,2026-09-01,08:15,,JT994,,SUB,Surabaya Juanda International Airport,Lion Air,JT,738,,,Unknown,2026-09-02 04:07:25
UPG,arrivals,2026-09-01,08:15,08:21,JT882,LNI882,SUB,Surabaya Juanda International Airport,Lion Air,JT,B739,Boeing 737-9GP(ER),PK-LGL,Landed 09:21,2026-09-02 04:07:25
UPG,arrivals,2026-09-01,08:15,,JT854,,SUB,Surabaya Juanda International Airport,Lion Air,JT,739,,,Canceled,2026-09-02 04:07:25
UPG,arrivals,2026-09-01,08:15,08:05,IW1297,WON1297,MOH,Morowali Maleo Airport,Wings Air,IW,AT76,ATR 72-600,PK-WHQ,Landed 09:05,2026-09-02 04:07:25
UPG,arrivals,2026-09-01,08:25,07:54,IW1207,WON1207,KXB,Kolaka Sangia Nibandera Airport,Wings Air,IW,AT76,ATR 72-600,PK-WHU,Landed 08:54,2026-09-02 04:07:25
UPG,arrivals,2026-09-01,08:25,08:25,IP806,PAS806,CGK,Jakarta Soekarno Hatta International Airport,Pelita Air,IP,A320,Airbus A320-214,PK-PWH,Landed 09:25,2026-09-02 04:07:25
UPG,arrivals,2026-09-01,08:50,08:30,IW1309,WON1309,BUW,Bau-Bau Betoambari Airport,Wings Air (60th ATR to Lion GroupLivery),IW,AT76,ATR 72-600,PK-WHS,Landed 09:30,2026-09-02 04:07:25
UPG,arrivals,2026-09-01,09:00,,JT1949,,MKQ,Merauke Mopah International Airport,Lion Air,JT,738,,,Unknown,2026-09-02 04:07:25
UPG,arrivals,2026-09-01,09:00,09:01,JT949,LNI949,MKQ,Merauke Mopah International Airport,Lion Air,JT,B738,Boeing 737-8GP,PK-LKQ,Landed 10:01,2026-09-02 04:07:25
UPG,arrivals,2026-09-01,09:20,09:13,AK330,AXM330,KUL,Kuala Lumpur International Airport,AirAsia,AK,A320,Airbus A320-216,9M-AHE,Landed 10:13,2026-09-02 04:07:25
UPG,arrivals,2026-09-01,09:25,,JT1943,,SOQ,Sorong Dominique Edward Osok Airport,Lion Air,JT,738,,,Canceled,2026-09-02 04:07:25
UPG,arrivals,2026-09-01,09:25,,JT943,,SOQ,Sorong Dominique Edward Osok Airport,Lion Air,JT,738,,,Canceled,2026-09-02 04:07:25
UPG,arrivals,2026-09-01,09:25,,ID6262,,CGK,Jakarta Soekarno Hatta International Airport,Batik Air,ID,32A,,,Canceled,2026-09-02 04:07:25
UPG,arrivals,2026-09-01,09:30,09:41,IW1351,WON1351,LLO,Palopo Lagaligo Airport,Wings Air,IW,AT76,ATR 72-600,PK-WGP,Landed 10:41,2026-09-02 04:07:25
UPG,arrivals,2026-09-01,09:30,09:25,GA610,GIA610,CGK,Jakarta Soekarno Hatta International Airport,Garuda Indonesia,GA,B738,Boeing 737-8U3,PK-GUG,Landed 10:25,2026-09-02 04:07:25
UPG,arrivals,2026-09-01,09:45,13:18,IW1303,WON1303,MJU,Mamuju Tampa Padang Airport,Wings Air,IW,AT75,ATR 72-500,PK-WFU,Landed 14:18,2026-09-02 04:07:25
UPG,arrivals,2026-09-01,09:50,09:45,JT987,LNI987,KDI,Kendari Haluoleo Airport,Lion Air,JT,B739,Boeing 737-9GP(ER),PK-LHS,Landed 10:45,2026-09-02 04:07:25
UPG,arrivals,2026-09-01,09:50,,JT707,,KDI,Kendari Haluoleo Airport,Lion Air,JT,739,,,Unknown,2026-09-02 04:07:25
UPG,arrivals,2026-09-01,10:10,,SJ699,,TTE,Ternate Babullah Airport,Sriwijaya Air,SJ,B738,Boeing 737-86N,PK-CRH,Unknown,2026-09-02 04:07:25
UPG,arrivals,2026-09-01,10:10,,SJ697,,TTE,Ternate Babullah Airport,Sriwijaya Air,SJ,738,,,Unknown,2026-09-02 04:07:25
UPG,arrivals,2026-09-01,10:10,11:44,SJ699,SJY699,TTE,Ternate Babullah Airport,Sriwijaya Air,SJ,B738,Boeing 737-86N,PK-CRH,Landed 12:44,2026-09-02 04:07:25
UPG,arrivals,2026-09-01,10:10,,ID8750,,KDI,Kendari Haluoleo Airport,Batik Air,ID,32A,,,Unknown,2026-09-02 04:07:25
UPG,arrivals,2026-09-01,10:10,10:28,ID6750,BTK6750,KDI,Kendari Haluoleo Airport,Batik Air,ID,A320,Airbus A320-214,PK-BKT,Landed 11:28,2026-09-02 04:07:25
UPG,arrivals,2026-09-01,10:20,,ID8183,,DJJ,Jayapura Sentani Airport,Batik Air,ID,32A,,,Unknown,2026-09-02 04:07:25
UPG,arrivals,2026-09-01,10:20,10:05,ID6183,BTK6183,DJJ,Jayapura Sentani Airport,Batik Air,ID,B738,Boeing 737-8GP,PK-LZV,Landed 11:05,2026-09-02 04:07:25
UPG,arrivals,2026-09-01,10:25,10:31,SJ539,SJY539,MOH,Morowali Maleo Airport,Sriwijaya Air,SJ,B735,Boeing 737-524,PK-CLE,Landed 11:31,2026-09-02 04:07:25
UPG,arrivals,2026-09-01,10:25,10:10,IW1329,WON1329,MOH,Morowali Maleo Airport,Wings Air,IW,AT76,ATR 72-600,PK-WHK,Landed 11:10,2026-09-02 04:07:25
UPG,arrivals,2026-09-01,10:30,10:25,QG354,CTV354,SUB,Surabaya Juanda International Airport,Citilink,QG,A20N,Airbus A320-251N,PK-GTC,Landed 11:25,2026-09-02 04:07:25
UPG,arrivals,2026-09-01,10:55,10:56,GA618,GIA618,CGK,Jakarta Soekarno Hatta International Airport,Garuda Indonesia,GA,B738,Boeing 737-8U3,PK-GMD,Landed 11:56,2026-09-02 04:07:25
UPG,arrivals,2026-09-01,11:00,,JT992,,CGK,Jakarta Soekarno Hatta International Airport,Lion Air,JT,738,,,Canceled,2026-09-02 04:07:25
UPG,arrivals,2026-09-01,11:00,,JT1994,,CGK,Jakarta Soekarno Hatta International Airport,Lion Air,JT,738,,,Unknown,2026-09-02 04:07:25
UPG,arrivals,2026-09-01,11:00,11:02,JT892,LNI892,CGK,Jakarta Soekarno Hatta International Airport,Lion Air (Bookcabin Livery),JT,B738,Boeing 737-8GP,PK-LJY,Landed 12:02,2026-09-02 04:07:25
UPG,arrivals,2026-09-01,11:05,,JT1897,,TTE,Ternate Babullah Airport,Lion Air,JT,738,,,Unknown,2026-09-02 04:07:25
UPG,arrivals,2026-09-01,11:05,11:06,JT897,LNI897,TTE,Ternate Babullah Airport,Lion Air,JT,B738,Boeing 737-8GP,PK-LOP,Landed 12:06,2026-09-02 04:07:25
UPG,arrivals,2026-09-01,11:10,10:46,IW1205,WON1205,KXB,Kolaka Sangia Nibandera Airport,Wings Air,IW,AT76,ATR 72-600,PK-WHU,Landed 11:46,2026-09-02 04:07:25
UPG,arrivals,2026-09-01,11:20,,JT744,,DPS,Denpasar Ngurah Rai International Airport,Lion Air,JT,739,,,Unknown,2026-09-02 04:07:25
UPG,arrivals,2026-09-01,11:20,,ID6762,,CGK,Jakarta Soekarno Hatta International Airport,Batik Air,ID,32A,,,Unknown,2026-09-02 04:07:25
UPG,arrivals,2026-09-01,11:20,,ID6554,,CGK,Jakarta Soekarno Hatta International Airport,Batik Air,ID,A320,Airbus A320-214,PK-BKT,Unknown,2026-09-02 04:07:25
UPG,arrivals,2026-09-01,11:25,11:18,ID6292,BTK6292,CGK,Jakarta Soekarno Hatta International Airport,Batik Air,ID,A320,Airbus A320-232,PK-BKJ,Landed 12:18,2026-09-02 04:07:25
UPG,arrivals,2026-09-01,11:30,,ID6771,,MDC,Manado Sam Ratulangi International Airport,Batik Air,ID,32A,,,Canceled,2026-09-02 04:07:25
UPG,arrivals,2026-09-01,11:40,,JT1985,,TIM,Timika Airport,Lion Air,JT,739,,,Unknown,2026-09-02 04:07:25
UPG,arrivals,2026-09-01,11:45,11:31,JT985,LNI985,TIM,Timika Airport,Lion Air,JT,B739,Boeing 737-9GP(ER),PK-LQT,Landed 12:31,2026-09-02 04:07:25
UPG,arrivals,2026-09-01,11:50,,SJ533,,PSJ,Poso Kasiguncu Airport,Sriwijaya Air,SJ,735,,,Unknown,2026-09-02 04:07:25
UPG,arrivals,2026-09-01,11:50,11:52,JT93,LNI093,JED,Jeddah King Abdulaziz International Airport,Lion Air,JT,A339,Airbus A330-941,PK-LEI,Landed 12:52,2026-09-02 04:07:25
UPG,arrivals,2026-09-01,12:05,,GA605,,KDI,Kendari Haluoleo Airport,Garuda Indonesia,GA,B738,Boeing 737-8U3,PK-GFV,Unknown,2026-09-02 04:07:25
UPG,arrivals,2026-09-01,12:05,11:55,GA605,GIA605,KDI,Kendari Haluoleo Airport,Garuda Indonesia,GA,B738,Boeing 737-8U3,PK-GFV,Landed 12:55,2026-09-02 04:07:25
UPG,arrivals,2026-09-01,12:10,12:13,JT640,LNI640,YIA,Yogyakarta International Airport,Lion Air,JT,B739,Boeing 737-9GP(ER),PK-LFK,Landed 13:13,2026-09-02 04:07:25
UPG,arrivals,2026-09-01,12:10,12:04,IW1327,WON1327,MOH,Morowali Maleo Airport,Wings Air,IW,AT76,ATR 72-600,PK-WHQ,Landed 13:04,2026-09-02 04:07:25
UPG,arrivals,2026-09-01,12:15,,JT2778,,CGK,Jakarta Soekarno Hatta International Airport,Lion Air,JT,738,,,Canceled,2026-09-02 04:07:25
UPG,arrivals,2026-09-01,12:15,,JT1774,,CGK,Jakarta Soekarno Hatta International Airport,Lion Air,JT,738,,,Canceled,2026-09-02 04:07:25
UPG,arrivals,2026-09-01,12:15,,JT1740,,CGK,Jakarta Soekarno Hatta International Airport,Lion Air,JT,739,,,Canceled,2026-09-02 04:07:25
UPG,arrivals,2026-09-01,12:15,,JT774,,CGK,Jakarta Soekarno Hatta International Airport,Lion Air,JT,738,,,Canceled,2026-09-02 04:07:25
UPG,arrivals,2026-09-01,12:20,12:29,JT939,LNI939,BIK,Biak Frans Kaisiepo Airport,Lion Air,JT,B738,Boeing 737-8GP,PK-LJQ,Landed 13:29,2026-09-02 04:07:25
UPG,arrivals,2026-09-01,12:20,,ID6137,,LUW,Luwuk Bubung Airport,Batik Air,ID,32A,,,Unknown,2026-09-02 04:07:25
UPG,arrivals,2026-09-01,12:20,12:37,ID6295,BTK6295,LUW,Luwuk Bubung Airport,Batik Air,ID,A320,Airbus A320-214,PK-LAI,Landed 13:37,2026-09-02 04:07:25
UPG,arrivals,2026-09-01,12:25,,JT1801,,MDC,Manado Sam Ratulangi International Airport,Lion Air,JT,738,,,Unknown,2026-09-02 04:07:25
UPG,arrivals,2026-09-01,12:25,,JT1643,,MDC,Manado Sam Ratulangi International Airport,Lion Air,JT,738,,,Unknown,2026-09-02 04:07:25
UPG,arrivals,2026-09-01,12:25,,JT1743,,MDC,Manado Sam Ratulangi International Airport,Lion Air,JT,738,,,Unknown,2026-09-02 04:07:25
UPG,arrivals,2026-09-01,12:25,,JT743,,MDC,Manado Sam Ratulangi International Airport,Lion Air,JT,738,,,Unknown,2026-09-02 04:07:25
UPG,arrivals,2026-09-01,12:40,,SJ589,,TIM,Timika Airport,Sriwijaya Air,SJ,738,,,Unknown,2026-09-02 04:07:25
UPG,arrivals,2026-09-01,12:45,,JT1780,,SUB,Surabaya Juanda International Airport,Lion Air,JT,B739,Boeing 737-9GP(ER),PK-LGL,Unknown,2026-09-02 04:07:25
UPG,arrivals,2026-09-01,12:45,,JT998,,SUB,Surabaya Juanda International Airport,Lion Air,JT,738,,,Canceled,2026-09-02 04:07:25
UPG,arrivals,2026-09-01,12:45,,JT980,,SUB,Surabaya Juanda International Airport,Lion Air,JT,738,,,Unknown,2026-09-02 04:07:25
UPG,arrivals,2026-09-01,12:45,,JT837,,SUB,Surabaya Juanda International Airport,Lion Air,JT,738,,,Unknown,2026-09-02 04:07:25
UPG,arrivals,2026-09-01,12:45,12:24,JT706,LNI706,SUB,Surabaya Juanda International Airport,Lion Air,JT,B739,Boeing 737-9GP(ER),PK-LQS,Landed 13:24,2026-09-02 04:07:25
UPG,arrivals,2026-09-01,12:50,,SJ785,,TIM,Timika Airport,Sriwijaya Air,SJ,735,,,Unknown,2026-09-02 04:07:25
UPG,arrivals,2026-09-01,13:00,12:44,IW1307,WON1307,BUW,Bau-Bau Betoambari Airport,Wings Air (60th ATR to Lion GroupLivery),IW,AT76,ATR 72-600,PK-WHS,Landed 13:44,2026-09-02 04:07:25
UPG,arrivals,2026-09-01,13:10,,KS502,,APD,Bone Arung Palakka Airport,Aeroitalia Regional,KS,ATR,,,Unknown,2026-09-02 04:07:25
UPG,arrivals,2026-09-01,13:10,,JT1853,,PLW,Palu Mutiara Airport,Lion Air,JT,739,,,Unknown,2026-09-02 04:07:25
UPG,arrivals,2026-09-01,13:10,,JT853,,PLW,Palu Mutiara Airport,Lion Air,JT,738,,,Unknown,2026-09-02 04:07:25
UPG,arrivals,2026-09-01,13:15,,JT1881,,AMQ,Ambon Pattimura Airport,Lion Air,JT,738,,,Unknown,2026-09-02 04:07:25
UPG,arrivals,2026-09-01,13:20,,JT1797,,DJJ,Jayapura Sentani Airport,Lion Air,JT,739,,,Canceled,2026-09-02 04:07:22
UPG,arrivals,2026-09-01,13:20,13:02,JT797,LNI797,DJJ,Jayapura Sentani Airport,Lion Air,JT,B739,Boeing 737-9GP(ER),PK-LSK,Landed 14:02,2026-09-02 04:07:25
UPG,arrivals,2026-09-01,13:25,,SJ599,,TTE,Ternate Babullah Airport,Sriwijaya Air,SJ,738,,,Unknown,2026-09-02 04:07:22
UPG,arrivals,2026-09-01,13:30,13:52,QG350,CTV350,SUB,Surabaya Juanda International Airport,Citilink,QG,A320,Airbus A320-214,PK-GLU,Landed 14:52,2026-09-02 04:07:22
UPG,arrivals,2026-09-01,13:30,13:32,IW1941,WON1941,MOF,Maumere Frans Seda Airport,Wings Air,IW,AT76,ATR 72-600,PK-WGP,Landed 14:32,2026-09-02 04:07:22
UPG,arrivals,2026-09-01,13:30,,IW1911,,LBJ,Labuan Bajo Komodo Airport,Wings Air,IW,AT7,,,Canceled,2026-09-02 04:07:22
UPG,arrivals,2026-09-01,13:55,15:24,SJ702,SJY702,DJJ,Jayapura Sentani Airport,Sriwijaya Air,SJ,B735,Boeing 737-524,PK-CLH,Landed 16:24,2026-09-02 04:07:22
UPG,arrivals,2026-09-01,13:55,,JT996,,SUB,Surabaya Juanda International Airport,Lion Air,JT,738,,,Unknown,2026-09-02 04:07:22
UPG,arrivals,2026-09-01,13:55,13:46,JT780,LNI780,SUB,Surabaya Juanda International Airport,Lion Air,JT,B739,Boeing 737-9GP(ER),PK-LGL,Landed 14:46,2026-09-02 04:07:22
UPG,arrivals,2026-09-01,14:00,,SJ5381,,MOH,Morowali Maleo Airport,Sriwijaya Air,SJ,735,,,Unknown,2026-09-02 04:07:22
UPG,arrivals,2026-09-01,14:00,13:41,IW1209,WON1209,KXB,Kolaka Sangia Nibandera Airport,Wings Air,IW,AT76,ATR 72-600,PK-WHU,Landed 14:41,2026-09-02 04:07:22
UPG,arrivals,2026-09-01,14:05,,IW1299,,MOH,Morowali Maleo Airport,Wings Air,IW,AT7,,,Canceled,2026-09-02 04:07:22
UPG,arrivals,2026-09-01,14:25,,JT993,,KDI,Kendari Haluoleo Airport,Lion Air,JT,738,,,Canceled,2026-09-02 04:07:22
UPG,arrivals,2026-09-01,14:25,,JT885,,KDI,Kendari Haluoleo Airport,Lion Air,JT,738,,,Unknown,2026-09-02 04:07:22
UPG,arrivals,2026-09-01,14:30,14:33,QG342,CTV342,DPS,Denpasar Ngurah Rai International Airport,Citilink,QG,A20N,Airbus A320-251N,PK-GTC,Landed 15:33,2026-09-02 04:07:22
UPG,arrivals,2026-09-01,14:55,,SJ7020,,NBX,Nabire Airport,Sriwijaya Air,SJ,735,,,Unknown,2026-09-02 04:07:22
UPG,arrivals,2026-09-01,14:55,16:07,SJ901,LKN7901,NBX,Nabire Airport,Nam Air,IN,B735,Boeing 737-524,PK-NAQ,Landed 17:07,2026-09-02 04:07:22
UPG,arrivals,2026-09-01,15:05,,JT789,,SOQ,Sorong Dominique Edward Osok Airport,Lion Air,JT,738,,,Unknown,2026-09-02 04:07:22
UPG,arrivals,2026-09-01,15:05,14:29,JT941,LNI941,SOQ,Sorong Dominique Edward Osok Airport,Lion Air,JT,B738,Boeing 737-8GP,PK-LQY,Landed 15:29,2026-09-02 04:07:22
UPG,arrivals,2026-09-01,15:10,,ID8261,,TIM,Timika Airport,Batik Air,ID,32A,,,Unknown,2026-09-02 04:07:22
UPG,arrivals,2026-09-01,15:15,,JT1885,,GTO,Gorontalo Jalaluddin Airport,Lion Air,JT,738,,,Unknown,2026-09-02 04:07:22
UPG,arrivals,2026-09-01,15:15,15:37,JT793,LNI793,GTO,Gorontalo Jalaluddin Airport,Lion Air,JT,B738,Boeing 737-8GP,PK-LOP,Landed 16:37,2026-09-02 04:07:22
UPG,arrivals,2026-09-01,15:15,,ID8293,,LUW,Luwuk Bubung Airport,Batik Air,ID,32A,,,Unknown,2026-09-02 04:07:22
UPG,arrivals,2026-09-01,15:15,14:58,ID6293,BTK6293,LUW,Luwuk Bubung Airport,Batik Air,ID,A320,Airbus A320-232,PK-BKJ,Landed 15:58,2026-09-02 04:07:22
UPG,arrivals,2026-09-01,15:15,,ID6235,,LUW,Luwuk Bubung Airport,Batik Air,ID,32A,,,Canceled,2026-09-02 04:07:22
UPG,arrivals,2026-09-01,15:20,,ID8555,,PLW,Palu Mutiara Airport,Batik Air,ID,32A,,,Unknown,2026-09-02 04:07:22
UPG,arrivals,2026-09-01,15:20,15:22,ID6555,BTK6555,PLW,Palu Mutiara Airport,Batik Air,ID,A320,Airbus A320-214,PK-BKT,Landed 16:22,2026-09-02 04:07:22
UPG,arrivals,2026-09-01,15:30,17:30,JT997,LNI997,KDI,Kendari Haluoleo Airport,Lion Air,JT,B739,Boeing 737-9GP(ER),PK-LFK,Landed 18:30,2026-09-02 04:07:22
UPG,arrivals,2026-09-01,15:30,,JT703,,KDI,Kendari Haluoleo Airport,Lion Air,JT,738,,,Canceled,2026-09-02 04:07:22
UPG,arrivals,2026-09-01,15:35,,SJ535,,RAQ,Raha Sugimanuru Airport,Sriwijaya Air,SJ,735,,,Unknown,2026-09-02 04:07:22
UPG,arrivals,2026-09-01,15:35,,JT1703,,SOQ,Sorong Dominique Edward Osok Airport,Lion Air,JT,738,,,Canceled,2026-09-02 04:07:22
UPG,arrivals,2026-09-01,15:35,15:07,JT945,LNI945,SOQ,Sorong Dominique Edward Osok Airport,Lion Air,JT,B738,Boeing 737-8GP,PK-LKQ,Landed 16:07,2026-09-02 04:07:22
UPG,arrivals,2026-09-01,15:40,,JT1945,,SOQ,Sorong Dominique Edward Osok Airport,Lion Air,JT,738,,,Unknown,2026-09-02 04:07:22
UPG,arrivals,2026-09-01,15:45,16:04,IW1333,WON1333,MOH,Morowali Maleo Airport,Wings Air,IW,AT76,ATR 72-600,PK-WHQ,Landed 17:04,2026-09-02 04:07:22
UPG,arrivals,2026-09-01,15:50,15:42,IW1325,WON1325,MOH,Morowali Maleo Airport,Wings Air,IW,AT76,ATR 72-600,PK-WJL,Landed 16:42,2026-09-02 04:07:22
UPG,arrivals,2026-09-01,15:50,15:45,IW1203,WON1203,KXB,Kolaka Sangia Nibandera Airport,Wings Air (60th ATR to Lion GroupLivery),IW,AT76,ATR 72-600,PK-WHS,Landed 16:45,2026-09-02 04:07:22
UPG,arrivals,2026-09-01,15:55,15:48,JT740,LNI740,DPS,Denpasar Ngurah Rai International Airport,Lion Air,JT,B739,Boeing 737-9GP(ER),PK-LHI,Landed 16:48,2026-09-02 04:07:22
UPG,arrivals,2026-09-01,16:20,,SJ913,,SOQ,Sorong Dominique Edward Osok Airport,Sriwijaya Air,SJ,735,,,Unknown,2026-09-02 04:07:22
UPG,arrivals,2026-09-01,16:25,16:29,TR230,TGW230,SIN,Singapore Changi Airport,Scoot,TR,A20N,Airbus A320-271N,9V-TNF,Landed 17:29,2026-09-02 04:07:22
UPG,arrivals,2026-09-01,16:30,,QG352,,SUB,Surabaya Juanda International Airport,Citilink,QG,A20N,Airbus A320-251N,PK-GTA,Canceled,2026-09-02 04:07:22
UPG,arrivals,2026-09-01,16:30,16:39,JT848,LNI848,KOE,Kupang El Tari Airport,Lion Air,JT,B738,Boeing 737-8GP,PK-LJQ,Landed 17:39,2026-09-02 04:07:22
UPG,arrivals,2026-09-01,16:35,,IW1301,,MJU,Mamuju Tampa Padang Airport,Wings Air,IW,AT7,,,Canceled,2026-09-02 04:07:22
UPG,arrivals,2026-09-01,16:45,16:42,QG340,CTV340,CGK,Jakarta Soekarno Hatta International Airport,Citilink,QG,A320,Airbus A320-214,PK-GLI,Landed 17:42,2026-09-02 04:07:22
UPG,arrivals,2026-09-01,16:45,,JT995,,KDI,Kendari Haluoleo Airport,Lion Air,JT,738,,,Unknown,2026-09-02 04:07:22
UPG,arrivals,2026-09-01,16:50,18:26,SJ580,SJY580,CGK,Jakarta Soekarno Hatta International Airport,Sriwijaya Air,SJ,B738,Boeing 737-86N,PK-CRH,Landed 19:26,2026-09-02 04:07:22
UPG,arrivals,2026-09-01,16:50,16:46,IW1868,WON1868,BMU,Bima Sultan Muhammad Salahudin Airport,Wings Air,IW,AT76,ATR 72-600,PK-WGP,Landed 17:46,2026-09-02 04:07:22
UPG,arrivals,2026-09-01,16:50,17:00,AK334,AXM334,KUL,Kuala Lumpur International Airport,AirAsia,AK,A320,Airbus A320-216,9M-AHE,Landed 18:00,2026-09-02 04:07:22
UPG,arrivals,2026-09-01,16:55,16:53,ID6266,BTK6266,CGK,Jakarta Soekarno Hatta International Airport,Batik Air,ID,B738,Boeing 737-8GP,PK-LZV,Landed 17:53,2026-09-02 04:07:22
UPG,arrivals,2026-09-01,17:15,17:11,JT908,LNI908,SRG,Semarang Achmad Yani International Airport,Lion Air,JT,B738,Boeing 737-8GP,PK-LJS,Landed 18:11,2026-09-02 04:07:22
UPG,arrivals,2026-09-01,17:25,,ID8763,,MDC,Manado Sam Ratulangi International Airport,Batik Air,ID,32A,,,Unknown,2026-09-02 04:07:22
UPG,arrivals,2026-09-01,17:30,17:36,ID6763,BTK6763,MDC,Manado Sam Ratulangi International Airport,Batik Air,ID,A320,Airbus A320-214,PK-LAI,Landed 18:36,2026-09-02 04:07:22
UPG,arrivals,2026-09-01,17:50,,IU581,,BPN,Balikpapan Sepinggan Airport,Super Air Jet,IU,320,,,Unknown,2026-09-02 04:07:22
UPG,arrivals,2026-09-01,17:50,23:00,IU534,SJV534,BPN,Balikpapan Sepinggan Airport,Super Air Jet,IU,A320,Airbus A320-232,PK-SGB,Landed 00:00,2026-09-02 04:07:22
UPG,arrivals,2026-09-01,18:00,18:00,GA612,GIA612,CGK,Jakarta Soekarno Hatta International Airport,Garuda Indonesia,GA,B738,Boeing 737-8U3,PK-GFW,Landed 19:00,2026-09-02 04:07:22
UPG,arrivals,2026-09-01,18:05,17:53,QG429,CTV429,BPN,Balikpapan Sepinggan Airport,Citilink,QG,A320,Airbus A320-214,PK-GQD,Landed 18:53,2026-09-02 04:07:22
UPG,arrivals,2026-09-01,18:15,,JT883,,SUB,Surabaya Juanda International Airport,Lion Air,JT,738,,,Unknown,2026-09-02 04:07:22
UPG,arrivals,2026-09-01,18:20,,IP808,,CGK,Jakarta Soekarno Hatta International Airport,Pelita Air,IP,320,,,Unknown,2026-09-02 04:07:22
UPG,arrivals,2026-09-01,18:20,,ID6316,,BPN,Balikpapan Sepinggan Airport,Batik Air,ID,32A,,,Unknown,2026-09-02 04:07:22
UPG,arrivals,2026-09-01,18:20,18:04,ID6232,BTK6232,BPN,Balikpapan Sepinggan Airport,Batik Air,ID,A320,Airbus A320-214,PK-BKP,Landed 19:04,2026-09-02 04:07:22
UPG,arrivals,2026-09-01,18:35,22:33,SJ552,SJY552,BEJ,Kalimarau Airport,Sriwijaya Air,SJ,B735,Boeing 737-524,PK-CLE,Landed 23:33,2026-09-02 04:07:22
UPG,arrivals,2026-09-01,19:15,,ID6296,,CGK,Jakarta Soekarno Hatta International Airport,Batik Air,ID,32A,,,Canceled,2026-09-02 04:07:22
UPG,arrivals,2026-09-01,19:15,19:13,GA616,GIA616,CGK,Jakarta Soekarno Hatta International Airport,Garuda Indonesia,GA,B738,Boeing 737-8U3,PK-GNQ,Landed 20:13,2026-09-02 04:07:22
UPG,arrivals,2026-09-01,19:40,,SJ566,,SUB,Surabaya Juanda International Airport,Sriwijaya Air,SJ,735,,,Unknown,2026-09-02 04:07:22
UPG,arrivals,2026-09-01,19:45,,SJ5520,,BEJ,Kalimarau Airport,Sriwijaya Air,SJ,735,,,Unknown,2026-09-02 04:07:22
UPG,arrivals,2026-09-01,20:00,,JT675,,BPN,Balikpapan Sepinggan Airport,Lion Air,JT,738,,,Unknown,2026-09-02 04:07:22
UPG,arrivals,2026-09-01,20:20,,QG426,,CGK,Jakarta Soekarno Hatta International Airport,Citilink,QG,A320,Airbus A320-214,PK-GQQ,Canceled,2026-09-02 04:07:22
UPG,arrivals,2026-09-01,20:30,,JT942,,SUB,Surabaya Juanda International Airport,Lion Air,JT,739,,,Unknown,2026-09-02 04:07:22
UPG,arrivals,2026-09-01,20:30,,JT3794,,SUB,Surabaya Juanda International Airport,Lion Air,JT,739,,,Unknown,2026-09-02 04:07:22
UPG,arrivals,2026-09-01,20:30,,JT1984,,SUB,Surabaya Juanda International Airport,Lion Air,JT,739,,,Unknown,2026-09-02 04:07:22
UPG,arrivals,2026-09-01,20:30,,JT1948,,SUB,Surabaya Juanda International Airport,Lion Air,JT,738,,,Unknown,2026-09-02 04:07:22
UPG,arrivals,2026-09-01,20:30,,JT1880,,SUB,Surabaya Juanda International Airport,Lion Air,JT,B739,Boeing 737-9GP(ER),PK-LFZ,Unknown,2026-09-02 04:07:22
UPG,arrivals,2026-09-01,20:30,21:49,JT880,LNI880,SUB,Surabaya Juanda International Airport,Lion Air,JT,B739,Boeing 737-9GP(ER),PK-LFZ,Landed 22:49,2026-09-02 04:07:22
UPG,arrivals,2026-09-01,21:10,,ID6142,,CGK,Jakarta Soekarno Hatta International Airport,Batik Air,ID,32A,,,Canceled,2026-09-02 04:07:22
UPG,arrivals,2026-09-01,21:25,,RI370,,SRG,Semarang Achmad Yani International Airport,Rimbun Air,RI,73Y,,,Unknown,2026-09-02 04:07:22
UPG,arrivals,2026-09-01,21:45,21:45,QG356,CTV356,SUB,Surabaya Juanda International Airport,Citilink,QG,A20N,Airbus A320-251N,PK-GTG,Landed 22:45,2026-09-02 04:07:22
UPG,arrivals,2026-09-01,21:55,22:27,JT664,LNI664,YIA,Yogyakarta International Airport,Lion Air,JT,B738,Boeing 737-8GP,PK-LKQ,Landed 23:27,2026-09-02 04:07:22
UPG,arrivals,2026-09-01,22:05,22:21,SJ713,SJY713,YIA,Yogyakarta International Airport,Sriwijaya Air,SJ,B735,Boeing 737-524,PK-CLH,Landed 23:21,2026-09-02 04:07:22
UPG,arrivals,2026-09-01,22:25,21:54,QG783,CTV783,YIA,Yogyakarta International Airport,Citilink,QG,A320,Airbus A320-214,PK-GLM,Landed 22:54,2026-09-02 04:07:22
UPG,arrivals,2026-09-01,22:55,,SJ5810,,CGK,Jakarta Soekarno Hatta International Airport,Sriwijaya Air,SJ,735,,,Unknown,2026-09-02 04:07:22
UPG,arrivals,2026-09-01,23:00,22:50,QG216,CTV216,CGK,Jakarta Soekarno Hatta International Airport,Citilink,QG,A320,Airbus A320-214,PK-GLP,Landed 23:50,2026-09-02 04:07:22
UPG,arrivals,2026-09-01,23:15,23:05,SJ562,SJY562,SUB,Surabaya Juanda International Airport,Sriwijaya Air,SJ,B738,Boeing 737-86N,PK-CRH,Landed 00:05,2026-09-02 04:07:22
UPG,arrivals,2026-09-01,23:30,,ID8182,,SUB,Surabaya Juanda International Airport,Batik Air,ID,32A,,,Unknown,2026-09-02 04:07:22
UPG,arrivals,2026-09-01,23:30,,ID8260,,SUB,Surabaya Juanda International Airport,Batik Air,ID,32A,,,Unknown,2026-09-02 04:07:22
UPG,arrivals,2026-09-01,23:30,23:24,ID6136,BTK6136,SUB,Surabaya Juanda International Airport,Batik Air,ID,A320,Airbus A320-214,PK-BKT,Landed 00:24,2026-09-02 04:07:22
UPG,arrivals,2026-09-01,23:40,23:35,IN582,LKN582,CGK,Jakarta Soekarno Hatta International Airport,Nam Air,IN,B735,Boeing 737-524,PK-NAQ,Landed 00:35,2026-09-02 04:07:22
UPG,arrivals,2026-09-01,23:55,,JT940,,CGK,Jakarta Soekarno Hatta International Airport,Lion Air,JT,738,,,Unknown,2026-09-02 04:07:22
UPG,arrivals,2026-09-01,23:55,,JT938,,CGK,Jakarta Soekarno Hatta International Airport,Lion Air,JT,738,,,Unknown,2026-09-02 04:07:22
UPG,arrivals,2026-09-01,23:55,23:45,JT798,LNI798,CGK,Jakarta Soekarno Hatta International Airport,Lion Air,JT,B739,Boeing 737-9GP(ER),PK-LJG,Landed 00:45,2026-09-02 04:07:22
UPG,arrivals,2026-09-01,23:55,,JT123,,CGK,Jakarta Soekarno Hatta International Airport,Lion Air,JT,739,,,Unknown,2026-09-02 04:07:22
UPG,departures,2026-09-01,00:35,00:35,JT3794,,DJJ,Jayapura Sentani Airport,Lion Air,JT,739,,,Estimated dep 01:35*,2026-09-02 04:08:05
UPG,departures,2026-09-01,00:35,00:35,JT798,LNI798,DJJ,Jayapura Sentani Airport,Lion Air,JT,B739,Boeing 737-9GP(ER),PK-LSK,Departed 01:35,2026-09-02 04:08:05
UPG,departures,2026-09-01,01:10,01:13,JT1984,,TIM,Timika Airport,Lion Air,JT,739,,,Estimated dep 02:13*,2026-09-02 04:08:05
UPG,departures,2026-09-01,01:10,01:11,JT984,LNI984,TIM,Timika Airport,Lion Air,JT,B739,Boeing 737-9GP(ER),PK-LQT,Departed 02:11,2026-09-02 04:08:05
UPG,departures,2026-09-01,01:35,01:29,JT1948,,MKQ,Merauke Mopah International Airport,Lion Air,JT,738,,,Estimated dep 02:29*,2026-09-02 04:08:05
UPG,departures,2026-09-01,01:35,01:49,JT948,LNI948,MKQ,Merauke Mopah International Airport,Lion Air,JT,B738,Boeing 737-8GP,PK-LKQ,Departed 02:49,2026-09-02 04:08:05
UPG,departures,2026-09-01,01:40,,JT788,,SOQ,Sorong Dominique Edward Osok Airport,Lion Air,JT,738,,,Canceled,2026-09-02 04:08:05
UPG,departures,2026-09-01,01:40,01:41,JT940,LNI940,SOQ,Sorong Dominique Edward Osok Airport,Lion Air,JT,B738,Boeing 737-8GP,PK-LQY,Departed 02:41,2026-09-02 04:08:05
UPG,departures,2026-09-01,01:55,,RI321,,CGK,Jakarta Soekarno Hatta International Airport,Rimbun Air,RI,73Y,,,Unknown,2026-09-02 04:08:05
UPG,departures,2026-09-01,02:00,02:00,JT1880,,BIK,Biak Frans Kaisiepo Airport,Lion Air,JT,738,,,Estimated dep 03:00*,2026-09-02 04:08:05
UPG,departures,2026-09-01,02:00,02:06,JT938,LNI938,BIK,Biak Frans Kaisiepo Airport,Lion Air,JT,B738,Boeing 737-8GP,PK-LJQ,Departed 03:06,2026-09-02 04:08:05
UPG,departures,2026-09-01,02:10,,SJ5898,,TIM,Timika Airport,Sriwijaya Air,SJ,738,,,Unknown,2026-09-02 04:08:05
UPG,departures,2026-09-01,02:10,04:13,SJ588,SJY588,TIM,Timika Airport,Sriwijaya Air,SJ,B735,Boeing 737-524,PK-CLH,Departed 05:13,2026-09-02 04:08:05
UPG,departures,2026-09-01,02:15,03:58,SJ900,,NBX,Nabire Airport,Nam Air,IN,B735,Boeing 737-524,PK-NAQ,Unknown,2026-09-02 04:08:05
UPG,departures,2026-09-01,02:20,,SJ701,,DJJ,Jayapura Sentani Airport,Sriwijaya Air,SJ,738,,,Unknown,2026-09-02 04:08:05
UPG,departures,2026-09-01,02:20,02:33,IU221,SJV221,MKW,Manokwari Rendani Airport,Super Air Jet,IU,A320,Airbus A320-232,PK-SGB,Departed 03:33,2026-09-02 04:08:05
UPG,departures,2026-09-01,02:20,02:28,ID6164,BTK6164,AMQ,Ambon Pattimura Airport,Batik Air,ID,A320,Airbus A320-214,PK-LAI,Departed 03:28,2026-09-02 04:08:05
UPG,departures,2026-09-01,02:20,,ID6136,,AMQ,Ambon Pattimura Airport,Batik Air,ID,32A,,,Unknown,2026-09-02 04:08:05
UPG,departures,2026-09-01,02:30,04:33,SJ696,,TTE,Ternate Babullah Airport,Sriwijaya Air,SJ,B738,Boeing 737-86N,PK-CRH,Unknown,2026-09-02 04:08:05
UPG,departures,2026-09-01,02:30,,ID8182,,DJJ,Jayapura Sentani Airport,Batik Air,ID,32A,,,Unknown,2026-09-02 04:08:05
UPG,departures,2026-09-01,02:30,02:37,ID6182,BTK6182,DJJ,Jayapura Sentani Airport,Batik Air,ID,B738,Boeing 737-8GP,PK-LZV,Departed 03:37,2026-09-02 04:08:05
UPG,departures,2026-09-01,02:45,,SJ902,,SOQ,Sorong Dominique Edward Osok Airport,Sriwijaya Air,SJ,735,,,Unknown,2026-09-02 04:08:05
UPG,departures,2026-09-01,04:15,,JT1944,,SOQ,Sorong Dominique Edward Osok Airport,Lion Air,JT,738,,,Canceled,2026-09-02 04:08:05
UPG,departures,2026-09-01,04:15,04:15,JT942,,SOQ,Sorong Dominique Edward Osok Airport,Lion Air,JT,738,,,Estimated dep 05:15*,2026-09-02 04:08:05
UPG,departures,2026-09-01,04:35,,JT873,,CGK,Jakarta Soekarno Hatta International Airport,Lion Air,JT,739,,,Unknown,2026-09-02 04:08:02
UPG,departures,2026-09-01,04:45,,SJ784,,WMX,Wamena Airport,Nam Air,IN,B735,Boeing 737-524,PK-NAQ,Unknown,2026-09-02 04:08:02
UPG,departures,2026-09-01,05:10,05:17,IW1296,WON1296,MOH,Morowali Maleo Airport,Wings Air,IW,AT76,ATR 72-600,PK-WHQ,Departed 06:17,2026-09-02 04:08:02
UPG,departures,2026-09-01,05:15,07:36,JT888,,AMQ,Ambon Pattimura Airport,Lion Air,JT,738,,,Unknown,2026-09-02 04:08:02
UPG,departures,2026-09-01,05:15,05:15,JT880,,AMQ,Ambon Pattimura Airport,Lion Air,JT,738,,,Estimated dep 06:15*,2026-09-02 04:08:02
UPG,departures,2026-09-01,05:20,05:23,ID6761,BTK6761,DPS,Denpasar Ngurah Rai International Airport,Batik Air,ID,A320,Airbus A320-214,PK-BKV,Departed 06:23,2026-09-02 04:08:02
UPG,departures,2026-09-01,05:25,05:32,QG357,CTV357,SUB,Surabaya Juanda International Airport,Citilink,QG,A320,Airbus A320-214,PK-GQH,Departed 06:32,2026-09-02 04:08:02
UPG,departures,2026-09-01,05:25,,ID6864,,CGK,Jakarta Soekarno Hatta International Airport,Batik Air,ID,A320,Airbus A320-214,PK-LAY,Unknown,2026-09-02 04:08:02
UPG,departures,2026-09-01,05:25,05:29,ID6265,BTK6265,CGK,Jakarta Soekarno Hatta International Airport,Batik Air,ID,A320,Airbus A320-214,PK-LUK,Departed 06:29,2026-09-02 04:08:02
UPG,departures,2026-09-01,05:30,,KS501,,APD,Bone Arung Palakka Airport,Aeroitalia Regional,KS,ATR,,,Unknown,2026-09-02 04:08:02
UPG,departures,2026-09-01,06:00,06:01,QG780,CTV780,YIA,Yogyakarta International Airport,Citilink,QG,A320,Airbus A320-214,PK-GLM,Departed 07:01,2026-09-02 04:08:02
UPG,departures,2026-09-01,06:00,06:03,IW1310,WON1310,BUW,Bau-Bau Betoambari Airport,Wings Air (60th ATR to Lion GroupLivery),IW,AT76,ATR 72-600,PK-WHS,Departed 07:03,2026-09-02 04:08:02
UPG,departures,2026-09-01,06:00,05:55,IW1206,WON1206,KXB,Kolaka Sangia Nibandera Airport,Wings Air,IW,AT76,ATR 72-600,PK-WHU,Departed 06:55,2026-09-02 04:08:02
UPG,departures,2026-09-01,06:05,06:08,IW1332,WON1332,MOH,Morowali Maleo Airport,Wings Air,IW,AT76,ATR 72-600,PK-WJL,Departed 07:08,2026-09-02 04:08:02
UPG,departures,2026-09-01,06:15,06:20,GA617,GIA617,CGK,Jakarta Soekarno Hatta International Airport,Garuda Indonesia (Pokémon Livery),GA,B738,Boeing 737-8U3,PK-GMU,Departed 07:20,2026-09-02 04:08:02
UPG,departures,2026-09-01,06:30,,JT3896,,TTE,Ternate Babullah Airport,Lion Air,JT,738,,,Canceled,2026-09-02 04:08:02
UPG,departures,2026-09-01,06:30,06:54,JT896,LNI896,TTE,Ternate Babullah Airport,Lion Air,JT,B738,Boeing 737-8GP,PK-LOP,Departed 07:54,2026-09-02 04:08:02
UPG,departures,2026-09-01,06:50,,JT981,,SUB,Surabaya Juanda International Airport,Lion Air,JT,738,,,Canceled,2026-09-02 04:08:02
UPG,departures,2026-09-01,06:50,06:57,JT801,LNI801,SUB,Surabaya Juanda International Airport,Lion Air,JT,B739,Boeing 737-9GP(ER),PK-LQS,Departed 07:57,2026-09-02 04:08:02
UPG,departures,2026-09-01,06:50,,JT781,,SUB,Surabaya Juanda International Airport,Lion Air,JT,738,,,Canceled,2026-09-02 04:08:02
UPG,departures,2026-09-01,07:00,06:59,QG251,CTV251,CGK,Jakarta Soekarno Hatta International Airport,Citilink,QG,A320,Airbus A320-214,PK-GLG,Departed 07:59,2026-09-02 04:08:02
UPG,departures,2026-09-01,07:05,07:33,IW1302,WON1302,MJU,Mamuju Tampa Padang Airport,Wings Air,IW,AT76,ATR 72-600,PK-WJG,Departed 08:33,2026-09-02 04:08:02
UPG,departures,2026-09-01,07:10,07:38,IW1350,WON1350,LLO,Palopo Lagaligo Airport,Wings Air,IW,AT76,ATR 72-600,PK-WGP,Departed 08:38,2026-09-02 04:08:02
UPG,departures,2026-09-01,07:15,07:31,JT986,LNI986,KDI,Kendari Haluoleo Airport,Lion Air,JT,B739,Boeing 737-9GP(ER),PK-LHS,Departed 08:31,2026-09-02 04:08:02
UPG,departures,2026-09-01,07:15,07:15,JT786,,KDI,Kendari Haluoleo Airport,Lion Air,JT,739,,,Estimated dep 08:15*,2026-09-02 04:08:02
UPG,departures,2026-09-01,07:20,07:23,IW1328,WON1328,MOH,Morowali Maleo Airport,Wings Air,IW,AT76,ATR 72-600,PK-WHK,Departed 08:23,2026-09-02 04:08:02
UPG,departures,2026-09-01,07:20,,ID6770,,MDC,Manado Sam Ratulangi International Airport,Batik Air,ID,32A,,,Canceled,2026-09-02 04:08:02
UPG,departures,2026-09-01,07:30,07:57,ID6751,BTK6751,KDI,Kendari Haluoleo Airport,Batik Air,ID,A320,Airbus A320-214,PK-BKT,Departed 08:57,2026-09-02 04:08:02
UPG,departures,2026-09-01,07:35,07:43,JT741,LNI741,DPS,Denpasar Ngurah Rai International Airport,Lion Air,JT,B739,Boeing 737-9GP(ER),PK-LHI,Departed 08:43,2026-09-02 04:08:02
UPG,departures,2026-09-01,07:40,08:08,SJ538,SJY538,MOH,Morowali Maleo Airport,Sriwijaya Air,SJ,B735,Boeing 737-524,PK-CLE,Departed 09:08,2026-09-02 04:08:02
UPG,departures,2026-09-01,07:40,08:00,JT641,LNI641,YIA,Yogyakarta International Airport,Lion Air,JT,B739,Boeing 737-9GP(ER),PK-LFK,Departed 09:00,2026-09-02 04:08:02
UPG,departures,2026-09-01,08:10,,JT2792,,MDC,Manado Sam Ratulangi International Airport,Lion Air,JT,738,,,Canceled,2026-09-02 04:08:02
UPG,departures,2026-09-01,08:10,07:10,JT746,,MDC,Manado Sam Ratulangi International Airport,Lion Air,JT,B738,Boeing 737-8GP,PK-LOI,Estimated dep 08:10*,2026-09-02 04:08:02
UPG,departures,2026-09-01,08:10,,JT742,,MDC,Manado Sam Ratulangi International Airport,Lion Air,JT,738,,,Canceled,2026-09-02 04:08:02
UPG,departures,2026-09-01,08:15,,JT871,,CGK,Jakarta Soekarno Hatta International Airport,Lion Air,JT,739,,,Canceled,2026-09-02 04:08:02
UPG,departures,2026-09-01,08:30,,JT2891,,CGK,Jakarta Soekarno Hatta International Airport,Lion Air,JT,738,,,Canceled,2026-09-02 04:08:02
UPG,departures,2026-09-01,08:30,,JT3871,,CGK,Jakarta Soekarno Hatta International Airport,Lion Air,JT,738,,,Canceled,2026-09-02 04:08:02
UPG,departures,2026-09-01,08:30,,JT991,,CGK,Jakarta Soekarno Hatta International Airport,Lion Air,JT,739,,,Canceled,2026-09-02 04:08:02
UPG,departures,2026-09-01,08:45,08:48,GA604,GIA604,KDI,Kendari Haluoleo Airport,Garuda Indonesia,GA,B738,Boeing 737-8U3,PK-GFV,Departed 09:48,2026-09-02 04:08:02
UPG,departures,2026-09-01,08:50,08:44,IW1204,WON1204,KXB,Kolaka Sangia Nibandera Airport,Wings Air,IW,AT76,ATR 72-600,PK-WHU,Departed 09:44,2026-09-02 04:08:02
UPG,departures,2026-09-01,08:50,,IU578,,BPN,Balikpapan Sepinggan Airport,Super Air Jet,IU,A320,Airbus A320-232,PK-STH,Unknown,2026-09-02 04:08:02
UPG,departures,2026-09-01,08:50,09:09,IU535,SJV535,BPN,Balikpapan Sepinggan Airport,Super Air Jet,IU,A320,Airbus A320-232,PK-SGB,Departed 10:09,2026-09-02 04:08:02
UPG,departures,2026-09-01,08:55,09:00,JT1707,,SUB,Surabaya Juanda International Airport,Lion Air,JT,739,,,Estimated dep 10:00*,2026-09-02 04:08:02
UPG,departures,2026-09-01,08:55,09:00,JT680,,SUB,Surabaya Juanda International Airport,Lion Air,JT,738,,,Estimated dep 10:00*,2026-09-02 04:08:02
UPG,departures,2026-09-01,09:00,,SJ532,,PSJ,Poso Kasiguncu Airport,Sriwijaya Air,SJ,735,,,Unknown,2026-09-02 04:08:02
UPG,departures,2026-09-01,09:00,09:21,JT791,LNI791,SUB,Surabaya Juanda International Airport,Lion Air,JT,B739,Boeing 737-9GP(ER),PK-LGL,Departed 10:21,2026-09-02 04:08:02
UPG,departures,2026-09-01,09:05,09:06,IW1326,WON1326,MOH,Morowali Maleo Airport,Wings Air,IW,AT76,ATR 72-600,PK-WHQ,Departed 10:06,2026-09-02 04:08:02
UPG,departures,2026-09-01,09:05,09:17,ID6267,BTK6267,CGK,Jakarta Soekarno Hatta International Airport,Batik Air,ID,A320,Airbus A320-214,PK-LUJ,Departed 10:17,2026-09-02 04:08:02
UPG,departures,2026-09-01,09:10,09:30,IP807,PAS807,CGK,Jakarta Soekarno Hatta International Airport,Pelita Air,IP,A320,Airbus A320-214,PK-PWH,Departed 10:30,2026-09-02 04:08:02
UPG,departures,2026-09-01,09:15,,ID6236,,LUW,Luwuk Bubung Airport,Batik Air,ID,32A,,,Canceled,2026-09-02 04:08:02
UPG,departures,2026-09-01,09:15,09:32,ID6294,BTK6294,LUW,Luwuk Bubung Airport,Batik Air,ID,A320,Airbus A320-214,PK-LAI,Departed 10:32,2026-09-02 04:08:02
UPG,departures,2026-09-01,09:15,,ID6264,,LUW,Luwuk Bubung Airport,Batik Air,ID,32A,,,Canceled,2026-09-02 04:08:02
UPG,departures,2026-09-01,09:45,09:50,QG351,CTV351,SUB,Surabaya Juanda International Airport,Citilink,QG,A320,Airbus A320-214,PK-GLU,Departed 10:50,2026-09-02 04:08:02
UPG,departures,2026-09-01,09:50,09:59,AK331,AXM331,KUL,Kuala Lumpur International Airport,AirAsia,AK,A320,Airbus A320-216,9M-AHE,Departed 10:59,2026-09-02 04:08:02
UPG,departures,2026-09-01,09:55,10:19,IW1940,WON1940,MOF,Maumere Frans Seda Airport,Wings Air,IW,AT76,ATR 72-600,PK-WGP,Departed 11:19,2026-09-02 04:08:02
UPG,departures,2026-09-01,09:55,,IW1910,,LBJ,Labuan Bajo Komodo Airport,Wings Air,IW,AT7,,,Canceled,2026-09-02 04:08:02
UPG,departures,2026-09-01,10:05,,JT854,,PLW,Palu Mutiara Airport,Lion Air,JT,738,,,Canceled,2026-09-02 04:08:02
UPG,departures,2026-09-01,10:05,,ID6263,,CGK,Jakarta Soekarno Hatta International Airport,Batik Air,ID,32A,,,Canceled,2026-09-02 04:08:02
UPG,departures,2026-09-01,10:10,10:17,IW1308,WON1308,BUW,Bau-Bau Betoambari Airport,Wings Air (60th ATR to Lion GroupLivery),IW,AT76,ATR 72-600,PK-WHS,Departed 11:17,2026-09-02 04:08:02
UPG,departures,2026-09-01,10:15,10:33,GA611,GIA611,CGK,Jakarta Soekarno Hatta International Airport,Garuda Indonesia,GA,B738,Boeing 737-8U3,PK-GUG,Departed 11:33,2026-09-02 04:08:02
UPG,departures,2026-09-01,10:25,10:25,JT1942,,SOQ,Sorong Dominique Edward Osok Airport,Lion Air,JT,738,,,Estimated dep 11:25*,2026-09-02 04:08:02
UPG,departures,2026-09-01,10:25,10:27,JT944,LNI944,SOQ,Sorong Dominique Edward Osok Airport,Lion Air,JT,B738,Boeing 737-8GP,PK-LKQ,Departed 11:27,2026-09-02 04:08:02
UPG,departures,2026-09-01,10:45,,JT943,,SUB,Surabaya Juanda International Airport,Lion Air,JT,738,,,Canceled,2026-09-02 04:08:02
UPG,departures,2026-09-01,10:45,10:45,JT949,,SUB,Surabaya Juanda International Airport,Lion Air,JT,738,,,Estimated dep 11:45*,2026-09-02 04:08:02
UPG,departures,2026-09-01,10:45,10:48,JT787,LNI787,SUB,Surabaya Juanda International Airport,Lion Air,JT,B739,Boeing 737-9GP(ER),PK-LHS,Departed 11:48,2026-09-02 04:08:02
UPG,departures,2026-09-01,10:50,,IU531,,BPN,Balikpapan Sepinggan Airport,Super Air Jet,IU,320,,,Unknown,2026-09-02 04:08:02
UPG,departures,2026-09-01,10:50,,ID6317,,BPN,Balikpapan Sepinggan Airport,Batik Air,ID,A320,Airbus A320-214,PK-BKP,Unknown,2026-09-02 04:08:02
UPG,departures,2026-09-01,10:50,11:04,ID6233,BTK6233,BPN,Balikpapan Sepinggan Airport,Batik Air,ID,A320,Airbus A320-214,PK-BKP,Departed 12:04,2026-09-02 04:08:02
UPG,departures,2026-09-01,11:00,11:11,QG343,CTV343,DPS,Denpasar Ngurah Rai International Airport,Citilink,QG,A20N,Airbus A320-251N,PK-GTC,Departed 12:11,2026-09-02 04:08:02
UPG,departures,2026-09-01,11:00,,IW1298,,MOH,Morowali Maleo Airport,Wings Air,IW,AT7,,,Canceled,2026-09-02 04:08:02
UPG,departures,2026-09-01,11:15,,SJ5380,,MOH,Morowali Maleo Airport,Sriwijaya Air,SJ,735,,,Unknown,2026-09-02 04:08:02
UPG,departures,2026-09-01,11:15,,ID6708,,CGK,Jakarta Soekarno Hatta International Airport,Batik Air,ID,738,,,Canceled,2026-09-02 04:08:02
UPG,departures,2026-09-01,11:15,11:15,ID6183,BTK6183,CGK,Jakarta Soekarno Hatta International Airport,Batik Air,ID,B738,Boeing 737-8GP,PK-LZV,Departed 12:15,2026-09-02 04:08:02
UPG,departures,2026-09-01,11:25,11:40,SJ553,SJY553,BEJ,Kalimarau Airport,Sriwijaya Air,SJ,B735,Boeing 737-524,PK-CLE,Departed 12:40,2026-09-02 04:08:02
UPG,departures,2026-09-01,11:35,11:32,IW1208,WON1208,KXB,Kolaka Sangia Nibandera Airport,Wings Air,IW,AT76,ATR 72-600,PK-WHU,Departed 12:32,2026-09-02 04:08:02
UPG,departures,2026-09-01,11:40,12:19,JT1892,,GTO,Gorontalo Jalaluddin Airport,Lion Air,JT,738,,,Estimated dep 13:19*,2026-09-02 04:08:02
UPG,departures,2026-09-01,11:40,12:19,JT892,LNI892,GTO,Gorontalo Jalaluddin Airport,Lion Air,JT,B738,Boeing 737-8GP,PK-LOP,Departed 13:19,2026-09-02 04:08:02
UPG,departures,2026-09-01,11:45,,JT992,,KDI,Kendari Haluoleo Airport,Lion Air,JT,738,,,Canceled,2026-09-02 04:08:02
UPG,departures,2026-09-01,11:45,,JT882,,KDI,Kendari Haluoleo Airport,Lion Air,JT,739,,,Canceled,2026-09-02 04:08:02
UPG,departures,2026-09-01,12:00,11:58,GA619,GIA619,CGK,Jakarta Soekarno Hatta International Airport,Garuda Indonesia,GA,B738,Boeing 737-8U3,PK-GMD,Departed 12:58,2026-09-02 04:08:02
UPG,departures,2026-09-01,12:05,12:24,ID6292,BTK6292,LUW,Luwuk Bubung Airport,Batik Air,ID,A320,Airbus A320-232,PK-BKJ,Departed 13:24,2026-09-02 04:08:02
UPG,departures,2026-09-01,12:10,,JT745,,DPS,Denpasar Ngurah Rai International Airport,Lion Air,JT,739,,,Unknown,2026-09-02 04:08:02
UPG,departures,2026-09-01,12:15,12:32,ID6554,BTK6554,PLW,Palu Mutiara Airport,Batik Air,ID,A320,Airbus A320-214,PK-BKT,Departed 13:32,2026-09-02 04:08:02
UPG,departures,2026-09-01,12:25,12:25,JT1897,,CGK,Jakarta Soekarno Hatta International Airport,Lion Air,JT,738,,,Estimated dep 13:25*,2026-09-02 04:08:02
UPG,departures,2026-09-01,12:25,,JT1943,,CGK,Jakarta Soekarno Hatta International Airport,Lion Air,JT,739,,,Canceled,2026-09-02 04:08:02
UPG,departures,2026-09-01,12:25,12:25,JT1949,,CGK,Jakarta Soekarno Hatta International Airport,Lion Air,JT,739,,,Estimated dep 13:25*,2026-09-02 04:08:02
UPG,departures,2026-09-01,12:25,12:25,JT987,,CGK,Jakarta Soekarno Hatta International Airport,Lion Air,JT,738,,,Estimated dep 13:25*,2026-09-02 04:08:02
UPG,departures,2026-09-01,12:25,12:31,JT985,LNI985,CGK,Jakarta Soekarno Hatta International Airport,Lion Air,JT,B739,Boeing 737-9GP(ER),PK-LQT,Departed 13:31,2026-09-02 04:08:02
UPG,departures,2026-09-01,12:25,,JT372,,CGK,Jakarta Soekarno Hatta International Airport,Lion Air,JT,739,,,Canceled,2026-09-02 04:08:02
UPG,departures,2026-09-01,12:35,,SJ5521,,BEJ,Kalimarau Airport,Sriwijaya Air,SJ,735,,,Unknown,2026-09-02 04:08:02
UPG,departures,2026-09-01,12:45,13:00,IW1324,WON1324,MOH,Morowali Maleo Airport,Wings Air,IW,AT76,ATR 72-600,PK-WHQ,Departed 14:00,2026-09-02 04:08:02
UPG,departures,2026-09-01,12:50,13:25,JT1994,,KDI,Kendari Haluoleo Airport,Lion Air,JT,738,,,Estimated dep 14:25*,2026-09-02 04:08:02
UPG,departures,2026-09-01,12:50,13:25,JT994,LNI994,KDI,Kendari Haluoleo Airport,Lion Air,JT,B739,Boeing 737-9GP(ER),PK-LFK,Departed 14:25,2026-09-02 04:08:02
UPG,departures,2026-09-01,13:00,,SJ534,,RAQ,Raha Sugimanuru Airport,Sriwijaya Air,SJ,735,,,Unknown,2026-09-02 04:08:02
UPG,departures,2026-09-01,13:00,13:28,JT849,LNI849,KOE,Kupang El Tari Airport,Lion Air,JT,B738,Boeing 737-8GP,PK-LJQ,Departed 14:28,2026-09-02 04:08:02
UPG,departures,2026-09-01,13:00,13:08,GA605,GIA605,CGK,Jakarta Soekarno Hatta International Airport,Garuda Indonesia,GA,B738,Boeing 737-8U3,PK-GFV,Departed 14:08,2026-09-02 04:08:02
UPG,departures,2026-09-01,13:05,13:26,JT909,LNI909,SRG,Semarang Achmad Yani International Airport,Lion Air,JT,B738,Boeing 737-8GP,PK-LJS,Departed 14:26,2026-09-02 04:08:02
UPG,departures,2026-09-01,13:10,13:43,ID6762,BTK6762,MDC,Manado Sam Ratulangi International Airport,Batik Air,ID,A320,Airbus A320-214,PK-LAI,Departed 14:43,2026-09-02 04:08:02
UPG,departures,2026-09-01,13:20,16:37,JT1985,,SUB,Surabaya Juanda International Airport,Lion Air,JT,739,,,Unknown,2026-09-02 04:07:58
UPG,departures,2026-09-01,13:20,19:01,JT1801,,SUB,Surabaya Juanda International Airport,Lion Air,JT,738,,,Unknown,2026-09-02 04:08:02
UPG,departures,2026-09-01,13:20,13:25,JT897,,SUB,Surabaya Juanda International Airport,Lion Air,JT,738,,,Estimated dep 14:25*,2026-09-02 04:08:02
UPG,departures,2026-09-01,13:25,13:33,JT707,LNI707,SUB,Surabaya Juanda International Airport,Lion Air,JT,B739,Boeing 737-9GP(ER),PK-LQS,Departed 14:33,2026-09-02 04:07:58
UPG,departures,2026-09-01,13:25,13:48,IW1202,WON1202,KXB,Kolaka Sangia Nibandera Airport,Wings Air (60th ATR to Lion GroupLivery),IW,AT76,ATR 72-600,PK-WHS,Departed 14:48,2026-09-02 04:07:58
UPG,departures,2026-09-01,13:55,14:22,IW1869,WON1869,BMU,Bima Sultan Muhammad Salahudin Airport,Wings Air,IW,AT76,ATR 72-600,PK-WGP,Departed 15:22,2026-09-02 04:07:58
UPG,departures,2026-09-01,13:55,,IW1300,,MJU,Mamuju Tampa Padang Airport,Wings Air,IW,AT7,,,Canceled,2026-09-02 04:07:58
UPG,departures,2026-09-01,14:00,,JT1853,,CGK,Jakarta Soekarno Hatta International Airport,Lion Air,JT,739,,,Unknown,2026-09-02 04:07:58
UPG,departures,2026-09-01,14:00,18:26,JT1743,,CGK,Jakarta Soekarno Hatta International Airport,Lion Air,JT,738,,,Unknown,2026-09-02 04:07:58
UPG,departures,2026-09-01,14:00,14:00,JT939,,CGK,Jakarta Soekarno Hatta International Airport,Lion Air,JT,738,,,Estimated dep 15:00*,2026-09-02 04:07:58
UPG,departures,2026-09-01,14:00,14:17,JT797,LNI797,CGK,Jakarta Soekarno Hatta International Airport,Lion Air,JT,A339,Airbus A330-941,PK-LEI,Departed 15:17,2026-09-02 04:07:58
UPG,departures,2026-09-01,14:00,14:24,JT242,,CGK,Jakarta Soekarno Hatta International Airport,Lion Air,JT,B739,Boeing 737-9GP(ER),PK-LQT,Estimated dep 15:24*,2026-09-02 04:07:58
UPG,departures,2026-09-01,14:10,18:03,JT998,,KDI,Kendari Haluoleo Airport,Lion Air,JT,738,,,Unknown,2026-09-02 04:07:58
UPG,departures,2026-09-01,14:10,,JT774,,KDI,Kendari Haluoleo Airport,Lion Air,JT,738,,,Canceled,2026-09-02 04:07:58
UPG,departures,2026-09-01,14:20,14:43,QG213,CTV213,CGK,Jakarta Soekarno Hatta International Airport,Citilink,QG,A320,Airbus A320-214,PK-GLU,Departed 15:43,2026-09-02 04:07:58
UPG,departures,2026-09-01,14:30,,JT853,,SUB,Surabaya Juanda International Airport,Lion Air,JT,739,,,Unknown,2026-09-02 04:07:58
UPG,departures,2026-09-01,14:30,14:30,JT838,,SUB,Surabaya Juanda International Airport,Lion Air,JT,B738,Boeing 737-8GP,PK-LJR,Estimated dep 15:30*,2026-09-02 04:07:58
UPG,departures,2026-09-01,14:30,,JT1797,,SUB,Surabaya Juanda International Airport,Lion Air,JT,739,,,Canceled,2026-09-02 04:07:58
UPG,departures,2026-09-01,14:30,,JT884,,SUB,Surabaya Juanda International Airport,Lion Air,JT,738,,,Unknown,2026-09-02 04:07:58
UPG,departures,2026-09-01,14:35,,JT1774,,PLW,Palu Mutiara Airport,Lion Air,JT,738,,,Canceled,2026-09-02 04:07:58
UPG,departures,2026-09-01,14:35,14:39,JT780,LNI780,PLW,Palu Mutiara Airport,Lion Air,JT,B739,Boeing 737-9GP(ER),PK-LGL,Departed 15:39,2026-09-02 04:07:58
UPG,departures,2026-09-01,14:45,15:08,IW1306,WON1306,BUW,Bau-Bau Betoambari Airport,Wings Air,IW,AT76,ATR 72-600,PK-WHU,Departed 16:08,2026-09-02 04:07:58
UPG,departures,2026-09-01,14:50,,SJ593,,CGK,Jakarta Soekarno Hatta International Airport,Sriwijaya Air,SJ,735,,,Unknown,2026-09-02 04:07:58
UPG,departures,2026-09-01,15:00,17:40,QG353,CTV353,SUB,Surabaya Juanda International Airport,Citilink,QG,A320,Airbus A320-214,PK-GLI,Departed 18:40,2026-09-02 04:07:58
UPG,departures,2026-09-01,15:05,,JT2778,,TTE,Ternate Babullah Airport,Lion Air,JT,738,,,Unknown,2026-09-02 04:07:58
UPG,departures,2026-09-01,15:05,15:04,JT980,LNI980,TTE,Ternate Babullah Airport,Lion Air,JT,B738,Boeing 737-8GP,PK-LQZ,Departed 16:04,2026-09-02 04:07:58
UPG,departures,2026-09-01,15:50,,ID6771,,CGK,Jakarta Soekarno Hatta International Airport,Batik Air,ID,32A,,,Canceled,2026-09-02 04:07:58
UPG,departures,2026-09-01,15:50,,ID6750,,CGK,Jakarta Soekarno Hatta International Airport,Batik Air,ID,32A,,,Unknown,2026-09-02 04:07:58
UPG,departures,2026-09-01,15:50,16:35,ID6143,BTK6143,CGK,Jakarta Soekarno Hatta International Airport,Batik Air,ID,A320,Airbus A320-232,PK-BKJ,Departed 17:35,2026-09-02 04:07:58
UPG,departures,2026-09-01,15:50,,ID6295,,CGK,Jakarta Soekarno Hatta International Airport,Batik Air,ID,32A,,,Unknown,2026-09-02 04:07:58
UPG,departures,2026-09-01,15:50,,ID6261,,CGK,Jakarta Soekarno Hatta International Airport,Batik Air,ID,32A,,,Unknown,2026-09-02 04:07:58
UPG,departures,2026-09-01,15:55,,SJ563,,SUB,Surabaya Juanda International Airport,Sriwijaya Air,SJ,735,,,Unknown,2026-09-02 04:07:58
UPG,departures,2026-09-01,15:55,,JT993,,CGK,Jakarta Soekarno Hatta International Airport,Lion Air,JT,738,,,Unknown,2026-09-02 04:07:58
UPG,departures,2026-09-01,15:55,15:55,JT941,,CGK,Jakarta Soekarno Hatta International Airport,Lion Air,JT,738,,,Estimated dep 16:55*,2026-09-02 04:07:58
UPG,departures,2026-09-01,15:55,,JT881,,CGK,Jakarta Soekarno Hatta International Airport,Lion Air,JT,739,,,Unknown,2026-09-02 04:07:58
UPG,departures,2026-09-01,15:55,16:33,JT793,LNI793,CGK,Jakarta Soekarno Hatta International Airport,Lion Air,JT,B738,Boeing 737-8GP,PK-LOP,Departed 17:33,2026-09-02 04:07:58
UPG,departures,2026-09-01,16:00,,SJ5811,,CGK,Jakarta Soekarno Hatta International Airport,Sriwijaya Air,SJ,735,,,Unknown,2026-09-02 04:07:58
UPG,departures,2026-09-01,16:15,,JT1881,,SUB,Surabaya Juanda International Airport,Lion Air,JT,738,,,Unknown,2026-09-02 04:07:58
UPG,departures,2026-09-01,16:15,16:15,JT1945,,SUB,Surabaya Juanda International Airport,Lion Air,JT,738,,,Estimated dep 17:15*,2026-09-02 04:07:58
UPG,departures,2026-09-01,16:15,17:01,JT1885,,SUB,Surabaya Juanda International Airport,Lion Air,JT,738,,,Unknown,2026-09-02 04:07:58
UPG,departures,2026-09-01,16:15,18:36,JT996,LNI996,KDI,Kendari Haluoleo Airport,Lion Air,JT,B739,Boeing 737-9GP(ER),PK-LFK,Departed 19:36,2026-09-02 04:07:58
UPG,departures,2026-09-01,16:15,16:15,JT997,,SUB,Surabaya Juanda International Airport,Lion Air,JT,738,,,Estimated dep 17:15*,2026-09-02 04:07:58
UPG,departures,2026-09-01,16:15,17:01,JT885,LNI885,SUB,Surabaya Juanda International Airport,Lion Air,JT,B739,Boeing 737-9GP(ER),PK-LSK,Departed 18:01,2026-09-02 04:07:58
UPG,departures,2026-09-01,16:30,,SJ599,,CGK,Jakarta Soekarno Hatta International Airport,Sriwijaya Air,SJ,738,,,Unknown,2026-09-02 04:07:58
UPG,departures,2026-09-01,16:30,17:05,IN583,LKN583,CGK,Jakarta Soekarno Hatta International Airport,Nam Air,IN,B735,Boeing 737-524,PK-NAQ,Departed 18:05,2026-09-02 04:07:58
UPG,departures,2026-09-01,16:35,16:35,JT1780,,MDC,Manado Sam Ratulangi International Airport,Lion Air,JT,739,,,Estimated dep 17:35*,2026-09-02 04:07:58
UPG,departures,2026-09-01,16:35,,JT1740,,MDC,Manado Sam Ratulangi International Airport,Lion Air,JT,B739,Boeing 737-9GP(ER),PK-LSU,Unknown,2026-09-02 04:07:58
UPG,departures,2026-09-01,16:35,16:49,JT740,LNI740,MDC,Manado Sam Ratulangi International Airport,Lion Air,JT,B739,Boeing 737-9GP(ER),PK-LSU,Departed 17:49,2026-09-02 04:07:58
UPG,departures,2026-09-01,17:00,,QG355,,SUB,Surabaya Juanda International Airport,Citilink,QG,320,,,Canceled,2026-09-02 04:07:58
UPG,departures,2026-09-01,17:00,,JT662,,BPN,Balikpapan Sepinggan Airport,Lion Air,JT,738,,,Unknown,2026-09-02 04:07:58
UPG,departures,2026-09-01,17:00,18:45,ID6293,BTK6293,CGK,Jakarta Soekarno Hatta International Airport,Batik Air,ID,A320,Airbus A320-214,PK-LAI,Departed 19:45,2026-09-02 04:07:58
UPG,departures,2026-09-01,17:10,17:37,TR231,TGW231,SIN,Singapore Changi Airport,Scoot,TR,A20N,Airbus A320-271N,9V-TNF,Departed 18:37,2026-09-02 04:07:58
UPG,departures,2026-09-01,17:15,18:13,QG341,CTV341,CGK,Jakarta Soekarno Hatta International Airport,Citilink,QG,A20N,Airbus A320-251N,PK-GTC,Departed 19:13,2026-09-02 04:07:58
UPG,departures,2026-09-01,17:15,19:49,JT1643,,YIA,Yogyakarta International Airport,Lion Air,JT,739,,,Unknown,2026-09-02 04:07:58
UPG,departures,2026-09-01,17:15,18:05,JT665,LNI665,YIA,Yogyakarta International Airport,Lion Air,JT,B738,Boeing 737-8GP,PK-LKQ,Departed 19:05,2026-09-02 04:07:58
UPG,departures,2026-09-01,17:20,17:45,AK335,AXM335,KUL,Kuala Lumpur International Airport,AirAsia,AK,A320,Airbus A320-216,9M-AHE,Departed 18:45,2026-09-02 04:07:58
UPG,departures,2026-09-01,17:35,,ID6555,,CGK,Jakarta Soekarno Hatta International Airport,Batik Air,ID,32A,,,Unknown,2026-09-02 04:07:58
UPG,departures,2026-09-01,17:35,,ID6235,,CGK,Jakarta Soekarno Hatta International Airport,Batik Air,ID,738,,,Canceled,2026-09-02 04:07:58
UPG,departures,2026-09-01,17:55,17:55,JT945,,DPS,Denpasar Ngurah Rai International Airport,Lion Air,JT,738,,,Estimated dep 18:55*,2026-09-02 04:07:58
UPG,departures,2026-09-01,17:55,,JT743,,DPS,Denpasar Ngurah Rai International Airport,Lion Air,JT,739,,,Unknown,2026-09-02 04:07:58
UPG,departures,2026-09-01,17:55,18:10,JT747,LNI747,DPS,Denpasar Ngurah Rai International Airport,Lion Air,JT,B738,Boeing 737-8GP,PK-LOI,Departed 19:10,2026-09-02 04:07:58
UPG,departures,2026-09-01,18:20,23:43,ID8763,,SUB,Surabaya Juanda International Airport,Batik Air,ID,32A,,,Unknown,2026-09-02 04:07:58
UPG,departures,2026-09-01,18:20,,ID8750,,SUB,Surabaya Juanda International Airport,Batik Air,ID,32A,,,Unknown,2026-09-02 04:07:58
UPG,departures,2026-09-01,18:20,21:25,ID8183,,SUB,Surabaya Juanda International Airport,Batik Air,ID,32A,,,Unknown,2026-09-02 04:07:58
UPG,departures,2026-09-01,18:20,,ID8261,,SUB,Surabaya Juanda International Airport,Batik Air,ID,32A,,,Unknown,2026-09-02 04:07:58
UPG,departures,2026-09-01,18:20,19:53,ID8293,,SUB,Surabaya Juanda International Airport,Batik Air,ID,32A,,,Unknown,2026-09-02 04:07:58
UPG,departures,2026-09-01,18:20,,ID8555,,SUB,Surabaya Juanda International Airport,Batik Air,ID,32A,,,Unknown,2026-09-02 04:07:58
UPG,departures,2026-09-01,18:20,18:34,ID6137,BTK6137,SUB,Surabaya Juanda International Airport,Batik Air,ID,A320,Airbus A320-214,PK-BKT,Departed 19:34,2026-09-02 04:07:58
UPG,departures,2026-09-01,18:25,,JT995,,CGK,Jakarta Soekarno Hatta International Airport,Lion Air,JT,738,,,Unknown,2026-09-02 04:07:58
UPG,departures,2026-09-01,18:25,,JT1703,,CGK,Jakarta Soekarno Hatta International Airport,Lion Air,JT,738,,,Unknown,2026-09-02 04:07:58
UPG,departures,2026-09-01,18:25,,JT703,,CGK,Jakarta Soekarno Hatta International Airport,Lion Air,JT,738,,,Unknown,2026-09-02 04:07:58
UPG,departures,2026-09-01,18:35,18:41,QG428,CTV428,BPN,Balikpapan Sepinggan Airport,Citilink,QG,A320,Airbus A320-214,PK-GQD,Departed 19:41,2026-09-02 04:07:58
UPG,departures,2026-09-01,18:50,19:01,GA615,GIA615,CGK,Jakarta Soekarno Hatta International Airport,Garuda Indonesia,GA,B738,Boeing 737-8U3,PK-GFW,Departed 20:01,2026-09-02 04:07:58
UPG,departures,2026-09-01,19:05,,IP809,,CGK,Jakarta Soekarno Hatta International Airport,Pelita Air,IP,320,,,Unknown,2026-09-02 04:07:58
UPG,departures,2026-09-01,19:25,,ID6763,,CGK,Jakarta Soekarno Hatta International Airport,Batik Air,ID,32A,,,Unknown,2026-09-02 04:07:58
UPG,departures,2026-09-01,19:25,19:34,ID6269,BTK6269,CGK,Jakarta Soekarno Hatta International Airport,Batik Air,ID,B738,Boeing 737-8GP,PK-LZV,Departed 20:34,2026-09-02 04:07:58
UPG,departures,2026-09-01,19:35,19:42,SJ567,SJY567,SUB,Surabaya Juanda International Airport,Sriwijaya Air,SJ,B738,Boeing 737-86N,PK-CRH,Departed 20:42,2026-09-02 04:07:58
UPG,departures,2026-09-01,20:00,,RI3210,,CGK,Jakarta Soekarno Hatta International Airport,Rimbun Air,RI,73Y,,,Unknown,2026-09-02 04:07:58
UPG,departures,2026-09-01,20:05,,ID6231,,CGK,Jakarta Soekarno Hatta International Airport,Batik Air,ID,32A,,,Canceled,2026-09-02 04:07:58
UPG,departures,2026-09-01,20:50,,QG427,,CGK,Jakarta Soekarno Hatta International Airport,Citilink,QG,320,,,Canceled,2026-09-02 04:07:58
UPG,departures,2026-09-01,23:30,23:57,QG217,CTV217,CGK,Jakarta Soekarno Hatta International Airport,Citilink,QG,A320,Airbus A320-214,PK-GLM,Departed 00:57,2026-09-02 04:07:58
YIA,arrivals,2026-09-01,06:40,,IU777,,LOP,Lombok International Airport,Super Air Jet (Book Cabin Livery),IU,A320,Airbus A320-232,PK-SJO,Unknown,2026-09-02 04:08:33
YIA,arrivals,2026-09-01,06:40,06:32,IU777,SJV777,LOP,Lombok International Airport,Super Air Jet (Book Cabin Livery),IU,A320,Airbus A320-232,PK-SJO,Landed 06:32,2026-09-02 04:08:33
YIA,arrivals,2026-09-01,07:10,07:04,ID6368,BTK6368,CGK,Jakarta Soekarno Hatta International Airport,Batik Air,ID,A320,Airbus A320-232,PK-BKL,Landed 07:04,2026-09-02 04:08:33
YIA,arrivals,2026-09-01,07:25,,IU665,,BDJ,Banjarmasin Syamsudin Noor Airport,Super Air Jet,IU,320,,,Canceled,2026-09-02 04:08:33
YIA,arrivals,2026-09-01,07:50,,IP646,,BPN,Balikpapan Sepinggan Airport,Pelita Air,IP,A320,Airbus A320-214,PK-PWQ,Unknown,2026-09-02 04:08:33
YIA,arrivals,2026-09-01,07:50,07:28,JT668,LNI668,BPN,Balikpapan Sepinggan Airport,Lion Air,JT,B739,Boeing 737-9GP(ER),PK-LFY,Landed 07:28,2026-09-02 04:08:33
YIA,arrivals,2026-09-01,07:50,07:23,IP646,PAS646,BPN,Balikpapan Sepinggan Airport,Pelita Air,IP,A320,Airbus A320-214,PK-PWQ,Landed 07:23,2026-09-02 04:08:33
YIA,arrivals,2026-09-01,08:00,07:37,QG780,CTV780,UPG,Makassar Sultan Hasanuddin International Airport,Citilink,QG,A320,Airbus A320-214,PK-GLM,Landed 07:37,2026-09-02 04:08:33
YIA,arrivals,2026-09-01,08:20,08:19,JT279,LNI279,PKU,Pekanbaru Sultan Syarif Kasim II Airport,Lion Air,JT,B739,Boeing 737-9GP(ER),PK-LSL,Landed 08:19,2026-09-02 04:08:33
YIA,arrivals,2026-09-01,08:55,08:29,MH857,MAS857,KUL,Kuala Lumpur International Airport,Malaysia Airlines,MH,B738,Boeing 737-8H6,9M-MXO,Landed 08:29,2026-09-02 04:08:33
YIA,arrivals,2026-09-01,09:10,,ID7533,,CGK,Jakarta Soekarno Hatta International Airport,Batik Air,ID,32A,,,Canceled,2026-09-02 04:08:33
YIA,arrivals,2026-09-01,09:10,08:57,GA204,GIA204,CGK,Jakarta Soekarno Hatta International Airport,Garuda Indonesia,GA,B738,Boeing 737-8BK,PK-GFG,Landed 08:57,2026-09-02 04:08:33
YIA,arrivals,2026-09-01,09:30,09:20,TR248,TGW248,SIN,Singapore Changi Airport,Scoot,TR,A21N,Airbus A321-271NX,9V-NCA,Landed 09:20,2026-09-02 04:08:33
YIA,arrivals,2026-09-01,09:35,09:35,JT641,LNI641,UPG,Makassar Sultan Hasanuddin International Airport,Lion Air,JT,B739,Boeing 737-9GP(ER),PK-LFK,Landed 09:35,2026-09-02 04:08:33
YIA,arrivals,2026-09-01,09:40,09:40,IU312,SJV312,CGK,Jakarta Soekarno Hatta International Airport,Super Air Jet,IU,A320,Airbus A320-232,PK-SJH,Landed 09:40,2026-09-02 04:08:33
YIA,arrivals,2026-09-01,10:40,10:12,IU122,SJV122,DPS,Denpasar Ngurah Rai International Airport,Super Air Jet,IU,A320,Airbus A320-232,PK-SJM,Landed 10:12,2026-09-02 04:08:33
YIA,arrivals,2026-09-01,11:00,,ID6819,,CGK,Jakarta Soekarno Hatta International Airport,Batik Air,ID,32A,,,Canceled,2026-09-02 04:08:33
YIA,arrivals,2026-09-01,11:00,10:51,ID6378,BTK6378,CGK,Jakarta Soekarno Hatta International Airport,Batik Air,ID,A320,Airbus A320-232,PK-BKL,Landed 10:51,2026-09-02 04:08:33
YIA,arrivals,2026-09-01,11:15,11:13,GA202,GIA202,CGK,Jakarta Soekarno Hatta International Airport,Garuda Indonesia,GA,B738,Boeing 737-8U3,PK-GMC,Landed 11:13,2026-09-02 04:08:33
YIA,arrivals,2026-09-01,11:20,11:02,AK346,AXM346,KUL,Kuala Lumpur International Airport,AirAsia,AK,A20N,Airbus A320-251N,9M-AGS,Landed 11:02,2026-09-02 04:08:33
YIA,arrivals,2026-09-01,11:50,12:45,8B5530,TNU5530,CGK,Jakarta Soekarno Hatta International Airport,TransNusa,8B,A320,Airbus A320-214,PK-TLD,Landed 12:45,2026-09-02 04:08:33
YIA,arrivals,2026-09-01,12:50,12:27,GA208,GIA208,CGK,Jakarta Soekarno Hatta International Airport,Garuda Indonesia,GA,B738,Boeing 737-86N,PK-GFS,Landed 12:27,2026-09-02 04:08:33
YIA,arrivals,2026-09-01,12:55,12:36,GA253,GIA253,DPS,Denpasar Ngurah Rai International Airport,Garuda Indonesia (Retro 1960 Livery),GA,B738,Boeing 737-8U3,PK-GFM,Landed 12:36,2026-09-02 04:08:33
YIA,arrivals,2026-09-01,13:30,,JT670,,BPN,Balikpapan Sepinggan Airport,Lion Air,JT,739,,,Unknown,2026-09-02 04:08:33
YIA,arrivals,2026-09-01,13:40,13:16,QG787,CTV787,BTH,Batam Hang Nadim Airport,Citilink,QG,A320,Airbus A320-214,PK-GLM,Landed 13:16,2026-09-02 04:08:33
YIA,arrivals,2026-09-01,14:15,,ID6899,,CGK,Jakarta Soekarno Hatta International Airport,Batik Air,ID,32A,,,Unknown,2026-09-02 04:08:33
YIA,arrivals,2026-09-01,14:15,14:16,ID6344,BTK6344,CGK,Jakarta Soekarno Hatta International Airport,Batik Air,ID,A320,Airbus A320-232,PK-BKR,Landed 14:16,2026-09-02 04:08:33
YIA,arrivals,2026-09-01,14:45,,IP242,,CGK,Jakarta Soekarno Hatta International Airport,Pelita Air,IP,320,,,Unknown,2026-09-02 04:08:33
YIA,arrivals,2026-09-01,14:55,14:52,QG778,CTV778,CGK,Jakarta Soekarno Hatta International Airport,Citilink,QG,A320,Airbus A320-214,PK-GLR,Landed 14:52,2026-09-02 04:08:33
YIA,arrivals,2026-09-01,15:30,16:37,IU120,SJV120,DPS,Denpasar Ngurah Rai International Airport,Super Air Jet,IU,A320,Airbus A320-232,PK-SJP,Landed 16:37,2026-09-02 04:08:33
YIA,arrivals,2026-09-01,15:35,15:12,IU935,SJV935,PLM,Palembang International Airport,Super Air Jet,IU,A320,Airbus A320-232,PK-STD,Landed 15:12,2026-09-02 04:08:33
YIA,arrivals,2026-09-01,16:05,15:54,GA212,GIA212,CGK,Jakarta Soekarno Hatta International Airport,Garuda Indonesia (Pokémon Livery),GA,B738,Boeing 737-8U3,PK-GMU,Landed 15:54,2026-09-02 04:08:33
YIA,arrivals,2026-09-01,17:00,,IU778,,BTH,Batam Hang Nadim Airport,Super Air Jet,IU,A320,Airbus A320-232,PK-SJT,Unknown,2026-09-02 04:08:33
YIA,arrivals,2026-09-01,17:05,17:12,IU950,SJV950,BTH,Batam Hang Nadim Airport,Super Air Jet,IU,A320,Airbus A320-232,PK-SJT,Landed 17:12,2026-09-02 04:08:33
YIA,arrivals,2026-09-01,17:05,16:54,AK348,AXM348,KUL,Kuala Lumpur International Airport,AirAsia,AK,A320,Airbus A320-214,9M-AHV,Landed 16:54,2026-09-02 04:08:33
YIA,arrivals,2026-09-01,17:15,,8B5532,,CGK,Jakarta Soekarno Hatta International Airport,TransNusa,8B,320,,,Unknown,2026-09-02 04:08:33
YIA,arrivals,2026-09-01,17:35,17:17,JT521,LNI521,BDJ,Banjarmasin Syamsudin Noor Airport,Lion Air,JT,B739,Boeing 737-9GP(ER),PK-LFY,Landed 17:17,2026-09-02 04:08:33
YIA,arrivals,2026-09-01,17:35,17:05,GA255,GIA255,DPS,Denpasar Ngurah Rai International Airport,Garuda Indonesia,GA,B738,Boeing 737-8U3,PK-GMC,Landed 17:05,2026-09-02 04:08:33
YIA,arrivals,2026-09-01,18:15,19:51,IU677,SJV677,BPN,Balikpapan Sepinggan Airport,Super Air Jet,IU,A320,Airbus A320-232,PK-SJS,Landed 19:51,2026-09-02 04:08:33
YIA,arrivals,2026-09-01,18:20,,IU351,,CGK,Jakarta Soekarno Hatta International Airport,Super Air Jet,IU,320,,,Unknown,2026-09-02 04:08:33
YIA,arrivals,2026-09-01,18:20,,IU314,,CGK,Jakarta Soekarno Hatta International Airport,Super Air Jet,IU,320,,,Unknown,2026-09-02 04:08:33
YIA,arrivals,2026-09-01,19:10,,JT1643,,UPG,Makassar Sultan Hasanuddin International Airport,Lion Air,JT,739,,,Unknown,2026-09-02 04:08:33
YIA,arrivals,2026-09-01,19:10,19:37,JT665,LNI665,UPG,Makassar Sultan Hasanuddin International Airport,Lion Air,JT,B738,Boeing 737-8GP,PK-LKQ,Landed 19:37,2026-09-02 04:08:33
YIA,arrivals,2026-09-01,19:15,,ID6801,,CGK,Jakarta Soekarno Hatta International Airport,Batik Air,ID,32A,,,Unknown,2026-09-02 04:08:33
YIA,arrivals,2026-09-01,19:15,19:32,ID6374,BTK6374,CGK,Jakarta Soekarno Hatta International Airport,Batik Air,ID,A320,Airbus A320-214,PK-LUH,Landed 19:32,2026-09-02 04:08:33
YIA,arrivals,2026-09-01,19:40,19:02,QG785,CTV785,BPN,Balikpapan Sepinggan Airport,Citilink,QG,A320,Airbus A320-214,PK-GLM,Landed 19:02,2026-09-02 04:08:33
YIA,arrivals,2026-09-01,19:45,19:58,QG776,CTV776,CGK,Jakarta Soekarno Hatta International Airport,Citilink,QG,A320,Airbus A320-214,PK-GLY,Landed 19:58,2026-09-02 04:08:33
YIA,arrivals,2026-09-01,20:00,,IN220,,CGK,Jakarta Soekarno Hatta International Airport,Nam Air,IN,735,,,Unknown,2026-09-02 04:08:33
YIA,arrivals,2026-09-01,20:10,,JT963,,KNO,Medan Kuala Namu International Airport,Lion Air,JT,739,,,Unknown,2026-09-02 04:08:33
YIA,arrivals,2026-09-01,20:25,20:03,IU661,SJV661,PNK,Pontianak Supadio Airport,Super Air Jet,IU,A320,Airbus A320-232,PK-STD,Landed 20:03,2026-09-02 04:08:33
YIA,arrivals,2026-09-01,20:35,,QG844,,PLM,Palembang International Airport,Citilink,QG,320,,,Unknown,2026-09-02 04:08:33
YIA,arrivals,2026-09-01,20:35,20:23,GA206,GIA206,CGK,Jakarta Soekarno Hatta International Airport,Garuda Indonesia (Pokémon Livery),GA,B738,Boeing 737-8U3,PK-GMU,Unknown,2026-09-02 04:08:33
YIA,departures,2026-09-01,06:05,06:11,QG775,CTV775,CGK,Jakarta Soekarno Hatta International Airport,Citilink,QG,A320,Airbus A320-214,PK-GQM,Departed 06:11,2026-09-02 04:09:02
YIA,departures,2026-09-01,06:30,06:47,IU933,SJV933,PLM,Palembang International Airport,Super Air Jet,IU,A320,Airbus A320-232,PK-STD,Departed 06:47,2026-09-02 04:09:02
YIA,departures,2026-09-01,06:50,06:56,GA207,GIA207,CGK,Jakarta Soekarno Hatta International Airport,Garuda Indonesia,GA,B738,Boeing 737-8U3,PK-GFD,Departed 06:56,2026-09-02 04:09:02
YIA,departures,2026-09-01,07:30,07:32,IU951,SJV951,BTH,Batam Hang Nadim Airport,Super Air Jet (Book Cabin Livery),IU,A320,Airbus A320-232,PK-SJO,Departed 07:32,2026-09-02 04:09:02
YIA,departures,2026-09-01,07:30,,IU777,,BTH,Batam Hang Nadim Airport,Super Air Jet,IU,320,,,Unknown,2026-09-02 04:09:02
YIA,departures,2026-09-01,07:55,08:06,ID6369,BTK6369,CGK,Jakarta Soekarno Hatta International Airport,Batik Air,ID,A320,Airbus A320-232,PK-BKL,Departed 08:06,2026-09-02 04:09:02
YIA,departures,2026-09-01,08:35,08:33,IP647,PAS647,BPN,Balikpapan Sepinggan Airport,Pelita Air,IP,A320,Airbus A320-214,PK-PWQ,Departed 08:33,2026-09-02 04:09:02
YIA,departures,2026-09-01,08:45,08:47,QG786,CTV786,BTH,Batam Hang Nadim Airport,Citilink,QG,A320,Airbus A320-214,PK-GLM,Departed 08:47,2026-09-02 04:09:02
YIA,departures,2026-09-01,09:00,09:22,JT522,LNI522,BDJ,Banjarmasin Syamsudin Noor Airport,Lion Air,JT,B739,Boeing 737-9GP(ER),PK-LFY,Departed 09:22,2026-09-02 04:09:02
YIA,departures,2026-09-01,09:05,09:11,JT669,LNI669,BPN,Balikpapan Sepinggan Airport,Lion Air,JT,B739,Boeing 737-9GP(ER),PK-LSL,Departed 09:11,2026-09-02 04:09:02
YIA,departures,2026-09-01,09:50,,ID7540,,CGK,Jakarta Soekarno Hatta International Airport,Batik Air,ID,32A,,,Canceled,2026-09-02 04:09:02
YIA,departures,2026-09-01,09:50,,ID6800,,CGK,Jakarta Soekarno Hatta International Airport,Batik Air,ID,32A,,,Unknown,2026-09-02 04:09:02
YIA,departures,2026-09-01,09:55,09:54,GA205,GIA205,CGK,Jakarta Soekarno Hatta International Airport,Garuda Indonesia,GA,B738,Boeing 737-8BK,PK-GFG,Departed 09:54,2026-09-02 04:09:02
YIA,departures,2026-09-01,10:10,10:30,MH856,MAS856,KUL,Kuala Lumpur International Airport,Malaysia Airlines,MH,B738,Boeing 737-8H6,9M-MXO,Departed 10:30,2026-09-02 04:09:02
YIA,departures,2026-09-01,10:15,10:25,JT640,LNI640,UPG,Makassar Sultan Hasanuddin International Airport,Lion Air,JT,B739,Boeing 737-9GP(ER),PK-LFK,Departed 10:25,2026-09-02 04:09:02
YIA,departures,2026-09-01,10:20,,IU350,,CGK,Jakarta Soekarno Hatta International Airport,Super Air Jet,IU,A320,Airbus A320-232,PK-SAQ,Unknown,2026-09-02 04:09:02
YIA,departures,2026-09-01,10:20,10:44,IU311,SJV311,CGK,Jakarta Soekarno Hatta International Airport,Super Air Jet,IU,A320,Airbus A320-232,PK-SAL,Departed 10:44,2026-09-02 04:09:02
YIA,departures,2026-09-01,10:30,10:37,TR249,TGW249,SIN,Singapore Changi Airport,Scoot,TR,A21N,Airbus A321-271NX,9V-NCA,Departed 10:37,2026-09-02 04:09:02
YIA,departures,2026-09-01,11:20,11:21,IU123,SJV123,DPS,Denpasar Ngurah Rai International Airport,Super Air Jet,IU,A320,Airbus A320-232,PK-SJH,Departed 11:21,2026-09-02 04:09:02
YIA,departures,2026-09-01,11:45,,ID6818,,CGK,Jakarta Soekarno Hatta International Airport,Batik Air (Book Cabin Sticker),ID,A320,Airbus A320-214,PK-LAF,Unknown,2026-09-02 04:09:02
YIA,departures,2026-09-01,11:45,11:52,ID6379,BTK6379,CGK,Jakarta Soekarno Hatta International Airport,Batik Air,ID,A320,Airbus A320-232,PK-BKL,Departed 11:52,2026-09-02 04:09:02
YIA,departures,2026-09-01,11:45,11:50,AK347,AXM347,KUL,Kuala Lumpur International Airport,AirAsia,AK,A20N,Airbus A320-251N,9M-AGS,Departed 11:50,2026-09-02 04:09:02
YIA,departures,2026-09-01,12:05,12:18,GA254,GIA254,DPS,Denpasar Ngurah Rai International Airport,Garuda Indonesia,GA,B738,Boeing 737-8U3,PK-GMC,Departed 12:18,2026-09-02 04:09:02
YIA,departures,2026-09-01,13:20,13:28,8B5531,TNU5531,CGK,Jakarta Soekarno Hatta International Airport,TransNusa,8B,A320,Airbus A320-214,PK-TLD,Departed 13:28,2026-09-02 04:09:02
YIA,departures,2026-09-01,13:35,13:32,GA209,GIA209,CGK,Jakarta Soekarno Hatta International Airport,Garuda Indonesia,GA,B738,Boeing 737-86N,PK-GFS,Departed 13:32,2026-09-02 04:09:02
YIA,departures,2026-09-01,13:40,13:44,GA252,GIA252,DPS,Denpasar Ngurah Rai International Airport,Garuda Indonesia (Retro 1960 Livery),GA,B738,Boeing 737-8U3,PK-GFM,Departed 13:44,2026-09-02 04:09:02
YIA,departures,2026-09-01,13:50,13:52,IU676,SJV676,BPN,Balikpapan Sepinggan Airport,Super Air Jet,IU,A320,Airbus A320-232,PK-SJM,Departed 13:52,2026-09-02 04:09:02
YIA,departures,2026-09-01,14:10,,JT661,,BPN,Balikpapan Sepinggan Airport,Lion Air,JT,739,,,Unknown,2026-09-02 04:09:02
YIA,departures,2026-09-01,14:45,14:47,QG784,CTV784,BPN,Balikpapan Sepinggan Airport,Citilink,QG,A320,Airbus A320-214,PK-GLM,Departed 14:47,2026-09-02 04:09:02
YIA,departures,2026-09-01,14:55,15:14,ID6345,BTK6345,CGK,Jakarta Soekarno Hatta International Airport,Batik Air,ID,A320,Airbus A320-232,PK-BKR,Departed 15:14,2026-09-02 04:09:02
YIA,departures,2026-09-01,15:25,15:33,QG779,CTV779,CGK,Jakarta Soekarno Hatta International Airport,Citilink,QG,A320,Airbus A320-214,PK-GLR,Departed 15:33,2026-09-02 04:09:02
YIA,departures,2026-09-01,15:30,,IP243,,CGK,Jakarta Soekarno Hatta International Airport,Pelita Air,IP,320,,,Unknown,2026-09-02 04:09:02
YIA,departures,2026-09-01,16:10,17:29,IU121,SJV121,DPS,Denpasar Ngurah Rai International Airport,Super Air Jet,IU,A320,Airbus A320-232,PK-SJP,Departed 17:29,2026-09-02 04:09:02
YIA,departures,2026-09-01,16:15,16:15,IU660,SJV660,PNK,Pontianak Supadio Airport,Super Air Jet,IU,A320,Airbus A320-232,PK-STD,Departed 16:15,2026-09-02 04:09:02
YIA,departures,2026-09-01,16:50,16:56,GA213,GIA213,CGK,Jakarta Soekarno Hatta International Airport,Garuda Indonesia (Pokémon Livery),GA,B738,Boeing 737-8U3,PK-GMU,Departed 16:56,2026-09-02 04:09:02
YIA,departures,2026-09-01,17:30,17:40,AK349,AXM349,KUL,Kuala Lumpur International Airport,AirAsia,AK,A320,Airbus A320-214,9M-AHV,Departed 17:40,2026-09-02 04:09:02
YIA,departures,2026-09-01,17:45,,8B5533,,CGK,Jakarta Soekarno Hatta International Airport,TransNusa,8B,320,,,Unknown,2026-09-02 04:09:02
YIA,departures,2026-09-01,17:45,18:10,IU778,SJV778,LOP,Lombok International Airport,Super Air Jet,IU,A320,Airbus A320-232,PK-SJT,Departed 18:10,2026-09-02 04:09:02
YIA,departures,2026-09-01,18:15,18:13,JT276,LNI276,PKU,Pekanbaru Sultan Syarif Kasim II Airport,Lion Air,JT,B739,Boeing 737-9GP(ER),PK-LFY,Departed 18:13,2026-09-02 04:09:02
YIA,departures,2026-09-01,18:20,18:28,GA203,GIA203,CGK,Jakarta Soekarno Hatta International Airport,Garuda Indonesia,GA,B738,Boeing 737-8U3,PK-GMC,Departed 18:28,2026-09-02 04:09:02
YIA,departures,2026-09-01,19:00,,IU313,,CGK,Jakarta Soekarno Hatta International Airport,Super Air Jet,IU,320,,,Unknown,2026-09-02 04:09:02
YIA,departures,2026-09-01,20:00,20:45,JT664,LNI664,UPG,Makassar Sultan Hasanuddin International Airport,Lion Air,JT,B738,Boeing 737-8GP,PK-LKQ,Departed 20:45,2026-09-02 04:09:02
YIA,departures,2026-09-01,20:00,20:37,ID6371,BTK6371,CGK,Jakarta Soekarno Hatta International Airport,Batik Air,ID,A320,Airbus A320-214,PK-LUH,Departed 20:37,2026-09-02 04:09:02
YIA,departures,2026-09-01,20:10,20:06,QG783,CTV783,UPG,Makassar Sultan Hasanuddin International Airport,Citilink,QG,A320,Airbus A320-214,PK-GLM,Departed 20:06,2026-09-02 04:09:02
YIA,departures,2026-09-01,20:15,20:41,SJ713,SJY713,UPG,Makassar Sultan Hasanuddin International Airport,Sriwijaya Air,SJ,B735,Boeing 737-524,PK-CLH,Departed 20:41,2026-09-02 04:09:02
YIA,departures,2026-09-01,20:15,,QG845,,PLM,Palembang International Airport,Citilink,QG,320,,,Unknown,2026-09-02 04:09:02
YIA,departures,2026-09-01,20:45,,IN221,,CGK,Jakarta Soekarno Hatta International Airport,Nam Air,IN,735,,,Unknown,2026-09-02 04:09:02
